x,y,z,charge,hbond,hphob,iface,nx,ny,nz
12.888,0.221,0.104,3.9168,0,-3.9,0,0.768944,-0.577186,-0.274923
1.851,12.904,-0.427,-0.0214875,-0.7156,-0.8,0,-0.845212,0.442242,-0.300065
17.682,3.15,-12.238,0.553193,0.534409,-3.5,0,0.516245,0.787504,-0.336644
4.121,-4.7965,9.0275,0.46194,0,3.8,0,-0.881633,0.46709,0.0674554
12.468,-10.019,9.5645,-0.554641,-0.0757769,-0.8,0,0.627487,-0.74664,-0.220882
16.1135,-6.689,16.3615,-0.927036,-0.581531,-3.2,0,-0.0626615,-0.956877,0.283653
18.4165,8.5835,16.9095,0.402133,0,1.8,0,0.351421,0.47997,0.803823
4.5935,14.049,6.1555,0.966638,0,1.9,0,-0.0702432,0.991852,-0.106281
-0.2245,8.879,11.5055,0.362958,0,4.5,0,-0.760006,-0.00204179,0.649913
20.641,-4.0995,19.0555,0.210226,0,3.8,0,-0.125854,-0.430827,0.893616
2.7475,7.8165,16.0935,0.442573,0,-0.4,0,-0.14627,0.107336,0.983404
20.575,20.114,5.4345,0.579864,-0.685203,1.9,0,0.875287,-0.255267,-0.410746
3.7215,-0.092,-2.35,0.638857,0,-4.5,0,-0.512913,-0.772523,-0.374338
23.9385,18.4865,7.197,-0.83989,-0.0064615,-3.5,0,0.362219,0.793457,-0.489105
14.072,11.177,15.994,-0.00972177,0,1.8,0,-0.120822,0.150229,0.981241
17.547,9.406,17.079,0.870943,0,1.8,0,0.391964,0.322856,0.861469
4.6975,-1.052,9.427,0.407679,0,-4.5,0,-0.645444,-0.478104,0.595666
2.583,14.2365,-1.755,-0.951782,-0.360192,-0.8,0,-0.773249,0.51013,-0.376636
18.395,16.484,-12.3575,1.6618,0,-3.9,0,0.886775,0.034806,-0.460889
22.631,25.023,5.496,3.30518,0,-3.5,0,-0.520636,0.189997,-0.83237
26.75,10.099,9.7495,0.304601,0,3.8,0,0.614654,0.713415,0.336511
13.9415,3.7235,21.95,0.265157,0,-0.8,0,0.405984,0.123986,0.905431
13.4935,3.11,-11.497,-0.691759,-0.424182,-3.5,0,-0.819773,0.5214,-0.236882
12.704,-9.452,7.199,0.790013,0,-3.9,0,0.976985,0.213309,-1.48513e-06
18.6355,17.5775,-6.1855,0.871679,0.728493,-3.5,0,-0.518229,0.855209,0.00752731
4.503,-3.765,6.618,0.578912,0,-4.5,0,-0.412152,-0.90094,-0.135782
18.1745,5.727,-9.982,-0.00114756,0.443338,2.5,0,0.1413,0.0654244,-0.987803
13.3735,9.592,-9.487,-0.231938,-0.460132,-3.34761,0,-0.354737,-0.778314,-0.518062
27.9255,8.782,18.438,-0.882215,-0.00143572,-3.5,0,0.939288,-0.322943,0.115957
18.895,19.548,10.764,-0.510951,-0.0370971,-3.5,1,-0.28039,0.576448,0.767521
8.631,-0.4345,14.8855,1.0433,0.000241611,-0.220571,0,-0.986273,-0.135621,-0.0941957
20.893,-5.358,2.181,0.952803,0.863624,-3.5,0,0.176236,-0.916069,-0.360219
11.332,15.385,4.4035,-0.0974279,0,-1.3,0,0.031929,0.66854,-0.742991
18.0515,18.8507,-11.249,4.01,0,-3.9,0,0.500177,0.860715,0.0948291
20.888,8.425,16.952,1.28034,0,-3.9,0,-0.44174,0.619349,0.649056
14.943,14.9455,-4.1055,0.668787,0.204863,-3.5,0,-0.708057,0.706148,0.00325177
2.9565,18.152,0.685,-0.240677,0,-3.5,0,-0.868763,0.464447,0.171868
21.0505,-5.109,5.69,0.801203,-0.115414,-3.85016,0,0.938319,-0.343766,-0.0371779
14.113,13.8635,-1.546,0.151432,-0.215708,0.547584,0,-0.742587,0.229201,-0.629311
21.458,-2.179,14.5575,0.382262,0,3.8,0,0.662896,-0.71632,-0.21784
10.081,10.304,-4.484,-0.875307,-0.362929,-3.5,0,-0.485434,0.581487,-0.652861
0.6065,-0.2565,2.514,0.983325,0.625289,-4.5,0,-0.722226,0.663742,-0.194515
17.853,15.1755,15.889,0.317267,0,4.5,1,-0.0939854,0.992719,-0.0753357
9.5065,14.8185,11.3495,0.326004,0,-1.32485,1,-0.698576,0.587423,0.408566
17.207,-4.121,1.1145,0.655826,0,4.5,0,-0.112974,-0.650847,-0.750756
11.379,-13.1815,7.0855,0.515412,0,-3.9,0,0.184597,-0.677911,0.71159
20.652,16.7715,-7.5215,0.61807,0,-3.5,0,0.334169,0.452512,-0.826779
11.662,-11.684,11.0555,0.434113,0,-0.7,0,0.515995,-0.829387,-0.214166
6.02,-8.5285,9.426,0.275993,0,3.8,0,-0.575754,-0.817313,-0.0225012
17.602,-2.51,19.844,-0.77687,-0.200568,3.8,0,0.420622,0.123673,0.898767
4.7215,-4.0925,4.1705,-0.901583,-0.276912,-3.5,0,-0.514523,-0.857372,-0.0134037
21.8113,0.274,1.5945,1.34233,0,-3.5,0,0.223632,0.267501,-0.937247
10.7858,-10.0592,15.0312,1.23582,0.0044394,-0.7,0,0.117807,0.0296982,0.992592
17.0195,27.2425,7.556,0.623179,0,1.9,0,-0.665404,0.287444,-0.688922
6.348,5,-1.212,-1.87842,-0,-3.5,0,0.913284,-0.0396493,-0.40539
11.1424,-6.52462,4.86088,0.778844,0,-3.9,0,0.850109,0.148394,-0.505266
25.145,8.19625,13.891,0.721328,0,1.21541,0,0.389997,0.919697,0.0453775
8.7,13.127,14.5168,0.311298,0,-1.6,1,-0.919932,0.0881103,0.382049
13.195,15.2872,12.969,0.53792,0,-1.40609,1,0.634411,0.64641,0.423883
13.353,5.82,-8.725,-0.297286,0,2.5,0,-0.75871,0.439294,-0.481019
28.193,3.7655,6.077,0.703466,0,-3.9,0,0.511496,0.112299,-0.851916
19.4107,12.5057,17.5572,0.719254,0,4.5,0,0.259935,-0.207273,0.943118
20.786,-1.31525,1.16125,1.34991,0,-3.31337,0,0.0842338,0.345225,-0.934732
13.1855,17.2455,-0.8245,0.33699,0,-0.9,0,-0.669271,0.257224,-0.697074
21.33,13.34,14.941,0.628645,0,-3.9,0,-0.14316,0.979266,-0.143328
21.064,3.9835,22.9005,-0.0611124,-0.173539,-3.5,0,-0.207343,-0.0820444,0.974822
6.75037,-1.69,11.7671,0.711243,0,1.8,0,-0.622325,-0.0599405,0.78046
8.39025,-0.06525,1.67,1.04772,0,-3.9,0,-0.492111,-0.850072,-0.187629
18.034,18.9443,10.691,-0.608917,-0.200512,-3.5,1,-0.406649,0.563477,0.719118
18.4463,21.207,2.9625,1.53953,0.348717,-3.9,0,-0.492363,0.860057,0.133716
20.1672,6.92625,-6.582,0.343875,0,4.2,0,0.312428,-0.918972,-0.240581
17.86,-8.1285,6.2195,2.25999,0.0108821,-3.9,0,-0.671259,-0.739649,0.0482817
7.962,0.823,14.692,0.796112,0.0268363,0.832307,0,-0.818239,-0.574869,0.00309317
8.7485,-5.5325,13.6015,0.750934,0,-3.9,0,-0.548431,-0.823831,0.143267
7.483,3.1725,19.2183,-0.816397,-0.0198242,-0.4,0,-0.731236,0.682036,0.01096
6.03675,13.0843,10.0815,0.234875,0,3.8,1,-0.71992,0.670929,0.177678
6.01875,17.7493,0.49425,-0.163658,0,-3.5,0,0.828821,0.362741,-0.425999
6.30025,16.812,0.07625,0.129724,0,-3.5,0,0.582187,0.621085,-0.524702
18.2115,-5.462,10.876,0.789922,0,-3.23784,0,0.398694,-0.758207,-0.515913
1.57463,4.61212,2.41313,0.474586,-0.0395705,-3.87026,0,-0.575661,-0.38057,-0.723727
1.6145,11.8545,8.40875,0.0111762,0,4.5,0,-0.323959,0.927471,-0.186677
25.8475,3.0015,11.2675,-0.178303,-0.681175,3.8,0,0.776084,-0.62995,-0.0292508
11.0895,8.48625,17.3043,-0.309899,0,3.90158,0,0.064944,0.94108,0.331889
22.9515,2.632,15.9865,0.0353029,-0.316898,0.138455,0,0.32208,-0.34901,0.880032
14.117,17.574,10.9985,-0.709837,-0.0860292,1.8,1,-0.0858757,0.753035,0.652352
19.412,12.3945,-11.1055,0.19836,0,-3.9,0,0.971353,-0.00534277,-0.237581
19.932,6.936,19.725,1.33045,0.710614,-3.5,0,-0.765875,0.451405,0.457896
10.0712,14.014,16.5548,0.463926,0,-1.6,1,-0.538295,0.182248,0.822815
23.0938,19.1252,10.5942,0.255351,0,-3.5,0,0.653516,0.316898,0.687382
12.8405,9.2665,25.131,2.6078,0,-3.9,0,0.248736,-0.309589,0.917761
-1.9155,2.72075,6.4825,2.27864,0.010883,-3.9,0,-0.87335,-0.472773,0.117244
13.149,-12.4555,5.00025,2.34064,0,-3.9,0,0.848742,-0.344104,0.401533
14.3515,9.18225,23.6875,1.76879,0.00502636,-3.9,0,0.909503,-0.0903272,0.405765
3.6735,5.334,-2.5255,-0.84217,0,-3.5,0,-0.263121,-0.149931,-0.953042
6.46325,0.34425,0.4645,1.19969,0,-4.5,0,0.225189,-0.967412,0.115774
9.12075,-8.47575,4.48525,-0.269744,0,-3.9,0,-0.562404,-0.358041,-0.745324
3.68825,18.956,0.4975,0.153763,0,-3.5,0,-0.509539,0.853481,0.109268
3.738,-0.91,8.772,0.494087,0,-4.5,0,-0.404781,-0.565732,0.718401
1.15,9.977,12.801,0.035297,0,4.5,0,-0.878726,0.273463,0.391226
7.597,9.92,-2.2865,-0.763201,-0.109435,1.4496,0,-0.315319,-0.284198,-0.905431
13.3295,-7.6815,14.4515,1.47431,0.435282,-0.8,0,0.349362,-0.661474,0.663625
4.26975,10.854,15.8835,0.541979,0,-0.4,1,-0.0996249,0.0925095,0.990715
19.17,20.56,-0.119,1.67993,0.431177,-3.9,0,-0.379753,0.503487,-0.776073
9.503,13.519,-0.25,0.478292,0.850943,-3.34229,0,0.625006,0.651198,-0.430474
0.426,10.102,7.47,0.208092,0,4.5,0,-0.489809,0.217264,-0.844325
11.4338,-9.01375,14.5865,1.23725,0,-0.702736,0,0.563384,-0.0652479,0.823614
7.9585,-8.2415,11.6523,0.703548,0,3.49158,0,-0.666637,-0.189449,0.720905
10.887,1.93675,-3.021,0.529597,0,2.5,0,-0.75169,0.658415,0.0380985
22.222,13.0525,12.3705,0.351573,0,3.8,0,0.569948,0.795038,0.20754
10.2423,-6.48825,17.6723,-0.715726,-0.0280946,-0.4,0,-0.667815,-0.25223,0.700288
20.6935,8.8005,-8.3125,0.212229,0,4.2,0,0.699987,-0.456994,-0.548794
9.9305,5.345,-0.6935,0.245414,0,1.9,0,-0.508793,-0.332016,-0.794289
21.652,-0.6695,18.555,0.217795,0,3.8,0,0.558265,0.0306384,0.829097
13.649,12.655,-3.371,0.109102,-0.596923,2.8,0,-0.727287,0.683797,-0.0589444
17.2575,24.41,9.835,-0.499318,0,1.9,1,-0.822108,-0.564236,0.0760039
13.0798,5.76875,21.5047,0.503256,0,-3.9,0,0.421122,-0.161777,0.89246
19.849,0.478,0.928,1.68116,0.918081,-3.4341,0,0.746404,-0.135262,-0.651603
0.922,4.362,12.7657,0.638897,-0.0213616,-3.68578,0,-0.981235,0.046554,0.18711
13.0905,12.227,-5.541,0.777813,0,-3.21848,0,-0.699443,0.669766,0.249387
24.3178,8.783,13.1715,0.312644,0,2.67393,0,0.620399,0.778063,0.0986018
23.9727,4.2075,21.9153,0.321199,0,-3.5,0,0.574327,-0.52092,0.631499
16.96,5.172,-10.151,0.133144,-0.299883,2.5,0,0.186369,0.186299,-0.964655
26.3598,11.6305,20.2755,-0.620952,0,-3.5,0,-0.339638,0.59803,0.725952
26.695,9.756,7.7245,0.301632,0,3.8,0,0.621352,0.565579,-0.542256
18.4235,17.5355,-12.8435,1.59245,0.422258,-3.9,0,0.602165,0.0606597,-0.796064
22.817,10.88,2.154,0.286017,0,-3.9,0,0.779512,-0.150349,-0.608076
24.275,-2.113,8.1785,0.533422,0,-3.2,0,0.210237,0.343344,-0.915377
16.9025,-8.128,11.6175,0.934991,0.173443,-2.53537,0,0.368199,-0.407972,-0.835457
2.88,15.967,0.27425,0.578397,0.0666715,-3.5,0,-0.986399,-0.000503356,-0.164367
19.1187,15.814,-11.8448,0.538136,0,-3.9,0,0.876013,0.228449,-0.42475
27.813,4.3,9.495,0.70834,0,-3.9,0,0.655207,0.393028,0.645161
13.5382,0.47025,-1.34675,1.52852,0.0404909,-1.67618,0,0.282362,-0.810025,0.513937
5.39475,7.03175,-2.71375,-0.150026,0,-3.5,0,0.266809,-0.103646,-0.95816
5.8875,4.51075,-2.246,-1.46457,-0.254633,-3.5,0,0.615848,-0.0832009,-0.78346
12.2793,9.2235,-6.8345,-0.0218769,0,-3.2,0,-0.876703,-0.251089,-0.410301
28.1395,7.629,16.8375,-1.11189,-0.342763,-3.5,0,0.965086,-0.252122,0.0710229
0.74825,0.577,5.93325,1.43597,0.246758,-4.19164,0,-0.728413,-0.450771,-0.515964
1.7225,-0.07175,11.5208,1.09705,0,-4.5,0,0.0447335,-0.958674,-0.280967
21.331,13.7415,-3.9515,-0.90918,-0.393825,-3.5,0,0.676756,-0.556803,0.481634
18.829,10.4108,-11.7715,-0.641245,-0.838226,-3.9,0,0.493393,0.137326,-0.858898
19.9772,-4.28475,12.64,0.75592,0,-3.2,0,0.863537,-0.431578,0.260853
8.23325,-9.87225,5.71875,0.25354,0,-3.9,0,-0.900354,-0.332956,-0.280184
22.2435,8.67525,-3.18825,0.201898,0,4.2,0,0.86745,0.265573,-0.420716
10.235,-12.127,2.6875,2.03665,0.37034,-3.9,0,-0.790793,0.262731,-0.552828
13.8505,-8.2445,9.96,0.577348,0,-0.8,0,0.484298,-0.028474,-0.87444
12.3765,13.3895,-7.406,0.096998,0.0455978,-3.5,0,-0.504435,0.358978,0.78529
19.4832,-7.481,3.7325,2.94859,0.0512616,-3.9,0,-0.12709,-0.366794,-0.92158
2.5275,11.2915,3.16875,0.230257,0,-0.8,0,-0.688577,0.237906,0.685028
3.0435,11.118,-2.5125,-0.206386,0,-0.8,0,-0.257074,0.438647,-0.861105
22.2961,17.3638,11.075,0.149139,0,-3.5,1,0.207357,-0.108497,0.97223
18.022,-1.249,-9.19,-0.85689,-0.294557,-0.8,0,0.684751,-0.621859,-0.38001
5.0255,-7.82275,8.548,0.243869,0,3.8,0,-0.56985,-0.708234,-0.416744
11.3693,-6.2575,7.332,2.01629,0,-3.5,0,0.854913,0.459794,0.240237
14.3545,-5.8335,10.56,1.78076,0.601603,-0.8,0,-0.0677993,0.262784,-0.96247
11.3895,-4.873,9.98425,1.40452,0,4.2,0,0.572161,-0.273187,-0.773305
14.206,-9.6655,11.909,0.754515,0,-0.8,0,0.084369,-0.996426,-0.0042288
15.635,7.17,20.411,0.264719,-0.306967,-3.9,0,0.674587,0.228185,0.702042
19.638,1.08825,-4.82175,0.959774,0,-0.8,0,0.941156,-0.331301,-0.0668134
10.9664,15.9784,14.5051,0.722056,0,-1.6,1,-0.180413,0.966139,0.184464
19.077,-7.328,16.547,-0.111402,0,-3.2,0,-0.135241,-0.0593883,0.989031
15.3665,-3.882,1.77675,0.763844,0,4.5,0,-0.501236,-0.348035,-0.792234
20.967,17.4858,-6.4255,0.610267,0.0216257,-3.5,0,0.559272,0.823122,-0.0984097
16.1255,18.555,-12.139,2.91586,0,-3.9,0,-0.641356,0.4945,-0.586628
24.0352,11.7505,7.9395,0.440803,0,2.80541,0,0.947409,0.24129,0.210226
12.9827,-9.8875,10.484,0.18301,0,-0.8,0,0.570608,-0.756894,-0.31862
25.5058,8.352,15.039,0.786143,0,-3.5,0,0.385458,0.735976,-0.556562
21.304,11.1355,-5.6215,0.0456215,0,4.2,0,0.690555,0.0543872,0.721232
25.983,25.062,5.03775,5.38494,0,-3.5,0,0.593053,0.373886,-0.71309
14.876,-2.32975,-3.4525,-0.323799,0,-0.7,0,0.449015,-0.537323,0.713911
10.4952,4.8125,-4.758,0.398313,0,-3.2,0,-0.95767,-0.285483,0.0369881
9.433,17.9995,6.2065,-0.593615,-0.897479,-1.3,0,-0.615838,0.783153,-0.0861154
0.947,5.21975,13.5415,-0.500198,-0.299912,-0.4,0,-0.914401,-0.0621355,0.400012
18.4487,14.8337,13.8045,0.307318,0,4.5,1,0.465595,0.87707,0.118193
5.551,-2.752,17.264,2.26734,0.485731,-3.9,0,-0.710316,0.68603,-0.157526
23.8053,9.60575,13.864,0.566041,0,-3.9,0,0.849564,0.366689,-0.379184
18.5055,6.0095,-6.041,0.307359,0,4.09024,0,0.89102,-0.43475,-0.13067
10.5347,10.8202,-3.73237,-0.95614,-0.373571,-3.5,0,-0.319763,0.856147,-0.405912
21.261,24.939,11.549,0.295505,0,1.9,0,0.550424,0.15903,0.819599
17.543,1.2635,20.8315,0.318578,0,2.8,0,-0.0205971,-0.551036,0.834227
2.3175,9.5195,5.6905,-0.0447998,0,1.9,0,-0.834713,0.271591,-0.479053
14.956,17.1392,-10.52,0.671354,0,-3.9,0,-0.727101,0.652451,0.213619
11.619,14.822,3.47475,-0.146411,-0.497058,-2.23421,0,-0.137756,0.987807,-0.0725322
7.67225,-1.60837,23.3831,-0.549489,-0.0631123,-3.5,0,-0.170355,-0.895575,-0.411004
21.575,9.2665,17.2065,1.38551,0,-3.9,0,-0.782488,0.237238,0.575701
22.9,24.0005,10.152,0.0109215,-0.206701,-0.634687,0,0.237131,0.239164,0.941578
10.9345,-6.3045,8.50125,1.80278,0.0524181,-3.87125,0,0.941392,0.334317,0.0448706
16.544,14.348,-8.126,-0.461768,-0.259713,-3.5,0,-0.0449592,0.937954,0.343832
12.2455,0.5775,-6.6045,3.01053,0.417793,-4.04436,0,-0.543861,0.0598349,-0.837039
8.11525,1.9895,17.4398,0.607213,-0.322505,-0.4,0,-0.870983,0.358465,-0.335993
12.183,17.5535,7.166,0.0576774,0,-1.3,1,0.108869,0.923854,0.366935
12.7516,-0.145625,-8.26987,1.63787,0,-3.5,0,-0.973023,0.101665,-0.207102
11.3065,13.521,-7.871,-0.0134151,0,-3.5,0,-0.612678,0.265336,0.744461
12.789,0.9825,21.436,0.239898,-0.587011,-1.79643,0,0.385152,-0.720238,0.576988
22.8435,3.39175,0.1905,0.419931,0,4.2,0,0.68484,-0.323663,-0.652868
20.2423,6.151,20.5518,0.455076,0,-3.5,0,-0.846924,0.458741,0.268841
11.653,4.51525,-2.8555,0.279428,0,2.8,0,-0.957171,-0.165179,0.237781
13.7655,17.9005,9.994,-0.666804,-0.58191,1.8,1,-0.375005,0.919164,0.12045
12.2675,-7.562,8.8615,0.978406,-0.333144,-1.02162,0,0.752128,0.555993,-0.353801
13.876,0.96525,-12.208,0.110495,-0.0593538,-3.5,0,-0.682431,-0.34805,-0.642767
19.326,-4.75175,10.06,0.815499,0,-3.73195,0,0.19174,-0.964777,0.180112
13.184,16.4287,3.86225,-0.025991,0,-0.9,0,-0.545687,0.644759,-0.535268
-1.0305,6.86675,4.9785,0.421542,0,-3.9,0,-0.652476,0.696074,-0.299593
3.297,-3.19,7.096,1.01385,0,-4.5,0,-0.505211,-0.788923,0.349803
26.1065,5.5055,19.8635,-0.923238,-0.281479,-3.5,0,0.6963,-0.679462,0.231296
24.5205,5.266,21.956,0.157467,0,-3.5,0,0.608574,0.105142,0.7865
11.3765,8.7725,24.292,2.04086,0.0761081,-3.9,0,-0.813326,-0.344384,0.468935
17.634,21.585,8.666,0.296473,0,4.5,1,-0.462648,0.220579,0.858663
18.4762,-3.669,-6.777,0.329206,0,-0.7,0,0.928201,-0.367252,0.0597482
-0.41025,9.54875,8.06075,0.308529,0,4.5,0,-0.804106,-0.168105,-0.570223
13.848,0.399,0.8955,2.17232,-0.126635,-1.18749,0,0.239012,-0.61101,-0.754679
18.688,0.964,-9.353,0.39779,0,-0.8,0,0.855819,-0.188193,-0.481828
9.5765,0.45425,26.4485,-1.07407,-0.104507,-3.5,0,0.437065,0.290562,0.851204
27.2495,5.275,9.5025,0.289435,0,-3.9,0,0.951059,0.232101,0.204001
6.652,10.9335,15.1455,1.00324,0.188938,-0.4,1,0.430939,0.348095,0.832539
3.08975,16.4487,-1.2255,0.64555,0.789713,-3.5,0,-0.648383,-0.0648902,-0.758544
-0.031,7.0735,8.527,0.648947,0,4.5,0,-0.995364,-0.086426,0.0421905
18.641,-0.555,-7.875,0.122727,-0.65345,-0.8,0,0.769504,-0.591768,-0.240156
19.0837,13.1178,-7.731,0.186421,0,4.2,0,0.689826,0.522738,-0.500884
1.073,12.678,0.377,0.148936,0,-0.8,0,-0.812578,0.509135,-0.283723
15.3652,15.2858,11.9465,0.972989,0,1.8,1,-0.301788,0.362367,0.881824
21.715,-3.17325,0.18125,0.936794,0.605433,-3.5,0,0.292697,-0.176069,-0.939855
0.084125,2.51737,4.58725,2.68596,0.0630168,-3.9,0,-0.0480851,-0.71208,-0.70045
14.79,-8.787,13.922,0.514544,0,-0.8,0,-0.0984094,-0.46793,0.878269
23.678,5.286,1.52625,0.385154,0,4.2,0,0.793743,0.0829356,-0.602572
27.0765,5.3575,6.426,0.484662,0,-3.9,0,0.583112,0.698728,-0.414438
19.2768,14.788,-11.708,0.358596,0,-3.9,0,0.836357,-0.100519,-0.53889
18.0958,-4.2665,1.68175,0.699263,0,4.5,0,0.199311,-0.832492,-0.516945
12.559,-12.1038,13.3708,0.435784,0,-0.7,0,0.943487,-0.313007,-0.108896
15.6322,15.7878,-9.50625,0.13494,0,-3.9,0,-0.0794148,0.598143,0.797444
10.924,-1.9535,4.23075,1.39099,0,-1.7622,0,-0.158209,-0.501879,-0.850345
7.17325,0.101,-0.3595,0.733132,0,-4.5,0,0.185538,-0.94023,0.285557
18.317,0.96775,-12.0498,1.03851,0.152612,-3.5,0,0.974925,-0.127994,-0.182038
7.2845,-10.6657,10.3378,-0.937552,-0.125944,-0.7,0,-0.873288,-0.485438,0.0414622
27.934,4.692,13.545,0.539839,0,-3.5,0,0.759348,0.279217,-0.587732
2.779,-0.892,13.262,1.09671,0.649476,-4.5,0,0.244758,-0.969163,0.0285726
25.983,24.017,5.058,4.17065,0,-3.5,0,0.672905,-0.467589,-0.573201
2.5885,-0.45675,14.2048,0.950559,0.573072,-4.5,0,0.0495797,-0.744508,0.665771
10.6515,1.9145,-4.164,1.16445,0,2.5,0,-0.815019,0.541142,0.207144
5.187,19.3695,2.265,-0.951635,-0.40798,-3.5,0,0.0315182,0.952752,0.30211
27.9575,8.5095,15.9382,-0.610793,-0.488952,-3.5,0,0.859965,0.262502,-0.437667
11.2935,10.655,24.6465,2.78682,0.0437102,-3.9,0,-0.587787,0.542087,0.600539
15.447,11.498,-12.234,-0.468156,0,-3.9,0,0.0704724,-0.125196,-0.989626
18.554,26.203,11.7205,-0.517383,0,1.9,0,-0.129459,0.411079,0.90236
27.5925,8.1965,8.7585,0.346093,0,3.8,0,0.998573,-0.045086,-0.0286252
23.293,25.972,5.39575,1.1269,0,-3.5,0,-0.357279,0.604271,-0.712186
13.0057,-10.415,4.0765,1.57942,0,-3.9,0,0.699198,0.59194,-0.40091
18.4475,14.458,17.6532,0.38712,0,4.5,0,0.24811,0.654401,0.714283
22.7243,-3.904,2.46475,0.187186,0,-3.5,0,0.808299,-0.565961,-0.1623
8.097,0.75925,-6.7925,7.73282,0,-4.5,0,-0.284698,0.743047,-0.605663
17.6895,-1.855,-4.06525,0.101351,-0.91618,-0.7,0,0.623674,-0.704556,0.338572
16.4,-4.0795,6.7295,1.25625,0,-3.9,0,-0.884902,-0.465769,-0.00280718
25.3225,-2.8195,8.402,1.00376,0,-3.2,0,0.670281,0.15357,-0.726044
7.5815,-0.3995,-7.18,1.77683,0,-4.5,0,-0.615051,0.272903,-0.739754
12.738,4.93225,-8.81475,-0.11736,0,2.5,0,-0.817256,0.315744,-0.482078
8.683,-0.7085,-7.593,0.88485,0,-4.5,0,-0.0563008,-0.0797676,-0.995222
23.879,26.752,6.3965,0.786938,0,-3.5,0,0.0505133,0.99255,-0.110873
6.06125,-8.07575,8.12825,-0.00604967,-0.449776,3.8,0,-0.606196,-0.603042,-0.518524
15.8535,19.1042,-11.2495,1.63153,0.819369,-3.9,0,-0.645467,0.760262,-0.0733123
4.63475,-0.1895,-0.18475,0.73283,0,-4.5,0,0.0998111,-0.902055,-0.419922
14.4983,1.637,-12.9237,-0.483426,0,-3.5,0,-0.321437,-0.049226,-0.945651
21.1715,0.3845,18.5445,0.266772,0,3.68819,0,0.624799,0.122479,0.771119
1.3355,5.6035,2.6455,0.548021,0,-3.9,0,-0.659395,0.109157,-0.74383
27.835,8.439,19.556,-0.185433,0,-3.5,0,0.885581,-0.435396,0.161792
21.6575,1.721,20.0637,0.484428,0.578754,-3.5,0,0.376571,-0.920408,-0.10509
18.192,-8.19375,16.2299,-0.911523,0,-3.2,0,-0.438103,-0.237301,0.867038
23.1375,10.745,12.111,0.397466,0,3.8,0,0.908529,0.156363,0.38746
1.163,-0.15125,5.24875,1.0678,0.566666,-4.5,0,-0.936577,-0.169045,-0.306997
21.7835,9.08,1.27475,-0.192431,-0.0223014,0.107041,0,0.994059,-0.100407,0.0420235
17.243,19.5355,1.334,1.06023,0,-3.9,0,-0.521545,0.825813,-0.214532
6.0825,16.2927,4.08625,0.100595,0,-3.5,0,0.0995168,0.55754,0.824164
22.7835,25.9235,8.196,1.77349,0,-3.5,0,0.0958386,0.959072,0.26645
27.9085,7.34625,15.6632,0.0690041,-0.498626,-3.5,0,0.95507,0.159765,-0.249632
19.49,3.885,-9.46625,-0.874793,-0.189613,2.5,0,0.931424,-0.0384807,-0.361895
13.0365,-2.705,-8.225,-0.393114,-0.316393,-1.91736,0,-0.678732,-0.690115,-0.251127
20.34,2.3005,22.4275,0.474688,0.496649,-3.5,0,-0.298122,-0.668161,0.681677
15.2513,-2.674,8.26875,1.36238,0,-3.9,0,-0.345105,-0.927012,0.146806
8.82175,10.5695,14.2832,0.165859,-0.00762657,-1.53356,1,-0.285949,0.223739,0.931759
13.6995,-8.556,13.847,0.878751,0,-0.8,0,0.186404,-0.475241,0.859883
19.558,9.3095,-11.2715,-0.7203,-0.0782299,-3.9,0,0.786578,-0.275235,-0.552758
0.545,11.312,8.14,0.14223,0,4.5,0,-0.347031,0.740813,-0.575123
11.364,-12.7303,14.9183,0.333267,0,-0.7,0,0.267549,-0.667833,0.694562
15.8427,4.9835,-10.5085,0.14073,0,2.5,0,0.119991,0.326794,-0.937448
13.4865,-1.345,-10.5455,-0.111207,0,-3.5,0,-0.596883,-0.562312,-0.572307
25.6567,1.57175,7.668,1.3457,0,-3.9,0,-0.41288,-0.883339,-0.221906
10.0728,17.8083,8.727,0.0872462,0,-1.3,1,-0.00197188,0.937613,0.347675
14.9917,-2.6485,5.819,1.14755,0,-0.9,0,-0.0126932,-0.971343,0.237342
10.6445,-7.51675,17.5802,-0.577046,-0.559602,-0.4,0,-0.395543,-0.675495,0.622295
2.9835,2.7225,2.088,1.0681,0,-4.5,0,-0.983101,-0.182739,-0.0108596
20.3445,-9.4445,16.0585,0.15391,0.730456,-3.2,0,0.654082,-0.567386,0.50025
2.7795,9.48875,-3.48625,-0.963211,-0.19959,-3.5,0,-0.420866,0.0663712,-0.904692
20.2545,25.0123,11.6578,0.2729,0,1.9,0,0.0263335,-0.0532836,0.998232
25.5335,10.0315,21.2315,0.134983,0,-3.5,0,-0.292644,0.363161,0.884576
8.44475,3.72225,16.566,0.924568,-0.616773,-0.7,0,-0.889334,-0.418153,0.185021
22.022,24.2423,5.78425,4.22628,0.254815,-0.820451,0,-0.371601,0.00457006,-0.928381
16.3162,-4.65525,-7.53975,0.270552,0,-0.7,0,0.0155908,-0.987662,-0.155823
20.265,-5.56425,17.3272,0.257754,0,3.8,0,0.109491,-0.780495,0.615499
19.8945,-4.334,14.3162,0.847782,0,-3.2,0,0.935464,-0.0610374,-0.348111
15.254,12.5,-12.2653,-0.0937184,-0.134366,-3.70292,0,-0.246087,0.0367837,-0.968549
11.174,2.4705,-6.7835,1.58198,0,2.5,0,-0.636667,-0.0832427,-0.766632
2.16375,8.09575,-2.03175,0.021249,0,-3.5,0,-0.935467,0.014567,-0.353114
7.67675,-1.499,-6.89125,0.162101,0,-4.5,0,-0.642202,-0.372549,-0.669914
9.23038,3.52288,21.1928,0.425718,0,-3.5,0,-0.360518,0.932752,0.000556354
10.3927,15.7402,4.1815,-0.146257,-0.284939,-2.11427,0,0.470927,0.578891,-0.665667
20.679,23.795,11.222,0.443415,0,1.9,1,0.144001,-0.46011,0.876107
13.6643,0.848,-0.099,2.00692,-0.684203,-1.6,0,0.36359,-0.907611,-0.209868
7.666,7.2455,-0.715,0.223612,0,1.9,0,0.0973827,-0.534407,-0.839599
14.0262,17.8958,8.753,0.156754,-0.738107,1.8,1,-0.576985,0.800088,0.164157
14.7262,-1.211,-2.79575,0.814008,0,-0.7,0,0.155263,-0.578406,0.800837
8.9745,-1.683,-7.1635,0.0514318,-0.050049,-4.5,0,0.233917,-0.309754,-0.921594
6.69375,-4.9015,14.9825,1.00705,0.208278,-3.9,0,-0.714454,-0.111714,-0.690706
16.0088,13.2945,-12.814,0.11142,0,-3.9,0,-0.323141,-0.0911608,-0.94195
11.32,-13.647,5.9895,0.857485,0.198854,-3.9,0,0.266021,-0.880773,0.391755
2.4085,0.3815,10.1895,0.755335,0,-1.35953,0,0.309298,-0.91841,0.246692
26.029,13.3142,6.12875,1.18578,0,-3.9,0,0.896051,-0.25644,0.362397
14.7078,-4.059,-5.126,0.288389,0,-0.7,0,-0.350434,-0.907429,0.23188
10.958,12.251,17.3435,0.448265,0,-1.6,0,-0.266638,-0.337561,0.902749
5.347,9.443,-2.2775,-0.030773,-0.492862,-0.8,0,0.389467,0.0768922,-0.917825
17.5985,10.4945,-11.833,-0.0888233,0,-3.9,0,0.0674649,-0.083589,-0.994214
11.2715,16.523,4.606,0.0559403,0.0225126,-1.3,0,-0.0345967,0.218796,-0.975157
8.5325,17.4342,8.5835,0.280671,0,-1.3,0,-0.669632,0.668916,0.322713
19.9242,20.6232,10.2735,0.635002,0,-3.06677,1,-0.475632,0.168194,0.863415
16.7155,20.869,8.74,0.268838,0,4.5,1,-0.24318,0.31859,0.916168
17.9475,25.1583,11.65,-0.472032,0,1.9,1,-0.37431,-0.201957,0.905044
1.4285,11.4825,2.515,0.129944,0,-0.8,0,-0.732926,0.0477127,0.678634
6.23625,15.9513,-0.916,0.0930979,-0.00873189,-2.07632,0,0.149241,0.718629,-0.67919
23.404,11.384,2.9165,0.408777,0,-3.9,0,0.582219,-0.084837,-0.808594
19.8575,-9.0055,5.1795,2.96343,0.0482033,-3.9,0,0.262843,-0.934109,-0.241565
12.3325,15.4825,2.38075,-0.219674,0,-0.9,0,-0.470557,0.847253,0.246453
23.8625,-5.09125,10.3217,-0.325641,0,-3.2,0,0.368207,-0.754285,0.543579
14.1027,-0.44625,20.641,0.640493,-0.0366524,-0.8,0,-0.0481907,-0.649219,0.759073
13.557,-0.8765,-11.4272,0.239551,0,-3.5,0,-0.645371,-0.507806,-0.57064
3.8295,18.7625,1.553,-0.110785,0,-3.5,0,-0.671738,0.682031,0.28914
12.9157,16.3935,-10.3188,-1.07922,-0.0830262,-3.5,0,-0.13805,0.856392,-0.497529
8.4175,-1.96775,13.5445,0.935436,0,-3.9,0,-0.980567,0.0253552,0.194538
0.84225,-2.0165,2.05525,0.666773,0,-4.5,0,-0.811152,-0.484111,-0.328129
7.506,-2.088,24.8785,-1.47057,-0.109542,-3.5,0,0.061321,-0.984603,0.163699
11.2705,11.2935,23.7743,2.39413,0.113156,-3.9,0,-0.773485,0.609971,0.17221
6.4475,-2.01575,24.55,-0.963522,-0.00307538,-3.5,0,-0.545916,-0.836173,-0.0528153
24.1518,18.022,9.02875,-0.810628,-0.948238,-3.5,0,0.883425,0.271828,0.381666
3.474,0.5325,10.131,0.600467,-0.3785,-1.99759,0,-0.18416,-0.950815,0.249072
24.7925,-4.4285,10.3485,0.0272145,0,-3.2,0,0.626114,-0.576402,0.525111
2.67,-0.51225,12.3398,0.896849,0,-4.5,0,0.211969,-0.880966,-0.423047
10.954,-12.6053,1.92125,1.66469,0.798233,-3.9,0,-0.252243,0.0110574,-0.967601
7.703,-5.31175,13.4207,0.633863,0,0.430863,0,-0.456372,-0.873965,0.167061
21.8472,8.07975,0.7475,0.278327,0,4.2,0,0.993043,-0.0279843,0.114375
25.8505,5.94675,20.8145,-1.13924,-0.386871,-3.5,0,0.636739,-0.39092,0.664639
19.5847,-5.9815,8.39325,0.965939,0,-3.9,0,0.501842,-0.440585,0.744338
22.776,-5.0515,10.7435,0.219214,0,-3.2,0,0.0556927,-0.831981,0.552001
20.7055,-7.798,14.6335,0.056704,0,-3.2,0,0.950465,-0.148022,-0.273325
8.91,14.1095,14.815,0.400831,0,-1.6,1,-0.939324,0.342179,-0.0241621
14.77,15.5398,-8.92825,-1.70472,-0.573327,-3.5,0,0.332207,0.81457,0.475515
13.7008,10.4865,-12.1952,-0.959104,-0.0890181,-3.5,0,-0.447492,-0.597541,-0.665354
22.0497,14.402,-4.6575,-1.54323,-0.445504,-3.5,0,0.976117,-0.0408822,0.213363
14.0375,-3.1125,-3.243,-0.554233,-0.268272,-0.7,0,0.173342,-0.748102,0.640544
12.752,-9.88925,6.01625,0.927862,0,-3.9,0,0.957488,0.288465,0.00214276
13.553,2.111,-12.4675,-0.81268,-0.122404,-3.5,0,-0.833114,-0.0148417,-0.552902
28.236,12.1935,19.7975,-1.46595,-0.781407,-3.5,0,0.48681,0.835227,0.255757
15.4415,-3.161,5.017,1.11866,0,4.5,0,-0.658753,-0.669939,0.342382
18.7372,11.7715,-4.08775,-1.2666,-0.101908,-2.87414,0,0.990624,-0.123336,0.0587582
23.2372,12.5107,13.2375,0.392032,0,-3.9,0,0.769046,0.449027,-0.45491
22.146,18.28,6.7935,0.033131,0,-3.5,0,0.421352,0.363056,-0.831055
10.5772,7.442,-5.67175,-0.153503,0,-3.2,0,-0.759133,0.0732509,-0.6468
21.6443,-4.00125,18.9373,0.220093,0,3.8,0,0.481491,-0.443098,0.756195
28.0203,0.7855,14.0055,0.51504,0,-3.5,0,0.163351,-0.750454,-0.640418
28.9002,1.34575,15.911,0.351346,0,-3.5,0,0.639206,-0.445198,0.627068
3.18725,18.6215,-0.37425,0.444385,0,-3.5,0,-0.715086,0.619362,-0.324103
18.3032,25.5942,6.843,0.445644,0,1.9,0,-0.137618,-0.183126,-0.97341
23.359,-1.22,1.633,0.673421,0,-3.5,0,0.770076,-0.10302,-0.629579
9.507,-6.586,16.264,0.235202,-0.69361,-0.4,0,-0.740825,-0.495458,0.453542
6.676,6.90775,15.5365,0.738853,-0.940347,-0.7,0,-0.42307,0.59495,0.683408
8.559,4.52,1.03,0.00161496,0,1.9,0,-0.363607,-0.0067316,-0.931528
8.9435,3.31,20.2485,-0.0587137,-0.0482686,-3.27879,0,-0.342477,0.916861,0.205122
25.2575,1.67725,17.018,-0.804818,-0.0907445,-3.5,0,-0.366394,-0.423211,0.828642
22.4142,8.01225,-2.4055,0.250358,0,4.2,0,0.979358,-0.198229,-0.0395416
16.9045,-9.96125,14.702,0.697286,0,-3.2,0,-0.698,-0.614658,0.367413
19.192,-4.72175,3.022,0.806195,0.175902,0.301742,0,-0.0772551,-0.833541,-0.547029
11.0487,10.6755,-5.04975,-0.0409269,0,-3.2,0,-0.62477,0.673268,-0.39544
1.431,1.5005,14.1625,0.338037,0,-4.5,0,-0.574347,-0.0388494,0.81769
14.8488,8.5935,22.0515,0.760811,0,-3.9,0,0.984406,0.0493295,0.168852
24.7248,1.14325,14.8237,-0.0720236,0,-2.87179,0,0.361154,-0.932499,0.00370742
22.6847,-3.798,3.90775,-0.0393596,0,-3.5,0,0.771254,-0.614925,0.164423
20.7022,-5.91675,4.87925,2.32383,-0.0281646,-3.85255,0,0.988261,-0.041226,-0.147111
17.704,7.35075,18.1435,0.159556,-0.0593204,1.41896,0,0.452375,0.637163,0.624003
20.811,-5.0065,18.2285,0.235336,0,3.8,0,0.118409,-0.824347,0.553563
18.2768,-10.203,13.155,0.683123,0,-3.2,0,0.152764,-0.730049,-0.666102
9.41125,-2.54025,-6.7085,-0.893124,-0.293472,-4.5,0,0.406334,-0.276967,-0.870736
9.88075,3.80725,19.4965,0.314651,0,-3.5,0,-0.421281,0.805267,0.417214
3.819,14.1827,6.9775,0.830545,0,1.9,0,-0.11212,0.975563,0.188962
3.4555,13.7155,7.834,0.538173,0,1.9,0,-0.352286,0.653932,0.669528
23.5525,3.6955,2.008,0.472888,0,4.2,0,0.859647,-0.10866,-0.499199
0.588,-0.78075,7.653,0.767215,0,1.9,0,-0.394317,-0.897896,-0.195693
0.59975,-0.413,9.9435,1.00424,0,1.9,0,-0.154124,-0.908555,0.388296
21.2815,23.121,5.919,1.13172,0.302486,1.9,0,-0.127514,0.0410034,-0.990989
-1.3655,1.7,6.809,2.93073,0.593442,-3.9,0,-0.919505,-0.391032,0.0400651
14.9747,7.95475,-8.949,-0.52989,0,-0.619322,0,-0.297976,0.0481683,-0.953357
4.142,11.128,8.98625,-0.160228,0,2.09282,1,-0.0617778,0.675843,0.734452
21.4072,11.3715,-8.25675,0.170398,0,4.2,0,0.773787,0.478806,-0.414726
23.1658,4.36275,0.999,0.421685,0,4.2,0,0.846058,-0.00529962,-0.533064
19.4325,1.6655,-9.055,0.36574,0,-0.8,0,0.804411,-0.209422,-0.555937
-0.7265,-0.4685,8.0025,0.705595,0,1.9,0,-0.737299,-0.629775,-0.244486
21.104,12.952,-0.329,-0.435551,-0.493391,-3.9,0,0.941374,-0.0415113,-0.334802
7.86325,10.637,14.5712,0.728099,0.860939,-0.4,1,0.327287,0.390849,0.860303
18.6367,24.4883,7.3065,0.47405,0,1.9,0,-0.0514864,0.0491294,-0.997465
28.6968,4.12025,14.3263,0.575743,0,-3.5,0,0.909562,0.380275,-0.167593
13.2743,12.6818,-11.4888,-0.566478,0,-3.5,0,-0.280779,0.377732,-0.882316
21.4592,19.7092,2.849,1.69764,0.145469,-3.9,0,0.920751,0.131295,0.367395
5.4025,0.5855,-3.9345,0.805994,0.882508,-4.5,0,-0.0653846,-0.117037,-0.990973
25.382,-4.184,9.2685,0.544373,0,-3.2,0,0.885863,-0.45872,-0.0694409
20.6155,-8.4765,15.7375,-0.170845,0.0704344,-3.2,0,0.937567,-0.147678,0.314895
18.2355,-7.5775,7.995,1.19508,0,-3.9,0,-0.416529,-0.564116,0.712935
16.52,12.2545,-12.2905,0.0756459,0,-3.9,0,0.070937,-0.29903,-0.951604
10.066,-13.0363,4.08325,2.43296,0,-3.9,0,-0.907557,-0.353624,-0.226475
-0.5555,1.973,9.42375,1.41002,0,1.9,0,-0.818394,0.37815,0.432706
9.25275,-0.7835,1.2705,2.397,0.372382,-3.9,0,-0.584782,-0.777703,-0.230669
-2.136,3.69775,4.70275,1.11649,0,-3.9,0,-0.843096,-0.0444594,-0.535922
15.2032,-9.56625,11.518,0.523188,0,-0.8,0,0.385321,-0.891213,-0.239305
27.1232,12.2552,19.737,-0.928427,-0.0347445,-3.5,0,-0.14745,0.886418,0.438772
17.2995,16.9675,-13.0735,2.13172,0.0288266,-3.9,0,0.103607,0.0968675,-0.98989
7.865,-3.122,3.08,-0.596795,0,-3.5,0,0.329182,-0.0311077,-0.943754
16.8067,-5.7285,6.13525,1.19513,0,-3.9,0,-0.971177,-0.237685,-0.0179506
4.76875,19.2243,1.13475,-0.401117,-0.350538,-3.5,0,-0.0704116,0.997201,-0.0251582
22.0475,4.71525,23.0865,-0.174997,0,-3.5,0,0.205292,-0.223113,0.95293
3.26975,10.3328,15.652,0.608999,0,-0.4,0,-0.207227,0.110085,0.972079
24.529,-5.1185,9.298,-0.00777274,0.0424082,-3.2,0,0.614135,-0.772112,-0.163346
16.1262,15.1272,-8.86725,-0.245161,-0.336814,-3.7017,0,0.0378801,0.752739,0.657228
13.1862,-9.11125,9.26275,-0.613337,-0.26455,-0.8,0,0.773258,-0.363847,-0.519315
6.491,-3.8215,15.5745,2.58471,0,-3.9,0,-0.661924,0.311713,-0.681683
4.47575,12.0498,8.72025,0.274757,0,1.9,1,-0.383806,0.350812,0.85418
13.413,2.588,-9.5935,0.644403,0,-3.00658,0,-0.934826,0.193617,-0.297677
14.5402,8.3455,23.1168,1.00477,0,-3.9,0,0.880251,-0.249302,0.403742
15.855,-4.379,-5.3425,0.311659,0,-0.7,0,0.0581329,-0.959604,0.275282
25.029,5.0095,21.115,0.0220248,-0.545789,-3.5,0,0.818879,-0.42399,0.386871
10.0645,-0.6885,25.7157,-1.32546,-0.0181584,-3.5,0,0.72581,-0.471232,0.501139
13.3387,18.0785,-0.14075,0.301818,0,-0.9,0,-0.669324,0.718364,-0.189627
8.359,16.757,7.76275,0.186408,0,-1.3,0,-0.881884,0.47083,0.0244894
1.70175,12.0772,-1.36275,0.183195,-0.279763,-0.8,0,-0.845378,0.273908,-0.458597
7.747,-4.332,3.3715,-0.347465,0,-3.5,0,0.216649,-0.401037,-0.890075
8.9515,-6.528,3.61725,-0.639258,-0.489489,-3.9,0,-0.169608,0.0299077,-0.985058
11.7375,-7.78875,17.1315,-0.588057,-0.353374,-0.4,0,0.15802,-0.920917,0.35629
8.777,12.9095,-1.76375,0.159717,-0.0404058,-2.59434,0,0.531326,0.500811,-0.683287
24.0947,2.2715,16.059,-0.102948,-0.731544,-3.5,0,-0.391666,-0.298612,0.870304
-1.373,2.9515,7.427,2.62634,0.00206627,-3.9,0,-0.756749,-0.0468684,0.652023
22.9268,-2.22875,16.6842,0.273434,0,3.8,0,0.993528,-0.109894,0.0287316
5.47275,1.4425,14.651,1.1419,0.293454,-4.5,0,0.397929,-0.780872,0.481551
12.9742,-3.176,-3.51475,-1.01507,-0.249443,-0.7,0,-0.29216,-0.884739,0.363151
7.865,-3.3505,14.0608,0.943766,0,-3.9,0,-0.874455,0.436282,-0.212098
21.245,6.5755,22.773,-1.01379,-0.664156,-3.5,0,-0.22342,0.659126,0.718078
2.45225,8.68775,-2.93825,-0.966014,-0.144197,-3.5,0,-0.800442,-0.267763,-0.53628
27.605,5.6355,13.5915,0.86714,0.102239,2.7969,0,0.883543,0.138595,-0.447373
4.04725,-1.67475,0.8695,0.711277,0.432789,-4.5,0,0.26055,-0.377638,-0.88854
13.728,17.2432,4.3,0.11448,0,1.50204,0,-0.610908,0.578076,-0.540942
16.01,-7.06175,14.3927,0.279734,-0.149028,-1.61929,0,-0.404241,-0.64353,0.649968
19.045,20.203,10.0115,0.022245,0,-3.29947,1,-0.441435,0.55662,0.703782
6.453,0.36625,23.1667,-0.230083,-0.133433,-3.5,0,-0.955704,0.0333136,-0.292439
29.975,1.8235,6.63725,2.10017,0.88638,-3.9,0,0.518551,-0.364718,-0.77336
22.1917,21.1882,6.18325,-0.802926,-0.0059199,1.9,0,0.768363,-0.15529,-0.620889
14.4513,9.208,-9.32775,-0.901303,-0.0835505,-3.33148,0,-0.122274,-0.668727,-0.733384
0.3855,1.151,11.58,1.18189,0.680776,-4.5,0,-0.982995,-0.0559483,0.174901
6.06,18.979,1.60975,-1.14713,-0.644832,-3.5,0,0.653058,0.752678,-0.0836198
18.6055,-1.165,-3.3935,0.597394,0,-1.6,0,0.630238,-0.770051,-0.0991037
19.0495,18.6325,11.18,-0.741767,-0.377624,-3.5,1,-0.112733,0.149389,0.982331
19.603,21.736,10.3,0.396703,0,0.500306,1,-0.362391,-0.251129,0.897556
18.0245,27.1975,10.6255,-0.422843,0,1.9,0,-0.225555,0.733165,0.641556
21.6295,13.413,-4.92725,-1.13094,-0.238176,-3.5,0,0.786719,-0.596424,0.159223
24.7785,24.4223,4.76,7.03987,0,-3.5,0,-0.0909564,-0.27925,-0.955901
19.348,25.4557,11.6728,-0.357755,0,1.9,0,0.0970806,-0.00965938,0.99523
27.2577,6.33275,9.877,0.358597,0,3.8,0,0.993793,-0.111243,0.000613389
18.0515,16.7735,-5.96825,0.724193,0.46908,-3.5,0,-0.662607,0.733466,-0.151591
5.594,-4.724,7.63425,0.301386,0,3.05192,0,-0.595248,-0.489386,-0.637324
20.2545,22.82,6.64225,0.56505,-0.027384,1.9,0,-0.365206,0.288079,-0.885231
14.4233,21.4795,6.79425,0.217285,0,4.5,0,-0.887479,0.403421,0.222784
6.1055,9.2595,14.9325,1.22438,0.00890621,-0.4,1,0.111311,-0.217463,0.969701
5.02025,-0.28225,-1.1465,0.415355,0,-4.5,0,0.02738,-0.998262,0.0521916
-0.741,8.476,10.58,0.414553,0,4.5,0,-0.919389,-0.311452,0.240253
21.215,25.89,10.7775,0.531399,0,1.9,0,0.581527,0.648044,0.491798
18.668,12.6132,-11.9665,0.195148,0,-3.9,0,0.540076,-0.14785,-0.828528
-0.9765,3.04425,4.035,1.04029,0,-3.9,0,-0.304251,-0.468475,-0.829435
8.39525,3.111,17.6325,0.530814,-0.250183,-0.4,0,-0.942965,0.214192,-0.254832
7.35375,-2.93025,11.9785,0.746961,0,2.89748,0,-0.658097,0.120471,0.743233
-0.069,7.257,5.074,0.534429,0,-3.9,0,-0.446416,0.893061,0.0561781
15.7565,0.9955,-13.1163,0.14344,0,-3.5,0,-0.0962916,-0.374334,-0.922281
26.912,4.725,17.929,0.0835403,0,-3.5,0,0.464457,-0.273014,0.842463
1.449,8.9385,13.2893,0.171149,-0.363191,1.85643,0,-0.96884,0.0482957,0.242934
18.839,16.594,-11.155,2.19289,0,-3.9,0,0.977724,0.200439,-0.0622943
16.4615,-2.2675,20.0693,-0.905395,-0.230527,3.8,0,0.0706788,0.242988,0.967451
15.102,19.1275,1.0645,0.475828,0,-0.9,0,-0.274606,0.955426,-0.108411
12.494,15.4275,-10.7945,-0.956285,-0.416914,-3.5,0,-0.513111,0.288362,-0.808433
7.71975,6.72675,18.3,0.251342,0,-0.7,0,-0.94778,-0.036406,0.316841
18.7425,22.482,10.1595,0.302934,0,1.9,1,-0.574268,-0.355679,0.737366
22.2013,25.5317,6.255,3.74999,0,-3.5,0,-0.599498,0.622581,-0.502986
23.9247,1.58325,8.6535,1.06118,0.0283509,-0.8,0,0.516349,-0.789693,-0.331314
25.326,15.1625,3.6245,2.20506,0.261671,-3.9,0,0.522771,0.199243,-0.828862
13.0265,8.00825,-7.34875,-0.584502,-0.0878073,-3.2,0,-0.747671,-0.138259,-0.649517
4.285,12.5658,12.899,0.205864,0,-0.4,1,-0.381962,0.826121,-0.414282
14.0945,-6.594,15.6573,1.13988,0,-0.4,0,0.338983,-0.93845,-0.0663472
7.506,0.635,-5.7855,1.97372,0,-4.5,0,-0.71771,0.691613,-0.0810156
5.4935,18.6685,0.34525,-0.00293301,0,-3.5,0,0.697054,0.628587,-0.344956
24.57,-3.712,8.2015,0.266653,0,-3.2,0,0.502399,-0.275434,-0.819593
10.063,-1.599,3.853,1.70822,0.0705718,-3.42603,0,0.146486,-0.756502,-0.637375
11.8645,-13.9785,5.0005,2.65635,0.20971,-3.9,0,0.177273,-0.862548,0.473905
24.6117,25.5255,4.9925,2.01841,0,-3.5,0,-0.0364705,0.409269,-0.911684
3.0145,10.9025,9.79925,0.027956,0,4.5,1,0.207649,0.91969,0.333244
10.5647,6.7915,-2.35375,-0.729938,-0.959539,-3.5,0,-0.680975,-0.650649,-0.336048
8.72175,-3.83775,-6.546,-1.29983,-0.0483148,-4.5,0,-0.108511,-0.560879,-0.820756
10.4782,6.13275,-5.71075,0.208151,0,-3.2,0,-0.800067,-0.116213,-0.588547
18.932,11.326,-11.237,-0.112047,0,-3.9,0,0.706498,-0.0251042,-0.70727
7.92475,-7.01025,12.1938,0.638725,0,3.8,0,-0.449644,-0.174321,0.876032
21.619,10.3807,-8.47725,0.170702,0,4.2,0,0.807956,-0.0770832,-0.584179
24.788,10.6685,8.27775,0.317535,0,3.8,0,0.567876,0.819628,0.0756774
17.9425,-1.02475,-1.1785,1.13137,0,-1.6,0,-0.389123,-0.919111,0.0617958
7.69763,1.67838,24.3574,-0.282049,0,-3.5,0,-0.409108,0.804225,0.431107
11.5446,10.346,16.0702,0.789857,0,1.50108,0,-0.0110422,-0.0454933,0.998904
13.079,16.247,2.563,-0.46925,0,-0.9,0,-0.733803,0.63597,0.238905
20.5085,6.78487,-4.06675,0.212381,0,4.2,0,0.696086,-0.556208,-0.453979
7.7175,-1.502,-4.478,-0.3052,0,-4.5,0,-0.871655,-0.434904,0.226
19.9099,13.7382,16.7011,0.561014,0,4.5,0,0.535277,0.734067,0.417881
27.723,1.788,9.525,2.6472,0,-3.9,0,-0.125626,-0.372624,0.91944
16.7089,14.1366,15.8659,0.384434,0,4.5,1,-0.557204,0.821339,0.122176
23.0198,4.29913,22.5076,0.441205,0,-3.5,0,0.365899,-0.291012,0.883986
18.6519,15.1996,-9.26612,0.462858,0,-3.9,0,0.999327,-0.00340641,0.0365366
8.33525,2.24463,23.6702,-0.0359853,0,-3.5,0,-0.387539,0.838858,0.38227
21.3603,13.4111,12.8527,0.368719,0,3.8,1,0.408277,0.818746,0.403688
16.0972,17.4368,-12.7495,1.84552,0,-3.9,0,-0.574874,0.354222,-0.737595
23.0963,3.30238,19.637,0.288554,0,-3.5,0,0.662505,-0.633518,-0.399677
9.38838,14.3315,13.6289,0.643029,0,-1.6,1,-0.850137,0.497722,-0.171872
15.3772,8.12862,20.0115,0.679497,0,-3.9,0,0.683874,0.618343,0.387257
24.6793,13.4366,17.3244,1.36738,0,-3.9,0,0.540175,0.7888,0.293268
16.0095,17.3025,-9.99025,1.83874,0,-3.9,0,-0.377768,0.40241,0.833881
9.80562,9.01975,16.8954,0.411822,0,-0.7,0,-0.0780856,0.885096,0.458811
11.841,-1.583,1.64,4.58191,0,-3.9,0,-0.0983809,-0.986989,-0.127177
24.8027,16.63,4.42,3.23029,0.0949138,-3.9,0,0.23827,0.852711,-0.464878
23.349,-2.82875,2.7045,0.944494,0,-3.5,0,0.870707,-0.470845,-0.142039
8.75025,-6.452,12.4485,0.599648,0,3.07831,0,-0.634363,-0.238634,0.73528
19.8083,11.6082,16.4638,0.998929,0,4.5,0,0.0490918,-0.373223,0.926442
13.5557,15.8245,-1.09275,0.202255,0,-0.9,0,-0.395016,0.0774955,-0.9154
28.638,2.591,9.822,2.66982,0,-3.9,0,0.0678828,0.024678,0.997388
2.81675,5.811,15.1093,0.79914,0,-0.4,0,-0.404741,-0.497013,0.767569
10.7444,-3.58938,4.33275,1.11357,0,-3.5,0,0.39064,-0.205441,-0.897326
9.83775,6.61325,-1.0815,-0.614928,-0.0484338,-2.4397,0,-0.499195,-0.557297,-0.663494
23.7825,5.93275,3.39625,0.580343,0,4.2,0,0.886847,0.441132,-0.137495
21.01,14.763,-6.597,-0.101784,-0.0882689,-3.5,0,0.51353,-0.210083,-0.831957
12.2495,14.4467,-7.8555,-0.596629,0,-3.5,0,-0.443052,0.408201,0.798171
4.7405,-3.9535,8.789,0.512254,0,3.8,0,-0.880509,0.312313,0.3566
21.454,15.879,-5.0645,-0.0500458,-0.154583,-3.5,0,0.903064,0.410079,0.127714
22.4468,9.42375,-0.032875,0.226457,0,4.2,0,0.978622,-0.107975,0.175043
14.1285,-0.66275,1.30925,1.4878,0.663631,-0.9,0,0.0984181,-0.396372,-0.9128
13.8658,11.0425,23.126,2.6844,0.0253286,-3.9,0,0.623634,0.718588,-0.307752
23.3295,-3.1945,8.06925,-0.184799,0,-3.2,0,0.14914,0.153172,-0.976881
16.4233,-5.162,7.453,1.18397,0,-3.9,0,-0.949518,-0.313302,0.0160316
22.176,19.9704,10.6821,0.759132,0,-3.5,0,0.416824,0.250332,0.873837
9.512,-12.6441,13.7032,0.223815,0,-0.7,0,-0.551041,-0.831712,0.0678878
22.083,10.911,18.827,3.62707,0.0760332,-3.9,0,-0.643806,-0.220739,0.732658
20.7565,7.35025,20.4625,0.985584,0.25928,-3.5,0,-0.605178,0.698104,0.382636
4.92912,12.0238,-2.88212,0.0463335,0,-0.428104,0,-0.260391,-0.214908,-0.941281
18.7534,-0.910125,-6.90438,0.503058,0,-0.8,0,0.858945,-0.502054,-0.100778
12.4497,-9.58025,14.0205,0.857817,0,-0.7,0,0.674202,-0.0307574,0.737906
28.1507,9.3825,19.4217,-1.24087,0,-3.5,0,0.874359,-0.473178,0.107699
4.684,17.3149,3.264,-0.20538,-0.0650423,-3.5,0,-0.14507,0.366535,0.919025
26.437,1.0515,14.6055,0.187403,0,-3.5,0,-0.209992,-0.920144,-0.330512
12.908,11.351,22.686,2.80146,0,-3.9,0,0.235522,0.798204,-0.554436
12.0096,-3.229,8.321,1.54814,0,2.33401,0,0.52096,-0.847916,-0.0981768
15.25,13.9679,-11.9769,0.12267,0,-3.9,0,-0.685665,0.0463697,-0.726439
17.9354,-7.92619,12.0006,0.902041,0,-3.2,0,0.405009,-0.242217,-0.881645
8.00125,-9.246,13.4757,-0.27534,-0.977248,-0.7,0,-0.915446,0.355194,0.189199
24.3622,4.41675,3.5755,1.05276,0.216435,0.545061,0,0.868964,0.103992,-0.483825
19.612,17.051,-7.484,0.760561,0,-3.5,0,0.181556,0.590592,-0.786281
12.6989,-10.6311,13.352,0.75589,0,-0.7,0,0.976424,-0.203261,0.0726667
15.4167,-5.5495,17.723,0.472085,-0.197432,-2.01567,0,0.365971,-0.553222,0.748338
11.6276,-1.63575,-2.93925,0.442944,0,2.5,0,0.0433446,-0.7835,0.619879
16.6151,9.18937,-10.3629,0.555905,0,-3.9,0,-0.484223,-0.654378,-0.580791
11.9975,10.517,-8.13225,-0.0731126,0,-3.5,0,-0.860952,-0.489609,0.138003
14.4061,18.993,8.0215,0.317993,0,4.5,1,-0.658495,0.449305,0.603746
14.514,2.948,21.439,0.189038,0,-0.8,0,0.622729,-0.0519369,0.780712
16.8349,-3.888,-5.24925,0.199158,0,-0.7,0,0.514997,-0.64844,0.560628
27.0184,7.19212,7.55638,0.351932,0,3.8,0,0.816184,-0.0378698,-0.57655
10.8219,1.362,24.2132,-0.0731867,0,-3.5,0,0.784664,0.14419,0.602919
18.9689,8.46163,-10.5431,-0.479765,-0.619779,-2.80887,0,0.525548,-0.632886,-0.568555
21.9517,-4.759,1.85162,0.581227,0,-3.5,0,0.559939,-0.787288,-0.258157
25.2628,12.316,15.8667,0.984286,0,-3.9,0,0.830475,0.254597,-0.495472
14.666,13.0369,-11.6205,-0.383933,0,-3.56255,0,-0.495061,0.366977,-0.787555
26.7415,3.30562,12.8418,0.530044,0,2.47577,0,0.709224,-0.385409,-0.590306
17.4972,-7.57412,7.13688,1.70095,0,-3.9,0,-0.63512,-0.642645,0.428521
21.1686,13.8714,0.161,-0.333487,-0.520936,-3.67096,0,0.969284,0.0255872,-0.244608
10.4591,-4.5615,17.5835,0.551102,0,-1.50361,0,-0.281602,-0.337607,0.898177
11.6546,-7.53831,5.42637,1.21313,0,-3.9,0,0.832075,0.155475,-0.532427
8.08525,1.77175,16.3517,1.57283,0,-0.4,0,-0.815935,0.503555,0.284047
1.95031,5.59156,-1.24956,-0.38602,0,-3.5,0,-0.941279,-0.233671,-0.243703
19.0469,0.079375,-5.03288,0.758365,0,-0.8,0,0.796649,-0.594693,0.108125
23.5296,0.111875,9.43038,0.967719,0.788041,-1.10793,0,0.696447,-0.0260264,-0.717137
19.9713,3.37,22.5287,0.505794,0.448822,-3.5,0,-0.433547,-0.113526,0.893951
23.3205,16.3709,4.30725,2.72776,0.0465501,-3.9,0,0.0800592,0.782871,-0.617011
7.63938,-0.374375,21.1626,0.398302,0,-3.5,0,-0.806929,-0.548553,-0.218986
7.51,7.64313,15.4445,0.814237,0,-0.7,1,-0.602987,0.458477,0.652844
1.51525,12.4692,2.32925,-0.0176148,0,-0.8,0,-0.596043,0.375603,0.709687
21.0208,16.9041,-5.30175,0.0725955,0,-3.5,0,0.800559,0.56124,0.210034
20.3325,1.3685,1.09637,1.56044,0.0899235,2.83745,0,0.664464,-0.354926,-0.657659
17.2673,9.47025,-11.3833,-0.234379,0,-3.9,0,-0.339993,-0.590001,-0.732327
17.777,16.185,12.198,0.254957,0,1.8,1,0.425254,0.415647,0.803988
5.5945,13.9625,5.45625,0.789834,0,3.16625,0,-0.359509,0.920914,0.150569
19.8053,0.717687,-1.28125,1.38831,0,-1.6,0,0.851219,-0.4573,0.257493
16.6702,-2.9315,-4.21387,-0.124518,-0.44908,-0.7,0,0.326204,-0.50466,0.799318
14.176,20.224,7.199,0.221929,0,4.5,0,-0.843817,0.351638,0.405368
18.1419,22.6351,9.0255,0.338639,0,1.9,1,-0.775885,-0.117415,0.619852
2.82775,0.956,-2.324,0.619231,0.794954,-4.5,0,-0.93352,-0.140443,-0.329874
6.86,-7.3015,6.3155,-0.579145,-0.039816,3.8,0,-0.808883,-0.25473,-0.529925
3.8725,9.19913,15.7288,0.669864,0,-0.4,1,0.00560066,0.0199018,0.999786
29.3668,2.33413,15.3581,0.428586,0,-3.5,0,0.880928,0.111777,0.459861
27.9832,4.90125,6.41175,0.50278,0,-3.9,0,0.582253,0.596105,-0.552847
23.6693,14.5695,8.28975,-0.28414,0,-0.577646,0,0.915746,0.0419498,0.399562
24.4571,1.09025,4.75537,-0.373293,0,-3.5,0,0.899437,-0.418144,0.127157
7.97225,-0.47,15.8355,1.14052,0.261936,-0.4,0,-0.869116,-0.0576725,-0.491235
21.8355,18.023,1.497,0.793092,0,-3.9,0,0.994744,0.0663824,-0.0779663
24.4028,10,20.1286,0.438975,0,-3.5,0,-0.539994,0.525519,0.657447
20.5156,9.38288,16.4877,0.998516,0,-3.9,0,-0.261726,0.182134,0.947801
20.9001,7.36613,-4.81512,0.238595,0,4.2,0,0.736421,-0.664045,-0.129334
15.4964,14.7281,-7.742,-1.34655,-0.800771,-3.5,0,0.332139,0.892458,0.30529
23.268,8.6265,4.94475,-0.453007,0,-3.9,0,0.702144,-0.0475726,-0.710444
20.7458,-8.67675,5.64225,2.80318,0.13639,-3.9,0,0.581925,-0.801479,0.137824
6.89931,0.30175,22.2549,0.0392925,0,-3.5,0,-0.879278,-0.192948,-0.435479
12.276,-7.09,6.47825,1.12866,0,-3.9,0,0.926077,0.347683,-0.14662
23.1087,2.1095,2.153,0.449348,-0.03757,0.424295,0,0.547969,-0.167638,-0.819529
7.15825,-0.0765,-4.71562,0.435795,0,-4.5,0,-0.636875,0.770885,0.0112193
13.374,10.3321,16.0928,0.385668,0,1.8,0,-0.118461,0.239955,0.963529
4.98725,-0.39775,-2.578,0.535118,0,-4.5,0,-0.0940699,-0.96292,-0.252857
15.216,13.766,13.6371,0.388454,0,4.5,1,-0.167035,0.87377,0.456755
10.78,13.7805,-9.32025,-0.134944,0,-3.5,0,-0.943619,0.331005,0.00438782
13.1198,-0.58,0.85825,3.95464,0.283187,-2.22035,0,0.574084,-0.429416,-0.697158
7.18575,1.34063,18.5145,-0.00904822,-0.352141,-0.4,0,-0.959475,0.146443,-0.240752
17.626,-10.7816,14.1224,0.628395,0,-3.2,0,-0.249038,-0.968259,-0.0213404
11.2249,4.4895,20.2623,0.346275,0,-2.51672,0,-0.829976,0.520828,0.199693
22.032,-2.11,0.591,0.961718,0.387435,-3.5,0,0.38153,0.182439,-0.906174
19.1752,21.5347,0.51725,2.91806,0.0731482,-3.9,0,-0.444004,0.692614,-0.568459
24.528,15.8176,3.61637,2.60272,0.0732303,-3.9,0,0.0745603,0.413491,-0.90745
21.6742,11.5115,-6.70125,0.122599,0,4.2,0,0.951196,0.307998,0.0190791
19.398,14.2704,15.8241,0.413962,0,4.5,0,0.669298,0.728784,-0.144618
6.3805,-0.222,-0.933,0.265752,0,-4.5,0,0.0708249,-0.994231,0.0805481
18.0478,1.79963,-12.5979,0.557695,0,-3.5,0,0.821257,0.146448,-0.551444
24.0409,9.60513,5.204,0.10563,0,-3.9,0,0.744085,-0.388656,-0.543401
18.4256,22.1283,6.5105,0.51274,0,4.20629,0,0.345832,0.633158,-0.692467
8.13125,-2.97463,13.0714,0.851679,0,-1.43523,0,-0.898495,0.253719,0.358238
7.3035,1.10875,15.8862,0.90316,0.798379,-0.4,0,-0.971328,0.0331956,0.235416
22.0333,2.4785,0.75475,0.703454,0,4.2,0,0.432738,-0.698739,-0.56965
22.1483,2.15225,16.5382,0.121193,0,2.8,0,0.810011,-0.114677,0.575093
11.8334,-10.0879,14.8509,0.69675,0,-0.7,0,0.474167,0.208797,0.855318
7.39225,0.7675,21.157,0.277815,0,-1.35881,0,-0.963429,-0.0668065,-0.259502
23.8232,18.908,9.68625,0.161087,0,-3.5,0,0.893147,0.397439,0.210547
11.5808,15.7495,12.1812,0.555777,0,-1.53816,1,-0.224258,0.973812,0.037405
17.6532,0.3825,-12.6235,0.689289,0.0616511,-3.5,0,0.491143,-0.560041,-0.667183
11.1768,10.8901,22.3587,1.50374,0.612649,-3.9,0,-0.731714,0.670479,-0.122691
19.6817,-9.6185,13.9353,0.01808,0,-3.2,0,0.712347,-0.626719,-0.315887
20.669,9.71575,-9.023,0.131174,0,4.2,0,0.73867,-0.182847,-0.648794
2.1035,5.4505,0.13475,-1.04812,0,-3.5,0,-0.983493,-0.12755,0.128343
7.97862,-3.46575,-4.29163,-1.15929,-0.0232302,-4.5,0,-0.750928,-0.466919,0.467005
16.614,18.286,-9.911,2.74657,0,-3.9,0,-0.353819,0.407683,0.841788
11.0533,-5.52075,5.04675,0.924807,0,-3.9,0,0.868797,0.0401793,-0.493535
15.017,20.3368,7.74075,0.307545,0,4.5,1,-0.612206,0.259209,0.747004
22.8459,2.7835,1.40538,0.533552,0,4.2,0,0.729161,-0.456003,-0.51028
25.388,1.3205,9.232,0.804598,0,-2.88935,0,-0.0542556,-0.989771,0.131943
10.4113,-13.6494,5.04338,1.65843,0.555778,-3.9,0,-0.521972,-0.841305,0.140536
5.46675,-3.43825,2.49275,0.0169517,-0.495347,-3.54724,0,0.311832,-0.582691,-0.750488
21.937,12.962,1.135,-1.01466,0,-3.9,0,0.907691,0.155938,-0.38959
17.3045,-3.97575,19.69,-0.49151,-0.725795,3.8,0,0.332478,-0.650957,0.682432
21.9025,16.7335,-2.052,0.459941,0,-1.3,0,0.989943,0.0206439,-0.139952
3.38538,2.27238,-2.26338,0.460341,0.0432374,-4.5,0,-0.701971,0.356351,-0.616645
8.0195,15.4462,8.08337,0.0526959,0,1.83632,1,-0.804406,0.403474,0.436051
19.6675,1.092,-7.86119,0.522606,0,-0.8,0,0.968433,-0.0744708,-0.237888
22.6944,-2.38637,8.14925,0.308383,0,-2.06102,0,0.581566,0.0329681,-0.812831
20.0374,13.5984,-6.865,0.06936,0,-3.5,0,0.548138,0.164526,-0.820046
8.59975,15.926,1.0125,-0.463322,-0.199583,-3.5,0,0.516194,0.747984,-0.417209
12.5446,15.958,12.5599,0.366273,0,-1.6,1,0.172018,0.961818,0.212878
20.127,13.027,-2.146,0.0445768,0,-1.3,0,0.757991,-0.450437,-0.471759
8.94913,-1.7245,3.01175,0.483596,0.277805,-3.64023,0,0.0927315,-0.60079,-0.79401
1.62475,-0.00075,14.0674,0.844883,0,-4.5,0,-0.521477,-0.39901,0.754223
22.8065,16.5839,5.33112,0.933794,-0.522476,-3.5,0,0.184213,0.927023,-0.32664
13.5709,7.6515,23.8311,1.05682,0,-3.9,0,0.509209,-0.663984,0.547568
14.0956,9.24813,18.1885,0.682921,0,-3.9,0,0.137704,0.990471,0.00197905
8.91463,13.7732,11.7736,0.219879,0,0.21284,1,-0.590089,0.672824,0.446209
7.45475,-9.1525,11.0542,0.302658,-0.0200746,-0.7,0,-0.779589,-0.129243,0.612811
19.906,2.0425,21.454,0.433806,0.275484,-3.5,0,-0.243931,-0.826103,0.507988
21.5316,25.5085,7.52612,2.5458,0,1.9,0,-0.128004,0.908146,-0.398605
18.1819,15.0793,12.5083,0.320409,0,2.76552,1,0.420566,0.776421,0.469355
13.084,-4.78625,19.3715,0.0980846,0,-0.4,0,0.218382,-0.140599,0.965682
21.7506,19.5535,1.67288,2.05079,0.292464,-3.9,0,0.986987,0.0413069,-0.155403
18.837,0.17875,-8.722,-0.352492,-0.660178,-0.8,0,0.83962,-0.405414,-0.361492
23.5661,5.21737,22.3675,0.331703,0,-3.5,0,0.367228,0.0954822,0.925217
5.9105,13.91,7.60187,0.391172,0,3.12664,1,-0.264472,0.82531,0.498916
22.1325,16.8953,3.7905,0.628373,0.664711,-3.9,0,0.814517,0.56572,-0.128545
20.6765,0.01625,1.32425,1.3926,0.724953,-3.5,0,0.257736,0.099698,-0.961058
22.8421,20.1494,8.78775,0.155431,0,-0.801539,0,0.955309,0.225011,-0.191717
19.4937,-8.7145,6.28225,3.18437,0,-3.9,0,0.10698,-0.901278,0.419826
22.039,-4.3075,4.4785,-0.680356,-0.181423,-3.5,0,0.654868,-0.677915,0.334034
19.2638,12.3044,-9.75438,0.432743,0,-3.9,0,0.937001,0.249082,-0.244923
1.067,4.969,8.30037,1.53973,0.538655,-0.182171,0,-0.760121,-0.129155,0.636816
6.97638,12.0518,12.9213,0.588987,0,0.132536,1,-0.223605,0.848279,0.480025
20.7224,16.8429,-4.1395,0.274693,0,-2.72028,0,0.802328,0.5919,-0.0769616
12.7804,-7.32825,17.247,0.466324,0,-0.4,0,0.0876158,-0.920813,0.380036
16.4519,-4.75138,18.0993,0.45994,-0.381119,0.813484,0,0.147057,-0.744264,0.651495
28.1866,4.9225,7.57019,0.739666,0,-3.9,0,0.764302,0.644599,-0.0182914
24.2386,10.1442,14.5931,0.653038,0,-3.9,0,0.812578,0.123452,-0.569628
-1.01225,1.45825,7.82675,2.35901,0,1.9,0,-0.973831,-0.0498423,0.221741
3.9445,-0.146875,9.44287,0.297105,-0.412423,-3.31349,0,-0.400245,-0.687148,0.606326
20.7372,-4.568,1.08637,1.26988,0.016848,-3.5,0,-0.0916103,-0.663138,-0.742869
8.0015,-11.5118,9.66725,-0.706804,-0.296289,-0.7,0,-0.521702,-0.760098,-0.3874
13.819,13.5105,-10.9628,-0.556813,0,-3.70021,0,-0.136743,0.340728,-0.930164
9.50187,-11.6201,10.4663,-0.157783,-0.40758,-0.7,0,-0.0138536,-0.975539,-0.219391
18.8972,1.65125,20.7981,0.20069,0,2.8,0,0.0301568,-0.569875,0.821178
14.8125,-4.85075,10.7656,1.4775,0.776835,-0.8,0,-0.0253728,-0.0157824,-0.999553
17.146,3.169,20.5885,0.234481,0,2.8,0,-0.189,0.069515,0.979513
19.9412,-3.0825,19.0644,0.219628,0,3.8,0,-0.123477,-0.133771,0.98329
27.343,7.6935,18.9299,-0.125892,0,-3.5,0,0.854882,-0.493954,0.158701
20.2846,13.2696,15.0455,0.551804,0,-3.9,1,0.264975,0.954348,-0.137869
15.35,15.6804,-1.8395,0.368106,0.255777,-1.98188,0,-0.558679,0.557727,-0.613856
14.2385,15.0496,-1.49513,0.231119,0.217085,-1.76075,0,-0.630744,0.3024,-0.714645
10.1194,3.69112,20.5305,0.664988,0,-3.5,0,-0.464677,0.885477,0.00213452
12.3635,16.5403,-9.355,-1.08389,-0.0641116,-3.5,0,-0.615485,0.785788,0.0609543
14.357,18.1345,3.728,0.181591,0,1.33072,0,-0.807762,0.571257,-0.145553
16.7415,26.383,7.99925,0.632098,0,1.9,0,-0.8658,-0.162647,-0.473219
18.6034,7.755,17.4897,0.503621,0,2.29458,0,0.0948667,0.722772,0.684544
7.2135,11.3294,-2.74187,0.0308964,0,-0.4,0,-0.0288406,-0.204551,-0.978431
8.607,2.7785,16.09,1.00459,-0.193137,-0.478505,0,-0.958572,0.130257,0.253324
25.188,8.18,20.941,0.0760042,0,-3.5,0,0.0891463,0.0968763,0.991296
1.597,6.76988,-0.720625,0.108353,0,-3.5,0,-0.998584,0.0507174,0.016039
24.3713,0.4945,12.1436,0.662066,0,4.5,0,0.758138,-0.618163,0.207608
16.173,2.228,20.4202,0.103519,0,1.75647,0,-0.010227,0.0647535,0.997849
18.933,-6.86,12.2485,0.346797,0,-3.2,0,0.56918,-0.271567,-0.776071
25.369,11.838,19.364,-0.338844,0.127604,-3.58739,0,-0.0679622,0.81481,0.575731
17.8215,18.6305,-10.066,2.86174,0.0313605,-3.9,0,0.371607,0.737411,0.564033
15.1477,7.723,21.2173,0.481135,0,-3.9,0,0.856319,0.0757203,0.510866
17.6009,8.42712,17.6916,0.565776,0,1.8,0,0.478614,0.451313,0.753157
2.317,-2.475,7.233,0.750494,0,-4.5,0,-0.586742,-0.610204,0.532339
16.902,19.2495,-11.7565,2.74887,0.0358991,-3.9,0,0.0659642,0.97256,-0.223106
26.1865,0.716875,8.64475,0.873841,0,-3.9,0,-0.426084,-0.894292,0.136727
14.5994,18.6234,0.16125,0.263016,0,-0.9,0,-0.250591,0.911667,-0.32568
22.0665,21.5065,10.5835,0.759164,0.275201,-0.429434,0,0.563508,0.11628,0.817886
11.122,-5.7695,17.9918,-0.0545168,0,-0.4,0,-0.461092,0.0584711,0.885424
10.9939,9.611,-5.28737,-0.117852,0,-3.2,0,-0.643434,0.176139,-0.744961
21.8015,18.1607,-2.2435,0.871312,0.898076,-1.3,0,0.913892,0.326845,-0.240778
5.45375,5.94525,-2.498,-0.925044,-0.25853,-3.5,0,0.575304,-0.0341219,-0.817227
11.467,8.91,-5.97,-0.42043,0,-3.2,0,-0.675468,0.110271,-0.729098
20.7376,-6.81862,15.7734,0.490019,0,-3.2,0,0.88972,-0.150112,0.43112
1.97,-2.9565,4.5415,0.756312,0,-4.5,0,-0.600646,-0.799381,0.014619
2.54725,11.7521,9.12788,-0.0166001,0,4.5,0,0.191099,0.830753,0.522811
21.7276,-5.14537,9.50537,0.720661,0,-3.2,0,-0.135734,-0.989255,-0.0543273
9.14975,-0.03225,0.1055,1.93736,0,-4.12574,0,-0.542833,-0.783545,-0.302308
2.65825,2.9405,-0.67275,-0.36838,-0.00953178,-3.74225,0,-0.925683,-0.297035,-0.234269
26.1917,13.2276,5.001,1.40811,0,-3.9,0,0.982772,-0.183386,-0.0230011
2.1025,5.82412,1.5265,0.154695,0,-3.75469,0,-0.964826,-0.0974434,-0.244165
18.4643,9.27588,-11.7898,-1.19201,-0.350351,-3.9,0,0.152308,-0.395208,-0.905877
-0.15225,-0.65775,8.98013,1.0159,0,1.9,0,-0.438501,-0.84421,0.308263
8.9925,9.33425,-4.25,-1.38647,-0.0291705,-3.5,0,-0.701499,0.125326,-0.701565
8.172,-9.06375,12.2238,0.692873,-0.14805,1.78119,0,-0.946705,0.160636,0.279188
19.09,12.997,-3.746,-0.348633,0,-3.5,0,0.736866,-0.574192,0.356837
17.1134,1.61637,-13.3558,0.228473,0,-3.5,0,0.210311,-0.0349179,-0.977011
22.7039,15.4729,3.62025,2.02318,0.393254,-3.9,0,0.514554,0.342059,-0.786276
1.42775,4.0905,10.4552,1.39603,0.270034,-1.30065,0,-0.965529,0.258552,-0.0300945
4.39675,15.82,-1.13475,0.273888,0.110224,-3.5,0,0.0223553,0.114285,-0.993196
15.9432,23.0565,6.76837,0.259073,0,4.5,0,-0.595815,0.766216,0.240661
14.21,13.3728,-2.6795,0.270899,-0.436252,-0.36686,0,-0.823358,0.517856,-0.232179
4.81525,4.68125,-2.7105,-1.39631,0,-3.5,0,-0.0200614,-0.109021,-0.993837
11.6735,16.016,10.9395,-0.0767901,0,-1.3,1,-0.265095,0.878789,0.396805
20.2164,-3.18337,13.2849,0.339475,0,-0.0431649,0,0.814454,-0.570142,0.107714
21.1641,20.7498,2.9585,2.57514,0.122798,-3.9,0,0.748502,0.509222,0.42478
9.26587,15.0478,15.1385,0.417141,0,-1.6,1,-0.796665,0.562847,0.220291
25.0602,23.0643,5.898,7.75405,0,-3.5,0,0.0980949,-0.939897,-0.327063
11.2448,4.32463,-3.81487,0.241932,0,-3.2,0,-0.866189,-0.16813,0.470584
18.4732,16.9515,-3.8555,0.205512,0,-2.42106,0,-0.360797,0.899226,-0.247421
4.76762,-0.95025,0.795125,0.660135,0.317318,-4.5,0,0.428868,-0.560744,-0.708264
10.8745,6.72262,21.4151,0.407384,0,-3.9,0,-0.871342,-0.373403,0.318328
13.6888,10.0407,24.9475,2.79884,0.0649755,-3.9,0,0.590608,-0.101329,0.800571
6.97275,-0.07575,12.2622,0.532965,-0.256729,1.8,0,-0.638012,-0.338693,0.69154
7.95662,13.506,-2.28338,-0.375985,-0.640995,-0.4,0,0.455761,0.153558,-0.876756
17.4463,-2.92675,-5.11487,-0.12387,-0.0958296,-0.7,0,0.763528,-0.443764,0.469146
14.0339,-2.13037,19.6082,0.405519,0,1.8,0,-0.0799633,-0.14435,0.98629
2.13025,8.146,-0.6645,0.76258,0,-3.36512,0,-0.983316,0.161442,0.0838168
10.2509,-1.8005,-6.2775,0.0213566,0,-4.5,0,0.267306,-0.353195,-0.89655
12.5747,-3.2955,7.13475,1.74451,0,-0.9,0,0.295268,-0.897396,0.327867
12.817,9.31325,16.4445,-0.0831324,0,3.08386,0,-0.237397,0.715069,0.65751
21.2,21.133,10.936,1.05534,0.770673,-3.5,1,-0.096861,0.19639,0.97573
7.64038,-1.61238,15.8099,1.14107,0,-3.9,0,-0.726461,0.426073,-0.539181
4.75144,13.9648,7.273,0.920324,0,1.9,1,-0.0327549,0.949991,0.310556
13.5775,15.592,-10.865,-0.633953,0,-3.5,0,-0.0238645,0.356417,-0.934022
12.7812,1.42875,-8.93075,0.893956,0,-3.5,0,-0.979672,0.0774589,-0.18505
21.1807,7.3765,-7.32775,0.254283,0,4.2,0,0.578213,-0.66689,-0.470029
21.4145,17.1946,0.431,0.508555,0,-3.9,0,0.994645,-0.0448231,-0.0931205
8.92612,7.8585,19.1901,0.319173,0,-0.7,0,-0.457798,0.539684,0.706514
-0.025125,7.43175,9.97062,0.606194,0,4.5,0,-0.844397,-0.533536,0.0482989
1.96875,-0.3555,9.3135,0.46191,0,1.9,0,0.139282,-0.832249,0.536621
9.399,12.2408,14.9738,0.277292,0,-1.6,1,-0.670152,-0.263372,0.693924
17.731,28.2048,9.11712,0.548021,0,1.9,0,-0.252104,0.917019,0.309062
4.57075,0.760625,12.4234,0.830158,0,-4.5,0,0.385965,-0.904774,0.18004
10.3929,-13.1814,2.58262,2.50488,0.352294,-3.9,0,-0.791541,-0.410922,-0.452334
9.71262,15.5154,1.5395,-1.02723,0,-3.5,0,0.438864,0.750089,-0.494738
16.3547,-0.869125,0.4985,1.27885,0,4.5,0,-0.66847,-0.535263,-0.516373
12.4686,16.2208,11.5866,-0.0159975,0,-1.3,1,-0.337284,0.837737,0.429461
20.6227,2.26863,-3.07363,1.01586,0,-1.6,0,0.968328,-0.0495314,-0.24472
13.7579,-3.14425,5.4405,1.32553,0,-0.9,0,0.246287,-0.966421,0.0732949
14.045,5.3985,-9.75975,-0.118809,0,2.5,0,-0.587862,0.334623,-0.736509
2.2745,4.73063,0.95925,-0.285727,-0.751427,-3.5,0,-0.971609,-0.188512,0.142963
2.69475,9.0685,15.5735,0.249293,-0.0217093,-0.4,0,-0.274368,0.215609,0.937142
15.9904,-1.36525,-10.7688,0.319317,0,-3.5,0,0.319942,-0.857287,-0.403357
18.484,16.961,-7.115,0.523687,0.739035,-3.5,0,-0.654747,0.694384,-0.298559
27.3795,1.11,5.97825,0.686419,0,-3.9,0,-0.00318975,-0.517348,-0.855769
2.78612,9.77462,4.78638,0.18777,0,1.9,0,-0.949324,0.260109,-0.176428
7.6705,4.0275,1.06875,0.345407,0,-3.29248,0,0.222833,0.122253,-0.967161
4.26275,1.488,15.2142,1.89225,0.12423,-4.5,0,0.0139968,-0.506031,0.862402
3.53137,12.3787,4.575,0.555981,-0.146865,1.50153,0,-0.86706,0.46844,-0.169623
29.744,2.924,6.798,2.03467,0.201945,-3.9,0,0.594651,0.379151,-0.708968
6.89862,15.0135,5.38137,0.218236,0,4.5,0,-0.464005,0.870026,0.166594
2.975,15.153,3.0875,0.276329,0,-3.5,0,-0.706481,-0.226995,0.670342
10.2826,6.02513,19.0116,-0.0837021,0,-2.20721,0,-0.488278,-0.334356,0.806096
10.0761,-0.4965,-0.78475,1.96635,0,0.474468,0,-0.631975,-0.774975,0.00462952
3.96863,-6.6145,10.5118,0.411118,0,3.8,0,-0.881145,-0.235089,0.410264
12.9611,-12.6823,2.51662,2.86749,0.1435,-3.9,0,0.617464,-0.0194051,-0.78636
16.5537,-3.1755,1.2125,0.813035,0,4.5,0,-0.497457,-0.259242,-0.827847
3.889,13.3265,3.14775,0.385443,-0.302885,-2.64872,0,-0.876675,0.249469,0.411347
3.4425,12.2183,8.54375,0.0278609,0,1.9,0,-0.139049,0.479709,0.86634
15.0259,22.092,5.97837,0.253775,0,4.5,0,-0.732207,0.5667,-0.377788
8.117,15.3798,5.3215,-0.0741759,0,4.5,0,-0.401734,0.915588,0.0175696
9.08425,-11.352,9.21525,-0.340031,-0.051098,-0.7,0,-0.3432,-0.849693,-0.400295
19.8935,6.65725,-5.208,0.232758,0,4.2,0,0.580301,-0.799431,-0.155436
1.9625,8.624,5.23,0.638632,0,-0.989675,0,-0.753639,0.632909,-0.177353
18.2202,10.6185,16.6896,0.770873,0,4.5,0,0.35527,-0.225037,0.907272
14.2052,17.0205,-1.36625,0.370378,0,-0.9,0,-0.325148,0.0361317,-0.944973
27.2255,8.6135,7.63775,0.312544,0,3.8,0,0.795194,0.176262,-0.580171
20.7523,-7.01275,4.30875,3.35231,0.0236382,-3.9,0,0.826403,-0.148463,-0.543155
25.4872,25.9328,6.9115,3.64534,0,-3.5,0,0.537523,0.789832,0.295355
3.75837,0.174375,11.7299,0.626608,0,-4.5,0,0.14969,-0.982707,-0.108992
27.3681,7.33313,17.9171,-0.264447,0,-3.5,0,0.836245,-0.411995,0.361875
24.4939,8.83325,14.3986,0.495888,0,-0.167151,0,0.736355,0.556075,-0.385436
18.3196,-0.639375,-4.60925,1.07452,-0.273602,-1.02862,0,0.785185,-0.604317,-0.135227
2.8425,-3.0875,2.3055,0.240089,0,-4.5,0,-0.288677,-0.93141,-0.221677
14.2774,-2.62387,9.00562,1.4226,0,4.2,0,0.118294,-0.976685,-0.179144
12.1997,-10.1029,8.6,0.34493,-0.251567,-1.62584,0,0.830097,-0.544296,0.12116
23.6003,9.6155,12.2255,0.426945,0,3.10615,0,0.747031,0.588102,0.309969
18.345,18.685,-1.71325,-0.199264,-0.608507,-1.3,0,-0.381221,0.83797,-0.390484
12.871,17.2383,9.10413,-0.717023,-0.0255408,1.8,1,-0.430439,0.902594,0.00675324
9.26525,-4.71075,17.6065,1.28726,0,-3.9,0,0.171676,-0.523982,0.834248
18.6595,18.3892,-12.0275,2.82601,0.0819639,-3.9,0,0.862444,0.490592,-0.124538
14.7898,10.5321,-12.1911,-0.960565,-0.461973,-3.5,0,0.0559442,-0.585907,-0.808445
3.13625,15.1815,-0.95175,0.0903503,0.422155,-2.06095,0,-0.632947,0.394762,-0.665989
19.752,-1.11538,0.79375,1.48116,0,4.5,0,0.615543,0.14857,-0.773973
12.3364,-12.9729,5.4425,2.50519,0,-3.9,0,0.66095,-0.534892,0.526342
17.7484,-7.0885,16.2205,-0.0455234,0,-3.2,0,-0.233954,-0.335966,0.912356
28.6074,1.8515,13.5309,0.680585,0,-3.5,0,0.449192,-0.254128,-0.856531
1.39412,-0.093,10.4843,0.821932,0,1.9,0,0.271877,-0.951746,0.142346
15.8422,19.9597,8.47462,0.401563,0,4.5,1,-0.527131,0.360086,0.769721
12.3433,1.541,-6.9855,2.71057,0,2.5,0,-0.609675,-0.270645,-0.745015
8.59262,15.7026,4.29637,-0.507164,0,4.5,0,-0.488635,0.85942,0.15044
11.076,2.29,-1.705,0.54047,0,-0.7,0,-0.780995,0.616121,-0.102178
16.0621,-7.81431,10.982,0.449672,-0.553299,-0.8,0,0.511703,-0.43073,-0.743392
8.1535,15.0083,-2.2555,-0.940651,-0.560273,-0.4,0,0.485134,0.383212,-0.785999
15.604,-6.59088,10.333,1.77162,0.076852,-0.8,0,0.270753,-0.348298,-0.89743
20.5706,-5.08413,15.3649,0.684416,0,-3.2,0,0.88664,0.0723126,-0.456772
12.893,13.1869,16.9245,0.567394,0,-1.6,0,0.414524,-0.0333388,0.909428
14.8304,0.25625,21.0695,-0.344644,-0.619147,-0.8,0,0.263142,-0.357967,0.895888
13.9334,17.9784,-1.131,0.359231,0,-0.9,0,-0.254119,0.57498,-0.777703
25.6265,2.2455,10.0006,0.67756,0,2.0069,0,0.544746,-0.652443,0.526849
15.2645,-2.829,19.7815,-0.576936,-0.931658,3.8,0,-0.247729,-0.183893,0.951217
26.6665,1.524,9.463,1.10016,0,-3.9,0,0.0190835,-0.53524,0.844485
23.4297,13.4546,14.8228,0.921313,0,-3.9,0,0.439147,0.797688,-0.413332
18.6181,-3.04538,18.9776,0.229529,-0.309971,3.8,0,0.325468,-0.2721,0.905556
22.2167,3.31288,18.6939,0.124271,0,0.110455,0,0.672415,-0.663429,-0.328208
15.4323,6.04962,20.6173,0.802368,-0.297489,-3.9,0,0.560908,-0.021377,0.827602
23.302,13.4125,18.8514,2.45711,0.12165,-3.9,0,0.0763022,0.789768,0.608642
16.7603,-7.01775,6.39275,1.13736,0,-3.9,0,-0.921555,-0.388052,-0.0123142
13.4165,13.7917,-7.08125,0.103739,0.0233847,-3.5,0,-0.441189,0.547545,0.711018
18.115,-2.534,-6.0275,0.3678,-0.0569867,-0.7,0,0.891151,-0.24486,0.381961
10.6405,3.54513,-4.9035,0.202203,0,2.5,0,-0.981929,0.127659,0.139707
-0.8075,0.436,7.3085,1.11306,0,1.9,0,-0.795917,-0.499508,-0.342065
16.5028,-4.60063,5.73,1.21318,0,0.455086,0,-0.897818,-0.378375,0.225288
20.1213,-0.41175,18.957,0.29579,0,3.6612,0,0.279203,-0.289591,0.915523
9.683,1.289,25.4705,-0.883216,-0.511425,-3.5,0,0.358546,0.618694,0.699044
11.9161,12.6659,17.2699,0.567709,0,-1.6,0,0.196009,-0.0300825,0.980141
7.354,16.1791,-0.14425,-0.0616499,0,-3.5,0,0.451554,0.809736,-0.374736
8.92175,-9.51987,4.8685,0.341321,0,-3.9,0,-0.679663,-0.121418,-0.723406
14.0745,9.61075,19.3043,0.527915,0,-3.9,0,0.431509,0.88632,-0.168037
16.8385,-4.29075,9.09037,1.06995,0,-3.9,0,-0.921725,-0.383634,-0.0569928
10.3462,-13.243,6.42312,0.67002,0,-3.9,0,-0.488148,-0.779477,0.392591
18.6899,11.5649,16.9675,0.727703,0,4.5,0,0.263402,-0.574133,0.775236
1.99738,0.237125,2.42263,0.623669,0,-4.5,0,-0.51967,0.800442,-0.298723
24.0783,22.9147,6.886,2.83696,0,-3.5,0,0.254751,-0.909822,-0.327607
27.522,6.99025,13.8013,0.928775,0.315436,-0.141011,0,0.883983,0.418824,-0.207752
22.6712,0.650875,1.9685,1.01666,0,-3.5,0,0.373958,0.20156,-0.905279
28.6122,3.69225,9.5925,1.3959,0.532347,-3.9,0,0.345688,0.472721,0.810577
27.0859,4.2955,12.6692,0.323126,0,0.114298,0,0.845254,-0.0772175,-0.528756
27.1928,4.51512,10.4225,-0.609818,-0.171698,-0.437917,0,0.960791,0.0579945,0.27114
19.9801,17.821,-3.61525,0.0629848,0,-1.3,0,0.0429057,0.768653,-0.638225
2.341,13.6355,0.176,-0.0239435,-0.238288,-0.8,0,-0.781407,0.611665,-0.123571
18.2111,23.213,6.951,0.417663,0,3.04542,0,0.179373,0.395194,-0.900915
14.9581,8.72038,19.0238,1.01602,0,-3.9,0,0.562439,0.81501,0.13936
19.1793,15.67,-8.00975,0.301902,0,-3.72212,0,0.749819,-0.108155,-0.652744
19.832,17.7049,-6.61837,0.807605,0.076649,-3.5,0,-0.0400886,0.966481,-0.25359
8.28,-10.74,14.2043,-0.675574,-0.83774,-0.7,0,-0.799921,-0.309089,0.514384
18.831,16.9835,-4.79575,0.526073,0,-3.5,0,-0.378385,0.921668,0.0857539
24.5884,9.09175,20.8966,0.318886,0,-3.5,0,-0.289308,0.229264,0.929375
21.75,3.319,-0.22325,0.534476,0,4.2,0,0.516182,-0.375335,-0.769857
1.79,-2.773,3.557,0.717661,0,-4.5,0,-0.506345,-0.861769,-0.0311465
7.59412,1.58913,-2.78962,1.35051,0.564809,-4.5,0,0.173804,0.708261,-0.684221
1.13412,10.8088,1.8,0.208674,0,-0.8,0,-0.935979,-0.282554,0.210015
16.2914,16.2684,-13.4159,0.664964,0,-3.9,0,-0.267678,0.0116783,-0.963438
24.3298,15.3485,7.53862,-0.143928,0.636289,-3.87274,0,0.799895,-0.123095,0.58738
11.1669,1.02625,-6.32662,2.98089,0,0.157374,0,-0.223935,0.00692063,-0.974579
2.375,1.6755,14.6335,0.817181,0,-4.5,0,-0.489658,0.00206657,0.871912
2.444,4.27488,1.886,0.311232,-0.0931475,-4.33151,0,-0.870093,-0.431212,-0.238735
14.8993,6.77763,-9.65763,-0.0112205,0,2.5,0,-0.350418,0.444776,-0.824246
17.7211,8.05087,-10.0717,0.174585,-0.0268559,-1.18479,0,-0.283001,-0.655598,-0.700073
17.3896,-4.40387,-7.46525,0.287586,0,-0.7,0,0.490482,-0.808564,-0.325042
22.0955,12.0995,1.6495,-0.416416,0,-3.9,0,0.860321,0.094719,-0.500876
13.9766,-0.193875,-1.98375,1.09158,0,2.5,0,0.115316,-0.652972,0.748552
20.0585,0.872,-3.30925,1.4376,0,-1.6,0,0.860758,-0.402295,-0.311855
18.5882,21.5492,1.81225,3.11221,0.147796,-3.9,0,-0.669141,0.742893,-0.0189783
4.12775,18.6581,2.54025,-0.931193,0,-3.5,0,-0.454128,0.671031,0.586076
12.6765,12.8715,-6.6005,0.760749,0.354812,-3.5,0,-0.64907,0.562595,0.512049
10.4371,-1.13731,20.1259,0.800453,0.510015,-3.03371,0,0.138315,-0.719026,0.681081
18.7917,14.8871,16.5006,0.353687,0,4.5,0,0.497697,0.834898,0.235037
12.1796,-10.6801,10.6046,0.427619,-0.121181,-0.765068,0,0.671444,-0.671816,-0.312773
8.73913,-8.09813,12.6766,0.924435,-0.97106,-0.7,0,-0.821259,0.203876,0.532887
21.8959,7.073,-3.05338,0.269546,0,4.2,0,0.79883,-0.546329,-0.251784
7.98025,-5.6715,4.16025,-0.152655,-0.389888,-3.7339,0,-0.494486,-0.305805,-0.813613
25.2301,10.9294,20.1308,0.0277033,0,-3.5,0,-0.359856,0.523069,0.772595
24.6326,11.1014,3.53425,0.365054,0,-3.9,0,0.674492,-0.400162,-0.620428
7.98825,0.331875,0.2235,1.40445,0,-4.2065,0,-0.20176,-0.977358,-0.0637426
25.772,5.12,18.4137,-0.121826,0,-3.5,0,0.498909,-0.674307,0.544426
12.636,15.821,14.5565,0.400627,0,-1.6,1,0.616363,0.661587,0.427082
17.5985,-6.96537,11.7804,0.838312,0,-3.2,0,0.434999,-0.298955,-0.849353
12.975,17.3361,10.8114,-0.803104,-0.158149,1.8,1,-0.425348,0.795903,0.430834
13.4295,11.547,24.063,2.84281,0.113068,-3.9,0,0.395659,0.879872,0.26321
21.5557,10.7647,17.4215,3.13045,0,-3.9,0,-0.83696,-0.298871,0.458447
14.3455,15.1243,-7.64875,-1.6022,-0.403484,-3.5,0,0.120161,0.810139,0.57379
21.771,7.93725,-6.44588,0.224032,0,4.2,0,0.932368,-0.361492,-0.00366672
0.36975,-1.271,2.56275,1.35406,0.641856,-4.5,0,-0.998175,-0.00783447,-0.0598816
25.5071,9.92863,10.6541,0.324539,0,3.8,0,0.49781,0.716883,0.488123
6.70725,13.3381,11.571,0.273622,0,3.8,1,-0.526199,0.773478,0.353337
9.53425,16.0648,10.6605,0.363054,0,-1.3,1,-0.592358,0.564929,0.574428
12.0275,-7.24825,7.81763,1.39653,0,-3.9,0,0.884504,0.46491,0.0388795
14.5955,-4.08975,3.2445,0.874241,0,4.5,0,-0.784179,-0.61314,-0.0955075
24.9941,9.584,15.6763,0.746034,0,-3.67913,0,0.687888,0.254912,-0.679581
17.0629,7.147,19.4345,-1.15528,-0.054145,-3.9,0,0.552042,0.544428,0.631544
-1.28188,6.44712,6.12862,0.686675,0,-3.9,0,-0.693865,0.648506,0.313034
23.931,2.62925,2.6715,0.320015,0,4.2,0,0.820753,-0.0791363,-0.565776
20.7952,-6.05675,14.857,0.6255,0,-3.2,0,0.943482,0.155417,-0.292725
21.775,10.4171,-7.30337,0.163392,0,4.2,0,0.998382,0.0526805,-0.0214104
4.39475,-6.6515,8.35312,0.308222,0,3.8,0,-0.597448,-0.332972,-0.72951
4.66463,-4.00175,5.6315,0.210356,0,-4.5,0,-0.378128,-0.913656,0.149174
25.2795,5.0435,4.78225,0.870862,0.375584,-3.9,0,0.690358,0.10308,-0.716087
11.2965,-1.435,2.48875,2.47363,0,-2.3848,0,-0.179112,-0.982579,-0.0495732
16.7533,-3.8955,-8.4905,0.242232,0,-0.7,0,0.330981,-0.548184,-0.768079
4.87113,1.92825,-3.3825,0.483961,0,-4.5,0,-0.0169255,0.496862,-0.867665
21.6028,2.505,22.424,0.165501,0,-3.5,0,0.243079,-0.489825,0.837248
5.4625,12.717,9.03875,0.331642,0,2.84971,1,-0.563746,0.632988,0.530582
18.8779,-10.4329,14.3085,0.529604,0,-3.2,0,0.463615,-0.883279,-0.0698517
15.736,-1.8235,-3.6905,0.346891,-0.827202,-0.7,0,0.278939,-0.6254,0.728744
15.3625,-4.8105,2.54763,0.76568,0,4.5,0,-0.638437,-0.649432,-0.413082
3.68875,-0.04375,13.4885,1.46631,0.256569,-4.5,0,0.576067,-0.804791,0.143031
11.3807,3.61188,23.6645,-0.971443,-0.5819,-3.5,0,-0.0412673,0.580751,0.813034
11.8455,16.7097,10.1307,-0.381647,-0.345036,0.127258,1,-0.268742,0.872894,0.407227
27.348,9.347,8.76875,0.315094,0,3.8,0,0.935008,0.353351,0.0300484
3.36637,13.801,-2.51338,-1.05556,-0.195568,-0.8,0,-0.325709,0.431233,-0.841399
19.2111,4.73144,-8.22719,0.176336,0,2.5,0,0.964526,0.203939,0.167626
19.4424,3.04375,-8.87313,0.032894,-0.541763,2.17211,0,0.978918,-0.000482429,-0.204255
25.063,1.02963,16.1534,-0.900827,-0.206858,-3.5,0,-0.122101,-0.932324,0.340387
1.57562,9.19825,14.7177,-0.334386,-0.801798,-0.4,0,-0.904451,0.13503,0.404643
19.3832,9.93662,-3.52137,-0.211243,-0.0191282,3.76922,0,0.508829,0.85671,-0.0845007
18.3315,23.547,10.149,-0.14347,0,1.9,1,-0.708473,-0.550827,0.441197
17.991,-3.10763,-7.97625,0.285273,0,-0.7,0,0.774251,-0.22052,-0.593218
10.7491,13.3357,17.0698,0.516111,0,-1.6,0,-0.388746,0.159793,0.907382
12.8786,0.905625,-7.71688,2.38748,0,-3.5,0,-0.955372,0.0192239,-0.294778
1.77863,7.23238,15.5574,0.467725,0,-0.4,0,-0.644956,-0.26063,0.718403
-0.433,10.6654,8.212,0.236285,0,4.5,0,-0.697881,0.379369,-0.607487
2.61588,5.478,-2.23012,-0.264261,0,-3.5,0,-0.538247,-0.227497,-0.811502
20.915,12.4839,-5.36412,-0.25765,-0.070409,0.462608,0,0.747715,-0.208208,0.630533
19.0055,-5.48075,17.0275,0.290492,0,3.72175,0,-0.0356925,-0.660686,0.749813
11.1175,5.402,-3.22225,0.226406,0,-3.2,0,-0.837161,-0.349191,0.420983
27.5112,7.38975,10.8308,0.418993,0,3.8,0,0.993875,0.105983,0.0313185
16.513,-3.60788,20.199,-0.816989,-0.227854,3.8,0,-0.0465705,-0.321752,0.945678
19.7798,5.21112,20.9704,0.123059,0,-3.5,0,-0.813496,0.508313,0.282564
24.5478,6.1965,21.3948,-0.0482338,-0.321008,-3.5,0,0.45878,0.1756,0.871026
15.4897,14.453,12.537,0.659852,0,4.5,1,-0.235698,0.751202,0.616557
14.9129,0.1185,0.913875,1.08067,-0.0384381,-1.4344,0,-0.365394,-0.688319,-0.626661
10.6165,-14.097,3.8485,2.69638,0.252526,-3.9,0,-0.534287,-0.842034,-0.0742653
8.0965,-1.249,22.0168,0.232407,0,-3.5,0,-0.261114,-0.910077,-0.321837
17.6495,2.2625,20.9465,0.348456,0,2.8,0,-0.224259,-0.0399005,0.973712
7.15975,-1.224,18.8883,0.66574,0,-0.4,0,-0.901446,-0.156016,0.4038
7.93725,7.5845,18.902,0.341658,0,-0.7,0,-0.692456,0.155387,0.704528
7.74869,-0.73325,19.9232,0.8572,0,-0.549795,0,-0.652178,-0.597158,0.466976
14.9005,4.577,-10.542,0.1165,0,2.5,0,-0.406494,0.389582,-0.826432
12.2994,-8.35213,14.1566,1.06109,0,-0.8,0,0.404642,-0.495344,0.7687
10.4382,-6.25338,3.90488,-0.54302,-0.0361945,-3.9,0,0.540689,0.15818,-0.826217
19.9077,8.56469,-9.27956,0.1448,0,4.2,0,0.764666,-0.388184,-0.514393
15.967,21.762,8.302,0.245267,0,4.5,1,-0.478481,0.370858,0.79594
18.8115,10.5868,-4.0815,-0.846186,-0.142539,-1.3,0,0.853635,0.448275,0.265247
1.657,-1.80975,0.81925,0.915307,0.0637197,-4.5,0,-0.551373,-0.274885,-0.787672
6.40125,1.45475,-3.08075,0.857946,0.0832059,-4.5,0,0.244115,0.551284,-0.797805
18.6895,16.2866,-9.8595,1.00874,0,-3.9,0,0.983928,0.0752294,0.161947
15.7002,17.9941,-0.928625,0.315289,0,-1.04132,0,-0.288483,0.682542,-0.671501
4.698,0.56425,14.0055,1.58433,0.544373,-4.5,0,0.424087,-0.83846,0.34225
16.7215,19.1311,-10.4554,2.67165,0.292096,-3.9,0,-0.249242,0.796,0.551601
15.8224,3.19637,20.3281,0.305802,0,1.36386,0,0.172999,-0.109435,0.978823
21.5725,8.3285,19.2225,1.41517,0.301304,-3.5,0,-0.510831,0.790446,0.338003
21.6494,7.838,-4.11075,0.234554,0,4.2,0,0.862306,-0.313607,-0.397591
3.4815,10.39,-3.211,-0.997372,-0.210889,-3.5,0,0.0338522,0.462316,-0.886069
29.91,0.719375,8.91212,3.08904,0.333158,-3.9,0,0.627221,-0.68563,0.369465
19.1947,-4.28675,1.92625,0.74832,0.047466,-3.5,0,-0.307882,-0.783414,-0.539881
19.7506,-0.0455,-2.58262,1.05934,0,-1.6,0,0.812636,-0.579572,-0.0609828
16.3585,14.4275,-7.07875,-0.0875971,0,-3.5,0,-0.161838,0.960669,-0.225661
16.2833,17.5222,10.8313,0.40343,0,1.8,1,-0.179047,0.714685,0.676142
13.4928,-6.3175,18.9475,0.332951,0,-0.4,0,0.134391,-0.631207,0.763883
7.731,3.62475,15.238,1.19445,-0.913887,-1.00142,0,-0.492742,-0.427744,0.757787
23.8752,4.788,2.5445,0.555529,0,4.2,0,0.954368,0.0513906,-0.294179
21.7744,24.0392,10.7329,0.43861,0,1.9,0,0.458302,-0.0575858,0.886929
6.83813,-9.468,10.0405,0.13118,-0.299899,1.81825,0,-0.880461,-0.448519,0.153685
17.1437,-6.0525,7.4825,1.63668,0,-3.9,0,-0.774356,-0.474886,0.418159
19.832,2.48825,-6.10925,0.559398,0,-0.8,0,0.981331,0.190132,-0.0289673
16.386,-4.18038,8.12875,1.24065,0,-3.9,0,-0.908916,-0.378946,0.173984
18.3031,1.71425,-10.1939,0.467203,0,-1.48065,0,0.827282,-0.0862358,-0.555129
7.46725,2.17112,22.9946,0.118844,0,-3.5,0,-0.631189,0.767358,0.112968
19.8414,-6.50612,16.5415,0.549282,0,-3.2,0,0.252719,-0.337998,0.906582
3.684,-6.16713,9.09212,0.38684,0,3.8,0,-0.982663,-0.110083,-0.149179
21.8258,26.1143,8.778,0.555516,0,0.613041,0,0.376538,0.904373,-0.200819
20.4342,19.7747,10.8173,0.420677,-0.021128,-3.5,1,-0.136356,0.335241,0.932213
8.70075,-10.2559,8.29638,0.218819,-0.0794606,-1.9989,0,-0.679838,-0.673513,-0.290174
5.673,6.46338,15.3217,0.846186,-0.103719,-0.449605,0,-0.193921,0.228303,0.954082
8.76262,-0.691,2.53437,1.00354,0,-3.9,0,-0.449243,-0.636433,-0.627003
13.1741,17.8451,1.03225,-0.087302,0,-0.9,0,-0.812922,0.540198,0.217588
5.64325,-0.084125,0.06625,0.79481,0,-4.5,0,0.323335,-0.94497,-0.0498591
20.6628,13.7101,-3.0215,-0.215553,-0.21392,-1.9944,0,0.664075,-0.743605,0.0778221
4.444,13.3532,8.37862,0.434952,0,1.9,1,-0.126591,0.658851,0.741545
19.0445,13.509,-11.4768,0.257882,0,-3.9,0,0.924927,0.00138638,-0.380143
23.338,6.9865,4.31025,0.0872986,0,0.110581,0,0.744674,0.447283,-0.495377
22.012,-4.6955,17.9616,0.251781,0,3.8,0,0.639736,-0.681964,0.354489
10.2429,12.6395,-1.23075,0.288327,0.209153,-3.5,0,0.262111,0.840774,-0.473705
19.804,8.12525,17.0952,0.243339,0,1.52246,0,-0.0496498,0.670386,0.740349
17.6404,24.0419,8.67169,0.0425545,0,1.9,1,-0.960701,-0.240788,0.138109
7.63,-2.8745,-5.997,-1.57692,-0.297091,-4.5,0,-0.861885,-0.343826,-0.372745
28.2418,9.85462,18.054,-0.882973,0,-3.5,0,0.95005,-0.0881176,-0.299401
10.7872,13.2297,0.019,0.482004,0.47072,-3.5,0,0.0482825,0.675864,-0.735443
7.30212,-4.63375,14.077,0.731201,0,-3.9,0,-0.931867,-0.288678,-0.219746
10.778,18.0305,4.80337,0.508806,0.0472821,-1.3,0,-0.0877119,0.613054,-0.785157
17.177,14.5395,14.8792,0.363739,0,4.5,1,-0.445916,0.893312,0.0561449
10.2432,-0.49175,24.2445,-0.576517,-0.201519,-3.5,0,0.683264,-0.723121,0.101219
17.363,-2.0265,-8.71825,-0.0073342,-0.034403,-0.732278,0,0.722874,-0.404315,-0.560341
7.21425,15.4998,4.27325,0.195118,0,-0.911511,0,-0.0771873,0.845121,0.528973
1.61762,-2.30763,5.62838,1.67379,0,-4.5,0,-0.814307,-0.527407,0.242376
19.4039,14.7274,-7.23088,0.273481,0,-3.5,0,0.545806,-0.265225,-0.794828
22.0522,4.3835,-0.1535,0.386429,0,4.2,0,0.558698,0.202573,-0.804251
25.763,14.3862,6.34,1.64047,0,-3.9,0,0.887602,0.132083,0.441267
1.842,6.9705,0.4365,0.191786,0,-3.5,0,-0.977933,0.112823,0.175835
25.724,1.772,12.3085,0.519161,0,4.5,0,0.649957,-0.637478,-0.413737
11.68,3.566,-2.395,0.47879,0,2.78824,0,-0.988368,0.0901559,-0.122477
20.8318,-6.29725,6.39525,2.26661,0.0131756,-3.9,0,0.98178,-0.0227344,0.188658
8.42275,-2.6845,-6.78075,-1.08024,-0.84126,-4.5,0,-0.411058,-0.286462,-0.865431
20.4015,0.71525,19.4928,0.37756,0,2.8,0,0.657718,-0.369657,0.656324
28.881,10.238,20.1965,-1.70119,-0.395691,-3.5,0,0.913064,-0.253245,0.319658
5.18587,-3.22875,18.0865,2.06932,0.802443,-3.9,0,-0.842755,0.406891,0.352426
15.535,2.34325,-12.9825,-0.176591,-0.0119783,-3.5,0,-0.232783,0.278107,-0.931916
4.78075,8.12925,-2.8795,-0.0884292,-0.287101,-3.5,0,0.246645,-0.0855492,-0.965323
23.756,17.677,6.424,-1.03796,-0.424276,-3.5,0,0.114943,0.712278,-0.692422
27.177,6.16412,17.5419,0.0401335,0,-3.5,0,0.798733,-0.136739,0.585942
13.0524,10.2199,20.6604,0.776019,0,-3.9,0,0.318311,0.884382,-0.341388
19.5327,7.25175,18.3699,0.707495,0.192618,-0.94881,0,-0.45338,0.743598,0.491434
21.225,18.9163,-1.65525,0.730601,0,-1.3,0,0.750626,0.659401,-0.0418338
11.7821,0.672625,21.895,0.544328,-0.116428,-3.1448,0,0.644825,-0.659386,0.386537
15.1886,5.792,-10.4125,0.093299,0,2.5,0,-0.211435,0.336625,-0.917594
22.5105,-3.63875,11.914,0.356255,0,-3.2,0,0.203904,-0.595961,0.776694
0.8585,12.2346,1.44738,0.137055,0,-0.8,0,-0.942446,0.230769,0.241951
25.245,23.787,8.82575,-0.882801,-0.529597,-3.5,0,0.926134,-0.211101,0.312588
12.5435,-5.7185,19.3918,0.233938,0,-0.4,0,-0.18299,-0.269429,0.945475
8.89213,-12.4645,12.3872,0.230404,0,-0.7,0,-0.544324,-0.830245,-0.120018
15.3462,20.8084,5.04087,0.335011,0,4.5,0,-0.686553,0.3726,-0.624351
18.6682,4.054,-10.4738,-0.859668,-0.209647,2.5,0,0.544314,0.146535,-0.825984
13.4777,15.9859,11.9756,0.0442583,-0.0571219,0.887143,1,0.137154,0.654941,0.743129
1.126,1.093,4.785,1.13972,0.600331,-3.9,0,-0.670437,-0.125552,-0.731267
19.0233,12.0802,-2.40325,-0.358412,-0.0367866,-1.3,0,0.810726,-0.115231,-0.573973
15.245,-1.17425,1.44975,1.22015,0,4.5,0,-0.328278,-0.45601,-0.827217
23.6264,8.148,21.0335,0.7043,0,-3.5,0,-0.0391978,0.506971,0.861071
16.5416,-4.92875,1.8775,0.681319,0,4.5,0,-0.142508,-0.757606,-0.636966
14.0454,13.3175,-5.909,0.590288,0.362805,-3.37076,0,-0.716213,0.613603,0.332462
20.0029,1.3035,-5.93888,0.56849,0,-0.8,0,0.995024,-0.0906156,0.0414143
9.653,12.3682,-2.0695,0.0254408,0,-3.5,0,0.129436,0.703636,-0.698672
12.686,14.8223,15.1377,0.680147,0,-1.6,1,0.743077,0.567553,0.354572
5.11375,12.4323,14.8722,0.379107,0,-0.4,1,0.129526,0.86542,0.484015
15.1908,8.99875,17.8053,0.626056,0,1.8,0,0.168952,0.788229,0.591735
7.4415,16.1192,3.33925,-0.173259,-0.0637823,-3.5,0,0.231477,0.830465,0.506702
6.80013,-3.75638,2.91287,-1.18956,-0.00628332,-3.5,0,0.173344,-0.314242,-0.933383
20.0971,15.8884,-7.58537,-0.0861607,0,-3.5,0,0.361871,-0.191123,-0.912426
5.92325,8.1325,-2.35675,-0.158103,-0.325704,-0.692147,0,0.505855,-0.0382967,-0.861768
11.8328,-1.1455,19.677,0.357756,-0.74378,1.231,0,0.0654943,-0.563321,0.823638
4.75525,-7.131,11.2125,0.418695,0,3.8,0,-0.441099,-0.542991,0.714558
11.398,14.3927,-8.50606,-0.370499,-0.0871818,-3.5,0,-0.777082,0.478139,0.409301
17.3856,14.9136,13.5731,0.353968,0,4.5,1,-0.0696441,0.948479,0.30909
9.68388,-12.5451,14.8599,0.286989,0,-0.7,0,-0.554562,-0.662283,0.503827
14.9088,18.1581,10.0974,0.878523,0.775186,1.8,1,-0.188448,0.833007,0.520179
3.15725,6.83275,15.9785,0.597176,0,-0.4,0,-0.0987537,-0.334766,0.937112
4.55688,3.23688,-2.37263,-0.212832,-0.133064,-4.18852,0,-0.0742461,0.161795,-0.984027
12.6713,-11.1005,14.2784,0.510105,0,-0.7,0,0.89003,-0.0639444,0.451395
8.08775,5.80131,18.1105,-0.0999258,0,-0.7,0,-0.78619,-0.259558,0.560835
14.7161,14.6176,-6.577,-0.0942252,0,-3.5,0,-0.350461,0.92776,0.128217
12.8525,-13.9475,3.1845,2.55854,0.312406,-3.9,0,0.616287,-0.706882,-0.347143
12.7098,14.6176,-0.758875,0.26507,0,-0.9,0,-0.635465,0.0474544,-0.77067
7.44112,2.4085,18.398,-0.808266,-0.797357,-0.4,0,-0.85269,0.288021,-0.435848
22.2159,-1.57113,13.6235,0.564166,0,-1.81265,0,0.791245,-0.605175,0.0877165
8.99562,-11.7513,14.1337,-0.10605,0,-0.7,0,-0.773387,-0.425595,0.469832
0.195,7.452,11.182,0.537155,0,4.5,0,-0.855468,-0.401765,0.32674
1.82687,7.00975,-2.02813,0.109867,0,-3.5,0,-0.734941,-0.0741085,-0.674069
11.1415,-10.1364,3.13987,0.888265,0,-3.9,0,-0.165383,0.549062,-0.819255
10.5857,-3.56875,-3.986,-9.14598,0,-4.5,0,0.54648,-0.802412,0.239779
26.5384,0.7845,16.0015,-0.608643,-0.390702,-3.5,0,-0.0278423,-0.903074,0.428581
22.2886,18.8072,11.1381,0.272454,0,-3.5,1,0.309021,0.162664,0.937041
10.9486,12.6461,-8.22525,0.0147618,0,-3.5,0,-0.934906,-0.0801064,0.345736
2.13287,13.3741,-1.47875,-1.78813,-0.828584,-0.8,0,-0.868064,0.348173,-0.353893
10.1385,-10.0112,4.07575,0.908862,0,-3.9,0,-0.560116,-0.00114344,-0.828413
9.36263,-8.006,13.7183,1.48921,-0.71177,-1.51427,0,-0.877668,0.401331,0.261978
23.2097,-2.7975,3.8185,0.728042,0,-3.5,0,0.842843,-0.306559,0.44231
4.42163,12.6736,13.9642,0.321993,0,-0.4,1,-0.102077,0.987649,0.11887
26.7887,0.631625,7.52413,1.54906,0,-3.9,0,-0.268884,-0.941429,-0.2035
6.296,3.81713,15.4874,0.878137,-0.0239505,-4.39435,0,0.121639,-0.0887426,0.988599
19.1486,-5.06588,11.3019,0.768734,0,-3.2,0,0.474636,-0.783985,-0.40011
8.43125,-9.62062,14.758,-0.0483659,-0.688814,-0.7,0,-0.642578,0.093367,0.760511
26.7925,12.5273,18.4967,-1.24042,-0.526232,-3.5,0,0.19061,0.981473,-0.0194393
16.5037,16.653,12.3322,0.289906,0,1.8,1,-0.182231,0.536513,0.823982
17.2635,-8.875,12.2417,1.07713,0,-3.2,0,0.199237,-0.601698,-0.773475
17.5082,24.4387,10.8258,-0.574113,0,1.9,1,-0.722318,-0.498871,0.47894
6.52775,5.08675,15.7758,0.905412,-0.61878,-0.7,0,-0.366282,-0.194161,0.910021
9.78175,15.3868,14.2496,0.683592,0,-1.6,1,-0.68535,0.720918,-0.102826
12.5075,15.698,3.69187,-0.127563,0.0361448,-0.954515,0,-0.591381,0.705064,-0.391348
1.25575,7.20525,14.4318,0.514374,0,-0.4,0,-0.960151,0.0747237,0.269308
1.33063,10.9561,7.51813,-0.222295,0,3.53391,0,-0.590061,0.53631,-0.603489
7.50025,-1.94187,-5.63875,-0.62914,-0.310589,-4.5,0,-0.966707,-0.253019,-0.0382023
15.6007,-4.30937,-8.205,0.220675,0,-0.7,0,-0.271914,-0.775329,-0.570024
6.0425,17.4015,3.13275,-0.403487,-0.160439,-3.5,0,0.353119,0.527716,0.772543
15.5872,10.0031,-10.8261,-0.0142568,-0.162993,-3.64692,0,-0.138983,-0.891459,-0.43126
15.8092,-3.891,-4.419,0.325597,0,-0.7,0,0.121844,-0.735237,0.666768
2.10275,10.1955,-2.35225,-0.685914,-0.184894,-2.03616,0,-0.78911,0.0418185,-0.612826
30.5621,1.701,7.6895,2.99249,0.205151,-3.9,0,0.961484,-0.207991,-0.179689
13.578,16.3067,-8.8395,-1.42328,-0.80382,-3.5,0,0.201644,0.90014,0.386118
25.1583,-1.6365,10.9093,0.822209,0,-3.2,0,0.881747,0.251239,0.399251
3.612,16.0485,3.61588,0.278582,0,-3.5,0,-0.432436,0.225143,0.873103
12.981,12.506,-1.859,-0.984882,-0,2.8,0,-0.564873,0.764153,-0.31143
1.152,2.407,13.6397,0.489262,0,-4.5,0,-0.714574,0.167645,0.679175
25.2171,26.0273,5.67788,1.4631,0,-3.5,0,0.46042,0.792035,-0.400867
10.2131,15.6236,13.3245,0.860666,0,-1.6,1,-0.548122,0.829738,-0.105342
0.284375,0.062875,6.88788,1.01271,0,1.9,0,-0.637687,-0.550513,-0.538787
1.67062,8.4015,15.448,0.290272,0,-0.4,0,-0.695056,0.226606,0.68231
11.2022,-11.5243,2.438,2.38567,0.297177,-3.9,0,-0.212785,0.504172,-0.836978
24.446,14.2467,7.29163,0.833388,0,-3.9,0,0.687938,0.0586728,0.723394
0.9205,7.82288,6.01188,0.613143,0,-2.63356,0,-0.70168,0.686253,-0.191578
20.4114,1.02112,-2.35013,1.24572,0,-1.6,0,0.905332,-0.422485,0.0433648
2.678,3.32275,0.704,-0.662654,-0.0945372,-3.5,0,-0.944556,-0.304011,0.124064
24.0069,12.4756,14.1602,0.609262,0,-3.9,0,0.842021,0.27144,-0.466178
12.699,-10.67,7.16925,0.740095,0,-3.9,0,0.953425,-0.145471,0.264234
8.32225,-8.4775,5.3675,0.0226051,0,-3.9,0,-0.772774,-0.298523,-0.560093
24.8355,18.0025,8.01075,-1.37478,-0.183613,-3.5,0,0.851438,0.491585,0.182749
21.1419,5.456,23.4141,-1.09899,-0.0602546,-3.5,0,-0.177581,0.168673,0.969543
13.6025,-7.24425,17.8178,0.474275,0,-0.4,0,0.190931,-0.939329,0.284967
28.7467,0.36975,8.96875,2.34976,0.548147,-3.9,0,-0.061364,-0.885025,0.461482
12.9249,8.83037,17.815,0.478685,0,-1.89707,0,-0.319467,0.941837,0.104331
2.79075,0.45375,11.1585,0.643954,0,-4.5,0,0.193168,-0.939575,-0.282639
8.819,-10.979,5.90425,0.452668,0,-3.9,0,-0.939395,-0.341706,0.0278285
24.5572,1.83487,7.56537,0.888807,0,-2.24437,0,0.11772,-0.981559,-0.150612
6.268,-4.96125,18.9759,2.96959,0.266697,-3.9,0,-0.443884,-0.354483,0.822988
22.89,12.456,2.824,0.522122,0,-3.9,0,0.603864,0.183067,-0.77578
18.6005,-8.9775,5.63375,2.16475,0.589129,-3.9,0,-0.443019,-0.89645,0.0105114
7.97813,15.7225,-1.3475,-1.07804,-0.305709,-0.4,0,0.393377,0.836497,-0.381481
18.1388,-6.06925,16.6493,0.0719622,-0.00302655,-3.2,0,0.0714129,-0.430909,0.899565
11.0885,-8.20175,15.4878,0.557876,0.115558,-0.443061,0,0.3814,-0.758834,0.527925
13.0945,10.275,-10.7425,-0.41783,-0.202181,-3.5,0,-0.549974,-0.702391,-0.451858
28.26,2.055,16.439,-0.177336,0,-3.5,0,0.492176,-0.198328,0.847602
14.1678,3.1675,-12.5585,-1.20526,-0.487016,-3.5,0,-0.340771,0.619831,-0.706884
5.21788,18.2178,-0.98925,0.454387,0.0139434,-3.5,0,0.667827,0.333141,-0.6656
23.9147,10.7155,11.2978,0.352703,0,3.8,0,0.633965,0.405019,0.658824
17.1086,18.2985,-12.9395,2.53794,0.0934618,-3.9,0,-0.159093,0.426714,-0.890283
18.0134,-10.0614,15.3939,0.370779,0,-3.2,0,-0.233098,-0.71789,0.655972
25.6467,1.384,13.9066,0.229752,0,-3.5,0,0.23494,-0.953431,-0.189134
10.1973,15.4171,2.83975,-0.584687,-0.749942,-3.5,0,0.403887,0.905645,-0.129162
20.1928,-5.08725,9.14875,0.76041,0,-3.35826,0,0.0930505,-0.960631,0.261781
8.563,-1.7995,24.219,-0.476104,0,-3.5,0,0.373795,-0.916641,-0.141586
21.961,15.4124,-1.421,0.446497,0,-1.3,0,0.966812,-0.217835,0.133502
21.8914,14.7529,-5.65013,-0.584854,-0.863196,-3.5,0,0.963978,-0.0111171,-0.265751
5.665,-4.14475,6.19075,-0.321851,0,-3.62232,0,-0.558137,-0.826736,-0.070638
2.03813,10.8427,14.9777,-0.637085,-0.0251646,-0.4,0,-0.594665,0.473312,0.649884
21.0405,16.547,10.6702,0.0109258,0,-1.41566,1,-0.108253,-0.0573655,0.992467
16.8738,-7.31838,15.5945,-0.0161275,-0.146407,-3.2,0,-0.539059,-0.563401,0.626095
20.6805,6.74175,21.676,-0.428037,-0.214075,-3.5,0,-0.686955,0.678592,0.260013
20.115,23.8525,6.8605,0.967292,0.179259,1.9,0,-0.187945,0.207447,-0.960022
-0.936,10.9338,10.4351,0.247753,0,4.5,0,-0.826825,0.35008,0.440232
21.5375,-2.07275,6.44875,0.765503,0.47748,-0.8,0,0.990584,-0.109271,-0.0824834
16.0346,0.795125,20.3298,-0.14701,-0.918763,-0.611578,0,0.250471,-0.320416,0.913563
9.187,-12.2369,6.2195,0.530716,0,-3.9,0,-0.833792,-0.470438,0.288926
2.5205,4.37275,-1.55775,-1.39038,-0.000884543,-3.5,0,-0.775258,-0.348641,-0.52671
-1.604,5.8715,4.932,0.664794,0,-3.9,0,-0.817375,0.377476,-0.435213
12.596,-3.4185,9.17825,1.41508,0,4.2,0,0.36966,-0.726629,-0.579105
13.6344,-3.40175,-4.73763,-0.385557,-0.55226,-0.7,0,-0.33142,-0.935052,0.125855
18.778,-5.987,11.725,0.826914,0,-3.2,0,0.508378,-0.501611,-0.699956
0.1345,7.20888,4.08575,0.437749,0,-3.9,0,-0.598205,0.665679,-0.446118
19.1744,27.6466,7.51062,0.740464,0,1.9,0,0.461596,0.523322,-0.716284
22.454,7.742,3.2015,-0.442797,-0.230243,1.93862,0,0.88581,0.434769,-0.162225
10.6116,-9.02275,3.94237,0.572434,0,-3.9,0,0.311329,0.278247,-0.908654
18.788,14.1904,-9.98888,0.468003,0,-3.9,0,0.981721,0.03868,0.186356
14.0398,-9.56538,10.8188,0.658692,0,-0.8,0,0.417889,-0.809043,-0.413301
17.051,-2.31087,0.30475,0.847395,0,4.5,0,-0.606915,-0.388277,-0.693467
21.4713,-2.92563,19.3019,0.20458,0,3.8,0,0.345707,0.0892653,0.934087
13.3905,-2.87888,8.31513,1.46286,0,-0.0458926,0,0.193193,-0.979551,0.056181
11.4521,14.419,16.8159,0.467153,0,-1.6,0,0.0430986,0.498931,0.865569
0.93475,6.403,12.0378,0.106102,-0.342942,-0.4,0,-0.937302,-0.139037,0.319583
4.07775,2.8675,15.4724,1.49667,0,-4.5,0,-0.375639,0.00384026,0.926758
7.31787,-4.00537,12.6477,0.678935,0,-2.7712,0,-0.814382,0.309882,0.490667
13.9558,18.3368,1.91625,0.0016401,0,-0.9,0,-0.684384,0.704565,0.187637
2.44,-0.08825,1.015,0.912901,0.00894953,-4.5,0,-0.748575,0.434591,-0.500765
11.9955,13.7729,0.051125,0.0891481,0,-0.9,0,-0.488092,0.267208,-0.830883
21.2655,-7.72375,5.10525,2.37795,0.199799,-3.9,0,0.755965,-0.405587,-0.513825
11.5323,1.55813,23.2954,0.00876255,0,-3.5,0,0.682931,-0.348426,0.642032
11.5808,12.6777,-0.2875,0.0159926,0,-3.5,0,-0.109297,0.729975,-0.674678
19.6984,17.5742,10.7778,-0.790973,-0.219809,-3.5,1,0.0222288,-0.307281,0.951359
30.44,2.743,7.848,3.10925,0.0167823,-3.9,0,0.847051,0.520003,-0.110005
6.60875,-2.27387,18.1056,1.46627,0,-3.9,0,-0.604043,0.52032,0.603654
7.36575,2.48875,-1.9665,0.380999,0,-4.5,0,0.359776,0.692976,-0.624776
13.5789,-12.8062,3.437,2.75166,0.823049,-3.9,0,0.965469,-0.0412041,-0.25724
11.4277,-0.259625,20.844,0.90363,0.525387,-3.5,0,0.3482,-0.789946,0.50472
11.5825,9.63062,25.2709,2.04589,0.923878,-3.9,0,-0.557772,-0.164199,0.81359
26.7495,10.292,8.6525,0.310155,0,3.8,0,0.499546,0.85685,-0.12752
-0.8975,0.1595,8.93975,1.26614,0,1.9,0,-0.907089,-0.255409,0.334597
16.0805,14.1824,13.9905,0.417853,0,4.5,1,-0.473044,0.81107,0.344085
14.8405,-2.82812,-9.03675,-0.247947,0,-3.25707,0,-0.12767,-0.756769,-0.641094
16.6264,27.7292,8.8305,0.314399,0,1.9,0,-0.868945,0.494451,0.0212769
-0.685562,9.57981,10.5427,0.3251,0,4.5,0,-0.960304,-0.0390236,0.276213
5.03675,-4.349,17.822,2.93384,0.14207,-3.9,0,-0.92498,-0.216953,0.312
15.6219,-4.2105,19.0567,-0.337119,-0.0245393,3.8,0,-0.0379882,-0.683676,0.728796
5.11412,3.21837,15.7956,0.964165,0,-4.5,0,-0.0176579,-0.048471,0.998668
28.3031,8.58212,17.3447,-1.85286,-0.179497,-3.5,0,0.993109,-0.0999743,0.0611474
22.3403,10.4003,-0.267375,0.17946,0,4.2,0,0.91238,0.408621,-0.0243241
13.3274,-3.51737,4.09288,1.22088,0,-0.9,0,-0.151959,-0.957536,-0.245015
19.0023,-0.69775,-1.54762,1.06675,0,-1.6,0,0.694877,-0.719013,0.0128769
17.9899,-5.1875,9.77687,0.70942,0,-3.9,0,0.239587,-0.969483,0.0519757
10.8985,9.4105,23.365,2.45666,0,-3.9,0,-0.941897,0.0488581,0.332329
0.97475,11.6407,0.364375,0.237383,0,-0.8,0,-0.975181,0.00301309,-0.221388
26.8555,10.5724,20.8921,-0.901731,-0.14525,-3.5,0,-0.0536276,0.297899,0.95309
12.0025,-12.8217,14.0274,0.35978,0,-0.7,0,0.673922,-0.660495,0.331022
18.4304,-1.7305,19.185,0.173696,0,3.8,0,0.18097,0.0581767,0.981766
22.6157,8.15862,4.251,-0.332722,0,-3.9,0,0.856223,0.00716447,-0.516556
24.0096,23.4905,5.74888,4.23592,0,-3.5,0,-0.208099,-0.722263,-0.659568
-1.48913,2.53875,5.14663,2.16371,0,-3.9,0,-0.608128,-0.688586,-0.395007
15.1952,-0.445375,-2.01737,0.999491,0,-1.6,0,-0.18409,-0.838317,0.513162
14.1931,4.81462,21.458,0.861786,0.227611,-2.37804,0,0.455186,0.121299,0.882095
7.94938,16.6019,2.02262,-0.55864,-0.836233,-3.5,0,0.389152,0.92089,-0.0228635
0.6655,2.7685,10.1823,1.30129,0.291403,-1.14953,0,-0.838744,0.493568,0.229996
12.55,2.83538,23.2681,-1.14786,-0.0582845,-3.5,0,0.6499,0.0485842,0.758466
29.02,1.40125,9.845,2.80225,0.180247,-3.9,0,0.0751107,-0.352476,0.932802
14.78,-7.61375,13.9375,0.64051,0.163594,-0.8,0,0.00842042,-0.282196,0.95932
28.4415,4.42737,8.55275,1.16419,0.107752,-3.9,0,0.665056,0.72209,0.190491
16.894,2.89625,-13.0929,0.865569,0.741949,-3.5,0,0.195182,0.523362,-0.829455
17.592,13.2854,18.3031,0.431073,0,4.5,0,-0.272054,0.16988,0.947168
11.9305,-12.3512,2.15925,3.17456,0,-3.9,0,0.273025,0.216402,-0.937351
12.6552,0.1135,20.6047,0.51845,0.00651747,-0.8,0,0.0993143,-0.640298,0.76168
20.2591,-9.28238,14.8319,-0.438562,0,-3.2,0,0.784484,-0.573232,-0.236623
28.0844,5.556,14.6444,0.440757,0,-3.5,0,0.96314,0.234327,-0.132108
9.331,-12.6267,5.198,0.71873,0,-3.9,0,-0.871402,-0.440988,-0.214912
20.5625,7.95487,19.1811,1.3246,0.531615,-3.5,0,-0.539585,0.811127,0.225659
15.485,0.15325,-12.491,0.672192,0,-3.5,0,-0.148737,-0.490759,-0.858506
9.22775,-4.08925,-4.031,-4.8745,0,-4.5,0,0.0344165,-0.871453,0.489269
3.083,2.259,15.079,0.91269,0,-4.5,0,-0.409748,-0.0822794,0.90848
6.51225,0.093,25.5287,-1.30228,-0.0429548,-3.5,0,-0.757316,0.356299,0.547287
20.4527,1.805,-1.21962,0.973482,0,-1.6,0,0.817421,-0.510967,0.265963
23.766,14.1775,16.9935,0.959864,0,-3.9,0,0.162306,0.969133,0.185573
4.96525,-6.04575,11.6482,0.507357,0,3.8,0,-0.544638,0.128164,0.82882
23.56,0.981375,5.647,0.382995,0,-2.36231,0,0.6819,-0.667415,0.29928
7.6405,2.6115,20.5889,-0.460236,-0.130267,-2.12218,0,-0.67603,0.707017,0.207632
10.4621,-0.593375,22.4239,0.360168,0,-3.5,0,0.49011,-0.870598,0.0430325
24.0287,-0.1865,4.19775,-0.269853,-0.828987,-3.5,0,0.764564,-0.402484,0.503437
16.0322,13.6795,15.2727,0.412346,0,4.5,1,-0.455639,0.887125,0.073504
15.4816,15.277,-12.4928,0.763317,0,-3.9,0,-0.69717,-0.158389,-0.699191
13.2095,13.2,-0.994,-0.158498,-0.0104339,2.8,0,-0.598353,0.492139,-0.632277
21.5219,-4.83787,8.10713,0.56303,0,-3.2,0,0.239995,-0.910913,-0.335618
9.236,17.7325,7.68825,0.124119,0,-1.3,0,-0.544995,0.836157,-0.0618154
11.5269,-11.4251,15.2983,0.442312,0,-0.7,0,0.393917,-0.0153568,0.919018
13.5265,-1.89125,1.8685,1.82329,0.392452,-0.9,0,-0.00852914,-0.625408,-0.780251
5.53325,11.459,15.7367,0.479527,0,-0.4,1,0.264064,0.394145,0.880295
2.45125,13.5021,7.11125,0.334427,0,1.9,0,-0.752581,0.648819,0.112499
11.9505,17.0917,8.60725,-0.392761,0,-1.14466,1,0.0775434,0.952938,0.293081
10.3042,-5.24225,4.18175,0.378627,0,-3.5622,0,0.473498,0.0748527,-0.877608
14.6147,-3.3945,-4.19375,-0.057218,0,-0.7,0,0.109759,-0.696692,0.708924
9.912,-7.63112,3.66337,-0.384347,-0.545646,-3.9,0,0.087024,-0.155968,-0.983921
8.5575,-0.415375,26.5225,-1.57338,-0.867677,-3.5,0,-0.152055,-0.396994,0.905138
25.2983,10.5883,9.48238,0.319195,0,3.8,0,0.46524,0.858819,0.214433
8.77413,15.0226,10.545,0.33322,0,-1.3,1,-0.680742,0.541698,0.493105
1.96637,4.44562,-0.256125,-2.33902,-0.687987,-3.5,0,-0.974889,-0.222253,0.0139703
9.40713,17.297,5.15725,-0.695746,0,-1.3,0,-0.713745,0.590099,-0.377294
7.95325,-5.644,17.228,2.28581,0,-3.9,0,0.174092,-0.86612,0.468538
6.69362,-8.45325,7.01487,-1.11733,-0.334722,3.8,0,-0.748848,-0.468762,-0.468497
22.7779,-1.64863,15.4784,0.329758,0,3.8,0,0.933767,-0.313703,-0.172251
10.8894,3.68575,-6.12537,0.256134,0,2.5,0,-0.83851,0.279582,-0.46769
16.5268,14.6528,-12.8805,0.507465,0,-3.9,0,-0.0960377,-0.160729,-0.982315
22.0115,8.04225,1.8615,-0.501544,-0.240043,-3.14133,0,0.927006,0.215647,-0.306848
6.034,-4.931,5.068,-0.915523,-0.115875,-3.5,0,-0.565742,-0.823192,0.0478616
25.1555,1.063,12.9965,0.473541,0,4.5,0,0.505693,-0.861993,-0.0352453
27.156,6.00125,11.111,0.243374,0,3.8,0,0.993908,-0.10254,0.0404003
15.051,-6.79225,17.073,0.297769,-0.213203,-1.87761,0,0.328486,-0.930798,0.160348
21.101,7.1655,-6.29725,0.260821,0,4.2,0,0.626007,-0.774792,0.0883873
12.9535,14.3665,-10.8308,-0.919002,-0.118721,-3.5,0,-0.209524,0.134107,-0.968563
27.7307,6.44887,16.2344,0.10549,0,-3.5,0,0.962666,-0.0948779,0.25352
6.2605,3.9785,-0.696375,-0.449207,-0.176822,-3.81373,0,0.940448,0.00817725,-0.339839
28.9594,3.68725,7.01025,1.59764,0,-3.9,0,0.720259,0.472278,-0.508114
12.6911,-2.08775,-7.171,0.473872,0,-0.7,0,-0.859678,-0.458614,-0.225003
15.4495,18.9813,9.051,0.773767,0.422547,1.8,1,-0.474075,0.665748,0.576222
2.00213,11.1255,10.684,0.142451,0,4.5,1,0.286412,0.866393,0.409061
6.703,1.3055,22.387,0.17431,0,-3.5,0,-0.914512,0.301087,-0.270211
12.4867,11.5363,-11.06,-0.468955,-0.100853,-3.5,0,-0.655225,-0.266557,-0.706844
14.2972,9.973,22.7535,1.85773,0,-3.9,0,0.912425,0.389179,-0.126574
10.3249,-1.24881,-0.13775,3.70435,0.0132712,-3.9,0,-0.603613,-0.745518,-0.282586
24.426,23.0847,9.60975,-0.881339,-0.290421,-3.5,0,0.592426,-0.563118,0.576133
19.9565,26.2638,11.152,-0.250444,0,1.9,0,0.291542,0.61212,0.735059
8.71863,-4.37825,-5.62475,-1.74671,-0.879702,-4.5,0,-0.315868,-0.938944,-0.136427
24.2426,11.6287,9.24263,0.345747,0,3.8,0,0.927339,0.372924,-0.0311348
3.037,-2.334,0.946,0.831757,0.267546,-4.5,0,-0.0969064,-0.709894,-0.69761
2.50475,16.0611,2.61713,0.283814,0,-3.5,0,-0.879752,0.179653,0.440184
13.4318,-11.8186,3.98738,2.11414,0,-3.9,0,0.98357,0.0823788,-0.160634
0.70075,0.0425,11.5395,0.820849,0.660935,-4.5,0,-0.580652,-0.805308,0.119673
13.6354,3.73125,-10.0505,0.182321,0,2.29782,0,-0.845578,0.240941,-0.476389
7.54006,4.81369,16.9433,-0.44549,-0.829074,-0.7,0,-0.780407,-0.410032,0.472057
25.0931,2.972,4.898,0.683853,0.0614304,-3.9,0,0.648305,-0.105819,-0.753992
17.0014,-5.98225,4.90137,1.2216,0,-0.940696,0,-0.775309,-0.515988,-0.364214
4.856,-2.7075,8.8805,0.642851,0,2.91941,0,-0.792767,-0.119015,0.597792
14.69,0.784125,-0.362875,0.689263,-0.962906,-1.6,0,-0.328632,-0.92089,0.209671
9.749,9.43575,15.1722,0.575327,-0.186018,-1.46031,1,-0.39231,0.552988,0.735049
25.7638,23.3043,6.56887,8.08982,0,-3.5,0,0.643276,-0.753812,0.134028
24.1971,11.7769,19.557,1.16921,0.322497,-3.9,0,-0.125582,0.336422,0.9333
24.1341,-0.974875,3.53413,0.381105,-0.0671424,-3.5,0,0.934888,-0.318242,0.157181
27.4325,9.4825,16.0935,-0.821524,0,-3.5,0,0.421206,0.627611,-0.654744
16.986,26.3032,10.4593,-0.610293,0,1.9,1,-0.804315,0.21651,0.553354
0.35075,4.6015,2.96075,0.576194,0,-3.9,0,-0.48552,-0.209715,-0.848699
25.9428,14.3313,4.18787,1.67436,0,-3.9,0,0.881321,0.0584998,-0.468883
15.2265,-1.15038,-11.5843,0.45455,0,-3.5,0,0.0193305,-0.762762,-0.64639
19.911,5.86525,21.944,-1.29891,-0.0470317,-3.5,0,-0.85328,0.417892,0.311897
9.85763,8.73487,17.9112,0.31475,0,-0.7,0,-0.103732,0.955714,0.275409
15.4936,3.24012,-12.3789,-0.59494,-0.512142,-3.5,0,-0.010189,0.812357,-0.583071
23.9125,-1.93912,2.93275,0.639341,0,-3.5,0,0.944205,-0.318365,-0.0843812
4.44675,-3.06838,1.50487,1.05304,0.201908,-4.5,0,0.164448,-0.658661,-0.73425
18.458,2.89637,-10.1501,-0.149214,-0.359819,1.28024,0,0.765427,-0.185717,-0.616142
20.1105,7.483,-7.8415,0.426494,0,4.2,0,0.622728,-0.604696,-0.496541
11.3527,5.636,-2.19325,0.0412373,0,-0.0670785,0,-0.921904,-0.378426,-0.0829817
19.6992,10.1764,-10.5364,-1.52813,-0.0945085,-3.9,0,0.856251,0.0558677,-0.513531
19.8285,12.7963,-4.7285,-0.414364,0,-3.5,0,0.400936,-0.747491,0.52963
21.8062,-4.45225,3.407,0.301912,0,-3.5,0,0.623086,-0.776173,0.0965331
17.0364,-1.11662,19.1575,0.113787,0,3.8,0,0.220174,0.210132,0.952559
26.54,9.368,10.8095,0.327273,0,3.8,0,0.634675,0.661224,0.399963
7.5875,2.51712,15.0275,0.869684,0.152407,-1.2844,0,-0.345431,0.22182,0.911851
7.18575,-1.11325,16.987,0.998576,0,-3.1259,0,-0.926848,0.287757,-0.241139
21.7094,20.839,1.48525,3.20768,0.309953,-3.9,0,0.944175,0.316879,-0.0901137
20.3438,-8.2865,6.699,2.6616,0.184491,-3.9,0,0.4059,-0.630727,0.661383
2.79638,14.4558,-0.172125,-0.0691877,0,-1.25863,0,-0.93949,0.330822,-0.0889649
8.08337,8.22987,18.045,0.374923,0,-0.7,0,-0.661057,0.723355,0.199404
17.0888,27.1925,9.79075,0.167128,0,1.9,0,-0.636291,0.560309,0.530271
18.7449,14.5761,14.9514,0.345084,0,4.5,1,0.380912,0.917709,-0.112766
15.0655,21.8948,7.47813,0.234159,0,4.5,0,-0.70851,0.519249,0.477906
-0.9165,10.2021,9.057,0.287554,0,4.5,0,-0.979366,0.0119391,-0.201741
6.9685,-0.549,-5.7075,0.468084,0,-4.5,0,-0.991519,0.0140472,-0.129202
23.42,-1.4885,8.5085,0.26908,0,-3.2,0,0.45484,0.279507,-0.845575
13.5162,-1.047,19.8584,0.743319,0.672214,-0.499446,0,-0.0689308,-0.468195,0.880933
2.36375,8.56,0.432125,0.888085,0,-1.93917,0,-0.99718,-0.0703735,0.0260593
5.7,-4.69187,3.612,-1.65039,-0.485793,-3.5,0,-0.265042,-0.857508,-0.440944
19.4524,-8.476,16.6579,-0.300127,0.107372,-3.2,0,0.138272,-0.119368,0.983175
16.9258,0.3095,19.423,0.142708,0,2.8,0,0.193654,-0.524716,0.828958
10.2889,-7.84837,16.089,0.151664,-0.465407,-0.4,0,-0.537863,-0.64718,0.540243
12.534,9.53075,-8.5505,-0.699962,-0.250332,-3.23535,0,-0.785889,-0.586563,-0.19576
12.2273,7.724,24.3185,0.767708,0,-3.9,0,-0.196877,-0.622247,0.757659
19.2711,-7.326,8.23475,1.0289,0,-3.9,0,0.327269,-0.511201,0.794713
20.222,5.49625,-3.959,-0.648288,-0.317041,2.82985,0,0.805805,-0.149131,-0.573095
25.1085,-2.733,11.0983,0.431321,0,-3.2,0,0.737478,-0.221749,0.63793
24.6006,1.16613,3.29288,-1.14053,-0.0605225,-3.5,0,0.944985,-0.058177,-0.321898
25.6506,12.7004,3.8685,0.733194,0,-3.9,0,0.721746,-0.255674,-0.643206
9.20862,13.9028,15.7887,0.440799,0,-1.6,1,-0.82455,0.0463491,0.563887
23.487,24.5175,5.22412,4.05849,0,-3.5,0,-0.294135,-0.212333,-0.931879
27.3342,10.175,16.9487,-1.28995,-0.421709,-3.5,0,0.657504,0.402102,-0.637183
19.2265,-9.64625,16.129,-0.107026,0.165699,-3.2,0,0.0551147,-0.779396,0.624103
16.6812,3.91537,-10.6412,0.147206,0,1.43513,0,0.169826,0.566735,-0.806207
13.7624,16.9653,3.01075,-0.363411,0,-0.9,0,-0.829919,0.552769,0.0753671
23.9735,23.9225,10.1777,-0.601213,-0.475274,-3.5,0,0.423824,0.218511,0.878992
15.5004,9.32588,-9.327,0.0732785,0,-3.482,0,-0.246351,-0.641879,-0.726156
8.811,-5.057,3.88925,0.0456405,-0.306472,-3.62491,0,0.0529742,-0.0702482,-0.996122
21.3985,14.6528,-2.26338,0.226245,0,-1.3,0,0.91331,-0.352462,-0.204047
4.97825,11.1473,9.78325,-0.0703315,0,3.8,1,-0.514785,0.796626,0.316833
17.0559,-8.8015,15.4156,0.0656983,0,-3.2,0,-0.580447,-0.284949,0.762814
15.092,15.1615,-5.185,0.268554,0,-3.5,0,-0.656822,0.7539,-0.0148423
7.07288,0.946875,13.3365,0.126682,-0.0183146,1.8,0,-0.52331,-0.700825,0.484759
8.714,-7.589,3.885,-0.556737,-0,-3.9,0,-0.587932,-0.379821,-0.714194
16.3371,10.4046,-11.895,0.0293722,0,-3.9,0,-0.0638707,-0.538796,-0.840012
18.7442,-9.31075,12.7219,0.47,0,-3.2,0,0.386924,-0.495719,-0.77753
6.18375,14.2977,-2.657,0.345524,-0.113543,-0.4,0,-0.0849265,0.546979,-0.832827
26.386,9.463,21.1448,-0.101062,0,-3.5,0,0.0866969,-0.0684769,0.993879
13.995,-3.22325,3.05475,0.896521,0,4.5,0,-0.513371,-0.744889,-0.426134
10.3214,0.519625,25.2061,-1.29073,-0.896382,-3.5,0,0.872854,0.0161189,0.487715
18.459,-0.348,-9.711,-0.533851,-0.394664,-0.8,0,0.78765,-0.446483,-0.424571
0.51025,0.48475,12.875,1.3177,0.0334004,-4.5,0,-0.906461,-0.236456,0.349882
6.99025,1.87738,19.7952,-1.18787,-0.00159517,-0.4,0,-0.982425,0.181089,0.04525
6.08875,-0.852,2.98038,0.658553,-0.0824935,-4.40705,0,0.526413,-0.246128,-0.813824
23.054,2.849,20.5275,0.667421,0.131466,-3.5,0,0.676103,-0.736807,0.000870501
20.7739,18.6805,-2.93138,0.930227,0.00851551,-1.3,0,0.432664,0.640648,-0.634328
16.758,19.5326,9.35087,0.36977,0,4.46654,1,-0.365231,0.557404,0.745592
19.5956,1.35538,-0.1705,1.46015,0,0.546766,0,0.89093,-0.454059,-0.00854714
4.35763,19.1779,-0.700125,1.11581,0.910123,-3.5,0,0.0394023,0.89774,-0.43876
14.294,16.4366,-10.1454,-0.347456,-0.308674,-3.7078,0,-0.265784,0.963341,0.036512
27.1815,5.64162,12.3949,0.801057,0.0779564,3.8,0,0.984916,-0.0617172,-0.16165
26.4613,6.04238,18.5629,-0.250778,-0.182234,-3.5,0,0.838685,-0.493687,0.229958
7.19875,-6.22463,5.092,-0.0186036,0,-3.5,0,-0.672333,-0.498339,-0.547382
29.4805,2.81725,14.299,1.28156,0.768165,-3.5,0,0.935661,0.216071,-0.279018
4.02625,17.92,-1.42475,0.278324,0.00217107,-3.5,0,-0.111882,0.212465,-0.970743
10.5964,-2.10425,19.0655,0.203843,-0.0814234,0.164448,0,-0.12033,-0.515931,0.848137
-1.947,4.1335,7.23912,1.26524,0,-3.9,0,-0.727435,0.0671328,0.682884
3.2405,0.604,14.5863,1.15263,0.135793,-4.5,0,-0.0649116,-0.463427,0.883754
21.9845,-3.92738,0.869125,0.726099,0,-3.5,0,0.495688,-0.513431,-0.700487
22.6614,22.8046,10.322,0.326818,0,1.9,0,0.363436,-0.200533,0.909781
14.8197,-9.482,12.9117,0.518795,0,-0.8,0,0.145288,-0.922944,0.356462
6.65863,-6.93363,11.6144,0.538135,0,3.8,0,-0.304709,-0.307703,0.901372
24.4212,8.50788,5.78875,-0.9306,-0.290226,-3.9,0,0.644694,0.112727,-0.756083
7.95937,-9.30975,6.7245,-0.2543,0,-3.9,0,-0.755733,-0.630835,-0.175826
21.4217,17.5278,-0.8475,0.568225,0.0511303,-1.76663,0,0.982809,0.139529,0.120908
4.4115,13.168,-2.84488,-0.115713,-0.321816,-0.704075,0,-0.270362,0.277972,-0.921757
1.7935,-2.77837,2.27962,-0.0758286,0,-4.5,0,-0.472615,-0.848245,-0.238986
28.6143,1.9095,6.31575,1.89795,0,-3.9,0,0.347335,-0.0885361,-0.933552
19.1583,28.3452,8.39363,0.465576,0,1.9,0,0.291096,0.953389,-0.0794487
13.1669,2.51388,22.1782,-0.226704,-0.00438209,-0.906564,0,0.586761,-0.124256,0.80017
17.9084,18.7884,-12.592,2.41977,0.391205,-3.9,0,0.346703,0.690546,-0.634778
7.4225,1.719,21.4665,0.133609,-0.0325111,-3.19148,0,-0.930559,0.366141,0.00118019
16.4949,-6.00562,17.2725,-0.790407,-0.28548,-3.2,0,0.159807,-0.645727,0.746658
17.3757,16.533,-3.48225,0.146499,0,-2.29487,0,-0.588632,0.690515,-0.420357
12.9746,15.5437,-8.01338,-1.13033,-0.0312258,-3.5,0,-0.291924,0.572281,0.766339
20.5007,-2.35625,0.45,0.846311,0.121807,-3.5,0,0.155543,0.241584,-0.957833
26.8201,1.784,13.4454,0.467164,0,-3.07828,0,0.11963,-0.635613,-0.762683
10.0212,-3.5785,18.2412,0.403263,-0.100683,-0.879763,0,-0.0442641,-0.482049,0.875026
12.863,9.614,19.3172,0.518896,0,-3.9,0,-0.224227,0.843435,-0.488201
7.2575,-5.20675,18.9505,2.14528,0.865365,-3.9,0,0.264104,-0.506615,0.820726
4.05188,-3.60763,2.81612,-0.113497,0,-4.5,0,-0.285293,-0.899572,-0.330724
10.1895,-11.8604,15.4487,0.338156,0,-0.7,0,-0.277441,-0.34128,0.898084
9.959,-3.81238,-5.78363,-1.79592,-0.0846461,-4.5,0,0.548236,-0.725096,-0.41674
12.3871,16.3412,1.3865,-0.197903,0,-0.9,0,-0.758779,0.617621,0.206879
12.1182,-4.0955,19.4515,-0.480171,-0.265638,1.4653,0,-0.323929,-0.158423,0.932723
12.4849,-2.70362,-5.6105,0.543375,0,-0.7,0,-0.433387,-0.868671,-0.239972
22.2502,13.6882,2.5675,0.762998,0,-3.9,0,0.781648,0.20539,-0.588932
11.0346,5.192,-1.22287,0.192329,0,2.51084,0,-0.730353,-0.333264,-0.596254
25.6286,11.087,16.3351,0.291498,-0.189376,-3.74317,0,0.630741,0.178841,-0.755104
13.281,-3.25388,-6.69362,0.357188,0,-0.7,0,-0.596678,-0.791777,-0.13063
25.1782,23.6252,7.69075,2.72415,0,-3.5,0,0.690616,-0.652879,0.311125
2.15825,7.304,1.338,0.156879,0,-3.5,0,-0.991109,0.0756121,-0.109477
6.1295,14.4373,6.419,0.317412,0,4.39154,0,-0.427439,0.902531,0.0522922
13.9712,-7.14325,10.1909,1.27861,0,-0.8,0,0.202371,0.060129,-0.977461
22.837,-0.151875,7.04012,0.405518,0,-0.8,0,0.854122,-0.506239,-0.119155
27.1075,8.42078,10.9705,0.394072,0,3.8,0,0.893785,0.43626,0.10405
4.73719,16.3223,3.70366,0.294629,0,-3.5,0,-0.176324,0.365376,0.914008
11.3387,9.10437,19.7416,0.578483,0,-3.9,0,-0.448438,0.709867,-0.543131
9.11381,2.81925,23.199,0.141651,0,-3.5,0,-0.307666,0.847482,0.43257
23.5314,6.16644,21.9339,0.41217,0,-3.5,0,0.392383,0.370856,0.841726
21.6342,-3.71613,15.7616,0.411601,0,3.8,0,0.553315,-0.401301,-0.729931
8.73325,-10.171,6.89769,0.317893,0,-3.9,0,-0.807911,-0.576437,0.122476
11.0188,11.2133,16.4351,0.608309,0,-1.6,0,-0.364743,-0.437075,0.822148
16.6976,-0.775375,-2.01163,1.25929,0,-1.6,0,-0.218232,-0.943981,0.247538
22.7538,23.2302,6.28081,3.1241,0,0.560445,0,0.0591742,-0.548226,-0.834235
11.619,11.7717,-10.4006,0.0196955,0,-3.5,0,-0.778551,-0.359899,-0.514131
8.002,-10.2704,11.8684,0.140077,0,-0.7,0,-0.920419,-0.168073,0.352959
14.1807,14.958,12.185,0.546429,0,0.375839,1,0.298762,0.560495,0.77239
26.1894,4.23569,5.61175,0.743661,0,-3.9,0,0.488687,0.0182835,-0.872267
7.40562,-9.1335,8.1365,-0.0321475,0,3.8,0,-0.623783,-0.734747,-0.266535
22.8987,6.16394,1.14925,0.347634,0,4.2,0,0.613792,0.270157,-0.741805
16.7265,-0.224625,-12.0526,0.553975,0,-3.5,0,0.2501,-0.751617,-0.610345
20.3104,22.9346,10.7031,0.641008,0,1.9,1,-0.0217673,-0.371821,0.928049
15.9706,-9.10656,12.0932,0.514739,0.317504,-2.08001,0,0.335589,-0.837078,-0.432065
12.3072,-2.1055,3.02912,0.86136,0,-0.9,0,-0.361726,-0.823918,-0.436249
26.1995,8.13488,13.1453,0.611387,0,3.8,0,0.457667,0.842331,0.284638
22.5669,5.94075,22.4573,-0.3996,-0.036876,-3.5,0,0.379878,0.327087,0.865278
11.9225,4.978,22.546,0.144798,-0.0610045,-3.5,0,-0.0948427,0.501194,0.860122
5.44725,11.5931,10.7273,-0.00258049,0,3.8,1,-0.70284,0.710572,-0.0332067
15.0938,18.8318,2.61762,0.297965,0,-0.9,0,-0.495356,0.868624,-0.0107226
25.019,-0.5725,9.7255,0.792874,0.148378,-3.2,0,0.807661,0.370933,-0.458358
22.4859,13.4585,11.2109,0.287649,0,3.8,1,0.660444,0.515566,0.545899
9.0035,16.9201,6.463,-0.33692,-0.227196,-1.3,0,-0.834026,0.484103,-0.264658
9.85688,12.5787,16.0366,0.55945,0,-1.6,1,-0.750198,-0.317682,0.579898
27.9263,2.69506,6.05231,1.30277,0,-3.9,0,0.423986,-0.0173059,-0.905503
19.5085,5.87681,-4.68244,-0.0135562,-0.165048,3.60339,0,0.721506,-0.345078,-0.600292
11.4952,-4.652,18.2279,0.0741773,-0.499803,0.756286,0,-0.662107,-0.2157,0.717696
10.7355,-0.854375,-6.664,1.26105,0.0911706,-4.5,0,0.101822,-0.0577009,-0.993128
14.9333,2.02275,20.9972,-0.620227,-0.509064,-0.8,0,0.519125,0.000970883,0.854698
14.1423,9.8435,-10.7405,-0.42093,0,-3.5,0,-0.134002,-0.911478,-0.38891
8.47838,-4.50125,18.2677,1.78855,0,-3.9,0,0.329698,-0.338301,0.881392
2.46931,12.4337,7.9765,0.035095,0,3.13998,0,-0.734419,0.616704,0.283381
22.3641,5.10006,0.608875,0.413003,0,4.2,0,0.615513,0.225628,-0.75514
13.426,17.0345,2.05025,-0.512587,0,-0.9,0,-0.764423,0.479828,0.430607
19.0837,0.796125,19.9853,0.193633,0,2.8,0,0.171559,-0.622565,0.763532
14.25,5.98494,21.4449,0.752051,0.230541,-3.9,0,0.406978,-0.241049,0.881059
-0.458875,2.83581,8.39013,2.09927,0,1.9,0,-0.70595,0.411939,0.576144
14.2703,-4.60625,18.9166,0.308894,0,-0.237129,0,0.361386,-0.322786,0.874762
17.5431,11.9828,-12.0561,0.197392,0,-3.9,0,0.213314,-0.254537,-0.943243
28.3724,3.54875,15.6481,0.624268,0,-3.5,0,0.803294,0.329332,0.496245
24.6505,2.0505,6.4645,0.775209,0,-3.9,0,0.110734,-0.993505,-0.0261774
12.4963,-1.25425,-7.83925,0.431283,-0.00031032,-3.5,0,-0.951348,-0.167958,-0.258315
24.8095,11.2135,7.0635,0.383916,0,-1.70501,0,0.933406,0.297624,0.200434
18.3125,-0.9385,-5.6565,1.19225,-0.492391,-0.750357,0,0.846057,-0.46583,0.259209
13.8976,-3.3115,19.4557,0.526142,0,1.8,0,0.0274569,-0.217715,0.975626
16.717,8.991,17.703,0.693829,0,1.8,0,0.262048,0.547679,0.794593
23.5754,14.0776,3.36456,1.34277,0,-3.9,0,0.292084,0.211818,-0.932642
14.2034,9.84037,16.8309,-0.259029,0,1.8,0,-0.274137,0.674985,0.685013
19.452,13.2525,-2.849,-0.295353,0,-2.40223,0,0.650701,-0.675443,-0.346936
10.6789,-2.67569,-5.78759,-0.286412,0,-4.5,0,0.393167,-0.652923,-0.647388
8.49281,8.49788,16.6713,0.506212,0,-0.7,1,-0.624206,0.741144,0.247128
17.8239,-5.60962,3.90381,1.21336,0.0163943,-1.84181,0,-0.180248,-0.711452,-0.679225
21.32,11.927,18.4715,3.06391,0.10615,-3.9,0,-0.651523,-0.132055,0.747047
7.557,-1.84625,12.4421,0.842767,0,1.8,0,-0.696741,-0.12257,0.706774
11.9349,11.9738,-7.40069,0.223785,0,-3.5,0,-0.866091,0.0409435,0.498206
22.0236,15.6619,2.69475,0.862925,0,-3.9,0,0.915279,0.149605,-0.37401
19.1945,15.3185,-10.591,0.583253,0,-3.9,0,0.976055,0.0694824,0.206127
3.32113,13.8825,5.92112,0.53502,0,1.9,0,-0.463878,0.841974,-0.275493
18.4193,4.58825,-6.53562,1.18052,0,2.5,0,0.966681,0.22777,0.116827
23.776,15.0472,3.72513,3.11423,0,-3.9,0,0.00205134,0.295773,-0.955256
9.67625,14.7315,12.7188,0.520333,0,-1.6,1,-0.825827,0.562574,0.0389939
24.4838,4.44469,18.0208,-0.40323,0,-3.5,0,0.162627,-0.857205,0.488623
12.1697,-9.68369,4.95437,1.62892,0,-3.9,0,0.639203,0.642552,-0.422548
14.2611,9.25537,20.9301,0.896059,0,-3.9,0,0.751371,0.658613,-0.0408724
20.5899,4.127,-0.890875,0.421312,0,4.2,0,0.787133,0.0420563,-0.615348
10.1439,-11.3466,3.70925,1.86806,0,-3.9,0,-0.843723,0.123469,-0.522387
16.92,-9.70625,13.1833,0.745347,0,-3.2,0,-0.370787,-0.786995,-0.493108
20.05,-6.3515,13.3643,0.460172,0,-3.2,0,0.857555,-0.0308273,-0.513468
6.2055,-7.02838,7.59788,-0.309429,-0.576027,3.8,0,-0.737309,-0.167853,-0.654371
18.6649,-6.61294,4.02644,2.90713,0.0423441,-3.9,0,-0.473767,-0.312581,-0.823309
2.71931,3.25775,2.91687,1.22903,0,-4.5,0,-0.838686,-0.428286,-0.336417
16.4638,13.2124,17.2617,0.415844,0,4.5,0,-0.627665,0.279655,0.726519
10.2746,17.9608,7.24913,-0.468013,-0.0103468,-1.3,0,0.0356806,0.973512,0.225836
13.3594,-9.73294,13.0449,0.879598,0,-0.8,0,0.499851,-0.793099,0.348057
22.44,-1.2175,7.65438,0.482635,-0.674375,-0.8,0,0.826056,-0.300502,-0.476792
8.175,11.941,14.239,0.361248,0.224658,-0.812733,1,-0.326021,0.28537,0.901262
10.5185,9.699,15.979,0.529195,0,0.393984,0,-0.441797,0.472114,0.762839
21.669,15.9785,1.0885,0.430885,0,-3.9,0,0.987954,-0.00672277,-0.154603
19.2296,0.0453125,-3.857,1.01185,0,-1.6,0,0.769911,-0.572107,-0.282722
12.0339,10.6956,-7.06,0.550246,0,-3.38239,0,-0.967976,-0.248216,0.037561
2.03194,10.5821,12.0284,0.0394667,0,-0.4,0,-0.264014,0.964312,0.0199701
3.032,2.018,3.35437,1.43028,0,-4.5,0,-0.934037,0.0117044,-0.356985
10.3809,-12.7163,12.4443,0.322883,0,-0.7,0,-0.155215,-0.921403,-0.356264
15.2511,-6.40487,15.8579,0.0580551,-0.507336,-1.94909,0,-0.15566,-0.986176,0.0568118
2.43613,9.59612,3.35119,-0.276552,0,-3.70642,0,-0.890907,0.248196,0.380372
10.1532,6.17338,-4.22456,0.323106,0,-3.2,0,-0.982099,-0.186868,0.0236892
14.7591,-1.69875,-10.2791,-0.090502,0,-3.5,0,0.0179089,-0.845251,-0.534069
7.3625,-3.22775,18.5531,2.82611,0,-3.9,0,-0.0330659,0.0906589,0.995333
7.00225,8.56888,-1.8695,-1.42756,-0.011581,1.9,0,0.2708,-0.362158,-0.891913
11.3365,-4.0465,7.56875,1.62488,0.014039,-1.30217,0,0.787908,-0.561643,0.252504
23.7699,0.2665,2.44675,-0.1581,-0.104205,-3.5,0,0.73929,0.0717051,-0.669559
22.0295,-3.641,7.5195,0.518089,0.044174,-2.40119,0,0.647396,-0.246918,-0.721048
1.65719,6.9435,2.52425,0.576195,0,-3.9,0,-0.846903,0.108847,-0.520488
7.77987,-10.1431,9.00269,-0.389302,-0.84513,-0.7,0,-0.638866,-0.53566,-0.552194
15.9237,-5.328,3.6975,0.868134,0,4.5,0,-0.455224,-0.889733,-0.0338445
20.917,-3.65138,12.0758,0.902915,0,-3.2,0,0.412278,-0.643776,0.644655
11.1094,-0.2155,23.4972,0.119258,0,-3.5,0,0.76044,-0.57042,0.310405
8.92125,1.15762,-6.01412,2.66913,0,-4.5,0,-0.317374,0.945235,-0.0761897
11.6777,9.2355,16.4797,-0.438189,0,4.5,0,-0.111586,0.687579,0.717484
15.1193,16.5567,11.5632,0.543746,0,1.8,1,-0.0524354,0.521531,0.85162
18.9089,21.2043,9.39869,0.454297,0,1.02818,1,-0.636751,-0.04037,0.770012
0.309063,9.91012,11.7277,0.265979,0,4.5,0,-0.694673,0.182178,0.695874
-2.11006,5.028,6.26613,1.09781,0,-3.9,0,-0.889984,0.414027,0.191078
19.6181,-4.13513,18.5357,0.277671,0,3.8,0,-0.177483,-0.5721,0.80075
11.4615,-1.57875,-0.45725,2.6792,0.323515,-3.9,0,0.102591,-0.978071,-0.18125
2.35325,1.84475,4.59863,1.31607,0.385984,-4.25503,0,-0.593628,0.000933657,-0.804739
18.6495,4.60219,-5.2875,0.562518,0,2.5,0,0.863424,0.0909629,-0.49621
6.052,2.259,-2.461,0.119739,0,-4.5,0,0.30054,0.577388,-0.759143
13.299,8.60013,24.4501,2.23748,0,-3.9,0,0.589479,-0.379963,0.712841
20.2264,-6.74647,7.4355,1.83994,0,-3.9,0,0.707345,-0.308775,0.635863
4.63344,-0.211437,10.7738,-0.235366,-0.00356199,-4.5,0,-0.378422,-0.814865,0.43908
21.6619,0.933375,17.4635,0.250858,0,3.01886,0,0.810463,0.147713,0.566861
9.34188,-10.9314,4.6925,0.803097,0,-3.9,0,-0.785174,-0.136234,-0.604105
26.1567,1.60344,6.56269,1.24242,0,-3.9,0,-0.368404,-0.791794,-0.487177
10.3889,15.6322,11.6059,0.319053,0,-1.51382,1,-0.407862,0.800117,0.439842
24.8567,10.1042,6.4985,0.180128,0,-3.18776,0,0.904142,-0.0662879,-0.422058
14.5826,-6.63119,18.0492,0.346824,0,-0.4,0,0.548639,-0.664005,0.508029
10.8856,7.45731,22.1714,0.661804,0,-3.9,0,-0.817551,-0.415049,0.39918
29.1424,1.031,14.7943,0.651917,0,-3.5,0,0.806871,-0.570242,-0.154218
20.3832,2.14775,0.283,1.29429,0,4.2,0,0.617613,-0.708752,-0.340917
2.71438,4.8255,14.5971,0.878961,0,-4.5,0,-0.493292,-0.205271,0.845297
4.08725,5.79119,15.4885,0.783661,0,-0.4,0,-0.107034,-0.204983,0.972896
17.9035,-5.06563,2.918,0.810656,0,4.5,0,0.16118,-0.887729,-0.431228
24.8302,9.12175,12.0538,0.374328,0,3.8,0,0.331133,0.784611,0.524154
25.8815,7.41731,20.8324,-0.565167,0,-3.5,0,0.369955,-0.119417,0.921343
22.574,-0.985,0.949,0.66019,0,-3.5,0,0.268296,0.323164,-0.907515
2.52675,12.7668,5.986,0.369406,0,1.9,0,-0.858342,0.327463,-0.394991
25.856,-2.5265,9.4085,1.30014,0,-3.2,0,0.989661,0.0347649,-0.139152
10.1021,-9.17975,15.2926,1.46195,0.528771,-0.7,0,0.0122387,-0.159991,0.987043
13.3041,17.3748,7.696,0.0875481,0,2.24321,1,-0.502825,0.804003,0.317404
20.5234,1.61231,20.2707,0.219202,0,1.29446,0,0.242651,-0.896647,0.37033
-0.377187,8.66281,9.23881,0.439773,0,4.5,0,-0.942097,-0.259864,-0.211953
5.47963,15.2605,-1.32212,0.343993,0,-0.4,0,-0.0815935,0.550428,-0.830886
14.9628,16.3549,-11.9216,1.36854,0,-3.9,0,-0.846678,0.236652,-0.476583
3.30322,17.2344,2.82106,0.298896,-0.0281105,-3.5,0,-0.670816,0.480542,0.564877
3.885,9.0905,-3.474,-0.809612,-0.712501,-3.5,0,0.284218,-0.0432634,-0.957783
21.5895,10.174,-6.29056,0.134008,0,4.2,0,0.938621,0.0578215,0.340068
9.49413,0.919625,-4.74119,0.726844,0,0.504515,0,-0.465355,0.873165,0.145009
3.973,14.7795,3.803,0.387394,0,-3.5,0,-0.622566,0.0565386,0.780522
1.91856,9.16144,2.02213,-0.616422,-0.202391,-2.17917,0,-0.991205,-0.0829638,-0.103096
1.20625,2.58206,4.61344,2.6249,0.780135,-3.9,0,-0.163114,-0.494502,-0.853734
11.9062,-12.8484,12.5667,0.366541,0,-0.7,0,0.447494,-0.778116,-0.440777
19.6607,12.3799,-8.61806,0.26411,0,4.2,0,0.789785,0.557349,-0.256128
26.3428,24.613,6.97825,7.45011,0,-3.5,0,0.960954,0.105566,0.25578
13.1071,-13.44,4.34675,3.4551,0.039896,-3.9,0,0.764864,-0.521578,0.378072
6.16475,-0.04825,-2.07925,0.492835,0,-4.5,0,0.0631242,-0.997142,-0.0415118
21.4106,9.09013,-4.05694,0.141759,0,4.2,0,0.799004,0.596709,-0.0743746
11.2998,4.8675,-5.93075,-0.0486797,0,-1.45352,0,-0.752934,0.0516999,-0.656062
20.3119,10.2072,-4.91937,-0.0724214,0,4.2,0,0.569445,0.630542,0.527399
5.67137,0.68075,11.9181,0.574777,-0.611057,-4.5,0,-0.250106,-0.751549,0.610428
22.597,-5.17094,8.45375,0.273707,0,-3.2,0,-0.0940037,-0.808925,-0.580348
22.787,20.1085,9.827,0.604059,0,-3.5,0,0.848332,0.3446,0.401975
17.3359,11.9118,17.6165,0.52852,0,4.5,0,-0.0652661,-0.367937,0.927557
16.548,10.2704,17.1709,0.699471,0,4.07794,0,0.0180163,0.258524,0.965837
16.2331,21.6577,4.65987,0.368558,0,4.5,0,-0.365149,0.57659,-0.730896
21.2131,17.1294,-2.99919,0.471333,0.0882439,-1.3,0,0.804415,0.18752,-0.563696
23.7138,1.33575,6.87219,0.662639,0,-0.8,0,0.722834,-0.68616,0.0818323
8.12525,-1.6985,-3.41188,-0.0684712,0,-4.5,0,-0.662486,-0.461815,0.589779
11.3761,-10.6699,8.95931,0.463802,-0.1321,-3.41798,0,0.422983,-0.869687,0.254422
12.6159,18.1837,5.70225,0.349788,0.342776,1.90048,0,-0.336947,0.9244,-0.178749
1.30087,5.56475,9.63775,1.7692,0.145097,2.88183,0,-0.973292,-0.214882,0.080794
24.6771,13.782,3.427,1.5288,0,-3.9,0,0.21359,0.0525344,-0.97551
1.60969,-0.609625,13.0844,0.987281,0,-4.5,0,-0.401196,-0.914431,0.0534657
19.2454,6.57331,-6.96381,0.552394,0,4.2,0,0.66429,-0.738144,-0.117735
7.3125,0.32025,16.931,1.10938,0.144346,-0.4,0,-0.959617,0.216303,-0.179858
5.6205,-1.91106,10.1063,0.56978,0,-3.0085,0,-0.853772,-0.0536138,0.517879
21.8704,17.7269,2.94981,0.685786,0,-3.9,0,0.961114,0.275973,0.00995272
10.1804,11.5857,15.3848,0.580733,0,-1.6,1,-0.69077,-0.0890619,0.717569
21.0579,22.0618,10.5046,0.993574,0,1.34699,1,-0.0375019,0.0372127,0.998603
18.5868,14.1397,-8.157,0.247648,0,-3.9,0,0.949236,0.130442,-0.286245
15.2609,19.3514,4.07325,0.331603,0,4.5,0,-0.650299,0.573695,-0.497981
11.6506,-6.374,6.033,1.7626,0,-3.84046,0,0.914661,0.325833,-0.239224
15.7089,-3.11287,9.3235,1.23668,0,-0.772011,0,-0.569057,-0.794299,-0.212752
24.2524,5.75144,4.50381,1.0021,0.00942177,-3.9,0,0.711928,0.453465,-0.536216
23.6734,11.2091,13.9277,0.700815,0,-3.9,0,0.79824,-0.00282329,-0.602332
17.7131,27.9684,7.72337,0.743547,0,1.9,0,-0.241052,0.788572,-0.565728
7.10075,0.34975,1.4685,1.13274,0,-4.18214,0,0.15605,-0.963025,-0.219617
16.6558,16.1378,-9.42013,0.974314,0,-3.9,0,-0.328237,0.447183,0.832038
16.3836,15.4054,-5.88875,0.259356,0,-3.5,0,-0.348675,0.832497,-0.430551
24.6103,12.8534,18.6787,1.38536,0.527391,-3.9,0,0.386354,0.725082,0.570076
24.0376,12.4824,3.3575,0.827222,0,-3.9,0,0.332945,0.0438423,-0.941926
14.151,-3.34775,-7.7215,0.147506,0,-0.7,0,-0.441967,-0.85465,-0.272469
-0.480125,3.73612,7.73519,3.53267,0,-3.9,0,-0.467264,0.279422,0.838801
22.7875,-2.538,1.5805,1.01861,0,-3.5,0,0.803296,-0.263919,-0.533913
12.4162,16.1975,-0.283062,0.204437,0,-0.9,0,-0.831936,0.26251,-0.488846
16.1925,15.8836,-2.50087,0.314568,0.0556108,-1.7043,0,-0.62815,0.591783,-0.505193
17.9175,14.5389,-12.4948,0.564742,0,-3.9,0,0.424151,-0.176585,-0.888208
7.03088,-0.804,22.7,-0.313356,-0.214922,-3.5,0,-0.731284,-0.509716,-0.453225
20.0234,4.53675,22.4025,-0.427331,-0.758647,-3.5,0,-0.67937,0.103211,0.726502
21.6424,16.8482,1.95706,0.770912,0,-3.9,0,0.983471,0.0196865,-0.179993
10.2087,8.34281,20.1309,0.427425,0,-3.9,0,-0.814796,0.572367,-0.0922188
13.3682,10.2876,21.8407,2.18033,0,-3.9,0,0.501388,0.737005,-0.453248
13.4633,13.7219,15.1689,0.739032,0,-1.6,0,0.640741,0.762125,0.0928299
6.15325,-3.20775,11.3686,0.651,0,3.8,0,-0.689394,0.107935,0.716301
12.1015,-13.474,2.367,2.75613,0,-3.9,0,0.0801454,-0.618436,-0.781737
19.1255,-8.49638,4.22025,3.50453,0.13631,-3.9,0,-0.00280359,-0.647459,-0.762095
3.22137,12.4236,3.24825,-0.243634,-0.745936,-0.8,0,-0.684398,0.444179,0.578191
7.33675,6.61037,16.8929,-0.242139,-0.537295,-0.7,0,-0.833104,0.261807,0.487232
23.6695,3.7235,16.6469,-0.0946555,-0.410676,1.86877,0,0.0514215,-0.77939,0.624426
8.41306,14.7452,9.35025,0.114455,0,3.33419,1,-0.796403,0.549288,0.253031
23.2801,10.9399,19.1912,3.14906,0,-3.9,0,-0.394173,-0.0584229,0.917177
17.7911,15.2191,-8.12712,0.276649,0,-3.9,0,-0.658307,0.65141,0.377223
2.91175,1.23263,2.39212,1.08693,0,-4.5,0,-0.896205,0.402242,-0.187131
20.5888,26.2598,8.16769,0.81676,0,1.9,0,0.477344,0.651798,-0.589324
8.81213,0.30325,-1.2115,0.71169,-0.404664,-0.728717,0,-0.221963,-0.948842,0.22457
14.9774,4.03038,20.8946,0.737866,0.163487,-1.95207,0,0.461312,-0.0378932,0.886428
9.36662,-3.09238,3.86625,0.104605,0,-3.5,0,0.343257,-0.148667,-0.927401
21.1082,13.3636,16.2169,1.11352,0,-2.09635,0,-0.102253,0.990359,0.0934491
19.0224,2.92231,21.3104,0.238245,0.428102,-2.18836,0,-0.561279,-0.125167,0.818107
9.61225,-10.4576,15.1073,0.612507,-0.233374,-0.7,0,-0.282874,-0.0989916,0.954035
12.686,14.6494,16.2609,0.435807,0,-1.6,0,0.522389,0.737707,0.427666
21.946,7.26319,-1.37125,0.347683,0,4.2,0,0.864207,-0.492037,-0.1051
5.32269,-3.42987,10.3207,0.598496,0,3.8,0,-0.85959,0.227072,0.457758
1.05281,3.66644,8.88912,1.61376,0.8543,0.294678,0,-0.79202,0.440795,0.422378
8.56731,3.88412,18.7556,0.0808707,0,-0.54465,0,-0.644534,0.558894,0.52174
18.3125,6.654,18.906,0.401025,-0.235269,-2.13613,0,0.170113,0.693526,0.70006
17.211,22.9771,7.95087,0.286325,0,4.5,0,-0.602606,0.372782,0.70562
11.3807,3.3595,-3.51675,0.319676,0,2.5,0,-0.930568,0.272401,0.244624
5.47425,12.2914,12.2968,0.279108,0,0.929639,1,-0.263913,0.956714,-0.12267
18.2249,-4.14437,18.6852,0.195335,0,3.8,0,0.203492,-0.686903,0.697679
16.1943,15.4677,-4.3685,0.354807,0,-3.5,0,-0.52116,0.851585,-0.0565265
0.789,6.4325,9.662,1.04383,0,4.5,0,-0.822856,-0.520199,0.228692
9.84756,-1.38481,2.40931,1.46868,0.63716,-3.9,0,-0.266724,-0.941591,-0.205583
27.1755,8.31763,9.91813,0.378874,0,3.8,0,0.9613,0.226948,0.156197
16.7479,25.8463,9.34912,-0.145127,0,1.9,1,-0.978596,-0.197056,0.0593162
5.68706,-0.459125,1.74056,0.761181,0,-4.5,0,0.725739,-0.541472,-0.424395
11.1611,4.83744,21.3439,0.195825,0,-3.80395,0,-0.92376,0.356641,0.139553
19.6983,21.3856,3.42425,1.8832,0.142166,-3.9,0,0.0270754,0.9093,0.41526
23.2616,9.79281,19.3816,1.66581,0,-3.5,0,-0.544032,0.372911,0.751643
13.7917,1.46088,21.5411,-0.107184,-0.833397,-0.8,0,0.386463,-0.381592,0.839663
15.2066,-0.976687,19.8319,0.307367,-0.469637,2.82105,0,0.212768,-0.29395,0.931838
14.0646,7.32963,22.0751,0.841281,0,-3.9,0,0.661846,-0.530125,0.530025
24.8908,17.439,6.96525,-1.13602,-0.667398,-3.5,0,0.930461,0.357364,-0.0808265
3.13469,14.0979,2.49019,0.215077,-0.266355,-2.73336,0,-0.695207,-0.113841,0.709737
0.4345,2.2915,11.1071,1.23959,0.78186,-4.5,0,-0.946504,0.317245,0.0590487
18.2613,-1.98012,-6.95288,0.471754,0,-0.7,0,0.9704,-0.0747356,-0.229648
27.2558,5.77987,7.90094,0.510391,0,-1.75666,0,0.842178,0.510596,-0.173286
19.5689,-5.40825,12.2297,0.807247,0,-3.2,0,0.837887,-0.408002,-0.362602
18.6015,17.8729,-2.90175,-0.390546,-0.0697968,-1.3,0,-0.387802,0.631469,-0.671459
21.6432,8.81281,-7.20469,0.206537,0,4.2,0,0.923117,-0.173453,-0.343174
15.2911,16.7418,-1.41719,0.273457,0,-0.919288,0,-0.328434,0.264056,-0.906866
22.2829,9.58944,18.5867,2.03349,0.857262,-3.6545,0,-0.753851,0.297058,0.586059
8.902,2.0375,24.5266,-0.180371,0,-3.5,0,-0.225406,0.813633,0.535905
19.3899,19.0061,-2.76588,-0.746196,-0.272319,-1.3,0,-0.319979,0.777341,-0.541622
10.4946,4.7155,19.0771,-0.283211,0,-0.716342,0,-0.561732,0.21051,0.800089
21.5625,14.2965,1.41175,0.130897,-0.0187624,-3.9,0,0.931331,0.113662,-0.345982
11.693,-14.4425,4.12925,2.67775,0.220938,-3.9,0,0.122164,-0.992396,0.015057
17.5158,25.3046,7.4955,0.442095,0,1.9,0,-0.758026,-0.178483,-0.627328
23.0645,-0.101938,12.6451,0.814333,0,2.18682,0,0.728717,-0.403824,0.55308
19.393,6.7935,-8.73425,1.04832,0.224581,2.70198,0,0.90237,-0.364638,-0.229713
3.2705,-0.012,-0.4315,0.649986,0,-4.5,0,-0.745047,-0.621571,-0.241979
13.0666,-7.36587,9.77225,0.807628,0,-0.8,0,0.518317,0.335533,-0.786616
10.9391,-11.1621,9.90231,0.47732,0,-0.7,0,0.383774,-0.857501,-0.342651
6.39062,7.90338,15.0219,0.927301,0.850226,-0.4,1,0.0310148,0.178713,0.983412
11.6298,14.7882,-9.94281,-1.51189,-0.719845,-3.5,0,-0.776529,0.418869,-0.470693
19.7535,13.33,14.0615,0.4483,0,4.5,1,0.499634,0.865269,0.040932
26.1002,7.00994,6.78325,0.237259,0,-3.9,0,0.659123,0.295582,-0.691512
13.712,18.6479,5.13188,0.238988,0,4.5,0,-0.702426,0.547004,-0.455394
16.2194,19.2487,1.91044,0.55691,0,-0.9,0,-0.305203,0.933821,-0.186627
9.53844,-5.65788,17.2786,0.460647,0,-2.30311,0,-0.385072,-0.393529,0.834778
4.65394,-7.819,9.814,0.324745,0,3.8,0,-0.666244,-0.740962,0.0842312
13.6231,18.9804,6.98362,0.236737,0,4.5,1,-0.842693,0.496212,0.208906
5.855,-0.6755,11.1908,-0.0216398,-0.184933,-1.13683,0,-0.647193,-0.350358,0.677045
9.84156,13.939,0.889,0.388426,0.536854,-3.5,0,0.192714,0.630326,-0.752031
8.42969,3.07906,21.8983,0.223847,0,-3.5,0,-0.533865,0.817845,0.214752
5.72062,18.6212,2.98025,-1.40653,-0.36108,-3.5,0,0.394143,0.516756,0.76001
4.0035,11.283,12.0285,-0.0538742,-0.0537287,-0.141283,1,-0.419468,0.796891,-0.434754
18.8111,-8.20113,7.102,2.30451,0,-3.9,0,-0.0456616,-0.833322,0.550899
10.8674,12.9377,-10.0496,-0.0671836,0,-3.5,0,-0.932273,-0.088102,-0.350863
18.9206,5.72456,-7.78844,0.610202,0,2.5,0,0.964683,-0.181512,0.190892
9.28238,-8.29338,14.6733,0.963042,-0.0909371,-0.7,0,-0.906336,0.153357,0.393747
9.74331,16.5449,4.19788,-0.17041,0,-1.3,0,-0.0828419,0.648428,-0.756755
7.1,0.29325,18.2827,0.759898,0,-0.4,0,-0.998618,0.0425588,-0.0308375
9.9005,8.39987,-4.72656,0.238592,-0.0305411,-3.22497,0,-0.815876,-0.138468,-0.561403
3.25106,7.914,-2.79644,-0.340508,-0.645105,-3.5,0,-0.273451,-0.359633,-0.892126
23.8535,-3.97747,11.1958,-0.0416209,0,-3.2,0,0.370825,-0.461624,0.805849
1.68675,9.86462,6.7285,-0.0882254,0,1.97373,0,-0.724552,0.278425,-0.630479
19.9261,17.4562,-4.93219,0.249087,0,-3.5,0,0.212767,0.974138,0.0760647
20.9934,12.9689,-6.41138,-0.118512,0,-1.98429,0,0.844858,0.0359303,-0.533783
19.3481,14.1796,12.5878,0.366951,0,4.38982,1,0.380809,0.813331,0.439861
17.8149,-1.05256,-2.38825,0.984335,0,-1.6,0,-0.0160913,-0.983657,0.17933
19.1354,10.8661,-2.74813,-0.48032,-0.0695215,1.10391,0,0.71827,0.413801,-0.559335
23.6905,6.47612,2.12238,0.329273,0,4.2,0,0.838481,0.446143,-0.312899
18.7006,19.1445,-0.6115,0.388104,-0.184257,-3.02024,0,-0.431149,0.753443,-0.496421
1.41825,10.7376,13.8325,-1.42165,-0.312492,-0.4,0,-0.80776,0.584895,0.0736294
14.1116,-3.58775,-6.02938,0.455716,0,-0.7,0,-0.458624,-0.885845,-0.070303
10.435,3.57562,-0.216875,0.83892,0,1.61402,0,-0.465665,0.141194,-0.873625
24.6889,4.849,19.6402,-0.420328,-0.538261,-3.5,0,0.562511,-0.823526,0.0733938
28.0373,0.6465,7.08225,1.88433,0,-3.9,0,0.177452,-0.89192,-0.415919
3.95988,-5.59675,10.2801,0.462762,0,3.8,0,-0.83552,0.400478,0.376198
7.49412,13.9988,10.8417,0.233753,0,3.8,1,-0.44232,0.828498,0.343429
24.9428,-1.50838,9.21319,0.812801,0,-3.2,0,0.671423,0.532308,-0.515596
12.09,11.251,-4.22038,0.201101,0,-3.2,0,-0.432119,0.882609,-0.185133
12.024,11.9143,-2.11675,-0.393518,-0.133202,-0.222222,0,-0.238682,0.888493,-0.391933
8.79625,7.6345,-1.23125,-0.986484,0,-3.5,0,-0.454139,-0.632897,-0.627056
23.4841,13.6,17.8366,3.18498,0,-3.9,0,0.0523193,0.928729,0.367049
4.11525,4.61212,15.3095,1.57771,0,-4.5,0,-0.304257,6.85721e-06,0.95259
15.4585,18.0044,-10.9332,2.05959,0.135706,-3.9,0,-0.865653,0.469274,0.174434
27.7015,3.33875,16.6525,0.466216,0,-3.5,0,0.632816,-0.0957699,0.768357
20.762,11.1426,16.5925,1.43361,0,-3.9,0,-0.546444,-0.226888,0.806177
11.6476,-4.09613,5.24113,1.65885,0.600118,-0.9,0,0.694441,-0.570723,-0.43821
26.3659,5.31975,5.69387,0.481414,0,-3.9,0,0.508712,0.40083,-0.761936
6.01406,1.42356,13.7396,0.913381,0,-1.44002,0,0.221405,-0.921273,0.319744
24.4646,25.4387,8.59056,0.677954,-0.383576,-3.5,0,0.553358,0.625639,0.549883
21.6847,13.2135,18.4336,3.26039,0.54313,-3.9,0,-0.422079,0.685705,0.593007
22.197,3.40438,17.568,0.0217906,0,2.8,0,0.685908,-0.680356,0.258158
9.77075,17.0041,9.6745,0.106742,0,-1.3,1,-0.305283,0.748888,0.588192
1.1555,10.8265,-1.04062,0.160151,0,-0.8,0,-0.91876,-0.135635,-0.370788
6.868,4.92869,0.6,-0.10246,0,1.9,0,0.637022,-0.210038,-0.741678
8.838,-1.57275,25.2994,-1.21062,-0.0478471,-3.5,0,0.210208,-0.852682,0.478274
5.42275,16.9834,-0.72325,-0.131536,0,-3.5,0,0.492638,0.245536,-0.834877
10.2124,-2.142,-2.881,-2.218,0,-4.5,0,-0.0305473,-0.563104,0.825821
22.0375,13.1228,13.7423,0.526822,0,-3.9,1,0.185605,0.973571,-0.13308
8.40263,9.34062,-2.9885,-1.37887,0,-3.5,0,-0.757531,-0.360202,-0.544428
7.95575,8.27119,-1.56606,-0.782274,0,1.0817,0,-0.208926,-0.587873,-0.781508
5.90725,-4.69731,11.6213,0.600976,0,3.8,0,-0.593102,0.125675,0.795258
19.6286,23.8136,11.0711,0.42998,0,1.9,1,-0.211587,-0.466062,0.859079
11.7157,-6.572,18.3743,0.107588,0,-0.4,0,-0.285623,-0.451075,0.845548
12.7845,10.6595,25.1938,2.74139,0,-3.9,0,0.094404,0.49377,0.864453
15.2051,-8.23831,10.3503,0.780356,0,-0.8,0,0.46624,-0.32976,-0.820901
6.28325,-3.87075,18.8533,3.259,0,-3.9,0,-0.14888,0.20431,0.967519
23.0191,0.40125,13.5341,0.558119,0,4.5,0,0.744292,-0.65662,0.12198
23.1702,12.1305,19.5015,3.30157,0.127687,-3.9,0,-0.169514,0.20378,0.96423
27.3471,7.4455,12.4613,0.784776,0.495264,3.8,0,0.956772,0.257811,0.134614
27.5979,0.700875,8.915,1.99149,0,-3.9,0,-0.0762134,-0.925875,0.370064
22.4589,-3.15356,18.0774,0.245218,0,3.8,0,0.881531,-0.0710632,0.466748
20.7491,19.0543,6.06381,0.657059,0,-3.5,0,0.732581,-0.0327847,-0.67989
20.6287,7.90887,17.9771,1.23042,0,-2.98459,0,-0.494475,0.827193,0.266919
18.1324,20.1614,0.75075,1.74442,0,-3.9,0,-0.673784,0.607353,-0.420877
22.3179,-1.80856,17.7975,0.243743,0,3.8,0,0.738877,0.107481,0.665213
7.218,0.583938,19.5696,0.708764,0,-0.4,0,-0.979997,-0.136811,0.14453
27.7449,0.232125,15.2214,1.30366,0.684099,-3.5,0,0.017152,-0.995709,0.0909366
20.2949,3.90525,-2.14331,-0.0993792,-0.273594,2.5,0,0.994993,0.0227436,-0.0973207
14.4396,20.3892,5.87825,0.270425,0,4.5,0,-0.843968,0.372916,-0.385554
6.23975,-5.8975,17.652,2.68515,0,-3.9,0,-0.341986,-0.912072,0.226207
14.6339,13.2071,14.5958,0.456449,0,-1.6,1,-0.0231012,0.967384,0.252257
6.93913,3.066,-0.172,0.606846,0,-4.5,0,0.613055,0.602377,-0.51118
18.3924,21.0806,4.054,0.886399,0,4.5,0,-0.0489775,0.972506,-0.227668
19.4525,22.2149,1.8185,2.95811,0.370689,-3.9,0,-0.117533,0.992788,-0.0236342
11.9766,-3.21444,4.31038,1.28676,0,-0.9,0,-0.0334778,-0.718537,-0.694682
19.4713,3.3475,-4.881,0.529685,-0.0850844,0.822509,0,0.872355,0.327559,-0.362907
7.51506,0.046875,2.69044,0.80564,0,-3.9,0,-0.0497003,-0.775754,-0.629075
27.659,4.49375,17.1681,0.197853,0,-3.5,0,0.874538,-0.00820064,0.484887
17.2829,16.5725,-5.29213,0.3304,0,-3.5,0,-0.556289,0.792148,-0.251086
14.8748,14.954,-2.67975,0.768377,0.913576,-3.5,0,-0.707433,0.667591,-0.232081
6.64525,12.0538,-3.15363,0.169038,0,-0.4,0,0.135407,-0.212782,-0.967672
2.80888,17.0061,1.34962,0.691403,0,-3.5,0,-0.968724,0.242526,0.0524962
24.7423,10.5683,5.00063,0.423463,0,-3.9,0,0.807049,-0.514312,-0.290093
8.13156,0.717562,-3.72819,0.483377,0.857602,-4.5,0,-0.283814,0.919764,-0.271079
21.7003,16.2666,-6.87875,1.53243,0.838851,-3.5,0,0.799913,-0.0189668,-0.599817
12.8152,-11.7936,5.99988,1.45166,0,-3.9,0,0.855162,-0.27773,0.43768
4.89587,-4.50869,10.2167,0.542139,0,3.8,0,-0.751331,0.460229,0.472961
21.056,-5.14087,10.3155,1.04163,0,-3.2,0,-0.0521871,-0.943457,0.327362
19.811,-5.19631,13.3512,0.875366,0,-3.2,0,0.978787,0.00381855,-0.204847
13.2533,-5.29925,10.3144,1.33598,0,-0.8,0,0.285866,-0.0409554,-0.957394
5.66538,12.9256,-3.43956,0.112618,0,-0.4,0,-0.0219192,0.107513,-0.993962
17.657,17.497,-9.514,1.91823,0.14004,-3.9,0,-0.191503,0.453619,0.870377
23.94,3.72575,20.7905,0.38129,0,-3.5,0,0.697324,-0.716696,0.00930838
18.2543,-5.82906,8.60769,1.22931,0,-3.9,0,-0.055548,-0.686347,0.72515
13.051,-7.20162,15.6169,1.10807,0.444021,-0.680764,0,0.40983,-0.9036,0.12469
3.02238,1.321,-1.22312,1.15684,0.464756,-4.5,0,-0.9972,0.0279771,-0.0693496
12.5367,-8.86325,8.13575,0.550362,-0.360045,-0.868203,0,0.966752,0.156203,-0.202461
12.1991,3.92975,-7.31388,0.354363,0,2.5,0,-0.799473,0.140602,-0.584015
14.425,13.6305,-4.33625,0.8258,0,-3.5,0,-0.859288,0.511396,0.00991094
3.19144,10.6925,10.9214,-0.018462,-0.54195,3.86176,1,-0.112836,0.993613,-0.000771204
22.1988,-2.17175,5.13356,-0.231936,-0.518726,-3.5,0,0.820081,-0.102406,0.56301
20.7674,6.12537,-1.66044,0.377364,0,4.2,0,0.880677,-0.452791,-0.139241
2.89231,11.0831,4.43956,0.138665,0,1.9,0,-0.959689,0.272862,-0.0674046
8.57563,-5.76831,14.5958,0.847554,0,-3.9,0,-0.549226,-0.79286,-0.264051
8.68688,15.8379,9.44819,0.142431,0,-1.3,1,-0.863003,0.286526,0.416087
-2.418,3.86819,5.68087,1.56048,0,-3.9,0,-0.987137,-0.158779,-0.0186793
6.41262,10.0452,-2.16675,-0.61891,-0.575507,1.9,0,0.073927,-0.2286,-0.970709
8.28288,-2.0095,14.7015,1.03293,0,-3.9,0,-0.90809,0.253994,-0.332957
20.389,-5.942,3.24475,0.766245,0.754976,-3.54307,0,0.28185,-0.679744,-0.677133
24.342,2.9095,3.85525,0.556411,-0.475254,-3.70187,0,0.899855,-0.04487,-0.433875
11.7887,15.384,15.4618,0.609348,0,-1.6,1,0.267643,0.826979,0.494442
9.75944,0.15725,-7.02725,1.30546,0,-4.5,0,0.165006,0.371127,-0.913804
14.5899,-2.79244,2.14363,0.922302,0.0426078,3.29932,0,-0.520247,-0.358336,-0.775202
22.6153,-4.24775,16.7159,0.30089,0,3.8,0,0.843874,-0.435143,-0.313892
17.2799,19.9515,2.86063,0.948839,0,-1.57812,0,-0.584589,0.754491,-0.298328
20.8158,24.7755,6.6865,2.43958,0.0748435,1.9,0,-0.413463,0.387551,-0.823925
19.4406,5.79913,19.5872,0.419964,0,2.21979,0,-0.454841,0.598404,0.659569
16.5146,-1.16587,-3.16706,1.09026,-0.95755,-0.7,0,0.0819861,-0.784505,0.614679
11.3637,3.21356,-1.01063,0.641639,0,2.0861,0,-0.829848,0.353703,-0.431562
2.78288,12.1676,-2.28025,-0.196326,0,-0.8,0,-0.448586,0.082353,-0.889938
0.70475,3.609,3.81625,1.47696,0,-3.9,0,-0.134481,-0.566876,-0.812752
21.7784,10.8805,-1.12897,0.10214,0,4.2,0,0.676229,0.62229,-0.394296
6.82203,1.26838,24.0391,-0.21535,-0.0223948,-3.5,0,-0.721619,0.641823,0.259477
11.8682,15.071,0.690938,0.0876194,0,-0.9,0,-0.631651,0.423274,-0.649505
16.5699,15.4006,12.7128,0.378739,0,1.8,1,-0.212615,0.593359,0.776351
1.15075,-0.962125,6.07575,0.830571,0.408169,-4.5,0,-0.905025,-0.424609,-0.0252449
11.8056,8.34119,18.3219,0.117957,0,-3.9,0,-0.311685,0.944745,-0.101531
29.8512,2.071,9.62175,2.9512,0,-3.9,0,0.67857,0.0671641,0.731458
24.576,6.52025,5.3425,0.0213951,-0.609231,-3.9,0,0.600029,0.36967,-0.709443
15.9392,-8.9595,13.8797,0.541323,0,-2.65905,0,-0.515414,-0.596057,0.615682
13.5157,8.45769,-8.62663,-1.40942,-0.195772,-3.2,0,-0.572668,-0.449373,-0.685649
27.2722,7.02906,8.87494,0.38907,0,3.8,0,0.99784,-0.0514799,-0.0408135
4.45813,14.5929,-1.62987,-0.0484697,-0.72377,-0.947097,0,-0.123603,0.593824,-0.795044
7.91888,-0.26075,-2.26025,0.654925,0.225303,-4.5,0,-0.148713,-0.924448,0.351113
26.758,8.71625,11.913,0.376097,0,3.8,0,0.677016,0.643533,0.357093
8.42463,2.84013,0.076,0.554294,0.55476,-4.47286,0,0.0251795,0.78467,-0.619403
1.25713,8.26175,3.75781,0.400927,-0.0246999,-3.9,0,-0.782044,0.584375,-0.216595
24.516,0.82625,9.7835,0.88602,0.487428,-1.98358,0,0.873151,-0.450743,-0.185575
22.5679,8.37912,20.3291,1.24572,0,-3.5,0,-0.446434,0.714137,0.539171
2.62375,-3.3395,5.95175,1.416,0,-4.5,0,-0.500735,-0.852506,0.149992
12.2163,6.42125,22.7477,0.343305,0,-3.9,0,-0.14671,-0.554346,0.819254
23.5467,-4.7655,8.04838,0.0815708,0.192143,-3.2,0,0.273402,-0.478608,-0.834377
7.51875,-2.01,3.2125,-0.739627,-0.795412,-3.5,0,0.110875,-0.110675,-0.987653
9.22062,-0.957,-2.60687,-0.204785,0,-4.5,0,-0.337311,-0.680669,0.650316
20.9815,-4.99713,4.23156,0.359688,-0.916112,-3.5,0,0.775062,-0.62415,0.0985668
13.5649,-10.9444,5.04525,1.04381,0,-3.9,0,0.960184,0.250339,0.124005
20.167,12.7186,-7.37537,0.122693,0,4.2,0,0.574011,0.614244,-0.541494
16.9828,18.1544,-2.122,0.444434,0,-1.3,0,-0.438156,0.687425,-0.579195
11.9439,13.3053,-11.3401,-0.0446513,0,-3.5,0,-0.388084,0.162491,-0.907186
22.3082,9.61156,-1.93981,0.189083,0,4.2,0,0.917839,0.303935,-0.255334
8.50025,-11.6777,11.1521,-0.313839,-0.0870308,-0.7,0,-0.510621,-0.854983,-0.0909431
11.6665,-2.85938,-4.08612,-0.987905,0,-2.51355,0,0.0588452,-0.905473,0.420305
28.7014,11.3449,18.869,-1.70008,-0.465055,-3.5,0,0.898116,0.414644,-0.146486
25.3384,12.9017,6.884,0.688126,0,-3.9,0,0.778943,-0.113844,0.616674
12.5278,-0.825031,-1.46706,1.03626,0.346039,-0.158287,0,0.512566,-0.795991,0.321985
12.2227,16.1932,13.715,0.489703,0,-1.6,1,0.253676,0.963607,0.0843231
18.966,13.231,-9.363,0.369603,0,-3.9,0,0.938674,0.344424,-0.0162024
6.68725,-1.25975,25.8251,-1.5415,-0.878217,-3.5,0,-0.451896,-0.411677,0.791399
8.84356,16.0698,5.84581,-0.489502,-0.0306031,-1.3,0,-0.7763,0.591078,-0.219056
11.1263,-4.45512,8.94388,1.51337,0.192958,2.46519,0,0.915745,-0.334261,-0.222891
17.3381,-4.27475,-6.14428,0.324407,0,-0.7,0,0.430263,-0.817773,0.382257
22.7246,-0.76175,17.2886,0.21852,0,3.8,0,0.866736,0.121752,0.483679
25.905,3.289,17.0851,-0.191096,0,-3.5,0,0.0718516,-0.459653,0.885187
17.8235,17.4092,11.33,0.0748554,-0.00816377,1.60817,1,0.147114,0.404545,0.902608
14.783,3.74137,-11.2899,-0.869667,-0.0459165,-3.5,0,-0.204386,0.809817,-0.54993
12.5422,-1.95925,19.5882,-0.0115989,-0.665904,1.8,0,-0.140843,-0.152512,0.978214
14.2399,-0.184312,-12.1451,0.439182,0,-3.5,0,-0.599294,-0.285397,-0.747927
10.6793,-13.2008,13.9073,0.310538,0,-0.7,0,-0.0815286,-0.979903,0.182051
15.9749,-2.26919,1.42569,1.02359,0,4.5,0,-0.563895,-0.242993,-0.789289
20.8358,18.1481,11.3488,0.161874,0,-3.5,1,-0.0589643,-0.120775,0.990927
17.4082,14.5971,17.1546,0.359462,0,4.5,0,-0.481017,0.785664,0.389044
19.6062,25.8341,7.25475,0.773048,0,1.9,0,0.189243,0.272633,-0.943323
7.21325,-5.52091,12.1906,0.599862,0,3.8,0,-0.580699,-0.430286,0.691117
10.3315,2.25406,-5.63444,1.82044,0,2.5,0,-0.824175,0.458626,-0.332261
-0.113812,0.742312,10.2939,1.23106,0,1.9,0,-0.875363,-0.147994,0.460257
24.3098,12.9315,7.80794,0.469604,0,-3.9,0,0.894248,0.0546505,0.444222
18.7771,27.7136,9.94938,0.203591,0,1.9,0,0.0942485,0.834662,0.542638
18.4853,4.46719,20.5602,0.112634,0,2.8,0,-0.415147,0.468313,0.779959
19.831,0.2075,-6.98369,0.418395,0,-0.8,0,0.847983,-0.522902,-0.0865924
29.8188,3.578,8.86487,2.76443,0.497049,-3.9,0,0.673665,0.629146,0.387751
21.011,21.036,5.267,0.144663,-0,1.9,0,0.448959,0.0658722,-0.891121
4.41306,-4.37687,7.80981,0.413042,0,3.8,0,-0.842034,-0.359421,-0.402239
23.1104,26.4079,7.20262,2.42272,0,-3.5,0,-0.243489,0.957115,0.156984
10.7689,18.4371,5.81962,0.237156,0,-1.3,0,-0.0425493,0.989889,-0.135309
13.0004,11.9346,-4.005,0.748913,0.22981,-3.2,0,-0.620328,0.781059,-0.0716976
16.4514,8.11625,18.6861,-0.0413902,0,-0.379967,0,0.446666,0.721344,0.529294
17.7864,3.136,-11.1381,0.156861,-0.0151201,-2.75243,0,0.83478,0.388491,-0.390149
19.9879,2.0425,-4.33112,0.994092,0,-1.48389,0,0.945771,-0.0470853,-0.321404
6.41937,2.20887,15.2499,0.849907,0,-4.5,0,-0.0124641,-0.609715,0.792523
10.4069,15.4392,16.0166,0.38732,0,-1.6,1,-0.321933,0.760411,0.564034
5.44012,-2.16488,1.5495,1.43485,0.0999519,-4.5,0,0.626288,-0.286759,-0.724936
10.8337,-1.14381,-1.84494,-0.546754,0,1.41472,0,-0.210387,-0.950668,0.227964
23.4237,-5.67975,9.345,0.0808967,0.414611,-3.2,0,0.0951021,-0.994292,-0.0483709
20.3137,3.69519,-3.60094,-0.540882,-0.921342,2.5,0,0.915002,-0.00317065,-0.403437
20.3487,18.9865,4.73869,0.716049,0,-3.9,0,0.97257,0.201958,0.115416
12.3649,-3.791,6.23438,1.88334,0.234595,-0.9,0,0.466087,-0.883852,0.0396174
23.2972,18.9236,8.02744,-0.354705,-0.0570237,-3.5,0,0.598904,0.705706,-0.378541
20.8061,21.7227,2.3445,3.32131,0.0126004,-3.9,0,0.535168,0.816746,0.215688
1.45181,3.7055,13.6434,0.391313,0,-4.5,0,-0.740861,-0.00696659,0.671623
4.67419,10.8667,-2.61375,0.168758,0,-2.18834,0,0.106238,0.0520781,-0.992976
8.9705,5.59569,18.7951,0.165604,0,-0.7,0,-0.459707,-0.200579,0.865123
11.318,5.76263,20.4886,0.266862,0,-3.9,0,-0.94378,-0.220085,0.24666
12.0621,17.1849,4.58825,0.153122,0.643177,-1.3,0,-0.0739796,0.592913,-0.801861
23.9209,13.1711,10.0924,0.265119,0,3.8,0,0.877579,0.360133,0.316479
23.4633,12.1221,11.6551,0.324241,0,3.8,0,0.850543,0.395206,0.34697
24.6968,3.35188,16.9519,-0.0872941,-0.59499,-2.14628,0,-0.302323,-0.386795,0.871201
11.228,-8.25537,4.694,0.708542,0,-3.9,0,0.745328,0.15417,-0.648627
13.021,-2.08731,-9.75131,-1.3427,-0.375291,-3.5,0,-0.633686,-0.557482,-0.536335
1.91125,9.6205,-0.96125,0.296206,0,-0.8,0,-0.956525,-0.276039,-0.0941457
17.9371,-3.089,0.188125,0.675561,0,4.5,0,-0.211542,-0.46135,-0.86163
16.3839,18.6109,-0.110375,0.389637,0,-0.98277,0,-0.266269,0.886621,-0.378158
20.1574,19.6814,-0.91225,0.504804,0.112412,-2.40329,0,0.210695,0.81456,-0.540462
24.5505,13.6251,15.8742,1.11542,0,-3.9,0,0.55912,0.733829,-0.385849
21.6446,9.0265,-5.183,0.160426,0,4.2,0,0.987291,0.0492691,0.151092
12.3759,11.4003,16.3203,1.08269,0,-1.6,0,0.251969,-0.330411,0.909582
18.7191,13.1839,18.0251,0.50976,0,4.5,0,0.508274,0.0949859,0.855941
19.0174,5.17375,-9.77413,-0.643415,-0.41886,2.5,0,0.721925,0.192102,-0.664772
10.0791,9.40913,22.0424,0.565558,0,-3.9,0,-0.970131,0.141305,0.197177
21.4002,-7.50425,6.073,2.18867,0.752173,-3.9,0,0.9769,-0.0154765,0.213136
6.05813,3.24913,-1.85069,-0.146155,-0.196358,-4.28347,0,0.630824,0.471988,-0.615864
19.537,21.723,6.23725,0.160254,0,1.9,0,0.0792992,0.696452,-0.713208
19.1818,16.5081,10.599,-0.301069,0,1.8,1,0.19933,0.136426,0.970389
11.1868,10.0603,20.4945,0.654707,0,-3.9,0,-0.517115,0.672311,-0.529707
21.0195,-5.26656,16.3484,0.417484,0,3.8,0,0.809859,-0.576663,-0.107647
13.2075,-1.85241,-2.66831,-0.299509,-0.720942,-0.7,0,0.0462087,-0.54205,0.839074
2.568,3.4345,14.4253,1.21404,0,-4.5,0,-0.546663,0.0982606,0.831567
6.43625,-2.3885,16.4131,1.74405,0,-3.9,0,-0.699081,0.56207,-0.441999
20.5909,11.6981,-1.574,-0.0541638,0,4.2,0,0.672071,0.261688,-0.692704
18.785,17.587,-9.883,1.22257,0.995434,-3.9,0,0.844002,0.395338,0.362447
23.2955,17.5482,10.3701,-4.04786e-05,0,-3.5,1,0.724004,-0.0720463,0.686023
1.18194,11.9559,9.8035,0.155823,0,4.5,0,-0.0133742,0.982752,0.184445
27.7101,11.5288,20.8504,-1.50632,-0.00900391,-3.5,0,0.311906,0.438564,0.842838
8.20813,4.41612,17.8311,0.34672,-0.0646818,-0.67393,0,-0.899022,-0.209777,0.384387
12.95,4.36613,21.9095,0.23681,-0.395915,-3.72402,0,0.514156,0.188442,0.83674
11.0854,11.5559,-2.88019,-0.240225,0,-3.5,0,-0.0821092,0.843517,-0.530789
23.7789,7.12725,21.4842,0.624431,0,-3.5,0,0.263975,0.343397,0.90133
16.5419,6.56844,-9.94438,0.190858,0,2.5,0,0.0550571,0.279557,-0.958549
3.97137,-2.46362,7.97788,0.692964,0,-4.5,0,-0.60348,-0.359327,0.711826
10.2725,1.588,-1.615,0.255489,-0.0021666,2.45032,0,-0.421809,0.755617,-0.501119
1.25831,-0.540313,1.48294,1.00689,0,-4.5,0,-0.674261,0.392708,-0.625421
20.9045,19.2576,0.276375,1.76763,0,-3.9,0,0.890751,0.269309,-0.366109
21.7042,1.59581,1.56694,1.25473,0,3.16962,0,0.418968,-0.360021,-0.833577
3.76806,11.5794,15.3068,0.558107,0,-0.4,0,-0.365499,0.661482,0.654868
22.1689,7.81375,21.5,0.438549,0,-3.5,0,-0.122189,0.762139,0.635779
22.5237,22.2917,6.67625,0.584724,-0.297543,1.9,0,0.726767,-0.273115,-0.630252
8.08547,-10.9903,13.0071,-0.169785,0,-0.7,0,-0.955561,-0.282369,0.0846866
7.95469,-7.40381,5.39725,-0.156306,-0.221018,-2.06615,0,-0.706559,-0.36797,-0.604461
7.10875,14.7414,-2.4155,-0.67826,-0.364208,-0.4,0,-0.0403554,0.549552,-0.834484
11.1322,-3.13175,19.0534,-0.571612,-0.157101,1.8,0,-0.447682,-0.346506,0.824327
25.9842,9.95575,16.3679,0.175744,0,-3.5,0,0.258955,0.500644,-0.826013
25.9064,9.45125,7.07587,0.230603,0,3.8,0,0.540949,0.324503,-0.775933
5.50675,-5.11925,16.241,3.27996,0.439093,-3.9,0,-0.77986,-0.502577,-0.373141
14.2745,10.597,24.2249,2.70294,0.832884,-3.9,0,0.875616,0.259496,0.407379
12.081,11.7177,23.1384,2.85436,0.449738,-3.9,0,-0.0529692,0.996491,-0.0648018
20.0496,11.2364,-9.25056,0.196584,0,3.89245,0,0.692449,0.399734,-0.600605
1.17613,6.23663,14.0754,-0.208862,-0.231324,-0.4,0,-0.903387,-0.165968,0.395408
20.9276,-5.19978,7.23194,0.840545,0,-3.9,0,0.829247,-0.535156,0.161117
11.829,10.3062,-9.63406,0.0170898,0,-3.5,0,-0.686107,-0.649205,-0.328314
16.2337,22.8699,5.60125,0.305335,0,4.5,0,-0.266586,0.754169,-0.600134
27.8722,9.91075,20.7495,-1.08253,-0.73401,-3.5,0,0.534006,-0.281507,0.79724
14.5186,-6.71438,14.5829,1.04958,0.734688,-0.97186,0,0.246078,-0.782443,0.572039
24.4779,11.0124,10.3746,0.325768,0,3.8,0,0.801456,0.482841,0.352893
13.5021,11.654,-12.2411,-1.30894,-0.178887,-3.5,0,-0.317184,0.183227,-0.930496
14.8554,-3.75481,4.42788,1.04994,0,3.63883,0,-0.416481,-0.788779,0.452075
9.46475,4.082,0.26975,0.459989,0,1.9,0,-0.545834,0.0662335,-0.835271
1.96775,3.67431,3.43613,1.29768,0,-3.9,0,-0.467299,-0.628244,-0.622045
8.90213,14.4756,-1.31075,-0.801972,-0.0192056,-0.4,0,0.847114,0.316268,-0.42705
4.10588,0.530312,-3.27106,1.13774,0,-4.5,0,-0.514507,-0.24732,-0.821045
5.94075,-0.818125,24.1971,-2.17626,-0.662791,-3.5,0,-0.976497,-0.15638,-0.14832
26.9464,7.35612,20.0243,-0.127773,0,-3.5,0,0.803253,-0.42099,0.421369
19.3349,-0.24275,-0.187438,1.18637,0,-1.14663,0,0.923357,-0.316131,-0.217883
1.14519,4.95487,11.6496,0.820907,-0.344785,-0.107948,0,-0.995132,-0.0735644,-0.0655823
5.39563,-3.97288,16.394,3.38142,0,-3.9,0,-0.826832,0.239504,-0.508907
26.7001,1.68988,16.9094,-0.613447,-0.148041,-3.5,0,0.133626,-0.366934,0.9206
8.90987,16.4015,3.14666,-1.30863,-0.172574,-3.5,0,0.281324,0.957756,-0.0596648
18.8099,7.0995,-9.74487,0.7837,0.708479,2.66087,0,0.338011,-0.199924,-0.919662
23.4543,4.01794,18.6798,-0.0653055,-0.0513921,0.834187,0,0.524664,-0.848023,-0.0747396
18.1104,26.6817,6.94306,0.787502,0,1.9,0,-0.237141,0.156333,-0.958814
12.0852,10.995,21.3283,0.760036,0.0352092,-3.9,0,0.0299255,0.894403,-0.446259
21.5638,1.957,21.4589,0.346979,0,-3.5,0,0.306069,-0.894487,0.325906
21.4757,11.5185,0.087125,-0.392334,-0.271356,0.66957,0,0.898224,0.326104,-0.294704
2.8395,17.4873,-0.611875,0.594483,0,-3.5,0,-0.93605,0.163832,-0.311398
20.8552,2.73825,-1.20656,0.608233,0,-1.6,0,0.973931,-0.155928,-0.164758
20.488,20.747,4.3435,0.700081,0,-1.09123,0,0.805197,0.586491,0.0876703
16.6319,18.5659,10.1101,0.483144,0.0254102,1.8,1,-0.312719,0.611233,0.72705
17.8849,20.2302,9.04387,0.297139,0,-3.5,1,-0.386462,0.394206,0.833816
8.021,0.624875,26.1056,-1.39233,-0.0935428,-3.5,0,-0.367033,0.482004,0.795587
21.3902,15.2134,-3.53737,-0.203898,0,-2.8502,0,0.985753,0.0431671,0.162566
2.92319,11.5912,13.6164,-0.408649,-0.0906284,-0.4,0,-0.5392,0.838953,-0.0736254
23.092,10.7664,13.1514,0.560052,0,-3.9,0,0.974338,0.109274,-0.196785
6.87362,-5.2565,4.20162,-0.732636,0,-3.5,0,-0.314294,-0.72398,-0.614062
27.0497,4.504,11.6225,-1.16227,-0.40289,3.8,0,0.965825,-0.256147,0.0396256
25.4197,2.02756,5.556,0.528471,0,-3.9,0,0.649303,-0.708983,-0.275225
21.2589,17.0133,4.564,0.622273,0,-3.81754,0,0.67595,0.707146,0.207453
21.8209,25.7157,9.75881,0.746735,0,1.9,0,0.619772,0.649735,0.440144
21.6794,2.45125,18.4921,0.0529424,0,2.8,0,0.832197,-0.55181,-0.0543553
6.79812,-5.8245,16.078,2.00659,0.50457,-3.9,0,-0.343387,-0.887914,-0.306094
29.5462,0.7205,7.75575,3.2192,0,-3.9,0,0.304798,-0.900614,-0.309827
9.48,-6.53381,13.9292,0.992676,0,-3.9,0,-0.961332,-0.268265,0.0622487
8.41938,11.9201,-2.50137,-0.0123918,0,-0.4,0,0.255666,0.334623,-0.907007
17.3665,23.9923,7.00875,0.321025,0,4.20177,0,-0.40566,0.740165,-0.53628
24.4279,-0.419,11.2704,1.30845,0.745995,-3.2,0,0.804745,0.0492137,0.591577
6.23956,6.76638,-1.44319,-0.2961,-0.292624,-0.469404,0,0.702766,-0.253654,-0.664665
18.4924,-0.205812,19.1506,0.193419,0,3.8,0,0.061142,-0.448917,0.891479
10.4164,-1.7575,1.20288,3.74653,0.237848,-3.9,0,-0.247697,-0.965437,-0.0811041
3.555,3.35625,-1.87013,-0.45102,0,-3.5,0,-0.61324,-0.128527,-0.77937
11.2659,11.7056,-8.83594,-0.0141455,0,-3.5,0,-0.92322,-0.370359,0.102466
18.9433,9.64388,16.2237,0.407934,0,-3.9,0,0.263477,0.208813,0.941795
20.7677,5.82025,-2.77425,0.0442396,0,3.93336,0,0.915031,-0.355567,-0.1905
-0.622344,5.66903,4.026,0.857791,0,-3.9,0,-0.605009,0.288938,-0.741943
23.3635,10.1018,3.77553,0.361998,0,-3.9,0,0.669528,-0.518725,-0.531655
13.2309,0.512688,-10.5548,0.627235,0,-3.5,0,-0.911349,0.0475521,-0.408879
11.4581,-11.6419,7.68922,0.661352,0,-3.9,0,0.169415,-0.611872,0.7726
1.51056,10.2397,0.694906,0.365741,0,-0.8,0,-0.90133,-0.43094,-0.0435246
8.822,-6.3485,15.479,0.576481,0,-3.9,0,-0.652294,-0.736641,0.178528
19.417,11.3121,-5.09981,-0.332753,-0.195018,2.32559,0,0.581841,-0.0323416,0.812659
10.2098,-11.9541,11.3828,0.424634,0,-0.7,0,0.0777383,-0.891933,-0.445435
24.4941,11.6346,15.0052,1.17042,0,-3.9,0,0.790357,0.132199,-0.598213
9.6385,-11.3235,7.69825,0.407124,0,-3.9,0,-0.47827,-0.819663,0.315295
21.5008,16.2198,-0.504969,0.353047,0,-1.3,0,0.984928,0.0446707,0.167098
14.3316,-3.37125,9.91831,1.41933,0,4.2,0,0.148301,-0.610961,-0.777646
6.45109,-5.5355,6.73178,0.00604391,0,-3.5,0,-0.848032,-0.395242,-0.353022
12.2247,-12.2684,6.68505,1.00561,0,-3.9,0,0.688685,-0.534071,0.490389
20.4175,-4.61494,11.439,0.78557,0,-3.2,0,0.298208,-0.908286,0.293409
2.86862,-0.98225,0.201,0.669056,0.828045,-4.5,0,-0.136836,-0.388657,-0.911165
17.4204,13.4808,-12.5634,0.282947,0,-3.9,0,0.312563,-0.165934,-0.935292
11.3291,-5.01256,6.83256,1.72274,0,-3.5,0,0.983304,-0.147625,0.106396
17.5704,15.0845,-6.7195,0.372422,0,-3.5,0,-0.63892,0.642897,-0.422451
25.0068,1.68569,11.4975,0.662525,0,4.5,0,0.775517,-0.607396,-0.172175
18.6295,16.8307,-8.509,0.402667,0.285145,-3.64277,0,0.600234,0.799818,-0.00341161
4.52419,7.43194,15.6748,0.927358,0,-0.4,0,0.213745,-0.00175727,0.976888
4.1175,13.9045,4.86,0.519068,0,0.937298,0,-0.655847,0.754703,0.0169643
7.07972,-2.96119,15.2727,1.62712,0,-3.9,0,-0.717264,0.37353,-0.588224
25.2213,12.0311,5.55,1.32638,0,-3.9,0,0.905508,-0.420384,0.0577363
-0.602781,1.76416,5.47316,3.74915,0,-3.9,0,-0.48607,-0.649595,-0.584605
8.94416,1.72987,-1.12484,0.664742,0,-4.00758,0,0.0840578,0.770356,-0.632049
18.0671,-7.38662,4.74403,3.24451,0,-3.9,0,-0.686459,-0.420654,-0.593147
27.9937,5.056,15.8286,0.432224,0,-3.5,0,0.944683,0.145459,0.293967
7.968,9.16175,15.2902,0.70468,0.125432,-0.634053,1,-0.173601,0.280014,0.944169
28.3427,3.07191,13.5509,0.693982,0.234422,-3.5,0,0.504837,0.0407113,-0.862254
10.4961,8.42991,19.0243,0.333611,0,-3.49268,0,-0.192785,0.981222,-0.00607841
5.70687,-6.16625,7.81488,0.199273,0,3.8,0,-0.495273,-0.154386,-0.854909
19.7803,-3.34197,0.844312,0.717301,0,-3.5,0,-0.0155389,-0.574236,-0.818543
15.8497,-0.125188,-0.517812,1.10034,0,-1.6,0,-0.54206,-0.825451,-0.157487
11.812,7.18255,-6.48836,-0.59368,0,-3.2,0,-0.547261,0.0174138,-0.836781
12.9137,-0.239625,-9.58231,0.520209,0,-3.5,0,-0.963068,-0.0239153,-0.268195
6.08459,-2.09681,2.69062,0.496847,-0.0875133,-4.32284,0,0.667238,-0.0162,-0.744668
10.0775,3.64697,22.2515,0.128167,-0.0600083,-3.5,0,-0.457476,0.834242,0.307825
22.0144,-3.34556,5.58631,-0.113835,-0.345617,-3.5,0,0.905514,-0.317948,0.280985
0.523875,2.6325,12.4082,1.20104,0.0552088,-4.5,0,-0.971584,0.174784,0.159608
10.9548,15.4715,1.63775,-0.0234051,-0.0135782,-1.78283,0,-0.230976,0.956023,-0.180751
19.7222,-8.16778,13.2909,-0.185831,0,-3.2,0,0.731646,-0.213496,-0.64739
20.5364,12.6703,17.5217,1.63102,0.751907,-3.9,0,-0.463364,0.0635331,0.883888
11.4395,-6.50163,9.53662,1.579,0.154212,-2.53519,0,0.707085,0.454651,-0.541593
0.671938,6.29887,3.26681,0.618516,0,-3.9,0,-0.599521,0.270994,-0.753085
23.1262,3.52925,21.6793,0.386317,0,-3.5,0,0.510973,-0.682505,0.522583
15.3329,-4.20447,-6.537,0.312995,0,-0.7,0,-0.346242,-0.937895,-0.0216634
0.971875,-1.83525,4.02375,1.29992,0.0319822,-4.5,0,-0.881696,-0.449666,0.142874
11.8309,11.2937,-6.1535,0.216101,0,-3.3367,0,-0.906033,0.406897,-0.116359
8.47306,5.79925,0.138031,0.173161,0,1.9,0,-0.18655,-0.516684,-0.835605
20.1677,-1.61944,18.8954,0.238217,0,3.8,0,0.231419,0.0792918,0.969618
9.0595,-0.97275,20.4274,0.935523,0,-2.80482,0,-0.0300039,-0.950231,0.310099
0.270375,8.47825,7.804,0.423281,0,4.5,0,-0.847826,0.0370485,-0.528978
12.2811,-10.6637,3.19988,1.90436,0,-3.9,0,0.504107,0.542679,-0.671845
12.3399,-1.13775,0.087375,4.60126,0.0738618,-3.9,0,0.486415,-0.82433,-0.289622
9.20806,-1.04816,22.6681,0.0247949,0,-3.5,0,0.336015,-0.938133,-0.0836724
12.5261,2.53675,-7.63363,1.08651,0,1.17867,0,-0.849292,-0.0856721,-0.520925
3.4695,-3.41625,4.1865,0.654922,0,-4.5,0,-0.376734,-0.923879,-0.0672224
6.54931,11.69,14.4324,0.882809,0,-0.4,1,0.25997,0.843969,0.469182
21.2644,14.6369,-0.590688,0.13143,0,-1.3,0,0.969772,-0.226667,0.0903552
25.5011,12.6655,17.3243,0.354004,0,-3.64139,0,0.638693,0.765095,-0.0818595
6.77116,13.5655,8.59334,0.301914,0,3.89341,1,-0.564962,0.761338,0.318092
23.9112,16.5603,9.32187,-0.456454,-0.127594,-3.5,0,0.879903,-0.192271,0.434514
2.37922,13.9882,1.54153,0.0904407,0,-2.63124,0,-0.900193,0.344076,0.266954
13.4295,1.65437,-10.9327,-0.139456,-0.520757,-3.5,0,-0.980063,0.00112688,-0.198682
14.0962,7.46975,-8.8095,-0.375082,-0.0531915,0.0998474,0,-0.6808,0.187218,-0.708139
17.9475,15.6448,-12.707,0.947547,0,-3.9,0,0.481239,-0.139658,-0.865393
-1.04703,4.53344,4.03367,1.14135,0,-3.9,0,-0.529334,-0.0036576,-0.848405
1.33,0.082,3.863,1.00463,0.0555772,-4.5,0,-0.894711,0.427125,-0.130597
9.939,7.699,-3.8865,0.111875,-0.514744,-3.37706,0,-0.83898,-0.538427,-0.0787966
22.112,-2.70375,15.6974,0.368438,0,3.8,0,0.651554,-0.497823,-0.572407
5.86059,14.8632,4.57128,0.480624,0,-3.5,0,-0.307166,0.596511,0.741501
10.9202,8.24316,23.0877,1.21495,0,-3.9,0,-0.795643,-0.387269,0.465806
22.2903,-0.580875,5.61231,0.798974,0,-2.03876,0,0.838484,-0.462203,0.288639
27.0121,3.61441,5.82019,0.823401,0,-3.9,0,0.275902,-0.0513333,-0.959814
25.9176,15.8953,4.69606,3.485,0.430978,-3.9,0,0.843034,0.482269,-0.238138
6.85547,5.90022,-0.394781,-0.0932733,0,1.9,0,0.682859,-0.381323,-0.623134
17.5194,21.9278,5.17747,0.485891,0,4.5,0,0.344592,0.723972,-0.597596
22.0227,6.43128,0.543031,0.381832,0,4.2,0,0.888061,0.110457,-0.446259
18.0212,0.1595,-11.1615,0.777232,0.914448,-3.5,0,0.825039,-0.473465,-0.30845
20.6262,21.2553,0.250719,3.47002,0.263247,-3.9,0,0.426394,0.65825,-0.620399
20.0403,27.5047,9.13719,0.395105,0,1.9,0,0.619447,0.780279,0.0863136
23.0459,-2.09519,12.3109,0.368551,0,-3.2,0,0.553436,-0.273665,0.786648
23.2377,14.8029,9.74781,0.0472178,0,-0.277502,1,0.823416,0.0941985,0.559565
0.915719,8.11687,12.2995,0.537598,0,2.73398,0,-0.860664,-0.0644413,0.505079
16.731,5.24444,20.1772,0.319921,0,2.8,0,0.252355,0.292322,0.922423
10.1552,7.14606,19.9089,0.270474,0,-2.94144,0,-0.773575,-0.364286,0.518534
21.377,18.162,3.7255,0.664464,0,-3.9,0,0.82927,0.38699,0.403175
7.90528,-0.568344,13.1485,0.430129,-0.870128,1.8,0,-0.858183,-0.275909,0.432893
5.24797,9.9265,15.4795,1.11786,0,-0.4,1,0.211464,-0.130157,0.968681
6.72388,17.4132,1.79969,-0.23973,0,-3.5,0,0.786239,0.616708,-0.0387193
8.60897,12.9043,13.244,0.113989,0,-1.6,1,-0.708373,0.674016,0.20955
3.09888,1.62219,0.936562,1.87956,0.628689,-4.5,0,-0.99875,-0.0244494,-0.0435953
12.2297,-10.9671,12.0748,0.584877,0,-0.7,0,0.745907,-0.624439,-0.231731
27.4375,11.853,17.5041,-1.78044,-0.669135,-3.5,0,0.590464,0.501929,-0.631997
22.9898,-1.24369,4.56053,0.664909,0,-3.5,0,0.712614,-0.322955,0.622801
-0.290375,11.7385,9.56787,0.205845,0,4.5,0,-0.560772,0.825355,-0.0657519
2.2895,11.569,5.7895,-0.428384,0,1.9,0,-0.912609,0.166949,-0.373194
26.6875,7.91256,14.6972,0.561508,-0.223279,-3.5,0,0.421179,0.754314,-0.503606
22.1906,8.20741,-0.74975,0.317073,0,4.2,0,0.984722,-0.150887,0.0869253
13.7701,14.2607,13.4394,0.334989,0,-1.31744,1,0.580061,0.700582,0.41559
22.1539,19.9336,6.9355,0.0287697,0,-2.46218,0,0.796119,-0.0788873,-0.599976
23.4283,25.1474,9.52159,-0.329507,0,-3.5,0,0.304995,0.628418,0.71559
21.1532,5.456,-0.373094,0.14932,0,4.2,0,0.763136,-0.109352,-0.636918
0.05325,6.99425,7.08738,0.786412,0,4.5,0,-0.834253,0.546604,0.0724363
15.9569,-4.12075,10.4939,1.09468,0,-2.9471,0,-0.47667,-0.420826,-0.77181
-0.595062,5.35466,7.39759,1.42678,0,-3.9,0,-0.687299,0.187585,0.701734
0.507688,10.9788,11.2291,0.20155,0,4.5,0,-0.241348,0.769125,0.591775
23.086,-0.0724375,8.15553,0.404009,0,-0.8,0,0.872648,-0.358548,-0.331554
22.0385,10.3151,1.46687,0.201576,0,-3.9,0,0.975139,-0.0174537,-0.220904
16.2588,8.14606,-9.48519,0.187035,0,-3.9,0,-0.356994,-0.0921968,-0.929546
13.0605,6.31253,-7.31163,-0.649441,0,-2.28537,0,-0.802113,0.215601,-0.556895
22.3395,9.4315,3.0875,-0.296384,0,-3.9,0,0.886427,-0.250188,-0.389426
8.76869,15.0334,0.388156,0.163755,-0.166046,-2.7111,0,0.730786,0.568725,-0.377496
9.24844,1.04081,-2.8805,-0.0548372,-0.0258128,2.5,0,-0.267355,0.944542,-0.190688
8.16747,-2.28459,18.764,0.990754,0,-3.47786,0,-0.219591,-0.429465,0.875979
8.98553,10.792,-3.17838,-0.96541,-0.604445,-3.5,0,-0.360518,0.488078,-0.794863
6.67784,-7.93159,10.9866,0.476309,0,3.8,0,-0.490376,-0.570931,0.65846
27.2666,3.18203,9.95678,0.880969,0,-3.9,0,0.451442,-0.262706,0.852752
19.4646,2.828,-7.49073,0.550819,0,-0.8,0,0.961115,0.274563,-0.0295531
24.7862,16.838,5.844,1.87695,0,-3.9,0,0.419848,0.861393,-0.285885
25.4146,15.7137,6.58425,3.11454,0.516942,-3.9,0,0.851969,0.201525,0.483256
16.1701,-1.86888,-9.40525,0.192589,0,-1.22105,0,0.291731,-0.658585,-0.693656
3.70775,6.69566,-2.55116,-0.263777,0,-3.5,0,-0.135372,-0.10097,-0.985637
15.4329,11.106,16.5056,0.21041,0,2.37751,0,-0.402437,0.136861,0.90516
20.6648,-3.4825,14.8203,0.489215,0,3.8,0,0.726204,-0.493421,-0.47871
19.2701,15.1447,11.2194,0.168514,0,2.94537,1,0.475579,0.554233,0.683118
15.3095,-3.2155,7.19575,1.21537,0,-3.52876,0,-0.288507,-0.950616,0.114428
10.3779,2.51869,24.2547,0.0158177,0,-3.5,0,0.195693,0.545298,0.815079
21.4576,-2.57031,13.0224,0.842321,0,-3.2,0,0.551475,-0.717975,0.42472
14.6711,14.7336,-11.1531,-0.211283,0,-3.82031,0,-0.570287,0.117144,-0.81305
21.4044,17.3592,6.14319,0.422095,0,-3.5,0,0.525185,0.606348,-0.597095
23.0626,22.0387,8.99347,0.626081,0,-1.84899,0,0.804238,-0.57627,0.145307
16.8085,-5.2695,9.6305,1.02704,0.152551,-2.92151,0,-0.450024,-0.648615,-0.613821
11.9646,-1.00825,-6.95,1.20203,0.366582,-3.87405,0,-0.638591,-0.21205,-0.739754
21.9684,14.9036,11.0803,0.198112,0,2.62747,1,0.409063,0.329323,0.851007
6.9098,-0.0125469,-3.59741,0.50291,0,-4.5,0,-0.761144,-0.30542,-0.57217
1.89828,-1.05484,7.90625,0.212077,0,-2.57786,0,-0.354917,-0.825094,0.439606
20.5617,9.71522,-3.18683,0.0417896,0,4.2,0,0.46866,0.780767,-0.413231
12.1145,-8.50772,5.99525,0.998968,0,-3.9,0,0.925952,0.252905,-0.280451
14.556,13.2817,16.1502,0.392967,0,4.5,0,-0.0139866,0.695723,0.718174
7.329,15.384,6.9795,0.105135,0,4.5,0,-0.667902,0.742044,0.0572527
13.4703,12.399,16.0982,1.16287,0,-1.6,0,0.292942,-0.261007,0.919815
24.1215,-2.2405,11.7565,0.280781,0,-3.2,0,0.50355,-0.060708,0.86183
22.01,13.596,17.52,2.66533,0.0581117,-3.9,0,-0.309332,0.92599,0.216462
16.1281,19.6091,3.55241,0.442956,0,4.5,0,-0.50509,0.734657,-0.452949
10.0485,8.72575,21.2568,0.496157,0,-3.9,0,-0.995482,0.0866283,-0.0388754
16.5389,17.1039,-2.20551,0.233042,0,-1.3,0,-0.644866,0.366833,-0.670509
25.352,6.76957,6.07604,0.0282637,-0.622641,-3.9,0,0.569645,0.37648,-0.730594
13.1448,6.75119,22.1743,0.730529,0,-3.9,0,0.438727,-0.642551,0.628209
20.8549,15.0031,11.1377,0.16196,0,3.8,1,0.0672823,0.551481,0.831469
17.4187,-5.34744,17.4114,-0.10764,-0.0899391,2.37712,0,0.156845,-0.65254,0.741344
6.08489,12.4762,11.1542,0.34781,0,3.8,1,-0.813405,0.581576,0.0118999
17.2645,-6.23718,11.0977,0.928257,0,-3.2,0,0.504444,-0.558205,-0.658744
18.6312,-1.42256,-0.431,0.951562,0,4.5,0,0.230898,-0.626033,-0.744828
22.7745,13.9089,16.5496,1.50696,0,-3.9,0,-0.156886,0.985148,-0.0697893
23.5767,0.5485,15.8833,0.167995,0,0.635497,0,0.681633,-0.405693,0.608925
23.0474,0.387125,14.7356,0.336794,0,4.5,0,0.726048,-0.676333,-0.124212
