x,y,z,charge,hbond,hphob,iface,nx,ny,nz
85.668,18.267,52.166,-0.26599,0,-3.2,1,-0.467852,0.859607,0.205402
85.959,13.138,55.387,-0.219501,0,-3.5,1,-0.533258,-0.13256,0.835502
96.894,5.229,23.774,0.432449,0,-4.5,1,0.327365,-0.0444008,-0.943854
95.186,11.49,51.343,-0.0667709,0,-1.3,1,-0.0575006,-0.933309,0.354441
85.4765,31.865,41.542,0.14371,0,-3.5,1,0.86923,-0.384918,0.310286
94.0085,13.4925,59.5075,-0.262597,-0.00950982,-3.5,1,-0.604349,-0.662618,-0.442379
89.375,26.0185,45.6735,0.490393,0,4.5,1,-0.760068,-0.57119,0.309901
104.067,38.1225,52.6645,0.884948,0.103018,-0.8,1,-0.530982,-0.0117482,-0.847302
92.7085,41.0285,41.8935,0.629198,0.197199,-0.8,1,0.0957602,0.446526,-0.889632
101.492,36.7545,49.6035,0.172274,0,3.8,1,0.0483156,0.374457,0.925985
116.369,32.855,51.69,1.38982,0.687485,-0.8,1,0.919074,-0.340072,0.199134
85.4515,39.542,39.9915,-0.0430783,0,-0.4,1,-0.136806,0.207639,-0.968592
104.387,31.9665,60.6995,1.05971,0.2419,-3.56132,1,-0.0781535,0.235153,0.968811
89.2425,19.229,54.106,0.488379,0,-0.9,1,-0.886444,0.412117,0.210657
108.22,13.118,36.7605,0.0966485,0,-1.6,1,0.972501,-0.184175,-0.142554
99.017,44.163,51.547,2.59031,0,-3.9,1,-0.756714,0.60647,-0.244087
94.203,25.715,63.5915,-0.0378748,0,-1.3,1,-0.702968,0.505404,0.500402
84.607,9.5965,36.797,0.469659,0,-3.9,1,-0.353433,-0.0797716,-0.932052
87.5145,42.031,42.2135,-1.16357,-0.249166,-0.4,1,0.459003,0.807987,-0.369422
91.897,31.9385,41.1195,-0.0103695,0,-1.3,1,-0.160477,0.299129,-0.940621
107.336,35.5215,56.4065,0.184852,0,-3.9,1,-0.00532191,0.778994,0.627008
111.237,22.225,54.1455,0.113715,0,3.67351,1,0.480626,-0.330296,0.812344
107.56,4.1455,30.657,-0.957434,-0.566656,-0.4,1,0.75016,-0.534197,0.389735
90.1015,11.535,53.4735,-1.02753,-0.571531,-3.5,1,0.947,-0.255213,0.19508
101.594,17.569,56.601,-1.4229,-0.494785,-3.5,1,0.570445,0.04238,0.820241
83.946,16.1975,33.8785,-0.0187921,0,-0.7,1,-0.918357,-0.119902,0.377151
104.201,2.95,27.905,-0.342463,0,-0.4,1,0.311078,-0.607309,-0.731031
84.912,31.198,39.2215,-0.787585,-0.804139,-3.5,1,0.165575,-0.626242,-0.761844
91.046,24.877,59.173,-0.132243,-0.469313,-1.3,1,-0.847239,-0.060674,0.527735
100.888,37.622,41.06,-1.01655,0,-3.5,1,0.0983649,0.973152,-0.208086
88.8435,8.258,41.053,-1.63126,-0.828661,-3.2121,1,-0.237412,-0.595665,0.767345
84.26,25.7275,32.8745,-0.793653,-0.12076,-3.5,1,-0.590418,0.0984722,-0.801068
117.075,36.2525,52.3035,0.715722,0.460338,-0.8,1,0.953945,0.235872,-0.185348
95.798,35.921,63.6625,0.660354,0,-3.9,1,0.042319,0.996473,0.0724635
92.0545,12.0945,24.135,-0.223909,0,2.8,1,-0.103737,-0.966265,-0.235733
81.8995,39.547,44.8145,-0.700559,-0.218028,-3.5,1,-0.331243,0.762143,0.556251
92.086,15.172,59.418,-0.328896,0,-3.9,1,-0.607799,-0.604964,-0.514392
102.41,24.5465,63.6725,0.117447,0,3.8,1,0.109023,-0.0588095,0.992298
101.714,20.3675,25.2385,-0.237643,-0.852633,-0.8,1,0.942606,-0.23032,0.241756
105.149,35.362,41.496,0.11624,0,4.2,1,0.575376,0.813531,-0.0843229
107.345,31.5545,36.813,1.82488,0.57211,-3.9,1,-0.0874894,0.812652,-0.576144
115.12,28.229,44.9745,0.788134,0,4.2,1,0.367713,-0.887279,0.27843
110.703,17.597,41.27,0.803193,0.764765,-3.9,1,0.109119,-0.727565,-0.677305
84.8445,35.173,45.641,0.37979,0,2.8,1,-0.412045,-0.512238,0.753546
92.888,25.1725,62.71,0.0590372,0,-1.3,1,-0.740562,0.227584,0.632276
110.009,36.759,49.557,-0.0976661,0,-3.9,1,-0.222395,0.503088,-0.83513
87.797,17.895,28.554,-0.734155,-0,4.5,1,-0.794388,0.394197,-0.462122
107.866,31.659,62.7325,-1.01044,-0.665668,-3.5,1,0.341099,0.802974,0.488758
99.8835,41.794,46.1655,-0.785173,-0.0243239,-3.5,1,-0.462374,0.772921,-0.434516
105.511,19.942,51.935,-0.396434,-0.558657,-3.5,1,-0.459007,-0.449377,0.766403
91.639,22.0595,45.7155,0.517466,-0.0536372,2.59597,1,-0.974868,0.176849,0.135488
89.5935,21.3015,29.9925,-0.00624283,0,4.5,1,-0.428018,0.435821,-0.791746
100.019,5.711,43.778,-0.169546,0,4.2,1,0.513717,-0.814083,-0.270856
101.102,23.5345,36.6875,0.280665,-0.695362,3.8815,1,0.0361785,0.813158,-0.580918
92.291,11.2825,45.6145,0.218735,0,1.3,1,-0.141908,-0.767048,0.625699
83.3145,12.518,39.3065,0.00242367,0,-3.9,1,-0.947907,0.167825,0.270753
83.528,21.4595,42.3365,-0.314584,-0.525963,-1.3,1,-0.617917,0.659944,0.427378
99.8195,29.6755,40.221,-0.931631,0,-0.725577,1,-0.108529,0.596,-0.795616
95.077,33.106,57.8745,-0.568303,0,-3.9,1,-0.619427,0.778919,0.097958
110.266,23.052,43.845,-0.244584,0,4.5,1,0.792046,0.519269,-0.320971
93.546,28.715,59.2655,0.0151875,0,-1.00292,1,-0.757091,0.133639,0.639495
88.9765,7.3285,36.578,-1.09138,0,-3.5,1,-0.601842,-0.328223,-0.72805
100.117,29.832,62.972,0.517634,0,-1.3,1,0.736145,-0.0287379,0.676214
94.691,3.7695,41.6175,-1.24601,-0.290257,-3.5,1,-0.255056,-0.362209,0.896522
91.502,7.7415,33.9515,0.0180472,0,-2.40973,1,-0.771587,-0.22602,-0.594616
113.478,18.725,40.09,0.0705195,0,-3.9,1,0.35961,-0.55788,-0.747964
109.77,30.7355,48.5265,0.434854,0,3.8,1,0.0330702,0.773841,-0.632516
93.9805,30.3635,61.336,-0.224492,-0.559536,-1.3,1,-0.885588,0.223355,-0.407243
89.981,31.569,41.3845,-0.221292,0,-1.3,1,-0.315515,0.21744,-0.923672
99.509,11.146,28.0955,-0.0234337,0,-1.3,1,-0.989192,-0.145603,-0.0172694
114.499,34.1525,54.722,0.364186,0,-0.8,1,0.0873019,0.0274886,0.995803
113.344,37.703,46.5385,0.593336,0.531769,-3.5,1,-0.584378,0.810968,-0.0288758
110.527,22.016,59.623,0.608697,0.637767,-4.5,1,0.477051,-0.869844,0.125671
83.113,19.1435,41.8235,-0.248044,0,-1.3,1,-0.918504,-0.361894,-0.159319
90.3875,23.6935,56.3975,-0.568811,0,-3.5,1,-0.813285,-0.532167,0.235302
105.013,10.124,46.3275,-0.217334,0,-3.5,1,-0.0813661,-0.749389,-0.657111
88.859,41.149,51.1185,0.594614,0.336753,-4.5,1,-0.256523,0.938127,-0.232624
110.455,23.5225,39.6835,-0.703529,-0.796049,-3.9,1,0.155155,0.79542,-0.585862
90.389,6.1265,35.894,-0.171836,0,-3.5,1,-0.449946,-0.640539,-0.622301
96.0725,3.074,40.3185,-1.96234,-0.648895,-3.5,1,0.620978,-0.65492,0.430658
104.316,41.029,54.023,-0.499587,-0.995152,-0.8,1,0.207634,0.954374,0.214612
101.039,3.3265,32.58,0.714861,0.404363,-4.5,1,0.0404191,-0.678786,0.733222
94.932,35.343,64.3115,0.694959,0,-3.9,1,-0.590373,0.704564,0.393763
104.291,11.204,41.366,-0.144781,0,4.5,1,0.81752,-0.571997,0.0669386
95.792,6.276,25.7262,0.0628185,0,-4.5,1,-0.871299,0.474193,0.12641
115.346,33.0583,43.957,0.182607,0,4.2,1,0.867206,0.455761,-0.200586
103.255,34.9712,47.2365,0.197672,0,3.8,1,0.422241,-0.824348,0.377046
112.565,29.406,47.22,0.871418,0,4.2,1,-0.74273,-0.4161,0.524608
91.6762,31.4648,52.9305,0.419092,0,3.8,1,-0.612862,0.728634,0.305766
87.4855,24.216,44.126,2.5955,0.00186346,-3.9,1,0.526193,-0.568142,0.63272
94.7048,21.6647,62.5508,0.178344,0,-3.10586,1,-0.659801,-0.126059,0.740791
102.149,37.8042,53.0855,1.79249,0.809974,-3.9,1,-0.0312814,-0.0113024,-0.999447
109.658,27.7847,43.325,1.03545,0,-1.6,1,0.864086,-0.502266,-0.0329299
95.2075,10.4975,49.7155,-0.0957009,0,4.2,1,-0.518014,-0.653432,0.551986
98.4875,38.1735,49.2535,-0.418664,-0.100912,-3.5,1,0.440341,0.079373,0.894315
108.701,20.6857,35.7673,-0.269314,0,-3.5,1,0.124047,0.143438,-0.981854
100.572,30.45,40.479,-1.88025,-0.310557,-3.5,1,-0.1691,0.473005,-0.86468
99.944,13.6993,31.5425,0.355974,0,-1.3,1,-0.853995,-0.514721,-0.0758629
98.647,25.967,21.4235,-0.267926,0,-0.8,1,0.214027,0.321521,-0.922397
83.876,30.8515,39.6275,-0.213328,-0.0181265,-3.5,1,-0.0743297,-0.51943,-0.851274
96.435,16.8445,26.5012,-1.19015,0,2.8,1,0.626584,0.64696,0.434552
116.731,33.611,48.707,-0.712642,-0.635114,-0.8,1,0.812674,0.582718,0.000773394
102.129,2.63775,31.1022,0.872832,0,-4.11608,1,0.0141705,-0.767643,0.640721
104.105,10.6173,46.1603,0.275707,0,-3.5,1,-0.0871779,-0.652776,-0.752518
117.478,18.916,44.126,2.88672,0,-3.9,1,0.226387,-0.616855,0.753816
111.301,33.601,57.4603,1.22122,0,-3.9,1,0.967894,0.225011,0.112036
90.157,33.998,49.145,0.260825,0,2.8,1,-0.139458,0.450829,0.881649
106.067,6.705,36.211,0.153871,0,-1.6,1,0.926747,-0.37194,-0.0529136
91.2225,31.4967,55.3208,0.991052,0.0225594,-0.7,1,-0.691668,0.543913,-0.475135
107.968,12.9207,32.885,0.0286655,0,-0.7,1,0.950379,0.137636,-0.278992
105.729,7.0605,32.3715,-0.872712,0,-3.5,1,0.630969,-0.623114,0.462176
108.968,16.0875,31.5933,0.283244,0.0105287,-3.5,1,0.886949,0.119864,-0.446043
99.8294,16.5954,62.2634,0.17397,0,-1.6,1,0.733089,-0.674562,0.0868698
105.757,20.3312,52.887,-0.469111,-0.612876,-3.5,1,-0.774029,-0.607952,0.176846
99.588,17.5187,32.2578,0.223737,0,4.5,1,0.31819,-0.237906,-0.91769
88.8252,26.6443,54.2975,0.140756,-0.0768401,-3.5,1,-0.791574,0.316521,-0.52271
108.554,13.3885,50.4795,-0.0869402,0,3.8,1,0.0627076,-0.60707,0.792171
115.212,28.3715,46.1305,0.753012,0.512287,-0.8,1,0.561972,-0.827155,-0.00107466
110.567,13.1165,47.7986,-0.0177811,0,3.8,1,0.670039,-0.649684,-0.359108
83.697,7.1715,40.477,0.852596,0,-3.9,1,-0.554433,-0.396457,0.731728
97.1315,25.7665,32.289,-0.0158103,-0.00852471,-3.53636,1,0.253886,0.818251,-0.515759
89.1482,20.2854,29.4391,0.0248006,0,4.5,1,-0.608041,0.517155,-0.60236
105.755,31.2213,62.1222,-0.320604,0,-3.5,1,-0.586687,0.659876,0.469428
100.668,36.1815,49.803,0.147898,0,3.42869,1,0.00754842,0.583826,0.811844
83.06,25.1075,36.8628,0.485022,0,-3.5,1,-0.722685,-0.0195712,0.6909
104.176,11.7198,43.4195,0.491319,0.200503,2.63527,1,0.173286,-0.938187,0.299629
87.6497,9.7905,48.8701,0.00769231,0,-1.6,1,-0.611847,-0.734233,0.294184
94.0052,13.297,22.9928,-0.00446652,0,2.8,1,0.312628,-0.503033,-0.805743
86.4645,11.9152,31.823,-0.31427,-0.0273864,-0.7,1,-0.324169,-0.942156,0.0851887
111.293,22.8215,41.907,-0.66174,-0.14,-3.9,1,0.485713,0.65161,0.582655
102.291,37.4985,58.691,-0.0185434,0.477885,-2.71486,1,-0.800708,0.486409,0.349677
103.719,40.3423,52.6652,0.47409,0,-0.8,1,-0.00678508,0.32492,-0.945717
105.832,34.6105,41.1315,0.157692,0,4.2,1,0.854087,0.469697,-0.223427
102.352,30.0485,45.887,-0.0273367,0,-3.5,1,0.471609,-0.0314712,0.881246
107.227,33.8035,50.569,-1.04248,0,3.8,1,-0.44459,0.300522,-0.843816
103.323,37.7145,42.591,-1.18454,-0.148922,3.8,1,0.651959,0.706914,-0.274267
95.3463,18.7479,26.7857,-0.201845,0,-0.7,1,0.857915,0.128195,0.497543
102.178,2.267,28.638,0.201086,0,-4.5,1,-0.0633626,-0.931864,-0.357232
100.847,21.22,59.661,-0.188838,0,-3.2,1,0.7522,-0.623113,-0.214303
104.308,23.0375,35.288,0.336585,0,-0.7,1,0.0132891,0.881607,-0.471797
116.499,21.328,44.4992,1.5159,0.00965186,-3.9,1,0.324166,0.708229,0.627158
95.2965,25.134,30.827,-0.523608,-0.929022,-1.63061,1,-0.34732,0.927512,0.138166
93.2653,41.77,43.5392,0.508559,0.0560204,-0.8,1,0.541708,0.828818,0.140048
105.797,9.80025,46.8667,-0.0652433,-0.0122455,-3.5,1,0.237274,-0.870674,-0.430846
109.08,35.3913,48.742,-0.783053,0,-3.5,1,-0.528324,0.203282,-0.824348
110.169,26.4312,62.858,0.808578,0.71411,-4.5,1,0.225805,0.401608,0.887538
108.03,21.4757,58.9593,0.189396,0,-4.5,1,-0.297507,-0.842461,0.449165
113.445,33.2,54.64,0.329758,0,-0.8,1,0.201974,-0.121854,0.971781
93.3962,23.484,28.7375,0.140139,0,-1.6,1,-0.36722,0.271373,-0.889667
90.635,23.182,30.963,-0.0109996,0,4.5,1,-0.0598167,0.928622,-0.366174
91.3185,15.5285,56.6055,-1.26917,-0.503985,-3.5,1,0.476909,-0.813839,0.331999
106.988,6.834,27.961,-0.469003,0,-3.5,1,0.966133,0.115954,-0.230525
94.433,31.785,60.272,0.229713,0,-2.07051,1,-0.958287,0.0599387,0.279451
96.2215,10.3663,49.9971,-0.151606,0,4.2,1,0.033968,-0.63177,0.774412
86.5445,15.8195,29.5895,1.00668,0.782249,-0.7,1,-0.515947,-0.166738,-0.840237
116.349,30.3673,51.1111,1.47608,0.210815,-3.5,1,0.989603,-0.0112385,0.143387
86.691,16.262,55.4502,-0.154933,0,-3.5,1,-0.537164,0.206952,0.817695
92.678,29.4395,36.5035,2.59536,0,-3.9,1,-0.592894,0.793766,0.135695
87.897,13.068,32.731,-0.858242,0,-3.89807,1,0.31557,-0.833221,0.454046
112.788,25.956,54.972,-1.06954,-0.209624,-3.5,1,0.163158,-0.776447,0.608695
109.75,24.6359,42.3474,-1.52276,-0.18815,3.8,1,0.91943,0.351865,0.175614
84.3065,22.435,41.8903,-0.184901,-0.333707,-1.51672,1,-0.526377,0.588926,0.613265
102.977,17.931,54.238,-1.00742,0,-3.5,1,0.951287,0.281315,0.126153
92.1755,13.2688,52.1898,-0.209333,0,-1.3,1,0.0853521,-0.683883,0.724582
96.6115,13.2915,29.444,-0.171352,-0.0153263,4.2,1,0.782415,-0.61785,0.0780238
96.3091,4.15188,40.2479,-2.10281,-0.0251821,-3.5,1,0.946277,-0.139962,0.291498
107.575,13.6135,42.538,-0.00258708,0,-1.3,1,0.765369,-0.641369,-0.0534375
97.7757,26.395,24.6917,0.489194,0,-0.8,1,-0.21965,0.858083,0.464164
93.5953,4.59225,34.8765,-1.54264,-0.737343,-3.5,1,-0.0395593,-0.929709,-0.366165
102.377,34.6854,48.3058,0.200589,0,3.8,1,0.311288,-0.949138,0.047296
89.794,17.493,64.947,2.72204,0,-3.9,1,-0.288346,-0.540095,0.790667
101.122,12.3505,51.1727,-0.226803,0,-0.4,1,0.221604,-0.907177,0.357662
112.303,21.3645,37.1968,-1.21992,-0.152826,-3.5,1,0.829798,0.51615,-0.21219
106.855,12.6042,30.4854,-1.07279,-0.119355,-0.7,1,0.766612,0.346693,-0.540473
103.466,26.4543,47.7108,0.157695,0,3.8,1,-0.0671797,0.940365,0.333469
107.948,5.826,29.6367,-1.04793,-0.716041,-0.4,1,0.968873,0.235746,-0.0755549
97.129,15.67,26.9527,0.229751,0,2.8,1,0.712949,0.459982,0.529263
95.4737,4.306,32.7243,0.033815,0,-1.3,1,-0.363743,-0.904608,0.222207
105.548,21.3043,33.0498,-0.0343557,0,-0.7,1,0.591118,0.405518,-0.697234
95.9402,9.4855,30.8757,0.137465,0,-1.6,1,0.527134,0.411028,-0.743765
97.0547,12.5518,24.7337,-0.107957,-0.278915,-0.8,1,0.0193312,-0.977578,0.209685
104.028,9.14,47.709,-1.06829,-0.0199611,-3.5,1,0.015205,-0.950682,-0.309795
83.589,20.12,33.124,0.436461,0,1.8,1,-0.858382,-0.439499,0.264617
98.4768,14.4567,30.8848,0.200545,0,4.2,1,-0.155827,-0.964569,0.212897
88.799,19.4145,57.034,-0.997346,-0.303203,-0.9,1,-0.953334,0.238974,0.184517
80.5985,16.599,51.974,0.219906,0,-3.2,1,-0.953051,0.2959,0.0643221
86.7105,10.287,47.518,-0.0493117,0,-1.6,1,-0.924095,-0.361825,-0.123006
90.4995,30.682,55.136,0.990775,0.737796,-0.7,1,-0.829669,0.480042,-0.284971
87.5405,8.589,40.7975,-1.06048,-0.400476,-3.53136,1,-0.152124,-0.665033,0.731157
89.1615,16.8105,26.498,-0.38546,0,-0.401823,1,-0.971548,-0.231619,-0.0494797
88.9475,20.33,50.7345,-0.491857,0,3.8,1,-0.904549,0.332717,-0.266626
96.5205,34.521,57.064,0.104654,0.646107,-3.9,1,-0.511837,0.774212,0.372314
96.4593,19.8318,22.9662,-0.03282,0,-0.8,1,-0.774459,-0.173873,-0.608261
87.0695,9.742,53.3245,-1.86413,-0.801613,-3.5,1,0.0633882,-0.992477,0.104747
99.3412,32.3158,48.682,0.23382,0,-0.749696,1,0.872561,-0.488426,0.00882775
99.5922,42.2228,54.6185,0.869098,0,-3.9,1,-0.653726,0.502895,0.565454
98.7982,15.8745,61.5955,0.4277,0,-1.6,1,0.643016,-0.759171,0.100941
114.088,17.703,43.372,0.129918,0,-3.9,1,0.0402393,-0.992916,0.111801
100.438,10.4385,33.985,-0.68004,0,1.25608,1,-0.769911,0.240079,-0.591269
102.28,42.9837,54.033,1.07693,0,-3.9,1,0.725668,0.408436,0.553703
95.4843,17.0855,23.3248,-2.21632,0,-0.8,1,-0.60037,0.558786,-0.572114
110.312,35.7145,55.0835,0.938809,0,-3.9,1,0.336505,0.891088,0.304511
101.353,6.4155,27.2025,0.656632,0.0386041,-3.73754,1,-0.38095,-0.212202,-0.899915
95.279,6.172,28.553,0.594563,0.300777,-1.3,1,-0.818223,0.325767,-0.473695
99.5475,12.4392,28.2975,0.0189237,0,-1.3,1,-0.973753,-0.043055,0.223499
108.425,13.6315,37.7439,0.0877127,0,-1.6,1,0.995129,0.0233383,-0.0957787
96.349,12.8655,28.5765,-0.344693,-0.344412,4.11112,1,0.776198,-0.623011,0.0968224
90.6155,16.0278,58.8408,-0.154877,0,-3.9,1,-0.448296,-0.893724,0.0169701
97.217,11.785,34.7,0.0600374,0,4.43159,1,0.519163,-0.359664,-0.775314
89.3453,11.6888,31.7515,0.155941,0,-3.9,1,-0.21007,-0.275214,0.938151
99.117,19.9172,31.519,0.917263,0,-1.6,1,-0.0881729,-0.165741,-0.98222
95.4505,15.1645,55.421,-0.804493,-0.00574898,-0.8,1,-0.259263,-0.955294,0.142115
92.2005,13.578,37.9135,0.0662446,0,-2.30311,1,-0.674156,-0.323093,-0.664172
83.3116,16.9067,53.1086,-0.618247,0,-3.2,1,-0.00763501,0.679638,0.733508
84.5265,8.5135,36.8915,1.14365,0.0225453,-3.9,1,-0.324307,0.195681,-0.925491
90.8652,14.6547,55.885,-1.4641,-0.0229796,-3.5,1,0.579419,-0.776044,0.249056
93.4715,15.3357,53.421,-0.218278,0.601864,-0.8,1,-0.435281,-0.833848,0.339452
103.193,39.0742,57.8548,-0.855105,-0.0142608,-0.8,1,0.251598,0.892076,0.375365
115.965,29.11,46.431,1.1271,0.191783,-0.8,1,0.882044,-0.441792,-0.163762
89.528,12.93,55.406,-0.419945,0,-3.5,1,0.695182,-0.443788,0.565486
92.046,28.42,35.455,2.7201,0,-3.9,1,-0.903991,0.401018,-0.148273
102.483,40.3483,52.4388,0.4256,0,-3.1821,1,0.454491,0.00429754,-0.890741
92.1338,9.528,33.053,-0.369707,0,-1.6,1,-0.96956,-0.20167,0.138862
92.3075,28.3265,37.826,0.803426,0.923156,-3.9,1,-0.602796,0.790887,0.105518
109.558,34.258,48.6195,-0.182823,0,-3.5,1,-0.444806,-0.00702003,-0.895599
91.0755,39.0165,54.28,0.132128,0,-4.5,1,0.386564,0.425566,0.818206
87.728,23.4648,30.749,-1.14222,-0.104311,1.8,1,0.235288,0.411449,-0.880539
84.6735,17.83,49.93,0.364551,0.0462407,-3.2,1,-0.042441,0.881632,-0.470025
102.873,2.48775,27.918,-0.651692,0,-4.5,1,0.0211078,-0.840878,-0.540813
110.22,18.8738,35.5277,-1.14298,-0.0422249,-3.5,1,0.333192,-0.190898,-0.923331
108.865,30.831,44.087,0.0798249,-0.931499,-1.6,1,0.665988,0.716264,-0.208389
107.267,27.9428,38.1493,2.0904,0,-3.9,1,0.0248071,-0.828138,-0.559976
85.66,15.462,44.023,0.0754615,0,-1.3,1,-0.62025,-0.653672,0.433594
111.148,26.5893,49.1968,0.402706,0,4.5,1,0.819316,0.572306,0.0344489
90.498,41.582,47.748,-0.806798,-0.626625,-0.8,1,-0.277999,0.873036,0.400654
92.192,16.2383,56.9393,0.133591,-0.441164,-2.96314,1,0.174515,-0.966097,0.190267
115.012,18.2845,40.9205,0.267003,0,-3.9,1,0.203755,-0.7299,-0.652479
91.743,20.5613,25.8018,-0.123298,0,-0.7,1,-0.146851,0.92711,-0.344823
99.5307,19.156,59.945,-0.0728571,-0.482786,-1.6,1,0.820855,0.104258,-0.56154
99.111,43.376,50.891,2.70435,0,-3.9,1,-0.610608,0.214671,-0.762282
105.28,2.053,29.0812,0.0357668,0,-0.4,1,0.251206,-0.900287,-0.355498
85.7005,34.8485,46.211,0.318274,0,2.8,1,-0.642384,-0.201255,0.739486
97.274,24.387,64.721,-0.333078,-0.870057,-1.3,1,0.164439,-0.481835,0.860694
85.71,31.8428,39.3745,-1.06045,-0.540874,-3.5,1,0.755429,-0.181581,-0.629568
85.333,15.673,42.941,0.0623447,0,-1.3,1,-0.813938,-0.543342,0.205632
102.532,12.4015,27.4167,-0.0663894,0,-1.3,1,0.765371,0.383794,-0.516632
85.073,17.276,53.951,-1.00806,-0,-3.2,1,-0.698985,0.390383,0.599183
83.154,6.3405,38.4753,0.955706,0,-3.9,1,-0.774421,-0.60084,-0.198152
110.052,18.7138,40.2607,0.513924,0.0296637,-3.87797,1,-0.133703,-0.902338,-0.409768
99.7375,4.042,26.641,0.935182,0,-4.5,1,0.505556,0.00470777,-0.862781
95.7315,36.245,40.208,-1.13686,-0.146623,-0.8,1,0.191608,-0.193073,-0.962294
93.7083,20.3353,26.1924,-0.811409,0,-0.7,1,0.0200812,0.866843,-0.498177
110.022,28.241,46.2085,1.52149,0,-1.6,1,0.683857,0.397835,0.61161
103.065,39.9695,45.9733,-0.164176,0,3.8,1,0.323664,0.781642,-0.533177
100.576,24.7845,23.3705,-0.481265,-0.895559,-0.8,1,0.896388,-0.421362,-0.137632
88.2565,19.9405,61.8785,0.469052,0,-3.9,1,-0.826516,0.475684,-0.300992
107.783,14.401,34.4125,-0.700926,-0.772551,-3.39087,1,0.976859,-0.0112796,0.213585
95.8363,12.3462,24.554,0.02746,0,2.8,1,0.14098,-0.924297,-0.354683
102.083,37.144,40.947,-1.08694,-0.360317,0.14992,1,0.388478,0.824476,-0.41149
89.3538,15.767,26.2887,-0.145127,0,2.8,1,-0.995867,0.0622228,0.0661594
88.1535,38.416,53.6395,0.629692,0.411491,-4.5,1,-0.598435,-0.695414,0.397838
82.1721,36.076,46.6069,-0.838861,0,-3.5,1,-0.30134,-0.810337,0.502542
87.828,38.5563,52.6387,0.245164,0,-4.5,1,-0.811787,-0.583534,-0.0221351
93.4307,3.1485,38.474,-0.653274,0,-3.5,1,-0.638788,-0.761713,-0.108368
98.31,25.7525,64.205,0.422762,-0.101556,-1.3,1,0.684007,0.10463,0.721933
113.271,40.401,53.4128,1.00227,0,-3.9,1,0.0439195,0.541837,0.839335
93.8135,5.009,40.336,-1.37083,-0.645558,-3.5,1,-0.702252,0.0136749,0.711797
100.374,23.4827,35.6662,1.18988,0,-1.6,1,0.426159,0.904128,-0.0306823
94.135,32.756,41.2137,0.0242851,0,-1.09158,1,-0.412499,0.226435,-0.882367
79.9822,37.5093,45.001,-0.0832498,0,-3.5,1,-0.999204,0.0232228,0.0324328
110.173,31.4335,60.454,1.57684,0.634183,-3.9,1,0.648444,0.138174,0.748617
90.053,30.901,57.651,0.209695,0,-0.7,1,-0.909384,0.0443609,0.413585
93.2897,34.713,62.21,0.263774,0,-3.9,1,-0.960705,0.277566,-0.00163084
88.0287,19.701,62.837,0.465887,0,-3.9,1,-0.925354,0.274493,0.261485
84.5265,17.206,34.7705,-0.0942347,0,-1.92126,1,-0.931463,-0.0938946,0.351511
98.83,38.3665,41.2132,0.477583,0.43911,-1.36895,1,0.405878,0.544636,-0.733917
101.284,28.6215,37.7595,-0.63362,-0.865575,-0.7,1,-0.389994,0.710495,-0.585749
86.2365,16.846,29.886,0.333937,0.791999,-0.7,1,-0.368254,0.0724563,-0.926898
100.315,22.2836,22.6073,0.0903717,0,-0.8,1,0.617867,0.557076,-0.554893
107.242,6.1075,28.632,-0.516711,-0.418203,-0.4,1,0.881821,0.175319,-0.437784
110.477,29.716,39.8242,0.594665,0,-3.9,1,0.981876,0.187855,0.0251164
94.5365,35.142,41.089,-0.418096,-0.442738,-1.05519,1,-0.178242,-0.280749,-0.943085
103.883,2.13975,29.9498,-0.0664949,0,-0.4,1,0.00928977,-0.999525,0.0293784
107.799,38.0938,50.3283,0.742198,0,-3.9,1,-0.278151,0.425358,-0.861222
105.75,7.4435,38.348,0.106656,0,-1.6,1,0.697217,-0.0201703,0.716577
88.2887,26.8048,57.065,-0.642082,-0.917866,-3.5,1,-0.617047,0.315921,0.720726
110.687,17.6392,37.181,-1.31149,-0.264346,-3.5,1,0.240133,-0.939848,0.242942
89.01,28.381,42.323,0.905574,0,2.8,1,-0.917172,0.391372,0.0749933
83.956,7.8905,41.1992,0.162458,0,-3.9,1,-0.558363,-0.204233,0.804064
89.6265,27.9375,52.806,0.307348,0,3.51952,1,-0.916697,-0.313227,0.248102
111.476,16.6765,42.924,-0.336563,-0.0391908,2.95278,1,0.494652,-0.626849,-0.60198
88.1485,36.304,38.8865,-0.0850469,0,4.2,1,-0.369221,-0.537612,-0.758056
104.294,35.017,46.857,0.219892,0,3.8,1,0.540235,-0.640798,0.545457
85.8493,10.5185,52.1232,-1.46809,-0.0395133,-3.5,1,-0.696364,-0.465859,-0.545943
102.36,22.865,28.3143,0.170078,0,-0.7,1,0.929659,-0.362851,-0.0638226
102.753,26.3255,48.9105,-0.0207282,-0.0919986,3.3857,1,0.335551,0.919393,-0.205236
110.736,34.2933,58.3418,0.679518,0,-3.9,1,0.572939,0.556554,0.601655
111.456,30.656,47.352,0.158576,0,4.2,1,-0.182355,-0.954812,0.234692
83.467,14.918,31.4403,0.382551,-0.796466,-0.7,1,-0.899212,-0.431924,0.0697034
88.6535,39.5035,47.9565,0.263968,0,-1.21371,1,-0.250913,-0.685544,0.683427
94.29,17.798,24.264,-0.812644,-0.812442,-0.7,1,-0.0569968,0.372779,-0.926168
98.575,9.717,34.7313,-0.593309,0,1.42565,1,-0.0825564,0.642274,-0.762016
106.48,31.3005,37.716,1.93891,0.00150491,-3.9,1,-0.521979,0.767243,-0.37266
106.077,2.6655,29.0917,0.109028,0,-0.4,1,0.774105,-0.598723,-0.205651
112.524,20.495,36.746,-1.09026,-0.719989,-3.5,1,0.947453,-0.0752636,-0.310915
102.428,27.7267,46.3315,0.300604,0,0.284581,1,0.298617,0.527884,0.795089
87.656,25.211,38.7448,0.439131,0,-1.42451,1,-0.819147,0.571635,-0.0472378
104.259,9.6385,49.706,-1.23707,-0.0697195,-3.5,1,-0.0471561,-0.411648,0.910122
94.928,2.7405,41.1005,-1.47779,-0.403386,-3.5,1,-0.0840263,-0.789567,0.607884
84.643,32.213,38.784,-1.4764,-0.0345894,-3.5,1,0.058338,0.0967451,-0.993598
91.843,32.1362,51.4832,0.41356,0,3.8,1,-0.409337,0.847135,0.33883
102.044,36.4338,39.7438,-1.85901,-0.562117,-3.5,1,0.668238,0.415538,-0.617079
92.1975,41.9523,42.368,0.731425,0.542901,-0.8,1,0.0488505,0.719021,-0.693269
88.3662,18.958,44.4347,-0.440777,0,-1.3,1,-0.419746,0.520989,0.743225
99.3535,26.6905,25.0635,1.01329,0.624656,-0.8,1,0.119088,0.808431,0.576417
90.1874,37.2819,51.843,0.11525,0,-4.5,1,-0.366965,-0.92656,-0.0826064
83.0742,34.1595,43.798,0.70489,0,-3.5,1,-0.464332,-0.365306,0.806813
117.501,20.4615,41.1225,1.67566,0.462627,-3.9,1,0.160939,0.149697,-0.975546
100.621,17.7425,62.4593,0.0437429,0,-1.6,1,0.925466,-0.146792,0.349234
80.9392,36.2385,40.7103,-1.10415,-0.180697,-3.5,1,-0.849611,0.12405,-0.512613
96.145,9.401,45.3008,-0.27312,0,4.2,1,-0.485907,-0.629108,0.606727
87.958,22.1532,30.821,-0.708223,-0.455644,1.8,1,0.000438017,0.000351353,-1
83.0908,23,31.8148,0.0759649,0,1.8,1,-0.763914,0.615891,-0.192648
104.515,30.717,38.917,0.194612,0,4.2,1,-0.316225,0.458895,-0.830311
87.373,8.08275,28.4067,1.39795,0.87385,-3.9,1,-0.371928,-0.788646,-0.489598
89.1718,29.7019,47.6139,0.261436,0,4.5,1,-0.918339,-0.0860996,0.386317
107.91,29.494,63.3602,-1.16645,-0.0211986,-3.5,1,0.577534,-0.521114,0.628407
112.713,23.8022,54.4806,-0.00062058,0,4.2,1,0.57213,-0.0470723,0.818811
89.1403,18.954,24.5588,-0.0477765,0,-0.7,1,-0.737726,0.472745,-0.481946
116.35,28.8778,41.992,0.29835,0,4.2,1,0.618085,-0.486028,-0.617858
100.495,7.138,36.81,-1.02366,-0.699581,-1.56721,1,0.225728,-0.76579,0.602173
100.548,1.735,30.1195,0.148135,0,-4.5,1,-0.314765,-0.944926,0.0896536
93.5387,33.563,51.0245,0.530443,0.30855,0.324299,1,-0.861131,0.447321,0.241573
87.6545,40.9912,51.8025,0.68917,0.64894,-4.5,1,-0.771977,0.603255,-0.200337
91.0825,39.844,53.4543,-0.0328264,0,-4.5,1,0.390836,0.690675,0.608453
83.162,7.729,39.827,0.981878,0,-3.9,1,-0.919505,-0.0244969,0.392314
95.9765,16.1825,21.3293,-2.19094,-0.828523,-0.8,1,-0.618521,0.117241,-0.776973
97.682,11.7723,23.2015,0.298205,-0.190661,-0.8,1,-0.458549,-0.852204,-0.251954
91.9727,37.7383,38.6092,0.0518693,0,4.2,1,0.621096,-0.0617297,-0.781299
88.2558,10.2817,44.2882,0.0266136,0,-3.2,1,-0.688326,-0.582118,0.432834
99.4806,7.16587,41.3435,-0.246872,0,4.2,1,0.532258,-0.695474,-0.482718
90.3175,12.146,32.201,-0.367455,-0.310138,-2.97754,1,-0.565202,-0.340525,0.751392
85.598,24.136,39.251,0.114658,0,-3.9,1,-0.568508,0.815311,-0.10985
114.829,17.6045,50.51,0.00752658,0,-0.7,1,0.650132,-0.623708,0.433955
82.5752,30.3547,43.044,0.890117,0.822988,-3.5,1,-0.482517,-0.459372,0.745758
100.162,17.904,58.834,-1.30492,-0.891645,-1.6,1,0.863241,0.504693,0.00997139
85.214,37.7865,47.763,-0.439594,-0.979097,-0.8,1,-0.000403735,-0.460092,0.887871
110.687,17.851,36.1805,-1.10713,-0.591485,-3.5,1,0.547646,-0.653898,-0.522017
93.3278,11.5599,27.3676,0.163557,0,2.8,1,-0.247379,-0.942895,0.223053
103.913,38.8438,62.1473,0.583506,0.739739,-4.5,1,-0.277111,0.777302,0.564812
91.345,25.4792,60.2305,0.189775,0,-1.3,1,-0.884483,0.0683755,0.461535
107.077,3.53225,30.0255,-0.633674,-0.353925,-0.4,1,0.609669,-0.791958,0.0332681
114.192,30.013,56.04,0.110974,0,-3.5,1,0.383891,0.500487,0.775977
117.086,32.1227,46.829,0.212741,0,-0.8,1,0.893115,-0.019597,-0.449402
88.344,27.351,55.185,-0.218098,0,-3.5,1,-0.782795,0.444652,-0.435335
105.414,14.617,53.0192,-0.217202,0,3.8,1,-0.344053,-0.443838,0.827427
91.9163,15.408,61.6435,-0.0250148,-0.454455,-3.70304,1,-0.698448,-0.463739,0.545085
83.4577,18.3062,42.6525,-0.302785,0,-1.3,1,-0.828378,-0.559542,-0.0264869
112.572,34.262,46.274,0.184398,0,-3.5,1,-0.691582,-0.140905,-0.708421
86.0944,19.6704,44.0315,-0.11421,0,-1.3,1,0.339396,0.523748,0.781344
104.45,15.677,30.6335,1.06626,0.843264,-3.5,1,-0.00866699,0.211328,-0.977377
105.905,18.1715,36.6005,0.152495,0,-0.321434,1,0.694017,-0.677183,0.244467
98.365,36.092,39.924,-0.288141,0,-3.5,1,-0.360702,0.301366,-0.882651
88.7318,39.5575,38.6442,-0.0289609,0,4.2,1,-0.112245,0.529291,-0.840983
108.967,30.0713,43.1247,0.484884,-0.423814,-2.65143,1,0.432076,0.889149,-0.150743
111.291,22.7882,38.9323,-0.768347,-0.589151,-3.9,1,0.531853,0.667324,-0.521355
112.913,32.6172,42.6097,0.544167,0,4.2,1,-0.66592,0.571082,-0.480016
99.0683,13.7528,53.1707,-0.588161,0,-0.419097,1,0.356191,-0.798699,0.484981
97.0615,15.788,28.8825,0.350091,0,4.2,1,0.785043,0.313629,-0.534176
100.505,35.7095,59.544,-0.548254,-0.199195,-1.3,1,-0.070063,0.746428,0.661767
116.705,36.6297,53.231,1.04733,0.396434,-0.8,1,0.753919,0.362264,0.548062
96.817,11.7137,53.0023,0.0178533,0,-1.3,1,0.271456,-0.889472,0.367629
98.8965,13.6543,57.0885,-1.27946,-0.739687,-3.5,1,0.590639,-0.802558,0.0839439
108.579,18.7547,57.151,0.413875,0.596346,-3.5,1,0.234206,-0.452045,0.860699
108.826,11.0898,34.5872,0.213041,0.229088,-0.7,1,0.909975,0.0538622,0.411151
105.945,40.212,55.4728,0.0569035,0,-0.8,1,0.580917,0.761961,0.28627
109.797,18.451,55.2635,-0.396741,-0.0308515,-3.5,1,0.484542,-0.813246,0.322258
107.495,26.217,39.5902,0.110589,0,-3.9,1,0.3894,-0.175249,-0.904243
95.1465,6.45125,41.6948,-0.624938,0,4.2,1,-0.834779,-0.414621,0.362262
87.3925,32.626,47.726,0.0252252,0,2.8,1,-0.606746,-0.333533,0.721537
96.026,21.8967,21.798,-1.10304,-0.529082,-0.8,1,-0.625073,-0.486245,-0.610614
85.792,11.2323,35.3008,0.732993,0,-0.4,1,-0.0337785,-0.921703,-0.386423
94.8603,15.3958,22.7582,-13.3234,0,-0.8,1,-0.665272,-0.0238626,-0.74622
102.106,38.8672,57.9012,-0.689901,-0.493915,-0.8,1,-0.390155,0.622975,0.677998
82.9235,20.2555,31.52,0.0426353,0,1.8,1,-0.892634,-0.40432,-0.199325
101.906,6.2115,36.3695,-0.500916,-0.217266,-1.6,1,-0.507872,-0.649141,0.566288
113.679,21.6675,50.8698,-0.121984,-0.53687,-0.7,1,0.893141,0.197178,0.404253
112.707,16.2838,48.6592,0.0542839,0,-0.7,1,0.559176,-0.824173,0.0897845
99.97,13.502,52.748,-0.303076,0,-0.4,1,0.196891,-0.668371,0.717297
100.564,25.6978,22.5343,-0.673933,-0.911204,-0.8,1,0.821084,-0.0157782,-0.57059
107.822,8.137,33.082,-0.786641,-0.868462,-0.7,1,0.41643,-0.899884,-0.129597
84.8477,7.2475,40.9292,0.658477,0,-3.9,1,0.121837,-0.483873,0.866616
99.3132,22.3797,22.35,0.0328761,0,-0.8,1,0.319296,0.413082,-0.852885
113.463,22.626,51.6543,0.181245,0,4.2,1,0.993989,-0.0965708,-0.0515659
111.506,21.6875,36.1795,-1.37082,-0.144143,-3.5,1,0.305514,0.769246,-0.561179
107.479,28.438,36.847,2.59873,0,-3.9,1,-0.0431506,-0.822797,-0.566695
89.7083,23.9195,50.182,0.13821,0,-1.6,1,-0.556569,0.533383,-0.636972
97.5765,2.9805,25.5972,0.649171,0.092866,-4.5,1,0.257744,-0.667777,-0.698314
89.7395,30.442,52.859,0.258236,0,3.8,1,-0.558537,0.705054,0.436962
95.7448,3.46625,41.2868,-1.7988,-0.473687,-3.5,1,0.579861,-0.45272,0.677352
104.596,6.139,25.2755,0.130405,0.173816,-3.5,1,0.239451,-0.632247,-0.736836
116.081,34.9808,54.7183,0.320618,0,-0.8,1,0.392918,0.133126,0.909886
111.295,23.002,59.8652,0.593464,0,-4.5,1,0.886434,-0.406403,0.221521
95.86,37.4673,40.2747,-0.459491,0.192398,-0.8,1,0.16923,0.0513492,-0.984238
89.6927,6.96875,35.8995,-0.189425,0,-3.5,1,-0.601931,-0.205222,-0.771728
89.149,13.049,25.463,0.0472006,0,2.8,1,-0.768171,-0.636931,-0.0650563
82.5042,40.8252,42.2443,-0.697024,-0.187369,-1.81577,1,-0.43246,0.822391,-0.369663
105.256,9.40275,48.855,-1.11529,-0.915289,-3.5,1,0.592219,-0.709021,0.382841
98.7223,21.0806,63.3449,-0.52313,0,-2.91822,1,0.114207,-0.243488,0.963157
92.263,34.8755,40.9,0.547575,0.238161,2.13268,1,0.154944,-0.59381,-0.789546
83.3195,25.15,34.4035,0.0516912,0.037011,-3.5,1,-0.822902,-0.125361,-0.554182
103.034,17.0575,56.5665,-1.45002,-0.732441,-3.5,1,0.399527,0.0812491,0.913114
103.724,36.562,48.984,0.211784,0,3.8,1,0.741936,-0.112274,0.661003
100.393,16.8978,59.4495,-1.47269,-0.134368,-1.6,1,0.960529,-0.223679,0.165383
91.1165,13.014,52.0055,-0.274487,0,-1.3,1,0.454421,-0.779845,0.430515
81.261,40.4487,42.9215,-0.88752,-0.215509,-3.5,1,-0.777431,0.597915,-0.195191
96.0435,32.143,65.7395,3.24301,0.0395814,-3.9,1,0.323292,-0.363281,0.87379
99.2063,15.5483,57.956,-0.51076,-0.490399,-2.55034,1,0.874653,-0.484724,0.00504992
102.371,38.0747,42.473,-1.49161,-0.189788,3.8,1,0.202171,0.94659,-0.251186
86.62,10.03,28.3425,2.60249,0.0495844,-3.9,1,-0.881689,-0.0267441,-0.471072
88.6955,19.2925,60.1705,0.254252,0,-3.9,1,-0.847384,0.317089,-0.425905
101.755,11.5145,49.2495,-0.133145,0,-3.5,1,-0.0560108,-0.563701,0.824078
90.92,12.1147,33.0565,-1.06916,-0.345681,-1.6,1,-0.74872,-0.351335,0.562124
97.696,8.999,31.3965,-0.212005,0,-1.41349,1,0.208266,0.926034,-0.31478
91.6365,32.9012,58.184,0.0702606,0,-0.7,1,-0.37861,0.806616,0.453899
115.769,29.0215,45.4243,0.859082,0.0177323,2.47711,1,0.849717,-0.493145,0.186517
92.9745,26.875,34.5073,1.27314,0.527732,-3.9,1,-0.44572,-0.201223,-0.872263
112.052,14.965,46.7225,-0.00891456,0,3.8,1,0.78561,-0.536716,-0.307818
100.463,14.155,23.8547,-0.0670979,0,-0.8,1,0.991483,-0.107294,-0.0738152
100.442,26.6467,23.1178,0.228136,-0.419453,-0.8,1,0.650732,0.668278,-0.36049
93.794,35.2865,56.3415,-0.986723,0,-3.5,1,-0.241,0.257516,0.935738
100.339,16.6405,56.4637,-0.823178,0,-3.5,1,0.364213,-0.845097,0.391357
98.8217,21.113,26.7588,0.130289,-0.913932,-0.7,1,-0.179373,-0.865617,0.467474
96.4993,25.1822,27.1385,0.165789,0,-0.7,1,-0.698483,0.714111,-0.0465609
91.375,17.9998,22.4692,0.973278,0.531219,-0.7,1,-0.267871,0.0583767,-0.961685
88.249,25.0925,55.764,-1.08949,-0.775559,-3.5,1,-0.707603,-0.705545,0.0387819
104.71,7.683,38.7803,0.219328,0,-1.6,1,0.0857147,-0.104799,0.990793
105.547,20.246,32.716,-0.0353413,0,-0.7,1,0.613235,0.185026,-0.767924
102.77,26.8533,62.5682,0.360107,0,3.8,1,0.266983,0.503995,0.821407
90.152,15.176,57.19,-1.54858,-0.101078,-3.5,1,0.0652947,-0.679792,0.730492
93.2435,41.8215,42.4965,0.365252,0.861548,-0.8,1,0.596438,0.769989,-0.226669
83.651,20.6532,30.7068,0.0431999,0,1.8,1,-0.486035,-0.287653,-0.825243
98.2985,29.637,39.3975,-0.344177,0,2.5,1,0.141658,0.64634,-0.749785
98.802,26.452,63.076,0.211364,0,3.8,1,0.54172,0.287509,0.78986
114.826,27.6845,43.3585,0.495197,0,4.2,1,-0.180548,-0.978393,-0.10074
105.806,10.5145,48.7788,-0.5675,-0.311376,-3.5,1,0.640536,-0.365391,0.675428
95.5553,20.1042,25.277,-0.181514,0,-0.746519,1,-0.580885,0.645343,-0.496089
89.9678,39.5568,38.7052,-0.0120268,0,4.2,1,-0.0587648,0.70558,-0.70619
112.371,30.082,47.9652,0.037927,-0.0445483,1.74575,1,-0.574945,-0.815805,0.0624494
82.7497,21.263,31.2738,0.060785,0,1.8,1,-0.864366,-0.0750928,-0.497224
97.5885,26.0025,25.75,0.506066,0,-0.8,1,-0.244077,0.935239,0.256427
111.612,15.295,44.647,-0.469549,-0.376474,3.8,1,0.696278,-0.711958,-0.0911696
102.828,31.3447,40.2357,-0.385146,0,0.0971189,1,-0.59222,0.363706,-0.719023
112.167,25.8405,47.6775,0.391748,0,4.5,1,0.98564,0.124679,0.113884
81.3225,35.1675,40.39,-0.941043,-0.205947,-3.5,1,-0.604752,-0.277433,-0.74653
94.3747,15.2788,57.0795,-0.443216,-0.444619,-2.29416,1,-0.610306,-0.743228,-0.274114
84.823,25.3522,42.5802,1.75424,0,-3.9,1,-0.981433,0.0663284,0.179973
95.891,5.46175,23.608,0.497272,0.748262,-4.5,1,-0.28157,0.130278,-0.950656
116.378,30.5643,41.933,0.266088,0,4.2,1,0.732178,0.47165,-0.491387
94.591,37.3532,55.3095,-1.08015,-0.22484,-3.5,1,0.228118,0.89992,0.371625
98.59,6.2495,24.6145,-0.021264,0,-4.5,1,0.723458,-0.0244211,-0.689936
81.3915,17.3603,52.3385,0.172354,0,-3.2,1,-0.464062,0.778586,0.422433
94.1885,24.703,64.0987,0.136549,0,-1.3,1,-0.480462,0.206298,0.852407
102.271,40.613,45.9692,-1.00197,0,-3.5,1,0.660872,0.490745,-0.567818
106.863,6.21525,26.1143,-0.941514,-0.219994,-3.5,1,0.812913,-0.238696,-0.531221
102.82,36.04,60.7337,0.809996,0,-4.5,1,-0.665764,-0.168197,0.726958
83.2282,16.0588,53.6484,-1.42173,0,-3.2,1,0.0483487,0.412956,0.909467
93.637,34.363,52.815,0.265607,0.576927,-3.5,1,-0.688343,0.421062,-0.59067
94.7998,16.209,63.514,0.531246,0,-3.5,1,-0.141442,-0.0940968,0.985464
106.018,36.3975,63.0708,0.340934,0,-4.5,1,-0.0205362,-0.131944,0.991044
82.866,18.117,50.7882,0.606184,0.132048,-3.2,1,-0.316368,0.939832,-0.128945
110.895,23.111,62.0778,0.573536,0,-4.5,1,0.629522,-0.475491,0.6145
97.985,7.20375,24.0855,0.395963,0,-4.5,1,0.36933,0.364983,-0.854624
107.897,35.6903,50.2612,0.239644,0,-3.7216,1,-0.504504,-0.0662517,-0.860864
99.1505,15.0705,21.8135,-0.326715,0,-0.8,1,0.448182,0.0262608,-0.893557
116.114,30.3215,52.577,0.590069,0.0207945,-3.5,1,0.985232,0.109278,0.131817
93.3282,12.1058,29.5675,0.0318848,0,4.2,1,0.283947,-0.874643,-0.392903
107.914,33.319,49.7897,0.147119,0,3.8,1,-0.577973,0.375287,-0.724642
110.136,18.4347,38.3597,-0.951501,0,-3.5,1,0.192524,-0.863179,0.466751
87.192,10.2275,52.0088,-1.5171,-0.358774,-3.5,1,-0.0395909,-0.918766,-0.392813
115.859,20.7145,45.1275,0.503221,0,-3.9,1,0.231268,0.118878,0.9656
106.846,32.8013,43.323,-0.183865,-0.889316,-1.08916,1,0.711148,0.702892,0.014542
107.617,30.1073,64.152,-0.770999,-0.0329477,-3.5,1,0.400112,-0.138557,0.905932
89.555,6.0845,36.5345,-0.236484,0,-3.5,1,-0.531814,-0.71349,-0.456187
115.102,20.104,49.294,0.0138076,0,-0.7,1,0.766572,0.631016,0.119108
99.5247,12.0925,23.38,0.777159,0.453619,-0.8,1,0.885402,-0.453493,-0.102016
107.548,12.9008,31.9557,-0.00217015,0,-0.7,1,0.84309,0.153552,-0.515385
96.876,12.1555,33.5985,0.21317,0,1.62919,1,0.750888,-0.296297,-0.590234
85.435,42.0975,42.9025,-0.308288,0,-0.4,1,-0.336338,0.939651,0.0627089
90.6708,26.0802,52.0945,-0.0265438,-0.102993,-3.2411,1,-0.869394,-0.108818,-0.481988
99.348,21.141,27.777,-0.31059,-0.969327,-0.7,1,0.00973811,-0.93385,0.357532
88.5625,8.1325,28.708,2.00834,0.143445,-3.9,1,0.0548305,-0.949628,-0.308545
104.83,33.659,50.706,-0.00281051,0,4.2,1,0.162132,0.073693,-0.984013
110.983,20.5675,55.0088,-1.28069,-0.111029,-3.5,1,0.879227,0.11838,0.461462
104.929,35.6423,62.324,0.179053,0,-4.5,1,-0.393833,-0.53099,0.750297
88.5853,38.3317,51.6475,-0.0598341,0,-4.5,1,-0.644831,-0.620286,-0.446584
111.611,25.4692,60.8937,-0.0178257,0,-4.5,1,0.981384,0.101454,0.163074
89.0075,28.3335,39.737,0.314458,0,2.8,1,-0.482317,0.735721,-0.475484
89.9585,20.42,44.7025,0.00909653,0,4.16754,1,-0.503845,0.689616,0.520163
109.604,21.785,60.742,0.516783,0.525204,-4.5,1,-0.0984274,-0.949472,0.29802
90.7025,20.0385,57.9395,-0.340681,-0.56246,-1.04907,1,-0.382649,0.902437,0.197955
89.9535,19.495,64.602,2.4368,0.275829,-3.9,1,0.159406,0.641617,0.750278
98.191,27.4112,38.109,0.00508922,0,2.5,1,0.237914,0.895376,-0.37643
112.022,25.293,50.807,0.320948,0,4.2,1,0.820949,0.252819,-0.511982
88.1943,7.9325,40.2952,-1.79646,-0.779806,-3.51257,1,-0.290974,-0.673934,0.679079
103.053,5.436,25.963,0.15784,0.0712342,-3.5,1,-0.235473,-0.776936,-0.583887
92.4388,18.4355,22.7292,-0.309944,-0.202062,-0.7,1,0.417318,0.0981135,-0.903448
98.265,28.8015,38.795,-0.368235,0,2.5,1,0.0916928,0.425326,-0.900383
84.018,25.5462,37.3413,0.169416,0,-3.5,1,-0.276867,0.447866,0.850154
106.415,33.092,42.297,0.135633,0,4.2,1,0.809525,0.580217,-0.0895414
104.02,39.838,46.3792,0.0099005,0,3.8,1,0.619401,0.715114,-0.323967
116.206,29.2248,50.754,1.06486,0.751341,-3.5,1,0.777137,-0.627436,-0.0487985
89.4143,30.5557,48.3242,0.277717,0,3.73591,1,-0.917268,-0.287566,0.275547
89.2767,7.1655,40.836,-1.86062,-0.532551,-3.5,1,-0.384078,-0.527255,0.757949
91.9102,12.6667,23.1068,-0.165503,0,2.8,1,-0.0536776,-0.74178,-0.668492
108.419,14.797,31.443,0.438697,0.125446,-3.5,1,0.659774,-0.524011,-0.538619
99.4548,16.296,63.1675,0.235121,0,-1.6,1,0.72736,-0.598661,0.335489
100.731,2.073,31.043,0.168672,0,-4.5,1,0.00548478,-0.828384,0.560134
92.5987,32.7795,41.4473,-0.196801,0,-1.3,1,-0.128293,0.203458,-0.970642
103.289,22.8095,61.8555,-0.0414545,0,3.8,1,0.431063,-0.846875,0.311428
111.653,23.7038,49.1382,0.382405,0,4.48286,1,0.955688,0.280868,0.0881641
104.164,11.1825,42.3817,-0.0278232,0,4.5,1,0.539099,-0.749636,0.383951
95.2275,22.8438,26.6553,-0.854568,-0.0916903,-0.7,1,-0.897188,0.0919569,-0.43197
86.5855,18.607,52.6145,-0.370283,-0.0166941,-3.2,1,-0.267484,0.936145,0.228222
88.7598,23.1672,50.7012,0.19402,0,-1.6,1,-0.825935,0.320203,-0.464006
88.945,13.8395,37.105,0.582863,0.0829783,0.474424,1,0.43572,-0.763702,-0.476347
84.3685,27.0147,34.9767,-0.319829,-0.0683282,-3.5,1,-0.337989,0.938258,0.0737308
110.52,27.7967,59.9855,0.808374,0.924733,-4.5,1,0.781417,0.612156,0.121048
102.952,42.5448,52.7687,0.572413,0,-3.9,1,0.920762,0.327949,-0.211298
100.064,5.9215,34.6865,-0.622464,-0.020705,-1.33186,1,-0.00964418,-0.919184,0.393709
98.4827,41.9323,52.3522,0.575977,0.321747,-3.9,1,-0.995746,-0.0113891,-0.0914373
102.128,3.64925,32.1455,0.854138,0,-4.5,1,0.180377,-0.602211,0.777693
88.267,10.7635,54.8215,-1.2449,-0.0173884,-3.5,1,0.127649,-0.541124,0.831199
89.0015,13.406,56.2415,-0.303507,0,-3.5,1,0.10428,-0.401996,0.909684
94.6415,35.8083,60.2038,0.108979,0,-3.9,1,-0.706313,0.612119,-0.355573
99.5955,15.66,59.1003,-1.13732,-0.192157,-2.63098,1,0.845454,-0.530716,0.0595649
96.9847,39.742,49.1455,0.272341,0,-3.5,1,-0.221314,0.474029,0.852242
89.7203,13.098,23.8232,-0.0816643,0,2.8,1,-0.66421,-0.53252,-0.52464
92.812,14.9925,52.6895,-0.443002,-0.213375,-1.3,1,-0.157517,-0.51968,0.839715
111.105,19.093,39.623,0.238485,0,-3.9,1,0.100947,-0.981963,-0.159868
89.2015,12.8995,37.998,0.771398,0.00380321,-3.2,1,0.296617,-0.352678,-0.887489
89.47,10.2128,37.4775,-0.0640832,0,-3.35831,1,-0.187786,0.659846,-0.727558
94.2473,4.17475,30.5333,-0.547313,-0.239648,-1.3,1,-0.545456,-0.833065,0.0920848
88.7408,17.7025,46.7035,0.582796,0.520718,3.8,1,-0.914482,0.381298,-0.135407
96.9218,26.7033,22.3447,-0.0389463,0,-0.8,1,-0.711413,0.561524,-0.422591
85.5545,10.5218,41.383,-0.111239,0,-3.9,1,-0.34931,-0.196311,0.916212
98.4967,21.3813,28.2747,0.36238,0.771402,-0.7,1,-0.0924258,-0.991381,0.0928452
84.0663,11.8763,34.9157,0.228612,0,-0.4,1,-0.765415,-0.630602,-0.128379
103.034,15.5875,55.8348,-1.70114,-0.599482,-3.5,1,0.531301,-0.749295,0.395318
86.4922,32.0465,45.8312,0.455967,0,2.8,1,-0.642403,-0.766367,0.000755879
102.817,34.295,39.516,-0.343102,0,4.2,1,-0.190758,0.248683,-0.949615
111.656,39.2795,53.8993,0.595402,0,-3.9,1,0.159492,0.345142,0.924899
99.6267,30.7645,47.195,0.41574,0,-3.5,1,0.492342,0.0115894,0.870324
90.7513,20.9132,55.947,0.0352593,0,-0.9,1,-0.779394,0.428255,0.457321
83.427,11.45,39.3368,0.0870616,0,-3.9,1,-0.90133,0.21944,0.37343
92.7595,20.9818,28.5465,0.24303,0,2.74373,1,-0.454557,0.720497,-0.523701
88.7527,18.03,26.4263,-0.210316,0,-0.7,1,-0.984418,0.174431,0.0222609
89.8903,26.866,52.6582,0.309911,0,-3.15354,1,-0.954778,-0.131209,-0.2668
93.3152,22.254,59.1082,0.334386,0.464847,-2.25003,1,-0.904092,0.072741,0.421102
95.404,37.6502,49.4823,0.0888944,-0.0355526,-4.11214,1,0.05595,0.310601,0.948892
115.886,19.1933,40.666,0.321602,0,-3.9,1,0.458447,-0.0936903,-0.88377
111.75,23.49,39.7412,-0.938119,-0.362343,-3.9,1,0.447552,0.76529,-0.462632
107.642,12.0895,31.3385,-0.0622031,0,-0.7,1,0.76226,0.407249,-0.503098
113.245,39.81,50.2865,2.53295,0,-3.9,1,0.000731906,0.68699,-0.726667
95.6545,41.1925,41.9305,-1.00796,-0.398915,-0.8,1,-0.0626179,0.971372,-0.229163
83.3848,41.0675,41.2948,-0.0943222,0,-0.4,1,-0.454515,0.730464,-0.509744
95.573,23.0315,21.8,-1.16525,-0.536618,-0.8,1,-0.873194,0.0666353,-0.482797
84.8528,14.8903,49.6543,0.0308316,0,-3.2,1,-0.350846,-0.625992,-0.696449
95.9885,17.0923,21.8633,-2.16239,-0.516056,-0.8,1,-0.627935,0.59414,-0.502689
89.115,22.621,53.9745,0.46293,0,-1.6,1,-0.867363,-0.166663,0.46894
100.573,27.818,62.013,0.51287,0,2.05929,1,0.54148,0.37458,0.752655
111.725,20.5952,35.7887,-1.58633,-0.196582,-3.5,1,0.502889,0.139602,-0.853003
112.087,23.2227,49.9548,0.37633,0.33252,0.757791,1,0.722355,0.515037,-0.461454
99.5257,9.7395,34.074,-0.292954,0,1.3883,1,-0.504416,0.545202,-0.669567
102.075,3.314,27.0923,-0.820607,-0.444822,-4.5,1,-0.0618304,-0.425939,-0.902637
91.7185,14.4618,37.1147,0.0863651,0,-1.6,1,-0.312972,-0.890811,-0.3294
95.581,17.793,26.553,-0.0475423,0,-0.654504,1,0.797345,0.366928,0.479171
84.405,18.2945,39.8315,-0.358702,0,-1.3,1,-0.643169,-0.712969,-0.279302
110.678,30.643,45.545,2.73903,0,4.2,1,-0.37419,0.927339,-0.00489113
84.009,15.157,37.281,-0.939423,-0.0876931,-0.4,1,-0.884536,0.461856,0.0654606
115.973,17.5225,42.6945,0.298731,0,-3.9,1,0.37735,-0.890432,-0.254438
86.958,23.2493,43.8765,1.09348,0,-3.9,1,0.255524,-0.463537,0.848434
99.1943,36.1315,49.8315,-0.0316598,-0.000557505,-1.29597,1,0.163139,0.700268,0.69499
97.045,26.146,29.1423,-0.960339,-0.663462,-1.51508,1,-0.0259722,0.99966,0.00217555
101.154,32.214,50.9485,0.0184007,0,1.55733,1,0.0534637,-0.218857,-0.974291
87.4268,39.5085,52.7245,0.411946,0,-4.5,1,-0.983602,-0.0129598,0.179887
110.139,27.0705,58.2875,1.11076,0.879691,-4.5,1,0.865348,0.388368,0.31677
101.039,31.1052,51.3638,0.11683,0,3.58767,1,0.268792,0.045941,-0.962102
90.8525,31.3945,51.9315,0.299388,0,3.8,1,-0.422575,0.76287,0.489347
95.9705,2.3515,39.2723,-1.95364,-0.75437,-3.5,1,0.304342,-0.918407,0.252794
106.4,37.2865,60.131,0.170111,0,-4.5,1,0.661525,0.527617,-0.53292
101.235,25.0287,63.4342,0.115965,0,3.8,1,0.0115806,0.0644894,0.997851
82.429,25.01,35.961,0.5235,0.53616,-3.5,1,-0.971663,-0.125712,0.200169
115.643,19.33,48.837,0.109497,0,-0.7,1,0.945007,0.206182,-0.253871
115.647,34.062,54.5757,0.340553,0,-0.8,1,0.239232,-0.261527,0.935079
104.533,39.0267,52.0315,0.922068,0.781647,-0.8,1,-0.436227,0.250038,-0.8644
111.492,30.1313,56.6985,0.682391,-0.23946,-3.76537,1,0.765235,-0.116611,0.633102
98.6065,26.053,33.877,0.0867975,0,-3.9,1,0.841428,0.48684,-0.234489
105.863,7.15875,35.0915,0.205288,0,-1.6,1,0.930619,-0.323122,-0.171873
114.78,19.995,48.2195,0.12243,0,-0.7,1,0.819678,0.40937,-0.400678
86.624,32.471,46.9025,0.250924,0,2.8,1,-0.723203,-0.422984,0.54595
89.7988,30.8678,51.733,0.238498,0,3.8,1,-0.796463,0.584734,0.154052
89.4973,19.6822,57.9482,-0.735057,-0.709214,-0.9,1,-0.739715,0.617804,0.26672
82.853,10.6873,39.0303,0.0803136,0,-3.9,1,-0.950347,0.303084,0.0705694
116.051,32.4453,46.0897,-0.0124638,0,-1.11573,1,0.879009,0.169984,-0.445477
91.3321,9.80025,29.1655,0.973023,0,-3.9,1,0.812844,-0.388769,-0.433755
96.5065,28.9848,35.4545,0.340622,0,-3.9,1,0.421687,0.906701,-0.00861058
108.687,12.1175,34.8918,0.0289797,0,-0.7,1,0.932274,0.18058,0.313457
111.323,27.2362,51.1615,0.321917,0,4.12381,1,0.710618,0.229041,-0.665254
103.749,14.159,29.9895,0.229936,0,-1.3,1,0.196071,0.56895,-0.798656
108.643,13.504,46.5545,-0.0438404,0,3.8,1,0.288441,-0.593846,-0.751098
98.4607,37.1797,49.73,-0.726797,-0.00077655,-3.5,1,0.409174,0.346527,0.844094
90.292,38.0975,54.7395,0.836312,0.714259,-4.5,1,-0.176348,-0.130251,0.975672
109.927,18.958,39.2607,0.247456,0.0971291,-3.52919,1,0.00100211,-0.974181,0.225767
97.534,12.278,52.4113,-0.130269,0,-1.3,1,0.613671,-0.788615,0.0386592
91.005,23.506,47.395,-0.465242,-0.593608,-1.6,1,-0.977922,-0.204624,0.0423961
94.5185,4.99525,34.0363,-0.272521,-0.0792581,-2.38219,1,-0.223872,-0.929829,-0.292061
100.205,14.1745,29.324,0.206336,0,-1.3,1,-0.442961,0.812343,-0.379321
95.889,35.496,64.7188,0.602657,0,-3.9,1,0.0327611,0.698692,0.714672
99.823,35.7902,50.5742,0.158867,0,-1.3,1,0.158913,0.96851,0.191662
94.49,15.1125,63.325,-0.0723509,0,-3.5,1,-0.0846331,-0.359589,0.929265
92.446,32.076,53.2025,0.481956,0,3.8,1,-0.726376,0.68048,0.0965618
112.781,32.3635,54.422,-0.0646087,0,-1.48146,1,0.377145,0.198888,0.904547
106.033,33.5892,41.1418,0.187499,0,4.2,1,0.82503,0.507642,-0.248244
89.3345,10.5665,54.4142,-1.46054,-0.0493771,-3.5,1,0.49554,-0.65128,0.574695
87.705,10.4665,43.4135,0.128637,0,-3.2,1,-0.858726,-0.231613,0.457105
99.6275,3.036,26.622,0.576577,0,-4.5,1,0.577428,-0.366935,-0.72934
96.3035,38.436,49.2405,0.0668973,-0.672609,-3.5,1,-0.197942,0.314767,0.9283
92.605,35.3135,55.656,-1.22891,-0.643684,-3.5,1,-0.805428,0.394859,0.442009
103.474,21.5688,57.151,-0.689047,0,-3.5,1,0.283438,-0.401825,0.870747
107.609,4.966,28.654,-1.12457,-0.010785,-0.4,1,0.711675,-0.220151,-0.667122
109.121,23.5037,38.2655,0.0957824,0,-3.5,1,0.360933,0.794464,-0.48842
85.9135,13.1412,51.879,-0.0603895,-0.0850154,-3.24653,1,-0.420849,-0.666506,-0.615351
93.6525,31.0537,63.6398,1.00192,0,-1.3,1,-0.964654,0.0582622,0.256999
93.013,23.5355,59.923,0.280468,0,-1.3,1,-0.725487,-0.677814,0.119319
111.082,28.5195,45.7195,2.55235,0,3.86515,1,-0.063894,0.138843,0.988251
93.8767,36.6917,56.0925,-1.74451,-0.127234,-3.5,1,-0.19231,0.517682,0.83368
98.146,13.4555,56.1335,-1.22569,-0.142872,-3.5,1,0.392777,-0.864188,-0.314492
87.9057,32.0595,44.582,0.315922,0,-1.3,1,-0.59702,-0.73907,-0.311998
96.2245,35.554,51.3945,-0.0595215,-0.0609833,-3.5,1,-0.0753298,0.901175,0.42686
106.531,29.8587,64.0413,-1.23899,-0.808852,-3.5,1,-0.304668,-0.400984,0.863939
102.903,4.7585,26.8337,-0.293619,-0.0124817,-4.5,1,-0.000616517,-0.476287,-0.87929
116.498,37.4605,52.5003,1.34676,0.701565,-0.8,1,0.845326,0.534181,-0.00861213
97.8607,12.0075,24.1965,-0.229459,-0.858582,-0.8,1,-0.149017,-0.906726,0.394514
85.5143,22.871,43.5243,0.511702,0,-3.9,1,-0.406669,-0.237421,0.882186
104.851,18.7395,51.5935,0.0840898,0,3.8,1,-0.0953994,-0.0179418,0.995277
86.9345,20.429,43.0522,-0.159933,0,2.84494,1,0.170372,0.293754,0.940575
109.491,14.3167,45.9235,-0.00148212,0,3.8,1,0.268952,-0.843893,-0.464229
100.152,39.3187,57.1177,0.188563,0,-3.9,1,-0.319474,0.388201,0.864428
98.7145,14.4895,32.1497,0.257388,0,4.42913,1,-0.227752,-0.925598,-0.30232
85.5225,26.411,44.4287,2.61872,0.344888,-3.9,1,-0.544307,0.575873,0.61
113.642,23.7087,51.7433,0.183932,0,4.2,1,0.980443,0.0554385,-0.188834
86.7055,24.364,44.8685,2.04185,0.739334,-3.9,1,0.153495,-0.448949,0.880275
93.7945,30.295,59.648,0.199368,0,-1.3,1,-0.860701,0.103615,0.498456
104.084,35.974,47.6575,0.206449,0,3.8,1,0.751653,-0.458497,0.474128
104.165,11.495,45.5822,0.150536,0,-3.5,1,0.0327763,-0.84001,-0.54158
83.723,21.5333,34.9902,0.534634,0.497392,1.3075,1,-0.908249,0.416354,-0.0416199
96.805,21.164,22.0033,-0.614179,-0.837904,-0.8,1,-0.447321,-0.407314,-0.796241
89.1488,38.198,53.9618,0.494563,0.204559,-4.5,1,-0.482659,-0.469342,0.739431
116.409,31.0152,46.6813,0.346507,0,-0.8,1,0.902733,-0.189348,-0.386291
87.7842,13.4475,36.2337,0.639966,0.25537,-1.928,1,0.680512,-0.688504,-0.25073
96.3848,25.5783,28.2685,-0.683563,-0.459488,-1.6,1,-0.551502,0.748094,-0.369054
87.5732,10.1908,49.792,-0.0588035,0,-1.6,1,-0.687822,-0.70385,0.177472
96.921,41.0667,43.5633,-0.0488763,0,-0.8,1,0.467645,0.862323,0.194183
98.0405,29.0965,64.1251,0.383963,0,-1.3,1,0.359421,-0.261925,0.895663
91.9607,13.486,22.535,-0.0816161,0,2.8,1,0.00733828,-0.253313,-0.967357
96.8909,13.8279,28.4775,0.186815,0,2.8,1,0.947502,-0.304886,0.0963582
98.4676,13.9175,21.9811,-0.601824,0,-0.8,1,0.113732,-0.151893,-0.981832
95.259,20.429,29.403,0.460907,0,-1.6,1,0.653343,-0.589565,-0.474928
108.3,21.0784,58.009,0.20213,0,-4.5,1,-0.221854,-0.872315,0.435715
86.1835,15.0825,43.2415,0.208824,0,-1.3,1,-0.434296,-0.840166,0.32482
116.192,19.117,44.224,2.12637,0,-3.9,1,0.123576,-0.593418,0.795352
85.705,6.00625,39.5462,1.29829,0,-3.9,1,0.525141,-0.596713,0.606763
103.832,20.9533,53.7163,-0.432243,0,-3.5,1,0.146347,-0.988784,-0.0298186
102.824,26.0674,37.0597,0.750684,0,-0.527116,1,0.0432365,0.0524722,-0.997686
87.0366,41.5241,46.7594,0.263074,0,-0.8,1,-0.00190694,0.892566,0.450913
98.5901,17.6298,31.3463,0.199243,0,4.2,1,0.542601,0.313653,-0.779234
92.657,41.6141,44.534,-0.201092,-0.26176,-0.8,1,0.655986,0.662952,0.360799
101.575,23.6915,63.0158,0.0108805,0,3.8,1,-0.0936705,-0.47071,0.877301
95.398,40.2469,47.239,0.42779,0,-3.5,1,-0.149834,0.977096,-0.151109
92.8121,19.7189,24.6611,-1.17652,-0.0433021,-0.7,1,0.22785,0.819456,-0.525904
98.3012,36.2715,57.7884,-0.0567251,-0.119428,-3.62139,1,-0.565518,0.550808,0.613841
109.607,26.9823,42.6751,0.413713,0,-3.9,1,0.935881,-0.221185,0.274234
105.645,8.8445,37.7756,0.343925,0,-1.6,1,0.76609,0.268264,0.584072
89.4435,25.2805,44.5272,0.749079,0,4.5,1,-0.474074,-0.744512,0.470059
103.987,2.40287,31.1502,0.276949,0,-0.4,1,-0.0771117,-0.922971,0.377066
101.196,21.8312,61.2668,-0.0160213,0,-3.2,1,0.708366,-0.641156,0.295189
98.2913,26.5882,34.6695,0.218879,0,-3.9,1,0.728049,0.675496,-0.116829
92.9573,20.2756,25.5312,-0.559276,0,-0.7,1,0.194294,0.886821,-0.419284
99.7635,44.84,51.612,1.95717,0.0400732,-3.9,1,-0.452444,0.798609,-0.396885
94.628,39.938,46.634,0.949488,0,-4.5,1,0.106404,0.959019,-0.262605
111.055,35.9058,54.4154,0.484399,0,-3.9,1,0.346708,0.612638,0.710259
110.732,29.949,58.831,3.36055,0,-3.9,1,0.93738,-0.29369,0.187256
98.127,4.853,43.869,-0.193528,0,4.2,1,0.371687,-0.916634,0.147073
99.5611,23.8175,31.4389,-0.744305,-0.139096,-3.9,1,0.369741,0.883417,0.287865
95.2185,10.5603,30.5314,0.208713,0,-1.6,1,0.437148,-0.0273776,-0.898973
85.9314,36.0619,40.592,-1.41638,0,2.8,1,-0.0348714,-0.131975,-0.990639
104.849,10.674,38.549,-0.503035,0,-1.6,1,0.775567,-0.316987,0.545907
116.418,34.838,51.236,0.673025,0,-0.8,1,0.75563,0.165683,-0.633697
105.763,16.1567,37.004,-0.399127,0,4.5,1,0.897234,0.436735,0.0650619
107.456,28.6793,62.7731,-0.474755,0,-3.5,1,0.252373,-0.592716,0.76485
111.744,26.2728,50.8262,0.339571,0,4.2,1,0.831685,0.329801,-0.446689
85.6315,32.747,43.3999,0.90338,0.70388,-3.5,1,0.00607993,-0.994335,0.106118
91.5521,20.3372,58.88,0.277449,0,-3.9,1,-0.493746,0.82107,0.28646
93.7164,39.2912,50.1141,1.12165,0,-4.5,1,0.814384,0.333691,0.474794
108.081,34.4684,50.2627,-0.0860866,0,-1.05614,1,-0.643836,0.13131,-0.753812
83.2626,14.2681,50.9753,-0.690989,0,-3.2,1,-0.287476,-0.716084,-0.636067
81.6714,17.4928,51.3736,0.27369,0,-3.2,1,-0.519898,0.848944,-0.0948677
105.476,17.3955,37.171,0.0733628,0,4.5,1,0.944304,-0.294492,-0.146846
92.7015,28.5592,34.5192,2.39565,0.07979,-3.9,1,-0.551837,0.500476,-0.667083
96.7691,26.1544,24.4486,0.0688968,0,-0.8,1,-0.557171,0.735753,0.385003
105.344,13.857,51.942,-0.179435,0,3.8,1,-0.305306,-0.833663,0.460211
100.208,32.6077,50.4486,-0.490576,0,-1.3,1,0.644238,-0.236226,-0.72743
115.455,28.5735,54.4189,-0.530049,0,-3.5,1,0.921613,-0.0494958,0.384941
112.292,19.1559,39.4774,0.0201018,0,-3.9,1,0.235056,-0.751552,-0.616375
116.239,28.76,44.482,0.524665,0,4.2,1,0.74132,-0.46564,0.483347
105.392,32.7772,50.5691,0.0820468,0,4.2,1,0.0486229,0.271407,-0.961236
84.0145,12.109,37.2815,0.123109,0,-2.46656,1,-0.940668,-0.21754,-0.260424
106.825,15.9832,52.9819,-0.127924,0,3.8,1,0.279694,0.0813251,0.956639
97.691,7.72062,27.2296,0.703617,0.0391042,-4.5,1,-0.330239,0.924967,0.18809
90.5452,29.3155,40.8644,0.925203,-0.193502,1.50844,1,-0.175702,0.641755,-0.746512
98.5644,12.2116,34.6101,0.0851408,0,4.48179,1,-0.104736,-0.600448,-0.792775
97.5762,39.7467,41.8993,0.255472,0.0222277,-0.8,1,0.687759,0.670563,-0.278089
114.234,17.6182,42.3735,0.206335,0,-3.9,1,-0.0574005,-0.976473,-0.207859
97.6755,5.77525,38.014,0.155344,0,-0.4,1,0.541075,-0.710251,0.450312
94.5335,29.5002,36.3553,2.66787,0.0600834,-3.9,1,0.337205,0.834314,0.436134
115.461,29.7804,54.6613,0.138071,0,-3.5,1,0.801781,0.210401,0.559356
92.019,12.8629,34.835,-0.171925,0,-1.6,1,-0.842354,-0.219048,0.492399
101.308,37.3978,39.7238,-1.67386,-0.14816,-3.5,1,0.387662,0.805505,-0.448196
105.806,29.9018,49.5667,0.219318,0,3.8,1,-0.940594,0.0109237,-0.339358
105.504,31.6051,61.1865,0.452147,0.0141015,-3.5,1,-0.482777,0.590827,0.646413
90.1126,9.79275,35.5734,0.00504233,0,-3.5,1,-0.651229,0.468811,-0.596755
85.709,6.316,36.309,2.61979,0,-3.9,1,0.297298,-0.354905,-0.886373
97.622,14.3111,32.259,0.428111,0,4.26617,1,0.293881,-0.940545,-0.170322
111.451,35.1258,46.5622,0.331192,0,-3.5,1,-0.650713,0.0531332,-0.757463
97.5689,19.1226,64.1216,0.454609,0,-1.6,1,0.232597,0.580364,0.780433
91.191,22.9056,48.2663,-0.590646,0,-1.6,1,-0.987337,-0.0499274,-0.150572
84.3711,21.257,30.2889,0.0208344,0,1.8,1,-0.0405916,-0.138568,-0.989521
91.0025,10.3431,28.2651,0.962769,0,-3.9,1,0.748174,-0.3053,-0.589091
92.9126,24.6389,31.5405,0.369553,0,-1.6,1,-0.526837,0.849649,-0.0232184
83.8903,22.4357,36.5495,-0.701189,0,-3.5,1,-0.97925,0.173115,-0.105359
86.8343,13.7303,55.5565,-0.24619,0,-3.5,1,-0.407376,0.00294564,0.913256
97.212,21.4088,28.8573,0.728816,0.188663,-0.921036,1,0.063408,-0.969076,-0.238475
111.105,38.3625,54.174,0.48422,0,-3.9,1,0.111642,0.0312712,0.993256
98.6445,9.89625,46.742,-0.226517,0,4.2,1,0.237543,-0.641901,0.729065
88.8934,19.6981,49.8701,0.288392,0,3.8,1,-0.845311,0.502737,-0.180844
99.659,10.1455,28.6798,-0.0665639,0,-1.3,1,-0.995978,0.0732569,-0.0515872
98.691,31.2405,48.811,0.527227,-0.101592,-0.345571,1,0.98468,-0.164148,0.0588278
106.557,39.624,54.6771,0.0935989,0,-0.8,1,0.715954,0.697919,-0.0178712
99.7142,38.9787,52.3495,0.218038,0,-3.9,1,-0.217623,-0.404355,-0.888334
88.9461,29.111,51.2562,0.199893,0,3.8,1,-0.992003,0.0603662,-0.110846
91.2862,21.4855,56.6283,0.129632,0,-1.22064,1,-0.902099,0.16806,0.397459
99.9845,23.1685,22.9848,0.247708,-0.0304641,-0.8,1,0.827779,0.284975,-0.483291
106.595,12.7595,43.0801,0.0863001,-0.0273006,-1.3,1,0.57215,-0.78348,-0.242497
88.2304,12.9487,43.1096,0.0299533,0,-2.20013,1,-0.912946,-0.0156599,0.407779
85.6608,18.2715,50.133,0.302636,0,-3.2,1,-0.311462,0.811856,-0.493844
98.955,4.317,25.938,0.749722,0,-4.5,1,0.73127,-0.077564,-0.677664
91.2412,11.0258,45.7467,0.311904,0,-1.6,1,0.28892,-0.92919,0.230502
102.248,28.062,50.488,0.142147,0,3.8,1,0.755564,0.586862,-0.291062
94.6715,25.5107,32.9365,0.187136,0,-3.25888,1,-0.403933,0.768721,-0.495889
96.3284,36.2873,61.1744,0.285875,0,-3.9,1,0.042879,0.985623,0.163425
101.253,27.6787,37.1121,0.131974,-0.7202,-0.7,1,-0.521195,0.437173,-0.732964
97.1264,28.0355,36.2897,0.422249,0,-3.9,1,0.620153,0.760795,0.191317
100.101,11.9096,49.0715,-0.190222,0,-2.27636,1,-0.00851879,-0.746371,0.665475
99.0936,7.121,25.4335,0.785273,0,-4.5,1,0.796155,0.00419977,-0.605079
87.6301,12.9858,34.7786,0.122815,0,-0.4,1,0.845727,-0.533309,0.0181098
100.763,20.856,60.7236,-0.17933,0,-3.2,1,0.848056,-0.518067,0.111388
93.9835,5.0645,31.4535,-0.934453,-0.846023,-1.3,1,-0.745818,-0.541873,0.387464
106.911,11.3905,46.2596,0.142718,0,-3.5,1,0.758058,-0.391632,-0.521509
90.6975,20.293,27.3878,0.535218,0.364482,3.03589,1,-0.490194,0.853825,-0.175196
114.453,37.4309,44.4934,0.622945,0,-3.5,1,-0.00217786,0.773186,-0.634176
91.903,33.2612,49.3143,0.338431,0,2.8,1,-0.225812,0.506779,0.831976
93.9491,3.328,37.6198,-1.04994,-0.041761,-3.5,1,-0.4126,-0.750962,-0.515575
102.685,35.4289,50.9279,0.176986,0,4.2,1,-0.177955,0.983379,0.0360114
105.999,38.0005,60.9873,0.155125,0,-4.5,1,0.558391,0.789722,-0.254045
82.6295,38.8575,47.4485,-1.40478,0,-3.5,1,-0.3376,0.75773,0.558455
106.114,6.26275,31.4048,0.0352155,0,-0.464943,1,0.536318,-0.298492,0.789471
91.1243,35.5369,49.3355,0.276656,0,-0.256896,1,-0.331994,-0.536496,0.775856
102.793,11.2125,49.133,-0.277842,-0.304976,-3.5,1,-0.127598,-0.25497,0.958493
85.4025,5.25,38.8925,1.34264,0.281945,-3.9,1,0.0940149,-0.954746,0.282174
96.933,19.774,31.4755,0.278392,0,4.2,1,0.517813,-0.242426,-0.820426
83.4195,22.222,41.4775,-0.723488,-0.872338,-1.3,1,-0.705279,0.547524,0.450331
110.505,22.9883,38.1543,-0.149982,0,-3.5,1,0.389343,0.821131,-0.417321
89.1965,37.769,52.3405,-0.00541282,0,-4.5,1,-0.529762,-0.84795,-0.0182743
104.285,34.3713,39.6217,-0.0723507,0,4.2,1,0.306834,0.402698,-0.862373
91.4246,19.9837,60.0552,0.544672,0,-3.9,1,-0.157468,0.987135,0.027708
90.239,10.2262,36.6198,-0.138702,0,-3.5,1,-0.59633,0.726185,-0.342121
89.3512,18.7305,58.8273,-0.176182,0,-3.9,1,-0.976182,0.116883,-0.182774
97.1288,6.28175,39.0301,0.0614949,-0.051284,0.298569,1,0.651366,-0.713346,0.258572
103.373,27.8265,45.97,0.0344033,0,0.707307,1,-0.0513098,0.508153,0.859737
96.285,29.1852,39.657,0.470512,0,0.786569,1,-0.0328654,0.450423,-0.89221
111.102,18.3862,40.5962,0.392883,0.178729,-3.9,1,0.0235324,-0.803058,-0.595435
86.995,21.5942,31.0643,-0.617659,-0.194482,1.8,1,0.0207342,-0.0836429,-0.99628
108.227,18.0355,56.31,0.0362099,0,-3.5,1,0.0930739,-0.884935,0.456319
88.9853,26.6952,46.774,0.321971,0,4.5,1,-0.831034,-0.412399,0.373241
88.8418,37.0612,38.4663,-0.0205079,0,4.2,1,0.0816235,-0.358756,-0.929856
113.528,38.2578,49.4424,3.05909,0.0386152,-3.9,1,0.161415,0.421685,-0.892259
88.902,41.6043,44.3436,0.0501534,0,-0.8,1,-0.0939517,0.990363,-0.101759
111.269,26.9586,60.9224,0.713639,0,-4.5,1,0.860034,0.498427,0.109143
98.9928,41.1966,48.0271,-0.648083,0,-3.5,1,-0.320621,0.935443,0.148827
90.0348,29.557,56.0715,0.540666,0.253884,-1.60357,1,-0.92362,0.324303,-0.204337
90.191,6.5775,40.5655,-1.37331,0,-3.5,1,0.17924,-0.712688,0.678196
86.1425,17.553,38.2713,0.0871658,0,4.2,1,-0.965302,-0.248786,0.0793573
101.677,9.65687,42.7298,0.0470956,0,4.5,1,0.583201,-0.480502,0.654977
88.7245,26.3787,37.3796,0.171342,0,-0.911561,1,-0.297764,0.860658,-0.413042
86.008,38.514,40.266,-0.135856,0,-0.4,1,-0.357359,-0.235738,-0.903727
116.602,30.2844,43.6553,0.451197,0,4.2,1,0.97798,0.186359,0.0939465
93.9212,15.095,23.4743,-2.82217,0,2.8,1,-0.198297,0.277761,-0.939961
92.5085,4.735,34.6995,-1.37421,-0.253674,-3.5,1,-0.458921,-0.739342,-0.492712
103.737,16.8298,55.666,-1.71027,0,-3.5,1,0.969733,0.125376,0.209519
115.287,17.6416,41.9419,0.347111,0,-3.9,1,0.203796,-0.897855,-0.390287
114.044,25.7348,53.4572,-0.862179,0,-3.5,1,0.670251,-0.496596,-0.551504
88.8672,40.388,53.893,0.342689,0.00511552,-4.5,1,-0.0382907,0.626064,0.778831
89.312,14.1015,34.2685,-0.626203,-0.211947,0.174964,1,0.0883489,-0.943495,0.319392
111.084,28.453,50.848,0.385953,0,2.50105,1,0.638548,-0.295731,-0.710493
106.132,16.2619,35.9934,-0.785264,-0.452502,0.303675,1,0.6368,0.46346,0.616191
87.5592,26.3814,44.5235,3.24734,0.0240178,-3.9,1,-0.159778,0.570454,0.805638
83.6755,19.0325,35.793,0.0687321,0,-3.5,1,-0.847472,-0.487799,-0.209388
103.392,35.177,48.5902,0.192954,0,3.8,1,0.7811,-0.624341,0.00897566
88.8818,31.1723,44.5255,0.20246,0,-1.3,1,-0.848964,-0.526525,-0.0450781
90.4785,11.5365,50.5776,0.277802,0,-1.6,1,0.714463,-0.481819,0.507339
114.351,40.0021,53.1659,1.37942,0,-3.9,1,0.621106,0.363773,0.694188
103.002,37.2724,48.9485,0.166209,0,3.8,1,0.102701,0.287469,0.952268
97.965,2.40037,29.8449,0.316491,0,-4.5,1,-0.459381,-0.670374,0.582724
100.093,12.6821,31.5219,0.321345,0,-1.3,1,-0.986935,-0.160477,0.0143424
89.2085,23.8592,54.177,0.409538,0,-1.6,1,-0.777982,-0.241522,0.580009
98.097,8.337,26.516,0.823374,0.654301,-4.5,1,-0.337914,0.87828,0.338287
89.3565,20.101,56.5155,-0.974621,-0.050219,-0.9,1,-0.617632,0.782406,0.0798294
83.0953,24.2752,36.283,0.280885,0,-3.5,1,-0.759822,-0.603406,0.242016
88.2958,18.837,49.2791,0.73486,0,3.8,1,-0.731512,0.586557,-0.347621
92.938,14.9415,62.3657,-0.201964,-0.273104,-3.5,1,-0.587674,-0.289634,0.755481
113.58,26.6518,52.927,-0.971357,-0.0516879,-2.90812,1,0.481405,-0.382694,-0.78854
101.365,18.521,31.6835,-0.319923,-0.433758,-3.27103,1,-0.144252,-0.30224,-0.942254
100.869,6.144,36.0095,-1.41589,-0.0305534,-1.6,1,-0.190081,-0.826889,0.529267
96.976,15.956,20.864,-1.85134,-0.21042,-0.8,1,-0.0152183,-0.16207,-0.986662
113.033,17.5981,44.378,-0.432031,-0.2021,-2.29922,1,0.475721,-0.869281,-0.134313
108.688,26.183,61.9285,0.261923,0,-4.5,1,-0.699534,-0.188002,0.689426
82.9344,29.5623,40.5641,0.347009,0,-3.5,1,-0.503549,-0.74852,-0.431458
109.923,12.3335,48.0902,-0.0290751,0,3.8,1,0.534927,-0.82426,-0.185605
111.041,22.3335,42.8078,-0.0759279,0,-3.9,1,0.588159,0.766374,0.25834
113.633,28.5958,41.9767,0.451634,0,4.2,1,-0.545214,-0.588039,-0.597454
114.094,20.7208,48.7192,-0.22351,-0.143488,-0.7,1,0.661115,0.72755,-0.183297
86.7473,24.5064,38.1966,0.227204,0,-3.72305,1,-0.386175,0.848032,0.362921
89.4369,19.6371,45.0676,-0.259085,-0.343858,4.33556,1,-0.758009,0.542158,0.362611
87.8518,20.2332,30.8991,-0.145926,0,4.38919,1,-0.286602,0.162483,-0.944171
100.809,9.1355,45.8644,-0.389183,0,4.2,1,0.698618,-0.646247,0.30708
109.48,14.5606,51.061,-0.094174,0,3.8,1,0.0275115,-0.359678,0.932671
118.286,18.6985,43.3041,2.72325,0.325881,-3.9,1,0.706528,-0.6637,0.245601
89.772,18.5229,65.3324,1.86149,0.770546,-3.9,1,-0.355509,0.186832,0.91581
93.437,14.3427,59.3613,-0.813328,0,-3.5,1,-0.557133,-0.528625,-0.640436
96.5875,30.15,39.736,0.226792,0,-0.26764,1,0.02145,0.149749,-0.988491
112.208,28.6667,51.2015,0.319064,0,-3.5,1,0.135695,-0.676974,-0.72339
108.848,17.872,55.192,-0.187849,0,-3.5,1,0.282531,-0.916575,0.282959
111.592,34.4556,55.9821,0.533492,0,-3.9,1,0.840479,0.139026,0.523704
108.12,15.8879,30.7712,0.280085,0,-3.5,1,0.435091,-0.189954,-0.880121
112.819,18.367,51.0257,-0.128149,0,-0.7,1,-0.0864917,-0.319643,0.943582
95.2887,26.5037,63.5902,0.0362754,0,-1.3,1,-0.541633,0.438319,0.717294
98.6286,5.8065,45.3214,-0.129601,0,4.2,1,0.23824,-0.869325,0.43303
114.536,19.4085,40.3926,0.245513,0,-3.9,1,0.34437,-0.125809,-0.930366
109.86,12.8255,47.1005,-0.0335779,0,3.8,1,0.43042,-0.580949,-0.690823
109.148,30.2644,61.0544,-0.0773837,0.345317,-3.69241,1,0.799687,-0.0959308,0.592704
107.286,18.9364,56.7724,0.257731,0,-3.5,1,-0.457351,-0.258095,0.85101
93.2107,13.7587,62.3045,-0.663957,0,-3.5,1,-0.453069,-0.575529,0.680805
105.167,5.435,36.1899,0.104262,0,-1.6,1,0.541085,-0.829542,0.138158
109.501,32.3264,59.8661,2.37435,0,-3.9,1,0.291975,0.680921,0.671638
103.935,16.0545,53.5605,-0.390252,-0.0771246,2.22049,1,0.651596,-0.365615,0.664642
96.7071,38.2955,40.4731,0.41921,0.443854,-0.8,1,0.245337,-0.0685241,-0.967013
110.742,30.6045,59.7255,2.8631,0.0797265,-3.9,1,0.834066,-0.253913,0.489758
94.1135,11.9355,49.2537,0.0778762,0,1.44887,1,-0.625585,-0.775156,0.0881852
88.9711,30.6364,45.8084,0.249088,0,4.5,1,-0.900767,-0.390833,-0.189392
93.514,32.698,63.8985,1.61684,0.872369,-3.9,1,-0.980225,0.0250055,0.1963
95.8946,8.59287,30.335,-0.0533801,0,-1.44246,1,0.0839505,0.491438,-0.866857
108.169,14.5562,36.6755,-0.0688465,0,-1.6,1,0.904471,0.407178,-0.127037
92.1469,21.6104,29.2604,0.176881,0,1.50262,1,-0.385007,0.449755,-0.805909
98.4486,35.6256,50.8607,-0.1057,0,-1.3,1,-0.048521,0.974079,0.220943
91.8098,27.234,58.7952,0.529532,0,-1.3,1,-0.649029,0.382488,0.65762
108.049,25.7151,59.9619,0.31337,0,-4.5,1,-0.692417,-0.348748,0.631612
110.471,21.9242,36.7007,-1.27427,-0.271778,-3.5,1,0.16694,0.822883,-0.543134
84.1288,23.6542,32.3996,0.225059,0,1.8,1,-0.512705,0.784497,-0.348853
108.284,23.1835,37.5485,-0.417783,-0.323324,-3.5,1,0.204616,0.716786,-0.666596
114.901,39.9338,49.8727,1.65712,0.862839,-3.9,1,0.395424,0.670184,-0.628087
103.515,14.9137,30.612,0.816135,0,-1.49983,1,-0.149164,0.402402,-0.903229
99.2146,3.487,31.0539,0.286991,0,-4.5,1,-0.469125,-0.685285,0.557051
85.9072,25.1365,44.8575,2.64536,0.111838,-3.9,1,-0.31569,0.0772968,0.945709
99.3305,29.563,49.0877,0.691273,0,3.8,1,0.7408,0.605013,-0.291847
102.192,10.5575,26.7265,-0.273104,-0.068791,-1.3,1,0.647586,0.21908,-0.729819
88.0752,40.7825,47.662,0.334126,0,-0.8,1,0.0901798,0.822744,0.561213
100.554,21.958,62.942,-0.19809,0.54914,-3.2,1,0.714035,-0.305231,0.63007
100.487,11.6862,33.59,-0.143355,0,-1.3,1,-0.92071,-0.298274,-0.251648
88.253,18.8539,61.7755,0.913087,0,-3.9,1,-0.986028,-0.0353595,-0.162783
96.777,8.956,30.6733,-0.06919,0,-1.3,1,0.105927,0.804192,-0.584855
104.893,8.8205,38.5879,0.394627,0,-1.6,1,0.618945,0.0470064,0.784026
96.817,3.356,24.519,0.494531,0,-4.5,1,0.0931388,-0.753192,-0.651174
110.075,28.1441,40.4089,0.45544,0,-3.9,1,0.959186,-0.259509,-0.112326
108.709,10.06,32.3345,0.00720046,0,-0.7,1,0.910135,-0.16628,-0.37948
84.552,25.585,41.503,0.491529,0,-3.9,1,-0.915189,0.344618,-0.20897
94.4084,27.9366,61.8441,-0.166063,0,-1.3,1,-0.900832,0.0438068,0.431952
103.903,19.6877,32.4685,-0.365299,-0.0121746,-2.07328,1,0.107187,0.398075,-0.911069
99.3466,37.2984,40.4482,-0.434268,-0.671042,-3.5,1,-0.0928957,0.766376,-0.63564
109.831,35.2293,58.0317,0.561203,0,-3.9,1,0.0794555,0.693517,0.716046
98.3325,5.03775,42.8993,-0.246315,0,4.2,1,0.420515,-0.839816,-0.343332
88.642,18.536,47.541,0.476011,0,3.8,1,-0.88473,0.343902,-0.314619
87.8603,26.7579,40.7267,0.604977,0,-0.446868,1,-0.772246,0.602268,-0.202259
102.783,38.2798,45.0498,-0.0495767,0,3.8,1,-0.0804294,0.784045,-0.615471
109.573,30.7132,45.9286,0.552801,0,-1.6,1,0.190115,0.98061,0.0475335
97.7473,21.552,26.9452,0.18874,0,-0.724402,1,-0.254554,-0.869162,0.42398
91.4539,12.1236,47.6731,1.32234,0.573751,-1.35932,1,0.568254,-0.757892,0.320447
87.3095,9.79925,41.854,-1.20291,0,-3.2,1,-0.628373,-0.526616,0.572559
109.988,12.3193,49.1761,-0.0391049,0,3.8,1,0.426583,-0.88095,0.204829
85.158,11.444,34.4975,0.285678,0,-0.4,1,-0.184354,-0.9207,-0.343983
100.589,21.3566,58.6364,-0.594711,-0.101086,-3.30068,1,0.635766,-0.771395,0.0274016
105.406,38.552,51.098,-0.52917,-0.576392,-3.9,1,-0.425335,0.632662,-0.64717
116.6,28.4825,43.4416,0.344016,0,4.2,1,0.911305,-0.399309,0.100375
102.48,15.069,31.2179,0.706647,0,-2.16508,1,-0.266315,0.632018,-0.727757
87.8341,39.923,40.7594,-0.232037,0,4.2,1,0.0988697,0.880389,-0.463832
107.082,8.65413,35.0124,-0.0538719,-0.29229,-1.31302,1,0.601028,-0.373227,0.70673
108.835,12.4237,47.2695,-0.021724,0,3.8,1,0.208134,-0.783255,-0.585826
87.603,13.0955,47.1598,-0.373667,0,-1.6,1,-0.942934,0.0836685,-0.322297
104.051,16.6225,31.075,0.752756,0.357798,-3.5,1,-0.205486,0.287313,-0.935535
98.3463,4.53062,32.2287,-0.109812,0,-2.81598,1,-0.0452381,-0.938221,0.343066
111.57,22.3469,58.9647,0.327464,0,-4.5,1,0.763175,-0.625687,0.161495
83.2623,26.0809,36.583,0.240903,0,-3.5,1,-0.605475,0.606101,0.515792
106.142,33.4372,50.876,-0.22516,0,3.92743,1,-0.0647917,0.213279,-0.974841
90.0878,10.556,45.963,0.773123,0,-1.6,1,0.349292,-0.82922,-0.436336
92.8027,33.1804,50.0939,0.344552,0,3.8,1,-0.64734,0.567461,0.50886
100.326,6.627,27.1656,0.706729,0.600533,-4.5,1,0.242823,-0.286047,-0.926938
99.8838,24.4254,22.7104,-0.632432,-0.78412,-0.8,1,0.713491,-0.400596,-0.574851
105.225,25.8311,60.2824,0.234307,0,-0.885718,1,0.608749,-0.470956,0.638455
98.309,5.72662,36.845,-0.544568,0,-0.4,1,0.578609,-0.784328,0.223699
89.3504,17.9649,23.983,0.0198642,0,-0.7,1,-0.589619,0.191784,-0.784582
87.8888,11.6336,43.3483,0.034348,0,-3.2,1,-0.875639,0.257884,0.408352
108.478,26.9186,39.5284,0.33852,0,-3.9,1,0.276958,-0.513843,-0.811948
115.808,29.6441,41.4251,0.290287,0,4.2,1,0.345076,-0.0636628,-0.936413
88.7055,23.569,53.1912,0.422289,0,-1.6,1,-0.976497,-0.0600076,0.207009
108.518,31.8577,39.8257,1.46666,0,-3.9,1,0.218026,0.925062,0.311006
88.1273,41.5844,46.5149,0.76776,0.397689,-0.8,1,0.0159914,0.904162,0.426891
99.994,43.1625,50.2875,2.05691,0.157015,-3.9,1,-0.353294,0.351701,-0.866885
109.707,36.9697,54.0834,0.639729,0,-3.9,1,0.259155,0.241544,0.935144
99.3244,38.7163,48.9549,-0.551969,-0.713459,-3.5,1,0.0543534,-0.222064,0.973516
109.801,28.5479,60.2458,0.614334,0.629196,-4.37457,1,0.808315,0.28985,0.512458
99.723,14.7074,31.1392,0.200559,0,0.93542,1,0.165424,0.795674,-0.582698
108.207,14.2654,45.4539,-0.179834,0,3.30501,1,0.447843,-0.819773,-0.356945
108.244,14.766,42.927,-0.334703,0,-1.3,1,0.813399,-0.539846,-0.216674
93.7884,25.5101,34.2415,0.165547,-0.330189,-0.186979,1,-0.725556,0.276177,-0.630314
91.2029,21.4539,46.6579,0.266243,0,3.8,1,-0.778507,0.627246,-0.0220943
88.2065,13.458,33.7395,-0.391469,-0.308531,-3.41586,1,0.491911,-0.840082,0.22866
118.272,18.9775,42.2455,2.51746,0.0673577,-3.9,1,0.582195,-0.553751,-0.595322
87.3715,37.9635,47.434,-0.490985,-0.884545,-0.8,1,0.150877,-0.2455,0.957583
114.715,37.6465,53.2469,1.08092,-0.220181,-2.58185,1,0.331241,0.218653,0.917862
89.5206,8.734,41.6244,-1.34692,-0.150516,-3.2,1,0.0073063,-0.800798,0.59889
113.098,29.7155,56.1585,-0.339855,-0.136548,-3.5,1,0.159089,0.52682,0.834956
92.6865,11.7915,25.941,-0.199172,0,2.8,1,-0.304639,-0.920756,-0.243726
113.996,32.1661,54.2954,0.461441,0,-2.86294,1,0.307261,-0.0200759,0.951414
98.684,5.70875,35.2598,-1.08974,-0.799873,-0.4,1,0.467311,-0.856184,0.220386
111.353,21.1515,54.0865,-0.278781,-0.162182,-2.52526,1,0.796221,-0.1451,0.587349
110.245,21.8009,56.4302,0.245955,-0.270735,-3.76409,1,0.823714,-0.561083,0.081737
114.429,20.6555,49.912,-0.744799,-0.485572,-0.7,1,0.827967,0.534483,0.169699
111.012,22.8328,44.4775,-0.150824,-0.0399322,4.5,1,0.737499,0.398769,-0.545049
109.283,26.9681,62.2543,0.45926,0.0832644,-4.5,1,-0.231753,0.453305,0.860701
106.313,32.6922,44.5035,-0.0180638,-0.279914,-1.6,1,0.471246,0.651514,0.594523
88.2412,31.5855,47.8568,0.320499,0,2.8,1,-0.65377,-0.456238,0.603682
88.393,9.32487,42.8853,-0.363187,0,-3.2,1,-0.331245,-0.837099,0.435365
94.7566,25.1213,29.644,-0.262227,-0.378742,-1.6,1,-0.412911,0.828742,-0.377745
96.3515,19.7062,30.6505,0.278831,0,4.2,1,0.68099,-0.0741083,-0.728533
102.212,22.3354,57.4615,-1.97438,-0.597951,-3.5,1,0.403573,-0.362814,0.839937
111.289,23.9251,56.4027,0.489835,0,-4.5,1,0.950524,-0.299953,-0.0808239
109.661,25.443,40.737,0.0610358,0,-3.9,1,0.901812,-0.0466246,-0.429606
85.869,20.7518,43.4473,-0.0633822,0,-1.3,1,0.294425,0.354678,0.887422
94.6515,11.385,50.1775,-0.0186426,0,4.2,1,-0.557328,-0.812989,0.168623
106.737,32.452,50.1269,-0.00727103,0,3.8,1,-0.429079,0.49728,-0.754058
98.5609,20.7658,31.3783,0.369028,0,-1.6,1,0.038309,-0.533237,-0.845098
111.82,21.0704,52.8381,0.00389118,0,4.2,1,0.718549,-0.612831,0.328823
107.94,5.23475,30.6098,-1.14411,-0.0152524,-0.4,1,0.835343,0.0217333,0.549299
115.467,18.1995,49.0288,0.0622106,0,-0.7,1,0.884516,-0.446597,-0.134844
99.1409,25.5521,63.5213,0.0705715,-0.0596553,1.31921,1,0.25736,0.167779,0.951639
99.646,21.0395,58.18,-0.618563,0.192771,-3.20054,1,0.560071,-0.827212,0.0451866
83.6034,23.4373,33.9545,0.116092,0,1.8,1,-0.963418,0.21808,-0.15578
111.132,20.0405,53.5749,-0.729862,-0.71812,-3.5,1,0.911383,-0.393089,0.121914
114.495,18.1443,47.608,-0.0842156,-0.035332,-0.7,1,0.839179,-0.284615,-0.463436
92.8021,40.7444,48.3699,0.08427,0,-4.5,1,0.320727,0.940014,0.116228
108.048,10.1575,34.9731,0.288746,0.0351108,-0.7,1,0.464836,-0.281259,0.839536
84.7322,15.8925,36.7853,-0.645842,-0.679514,-0.4,1,-0.719166,0.622133,0.309437
88.926,12.7437,27.4333,0.333234,0,-3.10524,1,-0.633787,-0.189459,-0.749947
93.5573,29.4115,34.7235,2.4651,0.113838,-3.9,1,-0.194275,0.682806,-0.704296
98.268,7.5,46.2985,-0.138892,0,4.2,1,-0.218636,-0.0103832,0.975751
106.772,14.5321,31.0399,0.0199092,0,-1.65387,1,0.257291,-0.118868,-0.958995
101.121,32.071,46.555,0.0760196,0,-2.92156,1,0.641418,0.139733,0.754359
88.9741,39.9471,41.1254,-0.206486,0,4.2,1,-0.0074732,0.924758,-0.380483
112.284,22.6114,48.515,0.532722,-0.495651,1.74448,1,0.865732,0.500221,-0.0169619
96.64,17.6229,25.6235,-0.784277,0,2.8,1,0.497416,0.290291,0.817501
87.473,18.4765,49.81,0.475408,0,-3.2,1,-0.338813,0.733325,-0.589441
91.7731,24.1453,59.3529,-0.00843028,-0.767895,-1.3,1,-0.653967,-0.587586,0.476518
101.539,4.72525,27.1033,-0.0729273,0,-4.5,1,-0.160664,-0.061497,-0.985092
104.629,29.0544,46.2226,0.881038,0,-1.6,1,-0.674813,0.263692,0.689271
96.108,12.8947,62.3,0.237749,0,-3.5,1,0.232946,-0.553469,0.79963
85.7225,33.6953,45.9798,0.280028,0,2.8,1,-0.812007,-0.274009,0.515328
102.559,40.4033,47.229,-0.98221,-0.0835532,0.701007,1,0.632703,0.771322,0.0689171
106.792,18.484,36.1642,-0.108531,0,-0.7,1,0.228828,-0.769109,0.596749
88.175,39.8138,39.593,-0.0750731,0,4.2,1,-0.189377,0.936395,-0.295469
101.453,10.279,43.5107,-0.135465,0,4.5,1,0.725363,-0.618795,0.301565
92.713,23.3945,58.9714,0.300278,0,-1.3,1,-0.638294,-0.504706,0.581251
102.276,37.0283,59.9554,0.772633,0.672932,-4.5,1,-0.882886,0.25676,0.393176
116.126,29.2987,51.7599,0.896789,0.584893,-3.5,1,0.934218,-0.35447,-0.0398529
95.8464,17.8153,64.3972,0.877438,0,-1.6,1,-0.511829,-0.173893,0.841304
101.799,37.9963,44.8428,0.113641,0,3.8,1,0.033277,0.908443,-0.416682
84.1921,11.0635,37.3537,0.503737,0,-3.9,1,-0.776741,-0.15496,-0.610459
107.835,36.3451,55.463,-0.515175,0,-3.9,1,0.115322,0.731492,0.672027
91.8083,8.73812,42.7625,-0.403308,0,4.2,1,-0.550043,-0.797527,0.247795
99.4157,7.99463,39.2458,-0.430146,-0.10607,2.27035,1,0.602681,-0.761912,0.237205
93.728,9.187,44.99,-0.123623,0,4.2,1,-0.184754,-0.659008,0.729092
97.2164,17.9726,22.3072,-1.77355,-0.038314,-0.8,1,-0.371137,0.491668,-0.787731
90.7097,16.1445,60.2313,0.120575,0,-3.9,1,-0.497827,-0.859084,0.118921
94.5173,16.5861,23.583,-3.02999,0,-0.8,1,-0.355731,0.357303,-0.863591
92.0146,27.4659,36.0136,2.6024,0,-3.9,1,-0.970669,0.237728,-0.0358843
84.8979,36.4536,40.6478,-0.661458,-0.789266,2.8,1,-0.0703119,0.119762,-0.99031
90.0055,29.9545,57.1323,0.363892,0.0617214,-2.10103,1,-0.94982,0.238324,0.202591
98.3531,7.948,24.9286,0.616333,0,-4.5,1,0.534923,0.527399,-0.660082
108.642,30.027,62.4905,-0.376108,0,-3.5,1,0.90644,-0.120641,0.404737
104.603,6.36212,32.7105,-0.231388,0,-1.10381,1,0.653462,-0.698236,0.292327
110.058,28.7031,59.1302,1.15211,0.558353,-4.18254,1,0.983249,-0.0157961,0.181583
96.466,14.6055,55.9157,-0.658749,-0.160659,-2.02065,1,-0.569772,-0.815618,-0.100636
113.869,28.7648,56.5589,-0.784211,-0.033451,-3.5,1,0.404791,0.290775,0.866945
93.5325,29.7695,36.0115,2.79078,0.0542162,-3.9,1,-0.358573,0.932047,-0.0520893
89.8594,21.7485,54.6141,0.0599312,0,-1.6,1,-0.774772,0.0226918,0.631834
99.733,6.18787,45.6854,-0.141118,0,4.2,1,0.475746,-0.697066,0.536438
81.9134,31.3194,42.269,0.615261,0.242075,-3.5,1,-0.860127,-0.218917,0.460714
99.4816,8.58725,46.0764,-0.384889,0,4.2,1,0.296012,-0.0676096,0.952788
92.0515,32.5387,50.441,0.395112,0,3.8,1,-0.271306,0.859751,0.432691
99.5336,37.195,49.0584,-0.0944171,0,2.62428,1,0.158081,0.335812,0.928569
111.456,19.149,38.6157,-0.269118,0,-3.72532,1,0.527785,-0.849094,0.0219908
87.5031,31.8109,46.9211,0.245077,0,2.8,1,-0.601848,-0.734873,0.312635
106.962,7.2685,26.9475,-1.36732,-0.648115,-3.5,1,0.944636,0.268806,-0.188163
99.351,26.396,22.0245,-0.620716,-0.374337,-0.8,1,0.434736,0.573495,-0.69434
113.308,22.243,52.7228,0.0982965,0,4.2,1,0.805405,-0.533459,0.25835
83.5092,31.976,39.2515,-0.422414,0,-3.5,1,-0.406126,-0.152998,-0.900918
99.6735,44.6931,52.633,2.37098,0.0927311,-3.9,1,-0.483511,0.784483,0.388334
100.336,11.4893,31.61,-0.0195435,0,-1.3,1,-0.982607,-0.144989,0.116025
105.735,6.01912,25.5882,-0.90131,-0.898265,-3.5,1,0.307856,-0.564306,-0.766018
112.471,17.46,50.4552,0.022113,0,1.59271,1,-0.0795972,-0.525735,0.846916
92.1069,28.6017,36.6418,2.90582,0.23935,-3.9,1,-0.82683,0.562223,-0.0160429
96.5685,13.649,33.152,1.15202,0,-1.6,1,0.710812,-0.440969,-0.547989
101.356,22.5054,26.1706,1.05781,0.157157,-0.7,1,0.889107,0.168868,-0.425408
100.562,19.4443,31.2698,0.34116,0,-1.6,1,-0.0291739,-0.302579,-0.952678
111.76,33.0277,47.2059,-0.0497635,-0.018991,-0.398606,1,-0.8084,0.0385656,-0.587368
102.994,37.2287,41.6745,-1.47788,-0.241178,3.8,1,0.641778,0.547627,-0.536867
115.313,26.521,55.2178,-1.18867,-0.169006,-3.5,1,0.875236,-0.374972,0.305546
107.91,13.889,51.4263,-0.101117,0,3.8,1,0.526043,-0.596279,0.606408
97.5247,35.6895,57.2229,0.0599566,-0.476803,-3.9,1,-0.731121,0.514189,0.44841
89.5792,23.1443,32.0228,-0.157034,0,4.5,1,0.0398844,0.956538,-0.288869
94.8745,13.1692,23.7623,-0.26677,-0.0407574,2.64867,1,-0.0198966,-0.732927,-0.680016
108.008,12.4826,48.959,-0.0619078,0,3.8,1,-0.174196,-0.805193,0.566851
88.9447,31.4765,42.3237,-0.445046,-0.24634,-1.3,1,-0.830283,0.0487268,-0.555208
113.595,36.443,44.1151,0.459385,0,-3.5,1,-0.543304,0.167531,-0.822651
109.862,25.9566,44.982,0.34678,0,0.93572,1,0.664992,0.155049,-0.730579
90.7193,20.5356,56.9266,-0.175831,0,-1.19458,1,-0.622524,0.725979,0.292264
83.645,36.0148,40.2285,-0.063651,0,-3.5,1,0.216718,0.283134,-0.934274
98.3733,17.6955,22.3393,-0.832553,-0.261725,-0.8,1,0.361626,0.168669,-0.916939
111.908,23.4515,40.8792,-1.05028,-0.74774,-3.9,1,0.585515,0.73114,0.350151
82.1975,38.6456,41.4771,0.348239,0,-3.5,1,-0.401839,0.274389,-0.873634
105.941,30.7185,47.7819,0.33009,0,-1.6,1,-0.73572,0.642251,0.215013
106.271,20.2458,34.1185,-0.856929,-0.101733,-0.7,1,0.831409,0.243368,-0.499531
100.178,14.9318,22.939,-0.216482,0,-0.8,1,0.903617,0.260008,-0.340399
94.8562,22.548,63.1668,0.274001,0,-1.3,1,-0.457226,-0.555176,0.694783
92.3455,28.215,38.946,0.272634,0.453087,-0.879827,1,-0.23166,0.914393,-0.331994
89.689,29.6793,48.7245,0.249049,0,4.31232,1,-0.974395,-0.17923,0.135764
86.8879,36.5177,40.2109,-0.499562,0,3.40838,1,-0.477226,-0.351336,-0.805493
84.6901,40.8058,47.4274,-0.0757633,0,-0.8,1,-0.651511,0.631838,0.419896
101.064,38.038,42.0405,-0.486085,-0.414508,0.31595,1,0.161082,0.956207,-0.244377
106.52,36.3485,55.9502,0.147182,0,-2.18,1,0.45497,0.469417,0.756737
83.6553,8.607,37.6015,0.930864,0,-3.9,1,-0.711641,0.153732,-0.685517
94.0837,14.555,52.9935,-0.374589,0,-1.3,1,-0.584688,-0.438182,0.682742
109.234,20.9461,57.1355,0.136732,0,-4.5,1,0.628709,-0.652873,0.422472
100.791,38.0078,52.8872,0.470942,0.209263,-3.9,1,0.159293,-0.106854,-0.981432
110.066,28.982,41.233,0.613853,0,-3.9,1,0.994473,-0.0968498,0.0405514
84.4629,14.345,40.6555,-1.35121,-0.547556,-3.9,1,-0.910462,0.185695,0.369563
95.7321,6.33687,44.9601,-0.154875,0,4.2,1,-0.76579,-0.0183851,0.642827
109.106,33.372,48.785,0.237471,0,0.909424,1,-0.377724,0.08047,-0.922415
100.321,13.0706,26.8611,0.232925,0,-1.25207,1,-0.0583249,0.899196,-0.433642
89.0369,12.6811,32.1109,-0.490305,-0.00736282,-3.9,1,-0.0760751,-0.652055,0.754345
112.323,22.1889,41.6888,-0.0973106,0,-3.9,1,0.539734,0.749155,0.383998
86.4463,36.8346,46.9702,-0.0260109,-0.53848,-0.8,1,-0.193729,-0.466256,0.863177
113.519,19.972,39.9189,0.161782,0,-3.9,1,0.537824,-0.0240291,-0.842715
85.6198,16.2948,37.3215,-0.3941,0,1.89949,1,-0.833433,0.264886,0.485
107.508,22.9422,59.4681,0.289647,0,-4.5,1,-0.637443,-0.271417,0.72111
93.8419,31.7887,41.0556,0.0656677,0,-1.00211,1,-0.319886,0.226974,-0.919867
107.943,32.6842,59.8613,0.698317,0,-3.68077,1,0.543741,0.592103,0.594777
92.83,3.83225,37.5224,-0.317078,0,-3.5,1,-0.610336,-0.747313,-0.262704
92.5904,28.378,58.7803,0.145223,0,-1.01562,1,-0.525967,0.364295,0.768536
88.007,22.326,42.971,0.560967,0,-3.9,1,0.293185,-0.068292,0.953614
86.0065,40.882,41.062,-0.295583,-0.348249,-0.4,1,0.114344,0.537022,-0.835783
97.827,26.789,33.348,0.0757206,0,-3.9,1,0.473761,0.715041,-0.514068
87.4758,13.805,30.1295,0.76121,0,-2.29864,1,-0.727813,-0.214404,-0.651398
106.588,7.94387,32.6514,-0.356609,-0.718693,-1.44785,1,0.52197,-0.842387,0.133909
105.037,35.7975,44.5679,0.645327,0.223439,3.8,1,0.970006,0.217918,-0.107706
99.3374,25.6987,27.3197,0.460069,0,-0.7,1,0.24505,0.969482,-0.0075007
89.4413,8.62825,28.1049,1.70131,0,-3.9,1,0.0724368,-0.69853,-0.711905
98.3906,12.6424,50.4014,-0.983272,0,-0.4,1,0.365025,-0.729356,0.578615
98.1194,9.18738,32.4175,-0.143206,0,-1.3,1,0.0996183,0.993136,-0.0612885
87.3102,27.0452,43.296,3.97045,0.0560449,-3.9,1,-0.16913,0.971806,0.164279
100.138,37.4582,39.7626,-1.60115,-0.803864,-3.5,1,-0.278561,0.816882,-0.505081
96.6125,40.3585,48.3145,0.605666,0,-3.5,1,-0.244404,0.868272,0.431707
88.6985,17.8382,24.8845,-0.0266872,0,-0.7,1,-0.972848,0.0484704,-0.226313
89.0651,24.6365,54.8003,-0.03952,-0.343307,-2.33529,1,-0.853198,-0.502446,0.140006
97.3337,27.4972,37.4253,0.457189,0,2.5,1,0.459095,0.888316,-0.0112817
88.1363,36.8105,47.32,0.1019,0,2.8,1,-0.263329,0.104949,0.95898
95.1107,32.5358,39.884,0.211319,0,-0.9,1,-0.587856,0.369522,-0.719638
94.8545,28.9291,34.5596,1.56252,0.229107,-3.9,1,0.226851,0.643796,-0.730797
109.354,30.6998,37.7881,1.82941,0,-3.9,1,0.75579,0.280363,-0.591758
107.068,16.0314,30.439,0.642505,0.337268,-3.5,1,0.104173,-0.101007,-0.989417
86.0425,19.4509,30.7939,-0.0939222,0,0.433771,1,-0.0385722,0.42854,-0.902699
94.7828,17.2106,63.3843,0.89136,0,-1.6,1,-0.338453,0.0646311,0.938761
102.177,37.845,49.024,0.0290068,0,3.8,1,0.164539,0.191878,0.967528
101.636,29.7008,50.9048,0.162762,0,3.8,1,0.534524,0.400209,-0.74439
105.28,19.2364,32.4847,-0.0179902,0,-1.92727,1,0.2953,0.410366,-0.862785
94.123,22.4915,61.878,0.181298,0,-1.3,1,-0.777975,-0.446187,0.442348
99.016,30.115,47.761,0.70915,0,3.8,1,0.728193,0.558243,0.397616
95.3008,4.16,26.039,0.474597,0,-4.5,1,-0.945422,-0.262655,0.192847
111.549,24.4883,49.9697,0.372991,0,4.40974,1,0.935598,0.164117,-0.312606
109.521,19.3277,56.38,0.190749,-0.147731,-3.5,1,0.644059,-0.415313,0.64242
95.527,4.6195,33.7965,-0.121915,0,-1.3,1,-0.252477,-0.966341,0.0494088
87.4055,25.2845,44.7668,2.66014,0,-3.9,1,0.11123,-0.082929,0.990329
84.5837,13.4008,33.0508,-0.0962029,-0.058631,-0.7,1,-0.940672,-0.219781,-0.258519
88.4295,17.7708,27.5075,-1.18647,-0.308164,4.5,1,-0.873029,0.225556,-0.432372
99.3122,18.1636,23.878,-0.779497,0,-0.8,1,0.816404,-0.426871,0.388929
112.591,16.7805,45.282,-0.413557,-0.91908,-0.7,1,0.591861,-0.729344,-0.343159
88.8491,23.1174,31.3106,-0.599939,-0.0822157,1.8,1,0.264977,0.68074,-0.68292
94.1051,35.3983,62.5459,0.467599,0,-3.9,1,-0.576604,0.807018,0.127474
105.157,38.7388,61.3717,0.681884,0.119412,-4.5,1,0.387934,0.899851,0.199437
112.28,21.9571,53.7113,0.0623433,0,4.2,1,0.539154,-0.557539,0.631239
90.6164,28.6681,39.7661,0.0576276,0,2.8,1,-0.109737,0.828998,-0.548379
86.0691,27.0732,35.1423,0.290685,-0.0291075,-3.5,1,0.0947889,0.991459,0.0895806
110.202,21.0104,55.7739,-0.682809,-0.475105,-3.5,1,0.810573,-0.0902337,0.578644
85.0247,37.495,40.9305,-0.0209715,-0.606434,2.8,1,-0.248633,0.0116212,-0.968528
82.8893,19.737,43.1917,0.17101,0,-1.3,1,-0.94118,-0.0980454,0.323369
87.6533,10.1024,46.578,0.167582,0,-1.6,1,-0.593536,-0.514156,-0.619159
88.6352,27.7915,56.3558,-0.290744,-0.322879,-3.5,1,-0.79411,0.549908,0.258824
101.912,29.281,38.4985,-0.926513,-0.0617228,-0.7,1,-0.462624,0.717102,-0.52129
98.2095,39.7246,44.9535,-0.0907731,0,-3.5,1,0.270918,0.818644,-0.506385
92.6065,12.3497,37.0978,-0.226327,-0.228685,-3.5,1,-0.829734,0.357128,-0.428953
104.759,34.7417,61.2381,0.885452,0,-4.5,1,-0.288632,-0.554963,0.780197
104.487,11.744,44.371,0.525703,0,-1.3,1,-0.0696558,-0.989564,-0.126141
90.132,12.7745,53.569,-0.521722,-0.470422,-3.5,1,0.92896,-0.258103,0.26536
91.1171,25.1373,34.8656,-0.79702,-0.420601,-3.5,1,0.406432,0.328758,-0.852485
88.2292,38.6265,47.2825,0.144588,-0.46768,-0.930679,1,-0.104014,-0.224667,0.968868
88.3619,13.9578,35.3229,0.207297,0,4.2,1,0.511602,-0.857998,0.0458569
89.8805,20.4805,46.162,0.243022,0,3.8,1,-0.76633,0.6377,0.0779576
103.619,31.4053,39.4004,-0.0992637,0,3.00766,1,-0.296614,0.459633,-0.837113
106.642,31.6524,45.5746,0.464136,0,-1.6,1,0.189278,0.911988,0.363939
117.007,18.498,42.0195,1.78242,0.209804,-3.9,1,0.36153,-0.812386,-0.457521
83.8522,6.23775,37.737,2.10975,0,-3.9,1,-0.659004,-0.601981,-0.450924
82.7803,9.62887,39.5261,0.124979,0,-3.9,1,-0.987092,0.00919621,0.15989
96.7745,31.9535,64.9918,3.58369,0.017904,-3.9,1,0.707327,-0.196972,0.678889
93.3132,30.16,40.8284,0.301937,0,-1.10787,1,-0.319395,0.337599,-0.885445
111.628,17.6314,42.0686,0.71885,0.514072,-3.9,1,0.26688,-0.806556,-0.527487
92.8075,24.4015,32.7435,0.141915,0,-1.6,1,-0.642996,0.765659,0.0179825
93.4839,21.3101,27.923,0.0206908,0,-1.6,1,-0.553624,0.589185,-0.588525
112.33,30.4419,56.0969,0.216116,0,-3.58458,1,0.574144,0.301629,0.76117
89.1201,15.7476,27.3116,-0.109348,-0.0953004,3.16492,1,-0.895579,-0.00163354,-0.444899
84.6286,15.6622,34.7405,0.358845,0,-0.7,1,-0.950555,0.12236,0.285435
114.614,29.4387,41.4476,0.408988,0,4.2,1,-0.216937,-0.0620279,-0.974213
83.767,23.0088,37.672,-0.996701,0,-3.5,1,-0.947177,0.307653,0.0905788
93.7389,29.8511,63.808,0.190258,-0.0733374,-1.3,1,-0.749329,-0.384719,0.538978
95.6265,11.1465,50.4816,-0.153735,0,3.57508,1,-0.134484,-0.756872,0.639577
110.197,26.9279,45.2716,0.69014,0,1.00123,1,0.603184,-0.0361587,-0.796782
88.2796,21.2554,43.0962,-0.0620814,0,2.74793,1,-0.0553745,0.311252,0.948713
95.888,24.628,25.5405,-0.298446,0,-0.797343,1,-0.877009,0.458193,0.144616
100.47,16.4688,32.6105,0.175064,0,4.5,1,0.0796618,0.143641,-0.986418
114.84,31.8614,53.7845,0.800895,0,-0.8,1,0.619185,0.0923446,0.779796
90.1192,19.7179,24.5818,-0.111534,0,-0.7,1,-0.338845,0.78604,-0.517035
105.395,24.0234,58.792,-0.0274648,0,-2.57423,1,-0.116834,-0.777892,0.617441
102.962,20.1111,56.2622,-0.747617,0,-3.5,1,0.396195,-0.666364,0.631656
98.9795,19.773,59.091,-0.621878,-0.248227,-2.2627,1,0.947697,-0.164037,-0.273792
84.8887,18.0718,44.9446,0.410686,0,-1.3,1,-0.270867,-0.0766443,0.959561
106.495,22.4105,56.7505,0.674692,0,-4.5,1,-0.517239,-0.753821,0.405237
93.2797,18.762,23.495,-1.17234,-0.935878,-0.7,1,0.591692,0.469207,-0.65555
113.295,16.866,47.7266,-0.0133795,0,-0.7,1,0.669057,-0.736898,-0.0966605
89.2692,26.2745,53.302,0.229973,0,-3.5,1,-0.803282,0.180869,-0.567472
91.0425,26.2675,34.9635,0.00799302,-0.0149264,-3.5,1,-0.242583,0.608022,-0.755951
109.401,18.0871,41.3177,0.862178,0,-1.84594,1,-0.136172,-0.589741,-0.796029
104.736,40.1517,56.2495,0.0331584,0,-0.8,1,-0.0326569,0.759891,0.649229
83.7288,13.4797,36.7598,0.115056,0,-0.4,1,-0.989856,0.141755,0.00954315
84.096,35.8665,45.8717,-0.284289,0,-2.48771,1,-0.0230009,-0.702349,0.711461
98.4855,23.1934,63.2884,-0.332718,0,-3.2,1,0.137261,0.0459218,0.98947
107.602,13.5562,45.891,-0.141157,0,1.32006,1,0.673439,-0.605364,-0.42428
101.39,32.9297,46.0886,-0.314375,0,4.10989,1,0.552631,-0.189804,0.811525
84.521,20.4409,44.1404,0.233899,0,-1.3,1,-0.0496237,0.436107,0.898525
90.8177,18.1625,65.0713,2.73099,0.102398,-3.9,1,0.493509,-0.0273626,0.86931
115.52,32.6808,45.0189,-0.0408212,-0.147036,-0.58264,1,0.929309,0.345945,-0.129257
84.534,15.02,35.5503,-0.0752048,-0.439711,-0.4,1,-0.872612,0.488412,0.00111828
88.8893,26.9529,45.7329,0.450155,0,4.5,1,-0.97321,-0.0236379,0.2287
109.824,30.517,44.24,1.47286,0,3.24938,1,0.0699812,0.969867,-0.233369
92.6186,32.592,54.0858,0.284777,-0.047023,0.382407,1,-0.920459,0.274235,-0.278479
93.3415,29.1731,37.2643,3.29284,0.251845,-3.9,1,-0.147527,0.87462,0.461817
96.8883,26.9286,23.6665,0.0368869,0,-0.8,1,-0.521494,0.816389,0.248098
101.16,12.1924,49.8594,-0.24274,0,-1.23707,1,0.0783038,-0.884538,0.45985
116.913,35.0424,53.6225,0.404873,0,-0.8,1,0.851078,0.147992,0.50375
115.48,38.2997,52.6198,2.63693,0.325827,-3.64018,1,0.576744,0.516787,0.632691
89.9555,40.7197,53.0387,-0.0451692,0,-4.5,1,0.325384,0.811727,0.485
93.1985,10.8344,30.5408,0.0419755,0,-1.6,1,0.219713,-0.281698,-0.934009
93.4279,20.3925,60.8176,0.455666,-0.737747,-3.2,1,-0.595418,0.687995,0.414899
106.144,12.6996,29.6016,-1.15236,-0.232645,-0.7,1,0.460509,0.389997,-0.797392
103.876,19.151,51.7055,0.308548,0.252265,3.8,1,0.449261,-0.00709558,0.893372
104.708,4.21962,31.6761,1.16287,0,-0.4,1,0.294206,-0.0138285,0.955642
98.5621,2.207,26.349,0.411241,0,-4.5,1,0.234894,-0.801243,-0.550304
87.327,19.6169,43.6237,-0.234021,-0.194656,1.9691,1,-0.130646,0.553519,0.822526
87.2285,16.4228,48.4038,0.733249,0,0.575143,1,-0.459433,0.312146,-0.831556
87.512,24.36,31.794,-0.864575,-0.708491,1.8,1,0.219717,0.726442,-0.651157
99.7744,11.2015,48.3256,0.185034,0,-3.5,1,0.036309,-0.823887,0.56559
97.4238,13.7615,55.3727,-0.363891,0.420686,-2.09315,1,-0.23015,-0.972025,-0.0468887
113.817,30.8556,41.805,0.720222,0,4.2,1,-0.261661,0.00279154,-0.965156
115.18,28.3773,47.6457,1.06197,0.318787,-0.8,1,0.147412,-0.934374,0.324368
89.1329,29.7104,52.2783,0.210764,0,3.8,1,-0.917966,0.187758,0.349407
97.4528,34.4202,64.1868,1.31845,0,-3.9,1,0.766745,0.397914,0.503753
85.3075,13.8033,54.3387,-0.165231,0,-3.5,1,-0.66626,-0.036866,0.744808
105.161,11.7522,42.9741,0.554851,0.772127,-1.3,1,0.44561,-0.891959,-0.0764229
84.757,11.599,41.0535,-0.058673,0,-3.9,1,-0.526706,0.115308,0.84219
90.5,24.5375,50.539,-0.123063,0,-1.6,1,-0.763906,0.454655,-0.45797
109.914,27.759,47.0819,0.829434,0,2.45548,1,0.735816,0.623121,0.265133
106.085,27.1835,61.432,0.497177,0,-3.5,1,-0.0174968,-0.875819,0.482323
115.701,39.0962,50.46,2.86935,0.139008,-3.9,1,0.89783,0.200578,-0.392007
89.2158,9.52325,36.6898,-0.091937,0,-3.5,1,-0.52277,0.5406,-0.659138
97.382,13.9812,30.3722,0.221656,0,4.2,1,0.307014,-0.94978,0.0605089
85.1254,18.308,38.7878,-0.1746,0,-2.48189,1,-0.588535,-0.799661,-0.119035
102.894,22.6976,60.8411,-0.145272,0,3.8,1,0.466391,-0.837447,-0.284887
98.5947,15.4368,62.7798,0.121599,0,-1.6,1,0.462483,-0.858071,0.223213
88.2455,17.8396,48.518,1.01868,0,3.8,1,-0.719259,0.459161,-0.52138
94.3486,31.0226,64.6758,1.73378,0.703717,-1.3,1,-0.496807,-0.290861,0.817669
97.4354,26.0591,21.5599,-0.110106,0,-0.8,1,-0.410035,0.363995,-0.836289
102.786,37.9344,43.6746,-0.583487,0,3.8,1,0.188167,0.972702,-0.135807
111.258,22.0559,37.6981,-1.19385,-0.863831,-3.5,1,0.532407,0.794008,-0.293417
91.9648,15.7376,58.5721,-0.231255,0,-3.9,1,-0.272639,-0.909739,-0.313118
89.2947,6.31425,39.6572,-1.68576,0,-3.5,1,-0.307917,-0.903358,0.29855
90.0365,25.1894,45.9149,0.459293,0,4.5,1,-0.76522,-0.595919,0.243554
96.6937,4.591,35.7777,-1.02045,-0.675975,-0.4,1,0.244741,-0.921316,-0.302124
90.7025,21.4013,29.5469,0.103262,0.0242994,4.5,1,-0.302076,0.609497,-0.732983
101.388,43.8411,54.0081,1.32352,0,-3.9,1,0.344913,0.755175,0.557446
96.3301,11.7332,51.7262,-0.165789,0,-1.3,1,0.184221,-0.960412,0.208978
94.0345,18.8465,24.384,-0.912593,-0.755569,-0.7,1,0.338739,0.456815,-0.822542
99.174,6.18775,42.6958,-0.169182,0,4.2,1,0.472417,-0.727908,-0.496964
106.068,16.666,38.0573,-0.00075049,0,2.19189,1,0.703292,0.326857,-0.631304
99.8242,16.6532,60.808,-0.0215502,0,-1.6,1,0.815683,-0.575194,0.0617435
100.152,41.7745,49.6724,-0.137954,-0.00641468,-3.53643,1,-0.505139,0.706797,-0.49525
96.4354,5.35262,40.2946,-1.03097,-0.204813,2.26719,1,0.900471,-0.43384,0.0305751
104.464,26.6979,48.116,0.0268239,0,-0.7,1,-0.630344,0.761501,0.15094
89.6835,16.6765,58.859,-0.12917,0,-3.9,1,-0.852989,-0.521568,-0.0194176
115.216,36.9412,50.647,2.85736,0,-2.97811,1,0.861359,0.0966823,-0.498711
83.3361,22.2261,30.6084,0.03917,0,1.8,1,-0.654097,0.233568,-0.719447
97.7265,30.5269,40.1484,-0.112409,0,0.609905,1,0.415136,0.345316,-0.841676
112.921,21.7827,48.7189,0.631907,-0.677703,-0.7,1,0.774784,0.605862,-0.180668
87.5792,18.6689,52.8006,0.0490026,-0.439984,0.084656,1,-0.239214,0.906544,0.347785
100.478,8.1845,41.486,-0.170604,0,4.35003,1,0.678223,-0.667863,-0.30655
105.856,10.0285,36.7774,0.120853,0,-1.6,1,0.895462,0.0327851,0.443929
98.3754,43.1694,51.904,1.98467,0.907356,-3.9,1,-0.979436,0.161827,-0.120484
91.9743,6.1895,34.544,-0.692728,-0.398666,-3.5,1,-0.639919,-0.431419,-0.63591
89.46,24.583,55.7435,-0.297804,-0.0356548,-3.5,1,-0.637907,-0.725004,0.2597
100.13,41.8836,47.5075,-1.09413,-0.0344911,-3.5,1,-0.294028,0.950424,0.101207
102.342,36.2907,52.8004,0.865859,0.0823528,3.35931,1,-0.151436,0.365987,-0.918216
97.468,31.5486,63.7859,1.27136,0.533794,-3.27463,1,0.702357,0.191758,0.68551
103.385,6.04625,24.8621,0.600888,0.888424,-3.5,1,-0.170151,-0.250268,-0.953108
93.5332,5.254,33.9893,-0.683898,0,-3.5,1,-0.400601,-0.667224,-0.627958
108.66,34.2894,49.3322,-0.431522,0,-0.336209,1,-0.742004,0.0979839,-0.663196
84.7825,22.7964,30.3284,-0.0392018,0,1.8,1,-0.0166882,0.441717,-0.896999
113.257,26.3976,56.3182,-1.91396,-0.804984,-3.5,1,0.216339,-0.796045,0.565251
94.4997,5.96763,40.7441,-0.760706,-0.513943,-3.06174,1,-0.712502,0.0238457,0.701265
92.621,32.59,58.8418,0.0879718,0,-0.7,1,-0.268501,0.471353,0.84008
94.0519,34.4205,51.5705,0.3991,0.133318,2.53709,1,-0.776025,0.614052,0.143965
100.766,17.519,61.379,-0.137234,0,-1.6,1,0.938958,-0.28118,-0.198231
90.365,20.637,28.475,0.637971,0.922395,4.5,1,-0.446468,0.760595,-0.47134
90.8905,33.0331,49.6217,0.319783,0,3.28643,1,-0.131785,0.70088,0.700999
102.84,10.1219,48.9814,-1.06423,-0.936818,-3.5,1,-0.495937,-0.453415,0.740582
113.649,17.2921,50.626,-0.0157326,0,-0.7,1,0.0300234,-0.69547,0.717928
82.559,15.143,54.1157,-0.516337,0.125636,-3.2,1,-0.200881,0.120415,0.972187
101.666,25.0369,29.0395,0.0966034,0,-0.7,1,0.71129,0.687921,0.144328
89.6233,19.066,27.0104,-0.0253108,0,-0.7,1,-0.737749,0.669324,0.0879338
101.382,2.94575,27.8796,-0.207331,0,-4.5,1,-0.143596,-0.823873,-0.548282
101.153,22.264,58.7859,-0.512741,0,-3.2,1,0.86523,-0.426206,0.264055
111.675,13.9482,47.8151,-0.00960349,0,3.8,1,0.707835,-0.649504,-0.277695
102.494,28.7411,51.4692,0.145158,0,-0.279092,1,0.48237,0.316352,-0.816848
100.949,13.0496,52.0996,-0.235069,0,-0.4,1,0.438983,-0.631541,0.639102
88.3483,10.8349,31.275,0.867339,0.105956,-3.9,1,-0.280822,-0.303668,0.910453
86.3818,5.39525,38.505,1.66305,0.398534,-3.9,1,0.517547,-0.803709,0.293593
87.2584,17.8205,29.5491,-0.00606623,0,1.63293,1,-0.565681,0.412097,-0.71427
81.759,40.0685,42.027,-0.921784,-0.0102345,-3.5,1,-0.561507,0.3683,-0.740989
86.7601,39.35,40.0093,-0.107011,0,1.66582,1,-0.301376,0.506432,-0.807898
109.174,24.547,62.4855,0.411163,0.18166,-4.5,1,-0.739559,-0.027947,0.672512
104.643,37.8742,62.5742,0.516653,0.182267,-4.5,1,-0.189816,0.302407,0.934088
113.107,37.0616,45.057,0.326304,0,-3.5,1,-0.748467,0.537184,-0.388884
101.639,39.8044,52.0399,0.38695,0,-3.9,1,0.475181,-0.51555,-0.71303
84.5409,24.5567,32.9007,-0.146602,0,-1.244,1,-0.584274,0.21486,-0.782597
105.86,18.9855,52.1937,0.0308744,0,-3.5,1,-0.822648,0.0238551,0.56805
105.658,11.576,38.644,-0.327427,-0.00566694,-1.6,1,0.39658,-0.828379,0.395617
85.9739,17.0527,54.6753,-1.24003,-0.648259,-3.22169,1,-0.471857,0.350707,0.808923
91.8815,35.8815,39.9655,0.41241,0.416722,4.2,1,0.284798,-0.602754,-0.745371
85.86,6.951,40.2125,1.01903,0,-3.9,1,0.540583,-0.522705,0.659204
90.757,17.0291,23.2146,0.240307,0.657101,-0.7,1,-0.454422,-0.0915888,-0.886065
104.822,27.4654,38.2901,0.0942579,0,-0.7,1,0.395732,0.0247887,-0.918031
89.5658,41.6017,46.8628,0.496117,-0.0862001,-0.8,1,-0.152801,0.902463,0.402756
89.6386,11.984,54.5423,-1.09643,-0.692021,-3.5,1,0.742418,-0.324391,0.586163
110.87,24.6121,45.1519,0.195422,0,4.5,1,0.71781,0.181073,-0.672281
99.6014,21.8364,28.9906,0.23318,-0.182652,-0.7,1,0.168574,-0.966902,0.191531
98.4956,31.743,62.8671,0.143908,0,-3.38946,1,0.48655,0.173752,0.8562
111.035,30.4112,57.839,2.64476,0,-3.9,1,0.902215,-0.296056,0.313622
101.896,14.248,52.0631,-0.163134,0,-0.4,1,0.519714,-0.631325,0.575609
97.0027,12.3472,59.487,-0.0640891,0,-3.5,1,0.452466,-0.890687,-0.0441702
90.0776,9.83419,48.951,0.133712,0,-1.6,1,0.569086,-0.784498,0.246382
110.751,22.1768,60.8732,0.603399,0.0780568,-4.5,1,0.635108,-0.731083,0.249311
87.5845,14.1445,42.523,-0.876689,-0.000960666,-1.3,1,-0.667727,-0.562514,0.487564
86.1028,18.9377,51.2923,0.0742083,0,-3.2,1,-0.384529,0.919536,0.0811913
86.099,14.6327,42.2923,-0.384239,-0.116991,-2.39445,1,-0.569932,-0.602661,0.558549
86.5905,8.93925,28.8923,3.50797,0.163293,-3.9,1,-0.898099,-0.429594,-0.0941677
94.6352,26.4942,33.564,0.314281,0,-3.9,1,-0.466295,0.340806,-0.816346
101.55,33.1865,50.8055,0.112711,0,2.8226,1,-0.176286,-0.3383,-0.924379
115.032,26.8921,53.228,-1.128,-0.324763,-3.5,1,0.620821,-0.582577,-0.52458
86.8595,13.8628,48.8512,0.324598,0,-1.6,1,-0.896164,-0.165569,-0.411676
99.9635,41.8988,55.6815,0.30438,0,-3.9,1,-0.347562,0.534435,0.770442
111.582,28.889,57.0264,0.329799,-0.956589,-3.5,1,0.330147,0.192906,0.924008
95.3515,19.3832,24.5007,-0.458196,0,-0.781846,1,-0.56004,0.355564,-0.748284
82.5844,34.6501,40.0944,-0.237955,0,-3.5,1,-0.297627,-0.0675806,-0.952287
86.9165,33.894,40.797,-0.0496727,-0.810712,4.0914,1,0.335649,-0.634378,-0.696351
105.861,21.7987,33.8683,-0.057155,0,-0.7,1,0.815256,0.474852,-0.331472
106.172,10.3726,29.167,0.476445,0.227943,-0.862916,1,0.452025,0.486142,-0.74789
107.469,7.00625,29.6318,-0.13623,-0.117682,-3.13017,1,0.976227,0.21237,0.043351
100.168,18.0451,57.6253,-0.862092,-0.0685614,-3.04102,1,0.724434,0.503128,0.47123
83.3385,40.986,42.9655,-0.523228,-0.446666,-1.96769,1,-0.313702,0.933366,0.17441
111.676,19.311,36.4082,-1.57627,-0.580645,-3.5,1,0.739298,-0.395569,-0.544944
101.783,22.3318,31.9767,0.136775,0,-1.6,1,0.86864,0.252619,-0.426203
90.2824,20.9646,62.4486,0.857087,0,-3.9,1,-0.0153197,0.999708,-0.0186687
88.5749,25.6448,54.6686,-0.806621,-0.641616,-3.5,1,-0.88387,-0.140237,-0.446214
90.419,20.3978,63.5846,1.27824,0,-3.9,1,0.176141,0.783614,0.595755
82.516,31.0403,40.2098,-0.0945591,0,-3.5,1,-0.622539,-0.313345,-0.717119
112.286,22.9207,47.2313,0.358935,0,4.5,1,0.940126,0.311504,-0.138302
87.5082,12.3965,42.029,-0.637516,0,-3.2,1,-0.7239,0.121143,0.679186
103.545,33.3708,39.2805,-0.127272,0,4.2,1,0.00119207,-0.0530675,-0.99859
107.047,36.626,50.1205,0.849559,0,-3.9,1,-0.0749495,-0.0204599,-0.996977
106.684,9.91975,47.846,0.310344,0.626194,-3.5,1,0.573225,-0.79072,0.214883
113.338,35.5541,53.5549,0.214812,-0.061066,-0.8,1,-0.0122462,0.491861,0.870588
114.238,19.2027,47.0551,-0.0493078,-0.0404301,-0.7,1,0.981093,-0.00898306,-0.193329
100.161,29.6966,50.1681,0.289498,0,3.8,1,0.468958,0.634413,-0.614491
83.6413,19.2185,31.4265,0.00966776,0,1.27939,1,-0.892884,-0.256168,-0.37032
80.293,37.0135,43.028,-0.0330273,0,-3.5,1,-0.944095,-0.256708,-0.206847
91.1514,38.4454,38.2765,0.0237177,0,4.2,1,0.185184,0.129057,-0.974193
83.4596,21.4692,36.2664,-0.172872,0,-3.5,1,-0.939331,0.33832,-0.0565427
90.1104,8.04587,29.4395,0.438098,0,-3.9,1,0.247537,-0.964768,-0.0891554
96.6441,18.7084,22.9686,-1.7917,0,-0.8,1,-0.705277,-0.0181162,-0.708701
99.1588,19.8368,25.5585,0.752045,0,-0.8,1,-0.0129031,-0.661201,0.750098
96.4652,34.2049,65.1671,2.23409,0.0351912,-3.9,1,0.44306,0.431869,0.785612
82.4985,13.8274,53.7455,-0.270299,0.733001,-3.2,1,-0.319569,-0.713856,0.623125
104.986,9.47275,47.4714,-0.492276,-0.173369,-3.5,1,0.183491,-0.939851,-0.288117
89.5056,5.95612,37.7159,-0.573388,0,-3.5,1,-0.257437,-0.964148,0.0643721
115.849,27.8674,42.789,0.338893,0,4.2,1,0.378132,-0.859455,-0.344024
97.389,32.5923,63.8278,2.14692,0,-3.9,1,0.797471,-0.12482,0.590305
108.644,14.1722,39.5204,0.0396506,0,-1.6,1,0.946206,0.143596,0.289955
88.4015,25.0835,44.154,1.72754,0,-0.175368,1,0.278876,-0.611596,0.74039
98.3682,40.8509,52.5181,0.300744,0,-3.9,1,-0.976912,-0.155564,-0.146432
82.7051,7.63575,38.2104,0.358111,0,-3.9,1,-0.958636,-0.0532308,-0.279612
105.789,22.2695,35.891,0.408998,0,-0.7,1,0.673641,0.651239,-0.349422
97.5173,9.9425,49.3449,-0.160678,0,4.2,1,0.484811,-0.702055,0.521611
108.552,39.6776,51.0185,0.293308,0,-3.9,1,-0.44319,0.834235,-0.328076
83.7335,24.0098,37.2385,0.441212,0.163719,-3.5,1,-0.880077,-0.0411784,0.473042
94.617,20.5818,62.6825,-0.463541,0,-3.2,1,-0.455088,0.381855,0.804414
100.613,18.625,61.6959,0.022076,0,-1.6,1,0.973166,0.229464,-0.0171438
88.7207,20.4725,51.953,-0.469615,0,3.64298,1,-0.962132,0.164656,0.217233
98.2255,8.6115,46.2561,-0.168005,0,4.2,1,-0.0691575,-0.39122,0.917695
104.063,10.1585,41.557,-0.0754497,0,4.5,1,0.813458,-0.483852,0.322759
107.97,30.5571,36.3024,2.93494,0.100042,-3.9,1,0.436896,0.259899,-0.861147
92.1468,24.8547,61.3807,0.189331,0,-1.3,1,-0.891127,-0.106937,0.440973
113.156,33.5353,45.4103,-0.643871,0,1.80587,1,-0.88542,0.284575,-0.367489
92.109,42.341,43.4255,0.263733,0.0731056,-0.8,1,0.258054,0.957159,-0.13136
86.4664,34.356,46.7774,-0.162027,0,2.8,1,-0.623997,0.0435662,0.780212
89.0745,38.6655,50.826,0.338956,0,-4.5,1,-0.750589,-0.548629,-0.368269
87.7859,10.2878,50.783,-0.279216,0,-1.6,1,-0.279646,-0.942435,0.183345
115.654,32.3761,42.103,0.250389,0,4.2,1,0.67379,0.41179,-0.613543
96.635,4.84538,42.5431,-0.368748,0,4.2,1,-0.0214256,-0.991419,-0.128957
84.5549,17.5905,52.4943,-0.459034,-0.365887,-3.2,1,-0.421258,0.793339,0.439494
108.598,12.0081,48.2545,-0.0299186,0,3.8,1,0.242509,-0.966367,0.0855798
91.4723,19.8249,24.7874,-0.529744,-0.231065,-0.7,1,-0.152167,0.876707,-0.456323
115.661,35.9434,47.4291,0.690504,0,-3.5,1,0.925826,0.354755,0.130363
96.3421,26.0479,23.3684,-0.00579407,0,-0.8,1,-0.845318,0.533914,-0.0193134
111.378,25.8334,58.6026,1.40956,0,-4.5,1,0.950337,0.298,0.0897545
116.381,31.1,45.3971,0.44211,0,4.2,1,0.995895,0.0900018,-0.00965217
94.5697,35.9741,56.1934,-1.40375,0,-3.5,1,0.156864,0.368952,0.916116
111.039,24.5658,61.913,0.199581,0,-4.5,1,0.77968,-0.00974135,0.626103
89.8126,39.4594,54.0018,0.416834,0,-4.5,1,0.0360227,0.405569,0.913354
96.289,7.80375,25.2544,0.527751,0.00786081,-4.5,1,-0.690625,0.723149,0.00963103
108.612,13.4095,38.7998,0.0588041,0,-1.6,1,0.990682,-0.129439,-0.0423754
110.97,22.0455,57.7812,0.917364,0,-4.5,1,0.623742,-0.768649,-0.14186
81.3952,16.4625,52.9816,0.135422,0,-3.2,1,-0.688736,0.184949,0.701025
99.7517,42.0685,50.6161,2.04355,0,-3.9,1,-0.743757,0.0180997,-0.668205
115.371,33.7918,44.7756,-0.847845,-0.8586,-3.5,1,0.892715,0.15053,-0.424735
92.9883,29.1471,40.4868,0.48285,0,0.0834818,1,-0.239705,0.650787,-0.720429
84.2715,18.3097,35.0595,0.0513332,0,-3.5,1,-0.942478,-0.333348,-0.0247784
107.5,9.6275,29.9445,0.656151,0.378282,-0.7,1,0.84221,0.105847,-0.528657
97.234,16.571,25.8913,-1.00243,0,2.8,1,0.518326,0.580393,0.628078
98.1995,14.9255,61.0653,0.24595,0,-3.5,1,0.727297,-0.510409,0.458827
82.4595,37.0835,40.131,-0.958018,0,-3.5,1,0.0187242,0.564233,-0.825403
100.102,11.565,26.4445,0.262744,0,-1.3,1,-0.798574,-0.345257,-0.493028
90.316,32.2,50.7738,0.229517,0,3.8,1,-0.558001,0.6916,0.458612
83.0976,22.8079,33.2303,0.11383,0,1.8,1,-0.873639,0.382992,0.300119
91.267,5.61212,36.9475,-0.376782,0,-3.5,1,-0.414243,-0.909188,-0.0421803
115.137,30.9454,41.8382,0.494942,0,4.2,1,0.226278,0.282836,-0.932095
88.3453,25.8065,57.097,-1.17172,-0.324985,-3.5,1,-0.614709,-0.30908,0.725673
88.59,9.62963,49.5411,0.0213612,0,-1.6,1,-0.0879077,-0.923302,0.373878
100.259,2.86475,31.5485,0.604189,0.0931946,-4.5,1,-0.289758,-0.756653,0.586102
88.6407,12.386,55.4868,-0.500379,-0.0382172,-3.5,1,0.201155,-0.537687,0.818798
112.007,24.7635,54.507,-0.0682792,0,4.2,1,0.442409,-0.226391,0.867768
96.8169,21.1658,25.9879,0.103885,0,-0.748556,1,-0.0117327,-0.753034,0.657878
98.3895,12.868,25.2945,0.200695,0.60203,-0.8,1,0.034628,-0.908036,0.417458
107.022,23.459,37.2744,-1.19775,-0.812108,-3.5,1,0.312838,0.556756,-0.769516
84.4425,5.5245,39.968,0.329733,0,-3.9,1,-0.19574,-0.796295,0.572364
93.929,31.7355,62.793,0.74851,-0.0090468,-1.53252,1,-0.993028,-0.0318703,-0.113491
112.357,31.9867,45.2272,1.76268,-0.715381,4.2,1,-0.762074,0.615105,-0.202211
95.8238,3.46925,26.6952,0.725818,0.304033,-4.5,1,-0.864685,-0.491135,0.105381
98.0934,15.8101,26.0417,-0.383012,0,0.053914,1,0.545042,0.411591,0.730426
92.798,32.5368,51.8294,0.654724,0.349008,-3.5,1,-0.714687,0.692206,0.100369
109.545,31.1822,40.1168,0.913324,0,-3.9,1,0.676317,0.684832,0.271294
88.2925,11.0229,37.9584,0.344068,0,-3.2,1,0.277337,0.0853977,-0.95697
103.225,39.2018,48.8083,0.0216755,0,3.8,1,0.367314,0.51976,0.771317
108.055,17.0495,30.9879,0.38643,0.117507,-3.5,1,0.516667,0.580596,-0.629257
107.001,34.7846,57.3867,0.470402,0,-3.9,1,0.184529,0.86156,0.47293
114.824,25.713,54.5735,-1.39895,-0.578921,-3.5,1,0.61798,-0.786159,0.00736737
86.185,33.266,40.481,-0.149194,-0,-3.5,1,0.85174,-0.190733,-0.488016
100.846,34.6571,49.1385,0.251803,0,3.8,1,0.466222,-0.884094,0.0318631
95.8148,6.72375,24.5952,0.607993,0.17853,-4.5,1,-0.878847,0.413947,-0.237225
102.622,13.0801,28.2665,-0.0636958,0,-1.3,1,0.655744,0.501243,-0.564584
87.4979,8.11913,29.5093,2.74598,0.278821,-3.9,1,-0.302563,-0.897538,0.32075
95.4635,29.085,35.722,1.55589,0,-3.9,1,0.440279,0.896146,-0.0554709
102.112,23.546,33.3582,0.151221,0,-1.6,1,0.663156,0.677538,-0.318068
83.5512,11.7255,38.1904,0.118399,0,-3.9,1,-0.917646,0.13649,-0.373224
108.318,30.7245,63.3307,-1.06014,-0.346658,-3.5,1,0.775242,0.231592,0.587677
85.1101,19.4504,44.6022,0.167984,0,-1.3,1,0.0968155,0.398004,0.912261
88.5208,41.4585,42.9511,-0.321309,-0.288615,-0.578268,1,0.229353,0.84464,-0.483716
107.813,29.202,36.244,2.97172,0,-3.9,1,-0.051134,-0.312468,-0.948551
97.8225,37.306,57.296,-1.23813,-0.00256992,-3.9,1,-0.399361,0.427332,0.811109
87.313,36.0684,47.1676,-0.0668666,0,2.8,1,-0.392174,-0.0270469,0.919493
97.7607,16.0947,63.935,0.555256,0,-1.6,1,-0.0335012,-0.677452,0.734804
115.326,27.775,52.2887,0.133924,0,-3.5,1,0.663094,-0.630065,-0.404135
99.2045,40.842,48.9543,-1.75884,0,-3.5,1,-0.553975,0.782923,0.283098
102.731,15.3735,52.7446,-0.214064,-0.354304,0.242214,1,0.285022,-0.817721,0.500095
104.071,36.3175,43.0565,0.117307,0.0393601,3.8,1,0.800771,0.493434,-0.33954
97.3303,3.41825,30.0198,0.473972,0,-4.5,1,-0.495112,-0.674129,0.5481
97.3124,14.9654,62.5902,0.500345,0,-2.99474,1,0.334429,-0.73273,0.592675
106.227,10.5114,46.0793,0.000613882,0,-3.5,1,0.332091,-0.647659,-0.68575
90.9255,13.5057,38.1107,0.152007,0,-3.2,1,-0.0422661,-0.43103,-0.901347
87.7312,9.684,37.4371,0.0164691,0.0925201,-3.57973,1,0.0689258,0.268273,-0.960874
103.735,17.0142,53.285,-0.432807,0,3.8,1,0.852933,0.395324,0.340916
92.2739,11.0405,29.7316,0.183392,0,-3.9,1,0.583506,-0.486081,-0.650573
113.249,29.4613,48.2907,0.52064,0,-0.8,1,-0.503557,-0.829629,0.241135
101.615,22.1466,60.1878,-0.130057,0,-3.2,1,0.732859,-0.650205,-0.200376
83.0932,29.3344,41.8363,0.359897,0,-3.5,1,-0.336488,-0.89183,0.30235
105.036,6.47188,38.6786,-0.0258885,0,-1.6,1,0.17656,-0.535268,0.826024
112.953,28.1131,44.756,1.69143,0,4.2,1,-0.0279408,-0.961962,-0.27175
92.2676,14.1215,60.0239,-1.04928,-0.0770095,-3.5,1,-0.591257,-0.570423,-0.570116
99.0804,18.7815,24.835,-0.153366,-0.0295065,-0.8,1,0.361806,-0.529263,0.767448
86.8941,10.3926,54.3899,-1.48936,-0.0547016,-3.5,1,-0.251457,-0.676898,0.691794
101.119,35.4762,50.396,0.253537,0,-0.576194,1,0.0971299,0.893786,0.43785
104.438,18.2335,31.5847,-0.100211,0,-3.5,1,0.0820089,0.451513,-0.888488
105.148,24.7297,35.9711,0.169132,0,-0.4,1,0.395681,0.515379,-0.760145
96.817,3.066,39.0635,-1.67341,-0.555006,-3.5,1,0.89409,-0.375761,0.243734
90.4465,30.1109,53.9195,0.422106,0.146681,1.55034,1,-0.799885,0.542217,0.257265
93.5464,6.33787,33.2225,-0.00527882,0,-1.6,1,-0.659218,-0.575148,-0.484393
100.186,27.115,24.173,1.0871,0.611961,-0.8,1,0.556967,0.770781,0.309329
101.73,27.35,62.1054,0.512774,0,3.8,1,0.135632,0.680025,0.720534
96.8818,18.0269,30.4291,0.223113,0,4.2,1,0.515744,0.586286,-0.624721
87.0072,11.1645,51.1538,-0.535976,0,-2.55495,1,-0.871156,-0.352156,-0.34216
104.1,20.3843,55.048,-0.32724,0,-3.5,1,0.205954,-0.956758,0.20542
85.1856,14.2209,50.5218,0.099426,0,-3.2,1,-0.271279,-0.771601,-0.57536
88.4204,40.5394,42.0093,-0.466878,0,1.80526,1,0.186256,0.768921,-0.611612
100.225,13.9517,25.1809,0.0607763,0,-0.8,1,0.931779,0.0475189,0.359904
92.5088,15.8118,53.5734,-0.34326,-0.128722,-1.07804,1,-0.009875,-0.911871,0.410359
94.9867,13.2782,58.3203,-0.0438447,0,-3.5,1,-0.582741,-0.561533,-0.587447
82.189,15.901,50.1203,-0.0382205,0,-3.2,1,-0.538301,-0.390993,-0.746563
93.7334,11.347,26.069,0.235039,0,2.8,1,-0.18796,-0.9702,-0.152913
99.1505,25.484,36.9393,0.138846,0,0.296721,1,0.686204,0.227563,-0.690898
111.468,35.2844,55.2694,0.411872,0,-3.9,1,0.518816,0.800735,0.299421
89.741,22.81,30.44,-0.0739118,0,4.5,1,-0.286754,0.66148,-0.692977
107.119,11.351,30.353,-0.055275,-0.027612,-0.7,1,0.737362,0.196842,-0.646181
91.7079,23.7574,33.5868,-0.248465,-0.0944321,1.32893,1,-0.181424,0.927105,-0.327966
103.042,34.1605,46.134,-0.0164043,0,4.04087,1,0.288695,-0.636531,0.71518
105.035,10.4681,49.5291,-1.27853,-0.0768072,-3.5,1,0.441023,-0.0429772,0.896466
91.0655,42.037,46.0615,-0.0522248,0,-0.8,1,-0.0131543,0.953456,0.301246
108.912,10.7358,33.1426,0.381921,0.0422574,-0.7,1,0.980083,0.124575,-0.154655
101.383,15.1025,54.077,-2.14187,-0.556471,-3.5,1,0.133909,-0.918659,0.371664
99.311,25.7502,28.3382,0.106121,0,-0.7,1,0.164542,0.979707,0.114453
107.708,15.9288,40.9412,0.187747,0,-1.3,1,0.74445,0.414459,-0.523467
90.7682,24.2665,46.7355,0.200162,0,4.5,1,-0.919509,-0.270642,0.285054
114.461,26.201,55.646,-1.55051,-0.698277,-3.5,1,0.262399,-0.734886,0.625371
95.8575,12.1654,27.1388,0.319625,0,2.8,1,0.533609,-0.842989,0.0680511
112.35,16.492,49.8301,0.0761304,0,3.26075,1,0.424355,-0.726155,0.540945
116.832,33.8526,51.3956,0.653237,0,-0.8,1,0.971527,0.0926891,-0.218047
106.443,3.65125,28.864,-0.0370845,-0.171093,-0.4,1,0.648139,-0.550654,-0.526019
94.374,11.3282,27.317,0.186214,0,2.8,1,0.121267,-0.968458,0.217675
105.123,34.8372,50.6179,-0.444842,0,4.2,1,0.274783,-0.0625605,-0.959469
88.3528,18.518,60.7332,0.457649,0,-3.9,1,-0.961535,-0.0544525,-0.269232
86.0352,5.34975,37.121,2.23937,0.306816,-3.9,1,0.252653,-0.82018,-0.513295
105.073,40.6303,54.7483,-0.66599,-0.421248,-0.8,1,0.353714,0.933609,0.0570975
97.795,20.1007,21.7722,-0.144565,0,-0.8,1,-0.245735,-0.24747,-0.937216
96.3,36.5921,50.0809,-0.745921,0,0.669263,1,-0.16139,0.509157,0.845407
109.29,26.4146,39.9896,0.162476,0,-3.9,1,0.617129,-0.31234,-0.722215
99.1075,15.4485,60.094,-0.115139,0,-1.79257,1,0.782004,-0.50286,0.368241
102.474,4.78412,32.4552,0.846068,0.354148,-0.805908,1,0.190304,-0.515693,0.835371
90.2864,10.9144,38.1234,-0.0889142,0,-3.2,1,-0.33638,0.579673,-0.742178
112.5,35.3284,45.9152,0.555133,0,-3.5,1,-0.795779,0.122011,-0.593168
102.203,32.3285,40.596,-0.549547,-0.203503,-2.76017,1,-0.28646,-0.224384,-0.931446
100.803,34.2515,50.34,0.201565,0,-1.3,1,0.429954,-0.555763,-0.711524
91.2787,36.2485,50.4755,0.282761,0,-4.5,1,-0.214927,-0.789827,0.574438
91.6425,15.5903,55.0515,-0.313428,-0.00398813,-3.5,1,0.484054,-0.875032,0.00322034
101.999,30.5126,40.3115,-0.932298,-0.61796,-2.94219,1,-0.41243,0.510058,-0.754813
115.465,21.8878,43.9355,1.00335,0,-3.9,1,-0.105484,0.92726,0.359253
102.074,42.2994,51.7277,1.77969,0,-3.9,1,0.682459,-0.0526643,-0.729024
110.423,27.1746,61.8382,0.726891,0,-4.5,1,0.398459,0.77623,0.488567
83.0133,20.5107,35.6208,0.107577,0.0675584,-3.08843,1,-0.989974,0.000828756,-0.141251
101.334,21.062,26.449,0.673272,0.0519589,-0.753416,1,0.879977,-0.389484,0.271925
90.395,19.9975,26.1569,0.017152,0,-0.7,1,-0.449576,0.890987,-0.0634387
105.476,13.0887,49.7136,-0.1203,0,2.0632,1,0.0667589,-0.846931,0.527495
108.594,18.9794,40.8749,0.667563,0.722329,-3.5,1,-0.1064,-0.841594,-0.529526
100.841,8.222,38.0069,-0.327354,0,-1.09486,1,0.182819,-0.854667,0.485923
96.6595,7.45625,26.5548,0.215962,0,-4.5,1,-0.660523,0.72499,0.19519
116.891,29.5772,42.6115,0.289523,0,4.2,1,0.950195,-0.0200304,-0.311011
112.19,38.1306,53.7832,0.854098,0,-3.9,1,0.192724,-0.130784,0.972498
91.2671,34.4927,48.9487,0.344671,0,2.8,1,-0.250345,0.0390006,0.967371
104.298,24.1749,62.3429,0.118402,0,3.8,1,0.779536,-0.20792,0.590841
86.1458,9.81612,52.907,-1.84947,-0.643004,-3.5,1,-0.416181,-0.909129,-0.0166871
88.3379,12.8981,37.3471,1.07232,0.907921,-3.2,1,0.585595,-0.381448,-0.715245
89.9176,27.4039,51.7873,0.201167,0,3.8,1,-0.813929,-0.561887,-0.147658
90.4392,24.4603,44.5607,0.766199,0.0886692,3.57867,1,-0.744009,-0.58232,0.327649
91.911,19.3111,23.1694,-0.252611,-0.772571,-0.7,1,-0.00982195,0.771527,-0.636121
104.806,37.12,47.3969,0.196046,0,3.8,1,0.986201,-0.0702858,0.149892
103.809,39.5165,56.4421,0.101324,0,-0.8,1,0.0635603,0.770732,0.633981
88.3083,31.9513,43.2798,0.352622,0,-1.3,1,-0.845371,-0.413068,-0.338707
94.445,22.5222,27.655,-0.0491657,0,-1.6,1,-0.657014,0.369414,-0.657165
99.3467,18.5889,58.8679,-1.04953,-0.516064,-1.6,1,0.858754,0.512274,0.010812
109.741,18.159,54.034,-0.001066,0,-3.5,1,0.511571,-0.858381,0.0384341
80.3302,38.0073,43.9929,-0.0637991,0,-3.5,1,-0.945989,0.244588,-0.212794
83.2794,24.1305,35.0365,0.10139,0,-3.5,1,-0.902483,-0.368108,-0.223653
111.604,14.0225,48.822,-0.00342245,0,3.8,1,0.79317,-0.579785,0.186362
99.0859,16.6628,31.921,0.202595,0,4.46633,1,0.685224,0.108547,-0.720198
95.1365,5.193,25.6157,0.127108,0,-4.5,1,-0.985258,0.117663,0.124186
107.32,13.3481,44.579,-0.414484,0,-1.3,1,0.777124,-0.626161,-0.0632459
94.9311,11.4706,25.8119,0.370816,0,2.8,1,0.33646,-0.921968,-0.191754
84.6215,30.748,42.4755,-0.0260798,0,-3.5,1,0.755951,-0.363862,0.54419
86.532,33.1263,42.65,0.908269,0,2.8,1,0.219937,-0.920614,-0.322641
81.4743,32.6065,42.0236,0.396725,0,-3.5,1,-0.953201,-0.126273,0.274705
118.494,20.9759,44.2144,1.8463,0.688817,-3.9,1,0.657528,0.589324,0.469419
99.276,14.577,56.789,-1.29164,-0,-3.5,1,0.929788,-0.362097,-0.0661784
100.551,41.6678,48.5913,-1.58912,-0.402922,-3.5,1,-0.0466684,0.979944,0.193734
108.427,22.1821,60.0759,0.2728,0.0710601,-4.5,1,-0.605801,-0.586212,0.537922
107.433,10.8521,47.4991,0.461276,0.478491,-3.5,1,0.796018,-0.589318,-0.138056
83.9143,24.635,33.7448,-0.134054,0,-3.0146,1,-0.840631,-0.0516436,-0.53914
88.6339,21.2936,30.6017,-0.139851,0,4.5,1,-0.47805,0.331935,-0.813196
99.9739,23.9421,24.1019,0.521616,-0.496512,-0.8,1,0.988177,-0.13702,-0.0687824
101.683,12.5021,26.4555,0.22453,0,-1.3,1,0.496632,0.4713,-0.728857
94.0274,7.3535,30.6344,-0.0601419,0,-1.49638,1,-0.675769,-0.155616,-0.7205
105.622,34.4395,42.3747,0.316109,0.0513082,4.15873,1,0.840998,0.538274,0.0546262
90.3085,31.088,56.2907,0.563542,0.327073,-0.7,1,-0.899549,0.339256,-0.275165
106.875,18.5941,34.3585,-0.369623,-0.827676,-1.16073,1,0.766697,0.429804,-0.476911
107.916,30.9495,46.8577,0.452014,0,-1.6,1,0.268053,0.963335,0.0115706
84.197,29.5275,40.0832,0.475001,0.606659,-3.5,1,0.0997793,-0.569164,-0.816147
100.733,19.808,25.6821,-0.274036,-0.824269,-0.8,1,0.302049,-0.728428,0.614946
84.1045,13.5933,39.6115,-0.0996561,0,-3.9,1,-0.878356,0.326341,0.349274
89.2281,29.1838,41.0643,0.44706,0,0.898824,1,-0.711395,0.548691,-0.439152
95.2,36.323,49.8493,-0.0334187,0,3.40271,1,-0.135766,0.515355,0.846154
104.178,5.58525,37.3055,0.0566239,0,-1.6,1,0.0262145,-0.86399,0.502825
94.4017,29.8555,35.381,1.45105,0.798013,-3.9,1,0.273134,0.942918,-0.190534
89.4997,20.3958,48.1795,0.241964,0,3.8,1,-0.622279,0.735143,-0.268948
105.532,16.398,30.9312,0.384837,0.316072,-3.5,1,-0.0959796,0.16178,-0.982148
89.9009,10.2719,50.2671,0.0471632,0,-1.6,1,0.406282,-0.771589,0.489475
97.3978,18.336,25.3288,-1.0059,0,-0.8,1,0.28396,-0.123364,0.950867
83.6324,13.2461,38.3667,-0.0302327,0,-3.4942,1,-0.953545,0.291233,-0.0770407
102.23,43.577,52.9651,1.35666,0,-3.9,1,0.768188,0.633343,0.0936208
105.915,39.4805,56.5574,0.210287,0,-0.8,1,0.529978,0.388859,0.753599
88.9064,18.1769,64.2282,3.37343,0,-3.9,1,-0.840029,-0.0496819,0.540262
95.7075,36.1119,59.985,0.143163,0,-3.9,1,-0.0773936,0.911949,-0.402938
84.2085,37.3018,47.541,-1.51307,-0.726274,-3.5,1,0.321299,-0.457587,0.829084
95.094,9.8955,48.8717,-0.0815711,0,4.2,1,-0.696628,-0.681526,0.224125
96.908,13.45,22.4853,-1.10175,-0.910534,-0.8,1,-0.363851,-0.515387,-0.77588
82.614,36.5739,47.9485,-1.66062,0,-3.5,1,-0.00687649,-0.633793,0.773472
90.0423,23.2415,54.9744,0.170712,0,-1.6,1,-0.77286,-0.384448,0.504864
117.071,34.9022,52.3159,0.512305,0,-0.8,1,0.987494,0.0124291,-0.157164
88.4908,28.1004,40.7541,0.567047,0,2.8,1,-0.850548,0.501375,-0.158716
92.2496,23.4681,29.5828,0.148199,0,-1.6,1,-0.69129,0.392091,-0.606946
81.0805,36.5975,46.4315,-0.444827,-0.078317,-3.5,1,-0.695442,-0.373374,0.613964
92.2011,13.6267,61.2756,-1.52701,-0.078358,-3.5,1,-0.791682,-0.538443,0.28865
114.349,21.639,41.9086,0.497212,0,-3.9,1,-0.0127261,0.982264,-0.187069
90.4895,42.5513,44.2944,-0.0483059,0,-0.8,1,-0.297534,0.954711,-0.000421341
112.838,22.7361,54.0849,0.0552967,0,4.2,1,0.481833,-0.487083,0.728414
108.615,32.2761,38.4326,0.749366,0,-3.9,1,0.158273,0.973924,-0.162547
91.6475,9.91275,32.1654,-0.232445,0,-3.04567,1,-0.682897,-0.550927,0.47972
108.629,10.8375,31.6426,0.00377624,0,-0.7,1,0.866713,0.10401,-0.487844
98.3923,6.33525,46.1545,-0.14131,0,4.2,1,-0.0811095,-0.477916,0.874653
87.014,12.3754,32.8729,-0.886621,-0.0699529,-0.7,1,0.434029,-0.897221,0.0813258
116.049,31.491,51.869,1.25006,0.343067,-2.20679,1,0.981166,0.00442892,0.193117
103.359,21.1015,32.8638,-0.0546061,0,-0.7,1,0.198353,0.360408,-0.911462
103.039,20.3139,54.3795,-0.990577,0,-3.5,1,0.451694,-0.799376,-0.396195
101.514,14.4005,28.9447,0.302447,0,-1.3,1,0.150488,0.922632,-0.355112
110.52,28.812,39.388,0.364105,0,-3.9,1,0.947976,-0.245651,-0.202479
96.4195,22.1968,63.4528,0.313706,0,-3.2,1,-0.165543,-0.187845,0.968148
104.948,7.255,25.3375,-0.0919815,-0.0185332,-3.5,1,0.223537,0.228064,-0.947638
97.6003,34.721,40.4193,0.00750842,0,-3.20106,1,-0.203258,0.0461792,-0.978036
102.604,5.445,36.617,-0.113521,0,-1.6,1,-0.459354,-0.80628,0.3727
109.801,22.2789,61.591,0.63772,0,-4.5,1,-0.0327556,-0.838895,0.543307
98.1964,19.8764,63.2394,0.118514,0,-2.46351,1,0.242021,0.264747,0.933453
84.2665,18.1941,36.4414,-0.151897,0,-3.5,1,-0.734191,-0.66738,0.12477
89.1387,28.0939,45.3776,0.486216,0,4.5,1,-0.985185,0.154546,0.074332
100.596,9.58225,25.8682,-0.76192,-0.868496,-1.3,1,-0.264012,0.0451019,-0.963464
106.69,7.29494,31.2483,0.351467,0,-3.5,1,0.828029,-0.326144,0.456068
100.271,39.534,49.643,-1.86819,-0.901021,-3.5,1,-0.0549206,-0.590821,0.804931
95.105,18.0169,27.8805,-0.0175475,0,-0.7,1,0.843581,0.535702,0.0373431
95.52,11.5468,30.2954,-0.327079,-0.122504,4.2,1,0.672684,-0.484231,-0.559479
91.2511,11.0147,33.0539,-1.29155,-0.21373,-1.80876,1,-0.808028,-0.36305,0.463988
107.372,18.904,37.0586,0.0519469,0,-2.75537,1,0.111194,-0.99366,-0.0166095
98.2243,24.8129,31.7749,-1.54909,0,-3.9,1,0.495926,0.867668,-0.0347767
85.6202,15.792,48.6427,0.369502,0,-3.2,1,-0.336262,-0.15831,-0.928367
108.352,15.7405,33.8689,-0.715053,-0.518739,-3.5,1,0.91248,0.0473686,0.40637
95.9775,39.509,39.9705,0.705951,-0.0682286,-0.8,1,0.103666,0.0879379,-0.990717
98.9131,1.60637,29.1051,0.166788,0,-4.5,1,-0.042329,-0.992232,0.116982
106.547,13.5195,30.8871,-0.53531,0,-0.7,1,0.651896,0.310889,-0.69165
96.7165,7.5605,23.9352,0.930242,0.834401,-4.5,1,-0.330778,0.596668,-0.731146
100.704,34.391,60.402,0.109361,-0.807846,-1.70862,1,0.299992,0.602189,0.739847
95.072,36.7547,54.1485,-1.33778,-0.565785,-3.5,1,0.262279,0.844423,-0.467075
92.4047,30.9354,40.9914,0.306596,0,-1.3,1,-0.0507244,0.189642,-0.980542
81.696,14.7542,53.5094,-0.210577,0.266782,-3.2,1,-0.768295,-0.17459,0.615825
108.994,12.3118,49.5436,-0.0616732,0,3.8,1,-0.131109,-0.876469,0.463262
116.024,38.0305,51.3815,3.14591,0.106373,-3.5688,1,0.928824,0.307455,-0.206779
89.6114,9.35825,42.8496,-0.438434,0,-3.2,1,0.174295,-0.875406,0.450872
86.7698,11.0188,28.352,1.24778,0.706459,-3.9,1,-0.746201,0.329884,-0.578239
111.268,33.3235,59.1,0.595311,0,-3.9,1,0.607047,0.420808,0.674103
107.454,34.6533,59.8275,0.570111,0.0609479,-3.98498,1,0.842058,0.491335,0.222547
109.63,27.8472,39.3155,0.39722,0,-3.9,1,0.563687,-0.584544,-0.58358
97.577,38.22,49.7313,-0.592206,-0.797467,-3.5,1,0.0348129,0.243507,0.969274
100.292,19.9172,61.7275,-0.272331,0,-1.7732,1,0.998661,0.0242005,0.0457129
100.742,9.2525,44.7215,-0.835866,0,4.2,1,0.929233,-0.368775,-0.0230508
97.778,11.116,49.926,-0.258436,0,4.2,1,0.456423,-0.475614,0.751977
89.3409,11.6411,38.2648,0.528387,0,-3.2,1,0.192854,0.0696263,-0.978754
90.886,30.7095,52.9782,0.382632,0,3.8,1,-0.489762,0.783339,0.382771
105.277,9.8735,37.9128,0.149675,0,-1.6,1,0.82498,-0.026931,0.564519
110.155,23.6556,62.8783,1.07532,0.766363,-4.5,1,0.231958,-0.131044,0.963858
87.6619,38.787,38.7156,-0.0546973,0,4.2,1,-0.589173,0.336184,-0.734749
93.641,15.9458,63.344,0.525625,0,-3.5,1,-0.301295,-0.232826,0.924669
94.7417,11.9071,29.3386,-1.33624,-0.322339,4.2,1,0.104658,-0.955149,-0.277014
83.6523,17.9339,49.6838,0.748423,0.79166,-3.2,1,-0.137971,0.740348,-0.657913
88.546,38.2397,38.2692,-0.0204806,0,4.2,1,-0.11562,0.0432176,-0.992353
109.071,15.3903,42.9009,-0.366176,-0.156335,3.05302,1,0.278345,-0.771249,-0.57245
91.1945,40.6695,51.8457,0.405063,0,-4.5,1,0.371936,0.83831,0.398622
112.178,15.6359,48.06,0.0514532,0,3.8,1,0.857736,-0.497354,0.130103
92.8444,36.4829,55.3621,-1.64669,-0.802848,-3.5,1,-0.787305,0.273616,0.552525
105.203,22.5599,34.0414,0.0521675,0,-0.7,1,0.350462,0.779912,-0.518569
102.937,34.6059,49.6926,0.169858,0,3.84143,1,0.378787,-0.734727,-0.562758
115.973,30,45.9748,0.962972,0,3.5895,1,0.970486,-0.233326,-0.0609551
101.504,20.8504,22.6159,-0.176978,0,-0.8,1,0.897584,0.17901,-0.402862
90.207,14.1195,55.3527,-0.831663,0,-3.5,1,0.785811,-0.525704,0.325785
83.6162,15.4084,30.4245,-0.0245411,-0.162828,-0.7,1,-0.667432,-0.301611,-0.680856
87.3221,26.9679,35.5899,0.175611,0,-3.5,1,0.258287,0.965562,0.0312644
109.657,35.844,57.1398,0.461961,0,-3.9,1,0.0783014,0.936364,0.342186
103.853,26.459,49.367,-1.03522,-0.966273,-0.7,1,-0.346509,0.907378,-0.2379
115.298,17.564,43.4473,0.2198,0,-3.9,1,0.162162,-0.930728,0.327795
106.728,31.795,62.3698,-0.951567,-0.054363,-3.5,1,-0.402449,0.803836,0.438043
96.414,12.6342,25.7533,0.733696,0,1.63294,1,0.434264,-0.900071,0.035865
101.873,35.2378,60.198,0.41935,0,-4.5,1,-0.357772,0.249588,0.899836
109.978,25.3401,62.7745,0.810243,0.722239,-4.5,1,-0.00396425,0.0187852,0.999816
106.289,27.7703,62.472,0.159535,0,-3.5,1,-0.0249492,-0.648971,0.760404
89.9245,32.6123,49.472,0.225306,0,3.30123,1,-0.559938,0.348717,0.751576
90.6324,12.2052,26.1602,-0.213855,0,2.8,1,-0.139483,-0.925132,-0.353094
92.5374,8.3955,44.153,-0.226943,0,4.2,1,-0.51064,-0.725428,0.461521
90.1338,24.1465,57.9248,-1.24402,-0.153966,-1.3,1,-0.792046,-0.275867,0.544573
104.709,37.2175,51.861,0.243761,0.063282,-2.27508,1,-0.785217,0.273352,-0.555619
99.6657,20.5212,62.9205,-0.365447,0,-1.6,1,0.60317,-0.160134,0.781372
91.2425,22.456,29.9514,0.0672565,0,-0.376503,1,-0.277241,0.632506,-0.723238
84.9238,6.24825,40.4986,0.512525,0,-3.9,1,0.198125,-0.526425,0.826815
113.527,19.2386,51.2835,-0.202679,0,-0.7,1,0.161007,0.0952964,0.982342
90.7858,22.1144,43.4625,0.372234,0.366908,2.83373,1,-0.774804,0.0806456,0.627036
82.622,17.822,51.847,0.0780891,0,-3.2,1,-0.165555,0.898061,0.407526
105.566,7.44037,33.5153,-0.201366,0,-3.5,1,0.750255,-0.654391,-0.0942825
90.6911,13.0022,22.9614,0.0108802,0,2.8,1,-0.342132,-0.657236,-0.671555
95.3075,16.2073,22.3647,-5.67737,0,-0.8,1,-0.778745,0.239291,-0.57991
89.832,40.624,48.764,0.280196,0.319688,-2.71279,1,-0.408822,0.912526,0.0126834
93.916,11.7212,51.2118,0.0839348,0,-1.3,1,-0.478897,-0.822506,0.306825
105.793,8.86525,26.9574,0.280396,-0.0495673,-3.5,1,0.616358,0.6446,-0.45232
112.734,22.41,40.2848,-0.650649,-0.0982396,-3.9,1,0.779043,0.562198,-0.277535
88.8825,20.5075,44.009,-1.01625,-0.132435,4.5,1,-0.375007,0.606645,0.700965
93.0462,12.0471,28.3945,0.183195,0,2.36386,1,0.0668563,-0.98929,0.129755
90.535,34.692,40.895,-0.0239912,0,4.2,1,0.265663,-0.616759,-0.740967
101.62,36.2284,59.2233,0.189951,0.364913,-3.0715,1,-0.594635,0.619447,0.512538
109.985,29.2605,46.3107,1.39192,0,-1.6,1,0.624106,-0.335689,0.705553
104.867,30.2515,61.775,0.82856,0.0697812,-3.5,1,-0.677641,0.310773,0.666501
97.7568,37.6489,40.8177,0.734387,0.0718933,-0.8,1,0.0966341,0.259635,-0.96086
109.727,40.0558,51.571,0.37656,0,-3.9,1,-0.368341,0.883504,-0.289389
94.7575,36.6595,40.122,-0.767252,-0.169818,-0.8,1,-0.157334,-0.191746,-0.968752
97.1546,35.3006,62.7421,0.876286,0,-3.9,1,0.501991,0.772197,0.389507
109.243,9.66212,34.2175,0.909752,0.881852,-0.7,1,0.919193,-0.172139,0.354192
105.56,28.6439,50.0428,0.1385,-0.036326,0.99237,1,-0.904852,0.402666,-0.138211
90.1846,12.3743,52.5089,-0.45509,-0.363452,-3.5,1,0.892691,-0.435691,0.115222
89.5527,27.7665,38.6359,0.00927828,0,2.8,1,-0.326578,0.746697,-0.579474
93.4163,30.0513,62.4965,-0.671427,-0.850283,-1.3,1,-0.991199,-0.0137979,-0.131661
100.712,30.3515,62.1039,0.439413,0,-1.3,1,0.693471,-0.0343589,0.719665
85.9567,12.0371,33.403,-0.493397,-0.901571,-0.689119,1,-0.026912,-0.925328,-0.378212
106.824,22.2992,58.3423,0.111864,0,-4.5,1,-0.649725,-0.663265,0.3714
98.1715,16.2865,29.8085,0.203724,0,4.2,1,0.687386,0.298766,-0.661996
106.956,18.1949,55.9953,0.19467,0.00204488,-3.5,1,-0.568756,-0.692347,0.44404
104.045,37.1255,43.872,0.0958436,0,3.8,1,0.748572,0.554492,-0.363563
107.376,13.3579,43.4855,-0.203144,0,-1.3,1,0.763285,-0.642944,-0.0633923
112.008,19.4867,51.2132,-0.174076,-0.223009,-1.63081,1,0.266801,-0.252225,0.930161
91.3665,15.8057,23.0758,-0.111806,0,2.8,1,-0.0931258,0.240339,-0.966211
99.2519,36.1761,53.6017,0.342552,0,-1.3,1,-0.731999,0.298273,-0.612544
100.228,38.0677,43.6795,0.00965769,0,-3.5,1,0.293465,0.955927,-0.0090427
89.0606,13.3699,33.1447,-1.61304,0,-3.9,1,0.0611697,-0.863742,0.500208
99.9007,20.1415,60.0655,-0.506909,0,-3.2,1,0.751273,-0.501187,-0.429419
104.573,5.47738,26.6388,-0.10322,-0.0238942,-3.5,1,0.233456,-0.803319,-0.547884
105.642,5.88925,35.0073,0.0943845,0,-1.6,1,0.741433,-0.61271,-0.273613
89.8455,10.0555,27.0905,0.556099,0,-3.9,1,0.224576,-0.248205,-0.942316
99.5254,35.1506,60.5438,0.29013,-0.0380482,-3.78641,1,0.225847,0.871,0.436294
115.299,27.74,55.2378,-0.964242,0,-3.5,1,0.91045,0.0606985,0.409141
81.178,16.5839,50.8914,0.318033,0,-3.2,1,-0.804541,0.0806924,-0.588389
96.0331,18.0714,23.7765,-1.40176,-0.351825,-0.8,1,-0.627529,0.396331,-0.670171
88.562,21.7454,51.4931,0.118038,0,-1.6,1,-0.970008,-0.0156708,-0.242566
89.2315,40.647,47.6365,0.342166,-0.395959,-0.8,1,-0.259397,0.825114,0.501897
100.475,43.6338,54.5928,0.680744,0,-3.9,1,-0.304132,0.621106,0.72231
98.5732,10.939,48.9692,-0.190027,0,4.2,1,0.498407,-0.669525,0.550752
94.733,23.8249,64.2812,0.46124,0,-1.3,1,-0.25708,-0.362177,0.895956
84.6633,6.28937,36.5459,2.62596,0.134608,-3.9,1,-0.422595,-0.496738,-0.758066
109.761,27.7547,61.136,0.618867,0.0577769,-4.5,1,0.406272,0.649085,0.643142
94.8386,7.99425,30.2044,0.0270434,0,-1.54968,1,-0.358988,0.274188,-0.89216
113.792,20.4217,51.0168,-0.82504,-0.872712,-0.7,1,0.599679,0.160778,0.783923
115.159,19.3035,44.7402,0.684014,0,-3.9,1,0.436879,-0.436614,0.786451
87.986,16.633,55.994,0.0840112,0,-3.5,1,-0.619191,0.225374,0.752203
113.938,28.1042,43.9222,1.17101,0,4.2,1,-0.262745,-0.963688,-0.0476531
89.3756,27.8587,51.0246,0.172299,0,3.8,1,-0.812256,-0.576463,-0.0890504
87.9648,40.4039,53.3758,0.867455,0,-4.5,1,-0.741061,0.545351,0.391689
89.1969,17.806,59.5536,0.0929703,0,-3.9,1,-0.902757,-0.23262,-0.361826
106.922,19.4311,39.7938,-0.155029,-0.0255223,-0.7,1,0.327603,-0.930548,0.163572
96.6677,2.73325,25.9504,1.07825,0.899202,-4.5,1,-0.360722,-0.887254,-0.287506
109.358,23.6073,39.2697,0.323896,0,-3.5,1,0.436527,0.816838,-0.37712
92.079,32.3215,54.9238,0.25176,0,-0.7,1,-0.790185,0.369457,-0.488987
85.8092,26.175,32.831,-0.888613,-0.676432,-3.5,1,0.0822808,0.473546,-0.876918
104.114,39.0136,60.8158,0.874079,0.0118897,-4.5,1,0.102824,0.975381,-0.195085
101.525,22.301,29.478,0.132723,0,-0.7,1,0.656992,-0.729709,0.189438
92.2725,6.839,33.6305,-0.068947,0,-1.6,1,-0.653053,-0.469993,-0.593826
103.759,32.4367,39.5723,-0.0850479,0,4.2,1,-0.2685,-0.112292,-0.956712
96.7445,35.3805,64.0056,1.12604,0,-3.9,1,0.580173,0.778003,0.241062
113.596,23.3534,53.6449,0.0433228,0,4.2,1,0.907862,-0.106466,0.405525
97.1411,4.06887,30.9431,-0.109638,0,-3.31146,1,-0.144264,-0.948126,0.283275
99.8711,7.402,37.8654,-0.341009,0,-0.4,1,0.571157,-0.693455,0.439203
98.2858,25.2875,32.795,-0.451444,-0.302228,-3.9,1,0.557688,0.618796,-0.553241
84.425,26.5502,36.4365,-0.257818,0,-3.5,1,-0.153427,0.855888,0.493878
101.821,30.638,46.672,0.093681,0,-3.5,1,0.654591,-0.0262527,0.755527
110.789,40.8252,51.48,0.375335,0,-3.9,1,-0.323719,0.941158,-0.0970958
112.741,28.6564,43.7196,3.11278,0,4.2,1,-0.388069,-0.797176,-0.462506
85.5355,16.0625,30.0718,0.377357,0.412206,-0.7,1,-0.20694,-0.116043,-0.971447
89.854,16.5343,63.9318,2.75235,0.0848449,-3.9,1,-0.226895,-0.889784,0.395984
87.9668,12.0595,28.1175,0.605322,0.184523,-3.9,1,-0.747353,0.210256,-0.630282
92.8831,5.05956,39.5199,-0.644099,0,-3.5,1,-0.70478,-0.18849,0.683927
104.853,33.3613,60.642,0.699241,0.00114919,-4.5,1,-0.0607648,-0.219103,0.973808
115.763,27.6723,43.8835,0.389356,0,4.2,1,0.313698,-0.906102,0.283853
93.8654,5.06637,29.444,0.613884,0,-1.3,1,-0.841318,-0.214617,-0.496108
89.0312,9.49675,46.5134,0.125582,0,-1.6,1,-0.0247906,-0.805714,-0.591786
89.0492,24.9398,53.4766,0.201486,0,-1.6,1,-0.947087,0.149762,-0.283898
102.08,22.4295,61.4403,-0.124647,0,3.8,1,0.368634,-0.906727,0.204829
83.1001,6.6735,39.5204,0.995178,0,-3.9,1,-0.840192,-0.419451,0.343713
82.6631,25.864,35.3596,0.488671,0.719594,-3.5,1,-0.857222,0.473362,-0.202727
83.9437,9.46275,40.9442,0.101089,0,-3.9,1,-0.563887,0.187137,0.80437
104.69,38.9729,47.1398,0.104084,0,3.8,1,0.932988,0.333399,-0.135566
103.626,38.9642,45.427,-0.0281347,0,3.8,1,0.417068,0.509803,-0.752433
102.891,30.4813,38.8249,-0.167863,0,-0.7,1,-0.405124,0.648122,-0.644835
111.489,23.9163,61.1915,0.101841,0,-4.5,1,0.947308,-0.19038,0.257611
91.2375,26.125,58.7668,0.341928,0,-1.3,1,-0.823057,0.267818,0.50085
98.1494,13.3991,54.2491,0.299036,0.427924,-1.3,1,0.335477,-0.857674,0.38968
109.177,39.1497,50.2783,0.364875,0,-3.9,1,-0.105015,0.527916,-0.842779
86.6345,40.0762,40.779,-0.162157,0,-0.4,1,0.140916,0.611111,-0.778901
114.204,40.4085,50.8684,2.00442,0.0972528,-3.9,1,0.142196,0.906689,-0.397108
99.1881,24.8721,34.0402,0.0209373,0,-3.57563,1,0.750107,0.64384,-0.151029
101.174,39.2376,57.2228,0.0275108,-0.116432,-3.36483,1,-0.0341617,0.679421,0.732953
98.4928,40.1387,53.5435,0.301593,0,-3.9,1,-0.978279,0.0904789,-0.186503
86.5675,37.6628,40.0565,-0.289764,0,4.11342,1,-0.592809,-0.0190443,-0.805118
108.681,16.8032,32.4894,-0.164587,0,-3.5,1,0.787354,0.60792,0.102501
87.521,16.899,29.03,-0.423765,-0.322399,4.5,1,-0.724585,0.0591641,-0.686641
114.515,17.0674,49.6763,0.0212783,0,-0.7,1,0.596559,-0.780635,0.18635
84.0155,5.6215,38.9069,1.33878,0,-3.9,1,-0.523175,-0.851776,-0.0276511
93.1126,34.1176,56.5125,-1.06994,-0.0909242,-3.5,1,-0.351332,0.44051,0.826146
116.39,31.119,44.371,0.476824,0,4.2,1,0.963061,0.268001,0.0262443
104.853,40.3657,52.7607,0.919808,0.0349416,-0.8,1,0.343781,0.774142,-0.531524
90.718,23.5446,49.4416,0.121111,0,-1.6,1,-0.758593,0.21224,-0.616029
88.7036,18.9046,29.0952,-0.377013,-0.428516,4.5,1,-0.675471,0.587011,-0.44627
111.682,25.8305,55.7077,-0.143852,-0.118206,-3.5,1,0.70363,-0.599907,0.38081
111.913,28.509,44.6605,6.61158,0,4.2,1,-0.000684323,-0.803691,-0.595047
104.561,21.0128,32.679,-0.0207345,0,-0.7,1,0.0636338,0.403069,-0.912955
99.683,18.107,22.91,-0.298247,0,-0.8,1,0.625091,-0.702833,-0.33954
93.9575,11.544,30.2027,-0.0385239,0,0.534329,1,0.088127,-0.560637,-0.823359
95.0758,5.32237,24.4393,0.823556,0.324607,-4.5,1,-0.896088,0.205331,-0.39353
88.5164,41.8324,45.5541,0.385142,0,-0.8,1,0.0652393,0.997373,0.0314661
114.416,18.1733,51.3505,-0.0118869,0,-0.7,1,0.287186,-0.265875,0.920236
101.396,38.8334,52.781,0.504991,0.0633406,-3.9,1,0.154909,-0.46145,-0.873537
89.1334,28.2563,55.4659,0.211099,0,-3.5,1,-0.715932,0.623165,-0.314812
91.5459,42.68,44.7798,0.0258386,0,-0.8,1,0.37349,0.894909,0.244218
87.4255,12.4496,36.5139,0.654857,0.199235,-1.70034,1,0.879512,-0.402345,-0.254121
99.753,11.5077,34.4861,-0.108019,0,4.2,1,-0.50039,-0.202556,-0.841772
94.105,21.2785,61.351,0.23726,-0.177085,-3.2,1,-0.857248,0.249151,0.45061
97.5819,13.736,33.2282,0.392413,0,4.5,1,0.147717,-0.705594,-0.693049
103.743,38.1287,44.74,0.0208848,0,3.8,1,0.511276,0.707479,-0.487924
112.084,41.1043,51.79,0.593669,0,-3.9,1,-0.105994,0.994314,0.0102425
99.1971,24.3034,35.9244,0.460003,0,-2.44265,1,0.793019,0.595541,-0.128261
86.619,10.205,30.207,2.85448,0,-3.9,1,-0.979837,0.0380002,0.196149
88.45,30.2925,42.7235,-0.681597,-0.924524,-1.3,1,-0.998727,-0.048501,-0.0138512
107.366,16.8538,41.1668,0.28025,0,-1.3,1,0.710024,0.441178,-0.548843
99.2374,5.45687,33.947,-0.150996,0,-1.3,1,0.14757,-0.834751,0.530485
89.1329,39.7443,40.0768,-0.0854817,0,4.2,1,-0.0358299,0.98816,-0.149186
87.4275,40.9716,41.4692,-0.921052,-0.157009,-0.4,1,0.38509,0.532062,-0.754066
111.351,18.3902,37.1587,-1.38097,-0.612992,-3.5,1,0.758698,-0.635472,0.143365
110.483,39.653,53.8554,0.353117,0,-3.9,1,-0.112019,0.570071,0.813923
113.287,25.106,54.4048,-0.337108,-0.276334,0.0809253,1,0.435012,-0.676545,0.594181
99.624,7.11225,46.3566,-0.152355,0,4.2,1,0.372999,-0.13091,0.91855
88.1209,39.3226,54.1053,1.36016,0.896915,-4.5,1,-0.578998,-0.0453371,0.814068
108.875,36.316,49.63,-0.389264,0,-3.61806,1,-0.514165,0.374077,-0.771817
83.1169,22.1073,40.4886,-0.734184,-0.388458,-1.3,1,-0.901473,0.43252,-0.0165461
112.457,33.1915,46.3853,-0.380618,0,3.56834,1,-0.755455,0.102282,-0.647168
86.8665,32.5271,44.6073,0.397178,0,2.8,1,-0.335971,-0.896644,-0.288362
110.679,35.597,56.1075,0.537002,0,-3.9,1,0.343346,0.937481,0.0569551
86.5372,18.5896,44.5036,0.133468,0,-1.3,1,0.0597838,0.397253,0.91576
83.7682,7.14025,36.95,1.29149,0.0488351,-3.9,1,-0.649174,-0.0409961,-0.759534
85.2698,12.5612,31.8749,-1.13478,-0.124154,-0.7,1,-0.552691,-0.703065,-0.447474
90.3579,41.1886,50.2842,1.46447,0.225946,-4.5,1,-0.0260572,0.997122,-0.0712005
87.7255,35.3705,40.1738,-0.917184,0,4.2,1,-0.365237,-0.483576,-0.79546
92.951,8.066,42.137,-0.416976,0,4.2,1,-0.505545,-0.850297,0.146353
101.656,28.8505,49.9205,0.196434,0,3.8,1,0.613144,0.719074,-0.327088
101.269,9.72513,46.6876,-0.0367475,0,-3.5,1,0.204919,-0.968157,0.143806
106.686,17.3105,30.7712,0.357664,0.78436,-3.5,1,0.0569246,0.570172,-0.819551
106.843,15.4315,36.7969,-0.262199,-0.0727454,-1.82019,1,0.620369,0.78354,0.0347394
105.32,11.3776,45.2084,-0.161027,0,-3.00454,1,0.0846817,-0.90507,-0.416746
96.8815,13.5891,62.182,0.33827,0,-3.5,1,0.567301,-0.447886,0.691063
104.122,28.3307,61.6608,0.759483,0,-3.5,1,-0.431198,0.0954596,0.897193
106.246,33.6805,43.835,0.269823,0,4.2,1,0.786592,0.495337,0.368667
93.1831,40.5723,49.3065,0.415742,0,-4.5,1,0.491693,0.84509,0.209909
89.3391,14.4919,56.4486,-0.905319,-0.0754593,-3.5,1,0.057243,-0.466964,0.882421
98.928,5.4885,25.2665,0.414875,0,-4.5,1,0.828976,-0.186126,-0.527405
99.1855,12.6365,22.2603,1.10872,0.518001,-0.8,1,0.61671,-0.237131,-0.750625
91.5554,41.6077,47.6745,-1.60557,-0.0223818,-0.8,1,0.329949,0.90733,0.26055
102.238,19.0024,31.5615,-0.870239,-0.238302,-3.5,1,0.186498,0.20227,-0.961408
104.999,38.1948,59.8218,0.086113,0,-4.5,1,0.464881,0.752371,-0.466716
112.905,28.2616,57.1344,-1.97367,-0.332117,-3.5,1,0.241723,0.240033,0.940188
101.477,44.4795,51.853,2.91918,0.0879734,-3.9,1,0.704408,0.629103,-0.328693
107.387,35.1405,61.5705,1.15369,0.821973,-4.5,1,0.969529,-0.204923,0.134237
114.627,28.1574,42.0634,0.410502,0,4.2,1,-0.0897811,-0.753883,-0.650845
80.765,39.1393,44.4883,-0.185721,-0.458461,-3.5,1,-0.734619,0.64069,0.223276
103.091,32.056,50.324,0.164608,0,4.2,1,-0.0782673,-0.223688,-0.971513
108.826,9.0625,32.8726,0.170059,-0.442677,-0.7,1,0.838362,-0.428804,-0.336565
82.277,16.9643,53.1787,-0.0823247,0,-3.2,1,-0.209074,0.642942,0.736827
93.9024,40.6975,43.9264,-0.137773,-0.843385,-0.8,1,0.506839,0.784981,0.356257
83.9437,23.4061,35.7065,0.00167409,0,-3.5,1,-0.906187,-0.415312,0.0796288
102.254,27.7136,36.723,-0.43618,-0.431866,-0.7,1,0.0842008,0.236759,-0.967913
113.017,29.5793,42.4905,1.83468,0,4.2,1,-0.546994,-0.252777,-0.798061
90.6288,11.2002,27.4274,0.37797,0,-0.596652,1,0.242845,-0.556587,-0.794504
88.3757,41.1384,52.534,0.67405,0,-4.5,1,-0.300091,0.892498,0.336737
116.084,29.0759,47.8911,0.781083,0.0270812,-0.8,1,0.682245,-0.719382,0.130505
114.132,38.0737,45.773,1.44393,0.783756,-3.5,1,0.1012,0.992898,-0.0625478
88.858,35.539,39.6133,-0.484129,-0.115187,4.2,1,0.105459,-0.547531,-0.830113
109.479,22.933,62.5341,0.803437,0.348496,-4.5,1,-0.27787,-0.566864,0.775534
106.806,31.3005,63.9065,-1.58562,-0.13542,-3.5,1,-0.118483,0.643733,0.756022
100.066,18.4195,60.4534,0.0841486,0,-1.6,1,0.919711,0.182668,-0.347512
81.163,35.84,42.679,-0.0843178,0,-3.5,1,-0.853266,-0.51415,0.0870987
98.0687,16.0375,21.4077,-1.71851,-0.518192,-0.8,1,0.443052,-0.038897,-0.895651
101.764,22.6254,27.3614,0.425094,0.0833346,-0.7,1,0.91344,-0.325424,-0.244389
106.384,17.192,39.5848,0.121747,0,-1.6,1,0.928426,0.353902,0.11304
103.879,24.688,36.2509,0.395209,0,-0.4,1,-0.307407,0.388058,-0.868857
100.805,38.0802,44.5716,-0.0119499,0,3.8,1,0.31723,0.813903,-0.486751
91.1967,13.1108,33.9707,-0.0612234,0,-1.6,1,-0.759587,-0.366735,0.537152
109.151,15.315,32.5405,0.260646,0.730338,-3.5,1,0.980753,-0.168905,0.097954
98.794,25.1494,29.6491,-0.10853,0,-0.7,1,0.18006,0.851336,0.492754
107.286,8.48862,31.7621,-0.272611,-0.458373,-1.61091,1,0.743028,-0.639407,-0.197659
91.0785,37.5983,54.337,0.630862,0.0665791,-4.5,1,0.147559,-0.332324,0.931551
93.3625,24.5296,29.1846,0.0278709,0,-1.6,1,-0.417388,0.672539,-0.611129
100.414,26.0481,63.43,0.198249,0,3.8,1,0.11566,0.185292,0.975853
106.105,10.9688,37.2829,0.194781,0,-1.6,1,0.650545,-0.600378,0.465121
91.2054,7.466,40.4451,-1.64803,-0.882253,-3.5,1,0.23733,-0.695849,0.677841
82.1659,13.8811,52.6646,-0.436985,0,-3.2,1,-0.630415,-0.774198,-0.0565167
101.857,9.16775,25.909,-0.0814022,-0.0331333,-1.3,1,0.230156,0.215545,-0.948983
98.721,11.6292,22.7315,1.08283,0.592051,-0.8,1,0.158185,-0.949477,-0.271056
86.4874,42.1997,41.9347,-1.69488,-0.275364,-0.4,1,0.0697735,0.906666,-0.416038
98.485,3.3965,25.638,0.580334,0,-4.5,1,0.559704,-0.356478,-0.748101
99.953,15.3446,24.3256,-0.225841,0,-0.8,1,0.844493,0.440497,0.30462
112.426,36.7175,53.4381,0.104198,0,-1.73195,1,0.228566,0.0812488,0.970132
94.8,39.938,40.438,-0.10239,-0.951432,-0.8,1,-0.308219,0.532109,-0.788582
89.5654,27.8145,54.0617,0.666098,0,-3.5,1,-0.866936,0.383433,-0.318434
104.389,23.5697,61.214,0.0288637,0,3.8,1,0.834716,-0.55064,-0.00677657
94.0184,37.3396,40.4616,-0.46819,0,-0.8,1,-0.0670488,-0.0309789,-0.997269
97.529,20.9548,30.9013,0.343093,0,-1.6,1,0.413006,-0.715697,-0.563208
90.0212,14.0715,37.3389,0.27746,0,3.50629,1,0.223317,-0.838888,-0.496384
116.68,18.3118,43.4863,1.56707,0.310151,-3.9,1,0.33418,-0.800144,0.498089
83.6344,26.2801,34.0295,-0.591218,-0.637005,-3.5,1,-0.821407,0.339083,-0.458599
93.6332,38.1688,50.4598,0.796007,0,-4.5,1,0.807758,-0.058367,0.586617
96.7156,35.1149,52.1806,-0.173125,0,-3.5,1,0.129949,0.986344,0.101185
83.0345,8.72325,38.6027,0.640141,0,-3.9,1,-0.987124,0.0658366,-0.145779
96.3084,23.5483,63.8934,-0.234102,-0.374748,-1.3,1,-0.0114263,-0.464016,0.885753
89.3108,16.793,24.1114,0.00609792,0,-0.7,1,-0.683664,-0.121995,-0.719528
105.418,2.83962,28.2541,0.00426835,0,-0.4,1,0.362108,-0.50655,-0.782487
98.6804,16.4406,64.2559,0.297737,0,-1.6,1,0.342382,-0.56127,0.753492
83.3685,16.4182,30.8674,-1.00044,-0.950492,-0.7,1,-0.940179,0.169619,-0.295453
92.45,24.1739,30.3792,0.215457,0,-1.6,1,-0.687842,0.704412,-0.17515
115.12,40.0355,51.1512,2.84626,0.201312,-3.9,1,0.632849,0.771365,0.0670725
88.882,17.9578,56.6823,-0.56861,0,-2.25409,1,-0.908319,0.0886816,0.408769
90.0273,10.8104,44.9751,0.415707,0,-1.6,1,0.107741,-0.954088,0.279478
106.666,38.9434,55.5261,0.172995,0,-0.8,1,0.838194,0.186627,0.512446
106.969,30.5121,36.15,2.67871,0.580761,-3.9,1,-0.299153,0.125204,-0.945955
97.4854,8.28887,25.3539,0.452296,0,-4.5,1,-0.16283,0.964755,-0.206725
88.07,10.057,53.8128,-1.50141,-0.377519,-3.5,1,0.171008,-0.96844,0.18133
102.552,33.155,50.4325,0.138219,0,4.2,1,-0.143252,-0.246272,-0.958556
85.6315,15.7255,38.3925,-0.20335,-0.176433,-0.70523,1,-0.853123,0.504778,0.131833
103.196,3.34425,27.0685,-1.33169,-0.0383536,-4.5,1,0.202503,-0.346717,-0.915849
107.608,4.087,29.1752,-1.04448,-0.452074,-0.4,1,0.835684,-0.490019,-0.248019
100.411,13.888,28.325,0.21323,0,-1.3,1,-0.461677,0.808468,-0.365014
87.9719,9.2155,47.5964,0.0160081,0,-1.6,1,-0.343605,-0.92946,-0.134315
92.233,16.112,62.2945,0.780455,0.0016222,-3.89911,1,-0.452995,-0.599411,0.659925
102.273,24.012,28.283,0.136935,0,-0.7,1,0.887683,0.343809,-0.306291
94.9444,18.5845,29.448,-0.0484432,0,4.2,1,0.824888,0.379558,-0.418922
88.4599,27.5001,43.2033,1.00804,0.707527,-3.9,1,-0.665078,0.737679,0.116194
107.745,17.4993,33.2412,0.043477,0,-3.5,1,0.773512,0.629586,-0.0728059
83.1295,38.0661,48.1835,-1.87584,-0.585232,-3.5,1,-0.144094,0.197407,0.969674
87.4515,11.3794,37.438,0.575337,0.0864112,-3.7848,1,0.661892,-0.268008,-0.70005
102.114,33.597,60.3015,1.17804,0.877772,-4.5,1,0.199634,0.260147,0.944706
102.604,23.5343,59.6701,-0.184085,0,3.8,1,0.473003,-0.842281,-0.258517
88.4202,26.241,36.3208,0.095054,0,-3.5,1,0.126726,0.984065,0.124728
98.1308,3.8015,30.8652,0.104981,0,-4.5,1,-0.303755,-0.766393,0.566017
95.1858,4.57113,35.3296,-0.383572,0,-3.5,1,-0.00135053,-0.96518,-0.261582
99.5736,38.5239,42.1799,0.231442,0,-3.5,1,0.458021,0.855722,-0.240742
111.332,17.5893,50.5234,-0.12805,0,1.58461,1,0.417913,-0.234355,0.877739
107.868,14.8655,40.3225,0.212036,0,-1.59195,1,0.970885,0.218821,-0.0974697
111.278,27.729,56.953,0.46071,-0.149597,-3.5208,1,0.442606,0.171447,0.880174
94.7619,38.6309,40.3268,0.610139,0.227423,-0.8,1,-0.119955,0.0190547,-0.992596
104.36,32.1842,50.2707,0.158267,0,4.2,1,-0.0879501,-0.181633,-0.979425
107.026,11.5677,38.0651,0.129774,0,-1.6,1,0.533795,-0.821163,0.201878
110.617,29.2882,57.9972,1.69593,0.732024,-3.9,1,0.863304,-0.186875,0.468811
112.599,21.4315,43.4157,-0.0675766,0,-3.9,1,0.337998,0.92811,0.156108
100.457,20.6336,57.2381,-2.06742,0,-3.5,1,0.263163,-0.626723,0.73346
118.35,19.8988,44.3252,2.92381,0.177502,-3.9,1,0.734517,-0.272147,0.621628
82.9317,20.3205,40.565,-0.793642,0,-1.3,1,-0.952852,-0.186626,-0.239257
115.816,30.978,53.2879,0.613362,0,-3.5,1,0.850885,0.251107,0.461454
98.916,43.7043,52.7897,2.7688,0.048024,-3.9,1,-0.76261,0.520554,0.383991
86.4031,10.1257,37.0274,0.663711,0.861508,-3.9,1,0.407199,-0.380362,-0.83037
97.834,27.2563,22.495,-0.0188282,0,-0.8,1,-0.0818816,0.871514,-0.483487
91.068,39.9804,38.9774,0.0049637,0,4.2,1,0.17042,0.871231,-0.460341
85.9047,32.9762,44.751,0.458205,0,2.8,1,-0.625301,-0.75359,0.202732
102.347,15.4528,54.4243,-1.79269,-0.641412,-3.5,1,0.271715,-0.928168,0.254314
83.7615,23.114,31.0502,0.0470831,0,1.8,1,-0.331855,0.808404,-0.486164
104.19,27.1589,46.9753,0.243919,0,3.8,1,-0.420993,0.66181,0.6203
86.233,23.0755,30.6919,-0.634138,-0.177094,1.8,1,-0.0297765,0.355519,-0.934195
97.614,9.1885,33.3615,-0.296197,0,-1.38022,1,0.487527,0.843767,-0.224444
107.454,13.2747,50.4546,-0.110491,0,3.8,1,-0.024418,-0.915935,0.400583
115.693,28.1332,53.5192,-0.153189,0,-3.5,1,0.964757,-0.256745,0.0576693
95.592,9.61563,47.1133,-0.085456,0,4.2,1,-0.405215,-0.911743,0.0672801
88.5565,26.2045,34.8835,-0.197969,-0.748546,-3.5,1,0.271907,0.954039,-0.126003
86.8115,10.8889,41.9909,-0.341527,0,-3.22369,1,-0.617087,-0.0158155,0.786736
85.0459,5.2465,37.645,2.65472,0.278726,-3.9,1,-0.272143,-0.932316,-0.238169
101.36,27.3568,47.1208,0.374981,0,3.8,1,0.647095,0.649509,0.399256
87.2028,19.112,50.5827,0.0619299,0,-3.2,1,-0.203428,0.825829,-0.525951
92.6482,8.076,31.9391,0.401578,0,-1.6,1,-0.778384,-0.574479,-0.253164
99.616,32.1786,47.6909,0.522369,0,2.97136,1,0.70817,-0.336274,0.620818
90.2091,37.335,50.6936,0.384003,0,-4.5,1,-0.671984,-0.740105,-0.0261171
108.662,28.6654,36.8525,2.43365,0.850945,-3.9,1,0.549732,-0.51791,-0.655411
95.1331,4.11175,29.3714,0.764348,0.0180672,-1.3,1,-0.430523,-0.869751,-0.241213
92.2637,23.8861,60.7842,0.292027,0,-1.3,1,-0.740604,-0.653834,0.154943
101.512,23.103,58.303,-0.723885,0,-3.2,1,0.696208,-0.680586,0.228249
91.4045,22.1747,47.4803,-0.374676,-0.157979,0.540739,1,-0.985348,0.069023,-0.155965
100.573,31.3627,47.0705,-0.0646498,0,-3.5,1,0.431743,0.124718,0.893333
99.0091,24.5373,30.601,-0.23454,0,-0.853085,1,0.411216,0.85217,0.323587
106.756,34.7873,58.6908,0.74573,0.167674,-4.5,1,0.659369,0.740571,-0.129567
80.7125,36.7814,42.0279,-0.136793,-0.258815,-3.5,1,-0.964196,0.0683025,-0.256244
108.088,13.0795,39.9439,0.100829,0,-1.6,1,0.762897,-0.517602,0.387397
111.526,22.0403,43.6377,-0.293151,-0.309743,-0.661137,1,0.556499,0.814373,-0.164638
94.8851,2.2505,38.1119,-1.8264,0,-3.5,1,-0.319401,-0.900645,-0.294654
100.417,10.48,47.4362,0.40279,0,-3.5,1,-0.224342,-0.8266,0.516142
96.2025,19.0298,64.4609,0.349566,0,-1.6,1,-0.205901,0.372153,0.905045
101.63,21.1014,23.9319,-0.556076,-0.724033,-0.8,1,0.922022,0.383787,-0.0508268
93.2032,16.079,56.7677,-0.0805391,-0.927768,-0.8,1,-0.333733,-0.936261,0.109717
90.121,19.9126,59.2052,0.0892454,0,-3.9,1,-0.410869,0.899871,-0.14635
93.4173,35.8714,40.7875,0.151325,-0.390243,1.71262,1,0.138165,-0.377823,-0.915511
104.073,39.7085,47.603,0.0383819,0,3.8,1,0.524678,0.80608,0.273765
97.6263,5.80638,41.9345,-0.365878,0,4.2,1,0.487794,-0.698637,-0.523414
108.052,34.2616,58.7133,0.757155,0,-3.9,1,0.246121,0.818556,0.519029
101.715,34.7052,49.765,0.192113,0,3.8,1,-0.0570046,-0.908565,-0.413835
84.7943,16.7577,48.8395,0.206068,0,-3.2,1,-0.181393,0.430626,-0.884114
110.218,19.8879,35.5163,-0.867623,0,-3.5,1,0.101745,0.0576621,-0.993138
98.016,38.1562,56.7104,-1.46888,-0.530866,-3.9,1,-0.511341,0.609782,0.605555
116.508,29.7628,49.6784,0.686308,0.175544,-2.29052,1,0.853329,-0.516118,0.0738443
93.286,12.255,48.297,0.4784,0,4.2,1,-0.344484,-0.896088,0.279925
95.8385,12.4345,58.6055,-0.101334,0,-3.5,1,-0.102387,-0.852173,-0.513145
100.798,45.074,52.3493,2.13604,0.878083,-3.9,1,0.224225,0.962563,0.152304
97.1243,17.1502,21.3195,-2.51328,-0.0947915,-0.8,1,0.0107201,0.54584,-0.837821
104.817,13.564,51.0622,-0.1679,0,3.8,1,-0.19409,-0.871128,0.45107
96.6438,6.22825,23.832,0.551274,0.0882591,-4.5,1,-0.0184451,0.182358,-0.983059
90.3165,12.5262,24.4925,-0.145091,0,2.8,1,-0.342178,-0.920984,-0.186287
101.655,20.021,23.8557,-0.93009,-0.534261,-0.8,1,0.911583,-0.38459,-0.145281
83.6785,17.6699,31.7183,-0.325293,-0.326535,-0.7,1,-0.989213,0.145917,-0.0128906
93.9975,19.7145,25.184,-1.06692,0,-0.7,1,0.0168396,0.781338,-0.623881
115.008,36.3693,43.7395,0.939346,0.730073,-3.5,1,0.449524,0.200736,-0.870421
97.6259,4.885,36.7149,-0.925353,0,-0.4,1,0.710288,-0.70085,0.0655671
96.1361,4.34163,23.7754,0.937077,0.0617672,-4.5,1,-0.157448,-0.412,-0.897478
97.4825,13.042,58.4523,-0.079219,0,-3.5,1,0.436033,-0.858055,-0.271325
106.074,7.64463,25.7073,-0.979704,-0.0188315,-3.5,1,0.498009,0.392479,-0.773271
102.926,40.4422,55.0312,-0.0986021,-0.761623,-1.41409,1,0.277148,0.774345,0.56884
99.0752,39.8817,52.3187,0.308441,0,-3.9,1,-0.679434,-0.484353,-0.551154
100.465,33.9606,61.6225,-0.667105,-0.0255014,-3.9,1,0.529316,0.631754,0.566315
93.5452,25.1233,32.6995,0.15928,0,-1.6,1,-0.518367,0.845485,-0.128257
110.628,14.1108,50.807,-0.047786,0,3.8,1,0.469446,-0.461718,0.75262
107.034,31.262,47.2264,0.315857,0,-1.6,1,-0.0552607,0.996167,0.0678025
83.8999,18.787,32.482,0.01357,0,-0.7,1,-0.947515,-0.112785,0.299158
88.5889,13.9653,24.6139,0.357707,0,2.8,1,-0.940734,-0.198603,-0.274911
90.4352,7.95062,41.0941,-1.19529,0,-3.5,1,0.0577699,-0.493765,0.867674
90.6299,13.6779,53.1696,-0.350891,0,-3.5,1,0.76517,-0.40538,0.500182
106.359,7.97587,34.7319,-0.0253352,0,-1.6,1,0.556739,-0.814242,0.164473
101.176,42.5247,50.2165,1.1311,0.903106,-3.9,1,0.683413,0.315209,-0.658476
96.8229,9.06738,45.965,-0.10286,0,4.2,1,-0.431034,-0.821938,0.372328
92.1612,34.6305,54.6408,-1.35999,-0.32537,-3.5,1,-0.949186,0.186562,-0.253456
99.371,37.912,52.767,0.155922,0,-3.9,1,-0.49552,-0.204955,-0.84407
97.8645,35.8025,60.615,0.255096,0,-3.9,1,0.378704,0.925015,-0.0304896
100.715,26.1747,24.141,0.824122,0.0699913,-0.8,1,0.986888,0.0799956,0.140186
105.797,32.8223,60.5086,0.567238,0.057057,-4.28823,1,-0.172243,0.0554709,0.983491
99.6511,28.5772,63.0033,0.481786,0,-1.3,1,0.627976,-0.177051,0.757825
94.2956,30.797,40.5114,0.224668,0,-0.9,1,-0.593766,0.245472,-0.76628
93.6515,6.65188,31.8119,-0.0515368,0,-1.6,1,-0.933155,-0.3523,-0.0714572
96.3142,2.8,27.933,0.604524,0,-4.5,1,-0.658433,-0.743922,0.114218
111.026,30.5105,48.3936,0.358256,0,3.91912,1,0.178761,-0.904358,-0.387532
87.6797,12.347,32.0033,-0.254451,0,-2.31686,1,0.11958,-0.699161,0.704894
85.7844,27.1115,33.8976,-1.57997,-0.300458,-3.5,1,0.225267,0.934008,-0.277281
111.15,26.2908,62.0392,0.503889,0,-4.5,1,0.779245,0.19838,0.594494
107.155,32.1895,42.3515,-0.199517,-0.49987,-0.920739,1,0.707982,0.698238,-0.105952
98.4901,17.1211,25.1803,-0.277622,0,-0.8,1,0.576133,0.210387,0.789815
108.282,31.6456,37.5736,1.82009,0,-3.9,1,0.310193,0.768459,-0.559688
95.7899,25.995,29.5029,-1.39279,-0.129694,-1.6,1,-0.400276,0.915141,-0.0479233
109.57,14.856,44.5542,-0.424172,0,3.8,1,0.137397,-0.953789,-0.267223
95.1848,30.1283,39.595,0.462449,0.476499,-0.9,1,-0.161257,0.240382,-0.95719
103.844,26.383,61.9889,0.404929,0,3.8,1,0.384613,0.164532,0.908296
84.5735,14.9539,30.1569,1.55708,-0.0487276,-0.7,1,-0.178486,-0.382825,-0.906415
98.3053,39.2842,55.6543,0.0527524,0,-3.9,1,-0.717045,0.532825,0.449381
98.0106,25.9416,28.7321,-0.100818,0,-0.7,1,0.254598,0.951206,0.174317
93.784,24.998,30.095,0.0735681,0,-1.6,1,-0.308154,0.949356,-0.0613585
81.5075,37.3405,40.956,-0.679127,-0.794843,-3.5,1,-0.53385,0.529523,-0.659249
93.0546,40.1761,50.9938,1.13399,0,-4.5,1,0.723331,0.527289,0.445823
110.032,21.3099,36.0015,-0.872183,-0.021981,-3.5,1,0.0485975,0.509283,-0.859226
117.892,21.4041,41.8039,2.01551,0.617964,-3.9,1,0.487255,0.769069,-0.413661
95.4906,4.23225,31.2099,-0.708095,-0.0171241,-1.3,1,-0.276095,-0.942967,0.185969
97.0256,27.1807,33.8766,0.31146,0,-3.9,1,0.350586,0.657401,-0.667018
106.232,18.6019,55.0174,0.602708,0.871862,-3.5,1,-0.843666,-0.533164,0.06295
91.1061,41.0122,48.9655,0.0193571,-0.163764,-2.22571,1,0.0440953,0.984009,0.172574
109.839,29.9268,60.3027,1.59002,0.316588,-3.9,1,0.767416,-0.196977,0.610141
88.5221,27.1252,44.2137,1.14722,0.68304,-2.82926,1,-0.724927,0.572046,0.383724
99.4942,2.442,30.3627,0.219085,0,-4.5,1,-0.33751,-0.74678,0.573068
89.6826,14.209,35.9986,0.203987,0,4.2,1,0.238387,-0.970688,-0.0306082
96.5124,4.05475,36.6285,-0.669339,-0.507077,-2.89289,1,0.433481,-0.688063,-0.581948
106.563,12.9095,48.953,-0.0648524,0,0.179199,1,0.104631,-0.673281,0.731946
114.189,16.9836,48.4754,0.0225676,0,-0.7,1,0.548636,-0.806916,-0.218827
91.4201,36.8445,38.7296,0.0830743,0,4.2,1,0.196525,-0.502881,-0.841718
100.874,3.5405,27.0085,0.135624,0,-4.5,1,0.251774,-0.504797,-0.825706
107.112,6.04513,30.7691,-0.872488,-0.361744,-0.4,1,0.668334,0.184637,0.720582
93.6386,5.59225,30.4671,-1.09707,-0.0645124,-1.3,1,-0.983292,-0.0136432,-0.181525
116.314,29.7984,44.8423,0.69433,0,4.2,1,0.946254,-0.148374,0.287381
81.6382,32.1275,41.0138,0.319273,0,-3.5,1,-0.932433,-0.225591,-0.282273
96.0899,12.4895,29.9016,-1.49082,-0.101487,4.2,1,0.758714,-0.64976,0.0465316
86.3467,12.1974,41.3719,-0.203273,0,-3.9,1,-0.379012,0.0893369,0.921069
109.566,31.7253,38.859,0.693841,0,-3.9,1,0.744741,0.643775,-0.175826
84.2958,34.796,44.7685,0.530123,0.440751,-0.349976,1,-0.531745,-0.549434,0.644492
98.3261,6.838,39.2349,-0.209793,0,-0.4,1,0.571852,-0.767996,0.288387
89.6015,12.433,26.6415,0.180382,0,2.8,1,-0.630978,-0.618616,-0.468167
100.687,44.2334,50.8111,2.90894,0,-3.9,1,0.31828,0.626885,-0.711135
97.9246,12.9001,22.1479,-0.29614,-0.749696,-0.8,1,-0.299798,-0.389115,-0.87104
114.155,20.445,46.7719,0.152532,0,-0.7,1,0.845958,0.53325,-0.000484244
104.38,38.2463,57.51,-0.290031,-0.0933853,-1.56275,1,0.596045,0.621509,0.508387
101.1,42.6191,55.041,0.758041,0,-3.9,1,0.285297,0.490911,0.823172
99.4225,21.793,63.5454,-0.308128,0.441758,-3.2,1,0.189585,-0.0966287,0.977098
103.818,9.12788,48.8677,-2.13176,-0.115315,-3.5,1,-0.152948,-0.958715,0.239734
98.7548,24.4549,63.2982,-0.206258,-0.014823,0.673464,1,0.409776,-0.251475,0.876837
106.815,14.6499,53.1053,-0.140409,0,3.8,1,0.306337,-0.262663,0.914968
95.7077,33.4769,66.1054,2.50022,0.874604,-3.9,1,0.180164,0.274698,0.944501
93.9593,32.1156,64.7945,2.88689,0.337171,-3.9,1,-0.809012,-0.164151,0.564406
92.857,33.9775,41.5435,0.130103,0,-1.3,1,-0.0413052,-0.185287,-0.981816
88.22,9.06575,41.9235,-1.82355,-0.663764,-3.2,1,-0.324844,-0.770638,0.548265
87.0202,15.427,44.6404,0.392334,0,-0.775942,1,-0.522667,-0.537439,0.6618
98.1021,17.9444,64.8414,0.325933,0,-1.6,1,0.152958,0.195865,0.968628
84.845,23.305,39.42,-0.389209,-0.808431,-3.5,1,-0.699931,0.668208,0.25218
98.8219,15.5389,31.0868,0.222383,0,4.2,1,0.76577,0.381278,-0.517903
89.217,29.9258,44.502,0.167746,-0.075265,1.07593,1,-0.984932,-0.131935,0.111817
84.5577,10.3621,41.0041,0.0246487,0,-3.9,1,-0.372351,0.0715918,0.925327
106.247,39.3421,51.9919,-0.486095,-0.00273085,-3.80606,1,0.162081,0.876184,-0.453906
87.8073,17.6583,45.166,0.526603,0.038935,-0.533676,1,-0.468497,0.373205,0.800767
82.119,14.2879,51.7223,-0.839324,0,-3.2,1,-0.517828,-0.691028,-0.504315
102.08,31.0349,61.1063,0.951364,0,-1.3,1,0.308077,-0.0713575,0.948681
107.467,32.492,44.0853,-0.870061,-0.362409,-1.6,1,0.542201,0.81848,0.190021
84.4876,13.997,31.4916,0.951392,0.16685,-0.7,1,-0.722527,-0.605529,-0.3336
96.0815,2.34987,37.6156,-2.25462,-0.104095,-3.5,1,0.415887,-0.812419,-0.408673
89.6637,21.3318,42.9632,0.151426,-0.852366,4.5,1,-0.35698,0.587588,0.726158
101.312,42.0182,46.059,-1.62872,-0.32586,-3.5,1,0.294313,0.889255,-0.350149
106.734,32.6572,40.2789,0.331468,0,4.2,1,0.522258,0.780101,-0.344512
97.496,39.056,40.7796,0.480773,0.640198,-0.8,1,0.517294,0.34296,-0.784083
100.63,25.6306,29.2461,0.0674606,0,-0.7,1,0.227935,0.936098,0.267892
99.8443,19.1209,56.982,-1.04694,0,-3.5,1,0.510715,0.246505,0.823654
103.342,12.0731,49.2188,0.025125,0,-3.5,1,-0.164162,-0.251783,0.953759
113.651,28.7476,47.4173,1.04324,0,-0.8,1,-0.181072,-0.860368,0.476424
114.284,35.2707,54.1372,0.281831,0,-0.8,1,-0.156124,0.450921,0.878803
91.8041,14.8676,22.4571,-0.0420411,0,2.8,1,0.135516,0.338013,-0.931334
85.3292,26.3762,41.4227,0.905892,0,-3.9,1,-0.375053,0.768744,-0.518043
98.8246,41.8223,53.5747,0.947661,0,-3.9,1,-0.900874,0.234211,0.365474
84.1503,12.1399,40.1604,0.0932629,0,-3.9,1,-0.770033,0.15049,0.620002
85.304,41.444,44.5135,-0.216401,0,-0.8,1,-0.522911,0.823372,0.220507
102.061,5.65594,26.8022,0.307773,0,-3.93137,1,-0.557638,-0.348125,-0.753558
112.035,24.6258,47.9854,0.361932,0,4.5,1,0.990756,0.0490037,0.126493
97.3617,25.4783,30.649,-0.739402,0,-1.6,1,0.312376,0.896799,0.313326
113.043,40.7135,51.2739,1.42915,0,-3.9,1,0.0740603,0.821375,-0.56556
90.8411,9.08663,34.9772,0.132389,0,-3.5,1,-0.706674,0.0860968,-0.702281
107.918,15.539,52.2295,-0.126422,0,3.8,1,0.657324,-0.161712,0.736053
91.386,19.6741,63.5535,1.80236,0,-3.9,1,0.59981,0.560398,0.571124
110.173,30.2232,41.2566,0.497603,0,-3.9,1,0.803326,0.588724,0.0898443
95.9964,18.211,29.8026,0.160698,0,4.2,1,0.567849,0.542658,-0.618927
102.973,10.8053,46.0269,0.266449,0,-3.5,1,0.193898,-0.773881,-0.60292
86.9846,14.8214,29.8494,0.657494,0,-1.71675,1,-0.627403,-0.382436,-0.678312
91.2219,25.0414,47.5347,0.310123,-0.204425,-1.6,1,-0.871749,-0.198559,0.447915
110.802,23.0269,56.2141,0.773705,0,-4.5,1,0.875802,-0.474423,-0.0888465
87.8194,14.6831,45.4442,0.321626,0,1.09857,1,-0.957311,-0.263853,0.118057
100.303,22.5121,24.5005,1.37793,0.508438,-0.8,1,0.881555,0.450045,-0.142545
101.548,10.5745,48.6356,-0.0857939,0,-3.5,1,-0.304155,-0.668129,0.679039
94.5683,7.97731,43.9391,-0.102592,0,4.2,1,-0.417833,-0.64577,0.639059
96.5119,25.5995,25.2799,-0.0643636,0,-0.8,1,-0.635861,0.736172,0.231801
97.12,17.5969,64.6599,0.717804,0,-1.6,1,-0.161918,-0.291248,0.942845
98.9862,41.2692,54.6456,0.447248,0,-3.9,1,-0.834869,0.437319,0.334283
90.3925,23.5355,33.0598,-0.0352868,0,4.5,1,0.193862,0.789214,-0.582717
111.364,26.5961,57.7099,0.659928,0.673061,-4.5,1,0.7196,0.412526,0.558568
104.612,37.7291,46.2489,0.152581,0,3.8,1,0.932548,0.305204,-0.192887
101.882,8.16737,38.4484,-0.183285,0,-1.6,1,-0.226671,-0.845278,0.483865
100.56,7.9935,42.973,-0.093866,0,4.2,1,0.926995,-0.374886,-0.0118706
91.6608,15.4371,60.3151,-0.273275,-0.12446,-3.82674,1,-0.771438,-0.634198,-0.0517326
83.3484,8.61281,40.3042,0.460481,0,-3.9,1,-0.883584,0.0103553,0.468157
92.4297,37.087,50.7831,0.774391,0,-4.5,1,0.522492,-0.657434,0.542939
105.675,33.1209,40.1637,0.167856,0,4.2,1,0.508535,0.529529,-0.678964
106.92,17.7554,31.9069,0.345032,0,-3.5,1,0.416814,0.882692,-0.217071
95.4989,34.0034,40.8951,-0.0976715,0,-0.954381,1,-0.433775,0.261722,-0.862172
96.7386,35.8194,53.9544,-0.358735,0,-3.5,1,0.138546,0.861092,-0.489209
113.157,21.544,42.2414,0.327955,0,-3.9,1,0.193221,0.963897,0.183214
115.958,32.5506,52.8751,1.26564,0.0291184,-0.8,1,0.824663,-0.268375,0.497901
105.022,28.751,62.7725,0.279172,0,-3.5,1,-0.545912,-0.188787,0.816297
90.6696,23.1916,43.81,0.918146,0.780852,2.5,1,-0.829446,-0.275391,0.485982
103.943,40.2736,55.4026,-0.644779,-0.356123,-0.8,1,-0.0667279,0.864334,0.498472
103.839,4.25375,32.1797,1.11417,0.354189,-0.4,1,0.386433,-0.293367,0.874417
89.8571,27.5921,48.0395,0.322684,0,4.5,1,-0.807617,-0.380206,0.450776
107.091,25.3111,59.2449,0.196962,0,-4.5,1,-0.308631,-0.227293,0.923626
110.889,13.5023,49.313,-0.0217684,0,3.8,1,0.725135,-0.623545,0.292183
88.9014,21.9737,52.8106,0.420809,0,-1.6,1,-0.961823,-0.119812,0.246054
105.254,31.2421,50.3247,0.15023,0,3.83986,1,-0.532424,0.0833332,-0.842366
95.6735,20.927,26.0343,-0.114106,0,-0.7,1,-0.956756,0.0981128,0.273847
85.0752,37.0938,46.765,-0.485385,-0.767663,-0.8,1,0.0922871,-0.712509,0.695567
100.954,21.8975,28.366,0.488423,-0.0846926,-0.7,1,0.424934,-0.863188,0.27265
97.7477,27.0263,64.2157,0.587012,0.615845,-1.3,1,0.513276,0.293385,0.806519
89.6004,21.1297,49.9978,0.173675,0,2.23971,1,-0.76851,0.339903,-0.542087
103.217,23.6933,36.118,0.160112,0,-0.4,1,-0.175124,0.66479,-0.726214
111.633,15.3875,50.5888,-0.0282114,0,3.8,1,0.781846,-0.289881,0.551984
103.141,11.9197,28.9238,-0.222638,0,-1.3,1,0.775112,0.225984,-0.590028
111.309,14.401,49.8144,-0.0189905,0,3.8,1,0.716705,-0.575985,0.393159
87.8246,15.6874,46.1003,0.51786,0,3.8,1,-0.91729,0.30907,0.251107
96.244,13.6418,57.554,0.15246,0,-3.5,1,-0.322255,-0.734657,-0.597018
109.223,34.224,58.6685,1.08054,0,-3.9,1,0.029152,0.641796,0.766321
95.9587,7.8445,29.3347,0.244642,0,-1.3,1,-0.387101,0.736594,-0.554601
99.7065,24.1725,34.7163,0.378661,0,-1.899,1,0.591193,0.785621,0.182457
82.8503,39.7938,41.4005,-0.318678,0,-0.4,1,-0.485569,0.209315,-0.848769
102.511,39.5051,56.4188,-0.105556,-0.00361797,-0.8,1,0.036636,0.862673,0.504434
96.776,4.90025,34.3105,-0.479334,-0.298104,-0.800969,1,0.134595,-0.978816,0.154284
96.2462,20.835,29.8129,0.818736,0,-1.6,1,0.429237,-0.761404,-0.485818
94.7462,7.02225,42.4598,-0.414652,0,4.2,1,-0.731839,-0.64473,0.22076
111.547,23.5006,54.9298,0.0742455,0,-0.172153,1,0.77145,-0.322876,0.548284
99.9905,10.8285,30.462,-0.192388,0,-1.3,1,-0.961284,0.186641,0.202727
96.8679,40.8312,42.0781,-0.646036,0,-0.8,1,0.552825,0.820787,-0.143849
88.5091,27.259,39.3257,0.283334,0,2.8,1,-0.756457,0.573382,-0.314652
106.471,28.428,37.364,2.60612,0.256026,-3.9,1,-0.407517,-0.585495,-0.700803
115.096,29.0654,49.5949,1.20859,0,-3.5,1,0.234614,-0.946193,-0.222878
99.4262,9.39256,29.3486,0.191041,0,-1.3,1,-0.808017,0.586854,-0.0520639
100.725,23.6289,31.1846,-0.016839,0,-0.7,1,0.516453,0.76372,0.387309
87.9699,23.8113,43.1683,1.8643,0,-3.9,1,0.426827,-0.372254,0.824164
100.468,29.0586,49.3003,0.337469,0,3.8,1,0.398046,0.910581,-0.111365
86.2393,27.0329,43.97,2.96471,0.0940618,-3.9,1,-0.0548593,0.822744,0.565758
88.232,13.8313,44.3195,-0.213375,-0.0710018,2.45249,1,-0.945959,-0.321798,0.0400987
94.966,34.4435,64.8941,2.17159,0,-3.9,1,-0.474273,0.501856,0.72333
96.7525,40.3224,44.8342,0.00589101,0,-2.40815,1,0.0970656,0.973012,0.209348
102.038,21.2897,31.9832,0.113399,0,-1.6,1,0.721379,0.073572,-0.688622
91.4526,12.3681,24.9235,-0.476445,0,2.8,1,-0.173031,-0.982728,-0.0656275
91.0856,26.4109,48.4639,0.426281,0,4.5,1,-0.884554,-0.418157,0.206661
85.4446,25.1371,40.3148,0.771044,0,-3.9,1,-0.530742,0.492249,-0.689931
93.498,24.1203,63.3568,0.165483,0,-1.3,1,-0.767318,-0.0825536,0.635931
86.827,6.95275,39.1045,1.89416,0,-3.9,1,0.483096,-0.676576,0.555755
100.015,17.454,63.3054,0.194111,0,-1.6,1,0.830557,-0.305965,0.46536
96.1077,24.1786,22.2676,-0.923284,-0.52936,-0.8,1,-0.721905,0.380101,-0.578253
110.876,26.6408,58.9685,1.08493,0.0995962,-4.5,1,0.845043,0.530243,-0.0688841
95.2758,29.3274,64.1019,0.564694,0,-1.3,1,-0.307044,-0.479494,0.822076
81.7215,35.2884,43.6418,0.232316,0,-3.5,1,-0.567357,-0.776733,0.27348
111.706,32.2851,58.4562,1.51833,0,-3.9,1,0.970477,0.117544,0.210613
101.082,34.218,47.7878,0.393244,0,3.8,1,0.45285,-0.835232,0.311953
101.723,7.35012,37.042,-0.46048,-0.451258,-1.6,1,-0.257922,-0.676831,0.689475
89.9137,35.2448,40.0634,-0.351146,-0.751121,4.2,1,0.261661,-0.569317,-0.779366
89.308,16.5355,62.746,1.45627,0.741287,-3.9,1,-0.496253,-0.867569,-0.0325153
102.398,30.279,51.2621,0.140687,0,3.92578,1,0.12074,-0.182781,-0.975712
94.1175,34.5061,63.6251,1.45967,0,-3.9,1,-0.783608,0.465801,0.411082
87.8254,14.2579,55.9883,-0.196609,0,-3.5,1,-0.329523,-0.0682385,0.941678
98.9565,23.9504,22.3761,0.0841145,0,-0.8,1,0.519031,-0.161657,-0.839329
105.944,29.6506,48.5168,0.324714,0,0.702256,1,-0.958045,0.252612,0.135417
109.937,38.057,54.0812,0.44515,0,-3.9,1,0.0875527,0.0707831,0.993642
105.873,34.5975,61.178,0.972722,0.00403407,-4.5,1,-0.137187,-0.562521,0.815322
95.638,25.0429,64.4084,-0.358649,-0.0123874,-1.3,1,-0.302497,0.00616655,0.95313
112.457,31.1195,42.331,1.15599,0,4.2,1,-0.58509,0.175086,-0.791843
98.1687,30.2415,64.1718,0.481356,0,-1.3,1,0.492649,0.255025,0.832021
100.764,36.6963,53.104,0.667284,0.0985298,-1.90716,1,0.210623,0.445622,-0.870091
94.3609,28.6553,62.8475,-0.469235,0,-1.3,1,-0.758507,-0.560372,0.332641
110.947,26.2253,45.3828,0.393811,0,4.5,1,0.48239,0.118246,-0.867939
94.685,23.9646,28.7069,0.325411,0,-1.6,1,-0.363962,0.497091,-0.787675
93.0321,37.3015,40.1259,0.128924,-0.0578327,0.71666,1,0.580425,-0.191695,-0.791429
107.614,14.0172,31.7963,0.00185949,0,-3.5,1,0.551034,-0.383363,-0.741211
89.3563,31.8088,48.8636,0.296252,0,2.8,1,-0.864095,0.0256777,0.502674
100.364,23.1555,25.4555,0.905124,0.175846,-0.719632,1,0.851528,0.261442,-0.454477
96.8829,32.1071,39.5036,0.166562,0,-0.9,1,0.397868,0.134721,-0.907497
88.8551,23.7196,32.571,0.0137164,-0.11265,-2.7725,1,0.449032,0.640705,-0.62279
113.041,23.8137,50.8662,0.269632,0,4.2,1,0.751826,0.346247,-0.561133
106.232,19.7455,55.862,0.0203541,0.0372911,-3.5,1,-0.731535,-0.204688,0.650353
94.6308,28.7973,37.0621,2.98598,0,-3.9,1,0.315117,0.906445,0.281175
99.6888,12.9604,29.1584,0.00276811,0,-1.3,1,-0.996296,0.0762191,-0.0398181
105.052,20.3285,55.721,-0.179752,0.0951833,-3.5,1,-0.255854,-0.704975,0.661474
88.0521,15.5077,56.0891,-0.0482042,0,-3.5,1,-0.436289,-0.035352,0.899112
99.277,12.8813,27.313,0.17598,0.246665,-1.12588,1,-0.88434,0.423028,-0.19746
106.29,22.5287,36.806,0.982164,-0.0991521,-1.34456,1,0.52693,0.424991,-0.736022
113.996,21.2773,43.6686,0.690647,0,-3.9,1,-0.129209,0.968865,0.211202
97.5207,14.4208,22.0161,-1.36355,-0.08208,-0.8,1,-0.111227,-0.252741,-0.961119
105.885,11.6538,44.2024,0.0615744,-0.107689,-1.3,1,0.488429,-0.85553,-0.171771
104.95,36.0435,46.5334,0.230583,0,3.8,1,0.938356,-0.210522,0.274168
101.541,8.71394,42.2285,-0.080913,0,4.5,1,0.547619,-0.796858,0.255207
86.9352,11.4648,30.9158,0.484109,0.151019,-3.9,1,-0.904356,-0.261509,0.337273
107.553,21.6071,57.3586,0.260129,0,-4.5,1,-0.671843,-0.56344,0.480793
99.096,16.646,24.474,-0.454125,0,-0.8,1,0.879234,0.246918,0.407406
87.86,26.1847,39.3864,0.428147,0,2.8,1,-0.818318,0.514903,-0.255404
99.898,14.0614,22.4944,-0.154909,0,-0.8,1,0.750836,-0.251673,-0.61066
89.0186,29.195,45.5158,0.353616,0,4.5,1,-0.995832,-0.0527486,-0.0744078
112.283,31.8394,43.9726,2.86648,0,4.2,1,-0.753848,0.624007,-0.205741
91.924,27.26,34.8385,0.627079,0.745682,-3.9,1,-0.76906,0.164138,-0.617743
95.6521,31.191,64.9821,3.62071,0,-3.9,1,-0.104424,-0.425893,0.898727
101.21,40.0547,50.576,0.0560833,0,-3.87821,1,0.797926,-0.601814,-0.0336773
108.676,27.78,38.9294,0.808885,0,-3.9,1,0.328719,-0.745638,-0.579628
91.193,10.2294,35.1346,0.0287391,0,-3.5,1,-0.755519,0.388474,-0.527521
94.2398,40.3776,47.7186,0.4419,0,-3.98763,1,0.22861,0.973418,0.0139703
109.612,12.7459,50.3409,-0.0592879,0,3.8,1,0.307039,-0.678912,0.666937
93.506,17.238,23.7201,-0.996447,-0.226085,-0.7,1,0.44696,0.0465645,-0.893341
89.0707,20.1184,60.8585,0.617138,0,-3.9,1,-0.609515,0.717658,-0.336836
98.2171,27.9911,63.488,0.267023,0.0730894,-1.3,1,0.496683,-0.148092,0.855205
85.1438,40.0633,47.961,-0.25683,0,-0.8,1,-0.392418,0.121339,0.911748
88.3794,40.1284,50.5115,0.495166,0.194418,-4.5,1,-0.829937,0.173,-0.530353
101.858,41.8278,54.6251,1.14638,0,-3.9,1,0.654264,0.375816,0.656279
97.849,27.316,35.2062,0.295029,0,-3.9,1,0.768516,0.592421,-0.241701
96.1609,16.6493,27.7583,0.0112406,0,3.6807,1,0.796598,0.60444,-0.009164
101.235,13.4851,27.5979,0.194123,0,-1.3,1,0.174526,0.824704,-0.537963
108.023,12.4386,38.1809,0.154059,0,-1.6,1,0.8151,-0.579137,0.0145726
99.8329,44.0126,53.3977,2.5482,0,-3.9,1,-0.368823,0.7184,0.589806
108.101,16.7617,52.2599,-0.13702,0,1.89352,1,0.528695,-0.43315,0.729974
87.0318,12.0953,55.2248,-0.646763,0,-3.5,1,-0.213809,-0.376996,0.901199
103.542,29.1983,45.6906,-0.454827,0,-3.5,1,-0.0295098,0.153079,0.987773
101.811,27.0803,48.647,0.192503,0,3.8,1,0.72014,0.633719,-0.282486
95.5371,34.9842,59.1541,0.0777001,0,-3.9,1,-0.467544,0.606055,-0.643507
114.649,38.9359,52.9851,2.63823,0,-3.9,1,0.651786,0.203847,0.730494
109.996,30.1405,38.6747,1.04046,0,-3.9,1,0.911561,0.289317,-0.292151
104.94,11.8538,49.3314,-0.0355954,0,-3.5,1,0.335416,-0.146119,0.930669
106.462,35.3273,62.5105,0.714988,0,-4.5,1,0.137524,-0.622076,0.770784
92.1075,24.2021,34.7004,-0.683996,-0.163108,4.2,1,0.0777192,0.674726,-0.733965
85.3234,23.4018,31.4638,0.0383786,0,1.8,1,-0.18625,0.825273,-0.533137
110.615,14.9154,45.1389,-0.336418,0,3.8,1,0.255684,-0.956446,-0.14084
98.818,6.16475,37.6365,-0.0832759,0,-0.4,1,0.540923,-0.775362,0.325909
92.8201,9.33075,30.4807,0.165601,0,-1.6,1,0.192945,-0.0890348,-0.977162
105.751,27.8713,38.3311,0.612319,0.878388,-3.9,1,0.0284568,-0.418678,-0.907689
102.507,14.0031,51.2957,-0.184988,0,1.50125,1,0.191704,-0.783377,0.591244
107.273,32.739,61.1618,0.203192,-0.228695,-3.5,1,0.0352332,0.675526,0.736494
105.715,12.6438,42.1904,0.2754,0,1.09513,1,0.579533,-0.798882,-0.161022
88.8277,8.49106,30.1185,1.90263,0,-3.9,1,0.0060489,-0.833721,0.552153
101.246,22.6541,62.3086,-0.13512,0.0343406,0.173323,1,0.338066,-0.63688,0.692889
102.027,2.00537,29.882,0.396751,0,-4.5,1,0.0861081,-0.994678,0.056583
100.175,39.6162,45.2103,-0.360834,-0.371018,-3.5,1,0.179378,0.471815,-0.863258
95.4442,8.53125,44.5484,-0.0486241,0,4.2,1,-0.308831,-0.481816,0.820047
102.916,29.2998,60.5229,1.04753,0.910639,3.8,1,-0.128649,0.095493,0.987082
94.2876,31.4888,61.3465,0.174925,-0.159332,-2.46136,1,-0.982575,0.0102728,-0.185584
89.9665,41.0744,51.404,0.861732,0,-4.5,1,0.144679,0.97573,0.164377
99.9935,31.292,40.9805,-0.83982,0,-3.5,1,-0.110164,0.106462,-0.988195
94.6742,10.402,47.6339,0.000558252,0,4.2,1,-0.648866,-0.721186,0.242617
110.873,29.2119,43.0675,2.34376,0,4.2,1,0.803178,-0.450224,-0.390132
96.2713,4.06725,29.8816,0.243729,0,-3.57343,1,-0.230635,-0.952007,0.201221
95.3853,19.5809,30.0661,0.255252,0,1.04974,1,0.646752,-0.11685,-0.753696
99.2737,25.1064,21.7745,-0.718857,0,-0.8,1,0.508211,-0.227981,-0.830509
98.2049,7.9735,28.3856,0.445305,0,-1.3,1,-0.496549,0.839633,-0.220125
91.7935,14.5305,52.5086,-0.357764,-0.376808,-1.3,1,0.313024,-0.426815,0.848437
91.268,12.5382,50.7464,0.287408,0,-1.36163,1,0.42184,-0.833526,0.356771
83.3019,36.2091,47.0041,-1.20189,0,-3.5,1,0.206987,-0.852164,0.480597
90.5,24.4164,33.8172,-0.538775,0,-3.5,1,0.422335,0.624433,-0.657052
107.095,17.9562,54.294,0.0535815,0,-3.5,1,-0.395029,-0.90372,0.165051
113.744,41.0681,52.59,0.666147,0,-3.9,1,0.290567,0.929349,0.227774
117.703,21.647,43.1608,3.02944,0,-3.9,1,0.252687,0.908661,0.332392
87.2035,33.745,47.704,-0.146024,0,2.8,1,-0.670336,0.0689785,0.738845
117.243,32.66,48.0995,-0.0734757,0,-0.8,1,0.942406,0.3146,-0.113567
97.5744,19.0619,22.3553,-1.16037,-0.00512368,-0.8,1,-0.350389,-0.123569,-0.928417
105.809,39.8331,53.4586,0.617983,0,-0.8,1,0.585812,0.798522,-0.138519
96.2456,21.9484,24.9069,-0.226306,-0.0832898,-0.758097,1,-0.980194,-0.150781,-0.12839
102.244,23.5575,29.5095,0.102155,0,-0.7,1,0.916788,0.0643241,0.394161
96.3168,25.5744,31.1282,-0.589285,-0.362383,-1.97885,1,0.0390904,0.99535,-0.0880389
100.601,25.3136,27.821,0.174859,0,-0.7,1,0.525066,0.82584,-0.205655
100.458,5.25431,27.1473,0.760759,0,-4.5,1,0.274418,0.0662327,-0.959327
105.359,37.688,50.004,0.205147,-0.601442,-3.9,1,-0.418592,0.22704,-0.879337
92.2467,37.8797,54.0508,0.271977,-0.0247432,-4.11873,1,0.366667,0.398709,0.840587
88.6201,26.1484,45.0239,0.82293,0.0381305,2.17481,1,-0.478411,-0.259152,0.839025
106.009,24.7392,59.1911,0.116631,0,0.107187,1,0.239905,-0.43512,0.867823
106.455,18.8009,53.9173,0.22573,0.167031,-3.5,1,-0.897747,-0.406046,0.170811
96.7711,5.04494,38.5158,-0.781855,0,-2.86309,1,0.915405,-0.208222,0.344495
83.71,39.4256,46.6222,-0.664441,-0.0113215,-3.24773,1,-0.563432,0.714468,0.414825
95.3215,14.5583,62.8225,0.843651,0,-3.5,1,0.15802,-0.358242,0.920159
114.66,37.3985,49.2786,2.10082,0,-3.8542,1,0.607303,0.514351,-0.605497
94.4095,11.3068,48.4355,0.0826861,0,4.2,1,-0.763645,-0.559764,0.321731
89.8169,28.7576,53.4271,0.377614,0,2.80288,1,-0.948672,0.101011,0.299698
110.86,29.3779,49.6756,0.443392,0,2.67885,1,0.611145,-0.514501,-0.60149
86.6683,24.664,39.5913,0.556648,0,-3.9,1,-0.493914,0.722659,-0.483542
89.3764,18.1736,57.9821,-0.7754,-0.192141,-2.2172,1,-0.963662,-0.0849606,0.253253
84.1992,18.4786,37.7984,-0.18422,0,-3.5,1,-0.5828,-0.781053,0.224277
83.275,37.6006,40.8931,0.158569,0,-1.09757,1,0.0199444,0.398878,-0.916787
105.513,34.7393,43.879,0.494199,0.27926,4.01129,1,0.863654,0.47015,0.181825
88.9372,11.0626,27.5721,1.00558,0,-3.9,1,-0.367927,0.0175606,-0.929689
97.3708,12.3287,51.0645,-0.427556,0,-0.784767,1,0.552109,-0.810352,0.196227
96.5293,4.0925,32.6505,-0.126294,0,-1.3,1,0.0718067,-0.969648,0.233723
90.4812,14.5583,54.455,-0.191792,0,-3.5,1,0.836558,-0.547235,0.0265384
91.331,32.6908,41.7477,-0.355922,0,-1.3,1,-0.140912,0.219301,-0.965428
101.917,35.5306,52.0747,0.41466,0,4.2,1,-0.0891996,0.852949,-0.514317
89.4704,36.9772,48.0091,0.259634,0,1.9664,1,-0.697638,0.106059,0.708557
90.6149,10.8241,48.09,0.595513,0,-1.6,1,0.85424,-0.499111,0.145471
91.6886,31.0771,54.1025,0.603376,0,-0.0538324,1,-0.721525,0.677957,-0.140624
95.6564,5.27787,27.342,0.318734,0,-4.5,1,-0.996123,0.0654223,-0.0588055
102.403,16.3393,31.8714,0.294246,0,-3.5,1,-0.416565,0.129132,-0.899888
98.5892,19.0876,63.8371,0.321192,0,-1.6,1,0.298079,0.589107,0.751067
85.2885,8.46175,41.4225,0.0733223,0,-3.9,1,0.062082,-0.13567,0.988807
98.4548,13.0445,52.0238,-0.413411,0,-0.4,1,0.303088,-0.91782,0.256406
85.5231,36.0933,46.196,0.293366,-0.048067,2.5526,1,-0.388671,-0.290537,0.87437
90.4833,10.422,32.1123,0.000246996,0,-3.9,1,-0.438124,-0.342579,0.831076
90.317,21.0136,49.2153,0.262509,0,1.45057,1,-0.672934,0.588614,-0.447987
100.747,9.15537,43.636,-0.0991817,0,4.2,1,0.894213,-0.342389,0.288361
107.019,27.068,38.8727,0.292188,0,-3.9,1,0.268837,-0.511989,-0.81584
84.314,13.9993,33.9316,0.0129357,0,-0.511944,1,-0.987696,0.043043,-0.150344
87.5492,17.968,54.2487,-0.172304,-0.0917125,-3.2,1,-0.298953,0.768032,0.566352
105.201,23.2932,35.6996,0.370289,0,-0.520157,1,0.352733,0.54695,-0.759226
98.6251,37.5474,54.3124,0.122743,0,-3.9,1,-0.74507,-0.217409,-0.630558
95.6525,12.9695,31.541,1.46435,-0.0289304,1.47146,1,0.974694,-0.168722,-0.146647
95.089,6.79262,29.3446,0.37376,0,-1.3,1,-0.712636,0.402664,-0.574467
84.3811,38.8503,47.5968,-0.814968,-0.308433,-1.9517,1,-0.150178,0.261767,0.953375
84.346,19.1026,33.5199,0.277948,0,1.18257,1,-0.954733,-0.266016,0.133122
93.0834,33.3522,53.0241,0.694021,0.364552,-3.5,1,-0.875868,0.324408,-0.357231
95.0232,14.1719,23.0582,-2.51481,0,-0.271347,1,-0.212947,-0.274761,-0.937635
84.6813,13.4951,53.4147,-0.0250755,0,-3.2,1,-0.550327,-0.666099,0.503441
115.086,36.8213,46.9566,0.688725,0,-3.5,1,0.692472,0.688144,0.216656
105.607,22.0508,55.987,0.108052,0,-4.14644,1,-0.0470708,-0.583311,0.810884
91.3709,20.6099,62.346,0.639457,0,-3.9,1,0.429955,0.869281,0.243905
91.8861,16.8783,23.0268,0.193215,0.125548,-0.7,1,0.217955,-0.272712,-0.937083
102.299,40.0964,48.5293,-0.905761,-0.086006,1.20396,1,0.598248,0.594327,0.537471
105.249,25.7969,37.938,-0.369734,0,-0.632646,1,0.489023,0.57417,-0.656647
116.564,21.9352,43.1553,1.75156,0,-3.9,1,0.291096,0.951048,0.103784
90.0478,15.9223,23.7664,-0.0520324,0,1.71398,1,-0.59988,0.148061,-0.786271
101.104,18.806,56.8445,-0.847619,0,-3.5,1,0.464117,0.215474,0.859166
104.818,22.264,56.7655,-0.0903938,0,-3.5,1,0.25327,-0.60849,0.75206
95.0955,14.2641,57.7044,0.0200818,0,-3.5,1,-0.566795,-0.599518,-0.565085
107.728,12.3368,46.9275,0.0318753,0,2.17866,1,0.612222,-0.512203,-0.602356
99.7938,9.73888,46.4704,-0.509201,0,-3.5,1,0.0953102,-0.651898,0.752293
88.6957,18.2887,54.7794,0.360145,-0.0226728,-0.9,1,-0.718755,0.657305,0.226587
95.9074,3.80988,28.5806,0.498796,0,-4.5,1,-0.730983,-0.674211,0.105368
102.436,26.6752,47.7816,0.219674,0,3.8,1,0.217139,0.895976,0.387399
96.8596,11.5107,50.5496,-0.279294,0,4.2,1,0.350844,-0.696223,0.626244
96.8243,7.57037,28.1558,0.417412,0,-1.3,1,-0.373727,0.888804,-0.265248
105.587,17.7987,52.4034,-0.0512835,0,3.8,1,-0.408989,0.220281,0.885553
88.6728,9.58659,27.5464,1.76493,0,-3.9,1,-0.225202,-0.260188,-0.938928
103.757,13.8763,51.0764,-0.169611,0,3.8,1,-0.108175,-0.820619,0.561144
99.8187,13.4865,30.5607,0.145891,0,-1.3,1,-0.805682,-0.554117,0.209356
107.693,31.5968,41.1884,0.465138,0,3.91072,1,0.54022,0.83494,0.10506
91.096,16.753,63.881,3.12193,0,-3.9,1,0.375722,-0.697758,0.609891
109.791,21.5405,57.8114,0.753246,0,-4.5,1,0.515169,-0.848612,0.120243
95.8565,27.9095,33.753,0.436579,0,-3.9,1,0.100242,0.617419,-0.780221
111.518,25.3505,56.8791,0.273374,0,-4.5,1,0.988907,-0.113707,0.0955681
101.102,29.3344,39.6727,-0.854426,0,-0.7,1,-0.342229,0.707194,-0.618673
92.9864,12.8632,22.9206,0.0372488,0,2.8,1,0.182615,-0.601715,-0.777554
89.489,20.814,53.5314,0.0890893,0,-0.978004,1,-0.930915,0.0219993,0.364573
87.8727,6.98775,39.1154,-1.88276,0,-3.5,1,-0.194397,-0.855788,0.479412
92.0137,11.8958,27.0058,0.0261149,0,2.8,1,-0.0478766,-0.98281,-0.178306
98.9369,5.55275,44.2101,-0.142549,0,4.2,1,0.423278,-0.889451,0.172371
110.438,18.8873,52.8758,-0.115369,-0.154796,-3.5,1,0.760813,-0.633837,0.139336
111.027,37.0165,53.9329,0.502137,0,-3.9,1,0.199329,0.037258,0.979224
116.933,31.1137,48.9097,0.321646,-0.0882125,-0.8,1,0.96894,-0.199862,0.145639
108.61,28.4646,61.6211,0.218498,0,-3.5,1,0.723441,-0.157005,0.672297
83.8045,19.5096,44.1382,0.148448,0,-1.3,1,-0.523537,0.141358,0.840195
110.163,28.4403,42.2221,0.670609,0,-3.9,1,0.977927,-0.203746,-0.0463328
99.8743,12.8413,51.8715,-0.167497,0,-0.4,1,-0.0468266,-0.87098,0.489082
83.4747,10.25,37.7695,0.316867,0,-3.9,1,-0.779986,0.0784086,-0.620865
99.5173,43.1478,53.873,1.66174,0,-3.9,1,-0.709596,0.424884,0.562091
92.9229,14.4276,22.8212,-0.278663,0,2.8,1,0.24501,0.222908,-0.943547
91.7813,11.1435,28.7029,0.326251,0,-3.9,1,0.640489,-0.653332,-0.403647
101.482,7.87875,26.2709,0.889792,0.303862,-3.5,1,-0.268446,-0.303002,-0.9144
94.2218,29.3931,39.6327,0.746035,0.78642,-0.9,1,-0.35874,0.631597,-0.687307
91.0489,22.2551,49.1377,0.216164,0,-1.6,1,-0.858717,0.181521,-0.479224
94.0309,36.1709,53.3059,-0.789527,0,-3.5,1,-0.06752,0.542327,-0.83745
104.832,36.214,50.6455,0.16641,0,4.2,1,-0.328067,0.511159,-0.794411
106.3,38.0929,50.5401,-0.295841,-0.0351562,-3.9,1,-0.00142345,0.639605,-0.768703
107.839,9.85106,31.1316,0.0129648,0,-0.7,1,0.856124,-0.250294,-0.452111
116.257,31.14,43.2494,0.455175,0,4.2,1,0.891838,0.37424,-0.254105
90.165,26.012,34.483,-0.877124,-0.233451,-3.5,1,0.219979,0.883032,-0.414564
109.843,27.6922,44.668,1.76767,0,-1.6,1,0.610603,-0.539746,-0.579516
107.878,26.6136,60.7794,0.238006,0,-4.12988,1,-0.653741,-0.590132,0.473674
105.066,33.8625,44.7808,0.959367,0,3.87771,1,0.75348,0.151006,0.639895
99.079,30.2882,40.7152,-0.509168,0,-0.941685,1,0.145269,0.538733,-0.829858
108.371,17.6878,53.8814,0.285142,0,-3.5,1,0.221647,-0.944334,0.243115
112.374,39.1915,49.715,1.09516,0,-3.9,1,-0.0333501,0.524113,-0.850996
106.663,12.2612,45.3136,-0.380682,0.218774,-2.88852,1,0.734678,-0.545057,-0.403933
100.316,25.2841,25.3303,0.457177,0,-0.74835,1,0.911692,0.350596,0.214243
82.21,33.089,43.3865,0.378561,0,-3.5,1,-0.649027,-0.122062,0.750909
111.956,16.3787,44.3556,-0.136608,-0.049987,3.8,1,0.796113,-0.568321,-0.207881
99.1412,21.3565,21.711,-0.0834058,0,-0.8,1,0.0694924,0.0874054,-0.993746
82.6192,17.2857,49.6994,0.586004,0.217601,-3.2,1,-0.536005,0.384848,-0.751392
86.1026,12.0636,54.8031,-0.60798,-0.0670751,-3.5,1,-0.718014,-0.342746,0.605789
90.7701,10.6964,46.7794,0.501969,0,-1.6,1,0.639739,-0.765778,-0.065709
113.286,33.2234,43.3969,0.423586,0,4.2,1,-0.638657,0.694558,-0.33122
106.468,8.53866,36.2287,0.0660184,0,-1.6,1,0.971826,-0.145819,0.185179
97.3897,35.9688,61.77,0.292355,0,-3.9,1,0.436395,0.828761,0.350306
89.4437,26.7682,57.401,-0.0830764,-0.284848,-3.5,1,-0.432927,-0.0194891,0.901218
86.2775,14.719,49.1615,0.526555,0,-3.2,1,-0.533567,-0.580536,-0.615049
90.8574,22.2349,55.4564,-0.0398061,0,-1.07728,1,-0.864465,-0.132418,0.484938
99.5312,35.9948,39.2221,-1.45159,0,-3.5,1,-0.496044,0.106428,-0.86175
83.279,20.9319,33.8317,1.01068,0.565113,1.8,1,-0.977207,-0.126281,0.170646
95.256,39.6686,45.4984,0.120713,0,-4.41127,1,-0.137432,0.990233,-0.0234629
109.284,26.5375,43.8515,0.447553,0,-3.44608,1,0.978868,-0.104989,-0.175483
92.9893,40.5895,46.8905,-0.0221795,0,-4.5,1,0.531182,0.846937,-0.0233148
89.8009,19.5161,28.0149,0.421053,0.0641105,4.5,1,-0.724456,0.580513,-0.37171
96.9865,20.2526,63.5443,0.21684,0,-2.51135,1,0.0476652,0.30773,0.950279
110.946,30.844,44.1525,4.71652,0,4.2,1,-0.459076,0.863992,-0.206799
95.5306,12.2419,59.9839,0.0161682,0,-3.5,1,-0.258015,-0.947286,-0.189943
96.7399,10.6749,33.8667,-0.077077,0,-1.6,1,0.939753,0.20907,-0.270472
112.55,27.2342,51.8232,0.153891,0,3.03491,1,0.502606,-0.17226,-0.84718
89.1138,28.621,57.3618,0.615934,0.601151,-3.5,1,-0.836126,0.426116,0.345424
83.9082,18.2901,44.1624,0.213943,0,-1.3,1,-0.753711,-0.42178,0.504005
110.454,30.0578,42.3713,0.753052,0,2.54905,1,0.630356,0.674923,-0.383574
111.052,37.3361,49.6704,0.593318,0,-3.76465,1,-0.30437,0.390673,-0.868754
97.8951,5.10781,34.2196,-0.37085,0,-1.3,1,0.23143,-0.950416,0.207726
99.1113,24.2722,32.5601,-1.34253,-0.263079,-2.7831,1,0.547891,0.810713,-0.2063
99.0421,29.687,63.7334,0.572819,0,-1.3,1,0.509445,0.0282793,0.860038
100.996,14.4464,30.4934,0.270855,0,-1.3,1,-0.071723,0.942209,-0.32726
96.1657,33.4861,40.1144,0.00163479,0,-0.9,1,-0.184648,0.411626,-0.892451
97.709,12.731,33.725,0.174724,0,4.5,1,0.100328,-0.688752,-0.718021
91.7267,9.66125,43.937,-0.171769,0,4.2,1,-0.624704,-0.578386,0.52461
95.1886,6.87875,43.9886,-0.162917,0,4.2,1,-0.805473,-0.194217,0.559905
109.568,28.1656,48.2929,0.572629,0,-0.662038,1,0.904337,0.304456,-0.299134
88.9479,18.6428,55.6805,-0.475011,-0.347695,-0.9,1,-0.894903,0.44244,-0.0582765
96.2371,28.2484,36.7351,1.07772,0,-3.9,1,0.424355,0.845808,0.323314
89.0975,19.9282,63.791,1.24637,0,-3.9,1,-0.571748,0.524874,0.630565
102.489,20.33,32.534,-0.234298,-0.0544008,-1.85818,1,0.454927,0.180493,-0.872046
97.044,36.881,40.6384,-0.0703975,-0.431684,-2.08005,1,0.060585,0.00293345,-0.998159
92.8939,33.157,57.3066,-0.265061,0,-0.7,1,-0.175794,0.887962,0.424995
111.256,20.1374,52.2364,-0.0811009,0,-3.5,1,0.741933,-0.532772,0.40705
102.527,13.9639,29.3713,0.193421,0,-1.3,1,0.350665,0.785361,-0.510139
82.811,35.529,44.9897,0.540765,0.163051,-3.5,1,-0.199903,-0.815064,0.543792
89.1507,20.679,62.5487,1.15834,0,-3.9,1,-0.421746,0.893211,0.155901
89.1859,28.4603,43.7022,0.606189,0,4.5,1,-0.990804,0.131162,0.0332348
103.662,5.6565,33.2295,0.458967,0.0793455,-1.33357,1,0.391588,-0.847264,0.358891
111.702,31.5242,57.3893,1.29925,0,-3.9,1,0.959964,-0.082983,0.267551
102.714,18.4874,53.2614,-0.0345817,0.498845,0.544795,1,0.917855,0.237524,0.317999
84.774,18.1011,51.2163,0.0192907,0,-3.2,1,-0.22916,0.971549,0.0598152
91.1322,23.3552,58.4999,-0.786242,-0.81157,-1.3,1,-0.549877,-0.526904,0.64808
96.2557,25.174,22.6925,-0.0783478,0,-0.8,1,-0.779553,0.285791,-0.557333
103.993,22.4181,33.8454,0.0545908,0,-0.7,1,0.0424663,0.785406,-0.617523
92.2588,12.1305,35.8101,-1.09264,-0.189249,-3.5,1,-0.939235,0.28559,0.190461
115.225,20.6438,41.0729,0.662253,0,-3.9,1,0.289952,0.488792,-0.822806
85.1445,24.4225,38.2315,0.139648,0.873942,-3.5,1,-0.312936,0.700046,0.641877
97.5505,41.1278,47.5737,0.0403612,0,-3.5,1,-0.254394,0.939882,0.22783
114.392,19,45.619,-0.410969,-0.856017,-0.7,1,0.943076,-0.130502,0.305904
95.9234,35.1308,40.7624,-0.328139,0,-0.810764,1,-0.173751,-0.119827,-0.977472
108.395,30.9136,42.2819,0.183887,0,-2.71974,1,0.649189,0.758202,0.0606847
103.958,28.1413,37.8489,-0.302023,0,-0.7,1,0.399254,0.00670165,-0.916816
83.3215,15.0892,50.1997,-0.597791,0,-3.2,1,-0.330359,-0.605287,-0.724217
100.362,39.7766,51.6208,0.357119,0,-3.9,1,-0.101171,-0.800135,-0.591227
103.954,26.4727,37.6484,0.574794,0,-0.623978,1,0.430387,0.283725,-0.856894
88.999,34.003,40.333,-1.30913,-0.232146,4.2,1,-5.96201e-05,-0.620811,-0.78396
105.631,6.15581,37.3374,0.0951396,0,-1.6,1,0.701768,-0.636601,0.319782
111.945,24.1361,46.5497,0.330941,0,4.5,1,0.924404,0.0540405,-0.377567
87.458,12.498,29.9065,0.741364,0,-3.9,1,-0.891652,0.184392,-0.41347
109.505,21.7241,59.1618,0.78345,0,-4.5,1,0.21051,-0.954085,0.21309
90.4211,25.9764,57.7041,-0.0279261,0,-1.3,1,-0.693445,0.0409936,0.719343
85.4965,34.9805,40.4276,-0.17483,-0.0149348,2.19366,1,0.31174,0.230191,-0.921862
92.0104,33.9082,55.6005,-1.1184,-0.38172,-2.08348,1,-0.914189,0.386941,0.120562
100.678,8.85525,40.05,-0.744993,0,4.5,1,0.288794,-0.956723,0.0357792
90.6667,20.8044,47.7005,0.259618,0,3.8,1,-0.752584,0.643181,-0.141194
95.2377,35.6925,62.8632,0.974677,0,-3.9,1,-0.162372,0.975076,0.151205
101.682,41.6744,47.1784,-1.54015,-0.894151,-3.5,1,0.621232,0.767591,0.157715
89.2181,19.4454,25.9024,-0.0393641,0,-0.7,1,-0.757746,0.647235,0.0831138
98.5374,11.0011,34.9642,-0.138002,0,4.2,1,-0.185391,-0.00804862,-0.982632
108.15,19.5192,35.6976,-0.228717,-0.231477,-2.56374,1,0.171414,0.0394924,-0.984407
84.7559,12.8934,40.9142,-0.72983,-0.590579,-3.9,1,-0.640476,-0.0788161,0.763923
86.6896,35.1054,40.7582,-0.146505,-0.252824,3.42338,1,-0.0368004,-0.101819,-0.994122
86.6168,12.7534,30.8763,-0.207131,-0.808531,-0.7,1,-0.664452,-0.273115,-0.695638
109.604,29.1297,38.0755,1.02766,0,-3.9,1,0.755805,-0.278657,-0.592545
92.6169,40.0037,41.4454,-0.0494255,0,1.99725,1,0.0858655,0.699195,-0.709756
97.5798,12.7845,53.4292,-0.0989895,0,-1.3,1,0.395751,-0.739603,0.544397
92.4965,15.7788,23.6077,-0.687762,0,2.8,1,0.266231,0.228182,-0.936512
100.65,16.9153,57.381,-0.598774,-0.0742842,-3.22077,1,0.841132,-0.211959,0.497565
88.7921,23.728,52.1902,0.433828,0,-1.6,1,-0.946028,0.301582,-0.118656
90.7904,10.6459,49.6776,0.0923003,0,-1.6,1,0.825959,-0.502671,0.255174
92.0741,20.0951,61.2056,0.412401,-0.0380748,-3.86988,1,0.0311339,0.999283,0.02155
94.5038,5.30137,32.5376,-0.241673,-0.243068,-1.3,1,-0.676078,-0.73683,0.000416407
109.691,22.5039,37.2171,-0.22132,0,-3.5,1,0.196956,0.752273,-0.628723
96.9656,3.36888,37.9324,-1.72912,-0.0243948,-3.5,1,0.905513,-0.406504,-0.121656
90.6852,9.12012,41.6968,-0.902079,0,3.68192,1,-0.0718317,-0.813285,0.577415
112.887,17.5487,42.8325,0.0632185,0,-3.9,1,0.285669,-0.923427,-0.256274
96.0598,26.0707,32.9391,0.213629,0,-3.9,1,-0.153015,0.744354,-0.650018
109.431,25.8775,42.5003,-0.2844,-0.438931,0.711864,1,0.984856,0.0226801,0.171885
104.865,36.829,45.002,0.243707,0,3.8,1,0.91221,0.358794,-0.19784
106.45,17.4616,35.5781,-0.392888,-0.399447,-2.92786,1,0.614769,-0.226626,0.755447
105.103,32.4415,39.4099,0.139248,0,4.2,1,0.0326674,0.330445,-0.94326
83.7887,12.9148,35.5354,0.420696,0,-0.4,1,-0.985858,-0.138158,-0.0948446
98.7421,25.7604,35.5317,0.231743,0,-3.9,1,0.910109,0.407596,-0.0746137
108.109,13.2375,34.1647,-0.0525102,0,-0.7,1,0.96145,0.274266,0.0197998
82.3216,32.7329,40.0066,0.279916,0,-3.5,1,-0.604838,0.00674407,-0.79632
113.97,37.5513,47.9366,0.725029,0,-3.5,1,0.306175,0.944978,0.11521
94.8747,35.2038,50.972,0.0907876,0,2.31654,1,-0.42634,0.847364,0.316557
107.51,31.7901,48.8662,0.255177,0,3.8,1,-0.273431,0.816903,-0.507843
83.0888,19.6861,37.0233,-0.14017,0,-3.5,1,-0.960756,-0.255714,0.107511
110.504,15.7666,51.3495,-0.111259,0,3.8,1,0.329114,-0.118405,0.936838
94.8839,5.0385,28.4492,1.03579,0.917761,-1.3,1,-0.786467,-0.149055,-0.599377
93.9635,35.3342,50.2996,0.182028,0,3.8,1,-0.299509,0.393091,0.869353
101.921,43.4785,51.6996,2.39122,0,-3.9,1,0.780152,0.278777,-0.560041
88.8951,18.3148,45.4847,0.524643,0,0.0722446,1,-0.782015,0.468084,0.411522
101.261,17.3393,32.3165,-0.220316,0,2.92388,1,-0.211852,-0.260568,-0.941925
85.5866,24.19,44.122,2.51915,0.110844,-3.9,1,-0.658824,-0.370881,0.654521
83.5579,29.9794,42.7539,0.51607,0,-3.5,1,0.234292,-0.511417,0.826777
87.0772,11.5623,29.3602,1.91004,0.486188,-3.9,1,-0.873242,0.472496,-0.119143
83.7653,14.5729,53.972,-0.409873,0,-3.2,1,-0.0897406,-0.0715669,0.993391
87.0904,14.9746,55.6896,-0.113619,0,-3.5,1,-0.548458,0.0366677,0.835374
85.8745,32.7836,41.7921,0.371035,0,-2.08545,1,0.675465,-0.733937,0.0712994
100.983,23.4596,32.2629,0.0690546,0,-1.6,1,0.485457,0.849466,-0.206732
100.131,28.6291,39.2098,-0.561486,-0.0634207,1.2108,1,-0.187716,0.66629,-0.721679
92.6419,20.6593,59.7207,1.0457,0.432362,-3.2,1,-0.611677,0.695836,0.376382
92.5749,20.7352,26.9158,-0.00401264,0,-0.7,1,-0.151967,0.956571,-0.248754
106.472,8.28006,27.7439,0.152313,-0.0787006,-3.5,1,0.849281,0.469681,-0.241085
106.764,37.3363,55.2528,-0.0916347,-0.0766609,-1.38843,1,0.57485,0.30183,0.760556
93.1511,3.81125,39.4146,-0.9114,0,-3.5,1,-0.831273,-0.396482,0.389599
97.3227,33.3458,40.1314,0.00597917,0,-0.9,1,0.259085,0.123785,-0.957889
83.3783,21.5737,37.5956,-1.15651,-0.0756292,-3.5,1,-0.978459,0.206211,-0.00977586
108.409,14.7114,44.0511,-0.345306,0,-1.3,1,0.605724,-0.777429,-0.16942
84.8096,16.7456,42.771,-0.286655,0,-1.3,1,-0.839027,-0.532204,0.113106
105.583,30.5011,62.8402,-0.880225,-0.0440779,-3.5,1,-0.762424,0.377785,0.525346
95.2065,12.0261,28.4206,-0.382692,-0.938181,4.14683,1,0.378972,-0.913574,0.147521
99.7021,6.45131,36.1565,-0.904999,-0.145062,-1.39693,1,0.283703,-0.855724,0.432724
111.455,23.2639,45.5045,0.11711,-0.00940393,4.5,1,0.834259,0.385012,-0.394687
84.3251,14.8905,32.9784,0.652021,0,-0.7,1,-0.903057,-0.34286,0.258719
107.084,38.926,52.9977,-0.309546,-0.517788,-3.9,1,0.24206,0.966685,0.0832249
90.1764,29.0759,54.8084,0.627884,0.0601802,-2.136,1,-0.892357,0.437035,-0.112688
84.9761,21.8631,43.2291,0.144155,0,-2.70778,1,-0.410824,0.421759,0.808296
99.6431,27.4268,62.7509,0.334989,0,3.8,1,0.280732,0.255931,0.925034
103.886,28.069,51.5236,0.433753,-0.795184,-0.7,1,-0.207505,0.473905,-0.855778
96.6468,12.4813,61.0234,0.102798,0,-3.5,1,0.511806,-0.812172,0.280055
105.301,2.2935,31.2528,0.115981,0,-0.4,1,0.298256,-0.709794,0.63815
106.751,34.9844,50.9179,0.429516,0,2.06908,1,-0.183134,-0.125659,-0.975024
88.9019,9.24125,48.6406,0.0412666,0,-1.6,1,0.00184229,-0.957296,0.289103
92.1596,16.8022,63.4101,0.878863,0.769891,-3.87217,1,0.177559,-0.492254,0.852149
86.6793,7.7175,40.3479,0.0164203,0,-3.9,1,0.260584,-0.615515,0.743799
99.9802,10.24,26.6571,-0.512398,-0.356986,-1.3,1,-0.81953,0.249863,-0.515692
81.7115,37.0247,47.6695,-1.1673,-0.773543,-3.5,1,-0.653768,-0.23825,0.718209
99.4514,17.6667,64.3699,0.142808,0,-1.6,1,0.605867,0.0833631,0.791187
97.6105,13.391,60.2609,0.181077,0,-3.5,1,0.713782,-0.664516,0.221211
93.9892,28.11,60.3488,0.0895996,0,-1.3,1,-0.759095,0.446162,0.474041
95.7725,5.36263,44.3299,-0.22151,0,4.2,1,-0.698233,-0.624295,0.350323
112.834,25.863,52.2986,0.0254054,0,4.2,1,0.780428,0.116753,-0.614248
112.133,35.2957,54.1188,-0.340304,-0.973034,-0.8,1,0.399571,0.656881,0.639414
90.5704,9.03869,28.1956,1.1299,0,-3.9,1,0.657089,-0.524532,-0.541387
86.2426,41.1302,47.7879,0.0104158,0,-0.8,1,-0.115673,0.711744,0.692849
116.209,29.4671,53.2868,0.33589,0,-3.5,1,0.976081,-0.105615,0.190031
81.9919,34.2704,42.8911,0.775273,0,-3.5,1,-0.831568,-0.188769,0.52236
111.438,32.7995,56.5189,1.17888,0,-3.9,1,0.960115,0.116961,0.253966
103.185,9.043,26.7815,0.609307,0,-3.5,1,0.322719,0.633561,-0.703174
101.719,30.0273,61.0294,1.25972,0,-1.3,1,0.386588,-0.19791,0.900767
107.323,12.122,39.411,0.103413,0,-1.6,1,0.437907,-0.818255,0.37242
107.632,15.2143,35.8039,-0.657735,-0.104645,-3.24181,1,0.958372,0.228616,0.171049
115.981,34.3586,49.6924,0.806465,-0.936268,-0.8,1,0.848637,0.527428,-0.0404286
110.924,14.8955,43.6488,-1.17503,-0.589395,3.8,1,0.428609,-0.78912,-0.439982
100.064,15.2233,31.9616,0.214258,0,3.96712,1,0.294633,0.571824,-0.765643
108.645,37.2139,50.0281,0.552167,0,-3.9,1,-0.189739,0.205154,-0.960162
105.746,4.02338,31.6169,0.456273,0,-0.4,1,0.303723,0.00497125,0.952747
105.355,23.0661,57.4856,-0.00379776,0,-4.5,1,-0.259905,-0.781339,0.567414
85.4494,17.9356,37.468,-0.206386,0,2.16645,1,-0.667239,-0.638427,0.383671
103.82,9.854,39.8032,-0.198855,0,4.5,1,0.753586,-0.521827,0.399755
115.779,34.7744,48.1266,0.476454,0,-3.5,1,0.906216,0.421737,-0.0301762
86.7671,11.054,36.1632,0.659256,0.543031,-3.11215,1,0.575777,-0.707226,-0.410259
96.4662,12.6818,23.6485,-0.601675,-0.98381,-0.8,1,-0.397833,-0.851072,-0.342644
111.103,35.227,57.3035,0.417247,0,-3.9,1,0.759002,0.547544,0.352294
87.5715,39.6991,51.5834,0.713986,0.0251031,-4.5,1,-0.978419,-0.0554813,-0.199041
98.5232,14.1465,55.248,-0.462951,0.309862,-1.3,1,0.690105,-0.723276,-0.0250352
89.7343,30.559,50.7733,0.279169,0,3.8,1,-0.935671,0.345781,0.0703927
106.383,21.4002,35.1664,-0.178805,-0.520279,-0.7,1,0.680846,0.547667,-0.486323
83.9433,19.3633,39.0516,-0.260334,0,-2.75187,1,-0.845491,-0.53355,-0.0216428
110.137,27.0583,41.3941,0.278967,0,-3.9,1,0.979227,-0.202766,-0.00106032
85.474,16.7921,44.3537,0.159225,0,-1.3,1,-0.631759,-0.416959,0.653472
93.2271,24.6231,34.6069,-0.843212,-0.728444,4.2,1,-0.639506,0.683043,-0.352824
118.412,20.1917,41.6735,2.26447,0.191002,-3.9,1,0.783165,-0.136167,-0.606722
90.3527,36.4321,39.2911,0.0847555,0,4.2,1,0.0146551,-0.574848,-0.818129
109.318,17.261,51.6077,-0.651512,0,3.8,1,0.439577,-0.401364,0.803542
115.45,34.9035,44.9347,-0.224376,-0.375721,-3.5,1,0.873099,-0.0511981,-0.484848
91.384,24.4984,48.7298,-0.166558,0,-1.6,1,-0.997345,0.0696701,-0.0211877
93.8659,3.89088,40.9449,-2.02789,-0.526151,-3.5,1,-0.789038,-0.133798,0.599597
95.5628,23.4326,23.2864,-0.694535,-0.334825,-0.8,1,-0.992837,0.0679913,-0.0982401
95.1636,15.0176,56.4991,-0.454248,-0.641401,-1.56248,1,-0.391246,-0.866411,-0.310257
99.8897,7.75875,26.3343,0.560005,0.340426,-3.01444,1,0.412667,-0.119676,-0.902986
97.1383,4.77925,44.3971,-0.187232,0,4.2,1,0.0306309,-0.930626,0.364687
92.1824,41.6782,45.4485,-0.0168488,0,-0.8,1,0.653234,0.710286,0.262255
92.6519,34.4791,49.5001,0.285883,0,3.8,1,-0.585731,0.0402945,0.809503
106.257,31.118,49.0585,0.231753,0,3.8,1,-0.796038,0.487207,-0.359101
99.4878,12.3687,49.9412,-1.14057,0,-0.4,1,-0.0128633,-0.912737,0.408345
99.8115,36.4518,52.3988,0.198785,0,-3.57607,1,-0.338432,0.732857,-0.590241
91.3848,36.9578,51.9768,0.640058,0,-4.5,1,-0.00780431,-0.998243,0.0587346
102.952,9.19744,41.7211,-0.103034,0,4.5,1,0.551791,-0.703934,0.447218
99.936,24.1595,36.783,-0.0404566,-0.239868,4.5,1,0.486927,0.696847,-0.526599
99.9294,19.2397,63.1247,0.05221,0,-1.6,1,0.716072,0.315746,0.622531
92.8382,36.0476,50.0706,0.339978,0,3.27553,1,-0.0521224,-0.412381,0.909519
103.55,13.2914,49.8704,-0.309146,0,-1.62626,1,-0.0510034,-0.665204,0.744918
95.6344,20.5201,62.9883,0.119095,0,-3.2,1,-0.359705,0.275151,0.891574
106.928,24.7565,38.8932,-0.461681,-0.119904,-2.73979,1,0.488103,0.573646,-0.657789
93.684,33.5174,61.4529,0.504135,0,-3.9,1,-0.974576,-0.109033,-0.195737
93.2385,38.2723,51.4695,0.551737,0,-4.5,1,0.937439,-0.0589698,0.34312
101.941,33.368,39.8069,-1.24627,-0.0935451,1.61334,1,-0.132938,-0.325917,-0.936005
84.4648,33.4883,43.9933,0.948647,0.063906,1.50268,1,-0.223778,-0.605864,0.763447
111.321,35.9139,47.5681,0.479673,0,-3.5,1,-0.715584,0.554699,-0.424556
86.9925,26.115,40.6336,1.30653,0,-3.9,1,-0.426767,0.74238,-0.51647
92.0704,12.4166,49.1504,0.813156,0.00970049,-1.3,1,0.177184,-0.968339,0.175858
114.484,35.0817,43.9673,0.539974,0.267083,-3.5,1,0.201066,0.00602183,-0.979559
103.029,39.0605,52.8609,0.505882,0,-1.40405,1,-0.0616554,-0.170246,-0.983471
91.151,25.679,49.6941,-0.823268,-0.0396607,-1.6,1,-0.961895,-0.0776926,-0.26215
84.7249,19.5856,30.7925,-0.0269116,0,-0.647559,1,-0.130526,0.0244694,-0.991143
93.7076,17.5339,62.9642,0.651233,0.0337541,-3.5,1,-0.0611874,0.138662,0.988448
101.365,41.2099,55.5354,0.44979,0,-3.9,1,0.368052,0.395352,0.841567
112.271,33.7795,55.0058,0.44106,0,-3.44467,1,0.576897,-0.127072,0.806872
90.3054,20.4234,60.9005,0.742812,0,-3.9,1,0.0694588,0.954804,-0.289007
93.8259,6.87475,40.5694,-0.624387,0,1.32486,1,-0.581979,-0.516557,0.628067
116.749,30.5605,47.5991,0.344893,0,-0.8,1,0.92831,-0.306677,-0.210214
84.5131,16.3826,53.5793,-0.560056,0,-3.2,1,-0.372238,0.322817,0.870188
84.6479,11.5611,35.9733,0.974454,0,-0.4,1,-0.684782,-0.701732,-0.196584
95.0655,40.0249,44.5655,0.0397278,0,-0.8,1,0.0175954,0.860014,0.509968
93.5199,7.88475,43.3288,-0.27691,0,4.2,1,-0.285591,-0.869334,0.403356
101.702,39.0642,45.6525,-0.632342,0,3.8,1,0.174691,0.36953,-0.91265
102.137,34.3262,46.7002,0.0748326,0,3.85654,1,0.431223,-0.74336,0.511335
112.24,21.6089,39.3497,-0.266731,0,-3.9,1,0.776093,0.457361,-0.434166
94.0154,36.9084,50.0948,0.255651,0,-4.5,1,0.338783,0.0402397,0.940004
115.304,22.0487,42.0643,0.537719,0,-3.9,1,-0.0854954,0.940724,-0.328221
110.8,28.6531,44.1055,3.90908,0,2.62797,1,0.454492,-0.771086,-0.445942
111.782,29.884,46.5515,1.63166,0,4.2,1,-0.367686,-0.583308,0.724265
96.2706,4.84081,41.5339,-0.722499,0,0.471311,1,0.702984,-0.706399,0.0825423
93.2984,16.078,57.7974,-0.290566,-0.799443,-1.40829,1,-0.252065,-0.931877,-0.2609
88.3846,10.575,45.5665,0.34279,0,-2.07775,1,-0.589105,-0.727192,-0.352344
104.96,37.7417,49.243,0.210223,0,3.8,1,0.54909,0.0611252,0.833525
115.929,32.1931,43.4902,0.374816,0,4.2,1,0.86461,0.497413,-0.0709151
113.75,21.6136,40.7734,0.166127,0,-3.9,1,0.583372,0.667955,-0.462076
95.1789,12.141,61.6604,0.051873,0,-3.5,1,-0.130449,-0.929991,0.343657
104.385,10.872,29.431,0.141666,0,-1.18357,1,0.264309,0.530723,-0.805279
92.2179,39.3358,39.5046,0.0286125,0,4.2,1,0.583418,0.575945,-0.572635
93.4714,12.9506,52.163,-0.247184,0,-1.3,1,-0.521976,-0.499361,0.691505
99.7711,36.4701,58.0174,0.196537,0,-1.92696,1,-0.167403,0.716908,0.676771
93.4262,37.4222,54.8813,-1.50472,-0.227757,-3.5,1,-0.098243,0.962116,0.254325
97.4329,23.2978,63.5672,-0.160763,-0.228939,-1.6224,1,0.237427,-0.309572,0.920757
104.098,36.5737,62.2098,0.112419,0,-4.5,1,-0.525846,-0.312695,0.791017
110.057,24.3375,40.716,-0.0230464,-0.0197521,-1.74281,1,0.645839,0.718019,-0.2595
97.1139,28.1571,34.7397,0.305886,0,-3.9,1,0.670134,0.641448,-0.373451
105.924,31.6061,38.9696,0.802921,0,2.67092,1,-0.214257,0.702008,-0.679175
89.9676,9.26462,47.4544,0.00518099,0,-1.6,1,0.543567,-0.830465,-0.121913
89.4027,25.3018,33.6225,-0.665214,0,-3.5,1,0.426144,0.538447,-0.726964
87.0641,16.6698,44.7999,0.769408,0,-1.3,1,-0.511006,-0.0637446,0.85721
108.809,19.0637,39.786,0.850148,0.875907,-3.5,1,-0.091191,-0.995821,0.00499723
102.839,20.413,53.1985,-0.291533,0,-3.5,1,0.85368,-0.496511,0.157187
89.5586,24.9368,57.0891,-0.370261,-0.122393,-2.75012,1,-0.676096,-0.522288,0.51972
88.8545,19.725,48.7935,0.371387,0,3.8,1,-0.84524,0.494019,-0.203749
108.702,21.6889,35.9597,-0.0955204,0,-3.5,1,0.109448,0.543084,-0.832515
89.4571,14.7487,23.6338,0.0896455,0,2.8,1,-0.744849,0.142285,-0.651886
102.914,38.4541,60.6572,0.871189,0,-4.5,1,-0.754616,0.643707,0.127263
89.2361,28.43,47.4271,0.30106,0,4.5,1,-0.965002,-0.0905817,0.2461
116.35,36.2237,51.4094,1.55205,-0.0383874,-0.8,1,0.753342,0.159499,-0.637994
87.8994,31.4987,45.6946,0.30964,0,2.8,1,-0.534628,-0.812136,-0.233684
87.2832,14.7564,43.5773,0.232722,0,-1.3,1,-0.521226,-0.766238,0.375769
99.2061,8.5565,26.481,0.33002,0.955148,-4.5,1,-0.405067,0.853965,-0.326594
91.1266,21.4453,45.0083,0.362897,0.199337,3.08267,1,-0.844609,0.452002,0.286933
92.6689,26.0394,35.3063,0.850735,0.0226323,-3.9,1,-0.253234,-0.0438206,-0.966412
87.3163,11.5481,46.7296,0.33225,0,-1.6,1,-0.914033,0.107005,-0.391273
91.3588,23.3304,45.8576,0.484151,-0.153042,2.61635,1,-0.924433,-0.356346,0.135799
103.985,2.30725,28.9062,-0.0788428,0,-3.55729,1,0.0346297,-0.948657,-0.314405
93.0472,23.3935,62.2443,0.340856,0,-1.3,1,-0.760976,-0.543863,0.353735
82.9379,20.9632,41.5996,-0.759856,-0.358907,-1.3,1,-0.960596,0.239625,0.140835
103.467,3.108,32.0509,0.98331,0.504944,-0.4,1,0.0691154,-0.421656,0.904118
83.8324,16.406,49.3568,0.0448916,0,-3.2,1,-0.372839,-0.197864,-0.906555
85.5107,26.9403,42.7055,1.61662,0.235335,-3.9,1,-0.550016,0.834667,-0.0285193
91.1619,11.8094,49.4405,0.768937,0,-1.55165,1,0.801699,-0.572655,0.171304
81.5658,35.5117,45.6147,0.0136589,0,-3.5,1,-0.29078,-0.894579,0.339374
84.0871,17.6713,33.2552,-0.128572,0,-0.7,1,-0.966239,0.0882192,0.242072
114.686,28.9276,48.566,1.07438,0,-0.8,1,0.0195353,-0.964613,0.262946
100.522,6.31588,44.6186,-0.140502,0,4.2,1,0.8401,-0.531276,0.109448
105.234,29.5977,47.1951,0.643881,0,-1.6,1,-0.833269,0.269986,0.482463
96.6071,6.19494,45.7011,-0.145251,0,4.2,1,-0.442617,-0.308348,0.842028
104.628,25.7524,61.3027,0.27422,0,3.8,1,0.849983,-0.149365,0.505192
95.7483,21.849,23.0665,-0.917379,-0.0467178,-0.8,1,-0.941248,-0.334573,-0.0459621
87.6598,17.2911,55.0446,0.121326,-0.066964,-3.46724,1,-0.565748,0.637002,0.523601
106.175,24.4322,37.2494,-0.0474945,0,-0.4,1,0.640619,0.487182,-0.593515
104.742,5.42137,31.6804,0.617391,0,-0.4,1,0.515758,-0.184041,0.836734
111.863,29.7588,49.7619,0.0676719,0,-0.8,1,-0.14226,-0.883427,-0.446452
114.328,17.9758,44.7254,-0.155831,0,-3.62572,1,0.583235,-0.800218,0.1396
101.421,36.8867,58.0876,0.0459205,-0.29933,-1.2113,1,-0.42496,0.573196,0.700611
101.647,19.675,56.3632,-1.52499,0,-3.5,1,0.430947,-0.204677,0.878858
107.096,8.11238,30.5971,0.602897,0,-1.39908,1,0.975715,-0.218979,-0.00536829
115.926,34.239,46.316,-1.01989,-0,-3.5,1,0.972,0.139067,-0.18941
90.2574,36.3461,49.3379,0.28875,0,-4.5,1,-0.687104,-0.252487,0.681277
90.8527,40.7272,42.0841,-0.294046,0,-0.8,1,-0.0873533,0.706288,-0.702515
108.805,30.2234,36.9591,3.2731,0,-3.9,1,0.646627,0.0614985,-0.760323
83.407,21.0099,43.5032,0.335254,0,-1.3,1,-0.625404,0.523818,0.578346
102.663,9.61544,47.3282,-0.183009,0,-3.5,1,-0.241317,-0.952519,-0.185668
114.664,38.8856,49.6273,4.12874,0,-3.9,1,0.107273,0.376189,-0.920312
100.679,8.01544,45.1468,-0.235457,0,4.2,1,0.88419,-0.204346,0.420061
98.9625,9.1045,33.349,-0.106462,0,-1.3,1,-0.254417,0.955706,-0.147982
96.0085,14.8322,21.9363,-2.32972,0,-0.8,1,-0.378947,-0.420971,-0.824125
107.409,38.574,54.2605,0.163986,0,-0.8,1,0.537583,0.760977,0.363205
90.9,14.632,36.235,0.106218,0,3.38441,1,-0.0334935,-0.999073,-0.027041
89.4529,16.8041,60.3376,0.161085,0,-3.9,1,-0.703631,-0.70645,-0.0763714
102.617,5.55412,35.2759,0.331596,0,-1.6,1,-0.1759,-0.983536,0.0414135
91.0017,39.9415,40.6059,-0.0573569,0,4.2,1,0.0955711,0.962854,-0.252545
91.3814,18.6396,64.3323,3.86187,0,-3.9,1,0.612427,0.230293,0.75624
85.4333,41.4772,46.1448,-0.00892197,0,-0.8,1,-0.451662,0.872281,0.187422
95.4449,5.23356,42.2024,-0.521402,-0.0357092,-2.66326,1,-0.641339,-0.476609,0.601272
103.022,37.5501,61.756,0.352848,0,-4.5,1,-0.75294,0.0222435,0.657713
87.998,13.033,45.7954,0.370939,0,2.14217,1,-0.959672,-0.0500191,-0.276638
106.394,18.7036,40.8196,-0.0824806,-0.571997,-0.841229,1,0.747862,-0.510734,-0.42409
97.092,33.0724,64.774,2.40013,0,-3.9,1,0.773802,-0.0570101,0.630857
93.4324,22.505,28.5252,0.186102,0,-1.6,1,-0.550781,0.290037,-0.782636
95.1601,36.0291,61.3031,0.353448,0,-3.9,1,-0.482137,0.873502,0.0673713
103.598,35.8838,41.5207,-0.642668,-0.0493262,4.01465,1,0.491543,0.748571,-0.445001
95.5891,23.4048,25.3339,-0.989741,-0.482758,-0.733553,1,-0.999906,-0.0108447,0.00840701
89.4977,10.3409,53.2225,-1.87792,-0.741521,-3.5,1,0.767442,-0.640884,-0.0173417
85.823,9.02213,37.1287,1.01777,0,-3.9,1,0.17717,0.0378137,-0.983454
105.238,12.157,40.855,-0.115149,0,2.39539,1,0.573325,-0.801498,0.169998
107.951,31.4901,44.9901,-0.532461,-0.0554359,-1.6,1,0.426743,0.883131,0.19486
97.1233,9.88937,32.0339,0.0426119,0,-1.6,1,0.726199,0.605013,-0.326488
99.542,9.19038,27.8472,0.17187,0,-1.3,1,-0.876913,0.468712,-0.106457
91.5844,5.55538,35.4391,-0.820727,-0.143833,-3.5,1,-0.664125,-0.641895,-0.383287
84.6118,32.1812,42.9575,0.799424,0.613208,-3.5,1,0.478107,-0.512766,0.713082
89.3166,24.5614,43.2031,0.861931,0,-2.96272,1,-0.158723,-0.648495,0.744487
110.378,21.51,54.9145,-0.976317,0,-3.5,1,0.891083,-0.0725641,0.448002
98.2206,40.0784,54.6139,0.18289,0,-3.9,1,-0.882432,0.43163,0.187107
109.14,17.9481,53.0261,0.309515,0,-3.5,1,0.549414,-0.800792,0.238489
95.8405,36.851,55.5005,-0.236762,-0.14868,-3.77613,1,0.204041,0.975499,0.0822774
88.1579,16.4357,47.4442,-0.101887,0.0580111,3.8,1,-0.872906,0.351285,-0.338575
87.9842,13.8354,28.833,0.391333,0,-3.9,1,-0.905675,-0.0495944,-0.421061
100.69,22.0616,23.5893,0.348489,0,-0.8,1,0.778408,0.609567,-0.150031
106.025,29.3438,63.264,-0.848735,-0.542665,-3.5,1,-0.472025,-0.287537,0.833376
100.652,21.2359,21.7283,-0.056215,0,-0.8,1,0.49673,0.414944,-0.762287
110.803,34.303,47.6976,0.596465,0,-3.5,1,-0.80667,-0.066072,-0.587298
110.782,27.1376,48.1841,0.505773,0,4.5,1,0.589349,0.805809,0.0577924
107.238,36.8591,62.3514,0.738328,0.00969357,-4.5,1,0.807486,0.10914,0.579702
97.0369,15.0347,27.7873,0.333379,0,3.61299,1,0.957323,0.205226,0.203505
103.092,11.8319,44.2335,-0.00148875,0,-3.06865,1,0.2813,-0.958837,0.0387489
99.3268,18.6831,31.6531,0.403197,0,-1.6,1,0.115836,-0.180079,-0.976808
115.018,33.2416,54.1398,0.456789,0,-0.8,1,0.406327,-0.422217,0.810328
106.651,23.2695,58.891,0.235161,0,-4.5,1,-0.47964,-0.344939,0.806823
113.523,38.8046,53.8994,1.05565,0,-3.9,1,0.224086,0.0968721,0.969743
110.155,16.648,42.3522,-0.244853,-0.875616,3.39841,1,0.231079,-0.606201,-0.761001
102.934,31.4911,45.6159,0.0605635,0,3.91032,1,0.278797,0.0961911,0.955521
87.616,26.4848,55.8425,-1.40743,-0.0657569,-3.5,1,-0.995964,0.0889494,-0.0119615
109.988,23.48,42.9009,-0.556066,-0.532469,3.8,1,0.939682,0.338165,0.0514033
111.575,40.1256,50.147,0.689471,0,-3.9,1,-0.214251,0.564203,-0.797353
98.419,39.191,41.7757,0.572774,0.359205,-0.8,1,0.547637,0.792025,-0.269795
106.378,7.67063,37.3991,0.0902833,0,-1.6,1,0.939151,-0.033737,0.341844
86.6397,39.3537,48.1938,-0.51631,0,-0.8,1,0.0595518,-0.282884,0.957304
96.688,30.4189,64.8339,1.05221,0.231404,-2.373,1,0.243869,-0.136416,0.960166
108.641,38.551,54.0133,0.320695,0,-3.9,1,-0.0187771,0.638443,0.76944
98.4076,35.2495,53.6021,-0.33761,0,-1.3,1,-0.408492,0.823894,-0.392852
114.606,33.677,43.3497,0.202264,0,4.2,1,0.312524,0.723226,-0.615851
111.162,18.8679,51.3724,-0.0965707,0,-3.3039,1,0.422509,-0.482115,0.767497
111.645,24.5908,59.3994,0.474809,0,-4.5,1,0.997525,0.0486778,0.0507326
106.188,19.0056,33.2735,-0.0814518,0,-3.5,1,0.752398,0.449899,-0.481133
89.6495,9.9175,43.8742,0.0373381,0,-3.2,1,0.11382,-0.870272,0.479241
83.4768,40.194,44.4398,-0.187195,0,-1.52504,1,-0.335523,0.821551,0.460955
116.262,31.6707,50.6651,1.21988,0.0221765,-0.999262,1,0.961918,-0.106303,0.251819
86.8978,13.5767,41.7721,-0.62456,-0.163462,-3.9,1,-0.412783,-0.422577,0.80687
103.21,41.3445,53.3019,0.335851,0,-3.9,1,0.774404,0.560967,-0.292601
110.921,31.9282,59.5762,1.80288,0,-3.9,1,0.781058,0.0206923,0.624115
95.4481,3.78131,24.8538,0.795142,0,-4.5,1,-0.776966,-0.576179,-0.253657
97.8154,21.5026,63.4152,0.167855,0,-3.2,1,0.0605663,-0.0474868,0.997034
103.804,11.1737,49.4883,-0.857693,-0.188398,-3.5,1,-0.237335,-0.013601,0.971333
90.2416,13.3638,33.2402,-0.568328,-0.369503,-2.70801,1,-0.380067,-0.709117,0.593887
105.063,14.1576,30.6428,0.129225,-0.405694,-2.00449,1,0.237242,0.33279,-0.91267
102.984,17.8026,31.3344,-1.30024,-0.560667,-3.5,1,-0.218556,-0.0216535,-0.975584
100.739,28.9931,61.5025,0.723068,0,-1.3,1,0.713206,-0.0602495,0.69836
97.803,25.8869,27.0535,0.404963,0,-0.762929,1,-0.174949,0.984506,-0.0118367
113.563,29.0574,50.0511,0.656799,0,-1.1847,1,-0.193462,-0.939794,-0.28171
97.5209,2.24825,28.7108,0.830757,0,-4.5,1,-0.578492,-0.757645,0.302193
92.3714,6.627,39.4916,-0.726104,0,-3.5,1,-0.326651,-0.589805,0.738532
106.259,37.8294,62.7425,1.09296,0.8606,-4.5,1,0.479275,0.711242,0.514227
85.525,10.7618,53.757,-1.87097,-0.141785,-3.5,1,-0.872548,-0.379641,0.307461
84.4238,16.8399,30.235,-0.765733,-0.934331,-0.7,1,-0.448159,0.132005,-0.884154
100.542,10.0343,32.9285,-0.0217113,0,-1.3,1,-0.892104,0.451768,-0.00746424
100.549,33.2126,47.1692,0.519592,0,3.8,1,0.735954,-0.382476,0.558645
111.304,25.945,59.6811,0.74159,0,-4.5,1,0.928807,0.350808,-0.119379
97.3217,25.8016,65.0545,1.15425,0.0374293,-1.3,1,0.260865,0.0620933,0.963376
101.07,21.8137,25.0732,1.07318,-0.287111,-0.8,1,0.860131,0.485918,-0.155108
94.3409,9.94862,30.4834,0.233922,0,-1.6,1,-0.0365064,-0.00113202,-0.999333
97.6184,24.497,21.2782,-0.111025,0,-0.8,1,-0.0560153,0.027514,-0.998051
87.4714,37.5692,38.7972,-0.079155,0,4.2,1,-0.589494,-0.188518,-0.785467
115.131,39.6263,52.0723,2.72754,0,-3.9,1,0.777719,0.53226,0.334443
109.087,30.7164,47.2966,0.403744,0,-1.6,1,0.210449,0.943025,-0.257711
95.5241,24.9976,23.9051,-0.0586449,0,-0.8,1,-0.932734,0.352432,-0.0761567
82.6155,21.7329,32.3819,0.124972,0,1.8,1,-0.998529,-0.00311834,0.0541287
80.3884,36.2259,45.3483,-0.0392438,0,-3.5,1,-0.88189,-0.431959,0.188896
118.8,20.708,42.9605,2.58797,0,-3.9,1,0.990025,0.136431,-0.035181
86.5078,20.3708,31.0138,-0.0904109,0,1.8,1,0.0265336,0.147083,-0.988768
101.33,14.7906,53.0081,-0.633614,-0.532797,-2.57317,1,0.371708,-0.76099,0.53172
104.467,37.7631,58.8368,0.366932,0,-4.5,1,0.670604,0.741704,-0.0128566
101.66,40.9836,48.9015,-1.75542,-0.782835,-3.5,1,0.783704,0.578915,0.22509
91.2553,31.6987,58.6164,0.15964,0,-0.7,1,-0.495726,0.120175,0.860124
86.3925,42.1115,43.862,-0.685773,0,-0.757243,1,-0.0899677,0.992859,0.0783395
85.2516,33.282,39.5671,-1.11566,-0.787296,-3.5,1,0.374692,0.310794,-0.873506
102.149,12.7714,49.8816,-0.330987,0,-3.5,1,0.410275,-0.608957,0.678856
89.7903,38.0804,38.5792,0.0107099,0,4.2,1,0.0705853,-0.17659,-0.98175
85.9197,17.0619,39.2464,-0.120743,0,-1.3,1,-0.919251,-0.229754,-0.319672
97.7852,4.94875,24.3006,0.0253573,0,-4.5,1,0.52478,-0.270744,-0.807034
101.482,23.8844,26.9702,0.30189,0,-0.7,1,0.837082,0.322532,-0.44189
114.557,20.6619,45.4034,0.207631,0,-3.42998,1,0.359132,0.618041,0.699321
104.084,12.6389,29.6307,-0.200083,-0.129172,-1.10734,1,0.345605,0.279046,-0.89593
88.4356,18.6645,63.1132,1.83862,0,-3.9,1,-0.93892,-0.113442,0.324901
98.777,26.728,36.4917,0.121104,0,-3.9,1,0.641684,0.683233,-0.348474
94.6005,20.0235,28.6029,0.148435,0,-1.26398,1,0.932166,-0.234776,-0.275585
91.7801,20.7843,28.3854,0.572697,0.156409,4.5,1,-0.163399,0.889625,-0.426459
88.6656,33.8695,48.6506,-0.108103,0,2.8,1,-0.48773,0.0868696,0.868661
86.2874,37.9425,47.8846,-1.27454,-0.907242,-0.8,1,-0.00642302,-0.402295,0.915488
94.375,33.2535,56.8855,-0.565609,0,-3.22156,1,-0.250817,0.683914,0.685093
93.9859,40.7605,42.041,0.0145887,-0.159814,-0.8,1,0.0172068,0.816509,-0.577077
107.76,16.5716,35.0705,-1.19978,0,-3.5,1,0.774709,0.175473,0.607482
89.0229,10.6833,51.6073,-0.780307,-0.0686121,-3.18837,1,0.455596,-0.881969,0.120675
88.795,30.5405,46.7925,0.314657,0,3.4303,1,-0.890191,-0.435928,0.132391
116.223,33.7099,47.1372,-0.188395,0,-0.956661,1,0.847377,0.424328,-0.319213
106.678,20.8924,55.7592,-0.212304,0,-3.5,1,-0.331155,-0.197767,0.922618
106.637,13.6574,52.1527,-0.137152,0,3.8,1,0.0612119,-0.872749,0.484317
98.0299,21.8943,21.6615,-0.371917,-0.123249,-0.8,1,0.194538,-0.00424059,-0.980886
104.938,30.2833,51.0602,0.171211,0,3.81046,1,-0.593478,-0.256377,-0.762925
108.523,8.63863,34.1799,0.976976,-0.0109311,-0.7,1,0.582998,-0.664789,0.467085
109.821,30.2027,47.2682,0.463981,0,-1.02191,1,0.524152,-0.791302,0.314811
85.4541,10.6433,36.3823,1.32163,0.150572,-3.9,1,-0.222039,-0.515474,-0.827638
89.5701,22.9302,42.7562,0.394071,0,-3.9,1,-0.193244,-0.0952507,0.976516
100.646,15.8825,55.6957,-1.09068,0,-3.5,1,0.14806,-0.845882,0.512408
84.4945,27.0346,33.3836,-1.74004,-0.268742,-3.5,1,-0.341213,0.77896,-0.526113
87.7117,25.3035,32.6292,-0.0450673,0,-3.5,1,0.277169,0.608037,-0.743955
93.5881,31.599,59.2751,0.155749,0,-1.01279,1,-0.577615,0.14655,0.803046
86.9713,12.1762,51.2972,-0.428802,0,-1.8217,1,-0.879171,-0.263189,-0.397229
116.629,19.6822,41.3353,1.99321,0,-3.9,1,0.366319,-0.343366,-0.864818
91.0773,22.6723,57.0794,-0.369382,0,-1.3,1,-0.837577,-0.489448,0.242706
99.5545,27.4433,38.6215,-0.245547,-0.213076,1.52221,1,0.0852674,0.681078,-0.727229
89.766,20.2633,55.1343,-0.0254831,-0.0238321,-0.9,1,-0.854203,0.494527,0.160564
90.8764,15.8491,57.7383,-0.566958,-0.0756559,-3.64651,1,-0.0738142,-0.973522,0.21635
95.7725,31.8354,39.1921,0.48647,0,-0.9,1,-0.218289,0.132631,-0.966829
85.0285,17.0037,36.2463,-0.37281,0,-3.5,1,-0.946927,-0.0800437,0.311323
100.559,24.0954,33.6409,0.205852,0,-1.6,1,0.386242,0.921205,-0.0468888
84.7649,41.5386,41.628,0.0133067,-0.137091,-0.4,1,-0.221069,0.851662,-0.475185
102.424,35.469,40.0784,-1.77691,-0.514899,-2.88064,1,0.443114,0.326091,-0.835053
108.283,14.1246,32.8781,0.0732897,0.297872,-3.5,1,0.940064,-0.338528,-0.0409803
97.5819,36.1508,50.3509,-0.42239,-0.663542,-3.5,1,0.118023,0.699231,0.705086
92.6414,15.5867,55.2333,0.169437,-0.0195892,-0.8,1,-0.0421335,-0.990761,0.128911
97.2197,13.357,56.9077,-1.34773,-0.0734577,-3.5,1,-0.184392,-0.96172,-0.202715
106.869,33.8979,61.0134,0.51599,0.630529,-4.5,1,0.588633,-0.0748583,0.804927
111.923,25.1949,46.2557,0.333495,0,4.5,1,0.896971,-0.0736877,-0.435904
114.109,36.6361,53.3801,0.217083,-0.205988,-0.8,1,-0.0518939,0.164525,0.985007
84.025,34.5661,39.6455,-0.0705548,0,-3.5,1,-0.0118788,0.220303,-0.975359
87.8932,15.6982,28.6817,0.0405024,0,-3.9,1,-0.743831,-0.0678767,-0.664912
110.553,23.7,41.4761,-0.301715,0,-3.36385,1,0.625779,0.657313,0.419928
89.1364,30.3592,41.537,-0.906062,0,-1.3,1,-0.825401,0.151611,-0.543808
98.3551,8.67338,29.5103,0.543069,0,-1.3,1,-0.269867,0.909343,-0.316651
92.6284,30.3104,58.7456,0.142848,0,-0.7,1,-0.444061,-0.0377562,0.895201
91.656,34.0936,41.5526,0.110857,0,3.39561,1,0.00136704,-0.338791,-0.940861
85.4694,7.46613,36.19,3.33051,0.267861,-3.9,1,-0.0946744,0.187256,-0.977738
96.2515,40.6852,40.5843,-0.686815,-0.87263,-0.8,1,0.353984,0.709797,-0.609002
105.705,36.033,56.553,0.319333,0,-0.8,1,0.802694,0.529381,0.274661
94.5854,9.947,45.9159,-0.116495,0,4.2,1,-0.34998,-0.821617,0.449955
87.7954,13.0036,55.8022,-0.356394,0,-3.5,1,-0.245641,-0.321899,0.914353
105.991,26.0672,38.7867,-1.1361,0,-0.7,1,0.512335,0.136702,-0.847836
95.4019,27.7256,63.0301,0.0190259,0,-1.3,1,-0.698442,-0.0775447,0.711453
88.9252,19.3084,53.1496,-0.259272,-0.0531005,3.8,1,-0.714503,0.58119,0.38949
95.6476,40.0898,48.6953,1.46346,0.866081,-3.5,1,-0.0823484,0.773538,0.628377
107.779,27.3347,61.8477,0.206217,0,-3.5,1,-0.0210876,-0.508034,0.861079
98.2525,17.0753,30.4835,0.201105,0,4.2,1,0.731807,0.412754,-0.542302
93.6074,15.2616,58.7388,-0.3391,0,-3.53899,1,-0.496782,-0.604232,-0.622986
91.0224,16.2984,62.0285,0.812448,0,-3.9,1,-0.257194,-0.934633,0.245587
90.8011,26.7005,50.7503,-0.16446,-0.0290654,3.52976,1,-0.937621,-0.290846,-0.190462
106.941,11.5231,48.4178,-0.0376791,0,-3.5,1,0.370718,-0.428497,0.82399
113.544,27.979,45.843,0.958588,0,4.2,1,0.0256548,-0.992088,0.122893
108.622,19.9397,57.1964,0.463833,0.57678,-3.5,1,0.118922,-0.288119,0.950182
101.716,39.1862,49.2313,-0.515422,0,-2.28366,1,0.328495,-0.158416,0.931126
85.8873,24.8343,32.547,-0.16073,-0.0748658,1.49533,1,-0.235975,0.540054,-0.807872
83.9839,22.3996,34.5329,0.282025,0,1.8,1,-0.982431,0.0415014,0.181951
112.805,21.5575,46.7489,0.0768444,0,-0.7,1,0.762981,0.638265,-0.102356
103.634,33.5892,60.4445,0.94051,0,-4.5,1,-0.143225,-0.0449678,0.988668
110.342,17.965,51.3169,-0.534183,0,2.62147,1,0.588188,-0.447174,0.673848
108,12.8429,35.8139,0.0929426,0,-1.24202,1,0.99051,-0.133487,0.0327226
107.438,20.4347,35.3447,-0.27629,-0.378073,-2.11289,1,0.480365,0.273228,-0.833424
90.4876,18.6437,23.6024,0.434874,0,-0.7,1,-0.472393,0.486305,-0.735087
99.4472,40.3465,55.9736,0.229541,0,-3.9,1,-0.37807,0.525419,0.762232
107.372,18.0344,41.5711,0.367088,0,-1.3,1,0.248343,-0.219388,-0.943501
98.7555,14.2017,58.247,-0.607611,-0.0504351,-3.5,1,0.75286,-0.657746,0.0239184
99.5446,4.05487,32.479,0.351045,0.186638,-4.5,1,-0.259455,-0.761133,0.594441
102.992,22.4017,33.6303,0.12821,0,-1.31536,1,0.499867,0.674064,-0.543848
104.364,14.7072,52.0871,-0.131869,0,3.8,1,-0.219592,-0.667167,0.711806
84.873,26.0938,43.5324,2.32108,0.323442,-3.9,1,-0.946836,0.0870061,0.309728
107.124,31.9474,38.8291,1.89108,0,-3.9,1,-0.082051,0.971361,-0.222992
90.4072,32.1941,57.4529,0.174684,0,-0.7,1,-0.835754,0.50753,0.209593
98.6958,27.2854,23.4644,0.275979,0,-0.8,1,0.0401104,0.997757,0.0535996
104.674,20.7419,52.6891,-0.635801,-0.539531,-3.5,1,-0.0812235,-0.88453,0.459358
108.977,36.0598,55.8676,0.435016,0,-3.9,1,0.115039,0.938698,0.32498
86.3921,13.6997,50.2464,0.0687816,0,-1.6,1,-0.758604,-0.53554,-0.371103
101.438,22.9816,30.6717,0.0809461,0,-0.78973,1,0.950339,0.0872442,0.298738
105.331,9.902,27.8044,0.228367,0,-3.5,1,0.462278,0.718857,-0.519176
101.933,16.1654,56.4016,-2.64862,0,-3.5,1,0.0219259,-0.575465,0.817532
109.444,24.9771,43.7419,-0.614196,-0.7051,3.8,1,0.923434,0.29635,-0.243817
111.715,23.2449,57.6281,1.22339,0,-4.5,1,0.935242,-0.245891,-0.254675
117.046,33.0155,49.7384,-0.357937,-0.934831,-0.8,1,0.979702,0.109549,0.167877
100.187,6.79769,42.9804,-0.156967,0,4.2,1,0.787178,-0.492388,-0.371356
94.7149,19.0998,63.3327,-0.865436,-0.383157,-2.38676,1,-0.47662,0.144436,0.867163
105.518,29.179,51.058,0.176235,0,3.8,1,-0.800056,0.207571,-0.562872
101.579,15.512,31.9371,0.289489,0,-1.3,1,-0.245116,0.561142,-0.790593
104.981,34.7319,40.3324,0.040608,0,4.2,1,0.54319,0.56924,-0.61718
93.6057,33.3601,62.7417,1.04547,0.0656979,-3.9,1,-0.996106,-0.0694267,0.0543453
84.4409,40.3829,45.6545,0.143088,0,-0.8,1,-0.693294,0.71025,0.122017
112.029,26.738,46.125,0.458149,0,4.5,1,0.814064,-0.279021,-0.509359
108.19,35.1304,57.5436,0.563739,0,-3.9,1,-0.211058,0.807717,0.550498
94.569,19.3384,27.8636,-0.210003,0,-0.7,1,0.953076,0.116193,0.279545
98.6471,10.5756,47.8014,0.000122284,0,2.45017,1,0.397672,-0.844617,0.358441
96.1856,20.9001,24.1585,0.15782,0,-0.8,1,-0.975342,0.163147,-0.148631
101.111,37.947,43.1075,-0.533793,-0.0698692,3.6407,1,0.0506544,0.998532,0.0191704
89.8749,37.1796,53.6702,0.603794,0.134286,-4.5,1,-0.414317,-0.85539,0.310886
86.8735,12.5837,49.45,0.231714,0,-1.6,1,-0.979358,-0.142586,-0.143272
100.302,32.804,40.4665,-0.711812,0.410051,-3.5,1,-0.144021,-0.459361,-0.876496
96.1071,6.73569,27.5025,0.351403,0,-1.66398,1,-0.805289,0.53161,-0.262487
89.8165,11.7945,51.7591,-0.590225,0,-2.57183,1,0.761349,-0.619235,0.192084
88.7175,17.348,63.5312,2.66532,0.0936437,-3.9,1,-0.831204,-0.445958,0.331998
91.3066,32.9854,56.3723,0.0394229,0,-0.7,1,-0.70296,0.680241,-0.207651
116.415,21.4025,41.7225,1.5359,0,-3.9,1,0.093355,0.622752,-0.77683
94.354,13.1561,62.1883,0.404673,0,-3.5,1,-0.234117,-0.622296,0.746952
96.695,11.393,32.945,0.160921,0,-1.6,1,0.943948,0.172862,-0.281213
91.1973,27.6041,38.235,-0.0687246,0.108369,1.83986,1,-0.287325,0.797821,-0.530024
103.447,16.3233,54.4433,-1.97466,-0.344047,-3.5,1,0.986834,-0.0754464,0.143062
96.3855,26.9644,64.3568,0.572031,0.511712,-1.3,1,-0.404575,0.295921,0.865303
87.7266,41.7976,44.3489,0.0577433,0,-0.8,1,0.232578,0.97121,-0.0515666
95.2219,28.4181,38.6209,0.510007,0,-3.9,1,0.201344,0.850916,-0.485183
107.654,20.6133,56.7786,0.0296012,0,-3.5,1,-0.618205,-0.0728583,0.782633
99.0745,25.9513,26.0884,1.55507,0.669237,-0.8,1,0.205686,0.939579,0.273648
97.0306,9.36394,47.1469,-0.082359,0,4.2,1,0.111587,-0.922524,0.369456
87.8238,18.9687,30.3087,-0.0675706,0,-0.7,1,-0.415637,0.475272,-0.775476
100.48,19.6354,21.9145,-0.204471,0,-0.8,1,0.487593,-0.455645,-0.744742
85.2131,30.8318,40.4846,-0.182089,-0.0494279,-3.5,1,0.824757,-0.541831,-0.161852
91.8021,29.3795,40.64,0.494385,0,2.71927,1,-0.0843884,0.578448,-0.811343
107.591,39.0182,51.43,0.437169,0,-3.9,1,-0.231373,0.928263,-0.291193
97.5431,10.5169,34.8368,-0.816926,0,4.2,1,0.473351,0.331174,-0.816249
105.007,27.3562,61.7561,0.633978,0,-3.5,1,0.140114,-0.582399,0.800737
110.756,19.1514,55.1503,-1.81412,-0.24294,-3.5,1,0.814668,-0.450132,0.365647
90.9633,14.0201,34.8388,0.154653,0,-1.6,1,-0.369376,-0.826849,0.424124
108.723,22.9791,61.5144,0.206498,0,-4.5,1,-0.767444,-0.433753,0.47211
96.6511,21.8904,27.7914,0.221588,-0.52378,-0.7,1,0.0527678,-0.996933,-0.0577877
87.1331,11.7555,34.8824,0.234937,0,-0.4,1,0.570684,-0.777936,-0.262935
112.764,16.2329,46.5329,-0.207654,-0.334695,0.820386,1,0.712878,-0.663474,-0.227175
92.8245,35.429,53.7938,-0.624806,0,-3.5,1,-0.820163,0.0345239,-0.571088
111.308,30.31,42.919,3.66664,0,4.2,1,-0.147995,0.02845,-0.988579
94.7287,12.2066,52.5185,-0.19204,0,-1.3,1,-0.28833,-0.804393,0.51944
92.3159,8.3195,41.3563,-0.582148,0,4.2,1,-0.27922,-0.81173,0.512962
96.3161,35.8074,55.8611,-0.256141,-0.215837,-3.62014,1,-0.281928,0.420126,0.862561
94.7561,32.8651,65.753,3.56995,0.123208,-3.9,1,-0.524635,-0.0660395,0.848762
85.8271,18.2884,29.9748,-0.0161917,0,-0.7,1,-0.16483,0.338287,-0.926495
105.22,38.6148,56.8406,0.230755,0,-0.8,1,0.458324,0.211858,0.863166
108.404,32.1605,60.7522,-0.515667,-0.761705,-3.5,1,0.484736,0.736454,0.471874
92.8735,26.1467,61.6165,-0.137197,0,-1.3,1,-0.639954,0.519189,0.566482
88.4607,17.6623,61.6017,0.611037,0,-3.9,1,-0.873237,-0.483912,-0.0573299
100.037,33.3018,62.627,-0.83632,-0.28176,-3.9,1,0.469896,0.279058,0.837451
104.603,27.5198,50.0254,-0.78414,-0.17345,-0.7,1,-0.578,0.71862,-0.386653
106.616,3.775,31.0865,-0.0519181,0,-0.4,1,0.547937,-0.273487,0.790551
90.2844,42.1034,43.0658,-0.106839,0,-0.8,1,-0.303598,0.867648,-0.39372
92.48,18.3366,63.3326,1.16004,0.720333,-3.9,1,0.520027,0.287988,0.804136
96.0546,19.205,25.8687,-0.0716488,0,-0.744177,1,0.604869,-0.0197893,0.796079
100.987,24.6291,30.2294,0.040817,0,-0.7,1,0.399481,0.642448,0.653969
107.199,21.9931,36.3821,0.16463,0.0351194,-3.33536,1,0.188484,0.660783,-0.726526
106.85,8.53356,28.778,0.299119,0,-3.5,1,0.876701,0.273233,-0.395904
112.621,21.1536,51.8069,0.0625212,-0.422246,2.0762,1,0.670068,-0.459328,0.583119
103.688,33.6221,50.4899,0.0548939,0,4.2,1,0.202806,-0.0647723,-0.977074
100.328,34.2417,39.2809,-1.71086,-0.0376202,-3.5,1,-0.250363,-0.416558,-0.873955
85.7327,15.211,54.2458,-0.179512,0,-3.43833,1,-0.551059,0.0687923,0.831626
87.9497,19.5082,51.1961,-1.25406,-0.0372919,2.94172,1,-0.551596,0.824263,-0.1278
92.3291,21.6108,58.2035,0.229117,0.471725,-3.44429,1,-0.759518,0.124093,0.63854
107.144,37.1481,60.9659,0.0791012,0,-4.5,1,0.845509,0.476305,-0.241346
110.616,30.5785,46.6413,0.534022,-0.118448,2.65959,1,-0.374931,0.918401,-0.126353
83.1338,31.9755,43.3492,0.511819,0,-3.5,1,-0.13268,-0.275779,0.95202
104.643,11.4979,40.1095,-0.310489,-0.0626464,1.95248,1,0.795311,-0.561683,0.228018
89.3075,38.575,47.7575,0.246187,0,-4.5,1,-0.76399,-0.359848,0.535564
104.385,4.37456,27.6657,-0.33796,-0.43941,-3.00077,1,0.358279,-0.353743,-0.864003
83.5446,20.7298,38.742,-0.94547,-0.205698,-2.54687,1,-0.99745,-0.0708643,0.0085084
97.7444,39.7163,43.8784,-0.0693562,0,-0.8,1,0.681647,0.730909,-0.0336005
90.8334,31.056,41.2021,0.0197417,0,-1.3,1,-0.19077,0.23061,-0.954162
96.792,37.12,55.799,-0.49755,-0,-3.9,1,-0.822584,0.442274,0.357421
105.735,18.206,31.4963,0.192234,0,-3.5,1,0.215726,0.676904,-0.70375
105.358,2.06575,30.0807,0.104785,0,-0.4,1,0.3929,-0.911757,0.119704
102.749,17.9654,55.8708,-1.99408,-0.591486,-3.5,1,0.735787,0.34225,0.584365
114.888,28.9387,55.6688,-0.284396,0,-3.5,1,0.781803,0.201941,0.589918
83.9202,14.2463,36.1369,-0.47977,-0.151242,-0.4,1,-0.951149,0.307557,0.0269209
99.6168,14.9371,54.0086,-0.5533,0,-3.40287,1,0.429744,-0.779564,0.455631
100.858,35.3918,51.5326,0.305534,0,-1.3,1,0.220066,0.941029,-0.256972
101.303,28.8573,46.4424,0.842521,0,-3.5,1,0.612462,0.0786846,0.786574
80.9991,15.5641,52.0033,0.278976,0,-3.2,1,-0.889506,-0.444475,-0.105928
101.283,24.7865,37.3735,0.146388,0.96682,-0.339816,1,-0.019587,0.258148,-0.965907
104.722,5.8275,34.2342,0.311661,0,-1.6,1,0.387058,-0.853044,-0.350003
100.257,23.599,62.9985,-0.10869,0.0884963,-1.1523,1,0.172284,-0.11494,0.978319
98.626,34.6905,61.6268,0.21074,-0.216316,-3.9,1,0.464768,0.69461,0.549097
95.6298,12.3197,53.3138,-0.125897,0,-1.3,1,-0.280694,-0.660768,0.69613
88.2748,11.9258,44.3226,0.0854958,0,-1.43617,1,-0.988075,0.0397789,0.148745
89.3564,29.4653,50.1504,0.231136,0,3.8,1,-0.986935,-0.0488298,-0.153544
97.6479,19.0414,31.6999,0.289476,0,4.2,1,0.34762,0.19985,-0.91609
108.85,31.457,61.5737,-1.05002,-0.511006,-3.5,1,0.699304,0.506114,0.504798
103.712,29.8097,51.8825,0.184939,0,0.887271,1,-0.035166,-0.246475,-0.968511
99.0115,19.4344,22.0243,-0.241186,0,-0.8,1,0.103286,-0.329659,-0.938433
94.2456,33.4954,64.9139,3.5137,0,-3.9,1,-0.778364,0.324073,0.537705
105.281,36.5589,58.4029,0.715879,0,-4.5,1,0.794443,0.544602,-0.268831
103.213,38.4784,59.1869,0.401297,0.0785262,-4.42262,1,-0.150334,0.987404,0.0493205
98.5018,21.5558,29.8621,0.633792,0.27907,-0.777598,1,0.166459,-0.948145,-0.270762
99.8608,11.661,29.6731,-0.172492,0,-1.3,1,-0.979082,-0.0442108,0.198602
114.049,17.3226,46.1864,-1.58716,-0.0288374,-0.7,1,0.849293,-0.521653,-0.081121
105.664,4.70631,27.8951,0.166207,0,-0.4,1,0.385498,-0.482253,-0.786653
84.5113,14.5041,38.5596,-0.460082,-0.950474,-0.427337,1,-0.837437,0.513184,0.187992
100.929,4.43375,33.0293,0.780168,0,-1.71497,1,0.190561,-0.533127,0.824295
93.4294,22.1131,60.1193,0.333905,0.652879,-3.2,1,-0.927994,-0.137024,0.346485
98.1115,6.69925,41.0303,-0.617573,0,4.2,1,0.548255,-0.784024,-0.291071
105.42,37.0851,57.0256,0.338357,0,-0.8,1,0.813458,0.259594,0.520478
92.1485,27.0133,60.0602,0.441293,0,-1.3,1,-0.682056,0.565408,0.463804
104.863,29.5636,38.1109,0.778336,0.0708133,-1.2313,1,-0.198012,0.184841,-0.962614
97.8863,38.6968,54.4552,0.0138142,0,-3.9,1,-0.901274,0.0699687,-0.427563
106.061,11.4403,29.4832,-0.388727,-0.111337,-0.7,1,0.315825,0.197748,-0.927982
85.9755,26.6699,36.2878,0.528925,0,-3.5,1,-0.0119911,0.839009,0.543985
103.873,37.0965,52.56,1.31371,0,-0.8,1,-0.380533,0.246453,-0.891322
113.277,22.3151,50.1151,0.335561,-0.4188,-0.7,1,0.783219,0.5429,-0.303031
93.4944,12.0489,24.7035,-0.14923,0,2.8,1,0.037927,-0.904038,-0.425765
114.382,27.3875,56.4965,-0.887542,-0.0348808,-3.5,1,0.571903,-0.16964,0.802589
82.0506,30.0646,41.8241,0.704919,0.195289,-3.5,1,-0.867299,-0.497785,-0.00168154
113.692,34.188,44.369,-0.229924,0,4.2,1,-0.753303,0.154818,-0.639192
94.2312,27.4549,34.0476,1.2944,0,-3.9,1,-0.289343,0.209703,-0.933973
90.3313,26.1027,47.3803,0.402554,0,4.5,1,-0.67895,-0.499764,0.537832
103.689,8.25116,38.9285,0.621218,0,-1.6,1,0.144876,-0.520479,0.841494
108.87,32.0381,48.6393,0.354807,0,3.8,1,-0.0758366,0.417642,-0.905441
115.455,37.1691,45.3259,0.0910054,0,-3.5,1,0.853705,0.504189,-0.130311
87.585,9.41675,27.8124,2.62493,0,-3.9,1,-0.319439,-0.261177,-0.910904
103.229,27.7948,61.5293,0.855179,0,3.8,1,-0.126802,0.508429,0.851717
93.5781,39.1752,40.53,0.0959673,-0.873904,-0.563805,1,0.0775306,0.407751,-0.909796
86.0887,14.3633,30.6343,0.483421,-0.297821,-0.7,1,-0.346847,-0.431026,-0.833015
80.9411,38.537,42.4719,0.0435012,-0.12783,-3.5,1,-0.874434,0.316445,-0.367733
91.0866,15.3323,53.4534,-0.253247,-0.0747276,-1.97697,1,0.535567,-0.779315,0.325324
95.4034,41.0577,43.5154,-0.130435,0,-0.8,1,-0.0673014,0.954455,0.290665
99.9152,31.6186,62.4773,-0.0204409,-0.607971,-3.79434,1,0.534814,0.156613,0.830329
100.736,36.3726,38.718,-2.34412,-0.208025,-3.5,1,0.198055,0.17801,-0.963892
91.9529,5.08687,38.1722,-0.306116,0,-3.5,1,-0.74686,-0.60267,0.28105
82.0594,36.0152,39.7663,-2.2167,-0.656059,-3.5,1,-0.282708,0.119919,-0.95168
90.6965,7.61062,35.2099,-0.120176,0,-3.5,1,-0.647301,-0.212831,-0.731919
112.717,37.32,48.4393,0.685787,0,-3.5,1,-0.357628,0.812617,-0.460169
85.6959,18.26,53.6899,-1.73823,-0.443187,-3.2,1,-0.362471,0.838286,0.407297
81.8367,40.6781,43.8104,-1.52934,-0.158998,-3.5,1,-0.458772,0.801021,0.384569
88.3835,6.53719,37.7059,-1.94989,0,-3.5,1,-0.403818,-0.867135,-0.291561
101.525,40.0382,56.0836,0.21196,0,-3.9,1,0.160851,0.704456,0.69128
104.002,5.06319,35.8466,0.169732,0,-1.6,1,0.0680765,-0.99508,-0.0719829
98.9381,8.97931,30.7604,0.157362,0,-1.3,1,-0.360992,0.924275,-0.1241
85.3185,13.9257,41.689,-1.89093,-0.246884,-3.9,1,-0.547887,-0.217941,0.807664
80.3978,38.1834,45.7276,-0.169608,0,-3.5,1,-0.859604,0.277269,0.429189
96.3931,9.28113,48.7337,-0.125128,0,4.2,1,-0.00415014,-0.948918,0.315497
98.8816,35.7767,59.0142,0.131513,0,-3.9,1,-0.234123,0.920519,0.312781
103.992,23.9064,58.0195,-0.608263,0,-2.68254,1,0.0745468,-0.840334,0.536918
113.375,34.616,54.5182,0.402331,0,-0.8,1,0.244856,0.466424,0.849997
103.403,20.1143,52.3846,-0.0535315,0.44556,3.15109,1,0.483176,-0.44874,0.75178
116.726,33.8499,53.4492,0.443607,0,-0.8,1,0.811822,-0.436856,0.38743
101.242,11.1477,26.1539,0.016513,-0.322954,-1.3,1,0.0773958,0.000790996,-0.997
84.3167,12.4937,33.689,0.0693795,-0.0263839,-0.429685,1,-0.801641,-0.412874,-0.432328
98.7839,13.8775,59.607,-0.108386,0,-3.5,1,0.768888,-0.580043,0.269
99.905,9.71769,31.4895,0.296948,0,-1.3,1,-0.654015,0.751693,0.0849809
88.1848,33.8285,41.2772,-0.995795,-0.694581,4.10435,1,-0.15664,-0.800701,-0.578223
101.845,28.2389,60.9942,0.928086,0.0309,3.61529,1,0.270019,0.429133,0.861937
86.7056,42.1997,45.3771,0.0568428,0,-0.8,1,-0.0780418,0.984804,0.15515
108.486,24.9751,39.9471,0.137511,0,-3.9,1,0.555793,0.3173,-0.768385
99.182,20.2095,57.3265,-1.12688,0.513991,-3.22759,1,0.818014,-0.206499,0.536853
97.7715,2.06731,27.4968,1.14233,0,-4.5,1,-0.217931,-0.969331,-0.113595
101.34,32.6276,61.2284,0.497945,-0.132987,-4.03534,1,0.54858,0.164066,0.819843
100.6,37.8131,49.1195,-0.114386,0,3.8,1,-0.0651673,0.0820761,0.994493
99.932,12.384,25.5015,0.15673,0,-1.18945,1,0.479087,-0.123235,-0.869074
100.871,41.0921,45.3092,-2.63217,-0.78625,-3.5,1,0.0336963,0.314746,-0.948577
94.6345,24.957,31.6262,0.166291,0,-1.6,1,-0.2695,0.946806,-0.175862
103.135,28.8149,37.5312,-0.495365,-0.621855,-0.7,1,0.0227075,0.514162,-0.857392
100.407,37.5827,57.5001,0.448714,0,-3.9,1,-0.267728,0.35131,0.897164
85.1982,24.3235,43.1129,2.50304,0,-3.9,1,-0.914073,-0.0933754,0.394655
108.611,25.3307,61.2168,-0.0626005,0,-4.5,1,-0.907617,-0.19732,0.370534
103.065,23.7213,63.1916,0.072817,0,3.8,1,0.348196,-0.433609,0.831109
94.3401,2.58594,39.8884,-1.85431,-0.0350478,-3.5,1,-0.391063,-0.877056,0.279002
89.9456,16.6303,61.4397,0.783492,0,-3.9,1,-0.442065,-0.896282,-0.0354591
103.029,25.4421,62.9378,0.229459,0,3.8,1,0.463611,0.284438,0.839142
100.923,24.9783,26.743,0.26818,0,-0.7,1,0.728483,0.655687,-0.198463
99.383,12.379,24.473,0.212314,0,-0.8,1,0.588094,-0.798605,0.127968
99.0662,7.59387,40.4229,-0.49629,-0.0460346,4.225,1,0.620573,-0.743506,-0.249174
106.753,5.712,27.574,-0.507804,-0.147043,-3.5,1,0.755355,-0.483438,-0.44241
96.58,22.84,21.2763,-1.76619,-0.0221321,-0.8,1,-0.251733,-0.0514719,-0.966427
95.6352,34.0378,58.0874,-0.0670557,0,-3.9,1,-0.649804,0.755905,-0.0797625
84.373,28.9688,41.348,0.583083,0.572594,-3.5,1,0.398571,-0.904323,0.152775
95.0628,35.605,52.3665,0.0149938,0,-3.5,1,-0.0911814,0.923887,-0.371644
91.394,8.884,30.338,0.212826,0,-3.06671,1,0.227111,-0.928097,-0.295052
110.168,13.8084,46.9124,0.00441342,0,3.8,1,0.425382,-0.598984,-0.678431
97.514,13.1845,27.188,0.292704,0,2.8,1,0.549915,-0.746983,0.373644
99.011,13.8225,29.6415,0.134617,0,-1.3,1,-0.04983,-0.0175774,-0.998603
108.423,39.2042,52.5467,0.45367,0,-3.9,1,-0.279981,0.923912,0.260761
111.687,27.1763,47.1082,0.529675,0,4.5,1,0.555978,0.665382,0.498152
107.275,11.4061,36.1812,0.206175,0,-1.6,1,0.689393,-0.455982,0.562865
105.491,16.0209,52.8403,-0.164032,0,3.8,1,-0.0556023,0.118191,0.991433
104.491,38.455,48.619,0.174582,0,3.8,1,0.662923,0.358303,0.657383
107.151,16.5836,38.942,0.104243,0,-1.6,1,0.8611,0.463548,-0.20888
96.77,17.2686,29.4153,0.214193,0,4.2,1,0.593135,0.548249,-0.589587
95.7214,24.238,27.86,-0.0668019,-0.040213,-0.873494,1,-0.779358,0.523141,-0.344853
97.1315,40.8175,46.3008,0.0467644,0,-3.5,1,-0.226235,0.955771,-0.187934
86.5391,9.30872,41.1927,-0.470456,0,-3.9,1,-0.187273,-0.398962,0.89764
107.306,13.4832,41.1345,0.153273,0,-1.35272,1,0.729934,-0.636162,0.249988
83.2564,33.6729,39.8659,0.100633,-0.0433723,-3.5,1,-0.259141,0.190973,-0.946771
100.217,20.752,26.7703,0.786749,-0.234844,-0.712929,1,0.076925,-0.830489,0.551698
101.754,26.2746,62.9136,0.297381,0,3.8,1,0.161836,0.416031,0.894834
89.669,41.8751,45.2285,0.232451,0,-0.8,1,-0.290881,0.954978,0.0583618
115.246,28.5112,51.42,0.779073,0,-3.5,1,0.416595,-0.835958,-0.357243
104.467,34.5956,45.7121,0.28808,0,3.8233,1,0.809463,-0.275922,0.518302
115.578,36.2192,53.8354,0.419557,-0.172449,-0.8,1,0.147664,0.474042,0.868032
85.5049,25.4351,37.1705,0.657304,0,-3.5,1,-0.0594136,0.637367,0.768267
106.513,9.83444,35.4463,0.0277962,0,-1.18126,1,0.720411,-0.234147,0.652827
112.285,28.156,46.5185,0.826541,0,4.2,1,-0.139392,-0.561117,0.815915
94.0147,28.858,38.5877,0.481343,0.214813,-3.78682,1,-0.103703,0.991546,-0.0779923
83.912,38.4221,40.8773,-0.0467552,0,-0.4,1,-0.273752,-0.03793,-0.961052
87.2023,12.5629,48.1914,0.328355,0,-1.6,1,-0.968269,0.0192667,-0.249165
109.707,33.4062,59.2843,1.48076,0,-3.9,1,0.123277,0.530586,0.838619
91.7032,27.1383,37.1894,0.707193,0,2.64641,1,-0.781625,0.595001,-0.187178
103.157,34.683,60.5233,1.12667,0,-4.5,1,-0.35476,-0.233471,0.905338
95.9916,15.5299,63.0703,1.40446,0,-2.91433,1,0.13121,-0.441326,0.887702
99.084,38.6796,56.5762,0.0870396,0,-3.9,1,-0.38541,0.4702,0.793959
93.7451,12.907,60.6012,-0.802667,-0.559962,-3.5,1,-0.505188,-0.848656,-0.156742
89.7983,38.4152,49.6825,0.620296,0,-4.5,1,-0.899404,-0.433178,0.0585716
83.8373,10.7633,40.2908,0.108851,0,-3.9,1,-0.735942,0.238628,0.633597
113.432,18.2057,41.197,0.21227,0,-3.9,1,0.065326,-0.867073,-0.493879
92.0696,36.6656,53.8184,0.0346534,-0.01794,-3.70179,1,-0.531917,-0.688854,0.492488
98.5005,39.6701,49.6512,-0.057549,0,-3.5,1,-0.163413,0.17593,0.970744
99.824,33.4054,49.3302,0.0519757,0,-1.3,1,0.870407,-0.484184,-0.0892053
91.2815,12.267,38.016,0.0415729,0,-3.2,1,-0.430995,0.301615,-0.850453
83.5991,22.4091,39.165,-0.743173,-0.409709,-3.5,1,-0.894714,0.441156,-0.0697759
103.918,25.511,36.8613,0.220867,0,-0.4,1,-0.104519,0.550684,-0.828145
103.166,6.66725,37.7965,0.13046,0,-1.6,1,-0.418925,-0.521422,0.743385
88.8576,15.7252,25.0072,0.0798358,0,2.8,1,-0.979678,0.0686195,-0.188472
83.676,16.047,32.8305,-0.485197,0,-0.7,1,-0.961999,-0.0628825,0.265713
108.234,24.2149,60.2245,0.30071,0,-4.5,1,-0.804685,-0.0443629,0.592043
104.408,24.2672,59.9771,0.0554842,0,3.8,1,0.5934,-0.791557,0.145997
115.31,36.2155,48.8008,0.783908,0,-3.5,1,0.89051,0.454932,-0.00541385
89.7278,8.24991,35.9365,-0.278405,0,-3.5,1,-0.59794,0.00731,-0.801508
89.5163,19.3819,46.8456,0.44605,0,3.8,1,-0.854393,0.497005,-0.151654
117.365,20.168,44.7605,2.44137,0.170312,-3.9,1,0.333292,0.0243057,0.94251
105.692,20.111,54.2681,-0.112929,0.0258902,-3.5,1,-0.529405,-0.840643,-0.114235
99.5287,5.89525,26.687,1.46907,0,-4.5,1,0.783771,-0.0750645,-0.616497
108.431,36.8817,54.7243,0.0965622,-0.0409107,-3.9,1,0.321139,0.560418,0.763415
96.8607,7.73534,45.3756,-0.0373267,0,4.2,1,-0.569037,-0.0405038,0.821314
110.041,39.961,52.5798,0.448251,0,-3.9,1,-0.393571,0.853695,0.341037
96.2698,13.788,31.3635,1.46866,-0.0423444,4.2,1,0.594093,-0.802261,0.0585686
99.42,40.458,50.824,0.145854,0,-3.9,1,-0.86151,-0.450972,-0.23329
100.775,2.3275,28.8074,0.410013,0,-4.5,1,0.0607108,-0.9297,-0.363281
99.4388,15.6494,56.3497,-0.633652,0,-3.5,1,0.76497,-0.622738,0.164371
111.668,40.3042,52.8801,0.949746,0,-3.9,1,-0.161072,0.772203,0.61462
89.5039,16.4021,57.2461,-0.822321,0,-3.5,1,-0.691085,-0.284081,0.664605
110.681,33.0202,48.6097,0.900595,0,2.18383,1,-0.475849,-0.215531,-0.85271
102.283,6.67637,25.8073,0.674137,0,-3.5,1,-0.675578,-0.241944,-0.696461
90.6247,27.7238,58.189,0.214462,0,-3.5,1,-0.450512,0.0841972,0.888791
100.033,26.527,37.3495,0.0934992,0.0133917,-1.52855,1,-0.0877726,0.274526,-0.957565
107.019,18.346,38.5425,-0.053572,0,-3.0025,1,0.654039,-0.74913,0.105053
99.4799,2.25228,27.8498,0.63415,0,-4.5,1,0.357461,-0.864512,-0.353329
103.756,17.7761,52.4866,0.361821,0.368547,3.8,1,0.542986,0.407987,0.733971
100.583,21.8783,30.0297,0.170814,0,-0.814456,1,0.573184,-0.764172,-0.295806
81.2523,33.8736,41.2403,0.0754467,0,-3.5,1,-0.958954,-0.203427,-0.197549
101.079,5.29875,33.9865,0.0151954,0,-1.3,1,0.0125829,-0.867353,0.497535
92.9946,4.45766,36.1755,-0.923005,-0.556737,-3.5,1,-0.422355,-0.879908,-0.217667
103.34,10.2343,27.8182,0.103484,0,-2.30013,1,0.499735,0.582347,-0.6412
93.9994,32.8814,59.0685,0.0370251,0,-0.862933,1,-0.796713,0.60411,0.0173105
95.3632,34.6594,56.504,-0.353471,0,-3.5,1,-0.162124,0.561012,0.811776
113.746,28.276,51.5645,0.227328,0,-3.5,1,0.10087,-0.766247,-0.634579
102.839,10.9391,42.946,-0.0692135,0,4.5,1,0.473408,-0.686583,0.551804
110.178,38.8769,50.1862,0.530923,0,-3.9,1,-0.167436,0.412097,-0.895623
106.709,26.2617,59.7254,-0.403264,0,-3.5,1,0.00209551,-0.705897,0.708311
94.2678,34.4631,60.5078,0.288915,0,-3.9,1,-0.838528,0.418355,-0.34907
103.796,30.444,61.0843,1.46421,0.452103,-3.5,1,-0.17179,0.166882,0.970896
97.1679,35.1326,58.4918,0.42038,0,-3.9,1,-0.501557,0.859073,-0.102149
99.043,33.4829,40.5169,-0.498418,-0.257348,-3.5,1,-0.167198,-0.303406,-0.938078
85.4863,12.1616,52.7131,-1.01235,-0.839437,-3.5,1,-0.87878,-0.301455,-0.36996
96.7814,28.6291,64.2375,0.45673,0,-1.3,1,-0.0308762,-0.172104,0.984595
90.5592,9.94031,43.4072,-0.221505,0,0.33484,1,-0.122629,-0.850522,0.511443
90.9066,6.15066,38.9158,-1.14598,0,-3.5,1,-0.0394171,-0.907275,0.418687
108.565,11.8375,32.7083,0.0366493,0,-0.7,1,0.893267,0.385318,-0.231526
90.4467,25.9075,36.4175,-0.28904,0,-2.87223,1,-0.225088,0.944274,-0.240172
91.7097,41.0073,50.3034,1.0073,0,-4.5,1,0.2535,0.957172,0.139858
106.118,29.9435,36.9726,3.48814,0,-3.9,1,-0.672843,0.132414,-0.727838
108.586,16.6782,41.8199,0.101436,0,-1.3,1,0.454443,-0.135121,-0.880468
99.6752,30.9487,50.4126,0.353547,-0.0666966,-1.3,1,0.722091,0.000305023,-0.691798
87.8074,32.882,42.9313,0.244199,0,2.8,1,-0.31387,-0.824429,-0.47096
102.511,8.755,40.1198,-0.174379,0,4.5,1,0.257399,-0.922171,0.288699
94.6396,3.836,36.5664,-0.651127,0,-3.5,1,-0.131096,-0.785301,-0.605076
99.1766,40.7907,46.0506,-1.00074,-0.249736,-3.5,1,-0.31984,0.784392,-0.531443
89.8637,22.2961,49.9008,0.295794,0,-1.6,1,-0.637521,0.0668124,-0.767531
100.818,20.7478,31.1137,0.372571,0,-1.6,1,0.209171,-0.309419,-0.927635
113.457,24.6654,52.8996,0.0401944,0,4.2,1,0.994226,0.0872062,-0.0625287
99.1076,14.8141,25.5264,-0.137785,0,-0.8,1,0.651136,0.307546,0.693857
105.206,28.0061,47.9078,0.255988,0,-1.6,1,-0.875739,0.449586,0.175935
87.2111,6.34062,37.8058,1.72782,0,-3.9,1,0.576523,-0.788784,-0.21317
91.6925,23.3819,31.6126,0.248151,0,1.50726,1,-0.464785,0.866762,-0.180829
113.294,21.1126,44.8185,-0.254972,-0.292662,2.74264,1,0.480267,0.876789,-0.024169
93.0451,19.8385,62.5357,-0.0819863,-0.282677,-3.39237,1,-0.16772,0.704528,0.689572
111.528,31.7202,46.6083,-0.463462,-0.408542,4.2,1,-0.777176,0.56637,-0.274267
88.238,35.5665,47.8013,-0.255822,0,2.8,1,-0.561774,0.277507,0.779358
114.251,30.9409,54.8854,0.30692,0,-3.5,1,0.455608,0.529478,0.715594
99.6004,12.9623,33.2398,0.111169,0,4.5,1,-0.644686,-0.602132,-0.470974
115.503,35.4715,50.5402,0.906501,-0.789643,-0.8,1,0.84879,0.282676,-0.446822
87.6682,25.8468,37.7593,0.319425,0,-3.5,1,-0.598518,0.746086,0.291773
104.714,32.7601,45.2769,0.701774,0,4.2,1,0.394436,0.144855,0.907434
104.725,8.7945,26.3566,0.482645,0,-3.5,1,0.132282,0.686926,-0.714587
103.813,35.8725,49.783,0.205585,0,4.2,1,0.821162,0.38207,-0.423929
105.488,31.4361,46.0083,0.714804,0,-1.6,1,-0.173227,0.669627,0.722213
106.889,35.7318,60.2065,0.995523,0,-4.5,1,0.900808,0.302391,-0.311618
98.3596,33.4576,63.066,0.436696,-0.0399782,-3.9,1,0.685936,0.210144,0.696658
98.5312,31.875,40.9886,-0.320261,0,-2.08335,1,0.278476,-0.0306031,-0.959956
96.637,28.1461,38.6184,0.342772,0,2.5,1,0.103776,0.813252,-0.572583
96.2024,11.1428,31.5219,0.329257,0,-1.6,1,0.815267,0.176217,-0.551622
102.265,33.4805,45.9735,-0.622501,0,4.2,1,0.286556,-0.353512,0.890458
104.532,21.1327,56.1016,-0.270393,0,-3.5,1,0.307113,-0.495178,0.812699
112.36,20.3708,38.8441,-0.195535,0,-3.9,1,0.926595,-0.197394,-0.32009
97.374,35.5178,59.4721,0.277022,0,-3.9,1,0.00317046,0.948471,-0.316849
92.1504,10.3027,44.9288,-0.0222992,0,4.2,1,-0.33792,-0.629275,0.699874
85.6466,21.4645,30.7356,0.0526616,0,1.8,1,0.269914,-0.112816,-0.956253
111.123,14.8114,46.1816,0.1125,0,3.8,1,0.552488,-0.733353,-0.39617
86.4327,17.6097,49.2198,0.57021,0,-3.2,1,-0.224359,0.579285,-0.78364
97.7293,36.5933,54.7588,-1.03021,0,-3.9,1,-0.302518,0.512671,-0.803524
94.07,29.394,60.6715,0.205249,0,-1.3,1,-0.998124,-0.0373535,0.0485053
90.2321,24.9041,51.8631,-0.0063764,0,-1.6,1,-0.773965,0.512067,-0.372514
91.585,10.7987,34.2327,-0.305123,0,-2.7238,1,-0.99599,0.0684751,0.0575806
91.661,11.1645,36.0008,-1.87509,-0.0767355,-3.5,1,-0.700922,0.665501,-0.256546
93.1095,37.7012,52.7783,0.180538,0,-3.83799,1,0.942875,-0.120803,-0.310474
111.544,25.6355,49.5566,0.347703,0,4.41844,1,0.976062,0.213343,0.0422725
81.436,38.1555,46.7611,-1.48911,-0.489062,-3.5,1,-0.625891,0.561877,0.540883
93.6162,27.0319,61.272,-0.389001,0,-1.3,1,-0.623054,0.561366,0.544676
92.4122,11.7982,46.929,0.367181,0,4.2,1,-0.0431049,-0.899986,0.433782
89.5729,9.65891,31.2097,0.936059,0,-3.9,1,-0.150025,-0.602004,0.784273
109.548,29.5506,48.0709,0.53559,0,-1.6,1,0.966122,-0.235794,-0.104921
92.121,39.5656,52.3213,0.693982,0,-4.5,1,0.661779,0.568913,0.488248
111.956,31.5902,55.4452,0.296906,0,-3.9,1,0.780707,0.330726,0.530205
97.4669,14.5675,29.1003,0.217932,0,3.88371,1,0.793627,-0.362461,-0.488649
103.007,27.4012,50.4273,-0.00259182,-0.787493,-0.7,1,0.363512,0.763645,-0.533577
87.0823,11.0023,48.7189,0.132017,0,-1.6,1,-0.98987,-0.138652,0.0305326
108.657,15.2433,51.3783,-0.184704,0,3.8,1,0.416605,-0.298285,0.858758
102.817,23.2749,57.9486,-0.596248,0,-3.5,1,0.334924,-0.698991,0.631853
110.414,27.8767,49.592,0.451243,0,3.8,1,0.894042,0.289559,-0.341826
87.1926,14.9503,48.1967,0.00666135,0,3.8,1,-0.849916,-0.00813438,-0.526856
101.858,10.8629,44.815,-0.174646,0,-3.5,1,0.638812,-0.760163,-0.118623
94.6096,26.6105,62.6235,-0.408789,0,-1.3,1,-0.657862,0.487145,0.574376
87.3598,26.227,34.018,0.137382,0,-3.5,1,0.300358,0.856379,-0.42
115.34,18.8963,50.2031,0.00291554,0,-0.7,1,0.878305,0.0402398,0.476404
104.33,30.4251,45.6852,0.889695,0,4.2,1,-0.448495,0.143802,0.882141
96.5771,14.0083,54.4409,0.0821953,0.00279794,-1.7874,1,-0.35575,-0.771368,0.527668
102.026,23.219,35.2657,0.187989,0,-1.33577,1,0.191253,0.968594,-0.158896
87.483,9.30281,30.917,2.9676,0.605953,-3.9,1,-0.439431,-0.453137,0.775608
92.5559,13.5975,36.2649,0.0570666,0,-1.6,1,-0.867887,-0.446274,0.218199
94.7178,14.7934,54.0934,-0.25567,0,-1.3,1,-0.428807,-0.775754,0.462958
80.7407,35.9775,44.1385,0.0164306,0,-3.5,1,-0.68548,-0.724503,-0.0721987
93.2416,40.1898,45.4623,0.0993762,0,-4.5,1,0.497684,0.856777,0.135071
92.9586,12.5038,50.4922,0.188013,0,-1.3,1,-0.338264,-0.930451,0.14085
101.561,41.3179,51.4647,1.18977,0,-3.9,1,0.789823,-0.0929383,-0.606252
114.103,32.2885,41.8312,0.435856,0,4.2,1,-0.15203,0.443649,-0.883211
99.1148,17.136,23.1465,-0.520079,-0.0449984,-0.8,1,0.910241,0.090841,-0.403991
87.8741,26.9593,41.9878,1.36813,0,-2.51298,1,-0.559283,0.821111,-0.113927
102.489,36.0309,49.7567,0.230562,0,3.8,1,0.134922,0.616665,0.775577
93.4711,10.6133,45.9446,-0.00121196,0,4.2,1,-0.502931,-0.717275,0.482263
101.745,21.1438,57.1968,-2.70952,-0.100238,-3.5,1,0.365173,-0.536468,0.760823
87.389,7.96406,36.9414,-0.418538,-0.404006,-3.5,1,-0.0328298,-0.0632291,-0.997459
85.2717,15.5463,41.5109,-0.460217,-0.0507156,-3.15594,1,-0.991407,-0.0231186,0.128755
97.6143,35.0788,53.0069,-0.305907,0,-1.3,1,-0.054137,0.993648,-0.0986561
90.1434,14.6781,22.8595,0.15819,0,2.8,1,-0.494304,0.110562,-0.862229
91.9603,8.47738,33.2995,0.197566,0,-1.6,1,-0.913896,-0.042199,-0.403749
107.763,15.1152,38.286,0.181974,0,-1.6,1,0.839401,0.529459,-0.1228
103.348,36.2412,52.3592,0.83681,0,4.2,1,-0.439459,0.692802,-0.571753
102.858,19.2087,55.0118,-0.654673,0,-3.5,1,0.957132,-0.275928,0.0881026
90.7471,29.6894,57.8528,0.369898,0,-2.19764,1,-0.485756,0.00726151,0.874064
96.189,16.5461,63.9239,1.15733,0,-1.6,1,-0.295254,-0.425999,0.85519
86.7603,21.8123,43.2683,0.287758,0,-3.9,1,0.109684,-0.143105,0.983611
94.3814,39.5321,49.1151,0.63789,0.262074,-3.7453,1,0.509908,0.474191,0.71773
84.5247,40.293,40.4542,0.0370836,0,-0.4,1,-0.240813,0.290737,-0.926003
98.2028,20.0998,25.93,0.847558,0,-0.8,1,0.0346865,-0.443071,0.895815
112.392,27.0189,57.1814,-1.11313,-0.385305,-3.5,1,0.331847,-0.268062,0.904445
103.373,7.94763,25.3873,-0.0993132,0,-3.5,1,-0.11856,0.410593,-0.904078
100.711,19.0411,24.1626,-0.962808,-0.562672,-0.8,1,0.596558,-0.780124,0.188481
99.2087,38.5709,43.8262,0.233644,0,-3.5,1,0.481863,0.834508,-0.267217
84.1451,13.426,51.7511,-0.0528513,0,-3.2,1,-0.292791,-0.892547,-0.342978
112.627,36.5018,46.6493,0.688112,0,-3.5,1,-0.808072,0.510738,-0.293541
84.6575,23.494,41.3375,0.503694,0,-3.56075,1,-0.89443,0.435514,0.101597
110.844,32.0093,48.6261,0.489693,0,3.8,1,-0.619528,0.187882,-0.762158
106.733,17.2378,52.7814,-0.0547479,0,3.8,1,-0.24578,-0.399644,0.883106
98.5155,13.312,26.7395,0.241279,0.42751,-0.933614,1,0.539257,-0.312014,0.782208
84.3818,18.0311,41.0197,-0.635463,0,-1.3,1,-0.76517,-0.583508,-0.272092
88.372,40.1585,48.772,0.243937,0.563101,-4.5,1,-0.790381,0.157987,0.591894
88.918,14.3635,26.758,0.38219,0,2.8,1,-0.965714,-0.0176786,-0.259005
111.036,36.164,48.7314,0.622001,0,-3.5,1,-0.456457,0.538489,-0.708292
109.027,18.1103,37.4453,-1.23382,-0.884633,-3.5,1,-0.216673,-0.937742,0.271465
95.15,21.2995,26.9396,-0.0816635,-0.387005,-0.7,1,0.326446,-0.0394762,-0.944391
108.239,17.8212,35.5858,-0.215513,-0.217341,-3.5,1,0.430458,-0.804489,-0.409271
89.916,28.1225,49.454,0.216098,0,3.8,1,-0.911385,-0.411101,-0.0193353
100.334,29.1698,47.8595,0.391905,0,-0.727175,1,0.676687,0.562084,0.475559
97.6901,4.71231,33.1584,-0.34087,0,-1.3,1,0.245937,-0.905123,0.346797
91.5942,29.1834,58.2174,0.254726,0,-0.7,1,-0.386947,0.0938947,0.917309
90.0497,39.9891,40.942,-0.127964,0,4.2,1,-0.0846278,0.906115,-0.414479
93.5098,8.37588,30.517,0.209481,0,-1.6,1,-0.0663401,-0.0504632,-0.99652
112.06,18.243,40.9387,0.470794,0,-3.9,1,0.0575776,-0.869023,-0.491411
105.925,13.4295,50.8458,-0.141195,0,3.8,1,-0.0725356,-0.95643,0.282808
98.6755,38.409,53.314,0.159932,0,-3.9,1,-0.763929,-0.255663,-0.592495
102.299,23.9344,36.587,-0.242064,0,-0.4,1,-0.243333,0.657852,-0.712755
102.587,28.8027,45.9625,-0.00827474,0,-3.5,1,0.292584,0.184598,0.938253
100.053,16.2049,58.3539,-0.91085,-0.792622,-1.6,1,0.737055,-0.675832,-0.000483791
88.6721,30.8445,43.5487,0.0437278,-0.602271,-1.3,1,-0.99809,-0.0617651,0.000953351
94.5545,33.7355,41.2385,-0.0346844,0,-1.3,1,-0.392562,0.172855,-0.903336
104.758,35.411,42.441,0.464217,0.403435,3.8,1,0.65781,0.751931,-0.0434175
83.879,19.5718,34.7347,0.756231,0.100464,-1.47166,1,-0.863962,-0.426206,-0.268175
89.7542,32.9407,41.7192,-0.179153,0,-1.3,1,-0.24078,-0.384498,-0.891171
