x,y,z,charge,hbond,hphob,iface,nx,ny,nz
16.468,18.556,13.127,0.429437,0,-4.5,1,-0.419002,0.280082,0.863708
28.934,-6.736,25.393,0.271686,0.882237,-4.5,1,0.683082,0.494153,0.537785
13.865,24.391,6.4245,0.21752,0,-3.5,1,-0.649001,0.110035,0.752789
34.763,23.187,12.051,-0.766827,0,-3.5,0,-0.449428,0.688607,0.569065
27.718,17.28,8.509,0.191417,0,3.8,1,0.202068,-0.966794,0.156454
24.4635,5.7495,5.3035,-0.196812,0,4.2,1,0.33456,-0.523315,-0.783716
28.8835,-11.505,15.6675,-0.253929,0,3.8,1,-0.114764,-0.986562,0.116294
5.701,15.6695,6.96,0.939093,0,-3.9,1,-0.211656,0.898496,0.384587
30.316,19.532,5.0385,-0.528484,0,3.8,1,-0.0148793,0.672699,-0.739766
20.1295,15.353,-1.4725,-1.84798,0,-3.5,0,-0.116536,0.834853,-0.537997
29.8185,2.6105,26.591,0.22062,0,-3.2,0,0.658599,0.0426004,0.751288
39.079,9.565,11.974,0.0369183,0,-0.9,1,0.468585,-0.73539,0.48952
33.8205,-5.809,40.6865,0.194888,0,-1.3,0,-0.821594,0.359128,0.44273
12.1245,8.814,-0.8495,-0.427739,-0.838563,-3.24789,0,0.785448,-0.609387,-0.108252
27.4935,-2.238,36.9365,0.0956722,0,1.8,0,-0.584482,0.0701633,0.808367
30.352,12.204,16.795,0.101664,0,3.8,1,0.188957,-0.853447,0.48572
21.6755,13.4055,9.728,0.89355,0,-4.5,1,0.132805,-0.919071,0.371042
5.2505,16.265,4.7235,1.46925,0,-3.9,1,0.0184758,0.983036,-0.182482
35.7425,11.507,5.879,-0.151644,0,4.2,1,0.289148,-0.360038,-0.886998
30.998,-0.034,20.9315,0.0505077,0,3.8,1,0.213838,0.919425,-0.330048
24.81,3.914,7.6675,-0.0133661,0,3.8,1,0.989553,0.144163,-0.00114109
22.8855,-9.089,24.434,-0.154043,0,-3.5,1,0.0949916,-0.915242,0.391547
26.835,-8.117,27.658,0.430612,0,-3.5,1,0.390011,-0.866515,-0.311518
22.0933,-4.6685,22.459,0.203275,0,-3.5,1,-0.667661,0.491482,-0.559174
21.423,-10.52,9.4005,-1.03096,-0.239,-3.5,1,-0.884616,-0.349142,0.309118
23.956,3.7205,20.198,-0.138308,0,-0.9,1,-0.43081,0.586007,0.686294
22.5145,-6.863,35.0215,-0.771734,0,1.9,1,-0.982607,0.181414,-0.0396544
43.1565,-3.3525,40.3825,0.370296,-0.372997,-0.8,0,0.936902,0.0846978,0.339176
39.2095,-8.4205,42.593,-0.0538043,0,-1.3,0,0.997559,-0.0529421,-0.0455387
18.328,1.7355,3.0085,-1.03025,-0.106514,-4.5,1,-0.0356196,0.157624,-0.986857
17.1085,25.115,2.195,0.177918,0,1.9,1,-0.684579,0.243175,-0.687181
19.838,-4.181,0.704,0.196506,0,-4.5,1,-0.756233,-0.397951,-0.519372
34.681,23.918,11.152,-1.05828,0,-3.5,0,-0.551927,0.766108,0.329325
31.558,15.701,4.994,-0.370606,0,3.8,1,-0.483821,-0.799174,-0.356703
23.648,13.739,12.553,0.751336,0.593584,-4.5,1,0.868737,-0.48374,0.106257
8.016,4.18875,0.30025,-0.143826,0,3.8,1,-0.952727,-0.0754045,0.294321
12.144,4.336,1.739,-0.372322,0,3.8,1,0.694806,-0.622222,-0.360672
26.974,-5.337,32.48,-0.318254,0,1.9,1,0.71397,-0.699294,0.0351376
28.147,22.611,11.601,0.110085,0,-4.5,1,-0.000415048,0.453801,-0.891103
27.231,-4.82675,2.0135,-0.0697416,0,3.8,1,-0.923141,0.327162,-0.20193
19.507,11.116,11.099,0.741218,0,-4.5,1,0.554011,0.0657594,0.829908
19.3825,-0.761,13.2975,-0.987041,0,-3.5,1,0.242404,0.488896,0.837986
37.547,2.371,39.673,0.562837,0,-3.5,0,-0.997269,0.0700011,0.0235502
25.2255,-7.006,19.803,-0.639363,0,-4.5,1,-0.639681,-0.627922,-0.443307
33.1125,-1.5825,33.41,0.227508,0,1.8,0,0.15754,0.986608,0.04226
38.7535,19.1425,14.8685,-1.25658,-0.883437,-3.5,1,0.675143,0.722523,0.1488
22.906,19.385,19.804,-0.786637,-0.0223704,1.8,1,-0.0252205,0.141048,0.989682
12.3515,-3.071,9.3875,-1.32861,-0.297746,-3.5,1,-0.782218,-0.399334,-0.478191
35.866,20.33,17.132,0.0967257,0,-3.5,1,0.019641,0.999781,0.00718753
16.443,3.394,4.2035,-0.201524,0,-3.5,1,-0.25989,0.44548,-0.856741
8.9155,3.477,-2.5165,-0.121685,0,3.8,0,-0.363165,-0.538689,-0.760214
43.04,14.943,10.3985,-1.33377,-0.877947,-3.5,0,0.637759,-0.553833,0.535287
30.8545,-1.9785,31.352,0.232946,0,1.8,0,-0.44359,0.750053,-0.49056
18.502,3.379,34.4555,-1.34502,-0.036539,-3.5,1,-0.489015,0.790447,-0.36886
29.908,0.7525,11.562,0.0210625,0,3.8,1,0.0284806,0.978127,-0.206047
31.998,22.199,22.5205,-0.0586001,0,4.2,0,0.491699,0.567001,0.660865
31.344,20.218,9.91,0.010059,0.893723,-4.5,1,0.17212,0.981454,-0.0844009
20.4805,28.946,18.933,4.02605,0,-3.9,0,-0.626114,0.671224,0.396787
20.158,13.568,15.343,0.698279,0.608533,-4.5,1,-0.437645,0.030827,0.898619
32.721,21.264,11.771,-0.0521287,-0.0622545,-4.43177,1,-0.401059,0.692884,-0.599219
23.836,25.165,19.293,0.152974,0,-3.9,0,0.391916,0.289855,0.873147
22.9085,-3.5325,32.97,-0.307608,0,1.9,1,-0.855839,-0.507969,-0.0975061
24.334,18.119,10.706,0.302362,0,-0.8,1,0.744809,-0.495704,0.446697
19.273,-7.2165,24.275,-1.03512,-0.382802,-3.5,1,-0.933726,-0.352349,0.0632916
28.332,12.2455,4.843,-1.32929,0,-3.5,1,0.463419,-0.138643,0.875226
22.542,-0.969,7.251,0.150642,0,3.8,1,0.596315,-0.362132,-0.716428
36.227,-3.621,39.5705,-0.147518,-0.229703,-1.21402,0,-0.4105,0.660997,0.62815
22.281,-8.7335,14.5585,-0.0715004,0,1.9,1,-0.772453,-0.29445,0.562685
38.5025,17.259,18.4895,0.189962,0.58516,-3.5,0,0.751836,-0.507631,-0.420778
30.522,-5.5495,20.77,-0.587447,0,-0.826146,1,0.622731,-0.276881,0.731808
37.035,-1.3755,3.6065,-0.511957,0,-1.3,0,0.308696,-0.625683,-0.716399
24.812,-4.921,36.646,0.0583745,0,1.9,0,-0.253622,0.235277,0.938254
36.4785,-8.3985,43.4695,-0.650208,-0.00933725,-1.3,0,-0.560711,-0.277863,0.779997
25.885,28.695,0.101,-0.909888,0,-3.5,0,0.749546,0.57278,0.33182
17.8905,10.5655,-1.0895,0.0190581,0,-4.5,1,-0.626205,0.721596,-0.29524
9.608,17.633,5.539,0.21641,0,4.5,1,-0.733196,0.656623,-0.176833
11.523,10.4205,-2.724,-1.13185,-0.0371498,-3.5,0,-0.5211,-0.187394,-0.83267
28.722,11.1575,4.7455,-2.2491,-0.528238,-3.5,1,0.510183,-0.110652,0.852918
37.2145,-10.173,39.6915,0.122345,0,-1.3,0,0.38832,-0.741806,-0.546747
30.8848,-12.448,11.0407,-0.0282735,0,3.8,1,-0.0904911,-0.982797,0.161
22.9368,4.07425,9.1535,0.148421,0,3.8,1,0.367373,0.616711,0.696207
33.456,-8.827,16.0888,-0.467778,0,3.8,1,0.845108,-0.534074,0.0235973
21.9662,-2.14375,12.2718,-0.327514,0,-3.5,1,0.0327887,0.0188737,0.999284
14.059,18.664,2.863,-0.17452,0,-3.5,1,-0.0606455,-0.97831,0.198072
12.299,18.641,10.501,-0.549267,-0.759048,-0.7,1,-0.107871,0.186507,0.976514
20.1982,1.589,4.1205,-1.19249,-0.731096,-4.5,1,0.853962,0.203864,-0.478737
22.285,12.962,12.48,0.416619,0,-4.5,1,0.32941,-0.911937,-0.244662
40.2347,13.8833,0.35725,2.57485,0,-3.9,0,-0.182812,0.327821,-0.926884
33.5317,19.806,3.8525,-0.453035,0,3.8,1,-0.716093,0.630678,-0.299092
29.256,-12.812,7.3225,0.275182,0,-1.6,1,-0.206511,-0.857754,0.470756
20.273,20.8825,-0.6305,-1.15175,-0.0661904,1.9,1,0.763626,-0.264392,-0.589043
21.1065,-8.449,23.631,-0.790438,0,-3.5,1,-0.500466,-0.805636,-0.316992
15.019,18.4145,11.4812,0.592803,0,-0.7,1,-0.634831,0.00054357,0.772651
17.633,8.1525,1.042,0.687133,0,-4.5,1,-0.795473,-0.530318,0.293232
34.0415,-0.5135,3.3195,-0.13943,0,-1.3,0,-0.416461,0.141301,-0.898106
42.538,-10.6407,7.37325,-0.679113,-0.0400389,-3.5,0,0.393213,-0.899592,0.190049
31.349,14.536,-1.757,-0.332205,0,-4.5,0,0.852251,-0.408533,-0.326755
33.331,22.0917,10.1958,-1.21025,-0.660829,-3.5,1,-0.967619,0.244619,0.0622545
27.1283,-7.28,35.6608,0.394304,0,1.9,1,0.986494,0.150492,0.0646604
21.6028,4.1065,30.009,0.489035,0,-3.5,1,-0.396584,0.630368,0.667351
24.5613,25.8295,14.1252,0.217787,0,3.8,0,0.173114,0.926228,0.334863
37.9383,-2.4575,8.93175,0.725619,0,-2.87722,1,0.472057,0.64843,0.597245
34.5185,-8.633,32.369,-0.816425,-0.0757796,-0.8,0,0.741718,-0.344141,-0.575692
2.481,16.2045,5.584,2.42348,0.111155,-3.9,0,-0.854987,0.515554,0.0565818
22.633,-6.306,26.8985,-0.960054,-0.453555,-3.5,1,-0.125561,0.476752,0.870024
19.9638,26.3095,1.13225,0.113067,0,1.9,1,0.000675648,0.684473,-0.729038
38.1247,-1.71225,39.6292,0.674577,0.0330401,-0.8,0,-0.840788,0.258479,0.475673
22.1478,18.7922,0.24825,-0.790145,-0.0170173,1.86943,1,-0.23529,0.157161,-0.959135
23.468,-9.086,23.5158,-0.0172229,0,-3.5,1,0.325312,-0.937151,-0.126174
36.847,11.2645,7.337,-0.10924,0,4.2,1,0.729528,-0.653003,-0.203412
29.739,12.86,-0.2335,0.282146,0,-4.5,1,0.669703,-0.725529,0.158446
30.0688,13.8045,12.8007,0.239374,0,3.8,1,-0.302338,-0.878365,-0.370226
27.011,10.888,2.4995,-1.48951,0,-3.5,1,-0.537674,-0.746938,-0.391139
31.6126,15.7339,23.5031,-0.961685,-0.0632613,-3.5,0,-0.683612,0.386095,0.619359
22.4495,8.46,1.2505,-0.0842201,0,-4.5,1,0.631298,-0.521268,-0.574232
37.995,-7.133,43.743,-0.708066,-0.942456,-1.3,0,0.273234,0.500293,0.821614
6.409,13.921,-2.702,-0.194072,0,3.8,1,-0.0371691,-0.906151,-0.421317
19.5497,22.296,6.72575,-0.098578,0,-0.631369,1,0.714097,0.684339,-0.147466
33.1985,12.5365,12.797,0.442505,0,-0.9,1,-0.555541,-0.576704,0.598988
26.329,21.383,3.011,-0.181307,0,3.44337,1,0.202682,0.828887,0.521408
19.0896,2.81862,27.9296,0.290148,0,-3.5,1,-0.914069,0.357163,-0.192127
23.9675,4.7555,30.6085,0.362281,0,-3.5,1,0.497607,0.136439,0.856604
43.2365,-4.2865,12.9465,-0.16226,0,-3.5,0,0.636835,0.61035,0.471078
19.3935,-3.89975,2.85525,0.484529,0,-4.5,1,-0.794962,-0.571945,-0.202275
17.113,15.084,-1.235,-1.60529,-0.158538,-3.5,0,0.157658,-0.976829,-0.144738
28.0763,-0.382,35.0692,0.137233,0,1.8,0,-0.380328,0.921444,0.0793177
24.2267,15.434,14.9187,0.470527,0,1.8,1,0.524365,-0.773684,-0.355605
11.723,4.7165,-1.19925,-0.063522,0,3.8,0,0.95747,-0.154981,-0.243377
37.534,19.0885,21.149,-0.136643,0,-3.5,0,0.530755,0.536253,0.656301
28.572,20.047,-0.40475,-0.197198,0,-4.5,1,0.395964,0.306289,-0.865679
17.7595,20.598,14.2985,0.507479,0,-3.5,1,-0.476991,-0.671014,0.567644
23.152,9.321,1.431,-0.260507,0,-4.5,1,0.820619,-0.155571,-0.549893
25.462,5.5755,6.482,-0.0742186,0,4.2,1,0.742799,-0.664951,0.078041
39.4805,-4.009,36.4165,0.176083,0,-1.6,0,0.468656,-0.71338,-0.52101
5.4505,15.8355,-0.28375,0.277503,0,3.8,1,-0.850338,-0.288812,0.439901
17.894,16.7215,4.6635,-0.324735,0,4.43501,1,-0.638321,-0.114067,-0.761272
21.3573,-3.9545,5.9195,0.0900166,0,-2.21337,1,0.92403,-0.217814,-0.314205
21.213,20.539,19.574,0.072471,0,1.8,1,-0.402949,0.339875,0.849775
13.1062,10.5367,1.42,0.666483,0,-3.5,1,0.979275,-0.0671066,0.191096
26.74,3.465,20.122,0.0765187,0,-0.9,1,0.5918,0.783183,0.190779
13.564,9.37675,5.04025,0.966354,0,-0.426077,1,0.364895,0.864118,-0.346629
32.516,-6.343,39.237,0.0239979,0,-1.3,0,-0.890425,0.216852,0.400148
34.442,0.594,3.335,-0.585297,-0.681779,-1.3,1,-0.591701,0.361626,-0.720498
7.78975,19.0142,-0.37725,0.382455,0,3.8,1,0.102199,0.923337,0.37014
15.3857,4.558,11.153,0.177589,0,1.8,0,-0.601911,-0.0838934,0.794144
33.2925,18.3045,0.084,-1.69891,-0.140753,-0.8,0,-0.576458,0.81686,-0.0208736
18.1015,-0.7805,21.762,0.372607,0,-4.5,1,0.00633435,-0.0564885,-0.998383
36.7238,20.48,15.2378,-0.361527,0,-3.5,1,0.513758,0.855731,0.0614642
26.9845,19.1528,12.6728,1.27582,0.0259728,-4.5,1,-0.150045,-0.964084,-0.219152
37.4893,19.7882,20.2362,0.272318,0,-3.5,1,0.414809,0.784467,0.461025
25.893,17.664,9.678,0.379273,0,3.8,1,0.224474,-0.563691,0.794898
20.0415,-1.79663,29.74,-1.61585,0,-3.5,1,-0.105652,-0.943101,-0.315275
26.6098,14.3681,15.9251,0.630659,0,-0.543655,1,-0.282354,-0.801365,-0.527342
40.2573,15.7705,1.633,0.0263148,0.0213497,-3.9,0,0.616696,0.578562,-0.533809
40.947,-2.915,36.844,0.285754,0,-1.41827,0,0.754483,-0.196834,-0.626109
30.7038,21.3757,16.3368,0.621699,0,-4.5,1,-0.414573,0.627606,0.658969
23.058,18.4075,-0.543,-1.28142,-0.0354447,-3.5,1,-0.252528,0.334991,-0.90775
37.993,17.418,0.604,-1.059,-0.229754,-3.9,1,0.496638,0.668465,-0.553629
18.9425,-0.8535,32.626,-0.165419,0,-3.5,1,-0.795423,-0.59743,-0.101882
16.4065,18.4813,2.6585,-1.86401,-0.604883,-0.8,1,-0.156549,-0.845159,0.511076
18.171,-6.653,5.1145,-0.176166,0,-0.7,0,-0.361236,-0.091917,-0.927933
10.084,14.446,2.99025,0.739627,0,-3.9,1,0.950074,0.0744253,-0.303019
22.2245,-11.3013,11.0183,-0.673672,-0.202301,3.8,1,-0.816114,-0.547558,-0.184766
24.5155,-6.842,16.2952,-0.168155,0,2.59523,1,-0.545074,-0.160386,0.822904
18.718,-3.085,2.92,0.59945,0,-4.5,1,-0.805065,-0.504995,-0.311208
16.3097,7.514,-0.725,0.383607,0.724697,-4.5,0,-0.943696,-0.244276,0.223085
37.6244,-3.34975,40.6104,-0.99807,0,-0.8,0,-0.394469,0.573449,0.718018
40.552,-2.07,36.065,0.622733,0,-1.6,0,0.78142,0.17484,-0.599011
23.252,2.32,31.15,0.526091,0.582893,-3.5,1,0.435415,0.497228,0.750452
8.3655,7.5345,4.797,-1.33371,-0.48503,-3.5,1,-0.543814,-0.321271,0.775275
6.979,19.2967,-2.94875,0.0575778,0,3.8,1,0.316998,0.715887,-0.622108
7.66725,13.7326,11.416,0.431038,0,4.5,1,-0.127643,-0.137114,0.982297
30.762,23.106,15.3162,0.16649,0,-4.5,1,-0.424742,0.725914,0.540964
37.4185,21.845,13.04,-0.427996,0,-3.5,1,0.827886,0.201424,0.523482
39.762,-2.4165,7.637,-0.056023,-0.0168082,-3.3398,1,0.606449,0.781721,-0.145367
23.5735,21.3557,0.72175,0.175414,0.376256,-1.29019,1,-0.460468,-0.332352,-0.82311
25.4167,-6.49575,17.255,0.193403,0.00189352,2.8,1,-0.79693,-0.436261,0.417828
6.714,13.419,-0.569,-0.868803,-0.948456,-3.9,1,-0.840928,-0.373011,-0.39205
27.2635,17.6877,21.5438,0.651196,0,1.98146,0,-0.166973,0.17096,0.971026
38.4465,0.1965,40.6215,0.493728,-0.00475649,-3.31857,0,-0.674082,-0.336766,0.657421
33.4,23.139,10.075,-1.2801,-0,-3.5,0,-0.845221,0.532742,-0.0422701
8.94425,4.238,2.57425,-0.282681,0,3.8,0,-0.502434,-0.688711,0.522722
19.624,-1.5405,32.2315,-0.213178,0,-3.5,1,-0.483335,-0.870723,0.0907074
15.442,-2.721,23.99,0.249015,0,-4.5,0,-0.375486,-0.926015,-0.0388043
31.717,-2.1195,5.2855,0.0828348,0,-3.2,1,-0.530057,0.847392,0.0310833
19.053,-9.084,6.012,-0.165061,0,-0.7,0,-0.284297,-0.79925,-0.529504
40.6835,-9.7825,2.533,-1.44562,-0.554808,-3.5,0,0.885774,-0.413194,-0.211366
34.3447,12.9515,1.65125,-0.403798,0,-0.8,1,0.306028,-0.915368,0.261626
20.5475,1.383,23.237,0.0713872,0,-4.5,1,0.016208,0.858907,-0.511875
15.088,9.458,8.8205,0.154189,0,-0.7,1,-0.343265,-0.918576,0.195924
37.666,1.703,37.725,0.219774,0,-3.5,0,-0.745183,0.385695,-0.544005
36.9342,-4.30175,34.9173,0.178141,-0.0266733,-1.6,0,0.508843,-0.197623,-0.837869
22.3075,20.2092,19.6152,-0.340813,-0.271484,-3.77589,1,-0.211692,0.12585,0.9692
39.685,20.719,7.304,-0.351791,0,3.8,0,0.736624,0.0399429,0.675122
35.1862,-3.90325,17.0203,-0.797848,-0.0831502,-3.51723,1,0.340897,0.687799,0.640875
18.8415,7.3155,0.03175,0.25168,0,-4.5,1,0.14936,-0.988771,-0.0048272
5.51275,10.4233,4.575,-1.48393,0,-3.5,1,-0.130743,-0.227839,0.964881
18.406,10.5358,12.0142,0.797131,0.0483014,-4.5,1,0.675153,0.412801,0.611362
15.4727,24.3155,11.4295,0.471416,0.7715,-3.5,0,-0.576513,0.602988,-0.551396
31.4785,16.6445,22.991,-0.0195368,0,-3.5,0,-0.692244,0.284908,0.663043
22.4365,-11.2032,7.40775,-0.571112,-0.0911572,-3.5,1,-0.491924,-0.866639,-0.0833582
21.068,-0.055,4.03,0.197411,0,-4.5,1,0.685619,0.713103,-0.146326
8.1555,3.9375,-2.052,-0.126464,0,3.8,0,-0.872224,-0.229518,-0.43191
17.0365,10.1195,1.394,0.725193,0.639071,-4.5,1,-0.879512,0.408255,0.244512
20.947,17.379,17.609,0.593016,0,1.8,1,-0.377717,-0.899727,0.21868
24.715,-0.9235,15.4198,-0.311836,0,2.8,1,-0.946052,0.321837,-0.0375098
15.0625,19.1488,-2.6925,-0.317808,0,-3.5,0,0.176689,0.668661,-0.72227
38.6065,-7.0195,42.8105,-0.836713,-0.388047,-1.3,0,0.84066,0.460045,0.285743
31.074,-5.722,34.753,-1.23119,0,1.79462,1,-0.727096,-0.584201,0.360613
24.7178,3.549,24.7572,0.15707,0,-3.2,1,-0.523,0.643259,-0.559185
10.9345,19.1955,2.1985,-0.532469,-0.148652,-3.5,1,-0.80058,0.00989016,0.599144
23.1063,-4.43475,33.446,-0.019187,0,1.9,1,-0.858962,-0.180389,-0.479211
23.1205,1.573,33.201,0.765303,0.650572,-3.5,1,0.494781,0.700401,0.514422
28.9385,22.1388,-0.188,-1.37348,-0.340732,-4.5,1,0.712798,0.311708,-0.628297
21.3135,5.63925,9.779,0.173842,0,3.8,1,0.862827,0.00826326,0.505431
19.3412,7.438,-0.982875,-0.170652,0,-4.5,1,0.549355,-0.817809,-0.171455
26.1562,-11.9145,17.6655,0.303071,0,1.9,1,0.0640737,-0.826102,0.559866
30.36,-5.45625,33.0905,-0.748948,-0.736935,-0.8,0,-0.705766,-0.642427,-0.298633
11.6005,3.6655,-0.76375,-0.120024,0,3.8,0,0.940386,-0.306058,-0.148332
41.1955,18.7407,8.874,-0.463073,0,-3.5,1,0.537769,0.837355,-0.0981952
32.3155,-3.2515,36.1463,-0.791251,0,1.8,0,0.314557,0.597943,0.737237
16.828,10.5577,13.17,0.983851,0.325267,-4.5,1,0.0116668,0.548955,0.835771
36.553,15.253,-0.6195,-1.39241,-0.8976,-3.74038,1,0.402854,-0.414968,-0.815788
12.8085,7.07025,1.9725,0.086032,0,0.960696,0,0.82292,-0.0747529,-0.563218
42.837,17.691,10.291,-1.51534,0,-3.5,1,0.77008,0.6317,-0.0890622
8.14975,5.734,2.105,-0.0867953,0,2.20114,1,-0.748476,-0.605915,0.269539
24.099,26.892,-1.964,-1.51377,0,-3.5,1,-0.396055,-0.376053,-0.83769
38.3485,13.173,10.3865,-0.438618,0,1.27595,1,0.817904,-0.374281,-0.436974
20.6978,-6.08525,26.354,-1.66093,-0.773385,-3.5,1,-0.62721,0.50029,0.596923
24.894,-3.819,36.101,0.15953,0,1.9,1,-0.184712,0.483943,0.855383
13.342,24.041,5.159,-0.23618,0,-3.5,1,-0.971396,0.204867,0.120083
29.2335,-10.1095,20.647,0.286344,0,-4.5,1,0.122023,-0.904529,-0.408581
11.6219,9.31863,8.13562,0.244755,0,1.8,1,-0.0193499,-0.570016,0.821406
23.948,14.848,12.508,0.714838,0.854403,-4.5,1,0.979905,-0.042749,0.194832
13.728,2.836,5.381,-0.401104,0,-3.5,1,-0.33574,0.939929,0.0617461
29.626,3.8585,25.053,0.0896848,0,-3.2,0,0.660198,0.740995,-0.122739
40.202,19.1395,9.137,-0.377119,0,-3.5,1,0.226806,0.957599,0.177658
21.435,17.0555,18.4508,-0.105435,0,1.8,1,-0.571921,-0.820283,-0.0065393
28.119,20.5225,9.65675,0.227892,0,-0.256701,1,0.0755974,0.932597,-0.352914
14.114,1.374,2.7085,-0.34859,0,-3.5,1,-0.11679,0.113638,-0.986634
35.709,-6.81725,19.4725,-1.35893,-0.0112388,-3.5,1,0.722024,-0.221681,0.655393
30.72,14.734,19.246,0.825062,0,-2.53853,1,0.0787336,-0.97679,0.199202
20.335,18.0285,13.7925,1.0353,0,-1.40259,1,0.189802,-0.845548,0.499023
26.598,26.5655,12.163,-0.0454359,0,3.8,0,0.560018,0.787661,0.256846
31.424,-9.09,26.5,0.485316,0.667626,-4.5,0,0.571334,0.0731173,0.817454
23.412,14.173,13.419,0.760238,0.203917,-4.5,1,0.926544,-0.316861,0.202771
24.357,23.782,2.723,-0.276327,0,-3.46753,1,0.515995,-0.111858,0.849257
20.4287,3.523,35.8638,-1.1895,-0.163201,-3.5,1,0.634723,0.563965,0.52827
11.5165,21.7178,-3.211,-0.719198,-0.238796,-4.5,1,0.165481,0.0956642,-0.981562
23.1375,18.183,20.2335,-1.17776,0,1.8,1,0.0282578,0.231947,0.972318
9.1385,2.04275,-1.69,-0.144993,0,3.8,0,-0.0536939,-0.868968,-0.491946
27.7798,10.2535,2.7345,-1.57683,-0.342445,-3.5,1,-0.215309,-0.914287,-0.343105
7.27875,10.589,5.99725,-1.49307,0,1.8,1,-0.795238,-0.46935,0.383805
37.6935,0.5365,39.654,0.513173,0,-3.5,0,-0.936038,-0.237898,0.259303
32.9437,-9.74,34.7225,-0.217802,0,-0.8,0,-0.241028,-0.825014,0.511134
30.849,-11.8375,24.5592,0.24883,0.00329739,-4.5,0,0.0672033,-0.837734,0.541927
39.2033,-6.009,2.87575,-1.38602,-0.365588,-3.5,0,0.00594951,0.779172,-0.626782
31.0972,22.7495,20.752,-0.037977,0,4.2,1,-0.0518211,0.997941,-0.0377805
18.8458,-1.061,26.8678,0.081113,0,-4.5,1,-0.307118,-0.603614,0.73575
3.74025,8.204,1.26437,-0.903384,0,-3.5,1,-0.79239,-0.322208,-0.517977
40.0532,-3.296,6.8725,-0.407946,-0.0804527,-3.30588,1,0.469039,0.751812,-0.463445
36.484,-5.29825,34.748,0.122113,0,-1.6,0,0.573417,0.0303577,-0.818701
27.6063,21.4465,15.8608,-0.234958,-0.0117543,1.98626,1,0.37843,0.158868,0.911895
16.1485,8.46375,13.5168,0.0692455,0,-4.5,1,-0.332475,-0.344851,0.877803
31.6922,-7.54225,0.3105,-0.113702,0,3.8,0,0.443532,-0.733362,-0.515227
17.041,-7.36975,9.92775,0.202596,0,-1.6,1,0.306811,-0.948139,-0.0830613
36.1253,-6.10075,18.8445,-1.13146,-0.0184643,-3.5,1,0.501113,0.275736,0.820277
15.747,24.931,6.6625,0.114596,0.0607741,-3.5,1,0.0551231,0.587743,0.807168
32.7095,-6.7805,31.508,0.330412,0.0631374,-0.8,0,0.0230127,0.153251,-0.987919
20.9662,12.2017,14.0647,0.609192,0,-4.5,1,0.000570596,-0.997103,0.076067
26.93,22.6835,11.3135,0.0728708,0,3.8,0,0.46736,0.0399587,-0.883164
22.0243,-8.733,10.465,0.260246,0.912506,3.8,1,-0.928808,-0.344408,0.136746
38.7373,-0.909,34.482,0.324861,0,-1.6,0,0.518443,0.458124,-0.722038
32.657,16.8533,-0.93875,-0.761069,0.298822,-2.68918,0,-0.0891955,0.536892,-0.838923
11.175,5.8575,-2.99725,-0.12084,0,3.8,0,0.696836,0.344986,-0.628811
26.43,-7.45975,23.641,0.469927,0,-3.94375,1,-0.209934,-0.529112,0.822173
13.961,-1.7245,7.627,-0.482746,-0.0628383,-1.72278,1,-0.652465,-0.636027,-0.412019
38.722,3.781,38.281,0.51064,0,-3.5,0,-0.624898,0.28926,-0.725142
24.6898,-0.5105,11.7113,-0.0821414,0,3.8,1,0.0131786,0.992154,0.124325
9.379,26.783,-1.952,-0.128098,0,-4.5,1,0.768446,0.471668,-0.432459
10.727,4.505,3.9525,-1.24026,-0.129209,3.8,0,-0.669007,-0.427575,0.607955
34.1665,-8.97525,18.7773,-1.43855,-0.840726,-3.5,1,0.641717,-0.762347,-0.0838299
2.7775,16.1295,4.58,2.79222,0.0470173,-3.9,0,-0.528508,0.581559,-0.618441
22.5175,16.416,17.869,0.0580544,0,1.8,1,-0.680088,-0.733009,0.0133399
26.1145,-9.368,22.4525,0.230336,0.0116594,-4.5,1,-0.68044,-0.723769,0.114716
38.99,15.3733,0.48975,-0.690259,-0.08371,-3.9,1,0.500983,0.10457,-0.859117
17.7235,-0.31675,33.8755,-0.288191,0,-3.5,1,-0.871707,-0.425232,-0.243526
38.6755,12.2028,10.7282,-0.770845,0,-0.9,1,0.690428,0.0560079,-0.72123
5.31075,15.8925,-4.35975,-0.0578485,0,3.8,0,-0.414148,-0.10979,-0.903564
22.9918,-12.0863,11.6295,-0.323267,-0.0515233,3.8,1,-0.715127,-0.695784,0.0669234
9.8505,20.773,-0.24575,0.754908,0,-4.5,1,-0.920402,-0.0173364,0.390588
34.7593,18.9902,1.539,-1.0091,-0.0978684,3.73801,0,-0.469503,0.730255,-0.496281
26.4145,21.7507,11.011,0.195084,0,1.83219,1,0.594535,0.391981,-0.702054
19.4395,28.6392,2.852,0.437812,0,1.9,1,0.502787,0.804507,-0.316187
39.2715,17.2925,6.75375,-0.308614,0,-3.60636,1,0.739589,0.279292,-0.612375
18.1885,17.206,3.8235,-0.372281,0,3.8,1,-0.641386,-0.578602,-0.503829
39.8965,-7.704,2.6875,-1.61625,-0.348956,-3.5,0,0.785761,0.280518,-0.551262
23.46,15.843,12.2,0.852871,-0.0290953,-4.39158,1,0.982944,0.183901,-0.000630696
25.1415,-7.05625,5.20225,-0.234164,-0.253189,1.64092,1,0.0107244,0.751186,-0.660003
28.2015,11.7417,0.393,-1.82116,-0.478703,-3.5,1,0.087299,-0.783531,-0.615189
32.7355,20.402,9.90975,-0.116222,-0.127702,1.31959,1,-0.488121,0.872607,0.0171657
27.1065,15.0669,13.7402,0.41072,0,3.8,1,-0.782583,-0.156248,-0.602619
14.2022,4.32175,9.8655,-0.0573078,0,1.8,0,-0.944207,0.255889,0.207351
22.012,15.945,-0.901,-1.11075,-0.010078,-3.5,1,-0.17058,0.715865,-0.677082
25.491,25.1775,9.5015,-0.21918,0,3.8,0,0.0210192,0.312593,-0.949655
23.3054,23.8235,3.82475,-1.36793,-0.232097,-3.5,1,0.626721,-0.206834,0.751292
12.815,21.373,6.394,-0.0486843,0,-0.850973,1,-0.743799,0.504924,-0.437967
33.2827,-1.949,34.3602,0.304761,0,1.8,0,0.100177,0.937873,0.332203
19.0065,-1.79175,29.83,-1.2056,-0.351194,-3.5,1,-0.523241,-0.836577,-0.162351
2.27813,15.1994,5.32225,3.63117,0,-3.9,1,-0.982679,0.168144,-0.0779008
18.484,25.178,9.9935,0.302927,-0.0355595,-0.8,0,0.188496,0.962665,0.194281
4.85775,14.6077,10.6255,0.155057,0,4.5,0,-0.840857,0.239614,0.48533
13.6292,24.845,3.8615,0.778513,0.160469,-3.5,1,-0.781527,0.411916,-0.468551
18.3738,-5.12275,5.208,-1.06266,0,-0.94293,1,-0.47058,-0.241411,-0.848691
26.086,26.96,-1.4355,-1.48496,-0.6009,-3.5,1,0.653216,0.0344157,-0.756389
32.762,-8.07125,30.9137,0.189074,-0.123538,-0.8,0,0.00895166,0.0314736,-0.999465
12.7257,22.188,8.9095,0.0999464,0,-0.7,0,-0.175029,0.87965,0.442245
35.841,8.0405,10.421,0.0839914,0,-0.9,1,-0.197149,-0.836666,-0.511002
33.97,13.0063,23.781,-1.89435,-0.57144,-3.5,0,0.162293,-0.970766,0.176844
34.849,13.4315,24.1795,-1.22422,-0.395503,-3.5,0,0.715412,-0.586086,0.380379
36.3735,-2.104,4.533,-0.73514,0,-1.3,0,0.278935,-0.651609,-0.705408
40.163,-6.021,3.237,-1.26999,-0.553777,-3.5,0,0.575326,0.548931,-0.606363
19.2687,2.20875,27.1092,0.562868,0,-3.5,1,-0.89164,0.284305,-0.352348
39.2005,-2.40425,12.186,0.581936,0,-3.9,1,0.0456513,0.238695,-0.970021
29.431,16.4827,4.3625,-0.494393,0,3.8,1,0.298764,-0.582245,-0.756129
31.5465,-6.359,20.4463,-0.599532,0,-3.5,1,0.147839,-0.0832723,0.9855
28.934,22.576,1.404,-1.27114,-0.0249429,-4.5,1,0.686855,0.68245,0.249984
16.8495,25.6068,14.4128,-0.888389,-0.0599479,-3.5,0,-0.425661,0.720315,0.547685
43.3575,-4.22675,8.981,-0.10328,0,-3.5,1,0.835756,0.156793,-0.52624
24.8897,4.186,25.5187,-0.0218634,0,-3.35632,1,-0.0835662,0.910438,-0.405117
28.485,15.247,21.521,0.442129,0,-1.6,1,-0.0751368,-0.103771,0.991759
26.6235,14.692,21.0665,0.317306,0,-1.6,1,-0.692558,-0.309319,0.651678
14.533,-0.729,12.7025,-1.32201,-0.362877,-3.5,1,0.221172,0.458775,0.860586
18.947,-3.3395,13.771,-1.59258,-0.178021,-3.5,1,0.0375111,-0.37802,0.925037
23.883,30.1065,0.228,-1.84811,-0.418928,-3.5,0,0.00578968,0.986116,0.165956
12.483,9.6885,-2.979,-1.15158,-0.381519,-3.5,0,0.118318,-0.337288,-0.933937
13.5735,17.646,-3.389,-0.225664,0,-3.5,0,0.0438371,-0.0881399,-0.995143
7.734,18.473,0.736,0.365263,0,3.8,1,-0.174788,0.632698,0.754415
23.92,6.461,29.582,0.641532,0.857658,-3.5,0,0.330465,0.900834,0.281586
3.259,16.864,5.102,1.13191,0.774098,-3.9,0,-0.216228,0.970005,-0.11107
17.71,29.284,4.187,0.0836836,0,1.9,1,-0.356479,0.877156,0.321745
23.083,10.41,1.811,-0.308287,0,-4.5,1,0.727455,-0.0428949,-0.684813
19.2297,0.3335,3.0735,-0.278718,-0.1487,-4.5,1,-0.0166452,0.189169,-0.981804
16.46,24.1505,14.6532,-0.320633,0,-3.5,1,-0.592181,0.10166,0.799367
31.461,-5.856,35.9305,-1.28404,-0.014326,-1.1331,1,-0.814924,-0.394622,0.424467
44.125,-0.03625,39.286,3.92026,0,-3.5,0,0.952282,-0.27505,0.13231
22.0123,27.0695,0.314,-0.258416,0,-3.5,1,-0.725755,0.669475,-0.158378
18.749,20.048,13.7325,0.992337,0,-3.5,1,-0.467826,-0.564463,0.680089
21.129,9.56675,-0.79675,0.0869398,0,-4.5,1,0.94481,-0.299576,-0.132622
36.539,22.2372,13.5868,-0.389062,0,-3.5,1,0.346934,0.579316,0.737584
21.0735,-7.356,26.957,-1.52173,-0.214793,-3.5,1,-0.502392,-0.358374,0.786873
4.12625,13.214,6.01725,1.91569,0,-3.9,1,-0.422777,-0.82686,0.370894
26.066,-15.3822,10.1045,-0.0743026,0,3.8,1,0.167618,-0.881573,-0.441286
32.611,-1.347,23.615,0.0339417,0,3.8,0,0.837857,0.521925,0.159971
34.368,16.1665,-1.934,-12.8544,0,-0.8,0,-0.0133722,-0.066937,-0.997668
32.0815,22.4855,21.451,-0.0594194,0,4.2,1,0.590348,0.802848,0.0832134
10.6272,13.8993,1.3245,0.378904,-0.304903,0.138047,1,0.706052,0.440282,0.554655
30.747,13.1475,-1.3255,-0.226602,0,-4.5,0,0.733043,-0.678917,0.0414629
22.515,-6.16825,0.39875,0.566091,0.66405,-4.5,0,0.296308,-0.81211,-0.502672
12.645,9.2355,8.174,0.0967326,0,1.8,1,-0.0139639,-0.660168,0.750988
8.6765,1.862,-0.74475,-0.171504,0,3.8,0,-0.427918,-0.903169,0.0342313
36.0802,-1.275,11.0708,0.165176,0,-3.9,1,-0.178432,0.824351,-0.537222
29.4665,-7.05425,-0.3005,-0.0957343,0,3.8,0,-0.526978,-0.3416,-0.778206
11.53,4.7495,4.551,-1.39617,-0.00962189,3.8,0,-0.123334,-0.337919,0.933059
13.5592,10.1438,5.874,0.590062,0,1.8,1,0.46464,0.596401,-0.654534
24.261,-8.437,2.943,-0.947755,-0.136382,-3.5,0,0.391207,0.0661508,-0.917922
22.1723,-3.80875,23.234,0.253523,0,-3.5,1,-0.69756,0.198993,-0.68834
4.747,9.1935,-0.599,-0.188483,0,-3.5,1,-0.397094,-0.00404319,-0.917769
31.1315,-4.709,36.578,-1.28621,-0.532792,1.8,1,-0.422226,-0.272542,0.86455
39.8742,5.37025,39.9255,0.795735,0.240147,-3.5,0,0.27492,0.95649,-0.0977008
22.52,13.4893,-2.68075,-1.84284,-0.295106,-3.5,0,0.114407,-0.511773,-0.851469
24.036,28.4403,-2.631,-1.66561,-0.148689,-3.5,0,-0.603669,0.116013,-0.788749
35.1245,0.131,13.713,0.354634,0,-3.9,1,-0.510599,0.851092,0.122194
35.4188,23.3775,9.09775,-1.9565,-0.209906,-3.5,0,0.0681357,0.57526,-0.815128
15.6425,-7.23275,9.554,0.044797,0,-1.6,1,-0.306122,-0.948667,-0.0794962
18.885,1.36025,24.9872,0.407405,0.361459,-4.5,1,-0.282984,0.948645,0.141393
29.497,16.2572,7.5135,0.0711851,0,3.8,1,-0.704076,-0.637872,0.312083
41.0667,-3.19825,12.1862,0.310652,0.164757,-3.5,1,0.443515,0.718951,0.535167
28.172,-1.425,37.0272,0.075671,0,1.8,0,-0.380878,0.316056,0.86893
39.862,5.11875,41.0052,0.526955,0.813642,-3.5,0,0.228033,0.741867,0.630583
30.517,17.1268,-4.13025,0.231159,0.69115,-4.5,0,0.219603,0.673537,-0.705778
21.964,7.624,2.639,-0.151231,0,-4.5,1,0.463739,-0.791268,-0.398548
27.588,17.255,6.04,-0.303329,0,3.8,1,-0.0766602,-0.848519,0.523583
17.2675,15.8985,4.97425,-0.266496,0,4.5,1,-0.456134,0.232759,-0.858932
21.0025,-9.48,6.64825,-0.183183,-0.151403,-3.15696,0,-0.68069,-0.718293,0.143934
22.722,4.8335,8.4705,-0.0760945,0,3.8,1,0.441094,0.476639,0.760428
35.04,18.566,22.0605,-1.53549,-0.537166,-3.5,1,-0.0942371,0.324313,0.941244
37.8037,-10.8553,2.594,-1.18442,0,-3.5,0,-0.212205,-0.842388,-0.49533
12.6388,22.7827,2.365,0.618322,0,-3.5,1,-0.614062,0.789227,0.00695602
35.0918,17.5243,22.2465,-0.454095,0,-3.5,1,0.188707,0.295962,0.936374
23.5947,25.611,9.5925,-0.211009,0,3.8,1,0.100679,0.2212,-0.970018
19.0627,-0.5695,27.7418,0.0606981,-0.519464,-3.8936,1,-0.635087,-0.728445,0.256967
22.7852,6.15475,29.6287,0.195536,0.0202048,-3.5,1,-0.425697,0.836025,0.346186
35.1825,-7.984,2.473,-0.533069,-0.42254,-3.5,1,-0.316902,0.136735,-0.93855
33.2687,22.1185,11.502,-0.304819,-0.416813,-3.5,1,-0.786712,0.591825,-0.175576
29.8283,13.981,-4.19725,0.287817,0.731204,-4.5,0,-0.161611,-0.669619,-0.724908
34.9622,10.687,13.539,-0.254161,0,-0.9,1,-0.358028,-0.384758,0.850751
35.8065,1.733,4.515,-0.594679,-0.00614965,-1.3,1,-0.183851,0.935303,0.302335
23.881,5.7375,30.35,0.474765,0.138542,-3.5,1,0.232787,0.541893,0.807565
23.69,13.6255,-2.01425,-1.74685,-0.0791285,-3.5,0,0.799019,-0.430653,-0.41965
38.776,-7.748,41.726,-0.595429,0,-1.3,0,0.962879,0.0525858,-0.264763
25.3263,20.0723,19.7895,-1.20591,-0.356174,-0.620874,1,-0.199215,0.108941,0.973882
9.2855,14.768,13.383,0.224415,0,1.8,1,-0.855143,0.170184,0.489661
34.3478,0.319,6.4315,-0.260244,0,-1.3,1,-0.286162,0.780896,0.555259
38.8867,17.3775,20.6618,-0.124721,0,-3.5,0,0.939581,-0.0202609,0.341728
39.8475,19.123,2.9175,-0.204618,0,3.8,1,0.836017,-0.193575,-0.513424
35.3802,-10.1325,40.757,-0.147801,0,-1.3,0,-0.637773,-0.702092,0.316721
20.1365,-8.055,24.5177,-1.4987,0,-3.5,1,-0.635122,-0.765033,0.106509
23.2957,24.8522,4.17225,-1.19078,-0.897884,-3.5,1,0.543645,0.225111,0.808564
20.3533,4.1335,3.22975,0.0182958,0,-0.4,1,-0.193842,-0.262636,-0.945224
15.613,22.4465,13.505,-0.00287249,0,-3.5,1,-0.731495,-0.310651,0.606968
19.102,-6.1635,5.1215,-0.229053,0,-0.7,1,-0.059765,-0.227251,-0.972001
27.99,17.01,13.955,0.419214,0,3.8,1,-0.60098,0.159961,-0.783093
34.8735,15.4945,23.5415,-1.13427,-0.803897,-3.5,1,0.672977,0.40868,0.616509
34.5765,-7.21,2.7075,0.0519112,-0.289402,-3.34986,1,-0.0271022,-0.115652,-0.99292
34.4785,-7.35225,20.2827,-1.05357,0,-3.5,1,0.530001,-0.130068,0.837963
14.2935,17.5793,11.063,0.400497,-0.0689115,0.567918,1,-0.328877,0.286998,0.899707
39.344,12.131,14.189,-0.442344,0,-0.9,1,0.383393,-0.482323,0.787638
6.125,16.442,5.667,0.374153,0,-3.9,1,0.133666,0.987704,-0.0810772
34.6945,14.9178,21.888,-0.736571,-0.191998,-3.5,1,0.797983,-0.583357,-0.151385
34.2882,14.026,21.1423,-0.333583,0,-3.5,1,0.671182,-0.738973,-0.058599
18.0163,0.85325,25.293,0.505944,0,-4.5,1,-0.327609,0.755126,0.567853
20.8582,3.203,34.2627,-0.842092,-0.32346,-3.5,1,0.63866,0.765158,-0.0815262
29.5278,-5.022,33.4748,-0.110972,-0.400974,0.323381,0,-0.3078,-0.924358,-0.225435
41.9935,-4.15475,5.93225,-1.2657,-0.257872,-3.5,0,0.49036,0.552398,-0.674095
39.119,-5.802,17.3253,0.0255149,0,-3.5,0,0.87267,0.391023,0.292487
34.0225,-7.5455,41.0045,-0.320784,0,-1.3,0,-0.798741,-0.281853,0.531576
22.6675,21.398,4.804,-0.405843,0,3.8,1,0.19628,0.848179,0.492003
37.1675,24.6432,10.754,-1.1275,-0.0857628,-3.5,0,0.461919,0.88556,0.0491389
35.376,8.26275,11.5702,0.124719,0,-0.9,1,-0.398175,-0.900276,0.175952
31.263,-2.14275,35.7567,0.0175999,0,1.8,0,0.526819,0.711686,0.46472
41.3843,-8.48575,4.97525,-0.275942,0,-3.5,0,0.601678,0.202375,-0.772676
20.099,9.92275,-3.36425,0.587557,0.708559,-4.5,0,0.249939,0.239417,-0.938195
30.1203,-12.098,23.2752,0.29089,0,-4.5,1,-0.337122,-0.936637,0.0951837
21.245,6.74075,9.94475,0.7581,0,-0.277916,1,0.961208,-0.184272,0.20524
31.894,-7.8605,35.8705,-0.812899,0,-1.01511,1,-0.786235,-0.432424,0.441411
37.225,-13.074,5.3125,-0.227653,0,3.8,1,0.445374,-0.735147,-0.511078
22.5085,-6.5135,20.851,-0.0502401,0,-3.5,1,-0.517001,-0.0241223,-0.855645
23.5965,-12.9263,11.5278,-0.067389,0,3.8,1,-0.798154,-0.600927,0.0428616
40.8457,15.3588,8.26325,-1.05387,-0.218398,-3.5,1,0.191783,-0.696215,-0.69174
29.5982,21.5425,0.501,-1.57211,-0.348586,-4.5,1,0.975512,0.197981,-0.0958093
23.9322,-4.1645,14.5437,-0.859837,-0.0855338,2.34059,1,-0.783047,0.563204,0.26389
25.9638,21.4993,17.2367,-0.779323,-0.0984654,-0.976823,1,0.800613,-0.0976843,0.591166
15.0498,6.81275,11.6675,0.850981,0.793552,-4.5,0,-0.978972,-0.158096,0.128917
38.27,17.4118,21.657,-0.0687363,0,-3.5,0,0.609496,0.0429112,0.791627
23.3745,28.6285,-1.73425,-1.35833,0,-3.5,0,-0.750243,0.345626,-0.563629
25.5438,-8.28175,37.9113,0.345158,0,1.9,0,0.140623,-0.142257,0.97979
38.7902,0.486,4.267,0.0438623,0,-1.3,1,0.814495,0.441702,-0.376161
24.956,-5.5015,29.0505,0.153753,0,-3.5,1,-0.919702,0.203754,0.335608
18.7913,29.1448,3.98475,0.528016,0,1.9,1,0.255508,0.962468,0.0914952
18.339,-0.74,30.4457,-1.185,-0.0489038,-3.5,1,-0.958471,-0.260923,0.115116
20.9443,-2.1,32.3415,-0.560681,-0.611366,1.32547,1,-0.489833,-0.829952,0.266912
23.4965,-12.021,12.8535,-0.22351,0,3.8,1,-0.493792,-0.68106,0.540672
12.6567,6.326,5.35925,-0.647475,-0.145109,-0.4,0,0.0357368,-0.955261,0.293597
12.5402,19.604,-3.0625,-0.395201,-0.227124,-4.5,1,0.456364,0.159553,-0.875371
19.8687,23.4062,-1.056,-1.4086,-0.063341,1.9,1,-0.132363,0.550384,-0.824353
29.629,-1.41975,33.4837,0.451726,0,1.8,0,0.242348,0.828822,-0.504304
8.70125,10.5162,10.5417,0.29192,0,4.5,0,-0.104312,-0.660396,0.743638
29.1577,-7.53125,0.78525,-0.0755424,0,3.8,0,-0.470206,-0.622126,-0.625992
18.7908,16.3902,4.03525,-0.422989,0,3.8,1,-0.593299,-0.261938,-0.761173
33.2332,-2.19125,24.1045,0.0254525,0,3.8,0,0.963939,0.201018,0.174395
21.1885,-11.1368,4.67125,0.38033,0.21163,-3.5,0,-0.702476,-0.699047,-0.133643
23.78,3.70875,25.7195,-0.172804,-0.43724,-3.5,1,-0.362389,0.504159,-0.783899
24.952,-2.885,35.4675,-0.0400432,-0.250975,1.9,0,-0.0576525,0.444324,0.894009
21.1227,-9.6735,8.40125,-0.85359,-0.55325,-3.5,1,-0.883857,-0.415804,0.21425
18.9495,18.2477,1.54125,-0.415433,0.0897847,-0.8,1,-0.158317,-0.941003,0.29908
25.018,29.4405,0.43475,-1.5864,0,-3.5,0,0.554695,0.68307,0.475109
19.0275,2.794,33.3085,-0.84197,-0.00221119,-3.5,1,-0.479915,0.795272,-0.370438
12.2738,-0.69725,3.545,-1.34555,0,-3.5,0,-0.425722,-0.456997,-0.78097
38.7575,22.3062,4.15075,-0.261733,0,3.8,1,0.314734,0.914584,-0.253924
12.1985,-2.06475,5.225,-1.64441,-0.416619,-3.5,0,-0.469451,-0.880812,0.0615342
42.7545,14.2332,9.6,-1.40345,-0.44722,-3.5,0,0.618051,-0.78203,-0.0802691
33.2878,-6.1,39.8915,0.0875831,0,-1.3,0,-0.760136,0.330601,0.559372
28.2288,2.33125,23.086,-0.242749,0,-3.2,1,0.838726,0.224546,-0.496102
24.9393,18.7985,11.1962,0.477904,0,-0.8,1,0.573535,-0.812311,0.105871
33.36,-3.479,35.904,-0.0892629,-0.415326,1.1723,0,-0.0764784,0.673252,0.735447
7.24175,27.1235,0.008,0.495357,0,-4.5,1,-0.606837,0.379153,0.698564
28.1475,14.062,-1.8815,-0.568241,0,-4.5,0,-0.903781,-0.289154,-0.315548
29.7003,12.111,3.08975,-0.80601,0,-3.5,1,0.992793,-0.117919,0.0213775
37.08,22.9655,12.4637,-0.751813,0,-3.5,1,0.595377,0.557588,0.578465
23.8148,27.7925,17.732,0.92398,0,-3.9,0,0.82318,0.566363,-0.0400979
30.1945,21.4745,22.9385,0.00244681,0,4.2,0,0.131503,0.380145,0.915531
32.7887,-1.20275,9.85925,0.00182221,0,3.8,1,0.449261,0.879328,-0.157946
21.8095,27.549,20.0198,1.9937,0.292688,-3.9,0,0.143214,-0.180803,0.973036
9.0775,16.814,5.9465,0.091093,0,2.08545,1,-0.543752,0.838804,-0.0272537
8.6625,9.7175,7.416,0.0570619,-0.0032139,3.19459,1,-0.641852,-0.752883,0.145579
41.6625,-10.5492,8.23075,-0.393278,0,-3.5,1,-0.0707056,-0.889848,0.450745
17.3993,2.31575,34.5288,-1.29569,0,-3.5,1,-0.830077,0.377207,-0.410715
37.437,-10.822,40.7745,0.186316,0,-1.3,0,0.250242,-0.96817,0.00506674
33.774,-12.5013,7.7365,0.0122729,0,3.8,1,-0.150903,-0.979745,0.131637
19.0077,1.1665,27.0653,0.733211,0,-3.5,1,-0.897681,0.372023,-0.236151
17.4447,28.124,4.9905,0.0644055,0,1.9,1,-0.401273,0.448737,0.798508
36.7425,0.71575,2.1435,0.0665627,0,-1.3,0,0.132711,0.114519,-0.984517
37.2427,1.63125,14.4645,2.46214,0.205559,-3.9,1,-0.542931,0.837384,0.0633555
24.5173,-8.06525,33.2245,-0.451124,0,1.9,1,0.118221,-0.671999,-0.731055
29.319,21.5557,1.689,-1.53398,-0.61442,-4.5,1,0.829854,0.188413,0.525208
10.0772,13.887,13.7467,0.319385,0,1.8,1,-0.486622,-0.491258,0.722402
32.122,-1.7175,31.369,0.195729,0,1.8,0,0.0635111,0.923857,-0.377432
35.062,1.212,2.7625,-0.894576,-0.877867,-1.3,0,-0.685536,0.400271,-0.608132
23.883,29.5233,1.065,-1.6941,-0.106384,-3.5,0,-0.118522,0.563863,0.81732
21.666,-6.40825,27.145,-1.04938,-0.306043,-3.5,1,-0.103851,0.365461,0.925015
29.1205,13.8285,4.1925,-0.567948,0,-3.5,1,0.963499,0.236198,0.126016
6.2165,19.7948,-2.3525,0.132336,0,3.8,0,0.0891324,0.966585,-0.240351
23.356,-10.5452,3.60075,-0.255785,0,-3.5,0,0.300682,-0.602962,-0.738937
16.9035,11.3132,12.2502,0.658052,0.269494,-3.78696,1,-0.000253179,0.551816,0.833966
21.7083,-9.8915,13.159,-0.785479,-0.809394,3.8,1,-0.870197,-0.160818,0.465719
26.9932,2.9435,22.0385,0.0396978,0.0912539,-0.9,1,-0.0648889,0.980529,-0.185342
39.259,4.23075,41.4588,0.248783,-0.18586,-3.5,0,-0.186722,0.602997,0.775583
15.792,14.908,12.404,0.623388,0,-2.6,1,-0.228104,-0.319153,0.919842
13.4602,11.4405,-2.9345,0.0648747,0.188784,-3.5,0,0.388818,-0.201535,-0.899002
43.5527,-9.81025,7.451,-0.0350214,0.189963,-3.5,0,0.937429,-0.348177,-0.00036934
26.4675,-11.1205,18.3748,0.111066,0,1.9,1,0.131037,-0.504869,0.853192
18.705,28.4438,2.195,0.353412,0,1.9,1,0.0177539,0.617847,-0.786098
40.7415,4.53925,40.1917,0.499726,0,-3.5,0,0.841653,0.498637,0.207321
32.0395,17.6903,22.749,0.0507447,0,-3.5,1,-0.184881,0.502227,0.844741
30.7617,18.4377,22.6567,0.251554,0,4.2,0,0.0419595,-0.187355,0.981396
25.9603,22.9907,17.812,-0.392226,0,-3.9,1,0.781574,0.374717,0.498728
31.91,-10.544,13.0653,-0.0743323,0,3.8,1,0.808205,-0.581541,0.0928155
27.3555,-11.435,17.0475,0.0959432,0,1.9,1,0.478237,-0.783812,0.396142
11.5575,15.7627,13.9797,0.30607,0,1.8,1,-0.00554819,0.661259,0.750137
15.936,8.9535,8.085,0.19125,0,-0.7,1,-0.557083,-0.740407,0.376106
4.1275,9.72425,0.346,-0.290689,0,-3.5,1,-0.744614,0.495562,-0.447179
20.2465,25.1195,19.012,0.361418,0,-3.9,1,-0.723822,-0.244154,0.645346
39.134,-0.3995,16.2868,1.59019,0.733149,-3.9,1,0.454461,-0.362659,0.813599
27.6108,14.281,13.1552,0.323961,0,3.8,1,-0.648322,-0.224673,-0.727462
37.778,0.78,36.916,0.231969,0,-2.55021,0,-0.691505,0.618394,-0.373375
7.7195,16.484,5.8905,-0.920284,-0.101874,-0.4,1,-0.274551,0.958563,-0.0760148
18.2755,-0.2255,27.0075,0.1263,0.0899067,-4.01788,1,-0.850746,0.120299,0.511624
17.02,6.6235,13.101,-0.0734756,0,-4.5,1,-0.0848354,-0.471963,0.877527
3.98,8.655,0.2245,-0.270038,0,-3.5,1,-0.77478,-0.289926,-0.561835
42.888,-3.1865,9.2335,-0.0178235,0,-3.5,1,0.584515,0.725281,-0.363744
17.8435,1.4815,24.401,0.303487,0,-4.5,1,-0.0434268,0.998172,0.0420381
25.6632,-5.686,36.8128,0.108012,0,1.9,0,0.109453,0.317215,0.942016
26.081,21.9023,-1.98275,-0.160616,0,-0.4,1,0.177755,-0.404658,-0.897026
12.0848,-1.95675,12.5065,-1.57175,-0.475257,-3.5,0,-0.849661,-0.117463,0.51408
18.9692,2.0235,9.87225,0.130345,0,0.149194,1,-0.0365161,0.161529,0.986192
19.9548,4.33175,28.4032,0.197589,0,-3.5,1,-0.598021,0.798498,0.0690722
4.38925,16.8178,-1.50275,0.0977056,0,3.8,0,-0.86416,-0.196407,0.463306
27.2717,22.3155,-1.767,-0.278174,0,-0.4,1,0.552321,-0.0753679,-0.830217
20.6355,-7.77525,26.0545,-1.40523,-0.130359,-3.5,1,-0.569887,-0.696407,0.436173
21.8595,17.9893,20.1375,-0.880383,-0.883136,1.8,1,-0.495568,-0.186539,0.848301
28.703,4.04825,26.0798,-0.258133,0,-3.2,0,0.254043,0.78469,0.56544
38.242,20.1035,9.2205,-0.185068,0,-3.5,1,0.865741,0.500286,-0.0143687
18.4205,-1.4045,13.4288,-1.82869,0,-3.5,1,-0.248754,0.273949,0.929017
29.459,12.1045,15.0007,0.149082,0,3.8,1,-0.309891,-0.868499,-0.386881
20.425,-5.10825,0.61975,-0.240889,0,-4.5,1,-0.760752,-0.531953,-0.371863
21.686,2.08125,18.5753,0.00033291,0,-0.9,1,-0.920298,0.391206,0.00312475
9.09175,17.5772,9.0775,-0.778028,-0.58201,4.5,1,-0.573879,0.817738,-0.0443635
12.6278,7.31975,7.31175,-1.40992,-0.193658,-0.4,0,0.122404,-0.420163,0.899156
27.4225,23.589,-1.21825,-0.285762,0,-0.4,1,0.615478,0.493263,-0.614718
32.3955,-4.2925,23.8775,0.0164267,0,3.8,0,0.693532,-0.720204,0.0179013
11.5323,7.15025,7.16675,-1.14378,-0.155246,-0.4,0,-0.354921,-0.592796,0.722928
25.567,23.655,17.129,-0.437177,0,-3.9,1,0.572705,0.753678,0.322457
31.8617,14.868,24.3202,-1.1575,0,-3.5,0,-0.451631,0.24004,0.859308
16.4947,25.444,13.249,-0.850232,-0.86723,-3.5,0,-0.444286,0.870861,-0.210264
31.8605,20.4347,9.053,-0.136781,0,3.8,1,-0.0666144,0.924243,0.375948
14.3663,25.7325,3.65975,0.740911,0.752063,-3.5,1,-0.504495,0.718341,-0.479031
36.772,9.785,9.706,-0.343757,0,-0.9,1,0.306561,-0.550943,-0.776197
24.7995,3.12975,8.4555,0.0108139,0,3.8,1,0.956126,-0.0725053,0.283843
39.6555,4.06625,37.8018,0.679859,0.859936,-3.5,0,-0.112156,0.500292,-0.858562
35.37,-10.2935,38.629,0.195332,0,-1.3,0,-0.0881853,-0.859331,-0.503759
22.1245,-11.691,12.13,-1.36792,-0.839438,3.8,1,-0.622067,-0.773786,0.119536
40.1987,13.5173,5.54,0.0351163,0,-3.9,1,0.311787,-0.259254,0.914098
17.553,0.9975,11.1228,-0.30865,-0.565171,-3.5,1,0.152516,0.616558,0.772395
14.4355,2.44,3.1285,-0.231121,0,-3.5,1,0.195889,0.433462,-0.879624
23.1165,16.208,18.7385,-0.413296,-0.388046,1.64374,1,-0.43073,-0.784492,0.446145
40.9002,17.6852,7.30075,-0.308238,0,-3.5,1,0.531711,0.186576,-0.826119
33.6432,-7.89125,20.524,-1.47703,0,-3.5,1,0.156254,-0.188925,0.96948
27.432,19.173,11.776,1.05275,0.0759364,-4.5,1,-0.351158,-0.925189,0.143925
30.376,-13.153,7.245,0.0493259,0,-1.6,1,0.136911,-0.923405,0.358578
34.2975,14.9382,24.727,-1.84103,0,-3.5,0,0.503931,0.30279,0.808932
29.6392,3.57525,26.2055,0.212806,0,-3.2,0,0.492608,0.637561,0.592329
13.9593,0.00675,25.539,0.282564,0.304454,-4.5,0,-0.628512,0.624932,0.463069
22.251,24.6205,4.6485,-1.92652,-0.283924,-3.5,1,0.127166,0.0780624,0.988805
19.143,-9.29425,7.18175,-0.170454,0,-0.7,0,-0.121596,-0.967411,0.222103
40.6268,-3.87425,37.1395,0.137844,0,-1.22169,0,0.535374,-0.694944,-0.480029
39.3787,-3.0155,35.164,0.42783,0,-1.6,0,0.467608,-0.509694,-0.722188
32.496,14.3418,15.1952,0.350314,0,3.8,1,0.443225,-0.886656,0.131879
28.8622,10.719,2.2775,-1.37543,-0.29711,-3.5,1,0.621353,-0.679311,-0.390458
16.1232,3.2395,11.1892,0.0267184,0,1.8,1,0.00886705,-0.186253,0.982462
38.7202,-8.23625,16.6147,0.564381,0.866776,-3.5,1,0.403542,-0.901208,0.158046
28.3843,13.1595,16.948,0.406506,0,-1.6,1,-0.442689,-0.896542,-0.0154535
23.1957,-6.5125,6.4245,0.147363,0.594316,-0.7,1,0.198328,0.712648,-0.672903
9.6645,10.502,10.1905,0.480939,0,4.5,0,0.387115,-0.721909,0.573576
35.7062,-9.62225,2.53,-0.596183,0,-3.5,1,-0.273231,-0.778778,-0.564668
36.0795,-10.355,41.5228,0.0159538,0,-1.3,0,-0.443992,-0.769039,0.459837
13.03,12.6665,0.90475,0.431608,0.067794,-3.5,1,0.574106,0.440935,0.689912
8.61275,5.41675,2.9505,-0.239991,0,0.553519,1,-0.696247,-0.558846,0.450479
22.3105,-1.18875,12.3298,-0.206708,0,1.28552,1,0.018448,0.402814,0.915096
31.8635,-7.02975,36.7977,-1.33485,-0.503286,-1.3,1,-0.87462,-0.23529,0.423886
31.5613,12.2115,11.1655,0.0871064,0,3.8,1,-0.61703,-0.78554,-0.0469172
30.0438,-13.081,3.939,0.0350576,0,-1.6,1,-0.0769071,-0.675599,-0.733247
19.5185,3.1955,36.287,-1.52388,-0.551677,-3.5,1,-0.0184057,0.604541,0.796362
14.781,0.85175,11.766,-0.240026,0,-3.5,1,-0.0592467,0.664814,0.744656
23.8775,2.72725,5.4675,-0.0535333,0,3.8,1,0.454002,-0.22878,-0.861128
23.1782,6.85425,8.22325,0.135921,0,4.00217,1,0.214681,-0.353778,0.910359
36.7323,-7.898,37.1198,0.00624829,0,-1.3,0,0.750793,-0.61916,-0.230112
25.5245,25.6898,-1.67625,-0.424761,0,-3.5,1,0.146913,-0.248742,-0.957363
42.993,-4.84075,40.3085,-0.654226,-0.775195,-0.8,0,0.828693,-0.466384,0.309443
37.761,-4.991,17.993,0.274804,0.361774,-3.5,0,0.316438,0.767467,0.55755
19.7255,12.4493,1.43975,-0.357727,0,-4.40299,1,-0.928884,0.19234,-0.316511
38.249,22.0842,2.7645,-0.297365,0,3.8,0,0.0380903,0.794197,-0.606465
40.4103,-8.9475,9.15425,0.634587,0.201554,-3.5,1,-0.320799,-0.549764,0.771264
40.3758,10.907,3.68575,0.700651,0,-3.9,1,-0.0445534,-0.898293,0.437132
15.5425,23.6318,1.847,0.624558,0.0750772,-3.5,1,-0.106481,0.701154,-0.705015
22.7455,-4.981,14.452,-1.45833,-0.0333807,1.9,1,-0.681685,0.48037,0.55186
8.84625,9.04075,6.36675,-0.143325,0,1.8,1,-0.680273,-0.670049,0.29709
17.1903,14.8918,4.51725,-0.146761,0,4.5,1,-0.477631,0.375716,-0.79417
34.4015,-12.66,6.7935,0.046666,0,3.8,1,-0.374002,-0.920115,0.116241
17.1798,2.58575,35.8462,-1.5028,-0.636516,-3.5,1,-0.683834,0.644198,0.342608
31.7705,-12.8643,10.465,-0.049032,0,3.8,1,0.153004,-0.955521,0.252129
21.8808,-11.5227,5.3625,0.459972,0.616872,-3.5,0,-0.475593,-0.849409,0.228727
32.2735,-9.63525,31.7192,-0.597122,-0.937195,-0.8,0,-0.248381,-0.800084,-0.546052
34.0255,22.9377,8.9935,-1.9509,-0.674964,-3.5,0,-0.411598,0.435942,-0.800339
23.273,-2.5215,19.4495,-0.00944651,0,-0.9,1,-0.817909,-0.434462,-0.377185
32.522,-1.128,13.886,0.218901,0,-1.5185,1,-0.187312,0.948329,-0.256099
22.6408,1.71175,23.2165,-1.52768,-0.293129,-4.5,1,-0.275917,0.816115,-0.507766
36.4365,0.9085,14.068,1.34386,0.28928,-3.9,1,-0.520997,0.848262,0.0949375
12.2345,0.82975,3.272,-1.6687,0,-3.5,0,-0.319052,-0.0470404,-0.946569
19.88,17.4115,17.5575,0.317882,0,1.8,1,-0.363639,-0.893224,0.264418
37.372,19.7265,14.8255,-0.42024,-0.204783,-3.5,1,0.761607,0.644633,-0.0663546
24.9548,-11.9535,17.0343,0.467739,0,1.9,1,-0.445233,-0.821144,0.357057
33.2388,15.0935,24.658,-1.30543,0,-3.5,0,-0.111856,0.294524,0.949075
7.799,14.5625,-2.4155,-0.297567,0,3.8,1,0.364071,-0.656078,-0.66107
6.77025,25.5775,-0.52875,0.26509,0,-4.5,1,-0.857496,-0.0224003,0.514004
22.0697,2.05825,33.6162,0.125015,0,-3.5,1,0.645025,0.609572,0.460831
24.2495,1.7665,6.44925,-0.0263713,0,3.8,1,0.691414,-0.495126,-0.526115
43.9132,-5.114,9.80475,-0.638088,-0.552112,-3.5,1,0.832058,0.212651,-0.512308
23.819,6.2665,28.489,0.475641,0.272188,-3.5,0,0.202126,0.966952,-0.155397
36.356,14.4215,3.1215,0.382066,0,-0.846411,1,-0.287306,-0.956679,0.0471201
39.9985,15.6938,7.705,-0.328152,0,-3.5,1,0.516035,-0.733811,-0.441846
28.816,16.42,21.453,1.39224,0.223776,4.2,1,-0.130013,-0.0910729,0.987321
38.769,18.898,13.885,-1.22559,-0,-3.5,1,0.741734,0.498764,-0.448402
25.301,21.342,3.669,-0.26601,-0.00473317,3.8,1,0.290906,0.928122,0.2323
18.2197,2.20675,33.4422,-0.564664,0,-3.5,1,-0.74767,0.441881,-0.495712
30.847,-5.36,32.152,-0.610251,-0.455249,-0.8,0,-0.730103,-0.444958,-0.518615
39.4035,13.364,14.7655,-0.102649,0,-0.9,1,0.46597,-0.107695,0.878222
30.1348,11.823,15.7242,0.103915,0,3.8,1,0.133027,-0.988695,-0.0691822
23.8097,-3.08075,31.5355,-0.412961,0,1.8234,1,-0.0612254,-0.794858,-0.603699
22.7367,0.74925,16.928,0.0258663,0,-0.9,1,-0.288445,-0.230603,-0.929313
18.8913,11.046,-1.34175,-0.458274,0,-4.5,1,-0.472676,0.825938,-0.307252
22.9438,-3.89825,-1.18625,0.779966,0.905445,-4.5,1,0.554129,-0.35769,-0.751664
16.7595,24.408,11.3685,0.211558,0,-3.5,0,-0.312793,0.86263,-0.39753
21.015,21.253,0.123,-0.648627,0,1.9741,1,0.634415,-0.336395,-0.695957
34.864,21.374,5.0385,-0.270764,0,3.8,1,-0.755756,0.643333,0.122291
40.737,0.4335,36.6463,0.563807,0,-3.5,0,0.308692,0.192286,-0.931523
33.3085,-5.07325,37.825,0.418145,0,-1.3,0,-0.67633,0.5707,0.465703
42.8452,-8.03375,7.09025,-0.372254,0,-3.5,0,0.811441,0.525294,-0.256183
37.3073,0.326,6.96275,-0.261832,0,-1.3,1,0.155457,0.808354,0.5678
11.746,17.051,11.7817,0.292729,0,1.8,1,0.196725,0.802998,0.562577
16.934,24.3635,9.94575,0.370174,0.338141,-0.8,0,-0.833723,0.542765,-0.101549
27.4535,9.8715,7.1355,-0.0919395,0,4.2,1,0.927963,0.354186,0.115921
23.37,15.2257,17.3538,0.324556,0,1.6142,1,-0.703895,-0.694622,0.14843
42.4212,-4.55225,41.289,-1.06701,-0.876608,-0.8,0,0.586119,-0.224719,0.778438
20.0035,-5.7215,4.89675,-0.159666,0.0652258,-2.19605,1,-0.252464,-0.52128,-0.815186
24.156,28.3275,1.313,-1.59234,-0.505186,-3.5,1,0.0725879,0.41934,0.904923
22.3185,-4.56675,24.4097,0.312554,0.131821,-3.5,1,-0.240291,0.52072,0.819214
36.191,-7.40225,33.8255,0.861548,0.130907,-0.8,0,0.8626,-0.282339,-0.41977
29.335,13.1287,13.923,0.212284,0,3.8,1,-0.102633,-0.864073,-0.492792
14.6035,9.9105,6.116,0.470189,0,-0.7,1,-0.191909,0.750392,-0.632521
39.1355,-1.615,7.267,-0.0350894,0,-1.3,1,0.867182,0.489501,0.0915641
30.2465,-4.3255,36.253,-0.734256,-0.905923,1.8,1,-0.213387,-0.405878,0.888667
31.283,-7.641,33.557,-0.686518,0,-0.8,0,-0.939313,-0.318433,0.127642
23.9675,27.1807,12.172,0.000186266,0,3.8,0,0.117864,0.972084,0.20288
15.1497,8.807,12.9607,0.965258,0.34373,-4.5,0,-0.804235,-0.174591,0.568088
24.0522,-5.88075,36.2233,-0.219732,0,1.9,0,-0.482774,0.303273,0.821556
23.642,6.1775,27.4683,-0.87831,-0.793493,-3.5,0,0.464324,0.857197,-0.222747
14.5863,2.93025,8.31525,0.127586,0,1.56166,0,-0.99248,0.0518885,-0.110863
17.85,4.954,4.393,0.219022,0,-0.7,1,-0.212148,-0.153143,-0.965163
24.2687,29.3965,-1.9135,-1.59453,-0.563201,-3.5,0,-0.28492,0.828862,-0.481464
14.735,18.1875,1.7815,-0.644665,-0.337035,-3.5,1,-0.190336,-0.77592,0.601432
18.576,-2.15225,2.37375,0.67146,0.442897,-4.5,1,-0.855921,0.0104991,-0.516999
18.357,23.4853,15.501,0.349997,0,-3.5,1,-0.303502,0.29855,0.90485
22.6805,-1.494,19.4935,0.220851,0,-0.9,1,-0.850196,-0.517098,-0.0988797
28.8915,10.0642,3.513,-1.79472,-0.725294,-3.5,1,0.473118,-0.877741,-0.0756928
28.5865,1.254,23.4025,-0.252661,0,0.379806,1,0.648307,0.49495,-0.578551
24.322,-3.2445,7.25675,-0.120869,0,3.8,1,-0.0506828,0.165468,-0.984912
23.1245,3.575,19.6515,-0.11807,0,-0.9,1,-0.531408,0.761365,0.371389
15.9578,-4.82225,12.0522,-0.152212,0,-1.6,1,-0.313279,0.0388687,0.948865
23.734,-9.806,15.66,0.0601826,0,1.9,1,-0.883684,-0.424274,0.19772
34.5935,14.2915,20.1432,-0.15346,0,-3.5,1,0.552793,-0.80927,-0.198753
22.398,5.27875,25.9613,-0.992261,-0.302269,-3.5,1,-0.423654,0.412972,-0.806208
29.1057,22.0168,23.1003,-0.0132484,0,4.2,0,-0.0173436,0.618892,0.785284
25.258,26.6025,-1.994,-1.5251,-0.665616,-3.5,1,0.269058,-0.346788,-0.898524
22.574,-8.06425,34.3903,-0.965928,0,1.9,1,-0.873221,-0.421068,-0.245332
32.7152,-7.75525,39.0402,0.123668,0,-1.3,0,-0.823127,-0.421573,0.380445
25.8937,-6.47475,37.529,0.185559,0,1.9,0,0.193076,0.518473,0.833011
17.645,1.39025,36.863,-1.69863,-0.0567302,-3.5,0,-0.472584,-0.0167482,0.881126
22.935,14.4318,-2.864,-2.08087,-0.875843,-3.5,0,0.356635,0.168977,-0.918835
41.5462,-9.6,4.7705,-1.18682,-0.885408,-3.5,0,0.440253,-0.240528,-0.865057
25.7213,-14.5028,9.07225,-0.0892715,0,3.8,1,-0.0501511,-0.5348,-0.843489
18.851,9.543,-3.13325,0.116272,0.198701,-4.5,1,-0.352522,0.314981,-0.881201
37.1893,22.3885,4.90275,-0.299463,0,3.8,1,-0.232404,0.969458,-0.078355
34.759,-9.27975,2.48725,-1.29947,-0.275712,-3.5,1,-0.396534,-0.422169,-0.81519
25.745,-0.564,11.4618,0.00165489,0,2.91999,1,0.177468,0.906334,-0.383488
40.3802,-7.2705,3.47,-1.7062,-0.235349,-3.5,0,0.799212,0.0561631,-0.59842
30.941,-11.4082,21.9645,0.769139,0.379418,-4.5,1,0.533352,-0.454698,-0.713292
21.722,21.4578,19.261,0.313982,0,-2.30105,1,-0.297939,0.0862808,0.950678
3.98775,18.17,-1.21425,0.105838,0,3.8,0,-0.942274,0.111991,0.31556
11.035,18.897,-3.2275,-0.544658,-0.950328,-4.5,1,-0.174678,-0.0703255,-0.982111
27.7118,18.5123,10.335,0.755398,0.681199,-2.69807,1,-0.0763884,-0.910733,0.405869
6.88925,18.991,0.1985,0.310087,0,3.8,1,-0.0438406,0.687693,0.724677
19.8265,17.6875,1.421,-0.409145,0,-2.59139,1,-0.745546,-0.665582,0.03408
9.465,8.725,7.525,-0.0728268,0,1.8,0,-0.385141,-0.725838,0.569934
21.4375,26.1478,3.22475,-0.353977,0,-2.84073,1,0.478685,0.800173,0.361364
42.132,-5.97675,5.65475,-0.657413,-0.100328,-3.5,0,0.812168,0.0526208,-0.581046
8.02625,9.909,8.7145,0.0520564,0,4.5,1,-0.377974,-0.919541,0.10761
39.0892,-2.112,34.4025,0.318155,0,-1.6,0,0.569615,-0.203592,-0.796297
16.3102,8.41025,10.1313,0.175523,0,-4.12207,1,-0.800843,-0.371039,-0.470086
43.3317,0.46775,38.094,8.44349,0,-3.5,0,0.614933,0.0892469,-0.783513
27.135,-4.14025,4.22475,-0.0841437,0,3.8,1,-0.846893,0.301587,-0.437969
30.3372,-4.25275,1.65175,-0.128137,0,3.8,1,0.0847672,0.983981,-0.156831
3.93625,15.9497,-2.29875,0.0320073,0,3.8,0,-0.979413,-0.154198,0.130283
7.883,18.4435,-3.25025,-0.024486,0,3.8,1,0.246579,0.493242,-0.834213
23.7822,21.2523,5.7845,-0.397103,0,3.8,1,-0.0640659,0.996409,0.0553582
25.7955,25.6745,14.2245,0.0449547,0,3.8,0,0.585011,0.642973,0.494315
20.708,8.8225,-1.475,-0.607761,0,-4.5,1,0.803163,-0.550099,-0.228737
36.9422,0.093,36.0415,0.230464,0,-1.6,0,-0.434171,0.899762,-0.0438656
7.07975,16.096,5.13,-0.351649,-0.478404,-0.660162,1,0.00864795,0.981435,-0.191601
18.0268,-8.52175,7.94525,-0.134918,0,-0.7,1,-0.445082,-0.717285,0.5361
29.0915,-5.01062,34.5456,0.131239,0,1.8,1,-0.0784819,-0.996799,0.015273
7.2245,12.502,10.7175,0.474728,0,4.5,1,-0.227012,-0.38714,0.893637
12.8877,16.9495,0.7975,0.0378843,0,-3.5,1,-0.152821,-0.410166,0.899116
10.0409,2.78688,1.36688,-0.298494,0,3.8,0,0.303563,-0.661154,0.686094
20.2805,5.57075,3.18088,0.377614,0,-0.4,1,-0.103234,-0.260512,-0.959935
15.5562,22.7757,11.066,0.337846,0,-3.5,1,-0.755864,0.518082,-0.400326
15.377,5.829,5.0435,0.176559,0.262755,-0.7,1,-0.693117,-0.671385,-0.262357
24.7681,-3.01,16.9177,-0.140572,0,2.8,1,-0.973843,0.111976,0.197714
11.283,1.76925,3.72075,-1.58511,0,-3.5,0,-0.717331,0.0919719,-0.690636
25.185,-7.9995,23.806,0.276701,0,-3.5,1,0.254758,-0.813989,0.522035
10.5564,5.68988,4.19356,-0.525381,0,3.8,0,-0.435107,-0.411809,0.800684
26.6099,16.9039,6.167,-0.0856477,0,3.8,1,0.584569,-0.669142,0.458833
22.263,-6.339,1.403,0.117868,0,-4.5,0,0.257897,-0.957414,-0.129797
32.0576,-2.72525,3.83275,-0.153025,0,-3.2,1,-0.601052,0.623255,-0.500291
10.9535,8.0155,-1.898,-0.286777,-0.683231,-1.8292,0,0.254578,-0.0302507,-0.966579
30.36,-12.535,11.904,-0.0499264,0,3.8,1,0.137343,-0.983767,0.1155
21.8248,-3.05875,5.5295,0.23849,0,-4.5,1,0.950744,-0.304169,0.0597253
8.3235,16.317,2.05075,0.789515,0,-3.9,1,0.0610503,0.759499,0.647638
11.6788,15.5975,3.6985,0.321903,0,4.5,1,0.466389,-0.407348,-0.785207
26.1055,-1.833,29.5855,0.264456,0,1.8,1,0.993837,0.0339014,-0.105541
33.1345,-0.34,5.278,0.0392398,0,-1.3,1,-0.913395,0.395071,0.0981218
26.097,1.446,27.663,0.30307,0,-3.2,1,0.40775,0.567363,0.715429
12.7651,17.0158,-3.15519,-0.167522,0,-3.5,0,0.094972,-0.430297,-0.897678
31.693,-9.4625,24.3353,0.184147,0,-4.5,0,0.918702,0.393054,-0.0386692
26.25,15.6431,20.917,0.607463,0,-1.6,1,-0.684293,-0.145792,0.714485
38.5215,-3.188,9.7345,1.19991,0,-3.5,1,0.137575,0.928514,0.344869
22.7642,16.3342,16.7186,0.303698,0,1.8,1,-0.890962,-0.417597,-0.178324
27.9237,12.9401,17.8421,0.390386,0,-1.6,1,0.00660421,-0.960612,-0.277813
36.6125,-2.08,34.2751,0.373196,0,-1.6,0,-0.267941,0.299208,-0.915796
29.8092,1.5965,26.1017,0.331033,0,-3.2,0,0.849137,-0.362589,0.38405
23.2132,28.2668,18.5002,1.8315,0,-3.9,0,0.79903,0.568579,0.195622
28.464,17.0335,6.92475,-0.0650277,0,3.8,1,-0.485136,-0.8295,0.276717
14.9785,-2.1775,12.1595,-1.32403,0,-3.5,1,0.601426,-0.568205,0.561631
28.615,3.812,23.521,-0.507973,0,-3.2,1,0.573534,0.304124,-0.760636
40.4684,15.6482,3.24275,0.238036,0,-3.9,1,0.684388,0.724235,0.0842478
15.6649,5.43988,5.91937,0.604479,0,-3.19672,1,-0.935387,-0.309508,-0.171046
27.5931,-9.67712,19.8824,0.207332,0,-4.5,1,-0.151848,-0.987346,0.045728
19.4489,7.16444,0.831813,0.899655,0,-4.5,1,0.0403389,-0.977814,-0.205554
21.4776,10.8604,9.35325,0.891437,0,-4.5,1,0.687454,0.344922,0.63909
17.6075,1.1385,34.057,-1.19078,-0.10533,-3.5,1,-0.946332,0.00971987,-0.323051
29.7805,23.4865,12.9805,0.922578,0.792924,-4.5,1,0.0990783,0.995028,-0.0101802
9.93925,6.5875,-3.26038,-0.148509,0,3.8,0,0.116749,0.501488,-0.857251
22.6295,12.3855,-0.2665,-0.884135,0,-3.5,1,0.567852,-0.751845,-0.335071
24.3838,-5.64825,6.96063,-0.170998,0,3.8,1,-0.307951,0.478436,-0.822354
35.4104,14.561,3.58838,0.382582,0,-0.8,1,0.135544,-0.972777,-0.187973
33.9017,15.8916,23.8984,-1.20757,-0.198923,-3.5,1,0.254231,0.595678,0.761928
21.919,-4.82225,6.94975,-0.114519,0,-0.7,1,0.690832,0.238842,-0.682426
14.9509,-6.80075,10.2824,0.00274182,0,-1.6,1,-0.729343,-0.608485,0.312737
27.6455,-3.81,30.3835,-0.220003,-0.319344,0.987657,1,0.848257,0.48656,-0.209092
21.3902,3.02387,5.309,0.650352,0,1.19033,1,0.400884,-0.542288,-0.738387
42.0335,0.649,37.5774,2.26268,0,-3.5,0,0.531316,0.192959,-0.824906
25.3638,-6.30975,18.3972,0.638593,0.533682,2.8,1,-0.914263,-0.400545,-0.0607256
22.7383,8.2715,2.334,-0.136068,0,-4.5,1,0.698426,-0.63742,-0.325417
24.2824,-1.23187,17.5626,-0.164298,0,-0.328167,1,-0.81221,-0.353312,-0.464205
14.4803,-2.8685,7.51125,0.350601,0,-1.6,1,-0.779167,-0.297904,-0.5515
41.2085,-2.426,11.3532,0.179765,0,-3.5,0,0.152532,0.979921,0.128406
21.4385,0.064,11.5015,-0.119604,0,-3.5,1,0.286209,0.718257,0.634186
29.0098,-7.22363,26.4473,0.235127,0.268947,-3.87293,1,0.579251,0.201233,0.78992
38.2749,-2.54625,40.372,0.335074,0.00362932,-0.8,0,-0.666224,0.357351,0.654558
43.1396,17.0624,11.3357,-1.57562,-0.332716,-3.5,0,0.841867,0.187347,0.506123
10.05,8.813,-1.241,-1.43534,-0.435213,-3.5,0,-0.336759,0.0722686,-0.938813
38.048,11.046,13.689,-0.593584,0,-0.9,1,0.137151,-0.519097,0.84364
10.6175,16.8835,11.9475,0.182061,0,1.8,1,-0.282815,0.812265,0.510139
29.9919,15.7801,8.44162,0.158121,0,3.8,1,-0.96879,-0.246725,0.0239434
7.11963,16.1615,2.60775,1.01708,0.0234135,-3.9,1,0.0105159,0.990624,0.136208
35.5766,-7.35162,17.2596,-1.88159,-0.113859,-3.5,1,0.326753,-0.928148,-0.178255
21.0191,-4.48362,4.87937,0.0959453,0,-4.5,1,0.973714,-0.221963,0.0511225
33.7561,22.9311,11.0629,-1.45601,-0.0285432,-3.5,0,-0.701625,0.603037,0.379565
23.275,-5.39337,0.648875,0.427516,0.59404,-4.5,0,0.903507,-0.38999,-0.177717
7.63069,24.8666,0.2495,0.924694,0,-4.5,1,-0.477594,0.0828982,0.874661
15.7041,-3.69038,11.5046,-0.0311786,0,-1.6,1,-0.120771,0.057533,0.991012
31.794,15.052,1.2805,-0.650196,0,-0.8,1,-0.835659,-0.0941752,0.541115
6.28038,16.0765,4.39775,0.71644,0,-3.9,1,0.0817459,0.984081,-0.157804
29.726,22.754,11.7238,1.10902,0.0998432,-4.5,1,0.332786,0.610951,-0.718327
12.8083,20.5963,5.74762,0.0663579,0,-0.7,1,-0.926067,0.290224,-0.241183
24.4189,16.045,13.9969,0.435523,0,1.8,1,0.569211,-0.540466,-0.619593
38.0825,14.3862,7.00475,-0.683082,0,-3.5,1,0.706011,-0.689733,0.160677
24.2957,-10.659,14.9835,0.345048,0,1.9,1,-0.822882,-0.563951,0.0694588
25.9457,8.94613,8.4715,0.125214,0,4.2,1,0.423371,-0.0613,0.90388
17.3885,22.5715,-1.0085,-0.0196518,0,-0.8,1,-0.0921921,0.546941,-0.832079
23.1489,1.22037,9.919,0.0117215,0,3.8,1,0.416477,0.218736,0.88244
32.5605,-6.07975,37.873,-0.156282,0,-1.3,0,-0.861383,0.360487,0.357866
28.1791,0.938125,18.4906,-0.0585449,0,4.2,1,0.240961,0.957037,-0.161301
30.8549,17.2259,22.2021,0.638911,0,-1.62474,1,-0.455043,-0.128181,0.881195
22.2245,-7.6085,26.879,-1.29049,-0.353991,-3.5,1,0.0966234,-0.52196,0.84748
16.1979,-6.66512,7.53237,0.0681823,0,-1.00021,1,-0.439567,-0.708876,-0.551612
18.9375,2.5295,32.2933,-0.123177,0,-3.5,1,-0.649048,0.686296,-0.328228
18.717,6.7495,3.34,0.204215,0,-1.49143,1,-0.309871,-0.618066,-0.722478
21.958,5.389,29.237,-0.273766,0,-3.5,1,-0.668706,0.589738,0.452816
16.9797,5.423,12.1925,0.403846,0,-4.5,1,-0.14867,-0.628899,0.76314
30.0755,21.2565,10.462,0.471993,0.0304802,-4.5,1,0.238334,0.850097,-0.469608
38.1154,-7.85125,40.3037,-0.303206,0,-1.3,0,0.846186,-0.00277044,-0.53288
30.4312,17.6448,0.449125,0.754385,0.0106648,-4.5,1,0.448078,0.825829,0.342393
22.9177,15.8953,14.4269,0.509397,0,1.8,1,-0.747318,0.28735,0.599121
26.8469,-14.4607,9.365,-0.0849004,0,3.8,1,0.434965,-0.566234,-0.700131
24.3755,-9.5315,3.372,-0.546427,-0.0157227,-3.5,0,0.42995,-0.48062,-0.764295
21.0505,24.981,4.523,-0.432205,-0.510022,-3.5,1,0.292965,0.236776,0.926341
19.6744,28.5487,4.46125,0.349777,0,1.9,1,0.647518,0.660733,0.379675
25.4154,6.06537,5.28925,-0.143315,0,4.2,1,0.535613,-0.530935,-0.656679
5.16525,11.29,1.7055,-0.331783,0,-3.5,1,-0.878153,0.339385,-0.337144
24.8621,-0.455625,10.4456,-0.0267413,0,3.8,1,0.629345,0.759106,-0.166381
32.7534,22.6847,15.882,0.100161,0,-4.5,1,0.150374,0.799952,0.580917
34.7023,19.7705,2.231,-0.580889,0,3.8,1,-0.562709,0.561341,-0.60684
28.94,-11.128,23.142,0.236955,0,-4.5,1,-0.591457,-0.793615,-0.142669
35.541,-1.0505,35.2985,0.269139,0,-1.6,0,-0.47501,0.715886,-0.511735
19.3504,-8.61788,8.11275,-0.273301,0,-0.7,1,-0.16887,-0.764354,0.622291
38.2445,21.1074,2.20637,-0.347632,0,3.8,0,-0.195993,0.43505,-0.878816
38.183,-5.7,37.301,-0.630685,0,-1.6,0,0.708644,-0.692033,0.137528
29.8071,16.2184,12.4684,0.487726,0,3.8,1,-0.742922,0.00505364,-0.669359
18.0059,9.97287,-2.12337,-0.369359,0,-4.5,1,-0.639936,0.612201,-0.464426
32.987,-1.48662,17.9975,0.0979639,0,4.2,1,0.769161,0.322305,0.551825
14.7119,3.343,6.55788,0.140862,0,-3.5,1,-0.735366,0.67696,-0.0310223
17.5596,21.6276,14.8802,0.759745,0,-3.5,1,-0.65184,-0.43265,0.622831
38.0146,-4.39625,5.13387,-0.996551,-0.617398,-1.3,0,-0.0767192,0.31454,-0.946139
29.1672,-0.41075,34.054,0.15006,0,1.8,0,0.215416,0.837838,-0.501621
38.39,0.336,16.271,2.45624,0,-3.9,1,-0.0673424,0.194766,0.978535
22.3501,-5.97575,6.20787,0.593656,0.125968,-0.7,1,0.537373,0.584381,-0.608053
33.2345,13.7933,20.1075,-0.1058,0,-3.5,1,0.160454,-0.92577,-0.34235
20.992,17.9247,18.8692,-0.187586,-0.0840232,1.8,1,-0.728269,-0.507672,0.460319
37.5595,13.0625,5.9535,-0.157123,0,1.75915,1,0.380678,-0.890992,-0.247424
25.036,-4.2945,6.98962,-0.134141,0,3.8,1,-0.450977,0.247451,-0.857548
32.0143,-0.6415,11.2551,0.0705538,0,3.8,1,0.504677,0.861397,0.0574169
16.559,17.6069,-2.41425,-1.91028,0,-3.5,0,0.400283,0.103932,-0.910479
25.5029,6.5825,7.429,-0.00112629,0,4.2,1,0.5592,-0.5511,0.619342
25.4665,-4.796,6.231,-0.059193,0,3.8,1,-0.590113,0.30483,-0.747559
3.264,15.356,6.902,2.80134,0,-3.9,1,-0.344246,0.330707,0.878708
20.7345,2.1,10.469,0.00698309,0,3.8,1,-0.0910988,0.0377004,0.995128
15.6739,-2.5415,11.4532,0.178689,0,-3.5,1,0.143692,-0.336106,0.930798
4.34762,10.0289,4.57113,-1.76904,-0.64497,-3.5,1,-0.36964,-0.0408761,0.928275
34.4803,19.994,19.5748,-0.213806,0,-3.5,1,-0.0387757,0.988141,0.148576
14.064,18.8785,10.9565,0.451268,0,-0.7,1,-0.403741,-0.015941,0.914734
27.4001,-5.37675,35.4556,0.326832,0,1.80515,1,0.634539,-0.614553,0.468705
25.2959,14.5367,8.24775,0.434224,0,4.2,1,0.966036,-0.0775408,0.246499
42.4544,-5.43825,7.89762,-0.511588,0,-3.5,1,0.942397,-0.0533019,-0.330223
22.0131,12.6505,8.94938,0.534138,0,-4.5,1,0.0804656,-0.521326,0.849555
14.9085,3.187,5.2825,0.223024,0,-3.5,1,-0.565565,0.799113,-0.20385
28.9252,-9.32788,3.104,0.0914959,0,3.8,0,-0.624886,-0.547787,-0.556279
36.4025,-10.6255,40.4585,0.106091,0,-1.3,0,-0.203638,-0.973269,-0.106208
39.2614,14.2419,9.60262,-0.260007,0,-3.5,1,0.432438,-0.874923,-0.217959
34.6777,11.3436,5.7965,-0.211533,0,4.2,1,-0.117095,-0.523971,-0.843649
38.645,17.8633,5.39925,0.0778435,0,3.39056,1,0.992431,-0.0422362,0.11531
27.3092,-14.5339,10.5723,-0.0636678,0,3.8,1,0.76839,-0.61713,-0.16949
11.3477,19.3235,10.2102,1.15706,0.13659,-0.7,1,-0.44436,0.393391,0.804853
20.7139,-9.07613,4.84175,-0.160133,0,-3.5,0,-0.759343,-0.0945308,-0.643787
17.2255,18.2792,-1.73012,-1.7907,-0.0127103,-3.46484,0,0.481262,0.21313,-0.850272
13.7915,10.9325,6.6245,0.718087,0,1.8,1,0.37233,0.249549,-0.893921
16.3428,23.035,0.922,0.977633,0.045138,-3.14645,1,-0.337692,0.803682,-0.489958
16.7985,25.8897,5.75225,-0.723168,0,1.9,1,0.0135029,0.521303,0.853265
25.2574,24.388,-1.3925,0.0994186,0,-3.02241,1,-0.0759519,0.0965221,-0.992429
18.7167,-7.655,5.243,-0.222346,0,-0.7,0,-0.10322,-0.285203,-0.952893
15.3068,-2.16587,22.8773,0.310275,0,-4.5,0,-0.305776,-0.611903,-0.729435
23.0595,15.9768,-1.06763,-0.952187,0,-3.5,1,0.244315,0.624045,-0.742211
14.5095,-5.08825,7.43306,0.457106,0,-1.6,1,-0.753001,-0.0441938,-0.656534
13.7055,18.7878,-2.97975,-0.187389,0,-3.5,1,0.150041,0.52461,-0.838017
24.2249,-2.82763,18.7983,-0.1295,0,-0.9,1,-0.793103,-0.317934,-0.519524
11.623,7.9105,-0.943875,-0.29851,0,3.8,0,0.91173,-0.312576,-0.266541
14.93,6.067,7.0765,-0.168804,0,1.8,1,-0.884478,-0.134495,0.446777
26.1052,-8.0075,34.158,0.0241705,0,1.9,1,0.504676,-0.599237,-0.621464
19.1936,0.154875,35.956,-0.969537,0,-3.5,1,-0.0578176,-0.712541,0.699244
38.8196,-6.67438,41.6676,-0.240173,-0.00669833,-1.3,0,0.982844,0.0401031,0.180026
15.0223,9.18925,7.60325,0.101334,0,-0.7,1,-0.387075,-0.695394,0.605475
25.3946,21.1868,18.204,-0.803277,-0.148764,-3.19414,1,0.926839,0.0906284,0.364357
6.76,16.0222,8.55775,0.309968,0,4.5,1,-0.301142,0.944412,-0.131906
11.1382,20.4753,2.25775,-1.01116,0,-3.5,1,-0.769613,0.22048,0.599237
23.1434,1.11125,22.5334,-1.01935,0,-4.5,1,-0.413001,0.692015,-0.592069
17.113,26.553,2.387,-0.405033,0,1.9,1,-0.62086,0.294395,-0.726543
42.474,12.8792,1.70775,2.62303,0,-3.9,0,0.997471,-0.0662599,-0.0256993
21.3076,12.4207,12.8805,0.218303,0,-4.5,1,0.125327,-0.968754,-0.214028
32.3959,-9.6485,3.25175,0.603011,-0.361129,-2.54969,0,0.36214,-0.375107,-0.853317
38.813,18.308,15.781,-0.884744,-0.432094,-3.5,1,0.872538,0.25298,0.417946
25.7668,-9.6175,18.232,0.019485,0,1.9,1,-0.641228,-0.0537293,0.765467
7.6805,23.1824,-2.52612,0.54561,0.281681,-4.5,1,-0.503417,-0.856606,-0.113124
44.0965,-6.32,9.726,-1.24383,-0.861041,-3.5,0,0.682896,-0.0340227,-0.729723
30.0958,22.2876,21.9586,0.00478886,0,4.2,1,-0.0348695,0.956031,0.291186
34.0824,17.9077,21.9825,-0.648579,-0.022357,-3.5,1,0.00619763,0.607218,0.794511
24.5607,-6.85475,28.2871,-0.284951,0,-3.5,1,-0.912639,0.0476605,0.405979
6.75175,24.1204,-1.72275,0.529826,0,-4.5,1,-0.913905,-0.396351,0.087654
10.6475,19.3355,9.246,1.10462,0.77906,-0.7,1,-0.857687,0.511158,0.0555875
38.4572,18.3958,18.4007,0.161987,0,-3.5,1,0.981533,0.0626707,-0.180734
25.1865,-13.0124,8.733,-0.112482,0,3.8,1,-0.246424,-0.410443,-0.877959
25.4865,-4.87525,31.2262,-0.415643,0,-0.787878,1,-0.882082,0.0889474,-0.462624
13.7126,-3.8165,10.6541,-0.301344,0,-2.69053,0,-0.559304,-0.710286,0.427404
24.5676,-7.64563,25.158,0.27832,0,-3.5,1,0.49257,-0.808406,0.322264
10.8235,26.098,-0.437,0.369296,0,-4.5,1,0.584714,0.736013,0.341165
19.5894,19.9382,18.1396,0.331821,0,1.8,1,-0.8262,0.0999267,0.554445
16.8948,-6.12825,6.46263,-0.145894,0,-0.853877,1,-0.62134,-0.368068,-0.69171
35.993,-4.48275,4.68325,-0.195082,0,-3.2,0,0.631846,0.407846,-0.659115
19.9635,7.4205,-0.005,0.277354,0,-4.5,1,0.401367,-0.836593,-0.37285
39.2043,-5.484,3.73025,-2.25469,-0.025592,-3.5,0,0.000950194,0.907174,-0.420754
21.0784,18.0751,0.65675,-0.3303,0,-3.5,1,-0.0651133,-0.0528684,-0.996476
17.1905,16.714,0.350125,-1.95096,-0.363563,-3.5,1,0.314423,-0.622497,0.716684
19.065,24.7705,12.985,-0.0526777,0,-3.5,1,0.37506,0.920791,-0.107118
27.3245,19.599,22.0236,0.0645524,0,4.2,0,-0.738977,-0.249027,0.626018
28.1365,19.8495,22.8495,0.0911363,0,4.2,0,-0.338661,-0.329168,0.881452
34.637,14.328,15.0545,0.927892,0,-0.9,1,-0.455308,-0.696732,0.55431
17.008,9.123,0.911,0.763424,0,-4.5,1,-0.927128,-0.184591,0.326129
29.9014,22.619,14.8603,1.03444,0,-4.5,1,-0.377815,0.787688,0.486624
21.6715,20.4568,0.74175,-0.162181,0,3.8,1,0.34648,0.0292613,-0.937601
36.0675,-1.0925,37.1565,0.476366,0,-1.6,0,-0.395555,0.758384,0.518063
39.3358,18.1388,14.922,-1.45114,-0.19458,-3.5,0,0.991681,0.0877969,0.094134
19.7428,18.1513,0.412,-0.502024,-0.116049,-0.8,1,0.454615,-0.291691,-0.841571
42.1905,-6.44438,6.57638,-0.804207,-0.300196,-3.5,0,0.988575,-0.133247,-0.0704657
13.7957,10.038,-1.21075,-0.665696,0,-3.5,0,0.86673,-0.473454,0.156911
39.1253,-0.6465,40.8359,1.02924,0.747319,-0.8,0,-0.46848,-0.194177,0.861871
26.33,-5.81038,5.45363,-0.101985,0,3.8,1,-0.583359,0.132805,-0.801284
13.2626,21.955,5.61,-0.0835744,0,-3.5,1,-0.915903,0.325546,0.234823
11.3953,2.465,4.79225,-1.13741,-0.57095,-3.5,0,-0.761706,0.575615,0.297441
32.6948,-12.3635,5.67112,0.110476,0,-1.6,1,0.263554,-0.962428,0.0653536
32.124,23.3005,13.7705,0.107229,0,-4.5,0,0.294239,0.91509,-0.275742
23.5271,21.6679,9.23538,-0.860727,-0.148848,3.0033,1,-0.0154032,0.941277,-0.337283
15.6912,1.4085,3.27725,-0.176707,0,-3.5,1,0.200534,0.0666046,-0.97742
24.06,-7.307,3.455,-0.649111,-0.365979,-3.5,1,0.255208,0.832643,-0.491502
27.8244,-0.8355,36.2571,0.0965442,0,1.8,0,-0.306852,0.81233,0.495946
20.4722,3.12925,30.2405,0.528853,0,-3.5,1,-0.473271,0.666751,0.575723
14.6376,7.30438,3.30588,0.138292,0,-0.541107,1,0.0494356,-0.424579,-0.90404
35.2981,-6.3275,2.33588,-0.00438219,0,-3.2,1,0.260518,0.0513148,-0.964104
20.903,12.0555,8.967,0.532431,0,-4.5,1,0.78878,-0.0159636,0.614468
40.093,-6.71688,11.7666,-0.21538,-0.748647,-3.5,1,0.465908,-0.830075,0.306439
31.2335,16.1733,-3.96688,-0.0659802,0,-4.5,0,0.807074,0.228421,-0.544477
24.1475,4.974,26.0047,-0.682753,0,-3.5,0,0.30981,0.551374,-0.7746
21.2782,12.1838,-1.62175,-0.658012,0,-3.5,0,0.448436,-0.532079,-0.71819
20.4146,-9.19013,7.52763,-0.312527,-0.542775,-2.64086,1,-0.342037,-0.910972,0.230522
31.7141,-5.27863,-0.2275,-0.15598,0,3.8,0,0.405462,0.245218,-0.880607
29.5855,12.8057,2.29875,-1.2725,0,-3.5,1,0.965833,0.259028,0.00840935
20.3,0.439,22.593,0.227583,0,-4.5,1,0.0105044,0.496459,-0.867997
21.409,1.697,24.8615,0.222476,-0.263416,-4.5,1,-0.243078,0.866896,-0.435207
14.8424,25.7084,6.49263,0.780029,0.711506,-3.5,1,-0.205799,0.701523,0.682284
39.9246,14.7915,0.96225,0.822008,0,-3.9,0,0.107966,0.367654,-0.923674
27.8452,15.295,-1.742,0.0893271,0,-4.5,0,-0.774409,-0.34216,-0.532182
36.9232,20.371,17.3978,0.0210291,0,-3.5,1,0.293266,0.951261,-0.0953867
20.3447,22.8104,7.71537,-0.22483,0,-0.8,1,0.470426,0.699572,-0.537864
28.2219,20.4671,5.6235,-0.804406,-0.169364,3.8,1,0.434654,0.900164,-0.0279551
31.1943,21.4748,22.8955,-0.0199135,0,4.2,0,0.203884,0.179339,0.962429
34.9266,-2.6865,37.014,1.18384,0,-1.6,0,-0.812101,0.461358,0.357268
9.77731,20.6653,-2.57494,-1.3038,0,-4.5,1,-0.853744,0.0601544,-0.517206
38.4065,1.8945,13.8755,2.27675,0,-3.9,1,-0.186011,0.940647,-0.283872
22.9765,5.20587,30.534,0.211969,0,-3.5,1,-0.29491,0.409036,0.86355
31.8661,-10.8142,3.15062,0.560809,0,-1.6,0,0.48599,-0.165186,-0.858212
30.206,15.9067,10.0062,0.375701,0,3.8,1,-0.979098,0.181084,0.092605
23.4446,-7.98688,22.064,0.0185378,0,-3.5,1,0.260766,-0.783094,-0.564592
28.8274,-9.782,17.8644,-0.206739,0,2.16594,1,0.119316,-0.814076,0.568369
26.9644,10.5376,3.5865,-1.75484,0,-3.5,1,-0.405083,-0.809913,-0.424203
27.9767,-11.2976,16.0444,-0.418384,0,3.8,1,0.163675,-0.959935,0.227454
24.5464,4.1695,29.8984,0.241778,0,-3.5,1,0.867212,-0.204462,0.454025
5.075,10.8461,0.772375,-0.281141,0,-3.5,1,-0.711153,0.562772,-0.421365
25.0631,7.33075,4.4975,-0.241751,0,4.2,1,0.507633,-0.125814,-0.852338
41.5659,11.1699,3.66687,0.601267,0,-3.9,1,0.440426,-0.841567,0.312713
37.2765,-5.354,4.79325,-0.101419,-0.138591,-2.39259,0,0.125488,0.705589,-0.697422
28.6203,-12.3497,9.3885,-0.0759451,0,3.8,1,0.236747,-0.957251,-0.166195
7.7605,18.975,-2.36475,0.0918243,0,3.8,1,0.237604,0.905813,-0.350782
17.8302,7.13425,0.03525,0.297664,0.0160886,-4.5,1,-0.250431,-0.894718,0.369816
35.4205,-3.72675,4.20125,-0.65919,0,-3.2,0,0.861477,0.229154,-0.45315
32.2904,17.4811,2.96762,-0.835681,-0.183772,3.7124,1,-0.764973,0.447937,-0.462784
19.7787,28.6287,17.9923,2.49341,0.136999,-3.9,0,-0.845152,0.53416,0.0197708
6.35038,15.4653,-4.337,-0.110563,0,3.8,0,0.206775,-0.367826,-0.906614
20.726,26.4255,4.0185,-0.127756,0,-1.12691,1,0.645354,0.410409,0.644269
38.844,-3.59138,5.33988,-2.25781,-0.299312,-1.3,0,0.315565,0.327948,-0.890432
10.8783,25.703,-1.51975,0.413384,0,-4.5,1,0.57318,0.70887,-0.411057
19.8018,14.0247,1.67825,-0.62355,0,-3.09726,1,-0.986415,0.0665952,-0.150167
25.7895,10.9012,4.04738,-1.07546,0,4.2,1,0.0197929,-0.675146,-0.737419
14.5506,0.4195,2.78513,-0.335511,0,-3.5,1,0.21733,-0.146322,-0.965069
14.2793,20.3266,-1.0705,0.352545,0,-4.01932,1,0.2847,0.644192,-0.709903
25.3253,24.097,2.47525,-0.738978,-0.0637408,-0.471531,1,0.267424,-0.134697,0.954118
22.9426,21.5702,8.147,-0.761607,0,3.8,1,-0.000607046,0.99224,-0.124333
26.038,22.962,10.4985,-0.0215531,0,3.8,0,0.717777,-0.209183,-0.664108
31.9498,0.05625,21.6353,0.0359459,0,3.8,1,0.569353,0.745139,-0.347282
19.1836,1.69488,30.0881,0.00784754,0,-3.5,1,-0.804354,0.576917,0.142062
28.6175,14.1325,2.002,-1.44301,0,-3.5,1,0.918649,0.387622,0.0763715
16.1734,15.5329,5.39288,-0.253539,0,4.5,1,-0.256314,0.128878,-0.957963
39.8092,18.7421,3.89775,-0.162649,0,3.8,1,0.909014,-0.393531,0.137211
32.8609,20.4722,17.6257,0.170994,-0.416722,2.32718,1,0.429423,0.784279,0.447775
33.4588,-9.0705,14.9052,-0.205641,0,3.8,1,0.729573,-0.683902,0.00126896
16.8932,8.20037,3.19637,0.29594,0,-0.7,1,-0.589475,0.103984,-0.801066
23.4541,7.93,8.71362,0.420526,0,4.2,1,0.0682651,-0.244088,0.967347
26.5001,17.4789,-0.894125,0.455907,0,-4.5,1,-0.742176,-0.114526,-0.660348
30.0193,-9.44325,19.8302,0.0166652,0,-4.5,1,0.269958,-0.959474,-0.0808225
38.1758,18.9375,11.3767,0.282511,0,-3.5,1,0.958281,-0.0229802,0.284902
17.2575,7.2345,-2.3795,0.528638,0,-4.5,0,-0.566213,-0.608434,-0.556067
8.58887,15.7022,4.29087,0.0807149,-0.139997,-3.11999,1,-0.087426,0.964615,-0.248748
34.9985,19.4995,21.6175,-0.955781,-0.12183,-3.5,1,-0.143037,0.735508,0.662245
12.162,20.2847,6.62125,0.0955824,0,-0.7,1,-0.818551,0.307289,-0.485332
38.1468,20.2655,12.2565,-0.302126,0,-3.5,1,0.914539,0.181869,0.361306
15.3061,-1.27925,26.9691,0.231282,0,-4.5,1,-0.148422,-0.13814,0.979228
25.6322,13.3855,7.91975,0.311217,0,4.2,1,0.955646,-0.00915128,0.294377
17.8,10.5513,2.34562,0.330636,0.0788818,0.928486,1,-0.873214,0.486143,-0.0340915
23.185,3.95975,17.2097,0.245661,0,-0.9,1,-0.292378,0.666423,-0.685854
27.8983,-4.87525,32.1901,-0.876993,0,1.8,0,0.483337,-0.84912,-0.213026
15.2922,5.62825,8.18975,-0.0982955,0,1.8,1,-0.848383,0.501024,0.170941
37.2576,20.8456,13.0589,-0.540437,0,-3.5,1,0.840566,0.229092,0.490882
37.6939,-1.0065,34.1556,0.238605,0,-1.6,0,-0.147975,0.497529,-0.854733
25.9083,20.2219,17.5588,-0.743161,-0.0443441,1.8,1,0.743041,0.46024,0.485869
24.9673,-7.07737,30.1651,0.204558,0.0776912,-3.5,1,-0.950694,-0.16403,0.263203
36.934,16.829,22.2455,0.18189,0.7099,-3.5,1,0.303615,-0.137546,0.942814
21.6532,24.68,19.662,0.312707,0,-3.9,1,-0.3008,-0.0322125,0.953143
4.61225,7.3175,1.155,-1.56261,-0.376531,-3.5,1,-0.40209,-0.720084,-0.565511
35.2295,-12.5288,4.8375,-0.127273,0,3.8,1,-0.330022,-0.454971,-0.827095
38.6755,4.59662,38.8721,0.173071,0,-3.5,0,-0.519962,0.698608,-0.491514
31.469,-2.47787,30.6916,0.185138,0,1.8,0,-0.276336,0.373941,-0.885329
17.9037,26.1515,1.65425,0.112625,0,1.9,1,-0.567417,0.3252,-0.756494
16.488,24.0375,2.1325,0.609111,0,-0.753035,1,-0.37945,0.58296,-0.718454
39.2661,18.1203,2.21125,-0.259959,0,-3.9,1,0.841783,0.12937,-0.524085
32.5382,-10.0879,14.2083,-0.100457,0,3.8,1,0.743374,-0.652828,-0.145638
5.17625,7.15175,3.65625,-1.92921,-0.0948214,-3.5,1,0.153832,-0.710879,0.686284
19.6429,24.2796,11.4,-0.0227977,-0.16129,-3.03804,1,0.0602114,0.995231,-0.0767427
22.9285,-1.6885,0.256,0.155788,0,-4.5,1,0.706646,0.705361,0.0558319
34.4757,8.9985,11.6318,0.0161053,0,-0.9,1,-0.654991,-0.745122,0.125614
10.5225,25.4295,0.47075,1.05884,0,-4.5,1,0.433484,0.602417,0.670213
28.4521,22.0799,15.3217,0.133943,0,-4.5,1,0.132003,0.787341,0.602221
21.9918,-0.15475,18.9235,-0.0175047,0,-0.9,1,-0.901971,-0.427089,-0.0635792
2.1285,14.206,5.77625,2.28049,0.12875,-3.9,1,-0.929289,-0.366311,0.0473108
31.5298,-2.38387,20.397,0.0353089,0,3.8,1,0.962227,0.115225,-0.246662
12.4152,-3.34975,10.426,-1.73919,-0.813183,-3.5,0,-0.642543,-0.763112,0.0692721
22.5239,-0.263625,17.8605,-0.0735986,0,-0.9,1,-0.542401,-0.647005,-0.535897
39.8325,21.523,3.369,-0.232444,0,3.8,0,0.731932,0.652566,-0.196044
28.0859,-0.34125,13.6595,-0.19824,0,3.29208,1,0.138744,0.9886,-0.0584742
36.8386,15.8494,16.6327,0.371672,0,-2.88529,1,0.517208,-0.640516,0.567658
12.269,5.92475,-0.2175,0.0476144,0,3.8,0,0.947384,0.232075,-0.220466
16.7151,20.361,12.8317,0.462927,0.172782,-4.17167,1,-0.536549,-0.205036,0.818582
28.087,-12.9607,10.7794,-0.0479458,0,3.8,1,0.70538,-0.698129,-0.1227
39.0265,17.022,12.8755,-0.442015,-0.952492,-3.5,1,0.861922,0.452533,0.2287
17.0215,8.032,0.233375,0.381216,0.272567,-4.5,1,-0.811765,-0.337948,0.476266
39.8595,16.779,12.087,-0.469879,-0.041489,-3.13744,1,0.277866,0.679276,0.679245
41.8389,18.2894,9.71488,-0.926327,-0.0847045,-3.5,1,0.533144,0.845885,-0.0153602
25.2281,15.4461,15.122,0.496497,0,1.8,1,-0.0288652,-0.796171,-0.604382
28.6945,19.5926,16.8452,-0.1993,-0.657251,-1.6,1,-0.318264,0.894279,0.314599
33.4751,12.0231,8.50838,0.0730134,0,4.2,1,-0.923137,-0.384152,-0.0156667
26.1702,27.745,0.588,-0.662102,0,-3.5,1,0.801739,0.398531,0.445407
40.487,-0.7265,41.002,1.43695,0,-2.53919,0,-0.107522,-0.17384,0.978886
37.7503,-7.8715,17.5107,-0.0443745,0,-3.5,1,-0.0187833,-0.812044,0.583294
10.4779,22.6798,-3.32113,0.0775032,0,-4.5,1,-0.00178309,-0.151902,-0.988394
27.6663,21.768,11.2303,-0.0783779,0,-4.5,1,0.019031,0.471283,-0.881777
8.25963,17.3205,1.38838,0.725425,0,1.54682,1,-0.0105082,0.467206,0.884086
22.225,10.9354,1.026,-0.344271,0,-4.5,1,0.711016,-0.166395,-0.683205
7.4135,17.1618,-3.71375,-0.0737773,0,3.8,1,0.406848,0.0798705,-0.909998
14.1934,16.2126,0.36575,-0.522941,0,-3.5,1,-0.0317522,-0.588221,0.808076
21.2245,-5.0425,23.5085,-0.191986,0,-3.5,1,-0.659239,0.480446,-0.578425
32.017,0.4545,17.3673,0.0837846,0,4.2,1,0.434829,0.900323,-0.0185032
29.1124,-12.6372,11.696,-0.0395704,0,3.8,1,0.467965,-0.8799,-0.0823684
19.9124,-1.446,33.3651,-0.210214,0,-3.5,1,-0.314372,-0.905888,0.283789
23.8713,-8.58638,24.5535,0.0173919,0,-3.5,1,0.478839,-0.807649,0.344116
15.2514,-1.0505,5.13637,-0.451831,0,-2.71474,1,0.0749024,-0.882167,-0.464942
13.6838,10.9237,11.735,1.11346,0.163165,-0.7,1,-0.669106,-0.422384,0.611464
23.735,13.9159,-0.632375,-1.59638,-0.458917,-3.5,1,0.8574,-0.471118,-0.207154
19.0605,10.56,-2.736,0.0694494,0,-4.5,1,-0.396196,0.662771,-0.635424
33.4984,-1.72175,8.8765,0.152808,0,-0.0709944,1,-0.0465468,0.9976,0.0512591
10.0915,14.5839,1.93512,0.423873,0,-3.9,1,0.963827,0.0904117,0.250726
12.755,5.028,2.35,-0.979143,-0,3.8,1,0.877414,-0.134408,-0.460521
18.7009,-1.0645,33.8736,-0.243154,0,-3.5,1,-0.464673,-0.885211,0.0219101
35.1502,-7.5275,13.0798,-0.222159,-0.19252,-2.06655,1,-0.000584361,-0.999282,0.0378842
21.9772,-1.75213,29.5055,-0.693201,-0.143286,-1.68872,1,-0.0622004,-0.962903,-0.262583
24.5735,3.15075,27.703,0.432359,0,-3.5,1,0.899016,0.0850089,0.429586
19.8699,24.4508,9.15012,-0.865364,-0.929842,-0.8,0,0.554903,0.693564,-0.459404
16.635,23.995,7.314,-0.0112277,0.159907,-0.8,1,-0.173238,0.674103,0.718034
17.5564,11.0332,3.48725,0.296329,0,4.5,1,-0.770485,0.276133,-0.574546
30.2667,14.3029,10.4392,0.234957,0,3.8,1,-0.914792,-0.391365,0.0999404
41.057,0.3395,41.5755,0.602768,0,-3.5,0,0.0913917,-0.062939,0.993824
5.8875,14.616,-1.194,0.0305113,0,3.8,1,-0.762714,-0.618335,0.189549
20.1075,-5.53562,11.2141,1.31681,0,3.8,1,-0.394178,-0.584126,0.709521
24.6474,-0.582875,16.4233,-0.114332,0,2.2613,1,-0.871404,0.116137,-0.47662
24.4895,22.393,10.005,-0.155592,0,3.8,1,-0.354836,0.674407,-0.647508
40.5941,-10.2055,5.03013,-0.571374,-0.784387,-3.5,1,0.162708,-0.865047,-0.474573
22.9886,9.128,8.96212,0.338113,0,4.2,1,0.361738,-0.139345,0.921807
38.405,17.9451,11.0715,0.716693,0,-3.5,1,0.753925,0.379902,0.535978
39.9836,-4.44812,41.9528,-0.170162,0,-0.8,0,-0.00333969,-0.250884,0.968011
6.39775,25.887,-1.581,0.103865,0,-4.5,1,-0.991271,0.110228,0.0723289
30.2983,20.2646,5.98156,-0.429386,0,3.8,1,-0.0266405,0.815415,-0.578263
23.804,-13.2485,10.5005,-0.0844535,0,3.8,1,-0.837331,-0.543021,-0.0632837
22.518,-3.25825,31.9489,-1.46285,-0.426553,1.8,1,-0.371014,-0.913999,-0.164175
10.984,23.366,1.242,0.405977,0,-4.5,1,0.00991911,0.206292,0.97844
37.7034,-2.691,11.0786,-0.228393,0,-3.78509,1,0.740537,0.417034,-0.52696
15.8601,-0.90875,21.903,0.494475,0.268136,-4.5,1,0.108284,-0.221545,-0.96912
23.4395,27.8425,16.5537,0.758378,0,-3.9,0,0.73212,0.49332,-0.46972
32.3895,-9.74775,12.537,-0.0593114,0,3.8,1,0.845455,-0.52481,0.0988974
38.1044,2.71406,38.3371,0.478137,0,-3.5,0,-0.714283,0.427736,-0.553933
30.6855,-3.44038,6.91625,0.183097,0,-1.93958,1,0.19587,0.980571,-0.0107519
29.2234,20.7985,16.1839,0.116861,0,-4.5,1,-0.276028,0.518038,0.809596
21.5993,-10.338,6.86575,-0.161949,-0.394704,-3.5,1,-0.785874,-0.608385,0.110768
17.5815,-2.111,25.768,0.487584,0.0760659,-4.5,1,0.0425982,-0.768111,0.638899
13.6143,20.1765,-1.95212,0.203831,0,-4.31637,1,0.565081,0.437566,-0.699442
21.5247,-2.845,31.657,-1.46282,-0.359161,1.8,1,-0.536471,-0.843848,0.0109053
36.3377,22.6297,8.985,-1.48211,0,-3.5,1,0.164233,0.612985,-0.772837
35.9188,-4.5295,34.2865,0.682085,0.440898,0.210384,0,0.637309,-0.136535,-0.758416
13.5669,17.5492,4.76375,-0.0568233,0,4.5,1,0.456584,-0.295029,-0.839338
42.3585,-4.351,13.682,0.204931,0,-3.5,0,0.19813,0.584068,0.787153
38.621,18.9675,1.932,-0.498562,0,3.8,1,0.556325,0.113683,-0.823152
27.8517,-13.3598,9.78575,-0.0798393,0,3.8,1,0.712249,-0.64487,-0.277209
37.9442,-9.50513,1.5775,-1.17865,-0.0301079,-3.5,1,-0.0606041,-0.216141,-0.974479
19.8766,26.7636,18.6505,1.49346,0.294457,-3.9,1,-0.91068,-0.1045,0.399676
32.5187,14.359,17.7952,0.0505163,0,-3.20672,1,0.269369,-0.949284,0.162174
34.4533,10.3024,9.47925,-0.0667717,0,3.51747,1,-0.723049,-0.636979,-0.267317
13.6062,25.1565,5.80137,0.481744,0,-3.5,1,-0.791012,0.362246,0.493029
24.0303,25.265,17.9018,0.507676,0,-3.9,1,0.952104,0.276824,0.129871
32.1939,-5.43512,36.9045,-0.645643,-0.236699,-0.81291,1,-0.687789,0.139967,0.712289
17.811,25.3253,9.2525,0.971898,0.375079,-0.8,0,-0.280403,0.959208,-0.0359884
32.5561,-1.68475,8.50012,0.0585767,0,1.82037,1,-0.250192,0.859299,-0.446104
24.1782,-4.75,16.9653,0.0572405,0,2.8,1,-0.945537,0.0769176,0.316295
5.837,12.5562,8.05838,0.293543,0,4.5,1,-0.856284,-0.500607,-0.12716
13.3625,20.8215,10.8,0.0909516,0,-0.7,0,-0.294758,0.59294,0.74936
19.67,8.0945,-2.08,-0.102445,0,-4.5,1,0.679511,-0.659248,-0.321958
7.93288,10.3595,7.013,-0.294737,-0.0116287,2.0163,1,-0.73662,-0.650085,0.186497
41.6748,-11.0311,6.60025,-0.86318,0,-3.5,1,-0.0813773,-0.991022,0.106083
30.6315,15.4131,7.44925,-0.0205853,0,3.8,1,-0.565198,-0.755257,-0.331869
24.8941,-9.93825,17.8403,0.299628,0,1.9,1,-0.657726,0.244177,0.712583
29.2905,15.8954,0.8735,-0.00311428,0,-4.5,1,0.45886,-0.522218,0.718843
37.572,-2.757,9.914,0.541066,0,-1.3,1,0.707318,0.68872,0.159269
30.937,14.0665,-2.57,-0.290917,0,-4.5,0,0.888135,-0.389018,-0.244705
17.9842,25.4761,5.72525,-0.766689,0,1.9,1,0.305929,0.293175,0.90579
23.197,13.504,11.2952,0.793248,0,-4.5,1,0.433961,-0.899027,-0.0585531
32.4777,17.4631,-0.137375,-0.735224,0,-0.8,1,-0.406318,0.891484,-0.200404
19.465,-0.150125,22.1916,0.419231,0,-4.5,1,0.192076,0.135546,-0.971974
36.221,0.32925,14.8968,1.21267,0.411456,-3.9,1,-0.608861,0.659104,0.441441
29.3915,11.5386,1.87238,-1.69137,-0.227873,-3.5,1,0.812182,-0.480277,-0.331201
23.3759,10.3966,8.7625,0.301343,0,4.2,1,0.2441,-0.000996596,0.96975
14.7825,0.408,24.9335,0.0491064,0,-4.5,0,-0.236111,0.906619,0.349705
34.1485,-1.81288,3.14987,-0.370951,0.0251731,-2.33693,0,0.0144342,0.199242,-0.979844
14.608,19.787,-2.061,-0.0724647,0,-3.5,1,0.185398,0.783948,-0.592497
24.286,2.23213,30.2504,0.345317,0.155962,-1.54813,1,0.743333,0.557679,0.369392
22.365,-2.6815,32.9845,-0.923562,0,1.8609,1,-0.658422,-0.65083,0.378021
10.1501,17.0214,4.41194,0.332958,0,4.5,1,-0.57839,0.526199,-0.623362
22.71,-9.896,13.8507,-0.656112,-0.653628,3.8,1,-0.547921,-0.428872,0.718228
18.312,5.95862,4.0265,0.938723,0,-0.7,1,-0.293515,-0.377711,-0.87817
38.2935,19.0124,19.8391,0.1795,0,-3.5,0,0.844597,0.464617,0.266059
12.9444,18.8075,2.72275,-0.366067,-0.365635,-3.5,1,0.2673,-0.963376,0.0213922
33.7599,-1.293,11.9093,0.119713,0,-3.9,1,-0.17048,0.942217,-0.288383
25.5543,13.6505,1.8455,-0.676273,0,-3.5,1,-0.0501546,-0.423225,-0.904635
13.6469,-5.05525,8.86625,0.113328,0,-1.6,0,-0.971387,-0.134577,-0.195696
32.8319,14.2148,6.47262,-0.802454,-0.00820347,4.2,1,-0.817639,-0.552679,-0.161286
31.5975,-7.001,31.5645,0.264949,0.920694,-0.8,0,-0.510627,-0.0589389,-0.85778
26.4123,15.0999,14.8621,0.472119,0,2.65328,1,-0.527844,-0.652958,-0.543163
21.4655,-1.7375,28.267,-1.30656,0,-3.5,1,-0.182902,-0.97648,0.114168
42.2145,12.946,0.561,2.51099,0.0347464,-3.9,0,0.670332,0.156971,-0.725269
27.2085,25.6456,11.9385,-0.0405752,0,3.8,0,0.892556,0.450653,-0.0159998
13.165,22.232,-2.63175,0.063852,0,-4.5,1,0.67813,-0.0795125,-0.730628
13.1888,-1.0525,23.3795,0.312988,0.0318529,-4.5,0,-0.904663,-0.391319,-0.168682
10.7776,15.052,3.69025,0.519144,0,4.5,1,0.563228,-0.352237,-0.747465
18.415,7.2755,1.2005,0.688286,0,-4.5,1,-0.36033,-0.932806,0.00591495
26.2519,4.10563,25.7083,-0.207799,0,-3.2,1,-0.0282703,0.905634,0.423116
26.587,14.189,1.36025,-0.990796,-0.337405,-3.5,1,-0.315469,-0.473155,-0.822559
38.8018,-5.34375,16.1739,-0.0868828,0,-3.5,0,0.857722,0.510637,0.0596892
21.3186,-1.09337,1.5515,0.392552,0.0188964,-4.5,1,0.147576,0.926747,-0.345488
25.8888,3.12488,20.9345,-0.252559,0,-0.9,1,0.00405826,0.809109,0.587645
20.0467,16.1912,2.742,-0.3854,0,0.352361,1,-0.937788,-0.0315051,-0.345777
23.5401,16.817,12.508,-0.389069,-0.814396,-0.8,1,0.905688,-0.315009,-0.283722
18.527,0.49,27.681,0.17093,0,-3.5,1,-0.998052,-0.0569039,-0.0255926
14.3275,-2.0145,24.358,-0.0780942,0,-4.5,0,-0.6183,-0.785661,0.0209894
13.193,5.93,2.9825,-0.520769,-0.303544,3.74434,1,0.914816,-0.224955,-0.335421
15.9537,20.6726,-0.920125,0.0198464,0,-0.8,1,-0.284759,0.309668,-0.907203
31.4426,17.2729,-0.831,0.604389,0.554694,-4.5,1,0.375122,0.876506,-0.301698
39.4852,17.7004,3.14337,-0.148784,0,-3.9,1,0.996624,0.0571999,0.0588881
27.411,-2.81663,26.8416,0.126035,0,-3.5,1,0.769727,0.552086,0.320503
25.1345,-12.5686,13.822,0.0292382,0,3.8,1,-0.645772,-0.429705,0.631135
40.3445,-3.32713,35.8595,0.197993,0,-1.6,0,0.711213,-0.347006,-0.611361
27.541,22.4895,14.6479,0.240344,-0.418399,-0.99009,1,0.530514,0.843156,0.0874246
22.922,20.4515,0.9145,-0.0264095,0,3.8,1,-0.134355,0.256491,-0.957163
6.99563,16.0365,3.68062,0.500826,0,-3.9,1,0.120748,0.991702,0.0441285
26.9118,-1.58025,26.877,0.374008,0,-3.2,1,0.807448,-0.0152142,0.589742
23.9086,22.8744,3.146,-0.747235,-0.013365,1.51603,1,0.638961,0.1341,0.75746
15.2215,7.7575,12.1663,0.701642,0.109204,-4.5,0,-0.856572,-0.194375,0.478019
12.159,10.6427,9.01225,0.790802,0,1.8,1,-0.17877,-0.683605,0.70762
20.232,16.7628,1.6685,-0.103657,0,-3.5,1,-0.991727,-0.112369,0.0620554
29.219,12.3395,16.4881,0.175281,0,3.8,1,-0.48299,-0.845527,0.227606
5.5315,12.7507,9.10275,0.208837,0,4.5,1,-0.893712,-0.446947,-0.0389574
11.8189,14.4606,-2.27175,-0.585792,-0.258213,-3.5,1,0.0604455,-0.369186,-0.927388
36.6618,-7.37262,43.4977,-0.709863,-0.195624,-1.3,0,-0.31578,0.166644,0.934084
33.3275,17.9365,2.124,-1.23114,-0.425622,2.98637,1,-0.694391,0.643495,-0.322079
25.1162,-7.19887,37.7034,0.439253,0,1.9,0,-0.256311,0.270231,0.928052
34.2915,20.7299,3.34162,-0.370759,0,3.8,1,-0.619517,0.686362,-0.380928
11.1613,11.4525,9.68475,1.37029,0,1.35428,1,0.210803,-0.730772,0.649257
44.3447,-4.98787,11.332,-0.730688,0,-3.5,0,0.894027,0.411751,0.176572
20.633,8.47375,-0.4415,0.111137,0,-4.5,1,0.772294,-0.550274,-0.317428
30.031,-7.35925,23.7787,0.195818,0,-4.5,1,0.902871,0.408705,-0.133356
28.8094,-11.7642,14.4888,-0.182778,0,3.8,1,0.160183,-0.914831,0.37071
23.5884,-7.90112,16.1251,-0.0894268,0,1.9,1,-0.513545,0.174862,0.840056
14.5306,-1.90625,26.2891,0.428208,0,-4.5,0,-0.544065,-0.662644,0.51468
21.4199,26.9525,2.03962,-0.126524,0,-3.5,1,0.00924015,0.969497,0.244928
26.8193,-1.09625,30.8083,0.371888,0.0490031,1.8,0,0.953516,0.0153087,-0.300954
39.7449,-0.184375,36.3395,0.620928,0,-2.91805,0,0.512676,0.388583,-0.765615
31.0085,17.1702,-3.24725,0.226965,0.426382,-4.5,0,0.506356,0.845462,-0.169697
18.8143,1.19325,36.7075,-1.354,0,-3.5,1,0.16414,-0.300389,0.939588
21.4293,13.6906,15.3658,0.549634,0,-4.5,1,-0.0833603,-0.0246596,0.996214
16.6423,13.72,12.0723,0.678605,0,-4.5,1,-0.178556,-0.262334,0.948314
17.3218,23.3801,15.1196,0.581099,0,-3.5,1,-0.454815,0.122648,0.8821
16.705,21.5557,13.5743,0.899157,0,-3.5,1,-0.643994,-0.51477,0.565936
34.8291,-4.45487,39.9641,0.341257,0,-1.3,0,-0.424703,0.759007,0.493494
23.2397,27.3657,2.06,-0.348247,0,-3.5,1,-0.112288,0.561586,0.819764
5.07675,10.0728,-0.156,-0.229396,0,-3.5,1,-0.347993,0.533518,-0.770882
20.9454,9.06487,11.3903,0.990059,0,-4.5,1,0.687264,0.389521,0.613141
40.1824,12.4041,5.07163,0.291777,0,-3.9,1,0.114728,-0.564601,0.817351
28.1825,-9.886,20.8054,0.694576,0,-4.5,1,-0.233841,-0.935268,-0.265693
11.8335,21.5544,2.483,0.52618,0,-3.5,1,-0.810634,0.347272,0.471459
37.383,-13.2415,6.36212,-0.143237,0,3.8,1,0.509595,-0.846616,0.153476
17.7393,-2.72075,24.4415,0.527272,0,-4.5,1,-0.0736638,-0.970964,0.2276
7.06825,6.78,2.5235,-0.023393,0,-3.5,1,-0.459573,-0.808342,0.367934
27.9955,-6.29075,29.926,-0.604391,0,-3.5,0,0.875922,-0.306887,0.372264
20.8442,24.594,11.2638,-0.192204,0,2.02392,1,-0.478687,0.87233,-0.0994943
23.6537,26.9102,10.9703,-0.0653375,0,3.8,0,0.0756114,0.902667,-0.423646
13.6591,18.5345,1.70113,0.0607848,0,-3.5,1,-0.13917,-0.857132,0.495941
13.9281,14.4817,-0.670875,-0.0457172,0.323997,-3.5,1,0.457041,-0.0844547,0.885427
29.4585,-4.79925,0.45375,-0.0975958,0,3.8,1,-0.215463,0.621622,-0.753101
18.1145,-0.09675,3.28975,0.094907,0,-4.5,1,-0.341227,0.123057,-0.931891
10.6812,9.659,-1.53075,-0.514015,-0.374994,-3.5,0,-0.442844,-0.163978,-0.881476
41.1592,12.1198,0.131,2.3273,0.108472,-3.9,0,0.105396,-0.441734,-0.890934
26.8726,-10.0441,18.8206,-0.0166296,0,0.591273,1,-0.0920268,-0.759749,0.643671
23.255,6.21875,4.50163,-0.381468,0,1.80016,1,0.468175,-0.304695,-0.829441
16.2404,22.0535,8.73925,0.105192,0,-0.8,1,-0.514685,0.828808,0.219492
33.6623,-2.749,17.0427,-0.0577089,0,-1.0112,1,0.783223,0.45218,0.426725
25.2471,-8.00737,27.3585,0.934569,0.220913,-3.5,1,-0.303621,-0.906972,-0.291919
23.006,-3.7445,22.371,1.12689,0,-1.42764,1,-0.808409,0.0964436,-0.580667
38.0924,1.78937,15.2964,2.85836,0,-3.9,1,-0.125845,0.856499,0.500572
15.8545,11.9031,5.9165,0.479855,0,4.5,1,-0.75455,-0.0902206,-0.650011
27.8468,-5.17775,34.5716,0.395102,0,1.8,1,0.332851,-0.942104,0.0406349
39.0902,0.1435,5.21325,0.0108546,0,-1.3,1,0.969244,0.176483,0.171522
31.5053,13.916,21.4118,-1.05987,-0.0244973,-3.5,1,-0.337353,-0.875587,-0.345746
12.9053,9.47894,-0.467438,-0.263817,0,-3.5,0,0.626752,-0.774945,0.0814959
17.3125,2.19237,10.6114,-0.1926,0,1.8,1,0.391941,0.0991027,0.914637
39.972,-3.08625,42.092,0.0739977,0,-0.8,0,-0.159992,0.280602,0.946396
21.5396,-8.7635,24.5436,-0.542174,0,-3.5,1,-0.283285,-0.918687,0.275251
12.0653,17.6807,-3.6095,-0.13539,0,-3.5,1,-0.0526502,-0.211,-0.976067
18.3223,21.983,-1.258,-0.509281,-0.292728,0.398606,1,-0.085145,0.417436,-0.904709
20.5656,-6.66025,10.7419,0.396847,0,3.8,1,-0.553772,-0.554331,0.621332
30.6842,16.1901,4.515,-0.414368,0,3.8,1,-0.109857,-0.713065,-0.692438
22.2935,-1.2895,34.6285,-0.234061,-0.462572,1.9,1,-0.138578,-0.0887684,0.986365
29.3035,0.252,19.1612,0.0228986,0,4.2,1,0.406883,0.897181,0.171792
24.8329,-5.69938,17.4827,0.274514,0.0142741,2.8,1,-0.768306,-0.423847,0.479645
36.1184,-13.1731,4.99263,-0.172663,0,3.8,1,-0.00837103,-0.730722,-0.682624
27.6515,24.0275,0.354,-1.03071,-0.505503,-0.4,1,0.880018,0.434512,-0.191751
41.5585,-9.3545,9.66325,0.340903,0.00103288,-3.5,1,-0.161396,-0.553567,0.817016
27.498,20.9207,10.5262,0.183571,0,-4.5,1,0.0792992,0.810709,-0.580054
36.9301,-3.88613,5.41288,-0.573307,-0.84177,-1.3,0,0.151568,0.129608,-0.979913
24.282,16.629,0.00375,-1.14214,-0.173199,-3.5,1,0.200025,0.0114548,-0.979724
25.9093,-3.02338,35.787,0.620412,0.0628748,1.9,0,-0.31637,0.507782,0.801291
18.529,6.86287,-1.77237,-0.0739135,0,-4.5,1,0.305749,-0.947288,-0.0957205
38.513,-6.63137,40.6927,-0.277717,0,-0.828358,0,0.726078,-0.308722,-0.614411
21.7335,12.9399,-2.29975,-1.41125,0,-3.5,0,0.176416,-0.518898,-0.836434
36.9109,-1.70212,38.2804,0.342856,0,-1.6,0,-0.479249,0.632771,0.608212
17.4919,18.562,13.3201,0.774049,0,-4.5,1,-0.268027,0.224464,0.936898
26.1485,-7.849,4.3975,-0.482543,-0.758493,-2.10141,1,0.0512513,0.380196,-0.923485
28.7353,14.8438,3.88775,-0.540637,0,-3.5,1,0.974677,0.00444581,-0.223574
31.692,-12.071,3.1075,0.00919905,0,-1.6,0,0.284193,-0.4019,-0.870465
22.0321,27.2264,15.777,0.646155,0,-3.9,0,-0.336889,0.355566,-0.871825
27.2208,19.4893,18.7175,-0.83437,0,0.0819888,1,-0.0168803,0.96031,-0.278425
15.9655,2.61,3.586,-0.0770549,0,-3.5,1,-0.0213493,0.585442,-0.810433
38.3005,-1.1755,15.8391,1.22122,0.355105,-3.9,1,0.24878,-0.491469,0.834606
34.3039,20.6618,16.9856,0.411999,0,-3.73875,1,0.18939,0.840666,0.507359
11.862,8.51525,0.515875,0.0820652,0,-3.5,0,0.86008,-0.486449,-0.153718
37.5168,-6.14625,39.7041,-0.729294,0,-0.8,0,0.690385,-0.56088,-0.456926
33.505,-7.278,40.1447,-0.175871,0,-1.3,0,-0.809824,-0.124051,0.573408
21.478,22.7362,8.368,-0.371537,0,-0.8,1,0.539654,0.673631,-0.504971
29.1928,-10.7419,21.9324,0.573151,0.156613,-4.5,1,-0.356218,-0.811157,-0.463824
23.3442,19.3485,0.2705,-0.783753,-0.70747,-2.44133,1,-0.227846,0.422995,-0.877018
38.9017,-3.41188,11.3173,0.462625,0,-3.54076,1,0.198487,0.86858,-0.454062
40.0894,0.99625,14.6869,2.50305,0.116038,-3.9,1,0.952849,0.2556,0.163549
26.9549,10.5717,5.994,-0.450869,0,4.2,1,0.914056,0.256496,0.314183
15.6385,5.745,9.16525,0.133091,0,0.889386,1,-0.790152,0.608866,-0.0703025
20.919,-7.55688,10.0351,0.104776,0.163203,1.39747,1,-0.667387,-0.628457,0.399547
7.24062,11.2227,6.814,-0.112922,0,3.11627,1,-0.751409,-0.659502,-0.0210074
22.5091,3.38488,5.26675,0.0244867,0,2.05764,1,0.292008,-0.35249,-0.889091
4.87762,8.35063,4.20512,-2.095,0,-3.5,1,-0.0880416,-0.284617,0.95459
9.87288,22.0234,0.66975,0.452783,0,-4.5,1,-0.652837,-0.275722,0.705536
15.5405,9.7125,4.2795,0.397609,0,-0.7,1,-0.358433,0.756215,-0.547416
16.8721,9.20025,-0.58,0.155289,0,-4.5,1,-0.915035,0.398811,-0.0605021
27.0845,-7.1415,30.115,-0.502526,-0.0194982,-3.5,0,0.582926,-0.540903,0.606318
42.3836,-0.481625,37.602,0.899623,-0.247353,-3.5,0,0.505747,0.0755252,-0.85937
25.8838,4.4695,19.2921,0.20511,0,-0.9,1,0.397871,0.917249,-0.0187917
24.778,-7.53325,26.2983,0.204197,0.0401714,-3.5,1,0.0888386,-0.991489,-0.0951661
16.4749,8,7.9315,0.119149,0,-0.7,1,-0.832011,-0.302645,0.464933
22.914,-3.14887,2.48225,0.194663,0,-4.5,1,0.97773,0.00838299,0.2097
19.8529,3.29975,33.6626,-1.51362,-0.142922,-3.5,1,-0.0746985,0.931863,-0.355038
27.3883,0.36525,17.5077,-0.127116,0,4.2,1,0.00270444,0.93688,-0.349641
24.8853,-5.99988,19.2493,-0.887882,0.488744,-0.245657,1,-0.794144,-0.32004,-0.516633
27.01,18.214,-1.72,0.00632311,0,-4.5,1,-0.508292,0.331226,-0.79494
15.0878,-2.5055,24.9825,-0.252994,0,-4.5,0,-0.382853,-0.910138,0.158344
38.3948,21.2945,10.2989,-0.413045,0,-3.5,0,0.935811,0.310982,-0.165974
31.4928,21.54,16.9316,0.247694,0,-4.5,1,-0.355705,0.763339,0.539248
42.5099,-2.76912,10.2709,0.18989,0,-3.5,1,0.48796,0.872709,0.0165656
22.4684,26.6084,19.4162,1.77212,0,-3.9,1,0.361018,-0.139369,0.922086
12.6571,2.86175,4.6005,-0.827847,-0.895668,-3.5,1,-0.0694926,0.817941,0.571089
11.1655,15.3007,-3.087,-1.18214,-0.65922,-3.5,1,0.0234522,-0.510582,-0.859509
29.3592,-8.80425,26.3988,0.442787,0,-4.5,0,-0.327401,-0.25973,0.908487
17.6495,16.938,-2.147,-1.95633,0,-3.5,0,0.63853,0.204153,-0.742025
21.7061,7.76713,9.23438,0.856672,0,4.2,1,0.809507,-0.285653,0.512934
14.244,1.40163,10.5225,-0.236562,0,-3.5,1,-0.641834,0.746381,0.175967
24.9942,2.582,23.4915,0.0265358,0,-3.2,1,-0.522652,0.698264,-0.489144
35.6796,24.2304,11.4459,-1.29604,0,-3.5,0,-0.268363,0.841656,0.46861
8.63437,9.98875,9.65312,0.217712,0,4.5,1,-0.152525,-0.878011,0.453687
33.8978,-0.546,15.0942,0.1995,0,-3.9,1,0.07202,0.891278,0.447702
26.9085,-2.688,36.254,0.274052,0.222504,1.9,0,-0.474944,0.0758197,0.876744
27.028,16.1003,21.5025,0.655667,0,-1.6,1,-0.428341,-0.0589433,0.901693
13.145,-1.593,8.254,-0.584688,-0.934894,-3.5,1,-0.878964,-0.110001,-0.464028
32.4775,19.0045,4.1555,-0.373165,0,3.8,1,-0.53054,0.637018,-0.559228
18.7978,27.0105,1.5265,0.185572,0,1.9,1,-0.129419,0.495286,-0.859036
23.067,27.4685,19.361,1.28928,0,-3.9,0,0.661582,0.0764206,0.745969
28.6963,-8.535,1.9685,-0.0439163,0,3.8,0,-0.51305,-0.628601,-0.5845
30.4272,17.8855,11.1823,0.505287,0,-3.5306,1,-0.76056,-0.559193,-0.329926
15.2821,0.08375,26.4722,0.359156,0,-4.5,1,-0.0882053,0.721185,0.687104
11.7153,21.1324,7.37625,0.14951,0,-0.7,1,-0.869708,0.330367,-0.366696
19.2965,13.6935,14.1917,0.762376,0.284698,-4.5,1,-0.721113,-0.0470152,0.69122
29.8709,-11.676,16.005,-0.131886,0,3.8,1,-0.000480949,-0.944328,0.329006
29.2638,18.5788,2.18675,-0.368944,0,-4.5,1,0.92746,0.273404,0.255086
16.6995,9.6075,13.664,0.486484,0,-4.5,1,-0.0708615,0.0817258,0.994133
20.7327,0.669,4.7095,0.0695525,0,-4.5,1,0.804583,0.386893,-0.450511
39.123,12.2493,1.61425,1.21083,0.123493,-3.9,1,-0.677215,-0.590176,-0.4394
26.4174,-2.7695,7.02775,-0.0450854,0,3.8,1,-0.172266,0.899864,-0.400712
16.9141,-2.98887,11.658,-0.162852,-0.0385221,-3.19103,1,-0.32636,-0.270881,0.905601
18.506,12.427,12.631,0.776592,0.652137,-4.5,1,-0.118288,-0.441843,0.88926
17.8791,19.723,13.3186,0.694424,0,-4.33278,1,-0.396264,-0.321551,0.859988
39.8968,19.2789,8.119,-0.34865,0,-3.5,1,0.549881,0.82836,0.107012
12.7378,-3.06413,11.9076,-1.6794,-0.406776,-3.5,0,-0.408567,-0.828652,0.382635
39.5456,21.8395,7.0265,-0.332588,0,3.8,0,0.642967,0.603785,0.471209
20.8946,-4.45913,-0.171,-0.154101,0,-4.5,1,-0.543743,-0.399515,-0.738059
37.8905,18.1952,1.3015,-1.00029,-0.339413,-0.981386,1,0.527999,0.398285,-0.750057
17.4719,17.9018,4.86888,-0.4022,-0.0351775,3.84107,1,-0.613347,-0.451225,-0.64823
12.1982,6.3625,0.997,0.617311,0,3.71206,0,0.938122,0.128062,-0.321756
29.0074,0.2975,11.6099,0.00540876,0,3.8,1,-0.403401,0.832812,-0.379067
33.0486,21.1275,10.7589,-0.160931,-0.939121,-3.5,1,-0.79013,0.572564,-0.218779
18.1938,10.9458,1.33525,0.767086,0.167793,-4.5,1,-0.60563,0.795708,-0.00781481
24.9597,-12.0665,15.8673,0.365581,0,1.9,1,-0.619849,-0.784615,-0.0129041
23.34,4.95775,5.1685,-0.225425,0,-0.4,1,0.584485,-0.35452,-0.729858
39.77,-4.15075,13.3044,0.282181,0.388699,-3.5,1,0.157805,0.098419,0.982553
18.1076,1.62338,10.2126,-0.285523,0,-3.5,1,0.296605,0.48901,0.820302
37.3442,-6.00387,18.666,0.194719,0.700062,-3.5,1,0.106021,-0.0199867,0.994163
9.478,4.77775,-3.6795,-0.118169,0,3.8,0,-0.0689357,-0.145978,-0.986883
34.712,20.268,8.673,-0.688851,0,3.8,1,-0.305797,0.584295,-0.751723
19.9961,16.7369,13.2335,1.2197,0.0621649,-3.45742,1,0.0317031,-0.121341,0.992104
28.495,-4.99225,33.5619,0.358772,0,1.8,1,0.209833,-0.966285,-0.149208
35.9321,10.6858,6.6195,-0.114211,0,4.2,1,0.36372,-0.822653,-0.436978
28.0855,-4.749,0.7895,-0.078939,0,3.8,1,-0.451821,0.428366,-0.782534
24.2101,-7.98575,37.2601,0.0510599,0,1.9,0,-0.640126,-0.0565836,0.766183
12.3895,5.36575,1.3415,0.135664,0,3.8,0,0.979919,-0.134822,-0.146905
18.0152,-7.64125,8.80737,0.0562448,0,-1.15388,1,-0.292419,-0.832758,0.470111
13.048,22.7714,4.65525,0.459419,0,-3.5,1,-0.895333,0.282577,0.34428
34.9719,-7.89388,19.4519,-1.52874,0,-3.5,1,0.738331,-0.561444,0.373694
37.3983,11.7292,8.52,-0.146288,0,4.2,1,0.837243,-0.504602,-0.210716
12.4284,-0.83225,12.3375,-1.31366,0,-3.5,0,-0.752034,0.546403,0.368632
40.1419,13.21,13.7571,-0.1342,0,-0.9,0,0.891234,-0.0917575,0.444164
18.5835,18.3092,13.4115,1.13603,0,-4.5,1,-0.456687,0.230361,0.859285
43.0516,16.367,8.83387,-1.13431,0,-3.5,1,0.841584,0.146978,-0.519744
37.5941,2.81312,40.6046,-0.0885806,0,-3.5,0,-0.980902,0.153228,0.119804
8.56125,14.1806,-1.75587,-0.617741,0,-0.512409,1,0.203749,-0.596766,-0.776116
31.0002,-11.868,13.2758,-0.0762022,0,3.8,1,0.613981,-0.742126,0.268844
43.5182,-0.84675,38.5628,2.09443,-0.0790593,-3.5,0,0.894731,-0.18957,-0.404376
32.208,21.1315,8.1505,-0.320451,0,3.8,0,-0.0225994,0.999292,-0.0300633
4.562,18.8267,-2.45388,0.0764068,0,3.8,0,-0.768472,0.44322,-0.461526
35.0681,20.4084,18.0516,0.00781238,0,-3.5,1,-0.141679,0.980748,0.13439
31.0961,15.613,0.563625,0.180478,0,-2.37368,1,-0.346548,-0.237925,0.907357
25.3206,-6.05206,5.86837,-0.0172689,0,3.8,1,-0.420235,0.407695,-0.810671
41.3756,-3.54938,6.96163,-0.905488,-0.618038,-3.5,1,0.424225,0.820977,-0.382138
21.23,-7.92688,4.811,-0.250301,-0.547863,-1.8596,1,-0.636615,0.153475,-0.755756
34.9152,1.3075,4.15125,-0.790979,-0.00862314,-1.3,1,-0.550161,0.828498,-0.104469
40.7371,18.6291,10.3305,-0.606269,0,-3.5,1,0.0646028,0.872983,0.483453
35.9516,-1.471,9.728,0.342782,0,-1.3,1,0.00809862,0.977367,0.211398
25.5739,19.0876,12.2891,0.703559,0.375713,-2.45025,1,0.456154,-0.848161,-0.269345
13.766,12.5642,12.091,1.05284,0,-0.7,1,-0.046051,-0.296846,0.953814
27.1453,19.6311,17.2502,-0.379438,0,-1.6,1,0.287833,0.914147,0.285459
36.2059,-13.5755,6.1135,-0.105377,0,3.8,1,0.0798401,-0.99344,0.0818741
31.5327,0.396,18.5435,0.0521144,0,4.2,1,0.306517,0.848172,0.432033
29.5625,-12.3398,8.36425,0.0803412,0,2.65325,1,-0.146205,-0.979322,0.139832
20.201,1.5325,24.6355,0.85529,0.287747,-4.5,1,-0.083421,0.96307,-0.256001
8.333,16.774,8.311,0.138907,-0.395843,4.5,1,-0.469153,0.864224,-0.18169
11.846,20.101,-3.599,-0.688881,-0.0813848,-4.5,1,0.30311,-0.00914089,-0.952912
35.5535,13.355,15.1783,0.419017,0,-0.9,1,-0.439938,-0.615308,0.654103
23.0672,-6.14375,35.59,-0.60625,0,1.9,1,-0.75457,0.303132,0.58201
4.6655,14.008,9.58212,0.187484,0,4.5,1,-0.996184,-0.0867764,-0.00935209
13.9294,-5.90462,8.21537,-0.01906,0,-1.6,0,-0.857412,-0.379065,-0.348073
16.5771,14.0476,4.70412,0.0616509,0,4.5,1,-0.702142,0.074582,-0.70812
26.8433,10.3705,7.9215,0.0331679,0,4.2,1,0.590491,0.41792,0.690408
25.0916,-5.9975,31.404,-0.135054,0,-0.84234,1,-0.955616,0.0786875,-0.283912
34.525,-3.22513,16.6326,-0.229071,0,-3.67001,1,0.474774,0.568189,0.672124
3.22263,7.698,2.22537,-1.63433,0,-3.5,0,-0.970046,-0.221105,-0.10061
16.0452,1.10575,10.9434,-0.350591,0,-3.5,1,0.13063,0.462665,0.876856
12.4886,22.2076,7.801,0.0858308,0,-0.7,0,-0.44194,0.886089,-0.139771
30.5266,20.6496,9.4685,0.135676,0.336438,-3.30086,1,0.253409,0.964336,-0.0764174
18.022,-9.00788,7.00887,-0.139542,0,-0.7,0,-0.586516,-0.80938,-0.0300548
14.7344,3.54787,10.7196,-0.030883,0,1.8,0,-0.648726,-0.0298209,0.760437
20.3452,0.336375,3.41537,0.0296943,-0.410417,-4.5,1,0.547843,0.535796,-0.642487
23.366,-8.99975,3.105,-0.759724,-0.487588,-3.5,1,-0.00768955,-0.0600167,-0.998168
21.8645,13.386,10.766,0.821915,0,-4.5,1,0.113202,-0.977406,-0.178502
19.2167,12.2458,11.6803,0.792486,0,-4.5,1,0.415919,-0.636329,0.649689
31.361,-10.8953,25.2355,0.546496,0.181582,-4.5,0,0.293992,-0.526425,0.797775
11.6117,5.84375,-1.4625,-0.0514556,0,3.8,0,0.915873,0.201976,-0.346961
9.65606,10.1159,-1.37975,0.0406572,-0.102565,-3.5,1,-0.322698,-0.211653,-0.922534
24.7014,25.9141,10.2996,-0.130246,0,3.8,0,0.157427,0.66161,-0.733137
16.191,22.266,-0.872,0.199106,0,-0.8,1,-0.412761,0.547692,-0.727778
19.4369,19.6394,-1.41062,-0.742208,0,-0.8,1,0.624444,-0.332059,-0.706971
42.5752,12.035,3.4015,0.246689,0,-3.9,1,0.900266,-0.262895,0.346996
32.268,-12.1235,7.08225,0.0731638,0,3.8,1,0.178758,-0.979249,0.0954788
37.5751,10.5719,9.72775,-0.405072,0,-0.9,1,0.507948,-0.278981,-0.814959
37.9743,3.63175,39.5153,-0.228105,0,-3.5,0,-0.894394,0.405819,-0.188069
34.9543,14.7844,-1.15412,-1.6459,0,-0.8,0,0.0445182,-0.508147,-0.860119
13.7017,-1.09225,25.3775,0.372065,0.16344,-4.5,0,-0.885446,-0.372325,0.278136
14.9369,5.08475,10.3256,0.143799,0,1.8,0,-0.871067,0.433054,0.231747
37.7289,-3.76075,15.3559,0.0488977,0,-3.71914,1,0.835791,0.30043,0.45956
38.1538,16.0475,19.6455,0.764114,0.151721,-3.5,0,0.310173,-0.897079,-0.314709
28.1728,-3.86175,3.46813,-0.0749731,0,3.8,1,-0.214027,0.921474,-0.324156
25.7355,4.08238,24.3943,0.107867,0,-3.2,1,-0.436888,0.80643,-0.398497
34.2912,10.404,7.08038,-0.108577,0,4.2,1,-0.359118,-0.869599,-0.338868
27.131,11.8247,0.968,-1.89994,-0.00167096,-3.5,1,-0.602543,-0.32762,-0.727741
39.2996,-2.5955,13.5385,0.393437,0,-3.9,1,0.616154,-0.168327,0.769429
20.1094,-8.13463,5.36037,-0.522565,0,-2.13583,0,-0.358061,-0.097054,-0.92864
17.4401,8.96463,2.01988,0.537543,0,-4.5,1,-0.994571,-0.0961922,0.0396862
37.9598,-10.3062,41.673,0.201996,0.252419,-1.3,0,0.586394,-0.803208,0.104875
25.1877,7.25875,8.4645,0.0972484,0,4.2,1,0.284692,-0.490454,0.823654
15.5524,5.574,11.5341,0.637309,0.0186787,-2.46339,0,-0.763681,-0.301254,0.570997
17.7973,8.63125,13.5915,0.542411,0,-4.5,1,0.0222416,0.167339,0.985648
36.5725,-8.28125,14.5446,0.0296989,0,-3.5,1,-0.0783047,-0.996929,0.000423233
27.185,-5.4255,4.48413,-0.170574,0,3.8,1,-0.910042,0.00540721,-0.41448
10.1493,2.05175,-1.46413,-0.147418,0,3.8,0,0.310931,-0.832744,-0.458104
29.2644,12.1986,0.534375,-0.974781,-0.18791,-3.5,1,0.705497,-0.643833,-0.296232
23.605,21.65,7.014,-0.423765,0,3.8,1,-0.129579,0.973451,-0.188689
30.0531,14.4727,8.9745,0.114582,0,3.8,1,-0.9427,-0.291349,-0.162582
27.9149,21.9748,22.3482,-0.011869,0,4.2,0,-0.653067,0.647128,0.393355
23.7141,5.403,7.85075,-0.247502,0,3.8,1,0.416218,0.171185,0.893005
25.834,15.0855,19.9877,0.475586,0,-1.6,1,-0.697352,-0.234209,0.677382
19.8015,26.119,4.8945,-0.0432013,0,1.9,1,0.478674,0.0937737,0.872971
37.92,1.2245,4.10225,0.384062,0.209954,-1.3,0,0.786483,0.614713,-0.0597723
35.5192,0.4205,2.2835,-0.991665,-0.384422,-1.3,0,-0.317266,-0.0225564,-0.948068
4.13,17.5473,-2.221,0.0608103,0,3.8,0,-0.941993,0.13327,-0.308041
2.27625,14.908,6.49475,2.40617,0.330216,-3.9,1,-0.808221,0.183645,0.559512
23.3622,12.9892,0.11425,-0.842369,0,-3.5,1,0.740567,-0.582121,-0.335701
23.6857,-2.0455,30.1857,-0.196472,0,1.8,1,-0.0278069,-0.855405,-0.517213
9.61525,23.4653,1.09487,0.816103,0,-4.5,1,-0.326545,-0.201035,0.923555
35.1362,12.865,5.589,-0.592968,0,4.2,1,0.220427,-0.403196,-0.888169
18.0385,-2.822,3.65687,0.16101,0,-4.5,1,-0.733086,-0.443612,-0.515552
26.5955,16.11,14.1465,0.434349,0,2.75683,1,-0.48188,-0.0159782,-0.876091
23.9665,14.4279,11.5435,0.90589,0.451278,-4.5,1,0.957751,-0.142878,0.249599
30.4305,23.2502,14.1055,0.605565,0,-4.5,1,-0.201332,0.968468,0.146747
19.8575,-7.0155,5.37,-0.859853,-0.784959,-0.7,0,-0.137823,-0.129313,-0.981979
38.3195,-2.08,14.7815,1.04447,0,-3.9,1,0.678597,-0.346342,0.647729
42.8481,-5.67112,9.0845,-0.168618,-0.683249,-3.5,1,0.778909,-0.0257717,-0.626607
38.091,-0.065,34.9823,0.259302,0,-1.6,0,0.199693,0.799119,-0.567038
25.9382,12.005,2.075,-0.758791,0,-3.5,1,-0.467555,-0.539593,-0.700165
29.3885,20.451,0.1595,-0.655521,-0.187599,-4.5,1,0.800057,0.123138,-0.58715
24.6857,2.87762,21.0303,-0.400454,0,-0.9,1,-0.387143,0.621675,0.680912
19.8644,27.0546,17.3579,1.3067,0.291691,-3.9,1,-0.93036,0.0587219,-0.361914
22.7346,-7.07212,5.27112,-0.123315,0,-2.73621,1,0.313811,0.857045,-0.408652
4.7885,19.3884,-1.25487,0.150247,0,3.8,0,-0.58305,0.808299,0.0818828
38.5303,17.0606,15.8009,-0.290824,0,-3.5,0,0.884361,-0.375774,0.276948
24.6865,21.6173,4.6495,-0.554381,0,3.8,1,0.158039,0.984562,0.0752463
16.0103,24.5678,13.8196,-0.633422,-0.275118,-3.5,1,-0.89019,0.308271,0.335455
12.9318,11.0995,10.6609,0.634436,0,-0.7,1,-0.667494,-0.646425,0.369577
38.8549,16.4036,13.9434,-0.488296,-0.125595,-1.43034,1,0.947464,-0.063573,0.313481
17.3771,9.4715,3.11063,0.383001,0,-0.526653,1,-0.88174,0.254415,-0.397251
22.4281,-1.82487,1.551,0.24889,0,-4.5,1,0.717774,0.691198,0.0839325
19.6817,-0.911125,35.1263,-0.312436,0,-3.5,1,-0.0904096,-0.790544,0.605695
30.5081,2.9795,25.478,0.419267,0,-3.2,0,0.973009,0.228664,0.031071
15.121,12.5785,6.2385,0.52012,0,4.5,1,-0.227316,-0.421279,-0.877982
21.1166,-10.3985,3.79625,0.276741,0,-3.5,0,-0.772266,-0.339441,-0.537014
7.446,25.8857,0.1435,0.3402,0,-4.5,1,-0.446783,-0.0278817,0.894208
27.1807,14.0297,14.4782,0.370998,0,3.8,1,-0.782584,-0.595207,-0.182459
36.7298,-8.21175,11.3579,-0.0650549,0,1.8,1,0.192877,-0.905507,0.377963
22.08,-9.15913,23.5369,-0.19011,0,-3.5,1,-0.319163,-0.914192,-0.249776
16.244,2.23725,10.8831,-0.225383,0,1.8,1,0.164975,-0.130315,0.977651
32.2981,-3.80087,20.7895,-0.0922727,0,3.8,1,0.952565,0.26586,0.148118
14.4474,-6.58787,9.38888,0.0492016,0,-1.6,0,-0.757238,-0.618822,0.208925
11.4058,-0.108125,3.95563,-1.18166,-0.0499242,-3.5,0,-0.608966,-0.258186,-0.75
21.7319,11.8101,0.019625,-0.635684,0,-3.5,1,0.731053,-0.525742,-0.434922
27.7011,-2.66563,5.57163,-0.0623912,0,3.8,1,-0.457416,0.846853,-0.271313
26.6915,20.8295,16.6515,-0.319658,0,3.8,1,0.640187,0.164366,0.75043
23.2301,-12.4555,10.2164,-0.139582,0,3.8,1,-0.744495,-0.642404,-0.181782
42.0872,11.5569,1.98063,1.62366,0.117471,-3.9,0,0.723935,-0.671896,-0.15644
33.867,22.4608,15.7723,-0.0700148,0,-4.5,1,0.523057,0.793904,0.310047
26.0061,-8.77637,18.7272,-0.0882192,0,-4.5,1,-0.961667,-0.141798,0.234711
24.2855,14.5925,17.2945,0.558337,0,-1.6,1,-0.518183,-0.809536,-0.275931
37.462,1.59962,38.9394,0.453599,0,-3.5,0,-0.995149,0.081115,-0.055659
25.4928,18.0625,13.9755,0.250504,0,0.744939,1,0.451048,-0.496332,-0.741762
19.894,25.136,18.037,0.45439,0,-3.9,1,-0.942852,-0.324322,0.076448
14.2397,3.10413,9.46875,-0.145028,0,1.8,0,-0.982279,-0.174694,0.0679038
21.2362,27.6117,16.4513,2.02045,0,-3.9,0,-0.446972,0.325823,-0.8331
31.4322,-8.5345,32.9064,-0.0458721,-0.111781,-0.8,0,-0.920913,-0.38495,-0.0610926
13.7875,9.3095,3.0505,0.455694,0,-0.4,1,0.439209,0.870605,-0.221681
17.8811,8.18725,-3.31063,0.992854,0.686945,-4.5,0,-0.32051,-0.0687832,-0.944744
24.9837,-1.98325,7.59875,-0.0359205,0,3.8,1,0.38666,0.600558,-0.699874
36.978,1.451,4.7825,-0.0642532,0,-1.3,1,0.266886,0.913898,0.305879
13.7136,23.2769,5.94225,-0.135797,0,-3.5,1,-0.888394,0.111799,0.445261
31.905,-6.53288,-0.26625,-0.141839,0,3.8,0,0.611141,-0.262858,-0.746601
21.6955,24.407,13.6485,0.558026,0,0.147683,1,-0.303618,0.890516,0.338819
29.9495,-11.7864,22.1176,0.727541,0.81982,-4.5,1,-0.248633,-0.7809,-0.573042
26.317,-6.8645,5.4835,-0.204861,0,3.8,1,-0.387982,0.392333,-0.833993
16.1566,-2.90875,22.8899,0.83805,0.413629,-4.5,1,-0.330134,-0.849097,-0.412366
19.7661,3.98288,34.978,-1.86442,-0.280848,-3.5,1,-0.0183461,0.999561,0.0232697
24.064,18.668,19.7852,-1.44538,0,1.8,1,-0.0153224,0.202524,0.979157
24.7808,-2.241,30.1436,0.243533,0,1.8,1,-0.517707,-0.763334,-0.386394
42.3656,0.731875,41.1171,2.42402,0,-3.5,0,0.340744,-0.0114718,0.940086
28.9386,-6.0335,0.33575,-0.0762681,0,3.8,0,-0.560057,0.0298215,-0.827917
3.36112,16.3205,6.308,2.74382,0.106601,-3.9,0,-0.2537,0.709195,0.657784
28.7436,13.3549,5.071,-0.317369,0,-3.5,1,0.591319,-0.142786,0.793697
38.6295,-5.9935,18.4304,0.242149,0.458533,-3.5,0,0.574138,0.224636,0.78734
20.6278,29.4802,17.5511,2.57694,0.262029,-3.9,0,-0.488123,0.808939,-0.327648
36.9076,-9.94137,1.9705,-0.621068,0,-3.5,1,-0.336914,-0.653318,-0.677986
26.0295,26.07,13.079,0.0200616,0,3.8,0,0.404155,0.804844,0.434608
32.4741,16.2809,23.8436,-0.468961,0,-3.5,0,-0.261936,0.506198,0.821677
28.753,12.5437,-0.387,-0.219788,-0.0522213,-3.94562,1,-0.365582,-0.782983,-0.503276
39.4767,-10.5343,5.002,-1.45689,-0.253956,-3.5,1,0.477696,-0.870718,-0.116864
9.12175,7.1455,-2.4405,-0.153451,0,3.8,1,-0.410977,0.791265,-0.452767
32.4518,-7.33625,37.6017,-0.577419,0,-1.3,1,-0.949503,-0.262888,0.17127
22.8515,-3.3485,24.5475,0.55532,0,-4.0051,1,-0.484982,-0.503391,0.715115
33.988,-2.053,33.216,0.229204,0,1.8,0,0.505624,0.810363,-0.296066
43.3153,-9.07475,6.60625,-0.826058,-0.135781,-3.5,0,0.916605,0.294288,-0.270611
35.1909,-1.01688,11.5409,0.17711,0,-3.9,1,-0.275538,0.786489,-0.552733
22.3554,-4.82863,-0.4935,0.222064,0.0230313,-4.5,1,0.178929,-0.552628,-0.813994
11.5247,6.57725,6.3375,-1.19484,-0.0389089,-0.4,0,-0.191664,-0.876459,0.441683
5.6985,11.611,9.509,0.0593665,0,4.5,0,-0.880791,-0.448603,0.151531
12.2674,11.177,-2.87812,-0.794366,-0.221012,-3.5,0,-0.179678,0.0716384,-0.981114
33.348,10.406,10.95,0.13462,0,-0.9,1,-0.847916,-0.400407,-0.347438
41.1786,-5.16362,5.34312,-1.55094,-0.470992,-3.5,0,0.355861,0.405478,-0.841992
16.5695,0.39075,3.69225,-0.0976188,0,-3.75023,1,0.0842152,-0.144826,-0.985867
38.167,-0.5785,39.8597,0.573111,0.39416,-2.18556,0,-0.852816,-0.11169,0.510128
31.802,-8.83125,34.9388,-0.229754,0,-0.8,0,-0.744436,-0.506006,0.43563
4.23737,15.7334,-3.392,-0.0140061,0,3.8,0,-0.815334,-0.320834,-0.481971
26.9825,17.4201,9.32463,0.325516,0,3.8,1,0.0960535,-0.776411,0.622864
22.1631,22.0327,8.81338,-0.808432,0,-0.8,1,0.512506,0.727885,-0.455545
7.9985,15.7408,3.166,0.502765,0,-3.9,1,0.176448,0.952098,0.24975
30.1944,-5.36013,34.2269,-0.446343,-0.0919072,0.361608,1,-0.551431,-0.822021,0.142147
38.6806,-11.2944,3.80025,-2.31743,-0.598032,-3.5,0,0.3285,-0.928387,-0.173738
20.0419,-7.07975,25.569,-1.46978,0,-3.5,1,-0.862806,-0.038173,0.504093
10.0389,6.72475,4.74512,-0.858968,-0.223325,-1.87279,0,-0.256277,-0.620574,0.741087
29.5005,0.632875,25.6686,0.469524,0,-3.2,1,0.957474,-0.166671,0.235509
32.7238,-2.55975,35.2395,0.211026,0,1.8,0,0.113671,0.771307,0.62623
13.2157,9.25425,-2.13475,-1.34332,-0.020041,-3.5,0,0.619758,-0.741747,-0.256341
40.878,-2.63575,8.11712,-0.035201,0,-3.5,1,0.305875,0.925762,-0.222274
33.8234,-3.50312,30.7227,0.11273,0,1.8,0,0.721713,0.0392429,-0.691079
5.02275,13.3871,10.7614,0.105033,0,4.5,0,-0.685063,-0.440587,0.580148
26.6103,-0.83275,29.859,0.234738,0,1.8,0,0.934114,-0.21683,-0.283578
37.214,23.7908,11.7242,-2.02196,-0.52027,-3.5,0,0.627202,0.562748,0.538454
27.4449,24.9076,1.6,-1.80972,-0.370458,-0.4,1,0.811768,0.428379,0.396892
42.375,13.892,1.60337,2.67746,0.164534,-3.9,0,0.894199,0.438495,-0.0901686
38.7356,-10.1285,1.662,-1.74717,0,-3.5,0,0.0107093,-0.447658,-0.894141
36.8015,8.1595,11.1225,0.064163,0,-0.9,1,0.258289,-0.959049,0.116242
39.1924,-10.9169,2.99712,-1.47619,0,-3.5,0,0.355435,-0.897199,-0.262106
20.307,24.8865,0.349,0.500687,0,1.9,1,-0.276536,0.507562,-0.816032
37.9622,22.5819,6.69275,-0.404185,0,3.8,0,-0.0212885,0.968429,0.248377
24.193,11.4105,8.6945,0.251698,0,4.2,1,0.388469,-0.161284,0.907237
38.2545,18.3415,21.1145,-0.349614,0,-3.5,0,0.724732,0.493594,0.480759
24.2115,-1.84812,35.4173,-1.47876,-0.0231247,1.9,0,-0.050026,0.471065,0.880679
20.862,24.165,18.9435,0.351813,0,-3.9,1,-0.759609,-0.302938,0.575519
33.5462,10.9989,7.99463,-0.0598251,0,4.2,1,-0.856822,-0.515051,0.0240679
32.8725,-3.42688,24.4062,0.0249496,0,3.8,0,0.866857,-0.332914,0.371117
23.2795,-4.13325,13.476,-1.43684,-0.820371,1.9,1,-0.536064,0.573593,0.619376
12.7506,21.2083,4.88613,0.239031,0,-3.5,1,-0.949463,-0.00149174,0.313875
30.581,-6.258,33.678,-1.35396,-0,-0.8,0,-0.896824,-0.428523,0.109886
33.9432,-8.44013,17.7132,-1.76687,0,-3.5,1,0.667416,-0.652546,-0.358803
27.5742,-12.726,8.74075,-0.257612,0,2.96531,1,0.453482,-0.765431,-0.456585
22.8315,-3.71325,34.365,-0.281025,0,1.9,1,-0.988152,-0.0417276,0.147697
14.843,0.67675,22.4527,0.441171,0.000292458,-4.5,1,-0.100823,0.876109,-0.471453
10.3665,18.2453,8.82125,-0.090568,0.0436674,-0.7,1,-0.692353,0.66595,-0.277772
32.3133,-2.79787,7.63088,0.284886,0,-1.64044,1,-0.693261,0.698558,-0.177218
27.7407,8.45162,6.776,-0.113953,0,4.2,1,0.951903,-0.259364,0.163128
15.942,6.175,12.522,0.366833,0,-4.5,1,-0.545514,-0.405451,0.733501
30.188,-10.811,25.28,-0.184478,0,-4.5,0,-0.0646066,-0.611976,0.788233
41.3317,3.20062,39.1106,0.711083,0,-3.5,0,0.819611,0.548458,0.165627
21.0748,22.7994,17.2034,1.12793,0.255541,0.572579,1,-0.962841,0.0713785,0.260465
32.5667,15.1497,4.20787,-0.738886,-0.59122,0.817342,1,-0.727545,-0.664577,-0.17034
25.5196,25.3616,2.5955,-0.602392,-0.372908,-2.12687,1,0.402702,0.298879,0.865161
31.511,-10.8767,14.3532,-0.102856,0,3.8,1,0.684291,-0.729184,0.00596105
40.2686,15.6757,4.38312,-0.0326582,0,-3.9,1,0.687557,0.710847,0.148195
10.3565,15.0857,14.0926,0.25456,0,1.8,1,-0.377032,0.282026,0.882218
9.31137,15.6301,2.99487,0.440145,0,-1.48975,1,-0.0662397,0.961458,0.266855
27.6803,-10.6184,23.8936,1.39303,0.226772,-4.5,1,-0.599279,-0.794807,0.0956363
31.2509,17.065,0.265,0.432115,0.816223,-4.5,1,0.0362449,0.918399,0.393991
25.7588,-3.1565,29.3216,0.066384,0.0583249,-2.63626,1,-0.930719,-0.287404,0.226188
29.5279,17.512,-2.56275,0.129742,0.0315584,-4.5,0,0.0922461,0.832787,-0.545855
37.3203,1.96788,2.98062,0.31951,0.409641,-1.3,0,0.459478,0.817945,-0.346187
15.4089,-5.12712,6.55263,0.270682,0,-1.6,1,-0.53684,-0.259397,-0.802817
31.829,-11.1827,22.8594,0.389467,0,-4.5,1,0.837894,-0.300667,-0.455557
15.704,26.3633,3.58225,-0.364829,0,1.9,1,-0.69055,0.643824,-0.329593
8.41175,19.2559,-1.60538,0.262023,0,2.65605,1,-0.176215,0.980239,-0.0898826
19.4708,1.82,3.19625,-1.50764,-0.390815,-4.5,1,0.328268,0.211054,-0.920704
33.9285,11.088,9.88775,-0.0335703,0,0.9188,1,-0.90504,-0.377367,-0.196206
5.004,6.4615,2.69,-1.81134,-0.0723697,-3.5,1,0.0476381,-0.992766,0.110212
15.245,22.3615,7.824,-0.598577,-0.511593,-3.30875,1,-0.216231,0.727303,0.651363
14.0289,-0.704625,26.5221,0.653905,0.85123,-4.5,0,-0.629416,0.303574,0.715317
13.0291,-1.70675,4.13425,-2.06576,-0.00415532,-3.5,0,-0.0284672,-0.80114,-0.5978
33.561,-8.414,11.757,-0.221086,-0.000458524,1.80503,1,0.595787,-0.70874,0.377789
8.42025,4.56475,-3.37075,-0.125159,0,3.8,0,-0.617913,-0.356669,-0.700693
27.4527,14.9122,0.2615,-0.430723,0,-4.5,1,-0.690877,-0.581843,-0.429125
15.6198,18.9775,3.082,-0.89826,-0.763474,-1.39322,1,-0.0792802,-0.951083,0.298588
21.2844,-7.35962,11.5586,0.553293,0,3.8,1,-0.894761,-0.337116,0.29284
26.4876,13.5428,17.2159,1.02203,0,-1.6,1,-0.220536,-0.825635,-0.519317
28.0395,-7.3695,1.5605,-0.0847914,0,3.8,0,-0.775997,-0.482891,-0.405765
17.395,0.4325,36.0607,-1.44019,-0.639722,-3.5,1,-0.443582,-0.726287,0.525112
35.5036,-8.37113,34.5584,0.175402,0,-0.8,0,0.701772,-0.710587,-0.0508079
26.424,-15.434,11.126,-0.0674222,0,3.8,1,0.319314,-0.926743,0.197954
18.7369,0.563125,26.1007,0.653364,0.0330005,-3.83424,1,-0.632988,0.70566,0.318388
22.208,-11.4219,9.47762,-0.92993,-0.341268,-0.0912012,1,-0.730127,-0.683125,0.0159874
18.1929,3.1725,35.5757,-1.68522,0,-3.5,1,-0.458949,0.850609,0.256574
16.1127,9.17175,9.359,0.18545,0,-0.7,1,-0.758538,-0.651596,0.00654693
13.8615,-4.95625,10.0375,0.077133,0,-1.6,0,-0.848455,-0.357943,0.389873
38.5262,20.5895,11.2157,-0.310285,0,-3.5,1,0.952519,0.130962,0.274875
9.638,26.9055,-0.632,0.317231,0,-4.5,1,0.695222,0.707587,0.126438
33.5573,-7.50275,2.57312,-0.00963274,-0.0303908,-3.4004,1,0.348409,-0.337272,-0.874562
38.3886,13.6546,9.187,-0.135038,0,1.80741,1,0.776362,-0.588534,-0.225586
39.6816,11.4113,13.5265,0.246877,0,-0.9,1,0.521653,-0.545387,0.656072
31.1501,14.7905,-4.113,0.242064,0.0445976,-4.5,0,0.642783,-0.300541,-0.704631
42.0428,2.25125,39.7707,3.71175,0,-3.5,0,0.35374,0.904289,0.239017
24.5836,-1.9465,28.8818,0.162542,0,1.8,1,-0.572392,-0.798627,0.185909
28.379,-3.643,27.97,0.108163,0,-3.5,0,0.755959,0.615062,0.22411
25.369,-9.04475,34.6217,-0.393439,0,1.9,1,0.294663,-0.783559,-0.547001
21.9371,1.89863,10.2718,0.0225006,0,3.8,1,0.298701,-0.0153494,0.954223
20.5397,22.4655,16.3014,0.403196,0.845543,1.8,1,-0.657904,0.0749577,0.749362
24.1386,-0.895625,12.4727,-0.203058,0,3.8,1,-0.37873,0.761563,0.525914
18.0334,-1.24413,2.88875,0.0869029,0,-4.5,1,-0.590835,0.0831061,-0.802501
11.1326,21.6674,1.4765,0.339983,0,-3.59108,1,-0.62367,0.226688,0.748096
16.6645,-4.00525,5.88,-0.519713,-0.171402,-1.41876,1,-0.488109,-0.22388,-0.84358
37.603,-0.28475,3.30125,-0.0536344,0,-1.3,0,0.650793,-0.278581,-0.706301
22.2862,28.4998,19.9215,1.77822,0.765016,-3.9,0,0.494798,0.343575,0.798205
34.9598,-13.348,5.61475,-0.0981079,0,3.8,1,-0.430272,-0.872784,-0.230464
19.2598,5.296,3.88375,0.590268,0,-0.4,1,-0.436983,-0.246788,-0.864952
30.0042,-3.3975,4.906,0.0251999,0,3.8,1,0.00265194,0.77874,-0.627341
21.7315,-2.6985,23.3517,0.212038,0,-4.5,1,-0.380735,-0.436823,-0.815001
18.2418,-3.75325,13.1005,-1.43074,-0.362319,-3.5,1,-0.386335,-0.610587,0.691324
18.4428,-2.684,23.3285,0.568269,0,-4.5,1,0.205565,-0.868777,-0.45052
6.4975,11.4298,10.226,0.10766,0,4.5,0,-0.468743,-0.678535,0.565571
7.03475,13.6267,-1.83225,-0.371421,-0.266274,0.0714684,1,-0.254869,-0.790958,-0.556262
14.3495,11.9485,-0.7015,-0.250283,0,-3.5,1,0.960768,-0.135426,0.242044
26.0936,13.9836,5.99363,0.197098,0,-2.44902,1,0.7237,0.0336689,0.689293
32.548,-5.88575,0.54975,-0.169803,0,3.8,0,0.804436,0.30584,-0.509259
28.1933,-12.4465,7.484,-0.105018,0,-1.6,1,-0.114883,-0.982819,0.144461
20.1882,9.21212,12.2695,1.20202,0.0650021,-4.5,1,0.613947,0.61294,0.497367
16.06,-7.50475,10.7448,-0.0401164,0,-1.6,1,-0.183133,-0.88466,0.428764
4.14475,16.2348,4.3515,2.41433,0.0298479,-3.9,1,-0.0627086,0.865826,-0.496399
26.3826,22.947,-1.97725,-0.106292,0,-0.4,1,0.0909972,0.296181,-0.950787
19.563,8.73337,-3.14237,0.169477,0.414577,-4.5,1,0.414056,-0.349608,-0.840436
24.8069,-2.35975,17.8951,-0.171012,0,0.293687,1,-0.916964,-0.226481,-0.328457
37.1598,-4.53725,41.2095,-0.399781,-0.150112,-0.94865,0,-0.205399,0.6685,0.714786
27.2642,0.178625,16.0614,-0.0622443,0,3.41068,1,0.0174526,0.973252,-0.229076
26.0599,-8.58212,28.3204,0.29365,0,-3.5,1,0.036388,-0.981922,-0.185754
22.1495,-7.53337,21.5141,-0.123212,0,-3.5,1,-0.535559,-0.47991,-0.694883
13.0215,24.109,-1.364,0.312708,0,-4.5,1,0.667731,0.731016,-0.140538
22.2805,-11.167,6.359,0.187119,0.305832,-3.5,1,-0.446684,-0.863491,0.234218
40.7339,10.9718,2.39462,1.51963,0,-3.9,1,0.0915705,-0.975118,-0.201892
8.43363,14.6617,11.3855,0.771371,0,3.92762,1,-0.395337,0.227924,0.889808
24.0294,21.9251,-0.32125,0.553203,0.0458014,-1.69458,1,-0.645806,-0.464274,-0.606122
28.8579,18.6423,22.2316,0.577406,0.0354951,4.2,0,-0.320601,-0.425861,0.846084
25.8878,24.5831,14.9644,0.187317,0,3.8,1,0.784602,0.507825,0.355686
11.4425,20.45,9.277,0.736654,0.0901145,-0.7,0,-0.900262,0.370204,0.22908
38.065,-8.24525,14.0055,0.0205314,0,-3.5,1,0.418929,-0.891286,-0.173518
19.9641,17.4375,16.4441,0.493001,0,1.8,1,-0.373745,-0.91982,-0.119355
33.9818,-0.217375,13.8679,0.175951,0,-3.9,1,-0.282288,0.955286,-0.0879865
6.067,13.0796,0.272,-0.0459066,-0.216917,-3.9,1,-0.78313,-0.12713,-0.608724
41.408,-5.365,13.856,0.552397,0,-3.5,0,-0.151944,-0.00786544,0.988358
39.7277,-7.29187,10.7656,-0.170543,-0.161907,-3.5,1,0.313483,-0.885931,0.341841
22.0163,9.31975,0.548875,-0.0715169,0,-4.5,1,0.542062,-0.177088,-0.821467
33.4336,-10.1516,9.89513,0.252721,0,3.8,1,0.589158,-0.375091,0.715681
27.9006,-4.02313,1.83263,-0.0740855,0,3.8,1,-0.688088,0.67581,-0.264227
24.1879,20.4825,0.164375,0.248542,0.675854,-0.4,1,-0.561799,0.0155832,-0.827127
19.9932,24.757,5.2085,-0.0488752,0,1.9,1,0.491228,0.078038,0.867528
38.9382,17.7949,13.6715,-1.64648,-0.583934,-3.5,1,0.945897,0.131443,-0.296651
28.6324,20.1893,8.58037,-0.0360594,0,3.8,1,-0.0114375,0.999915,-0.00630514
30.5548,-5.171,35.5692,-1.07547,-0.157665,1.8,1,-0.404811,-0.826251,0.39171
25.4604,-8.52687,22.3223,0.232024,0,-4.5,1,-0.606837,-0.789631,-0.0907261
17.2409,-2.6985,22.3974,0.762205,0.62591,-4.5,1,0.0663423,-0.635106,-0.76957
36.2835,-0.144,11.6609,0.460893,0,-3.9,1,-0.197077,0.539952,-0.818298
23.2623,22.2549,10.0749,-0.76983,-0.653389,0.332082,1,0.174103,0.54919,-0.817361
17.731,1.146,23.0775,0.886501,0,-4.5,1,-0.119357,0.909207,-0.398869
25.002,22.0489,-2.02238,-0.11276,0,-0.4,1,-0.434657,-0.249149,-0.865447
22.0326,0.430375,10.32,0.000312669,0,-0.153685,1,0.291594,0.545909,0.785465
8.4425,16.4245,6.86513,-0.441309,-0.171523,2.76163,1,-0.316999,0.948314,0.0145396
41.9453,-2.90525,37.6229,-0.475694,-0.733327,-3.5,0,0.549514,-0.430262,-0.716177
19.6507,15.5931,3.45537,-1.13502,0,3.84486,1,-0.765049,0.126702,-0.631384
8.2965,12.5857,11.0828,0.728648,0,4.5,1,-0.246895,-0.271712,0.93017
30.3856,15.8335,-4.5555,0.000291361,0,-4.5,0,0.177105,0.131712,-0.975339
18.8925,0.574,11.359,-1.37359,-0.8231,-3.5,1,0.0602626,0.815961,0.574957
30.5292,15.641,21.6435,0.536729,-0.848033,-3.5,1,-0.567518,0.098952,0.817393
30.4785,17.8512,9.68875,0.431435,0,3.8,1,-0.836314,-0.3687,0.405758
35.4909,-8.25737,42.5204,-0.328272,0,-1.3,0,-0.694387,-0.352899,0.627127
28.6917,-4.71875,27.931,0.231392,0,-3.5,0,0.976625,0.135543,0.166829
30.1532,16.6777,9.16525,0.351373,0,3.8,1,-0.907551,-0.106713,0.406157
28.725,21.7626,10.9304,-0.222438,0,-4.5,1,-0.0596957,0.674256,-0.736081
39.4344,21.2581,2.48675,-0.261655,0,3.8,0,0.480529,0.516021,-0.709094
41.156,15.0105,2.854,0.782532,0.0476979,-3.9,1,0.72974,0.683484,-0.0181154
31.195,22.6135,22.01,-0.0388592,0,4.2,1,-0.0333392,0.872072,0.488241
20.4357,24.6285,13.2416,0.142901,0,-3.5,1,-0.0885051,0.990967,0.100752
21.1842,2.67825,31.2924,1.35161,0.237158,-3.5,1,-0.0730647,0.944353,0.320716
28.5427,13.0618,-1.747,0.145613,0,-4.5,0,-0.749321,-0.615401,-0.244538
14.4809,9.20963,4.2685,0.50849,0,-0.612094,1,-0.0302612,0.873123,-0.48656
30.1187,21.793,11.4431,0.22909,0,-4.5,1,0.367029,0.664685,-0.650756
23.168,-2.718,1.073,-0.384655,0,-4.5,1,0.944213,0.227213,0.238404
11.2526,24.139,-3.1385,0.16623,0,-4.5,1,0.419026,0.395812,-0.81716
36.6336,13.1121,15.3689,0.0727828,0,-0.9,1,0.112769,-0.523428,0.844575
7.51988,6.02712,1.2975,-0.0135516,0,-2.63129,1,-0.645119,-0.745844,0.165945
35.1515,-6.79225,42.8275,-0.152754,0,-1.3,0,-0.674022,-0.00799277,0.738668
31.2383,-12.0175,23.3779,0.255558,0,-4.5,1,0.314735,-0.948011,-0.04709
41.9119,-7.47738,10.3625,0.0239822,0.293134,-3.5,1,-0.0709145,-0.689846,0.720475
22.19,-11.375,4.2395,-0.0550644,0.00897021,-3.5,0,-0.0601753,-0.886459,-0.458878
21.4918,0.742,18.4755,0.122406,0,-0.9,1,-0.954161,-0.151361,0.2582
29.387,12.6062,-2.53038,0.314015,0.806303,-4.5,0,-0.311229,-0.790463,-0.527546
37.0332,22.2144,3.64125,-0.296325,0,3.8,1,-0.262209,0.850217,-0.456484
32.708,14.5737,5.259,-0.999542,-0.222888,3.98033,1,-0.780462,-0.584748,-0.221243
32.9409,-2.31988,30.8541,0.144932,0,1.8,0,0.400507,0.688212,-0.604945
33.5628,13.4882,2.52487,-1.27327,0,-0.8,1,-0.116336,-0.828111,0.548359
6.08275,7.13925,2.90725,-1.01849,0,-3.5,1,0.186932,-0.909716,0.370775
23.6584,1.61075,31.7559,0.792242,0.172631,-3.5,1,0.43488,0.807349,0.398832
34.8344,-5.10563,41.5051,0.170958,0,-1.3,0,-0.5354,0.712283,0.453871
26.5111,-0.951375,27.8164,0.320334,0,-3.2,1,0.858967,-0.159638,0.486509
21.921,17.0478,17.3072,0.677074,0,1.8,1,-0.571962,-0.790202,-0.220094
11.317,3.8785,-2.16925,-0.112568,0,3.8,0,0.801058,-0.403655,-0.442006
6.7085,10.5717,5.02125,-0.774511,-0.0815945,1.43098,1,-0.414187,-0.496338,0.762953
27.4037,-10.5033,17.9945,-0.0533081,0,1.9,1,0.419281,-0.691027,0.588799
34.007,-3.99725,36.9725,0.722085,0.00275432,-1.3,0,-0.584631,0.670687,0.456492
24.0209,15.5796,18.7771,0.186468,0,-1.6,1,-0.625589,-0.394946,0.672797
25.7705,1.1545,17.9605,-0.199737,0,-0.9,1,0.559833,0.432015,-0.707072
23.3415,-9.56162,14.5686,0.1301,0,1.9,1,-0.66411,-0.597966,0.44877
24.1071,16.5786,19.4376,-0.25899,-0.550411,0.449133,1,-0.22375,-0.599102,0.768774
30.6316,-1.52375,36.5409,0.0473489,0,1.8,0,0.724758,0.469377,0.504391
20.215,12.606,14.8232,1.05985,0.626719,-4.5,1,-0.374741,-0.714513,0.590796
17.82,28.802,2.929,0.418152,0,1.9,1,-0.389958,0.774772,-0.497656
43.3516,16.1208,9.9985,-1.60917,-0.126805,-3.5,0,0.995852,-0.0899829,-0.0134983
33.8845,13.7309,24.7642,-1.76054,-0.651312,-3.5,0,-0.0117833,-0.500124,0.865874
32.0635,-10.188,23.2655,0.0248816,0,-4.5,1,0.921937,0.256756,-0.290014
22.2465,27.5441,1.37462,-0.258034,0,-3.5,1,-0.642575,0.727449,0.240657
38.451,14.3822,0.595375,-0.282238,0.366255,-3.9,1,0.100655,-0.377724,-0.920431
36.4155,13.9677,0.38425,-0.475346,-0.0309759,-1.07895,1,0.24456,-0.884828,-0.396572
21.4748,-8.72388,9.4315,-0.224827,0.0430005,-3.00544,1,-0.768147,-0.360198,0.529346
28.748,-13.4688,5.688,0.12588,0,-1.6,1,-0.535587,-0.840891,0.0777772
34.54,21.5,8.91,-1.23275,-0.00184525,-3.5,1,-0.367906,0.0250982,-0.929524
33.337,-1.44438,10.9064,-0.0336645,0,0.138598,1,0.211198,0.967604,-0.138339
27.2512,13.239,5.40063,-0.248135,0,-3.5,1,0.446261,-0.039944,0.894011
20.7545,14.4465,15.0695,0.699568,0,-4.5,1,-0.300289,0.578839,0.758137
21.7064,24.9999,10.3775,-0.299482,0,3.8,1,-0.481077,0.642851,-0.596077
26.5425,-9.26737,35.9244,0.415147,0,1.9,1,0.527017,-0.84767,-0.060903
19.409,8.8845,13.6897,1.11257,0.744968,-4.5,1,0.346036,0.310339,0.885409
3.6195,9.382,1.4305,-0.601174,0,-3.5,1,-0.942584,0.239215,-0.233048
24.6849,5.46088,29.5956,0.560274,0.145376,-3.5,0,0.913921,0.372424,0.161395
40.0438,-5.873,39.734,-0.185192,0,-0.8,0,0.0347766,-0.919217,-0.392214
33.7329,-8.99125,31.4514,-0.818909,-0.972035,-0.8,0,0.440365,-0.453586,-0.774815
26.754,12.6737,19.7493,0.16002,0,-1.6,1,-0.246055,-0.818839,0.518613
6.6525,16.3744,10.327,0.17747,0,4.5,1,-0.135067,0.882338,0.450818
21.0438,4.76,28.6076,0.334227,0,-3.5,1,-0.513946,0.838023,0.183241
27.1334,3.178,20.9959,0.725862,0.356989,-0.9,1,0.276023,0.946726,0.165897
26.8678,24.174,2.3225,-1.58567,0,-0.4,1,0.40276,0.0137713,0.915202
16.7029,1.01287,24.1964,0.357075,0,-4.5,1,-0.248137,0.954592,0.16487
8.62875,6.463,4.27425,-1.51998,-0.10544,-3.5,0,-0.406748,-0.607973,0.681854
24.0411,1.6455,9.33362,0.0134816,0,3.8,1,0.767458,-0.011423,0.640997
38.4554,9.84688,10.1216,0.107554,0,-0.9,1,0.483013,-0.304471,-0.820972
24.9141,9.13912,4.5645,-0.405711,0,4.2,1,0.453968,-0.222771,-0.86272
26.9303,0.016625,31.2854,0.171133,0,1.8,0,0.95659,0.28006,0.0806373
32.8936,-2.97537,23.1469,0.000620094,0,3.8,1,0.944658,-0.155344,-0.288945
23.2874,3.6925,30.9471,0.464622,0.748932,-3.5,1,0.446246,0.100172,0.889286
14.518,17.1803,-3.56025,-0.295588,0,-3.5,0,0.103503,-0.310514,-0.944917
9.681,15.2705,-2.7615,-1.26197,-0.0772204,1.84826,1,0.0625331,-0.626151,-0.77719
24.2006,24.9775,3.331,-0.484536,0,-3.5,1,0.548137,0.0927794,0.831227
15.7946,13.9786,5.51312,0.19674,0,4.5,1,-0.263519,-0.233343,-0.936007
30.777,13.662,22.288,-0.879568,-0.375616,-3.5,0,-0.818948,-0.573858,0.00348398
18.0469,22.508,15.6086,0.445673,0,-3.5,1,-0.465428,-0.0624472,0.88288
32.1232,0.124,16.2945,0.114965,0,4.2,1,0.394481,0.847249,-0.355744
21.9627,-10.117,10.3394,-0.569836,-0.330783,-2.76087,1,-0.981352,-0.102415,0.162665
19.2839,1.12738,23.433,0.585168,0,-4.5,1,-0.0483139,0.885872,-0.461407
25.5037,23.8312,9.6115,-0.228551,0,3.8,0,0.0790412,-0.164809,-0.983153
37.2644,-7.417,1.48312,-0.419643,0,-3.5,1,-0.0488244,0.461328,-0.885885
24.8725,18.2617,-0.333125,-0.443269,-0.197789,-3.84674,1,-0.097695,-0.118114,-0.988183
11.4006,19.6666,7.96413,0.804903,0,-0.7,1,-0.892166,0.316349,-0.322435
39.4297,-7.0955,16.7756,0.561615,0.0577851,-3.5,0,0.99496,-0.100103,0.00585931
36.4907,-7.27112,18.0853,-0.881003,-0.43283,-3.5,1,0.234549,-0.871832,0.429995
32.7614,12.9613,23.167,-1.61045,-0.0891506,-3.5,0,0.0270786,-0.993188,0.11333
39.0065,-8.13737,9.20113,0.505406,0,-3.5,1,0.147892,-0.67904,0.71905
39.279,11.1477,2.907,0.330248,0,-3.9,1,-0.594863,-0.803325,-0.0283999
13.878,0.29975,8.53825,-0.327313,0,-3.5,1,-0.89997,0.431093,-0.0649043
11.7916,7.4335,0.53975,0.228982,0,3.11776,0,0.929587,0.0330832,-0.367114
20.0338,-6.4475,22.8465,-1.50712,-0.510132,-3.5,1,-0.625187,0.283344,-0.727226
12.4873,-0.47725,10.7917,-0.890056,0,-3.5,0,-0.809025,0.587389,-0.0212888
21.2453,2.7985,32.9269,0.0784439,0,-3.5,1,0.418729,0.907956,-0.0168156
24.7935,-0.751,13.9516,-0.348779,0,2.8,1,-0.753427,0.65753,0.00116068
22.284,21.5807,0.8505,-0.0192084,0.241755,-2.05959,1,0.194269,-0.387719,-0.901074
18.352,26.8879,5.49675,-0.346354,0,1.9,1,0.0764049,0.166971,0.982997
17.3172,24.2865,1.5165,0.629052,0,1.9,1,-0.737396,0.411878,-0.535354
28.3551,-2.30188,9.89825,-0.0237788,0,3.8,1,-0.420605,0.75041,-0.509879
39.8102,14.3112,14.3827,-0.0685501,0,-0.9,0,0.721911,0.388185,0.572849
33.4383,20.4241,20.3563,-0.221599,0,4.2,1,0.656077,0.696718,0.290081
37.2702,-7.144,39.771,-0.761591,0,-1.3,0,0.803748,0.0157693,-0.59476
20.8951,5.76312,10.914,0.83063,0,0.612563,1,0.769398,-0.460372,0.442814
12.0793,-1.54625,9.60075,-2.19259,-0.0379016,-3.5,0,-0.871053,0.179766,-0.457111
18.5364,9.67663,13.141,0.952238,0.183675,-4.5,1,0.41383,0.641668,0.64576
39.912,0.933125,13.467,1.64765,0.0295306,-3.9,1,0.84969,0.41133,-0.329899
26.5896,-14.7924,13.4575,-0.056172,0,3.8,1,-0.0350455,-0.878334,0.47676
8.22575,2.5365,-1.80338,-0.143401,0,3.8,0,-0.680198,-0.500909,-0.535183
27.2109,-10.0679,22.6991,0.898511,0,-4.5,1,-0.544161,-0.838493,-0.0285921
25.5975,18.6714,10.2207,0.401593,0,3.8,1,0.313531,-0.658838,0.683835
25.4338,-3.3755,7.1265,-0.0880736,0,3.8,1,-0.313982,0.361704,-0.87783
23.067,-2.918,7.4725,-0.00696179,0,3.8,1,0.118834,-0.0396234,-0.992123
23.4252,-3.0465,26.0215,1.26307,0.800429,-3.5,1,-0.765292,-0.492783,0.414116
14.7992,16.8176,5.38888,-0.199722,-0.119063,4.5,1,0.302415,0.0964948,-0.948279
28.8862,-13.4614,4.44537,-0.000687924,0,-1.6,1,-0.37122,-0.780304,-0.50331
38.9394,3.004,42.4101,-1.20018,-0.741487,-3.5,0,-0.106257,0.374595,0.92108
29.9802,19.1752,-0.097,-0.241264,0,-4.5,1,0.826036,0.427419,-0.367394
42.463,-1.6655,37.3134,-1.30837,0,-3.5,0,0.564819,-0.0855146,-0.820772
33.3106,19.7976,6.94312,-0.132261,0,3.8,1,0.251739,0.949621,-0.186676
38.3671,19.9753,18.4732,-0.07426,0,-3.5,1,0.83773,0.538727,-0.0893407
42.2605,-6.86013,7.83913,-0.11723,0,-3.5,1,0.918881,0.219058,-0.328134
37.7671,-7.88737,13.0759,0.0242333,0,-3.5,1,0.235398,-0.955347,-0.178603
15.8422,11.1067,12.6622,0.673406,-0.254748,-2.72887,1,0.01143,0.444685,0.895614
39.104,15.2765,13.758,-0.202366,0,-0.9,1,0.764916,0.3414,0.546214
20.6928,-5.99025,1.69913,0.40284,0,-4.5,1,-0.587821,-0.800127,-0.119426
30.8641,14.1567,23.778,-1.64662,0,-3.5,0,-0.821835,-0.0930925,0.562069
18.4971,2.4465,36.5791,-1.59661,-0.317858,-3.5,1,-0.0637245,0.428145,0.90146
28.1911,20.9754,23.0802,0.0236194,0,4.2,0,-0.469536,0.0415022,0.881937
38.2427,-12.334,6.10275,-0.247414,0,3.8,1,0.83826,-0.545256,0.00416153
15.3179,17.434,11.7154,0.741324,0,-3.97993,1,-0.69314,0.222137,0.68572
22.2301,-1.788,22.5748,0.256902,0,-3.92821,1,-0.560655,-0.390337,-0.730276
32.9375,17.2705,23.2015,-0.205458,0,-3.5,1,0.126657,0.692715,0.710003
11.1597,13.1559,13.5864,0.478669,0,1.8,1,0.00358387,-0.73407,0.679064
19.7992,9.998,11.5988,0.916586,0,-4.5,1,0.502951,0.590495,0.631154
37.2249,21.0881,2.66575,-0.334872,0,3.8,1,-0.221785,0.630357,-0.74395
40.3115,-3.0505,13.0887,0.266301,0.856407,-3.51641,1,0.56758,0.3799,0.730431
39.0594,17.3914,4.616,-0.0228633,0,-3.9,1,0.947318,0.136495,0.289753
26.2899,11.4741,6.16237,-0.451596,0,-3.5,1,0.785074,0.400063,0.472873
28.0715,17.09,21.733,0.678927,0.333223,4.2,0,-0.0678988,-0.054418,0.996207
39.4092,0.91,15.8567,2.53474,0.00546215,-3.9,1,0.515941,0.450375,0.728675
29.0047,20.0134,18.0222,-0.191093,0,4.2,1,-0.36902,0.894764,-0.251438
19.8592,2.89013,26.2664,0.318047,0,-3.5,1,-0.6036,0.470774,-0.643459
22.6427,-11.2603,13.3379,-1.45819,0,3.8,1,-0.485072,-0.513836,0.707586
38.1515,3.57025,41.2733,-0.506552,-0.293636,-3.5,0,-0.736771,0.522726,0.428866
33.042,-1.46888,7.28463,0.195004,0,-1.3,1,-0.683041,0.706109,0.186721
43.1797,2.058,38.8368,10.2976,0,-3.5,0,0.492443,0.743802,-0.45195
12.0674,13.4771,-2.122,-0.40536,0,-3.5,1,-0.325845,0.00287509,-0.945419
23.415,-1.38412,28.8577,-0.158319,-0.0105299,-1.25041,1,-0.128899,-0.989929,-0.0585257
31.3694,13.3169,13.4427,0.260238,0,3.8,1,0.0730253,-0.98921,0.12701
31.1675,12.414,16.0268,0.108033,0,3.8,1,0.624611,-0.777813,-0.0697732
20.6076,2.27537,5.138,0.406907,-0.017715,2.10721,1,0.676998,-0.0564796,-0.733815
21.7865,9.71975,10.5752,0.522588,0,-4.5,1,0.731122,0.339396,0.591836
16.46,8.126,-1.5615,0.157921,0,-4.5,0,-0.934204,-0.105374,-0.340823
17.4781,13.6167,3.60413,0.00233338,0,4.5,1,-0.654124,0.149892,-0.741387
27.0187,4.80675,24.1904,-0.358999,0.159255,-3.2,0,-0.254551,0.910241,-0.326597
10.2199,8.0195,6.85663,-0.332113,-0.197861,0.813249,0,-0.526679,-0.684087,0.504614
29.2812,12.8403,3.91869,-0.98341,0,-3.5,1,0.883966,0.0657431,0.462905
29.0158,-1.88688,25.3195,-0.302942,-0.0128805,-0.585562,1,0.259552,-0.0329846,0.965166
32.9678,-6.56313,1.308,-0.148713,0,3.8,0,0.755448,-0.182115,-0.62939
23.5705,-1.177,7.41875,0.0228994,0,3.8,1,0.314786,-0.0290975,-0.948717
31.7132,17.8595,4.119,-0.439793,-0.0929641,3.8,1,-0.495211,0.352217,-0.794172
37.7179,0.699875,2.65088,0.594018,0.190686,-1.3,0,0.756277,-0.122747,-0.642634
30.128,1.81275,24.6173,0.138938,0,-3.2,0,0.926168,-0.219059,-0.306964
32.7116,-0.6645,22.6574,0.0269117,0,3.8,0,0.881038,0.464342,0.0903198
7.7365,23.3787,-3.72625,0.855185,0.820721,-4.5,0,-0.205312,-0.7676,-0.607155
31.0275,-4.33375,0.210625,-0.154818,0,3.8,0,0.155894,0.811288,-0.563479
40.2565,19.9851,4.83825,-0.214374,0,3.8,1,0.964974,-0.237494,0.111453
25.3024,27.489,-2.8415,-2.29347,-0.62305,-3.5,0,0.0405067,-0.397181,-0.916846
35.686,-5.5905,33.873,0.694769,0.00793802,-0.748227,0,0.803306,0.161496,-0.573252
4.11425,15.139,3.3605,1.47822,0.0777647,-3.9,1,-0.586868,0.353867,-0.728261
6.19788,9.59,-0.36925,-0.152398,0,-3.5,1,-0.118401,0.224335,-0.967293
39.7234,-5.17712,4.74425,-0.611343,-0.107067,-3.5,0,0.262714,0.684828,-0.679699
35.365,11.5705,13.97,-0.218461,0,-0.9,1,-0.194655,-0.310582,0.930402
21.1009,-1.89287,26.9026,-0.115175,-0.170858,-4.03457,1,-0.252263,-0.918157,0.305534
24.7249,-11.7782,8.07588,0.0415402,0,-1.92252,1,-0.218273,-0.829954,-0.513355
32.9705,12.7517,9.66,0.250084,0,3.83723,1,-0.618546,-0.727107,-0.297852
17.7705,25.2057,0.8765,0.234201,0,1.9,1,-0.708672,0.341024,-0.617646
6.76375,11.6695,5.80088,-0.270053,-0.0642741,-3.04434,1,-0.667293,-0.575017,0.473366
11.3356,2.58588,-1.04375,-0.150517,0,3.8,0,0.756366,-0.602593,-0.254543
36.604,-7.459,35.846,0.320917,0,-1.3,0,0.715381,-0.679261,-0.163814
24.5077,25.4034,15.3925,0.273823,0,0.919295,0,0.442317,0.839402,0.315848
12.478,4.9765,0.30625,-0.0477928,0,3.8,0,0.957826,-0.224416,-0.179465
21.7529,-8.2385,25.9889,-1.66638,-0.0260753,-3.5,1,-0.0402961,-0.882136,0.469269
12.5013,14.1741,-0.118,0.40782,0.828547,-3.5,1,0.374084,0.261172,0.88986
38.4277,20.1003,1.87363,-0.5278,0,3.8,1,0.291961,0.235383,-0.927013
27.9132,10.9834,1.473,-2.32321,-0.519383,-3.5,1,-0.137553,-0.808485,-0.572217
8.63425,27.902,-1.91613,0.747028,0.0612393,-4.5,1,0.465549,0.786354,-0.406093
32.941,-8.64375,37.9292,0.0298905,0,-1.3,0,-0.668231,-0.743884,0.0101503
29.5805,20.1954,17.1744,0.0653395,0,4.2,1,-0.479215,0.823502,0.303641
33.0267,17.4236,1.03325,-1.65446,0.168296,-0.8,1,-0.702351,0.693134,0.162073
31.8585,-2.4785,18.757,0.761475,0,4.2,1,0.724193,0.162021,0.670293
41.9025,16.6285,12.2703,-2.40345,-0.427495,-3.5,0,0.158913,-0.0759468,0.984367
24.9352,1.5355,30.8299,0.354578,0,1.8,1,0.498994,0.8521,0.157897
21.3679,-1.09987,0.218875,0.461752,0.782054,-4.5,1,-0.132718,0.966655,-0.219008
32.1079,-8.46887,2.52425,0.208875,0,3.8,0,0.366794,-0.542736,-0.755579
29.8235,-12.5475,9.48725,-0.0296368,0,3.8,1,-0.200488,-0.979675,0.00637635
38.8604,0.4575,36.4754,0.44688,0,-2.18773,0,0.0628944,0.706333,-0.70508
32.8769,-10.5511,16.8499,-0.194122,0,3.8,1,0.685499,-0.721963,0.0941309
30.2439,-9.812,21.1704,0.292183,0,-4.5,1,0.521719,-0.602806,-0.603684
20.209,1.84425,36.2216,-1.19143,0,-3.5,1,0.560705,0.0105281,0.827949
43.1297,-3.19175,38.9746,0.636278,-0.000401648,-2.22374,0,0.972738,-0.122914,-0.196653
19.593,3.92075,27.501,0.191923,0,-3.5,1,-0.770674,0.596899,-0.2231
30.8845,-6.9365,32.819,-1.14717,-0.28481,-0.8,0,-0.936212,-0.266132,-0.229523
27.3145,-7.0475,25.1735,0.371884,0,-3.54869,1,-0.553311,-0.809504,0.196342
33.685,-10.1459,34.0783,-0.166203,0,-0.8,0,0.110844,-0.984868,0.133226
21.5823,1.00625,17.422,0.179282,0,-0.9,1,-0.826347,-0.128746,-0.548248
9.5595,9.67188,8.45925,0.289275,0,3.19094,1,-0.0989723,-0.890772,0.443542
31.6647,13.035,9.522,0.0870412,0,3.8,1,-0.298393,-0.858104,-0.417874
41.434,14.915,1.5455,1.05038,0.794267,-3.9,0,0.547815,0.75262,-0.365325
24.4405,14.7755,10.493,0.497548,0,4.2,1,0.870773,-0.137703,0.472008
11.6569,21.5681,9.01075,0.176216,0,-0.7,0,-0.731183,0.609092,0.30721
42.697,-4.89175,6.563,-1.45104,-0.0442224,-3.5,1,0.963377,0.194829,-0.184247
27.4422,-3.17325,4.68725,-0.070374,0,3.8,1,-0.416404,0.733124,-0.537713
22.7025,17.1449,20.1717,-1.19596,-0.236974,1.8,1,-0.0774107,-0.431383,0.898842
22.75,-8.64175,22.4665,-0.107102,0,-3.5,1,-0.00920902,-0.79861,-0.601779
28.2685,22.398,13.9113,0.598669,0,-4.5,1,-0.00517713,0.911236,0.411853
18.9851,-3.33987,1.24662,1.19206,0.447708,-4.5,1,-0.863925,-0.37252,-0.338913
39.0345,9.22125,10.9532,0.181685,0,-0.9,1,0.810206,-0.490624,-0.320709
31.3409,21.308,18.8515,-0.150514,0,4.2,1,0.0869303,0.873668,-0.478693
29.4936,11.0624,3.88538,-2.16682,-0.0216008,-3.5,1,0.8839,-0.337496,0.323755
43.8703,-9.132,8.723,0.37409,0.776484,-3.5,0,0.987201,-0.138346,0.0793345
21.8009,-4.30888,3.47137,0.289422,0.0218686,-4.5,1,0.823007,-0.261266,0.504381
29.3386,19.8275,5.20062,-0.861003,-0.038747,3.8,1,0.311651,0.855967,-0.412545
28.5661,20.4972,7.00087,-0.370228,0,3.8,1,0.204272,0.978903,-0.00470992
33.7755,12.3826,5.68825,-0.480916,0,4.2,1,-0.505821,-0.496079,-0.705727
37.9863,16.7428,-0.38575,-1.55049,-0.124267,-3.9,0,0.548473,0.430155,-0.717038
13.0898,-2.6255,13.2723,-1.67931,-0.437276,-3.5,0,-0.255852,-0.550178,0.794886
43.181,-10.545,6.15287,-1.58458,-0.763305,-3.5,0,0.816858,-0.494377,-0.297209
35.009,-4.45412,2.49312,-0.126211,0,-3.2,0,0.657401,0.244302,-0.71284
26.6164,24.5674,9.93875,-0.175388,0,3.8,0,0.643151,-0.0640811,-0.763053
32.1802,-11.0358,24.3726,0.733401,0.914253,-4.5,0,0.905736,-0.356887,0.228634
3.53837,8.66788,3.5505,-1.36337,0,-3.5,1,-0.870432,-0.0506871,0.489672
25.6143,29.3335,-1.80825,-1.96896,-0.278232,-3.5,0,0.541044,0.798303,-0.264544
31.638,-8.49837,25.5343,0.700597,0.149415,-4.5,0,0.847524,0.502136,0.171936
9.88962,7.53062,5.46075,-0.491934,-0.126619,-1.68783,0,-0.480358,-0.63468,0.60534
38.012,-11.7817,4.87025,-1.16015,0,3.07634,1,0.564785,-0.713267,-0.415051
14.0326,9.41737,7.56962,0.101756,0,0.0085863,1,-0.0553923,-0.719932,0.691831
39.0855,13.5618,0.6165,0.755118,0.804448,-3.9,1,-0.386902,-0.22075,-0.895308
37.855,1.9935,41.9815,-1.09839,-0.10691,-3.5,0,-0.722427,-0.221744,0.654927
33.4644,-12.3291,6.44012,0.0472416,0,2.78319,1,-0.197928,-0.980192,-0.00691488
21.1859,-1.8505,-0.879875,0.274491,0.0992377,-4.5,1,-0.41971,0.453955,-0.785982
6.41038,16.9849,-4.38037,-0.0609605,0,3.8,1,0.12726,0.207175,-0.969992
11.6263,14.9956,0.1415,-0.662406,-0.0673733,3.8,1,0.44915,0.0523658,0.891921
38.8655,-7.7645,15.322,0.167148,0.235283,-3.5,1,0.792164,-0.592279,-0.14725
24.472,-11.3193,5.29025,0.319799,0,-3.5,0,0.0984948,-0.962671,-0.252116
43.2363,0.103,40.7262,8.30145,0,-3.5,0,0.591832,-0.226449,0.773599
27.2535,-2.582,10.3982,0.0159824,0,3.8,1,0.03822,0.859085,-0.510405
17.2005,1.9585,3.3025,-0.323923,-0.349661,-4.07383,1,-0.0823356,0.136785,-0.987173
26.3605,-6.74975,30.9935,-0.627773,-0.509966,-3.5,1,0.544393,-0.65977,0.518015
21.3673,-0.29775,2.8435,0.363438,0,-4.5,1,0.411416,0.848675,-0.332397
25.1063,-7.67887,16.5044,-0.525732,0,1.9,1,-0.566411,-0.00890617,0.824075
34.86,-8.26,14.715,-0.295106,0,2.93136,1,0.283146,-0.955143,-0.0867758
35.303,-3.25625,39.0129,0.32679,0,-1.6,0,-0.481113,0.622568,0.617203
27.789,20.247,15.9792,-0.109476,0,-4.5,1,0.201011,0.506715,0.838352
25.04,-3.33975,28.3673,0.175064,0,-3.5,1,-0.757295,-0.287155,0.586554
22.2589,-1.11825,2.72137,0.799101,0,-4.5,1,0.771936,0.603605,-0.199439
31.5513,-4.23825,30.6077,0.0762931,0,1.8,0,-0.415444,-0.232895,-0.879299
33.8425,17.047,-1.5175,-4.60885,0,-0.8,0,-0.263987,0.44563,-0.855409
39.6587,10.5901,12.291,0.06583,0,-0.9,1,0.841335,-0.535864,0.0707528
35.0405,-8.08775,18.35,-1.95271,-0.51385,-3.5,1,0.598744,-0.793624,-0.108012
14.3101,9.82413,11.5191,1.51149,0.620169,-1.02734,0,-0.821982,-0.547706,0.156088
24.5154,-14.4838,9.59275,-0.0952792,0,3.8,1,-0.58285,-0.570351,-0.578779
23.0158,23.2957,10.346,-0.996496,-0.059625,3.17768,1,0.25692,0.045482,-0.965362
21.5923,-7.56763,12.5445,0.580967,0,1.9,1,-0.966989,-0.161727,0.19692
26.754,-6.17,36.1985,0.223967,0,1.9,0,0.839104,0.205713,0.503573
35.8015,18.6441,0.51625,-1.70656,0,3.06521,0,-0.0610762,0.768458,-0.636978
18.4865,7.37,-3.04525,0.331737,0.663434,-4.5,1,0.253555,-0.694242,-0.673601
36.429,-6.0185,43.2848,0.0500381,0,-1.3,0,-0.0538947,0.458062,0.887285
21.4573,4.26613,3.54688,0.0449106,0,-0.4,1,0.435344,-0.335732,-0.83532
22.6466,-0.47125,11.5,-0.0882575,0,3.8,1,0.103479,0.812349,0.573917
23.6612,15.0316,-1.769,-2.05784,-0.263989,-3.5,0,0.704029,0.39568,-0.589729
29.001,0.715,16.04,0.0191761,0,4.2,1,0.0047644,0.931217,-0.364435
27.0584,21.2143,7.06563,-0.340848,0,3.8,1,0.363669,0.931528,-0.00013158
30.2116,-9.68363,26.4529,0.145363,0,-4.5,0,-0.0513573,-0.442484,0.895305
32.4041,-7.54513,1.44387,-0.0945008,0,3.8,0,0.575539,-0.647323,-0.499728
18.3985,23.1411,-0.524,-0.149012,-0.0593051,1.9,1,-0.192312,0.637324,-0.746213
36.586,1.1855,5.722,-0.3046,0,-1.3,1,0.0886291,0.875768,0.474527
16.7511,9.70712,3.91963,0.359738,0,-0.239476,1,-0.453163,0.473338,-0.755377
38.4005,-0.4855,7.3,0.0734062,0,-1.3,1,0.603141,0.6218,0.499586
15.4578,-0.33275,3.2885,-0.212285,0,-3.5,1,0.254331,-0.345112,-0.903445
39.9015,-1.74137,13.1684,0.664336,0,-3.9,1,0.983913,0.155307,0.088287
26.5975,23.7605,15.4082,-0.633288,-0.0724615,3.8,1,0.708752,0.700308,0.0850856
41.6689,-6.34937,13.5106,0.370206,0.00545448,-3.5,0,-0.151967,-0.737807,0.657683
37.1128,16.3836,18.8109,0.15559,0,-3.5,0,0.297757,-0.948149,-0.111152
39.9686,11.6304,11.4446,0.460102,0.0769117,-0.9,0,0.71529,-0.178974,-0.675521
30.0585,-0.677875,36.0584,0.089022,0,1.8,0,0.354507,0.830065,0.430484
22.0875,16.6715,19.4988,-1.14225,-0.0256472,1.8,1,-0.491068,-0.796148,0.353555
38.9655,18.652,6.2875,-0.295719,0,3.8,1,0.862845,-0.35557,-0.35926
22.466,29.1665,18.6462,2.674,0,-3.9,0,0.610444,0.760628,0.220914
13.8715,6.8055,6.6335,-0.288328,-0.441897,-0.505605,1,-0.102337,-0.843498,0.527293
27.4268,8.02225,5.92675,-0.172604,0,4.2,1,0.736662,-0.423584,-0.527168
28.6615,-5.55225,25.3755,0.19554,0,-3.5,1,0.874141,-0.209303,0.438257
22.888,16.8687,-0.567,-0.854537,-0.378553,-3.5,1,-0.0436623,0.298654,-0.953362
30.7722,23.1206,12.7548,0.570444,0.476708,-4.5,0,0.265622,0.824976,-0.498859
29.9294,12.479,-1.60075,0.534411,0.0363787,-4.5,0,0.314556,-0.948557,0.0359726
26.216,-9.0675,37.2686,0.429243,0,1.9,1,0.458276,-0.743793,0.486575
33.9219,-8.92212,19.8886,-1.81683,-0.541434,-3.5,1,0.452963,-0.682821,0.573219
41.135,-5.368,41.1813,-0.617762,0,-0.8,0,0.283978,-0.67549,0.680493
22.8507,-8.3855,15.5796,-0.0727186,0,1.9,1,-0.807712,-0.172882,0.563661
19.9732,5.8675,12.2598,1.024,0,-4.5,1,0.310117,-0.686403,0.657783
23.7493,2.4995,16.8075,-0.0890034,0,-0.9,1,-0.0330095,0.217498,-0.975502
15.5699,6.34325,10.3231,0.667375,0.0703743,-4.5,1,-0.908132,0.264611,-0.324465
16.9586,-7.40375,7.31275,-0.100177,0,-0.7,1,-0.77253,-0.629268,-0.0849697
18.4958,0.041,12.8819,-2.50229,0,-3.5,1,-0.136373,0.66649,0.732935
13.3384,-0.0855,3.12438,-0.891858,0,-3.5,1,-0.21212,-0.250764,-0.944522
34.3032,-6.129,41.6929,-0.131908,0,-1.3,0,-0.767488,0.213048,0.604626
26.1257,18.5968,-0.9365,-0.11478,0,-4.5,1,-0.438224,-0.0575157,-0.897024
3.9165,6.68512,2.0665,-1.86598,-0.348973,-3.5,0,-0.554421,-0.768178,-0.320188
10.4986,4.626,-3.42712,-0.11207,0,3.8,0,0.389393,-0.233235,-0.891053
23.9741,1.80537,23.2304,-0.626471,-0.63677,-4.5,1,-0.355502,0.844461,-0.400629
38.0931,18.4511,12.7614,-0.52442,-0.0771786,-3.5,1,0.929264,0.367581,-0.0367779
20.3225,27.6646,3.71038,0.27006,0,1.9,1,0.848452,0.504098,0.161291
36.9476,-6.78988,34.9205,0.635014,-0.13952,-1.38647,0,0.803179,-0.301648,-0.513724
27.7103,23.139,1.61213,-0.840753,-0.293367,-2.34167,1,0.709829,0.393063,0.584503
31.571,12.8503,22.87,-1.66033,-0.44271,-3.5,0,-0.340818,-0.93989,-0.0212165
35.546,-9.08088,10.0065,0.548758,0,3.01054,1,0.0591448,-0.594499,0.801918
30.2105,19.3335,23.078,0.122691,0,4.2,0,0.0366415,-0.252628,0.96687
27.7131,-14.2236,13.2179,-0.0495217,0,3.8,1,0.635486,-0.68752,0.351388
8.717,16.8825,10.2153,-0.420184,0,4.5,1,-0.48515,0.660523,0.573009
7.019,8.68275,-0.8365,-0.114261,0,-3.5,1,-0.183242,0.140709,-0.972946
17.4724,18.3354,3.33413,-0.643012,0,1.10678,1,-0.431932,-0.901876,0.00734944
18.5809,-2.53825,25.3983,0.285199,0,-4.5,1,-0.085009,-0.853967,0.513336
22.146,2.46575,31.8975,0.505716,0.235703,-3.5,1,0.382422,0.843625,0.376894
9.96288,24.6345,1.13775,1.01627,0,-4.5,1,-0.0298843,0.282506,0.9588
20.415,4.132,29.6895,0.170878,0,-3.5,1,-0.478253,0.669556,0.568303
33.9642,18.5195,0.983125,-1.84688,-0.253715,-0.8,0,-0.440246,0.895138,-0.0700891
38.8436,1.4055,13.0539,1.81509,0,-3.9,1,0.158969,0.852071,-0.498702
31.6873,-4.90225,20.9322,-0.342975,0,-2.84598,1,0.50075,-0.440693,0.74501
14.3849,15.4756,-0.4745,-0.345374,0,-3.5,1,0.162949,-0.688083,0.707099
27.1845,8.87062,7.83488,-0.0032086,0,4.2,1,0.701875,-0.117758,0.702499
5.87288,14.8054,11.2609,0.199001,0,4.5,1,-0.283793,0.266486,0.921112
37.0768,9.20075,12.8132,-0.270119,0,-0.9,1,0.219803,-0.669531,0.709517
26.5138,-14.8792,12.0979,-0.0547242,0,3.8,1,0.161874,-0.951082,0.263135
34.57,-0.67725,12.6372,0.279649,0,-3.9,1,-0.403576,0.808961,-0.427444
5.17637,18.7852,-0.274625,0.220805,0,3.8,0,-0.479044,0.348049,0.80584
39.3559,22.4766,6.05675,-0.292029,0,3.8,0,0.595043,0.801524,0.0590177
11.4423,1.7775,5.78075,-1.77305,0,-3.5,0,-0.569272,0.432382,0.699267
16.7095,27.9328,4.1875,-0.0916546,0,1.9,1,-0.824883,0.553124,0.116713
22.5653,0.439625,20.6246,-0.231301,0,-0.9,1,-0.920741,0.336137,0.198111
20.7332,6.86013,12.5266,1.01273,0,-4.5,1,0.559007,-0.378374,0.737796
5.7485,19.3754,-3.13488,0.0626307,0,3.8,1,-0.282056,0.740092,-0.610498
17.6915,27.4902,2.20775,0.396453,0,1.9,1,-0.525069,0.346361,-0.777391
21.2768,21.8237,5.10575,-0.172989,0,3.8,1,0.402645,0.763521,0.504889
23.2367,-5.76175,15.0413,-1.26872,-0.779053,1.9,1,-0.739071,0.136263,0.659701
25.83,16.542,7.04775,0.0156503,0,4.02788,1,0.788458,-0.609673,0.0814427
30.834,15.1301,22.5971,-0.907539,-0.718695,-3.5,1,-0.844807,0.229291,0.483453
29.6425,-8.98725,1.89425,0.0151539,0,3.8,0,-0.263134,-0.534009,-0.803489
13.2346,23.6269,3.69325,0.417484,0,-3.5,1,-0.848534,0.516122,-0.116658
14.3907,-2.37875,12.969,-1.59438,-0.0879261,-3.5,1,0.442143,-0.603918,0.663168
7.35375,12.2133,-1.29825,-1.54371,-0.0512103,-3.9,1,-0.538598,-0.240197,-0.8076
16.2855,-6.20062,11.7472,0.112534,0,-1.6,1,0.0150055,-0.417164,0.908707
33.8255,14.3593,18.1348,-1.36543,0,-3.5,1,0.333629,-0.941742,0.0425825
36.969,-11.0793,3.70012,-1.72918,0,-3.5,1,-0.196376,-0.735691,-0.648225
22.7035,-2.918,30.6453,-1.63929,-0.395128,1.8,1,-0.0892209,-0.857238,-0.507132
22.809,23.2059,-0.593375,0.92426,0.655747,-2.26201,1,-0.141145,-0.264178,-0.95409
40.5662,-4.0435,5.838,-0.791863,0,-3.5,0,0.324418,0.660001,-0.677608
35.4839,-10.372,39.7609,0.0549649,0,-1.3,0,-0.318473,-0.946107,-0.0587906
27.2798,-7.85125,29.0847,-0.124403,0,-3.5,0,0.681179,-0.706868,0.190614
39.8213,-10.2491,1.79387,-1.97116,-0.069765,-3.5,0,0.412383,-0.566449,-0.713495
34.5298,14.8413,19.1162,-0.454785,-0.618375,-3.5,1,0.577523,-0.79456,-0.187461
18.4779,4.62325,10.4561,0.565341,0.139304,-0.631493,1,0.152064,-0.600998,0.784652
32.2281,13.6744,24.336,-1.45781,-0.38157,-3.5,0,-0.281042,-0.487458,0.82668
29.9821,-9.72987,18.3691,-0.14982,0,3.8,1,-0.0810222,-0.870411,0.485614
31.565,15.762,-2.63225,-0.671309,0,-4.5,0,0.974614,-0.0415835,-0.219998
13.3562,21.5855,-1.65975,0.528838,0,-4.5,1,0.811652,0.0086989,-0.584076
37.3268,-6.72337,36.9002,-0.755047,-0.030325,-1.35158,0,0.817247,-0.575817,0.0232662
23.0583,-5.32875,7.2785,-0.689515,0.479045,0.892315,1,0.243831,0.494042,-0.834547
31.8505,23.5386,15.084,0.0170148,0,-4.5,0,0.0801408,0.934341,0.347252
26.1399,-0.967125,28.8258,0.230493,0,-0.489658,1,0.985466,-0.160678,0.0551258
32.7816,-1.31737,5.32675,0.0422507,0,-1.81054,1,-0.81961,0.553201,0.149024
24.41,5.2515,27.9335,-0.374452,-0.0182072,-3.5,0,0.850122,0.492256,-0.187022
38.0863,-5.60925,4.1785,-0.705939,-0.0419153,-3.5,0,-0.166311,0.829948,-0.532473
12.5815,21.4065,-2.734,-0.0485123,0,-4.5,1,0.652662,0.0307394,-0.757025
21.4675,-10.7432,8.229,-1.50763,-0.353766,-3.5,1,-0.731185,-0.67281,-0.112674
24.3824,14.0798,18.6939,0.345363,0,-1.6,1,-0.732409,-0.598495,0.324624
22.8921,28.5619,0.9185,-1.52056,-0.683503,-3.5,1,-0.682536,0.504161,0.529119
36.4034,19.2356,21.6124,-1.10127,0,-3.5,1,0.225445,0.631784,0.741636
32.5944,-3.63525,30.316,0.104577,0,1.8,0,0.146328,-0.174887,-0.973654
9.29963,15.2511,12.0899,0.371655,0,1.8,1,-0.840437,0.385588,0.380772
38.7261,-6.94688,2.10025,-0.737162,-0.148885,-3.5,0,0.370353,0.458867,-0.807638
13.1609,23.3573,-2.3485,0.155275,0,-4.5,1,0.66817,0.465153,-0.580673
25.5888,13.6074,19.3864,0.499988,0,-1.6,1,-0.612149,-0.631574,0.475802
15.1508,1.98863,10.8507,-0.224708,0,-2.07239,1,-0.486651,0.194788,0.851603
44.72,-6.24775,10.7685,-1.66141,-0.0931768,-3.5,0,0.98299,-0.176912,-0.0493243
19.4783,19.4505,14.3062,0.824188,0,-0.938575,1,-0.955866,-0.157895,0.24777
16.1605,0.5315,25.2097,0.0181915,0,-4.5,1,-0.00831839,0.885805,0.463984
37.8941,-5.97075,35.414,-1.45594,-0.114464,-1.6,0,0.71706,-0.279778,-0.638396
6.5925,24.001,-2.96712,0.77888,0,-4.5,1,-0.785638,-0.567391,-0.246658
33.6669,11.3134,6.4555,-0.198856,0,4.2,1,-0.77522,-0.463636,-0.42904
23.1019,26.406,10.3018,-0.119162,0,3.8,1,-0.360642,0.691687,-0.625705
21.973,4.91937,9.17013,0.161643,0,3.8,1,0.645483,0.374901,0.665433
29.974,-5.9575,24.26,0.148235,0.0425303,-1.66256,1,0.933237,-0.144297,0.329008
9.89925,25.909,-1.87675,0.441889,0,-4.5,1,0.59025,0.589417,-0.551537
19.4335,21.0632,-1.80125,-0.446621,-0.0899166,-0.516535,1,0.302943,0.0430644,-0.952035
6.69137,27.1304,-0.96825,0.115754,0,-4.5,1,-0.832992,0.456741,0.312269
39.3577,1.84975,42.3867,-1.31579,-0.0962088,-3.5,0,0.243428,-0.270313,0.93149
38.3585,-9.82375,43.0936,1.11256,0.807462,-1.3,0,0.529146,-0.73311,0.427263
42.2798,11.9513,0.786,1.8276,0.800501,-3.9,0,0.689689,-0.575032,-0.440077
32.593,-10.2231,15.5479,-0.166031,0,3.8,1,0.765437,-0.630532,-0.128592
33.887,-5.84019,31.9394,0.686604,0,-0.8,0,0.399334,0.0232954,-0.916509
18.7773,24.7868,8.642,0.300821,-0.30738,-0.8,0,0.322715,0.836018,-0.443767
21.8305,-1.75625,33.4329,-0.450646,-0.141975,1.10966,1,-0.488184,-0.719973,0.49327
33.2113,13.4657,5.24225,-1.55757,-0.10373,4.2,1,-0.746948,-0.594151,-0.298418
12.1435,22.1197,3.65475,0.339111,0,-3.5,1,-0.909921,0.288834,0.297691
19.488,-4.97312,4.42925,-0.14521,0,-4.5,1,-0.474658,-0.639685,-0.604568
38.0158,-1.929,33.8394,0.211477,0,-1.6,0,0.140145,-0.0867816,-0.986321
17.8834,15.8685,-1.90925,-1.25443,-0.245419,-3.5,0,0.712338,-0.310187,-0.62957
29.3004,-0.583812,25.6723,0.10546,0.217531,0.103164,1,0.718141,-0.184546,0.670981
26.6765,23.0158,16.9937,-1.14383,-0.413692,3.06454,1,0.697312,0.416359,0.583439
34.108,13.495,22.3825,-1.4074,0,-3.5,0,0.549526,-0.7753,-0.311338
27.8301,4.646,25.4312,-0.879484,0,-3.2,0,0.0191776,0.89546,0.444729
23.8657,21.8145,4.10112,-1.86709,-0.213687,3.8,1,0.302029,0.807766,0.506254
11.7661,13.541,0.590625,0.317871,0.106104,-2.93854,1,0.516576,0.473708,0.713267
22.9643,-2.13812,3.58413,0.498729,0,-4.5,1,0.973864,0.132811,0.184255
3.9555,7.19275,3.65162,-2.08237,-0.884248,-3.5,1,-0.497777,-0.586176,0.639231
35.2188,14.3881,23.4306,-1.736,-0.505261,-3.5,0,0.967046,-0.237242,0.0923984
23.1695,16.4762,15.4719,0.575353,0,1.8,1,-0.983946,-0.163919,-0.070576
44.007,-5.9785,12.2895,-0.683687,-0.0589555,-3.5,0,0.815392,-0.34379,0.465773
27.4709,22.5319,16.0392,-1.09314,-0.553573,3.8,1,0.776833,0.385087,0.498235
16.1752,-2.33663,26.3894,0.721591,0.0745005,-4.5,1,0.0694299,-0.801177,0.594386
39.3068,16.55,5.814,-0.507736,0,-3.9,1,0.831984,0.553688,-0.0351002
3.53362,10.0363,3.23863,-1.58227,0,-3.5,1,-0.920473,0.346598,0.180551
26.578,-7.27287,37.3317,0.508823,0,1.9,0,0.671674,0.19584,0.714494
24.5487,19.4309,-0.13075,0.0518867,0.29837,-1.31061,1,-0.328704,0.231299,-0.915672
30.648,-11.7275,14.449,-0.0914513,0,3.8,1,0.242897,-0.961868,0.125742
21.7255,3.20525,10.6695,0.0813943,0,3.8,1,0.127981,0.00397742,0.991769
28.1985,13.3175,13.2985,0.231302,0,3.8,1,-0.345684,-0.770568,-0.53547
19.7512,-2.191,13.5695,-1.48234,0,-3.5,1,0.371767,0.0732333,0.925433
29.0702,-2.217,8.87212,-0.0126261,0,3.8,1,-0.217342,0.943542,-0.249982
10.0463,18.073,9.887,-0.346303,0.0172288,1.69419,1,-0.610718,0.652814,0.448171
23.838,-5.75037,20.328,-0.160868,0,-3.5,1,-0.665581,-0.0493725,-0.74469
23.4921,-2.94175,-0.219375,0.626323,0.0467125,-4.5,1,0.947268,0.205188,-0.246131
18.1357,0.495125,22.1809,0.645954,0,-4.5,1,0.100565,0.689656,-0.71712
16.0788,24.8056,12.3287,0.241359,-0.0750706,-3.5,0,-0.517219,0.829559,-0.210516
19.0856,-2.30687,1.05788,1.05392,0.500674,-4.5,1,-0.679728,0.410562,-0.60779
38.9109,-8.321,43.5583,-0.357266,-0.0238424,-1.3,0,0.752591,0.0341396,0.657603
43.6651,-7.26062,11.1912,-1.51252,-0.446215,-3.5,1,0.466932,-0.773384,0.428778
36.0337,1.94887,3.04312,-0.663976,0,-1.3,0,-0.210537,0.902442,-0.375862
13.5282,-1.25637,13.4241,-2.23672,-0.606101,-3.5,1,-0.0478702,0.317471,0.947059
21.2525,-3.5005,-1.00612,-0.185361,0,-4.5,1,-0.421367,-0.23074,-0.877045
25.0437,-1.27044,34.5137,-0.580034,0,1.9,1,0.121134,0.744591,0.656437
25.1982,16.9042,9.5725,0.408519,0,4.02336,1,0.57952,-0.283173,0.764179
5.98787,16.2335,2.81875,0.513833,0,-3.9,1,-0.130807,0.982996,-0.128877
22.3426,2.34788,19.5998,-0.221815,0,-0.9,1,-0.777905,0.32988,0.53483
8.90075,2.41775,0.975125,-0.251723,0,3.8,0,-0.377958,-0.6407,0.66832
7.133,28.008,-2.02875,1.11155,0.731383,-4.5,1,-0.576076,0.806847,-0.130896
27.7466,17.4683,-2.53012,0.120534,0,-4.5,1,-0.318772,0.387707,-0.864909
26.5745,-9.245,19.6082,0.139056,0,-4.5,1,-0.658596,-0.70761,0.256007
22.0384,25.2553,-0.81825,0.0906072,0,-3.5,1,-0.371983,0.168799,-0.912763
19.7817,27.127,5.15675,0.0428649,0,1.9,1,0.60476,0.158487,0.780478
38.8149,5.13125,40.12,0.602367,0.209647,-3.5,0,-0.55022,0.832512,0.0646694
23.2655,-11.6608,5.80075,0.116222,0,-3.5,1,-0.00395865,-0.996538,-0.0830463
29.9991,0.3445,12.6648,0.0223991,0,3.8,1,0.15508,0.933291,0.323911
43.0267,-4.23625,39.4056,0.41928,-0.290447,-0.8,0,0.73882,-0.498207,-0.453801
8.95375,25.7747,0.428375,0.896139,0.156915,-4.5,1,0.0307978,0.372385,0.927567
31.259,-9.23763,19.1714,-0.444303,-0.0502078,2.98494,1,0.082122,-0.878632,0.470384
21.1087,2.47825,34.9435,-1.41618,-0.360456,-3.5,1,0.864241,0.255681,0.43326
17.6995,0.94425,3.36025,-0.565183,-0.0458803,-4.5,1,-0.156411,-0.138931,-0.977872
20.7812,13.2533,10.4722,0.844799,0,-4.5,1,0.645825,-0.744586,0.168826
27.1865,-5.693,33.8462,0.050202,0,1.88638,1,0.719173,-0.682219,-0.131783
27.2691,-11.7496,15.2864,-0.190792,0,1.9,1,0.333396,-0.872586,0.356988
37.0255,-2.469,39.2216,0.0831932,-0.0248673,-0.8,0,-0.543276,0.578445,0.608484
26.6334,12.6495,18.5056,0.336937,0,-1.6,1,-0.221243,-0.962713,-0.155676
20.9883,6.60575,3.1765,0.234199,0,-1.65586,1,0.402542,-0.482617,-0.777843
24.9794,-11.0511,17.9198,0.450304,0,1.9,1,-0.513192,-0.321625,0.795733
24.9953,4.15225,26.6222,-0.0723593,0,-3.5,1,0.790543,0.557913,0.252534
27.0051,17.2768,14.4762,0.352494,0,1.97388,1,-0.295468,0.0157306,-0.955223
41.5985,13.364,4.70587,0.441509,0,-3.9,1,0.791891,0.0695924,0.606683
15.314,8.38437,11.1749,0.760758,0.196423,-4.5,1,-0.901184,-0.147019,-0.40774
31.7801,-9.80538,25.5632,0.605889,0.766958,-4.5,0,0.84814,-0.204851,0.488563
23.0086,-2.49062,34.9011,-1.80203,-0.417297,1.9,1,-0.773251,-0.0735722,0.629818
26.9935,18.666,21.1597,0.233483,0,0.369929,1,-0.516042,0.127813,0.846974
24.8283,2.8745,6.78575,-0.0360636,0,3.8,1,0.956938,-0.107194,-0.269776
39.2861,2.08862,14.3196,2.02155,0.770314,-3.9,1,0.422225,0.905933,-0.031799
5.45463,12.532,1.128,0.0768418,0,-3.9,1,-0.863268,0.0357191,-0.50348
19.3789,-6.2805,23.908,-1.75834,-0.710366,-3.5,1,-0.946907,0.295962,-0.125596
29.6026,15.067,-4.53825,0.345775,0.0581966,-4.5,0,-0.446675,-0.131369,-0.884999
37.8019,12.9976,14.9568,-0.33785,0,-0.9,1,0.127308,-0.411241,0.902593
29.3884,16.5766,-4.08775,0.327444,0.00330902,-4.5,0,-0.453926,0.620705,-0.639278
16.7275,15.9347,-2.57013,-2.22332,-0.836402,-3.5,0,0.225301,-0.419895,-0.879163
18.5205,-2.42013,13.714,-1.92702,-0.453117,-3.5,1,-0.381795,0.0350223,0.923583
29.6324,22.0069,15.6439,0.619103,0,-4.5,1,-0.233633,0.614028,0.753913
10.968,12.4309,2.826,1.15993,0.907447,-3.5,1,0.879715,0.411834,0.237684
29.7642,18.1306,-1.14338,0.691418,0,-4.5,1,0.545249,0.794127,-0.268451
20.1903,19.4776,19.2214,0.203876,0,1.8,1,-0.710137,0.0506703,0.702238
12.0565,23.5092,-2.84831,0.174835,0,-4.5,1,0.407135,0.291653,-0.865551
34.4194,19.8315,20.6665,-0.69145,-0.967509,-3.5,1,-0.0141928,0.887065,0.461426
20.3315,-8.5565,8.5835,-0.310537,0,-0.7,1,-0.452256,-0.681867,0.57491
25.2086,3.03912,17.4356,-0.072795,0,-0.9,1,0.472441,0.40642,-0.782063
42.0275,16.4116,8.01737,-1.10795,0,-3.5,1,0.532441,-0.101,-0.84042
20.228,19.053,0.104,-0.509104,0,-0.8,1,0.408309,-0.402175,-0.819475
6.90775,26.944,-3.19075,0.47959,0.313169,-4.5,0,-0.382242,0.691272,-0.613217
32.4543,-0.540875,18.4436,0.0851787,0,4.2,1,0.791612,0.324471,0.517753
19.677,14.3844,-2.479,-2.00501,-0.4243,-3.5,0,-0.632079,0.215187,-0.744427
31.2635,-11.3545,15.9388,-0.106556,0,3.8,1,0.378601,-0.913158,0.151011
8.47062,27.0299,0.53,1.60248,0.864051,-4.5,1,0.113622,0.371174,0.921586
20.3139,22.0359,-1.35275,-1.51918,-0.1664,1.9,1,0.488408,0.000946477,-0.872615
23.076,6.0185,26.3519,-1.56337,-0.230237,-3.5,0,0.173263,0.856158,-0.486799
18.6996,28.3169,5.13387,0.451809,0,1.9,0,0.130917,0.543642,0.829044
39.0293,0.820625,11.8698,0.465995,0,-3.9,1,0.275619,0.628666,-0.727195
31.9515,13.898,20.2375,-0.0291539,0,-3.5,1,-0.1966,-0.949762,-0.243516
42.304,-3.746,8.2215,-0.149729,0,-3.5,1,0.680258,0.596433,-0.426048
35.8525,-11.7205,9.24225,0.0807531,0,3.8,1,0.0423265,-0.365238,0.929951
33.5755,19.117,3.119,-0.942319,0,3.8,1,-0.650695,0.543169,-0.530625
40.93,-6.63875,4.395,-0.746179,-0.0434217,-3.5,0,0.765254,0.19714,-0.612799
36.7849,-0.2635,15.9517,0.870087,0,-3.9,1,-0.289052,0.218199,0.932115
26.0291,-2.2685,10.248,-0.0787248,0,3.8,1,0.540074,0.729991,-0.418848
13.4739,0.64075,11.3398,-0.385158,0,-3.5,1,-0.627993,0.726218,0.2797
16.958,27.0505,5.2325,-0.950572,0,1.9,1,-0.504264,0.506755,0.699226
21.442,-10.681,12.076,-1.52764,-0.0350005,3.8,1,-0.962582,-0.268999,0.0327904
23.9622,-9.04375,34.052,-0.880317,0,1.9,1,-0.262683,-0.839347,-0.475914
26.9761,-8.53463,35.0013,0.117772,0,1.9,1,0.808032,-0.429437,-0.403321
37.6001,20.1714,16.245,-0.163399,0,-3.5,1,0.630855,0.77156,-0.0819554
3.02938,13.9288,6.78188,2.49427,0.713575,-3.9,1,-0.518552,-0.564049,0.642614
13.3933,-2.58125,8.66875,-1.00448,-0.647078,-3.5,1,-0.66733,-0.283351,-0.688754
21.9102,-6.52675,13.844,-0.15504,0,1.9,1,-0.825125,0.0751507,0.55993
20.5002,13.6147,-2.76225,-2.5085,-0.620385,-3.5,0,-0.079543,-0.280529,-0.956544
10.7332,0.69825,4.50675,-2.16967,-0.693057,-3.5,0,-0.998466,-0.0495297,-0.0247385
32.3581,-9.78187,32.8099,-1.05113,-0.518457,-0.8,0,-0.54841,-0.833573,-0.0663538
15.269,11.5905,6.689,0.544876,0,4.39598,1,-0.414416,0.0136563,-0.909985
40.255,-8.89725,1.86,-1.89468,-0.48496,-3.5,0,0.676619,0.246846,-0.693725
28.7695,-1.8575,32.9106,0.135717,-0.00843481,1.8,0,0.0605476,0.776654,-0.627011
13.7821,10.5702,-2.21513,-0.890599,-0.219328,-3.5,0,0.769959,-0.310215,-0.557611
34.5869,-7.8735,11.9159,-0.268495,0,1.8,1,0.184103,-0.900911,0.393021
7.90475,16.4871,9.62175,0.305355,-0.0804907,4.5,1,-0.415585,0.891421,0.180712
26.825,-1.078,32.483,0.205391,0,1.8,0,0.815774,0.574731,0.0647793
13.2124,0.03725,24.3266,1.03779,0.891634,-4.5,0,-0.790765,0.577122,0.204013
20.8849,-1.934,30.5998,-0.612796,-0.415273,-0.839288,1,-0.330881,-0.919656,-0.211543
42.3213,2.00413,38.1623,2.89472,0,-3.5,0,0.656362,0.597944,-0.460056
11.6395,25.048,-0.962125,0.739936,0,-4.5,1,0.766621,0.641857,-0.0176584
25.052,28.7585,-3.005,-1.28601,-0.422342,-3.5,0,0.304689,0.435967,-0.846816
12.8634,15.609,-0.00975,-0.0117597,0,-3.5,1,0.111856,-0.361564,0.925613
37.3841,0.999625,15.823,2.60028,0.397632,-3.9,1,-0.472715,0.558021,0.682021
14.2642,2.5,7.33138,0.0756472,0,-3.5,1,-0.892967,0.349115,0.284127
19.752,1.486,10.282,-0.0757287,0,3.41111,1,-0.0986944,0.482698,0.870208
13.9117,17.4923,0.963875,-0.421757,-0.0396216,-3.5,1,-0.155951,-0.497948,0.853069
24.9632,29.6182,-0.80625,-1.88236,-0.0218497,-3.5,0,0.404086,0.91044,-0.0883986
32.1369,-0.667625,14.9635,0.115981,0,4.2,1,0.0754724,0.959952,-0.269808
11.6567,4.86263,-2.60425,-0.106212,0,3.8,0,0.846499,-0.22541,-0.482318
16.167,7.436,12.981,0.110524,0,-4.5,1,-0.280073,-0.261884,0.923567
19.164,13.6255,2.40425,-0.257211,0,4.5,1,-0.738304,0.224652,-0.635955
27.0392,-8.07475,36.8334,0.654266,0,1.9,1,0.888449,-0.196274,0.414891
31.1225,-8.1465,24.3175,-0.17331,0,-4.5,1,0.833183,0.497865,-0.240702
12.6403,15.3693,13.8645,0.367821,0,1.8,1,0.620429,0.436903,0.651294
21.0899,26.2191,19.5842,0.910673,0,-3.9,1,-0.314086,-0.143454,0.938494
41.613,-2.70025,9.60338,0.140825,0,-3.5,1,0.101991,0.982016,-0.158878
35.9147,14.044,-0.48975,-0.485401,0,-0.8,1,0.357288,-0.671731,-0.64894
7.663,5.16125,-0.6385,-0.0882474,0,3.8,0,-0.99729,-0.057133,-0.0463413
28.7512,-2.38287,5.39113,-0.0529956,0,3.8,1,0.00772157,0.936765,-0.349873
33.883,14.027,14.1263,0.777583,0,-0.9,1,-0.241293,-0.72182,0.648656
6.2575,11.1505,8.818,0.077826,0,4.5,0,-0.685959,-0.719039,-0.111554
20.8185,7.38888,1.94938,0.583207,0,-4.5,1,0.426144,-0.861023,-0.277564
31.622,-12.1368,11.8022,-0.0559003,0,3.8,1,0.500101,-0.736886,0.454861
24.5626,-11.3612,13.8125,0.225421,0,2.50722,1,-0.624456,-0.575841,0.527695
21.2267,8.35875,0.36975,0.181059,0,-4.5,1,0.58924,-0.39172,-0.706648
25.6926,-12.4141,14.8837,0.0959824,0,1.9,1,-0.261974,-0.855519,0.446606
27.6459,14.4152,5.30137,-0.138127,0,-3.5,1,0.242834,-0.0128584,0.969983
39.9534,14.3395,13.2776,-0.0870302,0,-0.9,0,0.944335,0.261078,0.200176
28.6975,16.5361,3.65475,-0.551051,0,-3.90406,1,0.829627,-0.465659,-0.308027
11.7955,14.4949,14.2507,0.362494,0,1.8,1,0.244124,-0.227423,0.9427
18.5501,7.64888,13.5883,0.528296,0,-4.5,1,0.0710013,-0.277545,0.958085
35.8761,15.8336,17.205,0.332856,-0.00909096,-3.5,1,0.412605,-0.749603,0.517545
34.3932,-9.418,9.881,0.46415,0,2.80055,1,0.317826,-0.654606,0.685914
24.1246,24.3996,10.0206,-0.229242,0,3.8,1,-0.0802806,-0.183088,-0.979813
39.84,11.7238,4.38987,0.608824,0,-3.9,1,-0.294933,-0.754478,0.586326
5.05625,15.9797,3.44775,0.731197,0,-3.9,1,-0.189448,0.950045,-0.248038
42.8488,-0.76975,40.234,3.16379,0,-3.5,0,0.653572,-0.382987,0.652813
41.8838,17.9825,11.5931,-1.9788,-0.46298,-3.5,1,0.280855,0.784248,0.553241
22.4191,25.4749,19.5648,0.47276,0,-3.9,1,0.19317,0.168483,0.966591
31.8034,-3.93837,25.2595,0.0633344,0,3.8,0,0.455637,-0.420224,0.784733
17.8975,24.0041,0.4115,0.396983,0,1.9,1,-0.439826,0.578769,-0.686717
21.4387,-6.08,0.65775,0.31396,0,-4.5,1,-0.362458,-0.760607,-0.538611
19.6257,-4.43538,12.0731,-0.482939,-0.567857,-1.54824,1,-0.0863168,-0.663423,0.743249
37.7226,-8.46362,44.0516,-0.928712,-0.0249036,-1.3,0,-0.107185,-0.23097,0.967039
25.3176,4.10938,20.1535,0.180808,0,-0.9,1,-0.0620393,0.860543,0.505586
18.0729,24.6289,10.8,0.300929,-0.0526278,-0.8,0,-0.0946762,0.975441,0.198873
24.1338,-4.4005,19.885,-0.224841,-0.220825,-3.5,1,-0.7926,-0.251084,-0.555646
40.3628,20.9032,6.139,-0.258389,0,3.8,1,0.961189,0.220171,0.166255
14.8752,-0.204875,21.6489,0.948879,0.81828,-4.5,1,-0.136008,0.223009,-0.965282
39.0325,16.8302,19.545,0.583787,0.871297,-3.5,0,0.987999,-0.122736,-0.0937767
24.3892,-5.75413,27.6796,0.209849,0,-3.5,1,-0.841676,0.124857,0.525349
35.4087,8.8265,12.4342,-0.134833,0,-0.9,1,-0.209201,-0.697606,0.68526
19.861,12.6917,-1.92775,-1.28077,0,-3.5,1,-0.704388,-0.220601,-0.674665
28.515,20.478,4.582,-1.41722,-0.0791321,3.8,1,0.601959,0.797742,0.035394
12.2952,11.2819,9.84937,0.766621,0,-0.7,1,-0.427907,-0.762338,0.485526
27.244,20.7348,22.2235,-0.00808406,0,4.2,0,-0.845823,0.267672,0.461448
39.827,17.7323,10.6412,-0.812469,0,-3.5,1,0.120904,0.611854,0.781676
19.8,13.626,0.612,-0.818786,0,-3.5,1,-0.996904,0.012268,0.0776673
11.6553,13.0723,4.90375,2.14852,0,4.06504,1,0.522642,-0.201022,-0.828514
30.7363,-13.3951,4.81394,0.0867335,0,-1.6,1,0.261561,-0.96145,-0.0848585
5.00212,12.6226,5.73719,1.02928,0,-3.9,1,-0.53543,-0.73079,0.423391
21.352,25.2512,15.83,0.66918,0,-3.9,1,-0.396323,0.543233,-0.740152
31.6048,-4.45869,22.9954,0.0291983,0,3.8,1,0.465381,-0.868853,-0.168863
39.6251,16.6117,3.63963,-0.00740995,0,-3.9,1,0.86488,0.471457,0.17237
7.71341,11.4983,10.6209,0.38186,0,4.5,0,-0.307495,-0.379501,0.872597
20.782,4.557,10.4765,0.238452,0,3.8,1,0.50058,0.0232686,0.865377
7.12019,19.6829,-1.16494,0.256323,0,3.8,1,0.305071,0.947504,0.0957486
21.2882,26.3725,16.0942,1.044,0,-3.9,1,-0.404005,0.16871,-0.899064
36.3825,-0.777625,8.36225,0.073714,0,-1.3,1,0.0599986,0.810952,0.582028
26.0173,0.223094,32.3235,0.211629,0,1.8,0,0.588786,0.676859,0.441807
4.51119,15.4263,6.97262,2.24036,0,-0.392754,1,-0.199346,0.734442,0.648734
23.7052,-6.96675,27.1695,-0.0465702,-0.104899,-3.5,1,-0.54532,-0.43365,0.717338
34.2285,9.53788,10.7809,0.0876086,0,-0.9,1,-0.673694,-0.659868,-0.332732
19.4168,17.0874,3.13775,-0.333791,0,3.8,1,-0.678531,-0.478511,-0.557335
18.6864,-3.75325,3.91237,0.010418,0,-4.5,1,-0.687415,-0.544403,-0.480714
24.1414,9.46444,8.70113,0.272504,0,4.2,1,0.0988271,0.100746,0.989992
10.149,14.457,-1.55838,-1.70762,-0.363701,-3.5,1,-0.1232,-0.556224,-0.821849
23.79,-10.6963,13.9474,0.0139004,-0.000474268,3.8,1,-0.504751,-0.54967,0.665649
30.2421,17.1203,1.665,-0.360697,0,-4.5,1,0.826338,0.266826,0.495953
28.754,-0.593,10.751,-0.0105296,0,3.8,1,-0.363295,0.654336,-0.66322
27.585,21.5723,20.1998,-0.141377,0,4.2,1,-0.558457,0.734179,-0.386143
16.3132,12.7006,5.33612,0.37528,0,4.5,1,-0.738773,-0.0784841,-0.669369
19.3727,23.848,-0.24675,-0.030078,0,1.9,1,-0.230935,0.614908,-0.754027
31.15,14.0915,0.63,-0.328873,0,-4.5,1,-0.384039,-0.570073,0.726313
21.1265,-5.8815,4.1905,-0.0596263,0.596927,-3.90038,1,0.362322,-0.931733,0.0244158
18.97,16.692,13.882,0.814559,0,-4.5,1,0.269091,-0.431672,0.860959
7.38137,15.1457,11.0517,0.420375,0,4.5,1,-0.108655,0.41432,0.903622
24.411,-7.72113,21.9341,0.244417,0,-3.5,1,-0.153916,-0.841136,-0.51846
20.0993,-9.07569,5.72606,-0.215559,0,-3.21211,0,-0.455187,-0.78179,-0.426155
13.5656,-0.172188,12.3008,-1.23466,-0.259559,-3.5,1,-0.339268,0.706083,0.621566
23.3855,12.2921,9.15713,0.414793,0,4.2,1,0.0224896,-0.366381,0.930193
32.1328,20.2984,6.44494,-0.286699,0,3.8,0,0.312859,0.886774,-0.340222
19.1362,23.89,5.9005,-0.0921333,0,-0.8,1,0.705744,0.417346,0.572492
32.3051,-1.73763,32.6514,0.412611,0,1.8,0,0.231759,0.960428,-0.154486
25.316,-8.92688,17.2619,-0.481847,0,1.9,1,-0.699613,0.377243,0.606819
42.3507,13.0627,2.79766,1.82843,0,-3.9,1,0.9833,0.126542,0.130799
21.5403,-2.54125,25.834,0.27037,0,-4.5,1,-0.134807,-0.848252,0.512148
14.6418,-3.34344,11.7058,-0.323236,0,-1.85905,1,0.133521,-0.564185,0.81478
37.406,15.5562,15.5165,0.360008,0,-2.1967,1,0.726659,-0.41787,0.545299
21.722,17.7275,14.164,0.609189,-0.956603,-0.8,1,-0.350721,-0.694828,0.62786
24.5214,23.4907,10.3021,-0.110927,0,3.8,1,-0.314081,0.0355944,-0.948729
17.0081,23.2764,9.13813,0.489184,0,-0.8,1,-0.917664,0.391502,-0.067959
24.9278,-3.11937,31.1842,0.77918,0,1.8,1,-0.552306,-0.598275,-0.580539
9.879,16.581,11.1585,-0.183914,0,1.8,1,-0.56759,0.65493,0.498906
32.6289,-10.9948,10.8645,0.0100047,0,3.8,1,0.814215,-0.230154,0.532994
29.9949,15.1077,0.280125,0.32384,0.00251747,-4.5,1,0.301212,-0.00145983,0.953556
33.6482,11.1959,12.6383,0.125512,0,-0.9,1,-0.747581,-0.242773,0.61821
36.1896,-10.069,3.3525,-0.72387,0,-3.5,1,-0.315482,-0.783093,-0.535945
16.428,-2.51775,24.904,0.309091,0,-4.5,1,0.00961548,-0.963896,0.266105
22.802,24.8325,9.76375,-0.274851,0,3.8,1,-0.166364,0.0339865,-0.985479
6.47437,13.3531,11.1261,0.257531,0,4.5,1,-0.156903,-0.296589,0.942028
29.0983,14.0947,19.6564,0.495678,0,-1.6,1,0.463747,-0.862245,0.203648
20.1157,18.3264,18.3981,0.416589,0,1.8,1,-0.623847,-0.465875,0.627516
25.0733,27.9128,1.20856,-0.999391,0,-3.5,1,0.424284,0.424065,0.800095
30.2111,0.455063,23.2929,0.0150012,0,3.8,1,0.511577,0.857038,0.0614392
25.6087,22.1952,18.5397,-0.211821,0,-3.9,1,0.801689,-0.020481,0.59739
31.3834,-12.7636,6.37444,0.187295,0,-1.6,1,0.439197,-0.876844,0.195576
18.2899,-1.66481,22.3926,0.975651,0,-4.5,1,0.284096,-0.466715,-0.837536
40.0005,15.877,6.175,-0.329532,0,-3.65005,1,0.997448,0.0117868,-0.0704137
12.4304,17.9433,1.01769,0.458304,0,-3.5,1,-0.0485506,-0.737636,0.67345
33.6995,-9.85106,32.5631,-0.758741,-0.403757,-0.8,0,0.303542,-0.895728,-0.324858
25.1776,-1.63762,9.39262,-0.0619719,0,3.8,1,0.748076,0.590628,-0.302557
35.3428,-1.91581,15.9238,0.24655,0,-3.9,1,0.0753844,0.277046,0.957895
26.6935,-3.015,28.7935,0.129905,0,-3.5,1,0.766031,0.614064,0.190059
33.4917,15.6694,-1.41475,-2.76019,0,-0.8,0,-0.231005,-0.24583,-0.941384
40.2868,-2.21675,11.8645,0.18875,0,-3.8613,1,0.265054,0.893728,-0.361935
41.1418,-6.62975,11.2155,0.208708,0,-3.5,1,-0.0264702,-0.897963,0.439274
40.5451,-1.84275,41.1,0.421499,0,-1.45054,0,0.119407,0.32061,0.939655
26.2725,14.066,20.2321,0.408392,0,-1.6,1,-0.556238,-0.403158,0.726679
39.7186,-1.85025,35.2194,0.691517,0,-1.6,0,0.741271,0.216366,-0.635376
40.1004,13.4809,11.543,-0.292772,0,-0.9,0,0.936428,-0.184732,-0.298289
38.119,-4.993,41.689,-0.141536,0,-0.945178,0,0.18433,0.346806,0.919646
15.1651,21.6065,11.5299,0.205933,0.0240009,-3.5,0,-0.958889,0.266988,0.0961723
35.9548,16.2305,19.2663,-0.00930926,0,-3.5,1,0.319463,-0.940531,-0.115518
11.9408,16.3256,12.7034,0.526138,0,1.8,1,0.229486,0.815908,0.530689
34.0662,-8.62088,36.5124,0.420389,0,-1.21347,0,-0.0103182,-0.998068,-0.0612639
22.6557,17.4119,14.5731,0.427629,-0.432306,0.576674,1,-0.687072,-0.686395,0.238315
25.7698,-7.382,18.7944,0.0830395,0,-4.5,1,-0.912038,-0.371911,-0.172824
34.0418,-7.88544,16.521,-0.860793,0,1.36168,1,0.616608,-0.787212,-0.00960676
26.5296,23.198,14.1285,0.454739,-0.268362,3.8,1,0.79808,0.585186,0.143619
4.63334,14.0909,2.60141,0.562962,0,-3.9,1,-0.856015,0.0439625,-0.515079
36.3441,12.9969,5.92362,-0.077771,0,4.2,1,0.167164,-0.515589,-0.840372
5.19631,7.68,0.371125,-0.537397,0,-3.5,1,-0.43933,-0.636011,-0.634412
29.5727,-2.61131,6.985,0.005264,0,3.8,1,0.23815,0.969221,-0.0624091
14.9851,15.1661,4.94044,0.0155766,0,4.5,1,0.313459,-0.0962271,-0.944714
30.7051,-6.85819,20.9525,-0.108442,0,-4.5,1,0.800747,0.163302,0.576314
19.3422,-6.10831,10.7458,1.11272,0,-1.6,1,-3.52445e-05,-0.585763,0.810483
10.4878,11.1687,-2.0025,-0.236699,0,-3.5,0,-0.395924,0.0263863,-0.917904
24.5689,4.90637,6.13325,-0.142179,0,4.2,1,0.715482,-0.509233,-0.478295
29.586,1.251,23.7668,-0.0567585,0,-3.2,1,0.935748,0.116678,-0.332809
18.9848,23.484,6.81675,-0.1536,0,-0.8,1,0.700366,0.707113,-0.09736
25.2603,-6.01438,30.1504,-0.325628,0,-3.5,1,-0.959339,0.25257,0.126005
29.6785,20.5085,23.1014,0.0661072,0,4.2,0,0.0835455,-0.0138049,0.996408
23.4838,9.51906,2.66606,-0.314107,0,-4.5,1,0.84205,-0.32458,-0.430812
16.0298,6.15912,4.14225,0.315687,0.196936,-0.7,1,-0.135833,-0.629175,-0.765303
19.658,14.2645,-0.3105,-1.80271,-0.411051,-3.5,1,-0.929209,-0.0946509,0.357228
13.265,1.04425,6.58475,-0.869748,0,-3.5,1,-0.514418,0.242603,0.822507
38.7287,19.6427,10.4079,-0.144516,0,-3.5,1,0.901394,0.291206,0.32045
23.5286,-7.68538,33.252,-0.593438,0,1.9,1,-0.641946,-0.253522,-0.723624
31.8835,21.1353,17.9672,-0.15869,0,-4.5,1,0.153808,0.951664,0.265856
19.054,17.605,14.6025,0.559313,0,-4.5,1,-0.452746,-0.280358,0.846416
42.5509,-1.92537,40.2793,0.637783,0,-3.5,0,0.724369,0.128081,0.677411
38.8684,14.2489,6.095,-0.3922,0,-3.61461,1,0.564322,-0.51966,0.641478
25.44,22.59,9.3585,-0.23138,0,3.8,0,0.378326,0.582848,-0.719137
10.9825,12.333,-1.6105,-0.237022,0,-3.5,1,-0.342558,0.239223,-0.90853
27.2873,-7.69912,4.1185,-0.973072,0,3.8,1,-0.762747,-0.0652301,-0.643399
7.99738,5.11575,-1.87894,-0.0968532,0,3.8,0,-0.949353,0.103691,-0.29661
19.6176,11.6615,-0.783188,0.248959,-0.00189477,-4.24936,1,-0.851877,0.463356,-0.244145
27.2681,-12.0364,6.26319,-0.345539,-0.233833,-1.6,1,-0.502729,-0.836868,-0.2166
18.3638,10.9073,-0.0335625,0.524055,0,-4.5,1,-0.500388,0.85598,-0.130039
33.7757,0.69175,5.31163,-0.0747134,0,-1.3,1,-0.526011,0.804657,0.275392
22.835,26.69,15.446,0.350737,0,-3.9,0,-0.17269,0.488298,-0.85542
33.5241,22.2339,13.442,-0.0768822,0,-4.5,1,0.375493,0.92311,-0.0829015
35.2907,-13.0117,7.22222,-0.00678887,0,3.8,1,-0.202011,-0.932326,0.299932
25.7175,-0.282,13.0275,-0.167721,0,2.8,1,-0.282799,0.950697,-0.127277
19.6777,-4.21069,1.86787,0.449419,0,-4.5,1,-0.806977,-0.583806,-0.0892077
26.591,0.0835,29.1805,0.170191,0,1.8,0,0.994907,-0.00672976,-0.100574
20.2206,-1.60975,1.10875,0.442926,0,-4.5,1,-0.43092,0.751301,-0.499855
25.5343,2.94613,26.8925,0.117193,0,-3.25146,1,0.383431,0.466575,0.79705
36.8408,-7.14181,38.4035,-0.30678,0,-1.42645,0,0.966362,-0.243076,-0.0840159
16.427,12.6836,11.8888,0.414863,-0.940177,-0.7,1,-0.0375478,0.106876,0.993563
9.538,16.5597,-3.19425,-0.851136,0,3.8,1,0.0193789,-0.099553,-0.994844
6.12712,19.9029,-1.14275,0.217486,0,3.8,0,-0.117273,0.934708,0.33551
33.953,-2.68331,32.1904,0.213794,0,1.8,0,0.699654,0.598195,-0.3907
25.3659,16.41,14.2266,0.434465,0,1.8,1,0.147511,-0.351765,-0.924393
21.7635,16.8329,13.6307,0.60612,-0.818562,-0.8,1,-0.417544,-0.18206,0.890231
12.9491,19.626,4.5695,0.124771,0,-3.5,1,-0.951068,0.180812,0.250551
10.3405,20.6235,0.9965,0.406232,0,-4.5,1,-0.832624,0.0579751,0.550796
12.6315,12.3372,5.54275,1.6803,0,4.5,1,0.584578,-0.0383547,-0.81043
29.0438,13.1991,17.9785,0.305074,0,1.10103,1,0.251756,-0.841493,0.478024
21.6191,0.791812,5.792,-0.00477165,0,-2.9221,1,0.487647,0.12777,-0.86364
26.887,-6.98825,34.3991,0.149143,0,1.9,1,0.946999,-0.232588,-0.221576
27.8636,-12.4429,5.34538,0.476855,0,-1.6,1,-0.7139,-0.643383,-0.276415
34.7144,12.9126,13.9782,0.515412,0,-0.9,1,-0.433992,-0.496602,0.75169
25.1105,-7.45156,20.8934,-0.193236,0,-4.5,1,-0.593301,-0.721876,-0.356215
24.0963,-13.088,9.3055,-0.119483,0,3.8,1,-0.691679,-0.461462,-0.555547
22.5626,17.199,16.1127,0.789674,0,1.8,1,-0.657183,-0.695979,-0.289351
13.3679,-0.27975,9.29362,-0.784579,0,-3.5,1,-0.77569,0.522818,-0.353506
9.7815,17.0417,6.98806,0.25864,-0.120099,4.5,1,-0.559627,0.827552,-0.044438
32.9832,-10.9173,4.10306,0.302211,-0.461986,-0.997089,1,0.448846,-0.385067,-0.806387
8.44575,22.8932,0.000375,1.1735,0.0211898,-4.5,1,-0.519482,-0.592685,0.615518
38.6049,-11.2133,6.64606,-0.103145,0,2.01995,1,0.681893,-0.72322,0.109427
28.2419,-3.78588,26.6946,0.175502,0,-3.5,1,0.834314,0.430357,0.344549
19.642,24.707,15.758,0.180671,0,-3.9,1,-0.632922,0.765503,0.115823
22.5898,21.2646,6.29388,-0.362417,0,3.8,1,0.132061,0.986535,-0.0964846
25.8894,-2.35938,9.1085,-0.0858828,0,3.8,1,0.443443,0.886907,-0.129442
16.4516,6.78675,7.9865,-0.959226,0,1.50672,1,-0.806169,0.4072,0.429278
33.21,21.585,8.9585,-0.37996,-0.278033,-3.5,0,-0.610198,0.527739,-0.590889
4.854,15.7801,-1.24538,0.107833,0,3.8,1,-0.744514,-0.379365,0.549346
15.38,16.069,12.834,0.400609,0,-4.5,1,-0.492461,-0.190613,0.849205
12.7596,9.70463,4.1225,1.58499,0,1.8,1,0.593104,0.788785,-0.161388
20.8572,1.23706,35.2302,-0.875163,0,-3.5,1,0.795032,-0.0463482,0.604794
22.7874,22.23,0.2465,0.418564,0.503641,-3.5,1,-0.184531,-0.662135,-0.726309
39.9759,19.8546,6.63706,-0.286596,0,3.8,1,0.959335,-0.209846,0.188789
24.3265,-8.34775,22.9128,0.110951,0,-3.66574,1,0.24196,-0.924646,-0.294084
40.6821,14.8389,5.34625,-0.117416,0,-3.9,1,0.664844,0.208331,0.717343
14.8628,14.7675,-1.426,-0.271578,0,-3.5,1,0.761491,-0.643755,-0.0755718
36.2107,12.3505,14.327,-0.221606,0,-0.9,1,-0.230764,-0.542601,0.807671
16.6691,7.28175,9.76237,0.0439546,0,-4.5,1,-0.944135,0.143265,-0.296791
31.1725,16.444,1.124,-0.266964,0,-4.10399,1,-0.0525314,-0.036936,0.997936
27.7258,3.30319,22.9035,-0.376799,0,-3.2,1,0.244047,0.696889,-0.674379
29.439,13.3389,1.23337,-0.944565,0.247922,-3.76532,1,0.923637,0.0811477,0.374579
4.32963,10.4409,2.05787,-1.68796,0,-3.5,1,-0.77509,0.547464,-0.315467
28.6971,-10.8616,17.0947,-0.185903,0,3.8,1,0.102893,-0.779659,0.617693
22.7131,-5.358,25.536,0.0493424,0.164427,-3.5,1,-0.406093,0.734359,0.54388
25.2271,1.13194,28.7256,0.343508,0,1.8,1,0.590595,0.786087,0.182385
24.7003,4.14625,28.44,0.0173716,0,-3.5,1,0.993836,-0.0664542,0.0887339
20.2862,0.319,35.8618,-0.450341,0,-3.5,1,0.504246,-0.291736,0.812789
18.4393,1.47625,28.4756,0.0864063,0,-3.5,1,-0.956969,0.285253,-0.0533017
23.5547,-11.8472,8.90544,-0.247973,-0.0780879,-2.3849,1,-0.442323,-0.798964,-0.40744
16.3885,4.55006,11.4394,0.374851,0,1.69079,1,-0.121949,-0.392603,0.911587
36.5564,-0.554,35.1755,0.278812,0,-1.6,0,-0.422478,0.705285,-0.569285
21.7908,17.0484,0.030125,-0.311866,0,-3.5,1,-0.365927,0.371438,-0.853306
36.2912,20.7132,18.9005,0.0100467,0,-3.5,1,-0.0457378,0.993367,0.105495
19.9636,6.6685,2.67481,0.342158,0,-4.5,1,0.0309152,-0.888134,-0.458544
23.2556,-4.09525,0.430625,0.176021,0,-4.5,1,0.97548,-0.191213,-0.108979
18.833,15.4749,13.5848,1.00711,0,-4.5,1,-0.124007,-0.0833876,0.988771
30.3267,-1.47787,25.1659,0.0323423,0,3.8,1,0.333769,0.459215,0.823238
21.5601,-7.80137,22.5904,-0.646498,0,-3.5,1,-0.518861,-0.50859,-0.68711
35.5467,20.6311,15.9194,-0.0535686,0,-3.5,1,0.24862,0.937972,0.241654
11.408,8.41638,7.46812,-0.632363,-0.864397,-0.171069,0,-0.0556734,-0.503399,0.862258
19.6271,21.9618,16.1034,0.296375,0.201114,-1.13468,1,-0.501267,0.287575,0.816108
35.2231,13.5713,1.38437,-0.636556,0,-0.8,1,0.34036,-0.936278,0.0868254
23.003,-4.93363,21.442,0.825331,0,-3.39907,1,-0.712387,0.342736,-0.612403
31.8857,14.3581,18.7759,0.438882,0,0.0166164,1,-0.0231209,-0.996308,0.0826808
36.8619,8.80556,10.2198,0.0540493,0,-0.9,1,0.263427,-0.548997,-0.793227
19.6781,13.0503,-0.66175,-1.60704,-0.574686,-3.5,1,-0.993876,-0.110496,0.000577119
32.4504,19.5799,21.6197,0.142575,0,4.2,1,0.623544,0.0520475,0.780054
38.1339,18.9436,16.2798,-0.136267,0,-3.5,1,0.805264,0.588865,0.0692009
24.3536,6.24725,7.69694,-0.0368581,0,4.2,1,0.299033,-0.374548,0.877664
20.1034,25.5457,16.2966,0.308532,0,-3.9,1,-0.779774,0.189528,-0.596684
30.154,13.761,0.497,0.0635796,-0,-3.5,1,0.49596,-0.537336,0.682125
15.3296,22.352,-0.211938,1.11214,0.155171,-1.53228,1,0.00472879,0.713277,-0.700866
33.9847,-12.3628,5.493,-0.013894,0,3.8,1,-0.18495,-0.844234,-0.503053
38.938,-2.36925,6.01188,-0.78006,0,-1.3,1,0.739051,0.425706,-0.52209
18.071,17.208,14.116,0.621111,0,-4.5,1,-0.288211,0.16329,0.943542
25.9801,11.3841,3.12737,-0.979175,0,-3.5,1,-0.287269,-0.846672,-0.44791
27.2574,-5.02225,3.11262,-0.0879956,0,3.8,1,-0.976751,0.180619,-0.115477
20.9814,28.499,19.9813,2.50085,0.330675,-3.9,0,-0.440521,0.35532,0.824433
24.6393,4.92719,7.37019,-0.0706397,0,3.8,1,0.81475,-0.0971224,0.571621
34.0604,12.0826,13.3199,0.549037,0,-0.9,1,-0.506433,-0.317438,0.801722
31.0763,22.3003,15.9512,0.549988,0,-4.5,1,-0.271647,0.624603,0.732174
30.9224,-4.84275,31.2381,-0.0527266,0,1.8,0,-0.496879,-0.574934,-0.650048
33.2074,-0.880313,15.9963,0.173377,0,2.48209,1,0.663982,0.73108,0.157
35.9383,23.231,12.5063,-0.871928,0,-3.5,1,-0.0693157,0.749554,0.658304
35.0262,14.2493,2.553,-0.646604,0,-0.8,1,0.214368,-0.91004,0.354787
14.4747,-3.95163,7.76213,1.15435,0,-1.6,1,-0.789787,-0.0362471,-0.61231
30.3049,-7.93862,26.2098,0.471968,0,-4.5,0,0.323648,0.4501,0.832264
13.9862,13.1643,-0.323375,0.333362,0,-3.5,1,0.750388,0.168866,0.639064
13.0778,17.9369,10.6748,-0.187603,-0.4124,0.406431,1,-0.134668,0.26854,0.953809
13.1751,14.5848,13.0861,0.66261,0,1.8,1,0.705972,-0.0804041,0.703661
21.3892,-5.08125,5.93062,-0.151064,0,-0.7,1,0.852924,0.263237,-0.450807
31.6809,13.5824,14.5439,0.297552,0,3.8,1,0.595529,-0.802618,-0.0339184
32.1549,15.7256,-1.59094,-0.302417,0,-2.72264,0,0.582386,-0.0302195,-0.81235
20.8069,-0.939375,12.5719,-0.544913,0,-3.5,1,0.357703,0.355391,0.863566
32.1246,-10.9465,11.7419,-0.0277075,0,3.8,1,0.844989,-0.373256,0.38298
38.9414,-8.38863,1.61075,-1.61805,-0.746769,-3.5,0,0.232824,0.172526,-0.957093
25.0055,0.9675,16.7425,-0.104771,0,-0.9,1,0.101497,0.592653,-0.799038
21.7694,-0.4395,22.1514,0.0356371,0,-4.5,1,-0.5527,0.312657,-0.772507
23.7097,15.4386,13.3927,0.534704,0.162754,-0.982176,1,0.958538,-0.246682,-0.14266
25.7869,20.1159,18.918,-1.61557,-0.21104,-0.777344,1,0.586017,0.809176,-0.0426398
30.989,-2.99744,4.65156,0.181242,0,-3.2,1,-0.490354,0.72993,-0.476188
24.0449,22.3091,19.4213,0.145207,-0.111421,-3.9,1,0.383313,0.153553,0.910765
42.7988,-6.934,12.0005,-0.486047,-0.00932486,-3.5,0,0.0295836,-0.935259,0.352724
21.8139,14.9097,14.7861,0.422323,0,-4.5,1,-0.346976,0.641088,0.684554
13.2859,14.5136,-2.14263,-0.227467,0,-3.5,1,0.212229,0.0146961,-0.977109
24.895,14.9753,19.4174,0.368099,0,-1.6,1,-0.590754,-0.21696,0.777134
23.9315,-4.61125,15.5299,-0.438976,0,2.8,1,-0.880403,0.290685,0.37469
19.0071,1.93731,31.2877,0.122815,0,-3.5,1,-0.841409,0.465265,-0.274879
16.7701,27.4107,3.05025,-0.299614,0,1.9,1,-0.71003,0.440612,-0.549289
31.5942,-1.59225,19.5454,0.140374,0,3.94031,1,0.978879,0.0766975,0.189507
11.7497,17.0217,0.299563,0.609759,0,-0.470829,1,0.0899802,-0.254235,0.962947
29.9769,15.2965,11.1488,0.36412,0,3.8,1,-0.987147,0.0155758,-0.159053
26.1634,-12.3079,16.3727,0.496054,0,1.9,1,0.192994,-0.969661,0.150035
41.9159,14.0984,3.35063,0.89688,0,-3.9,1,0.909051,0.38851,0.150619
26.6456,13.0459,1.47487,-1.42359,-0.409165,-3.5,1,-0.569979,-0.0760185,-0.818135
26.0501,-1.79494,34.8285,0.224739,0,1.89317,0,-0.0872131,0.667287,0.739677
29.3574,16.6192,1.87513,-0.333998,0,-4.5,1,0.58595,-0.662699,0.46636
31.0553,-2.49463,25.6877,0.0656445,0,3.8,0,0.0969811,0.115122,0.988606
13.6381,-1.98563,5.55137,-1.33137,-0.708996,-3.5,0,0.00750828,-0.998943,0.0453543
27.0807,-1.47956,35.301,0.312362,0,1.8,0,-0.675213,0.593421,0.438109
28.1746,1.09581,19.7253,-0.103581,0,-0.9,1,0.664801,0.723762,-0.184953
18.7391,0.39675,31.7491,0.155844,0,-3.5,1,-0.99422,-0.10559,-0.019402
24.1135,14.9675,15.918,0.431553,0,1.8,1,-0.0670609,-0.984214,-0.163786
30.9794,-1.67781,32.5861,0.404896,0,1.8,0,-0.090367,0.97649,-0.195706
37.0348,-1.6315,10.3854,0.131744,0,-2.6311,1,0.507106,0.765841,-0.395387
36.3604,21.0364,14.2071,-0.781293,0,-3.85575,1,0.618796,0.606255,0.499546
37.5161,1.12444,12.9644,1.74575,0,-3.9,1,-0.219547,0.897681,-0.382058
22.0425,-7.2015,3.621,-0.0911905,0.35988,-4.42785,1,-0.145201,0.885066,-0.442238
22.0786,-10.4849,3.20712,0.0156506,0,-3.5,0,-0.127477,-0.41373,-0.90143
33.7865,-4.76031,19.6712,-0.482512,0,-3.5,1,0.586303,0.466222,0.662485
36.3616,17.4627,-0.052125,-1.62795,0,-2.8981,0,0.32736,0.623923,-0.709616
15.1018,9.60837,10.4017,0.305042,0,-1.42039,1,-0.575621,-0.793033,-0.199396
26.4651,24.8419,13.3056,0.135836,0,3.8,1,0.75678,0.324246,0.567582
36.5922,-9.91325,38.7332,0.149594,0,-1.3,0,0.316504,-0.680678,-0.660684
29.7891,0.0643125,24.3969,0.0241635,0,1.01488,1,0.803963,0.386328,0.452099
38.2011,19.3381,17.5714,-0.0174303,0,-3.5,1,0.907695,0.383077,-0.171291
17.627,24.414,6.473,-0.0563525,0,0.813376,1,0.343763,0.827615,0.443711
16.0193,17.713,12.8289,0.581712,0,-4.5,1,-0.633143,0.190891,0.750127
23.3655,21.3407,19.873,-0.468823,0,-3.9,1,-0.0505183,0.0804104,0.995481
26.8849,25.5053,0.266,-1.34552,0,-1.24116,1,0.922909,0.368309,-0.112194
26.1101,3.29588,23.3405,-0.0754022,0,-3.2,1,-0.371615,0.749897,-0.547318
30.7011,-9.574,2.21025,0.149328,0,1.10286,0,0.322069,-0.382876,-0.86584
5.69588,18.3341,-3.57706,0.0110851,0,3.8,1,-0.324003,0.388259,-0.862715
29.3902,-3.957,4.06194,-0.0556545,0,3.8,1,-0.0263717,0.926044,-0.376494
14.8764,6.45188,6.06644,-0.175397,0,-0.7,1,-0.558993,-0.828734,0.0269674
17.7385,2.967,3.99225,-0.413173,-0.470884,-4.00686,1,0.00574064,0.473677,-0.88068
37.9336,-8.13119,10.3408,-0.165697,-0.839541,-3.5,1,0.43666,-0.84753,0.301698
17.05,14.8276,12.8746,0.959924,0,-4.5,1,-0.333935,-0.421587,0.843061
25.5659,-11.4497,6.70594,-0.184424,-0.314307,-2.70664,1,-0.172519,-0.937121,-0.303384
9.26894,16.3107,4.88025,0.26954,0,4.5,1,-0.482975,0.737965,-0.471319
8.62141,24.2834,0.80475,0.814385,0,-4.5,1,-0.388835,-0.0340133,0.920679
37.037,12.214,6.301,-0.131812,0,4.2,1,0.653319,-0.426769,-0.625333
28.1197,-2.49825,25.6938,-0.601305,-0.0623834,-3.4422,1,0.596009,0.158077,0.787264
29.018,17.3575,8.5315,0.27045,0,3.8,1,-0.230197,-0.830107,0.507869
28.73,14.749,5.222,-0.190603,0,-3.5,1,0.654159,-0.315824,0.687264
38.4975,0.16325,6.1505,-0.0821286,0,-1.3,1,0.668065,0.661624,0.340503
38.3048,18.2649,17.195,0.111537,0,-3.5,1,0.993264,0.0619312,0.0979301
43.5232,-3.846,10.4142,0.203257,0,-3.5,1,0.823746,0.564827,-0.0491242
12.6626,18.5888,-3.62875,-0.170091,0,-3.5,1,0.204145,0.318,-0.925851
35.1691,-2.4665,3.71425,-0.511409,0,-2.37264,0,0.604718,-0.0712614,-0.793245
41.2439,-3.93563,13.3727,0.97564,0.625122,-3.5,0,0.118315,0.60825,0.784878
23.943,-3.05538,26.9286,0.834556,0.611022,-3.38976,1,-0.851852,-0.241037,0.465027
15.5244,8.05544,7.16431,-0.0194528,0,-0.7,1,-0.414663,-0.197091,0.888375
32.3879,18.2655,21.9032,0.328716,0,-3.5,1,0.361156,0.465497,0.808009
41.6014,-0.893125,40.9855,1.91273,0,-3.5,0,0.314518,-0.176724,0.932656
28.756,2.31625,27.085,0.0818945,0,-3.2,0,0.280395,0.244751,0.928157
7.47019,24.5842,-4.3125,0.788245,0,-4.5,0,-0.279694,-0.254073,-0.925861
22.0539,-2.99119,6.81,0.172092,0,-2.99512,1,0.781604,-0.145664,-0.606528
27.0431,1.33487,18.5418,-0.290355,0,-0.15145,1,0.492647,0.603499,-0.626967
36.9278,14.745,15.9453,0.220199,0,-0.9,1,0.504632,-0.363592,0.783037
16.696,1.527,35.335,-1.88683,-0.00529356,-3.5,1,-0.993294,-0.113264,-0.0232218
30.8665,-12.6407,8.16138,0.0789259,0,3.52641,1,0.087836,-0.990641,0.104477
41.9798,17.5651,8.25256,-0.618471,0,-3.5,1,0.700111,0.492473,-0.517026
21.0375,0.916812,10.6703,-0.0618063,0,-3.5,1,0.19899,0.466912,0.861624
11.804,8.816,-1.966,-0.733252,-0.856555,-3.5,0,0.220361,-0.735497,-0.640692
32.8034,-1.15075,12.594,0.221318,0,3.23342,1,0.0662429,0.992011,-0.107355
33.9181,-8.62269,39.9541,-0.287969,0,-1.3,0,-0.754961,-0.520368,0.399063
36.7303,21.9468,6.15,-0.449137,0,3.8,1,-0.433576,0.88672,0.160436
41.5408,-2.31925,40.8834,0.518512,0,-3.5,0,0.366201,0.263864,0.892341
18.0035,11.4775,12.4175,0.718858,0.534543,-4.5,1,0.344324,0.172384,0.922889
25.0413,24.2706,16.4571,0.21708,-0.00234692,2.5358,1,0.649627,0.690511,0.318087
21.7119,25.8544,12.1031,0.05,0,3.8,1,-0.646104,0.743542,0.172323
27.7326,-14.0144,11.6623,-0.0491254,0,3.8,1,0.728044,-0.683256,-0.0557898
39.5734,19.1484,4.89012,-0.160876,0,3.8,1,0.788632,-0.571658,0.226421
39.0298,17.1755,11.2975,-0.392875,0,-3.5,1,0.375819,0.835524,0.400824
37.8908,-0.8505,38.7754,0.783913,0,-3.5,0,-0.902148,0.188708,0.387967
32.8274,-5.32056,1.54756,-0.265842,0,3.8,0,0.67408,0.290555,-0.679113
35.7658,-1.82187,37.9629,0.66778,0,-1.6,0,-0.552821,0.63821,0.535795
33.5322,-4.7435,31.531,0.0595676,0,1.46171,0,0.479305,-0.407285,-0.777422
37.7918,21.3699,8.91544,-0.560121,0,-0.975179,1,0.919062,0.392773,-0.0324822
34.4371,19.7969,7.20731,-0.173032,0,3.8,1,-0.433553,0.894818,-0.106448
22.4444,-0.49125,21.0387,0.0228641,0,-0.9,1,-0.928393,-0.334269,-0.16233
32.7827,-12.2017,8.3155,0.0426111,0,3.8,1,0.143318,-0.986468,0.0796265
34.8334,-9.06153,33.2993,-0.284058,0,-0.8,0,0.73994,-0.634967,-0.222051
11.0249,12.2746,4.2855,1.39676,0,-0.4,1,0.839844,0.219429,-0.4965
41.1707,12.2968,4.70762,0.838036,0,-3.9,1,0.352833,-0.487467,0.798677
23.3504,14.4218,14.8285,0.489424,0.504347,-4.5,1,0.75082,-0.621951,0.222367
31.5651,-2.9455,8.28487,0.186502,0,2.42724,1,-0.190044,0.784341,-0.590501
23.3555,24.6003,-0.795,0.274515,0,-3.5,1,-0.21014,-0.133946,-0.968452
19.736,23.1495,4.94975,0.0131126,0,2.09368,1,0.642321,0.205646,0.738331
31.2686,-9.98194,22.3001,-0.0806106,0,-4.5,1,0.751674,0.17413,-0.636133
10.6455,13.2767,2.2795,1.18719,0.22598,-3.5,1,0.832754,0.523233,0.180964
20.6122,23.4514,8.95994,-0.376203,0,-0.8,1,0.488151,0.718644,-0.495237
10.883,6.806,-2.228,-0.144998,0,3.8,0,0.358333,0.614984,-0.702419
33.5866,-11.1632,9.50125,0.164857,0,3.8,1,0.548846,-0.457186,0.699821
26.2215,7.51438,7.78153,0.0221001,0,4.2,1,0.593309,-0.504118,0.627574
13.8137,0.482125,7.402,-0.39209,0,-3.5,1,-0.801045,0.248644,0.54452
28.0346,-8.1645,3.2955,0.0381327,0,3.8,1,-0.800966,-0.442734,-0.40304
25.0803,4.31531,18.5506,0.249437,0,-0.9,1,0.0522267,0.959027,-0.278458
20.8507,-2.31938,12.6097,-0.916136,-0.023924,-3.5,1,0.457853,-0.00468691,0.889016
10.8211,12.2209,10.9491,0.88035,0.34322,0.336971,1,-0.0283644,-0.878214,0.477425
30.7411,13.4772,11.3757,0.213258,0,3.8,1,-0.820702,-0.56952,-0.045778
39.3148,0.876875,41.4528,-0.0566487,-0.665717,-3.5,0,-0.224687,-0.432972,0.872955
14.281,18.7526,4.08887,-0.265332,0,-2.03375,1,0.210287,-0.916354,-0.340697
20.4185,28.433,17.026,2.76664,0,-3.9,0,-0.476007,0.347068,-0.80806
36.243,-5.219,17.88,-1.01382,-0.380079,-3.5,1,0.213477,0.713498,0.667344
22.5259,3.10475,17.4834,0.239232,0,-0.9,1,-0.773097,0.58544,-0.244091
16.6544,-7.23875,8.64375,0.0667043,0,-0.787846,1,-0.133784,-0.984256,-0.115504
22.1006,1.88,17.2839,0.217286,0,-0.9,1,-0.602343,0.276251,-0.748911
12.4272,8.65662,1.409,0.790322,0,-2.78309,0,0.860364,-0.255963,-0.440746
26.695,18.8904,13.8358,0.375856,0,-4.5,1,-0.113496,-0.680523,-0.723883
20.3137,21.1467,17.3993,0.754439,0,1.8,1,-0.733648,0.545644,0.405011
32.6617,21.5982,16.976,0.297714,0,-4.5,1,0.245025,0.686021,0.685083
29.9702,-3.05728,36.6556,-0.10091,0,1.8,1,0.0756208,-0.273761,0.95882
41.5228,14.2087,0.599125,2.59012,0.0671555,-3.9,0,0.35858,0.484934,-0.797659
31.7774,-9.27981,33.9836,-0.319898,0,-0.8,0,-0.792348,-0.589483,0.157146
38.8679,-7.28156,17.75,0.606953,0,-3.5,1,0.587235,-0.434112,0.683156
25.3969,-7.19831,31.1564,-0.0427719,0.276737,-1.029,1,-0.446132,-0.869955,0.210103
17.4695,-3.36375,5.1175,-0.594987,-0.433337,-1.94546,1,-0.649389,-0.36593,-0.666625
21.9258,-5.02887,13.3595,-0.935697,-0.149254,2.7363,1,-0.698205,0.399798,0.593861
12.284,20.5656,3.45038,0.32828,-0.114683,-3.5,1,-0.855529,0.0323048,0.516747
32.6231,13.4109,8.16781,0.165659,0,3.8,1,-0.607495,-0.691107,-0.391563
24.1362,-11.2228,16.6517,0.34688,0,1.9,1,-0.899948,-0.359275,0.247012
8.42175,5.7175,-3.08812,-0.122244,0,3.8,0,-0.64028,0.360955,-0.678051
5.18925,13.0501,6.98006,0.656562,0,-3.9,1,-0.592083,-0.747434,0.301298
27.3544,17.2292,7.08056,-0.0398335,0,3.8,1,0.187191,-0.981973,0.0262396
16.5726,23.0217,7.97419,-0.0497221,-0.123636,-1.58302,1,-0.573359,0.555078,0.602617
19.9304,-3.58063,13.0756,-1.50263,-0.613124,-3.5,1,0.357797,-0.516723,0.777803
25.3474,2.26606,22.1799,-0.379755,0,-1.90837,1,-0.420928,0.90459,0.0673531
37.408,12.022,14.268,-0.630389,0,-0.9,1,0.0189525,-0.519348,0.854353
8.32719,27.9238,-0.522563,0.764715,0,-4.5,1,0.0115982,0.92435,0.38137
26.0122,-8.72881,20.6531,0.216083,0,-4.5,1,-0.806029,-0.581519,-0.110239
29.648,17.2565,3.0915,-0.478657,0,-2.60769,1,0.879888,-0.448411,-0.15724
21.4944,10.2192,0.228375,-0.0485027,0.267126,-4.5,1,0.805692,-0.0920348,-0.585141
9.47981,19.0771,-2.74288,-0.0538812,0,-0.213431,1,-0.389564,0.40758,-0.825905
28.8751,14.4971,0.987125,-0.266312,0.668967,-4.316,1,0.776118,0.131775,0.616665
11.8204,12.4929,12.4315,0.861352,0,1.8,1,-0.0145801,-0.848352,0.529232
21.0129,12.6795,11.5218,0.692679,0,-4.5,1,0.500569,-0.861507,-0.0850657
39.1819,13.6141,10.8769,-0.387785,0,-0.9,1,0.550594,-0.44103,-0.708758
12.9712,1.68075,3.26463,-1.0634,0,-3.5,1,-0.250923,0.113287,-0.961355
12.6159,4.92625,4.27069,-1.59435,-0.731896,3.8,0,0.51649,-0.30448,0.800331
27.9805,-4.63628,29.381,-0.336928,-0.0608037,-3.5,0,0.925467,0.260122,0.275403
24.6389,-3.872,17.6934,-0.105064,0,2.8,1,-0.993292,0.114066,-0.0189848
25.6255,-9.152,4.452,-0.378475,-0.349646,-2.82628,1,0.382106,-0.204445,-0.90122
30.7849,17.2284,-1.81225,0.417767,0,-4.5,0,0.614258,0.740525,-0.272598
29.3248,18.5643,11.298,0.516834,0,-4.5,1,-0.243727,-0.956198,-0.162118
30.9141,13.8412,8.26925,-0.0315816,0,3.8,1,-0.470942,-0.690188,-0.549413
15.4384,-3.28981,6.46819,0.168195,0,-1.6,1,-0.619366,-0.228812,-0.75102
8.818,22.9709,-2.86531,0.390792,0.125664,-4.5,1,-0.32349,-0.729217,-0.60299
39.7858,21.4065,4.69788,-0.227508,0,3.8,0,0.855989,0.51284,-0.0654054
25.2804,16.2482,20.0431,-0.297884,0,-1.6,1,-0.625164,-0.230294,0.745744
5.85038,16.4583,0.43775,0.55481,0.101201,2.70085,1,-0.830142,0.224275,0.510456
27.5926,11.2886,4.98712,-1.57398,-0.85274,-3.5,1,0.521204,-0.0107068,0.853365
38.9183,-1.25013,6.32487,0.0611124,0,-1.3,1,0.972552,0.159196,-0.169705
32.8376,23.0056,14.7566,0.0648097,0,-4.5,1,0.485866,0.873483,0.0310295
34.4989,-4.06987,32.3121,0.385607,0,1.8,0,0.773068,0.0489033,-0.632435
20.2908,20.6533,18.5173,0.293921,0,1.8,1,-0.728062,0.493117,0.476195
34.0316,-9.274,38.3732,0.0651773,0,-1.3,0,-0.443258,-0.871877,-0.208214
31.3563,-12.884,9.49575,-0.0156892,0,3.8,1,0.023135,-0.999731,-0.00147212
39.8071,2.98638,37.7313,0.878967,0.336143,-3.5,0,-0.203763,0.310886,-0.928348
30.6269,-10.714,17.057,-0.193434,0,3.8,1,-0.00490876,-0.825186,0.564839
26.3015,19.4279,11.3425,0.78178,0.802143,-4.5,1,0.0849061,-0.983406,0.160325
28.9386,0.984375,27.1779,0.90742,0.32896,-3.2,0,0.615807,-0.256084,0.745119
13.2078,2.0415,6.34225,-0.548293,0,-3.5,1,-0.586136,0.552908,0.59223
22.2059,25.6046,4.10638,-1.43531,-0.226937,-3.5,1,0.27164,0.678743,0.68229
25.8526,7.77437,5.1825,-0.201591,0,4.2,1,0.541317,-0.287048,-0.790304
34.2842,20.5452,4.57812,-0.252531,0,3.8,1,-0.729869,0.679254,0.0768463
38.7733,10.5306,12.9688,-0.474276,0,-0.9,1,0.341612,-0.68329,0.645303
36.9268,-3.0575,34.2653,0.328363,0,-1.6,0,0.270662,-0.200764,-0.941507
29.8695,-0.105,20.7925,0.0628577,0,3.8,1,0.306672,0.944207,-0.120105
14.005,22.6305,-0.65125,1.43821,0.489857,-4.5,1,0.803071,0.332023,-0.494812
10.9255,16.0216,0.642563,-0.342547,0,3.8,1,0.731506,0.141863,0.666914
5.48025,15.5581,1.846,0.407229,0,-3.9,1,-0.73801,0.619548,-0.267399
18.6999,3.88738,4.268,-0.137777,0,-1.93867,1,-0.150705,0.066452,-0.986343
24.1222,0.252688,16.9569,-0.171748,0,-0.9,1,-0.407713,-0.273893,-0.871064
24.1819,-5.43162,32.4216,0.282697,0,1.9,1,-0.748879,-0.11569,-0.65253
36.213,-0.6475,2.77775,-0.702958,0,-1.3,0,0.16495,-0.549698,-0.818916
11.4698,0.38375,5.897,-1.88386,-0.250095,-3.5,0,-0.745699,-0.0398924,0.665088
26.064,-0.459,33.366,0.095081,0,1.8,1,0.402898,0.760592,0.50909
43.2743,1.80375,40.3409,4.52639,0,-3.5,0,0.582253,0.567358,0.582311
13.6877,11.7481,0.105375,0.344934,0,-3.5,1,0.862711,-0.049068,0.50331
17.787,17.9095,1.37137,-0.423723,0.725981,-0.8,1,0.0799965,-0.864912,0.495507
20.1583,-2.85325,0.151375,0.0661061,0,-4.5,1,-0.70879,0.139826,-0.691423
23.6173,16.8931,11.2785,0.51053,-0.443564,-0.8,1,0.946432,-0.183747,0.265525
28.944,23.049,13.35,0.739094,0,-4.5,1,-0.225642,0.820985,0.524471
15.0244,16.3057,-2.75137,-0.822078,0,-3.5,0,0.246981,-0.448284,-0.859093
23.8857,-5.9925,16.0236,-0.238929,0,2.8,1,-0.796388,0.0169336,0.604548
34.1155,-2.42294,35.5214,0.27808,0,-1.6,0,-0.546499,0.742691,0.386975
21.8624,-9.05762,11.7388,-0.19235,-0.0677159,3.8,1,-0.99187,-0.124183,-0.0278007
36.0965,-5.57125,3.3145,0.0866971,0,-3.49789,0,0.534727,0.606694,-0.588209
28.3346,-3.90925,31.3775,-1.03957,-0.0818001,1.8,1,0.642953,0.0127012,-0.7658
27.0219,16.6155,-1.82438,0.42645,0,-4.5,1,-0.733204,-0.149213,-0.663436
33.0094,14.3368,16.6596,-0.010868,-0.0951361,1.60344,1,0.448616,-0.890866,-0.0714196
16.9775,8.80737,-2.32225,-0.171328,0,-4.5,0,-0.755646,0.353189,-0.551595
24.3011,17.3799,13.3336,0.182514,-0.0770649,1.44501,1,0.657763,-0.48669,-0.574874
6.033,12.527,10.3888,0.183306,0,4.5,0,-0.514876,-0.449862,0.729744
28.7136,-9.43437,19.2045,0.0493559,0,-4.5,1,0.104776,-0.993553,0.0432871
33.8299,-5.12612,39.3009,0.405976,0.100682,-1.3,0,-0.705562,0.630302,0.323886
36.2381,-6.78306,2.36044,-0.121295,0,-3.5,1,-0.173819,0.387921,-0.905154
13.9703,23.633,2.82225,0.641874,0,-3.5,1,-0.538629,0.677687,-0.500618
27.7676,13.5248,0.446312,-1.01884,-0.681301,-3.73182,1,-0.745183,-0.169802,-0.64488
29.0452,-3.63862,1.58512,-0.105138,0,3.8,1,0.0350414,0.950666,-0.308231
17.0156,-1.39119,22.0916,0.795682,0,-4.5,1,-0.0399663,-0.193761,-0.980234
13.5866,0.451875,9.9835,-0.429826,0,-3.5,1,-0.783526,0.58725,-0.203036
35.5501,14.4566,16.0123,0.498286,0,-0.9,1,-0.0795457,-0.745013,0.66229
29.7355,-13.6322,5.97913,0.127172,0,-1.6,1,0.00691615,-0.975482,0.21997
21.0085,-3.64525,24.1597,0.112544,0,-3.70147,1,-0.854486,-0.437851,0.279535
29.5582,20.5251,9.23162,0.118312,0,-3.3441,1,-0.158296,0.952317,-0.260834
27.2964,19.3606,-0.904688,0.117585,0,-4.5,1,0.0200662,0.305099,-0.952109
17.2056,6.80219,-0.978625,1.21243,0.278864,-4.5,1,-0.468652,-0.880289,0.0738749
37.7682,19.4881,13.695,-0.638982,0,-3.5,1,0.742061,0.67001,0.0207679
25.508,0.486,15.926,-0.0582781,0,2.8,1,-0.423365,0.865696,-0.267081
7.73219,22.7995,-1.03369,1.0653,0.280679,-4.5,1,-0.605574,-0.795783,-0.00288912
33.558,18.6274,21.3125,-0.592501,-0.0149704,-2.53795,1,-0.00691469,0.573286,0.819326
41.1763,1.75087,37.0861,0.821482,0,-3.5,0,0.283172,0.331467,-0.899969
22.1999,11.637,8.82481,-0.518182,0,-4.5,1,0.242894,0.093019,0.965583
24.1864,2.84875,29.3547,0.411894,0,-3.5,1,0.95948,0.0772449,0.270984
38.7467,-1.09269,4.75537,-0.14063,0,-1.3,0,0.872446,-0.339101,-0.351921
37.9603,1.315,40.824,-0.24182,-0.371146,-3.5,0,-0.867067,-0.33729,0.366649
39.1207,1.45069,37.1637,0.609219,0,-3.5,0,-0.114525,0.49584,-0.860829
5.00306,14.6735,-2.17488,-0.0287812,0,3.8,0,-0.634314,-0.760357,0.139656
38.0971,12.2182,9.5865,-0.256119,0,3.05438,1,0.862197,-0.235258,-0.44863
29.7092,17.3465,21.9263,1.07887,0.538504,4.2,1,-0.189888,-0.206449,0.959855
16.409,0.256687,22.6333,0.419993,0,-4.5,1,-0.00667964,0.672437,-0.740124
16.662,17.0322,5.466,-1.24124,-0.364053,4.5,1,-0.20276,-0.0152141,-0.97911
36.27,-11.977,4.378,-0.374047,0,3.8,1,0.0237138,-0.488511,-0.872235
15.7929,-1.46069,12.3039,-0.499537,0,-3.5,1,0.191867,-0.195947,0.961661
13.5893,0.0985625,22.761,0.591015,0,-4.5,0,-0.730778,0.43875,-0.522936
28.1886,22.7197,-0.596875,-0.619729,0,-0.4,1,0.813429,0.407212,-0.415346
8.78019,8.34706,-0.948687,-0.293359,0,-3.5,1,-0.225157,0.131026,-0.965472
36.0335,-3.21237,5.01788,-0.488098,0,-1.4482,0,0.546033,-0.174512,-0.819386
31.5195,-7.04913,34.7821,-0.977955,-0.597035,-1.13327,1,-0.932799,-0.244481,0.264793
27.3661,3.16913,26.7006,-0.508213,0,-3.2,0,-0.0241347,0.542795,0.839518
30.4734,18.6498,4.47281,-0.504274,0,3.8,1,0.177359,0.471666,-0.863757
13.6318,23.2623,0.636375,1.0649,0.452949,-4.5,1,0.414561,0.904375,0.101221
26.1849,-7.54262,26.634,0.640616,0.75158,-3.5,1,0.0753934,-0.883699,-0.461944
23.1065,3.02387,9.84387,0.0584823,0,3.8,1,0.469192,0.272302,0.840066
7.84622,3.97141,-1.03269,-0.134121,0,3.8,0,-0.986939,-0.12798,-0.0978439
42.2196,-7.50225,6.12813,-0.210507,0,-3.5,0,0.873517,0.242487,-0.4221
26.7763,-9.55962,21.0661,0.392042,0,-4.5,1,-0.487252,-0.85821,-0.161436
12.7425,16.6084,11.6304,0.325821,-0.133784,1.8,1,0.196662,0.684345,0.702137
23.3869,-3.96419,20.8129,0.209322,0,-1.75413,1,-0.938596,-0.0941449,-0.331926
7.37238,6.40156,-0.08575,0.327299,0,2.45048,1,-0.713199,-0.569482,-0.408701
20.7048,15.7402,-0.71175,-1.12152,0,-3.5,1,-0.12973,0.75762,-0.639673
29.2351,-0.268375,13.8913,-0.0756432,0,3.8,1,-0.0100536,0.998643,0.0511069
33.0239,20.2174,7.89319,-0.388134,0,3.8,1,0.356812,0.790347,-0.498033
21.2502,10.9746,-1.0355,0.177837,0.610488,-4.5,1,0.916859,-0.0931197,-0.388199
18.1045,3.3235,10.0785,0.590422,0,3.53465,1,0.330603,-0.14694,0.932261
14.0075,11.991,6.52812,0.703034,0,4.13874,1,0.35157,-0.301528,-0.886273
9.52962,25.1667,-3.05975,0.059343,0,-4.5,0,0.543782,0.563255,-0.622129
38.9446,-2.55869,8.60406,0.254252,0,-3.5,1,0.320395,0.785771,0.529067
40.3645,11.4138,1.39531,2.32333,0,-3.9,0,-0.175698,-0.859379,-0.480205
20.9757,9.7385,-2.2325,0.114921,0,-4.5,1,0.86776,-0.20565,-0.452439
31.0255,0.134,15.8645,0.0876902,0,4.2,1,0.123681,0.932055,-0.340554
34.7711,21.3171,15.4553,0.0718386,0,-4.5,1,0.543688,0.702917,0.458597
35.361,21.611,8.1725,-0.626218,0,-1.19283,1,-0.502531,0.518676,-0.691692
39.0587,-9.33256,8.65425,0.416714,0,-3.5,1,0.184555,-0.507743,0.841509
11.6444,17.6974,10.8509,0.0663707,0,1.8,1,-0.11471,0.637503,0.76186
38.9548,-3.631,41.4207,-0.138261,0,-0.8,0,-0.449939,0.315154,0.835603
23.4568,-0.763875,34.2674,-0.747841,-0.892022,1.9,1,0.0937612,0.485307,0.869302
11.9493,10.7326,2.66825,1.38581,0.461025,-0.0607618,1,0.777621,0.504926,0.37464
35.8584,19.9731,20.1566,-0.308342,-0.123225,-3.5,1,0.0363598,0.91625,0.398954
19.7149,28.0037,18.9312,2.22319,0.350166,-3.9,0,-0.904164,0.0285017,0.426234
15.5246,25.0627,2.99931,0.334034,0.0583245,-0.198053,1,-0.415705,0.418347,-0.807574
34.6039,13.7437,-0.31275,-0.556093,0,-0.8,0,0.0119298,-0.805587,-0.592358
15.795,0.188375,11.9496,-0.290002,0,-3.5,1,0.169792,0.479663,0.860868
10.1679,12.9493,12.2261,0.963373,0,1.8,1,-0.328918,-0.787617,0.52103
23.8417,1.33031,21.7908,-0.385824,0,-1.54549,1,-0.654554,0.75092,0.0876253
34.8434,-2.1885,34.321,0.33032,0,0.448713,0,0.0879108,0.816072,-0.571226
32.9579,-1.42425,3.98375,-0.163222,0,-1.3,1,-0.710243,0.506864,-0.488512
28.1472,-0.128125,12.4932,0.00832207,0,3.48331,1,-0.303001,0.95001,-0.0753049
31.4611,22.45,19.7411,-0.060939,0,4.2,1,0.248776,0.796914,-0.550489
21.8813,29.5723,17.2644,2.28385,0.808654,-3.9,0,0.300289,0.857916,-0.416901
21.6649,-8.29994,13.6392,0.00635776,0,1.9,1,-0.920865,-0.0924148,0.378771
28.9675,1.0165,17.5952,0.0194722,0,4.2,1,0.0608399,0.997767,0.027569
40.5556,-10.0295,8.23038,0.271245,0,-3.5,1,-0.24543,-0.813001,0.528009
40.9746,-1.35012,36.9359,0.746845,0,-2.59407,0,0.585685,0.01263,-0.81044
32.7354,21.7224,20.6289,-0.0948001,0,4.2,1,0.809828,0.56733,-0.149381
39.0817,-5.41375,39.3895,-0.5759,0,-0.8,0,0.143918,-0.922535,-0.358075
29.5499,15.5384,4.69231,-0.384549,0,3.8,1,0.590445,-0.665001,-0.457327
12.5734,21.0527,9.896,0.109838,0,-0.7,0,-0.400232,0.615211,0.679212
22.5417,3.67475,26.0595,-0.147648,-0.0551421,-3.5,1,-0.297392,0.273679,-0.91469
38.2774,-3.72362,35.3291,0.182543,-0.130169,-1.6,0,0.388262,-0.510297,-0.767365
33.8277,14.7487,15.6679,0.383872,0,2.99723,1,0.0491381,-0.974451,0.21916
11.9043,-2.21362,11.0129,-1.8032,-0.366076,-3.5,0,-0.99274,-0.105505,0.0577653
31.4875,12.7583,12.3842,0.188175,0,3.8,1,-0.408185,-0.823796,0.393377
18.88,19.978,17.0294,0.311558,0,1.8,1,-0.893127,0.267186,0.361851
40.0337,3.1675,41.7045,-0.451093,-0.290723,-3.5,0,0.627862,0.287755,0.723178
30.7493,20.6365,17.5487,0.178588,0,-4.5,1,-0.418935,0.907791,0.020216
34.5671,14.7701,17.1504,-1.18435,-0.594666,-3.5,1,0.396234,-0.904609,0.157103
24.3498,-2.91175,15.792,-0.447771,0,2.8,1,-0.969647,0.179113,0.166444
24.8978,2.02262,27.6989,0.38247,0,-3.2,1,0.717324,0.482051,0.503064
23.6139,26.3312,13.3097,0.139313,0,3.8,0,-0.156397,0.875484,0.457239
29.5324,21.0678,19.1019,-0.0314752,0,4.2,1,-0.332614,0.718173,-0.611225
14.6255,-2.04756,6.27913,-0.61313,0,-1.6,1,-0.450761,-0.775923,-0.441313
33.3364,-9.20094,17.3131,-0.878958,0,3.8,1,0.840445,-0.524693,-0.135461
14.5869,21.361,-0.474,0.88104,0.0454459,-4.5,1,0.428002,0.269989,-0.862508
32.1618,-5.48519,31.4172,-0.136588,0,0.94102,0,-0.0159407,-0.373414,-0.927528
18.0863,13.8084,12.9929,1.63753,0.549493,-4.5,1,-0.473265,-0.346173,0.810052
17.4667,24.343,7.94625,0.176695,0.065706,-0.8,1,-0.508284,0.84567,-0.162758
33.1764,-3.88906,19.1354,-0.172591,0,-3.5,1,0.538215,0.700994,0.467901
25.9193,-7.8625,17.5974,-0.32079,0,1.9,1,-0.95849,-0.0719955,0.275885
17.2911,3.95731,10.9513,0.314098,0,1.8,1,0.409779,-0.369967,0.83379
14.7043,24.0421,6.88375,-0.138053,-0.396919,-3.5,1,-0.361344,0.370208,0.85579
15.7139,21.4527,12.5344,0.655103,0.0648876,-3.5,1,-0.748246,-0.25307,0.613257
39.417,18.9815,9.92869,-0.305659,0,-3.5,1,0.411837,0.829902,0.376368
22.9317,29.4992,-0.458187,-2.21068,-0.406683,-3.5,0,-0.725303,0.668999,-0.162406
24.7811,-4.62756,18.6929,-0.332193,-0.115353,1.65612,1,-0.968565,-0.23935,-0.0677695
40.4896,-9.79531,4.01213,-1.28136,-0.522378,-3.5,1,0.859929,-0.406682,-0.308434
38.6771,-5.10228,14.6501,0.356929,0,-3.5,1,0.898437,0.21592,0.382348
28.0248,14.2381,-0.685125,-0.113372,0,-4.5,1,-0.863005,-0.47178,-0.180682
32.5947,-4.21944,36.7434,-0.370536,-0.374101,1.36383,0,-0.128678,0.497271,0.858
5.71244,6.78438,1.15331,-0.481111,0,-3.5,1,-0.284528,-0.945873,-0.156105
35.5121,-7.85187,33.0351,0.0926337,0,-0.8,0,0.778763,-0.35508,-0.517152
9.35063,19.4123,-0.44375,0.98796,0.0820997,3.8,1,-0.499989,0.745346,0.440988
40.3421,4.75938,38.9824,0.875381,0,-3.5,0,0.386527,0.820846,-0.420487
30.3287,14.5669,20.2726,0.402713,0,-3.32428,1,-0.151224,-0.979296,-0.134577
21.3652,22.5596,-0.515875,-0.563661,-0.593037,1.9,1,0.392029,-0.385432,-0.835317
25.0346,-9.40263,37.3545,0.0747469,0,1.9,0,-0.259503,-0.744658,0.614933
33.1792,14.403,18.939,-0.00838719,-0.000868427,-3.5,1,0.0999588,-0.982957,-0.154286
10.6737,20.4511,-3.569,-1.68409,-0.191897,-4.5,1,-0.351886,0.0267251,-0.935661
20.8064,19.9996,0.33775,-0.299748,0,1.33271,1,0.449541,0.0480516,-0.891966
32.7789,13.6287,13.6279,0.38177,0,3.8,1,-0.0618005,-0.794622,0.603951
38.6548,-8.96663,41.5751,0.155262,0.00491783,-1.3,0,0.921475,-0.260337,-0.288287
23.1866,-7.8415,25.8162,-0.541698,0,-3.5,1,0.207731,-0.853637,0.477652
12.2985,19.7585,10.4657,0.104066,0,-0.7,0,-0.344142,0.128504,0.930082
16.3123,7.16194,3.43438,0.15096,0,-0.7,1,-0.128384,-0.405189,-0.905174
18.7201,-0.638625,29.0389,-1.26259,-0.736841,-3.5,1,-0.760041,-0.526058,-0.381576
23.6877,-7.073,20.8873,0.0172295,0,-3.5,1,-0.189656,-0.686975,-0.701495
29.7581,-11.9876,13.1697,-0.0684964,0,3.8,1,0.281465,-0.903964,0.32191
36.8512,-8.47806,38.2365,-0.158708,0,-1.3,0,0.798958,-0.262309,-0.541165
5.44387,15.9122,10.0464,0.202933,0,4.5,1,-0.701914,0.696813,0.147542
37.4449,20.4679,19.0085,0.0399099,0,-3.5,1,0.392167,0.878569,0.272619
20.8997,21.8677,6.98744,-0.250579,0,0.558427,1,0.400964,0.862241,-0.309463
39.9741,12.6873,0.201,2.69746,0.201631,-3.9,0,-0.29897,-0.102792,-0.94871
14.7071,1.79975,9.2635,-0.273143,0,-2.73275,1,-0.95285,0.296131,0.0662096
19.3167,-7.2215,9.63125,0.121386,0,-0.7,1,-0.1458,-0.751285,0.643672
35.1638,-0.969,36.3225,0.212436,0,-1.6,0,-0.66435,0.72454,0.183525
25.9976,-8.41963,29.911,0.635603,0.516939,-3.5,1,0.0269755,-0.859177,0.510966
33.3963,0.361,4.11256,0.0627819,0,-1.3,1,-0.76455,0.533429,-0.361824
14.4681,4.31781,8.69109,-0.105186,0,1.8,0,-0.907738,0.373561,-0.190958
14.4253,12.7504,-2.09925,0.164275,0.100156,-3.5,0,0.878369,0.0213754,-0.477506
42.5322,15.6523,11.2506,-2.13728,-0.367459,-3.5,0,0.466644,-0.553577,0.68978
15.1034,4.45244,7.18019,-0.275866,0,1.8,1,-0.955361,0.212579,-0.205172
32.3483,22.4541,12.6741,0.0404218,0,-4.5,0,0.0395546,0.815441,-0.577487
37.6286,-6.12138,42.7345,-0.192457,-0.123957,-1.3,0,0.399455,0.616076,0.678886
11.3954,16.9303,-3.27731,-0.45854,0,-3.5,1,0.0192687,-0.147235,-0.988914
28.6733,22.5098,21.4384,-0.0262169,0,4.2,0,-0.247027,0.961575,-0.119798
20.137,27.391,2.27912,0.0865369,0,1.9,1,0.43628,0.755748,-0.48837
21.197,18.9854,19.711,-0.00666014,-0.348762,1.8,1,-0.299301,-0.00261816,0.954155
42.3787,14.8859,8.38831,-2.38433,-0.708615,-3.5,1,0.41239,-0.577946,-0.704211
19.5945,1.8645,25.6744,1.2576,0.941797,-4.5,1,-0.585662,0.716338,-0.37929
23.9154,8.90713,3.9405,-0.29938,0,3.60615,1,0.647964,-0.231484,-0.725643
18.81,25.7693,0.73575,0.199185,0,1.9,1,-0.216402,0.493364,-0.842474
18.397,18.523,-1.291,-1.52071,-0.830639,-0.8,1,0.54931,-0.416063,-0.724673
22.6505,-2.72213,-1.25119,0.447242,0.0172552,-4.5,1,0.287951,0.247834,-0.92502
23.996,-6.84975,36.7352,-0.463168,0,1.9,0,-0.637541,0.218062,0.738912
26.6616,18.7821,10.2141,0.57655,0,3.8,1,-0.0966016,-0.736385,0.669631
30.6752,-8.26625,22.7402,0.39846,0,-4.5,1,0.918062,0.383652,-0.0998659
9.1825,13.6272,11.8604,1.09962,0,3.98889,1,-0.697998,-0.327805,0.636666
25.4824,14.5669,16.1926,0.705154,0,-1.6,1,-0.285338,-0.810077,-0.512208
23.9686,-7.13825,5.5135,-0.283383,-0.0551269,-3.5,1,-0.0545022,0.900148,-0.432161
31.8328,-3.38756,19.602,0.199148,0,3.25439,1,0.785494,0.53259,0.315195
12.6469,18.1092,3.95425,-0.0481286,0,1.10022,1,0.581794,-0.450461,-0.677201
13.9375,25.7324,4.96238,0.267707,0.000846639,-3.5,1,-0.687399,0.72628,0.000581854
24.6749,1.15688,32.0576,0.495353,0,1.8,1,0.365528,0.83769,0.405789
31.591,-10.4443,17.9408,-0.215364,0,3.8,1,0.012029,-0.84292,0.537904
26.0365,9.93087,4.4805,-0.69667,0,4.2,1,0.185577,-0.52678,-0.829496
3.67425,12.9308,4.0605,0.565537,0,-3.9,1,-0.844096,-0.496213,-0.203162
34.275,22.4009,12.5686,-0.636878,0,-3.5,1,-0.28253,0.895505,0.343871
12.3595,18.6222,4.8305,0.140608,0,4.5,1,-0.784202,0.595078,-0.175809
9.6775,17.628,-3.0635,-0.207262,0,3.8,1,0.118925,0.147377,-0.981905
19.0068,18.5199,17.1596,0.362141,0,1.8,1,-0.905343,-0.341721,0.252153
33.707,13.9301,3.61606,-1.50434,-0.0202298,0.485847,1,-0.314311,-0.946064,-0.0785565
34.4632,-4.55837,18.6176,-0.732678,-0.164229,-3.5,1,0.554834,0.638995,0.53277
36.7207,13.9543,1.75819,-0.0744125,0,-2.35077,1,-0.206371,-0.960931,0.184454
21.3905,2.631,25.9851,0.520144,0,-4.09394,1,-0.223741,0.56821,-0.791882
23.6655,-11.0351,4.65825,0.366115,0,-3.5,0,0.293522,-0.768463,-0.568604
23.1092,-1.7595,20.397,0.233494,0,-0.9,1,-0.935296,-0.351218,0.0432096
39.922,-2.662,9.115,0.177049,0,-3.5,1,-0.0655684,0.958843,0.276262
36.1842,20.3412,2.08994,-1.11307,-0.741168,3.8,1,-0.272879,0.718471,-0.639794
19.7536,14.9555,2.28837,-0.494073,0,-3.5,1,-0.920928,0.340785,-0.189098
31.646,0.244875,22.6685,0.039541,0,3.8,0,0.328441,0.93159,0.155779
29.761,-1.07581,10.1947,-0.0036987,0,3.8,1,-0.33053,0.732814,-0.594755
4.6825,16.4286,5.92537,1.69148,0.0543331,-3.9,1,0.0433113,0.949359,0.311195
12.4899,12.043,1.868,0.674617,0,-3.5,1,0.664622,0.439717,0.604092
25.0537,22.34,2.53125,-0.386954,-0.12886,2.7289,1,0.383785,0.418619,0.823084
38.5924,-3.68425,13.9832,0.281225,0,-3.5,1,0.716114,0.0765665,0.693771
43.2347,-7.90625,8.51025,-0.0580371,0,-3.5,0,0.873587,0.321741,-0.36514
30.14,-6.862,24.732,0.1864,0,-4.5,1,0.692074,0.686022,0.224517
26.4347,22.5115,2.17088,-0.342394,0,-0.901258,1,0.238594,0.234688,0.942335
17.8407,7.56969,2.50612,0.334619,0,-4.5,1,-0.637107,-0.63303,-0.439736
15.6621,26.2009,5.078,-0.390458,0,1.12467,1,-0.250178,0.897957,0.362056
21.0309,4.38219,26.9361,0.212907,0,-3.5,1,-0.488361,0.654094,-0.577637
42.0141,-10.755,5.38912,-2.13426,-0.177884,-3.5,0,0.221217,-0.803949,-0.552023
9.354,20.0105,-1.565,0.260066,0,-2.03628,1,-0.956129,0.271528,-0.109956
37.289,-0.511625,37.2718,0.574873,0,-1.6,0,-0.680817,0.56136,0.470492
5.15863,14.0883,1.268,0.200187,0,-3.9,1,-0.890571,0.0238832,-0.454218
33.7419,-1.75262,16.3611,0.110248,0,3.6658,1,0.59824,0.487237,0.636167
24.0655,12.787,1.68125,-0.566756,0,-3.5,1,0.573461,-0.504664,-0.645335
38.0392,16.6292,17.3224,0.0739442,0,-3.5,0,0.711244,-0.68792,0.144564
23.166,25.963,14.815,0.25967,0,-0.0199834,0,0.190577,0.93117,-0.310811
36.1188,-12.7729,8.53194,-0.0188289,0,3.8,1,0.163586,-0.812218,0.559947
20.5169,-1.36762,28.8722,-0.953435,0,-3.5,1,-0.295288,-0.949751,-0.103813
17.0121,10.2604,0.336625,1.05075,0.416248,-4.5,1,-0.873399,0.486837,-0.012791
25.6957,12.819,6.58275,0.303919,0,4.03576,1,0.883937,0.0184578,0.467241
28.4639,-6.15063,28.1764,0.44751,0,-3.5,0,0.937316,-0.298143,0.180417
6.28494,17.791,0.205125,0.435919,0,3.8,1,-0.49889,0.23855,0.833188
40.0947,-3.26169,10.5521,0.584073,0,-3.5,1,-0.249071,0.965175,-0.0800115
27.1413,-0.0729375,13.0147,0.0596924,0,2.8,1,0.0390626,0.95771,-0.28507
20.1664,-5.08569,2.6445,0.410715,0.156454,-4.5,1,-0.776962,-0.621056,-0.103047
22.5123,12.6996,-1.23563,-1.40246,0,-3.5,0,0.536747,-0.777105,-0.328648
24.3415,0.516,33.5035,0.219236,0,1.8,1,0.385112,0.663645,0.641299
31.0987,-3.237,36.5597,-0.590568,-0.283692,1.8,0,0.171585,0.177546,0.969039
21.4947,29.5217,18.9931,3.10384,0,-3.9,0,-0.118905,0.924187,0.362961
39.8553,-0.25175,15.4572,3.01817,0.235648,-3.9,1,0.874312,-0.18189,0.449994
24.9101,-14.7456,11.8924,-0.0721714,0,3.8,1,-0.376554,-0.799808,0.467454
32.8882,13.5379,21.5497,-0.981315,0,-3.5,1,0.0873554,-0.958272,-0.272185
31.8318,-0.45,9.77812,0.0189608,0,3.8,1,0.138708,0.868831,-0.475283
35.2705,-6.01606,32.6576,0.486478,0,0.3509,0,0.744447,0.117038,-0.657344
20.9955,21.9132,18.4391,0.52919,0,-2.73793,1,-0.89578,0.165281,0.412625
24.2512,0.308875,9.289,0.00425923,0,3.8,1,0.874795,0.365725,0.317771
37.8182,-2.45706,5.03044,-0.616361,-0.152793,-1.3,0,0.386224,-0.290094,-0.875601
32.8032,-12.114,4.3985,0.0553698,0,-1.6,1,0.580429,-0.643649,-0.498817
37.8753,-0.742406,11.4447,0.821863,0,-3.9,1,0.379069,0.181614,-0.907372
29.5941,-4.09312,2.90925,-0.0757216,0,3.8,1,0.181642,0.983289,0.0122042
31.6403,-8.66663,31.5964,0.707682,-0.0991981,-0.8,0,-0.749736,-0.307499,-0.585952
12.9205,11.9929,11.6894,1.70063,0.572209,-0.7,1,-0.31367,-0.615413,0.723103
33.2801,12.9471,7.11163,-0.136464,0,4.2,1,-0.930216,-0.331431,-0.157641
35.1488,-0.624687,15.2559,0.396021,0,-3.9,1,-0.206684,0.752646,0.625144
29.3546,-1.52887,37.0793,0.0654889,0,1.8,0,0.150049,0.332312,0.931158
6.99563,23.6791,-0.120812,1.53571,0.809306,-4.5,1,-0.724736,-0.366902,0.583216
35.7282,22.1241,5.0525,-0.315532,0,3.8,1,-0.414422,0.904407,0.101502
39.7456,16.8039,2.437,-0.0796041,0,-3.9,1,0.86576,0.489234,-0.105402
23.0434,-2.3345,12.5991,-0.3649,0,3.8,1,-0.429282,0.234304,0.872249
17.1879,-5.28237,5.91162,-0.544496,-0.150954,-0.981177,1,-0.618876,-0.172883,-0.766227
37.4119,-9.32381,9.59294,0.382039,0,3.8,1,0.349252,-0.571417,0.742634
39.5508,-10.3427,7.77969,0.292239,0,1.35528,1,0.34191,-0.806843,0.48177
43.288,-6.46919,13.5024,0.786648,0.7839,-3.5,0,0.450874,-0.673926,0.585266
8.45438,4.449,1.21763,-0.14388,0,3.8,1,-0.838338,-0.377825,0.392985
35.897,-5.06975,42.199,0.246782,0,-1.3,0,-0.19164,0.747667,0.635821
14.3281,-1.68613,22.5737,-0.0103036,0,-4.5,0,-0.465756,-0.637122,-0.614123
22.1765,-5.152,2.9645,0.369036,0.0115914,-4.5,1,0.666191,-0.0326507,0.745066
22.7909,11.8027,1.21256,-0.701256,0,-3.61098,1,0.633502,-0.486659,-0.601529
30.6621,13.3953,10.0536,0.116917,0,3.8,1,-0.752255,-0.646988,-0.124579
32.057,-4.0945,22.1415,-0.0213078,0,3.8,1,0.785518,-0.615252,-0.0665377
26.702,0.154,28.148,0.241734,0,1.8,0,0.859381,0.170756,0.481982
8.93125,18.3404,0.86775,0.612495,0,3.8,1,-0.0813949,0.536651,0.839869
36.5687,17.9778,21.9115,-0.569224,-0.0292056,-3.5,1,0.209624,0.269991,0.939767
27.162,-0.8985,33.9035,0.187083,0,1.8,0,0.0139734,0.999902,-7.35992e-05
6.31488,25.4981,-3.59525,0.940957,0,-4.5,0,-0.899602,0.0535721,-0.433413
22.508,28.4471,16.5714,1.41903,0,-3.9,0,0.218361,0.706974,-0.672686
30.4801,12.79,14.4451,0.170734,0,3.8,1,0.28507,-0.840741,-0.460315
14.827,-6.732,7.8825,-0.0500558,0,-1.6,1,-0.454834,-0.7501,-0.48008
23.0167,13.2503,9.94238,0.624732,0,4.2,1,0.00283379,-0.875782,0.482698
21.6043,7.22856,11.5003,0.745647,0,-4.5,1,0.937592,-0.09642,0.334102
30.8282,0.0615625,11.2109,0.0310318,0,3.8,1,0.242262,0.899686,-0.363145
31.687,19.9226,5.18337,-0.375865,0,3.8,1,-0.057109,0.750917,-0.657923
25.9801,-1.35769,10.9005,-0.0453913,0,3.3109,1,0.464148,0.566331,-0.681055
6.12,12.4474,6.54763,0.410871,0,0.970563,1,-0.591392,-0.756954,0.277985
37.7668,0.366688,38.2126,0.64172,0,-3.5,0,-0.999049,-0.0185571,0.039457
12.576,10.606,5.27475,1.04301,0,1.8,1,0.709258,0.346663,-0.613822
20.241,22.0371,5.73375,-0.143425,0,3.8,1,0.550004,0.728893,0.407689
29.3046,19.7724,1.51612,-0.412499,0,-4.5,1,0.934032,0.165964,0.316291
27.898,-10.047,21.842,1.29903,0,-4.5,1,-0.345928,-0.903038,-0.25467
12.0784,-1.16006,6.03619,-2.5705,-0.495041,-3.5,1,-0.67492,-0.431483,0.598586
23.5454,-4.28175,25.3947,0.800823,0.241983,-3.5,1,-0.848928,0.159737,0.50379
19.0504,11.9526,2.52044,0.116381,0,3.0526,1,-0.765108,0.369325,-0.527455
23.0944,26.1647,2.75956,-0.0728689,-0.0677052,-3.5,1,0.146175,0.701727,0.697289
22.3206,-1.54087,-0.656313,0.795961,0.191741,-4.5,1,0.404723,0.725137,-0.557114
26.3372,21.2276,9.918,-0.052808,0,3.8,1,0.603015,0.78303,-0.152435
42.8571,-9.01019,5.47319,-1.8627,-0.0583558,-3.5,0,0.674437,0.144618,-0.72403
34.405,-3.4295,2.46775,-0.818199,0,-3.2,0,0.408934,0.28793,-0.86595
19.2824,6.53988,12.7749,1.02382,0,-4.5,1,0.185222,-0.459408,0.868699
36.1751,0.938563,12.5848,0.275824,0,-3.9,1,-0.410863,0.824761,-0.388537
31.667,-12.9998,4.02575,-0.00858949,0,-1.6,1,0.399769,-0.841006,-0.364545
27.9466,-3.88775,36.3176,0.470461,0.0315192,1.80646,0,-0.0171799,-0.376363,0.926313
20.5323,-2.38625,25.5336,0.202367,0,-4.5,1,-0.200857,-0.817068,0.540422
26.114,17.1979,21.316,0.239268,0,-1.6,1,-0.537501,0.0383963,0.842389
27.4751,14.7107,21.6619,0.160228,0,-1.6,1,-0.25765,-0.347953,0.901413
20.0389,-7.61863,23.1771,-1.87204,-0.446277,-3.5,1,-0.660362,-0.516905,-0.54473
40.8675,3.615,37.9885,0.464013,0.0887919,-3.5,0,0.512439,0.548653,-0.660595
4.8215,17.0424,-3.46913,0.0116491,0,3.8,0,-0.692551,0.322231,-0.645399
21.6271,22.9229,19.4764,0.292299,0,-3.9,1,-0.546777,-0.136692,0.826045
27.4332,-1.16269,11.2993,0.084629,0,3.8,1,-0.177762,0.698245,-0.693437
38.4095,-1.83987,11.9167,1.00882,0,-3.9,1,0.491076,0.132246,-0.86102
38.4468,-5.17075,36.0167,-1.41728,-0.450662,-1.6,0,0.760152,-0.480692,-0.437155
14.4431,7.72225,6.81862,-0.159341,0,-0.7,1,-0.0347328,-0.210054,0.977073
32.248,-2.09394,25.1356,0.0542471,0,3.8,0,0.512364,0.415623,0.751493
18.6057,0.544,29.8935,-0.537163,-0.0849874,-3.5,1,-0.985691,0.167567,0.0182905
34.4237,-9.21294,35.0564,-0.062426,0,-0.880388,0,0.370107,-0.855321,0.362556
38.8381,11.1099,10.6456,-0.34256,0,-0.9,0,0.747369,-0.0539292,-0.662217
10.7746,13.7498,3.93694,0.882542,0,-0.4,1,0.841107,0.0359891,-0.53967
29.9426,20.8438,6.90625,-0.337857,0,3.8,0,-0.135592,0.951556,-0.275963
19.438,17.816,15.616,0.508027,0,1.8,1,-0.534402,-0.831755,-0.150326
11.5433,24.5827,-2.14806,0.497484,0,-4.5,1,0.540614,0.704426,-0.459915
31.7542,16.3781,3.81663,-0.462103,0,-0.422582,1,-0.731299,-0.267717,-0.627319
34.4232,13.7481,4.3565,-1.5094,-0.123302,4.2,1,0.114035,-0.800051,-0.588994
28.1969,20.0302,19.0446,-0.26527,-0.188937,-1.6,1,-0.358813,0.682745,-0.636485
14.4016,-0.765312,3.46662,-0.516425,0,-3.5,1,0.0732327,-0.711967,-0.698384
21.7109,8.29019,10.5098,0.59321,0,-4.5,1,0.945282,-0.124567,0.301539
21.419,-0.789,34.783,-0.186285,0,-3.5,1,0.13951,-0.677004,0.722636
30.3323,-5.88188,-0.604563,-0.11041,0,3.8,0,-0.187574,0.196709,-0.962352
15.0664,10.3042,12.7655,1.22033,0.152632,-2.19807,1,-0.492843,0.132395,0.859987
22.3344,9.69406,9.47313,0.630496,0,-4.5,1,0.699562,0.084663,0.709539
5.02712,11.3005,4.54612,-0.571797,-0.0847977,-3.65362,1,-0.618169,-0.238092,0.749119
25.5328,21.3998,5.83044,-0.32696,0,3.8,1,0.0928467,0.992823,-0.0753751
36.2449,24.4442,9.96375,-2.53644,-0.86116,-3.5,0,-0.0103994,0.86029,-0.509699
20.6854,24.0374,-0.477625,0.370225,0.137939,1.9,1,-0.0444109,0.371703,-0.927289
24.2217,-3.20688,13.6264,-0.569604,0,3.70908,1,-0.830619,0.308592,0.463512
23.9986,13.5601,10.1485,0.486023,0,4.2,1,0.606553,-0.619161,0.498732
28.4045,15.5125,2.27825,-0.623844,0,-3.5,1,0.963421,-0.19324,0.185684
27.2274,23.9403,11.0084,-0.0569463,0,3.8,0,0.799743,-0.0457614,-0.598595
17.36,-0.534,26.7,0.162196,0.258231,-4.5,1,-0.216221,0.426599,0.878215
34.7015,10.2047,8.42419,-0.0641689,0,4.2,1,-0.228128,-0.956402,-0.182352
17.1846,6.06087,4.25838,1.06343,0.13475,-0.7,1,-0.101768,-0.440679,-0.891877
24.2815,22.9951,-1.27087,0.407153,0,-1.40336,1,-0.447631,-0.0596753,-0.892225
35.513,15.6461,20.4489,-0.184305,0,-3.5,1,0.64316,-0.762919,-0.0655711
4.27475,11.5835,3.60575,-0.452922,-0.00724851,-3.70915,1,-0.995697,0.0871806,-0.0314103
34.3831,18.3186,-0.658125,-2.8846,-0.850455,-0.8,0,-0.000111256,0.79818,-0.602419
26.3067,28.0021,-0.928813,-1.33276,-0.0423819,-3.5,0,0.928604,0.238987,-0.283866
19.4067,5.00306,11.0961,0.402796,0,-4.5,1,0.14402,-0.6675,0.730549
16.4311,4.9685,4.56588,0.0440301,0.184366,-2.93316,1,-0.303032,-0.0700324,-0.950404
29.575,22.2745,20.2944,-0.0341938,0,4.2,1,-0.256448,0.903537,-0.343299
25.1332,-7.17137,32.3784,0.316451,0,1.9,1,-0.162292,-0.709304,-0.685966
33.0153,-9.8885,10.8335,0.0387571,0,3.8,1,0.759006,-0.47074,0.449793
30.9758,20.2372,22.7608,0.0921405,0,4.2,0,0.401551,-0.0646385,0.913553
16.5282,-1.90319,5.43581,-0.353682,0,-4.37985,1,-0.500844,-0.504923,-0.702999
32.1812,14.7557,7.2465,0.0345337,0,3.8,1,-0.520587,-0.695156,-0.495729
13.4237,10.4595,9.97575,0.436729,0,-0.7,1,-0.554492,-0.794806,0.24662
16.9839,-0.087625,12.1501,-1.43598,-0.0590208,-3.5,1,-0.136665,0.578834,0.803911
37.661,0.560719,11.8379,0.888739,0,-3.9,1,-0.0918519,0.635014,-0.767021
40.3264,-4.81812,38.4894,0.12798,0,-0.8,0,0.264068,-0.787248,-0.557232
29.7214,14.1295,18.3614,0.581195,0,3.8,1,0.39268,-0.787044,0.475778
24.3604,23.7003,19.392,0.0871626,0,-3.9,1,0.653769,0.251646,0.713624
22.2654,5.85975,27.8981,-0.568056,-0.0894877,-3.5,1,-0.521425,0.849507,-0.0803308
29.9403,-6.45025,22.6049,0.241663,0,-4.5,1,0.958651,0.158241,0.236534
28.5205,-2.83794,36.8532,0.151992,0,1.8,0,-0.0999378,-0.323359,0.940984
40.4939,-7.8625,9.9305,0.104556,0.807589,-3.5,1,-0.164295,-0.639794,0.75078
13.091,-1.288,7.041,-0.668151,0,-3.5,1,-0.792323,-0.551152,0.261639
16.1635,17.7134,1.8255,-1.6851,-0.231284,-1.6104,1,0.0425928,-0.670009,0.74113
38.727,20.1711,8.00937,-0.672059,0,3.13142,1,0.738747,0.474512,0.478635
16.4308,-0.952187,26.877,1.43188,0.116807,-4.5,1,0.240042,0.122054,0.963059
24.7272,8.46819,8.96169,0.213028,0,4.2,1,0.123619,0.00637902,0.992309
7.94537,26,-4.24213,0.750595,0.140534,-4.5,0,0.200129,0.438529,-0.876151
20.3447,24.4851,10.2184,-0.263984,-0.975089,-0.8,1,0.2078,0.964528,-0.162802
18.6579,15.1674,4.03963,-0.231963,0,4.5,1,-0.544325,0.349535,-0.762585
32.9252,-9.54194,18.7537,-1.42861,-0.080451,-3.5,1,0.325326,-0.875217,0.357993
34.5861,-12.1912,8.63437,0.0726719,0,3.8,1,-0.145867,-0.772696,0.617789
33.4501,-0.643438,6.65938,0.0783757,0,-1.3,1,-0.698794,0.569856,0.432379
16.8002,15.609,-0.314,-1.95115,-0.453323,-3.5,1,0.16744,-0.840363,0.515514
21.5193,1.1305,23.388,-0.558718,0,-4.5,1,-0.104232,0.781589,-0.615024
9.55656,11.604,11.036,0.610499,0,4.5,1,0.0512186,-0.533907,0.843991
32.2009,-2.70237,6.43862,0.330739,0,-2.99994,1,-0.495785,0.811748,0.308647
37.6543,-6.36713,2.65462,-0.558064,-0.0537761,-3.5,0,0.00013123,0.800383,-0.599489
23.5268,0.0853125,10.5979,-0.0170437,0,3.8,1,0.225578,0.829189,0.511429
31.4775,20.7057,10.8962,0.0577435,0.900206,-4.5,1,0.171115,0.861724,-0.477652
19.8423,-1.30562,26.8011,0.0605055,0,-4.22276,1,-0.260154,-0.824653,0.502262
6.8315,16.003,6.9,-0.306295,0,0.527238,1,-0.232606,0.965665,0.1157
39.4706,-5.8115,40.973,-0.234883,0,-0.8,0,0.35183,-0.910785,0.216069
38.0456,22.9197,5.49263,-0.312931,0,3.8,1,-0.15552,0.987365,-0.03039
15.2864,-6.09387,11.4186,0.0510381,0,-1.6,0,-0.590161,-0.359483,0.722829
20.8748,24.2604,14.6665,0.23202,0,-3.88683,1,-0.122183,0.973558,-0.193021
21.4229,17.5696,16.4212,1.0519,0,1.8,1,-0.203629,-0.947773,-0.245482
27.6256,-7.35962,26.9346,0.292371,0,-3.5,1,0.453833,-0.881114,0.132943
28.6252,-13.0559,12.7849,-0.0487259,0,3.8,1,0.713999,-0.662411,0.226753
16.6922,22.3213,14.404,0.797665,0,-3.5,1,-0.70987,-0.195945,0.676528
15.2084,21.5872,9.76475,-0.0299441,0,-0.7,1,-0.460841,0.873529,0.156758
13.1331,8.62456,7.26756,-0.314024,0,1.66338,1,0.230816,-0.518599,0.823273
24.9015,-8.03569,28.7729,0.209737,0,-3.5,1,-0.73359,-0.650266,0.197486
2.46312,14.9333,4.20394,3.45674,0.232281,-3.9,1,-0.866248,-0.0306834,-0.498671
21.45,-6.702,4.84,-0.150496,-0.783264,-0.7,1,0.0913053,0.358401,-0.929092
29.2069,-3.24919,25.5544,0.0143842,0,3.8,0,0.29454,0.189056,0.936752
5.65856,8.25625,-0.427625,-0.209778,0,-3.5,1,-0.319034,-0.279702,-0.90553
28.7178,-4.945,35.722,0.0672249,0,1.8,1,0.0277592,-0.809697,0.586191
27.6656,10.0428,4.74275,-0.923976,-0.124614,-3.5,1,0.49345,-0.818911,0.293073
8.61794,8.60938,5.18031,-0.55262,-0.874957,-2.40355,1,-0.601541,-0.458687,0.65403
33.5083,10.0389,12.2,0.41849,0,-0.9,1,-0.791665,-0.505767,0.342733
19.9763,3.13613,10.1976,0.190441,0,3.8,1,-0.181761,-0.143372,0.972835
34.0926,19.923,18.1921,0.182731,-0.0816314,0.277636,1,0.0689809,0.986515,0.148425
39.6321,-0.339938,12.1803,1.18174,0,-3.9,1,0.79081,-0.0452737,-0.610385
25.1106,-15.4342,10.6558,-0.0782523,0,3.8,1,-0.562819,-0.826097,0.0282617
33.4916,-3.07081,18.1771,-0.0653033,0,-3.5,1,0.672407,0.494995,0.550317
24.7372,-9.4605,35.5196,-0.326362,0,1.9,0,-0.0283634,-0.996596,-0.077413
32.6121,20.9982,21.9687,-0.0578433,0,4.2,1,0.794131,0.0658008,0.604174
27.8493,-5.27581,30.8431,-1.32929,-0.0578136,-3.5,0,0.88182,-0.404718,0.242069
14.7926,0.86675,23.7231,-0.108624,0,-4.5,1,-0.196219,0.979928,0.0352086
43.1351,-5.36275,13.8571,0.523531,0.0194479,-3.5,0,0.53016,0.0748013,0.844592
8.72594,11.9117,-1.57738,-0.846481,-0.167821,-3.59744,1,-0.244384,-0.0217031,-0.969436
16.8594,-3.11937,23.6695,1.0209,0.355173,-4.5,1,0.0208223,-0.991793,0.126151
18.5921,20.8528,15.3645,0.494043,0,-3.5,1,-0.773061,-0.43262,0.463915
20.0919,2.69531,31.5229,0.348276,0,-3.5,1,-0.270721,0.950148,-0.15469
40.5214,-8.17125,3.92913,-0.89435,-0.00396572,-3.5,0,0.834923,-0.0423363,-0.548736
27.9316,12.8835,19.2159,0.254546,0,-1.6,1,0.3695,-0.899587,0.232838
40.5239,12.3204,12.3779,0.494957,0.242098,-0.9,0,0.992392,-0.122646,0.0108237
22.0481,12.7008,14.8143,0.767174,0,-4.5,1,0.350468,-0.679789,0.64425
35.9314,-4.56437,40.7764,-0.0135897,0,-1.3,0,-0.35111,0.798505,0.488989
22.7907,26.9037,12.0288,0.0300283,0,3.8,0,-0.467222,0.880874,0.0759227
36.2616,-8.83219,1.5295,-0.359215,0,-3.5,1,-0.32133,-0.129015,-0.938137
30.8895,21.1248,7.47662,-0.28582,0,3.8,0,-0.0424355,0.999015,0.0129612
24.8351,20.9538,19.7505,-1.55973,-0.772668,-3.9,1,0.380761,0.265457,0.88575
24.0459,25.9594,16.6817,0.394338,0,-3.9,0,0.896722,0.44259,0.00208995
18.0217,25.7246,13.7055,-1.45094,-0.0788827,-3.5,0,0.303272,0.952524,-0.0269205
17.0534,16.4621,13.8911,0.6585,0,-4.5,1,-0.263923,-0.188922,0.945861
29.8604,-4.31325,32.0934,0.00757135,-0.0626604,1.8,0,-0.329148,-0.651517,-0.683511
28.9648,18.7475,-1.20362,0.444418,0,-4.5,1,0.241548,0.657707,-0.713496
20.8879,-10.1838,5.37375,0.106938,0,-3.5,0,-0.907819,-0.419342,0.00414354
22.834,-4.36175,7.57975,-0.668426,0,3.8,1,0.159598,0.0876623,-0.983282
22.6452,-7.76038,35.856,-1.15568,0,1.9,1,-0.855366,-0.0574176,0.514832
24.0391,-9.24288,16.599,-0.050256,0,1.9,1,-0.690406,0.121426,0.713159
28.9568,14.1602,-3.07625,-0.269806,0,-4.5,0,-0.7278,-0.377894,-0.57228
17.956,17.556,-1.1,-1.64745,-0.867943,-0.907608,1,0.723234,-0.0346159,-0.689735
26.1651,26.2331,1.58738,-0.701514,-0.464934,-1.52621,1,0.600394,0.519648,0.607859
26.5755,-6.26225,32.2793,-0.105565,0,1.9,1,0.757605,-0.650496,-0.053754
22.8134,-5.544,34.3754,-0.11361,0,1.9,1,-0.996085,0.0711251,-0.0524882
25.0176,-4.6305,28.5312,0.265938,0,-3.5,1,-0.872795,0.163275,0.459968
18.9739,19.9404,15.531,0.469018,0,1.8,1,-0.950349,-0.268484,-0.157334
28.442,0.00725,15.0734,-0.0408139,0,4.2,1,0.10159,0.959369,-0.263231
39.0674,-6.54356,13.8862,0.125067,0,-3.5,1,0.875621,-0.436172,0.207467
25.1351,26.6041,11.728,-0.0239449,0,3.8,0,0.236644,0.970759,-0.0403269
8.4555,26.7237,-2.96325,0.0811528,0,-4.5,1,0.534124,0.564513,-0.629314
41.326,-4.92925,39.0004,-0.361102,-0.160653,-0.8,0,0.335168,-0.709799,-0.619555
20.7795,-0.8485,22.292,0.159818,0,-4.5,1,-0.0597277,-0.232982,-0.970645
5.86644,14.4597,-3.51269,-0.124275,0,3.8,0,-0.0949495,-0.76625,-0.635488
42.5161,-3.1885,11.6123,0.349166,0,-3.5,0,0.460253,0.795145,0.394855
13.299,10.0564,0.442,0.415558,0,-3.5,0,0.860636,-0.485049,0.155024
8.087,2.80012,0.13425,-0.191636,0,3.8,0,-0.90436,-0.334279,0.265311
24.2917,-0.83575,8.13075,-0.0054787,0,3.8,1,0.873821,0.254824,-0.414126
23.7337,-11.5957,7.28888,0.09136,0,-3.5,1,-0.105012,-0.990995,-0.0830768
11.749,22.7335,1.529,0.409437,0,-4.20769,1,-0.272031,0.697693,0.66274
26.839,-2.51325,27.702,0.156426,0,-3.5,1,0.850831,0.415786,0.321263
29.5037,-0.3145,35.2224,0.127263,0,1.8,0,0.409973,0.912084,0.00491447
25.5409,17.2321,-0.0700625,-0.535321,-0.320961,-3.71562,1,-0.323815,-0.214031,-0.921594
23.6179,-5.103,26.7346,0.329257,0,-3.5,1,-0.753211,0.273267,0.598329
23.4403,-1.42663,18.4408,-0.00589742,0,-0.9,1,-0.605886,-0.514658,-0.606654
39.0429,-1.76969,40.847,1.02575,0.33157,-0.8,0,-0.461453,0.224159,0.858379
26.5962,6.9545,6.52112,-0.0825241,0,4.2,1,0.766174,-0.642633,0.000189906
21.0691,7.50675,0.935625,0.16509,0,-4.5,1,0.478717,-0.824528,-0.301636
23.3579,-5.91281,33.2277,0.248455,0,1.9,1,-0.734012,-0.0913909,-0.672959
8.10713,7.31794,-1.05281,0.187326,0,3.0425,1,-0.544659,0.211789,-0.811475
32.0462,16.513,2.105,-0.378624,0,-0.8,1,-0.858967,0.48738,0.156962
26.611,-2.91175,30.6081,0.419174,0.940884,1.8,1,0.806681,0.421585,-0.414163
11.4949,3.64975,0.709437,-0.186548,0,3.8,1,0.727739,-0.643406,0.237539
13.833,15.1816,4.33031,0.16991,0,4.5,1,0.267767,-0.132746,-0.954295
32.3126,15.235,2.88075,-1.78502,-0.823235,-0.8,1,-0.871717,-0.42212,0.248846
30.593,17.063,4.023,-0.459748,0,3.8,1,0.267315,-0.223974,-0.937218
18.7566,17.9719,2.65738,-0.423941,0,3.8,1,-0.365465,-0.858237,-0.360367
7.3385,9.63675,4.76325,-0.846362,-0.220677,-1.49556,1,-0.623189,-0.540647,0.565098
29.5235,18.6807,9.985,0.738305,0,-4.5,1,-0.291113,-0.923048,0.251467
26.4231,26.0023,10.568,-0.121733,0,3.8,0,0.52787,0.664467,-0.528995
11.6461,6.88637,-0.758125,-0.0612008,0,3.8,0,0.913911,0.193301,-0.356934
13.4685,-3.77125,9.1955,-0.249923,0,-1.6,1,-0.825819,-0.47806,-0.299136
33.458,-9.33381,3.13937,-0.927174,-0.578074,-3.5,0,-0.0873474,-0.47405,-0.876155
26.2019,1.03587,30.7354,0.200181,0,1.8,0,0.640718,0.755233,0.138217
22.1941,3.63069,30.7948,0.45794,0.68633,-3.5,1,-0.276437,0.540744,0.794467
26.5338,-13.5855,14.3716,-0.0319591,0,3.8,1,-0.0927232,-0.542691,0.834799
6.58594,11.2929,-0.03475,-0.0285118,0,-3.85209,1,-0.548858,0.105567,-0.829223
10.1747,1.9395,0.034125,-0.213939,0,3.8,0,0.28477,-0.933625,0.217374
34.6007,-1.88169,10.2137,0.0436303,0,-3.53919,1,-0.0158201,0.995637,-0.0919621
33.3223,12.9003,0.91275,-0.400067,0,-0.8,1,-0.120631,-0.959466,-0.254704
23.9148,3.89669,5.77537,-0.0979158,0,3.8,1,0.686256,-0.0119992,-0.727261
30.6087,-7.54156,-0.151562,-0.0999135,0,3.8,0,0.0353077,-0.5892,-0.807216
25.7146,-6.7165,25.0864,0.666126,0,-3.5,1,0.265878,-0.960499,0.082165
29.4102,2.68881,23.9836,-0.0151453,0,-3.2,1,0.68862,0.233364,-0.686545
19.315,23.1142,15.8818,0.275598,0,-3.5,1,-0.430344,0.109685,0.895976
20.0794,0.0842813,11.762,-0.765336,0,-3.5,1,0.216578,0.755458,0.618366
43.4266,-2.10788,38.6932,-1.03921,-0.101124,-3.5,0,0.962801,-0.250406,-0.101539
28.0099,2.58137,21.5889,0.416135,0.730307,-0.9,1,0.726843,0.663761,-0.176411
32.7581,-12.2872,10.256,-0.0344557,0,3.8,1,0.707101,-0.65705,0.26133
35.0259,-0.8,3.19825,-0.65276,-0.0268986,-1.3,0,-0.273677,-0.185943,-0.943677
24.553,11.4561,2.69781,-0.574761,0,-3.95256,1,0.409642,-0.537962,-0.736743
30.3104,-2.63044,5.71381,0.0164407,0,3.49784,1,-0.0440769,0.99762,-0.053019
41.5045,15.0647,4.15075,0.0168999,0,-3.9,1,0.757936,0.626683,0.181112
22.4797,22.7669,4.16581,-0.746506,0,-2.27713,1,0.418957,0.131258,0.898469
24.3447,-1.85006,13.6561,-0.433555,0,2.8,1,-0.919729,0.260068,0.294046
38.7713,-7.90513,11.613,-1.51832,-0.0767161,-3.5,1,0.386359,-0.903578,0.185129
13.1064,12.7627,-2.96469,0.494172,0.259318,-3.5,0,-0.0875895,0.238694,-0.967137
25.0586,17.6777,20.0916,-0.317443,0,0.321695,1,-0.328885,0.0586375,0.942548
33.3519,-2.544,2.48325,-0.428636,0.74766,-3.2,0,0.00169909,0.63068,-0.776041
34.6487,21.905,14.1391,-0.438598,0,-4.02988,1,0.248459,0.872908,0.41988
34.4091,16.9164,22.9853,-0.32249,0,-3.5,1,0.412202,0.547984,0.727876
34.7552,23.8858,9.87569,-2.48495,-0.544507,-3.5,0,-0.417049,0.878501,-0.233037
35.4613,-8.22863,36.0767,0.680228,0,-1.3,0,0.468706,-0.881232,-0.0611898
25.2267,13.4753,17.9551,0.832545,0,-1.6,1,-0.485534,-0.839002,-0.245626
22.7334,12.7683,13.5964,0.768007,0.0048042,-4.5,1,0.652666,-0.753396,0.0801351
9.53769,13.2171,-1.22787,-0.841567,-0.0051147,-1.76229,1,-0.0480751,-0.0860654,-0.995129
9.4955,24.1981,-3.61475,0.119059,0,-4.5,0,0.283981,-0.100211,-0.953579
21.3925,23.5007,4.32037,-0.664338,-0.666634,-3.5,1,0.28415,0.10897,0.952567
10.5942,18.2918,5.34122,0.223822,0,4.5,1,-0.54938,0.823087,-0.143907
22.4011,4.71594,4.05475,-0.0699065,0,-0.4,1,0.57643,-0.365385,-0.730905
27.0916,-9.33162,4.48588,-0.616649,0,3.8,1,-0.220375,-0.109673,-0.96923
14.993,23.3063,12.4061,0.545878,0.11468,-3.5,1,-0.966423,0.233741,0.106727
15.7572,15.421,-1.89275,-1.40927,-0.311483,-3.5,0,0.0569734,-0.867821,-0.4936
20.001,2.97925,3.97925,-0.124167,-0.0148218,-2.35687,1,0.308723,-0.175573,-0.934807
28.8124,-5.495,26.6819,0.187163,0,-3.5,0,0.962407,-0.116696,0.245264
27.4833,-5.9345,1.0605,-0.0767141,0,3.8,0,-0.839775,-0.111838,-0.531291
30.5208,13.5521,-3.3415,-0.0118338,0.0767868,-4.5,0,0.546524,-0.727629,-0.414569
11.5441,-0.96725,4.59438,-2.06221,-0.446221,-3.5,0,-0.820124,-0.541462,-0.184975
27.2344,9.01912,5.54294,-0.298246,0,4.2,1,0.85501,-0.116469,-0.505364
44.1526,1.2095,39.046,3.59364,0,-3.5,0,0.903232,0.360102,-0.233448
7.22719,10.5618,9.01612,0.145897,0,4.5,1,-0.594525,-0.803841,0.0194835
28.2319,-8.13338,25.9032,0.343224,0.459313,-4.5,1,-0.56107,-0.459716,0.688376
39.0486,16.5263,1.10938,-0.459238,-0.0775817,-3.9,1,0.67171,0.399022,-0.62417
39.9078,-0.8785,14.0843,1.82625,0,-3.9,1,0.891976,-0.381137,0.243132
14.3207,20.5677,11.0631,-0.241822,-0.00041213,-0.7,0,-0.557503,0.277006,0.782597
23.1271,-4.81381,1.64456,-0.204079,0,-4.5,1,0.94914,-0.0922301,0.301042
32.2716,-4.19744,1.64069,-0.303473,0,-3.2,0,0.172422,0.667866,-0.724034
37.4306,-1.43325,8.68863,0.264329,0,-1.3,1,0.488941,0.66827,0.560671
25.5749,15.1707,6.67706,0.293563,0,4.2,1,0.922357,-0.107863,0.370976
14.8346,8.35475,3.40162,0.294102,0,-0.494363,1,0.276209,0.362419,-0.890147
25.1493,12.5181,8.825,0.269531,0,4.2,1,0.707255,-0.319984,0.630397
14.8119,2.83469,4.27231,-0.144711,0,-3.5,1,-0.124654,0.963828,-0.235576
29.6252,-4.28394,25.333,0.122525,0,3.8,0,0.487561,-0.262184,0.832793
28.0889,-11.7598,4.22788,0.513951,0,-1.6,0,-0.503068,-0.351349,-0.789605
31.0644,-0.864625,14.0684,0.0539209,0,3.97058,1,0.302761,0.952676,-0.0272686
31.286,21.7,12.1073,0.189645,0,-4.5,1,0.275125,0.605087,-0.747112
25.1192,14.9254,9.55906,0.417111,0,4.2,1,0.848826,-0.17985,0.497141
17.7335,0.16725,35.0503,-1.75638,-0.715114,-3.5,1,-0.749516,-0.652743,0.110235
29.0147,-11.0759,24.4541,0.173184,0,-4.5,1,-0.419932,-0.75525,0.503244
34.5027,-3.56931,38.1013,0.966288,0.17104,-1.49357,0,-0.76862,0.583832,0.261463
24.0338,-13.3644,12.5813,-0.0822226,0,3.8,1,-0.74049,-0.522972,0.422108
11.5877,18.8882,6.44537,0.183314,0,-0.7,1,-0.745062,0.615972,-0.255854
23.4058,7.8495,3.80256,-0.31674,0,4.2,1,0.477671,-0.473246,-0.740181
5.86263,14.6213,0.0500625,0.250595,0,-2.14768,1,-0.965116,-0.165708,-0.202713
26.4344,19.4415,20.2843,-0.225207,-0.926572,1.8,1,-0.570917,0.14918,0.807341
19.5123,11.7244,0.565313,-0.0517166,0,-3.5,1,-0.878189,0.473788,-0.0656397
16.4946,19.0101,4.18813,-0.452943,-0.160436,0.251285,1,-0.355562,-0.902476,-0.243129
13.7497,13.2217,5.63816,0.81852,0,4.5,1,0.254876,-0.446466,-0.857733
19.3808,-1.48125,31.1311,-1.5381,-0.599381,-3.5,1,-0.567471,-0.799766,0.195836
11.6245,19.6063,2.93225,-1.20496,-0.495646,-3.5,1,-0.799586,0.126772,0.587019
24.173,3.733,9.1135,0.0463176,0,3.8,1,0.555847,0.436892,0.70722
21.6523,-5.39587,25.6924,-0.992717,0,-3.5,1,-0.0971917,0.790116,0.605203
38.3073,14.5846,14.7603,-0.0285886,0,-0.9,1,0.493038,0.0947936,0.864828
10.8891,18.1036,7.59531,0.192849,0,0.895438,1,-0.78818,0.582875,-0.197559
34.0961,-5.60931,2.07581,0.244475,0,-3.2,0,0.34688,-0.0211482,-0.937671
13.0046,15.6089,12.5745,0.891891,0,1.8,1,0.554563,0.527617,0.64349
14.0865,23.2027,1.67756,0.839724,0.010715,-3.53522,1,-0.188173,0.92522,-0.329482
42.8439,-9.78988,9.19006,0.57716,0.0431735,-3.5,0,0.410658,-0.709364,0.572854
36.0509,16.727,-1.17262,-2.63937,-0.0191585,-1.03008,0,0.36676,0.162048,-0.916094
13.891,10.0454,9.01881,0.283253,0,-0.7,1,-0.179153,-0.893662,0.411428
9.606,5.30856,3.52275,-0.265655,0,3.8,1,-0.355003,-0.630334,0.690399
26.3819,-4.29275,36.366,0.403582,0.857818,1.9,0,0.129216,0.135133,0.982366
28.4731,4.65963,24.06,-0.301897,0.522401,-3.2,0,0.472787,0.808458,-0.350525
22.9425,23.3738,19.8339,0.274781,0,-3.9,1,0.0307346,0.0089779,0.999487
27.7987,-12.6345,14.1369,-0.0524899,0,3.8,1,0.4476,-0.579633,0.68094
31.9811,-0.886312,20.9255,0.0374612,0,3.8,1,0.867165,0.262348,-0.423319
15.6279,18.3621,5.23763,-0.62704,0,4.5,1,0.0582149,-0.536861,-0.84166
12.3496,24.4255,-0.0445,0.482326,0,-4.5,1,0.511954,0.773305,0.374035
22.9487,-6.83375,2.97937,-0.0852037,-0.741204,-3.5,1,0.920413,-0.328272,-0.212316
35.8817,-3.16444,16.1225,-0.229198,-0.00155489,-3.66154,1,0.163312,0.395173,0.903973
11.4115,3.092,3.7905,-0.576407,-0.799429,1.01707,0,-0.966613,-0.22807,0.116809
19.7766,-1.77269,22.8344,0.461096,0,-4.5,1,0.0603566,-0.542317,-0.838003
38.8185,-6.36994,15.0661,0.443925,0,-3.5,1,0.992019,0.113609,-0.0546891
12.871,13.4344,12.6868,1.36781,0,-0.7,1,0.357221,-0.498064,0.790143
36.3613,-10.6857,9.40012,0.267674,0,3.8,1,0.151509,-0.309996,0.938588
14.5715,15.7305,12.2575,0.378373,0,-1.2279,1,-0.306039,0.284092,0.908643
21.3405,18.0343,15.0922,1.02238,0,1.8,1,-0.214306,-0.974641,-0.0644118
28.6443,-10.1997,3.78413,-0.158461,0,-1.6,0,-0.522868,-0.231049,-0.820503
24.1686,17.7421,12.2439,-0.077286,0,-0.8,1,0.76803,-0.622365,-0.15097
31.2314,15.663,5.94187,-0.233041,0,3.8,1,-0.347944,-0.913,-0.212992
24.3096,26.5945,2.24272,-0.357265,0,-3.5,1,0.272645,0.500864,0.821462
22.8353,15.1517,15.7605,0.415758,0,0.947673,1,-0.713152,-0.257185,0.652127
38.2343,15.9319,14.8037,-0.272173,0,-2.95032,1,0.781518,-0.205426,0.589093
5.3795,15.5302,8.346,0.365159,0,4.5,1,-0.542483,0.833458,0.105169
14.3334,13.7483,12.2645,0.507682,0,-0.7,1,0.189813,-0.0670354,0.979529
9.957,3.8215,-2.849,-0.108252,0,3.8,0,0.17624,-0.609704,-0.772787
21.6505,-6.51694,2.76719,0.0118993,0.279907,-4.5,1,-0.289732,-0.901681,0.320978
22.1379,-3.25494,4.51931,0.503625,0,-4.5,1,0.872741,-0.312876,0.374741
21.2289,15.868,13.6018,0.811604,0,-4.5,1,-0.2652,0.484017,0.833904
40.7306,16.2538,7.12887,-0.311031,0,-3.5,1,0.493038,-0.262387,-0.829498
11.914,16.5625,3.51175,0.13413,0,4.5,1,0.398134,-0.042117,-0.91636
14.3023,14.1462,5.23075,0.494972,0,4.5,1,0.179337,-0.491798,-0.85204
28.3709,1.31469,21.1667,0.0397986,0,-0.9,1,0.882243,0.442753,-0.160056
31.9059,13.4412,16.9872,0.0799502,0,3.8,1,0.535193,-0.747095,0.394232
4.14006,14.4515,7.55306,0.930054,0,3.41774,1,-0.646369,-0.0884406,0.757883
40.0885,18.8065,7.2405,-0.28183,0,-3.5,1,0.67812,0.267908,-0.684382
37.6765,13.545,3.47312,0.152251,0,-3.9,1,-0.579095,-0.814447,-0.0363883
26.2427,21.4611,8.52656,-0.217774,0,3.8,1,0.541832,0.834254,-0.102171
14.7937,12.0586,12.2829,0.374598,-0.613801,-0.7,1,-0.134145,0.0227149,0.990701
23.6066,26.1468,-1.43122,-0.52109,0,-3.5,1,-0.364471,-0.238357,-0.900192
40.8481,17.2377,11.8628,-1.87098,-0.589775,-3.5,1,-0.197158,0.477078,0.856461
18.2344,19.6419,-1.83337,-1.06093,0,-0.8,1,0.138996,-0.154999,-0.978088
41.4975,-5.59825,40.1227,-0.848154,-0.308898,-0.8,0,0.350286,-0.925213,-0.145878
28.3631,13.1001,15.0241,0.273532,0,3.8,1,-0.587982,-0.804604,-0.0829987
38.0024,8.72469,10.8891,0.192633,0,-0.9,1,0.399469,-0.916362,-0.0265609
20.036,15.1712,13.8052,0.816581,0,-4.5,1,-0.246074,0.459776,0.853261
23.8761,4.20363,18.0502,0.351202,0,-0.9,1,-0.116364,0.928682,-0.352149
28.765,17.4585,13.0645,0.473245,0,1.46304,1,-0.633302,-0.237147,-0.736675
38.752,12.3831,3.4295,0.736195,0,-3.9,1,-0.755891,-0.651906,0.0603895
32.5817,20.5985,19.3482,-0.678073,-0.025509,4.2,1,0.569432,0.778333,-0.26447
26.3385,0.332188,14.0031,0.17627,0,2.8,1,-0.081895,0.966666,-0.242589
35.4464,21.2008,6.47487,-0.423505,0,3.8,1,-0.631528,0.75872,0.159738
18.2842,5.59531,12.1467,0.710032,0.113821,-4.5,1,0.137243,-0.703534,0.697284
5.0005,17.0464,-0.5605,0.208512,0,3.8,0,-0.71799,-0.11137,0.687086
39.1962,-4.67462,37.5881,0.135375,0,-0.8,0,0.509349,-0.828894,-0.231298
24.2264,16.5322,10.3519,0.599729,0,4.2,1,0.785866,0.00682311,0.61836
37.4487,-8.01575,16.0345,0.270164,0,-3.5,1,-0.139064,-0.983028,0.119657
19.6099,-3.18706,24.0935,0.0526672,0,-4.5,1,-0.135987,-0.971153,-0.195881
37.6967,22.1104,11.7028,-0.931582,0,-3.5,1,0.906846,0.298597,0.297439
24.3092,1.78838,7.83625,0.00777962,0,3.8,1,0.960765,-0.275679,-0.0305273
26.948,-9.20925,24,1.35936,0.644189,-4.5,1,-0.706076,-0.424021,0.567153
11.1203,3.99228,2.69606,-1.07659,-0.560186,3.8,1,-0.221436,-0.97517,0.00302804
37.272,-12.5435,7.47388,-0.0200889,0,3.8,1,0.500445,-0.762833,0.40944
22.555,24.969,14.056,0.608817,0,3.8,1,-0.606261,0.776242,-0.172905
38.0547,-9.44475,39.9108,-0.0319603,0,-1.3,0,0.837191,-0.241935,-0.490489
28.1849,-0.409156,26.5894,0.497946,0.441504,-3.2,1,0.549558,-0.362711,0.752614
25.279,-14.0439,13.1222,-0.0473,0,3.8,1,-0.496851,-0.6471,0.578273
27.5371,-6.78419,2.95466,-0.103374,0,3.8,1,-0.925524,-0.296748,-0.235259
27.2586,0.841656,27.4795,0.121541,0,-3.2,0,0.291612,0.207735,0.933707
21.5034,23.5285,9.76841,-1.147,0,-0.8,1,0.296645,0.539376,-0.788084
35.7011,-7.331,16.1899,-0.891423,0,-3.5,1,0.0270214,-0.969053,0.24537
3.02334,13.5246,4.9925,3.14056,0,-3.9,1,-0.633944,-0.773302,-0.0108489
24.5979,24.2944,17.7839,0.22692,0,-3.9,1,0.753992,0.592405,0.283816
36.4461,10.3036,13.2276,-0.572933,0,-0.9,1,-0.0166375,-0.466294,0.884473
17.3212,21.2997,-1.47006,-0.254743,0,-0.8,1,-0.22032,0.249415,-0.943001
36.8838,-9.69875,42.561,0.19985,0.00586033,-1.3,0,-0.372437,-0.712079,0.595176
10.1968,3.68891,1.88969,-0.260234,0,3.8,0,-0.0753151,-0.747993,0.659419
33.1451,-8.86706,13.5987,-0.0676648,0,3.8,1,0.743218,-0.640524,-0.193275
33.2551,19.7131,5.21375,0.149772,0,3.8,1,-0.267818,0.957386,-0.108103
7.16062,7.65075,3.58425,-0.292025,-0.0595067,-3.5,1,-0.337532,-0.575722,0.744726
13.7798,22.5852,7.16466,-0.497527,0,-0.7,0,-0.584969,0.76524,0.268734
30.6537,-1.54862,34.5122,0.168729,0,1.8,0,0.517335,0.851579,-0.084719
23.9632,26.463,18.64,0.447283,0,-3.9,0,0.870449,0.19575,0.451665
33.6777,-7.99725,13.0574,-0.969247,-0.166625,3.8,1,0.533633,-0.841263,-0.0866679
36.5701,19.537,0.90925,-2.07498,-0.437643,3.8,0,0.0247635,0.554626,-0.831731
4.82181,12.2867,2.6445,-0.00125014,0,-3.9,1,-0.876508,0.0365569,-0.479997
29.8547,14.5395,21.7965,0.0109068,-0.961739,-3.5,1,-0.316753,-0.670325,0.671068
19.1231,23.6788,7.79166,-0.520693,0,-0.8,1,0.489141,0.757866,-0.431718
41.3214,1.71584,40.921,1.52039,0,-3.5,0,0.413756,0.405671,0.815007
10.5823,10.3941,8.95556,0.977523,0,2.3714,1,0.18796,-0.712291,0.676249
4.74331,14.375,8.59762,0.359376,0,4.5,1,-0.984451,-0.1407,0.105161
28.213,23.7125,12.2432,0.0471636,0.011243,-3.56831,1,0.515054,0.807114,-0.288593
25.4955,9.87947,8.42341,0.164215,0,4.2,1,0.253631,0.223049,0.941233
31.2955,-0.990375,24.1122,0.0465683,0,3.8,1,0.434694,0.68279,0.587229
7.85925,10.5616,-0.505375,0.115207,-0.0305183,-3.53955,1,-0.338753,-0.0961289,-0.935952
32.0291,-1.90737,34.2165,0.790202,0,1.8,0,0.0977383,0.963675,0.248552
40.4684,20.1114,3.42253,-0.207393,0,3.8,0,0.920621,0.0256323,-0.389616
25.6963,-3.95813,30.5172,-0.124729,0,-3.5,1,-0.967538,-0.129984,-0.216733
21.3897,-6.09937,22.171,-0.412909,0,-3.5,1,-0.693837,0.220585,-0.685517
17.4963,12.3847,3.81262,0.235801,0,4.5,1,-0.727382,0.0335768,-0.68541
24.5726,-3.88987,32.0768,0.763995,0,1.9,1,-0.595378,-0.406139,-0.693236
15.8221,19.3037,12.093,0.0312016,0,-4.5,1,-0.593016,0.0879558,0.800372
34.8008,-10.8361,4.35622,-0.196256,0,2.73677,1,-0.173448,-0.561646,-0.808993
26.3165,20.4805,20.003,-0.264822,-0.107433,3.14181,1,-0.59649,0.792714,0.125716
31.5788,14.1823,-0.593,-0.292296,0,-1.9259,0,0.471508,-0.841389,-0.264094
27.5306,13.5771,20.5251,0.263141,0,-1.6,1,0.0722064,-0.782973,0.617851
31.1409,-0.423625,19.6281,0.0701207,0,4.06387,1,0.473278,0.853192,0.219252
25.6758,11.5841,7.49647,-0.020544,0,4.2,1,0.740731,0.27656,0.612235
16.3799,19.6112,-1.48859,-1.18569,-0.176587,-0.8,1,0.0876207,0.507966,-0.856909
28.0282,-9.52431,24.964,0.456258,0.026414,-4.5,1,-0.576419,-0.444763,0.685512
20.2126,-5.4075,24.3932,-1.15651,-0.163601,-3.5,1,-0.770331,0.634203,0.0661666
27.2787,2.50794,19.5812,0.114714,0,-0.9,1,0.80725,0.490788,-0.327832
21.906,6.82762,8.69837,-0.456563,0,3.8,1,0.598987,-0.0817613,0.796573
18.2784,24.7897,14.8979,-0.598061,-0.697694,-3.5,1,-0.00113015,0.732416,0.680856
11.8291,10.7605,4.36647,1.66035,0,1.8,1,0.822324,0.478192,-0.308409
24.3608,21.8565,8.54175,-0.455983,0,3.8,1,-0.0851441,0.972547,-0.21657
26.4715,-3.98206,5.80831,-0.0740296,0,3.8,1,-0.720463,0.390992,-0.572763
20.686,10.8685,10.434,0.760956,0,-4.5,1,0.633046,0.187963,0.750948
35.7685,15.801,22.2377,-0.189995,-0.436676,-3.5,1,0.664178,-0.291497,0.688402
26.7211,21.0574,5.13212,-0.415668,0,3.8,1,0.266267,0.963519,0.027082
35.4335,15.819,18.173,-0.688595,-0.214494,-3.5,1,0.516189,-0.850369,0.102089
40.731,14.5265,10.799,-0.543055,0,-3.5,0,0.497246,-0.861985,0.0986364
21.8865,-0.879,5.204,0.224996,0,-2.65573,1,0.948839,0.259602,-0.179751
36.3456,-7.73413,13.0312,0.43221,0,-3.13556,1,-0.0529983,-0.998351,-0.0220755
43.615,-7.71975,9.7265,-0.197242,0,-3.5,1,0.787052,-0.578518,0.214163
40.3169,-10.5859,6.29775,-0.0924567,-0.0858175,-3.5,1,0.0431135,-0.998728,-0.026148
26.8697,15.9006,5.41081,-0.0697223,0,-3.5,1,0.297217,-0.24462,0.922943
35.2279,-8.42956,11.1462,0.130343,0,1.8,1,0.042994,-0.866042,0.498119
13.1258,16.3073,4.39272,0.159734,0,4.5,1,0.457867,-0.0496339,-0.887634
20.4728,8.05163,12.8177,1.20883,0.0130674,-4.5,1,0.642277,0.0464347,0.765065
35.0597,-10.6827,9.24753,0.469226,0,3.8,1,0.0408058,-0.334047,0.941673
10.0835,15.9551,12.7724,0.295645,0,1.8,1,-0.506222,0.730469,0.458426
21.3011,15.1402,-2.309,-1.89305,0,-3.5,0,-0.0829133,0.600971,-0.794959
37.4261,-5.82275,38.3124,-0.22768,-0.027571,-0.991192,0,0.697751,-0.715095,0.042208
28.159,21.0657,2.713,-0.428035,-0.299375,0.295983,1,0.539932,0.609108,0.580913
35.1866,21.4535,3.68012,-0.282478,0,3.8,1,-0.493253,0.780071,-0.384957
27.6201,-2.11331,31.7458,-0.228156,-0.0170607,1.8,0,0.554063,0.598676,-0.578447
29.5558,-12.2559,10.6319,0.00170501,0,3.8,1,0.127623,-0.991554,-0.0230716
20.2443,11.2306,-2.14656,0.0612364,0,-4.5,0,0.144176,0.52564,-0.838401
9.14134,21.714,-1.21934,0.426172,0,-4.5,1,-0.833602,-0.547942,0.0697702
30.61,-11.0532,2.78931,0.316875,0,-1.6,0,-0.217486,-0.400068,-0.890306
23.7003,1.84356,20.6607,-0.581289,0,-0.9,1,-0.676947,0.359453,0.64229
35.3049,-8.77044,37.4591,0.194559,0,-1.3,0,0.262003,-0.826857,-0.497657
41.588,14.449,10.1555,-1.89801,0,-3.5,1,0.0950454,-0.992427,0.0778151
30.737,-5.289,24.461,0.102493,0,3.8,1,0.521693,-0.771086,0.36505
16.7765,-1.01097,3.96478,-0.0194149,0,-4.5,1,-0.418649,-0.491731,-0.763501
21.7092,-3.65597,12.3703,-0.322996,0,3.8,1,-0.181659,0.0733487,0.980622
26.1668,16.6874,8.471,0.195148,0,4.00048,1,0.613584,-0.720706,0.322642
20.9935,-5.60669,12.2369,-0.123007,0,3.54819,1,-0.786323,-0.205698,0.582567
23.4393,2.51156,24.9658,-0.121141,0,-4.38729,1,-0.37363,0.716729,-0.588813
19.2963,2.87913,29.1069,0.18371,0,-3.5,1,-0.821674,0.458375,0.338739
29.3464,14.521,12.5171,0.302914,0,3.8,1,-0.560717,-0.270004,-0.782748
40.2595,-6.0655,13.267,0.0963636,0,-3.5,1,0.344338,-0.541378,0.767034
23.604,-8.93731,36.1666,-0.745415,0,1.9,0,-0.701316,-0.614871,0.36068
26.5653,-12.7639,8.38816,-0.378059,0,-1.6,1,-0.0928374,-0.787887,-0.608782
15.7736,4.30141,5.20519,-0.431076,0.129921,-2.89722,1,-0.798369,0.366644,-0.477682
22.8432,-7.22581,14.8521,-0.064127,0,1.9,1,-0.781103,0.175858,0.599127
26.4529,24.5897,-0.849563,-0.215131,0,-1.11397,1,0.667697,0.256685,-0.69878
23.1003,-2.27675,21.8113,0.708358,0,-0.9,1,-0.902452,-0.263485,-0.340818
6.37238,9.25775,4.16362,-1.21049,0,-3.5,1,-0.166955,-0.351236,0.921281
7.88375,15.6861,-3.4485,-0.209705,0,3.8,1,0.353515,-0.358184,-0.864136
17.8462,-8.17288,5.91181,-0.166498,0,-0.7,0,-0.675583,-0.412342,-0.611197
31.6104,-0.696,12.6511,0.109628,0,3.8,1,0.456509,0.866591,0.201544
16.5274,22.9924,10.4944,0.356202,0,-2.76866,1,-0.727809,0.49526,-0.474354
15.2093,18.249,-3.33262,-0.382901,0,-3.5,0,0.356497,0.254316,-0.899018
27.9758,-2.46705,7.19325,-0.0432928,0,3.8,1,-0.128582,0.991415,-0.0237238
27.5876,13.8261,16.1981,0.539908,0,3.8,1,-0.463199,-0.835234,-0.296364
13.2481,9.21025,2.18456,0.578016,0,-0.4,1,0.866003,0.235603,-0.441056
35.1478,-3.59138,33.3939,0.81791,0.117607,1.8,0,0.740697,0.261764,-0.618746
33.127,14.6665,-0.474,-0.870656,0,-0.8,0,-0.0426716,-0.625717,-0.778882
11.3757,6.17056,4.92516,-0.433003,-0.0502155,3.02988,0,-0.247657,-0.638972,0.728272
28.2857,15.8218,12.8793,0.414324,0,3.8,1,-0.483776,0.222963,-0.846315
22.2955,6.81547,3.97653,-0.85028,0,-3.05111,1,0.480068,-0.324966,-0.81482
14.608,22.1208,8.63075,-0.024011,0,-0.7,0,-0.00533337,0.922198,0.386681
34.823,-0.75425,7.75962,-0.142852,0,-1.3,1,-0.279705,0.820034,0.499309
30.7586,-8.24625,1.42556,0.0511263,0,3.8,0,0.117662,-0.745118,-0.656472
30.2176,0.542,17.6194,0.0703231,0,4.2,1,0.152328,0.981204,0.118465
21.1005,26.1723,0.794156,0.18011,0,0.804514,1,-0.458786,0.635567,-0.620943
19.4316,-1.04875,2.45887,0.498666,0,-4.5,1,-0.280465,0.603713,-0.746238
17.3445,-1.52634,12.6784,-1.49727,-0.329226,-3.5,1,-0.574551,-0.02712,0.81802
24.4095,10.2599,3.62937,-0.955263,-0.278757,2.34168,1,0.573638,-0.447327,-0.686177
37.857,16.0452,21.0041,0.396108,0.0161513,-3.5,0,0.505448,-0.810241,0.296701
27.6835,21.4657,-0.87625,-0.500115,0,-0.4,1,0.450806,-0.194578,-0.871157
14.2485,6.1325,4.5615,-0.174302,0,-0.4,1,0.177645,-0.975011,-0.133401
22.9198,-1.96406,27.0517,0.627868,0.302998,-3.2635,1,-0.328905,-0.864997,0.378949
16.1256,10.5304,5.10544,0.494208,0,0.98351,1,-0.706227,0.371476,-0.602701
17.6967,-4.52672,11.8317,0.186657,0,-1.6,1,-0.126985,-0.314611,0.940689
6.97075,16.8546,1.26031,1.25309,0.704992,-2.82821,1,-0.328211,0.678519,0.657183
22.9955,0.333,6.126,0.00103976,0,3.8,1,0.592625,-0.29701,-0.74872
27.4082,23.1899,12.9864,0.218623,0,3.8,1,0.383583,0.698768,0.603811
29.1219,19.1954,3.24569,-0.685821,0,-4.5,1,0.876394,0.428019,-0.220754
17.7594,-6.74162,10.9209,0.474284,0,-1.6,1,0.305316,-0.758373,0.575893
26.3255,3.60025,18.626,0.179389,0,-0.9,1,0.682782,0.44619,-0.578553
25.7516,20.4798,-0.860719,0.09135,0,-0.4,1,-0.303204,-0.267039,-0.914744
13.1018,3.5495,3.267,-0.318279,0,-2.74164,1,0.748411,-0.0481969,-0.661481
37.6602,15.1882,-0.270312,-2.61452,-0.220062,-3.9,1,0.395085,-0.357064,-0.846412
27.2368,20.6848,8.34691,-0.179154,0,3.8,1,0.456677,0.884922,0.0914248
29.262,15.569,5.7185,-0.139097,0,3.8,1,-0.204763,-0.853276,0.479576
14.6911,-4.72412,10.9652,0.276486,0,-1.6,0,-0.649151,-0.281196,0.706775
15.8993,16.277,0.824313,-2.62669,-0.146679,-3.5,1,0.0511299,-0.661923,0.747826
32.48,-2.22625,22.0156,0.0125467,0,3.8,1,0.956741,-0.0180377,-0.29038
36.9501,-1.86484,15.9378,0.394978,0,-3.9,1,0.325711,-0.0159485,0.945335
40.3018,15.2025,12.4602,-0.376043,0,-0.9,0,0.721727,0.0132317,0.692051
37.7199,13.3604,8.0125,-0.102704,0,4.2,1,0.873351,-0.463918,-0.148453
36.3489,13.8577,5.06719,-0.162275,0,2.99993,1,-0.098649,-0.872578,-0.478409
33.0034,11.6317,11.3159,0.114853,0,1.2953,1,-0.76291,-0.646074,-0.0236113
33.4197,-6.01669,20.5948,-0.417631,0,-3.5,1,0.232693,0.0987858,0.96752
19.7807,12.7363,13.0362,0.961113,0.00564229,-4.5,1,-0.290421,-0.924817,0.245702
24.9405,15.606,0.1075,-0.682169,0,-3.91548,1,0.53109,-0.123061,-0.838332
35.3585,9.21375,9.93831,0.0512974,0,-0.9,1,-0.216196,-0.676703,-0.703798
37.8361,13.3734,1.70687,0.0501512,0,-3.9,1,-0.442874,-0.809774,-0.384875
27.1078,-2.76828,8.65269,-0.051421,0,3.8,1,-0.0795587,0.995454,-0.052369
22.998,27.7295,-1.2925,-1.06643,0,-3.5,1,-0.839635,0.117318,-0.53033
20.69,23.9823,17.4164,0.641707,0,-3.9,1,-0.905888,-0.27782,0.31966
9.87488,21.9585,-2.941,-0.0752624,0,-4.5,1,-0.628475,-0.179143,-0.756919
12.4268,14.5874,4.63031,0.693329,0,4.5,1,0.292207,-0.378668,-0.878194
30.5836,16.6009,10.9015,0.518646,0,3.8,1,-0.973946,0.120006,-0.192424
29.2001,0.369125,22.114,0.0975586,0,3.8,1,0.421782,0.883352,-0.204423
32.995,-8.47941,36.117,-0.572842,0,-1.3,0,-0.456459,-0.787998,0.413163
36.2976,10.6896,8.54303,-0.137579,0,4.2,1,0.531331,-0.74732,-0.398999
28.4534,16.4971,-2.89644,0.00294685,0,-4.5,0,-0.684328,0.0503683,-0.727432
24.4102,14.3029,0.843063,-0.687701,0,-3.5,1,0.48486,-0.604897,-0.631673
29.9154,-2.75872,31.8026,0.932864,-0.240582,1.8,0,-0.306394,0.395683,-0.86577
37.9749,-11.3755,8.35219,0.0846587,0,3.8,1,0.541106,-0.536987,0.647186
34.7934,-5.92878,19.7054,-1.84324,-0.0458871,-3.5,1,0.524356,0.444219,0.726444
34.216,-7.49675,31.7055,-0.0238012,0,-0.8,0,0.543571,0.0535216,-0.837655
28.7415,18.5055,12.288,0.493351,0,-4.5,1,-0.568794,-0.717305,-0.402426
18.1146,24.9409,12.27,-0.22564,0,-3.5,0,0.0941548,0.927119,-0.362746
24.6742,-1.97244,16.9783,0.0018351,0,2.8,1,-0.99747,-0.0672476,0.0230567
35.7858,0.216,6.68525,-0.506268,0,-1.3,1,-0.153169,0.823784,0.54582
23.7921,-4.06712,35.7919,-0.0656072,0,1.9,1,-0.576498,0.214127,0.788542
9.726,16.6981,1.28397,0.727032,0,3.8,1,0.237897,0.508843,0.827336
39.4504,14.7134,8.11187,-0.203153,0,-3.5,1,0.537335,-0.792118,-0.289518
25.0145,-7.65845,3.94086,-1.48197,-0.713554,-3.5,1,0.439263,0.614661,-0.655164
22.8531,1.98169,5.90963,0.0169762,0,3.8,1,0.198427,-0.298304,-0.933617
18.5828,15.7668,-0.799,-0.627339,-0.87513,-3.5,1,0.223518,-0.932956,0.282192
30.3048,-2.1505,8.7185,0.0191901,0,3.8,1,0.0115522,0.793819,-0.608044
25.902,15.8376,-0.090125,-0.635598,0,-3.9992,1,-0.434847,-0.4688,-0.768853
21.6117,0.539312,34.2824,-0.128055,0,-3.5,1,0.538264,0.205936,0.817228
31.9097,-8.6755,20.4303,-0.412641,-0.783069,-3.5,1,0.464907,-0.487473,0.739075
29.5705,-11.632,3.66273,0.468591,0,-1.6,0,-0.356912,-0.304239,-0.883206
35.0755,-8.4885,41.544,-0.56574,0,-1.3,1,-0.717954,-0.425176,0.551151
19.3923,16.8412,0.34225,-0.539421,0,-3.5,1,-0.896945,-0.285965,-0.337214
10.249,18.812,1.06975,0.951644,-0.329491,-0.43057,1,-0.623065,-0.0584317,0.779984
41.4986,-3.35381,41.6917,-0.209576,0,-0.8,0,0.452614,0.212632,0.865984
13.7345,15.9143,-2.617,-0.35849,0,-3.5,0,0.0874481,-0.48447,-0.870426
32.0003,14.1198,1.64225,-0.785924,0,-0.8,1,-0.675242,-0.618358,0.402098
38.407,12.845,5.363,-0.116823,0,-3.9,1,-0.257393,-0.845173,0.468436
18.3176,0.764906,32.6744,-0.234316,0,-3.5,1,-0.893975,-0.0730621,-0.442121
37.61,23.047,9.752,-1.42139,-0,-3.5,0,0.72765,0.521246,-0.445901
21.8334,-8.383,3.18906,0.0247907,0.404645,-3.5,1,-0.680857,0.144775,-0.717965
30.26,-5.17997,22.3943,0.14934,0,3.8,1,0.784537,-0.609803,0.112437
37.2785,22.37,8.758,-0.627568,0,1.55148,1,0.413537,0.908225,-0.0641415
10.3935,16.048,2.6255,0.249195,0,4.5,1,0.500851,0.660805,-0.559003
11.824,17.932,3.0635,0.0446783,-0.892543,-3.5,1,-0.772486,-0.564797,-0.290293
26.5771,-10.99,4.7335,0.0149161,0,-1.6,0,-0.300921,-0.605145,-0.737052
32.8484,-7.02898,20.4727,-1.13292,0,-3.5,1,-0.0667572,-0.0350673,0.997153
28.5685,14.0068,21.0928,0.130394,0,-1.6,1,0.130193,-0.765361,0.630296
30.6989,13.8215,17.7465,0.365807,0,3.8,1,0.130152,-0.764987,0.630758
31.9829,-3.67317,2.61124,-0.713215,0,-3.2,0,-0.63185,0.60917,-0.479247
21.747,-2.025,5.56087,0.394876,0,-4.5,1,0.999561,-0.0246264,0.0164906
32.821,-3.193,1.911,-0.341144,0.652397,-3.2,0,-0.298229,0.58554,-0.753792
24.3255,24.7135,-1.0145,-0.060934,0,-3.5,1,-0.276314,-0.110269,-0.954721
24.6401,1.69488,29.445,0.383523,0,1.8,1,0.82953,0.551216,0.0896726
25.696,15.7068,8.24672,0.223872,0,4.2,1,0.940648,-0.337265,0.0378724
34.9227,-9.97369,3.2465,-1.66419,0,-3.5,1,-0.168498,-0.788074,-0.592071
30.9075,-1.03,9.2095,0.00909131,0,3.8,1,-0.19488,0.6411,-0.742303
29.999,-0.188,15.3217,0.0330034,0,4.2,1,0.0330504,0.928562,-0.369704
31.0414,-4.15694,3.03109,-0.267532,0,0.0426599,1,-0.286958,0.888161,-0.358923
37.4128,-4.00165,16.3144,-1.36123,-0.0283696,-3.5,1,0.41934,0.63744,0.646394
