x,y,z,charge,hbond,hphob,iface,nx,ny,nz
-169.381,-36.313,-26.015,-1.15819,-0.811959,-3.2,0,0.00548186,-0.953974,-0.299838
-168.686,-23.272,-8.548,0.840286,0,-4.5,0,-0.742003,0.174149,-0.647382
-157.068,-3.478,-8.917,0.249604,0,4.2,0,-0.753984,-0.632865,-0.176037
-131.016,-16.78,-10.713,0.796877,0,-4.5,0,0.558728,-0.283521,0.779384
-133.329,-22.139,-21.973,0.386091,-0.44305,-4.5,0,0.2413,0.0014732,-0.97045
-142.101,-20.3335,-14.2715,2.17263,0,-0.8,0,-0.0918583,0.916766,0.38872
-141.476,-16.75,-10.953,1.76096,0,1.9,0,-0.669244,0.514151,-0.536434
-131.615,-14.849,-22.677,0.61309,0,4.5,0,0.650894,0.303084,-0.696044
-144.262,7.8,-19.3345,0.241691,0,-3.18222,0,-0.674766,0.235711,0.699379
-159.258,-20.932,-26.715,-0.0250952,0,-1.30977,1,-0.899656,-0.366487,-0.237291
-147.758,9.944,-35.9375,0.410817,0,2.80751,0,0.200225,0.416932,-0.88661
-133.671,-18.775,-6.155,-0.335712,0,-3.9,0,0.757539,0.565755,-0.325663
-146.486,16.956,-37.021,0.350288,0,-3.44433,0,0.176171,0.64011,-0.747812
-134.646,-2.593,-11.887,0.247018,0,3.8,0,0.977823,0.158538,-0.136849
-155.834,-21.8965,-35.024,0.192536,0,-1.3,0,0.674476,-0.538009,-0.505597
-141.023,13.264,-37.818,0.563167,0,2.8,0,0.949989,0.23965,-0.20022
-153.045,-6.458,-8.197,0.286529,0,3.8,0,-0.875163,-0.100251,0.473329
-138.142,-19.7715,-26.4565,0.719125,0,-0.7,0,0.186966,-0.344881,-0.919837
-130.008,-11.1515,-15.8625,0.37503,0,3.8,0,0.239173,0.82104,0.518352
-137.165,13.904,-17.406,0.394576,0,2.8,0,0.498968,0.0859477,-0.862348
-143.443,-24.073,-8.342,0.595746,0,-3.5,1,-0.532135,-0.844883,0.054818
-160.32,-17.033,-8.019,-0.0348935,-0.382276,-1.6,0,0.728042,0.244896,0.640297
-154.543,-22.515,-23.043,-0.146627,-0.0111227,-0.957483,1,-0.554908,-0.412102,0.722668
-144.555,-8.5665,-3.211,0.151503,0,4.45126,0,-0.00111073,-0.0135911,0.999907
-149.031,-11.627,-8.013,0.715382,0,-3.2,1,-0.686547,-0.568553,0.453212
-147.262,-6.6365,-31.412,0.0853113,0,3.8,0,0.526884,-0.417717,-0.740207
-165.49,-25.7195,-0.816,0.0876952,0,-1.3,0,-0.554024,0.829675,0.0685366
-170.111,-31.474,-27.4365,0.102303,0,-3.2,0,0.02426,0.0594656,-0.997936
-154.367,-3.1295,-22.512,0.181467,0,2.8,0,-0.897178,0.440035,-0.0379704
-144.561,22.639,-12.319,0.163661,0,-3.2,0,-0.167257,0.925322,0.3403
-158.658,-22.217,-37.0945,0.227027,0,-1.3,0,0.226405,-0.47215,-0.851948
-143.223,8.8895,-11.966,-0.379754,-0.957334,-0.7,0,-0.884428,-0.111137,0.45325
-143.259,7.1915,-15.897,0.21192,0,-0.7,0,-0.833598,-0.0650236,0.54853
-160.555,-10.967,-10.673,0.241024,0,4.2,0,0.24718,0.965147,0.0859887
-166.173,-33.978,-4.293,0.545513,0,-3.5,1,-0.410107,-0.617292,0.671388
-149.654,-2.093,-36.2155,0.20263,0,4.5,0,0.200217,-0.568781,-0.797748
-136.471,-0.823,-3.245,0.249484,0,4.2,0,0.921346,0.0255604,0.387903
-139.923,8.56,-36.597,0.224944,0,3.8,0,0.308934,-0.731315,-0.608061
-126.602,-17.158,-20.001,0.524326,0,-4.5,0,0.919387,-0.373432,0.1236
-136.377,-29.2085,-2.2895,0.679728,0,-4.5,0,0.561688,0.0302186,0.826797
-150.301,19.134,-16.9495,-0.488803,-0.0497811,-1.00382,0,-0.586495,0.809847,-0.0131
-143.833,-1.36,-31.118,1.05892,0.264022,-1.3,0,0.829637,-0.106617,-0.548029
-157.945,-21.4585,-37.038,-0.0205128,0,-1.3,0,0.380398,-0.286932,-0.879186
-158.462,-25.496,-4.813,0.730953,0,-1.3,1,0.826095,-0.554194,-0.102155
-126.455,-16.0445,-22.286,0.954036,0.61443,-4.5,0,0.978129,0.119212,-0.170444
-154.126,-22.053,-21.961,-0.0687832,0,-0.9,1,-0.721565,-0.613202,0.321446
-134.651,-3.647,-12.825,0.262464,0,3.8,0,0.877469,0.467624,-0.106659
-159.89,-21.074,-9.3925,0.538133,0,-1.3,1,0.579545,-0.524906,-0.623379
-132.572,-25.9695,-22.694,-0.356044,-0.192919,1.8,0,0.319715,-0.71076,-0.62658
-138.307,9.7225,-32.3455,0.267653,0,3.8,0,0.49367,-0.559334,0.66591
-174.192,-36.982,-22.9535,0.196059,0,-4.5,0,-0.885677,0.302038,-0.352631
-141.279,21.884,-10.0585,-0.845905,-0.901869,-3.5,0,0.495514,0.86075,0.116514
-154.338,14.125,-12.728,0.0948986,0,4.5,0,-0.644836,-0.315726,-0.696063
-167.419,-35.4845,-13.661,0.437735,0,4.2,1,0.782051,-0.619052,-0.0719154
-131.447,-25.489,-22.024,0.120618,0,1.8,0,0.516116,-0.592883,-0.618154
-134.637,-7.127,-6.9715,0.217126,0,4.3465,0,0.982115,0.137937,0.128157
-143.59,4.266,-2.568,0.390646,0,1.88585,0,0.762439,0.477621,0.436537
-148.648,12.279,-14.868,0.305075,0,1.9878,0,0.265507,-0.727968,0.632114
-155.403,-14.546,-10.665,0.636011,0,4.2,0,0.860944,0.00500447,0.508675
-160.163,8.569,-6.163,0.290794,0,3.8,0,-0.503822,-0.613156,-0.608442
-138.657,-13.737,-15.177,2.33373,0,3.8,0,-0.819467,-0.568812,0.0701926
-143.204,-24.271,-10.644,1.03592,-0.0583938,-3.31665,1,-0.684033,-0.711804,0.159477
-163.151,6.74,-14.903,0.0477768,-0.125224,-0.114391,0,-0.89257,-0.119289,-0.434843
-150.358,2.06,-24.2945,0.23006,0,1.9,0,-0.810752,-0.241597,0.53321
-158.764,15.4045,-31.144,-0.884572,-0.0284892,-0.4,0,-0.598491,0.731254,-0.327224
-162.773,-20.402,-23.3565,0.438336,0.347638,-1.3,0,-0.68652,-0.680344,-0.256559
-138.168,-16.913,-27.224,1.33076,0.343573,1.58176,0,-0.180758,-0.129553,-0.974958
-149.078,-16.4795,-28.168,1.11414,0,-4.5,0,0.629488,-0.378922,-0.678353
-127.979,-14.8875,-20.109,0.542126,0,-3.38499,0,0.524596,0.828294,-0.196795
-141.206,-17.195,-11.7805,1.95737,0,1.9,0,-0.42238,0.296131,-0.85668
-160.584,10.061,-5.9535,0.272733,0,3.8,0,-0.828729,-0.263038,-0.493983
-144.957,13.276,-13.288,0.753972,-0.976497,-0.8,0,-0.952803,-0.258113,-0.159822
-158.317,16.562,-24.499,-0.426565,0,-3.2,0,-0.874909,0.415862,-0.248179
-157.565,15.114,-25.92,0.0598887,0.775005,-0.975459,0,-0.526807,0.363961,-0.768119
-160.167,-12.329,-32.167,-0.0152758,0,-0.9,1,-0.184462,-0.233021,-0.954817
-158.132,-1.382,-12.026,0.149062,0,2.8,0,-0.428215,-0.903599,0.0118571
-159.028,19.0365,-5.404,0.201051,0,-1.6,0,-0.591496,0.777397,-0.213977
-162.506,-28.5715,-20.6935,0.560378,0.0391431,-4.5,0,0.214645,0.616745,-0.757333
-137.449,1.1665,-21.291,0.237049,0,4.09282,0,0.512792,0.469067,-0.719041
-157.678,-9.127,-27.3995,-0.357643,0,1.92768,0,-0.847975,-0.360614,0.388452
-148.29,1.954,-3.17,0.0348219,0,1.8,0,-0.194156,-0.936168,0.293073
-135.377,-21.105,-24.8665,-0.531506,-0.40617,-0.7,0,0.620855,-0.22034,-0.752323
-140.589,-11.4965,-24.276,0.555562,0,2.26715,0,-0.658955,0.170605,-0.732579
-132.676,-3.592,-19.558,0.276859,0,4.5,0,0.843064,-0.475102,-0.252035
-137.2,-15.0685,-0.3245,0.587355,0,3.8,0,0.244176,-0.614797,0.749936
-143.303,-16.071,-4.437,0.385489,0,-3.25506,1,-0.621113,-0.702896,-0.346634
-164.482,-32.0025,-20.8085,0.484362,0.605705,-4.5,1,0.0917054,-0.802328,-0.589796
-151.768,-17.313,-16.1175,0.674719,0,-3.2,1,-0.61228,-0.543217,0.574481
-144.548,2.166,-34.994,0.365669,0,2.8,0,0.491596,-0.844841,-0.211134
-164.152,-23.158,-13.42,-0.742034,-0.893513,-3.5,0,-0.121787,-0.844007,-0.522322
-142.607,-20.866,-18.2005,-0.114094,-0.62923,1.8,0,0.922372,-0.309664,-0.230951
-144.863,-21.538,-7.848,-0.229165,-0.019538,-3.5,1,-0.749839,0.64506,-0.147103
-135.716,19.74,-12.107,-0.717373,-0.0769796,-3.5,0,0.721636,0.625488,-0.29666
-157.064,10.165,-28.169,-0.63857,0,1.22353,0,0.638253,-0.320122,-0.70011
-146.488,-14.293,-1.7445,0.132795,0,-3.5,0,-0.350404,-0.113663,0.929676
-144.372,-23.2235,-6.0965,0.280019,0.026766,-3.5,1,-0.830309,-0.459767,0.314962
-125.938,-22.3635,-13.305,0.723422,0,-1.6,0,0.971429,0.232912,0.0455755
-155,19.676,-27.607,0.260336,0.396585,-3.5,0,-0.344622,0.499051,0.7951
-159.749,-15.6905,-31.963,-0.331501,0,-2.24933,1,-0.600716,-0.0307421,-0.798871
-159.758,-10.5625,-36.5535,0.0367264,0,4.5,0,-0.675311,-0.472738,-0.566104
-143.928,-14.9335,-23.8255,1.51094,0.133864,-2.58634,0,0.289356,-0.94673,-0.141333
-160.478,-16.388,-25.463,-0.316647,0,-1.3,0,-0.48956,0.857837,0.156353
-155.044,19.948,-16.102,0.155413,0,1.9,0,-0.047944,0.887847,-0.457634
-140.285,-26.915,-2.345,1.00689,0.500103,-4.5,0,-0.501027,0.491555,0.712282
-135.286,14.826,-14.311,-0.116276,0,2.8,0,0.686716,0.541775,0.484666
-161.191,4.2325,-17.0405,-0.144612,0,3.8,0,-0.804469,-0.54072,-0.245869
-146.38,-23.566,-20.529,1.29626,0.365199,-4.5,0,0.509148,-0.846012,0.158215
-159.636,9.6655,-13.1915,-0.385373,-0.108125,-0.7,0,0.688889,0.722692,0.0561184
-145.115,-23.4055,-22.442,1.20114,0.160441,-4.5,0,0.263692,-0.950478,0.164496
-136.326,3.6195,-11.679,-0.310854,0,3.8,0,0.65408,-0.436577,0.617721
-159.716,16.4455,-7.221,0.397233,0,-1.6,0,-0.784662,0.296543,-0.544396
-171.466,-31.677,-22.3335,0.287535,0.155099,-3.2,1,0.334556,0.436112,0.835391
-151.902,-7.543,-33.601,0.261274,0,4.2,0,-0.130216,-0.645758,-0.752356
-161.874,8.833,-32.059,-1.36523,-0.563847,2.8,0,-0.0504684,-0.0681827,-0.996396
-151.63,-27.83,-23.176,0.176838,0,-1.3,1,-0.0870406,0.345447,0.934393
-144.587,-16.4885,-3.59,-0.825521,0,-3.5,0,-0.27589,-0.839231,-0.468589
-151.936,-10.584,-10.316,0.490717,0,3.8,0,-0.385948,-0.734472,-0.558207
-158.694,-2.425,-9.415,0.370703,0,2.8,0,-0.0992168,-0.963359,0.249189
-126.907,-12.3825,-13.195,0.375381,0,2.8,0,0.343587,0.582387,0.736731
-161.762,-27.9195,-20.1155,0.848568,0.534381,-4.5,0,0.602426,0.571307,-0.557397
-160.006,-21.052,-4.087,0.104722,0,-1.3,1,-0.188481,0.428891,0.883475
-134.178,4.9425,-15.887,0.236683,0,3.8,0,0.519611,-0.567445,-0.638758
-160.281,11.3195,-21.0295,-0.0587596,0,-3.5,0,-0.705524,0.604277,-0.370249
-156.196,17.842,-29.007,-0.160599,0,-3.5,0,-0.763635,-0.409909,0.498835
-134.523,-2.9275,-15.2537,0.283465,0,4.2,0,0.826991,0.553468,0.0987922
-137.745,13.2587,-19.287,1.31581,0.813355,4.5,0,0.843286,0.472803,0.255588
-150.211,-11.5445,-33.6172,0.281942,0,2.8,0,-0.23141,-0.246362,-0.941146
-153.776,18.8545,-11.2165,-0.180917,0,4.5,0,0.226483,0.908148,-0.352097
-149.561,-6.454,-33.6053,0.227588,0,4.2,0,0.673065,-0.373476,-0.638356
-135.544,-14.3022,-25.5035,0.313583,0,-0.4,0,0.713155,0.586383,-0.384142
-153.316,6.98875,-1.86125,0.691298,0,1.9,0,0.432965,-0.67626,0.595998
-141.98,-11.3357,-18.8575,1.90862,0,4.5,0,-0.268426,-0.266835,0.925606
-131.667,-27.5745,-10.9565,1.08848,0,-4.5,0,0.559611,0.683096,0.469271
-130.907,-10.4038,-16.5653,0.371289,0,3.8,0,0.535141,0.788881,0.302145
-143.66,6.3265,-3.00625,-0.273222,-0.301888,2.51169,0,0.907533,-0.298071,0.295867
-148.506,3.6145,-23.5452,0.308416,0,1.9,0,-0.315933,-0.0986536,0.943639
-139.328,20.843,-10.923,0.190105,0,-3.5,0,0.308221,0.951164,-0.0169134
-154.459,-9.6295,-17.902,0.357901,0,4.5,0,-0.533006,0.563793,-0.630906
-148.022,9.841,-8.724,0.401225,0,1.8,0,0.712087,0.244286,-0.658223
-146.716,-9.69,-17.695,0.857493,0,3.8,0,-0.0186558,0.55217,0.833523
-145.827,-16.8145,-22.4965,1.17479,0,-4.5,0,0.340784,-0.769949,-0.539485
-154.43,-25.5715,-27.547,1.75811,0.424729,-1.3,0,-0.584678,-0.511971,-0.629314
-156.332,-19.0465,-21.9077,-0.0656204,0,-0.9,1,-0.457567,-0.824515,0.332879
-160.754,15.0208,-4.9985,0.948561,0,0.269558,0,-0.695596,0.633618,-0.338636
-148.855,22.239,-25.875,-1.21402,-0.00812566,-3.5,0,-0.0675596,0.99475,0.0768596
-135.716,17.682,-11.811,-0.760264,0,-3.5,0,0.654662,-0.753341,0.0624147
-140.273,-0.158,-2.4855,0.266491,0,4.2,0,0.123959,0.102656,0.986963
-139.219,6.025,-25.014,0.367299,0,3.8,0,-0.0856238,-0.824532,-0.5593
-143.402,9.99375,-28.8792,0.349051,0,2.8,0,0.997113,0.0471912,-0.0594788
-150.231,15.1179,-33.5921,-0.169969,0,1.9,0,-0.836166,0.528591,0.146351
-160.413,3.86475,-9.69625,0.313045,0,2.8,0,-0.579296,0.484293,0.65565
-147.309,11.3787,-35.792,0.875024,0,2.58185,0,-0.0742971,-0.227874,-0.970852
-145.986,-6.98225,-19.1742,0.460335,0,3.8,0,-0.913758,0.271351,0.302348
-126.141,-15.7428,-17.3155,0.264405,0,2.8,0,0.429393,-0.61007,-0.66591
-139.008,-9.952,0.0885,0.318698,0,3.8,0,0.0400541,0.732828,0.679234
-129.747,-12.667,-6.73275,1.04137,0,-3.9,0,-0.0933582,0.232951,0.967997
-148.508,-1.68725,-12.2245,0.802302,0,4.5,0,-0.0486672,-0.573294,-0.817903
-136.999,19.6505,-13.1055,-0.225063,-0.174566,-3.5,0,0.496754,0.64828,-0.577033
-149.163,5.29475,-7.079,0.512232,0,1.8,0,-0.654687,-0.660781,-0.367088
-148.91,19.5825,-5.15225,-1.16786,0,1.9,0,-0.0317179,0.627918,0.777633
-135.219,-4.79025,-3.07225,0.312253,0,4.5,0,0.313497,0.00572126,0.949572
-147.32,2.698,-16.0725,-0.223519,-0.323165,-3.2,0,0.160969,-0.352872,-0.921721
-144.874,-8.9575,-17.4118,0.94306,0,3.8,0,-0.648928,-0.309893,0.694881
-138.211,-20.9865,-20.246,0.604401,0,-0.7,0,-0.73277,-0.31836,0.601411
-161.946,-23.4925,-1.526,0.600011,0.894938,-1.3,1,-0.20068,0.904396,-0.376558
-146.594,-5.20975,-2.78525,0.276622,0,4.5,0,-0.489127,0.675852,0.551344
-153.724,-18.4993,-19.6917,0.484833,0,-0.9,1,0.464386,-0.411772,0.784085
-150.923,-9.269,-33.155,0.24999,0,2.86005,0,-0.499201,-0.0958573,-0.861168
-145.725,-5.987,-18.835,0.405724,0,3.8,0,-0.980704,0.159573,0.112944
-151.288,17.7272,-30.6437,-0.0365587,0,-3.5,0,0.656801,-0.0495311,-0.752436
-134.529,4.1535,-15.306,0.225815,0,3.8,0,0.510699,-0.718984,-0.471432
-141.109,17.304,-5.8455,0.00982899,0,1.8,0,0.380278,0.384088,0.841347
-166.766,-29.552,-19.4312,0.822484,0,-4.5,1,-0.538605,0.756181,-0.371612
-152.297,-14.9875,-15.5985,0.502049,0,-3.2,0,-0.13779,-0.151735,0.97877
-142.383,1.01388,-1.07325,0.345781,0,1.8,0,0.747585,0.0134566,0.66403
-154.064,9.63925,-13.8328,0.256034,0,2.74904,0,0.499912,-0.311486,0.808124
-153.735,18.31,-23.81,0.00499045,0,-3.2,0,-0.579017,0.808589,-0.104511
-160.758,9.229,-4.22713,0.188875,0,3.8,0,-0.894024,-0.421542,0.151737
-157.75,4.208,-25.9545,0.0825357,0,4.2,0,0.172168,-0.893473,-0.414806
-170.274,-31.808,-16.2085,-0.137354,-0.874954,3.77922,1,-0.771515,0.633234,-0.0614696
-150.161,-0.06775,-21.9007,0.189381,0,2.8,0,-0.0441873,0.990569,0.129697
-148.655,-11.5205,-12.2045,0.989291,0,-3.2,0,-0.600922,0.2742,-0.750805
-157.766,-11.381,-27.4225,0.936045,0,-0.8,0,-0.907923,0.143264,0.393893
-149.098,-6.199,-3.651,0.260004,0,4.5,0,-0.882393,0.466651,-0.0601574
-170.61,-26.8155,-8.212,0.466485,0,-3.9,0,-0.194708,-0.434393,-0.879427
-141.517,-18.691,-15.473,2.3451,0.721709,-4.38109,0,-0.18073,0.382613,0.906059
-145.395,13.5542,-2.08275,0.398699,0,2.8,0,0.786427,0.613896,0.0682964
-138.836,-9.20387,-0.690125,0.324383,0,3.8,0,0.279309,0.535797,0.796811
-159.782,6.92975,-17.8202,0.0271602,0,3.8,0,-0.695196,0.155648,-0.701766
-136.085,-15.5515,-14.1578,2.47645,0,2.7096,0,-0.926565,-0.278289,0.253047
-153.772,0.00725,-34.2142,-0.0310798,0,-1.3,0,-0.610237,-0.110905,-0.784417
-130.422,-26.967,-14.9447,0.851481,0,-4.5,0,0.679533,-0.53257,-0.504583
-141.387,9.405,-5.1405,0.181368,0,4.5,0,0.165943,0.0626583,0.984143
-140.257,-11.9635,-17.4988,2.00695,0,3.8,0,-0.772664,-0.519783,0.364439
-138.951,16.4118,-16.5235,0.290029,0,2.8,0,0.323439,0.921949,-0.213064
-149.393,-25.1353,-26.085,0.341191,0,-1.09187,0,0.989176,-0.146481,0.00861798
-143.596,20.2428,-15.1718,-0.817407,0,-3.2,0,-0.0639585,0.190279,-0.979645
-153.947,6.30175,-20.2296,0.124999,0,1.8,0,0.308447,-0.923786,-0.226892
-169.193,-16.663,-7.0465,-0.4447,-0.0531306,-0.7,0,-0.808266,0.307577,-0.502098
-165.454,-33.273,-18.89,0.599156,0,-4.5,1,0.252788,-0.945477,-0.205359
-148.719,4.63225,-13.7902,-0.149487,0,-3.2,0,0.0214947,0.983868,-0.177601
-145.151,12.8305,-14.6825,-0.226719,0,2.8,0,-0.876932,-0.0638363,0.476356
-150.773,19.6865,-15.06,-0.197014,-0.00674078,-0.8,0,-0.526787,0.656763,-0.539591
-157.25,12.128,-14.6655,0.109455,0,4.2,0,-0.452361,0.504238,0.735604
-158.038,3.8045,-28.6045,0.20309,0,-1.3,0,0.227611,-0.748896,0.622373
-145.23,-1.975,-19.6565,0.303117,0,3.8,0,-0.829235,0.143103,0.540269
-160.008,5.2615,-32.357,0.0300136,0,2.8,0,0.38299,0.20477,-0.900771
-134.1,-8.19888,-21.8158,0.57972,0,-0.8,0,0.510206,0.140556,-0.848489
-133.918,-26.355,-16.2505,-0.268445,0,-3.99154,1,0.111144,-0.919457,-0.377154
-133.265,-13.419,-6.269,0.673787,0,3.8,0,0.129143,-0.990689,0.0431025
-152.32,-24.218,-28.1493,1.13011,0,-1.13128,0,-0.0483625,-0.565867,-0.823077
-157.518,18.5515,-15.06,0.0673371,0,1.9,0,-0.784527,0.0464925,-0.618349
-143.771,-17.719,-2.706,0.427066,0,-3.5,0,-0.748941,-0.152921,-0.644751
-156.646,16.7875,-1.77875,0.355214,0,3.28559,0,-0.0743193,0.570324,0.818051
-151.28,9.10225,-1.772,0.870259,0,1.9,0,0.24603,0.23857,0.939443
-161.731,14.7705,-4.4055,4.79048,0,3.8,0,-0.599433,0.7688,-0.222769
-165.892,-19.3235,-13.3835,-0.984348,-0.0184626,-3.5,0,-0.600742,0.204633,-0.77281
-167.919,-27.9543,-4.11675,1.42306,0.161197,-1.3,0,-0.636269,-0.484092,0.60068
-136.314,-3.5675,-23.2132,0.273604,0,3.8,0,0.750609,0.579436,-0.317552
-153.445,10.6235,-30.7225,-1.83681,-0.709297,-3.5,0,-0.975723,-0.199884,-0.0895052
-150.328,6.2745,-5.33425,0.528554,0,1.9,0,-0.740836,-0.597292,-0.307253
-157.098,-18.7455,-16.455,0.257516,0,-0.8,0,-0.36518,-0.913386,0.179914
-157.477,10.3325,-1.34925,0.139848,0,3.8,0,0.155411,-0.200493,0.96729
-144.406,-7.55725,-30.5705,0.241934,0,3.8,0,-0.0481838,-0.300049,-0.952706
-159.837,-23.2296,-8.19788,0.205645,0,-1.3,1,0.800551,-0.146546,-0.581071
-126.214,-14.0955,-7.2125,2.51039,0.089744,-3.9,0,0.62674,0.0404524,0.778177
-142.59,-21.2315,-5.386,0.544345,0,-3.5,0,-0.432727,0.893687,0.118619
-137.493,8.2155,-9.4985,-0.0150588,-0.332509,2.59723,0,0.707313,-0.330943,0.624648
-152.369,17.6885,-22.0548,-0.158382,-0.227673,-3.2,0,-0.411239,0.765929,0.494202
-136.314,16.0565,-14.5876,-0.0548009,0,2.8,0,0.805065,0.566777,0.175028
-126.9,-14.9765,-7.131,3.09415,0,-3.9,0,0.29391,-0.434842,0.851193
-156.684,-16.6082,-36.199,0.149141,0,3.8,0,0.525031,-0.479508,-0.703146
-159.474,-21.939,-26.0405,0.388397,0,-3.5,1,-0.856714,-0.0462486,-0.513714
-164.982,-22.5105,-13.2999,-1.87374,-0.661249,-3.5,0,-0.535928,-0.689104,-0.487768
-166.176,-33.238,-10.1965,-0.0640895,-4.82285e-05,3.8,1,0.4143,-0.848706,0.328714
-163.632,-29.0155,-5.345,0.578929,-0.0267321,-1.3,1,0.911259,-0.41079,-0.029301
-149.833,-30.588,-22.993,-0.00849188,0,-1.3,0,-0.177516,-0.653175,0.736105
-159.973,-10.0595,-34.977,0.0286814,0,4.5,0,-0.888259,-0.429109,-0.163896
-160.074,-7.6915,-27.1005,0.0388765,0,3.8,0,-0.678533,-0.721416,-0.138392
-143.274,3.47775,-1.9315,0.511685,0,1.8,0,0.712243,0.64809,0.269611
-149.01,0.1765,-7.2005,0.629196,0,-0.145044,0,-0.443532,0.723538,0.528935
-144.639,21.8485,-21.622,0.161369,0,-0.4,0,0.0346927,0.986033,0.162895
-142.266,19.7875,-22.6545,0.310027,0,-0.4,0,0.947809,-0.127073,-0.292422
-157.294,0.052,-7.16175,0.30806,0,4.2,0,-0.692046,0.405444,0.597233
-156.834,-19.7975,-11.2188,0.563441,0,-1.6,1,0.431839,-0.899754,-0.0629131
-144.175,17.4876,-32.2723,-0.951182,0,-3.5,0,0.513505,0.478825,0.712067
-159.789,10.5325,-8.0995,1.86369,0,-3.9,0,-0.923239,-0.371578,0.0977788
-158.962,-13.8748,-34.9655,-0.0105836,0,3.8,0,-0.954334,0.298598,-0.00925025
-139.716,-7.928,-28.405,0.267425,0,3.8,0,0.0724446,0.616344,-0.784138
-142.327,4.765,-11.5656,0.494883,0,-0.4,0,-0.868119,-0.274925,0.413261
-154.492,20.5233,-29.885,0.00450878,0,-3.5,0,-0.199246,0.978419,-0.0547436
-143.537,-24.0631,-9.34725,0.749645,0,-3.5,1,-0.718291,-0.695686,0.00893488
-141.336,1.139,-12.7432,-0.166754,0,2.5,0,-0.794335,0.205774,0.571568
-131.939,-19.862,-4.817,0.89405,0,-3.9,0,0.540161,0.709979,-0.451835
-164.745,7.7365,-24.1933,-0.0430668,0,-0.7,0,-0.989776,-0.12585,-0.0671232
-137.766,-9.255,-1.05025,0.338612,0,3.8,0,0.385631,0.526315,0.757814
-171.084,-32.057,-27.128,-0.280095,0,-3.2,0,-0.548778,0.0868338,-0.831446
-136.657,-9.691,-1.464,0.36235,0,3.8,0,0.658879,0.551349,0.511754
-164.203,-15.102,-8.895,-0.437789,-0,4.2,0,-0.767715,0.586051,0.259149
-143.969,-14.327,-11.565,1.6655,0,-3.2,0,0.643789,-0.712687,-0.27859
-142.404,-18.0486,-15.4382,2.33997,0.104733,-4.5,0,0.214658,0.2792,0.935932
-163.012,7.76275,-15.0985,0.473812,0,-0.7,0,-0.814658,0.0223017,-0.579513
-154.652,-2.29775,-16.1179,0.0202755,0,2.8,0,0.147721,0.636798,-0.756748
-165.168,-23.6355,-5.4735,-1.12594,-0.214604,-4.5,1,0.955119,-0.0263857,0.295045
-163.129,-31.355,-19.3995,0.277894,0,-4.5,1,0.526895,-0.81784,0.231343
-126.316,-20.247,-14.009,-0.853538,-0.144055,2.0877,0,0.92169,-0.111348,-0.371604
-141.817,-15.7246,-17.0793,1.94789,0,-4.5,0,0.281973,0.697417,0.658864
-147.139,-9.97488,-32.8423,-0.000314091,0,2.8,0,0.609635,0.141009,-0.780039
-158.676,-21.1857,-7.284,0.173184,0,-1.3,1,0.844433,0.00868947,-0.53559
-143.495,7.895,-1.445,0.102216,0,2.8,0,0.942961,-0.22987,-0.240798
-162.663,13.411,-3.948,-0.0243287,0,3.8,0,-0.981561,0.0382066,0.18729
-133.249,-10.4175,-21.895,0.563326,0.439565,1.17858,0,0.84733,0.320201,-0.423677
-153.456,19.944,-6.337,-1.04037,-0.457162,-3.5,0,-0.707064,0.436962,-0.55599
-151.383,7.4775,-15.6947,0.106683,0,1.9,0,0.767208,0.34654,0.539724
-172.352,-35.9595,-17.3835,0.318174,0,1.8,1,-0.49552,-0.536179,0.683353
-159.141,-11.8647,-21.9376,-0.188028,0,-0.9,0,-0.624565,-0.665087,-0.409361
-141.513,-1.464,-28.21,0.0486527,0,-0.7,0,0.781986,0.426457,-0.454568
-137.083,7.15925,-10.1495,-0.221521,-0.1399,3.8,0,0.662638,0.037957,0.747977
-161.271,-26.9999,-2.98875,0.3009,0,-1.3,1,0.83009,-0.548481,0.100597
-149.572,-19.0055,-27.9543,1.86524,0,-3.2957,0,0.663348,0.0798014,-0.744043
-147.996,-12.922,-2.885,0.625611,0,1.47253,0,-0.965738,-0.234428,0.111327
-147.499,-14.4865,-31.1817,0.565492,0,2.8,0,0.348252,-0.860265,-0.372378
-132.765,-6.202,-12.815,0.346825,0,4.2,0,0.765552,0.259149,-0.588873
-151.704,-2.2785,-14.5658,0.271057,0,2.8,0,0.635989,0.432599,-0.639044
-142.497,15.7979,-24.7434,1.42683,0.430992,-4.5,0,0.780617,0.590089,-0.20599
-130.28,-28.0255,-12.6805,1.24597,0,-4.5,0,0.964523,0.214948,0.15327
-167.436,-22.392,-10.631,0.290896,0,-4.5,0,-0.772073,0.4943,-0.399463
-158.055,16.9045,-2.03175,0.579745,0,-1.6,0,-0.198998,0.226599,0.953443
-161.982,-19.3692,-36.177,-0.7348,-0.0739175,-1.3,1,-0.915412,0.392304,0.090102
-145.327,-23.3092,-18.6152,0.753527,0,1.8,0,0.131788,-0.991263,0.00539779
-173.435,-41.012,-19.704,1.19387,0,-4.5,0,0.0464488,0.0852168,0.995279
-159.533,-16.4583,-35.2345,0.0339492,0,3.01709,1,-0.899946,0.205598,-0.384483
-162.785,9.035,-10.9323,0.281134,0,-0.7,0,-0.263598,0.814544,0.516754
-163.077,10.2455,-24.1815,-0.65677,-0.47246,-0.7,0,-0.256513,0.780128,0.570615
-148.641,-0.38,-4.3845,0.906408,0.365366,-0.8,0,-0.63265,0.247026,0.733984
-148.05,4.11688,-15.2314,-0.810398,0,-3.2,0,-0.0296176,0.891516,-0.45202
-134.178,-0.3475,-10.921,0.240815,0,3.8,0,0.932358,0.318877,-0.170368
-159.023,12.4635,-1.659,0.164277,0,3.8,0,-0.346494,0.300619,0.888578
-170.286,-35.235,-27.9237,-1.07864,-0.481957,-3.2,0,0.113889,-0.555254,-0.823846
-147.54,13.356,-1.405,0.58521,0,-3.9,0,-0.0388074,-0.012263,0.999171
-162.994,2.85175,-26.6712,0.126738,0,2.8,0,-0.64857,-0.488406,0.583796
-138.191,-14.966,-12.309,2.42219,0,3.8,0,-0.0239531,-0.646747,-0.762328
-151.167,15.345,-35.6805,-0.864046,0,1.9,0,-0.986697,0.0257029,0.160526
-164.538,6.45,-11.995,0.0872049,0,-0.7,0,-0.944518,-0.300279,-0.133107
-129.262,-31.079,-11.293,1.18913,0.486773,-4.5,0,0.930316,-0.353303,-0.0984331
-135.361,-28.95,-4.493,1.46998,0.658588,-4.5,0,0.926287,-0.0416791,-0.374507
-137.592,-16.5853,-2.275,1.4245,0.854852,3.65515,0,0.350398,-0.556661,0.753226
-156.389,0.704,-6.772,0.325898,0,4.2,0,-0.305078,0.673785,0.673009
-151.311,-11.1975,-9.667,0.534014,0,3.8,0,-0.0972836,-0.931832,-0.349606
-145.596,14.202,-14.035,0.17966,0,-3.5,0,-0.601137,-0.762001,0.24081
-141.522,20.6458,-8.3875,0.104876,0,-3.5,0,0.214693,0.70246,0.67857
-142.989,18.7285,-36.1473,0.314869,0,-3.5,0,0.462857,0.605717,-0.647202
-163.629,-14.703,-6.184,0.187243,0,3.8,0,-0.676479,0.705922,-0.209884
-148.202,1.626,-4.16475,-0.120914,0,1.66271,0,-0.799495,-0.580509,0.154331
-145.643,9.5915,-41.0385,0.288442,0,2.8,0,-0.62399,-0.587849,-0.514849
-154.59,-15.483,-34.3215,0.283734,0,3.8,0,0.806259,-0.469333,-0.360101
-140.52,-24.3885,-15.4452,0.529782,0,-0.8,0,-0.0547055,-0.58356,-0.810225
-161.018,-11.6275,-32.5925,-0.203186,0,-0.9,0,0.111989,-0.164062,-0.980072
-142.715,10.003,-11.507,0.296729,0,4.5,0,-0.914507,-0.320287,0.247171
-138.061,-18.7183,-3.33275,1.90977,0.565741,-3.5,0,0.162522,-0.512816,0.842974
-151.138,-3.1965,-14.542,0.414119,0,2.8,0,0.846315,0.263362,-0.463024
-142.4,13.949,-4.7975,0.353101,0,1.9,0,0.28912,0.326594,0.899859
-161.568,11.4408,-18.862,-1.15296,-0.0283162,-3.5,0,-0.902177,0.295955,-0.313827
-141.155,8.403,-38.06,0.282477,0,2.8,0,0.562014,-0.815917,-0.135719
-156.016,-4.17525,-7.31925,0.268825,0,4.2,0,-0.55725,-0.737825,0.380902
-172.732,-34.105,-25.4037,-0.188842,0,-3.2,0,-0.882789,-0.0900296,-0.461062
-143.553,-4.31875,-29.8235,0.250781,0,2.9027,0,0.797229,0.45249,-0.399598
-146.388,-13.106,-31.519,0.10655,0,2.8,0,0.558054,-0.393982,-0.730311
-133.311,-0.65125,-19.1572,0.267331,0,4.5,0,0.76995,0.609376,-0.18931
-151.841,5.8645,-22.7192,-0.101443,0,-0.9,0,-0.548666,-0.83286,0.0728665
-141.728,3.006,-28.6414,0.255582,0,4.2,0,0.592422,-0.661887,-0.459284
-152.325,3.91125,-26.9445,0.247034,0,-1.6,0,-0.158929,-0.614326,0.772881
-150.217,12.3671,-1.1265,0.524635,0,-3.9,0,-0.383652,-0.423046,0.82088
-142.592,-25.1015,-10.023,1.15163,0,0.416105,1,-0.914028,-0.390385,0.110233
-160.935,-10.563,-29.9125,0.101474,0,-0.9,0,-0.222461,0.666721,0.711333
-163.965,-30.9155,-11.7635,0.378783,0,3.8,1,0.940845,-0.334332,-0.0550716
-145.767,5.8345,-16.667,0.381533,0,-3.2,0,-0.617014,0.548164,0.564632
-138.805,-17.6495,-1.93,1.57279,0.129971,-1.7678,0,0.779058,-0.329516,0.533374
-148.873,-7.1615,-12.5325,0.510807,0,4.5,0,-0.463323,-0.315601,-0.828087
-141.867,-20.21,-2.406,1.05984,0,-3.5,0,0.096009,-0.992551,-0.0749966
-155.064,-12.578,-11.8462,0.500774,0,4.2,0,0.926924,0.362535,0.0968516
-144.74,5.56763,-16.0036,-0.0992739,0,-3.2,0,-0.343758,0.528981,0.775893
-150.486,5.775,-17.7568,-0.638004,0,1.9,0,0.894482,-0.176217,-0.410914
-162.245,-17.5495,-25.112,-0.116774,0,-1.3,1,-0.772932,0.634473,-0.00448806
-140.871,-9.3845,-25.4918,0.441345,0,3.84228,0,-0.681649,-0.704933,-0.196021
-147.032,-11.5282,-32.3345,-0.324356,0,2.8,0,0.632069,-0.150688,-0.76012
-134.478,-20.3232,-23.465,0.138114,0,-0.7,0,0.633154,-0.241328,-0.735443
-168.86,-31.7945,-27.0373,0.194792,0,-3.2,0,0.712841,-0.0546768,-0.699191
-138.077,-17.4757,-2.727,1.87977,0.319796,0.523986,0,0.377122,-0.47628,0.794315
-135.322,11.5347,-10.995,0.300117,0,-1.6,0,0.90843,0.144883,-0.392127
-138.493,-22.615,-4.324,0.611907,0,-4.5,0,-0.608886,0.182325,0.77202
-148.311,17.1248,0.54475,2.1933,0.0812153,-3.9,0,0.233667,0.257257,0.937666
-140.349,11.6705,-36.888,0.516605,0,2.89311,0,0.762728,0.262512,-0.591045
-144.356,19.6941,-35.1802,0.196561,0,-3.5,0,0.160931,0.973369,-0.163261
-159.861,-1.72337,-11.0571,0.0319919,0,2.8,0,-0.0582337,-0.900097,-0.431781
-148.964,-24.029,-19.102,0.793815,0,-4.5,1,0.041253,-0.935923,0.349782
-171.964,-34.1125,-27.5075,-1.30739,-0.599441,-3.2,0,-0.881018,-0.0105838,-0.472964
-159.912,-22.149,-24.588,0.192349,0,-3.5,1,-0.963926,-0.237507,0.120153
-155.96,-24.5665,-27.9455,0.65594,0.0142553,-3.34545,0,-0.170708,-0.547041,-0.819515
-164.805,13.3615,-25.5033,-0.430681,0,-3.2,0,-0.289325,0.332015,0.897807
-141.501,15.6075,-35.6795,1.058,0.527336,2.52537,0,0.914905,0.00578904,-0.403627
-152.171,-15.0325,-30.485,0.411183,0,-4.5,0,0.241703,0.0145473,-0.970241
-142.697,1.55275,-14.5962,0.213508,0,-3.08529,0,-0.755711,-0.350573,0.553173
-158.531,-13.6132,-20.2701,0.147898,0,-0.9,0,-0.861958,-0.407345,-0.301826
-130.367,-13.674,-21.0597,0.572406,0,3.8,0,0.39024,0.410704,-0.824035
-159.059,16.9734,-2.37613,0.666946,0,-1.6,0,-0.422641,0.474356,0.772244
-132.577,-20.6824,-0.894125,1.4554,0,-3.9,0,-0.608766,0.104008,0.786502
-149.484,-8.402,-4.36375,0.403578,0,4.5,0,-0.999703,0.0185175,-0.0158671
-148.095,-18.4855,-21.6405,1.00124,-0.641634,-4.5,0,0.984099,-0.174475,-0.0332759
-154.337,-10.8647,-33.3185,0.268658,0,0.143541,0,0.659378,-0.00271192,-0.751806
-142.964,-15.6275,-16.6248,2.04734,0,-4.5,0,0.0836153,0.602971,0.793369
-131.249,-27.1375,-19.957,0.404583,0,1.8,0,-0.0733784,-0.99543,0.0611198
-144.367,12.771,-28.5785,-0.367975,-0.942651,-3.46055,0,0.978745,0.20221,0.0341802
-128.6,-19.7775,-2.566,3.00129,0.0750797,-3.9,0,0.710001,0.701031,0.0667376
-152.722,-22.8472,-20.4435,-0.601489,-0.341939,-0.9,1,-0.451264,-0.781693,0.430485
-127.217,-24.9688,-12.0855,0.635636,0,-1.6,0,0.18089,-0.450971,0.874016
-161.178,-20.216,-29.9945,-0.835062,-0.0123558,-3.5,1,-0.632508,-0.772638,0.0544405
-165.611,-16.6283,-9.334,0.127238,-0.0262467,-3.10754,0,-0.659231,0.751626,0.0217547
-145.514,-16.579,-2.934,-0.676368,-0.836102,-3.5,0,-0.422916,-0.877562,-0.22589
-161.218,-25.3455,0.422,-0.601633,0,-1.3,0,0.722938,-0.167145,0.67039
-141.871,14.846,-25.249,1.19203,0,-4.5,0,0.733278,0.57435,-0.363904
-138.27,-27.6,-8.164,0.298101,-0.501184,1.9,0,0.142103,-0.809288,0.569965
-152.815,16.026,-30.629,0.207217,0,-0.4,0,0.360865,0.271412,-0.892251
-139.032,-17.3745,-11.542,1.97427,0,1.4016,0,-0.205043,0.265981,-0.941919
-159.118,-22.2885,-29.8333,-1.08488,-0.228966,-3.5,1,-0.426598,-0.82425,0.372325
-142.097,7.17475,-5.82075,0.0119502,0,4.5,0,0.691487,-0.218194,0.688649
-150.728,14.2303,-33.4425,-0.886392,0,0.948193,0,-0.825721,0.554379,-0.104156
-167.675,-28.819,-4.75025,0.867162,0.266136,-2.39962,1,-0.713876,-0.385376,0.584693
-143.239,15.547,-31.452,0.375475,0,-3.5,0,0.763543,0.490218,0.420344
-137.635,19.996,-9.1655,0.109645,0,-3.5,0,0.460682,0.547363,0.698689
-155.385,6.7615,-9.97275,0.42538,0,-0.4,0,0.244478,0.0266832,0.969288
-129.277,-20.954,-0.585,2.06421,0.296166,-3.9,0,0.294826,0.139272,0.945347
-152.471,6.822,-20.012,-0.00175419,0,1.35946,0,0.0464806,-0.968085,-0.246275
-152.704,-18.738,-20.031,0.605362,0,-0.9,1,-0.22208,-0.303641,0.926543
-152.393,5.02225,-12.4528,0.45346,0,-3.2,0,0.561121,0.734536,0.381576
-137.808,-21.7358,-24.3783,0.036641,-0.0432491,-0.7,0,-0.0176689,-0.89804,-0.439559
-152.613,4.599,-10.683,0.241014,0,-0.4,0,0.490471,0.82001,0.294993
-165.461,-21.8215,-13.8945,-0.88863,-0.345364,-3.5,0,-0.506565,-0.563613,-0.652482
-162.229,12.8092,-25.915,-0.432759,0,-3.2,0,0.294357,0.325877,0.89842
-162.407,-20.781,-13.1795,-0.705476,-0.0113629,-3.5,0,0.926363,-0.199109,-0.319699
-168.876,-15.0988,-4.97225,0.135837,0,-0.7,0,-0.406731,0.830018,0.381628
-147.322,-14.981,-15.3877,0.277111,0,-3.2,0,0.770104,-0.549201,0.324529
-145.451,-10.0405,-2.06725,0.308256,0,4.5,0,0.637688,0.327106,0.697393
-149.234,16.998,-28.4965,-0.209936,0.335346,-3.5,0,0.330703,0.441831,-0.833919
-130.494,-28.156,-14.695,0.72001,0,-4.5,0,0.710269,-0.406747,-0.574521
-154.291,-19.7955,-31.487,0.930703,0,-1.52771,0,0.870898,0.239143,-0.429358
-168.255,-36.457,-10.9087,0.246298,0,4.2,1,0.232089,-0.94135,0.244939
-136.805,-6.27775,-26.1042,0.256418,0,3.8,0,0.666034,0.538245,-0.516421
-174.704,-41.892,-22.019,0.633327,0,-4.5,0,-0.820243,-0.374748,-0.432162
-135.064,7.5055,-23.0093,0.263572,0,3.8,0,0.92051,-0.258665,-0.292837
-133.637,-16.0725,-9.275,0.84772,0,-4.5,0,0.17889,0.17884,0.967478
-158.035,15.962,-30.389,-0.927053,-0.319397,-0.4,0,-0.440849,0.893549,0.0849826
-150.617,2.8135,-24.9897,0.219561,0,1.9,0,-0.952271,-0.287838,0.101635
-154.067,20.4076,-5.39775,-0.810366,0,-3.5,0,-0.789276,0.543843,-0.285093
-163.761,-31.342,-5.0325,0.347115,0,-2.90855,1,0.918375,0.372593,0.133272
-144.079,-23.307,-22.5655,0.978027,0.742239,-4.5,0,0.564843,-0.754751,0.333623
-158.54,-2.125,-17.0982,0.118286,0,2.8,0,0.0942548,-0.823596,-0.55929
-162.039,-19.2426,-32.114,-0.964059,0,-3.5,1,-0.561864,-0.602978,-0.566328
-131.49,-10.773,-8.2695,0.534332,0,3.8,0,0.697379,0.699357,0.156724
-156.144,-4.3475,-8.806,0.267662,0,4.2,0,-0.459089,-0.883104,-0.0967721
-154.957,15.4855,-0.4105,0.227432,0,4.2,0,0.00991367,0.259922,0.965579
-142.751,-5.9325,-30.627,0.242591,0,3.8,0,0.521449,0.3031,-0.797635
-138.001,-1.188,-21.9995,0.227284,0,3.86839,0,0.626186,0.0901573,-0.774444
-155.524,-22.39,-23.598,0.0836653,-0.222077,-1.59026,1,-0.191776,-0.32202,0.927106
-143.574,-13.964,-10.432,1.58311,-0.492521,-1.95419,0,0.532633,-0.634819,-0.559738
-153.441,5.862,-11.9475,0.458278,0,-0.4,0,0.859499,0.468849,0.203573
-149.042,-6.17375,-2.608,0.292014,0,4.5,0,-0.65409,0.644086,0.396634
-133.592,-26.251,-21.537,0.0221748,-0,1.8,0,0.13063,-0.847631,-0.514254
-139.51,-19.2185,-20.1795,-0.113209,0,-3.57577,0,-0.492939,-0.813889,0.307565
-148.511,4.4045,-7.251,0.547817,0,-0.4,0,-0.741147,-0.363388,-0.564492
-146.758,19.4802,-17.1682,0.179306,-0.474768,-3.5,0,0.0457316,0.893846,0.446036
-143.467,8.27375,-15.5868,0.191675,0,-0.7,0,-0.837461,-0.410933,0.360268
-163.552,8.10125,-13.2115,0.645798,0,-0.7,0,-0.929657,0.269566,-0.251141
-131.531,-22.988,-1.01825,0.840287,0,-3.9,0,-0.206322,-0.776905,0.594853
-166.217,-33.66,-16.4485,0.870382,0.0475353,-4.5,1,0.931116,-0.247183,0.268187
-141.745,-4.0245,-14.276,0.956318,0,2.56976,0,-0.73897,0.51191,-0.438032
-148.549,-20.3022,-14.0883,0.892044,0,1.8,0,-0.182515,-0.406254,0.895347
-131.102,-10.7855,-15.595,0.375714,0,3.8,0,0.65209,0.630032,0.421708
-140.301,-12.085,-15.854,1.91763,0,3.8,0,-0.695323,-0.709205,-0.116423
-162.343,-27.3428,-5.30575,0.6042,0,-1.3,1,0.696285,-0.680743,-0.227545
-147.335,15.332,-0.1035,1.66344,0.333982,-3.9,0,0.639268,-0.287621,0.713169
-135.125,12.3695,-23.545,0.0891003,0,2.8,0,0.931291,0.362831,-0.0324154
-156.652,18.104,-23.633,-0.111755,0,-3.2,0,-0.149038,0.945322,-0.290093
-167.365,-28.857,-12.967,0.394457,0,3.8,1,-0.646011,0.0595045,-0.761005
-163.423,6.502,-10.057,0.139172,0,-0.7,0,-0.45508,-0.395071,0.79801
-156.908,19.0082,-5.38675,0.391044,0,-1.6,0,0.0700461,0.997455,-0.0132941
-166.486,-11.724,-32.895,0.11074,0,-0.9,0,-0.903563,0.198244,-0.379832
-163.563,-28.0764,0.056625,0.164163,0,-1.3,1,0.329699,-0.764728,0.553614
-153.148,-23.403,-29.9065,0.432505,0,-0.4,0,0.265518,-0.919013,-0.291402
-160.619,7.8495,-21.7905,-0.112638,0,1.76565,0,-0.536994,-0.0538625,0.841865
-155.048,-10.589,-15.693,-0.356617,0,4.5,0,-0.606945,0.587931,0.534748
-162.309,-19.822,-30.937,-0.605488,0,-3.5,1,-0.565742,-0.808329,-0.16291
-147.038,17.3032,-27.2022,-0.038645,0.600368,-3.99212,0,0.584319,0.437625,-0.683414
-152.124,16.4575,-2.2385,0.836868,0,-3.81956,0,-0.545783,0.589641,0.595353
-146.566,14.4242,-1.961,0.846937,0,2.35311,0,0.745035,0.393789,0.53838
-141.831,-9.7005,-15.534,1.46376,0,3.52938,0,-0.527296,-0.819104,-0.225894
-140.35,-28.9487,-3.74475,0.539187,0,-4.5,0,-0.744776,-0.535022,-0.398824
-168.529,-30.9233,-13.989,0.365196,0,4.2,1,-0.0662564,0.970615,-0.231335
-161.016,9.744,-17.835,-0.0886637,0,-3.5,0,-0.922266,-0.342304,-0.179595
-136.684,-10.163,-26.9405,0.374313,0,3.8,0,0.694423,-0.528907,-0.487887
-166.042,-26.376,-1.5265,0.137561,0,-1.3,0,-0.826009,0.561794,0.0457833
-159.973,12.7898,-7.574,-0.491174,-0.723164,3.8,0,-0.934788,0.132525,-0.329559
-147.217,-10.6745,-0.6965,0.340242,0,4.5,0,0.0546606,-0.228924,0.971908
-151.326,-26.42,-23.676,-0.0746961,-0.433267,-1.3,1,-0.118657,0.0579969,0.99124
-136.991,-28.5502,-9.36325,-0.660808,-0.374492,1.9,0,0.582989,-0.656198,0.47909
-154.753,19.4673,-32.4735,-0.940109,-0.414527,-3.5,0,-0.512213,0.338588,-0.789301
-147.528,-11.2587,-12.4585,0.57926,0,-3.2,0,-0.294532,0.406001,-0.86511
-132.659,-11.4003,-21.5329,0.566206,0,4.5,0,0.802688,0.578063,-0.146748
-131.685,-31.8403,-10.0028,0.712327,0.0050253,-4.5,0,-0.403881,-0.895979,0.184666
-159.274,-15.215,-34.08,-0.0771083,0,3.8,1,-0.982337,0.184242,0.0327002
-153.949,-17.3547,-16.869,0.369283,0,-0.8,1,0.487396,-0.741179,0.461626
-166.419,-34.617,-15.971,0.716162,0.859905,-4.5,1,0.768716,-0.638057,0.0442619
-141.956,19.8105,-20.023,-0.963225,-0.270769,-0.4,0,0.883764,0.451606,0.122529
-142.781,-8.69475,-28.02,0.327906,0,3.8,0,0.321947,-0.946753,0.00300099
-141.249,-31.7153,-14.0855,0.475958,0,1.9,1,-0.183224,-0.905018,-0.383889
-162.107,5.044,-16.827,-0.983985,-0.290243,3.8,0,-0.733387,-0.573687,-0.364729
-141.675,14.8398,-24.1015,1.10808,0.649237,-4.5,0,0.736576,0.656386,-0.163132
-135.911,-29.6513,-15.1447,0.44561,0,3.8,1,0.609462,-0.675157,-0.415595
-141.048,0.7735,-11.596,-0.592024,0,2.5,0,-0.869377,0.462479,0.174057
-148.654,-15.338,-28.8472,0.542772,0,-0.996309,0,0.477989,-0.66283,-0.576353
-143.592,21.699,-10.3825,-0.758503,-0.919597,-3.5,0,-0.148078,0.986207,0.0739465
-143.661,-11.6707,-25.4613,0.369976,0,-0.8,0,0.652621,0.375232,-0.658246
-151.252,-29.8223,-22.4023,0.405735,0,-1.3,0,-0.339334,-0.264298,0.902773
-147.746,-7.22525,-21.574,0.346123,0,3.63567,0,-0.158371,0.898703,0.408964
-157.656,16.9425,-14.282,-0.821673,0,1.9,0,-0.903964,-0.42728,0.0167356
-167.928,-26.154,-8.92775,0.21708,0,-3.9,0,-0.792705,0.233854,-0.562966
-131.097,-22.1063,-0.32525,1.30088,0,-3.9,0,0.111288,-0.368993,0.922745
-146.394,3.508,-21.3258,0.183548,0,3.8,0,-0.875665,-0.106464,0.471037
-136.032,1.0345,-17.9185,0.0269907,0,4.43976,0,0.893088,0.388083,0.227566
-157.08,16.314,-15.2845,-0.820783,0,1.9,0,-0.70944,-0.516725,-0.47926
-134.577,0.168,-9.98675,0.229636,0,3.8,0,0.759522,0.631899,0.154369
-135.83,19.4875,-10.9855,-0.801222,-0.457592,-3.5,0,0.763988,0.480156,0.431013
-158.007,18.7603,-12.2773,0.225105,0,1.9,0,-0.765509,0.171483,0.620152
-134.577,5.81575,-10.3427,0.197019,0,3.8,0,0.241099,-0.16812,0.955828
-143.693,3.4245,-32.4565,0.178635,0,2.8,0,0.525286,-0.797545,-0.296642
-136.156,13.8212,-21.4772,0.501548,0,2.8,0,0.86254,0.335869,0.378441
-133.458,-20.6115,-9.307,-0.0523605,0,-3.60496,0,0.663283,0.612564,0.429909
-150.34,-13.7113,-32.9367,0.468183,0,2.8,0,-0.462498,-0.746439,-0.47846
-165.543,12.6103,-28.1035,-0.351509,0,-3.2,0,-0.735704,-0.147571,-0.661031
-154.048,14.2635,-14.0162,0.00266272,0,3.00318,0,-0.932624,-0.264125,0.245868
-142.423,9.57475,-5.14425,0.256589,0,3.20106,0,0.299387,-0.0293538,0.95368
-148.235,20.4395,-28.363,-1.08473,-0.828226,-3.5,0,-0.00904064,0.23788,-0.971253
-150.469,-9.29425,-6.638,0.3772,0,3.8,0,-0.400817,-0.382276,0.832593
-150.739,6.36575,-37.961,0.145787,0,4.5,0,-0.318953,-0.395384,-0.86136
-147.316,-27.8827,-26.0877,0.516252,0,-1.3,0,0.880471,0.448521,-0.153625
-155.365,3.2915,-16.1135,-0.0235547,0,3.2117,0,0.401811,-0.451883,-0.796461
-142.651,7.045,-9.941,0.32806,0,4.5,0,-0.81825,-0.347359,-0.458049
-156.725,18.7635,-15.638,-0.0145342,0,1.9,0,-0.503017,0.146708,-0.851734
-142.5,4.573,-34.156,0.345405,0,2.8,0,0.794156,-0.403881,-0.454089
-136.272,8.643,-25.716,0.267775,0,3.31911,0,0.660075,-0.375453,-0.650643
-153.521,-15.533,-30.8818,0.660327,0,-4.5,0,0.506474,0.234492,-0.829758
-142.281,-24.9055,-15.24,-0.233079,-0.273645,-0.8,0,0.0602321,-0.997598,0.0342128
-153.82,6.05825,-33.994,-0.171118,0,1.59821,0,-0.469852,0.0661335,-0.880265
-132.835,-3.247,-18.4807,0.283684,0,4.5,0,0.881797,-0.238591,0.406827
-133.047,-1.618,-19.873,0.277833,0,4.5,0,0.773409,0.330099,-0.541178
-132.75,-12.2517,-23.229,0.483366,0,4.5,0,0.463165,0.25406,-0.849077
-150.212,2.755,-1.7615,0.35956,0,1.8,0,-0.436793,-0.645503,0.626528
-147.699,-10.461,-17.326,0.975419,0,3.85108,0,0.56804,0.29553,0.76811
-158.943,-12.2568,-32.9147,-0.0318659,0,3.94908,1,-0.801737,-0.12323,-0.584836
-133.335,-4.52075,-4.57875,0.305748,0,4.5,0,0.996581,-0.0762269,0.0318599
-136.012,16.476,-15.916,0.262526,0,2.8,0,0.590342,0.798144,-0.120261
-135.02,-2.581,-21.723,0.271584,0,4.5,0,0.523373,0.0296311,-0.851588
-160.977,-3.93675,-28.3113,0.0538271,0,3.8,0,-0.859984,0.471832,-0.194428
-129.818,-14.5367,-6.983,1.24433,0,-3.9,0,-0.573567,-0.602046,0.555483
-154.409,-23.7515,-32.114,-0.654644,-0.0723374,-1.3,0,0.0774892,-0.978449,-0.191397
-148.523,-31.5675,-23.745,-0.528155,-0.223756,-1.3,0,0.00972248,-0.986192,0.165318
-149.218,24.1935,-10.873,-1.25797,-0.141627,-3.5,0,-0.0691401,0.9669,-0.245609
-141.689,16.8435,-22.549,-0.864036,-0.335287,4.2,0,0.609645,0.332442,-0.719594
-170.779,-31.8515,-14.4447,-0.953566,-0.160267,4.2,1,-0.94105,0.310842,0.133427
-161.763,-23.384,-0.539,0.840722,0.40389,-1.3,0,0.317979,0.926204,0.202572
-172.171,-28.194,-23.888,0.287145,0,-3.2,0,0.0330964,0.879059,0.475563
-164.952,12.3632,-25.2153,0.0969602,0,-3.2,0,-0.289823,0.0704669,0.954483
-137.467,-4.5245,-2.7815,0.273596,0,4.5,0,-0.265721,-0.048888,0.96281
-155.949,-22.9207,-30.6125,0.948787,0,-1.3,0,-0.287969,-0.942285,0.170798
-136.857,-16.1245,-6.642,-0.0718917,0,-0.4,0,0.792397,0.222626,-0.567929
-163.953,-34.846,-5.336,0.0450216,0,-3.5,1,0.0118648,-0.99754,0.0690849
-133.173,-2.89075,-20.3067,0.277604,0,4.5,0,0.666515,-0.0619202,-0.742916
-150.064,13.3103,-0.67175,0.518727,0,-3.9,0,-0.189612,-0.364971,0.911506
-169.407,-31.0795,-23.691,-0.116354,0,-3.2,1,0.616467,0.462584,0.637169
-134.82,-25.5312,-22.4632,-0.00388874,-0.436448,0.589476,0,-0.336746,-0.48849,-0.804972
-168.057,-16.872,-3.40925,0.13925,0,-0.7,0,-0.293375,0.0983236,0.950928
-161.335,-24.1825,0.1165,0.313047,-0.0900414,-1.3,0,0.573127,0.498652,0.650285
-152.057,0.14,-37.2842,0.140434,0,4.5,0,-0.552518,-0.395104,-0.733905
-162.66,-25.7763,-5.82675,0.392423,0,-1.68388,1,-0.64655,0.755263,-0.107476
-156.177,-10.0507,-20.7895,-0.178249,0,-0.9,0,0.432818,0.701187,0.566573
-142.202,9.7725,-0.607,0.0275674,0,2.8,0,0.859198,-0.163628,-0.484773
-157.51,-20.0163,-12.3383,0.420351,0,-1.6,0,0.224915,-0.837162,-0.49857
-153.102,-21.7005,-31.14,-0.043622,-0.098803,-0.58546,0,0.926483,0.161835,-0.339762
-144.389,-22,-8.6845,-0.534798,-0.615258,-3.5,1,-0.613375,0.587234,-0.528137
-155.487,-13.6947,-10.0845,0.505527,0,4.2,0,0.771537,-0.122031,0.624371
-150.214,22.2857,-26.346,-1.56416,-0.412371,-3.5,0,-0.378342,0.917922,0.119486
-144.423,-3.79,-32.441,0.279883,0,3.8,0,0.750548,0.00838208,-0.660763
-159.357,12.194,-19.475,-0.36416,0,-3.5,0,-0.228317,0.971931,-0.0567644
-127.954,-17.6945,-23.551,0.670003,0,-4.5,0,0.451555,-0.647875,-0.613478
-141.51,-12.8673,-24.9862,0.366735,0,1.8,0,-0.178999,0.87513,-0.449562
-152.259,-16.069,-15.92,0.592118,0,-3.2,0,-0.356931,-0.393303,0.847297
-141.846,-20.847,-6.104,0.958088,0,-3.5,0,-0.559571,0.815692,0.146722
-159.992,-2.799,-27.758,0.0519067,0,3.8,0,-0.326038,0.944319,0.044293
-156.746,-11.7572,-9.92225,0.362632,0,4.2,0,0.0835078,0.433938,0.897064
-156.458,-2.9535,-35.0783,0.139663,0,1.8,0,-0.421005,0.121818,-0.898841
-164.21,-11.734,-33.9005,-0.141363,0,-0.9,0,0.20206,-0.0235519,-0.97909
-141.195,7.90325,-5.879,0.132102,0,4.5,0,0.442363,-0.553419,0.705721
-143.025,-16.557,-15.9067,1.72299,0,-4.5,0,0.0441737,0.573555,0.817975
-153.173,-23.0198,-31.277,-0.547921,-0.878717,-1.3,0,0.751441,-0.615785,-0.23695
-137.948,20.212,-12.89,-0.101744,0,-3.5,0,0.192872,0.923325,-0.332071
-145.846,-15.3605,-27.4767,0.332109,0,2.8,0,0.109685,-0.977033,-0.182693
-133.779,-3.06075,-4.21125,0.26545,0,4.5,0,0.840678,0.488284,0.234178
-160.041,-16.8463,-2.51825,0.310728,0,3.8,0,0.575465,-0.287071,0.765788
-154.617,-3.89625,-21.8838,0.294894,0,2.8,0,-0.912588,0.221131,0.343924
-152.402,8.6385,-6.201,0.118325,0,1.9,0,-0.462225,-0.754635,-0.465698
-142.533,-31.8525,-12.083,-0.376003,0,1.9,1,-0.611282,-0.784597,-0.103645
-165.445,-23.1548,-11.9885,0.238499,-0.16123,-3.99204,0,-0.529023,-0.343273,-0.776079
-151.198,-3.77975,-15.46,0.458387,0,2.8,0,0.786273,-0.220172,-0.57732
-134.385,-7.702,-6.071,0.241638,0,4.45009,0,0.952266,0.248998,-0.176605
-161.975,9.9425,-32.072,-1.26391,-0.172918,2.8,0,-0.150735,0.287936,-0.945712
-140.143,-20.2927,-22.4013,0.184556,-0.345737,-2.07999,0,-0.547381,-0.612485,0.570295
-159.773,-17.5278,-3.39875,0.350379,0,3.8,1,0.816581,-0.481989,0.317618
-163.989,-30.1192,-5.575,0.545813,0,-1.3,1,0.991991,-0.121224,0.035473
-162.419,10.0055,-15.0195,0.149304,0,-0.7,0,-0.528318,0.683622,-0.50353
-149.728,-10.2095,-3.17775,0.404859,0,4.5,0,-0.947409,-0.275522,0.162803
-163.783,9.56875,-22.2757,-0.0666109,0,-0.7,0,-0.392676,0.770364,0.502339
-125.625,-11.4823,-16.9573,0.447244,0,2.8,0,0.314902,0.737921,-0.596917
-162.57,-13.5352,-3.31075,0.224706,0,3.8,0,-0.273727,0.706488,0.652647
-140.247,-25.3468,-13.136,1.33624,0,0.963107,1,-0.74812,-0.288597,-0.597519
-153.298,-8.6875,-7.7755,0.324912,0,3.8,0,-0.831691,0.0260559,0.554627
-146.233,19.0255,-32.4525,-0.526923,0,-3.5,0,-0.127456,0.804733,0.579793
-138.843,2.8045,-21.7887,0.182128,0,3.8,0,0.510322,0.161245,-0.844732
-157.375,2.44825,-23.5888,0.0702257,0,4.2,0,0.222928,-0.952278,-0.208492
-148.775,-10.009,-6.65375,0.706942,0,0.96328,0,-0.541736,-0.724803,0.425656
-148.134,-19.261,-26.531,1.24016,0,-4.32707,0,0.666003,-0.0125934,-0.745843
-165.636,-17.4007,-12.9338,0.142571,0,-3.5,0,-0.647329,0.551362,-0.526274
-139.311,-20.1385,-21.6635,0.228318,-0.0232966,-3.25304,0,-0.450563,-0.728777,0.515633
-153.258,16.8843,-20.3438,0.0116984,0,-3.9,0,-0.305412,0.947042,0.0991742
-153.955,4.8165,-33.9723,-0.0169028,0,-1.3,0,-0.324042,0.154341,-0.933368
-149.236,-11.7825,-10.5157,0.962512,0,-3.2,0,-0.827285,-0.558816,-0.0576551
-164.202,-20.089,-4.296,0.125822,-0.475003,1.25421,1,0.0538743,-0.707563,0.704594
-158.373,-19.9543,-5.9715,0.644124,0,-1.3,1,0.881839,0.468049,0.0573564
-160.908,3.3055,-26.7335,-0.118687,0,3.01013,0,0.469031,-0.802133,0.369583
-134.667,-2.3175,-3.7555,0.245628,0,4.5,0,0.387824,0.774069,0.500408
-164.281,-22.2447,-14.3433,-1.19506,-0.269216,-3.5,0,-0.244962,-0.455635,-0.855798
-168.971,-35.7067,-23.4813,1.28907,0.120718,-3.2,0,0.942093,-0.134822,0.307055
-162.245,15.361,-27.075,0.188672,0,-3.2,0,0.395631,0.825042,0.403461
-157.827,19.7687,-12.89,0.597194,0,1.9,0,-0.822862,0.495385,0.278373
-158.176,15.905,-25.4772,-0.150515,0.808683,-3.2,0,-0.746306,0.240471,-0.620645
-163.574,-17.6515,-31.5173,-1.48675,-0.612983,-3.5,1,-0.973921,-0.19013,-0.123808
-158.122,-22.5465,-29.9597,-0.174616,0,-3.5,0,-0.112412,-0.979977,0.164341
-144.386,-22.7315,-5.0245,1.45693,0.647327,-3.5,1,-0.868764,0.00787214,0.495163
-136.47,18.7665,-10.3115,-0.533305,-0.761441,-3.5,0,0.646273,-0.0264431,0.762648
-164.521,-30.044,-21.7295,0.449815,0,-4.5,0,-0.500021,0.249309,-0.829352
-145.574,21.0417,-18.0595,2.48693,0.126367,-3.9,0,0.440807,0.649204,0.619858
-170.263,-36.421,-11.7662,0.259574,0,4.2,1,-0.570415,-0.714184,0.40567
-126.133,-13.263,-13.219,0.161452,0,2.8,0,0.666296,0.283811,0.689565
-129.837,-22.7987,-11.6462,0.392735,-0.484594,-1.20655,0,0.156606,-0.614798,0.77298
-154.986,-8.345,-35.3085,0.194505,0,4.5,0,0.656784,0.0801587,-0.749806
-159.531,5.9785,-18.5115,-0.100382,0,3.8,0,-0.834959,0.39969,-0.378275
-159.006,12.1228,-17.7621,-0.152801,0,-3.5,0,0.103185,0.947026,0.304128
-141.624,18.049,-34.179,0.678297,0,-3.5,0,0.526136,0.713614,0.462532
-161.646,-17.4405,-23.8725,-0.156797,0,-1.3,0,-0.488337,0.842539,0.227276
-150.066,18.9732,-22.9482,-0.238285,0,-3.35882,0,-0.576547,0.720773,0.384811
-138.284,13.935,-18.732,0.854826,0.438458,3.15004,0,0.935246,0.32783,-0.133574
-171.911,-23.9225,-8.0335,1.28903,0.42515,-3.9,0,0.10332,0.550556,-0.82838
-144.27,2.2775,0.0955,0.254078,0,1.8,0,-0.128374,0.223247,0.966272
-139.836,-19.935,-2.278,0.948276,0,-3.5,0,0.596177,-0.783495,0.175239
-149.855,-21.6835,-16.6935,1.30212,0.783408,1.8,1,-0.386339,-0.704596,0.59522
-151.413,-14.165,-30.3945,0.376155,0,-2.4725,0,0.0893118,-0.413547,-0.906092
-159.484,-24.5785,-26.5295,0.169361,0,-3.5,0,-0.745144,-0.623841,-0.235758
-126.228,-21.1297,-13.3485,0.211186,0,-1.6,0,0.988072,0.111467,0.106253
-141.286,-31.1472,-14.939,0.474019,0,1.9,1,-0.348892,-0.430438,-0.832465
-139.898,17.5053,-14.2535,0.210586,0,-3.5,0,-0.0587852,0.588762,-0.806166
-168.749,-28.509,-8.907,-0.377467,-0.0241437,-3.52579,1,-0.936594,0.121913,-0.328525
-149.453,-16.1817,-29.0565,0.780061,0,-4.5,0,0.62058,-0.371105,-0.690769
-172.249,-27.26,-7.50925,0.440412,0,-3.9,1,-0.424253,-0.828859,-0.364696
-140.787,8.047,-30.469,0.14274,0,2.8,0,0.629215,0.384382,0.675528
-160.772,4.24575,-17.9745,-0.0580244,0,3.8,0,-0.873961,-0.234886,-0.425465
-156.079,-4.188,-24.184,-0.00772118,0,2.8,0,-0.368356,0.927178,0.0682278
-140.945,-27.792,-2.271,1.14293,0.724306,-4.5,0,-0.863077,0.157479,0.479894
-148.15,23.7015,-10.707,-1.54505,-0.034656,-3.5,0,0.624029,0.742891,-0.242281
-146.537,-14.4515,-29.6245,0.834063,0,2.8,0,0.189749,-0.908936,-0.371256
-145.226,-10.881,-28.1217,0.25945,-0.423161,3.25224,0,0.993121,-0.0935887,0.0703631
-148.853,18.397,-34.1665,0.221453,0,-3.5,0,-0.736907,0.674079,-0.0508541
-151.848,-29.9902,-25.315,0.03815,0,-1.3,0,-0.536593,-0.747396,-0.391748
-153.249,10.8088,-10.4655,-0.444936,0,1.9,0,-0.526066,-0.736267,-0.425635
-157.303,-3.385,-34.3013,0.131738,0,1.8,0,-0.928383,-0.0548131,-0.367561
-162.152,-14.839,-2.81425,0.245511,0,3.8,0,-0.0493157,0.528699,0.847376
-156.711,-13.0405,-24.9382,0.23531,0,-0.855743,0,-0.960249,-0.227302,0.162033
-145.13,-17.789,-15.7395,1.54592,0.786585,-4.5,0,-0.345664,0.493376,0.798183
-168.844,-25.2927,-3.956,0.342654,0,-3.9,0,-0.0279579,0.229495,0.972908
-143.766,-7.4815,-2.7405,0.299995,0,3.8,0,-0.48909,-0.341944,0.802412
-154.752,-23.5505,-23.3627,-0.654358,-0.320275,-3.5,1,-0.453801,-0.300286,0.838983
-136.807,-21.1028,-18.4813,0.863191,0.335683,-3.07743,0,-0.706217,-0.622364,0.337523
-145.904,10.545,-41.3935,0.282811,0,2.8,0,-0.682024,-0.00474558,-0.731314
-128.301,-21.059,-1.0085,1.46264,0.844533,-3.9,0,0.782681,0.0358962,0.621387
-167.221,-31.1835,-14.6973,0.463794,0,0.768353,1,-0.22468,0.961388,-0.158908
-143.992,-9.18925,-28.0697,0.327603,0,3.8,0,0.491202,-0.863438,-0.114869
-144.117,11.8527,-41.3065,-0.00752029,0,2.8,0,0.0841222,0.5082,-0.857121
-136.749,-22.6357,-16.3377,0.877208,0,2.38632,0,-0.64877,0.321348,-0.689807
-138.97,18.1955,-14.594,0.359271,0,-3.5,0,-0.273868,0.340988,-0.899291
-151.997,-23.271,-29.172,0.568436,0,-0.549964,0,0.0935348,-0.729211,-0.677866
-139.415,13.4365,-6.8245,0.354694,0,1.54191,0,0.507521,-0.342662,0.790573
-141.196,-15.8682,-10.0883,1.35573,0,2.20464,0,-0.577245,0.278523,-0.767602
-139.822,7.92675,-34.8085,0.232517,0,3.8,0,0.397404,-0.897138,-0.192907
-144.504,-3.91975,-13.9152,0.34322,0,4.5,0,0.1687,0.941039,-0.293234
-146.672,-15.9513,-3.0145,0.555944,-0.174697,-3.5,0,-0.446907,-0.894354,0.0201241
-170.844,-28.0688,-26.4097,-0.0745606,0.490125,-3.2,0,0.302554,0.916298,-0.26241
-158.204,-8.9995,-20.2415,-0.0757288,0,-0.9,0,0.175006,0.631301,0.755534
-158.283,-18.6348,-13.072,0.446587,0,-1.6,0,-0.123456,-0.675297,-0.72714
-162.38,6.095,-10.123,0.0878969,0,-0.7,0,-0.088582,-0.693453,0.715035
-162.91,9.61775,-31.6147,-1.36962,-0.134682,2.8,0,-0.766587,0.165766,-0.620376
-145.745,-6.4755,-30.736,0.210526,0,3.8,0,0.192687,-0.518914,-0.832827
-160.094,-18.013,-7.83325,0.32657,0,-1.55114,1,0.767618,0.371924,0.521953
-159.621,3.194,-22.2512,0.0762641,0,4.2,0,-0.368565,-0.887444,0.276771
-159.893,-18.789,-6.774,0.590097,0,-1.3,1,0.808459,0.576523,0.118391
-150.905,4.8985,-18.0935,0.0640936,0,1.9,0,0.584642,-0.227111,-0.778854
-150.135,21.8505,-14.438,-0.0792433,0,-0.8,0,-0.696005,0.594804,-0.402225
-164.534,10.1152,-25.4818,-0.0350254,0,-0.895655,0,-0.893272,-0.136749,0.428211
-171.059,-43.9523,-23.0112,0.820951,0.694115,-4.5,1,0.337569,-0.839801,-0.425184
-150.032,8.63975,-18.629,0.0589131,0,3.8,0,0.474672,-0.4183,0.77441
-130.68,-30.571,-8.7515,0.99173,0.340534,-4.5,0,0.3825,-0.0676217,0.921477
-149.982,14.1045,-37.0658,-0.581876,0,1.9,0,-0.5813,-0.560774,-0.589595
-160.898,-19.7103,-38.2523,0.596216,0.385269,-1.3,1,-0.293527,0.159374,-0.942572
-139.434,3.6325,-22.1052,0.192692,0,3.8,0,0.596883,-0.147139,-0.788721
-155.868,-5.526,-14.1217,-0.0697035,0,2.8,0,-0.312275,-0.946929,0.0762245
-152.344,19.6693,-31.025,0.0199728,-0.130944,-3.5,0,0.49147,0.51148,-0.704872
-135.514,8.59625,-24.614,0.362697,0,2.8754,0,0.822747,-0.398733,-0.405092
-156.055,5.6315,-3.12,0.749753,0,1.9,0,-0.483869,-0.873929,0.046038
-158.161,-13.8298,-27.1395,-0.283244,0,-0.881268,0,-0.484341,0.204908,0.850545
-136.775,12.118,-27.1947,0.0955748,0,2.8,0,0.563324,0.396583,-0.724837
-149.971,-20.722,-29.1625,1.12231,0.0672177,-0.7,0,0.187511,0.473404,-0.860656
-163.581,-28.136,-9.541,0.428205,0,-0.304034,1,0.691418,-0.712683,-0.11842
-164.014,7.1165,-22.3897,-0.019977,0,-0.7,0,-0.394359,-0.437676,0.808035
-173.26,-28.4307,-24.2765,0.375007,0,-3.2,0,-0.66929,0.68333,0.291738
-144.288,21.6795,-22.819,0.12311,0,-0.4,0,0.0599762,0.945078,-0.321295
-153.305,-3.333,-25.3895,0.0580608,0,2.8,0,-0.544944,0.83847,0.0018962
-136.25,-17.2855,-6.99975,1.00418,0,-0.650145,0,0.522812,0.766372,-0.373285
-172.16,-33.716,-17.2048,0.42844,0,1.8,1,-0.308556,0.234856,0.921757
-134.614,-28.8835,-14.1807,0.561479,0,-0.348807,1,0.126826,-0.892423,-0.433008
-168.106,-30.2925,-12.813,0.793799,0.0169657,4.2,1,-0.658449,0.631472,-0.409499
-163,-33.344,-7.57775,-0.972909,-0.908241,-3.5,1,0.866553,-0.181369,-0.464963
-160.764,11.694,-16.799,-0.479964,-0.750128,-3.5,0,-0.541782,0.701007,0.463748
-153.556,15.9268,-31.4755,-0.0461687,0,-0.4,0,0.710833,0.221649,-0.667524
-164.204,-19.4368,-3.401,-0.259741,-0.137657,3.8,0,0.208617,-0.704722,0.678119
-133.779,-3.7405,-20.33,0.269097,0,4.5,0,0.582574,-0.511589,-0.631572
-145.45,-16.057,-9.162,1.43751,0,-0.8,0,-0.686722,-0.642021,-0.340913
-146.37,-23.3883,-19.1677,0.908706,0,-1.35231,0,0.276735,-0.93404,0.225804
-159.689,12.6517,-8.77825,1.26148,-0.00518304,-3.58081,0,-0.751546,0.629591,-0.196963
-133.963,-6.83275,-4.07025,0.35447,0,4.5,0,0.92449,-0.175555,0.338375
-133.826,-17.9167,-5.38925,0.624225,-0.0412699,-2.76677,0,0.80416,0.473236,-0.359688
-142.633,9.6195,-26.1565,0.723592,0,2.73209,0,0.691464,-0.23711,-0.68239
-164.395,14.4467,-25.9405,-0.81816,0,-3.2,0,-0.0832048,0.517586,0.851576
-141.314,-23.1965,-15.982,-0.0992394,-0.26069,-0.8,0,0.308762,-0.237775,-0.920939
-170.783,-24.5732,-8.28675,0.609835,0,-3.9,0,-0.0405989,0.367517,-0.92913
-148.224,-10.2373,-0.9455,0.340416,0,4.5,0,-0.64965,-0.030687,0.759614
-157.51,-18.7868,-18.9885,0.902902,0.86437,-0.8,0,-0.713652,-0.695458,-0.0838961
-161.511,-13.7922,-28.8034,-0.361572,0,-0.9,0,-0.405388,0.0816713,0.910489
-147.464,-30.7612,-23.2547,0.389382,-0.00551898,-1.3,0,0.613707,-0.454858,0.645343
-160.443,-24.3943,-8.72675,0.547006,0,-3.13898,1,0.907824,-0.0175981,-0.418982
-143.065,2.3285,-0.1385,0.249618,0,1.8,0,0.551842,0.252938,0.794665
-157.973,12.5623,-21.4562,-0.375718,-0.36345,-2.18328,0,-0.733284,0.641893,-0.224206
-156.367,-3.178,-6.9005,0.269229,0,4.2,0,-0.773605,-0.382496,0.505205
-162.298,-19.1437,-21.7575,0.09484,0,-1.3,0,-0.576898,0.223095,0.785759
-133.29,-6.6655,-14.881,0.334202,0,4.0021,0,0.884907,0.459271,-0.0775169
-168.326,-36.187,-25.9925,-0.901978,-0.875958,-3.2,0,0.579621,-0.807584,-0.108844
-164.608,-26.6033,1.20675,0.387246,0,-1.3,0,-0.345853,-0.0116601,0.938216
-133.382,-14.9425,-9.628,0.595668,0,2.78786,0,0.269088,-0.122432,0.955302
-158.575,-10.7195,-14.0475,0.1569,0,4.2,0,-0.415386,0.827213,-0.378383
-143.637,-17.3285,-15.3895,1.58214,0,-4.5,0,-0.0327209,0.401312,0.915357
-160.106,11.4888,-7.99075,1.00177,0,0.22206,0,-0.997279,0.0337395,0.0655469
-142.168,-15.59,-1.3125,-0.0271767,0,-3.5,0,-0.239068,0.727863,0.642699
-155.153,-9.51875,-17.137,0.174,0,4.5,0,-0.773327,0.581884,-0.251747
-157.279,14.3597,-22.452,-0.786555,-0.254195,-1.78457,0,-0.95173,-0.000884272,0.306934
-175.179,-24.1882,-6.81575,2.2312,0.867324,-3.9,0,-0.942935,-0.0440383,-0.330051
-163.417,14.9185,-26.3705,-0.376263,0,-3.2,0,0.155008,0.66683,0.72891
-138.193,-30.1682,-13.0675,0.632158,0,3.8,1,0.53996,-0.807325,0.238054
-151.018,-16.2775,-15.257,0.912917,0,-3.2,0,-0.636292,-0.298704,0.711273
-164.236,14.2595,-28.878,-0.42181,0,-3.2,0,-0.459391,0.31357,-0.831044
-140.683,8.74175,-37.2375,0.232952,0,3.28448,0,0.656414,-0.663538,-0.35894
-142.613,-2.54725,-0.19475,0.241143,0,3.8,0,-0.33175,0.0675625,0.940945
-136.598,-15.1495,-27.7882,0.640125,0,-0.4,0,0.0245557,0.523602,-0.851609
-133.815,-19.1693,-7.13075,-0.746715,-0.19284,-3.9,0,0.768774,0.507733,-0.388837
-150.19,-14.4975,-29.8768,0.360514,0,-0.789226,0,-0.00811736,-0.636621,-0.771134
-169.963,-19.7208,-5.956,-0.595733,-0.354948,-0.7,0,-0.982931,-0.0191935,0.18297
-154.891,-9.49975,-15.9502,0.178028,0,4.5,0,-0.700072,0.553103,0.451637
-161.435,3.84475,-23.8845,-0.447001,-0.434757,4.2,0,-0.521732,-0.789118,0.324174
-139.144,-26.721,-2.4775,0.905462,0,-4.5,0,0.183577,0.480659,0.857477
-158.289,14.797,-25.1575,0.0698074,0.108734,-1.15421,0,-0.968585,0.164151,-0.186808
-142.624,20.008,-19.2545,-0.929461,-0.134321,-0.4,0,0.481795,0.555627,0.677608
-141.706,-28.1155,-13.4395,0.769531,0,1.9,1,-0.659078,0.474679,-0.58335
-147.926,5.49175,-22.045,0.238577,0,3.8,0,-0.495075,-0.852306,0.168745
-130.76,-6.1355,-9.40925,0.328447,0,4.2,0,0.737542,0.462304,0.492247
-161.196,-16.7948,-26.4061,-0.142493,0,-1.3,1,-0.630914,0.774768,-0.0410176
-140.947,-29.6215,-8.69525,0.724657,0,1.9,1,-0.124731,-0.248384,0.960598
-137.505,9.19625,-8.0485,0.35185,0,-1.6,0,0.539187,-0.417042,0.731678
-149.863,22.7075,-12.165,-0.929104,-0.165868,-3.12609,0,-0.623112,0.656619,-0.42495
-150.956,15.9712,-36.4755,-0.888634,0,1.9,0,-0.833146,0.474549,-0.284025
-146.1,0.43925,-33.4342,0.319655,0,-1.3,0,0.28002,-0.435801,-0.855375
-154.843,5.36125,-3.39225,0.841985,0,1.9,0,-0.0152437,-0.965656,-0.259375
-162.406,-21.8915,-13.514,-1.36662,-0.834571,-3.5,0,0.932437,-0.169977,-0.318855
-149.308,-0.53675,-6.30775,0.935812,0.138565,-0.518929,0,-0.487426,0.751066,0.445326
-138.633,-28.2687,-16.2525,0.467575,0,3.8,1,-0.694615,-0.371202,-0.616214
-147.457,22.054,-8.6725,-0.422054,0.174315,-3.5,0,0.701866,0.661439,0.264352
-139.826,4.5735,-32.4055,0.389206,0,2.8,0,0.746291,-0.511579,-0.425836
-131.459,-31.2585,-8.86225,0.945209,0.734192,-4.5,0,-0.196563,-0.705918,0.680473
-139.363,-28.93,-4.76125,0.64551,0,-4.5,1,-0.444123,-0.614351,-0.652172
-168.579,-28.1615,-5.05175,0.73121,0,-3.04992,1,-0.508371,-0.635497,0.581122
-139.028,-30.333,-11.8785,0.623876,0,1.9,1,0.69975,-0.687104,0.195547
-138.671,-29.354,-15.831,0.456326,0,3.8,1,-0.449051,-0.383939,-0.806811
-164.404,-14.006,-11.748,0.307161,0,4.2,0,-0.97369,0.203089,0.103354
-137.268,16.4182,-16.14,0.226688,0,2.8,0,0.0325096,0.893853,-0.447179
-147.434,-14.559,-30.082,0.615585,0,2.8,0,0.215889,-0.932902,-0.288246
-148.92,21.264,-23.32,-0.179629,0,-3.5,0,-0.464202,0.681522,0.565725
-159.733,-23.5567,-26.3832,0.232091,0,-3.5,0,-0.961125,-0.0832545,-0.263264
-162.713,-27.2821,0.14875,0.023038,0,-1.3,1,0.578409,-0.583029,0.570544
-155.26,4.0695,-16.95,0.195405,0,2.80988,0,0.569382,-0.625428,-0.53352
-134.879,11.135,-10.1335,0.254831,0,-1.6,0,0.989464,-0.0917883,-0.111968
-159.233,-17.5125,-8.55663,-0.543838,-0.0312014,-1.6,0,0.409025,0.236462,0.881353
-156.969,-4.27675,-16.2127,0.292318,0,2.8,0,-0.518104,-0.282476,-0.807326
-127.258,-18.001,-20.433,0.209419,0,-4.5,0,0.790738,-0.604571,-0.0960654
-137.671,-9.57025,-28.693,0.308663,0,3.8,0,0.481167,0.0698551,-0.873841
-140.042,6.443,-30.7305,0.0728573,0,2.8,0,0.835498,0.0678759,0.545285
-174.626,-34.2815,-19.488,0.264781,0,1.8,0,-0.987478,0.0892599,-0.130077
-141.189,14.1222,-37.3042,0.587553,0,2.8,0,0.920599,0.387617,-0.0474451
-135.669,-28.6825,-3.39725,0.762905,0,-4.5,0,0.909454,0.285958,0.301862
-159.005,3.5235,-25.6085,0.059716,0,4.2,0,0.0139196,-0.956742,-0.290605
-147.057,-8.8185,-18.8085,0.706044,0,3.8,0,-0.0118256,0.695031,0.718882
-147.336,-14.8033,-4.4975,0.88389,0,-3.5,1,-0.479473,-0.401063,-0.780547
-152.715,-2.4905,-19.1725,0.268371,0,2.8,0,-0.327595,-0.085976,0.940898
-157.202,-10.6695,-11.687,0.268567,0,4.2,0,0.0656319,0.974991,0.212331
-129.906,-30.4883,-9.4655,0.761412,0,-4.5,0,0.779218,0.131372,0.612829
-146.568,18.3557,-26.9107,-0.110529,0.0262907,-4.03498,0,0.615401,-0.0563701,-0.786196
-155.839,17.566,-21.227,0.320549,0,-3.2,0,-0.280128,0.616143,0.736136
-163.102,-27.3412,-18.3625,0.490826,0,-4.5,0,-0.235485,0.958543,0.160443
-139.64,-10.8775,0.7485,0.322366,0,3.8,0,-0.469231,0.438721,0.766385
-161.85,-0.4635,-8.91725,0.0381164,0,2.8,0,-0.59219,-0.125585,0.795952
-166.956,-35.1785,-12.5665,0.233349,0,4.2,1,0.762804,-0.639619,-0.0949611
-145.76,-20.236,-25.5417,1.23026,0.739536,-4.5,0,0.547486,0.490649,-0.677881
-133.107,-13.153,-5.1965,0.6162,0,3.8,0,0.167443,-0.836847,0.521201
-156.484,-22.0023,-23.3092,0.0576831,0,-3.5,1,0.0639741,-0.0431975,0.997016
-168.484,-30.8795,-26.3057,0.501992,0,-3.2,0,0.947404,0.24549,-0.20533
-140.057,-29.888,-2.7555,0.813749,0,-4.5,0,-0.59473,-0.803874,-0.00910872
-161.455,-19.9212,-28.9282,-0.848567,-0.294758,-3.5,1,-0.536817,-0.790325,0.295319
-133.913,-8.5505,-6.561,0.260998,0,3.8,0,0.80018,0.59223,0.0947407
-155.04,-18.468,-10.864,0.657324,0,-1.6,1,0.906577,-0.409089,-0.10375
-170.405,-38.717,-22.0295,0.378788,0,-4.5,0,0.889747,-0.443984,-0.105959
-142.941,8.562,-0.8475,0.00160152,0,2.8,0,0.838843,-0.277495,-0.468337
-142.573,-8.8475,-29.322,0.293139,0,3.8,0,0.392333,-0.895593,-0.209732
-145.76,-23.7315,-21.467,1.0908,0.702845,-4.5,0,0.409985,-0.895983,0.170668
-137.031,-20.574,-3.693,0.596222,-0.713135,-4.5,0,-0.349067,-0.16203,0.922983
-143.458,19.6577,-34.0565,0.121628,0,-3.5,0,0.336324,0.871194,0.357641
-158.09,-7.88325,-36.211,0.10122,0,4.5,0,0.126784,0.791587,-0.597758
-125.241,-17.0278,-13.8573,0.45014,0,2.8,0,0.878612,-0.325103,0.349784
-127.918,-18.817,-20.5395,0.643434,0,-4.5,0,0.883049,-0.387163,-0.265198
-173.848,-34.739,-22.9685,-1.51021,-0.0406772,-4.5,0,-0.947466,0.132358,-0.291187
-150.351,19.3627,-18.0305,0.1447,0,-3.9,0,-0.667522,0.726121,0.164812
-152.823,-9.8275,-32.0525,0.183689,0,-0.4,0,0.271553,-0.0544582,-0.960881
-171.622,-42.5247,-20.1895,0.0944705,0,-4.5,1,0.67533,0.18831,0.71307
-161.669,-29.7355,-18.585,0.106367,0,-4.5,1,0.745557,-0.508019,0.431349
-149.163,12.2075,-0.81425,0.39533,0,-3.9,0,-0.114333,-0.31558,0.941986
-137.162,-16.7908,-7.684,0.75245,0,-0.88886,0,0.847038,0.529559,-0.0457596
-153.117,-3.387,-34.271,0.167187,0,3.00015,0,0.0162449,-0.143929,-0.989455
-158.665,4.1565,-8.66225,0.530726,0,2.8,0,-0.0763866,0.34786,0.93443
-130.57,-22.2975,-10.8193,-0.052495,-0.958675,-0.8,0,0.604747,-0.38023,0.69979
-148.975,1.2145,-16.041,0.618632,0,-3.2,0,0.125845,-0.870397,-0.475997
-154.168,15.936,-32.274,-0.0945142,0,-0.4,0,0.49183,0.289832,-0.821036
-152.355,-19.4455,-29.5995,0.596784,0,-0.624838,0,0.503589,-0.0257742,-0.863559
-147.21,-6.436,-21.9412,0.208065,0,3.8,0,-0.584312,0.428277,0.689317
-161.032,8.0755,-31.5497,-0.311268,-0.361642,2.8,0,0.550645,-0.00475263,-0.834726
-148.753,-4.67825,-33.785,0.210044,0,3.81219,0,0.529522,-0.315468,-0.787455
-158.113,-0.21225,-7.861,0.229858,0,3.55717,0,-0.523488,0.279538,0.804872
-143.527,22.1545,-11.733,-0.23671,0,-3.2,0,0.105997,0.908848,0.403435
-159.15,14.322,-28.7103,-0.249519,-0.0781905,-1.81663,0,-0.0957762,0.912579,0.397525
-160.112,-14.934,-14.125,-0.997824,-0,4.2,0,-0.551765,-0.32765,-0.766943
-145.518,0.95375,-0.8485,0.346692,0,1.8,0,-0.717977,-0.464281,0.518606
-156.378,-12.6772,-37.0363,0.111424,0,3.8,0,0.026647,0.150696,-0.988221
-153.105,-22.269,-32.0375,-0.94432,-0.206681,-1.3,0,0.937597,0.0302783,-0.346404
-152.626,18.8787,-24.192,-0.105319,-0.0608792,-3.39634,0,-0.338042,0.927502,0.159586
-146.997,-2.847,-4.14925,-0.385119,-0.966305,-0.8,0,-0.447115,-0.261268,0.855469
-144.653,-21.6768,-25.5238,1.20223,0.453752,-4.5,0,0.141245,-0.163444,-0.976389
-155.381,0.71325,-6.74175,0.384029,0,4.2,0,0.0917274,0.718198,0.689766
-150.151,23.473,-9.3325,-1.07337,-0.0134359,-3.5,0,-0.395805,0.917787,-0.0317073
-153.568,19.3145,-32.4953,-1.2056,-0.563067,-3.5,0,0.325251,0.396991,-0.85826
-173.54,-29.4977,-24.7948,0.497536,0,-3.2,0,-0.992141,0.0690633,-0.104335
-148.041,-12.3865,-7.64075,0.969678,0,-3.2,1,-0.593958,-0.689371,0.414707
-155.948,17.0915,-31.3118,-0.0994141,0,-0.4,0,-0.629813,0.425767,-0.649661
-135.716,18.2955,-10.856,-0.671445,-0.703017,-3.5,0,0.833065,-0.212644,0.510671
-143.136,4.709,-13.5857,0.482546,0,-0.4,0,-0.875789,0.163188,0.454273
-142.46,20.7665,-22.452,0.215229,0,-0.4,0,0.822055,0.563736,-0.080164
-157.87,15.1445,-23.257,-0.860749,0,-3.2,0,-0.874768,-0.303684,0.377567
-144.865,-20.5732,-25.1103,1.02534,0.345987,-4.5,0,0.354362,0.732122,-0.581744
-137.559,0.3225,-22.3795,0.238563,0,3.8,0,0.56038,0.435448,-0.704528
-134.863,9.398,-24.306,0.411709,0,2.8,0,0.961979,-0.252468,-0.104193
-145.834,-15.006,-9.40275,0.948152,0,-1.91311,0,-0.826247,-0.532074,0.184968
-135.869,9.88425,-14.8658,0.15904,0,4.03623,0,0.950654,0.0925513,-0.296127
-161.343,11.4025,-4.1935,-0.148147,0,3.8,0,-0.913233,-0.40685,0.0218747
-171.798,-38.6307,-24.2768,0.275205,0,-4.5,0,0.302546,-0.276981,-0.912002
-138.582,-4.6335,-3.3415,0.243793,0,4.15,0,-0.0039992,-0.0674125,0.997717
-147.811,-16.696,-27.198,0.659496,0,-4.5,0,0.69539,-0.405892,-0.59303
-137.831,10.2093,-35.506,0.2234,0,3.8,0,0.753225,-0.183645,-0.631607
-151.084,-13.155,-31.89,0.41691,0,2.8,0,-0.62531,-0.69223,-0.360284
-126.649,-15.7615,-21.0737,0.638766,0.418687,-4.5,0,0.865202,0.500067,0.0368585
-144.002,21.5435,-9.32675,-0.166358,-0.375293,-3.35542,0,-0.167475,0.924041,0.343657
-140.643,17.3455,-20.417,0.101678,0,1.8,0,0.4802,0.819238,-0.313462
-137.675,6.65,-9.391,-0.606269,-0,3.8,0,0.677545,0.0520263,0.733639
-164.553,6.6045,-23.2665,-0.0257936,0,-0.7,0,-0.658123,-0.695515,0.288328
-141.508,-18.6478,-8.04525,1.03396,0,1.9,1,-0.944994,-0.106606,0.309227
-173.115,-27.0198,-6.74,0.635631,0,-3.9,1,-0.537632,-0.796211,-0.27749
-147.475,-13.6377,-32.2715,0.175367,0,2.8,0,0.482323,-0.524251,-0.701801
-138.035,13.3305,-7.1355,0.546713,0,-1.6,0,0.304616,-0.0846187,0.948709
-141.533,-24.205,-15.9005,-0.380008,-0.353163,-0.8,0,0.335475,-0.55435,-0.761678
-142.646,10.8287,-1.16475,-0.162422,0,2.8,0,0.798709,0.0299096,-0.600974
-169.903,-30.9622,-14.088,-0.546033,-0.558664,4.2,1,-0.450122,0.88256,0.135936
-136.344,10.0205,-17.2815,0.299801,0,4.5,0,0.902517,0.0920896,-0.420692
-151.385,4.9285,-14.0225,0.477051,0,-3.10483,0,0.496181,0.773902,0.393548
-163.241,-24.332,-1.77925,0.258775,0.0141928,-1.3,1,-0.622694,0.731066,-0.278917
-166.861,-20.5375,-12.407,-1.41009,-0.322054,-3.5,0,-0.99613,0.0204658,0.0854748
-140.587,-0.4415,-25.113,0.158738,0,3.8,0,0.559961,0.0945127,-0.82311
-159.648,-11.0385,-22.4565,-0.21551,0,-0.9,0,-0.655487,-0.576358,-0.488005
-135.512,13.9165,-13.584,-0.179979,0,2.8,0,0.440894,0.454942,0.773719
-143.675,3.3,-0.3505,0.193556,0,1.8,0,0.316256,0.576922,0.753089
-165.906,11.6827,-27.3727,0.133196,0,-3.2,0,-0.899118,-0.281973,-0.334782
-146.034,-11.3285,-17.6003,1.45104,0,3.8,0,0.483233,0.0600566,0.87343
-164.588,-17.4013,-3.0325,-0.0859405,-0.0862404,3.8,0,-0.0972543,0.323366,0.941263
-172.452,-37.385,-19.2355,0.935024,0.508964,-4.5,0,-0.0124061,-0.573099,0.819392
-169.266,-24.27,-4.643,0.312848,0,-3.9,0,-0.0875458,0.47712,0.874467
-149.029,2.91575,-36.096,0.337449,0,4.31027,0,0.256922,-0.224954,-0.939886
-158.581,-14.9,-36.8905,0.056449,0,3.8,0,-0.306728,0.0294574,-0.951341
-161.857,12.1053,-4.89525,-0.169123,0,3.8,0,-0.879756,-0.420408,-0.222006
-157.23,17.4995,-24.33,-0.599679,0,-3.2,0,-0.276304,0.813195,-0.512221
-171.059,-29.782,-23.0905,-0.0465832,0,-3.2,1,0.341654,0.273924,0.899021
-153.747,10.242,-29.8092,-0.970171,0,-0.850499,0,-0.914242,-0.0090186,-0.405067
-140.469,-25.2048,-7.6115,0.42844,0,-2.00526,1,-0.881251,-0.429009,0.198362
-140.716,12.613,-36.858,0.531805,0,3.24626,0,0.798038,0.454428,-0.395765
-145.375,13.6436,-39.3071,0.277369,0,2.8,0,-0.592788,0.574899,-0.563998
-162.635,9.3985,-12,0.348856,0,-0.7,0,-0.312522,0.903861,0.292173
-157.255,-11.0325,-10.4218,0.301223,0,4.2,0,-0.188102,0.8065,0.560514
-148.811,18.2747,-33.0518,0.0161889,0,-3.5,0,-0.688266,0.639035,0.343402
-151.486,-8.1765,-18.563,0.373444,0,3.54121,0,-0.258024,0.965748,-0.0274625
-165.945,11.479,-25.973,0.191095,0,-3.2,0,-0.813845,-0.460513,0.35438
-149.83,-7.23275,-2.91475,0.317325,0,4.5,0,-0.948876,0.213588,0.232409
-153.28,-2.854,-24.472,0.00661328,0,2.8,0,-0.626632,0.704432,-0.33333
-140.885,17.29,-34.1473,0.760845,0,-3.5,0,0.847623,0.340729,0.406742
-154.869,-16.9053,-12.5942,0.648136,0,-1.6,0,0.926718,-0.219741,-0.304807
-157.5,17.43,-15.1798,-0.723805,0,1.9,0,-0.835781,-0.0770142,-0.543636
-162.711,-33.9868,-6.411,0.306804,0.127513,-3.5,1,0.825542,-0.402141,-0.395933
-150.602,18.8307,-3.48225,-0.43561,0,-3.63523,0,0.754599,0.57666,0.313118
-161.893,2.4935,-26.725,0.132733,0,2.8,0,0.0951901,-0.781482,0.616623
-142.583,20.2425,-23.5632,0.260081,0,-0.4,0,0.805077,0.158239,-0.571674
-149.891,7.0315,-38.8645,0.10667,0,4.5,0,-0.150295,-0.399992,-0.904112
-155.569,-3.72725,-6.39525,0.269694,0,4.2,0,-0.196964,-0.554075,0.80883
-146.29,6.50925,-37.5918,0.207064,0,2.8,0,-0.129026,0.0335248,-0.991074
-137.923,-21.341,-25.5077,0.279948,0,-0.7,0,0.316209,-0.781464,-0.53789
-135.18,-2.7965,-5.733,0.245733,0,4.5,0,0.378056,0.829438,-0.411226
-145.391,-23.5745,-11.752,-0.0945133,-0.393935,-0.8,1,-0.541387,-0.572698,0.615563
-162.247,-25.095,0.88425,-0.719414,-0.866394,-1.3,0,0.0736517,0.228228,0.970818
-147.997,19.099,-4.62525,-0.450251,0,1.9,0,-0.263032,0.688586,0.675769
-149.508,-5.17275,-5.61975,-0.330723,0,4.5,0,-0.687801,-0.0874471,0.720613
-168.107,-35.0565,-9.726,0.245717,0,4.2,1,0.235985,-0.40039,0.885437
-163.096,14.8892,-29.1285,0.318919,0,-3.2,0,-0.0728574,0.555942,-0.828022
-162.352,9.889,-12.855,0.489606,0,-0.7,0,-0.356854,0.871834,0.335501
-141.837,-7.1265,-1.03375,0.30905,0,3.8,0,-0.227455,0.348678,0.909224
-141.973,-6.064,-29.918,0.245086,0,3.8,0,0.810813,0.177545,-0.557727
-167.745,-25.6238,-4.11,0.636349,0,-3.9,0,0.0235952,0.264019,0.964229
-126.069,-13.5693,-17.5875,0.159513,0,2.8,0,0.0364344,0.256847,-0.965765
-157.35,-3.362,-15.9137,0.208167,0,2.8,0,-0.794267,-0.340935,-0.502895
-156.532,6.2715,-32.991,-0.387414,0,-1.3,0,-0.465301,0.32718,-0.822464
-142.425,0.56975,-14.0975,0.231374,0,2.5,0,-0.979629,0.0405363,0.19668
-159.275,-11.83,-14.314,0.0865345,0,4.2,0,-0.767941,0.343391,-0.540693
-136.15,1.81625,-19.9722,0.267662,0,4.36071,0,0.762749,0.531157,-0.368899
-156.78,-23.509,-23.6782,-0.183443,0,-3.5,1,0.160132,-0.358638,0.919639
-130.089,-31.6075,-11.9108,0.831654,0.662833,-4.5,0,0.343905,-0.766903,-0.541839
-149.459,-2.65337,-35.406,0.237573,0,4.5,0,0.303783,-0.702861,-0.643197
-141.467,3.7205,-11.0515,0.478864,0,0.0307383,0,-0.896199,-0.371786,0.24208
-146.327,20.7705,-7.7665,0.936119,0.0276609,1.23842,0,0.243138,0.951434,0.188831
-144.162,1.1115,-16.68,0.289356,0,-3.47891,0,-0.661517,-0.442118,0.605745
-147.848,-5.62675,-22.7663,0.122686,0,3.8,0,-0.421048,0.241764,0.874225
-150.714,2.6605,-10.1058,0.78551,0.0654269,-0.596643,0,0.667143,0.654014,0.35663
-169.275,-25.9935,-8.31125,0.653931,0.00273231,-3.9,0,-0.175088,0.076039,-0.981612
-156.335,-2.22275,-6.2925,0.271931,0,4.2,0,-0.5074,-0.332588,0.794941
-147.605,4.76875,-12.855,0.329718,0,-3.2,0,0.391351,0.904132,0.171434
-162.107,0.864,-8.935,0.0399033,0,2.8,0,-0.635342,0.0477983,0.77075
-149.439,6.195,-38.1283,0.156703,0,4.5,0,0.226697,-0.324534,-0.918306
-138.166,-18.6518,-26.9848,1.17302,0.275665,-0.4,0,-0.0816353,-0.28657,-0.954575
-136.716,-12.6075,0.56775,0.419023,0,3.8,0,0.522494,-0.136047,0.84172
-140.813,1.7455,-11.2805,-0.410759,0,2.50426,0,-0.990931,-0.00059369,-0.134368
-128.148,-15.6652,-7.648,2.362,0.163206,-3.9,0,-0.205885,-0.85071,0.483637
-148.115,11.1795,-1.1575,0.308312,0,-0.577368,0,-0.445336,-0.233671,0.864334
-159.81,4.01,-20.1365,-0.00514403,0,4,0,-0.943696,-0.330435,-0.0158368
-148.724,-1.78975,-35.9055,0.235388,0,4.5,0,0.542631,-0.386093,-0.745978
-151.49,14.25,-32.1455,-0.654888,0.0177693,-0.8,0,-0.393604,0.705424,-0.589451
-141.683,-30.089,-9.32925,0.626203,0,1.9,1,-0.514919,-0.413227,0.751067
-149.939,10.09,-37.8375,0.0422787,0,4.5,0,0.160282,0.898473,-0.408725
-162.799,-16.6528,-32.2293,-0.708701,0.0212716,-1.56023,1,-0.266533,0.171492,-0.948447
-163.949,-13.2885,-33.6082,-0.29596,0,-0.9,1,0.173449,-0.296085,-0.939281
-147.402,-5.139,-3.699,0.225613,0,4.5,0,-0.427627,0.815806,0.389354
-168.254,-33.6405,-25.767,-0.956355,-0.738753,-3.2,0,0.94051,0.296075,-0.166676
-131.576,-5.3885,-9.9445,0.308187,0,4.2,0,0.596311,0.751222,0.28298
-157.081,-21.5915,-36.4995,-0.0297202,0,-1.3,0,0.590834,-0.0105924,-0.806724
-162.964,-28.8275,-12.5675,0.393932,0,3.8,1,0.849224,-0.469197,-0.242223
-137.844,5.21,-23.7755,0.275311,0,3.8,0,0.162284,-0.964096,-0.210198
-149.963,11.7645,-15.3505,0.425371,0,2.92973,0,0.263356,-0.835473,0.482315
-159.033,-4.20475,-25.9508,0.0827314,0,3.8,0,-0.174782,0.682415,0.709761
-145.449,-24.6138,-13.9978,0.589557,0,-0.8,1,-0.306805,-0.941562,-0.139041
-143.257,9.284,-9.13475,0.312419,0,4.5,0,-0.804079,-0.0190855,-0.594217
-135.922,-12.6955,-0.3255,0.464982,0,3.8,0,0.930332,-0.100886,0.352567
-143.26,19.1068,-4.846,0.57351,0,1.9,0,0.615898,0.673471,0.408786
-138.301,-24.1155,-21.8675,-0.50351,-0.544788,-0.7,0,-0.702894,-0.527094,-0.47761
-171.048,-30.9223,-27.222,-0.31819,0,-3.2,0,-0.309033,-0.0115241,-0.950981
-134.384,-4.5525,-6.892,0.294852,0,4.5,0,0.879933,0.130975,-0.456687
-160.316,-6.564,-27.9855,0.0671283,0,3.8,0,-0.898386,-0.374526,-0.229418
-158.844,-14.88,-16.9578,-0.48964,-0.90549,-0.893616,0,-0.956271,-0.290303,0.0356384
-171.26,-26.8008,-3.85925,0.428761,0,-3.9,0,0.019233,-0.581323,0.813446
-162.296,-9.797,-30.3825,0.112876,0,-0.9,0,-0.0527779,0.588105,0.807061
-157.571,-10.2153,-13.3018,0.211403,0,4.2,0,0.0120732,0.999124,0.0400581
-156.896,19.9568,-12.3542,0.611484,0,1.9,0,-0.315206,0.674113,0.667994
-127.333,-12.735,-9.732,2.54437,0,-3.9,0,0.72892,0.618361,-0.293778
-143.639,-10.4785,-25.1245,0.340557,0,4.5,0,0.716861,-0.207551,-0.665608
-131.15,-27.191,-15.7378,0.616046,0,-4.5,1,0.469769,-0.623638,-0.624814
-153.64,-16.4732,-16.2887,-0.301455,-0.327448,-1.83807,1,0.270855,-0.579552,0.768607
-135.497,-0.606,-21.668,0.271471,0,4.5,0,0.463668,0.0328233,-0.885401
-144.73,6.597,-18.2355,0.538982,0,-3.2,0,-0.59347,0.761614,0.260263
-161.865,-15.9858,-1.83025,0.235432,0,3.8,0,-0.111265,0.270756,0.956196
-149.527,-7.37075,-4.12975,0.346822,0,4.5,0,-0.976833,0.181037,-0.114116
-136.484,5.693,-23.648,0.261285,0,3.8,0,0.597771,-0.781715,-0.177739
-140.962,4.238,-24.2145,-0.174414,0,3.8,0,0.844363,-0.273742,-0.460561
-160.406,12.597,-6.6095,-0.234239,-0.00444958,3.8,0,-0.792342,0.014575,-0.609903
-150.579,-25.9583,-28.1325,0.516525,0,-1.3,0,0.30087,0.0505137,-0.952326
-157.639,-2.28325,-14.5297,-0.0501021,0,2.8,0,-0.771741,-0.625378,0.115401
-143.27,15.1567,-30.4517,0.3945,0,-3.5,0,0.801708,0.424186,0.421107
-135.029,8.842,-23.4235,0.2679,0,3.26873,0,0.988923,-0.131527,-0.0687924
-130.052,-22.4982,-4.308,1.10238,0.510217,-3.9,0,0.61093,-0.53352,-0.584911
-159.1,-13.4047,-27.459,0.0828954,0,-0.9,0,-0.378378,0.275297,0.883766
-159.648,-8.27975,-20.6112,0.220407,0,-0.9,0,-0.153785,0.700035,0.697353
-146.381,-0.5365,-33.1017,0.387317,0,-1.3,0,0.392131,-0.40465,-0.826131
-157.826,-13.2598,-36.6927,0.0618894,0,3.8,0,-0.477185,0.129879,-0.869152
-132.374,5.627,-14.458,0.218555,0,3.8,0,0.993504,-0.113272,-0.0109159
-153.548,-8.3735,-9.64675,0.315994,0,3.8,0,-0.986281,-0.162732,0.0276998
-135.512,3.64925,-15.299,0.300619,0,3.8,0,0.66317,-0.490846,-0.565045
-156.803,-16.1315,-9.5545,0.921575,0,-1.6,0,0.0388904,0.554936,0.830984
-145.304,-14.3313,-29.6213,0.346403,0,2.8,0,0.346955,-0.857312,-0.380313
-148.2,-16.858,-14.921,1.08737,0,-0.635075,0,0.721897,0.243755,0.647648
-161.999,1.29375,-28.6162,0.113854,0,2.8,0,-0.402141,-0.911765,0.0834698
-155.905,16.268,-16.0732,-0.523405,0,1.9,0,-0.689132,-0.386569,-0.612913
-162.588,-11.919,-11.7793,0.221531,0,4.2,0,-0.441652,0.80106,-0.404038
-150.014,-23.6445,-18.2262,0.663131,0,-4.5,1,-0.238507,-0.706308,0.666516
-148.87,11.5745,-10.9672,0.200544,0,1.9,0,0.878913,-0.281107,-0.385344
-147.296,0.51675,-33.7622,0.309481,0,-1.3,0,0.517114,-0.29834,-0.802239
-149.234,23.5177,-11.7555,-1.51804,-0.566843,-3.5,0,-0.0236931,0.723268,-0.690161
-148.414,-29.863,-22.7917,-0.438936,-0.0743835,-1.3,1,0.272031,0.126052,0.953997
-156.626,1.859,-18.8512,0.11465,0,3.8,0,0.872079,-0.459311,-0.168854
-157.001,15.9585,-14.2755,-0.609686,0,1.9,0,-0.673149,-0.730646,0.114138
-163.251,9.4425,-14.5892,0.618671,0,-0.7,0,-0.84593,0.421156,-0.327154
-146.813,14.4718,-12.118,0.2035,-0.56161,-2.65955,0,-0.120865,-0.83601,-0.535237
-146.275,-23.2545,-24.14,0.603725,0,-4.5,0,-0.00769217,-0.92678,-0.375527
-144.109,18.754,-17.5893,-1.17525,-0.326185,-3.5,0,0.660136,0.737898,0.140456
-161.234,-19.809,-32.596,-0.277433,0,-3.5,1,-0.697696,-0.565194,-0.4402
-162.897,-18.4398,-28.9975,-1.96584,-0.861844,-3.5,1,-0.910233,-0.0555008,0.410361
-155.177,-4.5845,-7.69225,0.264366,0,4.2,0,-0.0556608,-0.952207,0.300338
-151.73,19.417,-10.9275,-0.288985,-0.00124038,-0.466462,0,-0.581497,0.703708,-0.408236
-130.96,-23.3025,-4.431,0.75326,0,-3.9,0,0.508129,-0.829222,-0.232801
-159.922,3.904,-31.9967,-0.00795471,0,2.8,0,0.365324,-0.236047,-0.900455
-136.955,-19.6375,-26.4153,0.68034,0.0111757,-0.540699,0,0.351185,-0.493482,-0.795704
-166.678,-23.4137,-4.164,-1.14219,-0.0224582,-4.5,0,0.052743,0.174123,0.98331
-153.452,17.0975,-21.5063,0.217728,0.114395,-3.2,0,0.0422102,0.885123,0.463439
-155.245,-5.55525,-15.225,-0.083445,0,2.8,0,-0.231733,-0.952792,-0.196181
-161.255,12.515,-5.77175,-0.090797,0,3.8,0,-0.707272,-0.0300811,-0.706301
-142.542,-3.6275,-0.34675,0.263595,0,3.8,0,0.147946,-0.0334082,0.988431
-150.04,-22.5643,-17.6615,0.93431,0,-4.5,1,-0.332015,-0.58957,0.736324
-145.36,11.4505,-14.2665,0.224884,0,2.8,0,-0.908046,-0.0305164,0.417758
-156.473,-19.057,-18.9045,0.603341,0.176351,-0.8,0,-0.0386046,-0.995148,0.090498
-140.311,-20.7805,-5.49625,1.02866,0,1.9,0,0.115798,-0.247367,0.961977
-161.381,0.7105,-15.1045,-0.090369,0,2.8,0,-0.731593,0.66495,-0.150376
-154.154,3.90025,-9.14125,-0.0283528,0,-0.4,0,-0.339521,0.702357,0.625636
-147.443,9.284,-0.5685,0.3232,0,2.8,0,-0.746735,0.227243,0.625098
-151.483,8.96925,-8.60375,0.313477,0,1.16211,0,-0.662316,-0.743608,-0.0915693
-161.897,-20.0737,-25.8827,0.0746156,0,-1.3,1,-0.494631,-0.683958,-0.536229
-146.329,6.2605,0.33275,0.444974,0,2.8,0,0.00852998,-0.598342,0.801195
-175.264,-39.8918,-22.5837,1.01363,0,-4.5,0,-0.896636,-0.0144733,-0.442532
-149.318,15.153,0.04825,1.72321,0.279606,-3.9,0,-0.0680234,-0.246352,0.96679
-130.18,-20.963,-21.391,0.431762,0,-4.5,0,0.451553,-0.237769,-0.85998
-144.807,-12.2592,-30.0798,0.582667,0,2.8,0,0.916373,0.155037,-0.369086
-159.528,3.58225,-21.1025,0.0361767,0,4.18075,0,-0.616859,-0.787068,-0.00284283
-140.916,2.0615,-2.8445,0.0996992,0,1.8,0,0.300776,0.584261,0.753772
-158.068,-10.1015,-27.9132,-0.660409,0,3.8,0,-0.81085,0.0309615,0.584434
-140.798,-28.7938,-2.7295,0.889444,0,-4.5,0,-0.929924,-0.36771,0.00550155
-151.723,8.10875,-1.39825,0.508427,0,1.9,0,0.149484,-0.223743,0.963117
-161.818,3.53975,-24.9053,-1.20801,-0.720426,4.2,0,-0.547237,-0.765965,0.337387
-136.922,13.1495,-20.3167,0.69107,0.00521101,3.69843,0,0.772711,0.198451,0.602939
-152.241,-12.6333,-31.3557,0.411732,0,0.0700179,0,-0.127527,-0.839662,-0.527924
-142.735,11.017,-4.612,0.337348,0,1.9,0,0.547603,-0.198518,0.812847
-147.29,-7.61575,-1.049,0.302166,0,4.5,0,0.207138,0.159149,0.96528
-131.793,-10.6395,-4.61075,0.433051,0,3.8,0,0.623296,0.255436,0.739091
-174.622,-25.2927,-6.6025,2.15419,0.0295764,-3.9,0,-0.84521,-0.50456,-0.17618
-142.929,10.0092,-41.1097,-0.126257,0,2.8,0,0.407033,-0.138867,-0.902796
-153.578,-22.6087,-20.9578,-0.897059,-0.081738,-0.9,1,-0.588158,-0.767608,0.254652
-135.271,-21.9024,-3.11625,0.846784,0,-3.9,0,-0.318159,-0.441259,0.839086
-128.93,-21.6385,-3.9115,2.55147,0.363521,-3.9,0,0.67037,-0.162539,-0.724006
-155.817,1.522,-33.823,0.117382,0,-1.3,0,-0.588768,-0.379294,-0.713785
-133.899,-19.288,-9.44825,1.73838,0,-4.5,0,0.798279,0.0324684,0.601412
-164.824,-10.639,-30.8608,-0.165518,0,-0.9,0,-0.616004,0.421726,0.665347
-168.93,-34.568,-23.7455,0.00102203,0,-3.2,1,0.909142,-0.117077,0.399691
-126.353,-17.9298,-15.947,0.349254,0,2.8,0,0.64164,-0.640049,-0.422654
-155.941,-8.02875,-35.9225,0.137048,0,4.5,0,0.399817,0.343347,-0.849858
-168.29,-20.0465,-4.4055,0.328569,0,-0.7,0,-0.323376,-0.320455,0.890358
-168.974,-30.6985,-11.885,0.988397,0.290256,3.93985,1,-0.862729,0.488946,0.128958
-140.964,-11.178,-13.7135,1.57464,0,3.8,0,-0.647258,-0.655208,-0.389563
-162.533,8.85575,-15.5758,0.553932,0,-0.7,0,-0.634812,0.266576,-0.725224
-145.17,12.805,-2.814,0.295911,0,2.8,0,0.818951,0.568154,0.0807476
-155.379,-12.18,-36.418,0.144372,0,3.8,0,0.510754,0.476445,-0.715633
-140.777,21.2307,-10.9248,-0.24737,-0.00104541,-3.5,0,0.452851,0.888454,-0.0746724
-152.53,-28.3,-23.342,0.397167,0,-1.3,1,-0.514505,0.0688209,0.854721
-164.923,10.5487,-26.5238,0.200484,0,-3.2,0,-0.790282,-0.603058,0.108514
-155.082,-17.887,-11.795,0.758713,0,-1.6,0,0.834025,-0.418569,-0.359449
-151.309,18.439,-21.8595,-0.907175,-0.713701,-3.2,0,-0.412487,0.891483,0.187382
-144.698,-15.3313,-27.762,-0.544677,-0.0221546,2.8,0,0.212987,-0.922496,-0.321927
-146.442,-20.4683,-21.3232,1.30226,0,0.637081,0,0.0436007,0.937957,-0.344001
-159.161,-12.0597,-28.1682,0.539571,0,-0.9,0,-0.351449,0.343035,0.871097
-150.956,14.9692,-36.62,-0.919443,0,1.9,0,-0.864075,-0.234239,-0.44554
-163.543,-10.9595,-33.725,-0.133161,0,-0.9,0,0.0818787,0.285673,-0.954823
-153.817,-23.1947,-32.6987,-0.87696,-0.334762,-1.3,0,0.531312,-0.583295,-0.614389
-163.354,-10.636,-30.1012,-0.207366,0,-0.9,0,-0.237366,0.425245,0.873398
-158.417,13.7148,-27.9305,-0.167888,0.0145837,-2.59838,0,-0.180948,0.926889,0.328838
-145.943,18.5675,-36.6193,0.311143,0,-3.5,0,-0.137305,0.35785,-0.923629
-136.538,0.1075,-21.876,0.250564,0,4.5,0,0.372001,0.115906,-0.920968
-165.248,-13.4467,-30.5665,-0.195969,0,-0.9,0,-0.604879,-0.122238,0.786879
-148.173,-27.7604,-24.681,0.141068,0,-1.3,0,0.670615,0.608477,0.424302
-163.542,-24.637,-11.681,1.0711,0.153542,-3.59586,0,0.523503,-0.135294,-0.841213
-157.866,13.459,-8.56175,0.561139,-0.24165,2.8589,0,-0.454317,0.599939,-0.658536
-157.843,-17.3717,-18.8927,0.552962,-0.103694,-0.8,0,-0.9708,-0.0606909,-0.232086
-143.044,6.90225,-3.629,-1.00446,-0.19283,1.9,0,0.920606,-0.108233,0.375193
-153.022,18.6467,-23.037,-0.0186098,0,-3.2,0,-0.345265,0.884817,0.312875
-147.757,-4.1645,-33.6205,0.223328,0,3.8,0,0.489516,-0.214298,-0.845252
-135.67,8.286,-20.9045,0.300686,0,3.8,0,0.777353,0.179699,0.602853
-154.227,1.548,-28.408,-0.707029,-0,-1.6,0,-0.439891,0.0790692,0.894564
-166.596,-19.506,-12.4047,-0.6524,0,-3.5,0,-0.984993,0.171819,0.0163542
-137.993,-1.7825,-2.1895,0.289833,0,4.2,0,0.182483,-0.400099,0.898121
-161.673,-29.2272,-20.2983,0.709776,0.188825,-4.5,1,0.897178,-0.0323713,-0.440482
-170.227,-31.0723,-15.1152,-0.792931,-0.426148,4.2,1,-0.702837,0.66838,-0.243492
-137.567,-17.5635,-14.797,2.8076,0,-4.5,0,-0.218107,0.724406,0.653961
-154.77,3.85025,-28.6117,0.155786,0,0.553474,0,-0.380018,-0.76505,0.51989
-149.855,-3.2265,-12.6003,0.613569,-0.03956,3.66397,0,0.585771,0.23292,-0.776287
-165.181,-12.0197,-30.6332,-0.272783,0,-0.9,0,-0.620229,0.192514,0.760431
-154.87,18.6845,-6.62925,0.692909,0,-2.65632,0,-0.333402,0.939299,-0.0809909
-172.007,-29.1343,-23.2068,0.375989,0,-3.2,0,-0.127274,0.492844,0.860759
-141.809,20.258,-15.2165,0.0132319,0,-3.2,0,0.270863,0.0572957,-0.960911
-136.777,-5.1105,-25.4888,0.255936,0,3.8,0,0.610375,0.317573,-0.725665
-126.641,-24.0795,-12.0863,0.76948,0,-1.6,0,0.591803,-0.173905,0.7871
-132.63,-4.4315,-11.4675,0.289807,0,4.2,0,0.678298,0.680009,-0.278387
-127.153,-11.3018,-14.0625,0.602238,0,2.8,0,0.131697,0.89708,0.421785
-139.61,-8.4395,-0.58475,0.311735,0,3.8,0,0.326499,0.352809,0.876883
-136.904,-9.568,-27.756,0.331898,0,3.8,0,0.81386,-0.0284479,-0.580364
-159.923,-21.4725,-29.7515,-0.365224,-0.516399,-3.5,1,-0.683578,-0.634789,0.360228
-136.891,9.649,-20.8062,0.400797,0,4.13851,0,0.875043,0.254728,0.411599
-153.115,-14.5455,-30.5415,0.197583,0,-0.562039,0,0.36699,-0.107448,-0.923999
-141.227,-21.0195,-16.561,0.57628,0,0.287965,0,0.325098,-0.24761,-0.912689
-135.206,-24.557,-6.142,1.15021,0.212813,-3.9,0,0.655969,-0.648212,0.386687
-149.759,-8.9435,-3.33275,0.363999,0,4.5,0,-0.998752,-0.00462329,0.0497324
-153.516,10.1635,-33.8275,-0.202554,0,-3.5,0,-0.720265,-0.0290125,-0.693092
-157.331,18.5075,-3.201,0.285359,0,-1.6,0,0.0553254,0.88704,0.458365
-154.281,-24.8853,-23.9487,-0.26218,0,-3.08714,1,-0.414812,-0.571896,0.707718
-135.63,-5.73925,-2.9895,0.345047,0,4.5,0,0.323897,0.0594734,0.944221
-150.502,-6.15825,-12.0203,0.365904,0,3.8,0,0.110883,-0.236996,-0.965162
-151.051,-0.499,-37.2272,0.154528,0,4.5,0,0.010972,-0.592922,-0.805185
-163.13,5.9175,-13.8255,0.0142912,0,-0.7,0,-0.7125,-0.663892,-0.227136
-147.966,1.94037,-10.8049,0.448024,0,4.5,0,-0.00874612,0.696482,0.717521
-170.336,-23.8259,-7.34188,0.863061,0.0984322,-3.9,0,-0.153734,0.68088,-0.716078
-137.556,12.3929,-7.43587,0.720231,0,-1.6,0,0.144963,-0.0380828,0.988704
-166.375,-24.0662,-11.3142,1.04549,0,-4.5,0,-0.532129,-0.0367428,-0.845866
-161.285,7.9635,-10.5767,0.321151,0,-0.7,0,0.345374,0.211794,0.914254
-161.689,-12.368,-12.5183,0.288875,0,4.2,0,-0.0942247,0.691279,-0.716418
-136.807,8.9045,-17.9985,0.339217,0,4.5,0,0.883233,0.00637006,-0.46889
-158.957,-16.8078,-36.0379,0.0960452,0,3.41806,1,-0.364976,0.160724,-0.917039
-160.238,-25.763,-3.38775,0.444016,0,-1.3,1,0.433049,-0.602279,0.670617
-153.017,9.928,-14.2712,0.390848,0,3.36361,0,0.541173,-0.700435,0.46532
-138.599,-17.5784,-14.4574,2.80034,0.0338737,-4.5,0,0.100836,0.721465,0.68507
-141.432,13.8249,-5.38613,0.427671,0,1.80065,0,0.420904,-0.18738,0.887541
-171.324,-36.8247,-18.9508,0.828968,0,1.8,1,0.099429,-0.900508,0.423319
-133.472,-26.5621,-10.3595,-0.151795,0.545283,-4.5,0,0.768367,0.299097,0.565821
-150.919,5.398,-22.7106,0.073772,0,-0.9,0,-0.372218,-0.896641,0.239767
-135.062,12.3171,-13.6392,0.238302,0,2.8,0,0.856691,-0.0179821,0.515517
-142.462,-2.03031,-16.769,0.60694,0,-3.5,0,-0.566739,-0.371155,0.735562
-156.351,-1.148,-16.919,0.238718,0,2.8,0,0.606769,-0.203924,-0.768275
-160.552,13.4358,-29.9041,0.759156,0,-2.79445,0,-0.380352,0.886026,-0.265124
-136.404,7.884,-10.5411,0.204267,0,3.8,0,0.435847,-0.0658206,0.897611
-150.57,-9.05612,-15.9816,0.522081,0,4.5,0,0.284757,0.503733,0.815578
-135.01,-1.93788,-8.75575,0.290153,0,3.8,0,0.865783,-0.0435563,0.49852
-137.046,-26.8744,-19.419,0.15189,0,-0.7,1,-0.845539,-0.49434,-0.20172
-152.872,3.551,-17.43,0.545644,0,1.9,0,-0.342258,-0.631321,-0.695912
-140.607,-13.1497,-0.53575,0.311764,0,3.8,0,-0.854312,-0.0960415,0.51081
-141.383,-10.457,-1.955,0.327677,0,3.8,0,-0.654968,-0.252165,0.712341
-151.656,15.2837,-31.1318,0.33959,-0.569812,-0.8,0,-0.193036,0.624434,-0.756848
-141.962,0.00525,-11.3169,-0.362443,0,2.5,0,-0.452396,0.891814,-0.00258622
-151.746,10.0049,-34.8823,-0.181343,0,2.13199,0,-0.453963,0.489752,-0.744352
-141.85,-8.45125,-28.6362,0.29756,0,3.8,0,0.469851,-0.662504,-0.583377
-135.604,0.70875,-10.0341,0.20449,0,3.8,0,0.481114,0.871624,0.0938158
-146.065,-3.63075,-20.5163,0.354463,0,3.8,0,-0.810912,0.13011,0.570521
-135.765,-15.207,-10.234,1.33898,0,3.8,0,0.109624,-0.137769,0.984379
-157.841,-23.022,-34.106,0.210214,0,-1.3,0,-0.191932,-0.951429,0.240718
-151.409,5.878,-21.6675,0.323922,0,-0.9,0,-0.309057,-0.898841,0.310755
-144.709,-15.1205,-17.2855,2.86776,0,-4.5,0,-0.0385349,0.590088,0.806419
-151.763,10.9815,-34.3749,-0.565802,0,-3.5,0,-0.348937,0.374515,-0.859059
-140.928,-6.751,-28.2295,0.257334,0,3.8,0,0.700666,0.0908507,-0.707682
-145.759,12.4513,-9.93825,-0.326046,-0.0382863,-0.8,0,-0.596936,-0.799724,-0.0641101
-136.956,9.768,-18.589,0.476822,0,4.5,0,0.948815,-0.0443089,-0.312709
-162.886,-23.6766,-1.08475,0.802994,0.205046,-1.3,0,-0.531009,0.840613,-0.106766
-145.928,-11.7691,-13.1511,0.738886,0,-0.468921,0,-0.0759581,-0.173564,-0.981889
-142.385,3.58525,-32.212,0.266417,0,2.8,0,0.301215,-0.864446,-0.402496
-156.963,3.30737,-21.77,0.0979784,0,4.2,0,0.709358,-0.696845,0.105915
-156.647,-3.81663,-8.02487,0.265996,0,4.2,0,-0.791463,-0.535981,0.293788
-160.21,13.861,-27.139,0.109191,0,-3.2,0,0.147029,0.83339,0.53277
-159.015,-8.85163,-31.6369,0.204443,0,4.5,0,-0.718691,0.682873,0.131025
-139.45,-15.481,-12.3725,2.2489,0,3.8,0,-0.136279,-0.539756,-0.830717
-155.75,-8.133,-21.8464,0.129378,0,2.8,0,-0.107754,0.00468547,0.994167
-135.193,12.2725,-10.1734,0.366561,0,-1.6,0,0.934275,0.249068,-0.255139
-132.329,-13.3888,-9.39513,0.418436,0,3.8,0,0.165629,-0.697863,0.696817
-152.651,18.8795,-16.5675,0.259864,0,1.9,0,0.146335,0.805087,-0.574822
-147.67,-2.665,-33.018,0.365166,0,3.8,0,0.772024,0.498758,-0.39398
-162.271,-26.5349,-11.1012,0.368644,0,-4.5,1,0.768175,-0.440101,-0.464992
-131.388,-30.9365,-12.2024,0.785022,0,-4.5,1,-0.104218,-0.761191,-0.6401
-130.512,-25.2656,-21.6007,0.468664,0,1.8,0,0.474112,-0.401996,-0.783337
-156.199,15.9487,-29.2397,0.0759028,-0.0447954,-0.4,0,-0.690067,0.371721,0.620992
-140.95,-17.8476,-25.45,0.193255,-0.531023,-0.7,0,-0.89273,-0.124257,-0.433121
-136.014,3.32188,-17.4505,0.350025,0,3.8,0,0.841303,-0.521105,0.143728
-149.904,0.327312,-7.82631,0.544096,0,-0.4,0,-0.0808917,0.698254,0.711265
-145.473,-10.9166,-30.2975,0.406752,0,2.8,0,0.885935,0.136908,-0.443143
-154.42,19.8675,-4.38175,-0.373978,0,-3.5,0,-0.842601,0.40558,0.3543
-139.5,-28.0241,-5.41762,1.21207,0,-4.5,1,-0.333546,-0.672621,-0.660552
-145.275,11.57,-41.2595,0.188201,0,2.8,0,-0.446948,0.430534,-0.784141
-159.529,-2.18225,-10.1891,0.239074,0,2.8,0,-0.0897694,-0.983397,-0.157706
-147.588,12.4055,-15.0323,0.226859,0,3.8,0,0.183881,-0.511491,0.839384
-144.279,13.1873,-0.117375,0.322495,0,2.8,0,-0.0840476,0.982981,0.163351
-141.571,-18.4421,-5.03988,0.987942,0,-3.5,1,-0.847459,-0.352386,-0.397036
-141.853,-0.838,-27.3727,-0.668329,-0.400507,-0.7,0,0.828686,0.513329,-0.223098
-143.012,7.42325,-12.1725,1.00593,0,-0.7,0,-0.940516,-0.203816,0.271825
-160.512,-17.92,-34.7905,0.0176796,0,-1.3,1,-0.839203,0.540792,0.0572839
-153.645,14.3547,-32.0974,-0.0469496,0,-0.4,0,0.249549,0.147759,-0.957023
-155.161,7.5985,-32.7289,-0.581278,-0.0861799,-1.69254,0,-0.473992,0.451462,-0.755985
-152.208,-1.491,-23.0695,-0.741291,0,2.8,0,-0.526536,0.749539,-0.401187
-148.047,-28.4779,-27.3305,0.37747,0,-1.3,0,0.63555,0.0848999,-0.767377
-136.609,15.314,-17.348,0.406897,0,2.8,0,0.267989,0.232553,-0.934934
-149.798,-2.53888,-5.0555,0.583723,0,-0.4,0,-0.21834,-0.19851,0.955469
-147.402,11.357,-15.9165,0.22972,0,3.8,0,-0.023336,-0.554928,0.831571
-143.118,7.701,0.0585,0.364848,0,2.8,0,0.764836,-0.64415,-0.00983519
-143.958,-16.779,-9.09025,1.2034,-0.340801,-0.8,0,-0.292218,-0.853781,-0.43089
-138.56,-30.3791,-14.2834,0.675778,0,3.8,1,0.347215,-0.917945,-0.191884
-137.806,-5.94125,-26.2747,0.246321,0,3.8,0,0.226253,0.534333,-0.814431
-139.837,11.3083,-7.0585,0.351623,0,4.5,0,0.627414,0.139852,0.766025
-140.262,20.5535,-13.4618,0.378532,0,-3.2,0,0.5893,0.761763,-0.26915
-168.836,-32.944,-26.5511,-0.327103,-0.0741335,-3.2,0,0.808409,0.21005,-0.549867
-133.054,-9.25825,-7.57737,0.548457,0,3.8,0,0.650893,0.677732,0.342077
-144.226,-22.4604,-21.8241,1.15151,0.371534,-4.5,0,0.696609,-0.526559,0.487311
-148.019,-11.5,-16.6287,1.04274,0,-3.2,0,0.469512,0.532764,0.704075
-161.043,-25.3689,-1.63725,0.212823,-0.513442,-1.3,1,0.985709,-0.122286,0.115861
-126.832,-14.6003,-10.7194,1.8965,0.900441,-3.9,0,0.950881,-0.241477,-0.193683
-140.585,-1.88925,-1.8285,0.306218,0,3.8,0,0.478235,0.396168,0.7838
-143.263,-20.5373,-1.34987,0.840518,0.00204625,-3.5,0,-0.0913933,-0.982642,0.161435
-155.026,-15.4254,-11.8381,0.918052,0,4.2,0,0.991898,0.0951789,0.0841397
-139.407,-4.627,-25.8364,0.22874,0,3.8,0,0.315929,0.594587,-0.739361
-149.428,8.10975,-9.9975,0.443648,0,1.8,0,0.0607187,-0.31114,-0.948422
-142.92,1.259,-9.186,0.316382,0,-0.4,0,-0.301358,0.571016,-0.763626
-171.593,-32.6637,-26.3496,-0.731111,-0.230113,-3.2,0,-0.83484,0.12846,-0.535294
-160.382,-16.4303,-31.725,-0.659811,0,-3.5,1,-0.16774,0.245526,-0.954767
-145.989,21.0452,-14.1569,-0.132831,-0.404426,-2.20968,0,-0.117007,0.569283,-0.813773
-139.88,3.01375,-4.754,-0.150253,0,4.2,0,0.159416,0.959693,0.231465
-137.981,8.98862,-26.1061,0.234469,0,2.8,0,-0.638596,-0.23757,-0.731954
-159.803,-22.899,-25.607,0.45759,0,-3.5,0,-0.974966,-0.0545573,-0.215558
-141.926,-17.385,-6.31262,-0.126446,0,1.9,1,-0.730901,-0.681901,-0.0282044
-131.136,-21.0384,-10.2517,0.891459,0,-0.8,0,0.435471,0.275146,0.857123
-134.19,0.167,-18.9689,0.28212,0,4.5,0,0.77156,0.606527,0.191885
-161.523,4.937,-23.1994,-0.0283547,0,4.2,0,-0.717443,-0.482043,0.502902
-143.52,-0.47625,-30.3775,-0.152317,0,-1.3,0,0.934582,0.057208,-0.351118
-143.243,13.3029,-26.9935,1.00633,0,-4.5,0,0.578491,0.160045,-0.799833
-143.685,18.29,-23.8884,0.995022,0.301608,-1.96436,0,0.889819,0.00705791,-0.456258
-173.271,-36.5853,-23.5979,0.206273,0,-4.5,0,-0.667108,0.0686181,-0.741794
-147.198,-14.2066,-12.8704,0.538351,-0.703891,-3.2,0,0.079031,-0.973493,-0.21463
-138.453,11.9303,-35.4676,0.310495,0,3.8,0,0.434135,0.662171,-0.610783
-159.84,11.0694,-11.1671,3.37436,0,-3.9,0,-0.690856,0.495978,-0.526045
-156.766,-16.869,-20.269,0.273426,-0.659365,-0.8,0,-0.935233,0.27568,-0.222124
-140.517,-19.9271,-26.503,0.401414,0,-0.7,0,-0.508997,-0.0191219,-0.860556
-128.102,-11.6036,-17.0763,0.352402,0,3.63843,0,0.524546,0.834739,-0.167517
-158.643,-15.5835,-15.5095,0.345777,0,-0.8,0,-0.96169,-0.227155,-0.15347
-134.061,-11.5424,-23.3905,0.557296,0,4.5,0,0.287312,0.348406,-0.892225
-158.58,-18.712,-8.697,0.351532,0,-1.6,1,0.542767,-0.174859,0.821479
-134.974,1.198,-19.117,0.273218,0,4.5,0,0.672042,0.713982,0.19644
-135.957,2.6425,-15.4415,1.0325,0,2.07019,0,0.766635,0.121321,-0.630517
-146.691,-16.9304,-23.2116,1.10458,0.148133,-4.5,0,0.820889,-0.541483,-0.181484
-150.509,20.7716,-14.5956,0.0328892,0,-0.8,0,-0.635069,0.506809,-0.582951
-169.753,-29.8194,-24.3889,-0.292263,0,-3.2,1,0.709162,0.51812,0.478164
-171.055,-42.761,-21.142,0.171761,0,-4.5,1,0.886635,-0.0535256,0.459363
-133.654,-14.8895,-23.9556,0.577179,0,4.5,0,0.484995,0.270309,-0.831693
-141.632,-31.0489,-9.9835,0.00930493,0,1.9,1,-0.501464,-0.614437,0.609098
-134.006,-5.77537,-5.30337,0.360671,0,4.5,0,0.955887,-0.208106,-0.207297
-129.859,-11.6426,-13.7191,0.506988,0,-3.9,0,0.166985,0.981385,-0.0948699
-142.267,-26.569,-11.5747,1.30356,0,1.9,1,-0.834887,0.327719,-0.442226
-152.792,12.1587,-33.4004,-0.924247,0,-3.5,0,-0.513916,0.491468,-0.703099
-149.462,-7.3945,-33.244,0.210387,0,4.2,0,0.58519,-0.14863,-0.797159
-127.441,-12.4901,-17.6283,0.338293,0,3.28942,0,0.461867,0.376329,-0.803154
-151.974,3.94325,-9.7215,0.873535,0,-0.4,0,0.528964,0.801589,0.278662
-152.665,-18.0645,-30.151,0.755421,0,-4.5,0,0.595865,-0.263415,-0.758655
-164.993,-16.5173,-8.43325,-0.187743,-0.404779,0.206268,0,-0.615141,0.788096,0.0225049
-133.856,-4.93975,-9.28037,0.190637,0,4.2,0,0.429609,0.571307,0.699317
-153.103,-5.544,-14.745,0.0623378,0,2.8,0,0.524998,-0.84936,-0.0544494
-146.477,3.09925,-12.8752,0.43551,0,-3.2,0,0.947671,0.131567,0.290877
-137.441,16.9322,-11.0355,0.234307,0,-3.23449,0,0.862448,-0.469901,0.188085
-143.012,-16.154,-22.4036,0.586442,0.128995,-3.83458,0,-0.336559,-0.375378,-0.863609
-135.805,-12.2275,-1.419,0.513558,0,3.8,0,0.967548,-0.0918821,0.235389
-161.91,-17.8904,-26.6998,0.00470414,0,-1.3,1,-0.92572,0.344812,-0.155394
-149.94,4.60175,-15.544,0.446113,0,1.16663,0,0.697895,0.710282,-0.0918797
-155.184,16.8873,-1.83719,0.305432,0,4.2,0,0.117753,0.851896,0.510302
-149.223,-24.3137,-23.6045,-0.248129,-0.939185,-1.3,0,0.67776,-0.571986,0.462032
-159.579,12.091,-20.593,-0.121487,0,-3.5,0,-0.454415,0.847592,-0.274035
-158.027,18.8091,-4.00737,0.309578,0,-1.6,0,-0.101896,0.928154,0.357976
-138.642,15.9438,-18.1863,0.489124,0,1.8,0,0.772158,0.584138,-0.25011
-144.639,-1.86875,-18.7922,0.36504,0,-3.5,0,-0.899644,0.0207602,0.43613
-147.944,21.1965,-22.9571,-0.401909,-0.161189,-3.5,0,-0.21968,0.8666,0.448045
-165.717,-32.62,-13.2515,-0.345347,0,3.8,1,0.727556,-0.125895,-0.674398
-171.409,-32.8725,-21.7463,0.0905473,0,-3.2,1,0.304439,0.725783,0.616892
-158.083,12.5075,-11.0345,2.5349,0.550815,-3.9,0,0.125637,0.520996,-0.844262
-151.828,16.444,-1.12,0.701405,0,-3.9,0,-0.725762,0.354714,0.589446
-137.896,-12.8855,0.90425,0.420841,0,3.8,0,0.392848,-0.10477,0.913616
-160.707,-13.3946,-5.28463,0.297653,0,3.8,0,0.576002,0.768318,-0.279122
-152.228,6.15462,-24.0903,-0.362473,0,-0.9,0,-0.519113,-0.811948,0.26695
-146.258,2.90013,-16.4303,-0.252132,-0.565639,-3.2,0,-0.436727,-0.751151,-0.495016
-157.656,-20.8956,-23.5315,0.289285,-0.0650119,-3.5,1,0.284084,0.0947148,0.95411
-164.3,-29.2969,-13.158,0.437048,0,3.8,1,0.545774,-0.365456,-0.754037
-150.698,10.2934,-35.233,-0.370532,0,3.13475,0,-0.636962,0.489926,-0.59519
-147.684,22.2983,-11.5,-0.810195,-0.12923,-2.99407,0,0.607779,0.754505,-0.247642
-157.539,16.2149,-21.5214,0.210314,0,-3.2,0,-0.622371,0.172264,0.763531
-151.227,4.193,-37.3717,0.131642,0,4.5,0,-0.441944,-0.380644,-0.812278
-158.628,10.766,-15.1012,0.168997,-0.0244561,1.06519,0,0.100482,0.661259,0.743398
-158.872,-13.1573,-19.1537,-0.377127,-0.215619,-0.9,0,-0.953786,-0.153454,-0.258348
-168.496,-27.0064,-4.19525,1.15975,0.101226,-1.46739,0,-0.403862,-0.208044,0.89085
-166.151,-21.0689,-4.977,0.43542,-0.237942,-1.38229,0,0.179094,-0.284323,0.941852
-147.174,7.1655,-8.4285,0.449803,0,1.8,0,0.368008,-0.211739,-0.905393
-135.436,-13.4315,-24.504,0.245808,0,3.91028,0,0.668722,0.396644,-0.628876
-152.485,-0.369375,-35.7509,0.196113,0,4.5,0,-0.734137,-0.445426,-0.512482
-163.916,-31.3984,-18.3814,0.825621,0,-4.5,1,0.766722,-0.587565,0.258661
-162.58,-27.5028,-19.7115,0.520095,0.000453864,-4.5,0,-0.0546773,0.892969,-0.446784
-134.033,-22.2092,-2.86525,0.877244,0,-3.9,0,-0.472576,-0.542037,0.694887
-134.852,2.67987,-14.6619,0.468338,0,2.05764,0,0.761762,0.0509289,-0.645852
-157.406,4.406,-28.0529,0.00508108,0,0.58935,0,0.053757,-0.947087,0.316443
-140.372,2.76562,-3.89475,-0.120729,0,4.2,0,0.0898378,0.862585,0.497871
-146.471,-22.8274,-14.4639,1.35353,0.37631,-0.8,1,-0.883076,-0.469225,0.00232479
-136.802,-0.0005,-2.71025,0.241343,0,4.2,0,0.825594,0.328145,0.459037
-147.452,-21.8552,-25.9408,0.745874,0,-3.89048,0,0.635069,-0.506881,-0.582889
-143.786,-19.9762,-13.6885,1.66594,0,-0.8,0,-0.0870149,0.834432,0.544199
-147.977,-20.2065,-26.8211,0.819582,0,-0.7,0,0.648904,0.301304,-0.698669
-156.557,11.6783,-30.4212,-0.109716,0.103377,-0.171568,0,0.396167,-0.897971,-0.191571
-155.401,-7.284,-35.009,0.157765,0,4.5,0,0.361092,0.639293,-0.678909
-174.696,-40.7827,-20.0339,1.36253,0.323607,-4.5,0,-0.771513,0.226411,0.594563
-151.141,11.4516,-2.06862,0.715108,0,-3.9,0,-0.220067,-0.23733,0.946174
-129.866,-10.6285,-16.7345,0.366077,0,3.8,0,0.328539,0.896831,0.296237
-133.846,-19.074,-23.3815,0.526448,0,-0.7,0,0.611331,-0.0318271,-0.790735
-152.465,13.9646,-32.1414,-0.531137,0.0488962,-2.37082,0,-0.0974351,0.626362,-0.773419
-166.271,-30.8344,-15.4637,0.467049,0.0770647,-4.5,1,0.385395,0.819188,0.424737
-159.95,-7.09375,-29.07,0.119614,0,3.8,0,-0.892591,-0.434853,-0.119099
-160.009,4.76525,-19.1231,-0.0441275,0,4.07131,0,-0.956104,0.178098,-0.232695
-165.588,-26.8748,0.102,0.396907,0,-1.3,0,-0.704588,-0.136901,0.696286
-134.758,-14.5358,-24.5112,0.55081,0,2.75135,0,0.598244,0.448356,-0.664139
-132.792,-9.76694,-20.4594,0.577642,0.194508,-0.8,0,0.958653,0.133937,-0.251088
-127.15,-25.558,-16.1147,0.632053,0,-1.6,0,0.294029,-0.737015,-0.608569
-144.04,10.4279,-3.924,0.363924,0,1.9,0,0.807165,-0.265753,0.527124
-142.88,-15.4209,-25.5391,0.766749,0,1.15902,0,-0.527557,-0.841395,0.11721
-154.266,17.291,-24.9977,0.403122,0,-3.2,0,-0.540683,0.83018,-0.135877
-160.743,-16.9476,-7.0775,0.570168,-0.10106,2.82616,1,0.978946,0.17383,0.106995
-148.464,17.736,-27.775,-0.248992,0,-3.5,0,0.0106165,0.247919,-0.968723
-148.743,3.05888,-5.462,0.59252,0,-0.173791,0,-0.900723,-0.300496,-0.313688
-143.963,-3.26087,-11.676,-0.12174,0,2.5,0,-0.0240131,0.529193,-0.848162
-167.796,-26.1639,-11.0174,0.417311,0,3.8,0,-0.724713,0.642911,-0.247907
-135.387,4.10725,-17.5685,0.29361,0,3.8,0,0.906106,-0.420806,0.0435208
-157.046,14.9585,-32.3571,0.114991,0,-0.4,0,-0.105301,0.498211,-0.860638
-152.201,7.22775,-2.12875,0.803964,0,1.9,0,0.0967532,-0.662119,0.743127
-158.588,0.700875,-8.173,-0.0548849,0,2.8,0,-0.229317,0.169691,0.958446
-157.424,-12.7685,-9.7145,0.418904,0,4.2,0,-0.117137,0.0330398,0.992566
-155.688,-16.6216,-9.64394,0.965597,0,-1.6,0,0.571704,0.323922,0.753809
-134.341,-11.8959,-4.02338,0.538653,0,3.8,0,0.535813,-0.422972,0.730752
-159.596,-21.6104,-23.0753,-0.0821772,-0.375916,-2.64177,1,-0.537352,-0.424769,0.728577
-158.901,-20.8307,-4.19063,0.386172,0,-1.3,1,0.288913,0.659092,0.694354
-143.134,8.27275,-37.3746,0.129241,0,2.8,0,0.222901,-0.97484,-0.00114316
-132.431,-24.0735,-8.2305,-0.563099,-0.0118875,-3.5,0,0.640847,-0.705947,0.301585
-142.635,6.751,-4.922,-0.908917,-0.534838,1.9,0,0.886105,0.104015,0.451662
-131.766,-30.3531,-12.972,1.48938,0,-4.5,1,-0.241881,-0.757191,-0.606758
-138.664,-21.0151,-22.0426,0.860156,0,-0.7,0,-0.784279,-0.431765,0.445517
-152.028,19.4393,-14.7972,-0.00444926,0,1.01386,0,-0.284877,0.897922,-0.335533
-126.452,-15.7928,-8.73525,2.84539,0.166644,-3.9,0,0.673881,-0.67099,-0.309286
-140.785,-8.9595,-28.1255,0.3089,0,3.8,0,-0.407563,-0.462335,-0.787489
-144.307,-0.453875,-1.97012,0.675276,0,1.8,0,-0.693294,-0.507229,0.51192
-160.52,8.68075,-17.356,-0.127449,0,-3.5,0,-0.78967,-0.243089,-0.56332
-165.764,-12.8492,-33.3088,0.0602861,0,-0.9,0,-0.790772,-0.342803,-0.507115
-147.228,-7.90875,-19.4044,0.515589,0,3.8,0,-0.153404,0.728173,0.668005
-156.435,-25.5865,-27.3235,0.367032,0,-3.5,0,-0.124524,-0.786381,-0.605061
-137.625,9.5775,-27.088,0.458955,0,2.8,0,-0.390971,-0.55113,-0.737155
-157.43,-15.6562,-36.787,0.111164,0,3.8,0,0.048569,-0.265941,-0.962765
-158.403,-24.8673,-3.7875,-0.348761,-0.481434,-1.3,1,0.70275,-0.305888,0.64232
-161.322,-18.6812,-12.8383,0.422679,0,-2.38009,0,0.525371,-0.265202,-0.808488
-173.496,-37.3817,-20.5809,1.22671,0.552431,-4.5,0,-0.895282,0.0586723,0.441619
-148.309,2.1085,-7.66875,0.472448,0,-0.4,0,-0.846108,0.425212,-0.321397
-146.331,-9.27325,-31.1825,0.316779,0,2.8,0,0.60117,0.361224,-0.71282
-137.159,-16.1127,-11.9987,2.63822,0.652745,-4.5,0,-0.425925,-0.0742418,-0.901707
-155.948,-16.9104,-34.1227,0.254776,0,3.8,0,0.795017,-0.298478,-0.528071
-132.737,-24.7286,-11.9575,0.809773,0,-4.07821,0,0.824323,-0.100171,0.557186
-142.227,-19.0087,-10.3406,2.03145,0,1.9,0,-0.958366,-0.0194733,-0.284877
-129.444,-26.1987,-13.082,0.712273,0,-2.90212,0,0.465169,-0.418351,0.780128
-168.898,-36.1635,-15.3317,0.298238,0,4.2,1,0.223376,-0.918542,-0.326164
-147.495,6.06112,-8.0615,-0.314135,-0.464955,1.6536,0,0.197583,-0.400853,-0.894583
-144.112,-4.03225,-0.04375,0.259932,0,3.8,0,-0.174025,0.137287,0.975124
-160.176,-16.8875,-23.1575,-0.210983,0,-1.3,0,-0.362781,0.827219,0.429067
-148.51,4.2435,-36.8846,0.27318,0,4.15101,0,0.161823,-0.507302,-0.846438
-159.844,-7.83625,-21.7705,0.146616,0,-0.9,0,-0.467085,0.870257,0.156475
-166.006,-22.2006,-12.5942,-0.939119,-0.593803,-3.5,0,-0.681699,-0.574925,-0.45249
-140.69,-30.2021,-15.0708,0.937065,0,1.9,1,-0.0794515,-0.0189246,-0.996659
-160.852,9.073,-31.7,-0.752919,0,2.8,0,0.491759,-0.094731,-0.865563
-143.447,12.0679,-1.69313,0.0474597,0,2.8,0,0.735026,0.35755,-0.576103
-153.66,-3.58713,-20.7769,0.407468,0,2.8,0,-0.543228,-0.256748,0.799365
-157.818,-14.315,-10.3188,0.701815,0,4.2,0,-0.0270789,-0.145758,0.98895
-152.529,-27.237,-28.1232,0.60094,0,-1.3,0,-0.275087,-0.380158,-0.883067
-149.188,9.21513,-1.90937,0.11861,0,-3.10938,0,-0.192641,0.13691,0.971671
-149.628,22.4851,-13.5031,-0.192501,0,-0.8,0,-0.363393,0.902838,-0.229847
-163.417,8.20238,-14.279,1.02639,0,-0.7,0,-0.968727,0.0746711,-0.236625
-136.462,-6.954,-22.749,0.140902,0,1.89452,0,0.895181,0.309957,-0.320277
-149.562,-9.4905,-4.507,0.434944,0,4.5,0,-0.98121,-0.154366,-0.115754
-149.795,23.4751,-7.8365,-0.228598,0,-3.5,0,-0.18398,0.898672,0.398171
-142.411,-18.1821,-9.48325,1.33678,0,1.9,0,-0.979474,-0.0577089,-0.193135
-157.897,4.80312,-31.9424,-0.500241,0,-1.3,0,-0.485545,0.130071,-0.864481
-144.075,13.3092,-27.6978,0.437797,-0.0627071,-4.33996,0,0.856307,0.149777,-0.494272
-137.031,11.4115,-33.6371,0.242223,0,3.8,0,0.941453,0.195645,0.274571
-151.762,18.5094,-16.8598,0.23105,0,1.9,0,-0.174423,0.902343,-0.39415
-135.048,4.477,-11.088,0.181586,0,3.8,0,0.23634,-0.61849,0.749409
-151.699,3.547,-8.83037,0.690503,0,-0.4,0,0.494571,0.757395,0.426324
-135.839,9.09,-16.9578,0.261637,0,4.5,0,0.90594,0.145937,-0.397461
-150.818,21.3565,-26.11,-1.7821,-0.407609,-3.5,0,-0.797284,0.565894,0.210008
-160.02,-15.4996,-28.0308,-0.106359,0,-1.22989,0,-0.687537,0.409082,0.599954
-155.087,15.4241,-32.5504,0.00558462,0,-0.4,0,0.00147586,0.293539,-0.955946
-142.37,5.84737,-9.634,0.235678,0,4.5,0,-0.825161,-0.370571,-0.426364
-165.097,-22.4595,-5.36412,-0.0930059,-0.494033,-2.76749,1,0.468093,-0.161188,0.868854
-136.105,-16.58,-14.294,2.78404,0,-4.5,0,-0.938343,0.26968,0.216296
-142.835,-27.079,-10.29,0.731306,0,1.9,1,-0.875851,0.251229,0.41203
-146.048,-0.82125,-12.632,0.294715,0,4.5,0,0.36389,-0.329311,-0.871285
-133.512,-2.49625,-17.3681,0.301341,0,4.5,0,0.732707,-0.0384928,0.679455
-166.41,-28.691,-13.6005,0.379369,0,3.8,1,-0.403818,0.161047,-0.900552
-167.255,-26.4405,-3.654,1.02143,0.278315,-1.3,0,-0.287508,0.416806,0.862329
-144.911,-10.98,-26.3711,0.0420468,-0.0393736,1.27071,0,0.846598,-0.0841349,-0.525541
-143.778,11.8225,-28.433,0.429208,0,2.8,0,0.865497,0.439234,-0.240806
-141.739,1.5685,-9.53788,0.217983,0,1.4634,0,-0.70876,0.235709,-0.664906
-163.281,-14.7828,-7.16062,-0.0372692,-0.439715,4.04017,0,-0.685295,0.721494,-0.0990851
-168.004,-29.768,-5.32875,1.4425,0.883791,-3.5,1,-0.811652,-0.152166,0.563974
-143.321,2.396,-28.9037,0.314772,0,4.2,0,0.691464,-0.496802,-0.524466
-168.527,-37.0252,-13.2592,0.274666,0,4.2,1,0.334706,-0.93715,0.0986048
-140.265,12.4754,-26.435,0.419345,0,2.8,0,-0.25164,0.181106,-0.950725
-147.326,-0.5695,-13.4135,0.261081,0,4.5,0,0.306147,-0.333869,-0.891519
-160.237,5.38938,-20.1594,-0.0350515,0,4.2,0,-0.899623,-0.0177594,0.436307
-162.293,-17.6459,-28.6591,-1.85566,-0.521781,-3.5,1,-0.758452,0.382433,0.527726
-135.373,9.839,-10.4277,0.229324,0,-1.6,0,0.869654,-0.45543,0.19049
-172.479,-35.1758,-24.7564,-0.384196,0,-3.2,0,-0.729161,-0.452967,-0.512977
-146.07,4.85262,-16.3869,-0.213901,0,-3.2,0,-0.680314,0.58499,0.441543
-131.837,-13.629,-22.248,0.54581,0,4.5,0,0.758063,0.253153,-0.601044
-154.342,8.25875,-33.391,-1.35473,-0.0254558,-3.5,0,-0.688219,0.277146,-0.670481
-157.637,-11.9373,-26.4155,0.322916,0,-0.8,0,-0.942361,-0.0375836,0.33248
-136.519,-21.6833,-16.5662,1.05835,0,4.2,0,-0.80056,-0.318051,-0.507885
-145.248,1.9545,-34.2612,0.276537,0,2.8,0,0.412457,-0.857237,-0.308259
-136.083,2.729,-18.4123,0.2672,0,3.8,0,0.979928,-0.181297,0.0829003
-171.452,-35.718,-25.393,-0.523746,0,-3.2,1,-0.587983,-0.702556,-0.400863
-151.542,-20.3575,-29.2325,0.845091,0.0998024,-0.55,0,0.360678,0.206309,-0.909587
-153.803,-7.21,-10.238,0.286705,0,3.8,0,-0.995667,0.0909958,-0.0191403
-129.441,-30.3468,-10.5002,0.573049,0,-4.5,0,0.970796,0.179275,0.159426
-144.581,-7.391,-15.3959,0.850358,0,3.90474,0,-0.887814,-0.405639,-0.217356
-144.323,-23.8258,-7.70475,-0.399631,-0.0093152,-3.5,1,-0.586871,-0.808373,-0.0459994
-166.128,-31.823,-20.3885,1.13962,0,-4.5,1,-0.283978,-0.522809,-0.803758
-128.756,-22.142,-17.6755,0.6075,0,-1.75648,0,0.783129,-0.0646538,-0.618489
-156.712,-2.408,-30.8085,0.0355511,0,1.8,0,-0.749447,0.658334,0.07018
-149.8,1.87225,-36.8493,0.245766,0,4.5,0,0.587189,0.0499291,-0.807909
-148.17,-22.0947,-29.0646,0.4986,0,-0.7,0,0.871858,0.129223,-0.472403
-163.141,-18.2185,-32.327,-0.95359,0,-3.5,1,-0.652692,-0.275213,-0.705869
-130.621,-7.7675,-11.3104,0.372962,0,4.2,0,0.900931,-0.0994602,-0.422411
-154.402,-8.15275,-21.6863,0.160978,0,2.8,0,-0.304423,0.0945002,0.947838
-140.224,-27.0639,-13.268,1.11171,0,2.71382,1,-0.725977,0.314823,-0.611428
-142.238,-19.6004,-15.1116,2.04379,0.622655,-3.91136,0,0.176995,0.57885,0.795994
-141.658,-0.540375,-25.749,-0.0689792,0,3.8,0,0.800864,0.268467,-0.535296
-138.344,-0.503375,-22.9221,0.215268,0,3.8,0,0.789588,-0.019265,-0.613335
-146.844,20.933,-26.3018,-1.01603,0,-3.5,0,0.804628,0.489342,-0.336329
-145.902,-3.04962,-3.38475,0.150203,0,3.8,0,-0.721791,0.104349,0.684199
-147.057,-12.727,-7.1375,0.90146,0,-3.2,1,-0.426718,-0.818972,0.383661
-137.044,-20.6884,-17.3365,1.06403,0.210128,-3.21035,0,-0.589154,-0.784044,-0.195378
-145.51,-14.9715,-8.206,1.18239,0,-0.8,1,-0.90588,-0.167107,0.389174
-156.09,3.24863,-16.9223,0.0460268,0,3.8,0,0.805572,-0.402477,-0.434816
-150.083,-20.6435,-15.968,1.3065,0.258773,1.8,1,-0.830358,-0.410963,0.376319
-150.673,20.6156,-5.34937,-1.19231,0,-3.5,0,0.512266,0.598753,0.615693
-151.65,-1.10025,-28.0815,1.15749,0,1.8,0,-0.279411,0.328552,0.90221
-157.729,13.8888,-1.99688,0.269454,0,0.727876,0,-0.456078,0.0364907,0.889191
-149.367,-27.2369,-24.226,-0.0616698,0,-1.3,0,0.595796,0.407581,0.69203
-170.244,-30.3513,-23.4888,-0.359176,0,-3.2,1,0.533718,0.332096,0.777726
-127.224,-18.87,-16.031,0.400549,0,2.8,0,0.648995,-0.623567,-0.435854
-146.316,13.0889,-11.5466,-0.111908,-0.678144,-1.45758,0,-0.644956,-0.573938,-0.504605
-135.024,-7.03875,-2.88,0.350484,0,4.5,0,0.506977,-0.12017,0.853542
-142.373,-0.62975,-28.4019,-0.537883,-0.862503,-0.7,0,0.762264,0.369575,-0.531383
-127.702,-16.6542,-23.9023,0.719766,0,-4.5,0,0.439187,-0.0270622,-0.897988
-147.61,-10.0898,-11.991,0.742479,0,1.03266,0,-0.466807,0.135863,-0.873861
-145.645,-22.9436,-19.9977,1.0518,0.406305,-1.92826,0,0.49232,-0.856952,-0.152495
-147.43,-9.0355,-12.4709,0.67638,0,4.5,0,-0.533767,-0.353516,-0.768192
-163.16,-20.059,-4.5555,-0.116978,0,3.8,1,0.158005,-0.581584,0.797994
-148.353,13.9865,-12.8263,1.04044,0,1.9,0,0.734211,-0.664507,-0.139157
-141.587,-2.50475,-28.6532,0.162981,0,-0.7,0,0.772148,-0.0122192,-0.635325
-162.499,8.20712,-10.0765,0.259019,0,-0.7,0,-0.0726419,0.513173,0.855206
-139.357,-7.26925,-27.4869,0.261199,0,3.8,0,0.229987,0.655502,-0.719322
-136.378,9.3305,-26.462,0.316251,0,2.8,0,0.484282,-0.540458,-0.688024
-154.527,-13.283,-35.8408,0.197502,0,3.8,0,0.954285,0.11553,-0.275668
-154.602,-15.8827,-15.4676,0.481443,-0.0987384,-1.95244,0,0.596374,-0.436181,0.673858
-148.109,-21.5107,-16.3705,1.4599,0,1.8,1,-0.262386,-0.904629,0.335856
-155.796,17.6189,-24.1513,-0.573432,0,-3.2,0,0.0144786,0.884221,-0.466843
-136.275,0.8315,-9.08575,0.184499,0,3.8,0,0.587545,0.692611,0.418427
-148.4,10.808,-35.9966,0.458284,0,2.01362,0,0.200444,0.173474,-0.964225
-155.699,3.8265,-9.86675,0.430753,-0.685089,0.00741444,0,-0.021572,0.482803,0.875463
-140.879,-10.4395,-24.2997,0.570266,0,4.5,0,-0.335729,-0.346603,-0.875872
-153.427,-3.18925,-6.89125,0.186751,0,1.59333,0,-0.115729,-0.418827,0.900661
-153.576,19.1006,-3.09825,-1.01984,-0.104521,-3.5,0,-0.639599,-0.0122465,0.768612
-136.108,-6.9875,-25.8421,0.281638,0,3.8,0,0.841424,0.515672,-0.161519
-136.807,-23.0966,-18.2936,1.26527,0,-0.7,0,-0.872492,0.442077,0.208148
-153.003,-9.20125,-9.8935,0.367911,0,3.8,0,-0.850991,-0.438798,-0.288568
-142.194,19.4928,-21.3787,-0.0987854,0,-0.4,0,0.943674,0.279263,-0.177459
-152.869,-8.45362,-17.9767,0.310486,0,4.5,0,-0.407683,0.816657,-0.408492
-143.519,-13.8217,-1.79,0.328275,0,-3.5,0,0.120232,-0.0215846,0.992511
-136.572,-15.1531,-6.49512,0.440531,0,1.8,0,0.904879,-0.259579,-0.337362
-156.859,11.1757,-29.1355,-1.15913,-0.406438,-3.2,0,0.528969,-0.758788,-0.380044
-133.948,-6.78762,-5.33887,0.340373,0,4.5,0,0.984435,-0.017263,-0.174899
-142.88,-16.5141,-5.45138,0.572746,0,-1.94759,1,-0.637936,-0.765505,0.0838989
-142.9,6.84575,-13.2654,0.686366,-0.31104,-0.7,0,-0.977277,-0.211168,0.0183873
-139.032,-28.7451,-1.22375,0.829508,0.00999409,-4.5,0,0.108604,0.0127842,0.994003
-164.582,8.2225,-25.897,-0.11841,0,-0.7,0,-0.959655,-0.205091,-0.192352
-136.316,-5.639,-22.6299,0.363798,0,3.8,0,0.944878,-0.077032,-0.318233
-137.854,13.93,-20.0392,1.00005,0.112594,3.76203,0,0.823009,0.328109,0.463682
-140.865,14.23,-23.5135,0.68866,0,2.8,0,0.33408,0.873386,-0.354383
-165.279,-28.9446,-13.7605,0.427553,0,3.8,0,0.254796,-0.162828,-0.953187
-166.975,-19.0877,-8.99275,0.0960272,-0.365123,-2.08825,0,-0.488536,-0.285097,-0.824653
-133.096,4.8145,-15.059,0.227646,0,3.8,0,0.690365,-0.568272,-0.447732
-163.648,-26.0602,-12.6565,0.418111,0,3.8,0,0.518789,0.492776,-0.698591
-160.452,-2.26,-15.555,-0.0152853,0,2.8,0,-0.360982,-0.931687,0.0406286
-149.736,-15.3869,-29.6531,0.462889,0,-2.85951,0,0.330265,-0.431764,-0.839348
-130.803,-26.4395,-16.3813,0.530159,0,-4.5,1,0.478258,-0.814616,-0.328131
-143.5,11.057,-10.6178,0.297511,-0.0679345,3.90909,0,-0.582314,-0.811788,0.0437209
-152.885,18.744,-31.916,-1.07683,-0.944428,-3.5,0,0.630892,-0.138318,-0.763442
-145.679,-7.05225,-18.1553,0.551118,0,3.8,0,-0.93898,-0.0384819,0.341813
-141.5,9.09,-24.981,1.09659,0,-4.5,0,0.470217,-0.112147,-0.875396
-131.194,-23.0776,-2.39125,1.43726,0,-3.9,0,0.234559,-0.958289,0.163292
-156.27,20.6308,-14.088,0.432356,0,1.9,0,0.0590041,0.97056,-0.23352
-157.99,-11.866,-10.2199,0.348869,0,4.2,0,-0.274149,0.570796,0.773973
-154.844,-1.38375,-27.3732,0.183359,0,-0.4,0,-0.297234,0.342219,0.891369
-149.917,-19.2673,-14.325,0.749021,0,1.8,0,-0.608397,-0.0188421,0.793409
-141.225,21.1331,-11.9905,-0.158045,0,-3.43737,0,0.480391,0.876765,-0.0225402
-155.341,14.6687,-18.2791,0.18722,-0.13781,0.200464,0,-0.849701,0.37318,0.372484
-134.998,0.29725,-11.0866,0.230723,0,3.8,0,0.653724,0.756727,-0.00310925
-147.23,19.867,-28.351,-1.07068,-0.331202,-3.5,0,0.577031,0.120668,-0.807759
-155.384,6.49162,-22.3204,-0.648583,0,1.8,0,0.525984,-0.849143,-0.0479208
-130.201,-29.0741,-10.3564,0.349385,0,-4.5,0,0.785296,0.50583,0.356996
-142.458,8.1695,-29.5152,0.0662843,0,2.8,0,0.702314,0.537974,0.466196
-169.715,-22.3405,-5.70487,0.172477,-0.177828,-1.23913,0,-0.411072,0.225475,0.883279
-147.569,-18.498,-20.6787,0.0907763,-0.0338901,-4.5,0,0.67714,-0.181932,-0.713009
-148.14,-9.1845,-11.6768,0.634099,0,4.5,0,-0.548674,-0.283858,-0.786373
-146.334,7.2935,-19.4389,0.296491,0,3.8,0,0.240583,0.391573,0.888139
-154.756,-16.4172,-11.6305,1.04471,0,-1.6,0,0.990949,0.0876156,0.101701
-162.826,-34.6029,-4.92775,0.505479,0.0269578,-3.5,1,0.579596,-0.801122,0.149239
-143.823,6.50775,-16.3908,0.175322,0,-1.59422,0,-0.562163,0.386044,0.731398
-156.107,-3.85413,-9.81375,0.28157,0,4.2,0,-0.50437,-0.820022,-0.270509
-135.255,-4.95862,-17.5496,0.219926,0,2.20604,0,0.954614,-0.297627,-0.0113728
-143.35,-24.8525,-15.21,-0.282169,-0.0528629,-0.8,1,-0.33546,-0.937288,-0.0946432
-155.001,13.8923,-0.7095,0.294788,0,4.2,0,-0.135618,0.102153,0.985481
-143.673,18.6109,-16.5951,-1.71668,0,-3.5,0,0.571995,0.753622,-0.323847
-154.016,8.82575,-31.585,-0.77499,0,-3.5,0,-0.674746,0.735885,0.0564902
-148.122,6.681,-8.81938,0.405355,0,1.8,0,0.364126,-0.516367,-0.775098
-136.779,20.1493,-12.0507,-0.333255,0,-3.5,0,0.463592,0.849871,-0.250603
-166.167,-33.078,-9.17562,0.38251,0,-1.83204,1,0.220643,-0.957875,-0.183825
-169.535,-19.461,-7.1905,-0.0531701,0.0270504,-0.7,0,-0.877449,0.0230909,-0.479113
-135.676,-24.661,-22.6584,0.336548,0,-0.7,0,-0.283164,-0.384826,-0.87848
-137.647,14.8625,-17.6014,0.380009,0,2.34233,0,0.574283,0.197654,-0.794438
-172.422,-36.4724,-18.273,0.565475,0,1.8,0,-0.426395,-0.718839,0.549051
-135.362,-7.59,-22.357,0.255117,0,-0.8,0,0.540981,0.400685,-0.739453
-167.85,-34.119,-9.30462,0.27215,0,-3.5,1,-0.325015,-0.632173,0.703365
-156.523,-4.70638,-23.149,0.264753,0,2.8,0,-0.471768,0.748158,0.466577
-173.032,-35.6183,-23.9443,-0.372107,0,-4.5,0,-0.71438,-0.189487,-0.673614
-157.763,3.69263,-8.64538,0.648232,0,2.8,0,0.184139,0.401561,0.89713
-162.478,-23.9118,0.178875,0.346665,-0.043081,-1.3,0,-0.219846,0.716307,0.662247
-160.959,1.9965,-8.75,-0.164437,0,2.8,0,-0.371283,0.281181,0.884921
-161.162,-18.9411,-35.3058,-0.961164,-0.196351,-1.3,1,-0.840911,0.477981,0.253777
-143.637,9.04525,-14.4295,-0.123541,-0.381086,-0.0122848,0,-0.847234,-0.526819,0.068242
-156.973,18.7299,-11.7181,0.362868,0,1.9,0,-0.442457,0.273734,0.853991
-174.226,-42.9507,-21.819,0.448885,0,-4.5,0,-0.815416,-0.434063,-0.382995
-134.236,-10.286,-3.51575,0.412962,0,3.8,0,0.545249,0.112276,0.830721
-164.854,-15.7823,-10.1771,0.25124,0,2.21326,0,-0.813349,0.579711,0.048962
-160.266,-10.9821,-33.0131,-0.0122415,0,3.0169,0,-0.590819,-0.427564,-0.684194
-142.139,-20.9815,-17.2574,-0.956512,-0.239049,1.8,0,0.662262,-0.290515,-0.690659
-158.717,-12.0699,-33.9536,-0.128507,0,3.8,1,-0.956826,-0.239791,-0.164267
-148.111,-8.1175,-12.7425,0.607559,0,4.5,0,-0.464603,-0.446163,-0.764907
-160.7,3.1915,-23.1458,0.000455378,0,4.2,0,-0.446724,-0.891479,0.0755141
-149.42,-17.6208,-28.1893,1.36924,0,-4.5,0,0.66102,-0.265255,-0.70192
-141.719,-9.84475,-16.6565,1.57999,0,3.8,0,-0.491853,-0.868731,0.0582004
-133.779,-23.522,-4.73012,0.842709,0,-3.9,0,0.068462,-0.987689,0.140655
-157.469,-15.7135,-18.932,-0.0373184,-0.433861,-0.849865,0,-0.817833,-0.126544,-0.561369
-151.727,-2.8175,-15.47,0.428846,0,2.8,0,0.593226,0.555229,-0.582927
-146.678,1.66912,-12.9137,0.0256141,0,-1.03886,0,0.986914,0.0818191,-0.138949
-161.355,-28.4419,-18.3906,0.618,0,-4.5,1,0.871934,0.168551,0.459698
-167.783,-35.3875,-16.0968,0.436341,0.0635359,-4.5,1,0.502113,-0.862473,-0.0634301
-156.623,-17.394,-35.2948,0.179437,0,1.33428,0,0.761747,-0.180837,-0.622125
-140.774,-16.0134,-11.016,1.69675,0,2.36649,0,-0.783829,0.214325,-0.582817
-155.74,4.80975,-18.7607,0.0970973,0,3.8,0,0.83485,-0.500979,-0.228134
-161.658,5.35712,-14.4455,-0.230662,0,3.02248,0,-0.431166,-0.900544,0.0558189
-154.38,-1.63137,-34.4655,0.0903859,0,2.11069,0,0.00107477,0.291098,-0.956693
-142.046,-10.2043,-14.6042,1.44441,0,3.32908,0,-0.452007,-0.79,-0.414233
-159.793,-13.2607,-32.4014,-0.0303585,0,1.56432,1,-0.458793,-0.0680946,-0.88593
-156.521,-23.3365,-28.7425,1.32188,0.909224,-3.5,0,-0.265849,-0.682104,-0.681219
-146.833,-13.1975,-5.0215,0.963676,0.0242871,-3.5,1,-0.709822,-0.332182,-0.621134
-130.971,-19.2875,-3.6355,1.06273,0.121033,-3.9,0,0.260806,0.869364,-0.419746
-143.993,2.92563,-34.4605,0.284471,0,2.8,0,0.681995,-0.727755,0.0724891
-128.585,-22.9755,-11.401,0.628303,0,-1.6,0,-0.0699996,-0.278878,0.957772
-149.164,-25.1812,-24.3724,-1.20557,-0.394207,-1.3,0,0.931707,-0.194716,0.306606
-174.33,-24.303,-7.64075,3.09601,0.088379,-3.9,0,-0.492869,-0.227244,-0.839905
-146.292,-10.055,-1.03587,0.329606,0,4.5,0,0.620963,0.213343,0.754248
-139.531,-20.1105,-5.038,1.39351,0,1.89994,0,-0.24127,-0.726767,0.643117
-151.331,9.79475,-36.8576,-0.0430964,0,4.5,0,-0.636748,0.764113,-0.103363
-165.773,-16.397,-6.854,0.376692,0,-0.7,0,-0.15401,0.834529,-0.529001
-154.442,19.2253,-10.5385,-0.0770908,0,4.5,0,-0.0725935,0.990794,-0.114267
-150.473,6.51275,-16.4638,-0.562256,0,1.9,0,0.93015,0.216775,0.296359
-148.034,-3.38,-5.03912,-0.0051934,-0.922647,-0.8,0,-0.394412,-0.264784,0.87996
-141.987,18.2789,-35.3174,0.668409,0.516613,-3.5,0,0.616719,0.70084,-0.358442
-152.462,-2.5145,-24.9457,-0.00349132,0,2.8,0,-0.552972,0.797318,-0.24188
-143.549,-20.9755,-23.983,0.894755,0,-4.5,0,0.409735,0.874175,0.260642
-153.073,-17.7862,-19.3095,0.558087,0,-3.2,1,0.0415137,-0.787682,0.614682
-150.464,-5.5675,-6.6855,0.938424,0,0.2063,0,-0.529014,-0.124659,0.839407
-159.167,18.5732,-4.45388,0.23882,0,-1.6,0,-0.618171,0.714858,0.326868
-141.926,-20.438,-24.5572,0.502065,0,-0.7,0,-0.637369,0.520822,0.567895
-156.768,-13.9773,-25.5748,0.115829,0,-0.9,0,-0.931145,0.207163,0.300087
-159.03,-8.47625,-36.7537,0.0781464,0,4.5,0,-0.345775,0.447241,-0.824873
-161.705,-17.2913,-1.97525,0.241724,0,3.8,0,-0.0514141,-0.360435,0.931366
-150.538,5.61475,-15.9003,0.368599,0,1.9,0,0.853986,0.445102,0.26943
-139.107,14.6,-6.241,0.27263,0,1.8,0,0.764171,-0.235449,0.600505
-127.213,-19.506,-15.1625,0.107565,0,2.8,0,0.696548,-0.459487,-0.551084
-128.559,-20.9503,-19.8908,0.699192,0,-4.5,0,0.789467,-0.598001,-0.138331
-139.191,4.72062,-7.52962,0.166318,0,3.8,0,0.529458,0.434854,0.728406
-141.067,17.4993,-19.3686,-0.013038,0,1.8,0,0.4075,0.88666,0.21858
-151.073,19.9514,-11.692,0.0526888,0,-0.8,0,-0.776999,0.629412,-0.0106169
-131.187,-20.0602,-21.8202,0.490855,0,-4.5,0,0.165486,-0.293063,-0.941663
-167.03,-16.4844,-7.529,-0.783052,-0.662564,-0.7,0,0.151771,0.79341,-0.589462
-158.785,-15.8036,-36.3941,0.0519458,0,3.8,0,-0.687472,-0.175085,-0.704789
-142.201,-19.03,-20.274,0.359826,-0.127516,-0.891499,0,0.252825,-0.892867,-0.37265
-161.035,3.21775,-11.903,0.169145,0,2.8,0,-0.736298,0.0946725,-0.670002
-157.248,17.1495,-10.319,0.308714,0.0113942,4.5,0,-0.946922,0.305151,-0.101103
-143.524,-10.9438,-2.69863,0.95725,0,-3.5,0,0.16531,0.296054,0.940758
-148.418,9.64487,-36.7974,0.163268,0,4.5,0,0.436965,0.625766,-0.646126
-132.651,-2.56288,-19.425,0.278764,0,4.5,0,0.981948,0.113775,-0.151107
-142.746,5.38588,-12.914,0.387887,-0.314144,-0.4,0,-0.976826,-0.0241814,0.212665
-157.414,-1.30313,-17.2281,0.119056,0,2.8,0,0.370119,-0.422098,-0.827554
-139.286,10.3748,-25.3461,-0.0339173,0,0.0637248,0,-0.485008,-0.5589,-0.672605
-133.061,-12.8626,-7.821,0.850122,0,3.8,0,0.332506,-0.937717,0.100629
-160.755,-1.2505,-12.6415,0.133707,0,2.8,0,-0.345097,-0.938371,0.0191934
-142.535,-8.6785,-25.7561,0.38518,0,3.8,0,0.0236107,-0.975294,-0.219646
-163.242,-17.005,-12.934,0.934476,0,-3.5,0,0.285174,0.224288,-0.931864
-162.258,3.376,-25.9175,-0.204171,-0.0152424,4.2,0,-0.411843,-0.65424,0.634315
-170.773,-32.8975,-12.6012,0.290693,0,4.2,1,-0.823897,0.534382,0.188761
-161.897,12.494,-3.27,-0.369605,0,3.8,0,-0.783407,-0.306131,0.540886
-140.995,16.9037,-15.8267,0.0183866,0,1.8,0,0.232556,0.946553,-0.223507
-156.229,-1.98088,-34.826,0.115519,0,1.8,0,-0.210002,0.495851,-0.842634
-155.746,-23.5557,-23.8781,0.0802832,-0.0953602,-3.5,1,-0.114562,-0.393567,0.91213
-137.859,12.6213,-34.2318,0.285885,0,3.8,0,0.491743,0.827413,-0.27125
-126.556,-11.3144,-14.9676,0.367456,0,2.8,0,0.140239,0.987394,0.0733924
-127.844,-11.2925,-8.859,0.672363,0,-3.9,0,0.64401,0.753524,0.132111
-152.05,2.8625,-36.551,0.135279,0,4.5,0,-0.764444,0.420874,-0.488356
-140.23,-19.0632,-12.9517,2.43367,0,-0.8,0,-0.66949,0.700277,-0.24778
-153.442,6.32188,-13.1084,0.643596,0,-0.285244,0,0.825266,0.464473,0.321247
-163.473,-23.4942,-6.81887,0.279323,0,-3.35867,1,-0.0611672,-0.406358,0.911664
-148.541,13.8879,-38.2876,0.482337,0,1.9,0,-0.412885,-0.595433,-0.689192
-140.406,-21.8044,-5.40987,1.01122,0.372836,-2.53604,0,0.291945,0.144382,0.945474
-126.363,-18.5952,-14.347,0.353541,0,2.8,0,0.897832,-0.282695,-0.33761
-158.149,-14.385,-19.7515,0.22801,0,-0.9,0,-0.761481,-0.564352,-0.318831
-146.783,2.24137,-21.576,0.525362,0,-0.4,0,-0.819611,0.405891,0.404339
-140.48,8.6915,-31.6268,0.452245,0,2.8,0,0.623468,0.485885,0.612538
-150.831,19.8713,-4.07675,-1.06869,0,-3.5,0,0.789303,0.510405,0.341302
-154.55,-19.6789,-33.9136,0.540142,0,-1.3,0,0.802273,0.336408,-0.49314
-145.206,10.4689,-14.5529,0.302742,0,2.8,0,-0.80744,-0.480464,0.342338
-139.9,-10.5466,-28.1024,0.345586,0,3.8,0,-0.375237,-0.589493,-0.715329
-139.273,-28.2785,-8.8195,0.301586,-0.503825,1.9,1,0.122903,-0.639286,0.759084
-144.224,-1.65575,-2.58975,-0.114941,0,1.8,0,-0.697468,0.00204059,0.716613
-158.086,-1.9715,-13.2631,0.0416492,0,2.8,0,-0.626288,-0.75783,0.182914
-143.465,-23.6474,-16.5891,-0.484153,-0.294116,-0.465665,0,0.034233,-0.665387,-0.745713
-144.363,-24.2495,-14.812,0.288282,-0.400747,-0.8,1,-0.184636,-0.959974,-0.210619
-135.335,-16.7127,-27.2178,0.554246,0,-0.4,0,0.76338,-0.349528,-0.543214
-135.742,-16.4387,-2.53113,0.705258,0,-0.4,0,0.486421,0.369856,0.791582
-146.692,21.6369,-9.53575,-0.826665,0,-3.35344,0,0.463133,0.858811,0.218979
-151.695,14.938,-0.69775,0.59234,0,-3.9,0,-0.553551,9.72396e-05,0.832815
-163.344,3.6475,-29.5042,-0.493994,0,2.8,0,-0.854561,-0.348312,-0.385232
-150.753,4.435,-13.314,0.284041,0,-3.2,0,0.115827,0.968069,0.222322
-145.536,-2.9785,-19.462,0.315667,0,3.8,0,-0.836964,0.141202,0.528728
-142.021,-4.0285,-16.3699,0.625474,0,3.8,0,-0.742203,0.450185,0.496455
-141.536,-3.821,-0.794,0.285021,0,3.8,0,0.518844,-0.160438,0.839679
-148.245,0.81675,-6.71513,0.529251,0,-0.4,0,-0.897036,0.349486,0.270529
-172.34,-33.0496,-25.4136,-0.330183,0,-3.2,0,-0.881946,0.195786,-0.428765
-165.238,-34.4722,-4.89231,0.501239,0,-3.5,1,-0.114307,-0.916877,0.382454
-145.514,-13.1559,-7.23588,0.205349,0,-1.84855,1,-0.577865,-0.798137,0.170437
-161.385,-11.1165,-10.1302,0.241716,0,4.2,0,-0.286829,0.853788,0.434482
-149.995,5.81687,-6.66713,0.496489,0,1.8,0,-0.780872,-0.604661,-0.156919
-131.457,-12.6824,-7.70888,0.89002,0,-3.9,0,-0.42702,-0.902493,-0.0562285
-155.176,-0.280875,-30.5934,0.723445,0,-0.778638,0,-0.977093,0.212217,-0.0158934
-132.588,-8.966,-13.008,0.362476,0,4.00593,0,0.985285,0.0959763,-0.141429
-167.797,-33.7886,-19.7146,0.308514,0,-4.5,1,0.470351,-0.371154,-0.800634
-154.52,18.9811,-8.03388,0.261388,0,4.5,0,-0.300804,0.941439,0.152345
-168.229,-25.0753,-8.74837,0.789276,0,-4.05987,0,-0.604474,-0.086259,-0.791941
-152.383,-5.687,-7.4895,0.376487,0,3.8,0,-0.591393,-0.109213,0.798954
-143.947,-19.1647,-2.65275,0.901011,0,-3.5,0,-0.710764,-0.169856,-0.682615
-147.552,3.8795,-23.1423,-0.9216,-0.485755,2.89146,0,-0.64784,-0.0960791,0.755693
-159.979,8.96225,-30.882,0.182512,0,2.8,0,0.571531,-0.109573,-0.813232
-148.113,0.49,-5.63125,0.631107,0.0361924,-0.8,0,-0.962588,0.262502,0.0672081
-148.493,-17.7549,-14.3603,0.981431,0,1.8,0,0.217204,0.378405,0.899796
-137.564,9.965,-33.4184,0.246261,0,3.8,0,0.800832,-0.527363,0.283824
-134.949,8.19438,-22.2611,0.271709,0,3.8,0,0.981344,0.0253406,0.190582
-128.792,-20.1155,-1.37525,3.34009,0.0649624,-3.9,0,0.557429,0.663601,0.498905
-161.259,-23.2633,-4.39775,-0.0755275,0,-1.3,1,-0.74487,0.381765,0.547196
-134.182,-7.90538,-4.25287,0.376163,0,4.5,0,0.891557,-0.102821,0.441082
-136.376,1.12525,-20.9365,0.280268,0,4.5,0,0.346447,0.617561,-0.706111
-141.683,-14.009,-27.568,0.428637,0,1.8,0,-0.217057,0.550507,-0.80612
-147.411,-17.747,-21.3752,1.03436,-0.00825137,-4.5,0,0.597283,-0.793457,-0.11696
-165.099,-20.7763,-14.3755,-0.593812,0,-3.5,0,-0.292836,0.0407134,-0.955296
-144.91,-22.395,-20.487,1.11255,0.314711,-1.40111,0,0.626491,-0.778009,0.0470209
-151.648,-12.436,-32.2972,0.322422,0,0.957156,0,-0.396774,-0.60509,-0.690243
-135.936,-3.1625,-22.1677,0.273742,0,4.40821,0,0.689226,0.283465,-0.666794
-140.092,-27.8165,-1.6785,1.18188,0.0349473,-4.5,0,-0.221307,0.392562,0.892703
-161.931,-1.8145,-10.5435,0.31493,0,2.8,0,-0.597796,-0.776879,-0.197736
-156.701,-4.73625,-12.2727,0.325344,0,2.8,0,-0.614919,-0.629445,0.475051
-159.8,3.74012,-26.6256,-0.0372385,0,4.2,0,0.282684,-0.95643,-0.073015
-149.261,2.14587,-3.36687,0.50744,0,1.8,0,-0.359425,-0.930322,-0.0729027
-135.021,-2.24237,-14.7185,-0.103785,0,3.29975,0,0.94586,0.319311,0.0582208
-160.293,-0.5485,-8.34075,-0.0723157,0,2.8,0,-0.260297,-0.179349,0.948725
-134.487,-3.22025,-3.2735,0.265993,0,4.5,0,0.39546,0.315266,0.862681
-171.984,-28.0814,-24.9325,0.292475,0,-3.2,0,-0.158303,0.98265,-0.0966417
-162.231,2.1995,-30.5863,-0.304815,0,2.8,0,-0.589429,-0.660202,-0.465518
-135.875,-29.7759,-3.0165,1.25742,0,-4.5,0,0.851999,-0.320741,0.41379
-148.523,8.241,-18.9315,0.153058,0,3.8,0,0.132491,-0.34653,0.928635
-140.975,-24.6125,-13.2238,1.66851,0,-0.8,1,-0.477482,-0.830567,-0.286651
-124.498,-13.1605,-15.029,0.0850881,0,2.8,0,0.8755,0.318678,0.36324
-172.317,-41.8185,-24.1133,0.706472,0,-4.5,0,-0.208574,-0.137977,-0.968225
-138.076,1.98763,-21.6036,0.203166,0,3.8,0,0.604473,0.24259,-0.75879
-171.259,-35.4717,-27.1402,-1.27272,0,-3.2,0,-0.601754,-0.700007,-0.384554
-159.15,-14.7175,-14.773,-0.785616,-0.301425,4.2,0,-0.782065,-0.0992995,-0.615234
-158.553,10.7583,-31.1975,-0.351924,0,-2.84823,0,-0.0313212,-0.827669,-0.560342
-149.523,8.031,-38.9149,0.10746,0,4.5,0,0.44655,-0.00862582,-0.894717
-156.466,4.10138,-24.2011,0.19915,0,4.2,0,0.784929,-0.610193,-0.107479
-128.161,-13.3625,-18.0575,0.416851,0,3.8,0,0.728438,0.1712,-0.663377
-148.281,10.929,-8.65812,0.154045,0,0.541379,0,0.66247,-0.157461,-0.732352
-149.974,-7.0515,-21.0005,0.409573,0,2.8,0,0.160828,0.803872,0.572647
-143.406,21.4644,-22.3811,0.224852,0,-0.4,0,0.465987,0.883038,-0.0556726
-152.279,-0.58775,-21.7983,-0.134625,0,2.8,0,-0.516192,0.847037,-0.126783
-135.169,15.4132,-15.6135,0.16277,0,2.8,0,0.708244,0.685836,0.167389
-141.367,-16.9692,-25.8489,0.804445,0,1.8,0,-0.709371,-0.636972,-0.301759
-160.001,-5.88987,-25.1741,0.0802941,0,3.8,0,-0.794853,0.109999,0.596748
-169.364,-23.1801,-7.5995,0.915394,0.107452,-4.03742,0,-0.758265,0.258936,-0.59832
-138.799,12.5717,-27.7052,0.474763,0,2.8,0,-0.398832,0.249575,-0.882409
-139.212,-17.474,-26.857,0.806499,0.470039,0.549937,0,-0.251369,-0.130588,-0.959041
-159.952,-20.021,-26.8843,-0.361066,0,-1.3,1,-0.618441,-0.759429,-0.201986
-162.963,6.4785,-22.7507,0.0245862,0,-0.7,0,-0.343921,-0.732989,0.586894
-165.08,10.953,-27.48,0.104615,0,-3.2,0,-0.665524,-0.559272,-0.494261
-153.432,-1.5715,-22.1085,-0.17648,0,2.8,0,-0.708916,0.687257,-0.15848
-159.969,8.42875,-20.9242,0.0518059,0,0.422988,0,-0.75759,-0.316377,0.570931
-169.064,-17.5715,-8.468,0.252735,-0.452742,-0.7,0,-0.624274,0.261403,-0.736172
-130.255,-28.7565,-13.4228,1.39504,0.21432,-4.5,0,0.946368,-0.105516,-0.305375
-159.673,-10.7642,-34.264,-0.00209441,0,4.5,0,-0.775588,-0.589043,-0.226917
-154.294,17.5069,-26.3582,0.652708,0,-3.5,0,-0.559718,0.677392,0.477342
-162.798,-19.7299,-25.3027,0.400026,0,-1.3,1,-0.823377,-0.525983,-0.213055
-160.069,3.40175,-18.887,-0.0198002,0,3.8,0,-0.928884,-0.241882,-0.280477
-149.6,18.9085,-21.6411,-0.367846,0,-3.53523,0,-0.605973,0.778947,-0.161363
-149.088,4.2835,-15.0468,0.050454,0,-3.2,0,0.182314,0.938662,-0.292704
-146.327,13.4948,-38.5955,0.184936,0,2.61072,0,-0.507849,-0.0663117,-0.85889
-140.698,-11.0789,-16.6033,1.78621,0,3.8,0,-0.8281,-0.552982,-0.0919874
-151.754,-1.199,-6.5845,0.100085,0,-0.4,0,-0.312455,0.451367,0.835847
-132.618,-7.967,-14.23,0.360311,0,3.8,0,0.923708,0.38287,-0.0132041
-146.71,17.7938,-36.485,0.434153,0,-3.5,0,-0.218843,0.342808,-0.913559
-152.552,-20.5999,-30.1523,0.48188,0,-0.4,0,0.616176,0.218381,-0.756727
-147.506,5.188,-21.002,0.252459,0,3.8,0,-0.529882,-0.815994,0.231039
-147.595,-22.7164,-25.1385,0.616007,0,-2.33214,0,0.408942,-0.744308,-0.527988
-167.278,-27.5882,-3.20975,0.925188,0.621332,-1.3,0,-0.725926,-0.0369205,0.686782
-161.993,-27.487,-18.74,0.720553,0,-4.5,0,0.552335,0.833195,0.0266853
-149.805,19.9408,-18.6388,0.698662,0,-3.9,0,-0.70054,0.695781,0.158533
-135.433,11.501,-25.9245,-0.0986903,0,2.8,0,0.830255,0.310223,-0.463076
-141.818,-18.3353,0.70325,-0.0756471,0,-3.5,0,0.221444,-0.402448,0.888256
-140.76,-19.7214,-22.9765,-0.207256,-0.432318,-2.27918,0,-0.926035,-0.28463,0.247879
-150.012,-5.2705,-34.965,0.192389,0,4.2,0,0.401426,-0.137639,-0.90549
-152.975,5.61562,-25.4026,-0.0485764,0,3.31911,0,-0.0119635,-0.742936,0.669256
-147.546,-12.2856,-1.66613,0.479039,0,4.5,0,-0.409422,-0.421858,0.808956
-143.006,19.2669,-35.089,0.251854,0,-3.5,0,0.557436,0.81112,-0.177056
-159.304,-21.317,-8.147,0.202162,0,-1.3,1,0.879406,-0.187216,-0.437716
-152.42,17.095,-21.1246,-0.160435,0,-3.55405,0,-0.420904,0.88396,0.203604
-142.135,-24.3189,-13.1768,1.09525,0.23982,0.401108,1,-0.205772,-0.971633,-0.116565
-155.243,-10.4222,-20.8827,0.0181258,0,0.771309,0,0.0392269,0.809712,0.585515
-160.11,11.515,-24.296,-0.113274,0,-0.8,0,-0.50721,0.784371,0.357072
-136.632,-17.0478,-2.4855,0.907246,0,-0.4,0,-0.00208552,-0.259757,0.965672
-143.666,-18.9335,-20.3002,0.605529,0,1.8,0,0.20446,-0.236234,-0.949942
-141.142,14.2257,-24.9422,0.676704,0,0.881138,0,0.523865,0.72177,-0.452343
-150.841,21.0572,-27.5982,-1.21766,-0.563463,-3.5,0,-0.420319,0.745829,-0.516788
-144.711,17.791,-25.7868,0.506807,0,-4.5,0,0.439712,0.588908,-0.678115
-150.566,-30.2929,-25.6308,-0.077462,0,-1.3,0,-0.26529,-0.804274,-0.531757
-131.336,-26.8773,-21.222,0.314858,0,1.8,0,0.0166493,-0.871239,-0.490577
-151.417,-7.377,-12.2915,0.403797,0,3.8,0,0.0256576,-0.0042146,-0.999662
-152.783,-16.9394,-16.7395,0.540021,0,-3.2,1,-0.12429,-0.789219,0.601403
-166.667,-22.614,-11.5218,0.190968,0,-4.5,0,-0.6899,-0.119258,-0.714013
-135.189,-28.0071,-18.6909,0.280694,0,-0.7,1,0.284199,-0.917297,0.278922
-147.006,-11.3407,-17.2008,1.29125,0,0.189538,0,0.27682,0.341839,0.898063
-135.216,11.693,-8.85513,0.370236,0,-1.6,0,0.942975,-0.0861712,0.321518
-150.903,18.6395,-20.9107,-0.395471,0,-3.9,0,-0.599521,0.778854,-0.184287
-139.354,-30.0454,-14.971,0.681552,0,2.96093,1,-0.130685,-0.515683,-0.846754
-162.27,14.095,-4.993,7.61464,0,3.8,0,-0.808472,0.487613,-0.329556
-159.999,-9.38188,-36.0569,0.0510313,0,4.5,0,-0.923462,-0.060804,-0.378841
-141.777,-13.551,-18.512,2.08488,0,-4.5,0,0.197787,0.283709,0.938291
-128.534,-19.5403,-12.0575,0.246082,-0.009682,2.63157,0,0.302201,0.235555,0.923682
-147.206,1.3095,-20.912,0.415319,0,-0.4,0,-0.823128,0.283204,0.492195
-141.079,-0.9085,-2.26612,-0.0744603,0,3.897,0,0.374116,0.309498,0.874213
-140.776,10.9773,-38.5117,0.171693,0,2.8,0,0.906256,0.122752,-0.404514
-160.975,5.962,-32.3245,-0.0122755,0,2.8,0,0.216022,0.301934,-0.928531
-145.074,-22.5767,-6.79,-0.482541,-0.881563,-3.5,1,-0.946326,-0.0600688,0.317583
-162.207,-18.4977,-28.0537,-1.66166,-0.348412,-3.16116,1,-0.885425,0.0846629,0.457007
-164.572,9.09037,-22.9284,-0.0529939,0,-0.7,0,-0.86649,0.317292,0.385383
-150.291,3.6445,-1.26237,0.367558,0,1.8,0,-0.348267,-0.253874,0.902363
-162.957,8.51762,-31.3346,-0.855278,-0.266117,2.8,0,-0.726123,0.0348469,-0.686681
-136.422,13.2731,-11.457,0.35516,0,-1.6,0,0.758548,0.559725,-0.333636
-148.926,-23.7143,-29.1925,0.419018,0,-0.7,0,0.355164,-0.656097,-0.66588
-157.164,13.7501,-32.9755,0.655075,0,-0.4,0,0.10845,0.35608,-0.928141
-153.188,-5.447,-8.23162,0.137734,0,4.03125,0,-0.818804,-0.350036,0.45501
-169.499,-28.4303,-6.39975,0.514565,0,-3.9,1,-0.513704,-0.831315,0.212186
-133.729,-20.7625,-1.64475,0.915602,0,-3.9,0,-0.650114,0.060857,0.757395
-132.308,-4.6635,-10.041,0.289606,0,4.2,0,0.594755,0.723395,0.350665
-165.831,-31.232,-13.4268,0.710788,0,3.8,1,0.76088,-0.246268,-0.600344
-137.723,2.203,-6.4905,0.180756,0,4.2,0,0.794204,0.538877,0.280805
-149.839,-9.97875,-7.05425,0.477305,0,3.8,0,-0.233928,-0.749377,0.619445
-136.591,-17.3888,-13.9555,2.85084,0.280993,-4.5,0,-0.616511,0.787062,0.021163
-168.161,-14.794,-5.81075,0.117953,0,-0.7,0,-0.0483238,0.967307,-0.248962
-157.581,16.8605,-25.1852,-0.358788,0.0298642,-3.2,0,-0.400077,0.683277,-0.610795
-146.389,-7.4635,-13.4843,0.651729,0,4.5,0,-0.350931,-0.434367,-0.829562
-159.965,12.6322,-17.9193,-0.952737,0,-3.5,0,0.0684154,0.993802,0.0876183
-150.311,5.06187,-16.9751,0.446469,0,1.9,0,0.965596,0.188517,-0.179123
-141.21,18.434,-6.0495,-0.712937,-0.0155609,1.8,0,0.535715,0.4561,0.710621
-136.62,-1.23125,-7.767,0.247302,0,3.8,0,0.396541,0.206257,0.894547
-155.231,-16.7291,-33.3548,0.316332,0,3.8,0,0.833131,-0.344198,-0.432922
-146.026,20.9935,-8.787,0.508219,0.417695,-3.34998,0,0.279043,0.894496,0.349301
-133.591,-11.1496,-4.07713,0.472585,0,3.8,0,0.4512,-0.254606,0.855333
-133.787,-4.68825,-5.88338,0.317947,0,4.5,0,0.9062,-0.158855,-0.391875
-136.379,-2.96388,-6.23163,0.222385,0,4.13418,0,0.197251,0.975315,-0.0992576
-166.32,-17.01,-8.43425,-0.0516772,-0.965453,-0.7,0,-0.232577,0.911187,-0.340069
-136.243,-4.37587,-24.4686,0.265847,0,3.8,0,0.914083,0.215272,-0.343671
-141.394,-12.4727,-1.76513,-0.0314919,0,3.8,0,-0.651246,0.206679,0.730179
-172.903,-28.6584,-25.5217,0.292956,0,-3.2,0,-0.681083,0.57591,-0.452165
-136.874,18.598,-13.822,0.494855,-0.0792705,-3.5,0,0.718418,0.373215,-0.587015
-142.227,-17.2027,-7.288,0.57807,0,-0.8,1,-0.517442,-0.829351,0.210785
-147.26,-29.415,-23.4737,0.987651,0.0272211,-1.3,0,0.621604,0.473316,0.624164
-150.989,11.7968,-34.4967,-0.807747,0,-0.423376,0,-0.70425,0.116848,-0.700271
-151.438,1.10213,-8.07162,0.690809,0,-0.4,0,0.348477,0.273865,0.896416
-172.033,-32.3913,-18.0611,0.845369,0.566121,1.8,1,-0.325903,0.796277,0.509638
-147.216,16.5068,-0.152125,3.83648,0,-3.9,0,0.762801,0.020199,0.646318
-158.399,12.2981,-18.9826,-0.169353,-0.0239877,-2.41417,0,-0.277926,0.935212,0.2194
-150.124,-11.0209,-9.993,0.584516,0,3.8,0,-0.431142,-0.801037,-0.415278
-146.396,21.9312,-13.3105,0.0230117,0,-3.2,0,-0.142629,0.937939,-0.316113
-158.167,17.2824,-23.362,0.0570173,0,-3.2,0,-0.742976,0.6489,-0.16406
-144.846,-8.62825,-30.1108,0.272696,0,3.62669,0,0.231275,-0.425126,-0.875089
-146.322,4.04513,-17.2256,-0.0439358,0,-3.2,0,-0.930951,-0.0810478,-0.356035
-139.97,-22.3201,-24.8803,0.354363,0,-0.7,0,-0.205947,-0.972452,-0.109197
-144.438,10.8965,-41.7147,0.111708,0,2.8,0,0.215223,0.166902,-0.962197
-163.229,9.35625,-13.0495,0.625819,0,-0.7,0,-0.773907,0.630858,0.0555529
-158.009,-20.1903,-11.357,0.563131,0,-1.6,1,-0.13055,-0.990148,-0.0506265
-158.795,-16.3638,-23.4201,-0.108008,0,-1.3,0,-0.31703,0.875449,0.364803
-164.391,-9.66788,-31.1946,0.127103,0,-0.9,0,-0.52382,0.706189,0.47635
-148.829,21.391,-15.711,-0.0470541,0,-0.8,0,0.056657,0.77859,-0.62497
-171.359,-23.274,-5.2125,0.837252,0,-3.9,0,0.228273,0.671459,0.705006
-153.075,6.31887,-19.2901,-0.236272,0,1.84692,0,0.113161,-0.927601,-0.356022
-157.916,12.2875,-22.4662,-0.770018,-0.514809,-0.4,0,-0.743518,0.656297,0.128282
-130.891,-31.9375,-11.2589,0.682152,0,-4.5,0,-0.144547,-0.943761,-0.297358
-151.347,8.38325,-6.98825,0.411688,0,1.12075,0,-0.696501,-0.657649,-0.287027
-147.955,-1.72225,-3.745,0.15732,-0.814669,-0.8,0,-0.424574,-0.217666,0.878839
-132.564,-30.8275,-9.8755,0.494803,0,-4.5,1,-0.648631,-0.724386,0.233542
-135.301,7.04525,-21.4685,0.276913,0,3.8,0,0.889619,-0.220147,0.400141
-141.567,-17.9516,-7.18587,0.724454,0,1.9,1,-0.845265,-0.50583,0.17223
-130.673,-22.2825,-21.509,0.301589,0,1.43365,0,0.523033,0.0898322,-0.847565
-160.113,3.75662,-25.6572,-0.0974236,-0.304341,4.2,0,0.104503,-0.992676,-0.060616
-140.808,-20.168,-2.80075,0.955487,0,-3.5,0,0.14839,-0.986771,0.0652939
-159.71,-8.04338,-24.3178,0.136827,0,-0.9,0,-0.924842,-0.134682,-0.355707
-170.762,-37.378,-24.0686,0.465744,0,-3.86653,0,0.316561,-0.569374,-0.758685
-162.879,-18.2169,-13.5042,0.324432,0.015322,-3.5,0,0.280558,0.396877,-0.873943
-144.893,-15.4873,-24.2219,1.7001,0,-0.8,0,0.44088,-0.868529,-0.226455
-150.417,-18.5521,-28.6914,1.70476,0.25665,-2.98581,0,0.614405,-0.159812,-0.772636
-127.184,-16.9451,-18.7244,0.664143,0,-1.72446,0,0.919802,-0.386892,0.0654192
-155.555,-0.16225,-6.08213,0.339889,0,4.2,0,0.268175,0.391204,0.880365
-134.223,-21.2218,-22.7104,0.386965,-0.285721,-2.86028,0,0.613533,-0.248674,-0.749492
-146.325,4.05613,-15.1486,-0.152321,-0.571464,-3.2,0,0.148851,0.765048,0.626534
-135.937,-6.40637,-22.0914,0.570713,0,1.52029,0,0.706337,0.225578,-0.670971
-145.027,17.6416,-36.6923,0.444209,0,-3.5,0,-0.0626367,0.0978585,-0.993227
-146.721,19.0018,-36.0729,0.275941,0,-3.5,0,-0.51919,0.550299,-0.653921
-140.148,-21.9031,-23.6912,0.373619,0,-0.7,0,-0.32717,-0.86521,0.379962
-166.628,-27.9713,-2.28975,0.501531,0,-1.3,0,-0.942407,0.0619784,0.328675
-143.559,-16.836,-3.63125,0.274941,0,-3.5,1,-0.576429,-0.570511,-0.585019
-142.867,21.3645,-15.4005,-0.333275,0,-3.2,0,0.00907268,0.141106,-0.989953
-146.76,3.9885,-13.2797,0.19556,0,-3.2,0,0.81972,0.559487,0.122608
-142.255,0.13675,-10.1035,0.0947764,0,1.48379,0,-0.297378,0.759252,-0.578881
-165.491,-18.0853,-2.56425,-0.977673,-0.166395,3.8,0,-0.129681,0.202527,0.970652
-135.741,13.6132,-8.50412,0.413713,0,-1.6,0,0.62281,0.69741,0.35458
-166.232,-27.3055,-0.6695,0.398621,0,-1.3,0,-0.856613,0.0923224,0.507632
-156.294,1.6165,-32.4982,0.228229,0,-1.3,0,-0.723963,-0.67834,-0.125428
-166.289,-28.688,-0.9165,0.502289,0,-1.3,0,-0.733676,-0.519338,0.438186
-144.342,-22.6287,-24.9552,0.798566,0,-4.5,0,0.320198,-0.643115,-0.695612
-161.781,10.5199,-14.186,-0.316247,-0.373331,-0.7,0,-0.43925,0.898311,0.00988713
-164.779,7.69513,-23.1378,-0.0277828,0,-0.7,0,-0.971866,-0.0574365,0.228424
-137.482,-10.541,-28.1625,0.344252,0,3.8,0,0.532404,-0.605238,-0.591804
-167.934,-33.2601,-5.625,0.449615,0,-3.5,1,-0.798011,-0.498377,0.338819
-157.132,17.286,-12.827,-0.298081,0,1.9,0,-0.808544,-0.51406,0.286354
-142.615,0.52,-28.302,-0.269767,-0.749199,-0.7,0,0.827739,0.0907074,-0.553733
-152.559,-9.56338,-10.7426,0.424981,0,3.8,0,-0.620843,-0.610409,-0.491889
-157.279,-18.8902,-22.2306,0.151441,0,-1.3,0,0.017114,-0.832761,0.553368
-166.583,-30.4872,-4.1435,0.760139,0,-2.63386,1,-0.554084,-0.306957,0.773801
-129.803,-19.9879,-21.5795,0.890215,0,-4.5,0,0.352725,-0.494754,-0.794231
-141.052,12.3101,-38.1266,0.41768,0,2.8,0,0.887666,0.23094,-0.398392
-152.001,-3.406,-34.4914,-0.0291981,0,4.2,0,-0.27549,0.0414562,-0.96041
-160.691,-8.5445,-20.9172,0.288889,0,-0.9,0,-0.799226,0.41462,0.435119
-137.869,-27.383,-7.011,0.790927,-0.0788018,-2.51684,0,0.27725,-0.91855,-0.281778
-143.107,16.728,-24.4897,1.03954,0.766828,-4.5,0,0.843395,0.52058,-0.13297
-149.005,16.0531,-29.2437,-0.0778964,0.305668,-2.41178,0,-0.197171,0.828247,-0.524528
-139.461,17.8406,-8.50175,0.621341,0,0.58728,0,0.671959,0.117791,0.731161
-129.683,-23.9745,-19.1891,0.562584,0,1.8,0,0.978244,0.0451165,-0.202492
-149.337,19.9328,-20.8619,0.267202,0,-3.9,0,-0.733772,0.564821,-0.377565
-173.106,-23.5793,-8.0345,2.44951,0.27934,-3.9,0,-0.0255098,0.428495,-0.903184
-166.447,-32.2901,-13.9544,0.58887,-0.000743982,3.89384,1,0.911601,-0.154526,-0.380928
-125.542,-13.6865,-8.079,1.75991,0.644924,-3.9,0,0.965331,0.178009,0.190916
-142.848,12.1325,1.06113,0.275082,0,2.8,0,0.559251,0.517935,0.647288
-138.98,16.2536,-19.2426,0.655722,0,1.8,0,0.799724,0.600341,-0.00567519
-145.159,-13.4295,-1.49225,0.797718,0,-3.5,0,-0.0443127,0.0365262,0.99835
-168.826,-23.2875,-5.401,0.327359,0,-4.5,0,-0.188135,0.344658,0.919683
-133.035,-25.8146,-11.0415,0.253456,0,-3.96656,0,0.871921,0.0875291,0.481759
-136.862,-27.3897,-5.76762,2.10256,0.726642,-4.5,0,0.795784,-0.353888,-0.491418
-155.703,1.735,-8.30775,0.271893,0,3.06667,0,-0.22642,0.653196,0.722544
-167.643,-35.811,-10.3623,0.230444,0,4.2,1,0.503798,-0.582736,0.637657
-149.842,-31.0549,-24.0748,-0.371332,-0.0117674,-1.3,0,-0.250647,-0.966983,0.0460399
-149.612,20.0618,-23.3428,-0.210386,0,-3.5,0,-0.747721,0.419601,0.514635
-126.381,-19.8509,-12.8097,-1.09525,-0.100342,2.8,0,0.874891,-0.0885558,0.476155
-157.667,-15.6791,-24.004,-0.00811372,0,-1.19122,0,-0.602538,0.730703,0.320967
-131.065,-22.0585,-9.8625,-0.309578,-0.606024,-2.09335,0,0.799639,0.0723666,0.596105
-132.585,-7.567,-17.4823,0.288067,0,3.8,0,0.493713,0.766735,-0.410322
-150.562,10.8077,-12.8807,0.453573,0,1.9,0,0.485458,-0.559488,-0.671792
-168.292,-34.1105,-24.757,-0.499475,-0.727773,-3.2,0,0.935519,-0.0160337,0.352912
-156.405,14.904,-11.2568,0.210785,0,4.5,0,-0.858097,-0.375725,-0.350001
-150.202,1.66163,-9.10925,0.551203,0,3.24252,0,0.394482,0.716033,0.575918
-157.244,-2.36063,-34.1315,0.123265,0,1.8,0,-0.833885,0.346943,-0.429262
-138.79,12.9571,-32.8582,0.321707,0,3.8,0,0.145067,0.920262,0.36342
-162.87,4.5735,-31.1535,-0.420334,0,2.8,0,-0.752595,-0.247578,-0.610168
-138.853,-26.9993,-7.32175,0.712957,-0.0423147,1.9,0,-0.194977,-0.932477,0.30409
-156.478,14.2635,-10.4043,0.339549,0,4.5,0,-0.899237,-0.0398623,-0.435642
-155.053,20.041,-15.0489,0.166786,0,1.9,0,0.307788,0.94947,-0.0614332
-137.615,-0.61625,-6.75962,0.176274,0,4.08581,0,0.961703,0.155417,0.22577
-156.338,-3.65425,-11.1882,0.247002,0,3.55059,0,-0.681372,-0.669551,0.295691
-148.922,15.7483,-30.2344,-0.382331,-0.534608,-1.49043,0,-0.312454,0.949385,0.0322692
-141.934,-26.9304,-9.439,0.862787,0,1.9,1,-0.735751,0.121774,0.666214
-126.434,-22.7895,-12.349,1.1563,0,-1.6,0,0.709952,0.164239,0.684831
-151.128,6.90112,-5.271,1.18259,0,1.9,0,-0.527571,-0.661414,-0.533105
-169.165,-30.478,-8.1335,-0.648742,-0.193372,-3.5,1,-0.934026,-0.294105,0.202726
-130.484,-22.8972,-3.3205,1.77412,0.212035,-3.9,0,0.407887,-0.912804,0.0204052
-147.286,4.32288,-14.1384,-0.352908,-0.187612,-3.2,0,0.367404,0.915573,-0.163525
-147.099,-15.201,-16.4515,1.18771,0,-3.2,0,0.643419,-0.53971,0.542886
-141.598,21.588,-8.934,-0.889692,-0.361128,-3.5,0,0.442196,0.684019,0.580155
-145.454,-3.468,-1.8995,0.238643,0,3.8,0,-0.788428,0.468959,0.39807
-150.966,13.4157,-1.1775,0.575251,0,-3.9,0,-0.433947,-0.424588,0.794616
-157.09,-5.28675,-31.8923,-0.417976,0,1.8,0,-0.912716,0.0346699,-0.40712
-158.115,-6.81575,-33.1193,0.128244,0,4.5,0,-0.740715,0.671676,0.0138593
-154.352,8.97325,-1.4715,-0.159239,0,1.9,0,-0.180772,0.165809,0.969448
-156.607,4.30988,-27.0924,0.0394377,0,4.2,0,-0.139311,-0.989723,-0.0322604
-155.363,-6.936,-21.4702,0.458471,0,2.8,0,-0.199128,0.0358552,0.979317
-161.481,10.0693,-15.5759,-0.479307,0.318824,-2.28288,0,-0.646168,0.619612,-0.445587
-150.581,-19.443,-16.3086,0.791191,0,1.8,1,-0.96561,-0.256604,0.0418584
-156.618,4.13487,-25.8991,0.138873,0,4.2,0,0.144526,-0.980892,-0.130242
-142.876,5.766,-13.8991,0.259714,0,-0.4,0,-0.965782,0.182761,0.184018
-163.511,-26.9918,0.8965,0.335725,0,-1.3,0,0.315814,-0.341943,0.885063
-168.044,-29.0426,-12.15,0.384432,0,3.8,1,-0.858441,0.0636272,-0.508951
-154.222,11.6546,-30.1721,-0.52038,-0.187258,-0.415,0,-0.658049,-0.658426,-0.365304
-140.905,-11.6243,-1.311,0.212559,0,3.8,0,-0.840949,0.112224,0.529349
-142.033,-20.126,-3.43,0.863072,0.643202,-3.5,0,-0.331827,-0.901763,-0.276974
-146.316,1.4685,-1.7895,0.219994,0,1.8,0,-0.660107,-0.582933,0.473759
-135.719,-29.8228,-4.07762,0.911735,0.0173931,-4.5,0,0.81152,-0.577086,-0.0916915
-131.745,-21.339,-0.298,1.60272,0,-3.9,0,-0.390782,-0.141026,0.909616
-140.496,9.01863,-24.6515,0.8916,0,-4.5,0,0.144721,-0.159016,-0.976611
-148.094,0.614,-4.4375,0.42113,0.00645645,-0.8,0,-0.8687,0.236916,0.435008
-140.323,-13.906,-19.071,2.16083,0.265379,-1.88038,0,-0.157036,-0.192004,0.968749
-162.965,-28.4478,-4.40887,0.515599,0,-1.3,1,0.77543,-0.574367,-0.262318
-151.734,-26.266,-28.5025,0.576525,0,-1.3,0,0.00564078,-0.0697126,-0.997551
-160.062,-4.6835,-26.2367,0.0742887,0,3.8,0,-0.745838,0.405873,0.528198
-145.831,10.6996,-15.8531,0.121206,0,2.8,0,-0.572063,-0.602669,0.556357
-141.095,-26.409,-12.4419,1.42554,0,1.9,1,-0.614616,0.188823,-0.765894
-139.404,-27.1698,-6.34325,1.34904,0,-4.5,1,-0.258332,-0.811332,-0.524409
-165.858,-19.5888,-10.1667,-0.370875,-0.108571,-3.5,0,-0.953162,-0.166844,-0.25228
-138.965,-8.58175,-28.6741,0.28544,0,3.8,0,0.0455228,0.318114,-0.946959
-148.797,1.5755,-10.1412,0.521802,0,4.5,0,0.125762,0.926865,0.353701
-139.279,15.8772,-5.8135,0.215129,0,1.8,0,0.772567,0.185503,0.60723
-158.589,-23.661,-3.6135,-0.0378296,-0.422634,-1.3,1,0.550625,-0.0154038,0.834611
-160.42,13.9387,-6.69338,-0.669242,-0.0325066,3.8,0,-0.802876,0.13386,-0.580923
-158.371,0.4655,-18.2787,0.0551109,0,3.27788,0,0.0736076,-0.467623,-0.880858
-147.784,5.0735,-7.84013,0.260011,0,-0.4,0,-0.158698,-0.176672,-0.971392
-156.716,8.4315,-9.79275,0.430353,0,-1.17496,0,0.0844213,-0.621399,0.778933
-173.749,-36.0535,-22.55,-0.118043,-0.349465,-4.5,0,-0.976019,0.198916,-0.0884276
-145.687,-6.10638,-17.2135,0.515091,0,3.8,0,-0.981357,-0.081875,0.173882
-141.574,-2.0465,-15.8434,1.0069,0,-0.375373,0,-0.913852,-0.292808,0.281314
-133.864,-29.3283,-13.1023,0.91846,0,-4.5,1,-0.357896,-0.924632,-0.130255
-147.471,-0.58525,-33.8945,0.300366,0,1.35773,0,0.807877,-0.209253,-0.550951
-159.904,-24.3159,-3.13325,-0.33609,-0.0622729,-1.3,1,0.30342,0.0723294,0.950108
-140.121,-31.2785,-14.3845,0.819831,0,1.9,1,0.342381,-0.784625,-0.516855
-162.998,-32.63,-6.56025,0.0169782,-0.0103313,-3.5,1,0.849759,0.434478,-0.298562
-149.529,3.99975,-11.4493,1.00648,0.0805493,-3.2,0,0.0223649,0.738083,0.674339
-139.078,18.8563,-8.6005,0.33847,0,-3.5,0,0.471569,0.0716143,0.878917
-128.42,-24.3065,-12.0173,0.823053,0,-1.6,0,-0.251587,-0.369849,0.89438
-141.865,17.8455,-21.8254,-0.391815,0,4.2,0,0.784303,0.443184,-0.434116
-138.778,-18.3985,-12.4823,2.66048,0,-4.5,0,-0.347349,0.83601,-0.424777
-138.371,7.947,-8.69775,-0.371536,-0.062669,3.8,0,0.660152,-0.458895,0.594655
-155.594,16.1715,-20.523,0.294397,0.110312,-2.78116,0,-0.468191,0.65089,0.597612
-136.372,-13.5752,-3.78962,0.790489,0,3.8,0,0.900537,-0.422718,0.101702
-161.126,3.46625,-25.7682,-0.598788,-0.382291,4.2,0,0.191621,-0.958979,0.208903
-158.721,-24.8546,-25.529,0.301028,0,-3.5,0,-0.428921,-0.861003,0.273314
-162.836,-22.5917,-6.08025,-0.0700837,-0.320207,-1.3,1,-0.237151,-0.554772,0.797488
-162.848,-15.8524,-12.855,1.06507,0,4.2,0,-0.00406777,-0.0940848,-0.995556
-159.834,-14.3343,-4.8255,0.34048,0,3.8,0,0.912774,0.397704,0.0931377
-141.462,14.5747,-34.9022,0.968914,0.321904,0.226919,0,0.990156,0.127403,-0.0579582
-146.557,17.7711,-31.3582,-0.530426,-0.836586,-3.5,0,-0.0834466,0.748069,0.658353
-139.754,16.966,-7.47125,1.10008,0,1.8,0,0.782672,0.502355,0.367511
-155.687,0.943875,-31.6299,0.215824,0,-1.3,0,-0.907239,-0.378758,0.182918
-161.392,-20.7105,-9.95075,0.965811,0,-1.3,1,0.35439,-0.584355,-0.730025
-145.626,21.4941,-22.1022,0.0817164,0,-0.4,0,-0.130373,0.991348,-0.015246
-154.909,14.805,-16.5025,-0.289622,-0.745022,2.23696,0,-0.976906,-0.0344324,-0.210878
-132.984,-23.8808,-3.61175,0.709158,0,-3.9,0,-0.26825,-0.93309,0.239553
-134.067,-9.2955,-4.2445,0.379021,0,3.8,0,0.700803,0.343017,0.625471
-132.041,-15.4435,-10.2965,1.09161,0,-4.19274,0,0.384798,-0.00170525,0.922999
-136.796,-27.9915,-2.60325,0.41675,0,-4.5,0,0.629843,0.408233,0.66079
-151.556,8.96437,-16.5654,0.252745,0,2.87695,0,0.720496,0.0257849,0.69298
-159.104,-23.8675,-27.2533,0.251477,0,-3.5,1,-0.600372,-0.269452,-0.752961
-160.438,14.3313,-28.4869,0.0740535,-0.141488,-2.73041,0,0.0991038,0.993863,0.0491505
-147.766,-6.69763,-1.36487,0.303471,0,4.5,0,-0.213486,0.524529,0.824193
-154.677,-5.84762,-21.7458,0.127703,0,2.8,0,-0.172129,0.176602,0.969115
-150.418,2.67175,-26.0702,-0.250239,0,1.9,0,-0.857912,-0.513548,-0.0159553
-139.54,-24.7826,-15.4101,0.596457,0,0.155698,0,-0.442737,-0.272496,-0.854242
-136.552,-15.5776,-2.2015,0.809637,0,3.05423,0,0.770132,-0.079625,0.632895
-147.255,4.77,-1.0135,0.358188,0,2.77993,0,-0.106014,-0.0102765,0.994312
-125.442,-15.931,-13.4535,0.222435,0,2.8,0,0.802305,0.0786843,0.591705
-152.518,-7.204,-7.36425,0.336071,0,3.8,0,-0.647577,0.0244447,0.761608
-144.791,0.356375,-17.4529,0.696944,0.021446,-3.5,0,-0.753388,-0.292922,0.588731
-143.683,-3.181,-30.0107,0.332195,0,0.79451,0,0.77048,-0.0236467,-0.637026
-138.19,-26.3614,-17.613,0.297145,0,3.8,0,-0.846709,0.162247,-0.506714
-128.828,-10.8685,-17.8485,0.3656,0,3.8,0,0.551977,0.828315,-0.0960006
-138.079,-27.8345,-1.902,0.497396,0,-4.5,0,0.329426,0.436082,0.837443
-154.598,4.43925,-25.532,0.0923973,0,4.2,0,0.245626,-0.789581,0.562343
-143.81,8.82775,-13.374,-0.660938,-0.902745,-0.7,0,-0.937658,-0.345169,0.0406945
-142.416,-0.565,-13.523,0.230083,0,2.5,0,-0.913527,-0.271368,-0.303032
-136.296,6.36675,-25.0282,0.259284,0,3.8,0,0.753682,-0.488135,-0.4401
-158.346,15.4148,-24.2905,-0.670594,0.249453,-3.2,0,-0.9825,-0.165401,0.0856518
-148.354,17.9239,-3.11925,0.991711,0,0.193874,0,0.0122992,0.964605,0.263412
-139.493,16.7715,-18.2006,0.349128,0,1.8,0,0.503095,0.863565,0.03391
-138.058,-24.966,-20.6453,0.184387,0,-0.7,0,-0.893494,-0.446059,-0.0519567
-141.389,-31.9179,-13.0969,0.00203748,0,1.9,1,-0.0382645,-0.971828,-0.232563
-167.489,-30.0203,-16.8608,0.456907,0,-4.5,1,-0.381682,0.849932,0.363228
-152.184,4.4445,-11.6575,0.410246,0,-0.791876,0,0.492333,0.819175,0.294212
-149.586,-26.0506,-23.9934,-0.347146,-0.352345,-1.3,0,0.752409,-0.10715,0.649922
-133.153,-11.1841,-22.7015,0.504302,0,4.5,0,0.593207,0.571825,-0.566676
-147.864,5.055,-23.0177,0.157101,0,3.29526,0,-0.492664,-0.484388,0.722946
-131.251,-10.7111,-19.1521,0.396961,0,3.8,0,0.328616,0.705125,-0.62834
-143.624,14.7262,-39.5202,0.264715,0,2.8,0,-0.048803,0.670559,-0.740249
-172.257,-37.2984,-24.2835,0.329628,0,-4.5,1,-0.183525,-0.023441,-0.982735
-152.494,-26.491,-23.7122,0.303321,0,-1.3,1,-0.35255,0.0977153,0.930677
-151.523,-10.5641,-7.45013,0.454658,0,3.8,0,-0.180381,-0.727813,0.661628
-156.471,3.8115,-19.879,0.0920774,0,3.8,0,0.863636,-0.331747,-0.379574
-148.229,1.27131,-15.3112,0.0516266,0,-3.2,0,0.371775,-0.82378,-0.427984
-156.996,-6.0685,-33.6035,0.0290807,0,3.55358,0,-0.675841,0.621606,-0.396037
-149.199,-4.10612,-5.48537,0.550567,0,2.24635,0,-0.394393,0.00694139,0.918916
-129.542,-16.394,-23.9405,0.844234,0.597165,-4.5,0,-0.527181,0.388483,-0.755752
-165.29,-14.5518,-31.089,0.0988582,0,-0.9,1,-0.694755,-0.510754,0.506405
-172.048,-33.821,-26.322,-0.894009,-0.61605,-3.2,0,-0.902972,0.105295,-0.416598
-162.473,-26.3586,0.491875,-0.344835,-0.207618,-1.3,0,0.402008,-0.337176,0.851294
-154.087,-4.67413,-21.4469,0.228108,0,2.8,0,-0.464559,-0.227487,0.855824
-134.736,-26.2528,-21.7215,0.194716,-0.0242773,-0.496522,0,-0.10133,-0.637552,-0.763714
-140.784,-19.044,-25.9338,0.155276,0,-0.7,0,-0.732148,0.142192,-0.666139
-164.901,11.1932,-25.4895,0.13721,0,-3.2,0,-0.405812,-0.267051,0.874071
-134.568,-12.85,-4.663,0.614181,0,3.8,0,0.485525,-0.742366,0.46169
-135.547,-26.4498,-9.12938,0.54178,0,2.73329,0,0.208823,-0.774398,0.597245
-134.054,-13.3678,-7.14913,0.75137,0,3.8,0,0.215395,-0.975823,0.0370744
-163.71,6.1165,-29.203,-0.0669974,0,2.8,0,-0.987701,-0.154937,-0.0210083
-128.083,-11.6631,-13.5671,0.593257,0,2.8,0,0.159412,0.91842,0.362066
-156.478,-10.9245,-36.0106,0.10698,0,4.15626,0,0.540042,0.140136,-0.82989
-152.741,9.8865,-9.20537,0.318105,0,-1.14325,0,-0.380158,-0.900144,-0.212653
-142.586,7.62663,-35.0924,0.267968,0,3.25811,0,0.599862,-0.605413,-0.523107
-156.449,-18.7577,-20.453,0.288931,0,-0.847851,1,-0.539806,-0.839922,0.056038
-173.445,-32.647,-18.3013,0.338989,0,1.8,0,-0.35045,0.89822,0.265302
-132.24,-31.2773,-11.178,0.306759,0,-4.5,1,-0.521025,-0.802828,-0.289827
-149.082,18.1066,-2.351,1.59119,0,-3.9,0,0.237654,0.97124,-0.0146338
-159.342,-13.5448,-14.184,-0.763083,0,4.2,0,-0.72714,0.173932,-0.66409
-152.519,20.476,-9.464,-1.45071,-0.203347,-3.5,0,-0.668065,0.649933,-0.362321
-162.92,-14.668,-32.6274,-0.531945,0,-0.9,1,0.195422,-0.340288,-0.91979
-136.43,-0.106,-4.2655,0.233679,0,4.2,0,0.891414,0.424239,-0.15938
-159.929,-8.26612,-35.6439,0.0654346,0,4.5,0,-0.85792,0.488365,-0.159605
-136.108,-20.0562,-25.2887,0.254156,0,-0.7,0,0.671394,-0.166706,-0.722107
-138.126,-29.7843,-4.732,0.304354,0,-4.5,1,-0.274394,-0.683764,-0.676147
-168.174,-15.8074,-3.81475,0.142578,0,-0.7,0,-0.0963923,0.601007,0.79341
-159.501,11.8585,-16.8595,-0.306533,0,-3.5,0,0.00461498,0.875981,0.482324
-163.635,-29.8652,-12.2395,0.385821,0,3.8,1,0.89965,-0.398033,-0.179444
-139.563,-12.6176,-16.5734,2.09447,0,3.8,0,-0.773666,-0.632798,0.0317458
-154.86,10.3015,-13.3889,0.0639477,0,3.04224,0,-0.0545791,0.318053,0.9465
-163.781,-28.3673,-20.3178,0.0723767,0,-4.5,0,-0.269079,0.770053,-0.578459
-127.188,-12.37,-8.6985,2.01923,0.00603588,-3.9,0,0.725644,0.668173,-0.164275
-158.101,-16.3302,-18.2105,-0.00238889,-0.135617,-0.8,0,-0.856378,-0.233595,-0.460488
-142.859,-27.5825,-11.3625,0.745901,0,1.9,1,-0.897187,0.265883,-0.352649
-142.919,-11.5554,-24.3604,0.448094,0,1.65771,0,0.568127,0.191167,-0.800429
-127.554,-17.9755,-22.2983,0.17236,0,-4.5,0,0.677569,-0.680262,-0.279543
-144.838,-10.098,-29.1685,0.304203,0,3.15359,0,0.879395,-0.395284,-0.265357
-145.77,17.483,-3.04037,0.703962,0.419606,-1.1856,0,0.0954765,0.396194,0.913189
-138.876,6.988,-8.4285,-0.39579,-0.550677,3.86115,0,0.705646,-0.140706,0.694454
-142.202,6.408,-33.7952,0.121294,0,2.8,0,0.645276,-0.173499,-0.743988
-132.562,-5.26075,-12.3068,0.324665,0,4.2,0,0.791964,0.323557,-0.517787
-140.582,8.7125,-5.347,0.153734,0,4.5,0,0.518358,-0.269016,0.811748
-141.257,-14.5674,-10.0988,1.41854,0,3.8,0,-0.64736,-0.407222,-0.644279
-137.133,2.5395,-7.62275,0.189981,0,3.8,0,0.870862,0.295296,0.392936
-130.718,-19.2623,-10.8606,0.606314,0,-0.8,0,0.471942,0.281481,0.835487
-135.111,-1.80988,-13.7986,-0.0597405,0,2.31504,0,0.992271,-0.0871676,-0.088323
-174.966,-23.8517,-5.84925,2.49888,0.150147,-3.9,0,-0.922909,0.266642,0.277742
-163.935,-31.6763,-7.7135,-0.286465,0,-3.5,1,0.936887,0.269798,-0.222378
-158.243,-23.4395,-27.8031,0.444858,0,-3.5,1,-0.458998,-0.448958,-0.766654
-137.016,17.7173,-10.4943,0.171944,-0.0402412,-3.5,0,0.570872,-0.646655,0.505907
-164.424,8.7625,-27.909,-1.77808,-0.417649,-0.7,0,-0.949493,0.109521,-0.294054
-153.252,20.3876,-30.6108,0.107023,-0.0298076,-3.5,0,0.135581,0.931113,-0.338595
-136.902,1.99213,-20.7186,0.240713,0,3.8,0,0.614446,0.291187,-0.733258
-130.458,-20.6073,-0.348125,1.65804,0,-3.9,0,0.280054,0.238108,0.929986
-153.824,-14.76,-15.346,-0.0767163,-0.404429,-3.2,0,0.246643,-0.234315,0.940353
-143.982,-5.38675,-30.9093,0.266206,0,3.8,0,0.549626,-0.0751304,-0.832026
-153.316,5.23338,-11.1199,-0.00442048,0,-0.4,0,0.702651,0.601631,0.379898
-139.87,7.67312,-31.2412,0.380068,0,2.8,0,0.834025,0.244067,0.494807
-156.123,16.2241,-1.061,0.26212,0,4.2,0,-0.203485,0.596263,0.776572
-145.516,-7.7405,-30.254,0.17346,0,3.8,0,0.131727,-0.129128,-0.98284
-160.446,11.9574,-19.6261,-1.02066,-0.441008,-3.5,0,-0.488539,0.778257,-0.394519
-159.089,-4.99538,-24.8771,0.0938774,0,3.8,0,-0.402498,0.650622,0.643961
-129.657,-25.409,-20.8174,0.433074,0,1.8,0,0.899688,-0.105051,-0.423704
-169.234,-30.7901,-12.9346,0.796018,0.796678,4.2,1,-0.489764,0.86965,-0.0619692
-152.553,-29.0337,-25.8536,0.0843826,0,-1.3,0,-0.547967,-0.715918,-0.432659
-158.585,2.82437,-20.6378,0.0510222,0,4.02681,0,-0.260612,-0.863696,-0.431405
-143.031,-0.18825,-10.8584,0.0732123,0,3.38633,0,0.114977,0.965654,-0.233009
-148.471,-0.994,-13.1892,0.353577,0,4.5,0,-0.0813411,-0.585842,-0.806333
-142.08,0.431,-12.934,0.188891,0,2.5,0,-0.622584,0.671626,0.401631
-164.562,-27.8267,0.41025,0.268548,0,-1.3,0,-0.19657,-0.56829,0.799003
-172.475,-32.007,-21.737,0.218075,0.227667,0.527253,0,-0.000807008,0.770333,0.637641
-164.542,-23.1465,-6.404,0.216722,-0.542879,-3.46927,1,0.461213,-0.514327,0.723015
-154.356,-26.0986,-26.6304,0.99126,0,-1.3,0,-0.775667,-0.627371,-0.0688932
-141.969,12.8655,-4.81375,0.722725,0,1.9,0,0.652306,0.0355052,0.757123
-171.744,-26.6225,-8.21675,0.484433,0,-3.9,1,-0.282884,-0.354527,-0.891228
-135.995,13.1605,-12.8425,-0.0699665,0,2.8,0,0.686298,0.47622,0.549736
-143.491,19.2936,-15.5433,-0.494948,0,-3.3665,0,0.339989,0.45916,-0.820719
-136.356,-9.44013,-2.59475,0.404168,0,3.8,0,0.679729,0.379625,0.627577
-150.021,-28.413,-22.849,0.217314,0,-1.3,1,0.288968,0.407405,0.866325
-140.792,9.36263,-38.1276,0.346907,0,2.8,0,0.888293,-0.255209,-0.381843
-161.464,3.54638,-10.0029,0.355818,0,2.8,0,-0.637034,0.53695,0.553058
-159.1,8.0365,-30.3481,-0.174589,0,1.31119,0,0.34622,0.168186,-0.922955
-159.434,-14.056,-17.8037,-1.47226,-0.184457,-0.9,0,-0.963282,-0.260041,-0.0668396
-143.129,2.63825,-14.0855,0.356479,0,-2.52738,0,-0.711149,-0.402344,0.57653
-163.783,-30.4335,-6.77488,-0.255456,-0.0976478,-1.3,1,0.984024,-0.171309,-0.0484821
-136.862,2.47962,-11.3281,0.0966407,0,2.90706,0,0.904267,0.0825433,0.418912
-132.904,-10.9345,-20.5807,0.516883,0.0191524,2.78606,0,0.764823,0.453972,-0.457116
-146.372,-13.2662,-16.376,1.77886,0,-3.2,0,0.929817,0.140325,0.340221
-140.725,-17.3585,0.175125,-0.154016,-0.193202,-3.5,0,0.572813,0.0957721,0.814072
-142.641,4.73769,-3.90956,0.588099,0,-0.4,0,0.642619,0.529113,0.554148
-142.039,-15.0126,-17.8918,2.50998,0,-4.5,0,0.411559,0.609396,0.677684
-140.99,17.728,-35.1804,0.999669,0.683589,-3.5,0,0.815934,0.489611,-0.307462
-141.145,-19.4743,-24.0182,-0.313569,-0.730131,-0.7,0,-0.914315,0.146836,0.377448
-142.307,22.149,-10.466,-1.15955,-0.133917,-3.5,0,-0.00316204,0.984752,-0.173934
-146.188,20.0775,-4.16663,0.28091,0,1.9,0,-0.115836,0.682587,0.721565
-155.824,19.8783,-28.429,0.0621058,0,-3.5,0,-0.621579,0.594701,0.509873
-159.775,-15.8892,-4.4785,0.375967,0,3.8,0,0.988016,0.0845294,-0.129145
-165.38,-10.8115,-33.1926,0.180329,0,-0.9,0,-0.516301,0.569073,-0.639992
-160.904,6.94925,-10.6496,0.0692886,0,-0.7,0,0.380681,-9.87628e-05,0.924706
-147.243,1.01363,-13.8398,-0.112103,0,1.86852,0,0.693099,-0.433666,-0.575801
-149.207,-8.00375,-11.739,0.55235,0,4.5,0,-0.314147,-0.60183,-0.734243
-162.747,-13.8988,-6.783,0.174716,0,3.8,0,-0.609575,0.76735,-0.198976
-142.603,3.88925,-33.2455,0.279142,0,2.8,0,0.526706,-0.766502,-0.367499
-160.621,-4.60537,-29.3307,0.0651268,0,3.8,0,-0.663467,0.0416465,-0.747046
-159.788,1.924,-14.6595,-0.254735,0,2.8,0,-0.885963,0.4627,-0.031266
-155.964,2.7965,-34.1125,0.256916,0,-1.3,0,-0.488901,-0.0154528,-0.872203
-150.827,-2.1785,-36.1143,0.164771,0,4.5,0,-0.337119,-0.573109,-0.746924
-143.899,-4.00275,-31.0193,0.302989,0,3.8,0,0.916099,0.158135,-0.36845
-153.805,-24.188,-23.183,-0.745831,-0.167018,-3.5,1,-0.114459,-0.525298,0.843185
-160.909,-16.2619,-2.06525,0.27489,0,3.8,0,0.442301,0.0960026,0.891714
-147.544,-12.522,-32.6963,-0.173652,0,2.8,0,0.633998,-0.156426,-0.757349
-172.844,-32.0945,-22.7565,0.347023,0.731294,-3.2,0,-0.965013,0.206429,0.16167
-157.858,-11.3868,-23.5253,-0.521809,0,-0.9,0,-0.619678,-0.627972,-0.470797
-146.985,5.46125,-19.4618,0.246406,0,3.8,0,-0.542715,-0.70718,0.453163
-158.822,12.9994,-33.6097,0.0374756,0,-0.4,0,-0.284134,0.141962,-0.948216
-146.189,9.96513,-16.999,0.260878,0,3.30005,0,-0.277096,-0.94106,0.193969
-164.457,-25.1133,-12.2729,0.513331,0,-2.55087,0,0.171471,0.26896,-0.947765
-156.093,-9.51175,-35.6717,0.188115,0,4.5,0,0.613943,-0.154424,-0.774098
-150.113,2.996,-17.169,0.327527,0,-0.650044,0,0.174774,-0.239053,-0.955148
-151.205,22.3787,-7.50513,-0.256235,0,-3.5,0,-0.634718,0.671811,0.381843
-162.257,-30.5329,-19.2531,0.218442,0,-4.5,1,0.754541,-0.629018,0.187095
-155.847,18.2404,-31.0321,-0.127536,-0.194464,-3.5,0,-0.741483,0.0951703,-0.664188
-173.043,-33.425,-22.5035,-0.453902,-0.074128,-4.4229,0,-0.934607,0.350474,-0.0606519
-136.555,11.9899,-7.36438,0.321757,0,-1.6,0,0.204181,-0.112511,0.972446
-148.561,-10.4052,-16.5911,0.841593,0,4.5,0,0.596365,0.176709,0.783022
-138.935,-21.9431,-26.1229,0.337981,0,-0.7,0,0.295323,-0.766534,-0.570273
-126.404,-25.186,-12.8477,0.609639,0,-1.6,0,0.504814,-0.712386,0.487513
-150.633,-20.9045,-16.796,1.61059,0.53432,1.8,1,-0.795731,-0.215618,0.565969
-147.973,-6.15287,-32.0909,0.132267,0,3.98948,0,0.516076,-0.440616,-0.734522
-146.448,-10.734,-12.5864,0.669625,0,0.956722,0,-0.493276,0.0893557,-0.865271
-138.211,-25.3048,-3.405,1.39669,0,-4.5,0,0.32484,0.131155,0.936631
-140.533,4.07075,-31.2689,0.300911,0,2.8,0,0.667843,-0.730556,0.142389
-136.693,-21.3568,-25.0445,-0.409304,-0.0886661,-0.7,0,0.187251,-0.696266,-0.692929
-129.341,-19.3097,-3.17838,2.27705,0.845837,-3.9,0,0.364787,0.856034,-0.366247
-138.706,-11.5402,1.28138,0.348304,0,3.8,0,0.119722,0.221575,0.967766
-170.617,-33.2612,-21.0713,-0.757465,-0.144972,1.8,1,0.0532406,0.966555,0.250871
-135.28,0.217125,-8.74788,0.221502,0,3.8,0,0.532079,0.68853,0.492766
-136.826,-14.7346,-14.6149,2.5768,0,-4.5,0,-0.517002,-0.759068,0.395631
-170.8,-27.4125,-5.014,0.526532,0,-3.9,1,-0.189953,-0.85298,0.48615
-162.583,15.6974,-28.4748,0.293526,0,-3.2,0,0.187782,0.921969,-0.33869
-143.37,-21.971,-19.683,0.581431,0,1.8,0,0.669244,-0.654815,-0.351183
-152.043,4.1035,-36.508,0.091895,0,4.5,0,-0.843298,-0.182675,-0.505449
-157.394,-3.3045,-14.8829,0.125543,0,2.8,0,-0.921592,-0.385206,0.0477994
-139.463,12.2415,-36.1085,0.382742,0,3.8,0,0.561726,0.452164,-0.692829
-157.295,15.6722,-29.5763,-0.711593,-0.723559,-0.4,0,-0.342802,0.650523,0.677721
-134.634,-16.1835,-9.52512,1.22817,0,-4.5,0,-0.142777,0.398659,0.905917
-157.097,9.625,-13.4155,-0.934786,-0.258123,-0.4,0,-0.426653,0.8446,0.323446
-143.192,1.32425,-0.010375,0.275992,0,1.8,0,0.521271,-0.0479068,0.852046
-161.099,10.5405,-16.5264,0.0991814,-0.324127,-3.5,0,-0.97047,0.223292,0.0912649
-152.135,3.114,-35.1565,0.179033,0,3.78287,0,-0.811654,0.215188,-0.543058
-157.942,14.3938,-23.9725,-0.696912,-0.506826,-1.1319,0,-0.92534,0.00488308,0.379108
-160.477,12.0168,-32.5387,0.772339,0.256467,-0.4,0,-0.457423,-0.228927,-0.859277
-136.268,11.5421,-16.6601,0.209532,0,4.10858,0,0.844256,-0.144063,-0.516215
-166.779,-27.4478,-13.3465,0.319267,0,3.8,0,-0.482864,0.297202,-0.823719
-140.188,-26.6451,-7.04975,0.781304,0,-4.5,1,-0.776372,-0.628746,0.0438791
-159.04,7.93375,-5.61225,0.287603,0,3.8,0,0.0221977,-0.907299,-0.419901
-153.829,-26.9266,-27.4189,0.553335,0,-1.3,0,-0.699523,-0.455906,-0.550288
-138.515,15.6205,-8.1135,-0.468987,-0.723672,-0.993886,0,0.80432,0.375896,0.460187
-154.888,19.011,-16.944,0.574935,0,1.9,0,-0.163148,0.510632,-0.844179
-135.853,-7.58325,-24.6605,0.290713,0,3.8,0,0.955834,0.277307,0.0973753
-158.916,9.48938,-14.2394,-0.116137,-0.761643,-0.7,0,0.222539,0.756819,0.614574
-147.455,-21.6852,-15.546,1.10479,0.301036,0.414429,1,-0.661102,-0.739029,0.129538
-164.737,15.2373,-26.7515,-0.409919,0.131164,-3.2,0,-0.272479,0.874572,0.401097
-149.966,-7.18512,-11.9651,0.449809,0,4.16584,0,-0.145975,-0.108881,-0.983278
-141.212,0.838875,-10.5989,-0.0586253,0,3.28366,0,-0.797366,0.48826,-0.354697
-143.775,-14.6671,-27.9034,-0.769794,-0.202782,2.8,0,0.576085,-0.366403,-0.730667
-168.188,-23.96,-9.15975,0.884994,0.0900538,-4.2847,0,-0.779976,-0.0431775,-0.624318
-138.059,10.6943,-32.2379,0.276569,0,3.8,0,0.473376,-0.0565961,0.87904
-142.949,-21.1021,-6.35294,0.876846,0,-3.5,1,-0.328402,0.913494,0.240168
-142.066,1.618,-13.394,0.274736,0,1.05056,0,-0.786219,-0.172823,0.593289
-147.802,2.4915,-23.378,0.75603,0,1.9,0,-0.5062,0.0786543,0.858822
-147.73,-31.314,-24.5084,0.28019,-0.0719395,-1.3,0,0.479826,-0.844436,-0.238106
-134.258,-3.573,-11.6327,0.238854,0,3.93708,0,0.770696,0.573468,-0.277783
-144.035,-16.8587,-7.82075,1.31597,0.0485817,-0.8,0,-0.31914,-0.930704,0.178717
-132.135,-26.1705,-21.7125,0.15815,0,1.8,0,0.0656808,-0.858647,-0.508342
-152.399,-13.4215,-30.5088,0.314831,0,-0.4,0,0.0893663,-0.435213,-0.895881
-153.837,11.7755,-1.286,0.204426,0,4.2,0,0.283373,-0.306549,0.908696
-148.501,9.02675,-37.6375,0.1521,0,4.5,0,0.59583,0.49498,-0.632441
-166.331,-18.263,-12.5425,-0.00172321,0,-3.5,0,-0.877736,0.263818,-0.399975
-157.458,2.86212,-20.6099,0.0840047,0,4.00121,0,0.529201,-0.743959,-0.408009
-153.105,-0.015,-28.2975,0.552547,-0.0283935,-0.569387,0,0.0694895,0.160713,0.984552
-147.327,13.5131,-38.275,0.275614,0,1.9,0,-0.137179,-0.663902,-0.735129
-145.026,-12.1686,-12.8931,1.18924,0,0.165821,0,0.320056,-0.351393,-0.879822
-152.839,-1.95525,-6.57625,0.269983,0,1.90118,0,-0.0995521,0.155107,0.982869
-135.246,4.38737,-16.1887,0.267944,0,3.8,0,0.779088,-0.523689,-0.344631
-138.024,15.9406,-17.0831,0.297715,0,2.37254,0,0.360508,0.750588,-0.553762
-162.89,-32.1183,-5.1865,0.161311,0,-3.5,1,0.766751,0.63665,0.0822813
-157.53,-17.8604,-20.1214,0.372507,-0.18322,-0.8,0,-0.980848,0.0441521,-0.189703
-135.176,11.2014,-13.9543,0.408352,0,2.8,0,0.945082,-0.313122,0.0936758
-148.863,-19.1421,-27.2366,1.55513,0,-3.20932,0,0.693441,0.0403624,-0.719382
-134.911,-18.1825,-23.86,0.442407,0,-0.7,0,0.72526,-0.0769141,-0.684165
-143.57,2.07925,-7.9285,0.240227,0,-0.4,0,-0.193836,0.538777,-0.819846
-136.472,-26.4825,-5.529,1.55949,0.44806,-4.5,0,0.899352,-0.420581,-0.119488
-151.686,-4.14925,-20.9869,0.00970928,0,2.8,0,0.428219,-0.514328,0.743031
-134.643,-16.3314,-26.0826,0.502267,0,-0.4,0,0.941823,-0.214656,-0.258636
-144.716,-2.59375,-2.49312,0.174781,0,3.8,0,-0.604113,0.402915,0.687537
-160.552,4.87675,-13.8553,0.2322,-0.639806,0.866137,0,-0.564818,-0.816588,-0.119016
-137.588,-21.4296,-16.1119,1.11425,0,3.56145,0,-0.152915,-0.472771,-0.867816
-163.016,-16.2195,-2.46263,0.210492,0,3.8,0,-0.426867,0.0841924,0.900387
-132.932,-15.822,-24.049,0.52049,0,4.5,0,0.501624,-0.214394,-0.838098
-140.529,-2.95325,-1.5455,0.31038,0,3.8,0,0.673141,-0.058604,0.737189
-160.783,-20.906,-23.2778,-0.335517,0,-1.3,1,-0.39759,-0.907225,0.13735
-146.673,3.18,-22.2775,0.104324,-0.471063,3.8,0,-0.872318,0.055638,0.485763
-130.666,-30.2008,-13.3361,0.959899,0.784855,-4.5,0,0.322915,-0.643997,-0.693537
-162.59,-25.1215,-6.74038,0.423859,0,-2.05218,1,-0.66627,0.409806,0.623012
-173.286,-44.5886,-19.9345,0.651402,0.0155534,-4.5,0,-0.143678,-0.775505,0.614775
-149.777,-8.25688,-16.6789,0.487994,0,4.5,0,0.283189,0.797634,0.532526
-141.85,-5.23825,-0.88975,0.292957,0,3.8,0,0.365157,-0.247399,0.897471
-155.945,10.2093,-10.4169,0.611113,0,-3.9,0,0.58638,0.170885,-0.791806
-158.174,-11.2625,-11.4742,0.281783,0,4.2,0,-0.341584,0.86328,0.371575
-137.221,-23.8321,-17.5963,0.0594731,-0.904356,-0.7,0,-0.845661,0.454338,-0.280062
-142.314,-12.5948,-19.0324,2.05286,0,2.62466,0,-0.139136,0.13184,0.981458
-162.551,-21.4714,-12.3241,-0.77337,-0.366984,-3.5,0,0.945043,-0.316712,0.0811607
-142.827,-9.87412,-2.614,0.419737,0,3.8,0,-0.332812,-0.188167,0.924029
-145.745,18.5929,-3.521,0.696924,0,1.9,0,-0.0390538,0.42485,0.904421
-134.155,-16.2222,-24.4557,0.508276,0,2.05013,0,0.691435,-0.301512,-0.656512
-156.289,-3.60225,-27.7423,-0.871198,0,3.8,0,-0.314605,0.803552,0.5053
-149.413,-10.545,-11.19,0.654653,0,-3.2,0,-0.739961,-0.225612,-0.633685
-153.836,10.254,-9.4685,0.283204,0,-3.9,0,-0.0978197,-0.7867,-0.609536
-143.84,3.17675,-35.5672,0.191497,0,2.8,0,0.673967,-0.585093,-0.451037
-168.326,-34.22,-27.0187,-1.4789,-0.797604,-3.2,0,0.713311,0.21001,-0.668643
-149.666,-20.4202,-14.6119,0.810345,0,1.8,0,-0.540646,-0.521527,0.660084
-153.292,-15.581,-15.5745,-0.546664,-0.104543,-3.2,0,0.11181,-0.45087,0.885559
-155.652,12.8565,-10.5141,0.283618,0,0.0644351,0,-0.158379,-0.431426,-0.888137
-141.32,3.94475,-25.216,0.623715,0,4.2,0,0.980959,-0.18921,-0.0438148
-141.239,-1.45369,-26.7963,0.0929365,0,-0.7,0,0.87996,0.402956,-0.251589
-146.629,12.9921,-10.4221,-0.351674,0,-3.5,0,-0.413841,-0.876334,-0.246524
-133.007,-9.04313,-21.3328,1.64307,0.698336,-0.8,0,0.778208,0.240831,-0.579994
-141.998,-27.3445,-12.5095,0.875385,0,1.9,1,-0.671774,0.398606,-0.624366
-154.477,-13.8228,-33.1657,0.388716,0,3.8,0,0.968096,-0.102853,-0.228496
-154.868,6.18913,-4.516,0.631798,0,1.9,0,0.00461348,-0.527499,-0.849543
-138.066,-30.5448,-2.86375,0.816996,0.164374,-4.5,0,-0.223606,-0.974629,0.00997488
-166.868,-28.85,-2.81425,0.562773,0,-1.3,0,-0.77111,-0.367471,0.519956
-138.814,-19.625,-18.965,1.10663,0.0903037,-4.5,0,-0.754747,-0.653593,0.0563299
-173.495,-43.4152,-19.2319,0.888467,0.615084,-4.5,0,-0.426314,-0.0928574,0.899796
-142.177,8.28738,-5.2335,0.0943153,0,4.5,0,0.408289,-0.197035,0.891335
-140.58,-11.5452,-0.1695,0.304633,0,3.8,0,-0.891464,0.139265,0.431157
-151.206,0.4805,-14.4487,0.576631,0,-3.2,0,-0.025544,-0.681671,-0.731213
-149.694,21.3144,-24.1509,-0.438735,0,-3.5,0,-0.674062,0.579583,0.457957
-163.768,-34.4658,-4.05888,0.319616,0,-3.5,1,0.113079,-0.772584,0.624761
-142.132,-0.638625,-1.76363,-0.427306,0,3.35103,0,0.61055,0.263929,0.746707
-168.654,-34.546,-20.3552,-0.48042,-0.152606,1.8,1,0.860588,-0.354118,-0.366044
-152.473,9.56,-8.0645,0.119994,0,-3.9,0,-0.316037,-0.921718,-0.224849
-152.746,-10.4653,-9.29175,0.427996,0,3.8,0,-0.769016,-0.589091,-0.248167
-139.497,12.4285,-7.2365,0.199631,0,-0.809624,0,0.406017,-0.231314,0.884106
-148.906,8.17537,-1.498,0.429566,0,2.34989,0,-0.453461,0.0325585,0.890681
-129.523,-25.8703,-15.6524,1.05443,0,-1.6,1,0.333987,-0.845662,-0.416303
-156.693,17.2291,-15.9999,-0.822929,0,1.9,0,-0.629752,-0.0517225,-0.775073
-167.241,-21.2507,-4.80912,0.482062,0,-0.7,0,-0.0424728,-0.292418,0.955347
-171.243,-39.5288,-20.3333,0.53004,0,-4.5,0,0.578791,-0.261977,0.772249
-147.698,9.73413,-17.1092,0.2491,0,3.8,0,0.0775282,-0.886228,0.456717
-150.877,23.1926,-8.5145,-0.28703,0,-3.5,0,-0.697581,0.716505,0.00124418
-136.136,4.6675,-20.3338,0.26476,0,3.8,0,0.824259,-0.201289,-0.529226
-143.033,-12.779,-25.5579,0.435653,0,0.519682,0,0.364864,0.731392,-0.576142
-143.118,-28.263,-10.506,0.620007,0,1.9,1,-0.958893,-0.0704938,0.274871
-149.472,-5.66175,-12.2536,0.135154,0,3.62973,0,-0.364043,-0.296874,-0.882801
-133.439,-4.05225,-18.6663,0.266515,0,4.5,0,0.624554,-0.730932,0.275083
-150.713,9.306,-17.059,0.267197,0,3.8,0,0.567867,-0.397984,0.720511
-163.699,-31.4786,-6.10225,0.358872,0,-3.09967,1,0.914456,0.394723,-0.0892457
-144.468,-20.6165,-23.4002,0.284305,0,-4.5,0,0.511797,0.835165,0.201402
-161.934,-19.788,-13.0595,0.249307,0,-3.5,0,0.82814,-0.365208,-0.425215
-151.513,-8.49875,-16.2693,0.431696,0,4.5,0,0.180759,0.708934,0.681717
-159.327,-16.0492,-24.869,-0.275541,0,-1.3,0,-0.376266,0.900237,0.219083
-165.744,-10.8381,-31.9848,0.0392134,0,-0.9,0,-0.795153,0.547023,0.261719
-170.961,-28.798,-23.63,0.0747534,0,-3.2,1,0.485949,0.577905,0.655652
-145.909,-4.4895,-15.0516,0.372081,0,4.5,0,-0.547004,0.376032,-0.747921
-137.749,2.12675,-3.6895,0.204348,0,4.2,0,0.798088,0.482569,0.360808
-143.475,17.4615,-23.323,0.630939,0.193871,-1.67889,0,0.831986,0.349528,-0.430847
-157.63,-4.32863,-31.4993,0.101132,0,1.8,0,-0.910962,-0.0225977,-0.411872
-153.408,13.3221,-32.3184,-0.547935,0.0846615,-1.97528,0,-0.298375,0.380704,-0.875235
-134.905,-27.9989,-20.2885,0.296413,0,-0.7,0,0.133261,-0.94561,-0.296756
-150.302,8.239,-1.5405,0.414413,0,1.9,0,0.0423859,0.113584,0.992624
-152.42,9.87712,-10.2498,0.457697,0,1.9,0,-0.610194,-0.776824,-0.155586
-140.252,17.2855,-6.54875,0.472245,0,1.8,0,0.72006,0.49671,0.484554
-168.598,-31.756,-25.4543,0.229209,0,-3.2,1,0.984286,0.0768353,-0.158991
-134.793,-1.53562,-21.1887,0.291039,0,4.5,0,0.60128,0.124741,-0.789242
-140.573,-28.0771,-4.52712,0.939181,0,-4.5,1,-0.724375,-0.568404,-0.390126
-133.557,5.5945,-10.8196,0.201014,0,3.8,0,0.576038,-0.240138,0.781354
-136.077,12.4222,-21.3547,0.429574,0,2.8,0,0.808265,-0.00634932,0.588785
-148.519,-3.07763,-34.0826,0.263049,0,4.11027,0,0.628322,-0.356535,-0.691444
-156.062,18.3315,-6.575,0.589792,0,-1.6,0,-0.16322,0.94242,-0.291896
-138.235,-1.936,-22.8403,0.210619,0,3.8,0,0.795797,0.463198,-0.390069
-142.085,-16.9513,1.091,-0.69985,-0.087474,-3.5,0,0.0543503,0.301593,0.951887
-154.029,16.7897,-2.40525,0.473638,0,4.2,0,0.118063,0.805191,0.581145
-147.559,20.1095,-17.4946,1.73584,0,-3.9,0,0.365317,0.614602,0.699148
-131.217,-28.324,-9.722,0.345443,0,-4.5,0,0.562152,0.64893,0.512713
-147.699,-5.54825,-2.57,0.28563,0,4.5,0,-0.248715,0.834218,0.49216
-133.774,-20.5031,-7.75675,-0.0537369,-0.892309,-3.9,0,0.784651,0.573481,-0.235462
-140.435,13.797,-5.71112,0.28076,0,1.8,0,0.457562,-0.412278,0.787822
-136.523,-14.0875,-8.31675,1.07093,0,1.8,0,0.693408,-0.720042,-0.0269194
-167.879,-33.632,-7.36825,0.381674,0,-3.5,1,-0.616937,-0.786145,-0.0369407
-130.111,-27.4375,-13.9745,0.93641,0,-4.5,0,0.922371,-0.379779,-0.0707063
-134.699,-4.08375,-9.2775,0.0993436,0,3.8,0,0.797374,0.394034,0.457092
-133.698,-12.2916,-4.722,0.580846,0,3.8,0,0.246835,-0.628831,0.737322
-160.559,-5.5085,-26.9858,0.0678697,0,3.8,0,-0.973159,-0.126936,0.191962
-165.07,-32.7826,-19.7235,0.589378,0,-4.5,1,0.396506,-0.819447,-0.413873
-171.368,-44.8145,-21.3169,0.874652,0.874126,-4.5,1,0.592622,-0.803579,-0.0553126
-150.774,11.6211,-14.5751,0.400706,0,2.74356,0,0.421328,-0.886245,0.192492
-125.683,-23.476,-12.8518,0.583753,0,-1.6,0,0.958599,0.136501,0.249911
-146.423,12.1433,-36.3833,-0.0704152,0,2.8,0,-0.522542,-0.464495,-0.714978
-158.378,16.426,-22.5701,0.297358,0,-3.2,0,-0.945703,-0.0650026,0.318466
-145.851,19.9543,-35.5498,0.14323,0,-3.5,0,-0.107381,0.947884,-0.299975
-143.789,5.70388,-7.87125,0.246439,0,4.5,0,-0.571792,-0.368573,-0.732944
-154.736,-24.6366,-27.9601,1.02935,0.473072,-1.4362,0,-0.188269,-0.627219,-0.755745
-141.49,-5.984,-28.7606,0.242883,0,3.8,0,0.809992,0.117825,-0.574483
-153.409,20.5298,-29.4491,0.215844,0,-3.5,0,-0.0581523,0.995474,0.075169
-133.927,5.9575,-16.2582,0.238483,0,3.8,0,0.578228,0.0704313,-0.812829
-161.374,-25.8927,-10.9655,0.752484,0,-4.5,1,0.587764,-0.399403,-0.70357
-167.381,-30.4416,-13.5981,0.537589,0,3.8,1,-0.511397,0.602446,-0.612807
-152.992,-7.01713,-11.7994,0.299263,0,3.8,0,-0.675625,-0.119896,-0.727431
-149.323,-5.50925,-34.241,0.206662,0,4.2,0,0.705615,-0.332145,-0.625929
-155.956,-17.9826,-8.9915,0.601013,0,-1.6,0,0.594728,-0.203979,0.777619
-158.717,-14.2849,-15.889,-0.0274382,-0.593619,-0.9,0,-0.994889,-0.0616403,0.0799813
-132.861,6.17763,-15.2055,0.222114,0,3.8,0,0.803804,0.245838,-0.541722
-157.691,8.6335,-5.71975,0.3086,0,3.8,0,0.276011,-0.829272,-0.485929
-134.691,-17.7115,-6.3205,0.367058,-0.338788,-2.1515,0,0.622215,0.638777,-0.452562
-126.868,-16.6104,-23.1303,0.797452,0.0111845,-4.5,0,0.830055,-0.11214,-0.54629
-145.65,-13.7615,-8.15963,1.25166,0,-1.05144,1,-0.694414,-0.511787,0.50583
-159.439,-16.5139,-8.83,-0.0170575,0,-1.6,0,0.511402,0.363169,0.77883
-147.048,-16.024,-17.089,1.39298,0.413857,-3.59135,0,0.447906,0.0529168,0.892513
-141.486,8.03725,-34.8698,0.267573,0,3.8,0,0.169907,-0.856341,-0.48766
-140.447,-11.9721,-14.0752,1.81073,0,3.8,0,-0.722669,-0.63104,-0.282026
-137.134,-19.4802,-3.4775,1.27136,0,-0.4,0,-0.383278,-0.28191,0.879559
-135.477,-20.849,-2.9155,1.0934,0.0679239,-3.62806,0,-0.378999,-0.191236,0.905422
-149.182,-22.744,-29.8075,0.423253,0,-0.7,0,0.266353,-0.24351,-0.932609
-136.19,16.1922,-16.9088,0.362726,0,2.8,0,0.28264,0.717267,-0.636901
-150.203,19.836,-28.1285,-0.942407,-0.480183,-3.5,0,0.340117,0.366842,-0.86588
-154.171,-0.527,-14.028,-0.295692,0,2.8,0,0.512524,0.0337719,-0.858008
-153.036,-10.085,-8.16813,0.384646,0,3.8,0,-0.732158,-0.572161,0.369563
-146.357,-14.0906,-9.1845,0.569307,0,-3.2,1,-0.58956,-0.653313,0.474974
-160.085,-18.6474,-12.215,1.27428,0,-1.6,0,-0.0557805,-0.788178,-0.612915
-142.075,-15.0441,-9.64275,0.955924,-0.106087,0.118333,0,-0.182188,-0.0560483,-0.981665
-156.139,-1.30813,-29.0115,0.41723,0,-0.4,0,-0.93659,0.319588,0.143746
-137.203,-3.662,-25.0496,0.245899,0,3.8,0,0.378756,0.583585,-0.718312
-153.917,16.9016,-31.6714,-0.245069,0,-1.7622,0,0.500343,-0.101314,-0.859879
-133.603,-18.0351,-4.27488,0.669033,0,-0.520236,0,0.825279,0.535631,0.178924
-163.595,-13.6114,-13.3787,0.20898,0,4.2,0,-0.536965,0.196719,-0.820348
-148.166,-8.62412,-18.6204,0.576419,0,3.98533,0,0.34247,0.839501,0.421844
-150.36,2.19863,-27.2787,-0.106591,0,-1.6,0,-0.715013,-0.449692,0.535288
-145.829,-23.8368,-14.754,0.79859,0,-0.8,1,-0.594245,-0.736916,-0.322223
-135.83,-15.6458,-4.698,-0.293323,0,-0.4,0,0.786786,0.61582,-0.0416361
-152.407,-20.5163,-19.453,0.441806,-0.0202271,-4.36916,1,-0.492206,-0.000635983,0.870478
-145.597,21.285,-23.3981,0.212367,0,-1.96975,0,0.178534,0.902548,-0.391834
-141.861,5.14325,-10.4122,0.200362,0,2.09871,0,-0.940095,-0.314253,-0.132165
-132.761,5.728,-11.7421,0.205907,0,3.8,0,0.931765,-0.157302,0.327215
-157.587,15.8968,-1.81875,0.566203,0,4.05558,0,-0.273478,0.276427,0.921302
-124.969,-17.0744,-16.0781,0.48595,0,2.8,0,0.639451,-0.663593,-0.388263
-159.631,7.79488,-4.18813,0.221183,0,3.8,0,-0.402793,-0.904837,0.137943
-138.514,5.65025,-8.64575,0.17847,-0.020936,3.8,0,0.619678,0.25199,0.743303
-128.484,-20.1647,-20.744,0.717515,0,-4.5,0,0.675763,-0.436963,-0.593639
-141.061,-22.1838,-16.1761,0.529332,0,-0.8,0,0.124726,-0.289318,-0.949072
-154.094,-14.4382,-31.1057,0.449102,0,-3.03443,0,0.729985,-0.118343,-0.673139
-157.634,-22.7889,-32.9701,0.069571,0,-1.3,0,-0.182533,-0.983079,0.0154319
-155.283,-25.5249,-26.5945,0.870588,0,-3.5,0,-0.268314,-0.952517,-0.143939
-160.384,1.49125,-13.3305,-0.0756433,0,2.8,0,-0.67475,0.708734,-0.205932
-147.954,4.29025,-11.7703,0.601,0,-3.2,0,0.197662,0.754574,0.625737
-155.701,-0.87875,-28.1874,0.236805,0,-0.4,0,-0.734529,0.347537,0.582825
-131.288,-13.0905,-21.3806,0.540029,0,3.87654,0,0.66624,0.415601,-0.619193
-152.339,-29.6273,-23.7633,0.335421,0,-1.3,0,-0.735403,-0.598932,0.316959
-143.123,8.53825,-40.8896,0.277664,0,2.8,0,0.451554,-0.531554,-0.716624
-155.165,-12.7354,-10.7817,0.487172,0,4.2,0,0.894343,0.198086,0.40114
-173.068,-29.4048,-23.5956,0.50753,0,-3.2,0,-0.7647,0.185158,0.617212
-157.723,12.867,-1.629,0.204862,0,4.2,0,-0.366217,0.196653,0.909512
-143.144,-18.2375,-3.44963,0.726123,0,-3.5,1,-0.688501,-0.263222,-0.675781
-159.58,9.568,-7.00338,0.519766,0,1.17136,0,-0.777573,-0.422056,-0.4661
-146.757,2.2365,-15.1604,-0.5237,-0.706556,-3.2,0,0.527861,-0.788691,-0.315165
-142.613,19.18,-6.0695,-0.553569,-0.240609,1.8,0,0.411822,0.763482,0.497492
-124.665,-12.3519,-16.224,0.448126,0,2.8,0,0.831397,0.477696,-0.283876
-145.717,22.0888,-12.2111,0.128373,0,-3.2,0,-0.23837,0.937923,0.251953
-175.126,-41.395,-21.13,1.55972,0,-4.5,0,-0.974313,-0.219026,0.0523577
-160.421,-22.0705,-3.7945,0.0703183,0,-1.3,1,-0.501924,0.233508,0.832794
-159.095,3.21813,-28.8647,-0.0650098,0,0.746984,0,0.378605,-0.71976,0.581896
-134.964,-16.7566,-5.79625,0.856232,0,-0.4,0,0.557163,0.606726,-0.566969
-148.952,-0.008375,-22.246,0.0663201,0,-0.4,0,-0.352406,0.788694,0.503758
-139.524,-26.715,-14.7902,0.75118,0,3.8,0,-0.886613,0.0341128,-0.461251
-136.321,2.91287,-16.4247,0.616036,0,2.8807,0,0.937253,-0.333318,-0.102254
-145.342,10.1637,-37.5889,-0.0809956,0,2.8,0,-0.923796,0.0532242,-0.379169
-156.61,-4.118,-34.911,0.118686,0,1.8,0,-0.373191,-0.411131,-0.831685
-166.321,-34.3843,-17.1922,0.450503,0,-4.5,1,0.808274,-0.587314,0.0418824
-150.391,20.0295,-24.397,-0.815639,0,-3.5,0,-0.713153,0.506929,0.484186
-157.121,-15.1971,-22.9826,-0.0319531,0,-0.9,0,-0.954521,0.281964,0.0968818
-141.614,14.8706,-5.29225,0.203347,0,1.83931,0,0.189198,0.107104,0.97608
-173.201,-34.3252,-23.9928,-0.641723,-0.134638,-3.80086,0,-0.921832,0.1167,-0.369604
-134.63,-2.4305,-4.94163,0.242313,0,4.5,0,0.503485,0.80689,-0.308918
-165.185,-33.6,-3.76187,1.00888,0.338125,-3.5,1,-0.21861,-0.481425,0.848787
-136.72,17.3095,-11.841,-0.528656,0,-3.5,0,0.599236,-0.795604,0.0890559
-141.744,17.0591,-16.757,-0.199763,0,-0.39538,0,0.378086,0.919421,-0.108239
-167.201,-30.674,-16.0074,0.454484,0,-4.5,1,-0.194024,0.877391,0.438794
-143.38,-5.04987,-15.1263,0.603667,0,3.96878,0,0.0896475,0.994835,-0.0476158
-159.255,-11.2437,-33.453,-0.0349738,0,4.5,0,-0.647693,-0.586447,-0.486388
-165.061,-20.5616,-4.84425,0.178229,-0.545859,-0.793972,1,0.0337599,-0.509161,0.860009
-130.965,-14.4905,-21.542,0.711055,0,4.5,0,0.458959,0.450555,-0.765739
-173.729,-43.7995,-22.0175,0.0319943,0,-4.5,1,-0.756075,-0.508624,-0.411888
-155.252,8.3905,-5.008,-0.612154,0,1.9,0,-0.12415,-0.56656,-0.814615
-160.811,9.202,-5.3885,0.237246,0,3.8,0,-0.920654,-0.23977,-0.308069
-164,-29.0376,-21.3061,0.0963698,0,-4.5,0,-0.27793,0.658729,-0.699165
-140.917,20.8401,-14.5876,0.243152,0,-3.2,0,0.672451,0.361917,-0.64562
-146.393,3.91863,-37.4316,0.295407,0,2.8,0,0.0157443,-0.420485,-0.907163
-139.447,-12.5719,-14.8982,2.01853,0,3.8,0,-0.711212,-0.699259,-0.0722065
-175.398,-39.1645,-21.794,0.439047,0,-4.5,0,-0.943074,0.295316,0.152973
-157.09,-7.73413,-35.6099,0.13594,0,4.5,0,0.031416,0.765061,-0.643191
-157.423,-3.07125,-31.406,0.0678928,0,1.8,0,-0.918009,0.39102,-0.0660555
-143.407,-15.0675,-26.634,0.398274,-0.244527,1.41877,0,-0.112442,-0.969872,-0.216114
-137.915,15.001,-11.4535,0.190629,0,-1.32817,0,0.955869,0.248927,-0.156046
-139.04,16.9155,-8.50613,0.410549,0,-1.32447,0,0.713535,0.370218,0.594817
-146.105,10.1901,-40.1884,0.300433,0,2.8,0,-0.951829,-0.30174,0.0545467
-135.318,-27.4365,-21.248,0.276097,0,-0.7,0,-0.107843,-0.636826,-0.763428
-155.838,14.4952,-12.0505,0.108992,0,4.5,0,-0.743328,-0.434615,-0.508501
-141.236,21.642,-13.443,-0.278411,0,-3.2,0,0.65376,0.747977,0.114577
-147.728,-9.3775,-17.7722,0.740411,0,3.8,0,0.396481,0.587157,0.705726
-163.47,-16.5281,-30.539,0.0914605,0.761996,-0.9,1,-0.863662,-0.231032,0.44801
-148.733,0.4735,-36.0547,0.266294,0,4.5,0,0.706534,-0.0345532,-0.706835
-152.603,-1.16188,-19.9061,0.337828,0,2.8,0,-0.359558,0.758026,0.544164
-139.191,-19.633,-17.663,1.34722,0.0727514,-4.5,0,-0.460714,-0.603522,-0.650772
-140.897,3.32512,-5.1925,-0.840093,0,3.32103,0,0.550879,0.76516,0.333261
-151.915,-0.678,-20.5326,0.129333,0,2.8,0,-0.24891,0.752439,0.60982
-157.283,20.4765,-13.6605,0.570063,0,1.9,0,-0.413678,0.906329,0.086245
-145.771,-23.429,-23.2565,0.848325,0,-4.5,0,0.0753493,-0.984278,-0.159746
-134.343,-23.067,-3.9245,0.811254,0,-3.9,0,-0.197838,-0.753585,0.626873
-149.203,4.5915,-12.6305,0.160761,0,-3.2,0,-0.115533,0.970911,0.209723
-155.485,-1.37812,-5.86625,0.296042,0,4.2,0,0.177779,-0.0756208,0.981161
-165.901,-20.0391,-11.1075,-0.450963,-0.164815,-3.5,0,-0.983434,0.0700974,0.167163
-133.65,-29.339,-11.8285,1.00325,0,-4.5,1,-0.699712,-0.711466,-0.0649514
-148.104,-21.2158,-14.7163,0.896609,0,1.8,0,-0.378847,-0.749742,0.542552
-146.151,0.74075,-2.99412,0.596039,0,0.420011,0,-0.527546,-0.584135,0.616831
-148.697,-23.84,-26.541,0.467784,0,-0.7,0,0.852414,-0.510028,0.115159
-166.438,-21.4586,-11.3845,-0.285031,0,-3.61645,0,-0.986292,0.158448,0.0460621
-154.34,5.85875,-10.373,0.308802,0,-0.4,0,0.379908,0.266668,0.885753
-125.577,-11.3314,-15.6552,0.507263,0,2.8,0,0.441321,0.88692,0.136411
-169.783,-31.687,-17.842,0.618729,0,-4.5,1,-0.346413,0.875442,-0.337046
-166.199,-21.4977,-10.1415,0.326287,0,-4.5,0,-0.822035,0.549073,-0.15092
-160.205,-17.9315,-13.1245,0.521277,0,-1.6,0,-0.275135,-0.29188,-0.916028
-151.939,18.5742,-22.93,-0.0167539,-0.195094,-3.2,0,-0.162779,0.87342,0.458956
-156.833,12.6815,-15.4865,0.0843093,0,4.2,0,-0.503,0.746702,0.435232
-154.738,-14.5791,-35.2098,0.233399,0,3.8,0,0.89506,-0.294546,-0.334828
-137.807,15.1003,-12.8418,-0.00683203,0,2.8,0,0.836878,0.167032,0.521282
-135.837,-9.55625,-26.245,0.370037,0,3.8,0,0.857762,-0.24247,-0.453268
-174.525,-24.6504,-4.82225,1.73576,0,-3.9,0,-0.808663,0.134957,0.572582
-159.383,-8.02413,-29.487,0.204239,0,3.8,0,-0.792036,-0.557135,-0.24956
-134.527,-0.7605,-8.99225,0.246881,0,3.8,0,0.851147,0.0734069,0.519769
-139.705,0.36975,-24.2528,0.224524,0,3.8,0,0.554469,0.341429,-0.75894
-171.066,-33.8298,-12.1368,0.286252,0,4.2,1,-0.932932,0.181293,0.311081
-135.96,10.627,-15.7824,0.203173,0,4.09078,0,0.943087,-0.120343,-0.310009
-127.442,-13.0504,-10.7605,1.24545,0,-3.9,0,0.831113,0.506774,-0.228979
-156.138,-20.62,-23.6513,0.198107,0,-2.42544,1,-0.395273,-0.139053,0.907978
-145.085,12.0253,-13.3118,0.447842,-0.200364,0.847783,0,-0.988208,-0.0173202,-0.152132
-157.911,-6.52413,-23.1875,0.133669,0,1.89086,0,-0.422828,0.615371,0.665233
-153.45,-9.2425,-8.873,0.338595,0,3.8,0,-0.94355,-0.317991,-0.0927106
-159.224,-21.8136,-3.44587,0.360454,0,-1.3,1,-0.0449471,0.283748,0.957845
-159.015,7.11062,-19.2658,-0.265039,0,0.740361,0,-0.999421,0.0266676,-0.0211267
-142.926,15.1935,-38.819,0.449745,0,2.8,0,0.104192,0.899171,-0.425013
-130.59,-24.1975,-22.1502,0.383471,0,1.8,0,0.555036,-0.00651768,-0.831801
-154.105,-9.89825,-32.9634,0.581779,0,2.19599,0,0.664551,-0.186322,-0.723641
-156.592,-22.4681,-35.6746,0.363872,0,-1.3,0,0.620676,-0.5404,-0.568092
-137.763,-23.0613,-3.67512,0.765757,0,-4.5,0,-0.155031,0.155705,0.975562
-137.333,-25.8645,-20.9662,0.268007,0,-0.7,0,-0.681267,-0.557575,-0.474326
-151.021,3.61112,-2.28888,0.398346,0,1.8,0,-0.936878,-0.260743,0.232967
-142.469,8.83875,0.695,0.183497,0,2.8,0,0.836627,-0.538445,0.100658
-150.93,1.54275,-37.7549,0.15281,0,4.5,0,0.19643,0.107215,-0.974639
-161.035,-19.9811,-21.4522,-0.804377,-0.873591,-1.3,0,0.0635867,-0.308536,0.949085
-131.339,-11.299,-5.34025,0.494458,0,3.8,0,0.911215,0.0952131,0.400776
-149.555,-3.55825,-34.6085,0.205211,0,4.34599,0,0.539684,-0.264366,-0.799282
-132.443,-7.81,-13.1435,0.363569,0,4.1341,0,0.907225,0.134199,-0.398664
-146.5,4.074,-1.06575,0.108833,0,2.78017,0,-0.0369524,-0.0994298,0.994358
-147.967,6.12475,-19.3741,0.197737,0,3.8,0,-0.401716,-0.61348,0.679902
-151.164,-6.92475,-6.688,0.399235,0,3.8,0,-0.409357,0.0276431,0.911955
-140.904,-18.383,0.1475,0.557744,0,-3.5,0,0.450589,-0.405102,0.795526
-150.12,21.9622,-27.5228,-1.24581,-0.350451,-3.5,0,-0.439242,0.654819,-0.615044
-134.213,-1.299,-9.89812,0.258437,0,3.8,0,0.993602,-0.0186938,0.11138
-165.656,-26.8153,-13.6735,0.312809,0,3.8,0,-0.351507,0.521123,-0.777736
-138.621,-16.2202,-1.07275,1.17834,0.0459223,3.8,0,0.403577,-0.41185,0.81701
-135.74,13.072,-23.984,-0.0791276,0,2.8,0,0.772099,0.600944,-0.20671
-151.308,-21.2325,-17.9945,0.840837,0.0201647,-1.16994,1,-0.797778,-0.123119,0.590247
-158.064,-1.8245,-10.9478,0.197594,0,2.8,0,-0.148694,-0.93,-0.33614
-170.231,-29.1197,-27.2116,-0.212686,0.275176,-3.2,0,0.31225,0.365918,-0.876701
-149.354,19.9104,-16.338,-0.217852,0,-0.8,0,-0.665302,0.674252,-0.320558
-141.184,-10.4683,-15.9462,1.63087,0,3.8,0,-0.811089,-0.543635,-0.215858
-156.013,17.322,-2.57225,0.46953,0,3.72731,0,0.067964,0.809402,0.583309
-135.223,-11.9073,-2.90013,0.520819,0,3.8,0,0.892864,-0.238206,0.382167
-135.338,7.73163,-16.0309,0.246204,0,3.96391,0,0.669672,0.448203,-0.59216
-160.284,-5.95775,-28.9914,0.0780514,0,3.8,0,-0.828744,-0.268202,-0.491173
-135.714,-22.2214,-24.1483,-1.09555,-0.0715385,-0.7,0,0.219114,-0.717541,-0.661153
-141.019,-25.254,-4.84462,1.46331,0,-4.5,0,-0.950076,-0.214949,0.226169
-132.758,-5.304,-9.3925,0.311235,0,4.2,0,0.285311,0.53652,0.794194
-145.55,-22.712,-24.8415,0.391795,0,-4.5,0,0.0411189,-0.699059,-0.713881
-161.241,-20.1303,-35.0768,-0.736465,0,-1.3,1,-0.871192,-0.220235,0.438772
-134.518,-4.26412,-16.4622,0.545726,0,4.2,0,0.964889,-0.0979015,-0.24373
-142.492,-8.17775,-1.20225,0.31705,0,3.8,0,-0.692769,-0.222226,0.686066
-155.316,5.10275,-17.8184,0.260901,0,2.19501,0,0.611293,-0.652701,-0.44755
-138.278,14.6416,-25.0779,0.468716,0,2.8,0,0.00516969,0.942729,-0.333518
-137.185,-26.605,-6.83525,0.940149,0.552491,-4.5,0,0.727837,-0.64293,-0.238526
-148.332,15.7141,0.48125,2.52078,0.472348,-3.9,0,0.107536,-0.258663,0.959963
-157.79,-12.1581,-16.3477,-0.0408202,0,1.69396,0,-0.574167,0.815328,-0.0746449
-142.71,-24.5666,-16.179,-0.556348,-0.187002,-0.8,0,0.0523933,-0.735343,-0.675667
-126.552,-21.6963,-12.3728,0.678273,0,-1.6,0,0.636557,0.24162,0.732403
-129.566,-26.2003,-19.4711,0.398838,0,1.8,0,0.829157,-0.550739,0.095835
-153.745,-4.85262,-9.713,0.137895,0,4.2,0,-0.762551,-0.629455,0.149341
-135.352,0.384375,-21.3171,0.270421,0,4.5,0,0.536548,0.457267,-0.709241
-141.478,3.3635,-9.81038,0.295625,0,3.8,0,-0.913123,-0.195609,-0.357692
-128.52,-14.028,-19.2687,0.496653,0,3.8,0,0.806963,0.442508,-0.39115
-150.101,15.962,-29.5485,-0.100719,-0.641375,-0.8,0,0.390468,0.807619,-0.441912
-144.529,-15.4515,-7.0045,1.14459,0,-0.8,1,-0.778436,-0.17016,0.604222
-166.293,-18.6641,-11.023,0.109225,0,-3.5,0,-0.992516,-0.088215,0.084436
-135.373,10.5564,-9.243,0.362527,0,-1.6,0,0.773728,-0.446509,0.449416
-154.228,9.5335,-8.49775,0.409772,0,-3.9,0,0.123134,-0.972181,-0.199253
-152.01,13.537,-32.937,-1.36495,-0,-3.5,0,-0.308787,0.666558,-0.678492
-159.587,7.93412,-18.062,-0.200202,0,2.03606,0,-0.786327,-0.299956,-0.540107
-158.105,1.33575,-19.2345,0.069345,0,3.8,0,-0.0211409,-0.756823,-0.653278
-162.128,-20.5694,-22.2691,0.278203,-0.00403456,-1.3,0,-0.397065,-0.819981,0.412275
-127.072,-16.1388,-7.93225,1.65339,0.920827,-3.9,0,0.141334,-0.96439,0.223553
-163.443,-14.5378,-3.5545,0.222104,0,3.8,0,-0.560693,0.55151,0.617625
-138.824,-19.9221,-20.514,0.532557,0,-1.44804,0,-0.758984,-0.546252,0.354332
-162.88,2.14313,-29.0474,-0.241529,0,2.8,0,-0.73842,-0.614322,-0.278108
-138.757,0.70675,-23.267,0.221499,0,3.8,0,0.686619,0.334255,-0.645621
-164.469,-23.5165,-12.5122,-0.0490293,-0.356116,-3.75923,0,-0.251635,-0.57201,-0.780695
-156.962,19.9865,-15.3234,0.156559,0,1.9,0,-0.461731,0.560929,-0.687141
-136.289,-17.3845,-27.5508,1.10832,0.104785,-0.4,0,0.336906,-0.409027,-0.848051
-138.19,15.818,-21.248,0.976231,0.744524,2.8,0,0.359445,0.908832,-0.211716
-163.531,-30.1877,-22.0107,0.503959,0,-4.5,0,-0.0521578,-0.000721048,-0.998639
-145.823,13.5514,-14.9999,-0.0406721,0,-3.5,0,-0.385161,-0.431999,0.815492
-144.366,-5.39362,-0.53425,0.281509,0,3.8,0,-0.327361,-0.437235,0.837652
-147.899,-7.46513,-31.8509,0.138546,0,3.42013,0,0.699986,0.0532541,-0.712169
-161.187,-5.11425,-28.339,0.0567241,0,3.8,0,-0.979158,-0.18721,-0.0787493
-161.817,-20.1899,-36.9538,-0.0860051,-0.400439,-1.3,1,-0.914608,-0.309763,-0.259883
-141.665,12.3305,-39.3235,-0.089127,0,2.8,0,0.749711,0.232993,-0.619393
-140.274,-27.3786,-5.83913,1.26243,0,-4.5,1,-0.610484,-0.581479,-0.537765
-138.552,-0.80375,-1.88275,0.279696,0,4.2,0,-0.138108,0.0127557,0.990335
-142.139,-13.3721,-10.609,1.54122,-0.0448924,3.48925,0,-0.217134,-0.846774,-0.48562
-144.621,21.132,-23.748,0.0929797,0,-0.4,0,0.11624,0.784889,-0.608636
-169.245,-16.0851,-4.53263,0.129041,0,-0.7,0,-0.823668,0.246492,0.510699
-159.253,-25.938,-4.08962,0.787663,0.00541584,-1.3,1,0.439753,-0.818288,0.370164
-150.402,-23.985,-19.4349,0.606413,0,-4.5,1,-0.427851,-0.875272,0.225484
-153.309,3.90825,-34.316,-0.0471369,0,-1.3,0,-0.343426,0.129505,-0.930208
-163.124,-29.427,-7.1665,-0.429665,0,-1.3,1,0.910641,-0.406467,0.0742769
-148.557,-12.3042,-33.5298,-0.0110495,0,2.8,0,0.312183,-0.28807,-0.905294
-149.365,23.9942,-9.8615,-1.53038,-0.398218,-3.5,0,-0.16192,0.97104,0.175679
-146.449,11.2115,0.2895,-0.0164697,0,2.8,0,-0.523945,0.380283,0.762146
-144.627,-4.82113,-31.9836,0.269542,0,3.8,0,0.593103,-0.538614,-0.598435
-155.729,-0.818,-29.9309,0.570715,0,-0.4,0,-0.875031,0.458666,-0.154748
-151.385,-13.5035,-15.2489,0.613243,0,0.362637,0,-0.276378,0.0421447,0.960124
-151.447,17.489,-1.37388,0.917673,0,-3.9,0,-0.776859,0.493458,0.39114
-169.342,-36.1145,-19.2595,-0.290133,-0.345548,-4.5,1,0.632823,-0.732356,-0.251377
-152.205,18.439,-31.226,-0.0884028,0,-3.5,0,0.579453,0.0195538,-0.814771
-149.42,18.2717,-1.11675,1.75792,0,-3.9,0,-0.0572546,0.982348,0.178083
-142.318,-10.7303,-13.5337,1.24464,0,2.8,0,-0.0505944,-0.749839,-0.659683
-154.026,16.3037,-19.5949,-0.0492511,0.226133,-2.38077,0,-0.439208,0.863909,0.246492
-137.686,13.2981,-18.156,0.617329,0.58497,3.83182,0,0.826763,0.348175,-0.441857
-146.443,19.6392,-26.8972,-1.38642,-0.372299,-3.5,0,0.838098,0.18697,-0.512479
-159.207,-7.528,-35.666,0.0781175,0,4.5,0,-0.437579,0.870875,-0.223832
-147.329,8.98,-36.6816,0.344318,0,3.47898,0,0.232312,0.504873,-0.831345
-158.774,13.5165,-2.19587,0.240617,0,1.63251,0,-0.311509,0.334287,0.889502
-164.186,-28.9674,-9.109,0.121573,-0.0796824,2.25539,1,0.894247,-0.420992,-0.151946
-165.319,-13.8767,-33.169,0.137738,0,-0.9,0,-0.543967,-0.406939,-0.733826
-153.566,19.1168,-7.0525,0.109892,-0.119057,0.492227,0,-0.514391,0.83938,-0.175623
-154.68,20.1984,-31.4566,-0.835486,-0.0277062,-3.5,0,-0.17241,0.891401,-0.419141
-142.883,-30.333,-12.6555,-0.210941,0,1.9,1,-0.959583,0.0264291,-0.280182
-154.386,-3.78437,-24.4036,-0.124173,0,2.8,0,-0.398849,0.915526,-0.0522728
-166.136,-33.005,-19.587,0.76071,0,-4.5,1,0.230156,-0.670281,-0.705515
-126.362,-25.3358,-15.1301,0.61776,0,-1.6,0,0.69251,-0.690571,-0.208664
-150.455,-10.294,-33.7892,0.370144,0,2.8,0,-0.41461,0.053564,-0.908421
-158.003,19.5535,-14.2469,0.503409,0,1.9,0,-0.903232,0.327184,-0.277709
-142.156,-16.1688,-26.1807,0.743311,0,1.8,0,-0.611934,-0.72767,-0.309892
-156.142,-15.365,-36.3835,0.166134,0,3.8,0,0.523874,-0.361499,-0.771281
-157.963,-21.3088,-4.869,0.432049,0,-1.3,1,0.881278,0.454775,0.128564
-141.193,-24.6322,-14.6198,0.60231,0,-0.8,0,-0.0555797,-0.975805,-0.211458
-134.244,13.3663,-16.295,0.514881,0,2.8,0,0.8923,-0.144963,-0.427534
-138.243,-21.46,-4.06575,-0.430448,-0.368065,-4.5,0,-0.476004,-0.0318245,0.878867
-138.648,14.3237,-7.133,0.441668,0,-1.6,0,0.721219,0.198417,0.663682
-131.665,-10.1129,-5.985,0.427783,0,3.8,0,0.687588,0.705035,0.173632
-143.628,5.25737,-15.4086,-0.0446045,0,-2.07144,0,-0.559436,0.502258,0.65937
-150.44,-23.9631,-22.3976,0.392725,0,-1.43636,1,-0.235844,-0.811903,0.534033
-138.569,4.64888,-22.4635,0.329424,0,3.8,0,0.332321,-0.776173,-0.535835
-143.883,-9.0265,-29.4111,0.298807,0,3.8,0,0.333685,-0.819994,-0.465042
-159.633,-14.8655,-9.55912,0.691397,0,4.2,0,0.668199,0.152208,0.728246
-160.946,-26.515,-8.923,0.813836,0.241086,-4.5,1,0.83289,-0.524663,-0.176132
-153.721,18.3909,-12.4695,-0.230935,0,1.9,0,0.126782,0.97477,0.183709
-150.227,6.597,-7.98063,0.500424,0,1.8,0,-0.645502,-0.651963,-0.397834
-148.311,-24.0998,-27.7205,0.431264,0,-0.7,0,0.795676,-0.605546,-0.0145928
-153.016,6.37525,-2.885,0.760968,0,1.9,0,0.098261,-0.832982,0.544506
-143.476,-0.62125,-16.2881,0.458262,0,-3.5,0,-0.62147,-0.3124,0.718458
-138.008,-30.1822,-15.365,0.42998,0,3.8,1,-0.0431522,-0.807703,-0.588008
-162.356,13.0695,-5.02325,0.154649,0,3.8,0,-0.836882,-0.251377,-0.486249
-164.253,6.62038,-24.3002,-0.0348852,0,-0.7,0,-0.795975,-0.600481,-0.0764606
-128.988,-17.3681,-24.0588,1.36233,0.620528,-4.5,0,-0.130192,-0.3155,-0.939952
-137.956,-4.9425,-25.6925,0.240164,0,3.8,0,0.16765,0.515447,-0.840362
-152.062,-17.6129,-18.4961,0.800607,0,-3.2,1,-0.421041,-0.805492,0.417023
-159.732,10.4054,-14.2325,-0.363947,0.0355304,-1.0182,0,0.555548,0.686191,0.469582
-144.323,14.8485,-28.9794,-0.136071,0,-3.81467,0,0.899103,0.299925,0.318839
-134.452,-15.3597,-25.124,0.497999,0,-0.4,0,0.881676,0.218358,-0.41829
-152.812,17.1612,-30.9236,0.0270327,0,-3.5,0,0.464567,-0.253745,-0.848405
-163.656,-26.1677,-6.34013,0.627067,0,-2.86843,1,-0.00814563,0.992138,0.124882
-140.535,-28.5465,-8.805,0.962834,0,1.9,1,-0.0336677,-0.330643,0.943155
-143.44,-22.444,-17.4505,0.695612,0,1.8,0,0.582697,-0.650507,-0.48714
-137.475,1.06763,-7.17362,0.176779,0,3.857,0,0.964542,0.0561104,0.257895
-138.286,-10.5285,0.75725,0.333088,0,3.8,0,0.264435,0.573018,0.775709
-160.881,-24.6859,-0.69975,0.384863,-0.249616,-1.3,1,0.98567,0.114305,0.124053
-133.965,-4.20612,-3.37987,0.292433,0,4.5,0,0.66009,0.0814496,0.746758
-149.65,1.38375,-26.2722,0.543462,0,1.9,0,-0.950933,-0.296725,0.0876369
-149.077,-10.7863,-4.2815,0.539543,0,4.5,0,-0.777477,-0.578893,-0.24579
-172.406,-43.5785,-19.4265,0.52069,0,-4.5,0,0.361007,-0.102288,0.926936
-147.119,-20.674,-26.3185,0.885107,0.145956,-1.48182,0,0.572078,0.0394715,-0.819249
-174.415,-40.1475,-23.6,0.9636,0,-4.5,0,-0.569134,-0.127256,-0.812337
-145.945,19.5849,-25.8073,0.0840097,0,-3.5,0,0.660853,0.393679,-0.638976
-139.187,8.32425,-35.5685,0.227562,0,3.8,0,0.47959,-0.846239,-0.232107
-155.047,-4.90712,-22.2668,0.075272,0,2.8,0,-0.608446,0.376293,0.698711
-150.768,-23.8022,-21.0515,0.390978,0,-4.5,1,-0.502363,-0.864368,-0.0223663
-128.989,-17.7179,-12.4594,1.01399,0,2.8,0,0.148397,-0.182405,0.97196
-159.546,6.2645,-31.0695,-0.228643,0,2.8,0,0.332264,0.456535,-0.825334
-134.322,-16.882,-3.53375,0.737417,0,-0.4,0,0.716702,0.47652,0.509183
-169.118,-36.5006,-24.3732,0.806363,0.737929,-3.2,0,0.651541,-0.757551,-0.0401413
-162.883,-22.8472,-11.6281,0.239852,0.100077,-3.60924,1,0.964735,-0.0836315,-0.249583
-154.527,12.651,-0.52825,0.241133,0,4.2,0,0.212488,-0.221395,0.951753
-168.51,-35.5342,-24.6995,-0.543851,-0.950385,-3.2,0,0.889006,-0.245206,0.386706
-147.938,1.45525,-9.0815,0.486158,0,4.5,0,-0.279339,0.883948,-0.374975
-149.21,-21.5933,-29.9058,0.474249,0,-0.7,0,0.35575,0.450318,-0.818936
-171.947,-39.6729,-23.824,0.461863,0.137634,-4.5,0,0.34667,-0.207456,-0.914758
-159.907,3.0035,-8.881,0.0761966,0,2.8,0,-0.326989,0.277909,0.903241
-130.202,-18.1106,-23.2304,1.49616,0.784914,-4.5,0,-0.285046,-0.396994,-0.872436
-170.541,-32.8068,-13.5935,0.0509248,0,4.2,1,-0.964298,0.262432,0.0354687
-149.301,-10.8836,-33.9351,0.21459,0,2.8,0,0.127685,-0.0295405,-0.991375
-125.974,-14.8885,-7.89575,3.31833,0,-3.9,0,0.841986,-0.449134,0.298894
-141.402,6.693,-26.61,0.29588,0,4.2,0,0.850369,0.427008,-0.307468
-130.123,-11.7265,-15.0013,0.34797,0,0.873214,0,0.259187,0.925175,0.27726
-134.505,12.6375,-14.7269,0.185341,0,2.8,0,0.944998,-0.323032,0.0512687
-146.401,-14.0854,-30.7645,0.466076,0,2.8,0,0.33766,-0.818707,-0.46444
-150.383,20.7299,-11.4677,-0.0447331,0,-0.8,0,-0.894853,0.442691,-0.0571167
-143.694,7.7105,-2.67462,0.0121999,-0.0344692,2.51962,0,0.956315,0.219598,0.192975
-159.911,-22.0689,-8.63975,0.293816,0,-1.3,1,0.713898,-0.27207,-0.645234
-156.792,2.3765,-19.7603,0.102496,0,3.8,0,0.683976,-0.51752,-0.514149
-153.938,-22.1362,-33.2007,-0.549994,-0.0915009,-1.3,0,0.742829,-0.0478669,-0.667768
-167.979,-36.4825,-14.0566,0.317189,0,4.2,1,0.659613,-0.715456,-0.23029
-150.295,23.4191,-11.0509,-1.77919,-0.1916,-3.5,0,-0.792416,0.510969,-0.333147
-151.122,18.9619,-19.3324,0.07907,0,-3.9,0,-0.734795,0.678234,-0.00865674
-149.667,-6.252,-6.056,-0.165897,0,4.43104,0,-0.707927,0.0325474,0.705536
-151.342,-3.35763,-5.585,0.352541,0,-0.4,0,-0.404948,-0.374925,0.833935
-146.985,9.96175,-18.0784,0.286363,0,3.8,0,0.253097,-0.954144,0.159844
-132.254,-10.2812,-19.3109,0.386324,0,0.203302,0,0.728603,0.494153,-0.474289
-142.431,-25.6809,-11.1103,1.92671,0.527561,1.9,1,-0.897234,-0.248031,-0.36531
-167.406,-35.2055,-17.606,-0.172519,-0.118351,-4.5,1,0.587436,-0.805863,-0.0741902
-137.394,3.1435,-21.3245,0.24762,0,3.8,0,0.572179,-0.0934771,-0.814784
-143.857,19.919,-24.6553,1.11951,0.282261,-0.4,0,0.570955,0.23369,-0.78702
-136.13,-27.9338,-19.4276,0.277549,0,-0.7,1,-0.436196,-0.88361,-0.170198
-168.657,-28.8665,-5.8715,0.616504,0.222721,-3.70842,1,-0.746923,-0.502229,0.435743
-138.206,-25.4135,-17.0445,0.33204,0,3.8,0,-0.805216,0.301827,-0.510419
-160.938,13.2781,-30.9776,0.57628,0.0368806,-0.4,0,-0.522399,0.797495,-0.301831
-172.72,-39.9202,-19.8625,0.650908,0,-4.5,0,0.109823,-0.123683,0.986226
-147.643,-13.9734,-2.333,0.340845,0,-3.5,0,-0.700646,-0.218539,0.679218
-139.318,-21.3732,-22.8323,0.452262,0,-0.7,0,-0.487834,-0.641677,0.591835
-123.757,-14.3495,-16.5947,0.477333,0,2.8,0,0.977144,0.0149305,-0.212053
-149.528,15.9028,-33.1115,0.0604816,0,-1.056,0,-0.863453,0.499105,0.0730963
-133.339,-30.4202,-10.7595,0.393816,0,-4.5,1,-0.753027,-0.657801,-0.0157809
-150.399,-7.953,-19.3581,0.466121,0,3.70477,0,0.102318,0.981345,0.162769
-160.615,-20.7975,-29.2915,-0.228219,0,-3.5,1,-0.614207,-0.735755,0.285332
-144.081,11.447,1.57862,-0.0097633,0,2.8,0,-0.111566,0.375822,0.919951
-150.029,9.3405,-38.734,0.0660963,0,4.5,0,0.183388,0.481002,-0.857325
-142.955,7.889,-4.4595,-0.722084,0,1.9,0,0.854087,0.181515,0.48743
-141.78,11.5562,-5.12787,0.458515,0,1.9,0,0.595648,-0.0748081,0.799754
-158.144,-11.961,-22.6817,-0.373873,0,-0.9,0,-0.554052,-0.600479,-0.576586
-143.592,-8.78625,-2.75825,0.307242,0,3.8,0,-0.531368,-0.101939,0.840985
-166.71,-34.5908,-14.756,0.884388,0.184803,1.89322,1,0.906803,-0.415466,-0.0713881
-148.6,-14.8331,-29.762,0.489541,0,2.8,0,0.0993216,-0.85949,-0.50141
-152.125,12.4637,-2.049,0.0988119,0,-3.9,0,0.00822985,-0.215036,0.976572
-156.402,-19.237,-9.59488,0.583338,0,-1.6,1,0.283053,-0.668642,0.687603
-156.116,20.1558,-29.508,-0.0209785,0.00219211,-3.5,0,-0.445042,0.895471,0.0083295
-134.773,-13.2115,-6.20463,0.714451,0,3.8,0,0.22552,-0.946392,0.231263
-140.177,-19.7332,-1.28425,0.982411,0,-3.5,0,0.380436,-0.791273,0.478701
-169.618,-36.447,-20.958,-0.167132,-0.138321,-1.34473,1,0.854746,-0.460931,0.238645
-148.393,13.0529,-11.5281,-0.475328,-0.215818,-3.18254,0,0.721513,-0.61884,-0.310574
-156.946,-17.0788,-8.57125,0.512848,0,-1.6,0,0.110541,0.330543,0.937295
-171.53,-30.0271,-27.1451,-0.918376,0,-3.2,0,-0.444093,-0.107255,-0.889538
-157.989,-22.7801,-36.1391,0.150287,0,-1.3,0,0.280241,-0.799475,-0.531323
-137.11,6.91713,-25.9891,0.265523,0,3.8,0,0.300143,-0.359032,-0.883748
-145.747,-11.2696,-1.53587,0.431321,0,-2.13634,0,0.313288,-0.127613,0.941045
-175.049,-40.8626,-22.0863,1.25645,0,-4.5,0,-0.958658,-0.225775,-0.173208
-159.873,-17.3843,-35.8242,0.0677522,0,-1.3,1,-0.742738,0.636002,-0.209385
-152.175,-1.475,-14.1497,0.216997,0,2.8,0,0.190819,0.576809,-0.79428
-135.925,5.95762,-21.247,0.274392,0,3.8,0,0.898764,-0.436819,-0.0375798
-144.448,18.2851,-3.12275,0.449599,0,1.9,0,0.295048,0.199544,0.934414
-160.944,-14.4143,-13.6272,0.0614878,0,4.2,0,-0.381286,0.0250951,-0.924116
-139.816,2.22375,-2.87225,0.176648,0,4.2,0,-0.0542757,0.565959,0.822645
-136.302,-25.4711,-4.40987,1.01116,0,-4.5,0,0.810007,-0.224632,0.541691
-147.708,22.0365,-26.2579,-0.574897,0,-3.5,0,0.422726,0.867309,-0.262827
-145.973,10.1932,-18.5619,0.408316,0,2.8,0,-0.00286777,-0.966261,0.257549
-165.768,-23.7566,-4.51162,-1.29718,-0.530011,-4.5,1,0.476669,0.24413,0.844504
-128.296,-15.7618,-23.7649,0.65051,0,-4.5,0,0.131528,0.56715,-0.813044
-146.771,-7.4895,-30.4536,-0.183098,0,3.65978,0,0.316559,-0.23739,-0.918388
-135.845,-29.666,-14.0736,0.493652,0,3.8,1,0.468005,-0.883673,-0.00962033
-148.277,-14.361,-31.9055,0.450706,0,2.8,0,-0.00762539,-0.888478,-0.458855
-140.102,-12.728,0.983375,0.332384,0,3.8,0,-0.654161,-0.14682,0.741968
-167.031,-29.5165,-3.9325,0.763608,0,-1.3,1,-0.745464,-0.32167,0.583791
-144.557,1.24575,0.074875,0.28437,0,1.8,0,-0.347765,-0.231017,0.908675
-160.571,-8.7675,-22.36,0.124923,0,-0.9,0,-0.946187,0.226583,-0.231064
-141.303,-18.39,-24.278,-0.98027,-0.970289,-0.7,0,-0.99288,-0.117199,-0.0212867
-139.457,8.86862,-32.4596,0.287545,0,3.27641,0,0.76224,-0.181735,0.621259
-160.666,-6.64237,-26.2778,0.0547981,0,3.8,0,-0.966906,-0.14418,0.210486
-153.416,-2.225,-15.4522,-0.0494298,0,2.8,0,0.27642,0.756369,-0.592872
-132.66,-30.3396,-8.73225,1.07119,0.470785,-4.5,0,-0.350071,-0.399886,0.847078
-149.522,-8.78837,-11.047,0.499905,0,3.85895,0,-0.123323,-0.272705,-0.954161
-170.919,-33.9549,-13.5293,0.341318,0,4.2,1,-0.97542,0.1869,-0.116719
-139.793,4.47788,-22.9198,-0.0729608,0,3.8,0,0.568848,-0.511476,-0.644053
-170.986,-33.0257,-27.8037,-1.19133,-0.100884,-3.2,0,-0.43498,0.4501,-0.779873
-139.498,8.36275,-33.5298,0.271396,0,3.8,0,0.816217,-0.576637,-0.0357806
-144.471,5.04725,-7.38037,0.293786,0,-0.4,0,-0.167609,-0.0683127,-0.983484
-173.219,-36.6396,-19.3442,0.926775,0.506212,-3.61396,0,-0.770193,-0.403197,0.494201
-156.853,-23.1535,-34.7465,0.302019,0,-1.3,0,0.251257,-0.959303,-0.12887
-133.837,-13.3121,-23.6505,0.646133,0,4.5,0,0.386723,0.224702,-0.894402
-127.871,-15.1278,-21.4708,0.569976,0.00761445,-4.5,0,0.309772,0.93646,-0.164574
-144.412,21.567,-14.777,-0.455158,0,-3.2,0,-0.344328,0.324743,-0.880897
-145.782,-5.176,-1.76163,0.283989,0,3.8,0,-0.764202,0.113726,0.634871
-137.04,-7.04187,-27.1505,0.270198,0,3.8,0,0.330711,0.575444,-0.747993
-161.872,3.31188,-31.7652,-0.22401,0,2.8,0,-0.594581,-0.442666,-0.671207
-148.541,-6.54588,-22.3582,0.262408,0,3.18222,0,0.0495377,0.770142,0.635946
-139.109,-0.751375,-24.3657,0.212413,0,3.8,0,0.674495,0.157497,-0.721284
-167.909,-26.7153,-12.3512,0.300008,0,3.8,0,-0.629792,0.590125,-0.505088
-136.68,12.8219,-17.2472,0.265032,0,2.8,0,0.636068,0.00218675,-0.77163
-149.93,17.002,-36.0348,-0.728529,0,1.9,0,-0.632446,0.772111,-0.0620985
-148.706,-2.49137,-4.81238,0.575477,-0.634888,-0.8,0,-0.42499,-0.270836,0.863731
-139.61,10.191,-32.187,0.335453,0,3.8,0,0.169166,-0.0550307,0.98405
-136.258,-11.623,-0.428,0.417876,0,3.8,0,0.749094,0.344738,0.565698
-141.175,2.6685,-10.5904,0.293385,0,3.8,0,-0.957746,-0.143157,-0.249456
-145.786,17.7803,-26.4697,0.215311,0.344655,-4.5,0,0.522335,0.349049,-0.77803
-158.615,-13.0935,-15.817,-0.0938336,0,0.0126347,0,-0.9415,0.290038,-0.171628
-148.074,14.6377,-38.8459,0.573726,0,1.9,0,-0.133777,-0.250287,-0.958885
-170.3,-43.315,-22.7178,0.869073,0.657322,-4.5,0,0.931107,-0.360118,-0.0579269
-154.611,6.731,-1.00262,0.365669,0,1.9,0,0.0391025,-0.390261,0.919873
-148.088,-23.1875,-28.7248,0.450382,0,-0.7,0,0.849257,-0.28885,-0.44196
-144.769,-9.79712,-2.80113,0.0982013,0,4.5,0,0.204069,0.296871,0.932858
-159.491,-3.13412,-26.5046,0.063366,0,3.8,0,-0.0817658,0.751682,0.654437
-156.577,-2.2395,-29.3336,0.213821,0,-0.4,0,-0.674938,0.716937,0.174528
-137.068,19.9076,-10.4963,0.144317,-0.195639,-3.5,0,0.532369,0.739642,0.41172
-160.801,0.909375,-28.5454,0.274264,0,2.8,0,0.220632,-0.910545,0.349614
-142.722,3.26175,-7.89738,0.200004,0,3.09056,0,-0.591757,0.0852134,-0.8016
-137.568,2.2775,-5.11863,0.18931,0,4.2,0,0.849888,0.526949,-0.00394934
-144.156,9.902,-13.4342,0.274878,0,2.8,0,-0.803485,-0.50843,0.309696
-142.314,-19.6715,-17.7248,0.459485,-0.65098,0.82362,0,0.815423,-0.289867,-0.501061
-150.539,-19.657,-28.9569,1.36716,0.93435,-0.7,0,0.47487,0.148812,-0.867383
-162.728,-19.3441,-29.8822,-1.3735,-0.0718255,-3.5,1,-0.730116,-0.65674,0.188742
-141.503,-2.997,-14.813,0.100926,0,2.5,0,-0.991827,0.0930367,-0.0873101
-161.771,-1.55825,-9.3195,0.381751,0,2.8,0,-0.558439,-0.600158,0.572675
-135.988,-8.5735,-3.04775,0.415249,0,4.5,0,0.436636,0.0534333,0.89805
-142.812,6.24,-12.143,-0.552071,-0.0757726,-0.4,0,-0.967752,-0.166849,0.188726
-151.431,20.2747,-14.1105,-0.0258206,0,-0.8,0,-0.667298,0.715645,-0.206314
-163.143,-19.5068,-22.945,0.835034,0.878532,-1.3,0,-0.97869,0.00609664,0.205251
-157.975,12.9688,-20.3731,-0.1882,0,-1.59033,0,-0.703649,0.710188,-0.0225885
-150.672,0.011,-20.8201,0.38579,0,2.8,0,-0.0648955,0.9636,0.259352
-130.848,-8.649,-9.62375,0.420812,0,4.2,0,0.938131,-0.0947282,0.333072
-169.469,-29.2803,-25.7192,-0.741446,0,-3.2,1,0.783144,0.621794,-0.00755155
-147.644,-17.5198,-26.575,0.792932,0,-4.5,0,0.77571,-0.222493,-0.590569
-145.734,-20.6359,-14.1704,1.34839,0,-0.8,0,-0.216155,0.728223,0.650361
-130.094,-26.4391,-20.9739,0.367253,0,1.8,0,0.661891,-0.536914,-0.523091
-157.73,-3.1655,-30.1276,-0.0568824,0,2.9594,0,-0.702464,0.647416,-0.29563
-161.4,12.4152,-31.496,0.312829,0.476793,-0.4,0,-0.701507,0.292226,-0.649993
-148.613,-30.924,-22.9083,-0.481233,-0.830629,-1.3,0,-0.0367055,-0.555084,0.830984
-144.544,6.494,-0.7595,0.46308,0,2.8,0,0.514999,-0.642359,0.567584
-155.757,13.6264,-11.2052,0.194562,0,4.5,0,-0.622194,-0.538038,-0.568673
-146.952,21.8854,-25.366,-0.160903,0,-3.5,0,0.654872,0.728252,-0.20197
-159.465,11.0664,-31.8274,-0.0969508,0,-0.4,0,0.0260656,-0.755732,-0.654363
-157.205,1.10088,-18.2046,0.0803201,0,3.7486,0,0.589038,-0.627342,-0.509388
-151.719,20.4655,-27.059,-0.414224,0,-3.5,0,-0.56307,0.819284,0.108282
-151.954,-11.0653,-8.90563,0.486645,0,3.8,0,-0.373181,-0.9244,0.078873
-158.614,2.36438,-31.2367,0.0911011,0,0.785511,0,-0.123224,-0.928695,-0.349773
-132.607,-14.8217,-23.468,0.609368,0,4.5,0,0.565302,0.180971,-0.804788
-161.667,14.441,-3.186,0.0779709,0,3.8,0,-0.605948,0.433327,0.667124
-151.724,5.8865,-18.8507,-0.62309,0,1.9,0,0.251209,-0.662232,-0.705934
-170.785,-32.0283,-17.4095,0.554393,0.270246,-1.26522,1,-0.574634,0.801395,0.16602
-147.143,-15.3974,-27.7068,1.14646,0,2.30043,0,0.378175,-0.819174,-0.431206
-142.292,-26.1812,-10.0616,0.955087,0,1.9,1,-0.961535,0.0267859,0.273375
-141.42,-19.1597,-17.2874,0.974337,0.0912846,-4.5,0,0.323431,-0.670735,-0.667464
-144.249,-21.6225,-6.49312,0.0163774,-0.208407,-3.5,1,-0.664185,0.654511,0.361212
-154.122,5.987,-18.5068,-0.0622723,0,1.82226,0,0.103009,-0.855181,-0.50799
-149.261,-6.751,-4.9925,0.0413192,0,4.5,0,-0.944506,0.296793,0.14079
-134.779,0.819,-20.1565,0.28323,0,4.5,0,0.655929,0.656679,-0.372196
-145.774,-1.90425,-11.9081,0.336605,0,4.5,0,0.308314,-0.110672,-0.944825
-158.596,-22.3445,-28.5824,-0.0308603,0,-3.5,1,-0.58791,-0.791494,-0.167031
-137.18,-0.82875,-5.51988,0.21396,0,4.2,0,0.883686,0.26486,-0.385939
-156.673,-0.55375,-5.9825,0.275862,0,4.2,0,-0.468985,0.177132,0.865261
-166.993,-31.3673,-4.5565,0.660427,0,-3.5,1,-0.565328,-0.0739927,0.821541
-151.055,-30.7285,-24.6414,0.0789774,0,-1.3,0,-0.415717,-0.888652,-0.193588
-130.539,-26.6842,-12.3545,0.856699,0,-4.5,0,0.763958,0.158507,0.625495
-141.146,-11.144,-15.0875,1.66541,0,3.8,0,-0.804879,-0.578589,-0.131927
-150.256,11.6095,-35.3906,-0.168532,0,1.9,0,-0.732129,0.113766,-0.671599
-174.879,-39.7325,-20.8018,0.973686,0,-4.5,0,-0.778618,0.213802,0.589951
-137.949,-14.7465,-15.0455,2.57487,0.651394,-3.47924,0,-0.672634,-0.466833,0.574134
-168.316,-35.7365,-27.0012,-1.16483,-0.93494,-3.2,0,0.62349,-0.419459,-0.659783
-160.484,-14.46,-28.447,-0.0451152,0,-0.9,0,-0.496102,0.0241455,0.867929
-151.074,7.973,-16.8013,-0.416993,0,1.9,0,0.816277,0.26547,0.513047
-141.323,-6.14375,-1.32913,0.31022,0,3.8,0,0.368549,0.246723,0.89627
-139.391,16.461,-20.6192,0.580775,0.0863454,2.52071,0,0.572059,0.784618,-0.239005
-165.21,-25.8659,0.221875,0.358715,0,-1.3,0,-0.639093,0.619253,0.456165
-151.081,19.0527,-16.1335,-0.706735,-0.865642,-0.8,0,-0.419753,0.828564,-0.370526
-149.155,5.4855,-23.0138,0.150799,0,-0.9,0,-0.113968,-0.855826,0.504553
-142.886,-24.4932,-11.9276,0.955879,-0.64376,-0.290133,1,-0.535366,-0.823549,-0.187482
-152.37,6.19588,-3.979,0.457445,0,1.9,0,-0.186347,-0.890945,-0.414117
-158.509,9.59125,-1.49525,0.169543,0,3.8,0,-0.156267,-0.521442,0.838856
-138.557,-10.1141,-28.7031,0.324665,0,3.8,0,-0.0698423,-0.415471,-0.906921
-147.863,-28.5395,-24.1325,0.455283,0,-1.3,0,0.554281,0.574561,0.602207
-161.333,-26.7294,-1.52612,0.0526267,0,-1.3,1,0.833597,-0.50882,0.214984
-150.171,21.7798,-11.5883,-1.14512,0,-3.45306,0,-0.965402,0.186007,-0.182757
-150.988,-18.1195,-15.814,0.661688,0,-1.09919,1,-0.823617,-0.347904,0.447904
-151.874,0.985,-15.2443,0.663872,0,-3.2,0,-0.166068,-0.736659,-0.655557
-166.286,-31.881,-14.9393,0.471614,0,-2.76536,1,0.965586,-0.160417,0.204719
-161.747,-11.0312,-11.5267,0.182178,0,4.2,0,-0.367361,0.914642,-0.168751
-145.385,-4.6125,-18.7315,0.368326,0,3.8,0,-0.911419,0.360539,0.198309
-150.679,-1.904,-5.31012,0.610737,0,-0.4,0,-0.421745,0.40015,0.813641
-148.18,-4.57225,-5.01538,-0.45,0,4.5,0,-0.390164,0.325154,0.861422
-135.049,-3.95875,-7.3855,0.289877,0,4.38459,0,0.88512,0.429798,-0.178427
-151.953,20.5786,-29.9417,-0.0567119,0,-3.5,0,0.310648,0.906531,-0.285831
-150.654,3.59475,-3.828,0.521757,0,1.8,0,-0.74864,-0.353201,-0.561058
-158.727,-0.972125,-8.12862,0.217863,0,2.8,0,-0.33812,-0.224513,0.91393
-133.904,-23.932,-6.6025,0.300092,-0.36368,-3.53495,0,0.445896,-0.846026,0.292262
-162.589,2.02463,-27.701,0.0824688,0,2.8,0,-0.462592,-0.80769,0.365575
-163.503,5.05675,-30.1575,-0.401186,0,2.8,0,-0.940437,-0.185515,-0.284891
-155.56,2.91363,-8.94137,0.275903,0,2.64139,0,-0.112527,0.564016,0.818061
-170.966,-43.67,-21.7628,0.580146,0.0516804,-4.5,1,0.854968,-0.494174,0.157551
-134.048,4.53562,-11.5421,0.195123,0,3.8,0,0.480636,-0.738794,0.472411
-168.549,-30.7913,-17.3384,0.390391,0,-4.5,1,-0.57127,0.819414,-0.0470235
-170.546,-39.7718,-21.3107,0.384492,0,-4.5,0,0.919845,-0.302004,0.250357
-160.807,-25.8439,-2.55875,0.537121,0,-1.3,1,0.923416,-0.278491,0.264095
-130.76,-25.4245,-12.912,1.22902,0.570391,-4.5,0,0.219478,0.151933,0.963715
-157.284,-18.1842,-15.2901,-0.46501,-0.435026,-0.8,0,-0.371943,-0.925248,0.074669
-172.85,-29.8232,-26.1001,-0.295362,0,-3.2,0,-0.789196,-0.0903574,-0.607458
-164.108,7.68663,-28.6349,-0.86145,-0.0182127,-0.7,0,-0.984853,-0.114564,-0.130152
-163.673,-29.7511,-4.642,0.5171,0,-1.3,1,0.930972,-0.361145,-0.0535202
-150.377,2.30675,-2.76075,0.376775,0,1.8,0,-0.55624,-0.826437,-0.0871751
-158.26,7.532,-3.89,0.224295,0,3.8,0,-0.241602,-0.964401,0.107515
-159.533,-16.512,-13.607,-0.131843,-0.349766,4.2,0,-0.561704,-0.275641,-0.780071
-135.958,-14.0755,-7.13925,0.840929,0,2.17615,0,0.61737,-0.786159,-0.0284343
-162.537,-27.591,-17.497,0.956616,0.365271,-4.5,0,0.396235,0.655532,0.642865
-153.266,16.8809,-18.6101,-0.058828,0,-3.9,0,-0.476611,0.816217,-0.326546
-143.992,-16.3165,-6.6845,0.876624,0,-0.8,1,-0.613499,-0.693042,0.378565
-159.275,-12.957,-17.4982,-1.26221,-0.469812,-0.9,0,-0.875127,0.447232,0.184759
-137.422,11.7066,-35.1081,0.245419,0,3.8,0,0.718617,0.350573,-0.600573
-150.367,-25.1234,-23.0931,-0.964104,0,-1.3,1,0.290464,-0.355397,0.888439
-151.804,-23.7288,-23.3784,0.379547,-0.389421,-2.45605,1,-0.175304,-0.519239,0.836456
-147.01,-23.8645,-21.3207,1.55042,0.000308825,-4.5,1,0.16802,-0.979109,-0.114516
-154.802,16.9013,-20.609,0.522055,0.824403,-3.2,0,-0.0763097,0.770775,0.632521
-161.42,-26.3994,-0.359375,-0.272054,-0.00117425,-1.3,1,0.800704,-0.491537,0.342439
-139.158,2.05288,-22.4888,0.188451,0,3.8,0,0.67536,0.411418,-0.612066
-169.345,-34.9692,-22.6042,0.00131899,-0.125711,-2.54432,1,0.994502,0.0504298,0.0917761
-140.154,18.59,-7.668,0.195594,-0.0266259,1.37595,0,0.722697,0.291645,0.626619
-146.505,-12.217,-16.9075,1.66876,0,-3.2,0,0.730836,0.369032,0.57419
-155.27,-3.30813,-35.0495,0.229351,0,1.8,0,0.221371,-0.100397,-0.970008
-154.791,-14.8603,-12.646,0.593803,0,4.2,0,0.993745,-0.0562101,0.0964988
-142.485,-22.89,-16.6828,-0.0640157,0,1.00065,0,0.405845,-0.317242,-0.857116
-146.402,21.5879,-11.3061,-0.0326988,-0.766036,-3.5,0,0.212888,0.969568,0.1209
-143.507,-1.63688,-30.0704,0.36242,0,-1.26413,0,0.852614,-0.0435017,-0.520728
-147.66,-23.1555,-23.9848,0.733307,0,-4.5,0,0.269996,-0.929286,-0.252053
-157.901,-18.5372,-36.2881,-0.160386,0,-1.3,1,0.372655,0.229034,-0.899262
-152.462,19.1798,-2.21213,-1.48269,-0.834679,-3.5,0,-0.248422,-0.154801,0.956202
-140.673,-14.2972,-27.8857,0.458062,0,1.8,0,0.084133,0.16602,-0.982527
-155.21,-22.9626,-32.9496,-0.369316,-0.810602,-1.3,0,0.00790827,-0.770385,-0.63753
-172.636,-22.6418,-6.8905,3.27235,0,-3.9,0,0.0260083,0.867089,-0.497474
-137.069,10.6035,-7.80025,0.445295,0,-1.6,0,0.207987,-0.229994,0.950707
-147.774,12.5579,-36.6424,0.274918,0,1.9,0,-0.0872286,-0.62597,-0.774954
-150.369,-1.0575,-36.6821,0.185773,0,4.5,0,0.0566857,-0.38674,-0.920445
-163.882,6.79825,-30.3101,0.0372268,0,2.8,0,-0.963398,-0.010285,-0.267878
-134.342,-6.19788,-7.77375,0.288776,0,4.41447,0,0.884491,0.178388,0.431107
-140.102,-14.6606,-12.2586,2.01098,0,3.8,0,-0.622782,-0.388224,-0.679282
-161.349,-1.81375,-15.9211,0.21057,0,2.8,0,-0.70109,-0.689606,-0.181429
-127.57,-18.1144,-18.9522,0.628226,-0.0806521,1.42286,0,0.916835,-0.391884,0.0764288
-145.948,-24.1047,-12.9959,0.485544,0,-0.8,1,-0.701688,-0.691395,0.172065
-171.171,-32.984,-16.813,0.722861,0,1.8,1,-0.737257,0.293709,0.60843
-153.647,19.2094,-16.4669,0.5026,0,1.9,0,0.305943,0.814902,-0.492274
-163.705,10.7484,-25.0789,-0.0467838,-0.316939,-2.06275,0,-0.378061,0.483192,0.789681
-149.017,22.2021,-14.6748,-0.142022,0,-0.8,0,-0.0350734,0.791057,-0.610736
-160.111,11.0258,-7.03062,0.505327,0,3.46977,0,-0.899399,-0.181525,-0.397655
-160.759,-19.2195,-34.2779,-0.362698,-0.0150121,-1.3,1,-0.988481,0.130545,0.0765684
-171.505,-28.7281,-27.0684,-0.163938,0.517447,-3.2,0,-0.403368,0.528662,-0.746867
-142.176,-14.9054,-27.533,0.464586,0,1.8,0,-0.262661,-0.28746,-0.921073
-150.902,22.5595,-9.665,-0.693473,0,-3.5,0,-0.820627,0.498167,-0.280001
-136.584,14.001,-23.9969,-0.0520769,0,2.8,0,0.628956,0.738954,-0.241582
-160.566,2.67788,-32.0438,0.211843,0,2.8,0,0.0851407,-0.487519,-0.868951
-155.117,-13.7075,-11.9558,0.622318,0,4.2,0,0.98884,0.0170044,0.148007
-148.717,-8.26025,-19.6397,0.434484,0,3.8,0,0.00747169,0.942865,0.333091
-147.011,-15.7826,-26.7235,1.24395,0,-2.23471,0,0.623989,-0.707838,-0.331062
-157.205,13.9725,-21.4032,-0.334638,-0.436325,-0.4,0,-0.939405,0.339755,-0.0456521
-135.217,0.070125,-17.5408,0.338567,0,3.99926,0,0.770216,0.583892,0.256588
-143.214,-18.1112,0.466125,-0.0234366,-0.160732,-3.5,0,-0.424097,-0.084119,0.901702
-148.169,-11.3221,-1.2955,0.397449,0,4.5,0,-0.40495,-0.493592,0.769664
-160.683,6.8175,-31.6255,0.00962254,0,2.8,0,0.55838,0.32033,-0.765245
-172.502,-26.4959,-4.07212,0.812484,0,-3.9,0,-0.283649,-0.657296,0.698216
-156.612,18.5923,-4.32275,0.49705,0,-1.6,0,0.190914,0.905828,0.378189
-169.367,-34.0003,-27.7064,-1.6951,-0.44378,-3.2,0,0.466304,0.124398,-0.875834
-168.158,-32.808,-24.5063,0.0923586,0,-3.2,1,0.992285,0.0459871,0.115129
-145.886,-4.234,-3.19038,0.209548,0,3.8,0,-0.818806,0.344096,0.459515
-163.478,-12.5798,-9.966,0.228082,0,4.2,0,-0.760982,0.565436,0.318102
-141.768,18.2202,-20.6947,-0.0909163,0,1.49998,0,0.857568,0.497731,-0.129773
-134.378,-9.68875,-22.1642,0.52413,0.0701867,0.252749,0,0.523218,0.353095,-0.775607
-158.802,-12.6027,-20.328,0.144249,0,-0.9,0,-0.897984,-0.435488,-0.063049
-137.313,8.24837,-26.2049,0.264709,0,3.8,0,0.0686384,-0.283243,-0.956589
-143.835,7.16825,-0.422625,0.251009,0,2.8,0,0.603605,-0.740065,0.296591
-134.035,0.8825,-13.7867,0.298728,0,1.8,0,0.976096,0.0286492,0.215442
-145.031,1.03725,-8.977,0.258085,0,2.03871,0,0.237054,0.856574,-0.458352
-144.932,-15.3638,-1.50025,-0.989578,0,-3.5,0,-0.182168,-0.0994469,0.978225
-153.391,0.728625,-35.0192,0.182237,0,4.5,0,-0.808547,-0.128374,-0.574257
-174.405,-42.7625,-20.4085,0.982558,0.0933092,-4.5,0,-0.890172,-0.3006,0.342393
-141.861,8.803,-30.2092,0.245891,0,2.8,0,0.492765,0.500998,0.711465
-164.753,-31.2329,-12.7216,0.416648,0,3.8,1,0.679208,-0.298727,-0.670402
-153.754,3.00837,-7.69887,0.393881,0,-0.4,0,-0.285429,0.462541,0.839396
-149.743,-8.31637,-5.63025,0.334671,0,4.5,0,-0.917813,-0.0382172,0.39517
-148.679,-4.476,-23.1045,0.451885,0,3.6247,0,-0.196679,-0.148249,0.969195
-157.98,19.0704,-5.4785,0.377629,0,-1.6,0,-0.0524148,0.981661,-0.183287
-136.886,13.8049,-25.3468,-0.0570331,0,2.8,0,0.61877,0.68157,-0.390624
-163.581,7.99225,-21.9239,-0.0344119,0,-0.7,0,-0.414188,-0.0507265,0.908777
-139.694,-16.0718,-27.298,1.16927,0.319234,1.8,0,-0.0731145,-0.259399,-0.962999
-162.297,-20.6828,-10.7945,0.686622,0,-3.5,1,0.753738,-0.605263,-0.256
-166.321,-19.4732,-3.12037,-1.07099,-0.563429,3.8,0,-0.397613,-0.395125,0.828119
-147.197,-1.75437,-32.4948,0.425945,0,0.132836,0,0.472611,-0.155076,-0.86752
-136.915,-29.9661,-15.3483,0.438259,0,3.8,1,0.273624,-0.895249,-0.351651
-161.254,11.2915,-3.13775,0.0769029,0,3.8,0,-0.838091,-0.265825,0.476383
-133.761,-25.1943,-8.6115,0.364229,-0.0346228,-3.5,0,0.642687,-0.602989,0.472608
-153.738,20.5185,-3.3475,-1.18688,0,-3.5,0,-0.758559,0.401213,0.513436
-169.971,-31.956,-12.9155,0.413423,0.127965,4.2,1,-0.801609,0.491579,0.340255
-134.149,-27.0928,-20.9051,0.279827,0,-0.7,0,0.403996,-0.728556,-0.553167
-149.392,-9.55237,-5.88363,0.470341,0,4.41591,0,-0.744975,-0.651329,0.144162
-137.867,13.002,-27.3522,0.351602,0,2.8,0,0.303328,0.631581,-0.713511
-147.051,-0.671,-21.2903,0.0830087,0,-0.4,0,-0.281005,-0.192435,0.940215
-128.801,-22.0236,-1.28163,3.30064,0.21604,-3.9,0,0.592594,-0.668067,0.45002
-142.042,7.37875,-34.18,0.249715,0,3.3498,0,0.572944,-0.532345,-0.623172
-159.058,-14.1798,-36.2909,0.0220097,0,3.8,0,-0.776624,0.247799,-0.579181
-144.245,16.2708,-31.5834,0.16714,0,-3.5,0,0.497618,0.609429,0.617229
-144.694,4.03113,-36.7383,-0.0802233,0,2.8,0,0.522351,-0.274709,-0.80727
-145.705,-22.046,-11.8042,1.11654,0,-0.8,0,-0.705577,0.264557,0.657397
-151.039,10.0419,-38.0706,0.00209037,0,4.5,0,-0.437968,0.721478,-0.536333
-164.33,7.73962,-11.9189,0.154838,0,-0.7,0,-0.969992,0.242313,-0.0199954
-160.115,-15.5316,-8.56538,0.4023,0,4.2,0,0.787622,0.157654,0.595648
-132.281,-14.318,-10.0925,1.15936,0,2.03911,0,0.2457,-0.393083,0.886068
-157.226,6.82963,-3.3605,0.324747,0,1.9,0,-0.740401,-0.650408,-0.169634
-126.694,-23.2181,-16.2594,0.626766,0,-1.6,0,0.626834,0.371291,-0.684998
-130.918,-19.4865,-1.10113,1.35424,0,-3.9,0,0.0816557,0.898683,0.430932
-162.179,-15.0016,-29.103,-0.610377,0,-0.9,1,-0.443141,-0.0556341,0.894724
-143.605,-21.0522,-7.49475,0.500897,0,-3.5,1,-0.39343,0.918172,-0.0466239
-172.778,-44.9789,-21.2344,0.607215,0,-4.5,1,-0.244037,-0.954403,-0.17193
-150.652,4.9905,-1.45812,0.361724,0,1.8,0,-0.731574,0.124873,0.670229
-162.41,10.8244,-30.9075,-0.609747,-0.144431,-1.93597,0,-0.807466,0.340795,-0.481515
-163.014,-23.0041,-12.7467,-0.829946,-0.0764682,-3.5,0,0.705188,-0.652144,-0.27824
-133.922,-8.501,-5.38462,0.325322,0,4.13976,0,0.909523,0.407084,0.0839685
-169.595,-37.6478,-21.6005,0.255613,0,-4.5,0,0.888671,-0.400394,0.223491
-149.426,-6.1025,-22.7821,0.257009,0,2.8,0,0.0799263,0.534085,0.841644
-139.244,-31.134,-13.247,0.797832,0,1.9,1,0.598418,-0.801098,0.0117158
-145.92,-3.12913,-12.4757,0.297478,0,4.5,0,0.36825,0.578072,-0.728165
-141.867,-3.02875,-16.604,0.429129,0,1.535,0,-0.71632,0.0950362,0.69127
-166.988,-15.3565,-6.395,0.0519207,0,-0.7,0,0.198647,0.797495,-0.569685
-173.839,-32.8135,-19.6836,0.248037,0,1.8,0,-0.735802,0.64093,-0.218643
-129.794,-15.3145,-7.95925,1.12349,0,-3.9,0,-0.475102,-0.838478,0.266894
-143.444,16.6034,-26.5403,0.358137,0,-4.5,0,0.615834,0.517134,-0.594408
-151.069,17.3584,-0.233625,0.647611,0,-3.9,0,-0.592975,0.440231,0.674224
-161.142,-28.8412,-19.3279,1.59963,0.295655,-4.5,1,0.993415,-0.0288541,-0.110877
-165.473,-29.8283,-20.5672,0.59869,0,-4.5,1,-0.503209,0.615597,-0.606483
-155.097,15.7095,-17.2178,-0.839917,-0.722048,1.9,0,-0.980193,-0.0135941,-0.197576
-158.782,-16.1034,-17.0658,0.107579,0,-0.8,0,-0.958044,-0.27673,-0.0746424
-151.847,-2.32775,-34.5639,-0.0823797,0,4.41738,0,-0.481436,-0.375973,-0.791747
-160.327,8.2085,-5.0595,0.233451,0,3.8,0,-0.702641,-0.71109,-0.0254463
-157.686,-17.2897,-36.048,0.0962882,0,1.46408,1,0.225099,-0.28038,-0.933122
-160.149,-14.0903,-8.92625,0.460036,0,4.2,0,0.758009,0.162985,0.631552
-143.485,-23.7165,-4.75775,1.04938,0.116357,-3.5,0,-0.414227,-0.61883,0.667432
-173.122,-38.4954,-19.7488,0.576343,0.0797587,-4.5,0,-0.496957,-0.0889446,0.863205
-135.273,13.3325,-9.84425,0.31862,0,-1.6,0,0.928286,0.35672,-0.10505
-149.143,17.7029,-35.1777,0.2385,0.65266,-3.5,0,-0.556837,0.752347,-0.352004
-165.527,13.795,-28.1285,-0.894125,0,-3.2,0,-0.810837,0.085767,-0.578954
-158.143,-21.7984,-3.70237,0.582725,0,-1.3,1,0.668849,0.292509,0.683433
-152.099,-4.97412,-35.0111,0.188445,0,4.2,0,-0.346301,0.0842148,-0.934336
-151.525,21.0833,-3.072,-1.33994,-0.804398,-3.5,0,0.550198,0.688243,0.472868
-152.647,21.2261,-3.04813,-1.82634,-0.434602,-3.5,0,-0.234046,0.847307,0.476753
-162.654,-33.2461,-4.15588,0.790522,0,-3.5,1,0.772402,0.014494,0.634968
-144.34,9.865,1.8735,-0.0163644,0,2.8,0,-0.269068,-0.0741323,0.960264
-150.729,-23.291,-29.3859,0.475394,0,-0.7,0,-0.00496092,-0.525809,-0.850588
-131.75,-19.8911,-0.462625,0.851636,0,-3.9,0,-0.283953,0.49593,0.820624
-147.573,-17.3794,-16.0916,1.25883,-0.358941,1.8,0,0.676681,0.515918,0.525292
-165.975,-30.1925,-3.3105,0.678624,0,-1.3,1,-0.363439,-0.608414,0.70551
-162.331,4.47525,-24.1682,-1.39589,0,4.2,0,-0.721011,-0.529654,0.446777
-159.856,-19.505,-21.8924,-0.409271,-0.481132,-1.3,0,0.273041,-0.218498,0.93686
-155.813,-10.7815,-16.5478,-0.581747,0,4.5,0,-0.740329,0.664632,0.100882
-170.408,-35.1321,-10.5435,0.26147,0,4.2,1,-0.80926,-0.0491461,0.585391
-140.557,10.3531,-5.6865,0.249065,0,4.5,0,0.597804,0.197322,0.776977
-153.451,7.0835,-34.2525,-0.586932,0,4.5,0,-0.72657,-0.00828931,-0.687043
-157.368,12.663,-16.6318,0.00632346,0,4.2,0,-0.566744,0.823658,0.0197251
-160.238,-20.5791,-22.437,-0.408342,-0.154413,-1.3,0,0.151509,-0.686983,0.710703
-143.323,15.031,-27.0737,0.427398,0,-4.5,0,0.712741,0.184539,-0.676717
-135.276,-17.7589,-2.39475,0.850137,0,-0.4,0,0.187724,0.0334442,0.981652
-137.827,-8.266,-1.624,0.340231,0,3.8,0,0.455692,0.545056,0.703746
-125.829,-23.7765,-14.8855,0.565288,0,-1.6,0,0.951224,0.124343,-0.282334
-136.973,-2.972,-22.6415,0.28012,0,3.8384,0,0.51677,0.681196,-0.518575
-169.91,-32.5116,-27.3746,-0.456121,0,-3.2,0,0.27511,0.151247,-0.949441
-139.945,-9.80713,-0.25075,0.31199,0,3.8,0,-0.212319,0.330795,0.919508
-129.497,-21.8783,-11.2974,0.339059,-0.246718,-1.1772,0,0.268654,-0.167847,0.9485
-157.361,-22.517,-22.9699,-1.12036,-0.074454,-3.5,1,0.376156,-0.13968,0.915967
-145.39,19.5597,-16.2355,-1.39169,-0.0779768,-3.5,0,-0.268045,0.960931,0.0690171
-163.682,-33.3085,-3.28863,0.900032,0.438852,-3.5,1,0.205383,-0.0236209,0.978396
-137.71,18.676,-9.01575,0.262559,0,-3.5,0,0.50481,0.0899175,0.858535
-157.742,12.3316,-17.7754,-0.0995143,0,3.46645,0,-0.405192,0.905688,0.124694
-135.93,-19.112,-2.45637,1.39829,0.223649,-0.4,0,-0.18409,-0.165934,0.968802
-151.097,19.7148,-2.44475,-1.08508,0,-3.5,0,0.671456,0.371122,0.641417
-157.005,-3.16563,-11.9479,0.218549,0,2.8,0,-0.826615,-0.359281,0.433156
-142.598,10.3459,1.94662,0.410895,0,2.8,0,0.423162,0.124026,0.897525
-134.376,8.474,-12.9254,0.174236,0,3.8,0,0.675536,0.684216,0.274772
-151.369,19.3482,-30.4856,0.0394763,0,-3.5,0,0.76202,0.282086,-0.582884
-156.071,19.644,-15.65,0.206202,0,1.9,0,-0.363555,0.614948,-0.699762
-146.093,-8.212,-18.7971,0.640391,0,3.8,0,-0.6088,0.422221,0.671634
-147.913,-15.3415,-14.5833,0.536534,0,-3.2,0,0.688666,-0.411153,0.597237
-161.893,7.56413,-32.1084,-0.1174,-0.0838554,2.8,0,0.0448075,0.145446,-0.988351
-143.197,3.62013,-34.2104,0.339534,0,2.8,0,0.716788,-0.683677,-0.137117
-150.711,5.73,-4.33962,0.380789,0,1.84061,0,-0.583205,-0.639078,-0.501449
-145.517,16.6667,-2.5175,0.606605,0,1.9,0,0.44248,0.310933,0.84115
-153.6,2.92013,-28.0915,0.0769546,0,-1.6,0,-0.544448,-0.302877,0.782203
-147.904,18.9835,-33.4823,-0.385408,0,-3.5,0,-0.401556,0.871817,0.280513
-140.998,-19.9286,-16.674,0.876683,0.367263,-4.18231,0,0.151789,-0.405068,-0.901599
-156.11,6.14537,-4.06163,0.646089,0,1.9,0,-0.443899,-0.630361,-0.636867
-133.844,6.82625,-10.9093,0.194489,0,3.8,0,0.587913,0.44639,0.674607
-137.732,16.1959,-9.509,-0.79524,-0.0674065,-1.6,0,0.90196,0.215556,0.37417
-143.419,20.9246,-23.6346,0.24121,0,-0.4,0,0.411131,0.740238,-0.531995
-164.539,-32.1686,-11.9394,-0.434065,-0.194686,3.8,1,0.88377,-0.329508,-0.332228
-140.423,-15.2291,-18.7105,2.42964,0.40287,-4.5,0,0.131696,0.531069,0.837032
-152.398,5.6385,-13.6624,0.454052,0,-1.07604,0,0.604352,0.584993,0.540872
-155.591,-23.3162,-31.4635,-0.0673507,0,-1.3,0,-0.298819,-0.954019,0.0235648
-155.191,5.588,-19.401,0.0787701,0,2.03167,0,0.59047,-0.773836,-0.22918
-140.224,5.667,-32.8729,0.254553,0,2.8,0,0.646348,-0.183715,-0.740596
-156.501,-1.0915,-33.7355,0.0612775,0,1.8,0,-0.706137,0.624487,-0.333747
-151.412,-23.0305,-22.3191,0.590765,0,-2.16208,1,-0.427443,-0.883431,0.191941
-154.945,8.63975,-28.4338,-0.508219,0,3.83343,0,-0.569367,0.620915,-0.538781
-160.68,11.6185,-9.49337,2.02327,0.852493,-3.9,0,-0.975498,0.218835,-0.0226835
-144.195,13.8503,-39.9081,0.267481,0,2.8,0,-0.130138,0.581263,-0.803242
-147.829,23.2041,-9.49288,-0.821424,0,-3.5,0,0.69833,0.68551,0.20594
-143.818,0.887625,-30.7331,-0.188558,0,-1.3,0,0.93373,-0.0883655,-0.3469
-145.635,12.0323,-12.0635,-0.594441,-0.832292,-0.8,0,-0.890827,-0.333653,-0.308387
-154.296,-5.24538,-16.4013,0.258192,0,2.8,0,-0.0672003,-0.72276,-0.687825
-174.224,-34.9239,-18.201,0.321702,0,1.8,0,-0.728415,-0.406757,0.551326
-156.338,14.7474,-28.2724,0.0602319,0,-0.4,0,-0.608455,0.68214,0.405546
-138.443,3.63475,-7.49725,0.176467,0,3.8,0,0.571976,0.53402,0.622628
-153.123,12.9944,-1.57225,0.31841,0,4.2,0,0.452423,-0.153959,0.878413
-162.442,12.0033,-30.4692,-0.0217996,0,-3.2,0,-0.762234,0.313742,-0.566184
-153.871,-4.24762,-17.2806,0.473565,0,2.8,0,0.213748,-0.293784,-0.931666
-158.605,-1.085,-18.1226,0.371322,0,2.8,0,0.0474719,-0.348402,-0.936142
-155.021,3.4465,-34.38,0.299805,0,-1.3,0,-0.201921,0.12948,-0.970805
-137.979,-3.328,-3.1085,0.173671,0,4.35951,0,-0.00476422,-0.172565,0.984987
-163.126,-22.438,-14.1707,-1.35683,0,-3.5,0,0.43243,-0.524027,-0.733758
-160.962,12.4951,-18.077,-1.56022,-0.25148,-3.5,0,-0.559265,0.8054,0.196352
-153.014,-0.93575,-6.97713,0.291735,0,4.2,0,0.0165876,0.435103,0.900228
-148.542,-10.9145,-7.16025,0.865792,0,-3.2,1,-0.619343,-0.489276,0.614022
-159.863,3.58575,-27.616,-0.160994,0,3.24295,0,0.555007,-0.728253,0.402014
-152.052,-7.17825,-21.2943,0.099091,0,2.8,0,-0.508132,0.532842,0.676669
-152.966,-4.76525,-16.1921,0.164157,0,2.8,0,0.634098,-0.475511,-0.609761
-155.684,17.9885,-22.92,-0.349511,0,-3.2,0,0.0514846,0.998094,0.0340366
-134.21,7.98594,-14.4884,0.2197,0,3.8,0,0.648321,0.668895,-0.363675
-154.872,17.1481,-17.6388,0.0554553,0,1.9,0,-0.51935,0.36754,-0.771485
-143.173,-15.0405,-23.049,1.19445,0.679312,-4.43233,0,-0.25268,-0.801158,-0.542492
-149.066,-28.0139,-27.9579,0.430262,0,-1.3,0,0.34271,-0.0954498,-0.93458
-125.526,-24.6318,-13.666,0.474271,0,-1.6,0,0.875632,-0.451443,0.171664
-135.393,8.576,-15.0536,0.234257,0,4.5,0,0.803109,0.448295,-0.392489
-138.937,-27.1355,-16.6136,0.476402,0,3.8,0,-0.894862,-0.107284,-0.433258
-147.359,-18.1115,-14.5833,1.1661,0,1.8,0,0.541097,0.407229,0.735784
-136.206,7.6175,-25.512,0.26176,0,3.8,0,0.75389,-0.197601,-0.626581
-163.587,3.12025,-28.006,-0.0575307,0,2.8,0,-0.941619,-0.323953,0.0916961
-154.093,12.8724,-11.1753,-0.177928,0,2.35228,0,-0.628869,-0.627082,-0.459665
-138.784,-1.76813,-23.9255,0.206768,0,3.8,0,0.705512,0.213,-0.675931
-163.626,-31.9198,-4.03862,0.360357,0,-3.5,1,0.605066,0.45832,0.651029
-133.096,-9.34225,-6.0385,0.375253,0,3.8,0,0.611634,0.787123,0.0796331
-171.672,-25.5134,-3.67869,0.7256,0,-3.9,0,0.0510829,0.0966759,0.994004
-139.548,-25.5669,-2.72837,1.04289,0,-4.5,0,0.0713929,0.388073,0.918859
-165.535,-24.3722,-11.8564,0.75351,0,-4.5,0,-0.452219,0.0991806,-0.886375
-128.799,-10.9032,-8.851,0.630867,0,-3.9,0,0.218007,0.926665,0.306212
-141.352,-20.1787,-1.47563,0.903283,0,-3.5,0,0.203435,-0.952876,0.225038
-140.664,4.92938,-7.0035,0.140038,0,3.88543,0,0.502454,0.352744,0.789375
-134.599,-17.0758,-23.793,0.470693,0,0.213487,0,0.65277,-0.468732,-0.595132
-136.477,-29.7586,-4.997,0.95705,0.00749737,-4.5,0,0.299304,-0.49895,-0.813305
-136.964,-20.6015,-25.9147,0.35769,0,-0.7,0,0.448445,-0.447989,-0.773436
-140.273,4.953,-30.5613,0.155267,0,2.8,0,0.80559,-0.288711,0.517369
-145.596,-17.0117,-16.7781,1.5609,-0.167634,-1.01863,0,-0.221753,0.456151,0.861831
-127.996,-22.2143,-16.8288,0.696934,0,-1.6,0,0.739632,0.387116,-0.550533
-148.089,1.68575,-5.62375,0.392555,0,-0.4,0,-0.96498,-0.252613,-0.0707102
-153.493,21.3778,-4.4615,-1.30686,-0.0563593,-3.5,0,-0.622008,0.769857,0.14292
-139.312,10.4895,-36.552,0.30684,0,3.8,0,0.564955,0.245761,-0.787672
-156.149,9.92994,-12.9892,-0.669751,-0.0832014,-0.4,0,-0.0088237,0.915187,0.402932
-150.29,9.48125,-11.7166,0.80802,0,1.9,0,0.460573,-0.646756,-0.607931
-174.37,-35.3945,-19.7595,0.304268,0,1.8,0,-0.864344,-0.502708,0.0139199
-163.135,-18.83,-31.327,-1.45646,-0.0665389,-3.5,1,-0.863357,-0.498021,-0.0811837
-160.399,11.0449,-15.2051,0.269931,0.818722,-3.5,0,-0.301822,0.922472,0.240725
-153.361,3.77888,-8.28063,0.45376,0,-0.4,0,-0.0173453,0.764523,0.644363
-143.398,-17.8195,-20.9855,0.276303,-0.295525,-3.60116,0,-0.181143,-0.729741,-0.659292
-142.131,-20.3396,-10.897,1.89677,0.0679758,1.35694,0,-0.79922,0.573448,-0.180015
-154.924,17.8161,-21.7001,0.401609,0.130413,-3.2,0,0.068199,0.916428,0.394347
-137.332,-0.469375,-1.92537,0.244093,0,4.2,0,0.445168,-0.00100524,0.895446
-140.982,-20.0093,-12.8422,2.39967,0.568293,-0.8,0,-0.627125,0.77707,-0.053628
-140.755,-12.84,-18.4115,2.04782,0,3.8,0,-0.395839,-0.26083,0.880499
-139.661,17.2131,-19.4385,0.254202,0,1.8,0,0.548027,0.835249,-0.0450032
-167.671,-34.7325,-25.9618,-1.86222,-0.845682,-3.2,0,0.999876,0.00164944,0.0156379
-146.841,19.3185,-3.8125,0.242018,0,1.9,0,-0.319706,0.555082,0.767901
-146.594,-14.92,-11.1045,0.880691,0,-3.2,0,-0.503783,-0.86049,0.0758875
-162.931,13.3469,-29.5234,-0.049456,0,-3.2,0,-0.364074,0.146466,-0.919781
-146.701,-30.1199,-24.3931,1.81725,0.837126,-1.3,0,0.967009,-0.251246,-0.0420672
-141.125,-19.5635,-14.8539,2.31157,0.152976,-0.8,0,-0.438859,0.676078,0.59188
-171.322,-43.1459,-23.86,0.644676,0.0481522,-4.5,0,0.359487,-0.369799,-0.856749
-147.936,-0.7505,-35.3139,0.256953,0,4.5,0,0.85693,-0.120145,-0.501234
-154.808,4.70975,-10.0232,-0.193819,-0.625785,-0.4,0,-0.0658939,0.414698,0.90757
-138.227,-21.8517,-20.8185,-0.0274356,-0.557907,-0.7,0,-0.892717,-0.150265,0.424825
-157.357,1.829,-31.348,0.213346,0,-1.3,0,-0.546331,-0.746227,-0.380352
-158.867,15.35,-29.7824,-1.57868,-0.0757106,-0.4,0,-0.500282,0.770241,0.395533
-150.888,20.407,-25.624,-1.76173,-0.162235,-3.5,0,-0.666367,0.567102,0.484099
-143.344,10.6482,-9.6755,0.262625,0,4.5,0,-0.737945,-0.530514,-0.417122
-161.18,13.9675,-5.739,1.18702,0,3.8,0,-0.665781,0.310395,-0.678521
-153.167,-4.2195,-7.6635,-0.517497,0,4.11004,0,-0.348369,-0.547258,0.761017
-160.587,-20.7105,-37.9656,0.861087,0.67742,-1.3,0,-0.276459,-0.609352,-0.743142
-130.507,-7.044,-9.79725,0.369204,0,4.2,0,0.974896,0.0176439,0.22196
-153.135,-2.02588,-23.4244,-0.291645,0,2.8,0,-0.569809,0.730667,-0.37609
-157.859,-11.947,-17.842,0.0197664,0,-0.9,0,-0.428937,0.806344,0.407213
-139.646,6.04238,-7.69588,0.1243,0,4.5,0,0.58814,0.0307347,0.808175
-165.224,-24.1383,-6.3915,0.178528,0,-4.5,1,0.783504,-0.199968,0.588331
-136.9,-30.5414,-2.53225,1.44844,0.893284,-4.5,0,0.329772,-0.71219,0.619706
-169.309,-15.4305,-6.2115,0.113961,0,-0.7,0,-0.791395,0.556293,-0.253441
-163.753,-25.683,0.82325,0.194358,-0.256873,-1.3,0,-0.0583958,0.334532,0.940573
-144.38,2.08025,-32.0342,-0.0550082,0,-0.771762,0,0.837185,-0.296146,-0.459803
-171.958,-44.4875,-22.299,0.614922,0.239059,-4.5,1,0.184869,-0.840124,-0.509917
-131.743,-20.72,-6.08388,0.61738,0,-3.9,0,0.792338,0.352448,-0.497976
-168.609,-27.798,-11.001,0.274279,0,3.8,0,-0.978445,0.157579,-0.133471
-173.859,-26.8442,-5.53225,0.979662,0,-3.9,0,-0.616222,-0.786788,0.0351381
-169.228,-29.921,-9.032,-1.22677,-0.223877,-3.5,1,-0.975561,-0.0308343,-0.217554
-136.14,-8.35025,-27.352,0.304092,0,3.8,0,0.606574,0.0214471,-0.794738
-150.855,-0.46075,-6.74075,0.381541,0,-0.4,0,-0.174489,0.71915,0.67259
-156.633,4.94,-33.2195,-0.362868,0,-1.3,0,-0.573233,0.106867,-0.812394
-131.626,-23.1576,-9.15875,-0.632583,-0.0673631,-3.5,0,0.863183,-0.470137,0.18408
-136.057,-16.0823,-28.0205,0.532424,0,-0.4,0,0.227401,-0.0178403,-0.973638
-149.81,20.576,-15.4827,-0.0572732,0,-0.8,0,-0.597202,0.570043,-0.56427
-139.193,-29.572,-9.43688,0.754576,-0.0525882,1.9,1,0.401693,-0.545947,0.735245
-144,-11.1631,-13.7563,1.3659,0,2.8,0,0.116749,-0.674428,-0.729052
-136.943,-2.3405,-5.392,-0.304363,0,4.22721,0,0.765797,0.514557,-0.385729
-155.294,-15.8484,-10.2934,0.972205,0,-1.6,0,0.804444,0.236069,0.545106
-149.876,7.2025,-9.3285,0.466222,0,1.8,0,-0.412363,-0.662049,-0.625818
-168.469,-29.497,-11.27,0.298093,0,3.8,1,-0.97266,0.171316,-0.156789
-145.893,9.04975,-7.65625,0.778443,0,1.87946,0,0.0774669,-0.0227218,-0.996736
-157.6,7.24,-31.487,-0.581295,0,-1.3,0,-0.546681,0.505445,-0.667582
-161.215,11.2975,-5.99087,0.194355,0,3.8,0,-0.861994,-0.224194,-0.454646
-148.078,-22.7255,-26.0842,0.637991,0,-0.7,0,0.882819,-0.460766,-0.0912439
-129.163,-13.4891,-20.4769,0.472916,0,3.8,0,0.621499,0.445554,-0.644376
-142.358,18.1465,-5.45025,-0.529958,-0.819,1.8,0,0.612402,0.332567,0.717191
-143.477,8.81338,-28.7086,0.305192,0,2.8,0,0.941783,0.293987,0.163147
-153.46,-8.09488,-11.0825,0.317502,0,3.8,0,-0.875465,-0.334502,-0.348812
-169.211,-35.3364,-9.74275,0.257562,0,4.2,1,-0.269276,-0.235213,0.933898
-132.774,5.994,-13.3553,0.209322,0,3.8,0,0.989773,0.0328005,0.138832
-160.669,4.01538,-12.4586,0.215275,-0.0679163,2.34789,0,-0.715015,-0.510476,-0.477669
-157.381,-17.4715,-21.8255,0.0553404,0,-1.26144,0,-0.723371,0.578202,0.377381
-146.278,-19.7639,-14.9911,1.37009,0,1.8,0,0.216998,0.471919,0.85452
-163.951,6.23125,-10.9871,0.0764168,0,-0.7,0,-0.713659,-0.563206,0.416521
-142.4,-2.6475,-29.289,0.204261,0,-0.7,0,0.605786,0.131293,-0.78472
-147.074,-4.32975,-4.44075,0.12695,-0.394745,2.39702,0,-0.605929,0.339812,0.71929
-159.212,-6.63963,-24.1805,0.151003,0,1.1745,0,-0.822467,0.35577,0.443819
-160.882,0.63275,-16.4435,-0.0624107,0,2.8,0,-0.749179,0.449182,-0.486791
-143.842,22.7695,-13.1679,-0.112867,0,-3.2,0,0.123095,0.978353,0.166353
-156.927,6.908,-10.144,0.320407,-0.0245555,-0.0593972,0,-0.0765112,0.00533953,0.997054
-148.93,-12.7288,-11.3465,0.684685,0,-3.2,0,-0.901848,-0.423935,-0.0833628
-136.916,0.223,-7.90588,0.183223,0,3.8,0,0.695742,0.229626,0.680599
-154.322,18.3526,-32.4642,-1.49049,-0.0624181,-3.5,0,-0.0780997,-0.276774,-0.957756
-138.997,-14.956,-18.3207,2.44579,0,-4.5,0,-0.768672,0.309199,0.559945
-161.938,5.87962,-22.4549,0.0969641,0,4.2,0,-0.654605,-0.493293,0.572848
-134.834,10.2437,-25.0173,0.425018,0,2.8,0,0.966649,0.00313819,-0.256087
-148.395,18.3029,-0.21325,1.56709,0.771214,-3.9,0,0.0679392,0.881678,0.466934
-146.393,5.382,-17.5347,0.652301,0,-3.2,0,-0.958834,0.268625,0.0920733
-153.912,9.23487,-32.8848,-0.745498,-0.090416,-3.5,0,-0.908901,0.325248,-0.260985
-149.485,0.335,-13.797,0.0545017,0,3.62766,0,0.148205,-0.56707,-0.810227
-147.567,9.1725,-18.921,0.237871,0,3.8,0,0.343945,-0.507438,0.790069
-126.045,-12.046,-13.831,0.294454,0,2.8,0,0.581724,0.552385,0.59705
-154.438,-18.3476,-31.9094,0.162928,0,-3.29048,0,0.845328,-0.0316508,-0.533309
-144.694,8.194,-39.0245,0.127983,0,2.8,0,-0.661506,-0.695773,-0.279839
-149.257,20.9818,-19.5506,0.936162,0,-3.9,0,-0.705116,0.708681,-0.02414
-166.117,-34.7842,-5.35138,0.420201,0,-3.5,1,-0.219093,-0.919187,0.327252
-169.568,-22.4097,-6.75975,0.321692,-0.944979,-0.7,0,-0.630195,0.250426,-0.734943
-168.031,-19.1073,-3.86775,0.123702,0,-0.7,0,-0.488922,-0.279532,0.826327
-163.044,9.73725,-29.3037,-0.238729,-0.147267,2.18334,0,-0.865441,0.269632,-0.422269
-159.523,-22.7857,-36.712,0.280092,0,-1.3,0,-0.216686,-0.84846,-0.482869
-153.318,19.8904,-31.6796,-1.38325,-0.174463,-3.5,0,0.498245,0.631263,-0.594355
-168.611,-29.307,-10.0705,-0.409576,-0.268467,1.74318,1,-0.949983,0.176858,-0.257397
-144.202,-17.4632,-0.8965,0.433571,0.014616,-3.5,0,-0.675215,0.452096,0.582833
-170.016,-18.1199,-5.56862,0.132223,0,-0.7,0,-0.927234,0.00456651,0.374456
-162.221,-23.5788,-11.1321,0.941468,0.812682,-4.5,1,0.599637,0.342973,-0.723052
-165.13,-31.2755,-16.3778,0.617469,0,-4.5,1,0.755087,-0.106175,0.64697
-139.978,-16.3575,-11.6517,2.02847,0,3.32825,0,-0.242877,-0.0792965,-0.966811
-152.505,19.9665,-7.8475,-1.01608,-0.333514,-3.5,0,-0.744626,0.647386,-0.162553
-155.484,19.6175,-31.1138,-0.708122,-0.396042,-3.5,0,-0.62758,0.615495,-0.476771
-143.073,7.82575,-14.4815,-0.0766503,0,-0.7,0,-0.958248,-0.28589,-0.00532731
-142.842,15.4734,-32.3789,0.43134,0.0307184,-3.5,0,0.788603,0.115561,0.603946
-158.633,-10.8516,-12.5846,0.20946,0,4.2,0,-0.37228,0.8941,0.248983
-169.852,-36.545,-18.1758,-0.415713,-0.902405,-4.5,1,0.138245,-0.984406,0.10878
-139.002,-12.7865,1.42613,0.369737,0,3.8,0,0.0258447,-0.239441,0.970567
-149.586,9.983,-16.725,0.348455,0,3.8,0,0.0581151,-0.666074,0.743618
-171.757,-38.4446,-19.8066,0.63191,0,-4.5,0,0.371195,-0.294856,0.880497
-141.634,15.2153,-22.853,0.400862,0.0431698,3.59157,0,0.657906,0.499328,-0.563765
-139.458,-18.7885,-18.6087,0.804237,0,-4.5,0,-0.553748,-0.832124,-0.0305509
-167.602,-35.4535,-14.9598,0.559765,0.0475017,-2.10573,1,0.656562,-0.738735,-0.152307
-156.462,7.473,-32.3791,-0.221116,0,-1.3,0,-0.423633,0.616164,-0.663985
-160.051,-9.64538,-23.2348,-0.250818,0,-0.9,0,-0.814227,-0.300703,-0.496601
-158.973,12.9827,-25.4527,-0.480999,-0.349996,-0.8,0,-0.762703,0.570528,0.304602
-158.837,-16.1346,-14.4855,-0.339908,0,3.66368,0,-0.837396,-0.288082,-0.464518
-147.9,-15.397,-3.265,1.24892,0.863659,-3.5,0,-0.75625,-0.654281,-0.00131466
-140.07,-27.8218,-14.2336,0.83628,0,2.83434,1,-0.671037,0.331071,-0.663401
-149.192,-21.3202,-15.629,0.984278,0,1.8,1,-0.291684,-0.858758,0.421254
-156.377,-19.0763,-35.4118,-0.0726242,0,-1.3,0,0.689371,0.171413,-0.703836
-150.397,21.7881,-12.8145,-0.221233,0,-0.8,0,-0.870229,0.490933,0.0410695
-163.768,5.93975,-12.6742,0.0256412,0,-0.7,0,-0.613308,-0.76098,-0.211571
-156.809,-11.5379,-17.1044,-0.145223,-0.343148,2.16062,0,-0.524711,0.847225,0.0829928
-135.196,-1.05512,-15.3202,0.0537841,0,3.24807,0,0.998129,-0.058416,-0.018083
-150.462,16.24,-34.88,-0.716829,0,1.9,0,-0.778089,0.485638,0.398414
-136.985,-30.6351,-3.8775,0.783353,0.0269969,-4.5,0,0.132361,-0.958793,-0.251388
-130.897,-10.5406,-11.9373,0.466685,0,-3.9,0,0.471706,0.688944,-0.550318
-136.473,14.5925,-22.281,0.569061,0,2.8,0,0.790754,0.611855,0.0184748
-170.864,-40.7785,-21.7019,0.419098,0,-4.5,0,0.937634,0.0463565,0.34452
-139.426,-18.6084,-13.3722,2.72563,0,-4.5,0,-0.38034,0.900706,0.209928
-147.327,21.1671,-27.4759,-1.79803,0,-3.5,0,0.625891,0.58716,-0.513326
-144.716,20.8116,-8.24362,0.861087,0,1.9,0,0.116141,0.929649,0.349662
-158.704,12.9532,-9.073,1.99873,-0.0112244,0.067397,0,-0.293671,0.867621,-0.401238
-157.793,-22.537,-4.5475,0.51021,0,-1.3,1,0.987285,-0.154131,0.0388773
-142.607,22.0089,-9.36263,-1.2138,-0.0590565,-3.5,0,-0.0319039,0.901361,0.431891
-135.524,-5.74587,-21.3516,0.458359,0,0.0756099,0,0.644578,0.28428,-0.709721
-158.582,15.0429,-7.83838,0.202777,-0.65737,2.60521,0,-0.593381,0.0515312,-0.80327
-152.898,1.128,-36.5814,0.141158,0,4.5,0,-0.878467,0.0127708,-0.477633
-150.747,0.5035,-37.649,0.167123,0,4.5,0,0.165554,-0.192224,-0.967286
-127.434,-20.6392,-12.2692,-0.225175,-0.685374,2.09917,0,0.503859,0.1564,0.849509
-153.928,9.08225,-29.6024,-0.573798,0,-3.05193,0,-0.824259,0.497978,-0.269472
-138.708,-24.2911,-3.4235,0.899028,0,-4.5,0,-0.0999682,0.40386,0.909342
-171.386,-32.2948,-19.0417,0.753372,0.367237,1.8,1,0.0196206,0.946501,-0.322105
-147.287,-9.01863,-0.85025,0.307729,0,4.5,0,-0.0268288,0.185869,0.982208
-142.561,-14.1858,-9.87125,1.19016,-0.468442,-0.8,0,0.116206,-0.526952,-0.841913
-168.102,-24.2572,-4.50625,0.0458844,-0.3107,-4.42364,0,-0.11048,0.38314,0.917059
-149.221,-15.1725,-13.674,0.958009,0,-3.2,0,0.125542,-0.268335,0.95511
-145.221,0.1465,-2.44325,0.927967,0,1.8,0,-0.670382,-0.624424,0.400853
-126.395,-24.5333,-16.4328,0.523125,0,-1.6,0,0.688738,-0.217453,-0.691631
-165.284,-19.5987,-2.8495,-1.18371,-0.00623352,3.8,0,0.103447,-0.587341,0.802701
-157.507,13.4888,-23.135,-1.48995,-0.844939,-0.724754,0,-0.939474,0.196025,0.281004
-143.329,12.9101,-0.86925,0.411029,0,2.8,0,0.489524,0.823802,-0.28586
-150.307,-13.189,-14.9218,0.416474,0,-3.2,0,-0.293811,0.358063,0.886265
-151.184,-1.2895,-24.4546,-0.111103,0,2.8,0,-0.577401,0.747202,-0.329085
-162.793,-19.2833,-24.034,0.577493,0.0629369,-1.3,1,-0.98107,-0.0165819,-0.192941
-163.503,15.5064,-27.7694,0.200963,0,-3.2,0,-0.253192,0.959772,-0.121376
-153.404,-19.689,-19.7725,0.499376,0,-0.9,1,-0.150736,-0.166139,0.974513
-145.107,-3.90125,-0.91125,0.257673,0,3.8,0,-0.699858,0.281471,0.656485
-141.775,9.83138,0.861125,0.319645,0,2.8,0,0.937732,-0.216404,0.271713
-158.276,-23.724,-22.893,-0.920666,-0.462902,-3.5,1,0.0520362,-0.475589,0.878127
-136.109,10.6538,-12.6731,-0.290506,-0.421626,3.71555,0,0.975596,-0.0147952,0.219076
-135.302,5.18075,-18.1369,0.280721,0,3.8,0,0.9682,0.187081,-0.166101
-174.107,-44.1273,-20.4419,1.04566,0.124791,-4.5,0,-0.816824,-0.558942,0.142765
-164.943,-34.7336,-6.41512,0.562281,0,-3.5,1,-0.0861225,-0.978393,-0.187962
-149.562,14.8186,-38.0129,0.0172791,0,1.9,0,-0.648373,-0.236233,-0.723745
-144.971,-22.8225,-8.342,-0.770217,-0.273473,-3.5,1,-0.92878,-0.0994165,-0.357049
-154.775,-10.614,-34.1823,0.234722,0,4.5,0,0.869786,-0.0752813,-0.487653
-156.109,5.72963,-22.1842,-0.435779,0,4.2,0,0.88423,-0.467051,-0.00116378
-153.551,-5.71362,-12.3985,0.135491,0,2.8,0,-0.377401,-0.843049,-0.383193
-164.893,-25.4555,-6.68825,0.357287,0,-1.99024,1,0.477148,0.586461,0.654517
-141.378,13.8051,-36.2417,1.20117,0.563469,3.8,0,0.887249,0.461055,-0.0147569
-131.022,-18.8345,-22.4964,1.355,0.526632,-4.5,0,-0.142654,-0.461848,-0.875412
-152.007,0.280875,-28.351,0.433242,-0.0835886,0.372478,0,-0.15902,0.0505367,0.985981
-142.697,-15.0655,-24.4398,0.959872,0,1.8,0,-0.476741,-0.874563,0.0886407
-131.963,-23.7442,-3.98725,0.74035,0,-3.9,0,0.271633,-0.962398,0.00234581
-136.424,-27.2598,-20.4568,0.266446,0,-0.7,0,-0.560003,-0.684256,-0.46711
-148.571,-9.08737,-16.7536,0.6714,0,4.5,0,0.593413,0.415877,0.689135
-149.986,21.4441,-25.1924,-1.6162,-0.56399,-3.5,0,-0.620937,0.646175,0.443729
-136.984,10.6637,-34.4044,0.225371,0,3.8,0,0.90999,-0.370797,-0.185547
-157.035,14.3997,-8.9745,0.451325,0,4.5,0,-0.811226,0.184284,-0.554934
-155.219,-0.816,-33.814,-0.249405,0,-1.3,0,-0.209958,0.478154,-0.852811
-163.997,-26.072,-5.0795,0.382488,0,-1.3,1,0.145026,0.910722,-0.38672
-163.977,-21.7367,-5.34575,-0.667759,-0.183952,-1.3,1,0.0516493,-0.531724,0.845342
-149.337,4.00075,-4.83038,1.28822,0,-0.150731,0,-0.711496,-0.369068,-0.597965
-142.619,4.78288,-8.423,0.240418,0,2.17388,0,-0.702804,-0.280607,-0.653702
-165.314,-30.3495,-13.5325,0.516991,0,3.8,1,0.618289,-0.377842,-0.689169
-164.643,9.06375,-24.988,-0.142685,0,-0.7,0,-0.966512,0.217383,0.13638
-136.233,-16.1338,-9.85863,1.94698,0,-2.39811,0,0.34659,0.357496,0.867221
-162.788,-17.333,-29.748,-1.59404,-0.48882,-3.5,1,-0.911103,0.0578461,0.408098
-151.919,-21.8981,-18.8972,0.45748,-0.0647766,-4.26181,1,-0.649545,-0.279812,0.706963
-156.252,-12.8927,-9.71825,0.447933,0,4.2,0,0.382185,0.161154,0.909925
-151.2,-7.85087,-17.3324,0.350394,0,4.5,0,-0.00130749,0.995579,0.0939169
-144.844,10.8419,-13.1571,0.343564,0,2.8,0,-0.832871,-0.506925,0.222157
-129.829,-30.3049,-12.3246,0.817769,0.249987,-4.5,0,0.83079,-0.137522,-0.539329
-168.276,-27.7496,-12.4131,0.309422,0,3.8,0,-0.800245,0.0203659,-0.599327
-172.013,-40.6984,-24.0185,0.86968,0.801417,-4.5,0,0.0951696,0.0924805,-0.991156
-149.535,12.1803,-14.1001,0.460012,0,1.9,0,0.493199,-0.855246,0.159088
-135.842,-25.7251,-6.37638,1.47185,0.690044,-4.5,0,0.716207,-0.669478,0.197095
-167.119,-35.9635,-11.5577,0.231851,0,4.2,1,0.743357,-0.665988,0.0622922
-156.683,3.17913,-23.4953,0.103468,0,4.2,0,0.74415,-0.658996,-0.109383
-159.21,-14.6179,-32.7851,-0.00648249,0,2.66107,1,-0.867387,-0.0338355,-0.496482
-137.592,3.98537,-8.25362,0.209347,0,3.8,0,0.75492,0.332433,0.565318
-143.788,16.6287,-36.7808,0.614854,0,-3.5,0,0.106018,0.281393,-0.953718
-140.879,-27.438,-3.32588,1.51394,0.776677,-4.5,0,-0.997992,-0.00327117,0.0632533
-158.561,-17.6541,-13.999,-0.122733,0,-0.9879,0,-0.493347,-0.603679,-0.626243
-163.339,-29.2617,-3.489,0.370479,0,-1.3,1,0.712832,-0.690982,0.120062
-157.338,-18.4891,-13.3995,0.189001,0,-1.43003,0,0.164606,-0.792962,-0.586614
-134.63,13.6091,-14.2642,0.0327684,0,2.8,0,0.858249,0.233469,0.457058
-153.712,-17.4655,-18.291,0.478294,0,-1.33737,1,0.232616,-0.915178,0.329148
-146.501,-14.3547,-16.273,1.43398,0,-3.2,0,0.849006,-0.252734,0.46402
-164.209,-9.17237,-32.4338,0.267045,0,-0.9,0,-0.246811,0.954833,-0.165465
-169.467,-36.8736,-14.3708,0.298695,0,4.2,1,-0.0608001,-0.881831,-0.46763
-148.885,-30.8892,-25.3765,-0.275912,-0.0231413,-1.3,0,-0.0682544,-0.879457,-0.471059
-154.065,14.3628,-0.714,0.281236,0,4.2,0,0.215235,-0.06326,0.974511
-150.863,4.25675,-12.2055,0.645628,0,-3.2,0,0.300385,0.890819,0.340895
-167.868,-17.1873,-8.645,-0.821839,-0.495613,-0.7,0,-0.169014,0.654102,-0.737282
-141.431,3.439,-4.021,0.271132,0,-0.4,0,0.5553,0.69116,0.462536
-159.596,-26.2045,-5.20475,1.62561,0.846787,-1.3,1,0.321962,-0.929312,-0.180888
-161.264,9.339,-16.2966,-0.155191,0,-2.99717,0,-0.840005,0.103934,-0.532531
-161.041,-27.1772,-8.072,1.4938,0.755377,-4.5,1,0.837459,-0.546494,0.0027775
-137.925,19.1281,-14.651,0.855284,0.610814,-3.5,0,0.122917,0.477749,-0.869855
-142.061,22.1389,-15.0857,-0.237392,0.573023,-3.2,0,0.481117,0.614011,-0.625713
-146.518,-22.638,-16.7453,1.42055,0.221148,-0.422262,1,-0.436573,-0.886935,0.150832
-140.181,12.8628,-35.717,0.655736,0.0840313,3.8,0,0.521108,0.805832,-0.281215
-160.285,16.765,-3.10325,0.332474,0,-1.6,0,-0.772385,0.518669,0.366611
-141.423,19.5643,-7.16612,-0.526834,-0.740216,1.8,0,0.266249,0.710633,0.651239
-144.904,-11.451,-28.91,0.501982,0,2.8,0,0.979161,0.201897,0.0219363
-142.809,-31.3094,-11.2458,-0.531333,0,1.9,1,-0.785727,-0.493519,0.372924
-144.204,-10.0735,-26.3048,0.247695,0,3.8,0,0.655472,-0.666328,-0.355476
-156.323,-1.6215,-32.0365,0.389199,0,1.8,0,-0.783331,0.590761,0.193373
-155.658,-15.643,-35.2845,0.230101,0,3.8,0,0.726782,-0.504273,-0.466364
-163.713,-33.4753,-8.36312,-1.30982,-0.385751,-3.5,1,0.431677,-0.601527,-0.672176
-161.397,-11.9358,-29.227,-0.181507,0,-0.9,0,-0.405706,0.309055,0.860167
-159.592,-16.205,-3.22325,0.336699,0,3.8,0,0.94171,0.205082,0.266689
-162.11,-24.2127,-2.28725,0.504786,0.159043,-1.3,1,-0.379818,0.852938,-0.3581
-154.499,-11.2878,-14.32,0.330754,0,4.45916,0,0.0971686,0.582293,0.807151
-135.471,12.4249,-7.92537,0.281215,0,-1.6,0,0.753465,0.100655,0.649738
-167.129,-33.8945,-8.20562,0.274518,0,-3.5,1,0.0680403,-0.997505,-0.0188355
-131.917,-12.7986,-8.684,0.845243,0,-2.93398,0,-0.0422781,-0.933236,0.356768
-142.443,10.8106,-26.541,0.647697,0,-3.93593,0,0.660014,-0.306405,-0.685929
-170.326,-42.17,-22.6238,0.394226,0,-4.5,0,0.985889,0.0958483,-0.137247
-147.555,17.2745,-28.3845,-0.0756052,0.461067,-3.5,0,0.116962,0.812517,-0.571083
-140.778,16.2285,-34.4809,0.15834,0,-3.5,0,0.984905,-0.168276,-0.0405552
-134.518,-20.7535,-2.3985,0.955118,0,-3.9,0,-0.447586,-0.101963,0.888409
-135.931,-10.8295,-1.3335,0.416747,0,3.8,0,0.836,0.298652,0.460338
-157.866,-5.02887,-24.3461,0.13793,0,2.91683,0,-0.431357,0.7704,0.469485
-131.169,-29.4947,-9.15375,0.687769,0,-4.5,0,0.496774,0.342482,0.797447
-165.714,14.3765,-26.517,-0.408584,0.336638,-3.2,0,-0.785584,0.459759,0.4141
-137.276,-15.6675,-1.3685,0.843545,0,3.8,0,0.471177,-0.623357,0.624034
-164.217,-15.7513,-3.16712,0.214855,0,3.8,0,-0.417226,0.257441,0.871577
-145.956,11.4122,-40.3783,0.130252,0,2.8,0,-0.935364,0.314397,-0.162016
-143.41,22.4473,-14.8894,-0.222812,0.164313,-3.2,0,-0.173727,0.748644,-0.639806
-153.229,-11.0719,-14.8734,0.445833,0,4.5,0,0.183287,-0.0962039,0.978341
-170.07,-28.0408,-5.3615,0.489183,0,-3.9,1,-0.355214,-0.801349,0.481313
-137.748,12.6045,-33.2141,0.277285,0,3.8,0,0.671929,0.642111,0.369061
-131.771,-24.7307,-22.7239,-0.594944,-0.539189,1.8,0,0.45566,-0.145203,-0.878231
-135.725,12.1815,-25.193,-0.311995,0,2.8,0,0.876361,0.423637,-0.229177
-168.944,-19.3821,-8.12362,0.723389,0.746872,-0.7,0,-0.675424,-0.147752,-0.722476
-142.846,14.972,-5.216,-0.198177,0,1.9,0,0.394348,0.0434678,0.917933
-170.709,-34.1591,-15.9727,0.459189,0,2.99293,1,-0.943251,0.0744995,0.323615
-145.227,5.5995,-0.742625,0.41815,0,2.8,0,0.364149,-0.302129,0.880973
-144.338,-21.6723,-10.7424,2.18232,0.815723,-0.940826,0,-0.651939,0.666056,0.362415
-158.429,-3.0485,-27.534,0.0395195,0,3.8,0,0.292426,0.914858,0.278429
-143.544,-16.07,-1.18975,-0.175168,-0.147805,-3.5,0,-0.34344,0.474068,0.810746
-143.531,-24.0485,-6.481,0.562368,0,-3.5,1,-0.406624,-0.906107,0.116734
-153.551,8.87675,-5.59125,0.159025,0,1.9,0,-0.236372,-0.70171,-0.67211
-139.963,9.39112,-6.06775,0.232799,0,4.5,0,0.752661,0.0276938,0.657825
-144.638,-6.1745,-1.394,0.30176,0,3.8,0,-0.187004,-0.565415,0.803328
-174.622,-41.8255,-19.904,1.53206,0.85534,-4.5,0,-0.457688,-0.114316,0.881733
-159.884,-3.24338,-29.1255,0.0533222,0,3.8,0,-0.497748,0.618695,-0.607835
-152.684,20.3675,-2.12775,-1.98927,-0.0212538,-3.5,0,-0.258282,0.335265,0.906028
-137.012,11.7984,-20.7216,0.776474,0,4.07807,0,0.86525,-0.134914,0.482847
-142.819,-17.4265,-22.2405,-0.554528,-0.625164,-3.5,0,-0.442573,-0.60875,-0.658447
-130.763,-6.61575,-11.1739,0.353776,0,4.2,0,0.82102,0.452268,-0.348397
-134.342,-16.454,-4.706,0.731741,0,-0.4,0,0.716701,0.689592,-0.103931
-128.461,-25.5145,-12.5425,0.639872,0,-1.6,0,0.0037898,-0.744105,0.668052
-168.104,-34.8619,-19.0164,-0.176293,0,-4.5,1,0.600139,-0.59388,-0.535855
-158.807,3.44825,-31.7892,-0.0426073,0,0.887347,0,-0.211054,-0.254715,-0.943704
-148.443,7.80538,-9.936,0.34959,0,1.8,0,0.279349,-0.415441,-0.865663
-147.337,-29.266,-26.6346,0.642641,0,-1.3,0,0.742218,-0.372496,-0.5571
-157.863,-5.07375,-30.7743,0.169742,0,3.8,0,-0.75744,0.0224243,-0.65252
-158.926,11.8886,-33.0942,-0.00795817,0,-0.4,0,-0.191362,-0.566865,-0.801277
-143.04,-2.52262,-11.7929,0.113756,0,2.5,0,-0.564077,0.188935,-0.803816
-162.507,5.5,-13.05,-0.422155,-0.454928,-0.7,0,-0.458444,-0.867652,-0.192377
-164.161,-16.6366,-13.2521,0.321459,0,-3.5,0,-0.194815,0.415983,-0.88826
-153.396,-1.8085,-20.2124,0.472567,0,2.8,0,-0.867022,0.248295,0.431998
-134.051,-24.1829,-22.9743,-0.805022,-0.500635,1.8,0,-0.112847,0.125013,-0.985717
-135.088,-3.25662,-8.492,0.289195,0,3.8,0,0.940839,0.161437,0.297925
-151.972,-2.13075,-27.5243,0.274767,0,1.59536,0,-0.235379,0.735919,0.634838
-150.639,-19.2966,-15.2769,0.668155,0,1.8,1,-0.89738,-0.305582,0.318321
-145.165,-8.08625,-13.919,0.756257,0,3.07397,0,-0.739087,-0.222358,-0.635852
-165.375,-14.8969,-32.1253,0.179024,0,-0.9,1,-0.654635,-0.746156,-0.12126
-146.354,-8.35063,-2.02475,0.364751,0,4.5,0,0.671125,0.0836515,0.73661
-154.873,5.66862,-2.05737,0.900453,0,1.9,0,0.0951663,-0.870322,0.483201
-164.655,-32.0638,-10.6307,0.661864,0.280432,3.8,1,0.954206,-0.297981,0.0264382
-144.584,-14.0474,-28.952,-0.412737,-0.276222,2.8,0,0.714347,-0.481852,-0.507471
-151.756,-1.1755,-35.719,0.210489,0,4.5,0,-0.536904,-0.582218,-0.610538
-165.727,-33.9894,-12.8387,-0.183316,-0.871854,3.8,1,0.815914,-0.49206,-0.303581
-164.398,-26.8307,-13.846,0.344019,0,3.8,0,0.242737,0.593644,-0.767245
-173.183,-33.6748,-17.1929,0.308888,0,1.8,1,-0.30163,0.245035,0.921399
-147.031,21.4732,-18.1335,1.78305,0.229565,-3.9,0,0.0836999,0.605831,0.791178
-138.015,-27.5881,-17.632,0.375819,0,3.8,0,-0.586199,-0.479089,-0.653334
-136.48,-13.9581,-0.45625,0.5517,0,3.8,0,0.748677,-0.44938,0.48738
-148.425,21.181,-17.798,0.27493,0,-3.9,0,-0.242301,0.889368,0.387705
-132.952,-23.9755,-23.1688,-1.08191,0,1.8,0,0.103567,0.284418,-0.95309
-145.691,4.95475,-37.4379,-0.0876752,0,2.8,0,0.272659,-0.130458,-0.953225
-143.509,12.9786,0.677,0.54878,0,2.8,0,0.259142,0.837939,0.480316
-139.484,9.27075,-24.7122,0.491073,0,3.0502,0,-0.348848,-0.102708,-0.931534
-157.644,12.9879,-33.4336,0.182189,0,-0.4,0,0.218431,-0.0122968,-0.975775
-136.133,-28.0872,-4.91087,1.32817,0.489997,-4.5,0,0.749464,0.221079,-0.624042
-173.704,-36.1609,-20.7717,0.391549,0,1.8,0,-0.991762,-0.101978,0.077513
-162.352,6.21775,-17.0518,-1.708,-0.134732,3.8,0,-0.733806,0.172106,-0.657197
-138.621,2.86812,-3.56113,0.174553,0,4.2,0,0.248621,0.884997,0.39366
-133.461,-25.5281,-23.1304,-1.32383,-0.0773517,1.8,0,-0.108496,-0.589282,-0.800609
-147.386,12.176,-8.987,0.220029,0,-3.5,0,0.328371,-0.64035,-0.694352
-151.52,9.326,-12.2098,0.417171,0,1.9,0,-0.0108298,-0.72998,-0.683383
-150.99,2.658,-8.54225,0.553663,0,-0.4,0,0.674802,0.433747,0.597082
-128.048,-23.6414,-17.0494,1.17855,0,-1.6,0,0.547276,-0.0475293,-0.835602
-145.923,-20.1957,-22.6322,0.960604,0,-4.5,0,0.388404,0.889753,0.239755
-152.767,-1.345,-27.9204,0.223467,0,0.401899,0,0.221412,0.44907,0.865628
-148.121,2.1155,-16.3489,0.297974,0,-3.2,0,0.484477,-0.42359,-0.765411
-150.429,-17.4515,-29.3061,1.33318,0,-4.5,0,0.512509,-0.318337,-0.797493
-146.18,-16.2423,-24.0077,1.3015,0,-2.16027,0,0.629945,-0.711296,-0.311812
-135.874,-10.6532,-24.5537,0.582642,0,3.8,0,0.909275,-0.0208027,-0.415675
-157.856,-24.9151,-25.02,0.360153,0,-3.5,1,-0.329635,-0.809052,0.486596
-155.547,9.429,-8.312,0.616326,0,-3.9,0,0.11802,-0.992714,0.024302
-136.338,-26.1881,-21.2524,0.285509,0,-0.7,0,-0.382137,-0.445845,-0.809441
-170.729,-38.4556,-23.0134,0.512547,0,-4.5,0,0.73189,-0.427289,-0.530811
-140.726,-25.2656,-6.35919,1.07388,0,-4.5,1,-0.769192,-0.453948,-0.449749
-147.428,-23.5663,-22.8738,0.950439,0,-4.5,0,0.0643536,-0.965206,-0.253447
-156.957,15.823,-10.516,0.317193,0,4.5,0,-0.935365,-0.240686,-0.259157
-135.958,-7.89369,-23.2119,0.113697,0,3.07093,0,0.887797,0.375794,-0.265699
-151.817,-17.5217,-17.4907,1.03412,0,-3.2,1,-0.467656,-0.864259,0.18535
-153.17,1.87213,-35.3198,0.245136,0,4.5,0,-0.820321,0.360007,-0.444374
-159.03,-10.6266,-23.1537,-0.444193,0,-0.9,0,-0.543908,-0.618136,-0.567514
-141.993,5.95994,-6.03638,0.114646,0,-0.4,0,0.815772,0.167356,0.553632
-126.052,-15.091,-18.0945,0.387798,0,2.8,0,0.479114,-0.0400621,-0.876838
-149.844,2.949,-23.912,0.459803,0,1.9,0,-0.45793,0.0301406,0.888477
-161.03,-19.6696,-26.6315,-0.227239,0,-1.3,1,-0.437504,-0.79893,-0.412677
-142.242,-24.2795,-7.975,1.26139,0,-3.5,1,-0.252568,-0.951124,0.177687
-164.791,-32.0635,-17.6405,1.03562,0,-4.5,1,0.727676,-0.607864,0.317788
-128.214,-12.0537,-10.8892,0.831271,0,-3.9,0,0.771315,0.611889,-0.175114
-136.568,-25.3091,-21.6875,0.392012,0,-0.7,0,-0.356086,-0.556589,-0.750607
-138.47,-16.3721,-11.8341,2.38721,0,3.8,0,-0.141283,-0.197657,-0.970036
-159.839,-20.124,-10.2105,0.581541,0,-1.44272,1,0.290515,-0.738716,-0.608194
-162.565,-13.5411,-29.3254,-0.446443,0,-0.9,1,-0.512609,0.0984269,0.852962
-158.683,-19.5098,-22.2267,0.2495,0,-1.3,0,0.206575,-0.570578,0.794838
-150.957,-22.4231,-18.4772,0.874388,0,-4.5,1,-0.643616,-0.496474,0.582471
-137.133,10.2585,-19.4481,0.518872,0,4.5,0,0.998449,0.0184299,-0.0525366
-142.304,6.29206,-10.7664,-0.132244,0,-0.4,0,-0.965357,-0.223862,0.13406
-150.546,-6.408,-22.187,0.214022,0,2.8,0,0.259693,0.677375,0.688275
-135.071,11.7475,-15.3337,0.285127,0,2.8,0,0.811399,-0.455093,-0.366771
-159.451,-15.3386,-35.3009,-0.0263489,0,3.8,1,-0.982363,0.157049,-0.101478
-153.699,11.196,-12.72,0.199573,0,1.9,0,-0.518398,-0.4784,0.7088
-149.454,16.8324,-34.2062,0.140131,0,-1.06511,0,-0.863947,0.432195,0.258465
-139.834,18.718,-14.1891,0.774396,0,-3.5,0,0.0348516,0.149969,-0.988076
-144.438,5.44475,-36.3073,-0.552276,0,2.8,0,0.661086,-0.0797655,-0.746058
-139.145,-27.4143,-15.5041,0.617503,0,3.8,1,-0.896841,-0.0333746,-0.441092
-146.847,-17.4818,-22.3215,1.06233,0,-4.5,0,0.609946,-0.781002,-0.134167
-143.168,19.0835,-23.5281,0.853923,0,-0.4,0,0.75819,-0.315766,-0.570474
-144.994,-3.53137,-12.4007,0.217363,0,4.5,0,0.228118,0.816866,-0.529804
-141.186,4.22244,-32.5226,0.209794,0,2.8,0,0.387937,-0.723723,-0.570728
-148.194,3.25619,-16.2579,0.0315237,0,-3.2,0,0.290067,0.430329,-0.854797
-160.174,5.09575,-10.4146,0.444858,-0.655174,0.482803,0,-0.367373,0.410149,0.834754
-150.758,7.393,-7.55131,0.567405,0,1.8,0,-0.849144,-0.491129,-0.194284
-146.982,14.1543,-0.99375,0.528994,0.074623,0.875358,0,0.400595,0.0114429,0.916184
-144.07,-14.7068,-1.72731,-0.508613,-0.211435,-3.5,0,0.149995,0.11476,0.982004
-156.09,10.8197,-28.595,-0.399405,0,1.8,0,-0.0748311,-0.729096,-0.680308
-150.707,6.99563,-6.28725,0.632663,0,1.8202,0,-0.79463,-0.562218,-0.229074
-133.419,-20.3065,-22.74,0.36185,0,-0.7,0,0.573973,-0.20793,-0.792035
-158.373,2.17013,-8.551,0.101338,0,2.8,0,-0.107396,0.141765,0.984057
-147.247,3.7515,-16.195,0.0112387,0,-3.2,0,-0.41169,0.601044,-0.685023
-141.872,-24.3696,-5.453,0.95314,0,-3.5,0,-0.370098,-0.89224,0.258719
-130.135,-20.219,-4.01369,2.36218,0.0633857,-3.9,0,0.268183,0.541153,-0.797014
-145.243,4.242,-15.3007,-1.10169,-0.0653508,-3.2,0,-0.233468,0.442461,0.865864
-130.838,-27.6881,-11.7546,1.14449,0,-4.5,0,0.720189,0.52278,0.456102
-155.233,-23.7536,-28.5723,1.1003,0,-3.5,0,-0.200441,-0.677954,-0.70725
-156.939,4.45687,-9.744,1.24048,0,2.8,0,0.314368,0.490035,0.813043
-136.572,8.60381,-20.2144,0.337304,0,3.8,0,0.783379,0.330093,0.526646
-137.625,-25.2889,-17.8656,-0.427448,0,1.22145,0,-0.942379,0.239685,-0.233394
-141.797,8.43331,-39.3054,0.233837,0,2.8,0,0.621479,-0.62335,-0.47455
-134.143,-26.8156,-18.0334,-0.0538483,0,-0.7,1,0.371386,-0.852907,0.366909
-151.536,-18.1852,-29.5077,1.14615,0,-4.5,0,0.449677,-0.216979,-0.866436
-159.747,14.2314,-29.5554,-0.169491,-0.916698,-0.4,0,-0.523949,0.83332,-0.176228
-145.654,-9.51675,-17.8461,0.966038,0,3.8,0,-0.176872,0.0547059,0.982712
-145.316,20.1972,-25.0478,0.748161,0,-1.88942,0,0.342,0.613662,-0.711656
-136.024,-15.7203,-3.49875,0.523224,0,1.74903,0,0.676288,0.690659,0.256173
-143.761,-19.8675,-0.22175,0.621151,0,-3.5,0,-0.311738,-0.6637,0.679943
-160.069,-18.1626,-4.60687,0.422146,0,3.8,1,0.988208,-0.100184,0.115797
-159.585,-5.43475,-29.6458,0.15435,0,3.8,0,-0.523389,0.034444,-0.851397
-154.41,8.68219,-13.2213,0.136651,0,-0.4,0,0.790106,0.369673,0.488952
-163.023,-25.5761,-11.7342,0.554915,0,-2.36933,1,0.494155,0.159583,-0.854602
-140.977,13.3035,-25.5174,0.948554,0,-4.5,0,0.235432,0.596457,-0.76734
-135.829,1.72475,-18.7396,0.23853,0,4.36525,0,0.811237,0.566679,0.144116
-144.416,2.15112,-15.4504,0.177762,0,-3.2,0,-0.540038,-0.554776,0.632915
-141.604,3.61719,-29.5011,0.213787,0,3.51796,0,0.69438,-0.71599,-0.0720678
-136.874,-2.29106,-7.34531,0.382184,0,3.8,0,0.755237,0.522689,0.395491
-148.314,-24.0096,-21.3486,1.42426,0,-4.5,1,0.0600958,-0.97809,-0.199322
-149.135,-8.47713,-32.9384,0.288145,0,3.01435,0,0.474951,0.241991,-0.846086
-174.227,-23.7153,-5.0365,2.74237,0,-3.9,0,-0.553281,0.476519,0.683235
-142.426,-3.39162,-13.3228,0.487344,0,2.5,0,-0.790579,0.324971,-0.519017
-132.034,-22.0756,-8.16988,-1.68221,-0.598712,-3.5,0,0.913256,0.195986,0.357145
-153.325,-5.45569,-21.9732,0.0978059,0,2.8,0,-0.00296491,-0.264374,0.964416
-133.747,-6.55606,-15.9347,0.331877,0,3.93705,0,0.648376,0.598077,-0.471076
-137.79,11.7419,-27.65,0.28873,0,2.8,0,-0.0297041,-0.0208574,-0.999341
-138.184,10.5995,-27.294,0.345222,0,2.8,0,-0.404561,-0.28657,-0.868451
-156.579,8.38731,-28.4473,-0.463075,-0.102069,2.96731,0,0.319556,0.620113,-0.71648
-147.567,12.8755,-10.0478,-0.539743,0,-3.5,0,0.286614,-0.825388,-0.486402
-139.345,-16.8665,-14.751,2.70616,0.902681,-4.5,0,-0.398287,0.635012,0.661912
-140.447,-17.6324,-15.3701,2.71844,0.105605,-4.5,0,-0.483901,0.459695,0.744661
-165.798,-29.1847,-19.4205,0.747935,0,-4.5,0,-0.465825,0.873121,-0.143761
-155.879,4.55019,-24.9089,0.260835,0,4.2,0,0.446035,-0.791812,0.417238
-157.51,2.82912,-29.6136,0.0709942,0,-1.3,0,0.103016,-0.676789,0.728934
-156.421,7.30875,-4.31569,0.260518,0,1.9,0,-0.380789,-0.38459,-0.840887
-149.804,6.47213,-20.5274,0.156248,0,2.81364,0,-0.0493867,-0.881545,0.46951
-138.521,-11.9184,-26.5769,0.571221,0,3.8,0,0.318958,-0.217041,-0.922583
-148.29,0.592125,-14.0509,-0.0813698,0,1.2011,0,0.119237,-0.65975,-0.741965
-138.655,10.2575,-7.69575,0.466415,0,-1.6,0,0.397701,0.07978,0.91404
-170.318,-33.0617,-19.657,0.142321,-0.101854,1.8,1,0.034517,0.912999,-0.406499
-125.073,-15.8925,-16.9275,0.351134,0,2.8,0,0.423317,-0.549855,-0.720043
-156.127,11.5114,-10.3471,0.911864,0,-3.9,0,0.207541,0.0692831,-0.97577
-158.556,-20.2811,-22.9848,0.475897,-0.166783,-1.84489,1,0.316657,-0.306088,0.897796
-168.367,-27.3664,-9.63912,0.193052,0,2.8702,0,-0.948153,0.260077,-0.182664
-160.39,-12.0964,-12.5702,0.203358,0,4.2,0,0.0229004,0.566901,-0.823468
-154.94,-13.6823,-13.6145,0.641458,0,4.2,0,0.961129,0.0211509,0.275289
-158.304,-12.6076,-27.4377,0.401721,0,-0.9,0,-0.617651,0.230166,0.752018
-151.519,5.44987,-24.9391,-0.224318,0,-0.9,0,-0.550026,-0.766714,0.331089
-135.06,10.5977,-23.3306,0.246065,0,2.8,0,0.989747,0.0544908,0.132027
-166.674,-34.3234,-10.868,-0.00468812,0,4.0371,1,0.685304,-0.629712,0.365817
-129.942,-11.5009,-7.90569,0.840545,0,-3.9,0,0.2486,0.778334,0.576536
-150.113,0.86,-14.5549,0.187449,0,-3.2,0,0.100089,-0.804537,-0.585407
-153.688,-1.43425,-27.3125,0.13576,0,-0.4,0,0.105534,0.442472,0.890551
-132.796,-8.41994,-8.48769,0.732285,0,4.2,0,0.417954,0.286773,0.862019
-162.616,3.40175,-30.398,-0.766366,0,2.8,0,-0.820886,-0.348733,-0.452252
-151.1,8.55744,-9.43194,0.483226,0,1.82512,0,-0.697978,-0.669113,-0.255176
-141.755,-16.5535,-23.4503,0.524189,0,-0.706716,0,-0.805684,-0.466195,-0.365426
-147.054,5.43038,-37.3932,0.214273,0,2.8,0,-0.0944911,-0.14404,-0.98505
-166.747,-16.6733,-3.84325,0.091222,0,-0.7,0,0.126663,0.507789,0.852119
-148.43,-21.1983,-28.4604,0.655381,0,-0.7,0,0.732333,0.561587,-0.385108
-145.305,12.38,0.639,0.101958,0,2.8,0,-0.50133,0.586245,0.636385
-169.24,-36.5382,-11.9148,0.278187,0,4.2,1,0.053033,-0.956384,0.287259
-157.015,8.25313,-4.69838,0.037594,0,3.8,0,0.022451,-0.777308,-0.628719
-136.745,14.1916,-13.404,-0.349932,0,2.8,0,0.502726,0.524756,0.686948
-160.946,-13.1165,-32.4095,-0.291461,0,-0.9,1,0.188804,-0.0873295,-0.978124
-153.368,4.65837,-26.0699,0.0488264,0,4.2,0,0.234685,-0.676825,0.697733
-151.004,-29.5222,-26.1215,-0.353862,0,-1.3,0,-0.348865,-0.692819,-0.631107
-146.61,-12.7291,-1.90219,0.645551,0,3.20707,0,-0.152781,-0.0915791,0.984008
-136.459,12.8357,-25.7568,-0.386465,0,2.8,0,0.710373,0.569976,-0.412914
-170.154,-23.6624,-4.99919,0.353905,0,-3.9,0,0.0126361,0.575107,0.817981
-128.973,-25.1711,-16.7188,1.04713,0,-1.6,0,0.46929,-0.732912,-0.49255
-138.688,10.9827,-35.9399,0.293644,0,3.8,0,0.527867,0.229038,-0.817862
-138.246,20.4271,-11.001,0.537403,0,-3.5,0,0.268854,0.962672,0.031295
-145.47,10.5105,0.7585,-0.646496,0,2.8,0,-0.50524,0.16845,0.846379
-133.16,-18.0761,-9.79794,1.4714,0,-4.5,0,0.683446,-0.0887729,0.724583
-163.479,-24.8219,0.20675,-0.424838,-0.339397,-1.3,0,-0.593308,0.68712,0.419347
-144.155,13.7685,-29.2931,-0.633356,-0.58244,-3.5,0,0.981027,-0.0252873,0.192214
-160.147,12.4799,-25.8845,0.00833031,0,-1.89118,0,-0.317515,0.730029,0.60518
-151.521,5.86525,-3.20163,0.470856,0,1.85034,0,-0.547509,-0.815378,0.188128
-148.704,-19.0535,-13.9005,0.896968,0,1.8,0,-0.0397407,0.0506039,0.997928
-137.955,-17.8836,-13.6027,2.78713,0,-4.5,0,-0.403372,0.914812,0.0202713
-129.94,-11.8805,-19.5956,0.443695,0,3.8,0,0.385904,0.467451,-0.795341
-143.472,-9.36856,-15.7279,1.44082,0,3.59575,0,-0.381638,-0.905356,-0.186236
-128.113,-18.8161,-16.8889,-0.283481,0,2.8,0,0.688622,-0.672043,-0.27232
-137.578,14.9062,-20.7073,1.52862,0.262763,2.8,0,0.726726,0.568441,0.385673
-161.508,-1.08581,-13.9705,0.266078,0,2.8,0,-0.722659,-0.668599,0.175327
-150.427,14.8836,-32.3949,-0.691284,-0.24387,1.01058,0,-0.667154,0.68321,-0.296865
-127.392,-15.4391,-10.8402,1.33575,0.429982,-1.96958,0,0.475699,-0.87004,0.129383
-148.939,2.2155,-10.9073,0.528994,0.00443444,1.4952,0,0.275321,0.598168,0.752591
-156.114,-9.0555,-21.6733,-0.135588,0,0.882448,0,0.180954,0.44088,0.879136
-137.059,3.76156,-9.46731,0.312319,0,3.8,0,0.905841,0.0198573,0.423152
-162.807,-13.2939,-5.03,0.221463,0,3.8,0,-0.456453,0.88577,-0.0840368
-160.2,7.43756,-30.9749,0.192756,0,2.8,0,0.444059,0.200813,-0.873204
-136.056,-12.0144,-24.5419,1.19405,0,3.8,0,0.845888,-0.0236926,-0.532834
-140.959,-26.2025,-5.63662,1.352,0,-4.5,0,-0.831215,-0.293218,-0.47234
-133.724,-19.1766,-2.86419,1.32834,0,-3.25704,0,0.0373098,0.670945,0.740568
-134.1,-3.54413,-17.1391,0.405172,0,4.5,0,0.770438,-0.481048,0.418351
-160.195,-21.1976,-24.3921,-0.0341707,0,-3.06181,1,-0.736368,-0.675961,-0.0289673
-142.794,15.6805,-25.798,0.826838,0,-4.5,0,0.823658,0.43742,-0.360903
-153.59,1.589,-15.0369,0.865852,0,-0.556636,0,0.0426425,-0.635981,-0.770526
-139.53,-7.03288,-2.17225,0.33095,0,3.8,0,0.452735,0.619123,0.641652
-143.848,-10.0045,-14.5635,1.29226,0,2.8,0,-0.175587,-0.661524,-0.729078
-127.159,-22.5296,-15.5617,0.888456,0,-1.6,0,0.638417,0.553263,-0.535093
-138.091,-29.3549,-11.7371,0.601288,0,2.6948,1,0.551061,-0.810342,0.199191
-137.134,-7.75731,-2.47513,0.365693,0,4.19684,0,0.351703,0.375532,0.857485
-141.537,4.57225,-5.88125,0.224115,0,-0.4,0,0.766037,0.455855,0.453193
-155.327,-17.0705,-15.592,0.451957,0,-0.8,1,0.627742,-0.540512,0.560166
-166.573,-25.4063,-11.437,0.70418,0,3.8,0,-0.6002,0.367839,-0.710249
-140.088,16.7789,-5.60375,0.162851,0,1.8,0,0.499818,0.600914,0.623767
-154.797,-11.1093,-19.3111,0.972526,0,-0.9,0,-0.308182,0.951311,-0.00548337
-166.703,-25.3034,-4.4055,0.335618,-0.443223,-2.73379,1,-0.0196956,0.298527,0.954198
-168.493,-31.532,-18.55,0.699625,0,-4.5,1,-0.632315,0.648618,-0.423643
-157.494,-14.409,-26.413,-0.379783,0,-0.898789,0,-0.65882,0.470276,0.587195
-145.594,14.3445,-2.698,0.483868,0,2.12091,0,0.828524,0.109428,0.549157
-140.956,-2.10888,-25.9381,0.146573,0,1.75209,0,0.933864,0.0842824,-0.347556
-137.646,-28.8985,-1.986,0.553038,0,-4.5,0,0.384273,-0.0103904,0.923161
-164.556,-27.7375,-14.3015,0.387518,0,3.8,0,0.0680562,0.000652967,-0.997681
-169.403,-36.3669,-22.3146,0.380426,-0.0538897,-3.54113,0,0.982013,-0.186506,0.0294363
-159.487,-8.49463,-34.0869,0.107431,0,4.5,0,-0.714724,0.643629,0.2737
-155.424,-20.1025,-22.42,-0.130093,0,-0.9,1,-0.717276,-0.57032,0.400312
-138.78,-20.2596,-4.201,1.06722,0.0810807,-3.99148,0,-0.393599,-0.409719,0.822928
-162.141,-16.4875,-29.3993,-0.648887,-0.209523,-2.85063,1,-0.674747,0.120839,0.72809
-168.092,-33.1716,-8.35906,0.424065,0,-3.5,1,-0.861155,-0.508243,0.00999739
-164.275,7.41206,-25.3505,-0.0161538,0,-0.7,0,-0.909425,-0.367779,-0.194125
-162.861,11.0551,-29.2723,-0.14559,0,-3.2,0,-0.874349,-0.00653024,-0.485254
-144.31,15.7199,-30.1829,0.599403,0,-3.5,0,0.552374,0.772722,0.312703
-155.649,7.72894,-1.49225,0.391661,0,1.9,0,-0.390204,0.0911505,0.916205
-137.249,13.7454,-7.83181,0.924341,0,-1.6,0,0.41841,0.408014,0.811454
-159.6,8.46272,-18.9713,0.0502734,0,-3.5,0,-0.848604,-0.511791,-0.133946
-164.709,-17.8949,-13.7476,0.110116,0,-3.5,0,-0.188418,0.295774,-0.936491
-165.762,-29.1856,-1.89281,0.440416,0,-1.3,1,-0.374539,-0.803009,0.463569
-158.221,-6.82906,-30.9795,0.873573,0,3.8,0,-0.741735,0.226257,-0.631377
-146.324,2.94106,-14.3673,-0.659532,-0.524875,-3.2,0,0.974488,-0.00694346,0.224333
-144.547,19.4165,-3.85666,0.585889,0,1.9,0,0.350765,0.662418,0.661941
-148.273,13.1739,-14.3759,0.354096,0,2.0068,0,0.60028,-0.6158,0.510347
-145.715,-15.0627,-17.1782,1.95179,0.385178,-4.5,0,0.292876,0.180837,0.938894
-145.29,6.78644,-19.2301,0.584998,0,-3.2,0,-0.315538,0.537715,0.781856
-144.389,-4.13312,-17.0401,0.402975,0,3.8,0,-0.617911,0.667018,0.41626
-137.973,-22.954,-16.115,0.711816,0,-0.8,0,-0.204059,0.0298099,-0.978505
-147.951,-22.5933,-27.2777,0.547074,0,-0.7,0,0.991594,-0.128288,-0.0168643
-147.308,-20.6351,-14.2096,1.06301,0,-0.373707,0,0.0328842,0.182933,0.982575
-138.279,11.75,-32.3068,0.296418,0,3.8,0,0.370264,0.274346,0.88749
-157.943,8.89369,-2.34875,0.140087,0,3.8,0,-0.168749,-0.595911,0.785121
-145.632,-8.83263,-2.73513,0.287945,0,4.5,0,0.605514,0.185207,0.773984
-169.44,-32.4292,-18.9102,0.759373,0,-1.65776,1,-0.205709,0.792093,-0.574694
-140.886,5.27269,-25.6144,0.366654,0,4.2,0,0.893897,-0.379372,-0.2388
-138.596,8.10513,-25.8176,0.306673,0,3.8,0,-0.460498,0.175055,-0.870228
-140.878,2.37313,-24.2546,0.501597,0,3.8,0,0.79591,0.266013,-0.543842
-139.289,0.223,-2.363,0.29081,0,4.2,0,-0.232943,0.164591,0.958461
-151.782,19.0842,-12.4436,-0.469674,0,-0.529362,0,-0.642123,0.740918,0.196771
-144.539,9.07925,-19.334,0.188949,0,2.8,0,-0.580445,-0.306613,0.754369
-160.449,-14.4373,-32.0757,-0.454186,0,-0.9,1,-0.0908815,-0.204855,-0.974564
-147.134,21.4077,-20.2001,2.24101,0,-3.9,0,-0.0168398,0.958149,-0.285774
-149.438,12.3359,-12.9643,0.643108,0,1.9,0,0.685064,-0.694301,-0.220531
-159.917,7.36013,-21.0058,0.0263464,0,4.2,0,-0.711017,0.209178,0.671341
-153.07,-25.6996,-27.986,1.41758,0.0218172,-1.3,0,-0.237206,-0.171545,-0.956193
-155.76,-4.43231,-11.5844,0.25953,0,2.8,0,-0.430974,-0.692854,0.578112
-127.28,-25.8692,-14.1088,0.686495,0,-1.6,0,0.375038,-0.918376,0.12622
-157.562,14.1265,-28.3193,-0.148579,0,-0.4,0,-0.342959,0.868142,0.35876
-134.107,-4.7925,-20.0475,0.222717,0,4.5,0,0.784777,-0.373252,-0.49478
-156.998,15.778,-31.6365,-0.150207,0,-0.4,0,-0.362347,0.694862,-0.621185
-149.653,11.6466,-12.1351,0.436343,0,1.9,0,0.757357,-0.39061,-0.523292
-141.445,2.90212,-25.0286,0.875465,0,3.8,0,0.955992,0.053637,-0.288448
-126.913,-17.0465,-21.468,0.425818,0,-4.5,0,0.934684,-0.345009,-0.0856449
-156.329,11.6921,-31.9379,-0.0117744,0.0133773,-0.4,0,0.462782,-0.822203,-0.331384
-142.658,-14.7749,-1.9635,-0.658395,0,-3.5,0,-0.0990041,0.261643,0.960073
-126.687,-16.8475,-16.9609,0.195136,-0.0426308,3.34209,0,0.681675,-0.499281,-0.534825
-146.016,-2.61444,-20.8584,0.30339,0,3.8,0,-0.791994,0.147483,0.592448
-150.579,-12.4642,-33.241,0.435845,0,2.8,0,-0.403616,-0.320841,-0.856829
-146.579,5.55463,-0.633375,1.09794,0,2.8,0,-0.311795,-0.441623,0.841281
-143.125,9.32256,-29.6488,0.334031,0,2.8,0,0.816552,0.401955,0.414337
-142.45,-8.77225,-26.9916,0.341518,0,3.8,0,0.207484,-0.970639,-0.121698
-133.213,-3.90425,-10.5647,0.26096,0,4.2,0,0.569577,0.772187,0.281618
-160.6,-18.1399,-33.5756,-0.258427,0,-1.3,1,-0.688779,0.615664,-0.382808
-152.721,-0.0371875,-13.8334,0.349668,0,-0.808402,0,0.0294816,-0.193674,-0.980623
-145.903,-11.8237,-31.3978,-0.0518768,0,2.8,0,0.723498,-0.026185,-0.68983
-159.629,-19.0277,-5.43375,0.541781,0,-1.3,1,0.767254,0.611886,0.192139
-159.34,7.94356,-20.1574,-0.00937885,0,0.138663,0,-0.880804,-0.382076,0.279647
-158.297,2.72288,-22.2267,0.0914291,0,4.2,0,-0.0178992,-0.991947,0.125381
-142.165,13.7611,-26.2833,1.0361,0,-4.5,0,0.626665,0.342811,-0.699837
-147.226,9.51062,-8.10738,0.862905,0,1.86367,0,0.387614,0.0700399,-0.919157
-147.455,-12.8567,-14.5214,0.530509,-0.433968,-3.2,0,0.456592,0.882728,-0.110971
-151.037,-27.0653,-28.1608,0.459436,0,-1.3,0,0.0891486,-0.278212,-0.956374
-130.04,-29.388,-11.607,0.830992,0,-4.5,0,0.934847,0.354965,0.00781252
-146.913,13.7863,-14.9569,0.268356,0,-0.0158888,0,0.124381,-0.595836,0.793416
-155.56,16.9869,-28.6734,-0.419043,0,-1.95096,0,-0.889984,-0.129173,0.437313
-143.609,16.6663,-4.19075,-0.316168,0,1.9,0,0.625581,-0.174079,0.76049
-145.391,-20.4955,-21.6788,1.0096,0,-3.48926,0,0.289306,0.856864,-0.426715
-161.24,-24.6624,-10.954,0.839018,0,-4.5,1,0.709041,0.244472,-0.661434
-138.939,16.0448,-6.9975,0.239141,0,1.8,0,0.858402,0.40926,0.309276
-163.901,10.2172,-28.0886,-0.0171917,0,-1.92961,0,-0.73668,-0.107497,-0.667643
-157.319,-3.30669,-28.2051,-0.443251,0,3.8,0,0.0160013,0.855984,0.516755
-147.991,-13.8392,-12.1416,0.241786,-0.0105205,-3.2,0,-0.657765,-0.751242,0.0545932
-152.795,15.1845,-31.2638,0.0823726,-0.626662,-0.671286,0,0.389101,0.522913,-0.758395
-150.101,-14.5098,-13.8544,0.836917,0,-3.2,0,-0.411614,0.255784,0.874728
-141.158,2.32212,-12.1587,0.343195,0,2.67549,0,-0.874546,-0.270987,0.402164
-162.508,-11.7802,-10.5162,0.256678,0,4.2,0,-0.573335,0.761653,0.301945
-138.908,-25.7292,-16.0798,0.538077,0,3.8,0,-0.859206,0.0965179,-0.502444
-133.146,-26.3489,-17.4203,-0.249562,0,-1.61463,1,0.0137827,-0.995566,0.0930452
-129.628,-22.5737,-1.85594,2.93224,0,-3.9,0,0.33186,-0.931178,0.15092
-147.818,18.2778,-35.517,0.506513,0.262176,-3.5,0,-0.503627,0.59394,-0.627372
-163.998,-31.9479,-19.6098,0.694611,0,-4.5,1,0.628389,-0.771252,0.101473
-127.377,-15.9429,-11.706,0.799226,0,2.8,0,0.401692,-0.512311,0.759066
-146.598,-17.5636,-16.4398,0.963364,-0.954206,1.8,0,0.189999,0.558813,0.807235
-154.579,17.7037,-23.7526,-0.270298,0,-3.2,0,-0.244011,0.954656,-0.170558
-136.319,6.77675,-20.2494,0.325461,0,3.8,0,0.883112,0.112853,0.455387
-147.645,0.293625,-21.43,0.551443,0,-0.4,0,-0.653084,0.217212,0.725465
-168.2,-22.0653,-5.26562,0.159272,0,-4.33826,0,-0.274262,-0.18376,0.943935
-155.037,-2.72813,-27.2232,0.0838699,0,-0.4,0,-0.463999,0.447409,0.764546
-153.007,11.2607,-33.9859,-0.378507,0,-3.5,0,-0.473824,0.331482,-0.815849
-136.134,-28.0609,-16.3542,0.376426,0,3.8,1,0.549582,-0.654383,-0.519367
-154.492,-3.50763,-26.2305,0.0616727,0,2.8,0,-0.301676,0.863844,0.403442
-143.48,-19.2453,-14.9874,1.68702,0.00531392,-4.5,0,0.0924718,0.593534,0.799479
-163.408,-28.3395,-16.9185,0.728034,0.843204,-4.5,0,-0.0741706,0.411677,0.908307
-133.206,-22.3384,-2.27925,1.13425,0,-3.9,0,-0.614817,-0.476232,0.628652
-149.088,-20.2816,-28.1403,1.24581,0,-0.7,0,0.641175,0.481323,-0.597681
-169.562,-26.5709,-4.42275,0.563169,0,-2.62171,0,-0.016164,-0.443952,0.895905
-147.998,16.4181,-29.9962,0.173177,0,-3.5,0,-0.471465,0.877941,-0.0833088
-141.487,1.89356,-25.7218,0.311015,0,4.04053,0,0.942577,-0.139012,-0.303686
-160.452,-19.713,-27.7651,-0.337042,0,-3.02389,1,-0.474289,-0.843966,0.250542
-125.917,-17.6647,-14.8059,0.508278,0,2.8,0,0.755574,-0.64603,-0.10841
-160.994,10.2185,-4.71338,0.164896,0,3.8,0,-0.96817,-0.235759,-0.0840459
-160.125,1.51894,-16.0557,-0.318647,0,2.8,0,-0.887528,0.448379,-0.10607
-142.537,7.67238,-10.9366,0.594177,0,0.807157,0,-0.974982,-0.221892,-0.0132094
-145.986,-14.1834,-4.96387,0.743746,0,-3.5,1,-0.345772,-0.552992,-0.758051
-159.677,-20.639,-28.2356,-0.615407,-0.00621862,-3.3841,1,-0.752693,-0.610706,0.245948
-134.888,-2.97288,-13.5845,0.123315,0,4.00014,0,0.950685,0.308612,-0.0309343
-133.288,-8.04697,-20.233,0.197601,-0.558768,-0.8,0,0.861305,0.498848,-0.0964603
-141.984,10.5048,-5.24519,0.342632,0,3.93787,0,0.399991,-0.060331,0.914531
-149.64,-1.52094,-12.808,0.543569,0,3.66129,0,0.381191,-0.426511,-0.820233
-155.797,1.99206,-16.2582,0.142777,0,2.8,0,0.662496,-0.128511,-0.737959
-173.985,-39.6162,-20.3115,1.27616,0,-4.5,0,-0.37623,0.239142,0.895133
-141.901,-20.4761,-12.0196,2.72556,0.822211,-0.4098,0,-0.599956,0.789495,-0.129419
-134.022,-7.49719,-18.0986,0.0289079,0,2.19818,0,0.550474,0.816849,-0.172442
-161.183,-1.34725,-11.5905,0.102998,0,2.8,0,-0.328658,-0.859474,-0.39152
-171.775,-35.0115,-26.27,-1.20477,-0.110891,-3.2,0,-0.795358,-0.446595,-0.409827
-158.982,5.19112,-31.7099,-0.164309,0,0.720874,0,0.0471424,0.247881,-0.967643
-142.587,-20.5203,-13.1629,2.68581,0.248648,-0.8,0,0.0054792,0.920896,0.389769
-163.091,-9.6265,-32.9109,0.12005,0,-0.9,0,0.198831,0.731399,-0.65232
-136.646,8.79525,-10.1552,0.366252,0,-1.6,0,0.606355,-0.429905,0.668966
-137.791,15.8486,-10.7409,-0.385667,-0.0230537,-1.6,0,0.984494,0.00969205,-0.17515
-132.708,-21.9842,-1.36919,1.47788,0,-3.9,0,-0.626157,-0.401766,0.668215
-141.12,-24.9016,-8.36525,1.19855,0,0.294424,1,-0.553752,-0.662156,0.504885
-155.567,0.303,-29.577,0.129882,0,-0.4,0,-0.961074,0.261691,0.0886279
-132.54,-13.5114,-23.128,0.551118,0,4.5,0,0.607334,0.160422,-0.778081
-129.113,-18.4618,-22.6991,1.0666,0,-4.5,0,0.204049,-0.737222,-0.644102
-134.588,-28.5327,-11.2888,0.447186,0.0286451,0.507201,1,-0.340274,-0.935668,0.0934805
-160.132,-16.283,-26.4403,-0.119603,0,-1.3,0,-0.553938,0.815075,0.169721
-150.643,-1.655,-26.414,0.403474,0,2.8,0,-0.693432,0.718753,0.0504501
-150.29,-27.0092,-23.7151,-0.101252,-0.273734,-1.3,1,0.263332,0.169198,0.949752
-149.362,-1.03188,-5.09225,1.5003,0.743922,-0.8,0,-0.705243,0.406956,0.580533
-154.205,6.53538,-21.3181,0.169872,0,1.8,0,0.213136,-0.953825,-0.211639
-171.984,-40.734,-20.4335,0.681197,0,-4.5,0,0.574244,-0.258633,0.776758
-134.452,-2.80116,-10.3492,0.249377,0,3.98233,0,0.972568,0.130597,0.192497
-156.376,-25.0527,-24.2847,0.253281,0,-3.5,1,-0.0171083,-0.664753,0.746867
-149.348,20.1945,-17.7167,0.255639,0,-3.9,0,-0.709386,0.686252,0.160716
-144.848,13.9511,-4.31769,-0.942667,0,1.9,0,0.651784,0.232577,0.721862
-169.704,-16.7896,-5.97369,-0.000736026,0,-0.7,0,-0.953409,0.281277,-0.109063
-167.719,-31.9492,-5.068,0.589579,0,-3.5,1,-0.741218,-0.00185106,0.671262
-137.695,-23.8123,-19.7145,0.231947,-0.0267499,-0.7,0,-0.879521,0.211846,0.426104
-159.723,4.2885,-9.0475,0.295229,0,2.8,0,-0.469476,0.513723,0.71811
-152.794,0.9035,-14.5205,1.14013,0,-3.2,0,-0.110704,-0.709168,-0.696294
-156.982,16.5125,-30.0905,-0.108199,-0.462371,-1.91755,0,-0.782415,0.616557,0.0876541
-165.886,-31.5603,-3.87013,0.499806,0,-3.5,1,-0.32606,-0.150829,0.933239
-136.429,-16.6027,-12.7528,2.80945,0.428319,-0.125733,0,-0.780995,0.402614,-0.47744
-155.839,0.3175,-33.2822,-0.0160382,0,-1.13918,0,-0.770678,0.00124922,-0.637224
-161.15,-22.221,-9.21275,0.628639,0,-1.3,1,0.396911,-0.263838,-0.87912
-140.673,-10.4575,-27.1705,0.351787,0,3.8,0,-0.876202,-0.457494,-0.151557
-143.173,5.86922,-8.88847,0.245767,0,4.5,0,-0.67988,-0.414757,-0.604763
-173.591,-34.4661,-21.2919,-0.280038,-0.622909,-3.79469,0,-0.942833,0.218538,-0.25161
-141.262,-27.0163,-8.62512,0.731053,0,1.9,1,-0.607945,-0.0665631,0.791184
-144.396,-13.0675,-28.5155,-0.243564,0,2.8,0,0.911304,0.312344,-0.268264
-144.846,-9.04463,-14.3781,1.10421,0,2.8,0,-0.716856,-0.363433,-0.595008
-138.91,5.6015,-24.1506,0.416781,0,3.8,0,-0.00680245,-0.882795,-0.469709
-161.714,-0.456313,-12.9312,0.321034,0,2.8,0,-0.923632,-0.366999,-0.110524
-135.804,-4.07625,-21.4794,0.250885,0,4.24292,0,0.79481,-0.191439,-0.575872
-146.848,-12.5444,-13.4005,0.474591,-0.439952,-1.69495,0,0.0143203,0.541851,-0.840353
-146.549,-1.64188,-3.70163,-0.597849,-0.11604,-0.8,0,-0.354814,-0.0572983,0.933179
-135.055,-10.7138,-23.3709,0.494019,0,4.30747,0,0.572836,0.337724,-0.746861
-147.04,10.4549,-16.3573,0.238706,0,3.8,0,-0.0874351,-0.61368,0.784698
-149.197,-25.6266,-27.4303,0.445099,0,-1.14884,0,0.855253,0.0848021,-0.511225
-158.873,11.2989,-1.35856,0.156716,0,3.8,0,-0.357413,-0.0289856,0.933497
-154.235,-23.4972,-30.9057,-0.464683,-0.0810772,-1.3,0,0.059476,-0.994692,0.0839703
-128.732,-21.2208,-17.2372,0.633074,0,-3.51268,0,0.960726,0.0982248,-0.259535
-165.293,-29.3214,-16.755,1.26786,0.887597,-4.5,0,-0.227567,0.466088,0.854971
-139.589,10.2987,-6.96628,0.390536,0,4.5,0,0.66344,0.216778,0.716138
-155.284,-21.2409,-22.8042,0.193881,0,-0.9,1,-0.67533,-0.382438,0.630612
-160.484,10.296,-10.384,1.95438,0,-3.9,0,-0.947288,-0.20083,0.249626
-139.919,-11.7633,-26.7873,0.422719,0,3.8,0,-0.588586,-0.315349,-0.744393
-151.426,-5.576,-7.089,0.92409,0,3.74076,0,-0.400159,-0.0324697,0.91587
-150.652,1.61725,-15.7685,0.615302,0,-3.2,0,-0.132614,-0.753736,-0.643658
-146.575,-23.0434,-12.8712,0.631722,0,-0.8,0,-0.905385,-0.244525,0.34711
-144.885,-5.90688,-30.9765,0.276044,0,3.8,0,0.144553,-0.459869,-0.876142
-164.414,-30.2463,-10.1337,0.749037,0.0148862,3.8,1,0.984632,-0.141862,0.10186
-167.504,-23.896,-10.5174,0.705641,0,-4.5,0,-0.788324,-0.0431184,-0.613747
-152.979,-2.59375,-26.6413,0.049817,0,-0.4,0,-0.197826,0.819025,0.538575
-153.679,2.41812,-34.5365,0.613835,0,-1.3,0,-0.472821,0.145808,-0.869011
-138.989,-18.7979,-2.59056,2.04129,0.271832,-3.5,0,0.744206,-0.523821,0.41445
-169.112,-28.8363,-7.59344,0.046976,-0.0705279,-3.86752,1,-0.934952,-0.353073,-0.0346836
-147.137,-4.86825,-32.8717,0.225813,0,3.8,0,0.33257,-0.49068,-0.805376
-133.104,-19.3048,-5.15875,1.03458,0,-3.9,0,0.721248,0.625047,-0.298525
-172.936,-22.4873,-5.13106,1.91164,0.849523,-3.9,0,-0.0625448,0.807441,0.586624
-156.692,-7.78756,-21.9864,0.0341304,0,1.9598,0,-0.0967022,0.305529,0.94726
-149.287,2.92775,-4.2345,1.12785,0,1.8,0,-0.672563,-0.536951,-0.509256
-159.665,3.4835,-24.7164,0.148936,0,4.2,0,-0.133748,-0.959537,-0.247789
-157.01,-4.78619,-14.8082,0.215796,0,2.8,0,-0.741763,-0.651713,-0.158292
-135.716,-3.088,-3.29844,0.241922,0,4.5,0,0.171218,0.353265,0.919722
-147.2,17.7195,-0.471812,3.14439,0.15863,-3.9,0,0.800961,0.425422,0.421281
-153.718,6.60019,-24.6353,-0.17287,0,4.2,0,0.0288838,-0.809069,0.587004
-136.734,1.32763,-9.99137,0.142565,0,3.8,0,0.784442,0.609223,0.116182
-140.83,-14.2076,-11.3099,1.69907,0,3.8,0,-0.786495,-0.460307,-0.411756
-151.385,-10.9741,-32.6618,0.269789,0,2.8,0,-0.4921,-0.00618334,-0.870517
-162.335,-14.307,-13.6845,0.298407,0,4.2,0,-0.135447,-0.119387,-0.983565
-152.865,-4.44775,-21.0441,0.207655,0,2.8,0,-0.111884,-0.578092,0.808265
-155.109,9.294,-9.449,0.365128,0,-3.9,0,0.639673,-0.736696,-0.21931
-157.23,-14.8415,-25.1109,-0.00462051,0,-1.05065,0,-0.786284,0.581302,0.209392
-144.85,11.6074,-9.80875,-0.161684,-0.0609951,0.529007,0,-0.549512,-0.807328,-0.215078
-147.536,16.5596,-37.8059,0.774307,0,1.9,0,0.189113,0.748181,-0.635973
-140.102,-5.75075,-2.76612,0.313123,0,3.8,0,0.559602,0.154492,0.814235
-161.206,5.898,-10.5936,-0.303486,-0.282493,-0.7,0,0.0937451,-0.214683,0.972174
-144.12,14.5474,-27.869,0.0221641,0,-4.40656,0,0.849002,0.195453,-0.490911
-160.205,-9.71931,-33.764,0.0468836,0,4.5,0,-0.988333,0.113744,-0.101288
-146.657,-3.10244,-32.8182,0.322043,0,3.8,0,0.370842,0.204948,-0.905799
-152.411,-11.0121,-32.405,0.332737,0,-0.00832616,0,0.101471,0.196927,-0.975153
-137.871,-13.0344,-26.3337,0.412479,0,-0.125574,0,0.253838,0.254901,-0.933055
-144.808,21.6336,-11.1997,0.0252779,0,-3.2,0,-0.134223,0.91252,0.386382
-165.888,-32.2701,-15.8462,0.495289,0,-4.5,1,0.840124,-0.348829,0.415344
-153.273,8.933,-14.598,0.675782,0,2.34158,0,0.648242,0.118928,0.752089
-142.31,-29.8931,-10.131,0.359173,0,1.9,1,-0.836896,-0.329814,0.436838
-161.351,-20.1982,-31.4815,-0.404898,0,-3.5,1,-0.556283,-0.823519,-0.1112
-153.4,-9.51769,-18.6033,0.450215,0,4.29786,0,-0.620266,0.660096,-0.423726
-127.093,-13.993,-17.5643,0.167745,0,3.01133,0,0.220494,0.299178,-0.928372
-141.497,-25.2987,-12.2898,1.84277,0.238876,1.9,1,-0.535003,-0.510118,-0.673462
-137.776,-17.334,-12.3012,2.92889,0.00609007,-1.63793,0,-0.522028,0.517461,-0.678027
-165.464,-15.5188,-5.03525,0.313599,0,2.77714,0,-0.139221,0.969771,0.200403
-137.141,-24.8835,-3.69175,1.06702,0,-4.5,0,0.367022,0.00630304,0.930191
-132.422,-26.8346,-16.4154,0.546451,0,-4.5,1,-0.0591525,-0.892033,-0.448083
-127.815,-19.8981,-19.6996,0.543667,0,-4.5,0,0.932498,-0.356344,-0.0588804
-134.742,-0.319687,-12.1613,0.253129,0,3.378,0,0.997478,0.0701683,0.0107102
-143.766,-2.753,-1.15587,0.213763,0,3.8,0,-0.54176,0.504109,0.672585
-146.073,-3.80194,-13.7583,0.324376,0,4.5,0,-0.1127,0.836385,-0.536431
-131.766,-25.1966,-12.7519,1.39802,0.218634,-4.5,0,0.436753,0.102717,0.893698
-164.487,-14.6438,-33.093,0.0128638,0,-0.9,1,0.0264286,-0.571855,-0.819929
-157.165,-23.7179,-27.9796,0.882706,0.356613,-3.5,0,-0.327292,-0.562388,-0.759342
-159.874,-1.7325,-8.86425,0.211189,0,2.8,0,-0.194363,-0.76286,0.616658
-156.768,3.50725,-33.1889,-0.122965,0,-1.3,0,-0.67196,0.00489915,-0.740571
-153.445,-5.77206,-15.7089,0.19659,0,2.8,0,0.207398,-0.954433,-0.214578
-170.583,-34.5553,-11.3569,0.287705,0,4.2,1,-0.866353,0.159323,0.473338
-142.789,-4.65725,-0.558062,0.283636,0,3.8,0,0.204911,-0.384893,0.899927
-169.078,-27.1742,-8.60219,0.294528,0,-3.9,0,-0.542194,-0.062293,-0.837941
-152.43,4.77419,-18.2569,-0.0317218,0,1.9,0,-0.154607,-0.488961,-0.858495
-141.474,-22.131,-4.597,1.2928,0.110359,-3.5,0,0.328226,-0.0217038,0.94435
-153.086,-4.39931,-34.1924,0.451629,0,4.2,0,-0.238457,-0.112883,-0.96457
-159.492,17.6326,-5.89663,0.63041,0,-1.6,0,-0.936215,0.336669,-0.100775
-159.792,-1.81375,-17.28,0.143813,0,2.8,0,-0.381559,-0.737396,-0.557369
-147.363,0.2085,-3.86013,0.224585,-0.164044,1.11706,0,-0.485295,-0.15687,0.860163
-137.35,13.8656,-11.9879,0.334267,0,1.20117,0,0.742599,0.667603,0.053414
-151.109,16.5116,-30.4316,-0.0378501,-0.187288,-2.98302,0,0.398003,0.387421,-0.831564
-140.499,-25.0678,-3.84625,1.29402,0,-4.5,0,-0.672894,0.35754,0.647595
-156.236,4.21812,-22.7162,0.0879297,0,4.2,0,0.944763,-0.321402,0.064214
-129.607,-19.9904,-11.3358,0.402838,0,-0.8,0,0.442767,0.318166,0.838289
-153.684,10.6298,-1.72925,0.053751,0,1.9,0,-0.00432172,0.0411191,0.999145
-141.311,-13.4935,-12.1711,1.74216,0,3.8,0,-0.536518,-0.673194,-0.508879
-142.942,17.1289,-32.7254,-0.0616979,0,-3.5,0,0.505413,0.413298,0.757458
-141.329,-12.9771,-26.0087,0.528258,0,1.8,0,-0.197411,0.893639,-0.403036
-141.712,-7.21938,-28.817,0.272922,0,3.8,0,0.698023,-0.126875,-0.704746
-146.453,-12.7537,-6.29297,0.809496,0,-3.2538,1,-0.603267,-0.770664,-0.205293
-157.199,-4.42938,-25.9586,0.218515,0,2.8,0,-0.128328,0.906517,0.402193
-160.14,14.4561,-2.83212,0.213513,0,2.33336,0,-0.373827,0.149961,0.915295
-155.085,-4.198,-10.334,0.430802,0,2.8,0,-0.47022,-0.867739,0.161003
-146.677,6.20975,-18.6565,0.293599,0,-0.108904,0,-0.434114,0.212415,0.875457
-159.012,11.5871,-22.1526,0.394057,0,-2.72154,0,-0.530916,0.833632,-0.152268
-160.057,-0.4835,-17.6956,0.195288,0,2.8,0,-0.519809,-0.0312735,-0.85371
-143.367,-9.37313,-25.5968,0.374862,0,4.21198,0,0.619458,-0.656808,-0.429971
-156.74,1.84787,-30.4649,0.259047,0,-1.3,0,-0.254414,-0.870112,0.422112
-143.632,-24.1758,-13.699,0.582475,0,-0.8,1,-0.082457,-0.989312,0.120258
-142.31,11.9124,-0.201687,0.218396,0,2.8,0,0.873183,0.462462,-0.153883
-153.653,19.2784,-8.76663,-0.300532,0,4.5,0,-0.400326,0.914942,0.051197
-150.738,-18.405,-17.5142,0.927656,0,-3.2,1,-0.873185,-0.443221,0.202738
-140.22,15.1754,-5.16187,0.219424,0,1.8,0,0.276301,-0.0861732,0.9572
-144.609,-12.4664,-1.52781,0.611169,0,-3.5,0,0.168661,0.166361,0.971534
-150.48,18.9384,-28.8326,-0.14651,0,-3.5,0,0.684785,0.265847,-0.678524
-140.29,-27.4964,-8.06019,0.65706,0,1.9,1,-0.370296,-0.507424,0.778075
-155.822,-3.74863,-26.6007,0.197144,0,2.8,0,-0.308124,0.868612,0.388037
-137.132,8.95119,-19.2004,0.394498,0,4.5,0,0.993422,0.104225,-0.0474377
-146.336,19.385,-15.45,-0.857704,-0.787979,-3.15477,0,-0.0350741,0.839772,-0.541806
-134.18,-22.8255,-22.5406,0.417639,0,1.8,0,0.426066,0.0855748,-0.900636
-143.744,0.70675,-9.71575,0.269451,0,3.84276,0,0.141554,0.821885,-0.551786
-136.504,6.04375,-10.3279,0.328494,0,3.8,0,0.357358,-0.0172009,0.933809
-147.042,19.3677,-34.6989,0.314047,0,-3.5,0,-0.498855,0.840262,-0.212378
-124.673,-13.3808,-17.3561,0.43211,0,2.8,0,0.639812,0.388279,-0.663234
-139.77,6.96112,-32.3025,0.52365,0,2.8,0,0.976714,-0.139726,-0.162807
-158.811,16.3574,-7.88812,0.758543,0,-1.6,0,-0.622855,0.191687,-0.75849
-150.32,8.75263,-10.3753,0.803014,0,1.88492,0,-0.0807572,-0.797379,-0.598051
-154.879,17.1044,-31.9001,-0.305817,0,-2.68223,0,-0.228779,0.236622,-0.944283
-148.148,22.2946,-24.5097,-0.214481,0,-3.5,0,-0.0895541,0.960856,0.262174
-146.68,-19.5049,-20.2006,0.75228,0,-2.67129,0,0.242415,0.299039,-0.922936
-166.135,-26.5494,-12.7594,0.356327,0,3.8,0,-0.398178,0.713757,-0.576199
-147.174,18.265,-32.16,-0.541004,-0.295838,-3.5,0,-0.29286,0.667298,0.684796
-150.201,19.7613,-19.6777,0.235073,0,-3.9,0,-0.689997,0.688753,-0.222537
-163.791,7.6535,-10.2624,0.171906,0,-0.7,0,-0.692,0.214526,0.689285
-129.572,-26.4921,-14.3031,0.887395,0,-4.5,0,0.491046,-0.864909,-0.103951
-150.372,-8.20887,-11.7466,0.495233,0,3.8,0,0.180871,-0.437239,-0.88097
-158.925,-9.89312,-37.0383,0.070694,0,4.5,0,-0.228851,-0.228421,-0.946283
-158.292,9.03,-13.1314,0.0510302,-0.0593578,-0.422559,0,-0.0167446,0.999854,-0.00336325
-163.215,5.33794,-25.915,-0.144912,0,-0.7,0,-0.880673,-0.414869,0.228689
-147.015,-13.7767,-14.5562,0.397438,-0.636131,-3.2,0,0.919545,-0.298711,0.255362
-149.263,-24.6697,-27.9277,0.47169,0,-0.7,0,0.439845,-0.715692,-0.542514
-144.288,-22.7886,-9.432,0.637596,-0.910071,-3.00615,1,-0.971399,-0.15136,-0.182959
-141.011,2.85769,-26.9656,0.310679,0,4.2,0,0.953575,-0.299924,-0.0272163
-158.539,9.03775,-6.90538,0.531585,0,-2.61548,0,-0.0402096,-0.897751,-0.438664
-163.928,6.56012,-25.9137,0.101143,0,-0.7,0,-0.89396,-0.444889,-0.0539421
-140.702,-7.80244,-28.2156,0.275659,0,3.8,0,0.280109,0.212058,-0.936253
-151.11,18.898,-23.7271,-0.48186,-0.91143,-3.4818,0,-0.325765,0.86239,0.387506
-144.357,-16.2301,-16.539,2.34214,0,-4.5,0,-0.233905,0.538494,0.809514
-162.075,-27.2669,-9.53669,0.504555,0,-4.5,1,0.612492,-0.704159,-0.359186
-155.081,-4.0645,-16.9942,0.435596,0,2.8,0,-0.321266,-0.0626566,-0.944914
-141.57,3.455,-31.1591,0.40808,0,2.8,0,0.499758,-0.864326,-0.0564031
-155.123,16.9573,-25.7986,0.216097,0,-3.2,0,-0.406106,0.901348,-0.150497
-164,-27.863,-19.3339,0.145264,0,-4.5,0,-0.488877,0.827937,-0.274808
-132.462,-19.0116,-3.89056,0.788313,0,-3.9,0,0.328443,0.944232,-0.0234575
-152.158,17.9307,-2.69012,-0.21854,-0.11709,-3.5,0,-0.489689,0.0759608,0.868582
-150.699,4.93388,-23.6158,0.313551,0,-0.9,0,-0.402375,-0.816257,0.414511
-134.48,-5.43188,-16.0938,0.437018,0,4.2,0,0.814792,0.14228,-0.562024
-150.967,-24.6947,-28.3006,0.592276,0,-1.01988,0,0.0295444,-0.38985,-0.920404
-133.109,6.79388,-12.2917,0.202146,0,3.8,0,0.769859,0.600024,0.21746
-150.311,-3.609,-13.57,0.453835,0,2.8,0,0.776882,0.0878112,-0.623493
-132.28,-19.1031,-22.1849,0.800199,0.0192176,-3.96484,0,0.223908,-0.207486,-0.952268
-146.372,12.391,-9.04519,0.0133195,0,-1.84282,0,-0.256413,-0.742124,-0.619277
-157.547,-18.4624,-8.84294,0.515889,0,-1.6,1,0.113105,-0.280242,0.953243
-140.112,-29.1033,-1.613,0.952132,0,-4.5,0,-0.59721,-0.347963,0.722677
-140.748,4.12712,-6.35475,0.0224689,0,3.8,0,0.458218,0.620767,0.636148
-159.296,3.00444,-23.6993,0.105596,0,4.2,0,-0.223477,-0.957554,-0.182067
-127.886,-12.0749,-7.82828,1.59907,0,-3.9,0,0.43141,0.751277,0.499468
-137.804,17.6658,-9.32987,0.284624,0,-3.5,0,0.658181,-0.220704,0.719783
-145.941,-13.7121,-17.6534,1.96479,0,-3.5689,0,0.778303,0.226563,0.585588
-150.671,-3.34556,-35.0566,0.141967,0,4.48883,0,-0.122533,-0.253937,-0.959428
-141.819,-18.0231,-11.3909,2.09486,0,1.9,0,-0.712363,0.182008,-0.6778
-134.715,-14.8759,-9.80513,0.606384,0,-2.8462,0,-0.176915,-0.239662,0.954601
-165.134,-31.1671,-21.2443,1.10646,0.898445,-4.5,1,-0.372679,-0.24834,-0.894113
-156.859,13.0576,-18.465,-0.0835919,0,1.05602,0,-0.585603,0.682565,0.437235
-147.711,21.8196,-14.1746,-0.768405,-0.300782,-0.8,0,0.315112,0.815535,-0.485393
-140.354,20.765,-9.44137,0.110008,0,-3.5,0,0.420866,0.832913,0.359345
-136.23,-17.1313,-8.7375,1.76006,0,-4.5,0,0.417865,0.768649,0.484322
-154.156,0.622375,-14.452,0.81473,0,2.8,0,0.350589,-0.503458,-0.789694
-140.13,5.26319,-24.0477,0.341236,0,3.8,0,0.567865,-0.6262,-0.534231
-161.06,-0.91,-17.0224,0.278058,0,2.8,0,-0.64132,-0.414323,-0.64579
-146.687,-13.3097,-8.428,0.748389,0,-3.2,1,-0.493717,-0.785537,0.373062
-149.846,-10.9979,-8.61469,0.592528,0,-0.0707466,1,-0.365705,-0.875004,0.317219
-142.999,-6.83281,-1.58206,0.314734,0,3.8,0,-0.298356,-0.285639,0.910711
-154.509,1.74856,-7.82794,0.401612,0,0.116615,0,-0.0753815,0.33321,0.939834
-163.467,-12.6096,-11.0943,0.299015,0,4.2,0,-0.779471,0.616109,0.113294
-151.707,10.2237,-12.6401,0.436344,0,1.9,0,-0.148793,-0.728633,-0.668547
-155.387,-10.2081,-34.9902,0.228046,0,4.5,0,0.688254,-0.0361632,-0.724568
-160.173,3.90319,-15.4267,0.0976489,0,3.8,0,-0.789367,-0.552476,0.267712
-141.82,4.52856,-4.62669,0.462191,0,-0.4,0,0.787654,0.448258,0.422689
-143.228,-4.35925,-13.7878,0.547805,0,4.5,0,-0.0718769,0.874324,-0.479992
-140.716,-10.2132,-0.918938,0.30664,0,3.8,0,-0.771339,-0.124073,0.624213
-148.907,-14.5771,-30.918,0.709775,0,2.8,0,-0.12521,-0.957021,-0.261597
-147.945,-16.0186,-15.9528,1.05655,-0.00781139,-3.2,0,0.878785,-0.261243,0.39936
-170.202,-36.5096,-25.0375,0.330304,0.00887086,-3.2,0,-0.167725,-0.87569,-0.452808
-146.925,-17.5466,-24.3271,1.39757,0.902234,-4.5,0,0.975123,-0.212805,-0.0620341
-133.471,4.70844,-13.4081,0.199087,0,3.8,0,0.710409,-0.688145,0.147564
-142.973,-8.23625,-30.2446,0.269912,0,3.8,0,0.434962,-0.49019,-0.755329
-134.02,-26.6284,-9.36269,0.431674,0.388402,-4.33307,0,0.496201,-0.379644,0.780804
-148.503,3.16475,-7.19525,0.527499,0,-0.4,0,-0.900933,-0.0992126,-0.422465
-140.251,-3.5335,-25.2167,0.198551,0,3.8,0,0.590112,0.382074,-0.711187
-155.885,18.3664,-7.94369,0.500172,0,4.5,0,-0.394063,0.912591,0.109051
-156.339,14.6362,-26.8597,0.0603004,0.433767,-0.716351,0,-0.573734,0.707146,-0.413248
-170.611,-25.6507,-8.3685,0.627474,0,-3.9,0,-0.0796971,0.018391,-0.996649
-142.109,11.0456,0.98025,0.445861,0,2.8,0,0.894751,0.344363,0.284316
-141.988,18.3999,-19.4947,-0.324925,-0.480383,-0.4,0,0.746891,0.422948,0.513098
-173.462,-25.1941,-3.63462,0.732181,0,-3.9,0,-0.388193,-0.00270522,0.921574
-152.177,-22.5101,-30.0396,0.436828,0,-0.4,0,0.614548,-0.239834,-0.751538
-128.518,-20.5617,-18.4395,0.680773,0,-4.5,0,0.906333,-0.395813,0.14796
-170.016,-33.2446,-11.2239,0.329518,0,4.2,1,-0.688894,0.453002,0.565875
-147.952,-13.8978,-3.83781,0.717942,0,-3.5,0,-0.950842,-0.0582708,-0.304143
-136.214,-13.6446,-1.43125,0.632451,0,3.8,0,0.932686,-0.335912,0.131376
-160.639,-2.18706,-9.99319,0.291475,0,2.8,0,-0.130153,-0.990093,-0.0526805
-161.618,-19.2972,-27.8428,-0.501681,-0.318256,-3.5,1,-0.715993,-0.662359,0.220534
-150.897,-0.73525,-20.1346,0.498728,0,2.8,0,0.123515,0.472018,0.872894
-148.726,13.0519,-12.8931,0.446819,0,1.9,0,0.799594,-0.600498,-0.00717011
-152.206,-2.85262,-6.06063,0.306321,0,-0.4,0,-0.527324,-0.0498789,0.848199
-145.521,-9.58075,-30.3315,0.506498,0,2.8,0,0.692589,-0.0585137,-0.718955
-155.042,9.36187,-7.34181,0.481437,0,-3.9,0,0.0981487,-0.990277,-0.0985817
-134.65,14.4144,-16.2587,0.390291,0,2.8,0,0.873694,0.395003,-0.283956
-148.558,-17.7525,-27.5473,0.972097,0,-4.5,0,0.622516,-0.274499,-0.732887
-135.498,15.316,-16.717,0.445008,0,2.8,0,0.733993,0.444104,-0.513835
-152.868,20.366,-28.378,0.0975401,0,-3.5,0,-0.0889739,0.97657,0.195945
-146.835,2.14862,-8.60413,0.314656,0,0.4758,0,0.0451036,0.723813,-0.68852
-153.089,-12.1112,-32.551,0.362565,0,-0.4,0,0.269885,-0.423885,-0.864572
-161.331,-17.2439,-27.681,-0.237138,0,-1.3,1,-0.767059,0.591876,0.247595
-172.715,-32.5432,-23.9646,-0.0054858,0,-3.2,0,-0.977443,-0.000163949,-0.211201
-149.944,0.594437,-27.3429,0.246302,0,1.8,0,-0.826178,0.0301096,0.562604
-137.697,-8.18962,-27.7977,0.299897,0,3.8,0,0.382955,0.403181,-0.831138
-142.151,-28.6091,-12.5745,0.629078,0,1.9,1,-0.883251,0.228525,-0.409444
-136.112,-18.8924,-25.637,1.0328,0,-0.48331,0,0.781888,-0.335114,-0.52569
-164.395,9.75163,-27.0018,-0.0560232,-0.585169,-0.7,0,-0.962909,-0.212663,-0.166075
-127.092,-20.5204,-14.6301,-0.573935,0,2.8,0,0.737613,-0.0294821,-0.67458
-168.337,-31.8979,-9.82356,0.435382,-0.0257367,-3.5,1,-0.974923,-0.0554978,0.215512
-145.08,0.934375,-33.3135,0.25566,0,-1.3,0,0.655174,-0.375954,-0.655291
-146.811,9.60525,0.26625,0.0190826,0,2.8,0,-0.662576,0.102759,0.741912
-162.601,-28.9693,-17.2017,1.33092,0,-4.5,0,0.522891,-0.181441,0.832865
-170.435,-31.3873,-22.8775,-0.0135788,0,-3.2,1,0.336908,0.531551,0.77714
-149.195,6.28625,-8.2695,0.529291,0,1.8,0,-0.231903,-0.675184,-0.700248
-136.093,-4.60694,-22.9588,0.294152,0,3.8,0,0.987573,-0.0490004,-0.149328
-131.655,-6.85675,-12.1966,0.357902,0,4.2,0,0.685781,0.225552,-0.691976
-152.178,-3.684,-16.1437,0.525201,0,2.8,0,0.643956,-0.14193,-0.751782
-156.959,-2.21925,-7.44525,0.306843,0,4.2,0,-0.813438,-0.389365,0.432104
-140.837,13.2764,-33.3987,0.682084,0,3.8,0,0.567782,0.67431,0.472154
-131.289,-13.7803,-9.59819,1.10233,0,-1.99808,0,-0.334364,-0.657701,0.675004
-142.022,7.16525,-28.2682,0.228402,0,4.2,0,0.829799,0.558022,0.00668607
-154.197,-7.31563,-33.9756,0.186551,0,4.4404,0,0.523908,0.162503,-0.83613
-131.157,-26.3735,-17.9237,0.384234,0,1.2526,1,0.386611,-0.907881,0.162124
-148.522,22.5935,-12.3414,-0.627531,-0.461034,-2.10683,0,0.331914,0.862168,-0.382753
-162.341,-19.26,-13.874,0.185888,0,-3.5,0,0.486261,0.106447,-0.867306
-143.319,20.582,-8.20938,0.174815,0.0713826,-2.77182,0,0.0913321,0.751382,0.653516
-148.717,-5.51031,-4.55056,-0.598967,0,4.5,0,-0.703096,0.540866,0.461648
-154.936,15.2111,-13.3558,-0.336816,0,4.5,0,-0.535244,-0.773531,-0.339359
-160.501,-14.736,-5.96506,0.381049,0,3.8,0,0.881796,0.220195,-0.417074
-143.164,-13.8694,-27.1216,-0.0404467,-0.150534,2.67973,0,0.308895,0.633404,-0.709495
-144.616,19.1024,-36.2721,0.258464,0,-3.5,0,0.143645,0.636763,-0.757561
-139.804,-25.5368,-14.5029,0.801935,0,3.8,0,-0.774957,-0.478188,-0.413252
-153.965,-21.5895,-20.605,-1.03081,-0.275322,-0.9,1,-0.687685,-0.366289,0.626835
-131.38,-23.0408,-10.7899,0.17832,-0.457599,-0.8,0,0.612871,-0.71194,0.342828
-135.239,12.5216,-16.3458,0.24257,0,2.8,0,0.615896,-0.459057,-0.640265
-145.709,1.85713,-8.55163,0.0724341,0,0.912573,0,0.159372,0.597398,-0.785949
-158.935,-20.0408,-4.94506,0.576427,0,-1.3,1,0.622252,0.545403,0.56155
-147.496,20.09,-5.30775,0.344532,0,1.9,0,-0.214542,0.747452,0.628719
-133.843,-8.10612,-7.7915,0.327064,0,3.81686,0,0.775506,0.397444,0.49054
-156.789,-5.662,-22.7145,0.221268,0,2.8,0,-0.497008,0.391,0.774662
-147.089,4.3285,-22.3765,0.0546965,0,3.8,0,-0.799609,-0.446126,0.401992
-130.249,-20.889,-10.906,0.20313,0,-0.8,0,0.52243,0.0653212,0.850176
-146.018,4.79394,-18.9987,0.45817,0,-2.42654,0,-0.870292,-0.459353,0.177724
-152.734,9.36413,-1.15825,0.815451,0,1.9,0,0.137306,0.216156,0.966656
-159.747,-7.57312,-25.7211,0.0486027,0,3.8,0,-0.73593,-0.655091,0.171064
-145.455,-2.765,-32.696,0.341244,0,3.8,0,0.316077,0.210535,-0.925078
-147.292,-5.33291,-14.3406,0.425212,0,4.5,0,-0.591395,0.154654,-0.791413
-149.017,1.3185,-8.30681,0.505858,0,3.50632,0,-0.424793,0.822651,0.377884
-156.781,-25.6455,-25.5182,0.370135,0,-3.5,1,-0.164895,-0.966969,0.194373
-160.885,15.3376,-3.66225,0.296346,0,0.584885,0,-0.766506,0.567954,0.299828
-149.679,-4.57212,-12.9294,0.180206,0,2.8,0,0.252053,-0.250803,-0.934648
-161.993,2.78306,-10.9765,0.298933,0,2.8,0,-0.827391,0.431428,-0.359575
-142.186,-1.96425,-13.0813,0.0745488,0,2.5,0,-0.896633,-0.104126,-0.430356
-133.956,-3.76238,-15.0001,0.322261,0,4.2,0,0.918156,0.363467,-0.15774
-160.578,4.04462,-21.9509,0.0612814,0,4.2,0,-0.738208,-0.545612,0.396682
-131.012,-15.7598,-22.6138,0.753825,0,4.5,0,0.397364,0.305784,-0.865216
-153.624,-8.10794,-33.1688,0.25031,0,4.30878,0,0.49946,-0.363883,-0.786212
-137.674,-2.78713,-24.227,0.24175,0,3.8,0,0.428131,0.720723,-0.545217
-149.34,1.80475,-16.8228,0.441343,0,-3.2,0,0.100127,-0.446381,-0.889223
-136.175,1.85281,-16.408,0.541704,0,2.19478,0,0.889779,0.359357,-0.281348
-135.523,-19.5595,-24.4001,0.172861,-0.109698,-0.7,0,0.775673,-0.0690796,-0.627343
-164.223,-25.085,-3.749,0.106301,0,-1.3,1,-0.313213,0.949682,-0.00122216
-149.891,1.19856,-24.9997,0.485351,0,1.9,0,-0.954731,-0.29532,0.0356997
-154.539,-3.76631,-23.2742,0.00805132,0,2.8,0,-0.709506,0.703966,-0.0321427
-145.718,0.4335,-18.7425,0.705388,0.526318,-3.5,0,-0.874265,-0.332429,0.353768
-144.239,20.2041,-19.0942,0.626175,0,-0.461396,0,0.484185,0.701803,0.522531
-159.627,-9.83381,-30.1366,0.0131102,0,1.09833,0,-0.630902,0.621758,0.46409
-146.239,-13.3394,-13.2133,0.279593,-0.663476,-3.2,0,0.485432,-0.176171,-0.856341
-136.803,1.55506,-8.38456,0.179983,0,3.8,0,0.932862,0.255006,0.254443
-148.511,-29.4159,-27.1966,0.281084,0,-1.3,0,0.203571,-0.539235,-0.817181
-159.955,-21.5264,-37.3162,0.244548,0.0127777,-1.3,0,-0.282576,-0.472391,-0.834864
-156.643,-13.6344,-23.6454,0.162595,0,-0.9,0,-0.991037,0.107139,-0.0797924
-157.85,-10.8479,-36.6071,0.0788959,0,4.5,0,-0.00550569,-0.31303,-0.949727
-146.611,-14.9674,-28.6805,0.863833,-0.107786,2.8,0,0.21752,-0.900309,-0.377
-142.149,-9.47663,-1.741,0.36194,0,3.8,0,-0.60677,-0.468984,0.641782
-160.851,7.29044,-17.1534,-0.103004,0,3.8,0,-0.512416,0.198858,-0.835395
-158.009,-12.8424,-21.7647,-0.136743,0,-0.9,0,-0.716693,-0.507183,-0.478662
-147.909,-11.4235,-33.1641,-0.240563,0,2.8,0,0.508158,0.0442194,-0.860128
-124.212,-15.6128,-16.1653,0.340218,0,2.8,0,0.808991,-0.451805,-0.376039
-144.664,-24.3765,-12.6943,0.018635,0,-0.8,1,-0.0269472,-0.973171,0.228502
-150.29,6.80081,-18.3921,-0.178228,0,1.9,0,0.918449,-0.353783,0.176887
-147.46,21.1234,-21.6784,-0.954587,-0.00354378,-3.5,0,-0.234024,0.972209,-0.00643953
-135.946,-15.9864,-5.77712,-0.131619,0,-0.4,0,0.791562,0.335631,-0.510667
-147.212,21.9225,-12.4712,0.949034,0.0129413,-0.8,0,0.186459,0.982087,-0.0271609
-168.468,-31.5829,-7.96138,0.35453,0,-3.5,1,-0.972549,-0.230213,-0.0339211
-161.202,-17.1453,-32.2438,-1.41989,-0.360749,-3.5,1,-0.126015,0.521324,-0.844003
-132.055,-26.6775,-18.8815,0.494398,0,1.8,1,0.0259216,-0.990561,0.134596
-136.47,-1.72713,-21.5572,0.320702,0,4.5,0,0.257485,0.188098,-0.947798
-143.579,18.839,-18.4844,-0.482443,-0.409439,-1.34494,0,0.546631,0.527916,0.65
-164.125,-14.3656,-10.8337,0.495221,0,4.2,0,-0.951164,0.282571,0.124262
-164.799,-9.92937,-32.8139,0.179704,0,-0.9,0,-0.606565,0.698655,-0.37942
-158.612,-23.0252,-35.1992,0.0760686,0,-1.3,0,-0.225801,-0.971827,0.0675729
-162.997,-9.41938,-31.3072,0.0565668,0,-0.9,0,0.00911644,0.966588,0.256172
-130.389,-11.1519,-12.6992,0.660271,0,-3.9,0,0.400363,0.851877,-0.337662
-128.114,-21.1458,-11.7008,0.516959,0,-1.46995,0,0.379405,0.166071,0.910205
-158.372,-7.69756,-31.7959,0.537263,0,4.5,0,-0.855662,0.517072,-0.0218729
-150.237,4.53369,-14.2551,0.142503,0,-1.20458,0,0.321115,0.925869,0.199127
-147.505,7.88356,-19.0657,0.205645,0,3.8,0,0.159311,0.00181738,0.987227
-150.685,14.8193,-34.8003,-0.702036,0,1.9,0,-0.963879,0.122352,0.236576
-153.584,17.6795,-17.3989,0.644696,0,1.9,0,0.0327576,0.525918,-0.849904
-140.156,-18.7623,-17.8022,1.08984,0.303395,-4.5,0,-0.175386,-0.84472,-0.505656
-156.022,-4.62262,-16.3216,0.202957,0,2.8,0,-0.400265,-0.581913,-0.70793
-148.546,4.25419,-1.00016,0.446413,0,1.8,0,-0.0901962,0.0530318,0.994511
-135.929,-12.993,-2.20537,0.622206,0,3.8,0,0.912263,-0.40442,0.0649585
-143.077,-4.56606,-16.4523,0.596887,0,3.8,0,-0.147152,0.751731,0.642843
-139.778,-23.3566,-15.7518,0.633462,0,-0.8,0,-0.0751102,-0.309534,-0.947917
-145.637,-4.861,-19.8592,0.361424,0,3.8,0,-0.914328,0.0633405,0.399991
-146.253,16.384,-28.0944,0.0980512,0.265436,-3.89898,0,0.424702,0.876834,-0.22537
-149.4,4.27094,-23.7679,0.15801,0,0.37561,0,-0.369383,-0.339205,0.865156
-169.113,-32.422,-11.2568,0.543275,0,4.2,1,-0.794495,0.375945,0.47691
-168.955,-33.931,-9.68275,0.28555,0,4.2,1,-0.516299,0.146163,0.843843
-141.267,-9.06525,-26.7744,0.350291,0,3.8,0,-0.58967,-0.803041,-0.0861037
-158.874,-9.89425,-24.3113,-0.212447,0,-0.9,0,-0.675596,-0.441159,-0.590719
-144.806,-14.2358,-12.5349,1.66926,0,-3.2,0,0.457304,-0.463195,-0.75916
-136.6,-27.7992,-17.9501,0.289216,0,-0.36417,1,-0.157881,-0.952305,-0.261129
-149.919,22.4321,-6.84369,-0.207378,0,-3.5,0,-0.0435035,0.621141,0.78249
-143.267,-21.1649,-11.705,2.40363,0.184067,-0.8,0,-0.33005,0.934573,0.132821
-140.847,-2.68537,-27.0863,0.187973,0,-0.7,0,0.961088,0.114378,-0.251452
-150.985,-0.846125,-13.8501,0.267563,0,2.8,0,0.291907,-0.161215,-0.942762
-156.625,-15.0026,-10.0106,0.738418,0,-0.67408,0,0.138372,0.0754409,0.987503
-140.255,1.10681,-2.70244,0.215601,0,4.2,0,0.0884412,0.230413,0.969065
-159.917,-7.78494,-22.9794,0.360957,0,-0.9,0,-0.77009,0.637931,-0.00240829
-147.569,21.515,-7.506,0.234545,0,-3.5,0,0.597976,0.688255,0.410768
-174.317,-37.7975,-21.9345,0.536337,0,-4.5,0,-0.917972,0.336885,0.209372
-146.407,14.6341,-13.2236,0.580812,0,-3.5,0,-0.289919,-0.955071,0.0615256
-159.911,2.57862,-12.6763,0.00605096,0,2.8,0,-0.801399,0.270629,-0.533404
-134.325,-5.71,-20.455,0.274803,0,-0.8,0,0.975367,0.207336,-0.0753003
-169.437,-20.5837,-5.08825,-0.949827,-0.278845,-0.7,0,-0.668517,-0.119788,0.733986
-143.749,3.44362,-7.53737,0.187384,0,-0.4,0,-0.171707,0.0603346,-0.983299
-146.71,-21.6789,-13.3629,0.922297,0,-0.8,0,-0.800577,0.175881,0.572837
-135.235,11.6485,-22.3307,0.56882,0,2.8,0,0.872263,0.0947597,0.479768
-146.264,-6.21613,-1.89575,0.335909,0,4.37055,0,0.0146934,0.190777,0.981523
-135.118,5.6345,-16.9279,0.260311,0,3.8,0,0.748312,-0.0655444,-0.660101
-154.572,-1.30838,-6.47069,0.389421,0,4.2,0,0.369052,0.223063,0.902244
-145.006,15.8794,-28.2191,0.169573,0,-4.13977,0,0.64712,0.690198,-0.323825
-162.465,1.43375,-11.5265,0.17914,0,2.8,0,-0.821224,0.194803,-0.536323
-129.628,-10.7714,-18.8183,0.376943,0,3.8,0,0.370924,0.722039,-0.584017
-132.958,-1.66587,-18.3892,0.285792,0,4.5,0,0.859143,0.360326,0.363372
-168.18,-22.5431,-9.13475,0.549114,0,-4.5,0,-0.796977,0.213437,-0.565042
-153.678,17.6976,-3.03644,0.246686,0,-3.5,0,-0.142307,0.464698,0.873959
-151.717,11.0331,-15.4475,0.404231,0,4.2,0,0.580048,-0.716305,0.387881
-159.375,13.452,-26.6998,-0.0305246,0,-1.82052,0,-0.144568,0.902569,0.405549
-156.74,2.35113,-33.1704,0.1316,0,-1.3,0,-0.797477,-0.354672,-0.488096
-132.865,-23.4939,-5.23275,0.684587,0,-3.9,0,0.173552,-0.96905,-0.175559
-146.185,0.443875,-12.919,0.208625,0,4.5,0,0.600216,0.168688,-0.781847
-134.791,-27.9363,-14.9015,0.556336,0,1.55874,1,0.413418,-0.641048,-0.64664
-143.414,-1.79475,-1.2655,0.0889401,0,3.8,0,-0.794743,0.0921341,0.599912
-139.45,-22.4114,-16.3095,0.691234,0,-0.8,0,-0.0649593,-0.338961,-0.938555
-145.14,-16.4915,-7.964,1.46781,0.84474,-0.8,1,-0.704994,-0.635395,0.31505
-156.915,-12.5047,-23.4316,-0.15134,0,-0.9,0,-0.827262,-0.435643,-0.354757
-165.956,-13.6947,-31.7324,0.0944274,0,-0.9,0,-0.942366,-0.327762,0.0672245
-160.245,-20.5103,-33.6042,-0.238814,0,-3.3476,1,-0.866204,-0.495604,0.0637801
-171.668,-33.0416,-20.385,0.246897,0,1.8,1,0.40084,0.914482,-0.0552246
-163.77,-24.8914,-7.42737,0.531332,0,-4.5,1,-0.0555767,-0.0235458,0.998177
-158.587,-14.9164,-18.2983,-0.502644,-0.156359,-0.9,0,-0.815268,-0.387831,-0.43003
-145.03,-14.0253,-5.59831,0.989159,0,-0.8,1,-0.617225,-0.680251,-0.395339
-156.533,18.8341,-28.6507,0.33745,0,-3.5,0,-0.888546,-0.100881,0.44756
-151.892,2.291,-37.3771,0.117281,0,4.5,0,-0.480367,0.248743,-0.841055
-132.843,-19.8398,-1.64713,1.08007,0,-3.9,0,-0.342384,0.797541,0.496691
-145.351,-20.2655,-24.1265,0.709147,0,-4.5,0,0.515528,0.856865,0.00361063
-151.161,18.5619,-18.0226,0.189882,0,-3.9,0,-0.610057,0.790999,-0.0463698
-159.613,-1.3135,-12.0179,0.0560782,0,2.8,0,-0.102081,-0.99086,-0.0881859
-156.527,5.886,-10.155,0.407293,0,1.40643,0,0.112389,0.0814985,0.990316
-150.33,5.82587,-21.5657,0.363451,0,-0.9,0,-0.0296987,-0.917084,0.397586
-136.294,-22.3099,-17.8285,0.934735,0.16706,-0.7,0,-0.993993,0.092843,0.0579539
-130.702,-12.1581,-6.766,0.700994,0,-2.302,0,0.663579,0.133969,0.736013
-143.086,-1.07356,-29.2659,-0.120938,0,-1.1175,0,0.802272,0.197245,-0.563431
-129.051,-21.5264,-18.9086,0.818573,0,-4.5,0,0.871711,-0.462604,-0.161608
-152.503,6.00887,-35.8368,0.0711949,0,4.5,0,-0.906188,-0.140592,-0.398819
-153.591,-19.2404,-30.5619,0.465251,0,-3.93682,0,0.706829,-0.0105554,-0.707306
-143.846,7.86287,-18.2216,0.447049,0,-2.76674,0,-0.98221,0.149501,0.113639
-137.536,14.9415,-8.79206,-0.360031,-0.598417,-1.6,0,0.662492,0.561728,0.495546
-137.61,-26.0056,-18.7221,-0.120017,0,0.024081,0,-0.89486,-0.197266,-0.400389
-141.255,-15.7316,-27.5681,0.612064,0,1.8,0,-0.120786,-0.45453,-0.882504
-146.849,-19.3419,-25.614,0.968739,0.209635,-4.5,0,0.800681,0.304208,-0.516108
-154.712,-13.5282,-34.259,0.243963,0,3.8,0,0.992547,0.0359421,-0.11644
-142.167,-19.7426,-9.42237,1.39485,0,1.9,0,-0.990815,0.0795195,0.109376
-157.017,-14.3045,-36.6691,0.114463,0,3.8,0,0.00713341,-0.0230571,-0.999709
-162.206,-12.587,-9.11153,0.310158,0,4.2,0,-0.400986,0.625173,0.669604
-143.3,2.75175,-31.3681,0.196787,0,2.8,0,0.644673,-0.701576,-0.303624
-158.088,18.2685,-13.613,0.382032,0,1.9,0,-0.976173,-0.21621,-0.0184172
-148.47,-3.2765,-22.3843,0.348707,0,3.15932,0,-0.290139,-0.451249,0.843916
-143.966,-24.1625,-11.8833,-0.313818,-0.872621,-0.8,1,-0.27943,-0.923964,0.261169
-142.272,21.686,-11.4969,-0.764159,0,-3.5,0,0.303575,0.952629,0.0184527
-151.692,17.7489,-20.3695,-0.24502,0,-3.9,0,-0.690089,0.723269,-0.025658
-161.8,-18.1491,-32.7366,-1.07523,-0.799366,-3.5,1,-0.544391,0.0203483,-0.838585
-173.748,-39.1254,-23.7033,0.936288,0,-4.5,1,-0.306516,0.064663,-0.949667
-148.922,2.42178,-2.11188,0.483672,0,1.8,0,-0.114384,-0.851099,0.512394
-146.02,-15.6896,-2.059,-0.479788,-0.362042,-3.5,0,-0.497829,-0.527249,0.688603
-145.836,10.5236,-8.24325,0.893903,0,1.9,0,-0.187457,-0.338303,-0.922177
-155.982,-17.4995,-14.4385,-1.12817,0,-0.8,1,0.682652,-0.720424,0.122372
-150.917,20.8687,-13.011,-0.0841035,0,-0.8,0,-0.838392,0.540507,0.0703692
-146.281,-23.1665,-15.845,1.0134,0.438533,-0.8,1,-0.595621,-0.778709,-0.197098
-157.33,-13.1386,-26.4234,0.234294,0,-0.8,0,-0.833586,-0.0994288,0.543367
-127.764,-24.5863,-16.7241,1.12557,0,-1.6,0,0.276968,-0.375732,-0.884372
-157.367,11.3492,-10.9691,2.44245,0.0936912,-3.9,0,0.438779,0.379244,-0.814645
-154.411,-4.04812,-7.03081,0.248275,0,4.2,0,0.256829,-0.689476,0.677246
-164.398,-15.752,-7.5715,-0.47502,-0.0457111,4.2,0,-0.661013,0.735768,-0.147333
-145.937,12.4694,-39.0861,0.169981,0,2.8,0,-0.900598,-0.204037,-0.383787
-135.912,2.71881,-12.4269,-0.115995,0,1.8,0,0.652058,0.00748407,0.758132
-136.456,-6.01412,-24.5803,0.255722,0,3.8,0,0.984743,0.118382,-0.127542
-137.637,-13.656,0.289,0.509142,0,3.8,0,0.153523,-0.594869,0.789025
-163.764,4.81938,-27.7983,0.113752,0,2.8,0,-0.980864,-0.12079,0.152698
-139.534,-30.9344,-11.2104,0.326431,0,1.9,1,0.686252,-0.702091,0.190069
-143.209,-14.4339,-17.575,2.43107,0,-4.5,0,0.130492,0.617826,0.775411
-160.122,3.01912,-17.3261,-0.0544469,0,3.8,0,-0.918308,-0.395614,-0.0141535
-166.637,-32.9873,-14.8862,1.01844,0,-0.443931,1,0.982384,-0.162581,0.0921359
-135.517,8.8505,-12.4406,0.105676,-0.207623,3.8,0,0.842156,0.474866,0.25549
-165.866,-33.7803,-7.81362,-0.0590123,-0.448962,-3.5,1,-0.0178557,-0.883666,-0.467776
-163.022,5.71912,-24.1476,-0.140217,-0.167146,1.77524,0,-0.695914,-0.63104,0.342772
-158.493,-22.7381,-32.0342,-0.550431,-0.379223,-2.56317,0,-0.216515,-0.970804,-0.103248
-156.071,7.87075,-29.6831,-0.721619,0,-0.116853,0,-0.00395798,0.999932,-0.0109338
-124.4,-16.2342,-15.0431,0.467341,0,2.8,0,0.906138,-0.287894,0.309889
-159.374,15.7382,-2.13575,0.821569,0,-1.6,0,-0.460585,0.0724176,0.884656
-133.605,-13.6653,-8.79475,0.186049,0,3.8,0,0.354292,-0.744066,0.56643
-135.074,-8.84962,-3.58037,0.39178,0,4.29945,0,0.609333,0.0421124,0.791795
-132.851,-19.9255,-6.48375,0.456815,-0.0486253,-3.9,0,0.663048,0.590467,-0.460125
-145.718,15.1351,-37.5693,0.438126,0,1.95245,0,0.0965048,0.735216,-0.670928
-148.67,-22.0361,-17.3301,1.39597,0.0854746,1.8,1,-0.0731396,-0.834606,0.54597
-141.264,-21.4105,-25.853,0.455692,0,-0.7,0,-0.509471,-0.706714,-0.490912
-156.794,17.4365,-21.6644,0.404238,0,-3.2,0,-0.302587,0.719483,0.625128
-145.232,2.9415,-15.2126,-0.611633,0,-3.2,0,-0.0284185,-0.531478,0.846595
-156.597,-18.9044,-17.4765,0.384613,0,-0.8,0,-0.0847973,-0.983678,0.158702
-171.864,-36.2665,-24.5323,0.343694,0,-4.20219,1,-0.425824,-0.419613,-0.801623
-148.99,4.66644,-5.93306,1.07544,0,-0.4,0,-0.852389,-0.427899,-0.300558
-130.271,-26.8967,-19.867,0.392326,0,1.8,0,0.375885,-0.9217,0.0958077
-128.574,-12.5515,-6.48775,0.889677,0,-3.9,0,0.128939,0.478466,0.868588
-156.505,9.61862,-2.01075,-0.107787,0,3.01859,0,-0.021937,-0.241012,0.970274
-140.598,-7.24662,-0.824,0.305336,0,3.8,0,0.255135,0.518446,0.816162
-156.64,9.08288,-6.15819,0.336082,0,-3.9,0,0.107125,-0.93881,-0.327354
-154.815,19.1326,-11.7819,-0.0556634,0,3.2581,0,0.360318,0.923471,0.131804
-160.265,-11.4307,-28.6017,0.189854,0,-0.9,0,-0.385343,0.458723,0.800677
-140.908,17.1574,-18.2416,0.180505,0,1.8,0,0.203706,0.96958,0.135718
-129.654,-24.2175,-20.375,0.50976,0,1.8,0,0.988395,0.0628148,-0.138307
-143.092,2.869,-29.7558,0.200807,0,2.88234,0,0.689175,-0.700042,-0.187026
-136.264,3.11031,-19.699,0.263265,0,3.8,0,0.882579,-0.0787945,-0.463515
-142.291,-17.447,-4.96325,0.494444,0,-3.5,1,-0.783247,-0.483617,-0.39069
-150.549,4.15944,-24.9415,-0.297832,0,-0.375079,0,-0.817293,-0.289133,0.498432
-147.607,18.321,-28.024,-0.240418,-0,-3.5,0,0.403179,-0.114008,-0.907991
-145.311,-15.1816,-26.4616,0.187723,-0.289583,2.8,0,0.188758,-0.981072,-0.0432308
-161.149,-23.7051,-9.6235,0.584322,0,-4.5,1,0.709543,0.266261,-0.652422
-135.645,-0.65975,-7.95087,0.22752,0,3.8,0,0.472173,0.311225,0.824737
-155.13,11.8912,-13.8641,0.139916,0,4.2,0,-0.630761,0.117595,0.767015
-141.529,6.74388,-29.6178,-0.176105,0,2.8,0,0.755844,0.285111,0.589416
-145.501,2.69131,-35.9715,0.340498,0,2.8,0,0.102674,-0.796896,-0.595328
-136.514,-6.69475,-2.67525,0.346293,0,4.5,0,0.0641494,0.0485481,0.996759
-171.666,-24.129,-4.20563,0.923688,0,-3.9,0,0.158631,0.530588,0.832654
-156.252,-22.7181,-33.4943,0.227762,0,-1.3,0,0.261442,-0.950945,-0.165383
-146.723,-1.7685,-21.4851,-0.160292,-0.404319,1.29172,0,-0.437805,-0.154523,0.885692
-149.71,-4.05638,-22.8838,0.095786,0,2.8,0,0.248084,-0.535361,0.807368
-138.241,14.7253,-23.8062,0.419076,0,2.8,0,-0.0452635,0.946653,-0.31906
-148.503,5.41988,-37.5362,0.199275,0,4.5,0,0.204548,-0.29323,-0.933904
-141.931,-9.21362,-24.8808,0.421097,0,4.5,0,-0.130311,-0.698792,-0.703355
-128.648,-20.2475,-3.5085,3.10766,0.0793927,-3.9,0,0.737107,0.309126,-0.600928
-127.233,-17.7476,-17.2304,-0.364988,-0.605979,3.8,0,0.826078,-0.484425,-0.287973
-153.499,7.35369,-13.7384,0.743436,0,1.82585,0,0.716594,0.373484,0.58907
-169.048,-30.9803,-15.5736,-0.571349,-0.400672,4.2,1,-0.23689,0.970292,-0.0491556
-149.428,-10.1112,-16.0094,0.706025,0,4.5,0,0.509857,0.257224,0.820903
-155.243,-18.046,-33.1639,0.0276727,0,1.19794,0,0.856741,0.154246,-0.492141
-144.1,-15.2146,-25.3018,0.836424,0,-0.8,0,0.103021,-0.994679,-0.000363482
-138.365,-16.0443,-15.4866,3.17508,0.304122,-4.5,0,-0.22968,0.472321,0.850976
-158.144,-23.903,-4.63538,-0.238883,-0.285827,-1.3,1,0.987732,-0.145724,-0.0561205
-129.759,-15.2034,-9.837,1.11579,0,-3.9,0,-0.296003,-0.883872,0.36215
-161.014,1.99525,-27.5916,0.0509862,0,2.8,0,0.387857,-0.65635,0.647125
-161.781,4.62738,-12.4316,-1.00711,-0.963476,-0.7,0,-0.584872,-0.77483,-0.239921
-132.068,-12.259,-22.3542,0.485996,0,4.5,0,0.81209,0.409045,-0.416163
-168.507,-32.699,-23.3474,0.228619,0,-3.2,1,0.821197,0.250375,0.512785
-156.714,19.414,-30.203,0.67176,0.745269,-3.5,0,-0.916466,0.327835,-0.229377
-174.067,-38.4436,-20.8634,0.866364,0,-4.5,0,-0.701056,0.371203,0.608875
-150.638,9.93219,-2.14788,0.602839,0,-3.15155,0,0.0624662,0.134346,0.988964
-153.239,-23.016,-22.4468,0.0104765,-0.183047,-2.05042,1,-0.319306,-0.775083,0.545243
-162.218,9.71975,-22.9842,-0.1247,-0.0395901,-0.7,0,-0.211425,0.922301,0.323511
-170.105,-21.112,-6.691,-0.722783,-0.233572,-0.7,0,-0.986919,0.0413499,-0.155823
-147.078,-16.7544,-25.5364,1.24347,0.0828244,-4.5,0,0.901062,-0.289007,-0.323361
-155.505,5.92837,-20.6784,0.0773961,0,1.8,0,0.539587,-0.792786,-0.283438
-152.332,14.0218,-1.48937,0.398802,0,-2.81954,0,-0.158505,-0.325757,0.932072
-162.03,-10.8555,-32.9815,-0.243699,0,-0.9,0,0.305,0.188859,-0.933438
-137.252,11.7294,-19.4064,0.901818,0,4.5,0,0.98441,0.15923,0.0747239
-139.508,6.73238,-25.7135,0.307564,0,3.8,0,-0.207105,-0.193245,-0.959043
-154.239,16.2237,-1.16887,0.283199,0,4.2,0,0.154853,0.769326,0.619804
-150.704,-4.78175,-22.7997,0.0541253,0,2.8,0,0.465568,-0.155462,0.871251
-156.15,-18.089,-12.5904,0.550738,0,-1.6,1,0.630278,-0.606734,-0.48438
-139.566,-18.6115,-0.731875,0.897278,0,-3.5,0,0.739194,-0.313828,0.595907
-144.906,11.1725,-8.85219,0.219154,0,1.9,0,-0.446871,-0.589798,-0.67264
-140.194,-6.30837,-27.1306,0.248285,0,3.8,0,0.508688,0.412081,-0.755927
-163.253,12.044,-29.0724,-0.409,0,-3.2,0,-0.677286,-0.17499,-0.714606
-135.407,-10.6658,-2.89663,0.448415,0,3.8,0,0.737538,0.219523,0.638629
-161.964,-33.3855,-5.37025,0.985086,0.844468,-3.5,1,0.996916,0.0537287,-0.0572008
-140.386,-13.2115,-27.0166,0.526307,0,1.8,0,-0.169546,0.606105,-0.777104
-150.567,14.5555,0.0484375,0.47641,0,-3.9,0,-0.24582,-0.343068,0.906574
-134.206,-19.0956,-8.04937,0.453572,-0.230067,-3.98041,0,0.952366,0.243977,0.182961
-164.24,9.46663,-23.8334,-0.146737,0,-0.7,0,-0.734648,0.648615,0.198972
-166.557,-17.8586,-9.68431,0.0607168,0,-3.5,0,-0.7969,0.247427,-0.551118
-170.979,-35.3284,-12.2378,0.281299,0,4.2,1,-0.953231,-0.147292,0.263923
-164.817,-32.0086,-3.79163,0.486239,0.11439,-3.5,1,-0.066,0.0601312,0.996006
-156.214,9.711,-11.4551,-0.0175019,-0.793263,-0.4,0,0.667602,0.696597,-0.262793
-144.824,-9.9385,-27.5765,-0.0012059,-0.578001,3.8,0,0.842601,-0.50148,-0.196318
-132.301,-10.2153,-12.7564,0.452545,0,1.82654,0,0.743594,0.497444,-0.446786
-135.603,-7.932,-26.3195,0.311097,0,3.8,0,0.918726,0.292214,-0.26562
-137.111,-12.3728,-26.0986,0.372229,0,3.8,0,0.555101,0.106256,-0.824968
-162.174,-30.9034,-20.587,0.406474,0.00479569,-4.5,1,0.788175,-0.589018,-0.17843
-160.471,10.5813,-21.8044,0.0177147,0,-3.5,0,-0.735305,0.677724,0.00401627
-131.885,-18.0888,-10.7157,0.866399,0,-4.5,0,0.548642,0.0289406,0.835556
-144.816,-3.29606,-18.6596,0.340232,0,3.8,0,-0.819371,0.208923,0.533837
-168.486,-16.3628,-7.73056,-0.755108,-0.843403,-0.7,0,-0.336221,0.667942,-0.663935
-150.347,13.4591,-35.935,-0.353673,0,1.9,0,-0.776174,-0.329897,-0.537328
-165.089,-15.6152,-6.292,0.208752,0,3.6069,0,-0.281396,0.903308,-0.323806
-162.59,-23.965,-6.43,0.248317,0,-1.3,1,-0.732437,-0.13068,0.668176
-155.409,19.0607,-9.57075,0.15718,0,4.5,0,-0.426649,0.901573,0.0716778
-151.125,6.47356,-20.0532,0.0918105,0,0.974138,0,0.0136473,-0.998401,0.0548525
-159.241,-21.8219,-33.241,-0.296714,0,-1.36547,0,-0.637648,-0.769964,0.0236943
-152.965,-13.536,-15.334,0.527939,0,4.5,0,0.218341,-0.171759,0.960638
-149.06,-12.8066,-14.6959,-0.574171,-0.102231,-3.2,0,-0.257104,0.720599,0.643922
-155.412,13.645,-17.0147,0.392505,0,1.73956,0,-0.766142,0.635896,0.0930749
-152.316,2.61725,-16.2169,0.703728,0,-2.27543,0,-0.234463,-0.686971,-0.687821
-145.117,-1.0635,-32.3375,0.646302,0.0970655,-1.3,0,0.502542,-0.227736,-0.834019
-161.553,-26.4566,-6.574,0.612691,0.000154152,-4.5,1,0.703574,-0.700845,0.117474
-156.124,-5.544,-34.217,0.0607319,0,3.14885,0,-0.666965,-0.000915749,-0.745088
-161.776,0.308562,-14.0742,0.305874,0,2.8,0,-0.941361,0.336344,-0.0266858
-134.332,-24.5933,-7.44269,0.470158,-0.717132,-3.52729,0,0.502074,-0.719771,0.479429
-166.3,-34.307,-18.6885,0.325773,0,-4.5,1,0.589745,-0.688747,-0.421698
-155.832,18.7764,-11.1566,0.140393,0,4.5,0,-0.417401,0.792018,0.445516
-135.302,9.82625,-13.8868,0.144107,0,2.86219,0,0.914477,0.403423,-0.0313392
-147.383,-3.31612,-21.8976,0.456165,0,3.8,0,-0.584988,-0.130536,0.800468
-145.196,20.6341,-6.60787,0.461526,0.0736617,1.9,0,0.245295,0.967632,0.0593252
-138.963,-4,-25.1095,0.229827,0,3.8,0,0.125642,0.582415,-0.803123
-147.524,2.18012,-2.11363,0.192274,0,1.8,0,-0.367764,-0.751525,0.547686
-135.367,4.14712,-19.2407,0.263939,0,3.8,0,0.935332,-0.166191,-0.312305
-132.848,-29.836,-12.9334,1.11309,0,-4.5,1,-0.46731,-0.753812,-0.46194
-136.404,9.4475,-9.33806,0.663748,0,-1.6,0,0.652069,-0.62283,0.432307
-155.066,10.6926,-1.80225,-0.231591,0,3.88024,0,-0.0216377,-0.319996,0.947172
-151.224,3.79662,-26.5462,-0.616009,0,0.965082,0,-0.695287,-0.499,0.517276
-145.307,9.30169,-38.284,-0.025783,0,2.8,0,-0.944516,-0.183391,-0.272504
-160.59,-17.9139,-6.19881,0.745909,0,1.46458,1,0.931564,0.359656,-0.0532546
-168.673,-30.8915,-10.4756,0.269438,-0.612795,-3.5,1,-0.998758,-0.0157076,0.0472753
-157.605,9.89462,-11.8685,0.511808,0.245523,-3.65244,0,0.064571,0.810409,-0.582296
-154.601,5.87631,-24.6367,0.0829291,0,4.2,0,0.428797,-0.579538,0.693014
-152.601,7.616,-14.2665,0.758106,0,1.9,0,0.61722,0.340704,0.709197
-125.886,-12.4577,-17.3527,0.453675,0,2.8,0,0.181732,0.370271,-0.910974
-166.712,-30.5036,-20.5599,0.61934,0,-4.5,1,-0.539994,0.234977,-0.808203
-162.448,-27.9881,-2.26569,-0.140993,0,-1.3,1,0.64819,-0.718039,0.253516
-172.863,-23.8727,-4.33556,1.60211,0,-3.9,0,-0.197775,0.452857,0.869371
-144.599,-14.0287,-18.1448,2.77404,0,-4.5,0,0.160274,0.498593,0.851891
-135.584,-12.8036,-4.00112,0.626868,0,3.8,0,0.626051,-0.680509,0.380746
-147.295,-5.069,-22.1353,0.438544,0,3.8,0,-0.644556,-0.120557,0.754992
-128.729,-15.5603,-11.2874,0.873235,0,2.03083,0,0.050005,-0.844914,0.53256
-162.546,-12.7999,-13.2773,0.203702,0,4.2,0,-0.114667,0.652194,-0.749329
-137.109,-24.3674,-22.1259,-0.276173,-0.336923,-0.7,0,-0.362358,-0.521831,-0.772263
-148.839,21.9619,-27.4189,-1.50012,-0.106964,-3.5,0,0.093264,0.739414,-0.666759
-156.97,-15.3356,-20.1583,0.37905,0,-0.9,0,-0.870269,-0.415054,-0.26526
-149.24,-17.1038,-14.5249,0.896159,0,1.8,0,-0.00391121,-0.0528272,0.998596
-145.135,7.06119,0.662,0.316097,0,2.8,0,0.108425,-0.574815,0.811068
-152.029,-9.20162,-32.2101,0.0792834,0,1.96279,0,-0.186394,-0.290708,-0.938481
-159.694,-19.4566,-11.1284,0.914127,0,-1.6,1,-0.129971,-0.901286,-0.413269
-157.862,-10.2911,-19.377,0.125489,0,-0.9,0,-0.231462,0.498616,0.835349
-140.98,13.3647,-34.88,1.78265,0.83032,3.8,0,0.671407,0.737888,-0.0688039
-141.184,-19.9068,-6.11231,1.04299,0,1.9,0,-0.949636,0.271431,0.156576
-158.147,5.09963,-9.63688,0.812647,0,2.8,0,0.0293994,0.521674,0.852638
-169.866,-25.1278,-4.18937,0.468563,0,-3.9,0,0.0540089,0.180878,0.982022
-130.401,-22.6091,-1.00725,1.44036,0,-3.9,0,0.340581,-0.70303,0.624302
-135.673,18.4142,-12.6051,-1.36713,-0.778246,-3.5,0,0.903959,-0.0751029,-0.420973
-137.313,4.51894,-21.4102,0.284466,0,3.8,0,0.559021,-0.45156,-0.695405
-140.3,10.1854,-37.321,0.349572,0,3.64743,0,0.740162,-0.0465356,-0.670817
-157.573,11.0825,-32.3362,-0.0989913,0,-0.4,0,0.211483,-0.740276,-0.638174
-159.74,-22.6252,-30.6702,-1.21166,-0.570854,-3.5,0,-0.568645,-0.807672,0.155915
-152.04,9.26087,-35.6357,-0.0345353,0,4.5,0,-0.719213,0.643526,-0.261931
-139.943,-18.0077,-11.9408,2.51662,0,1.9,0,-0.219972,0.463831,-0.85818
-146.054,2.52075,-1.02631,0.209567,0,1.8,0,-0.451632,-0.151328,0.879277
-142.042,0.34375,-26.5991,-0.494932,-0.819294,-0.7,0,0.889851,0.0352485,-0.454888
-155.142,-18.3908,-16.7735,0.321846,0,-0.8,1,0.482116,-0.781372,0.396261
-157.541,13.2879,-19.3601,-0.138988,0,-0.4,0,-0.714531,0.579054,0.392609
-163.734,6.27488,-27.6012,0.0598949,0,-0.480225,0,-0.977847,-0.206732,0.0328105
-158.971,-19.214,-12.4442,0.732127,0,-1.6,0,-0.329209,-0.720016,-0.610899
-161.954,-28.0583,-8.22188,1.3134,0.220837,-4.5,1,0.584481,-0.810485,-0.0386885
-150.091,19.7167,-5.15562,-0.822726,-0.236695,0.285895,0,0.410147,0.623392,0.665704
-144.513,-12.364,-26.5464,0.348128,0,1.52756,0,0.717208,0.513703,-0.470874
-132.286,-12.9753,-6.69456,0.702364,0,3.8,0,0.196489,-0.978869,-0.0566338
-130.088,-10.3869,-11.072,0.443952,0,-3.9,0,0.555195,0.804968,-0.209247
-142.854,6.28762,-15.2224,0.166809,0,-0.410228,0,-0.933377,0.0906965,0.34725
-148.068,0.69825,-34.7302,0.320673,0,4.5,0,0.830798,-0.114684,-0.544631
-159.142,-11.7736,-10.5748,0.338646,0,4.2,0,0.0842571,0.841893,0.533026
-149.52,-27.0119,-28.1283,0.707246,0,-1.3,0,0.324169,0.0114769,-0.94593
-149.016,13.3422,-37.0165,0.0682243,0,1.9,0,-0.377328,-0.684965,-0.623254
-148.712,-5.85313,-32.975,0.205085,0,4.17838,0,0.658712,-0.3637,-0.65865
-146.961,15.7019,-1.171,3.48195,0,-3.9,0,0.907099,-0.0392569,0.419083
-139.633,-2.84831,-24.5786,0.190668,0,3.8,0,0.38959,0.31477,-0.865529
-162.611,11.6489,-25.4562,-0.136718,0,-3.2,0,0.0958693,0.483325,0.870176
-148.617,13.9827,-0.80425,0.840978,0.214514,-3.9,0,0.208667,-0.358195,0.91003
-131.33,-29.3372,-14.06,1.281,0.206638,-4.5,0,0.101258,-0.694829,-0.712011
-128.864,-11.5942,-11.9263,0.566172,0,-3.9,0,0.556461,0.815075,-0.161258
-142.824,-29.3895,-11.528,0.0455067,0,1.9,1,-0.998173,-0.0600861,-0.00631521
-134.714,-1.16169,-17.0756,0.375973,0,4.5,0,0.827398,0.356359,0.434076
-161.007,-26.4258,-4.40119,0.552686,0.396194,-1.3,1,0.592491,-0.802612,-0.0690598
-140.326,20.1834,-8.04338,0.160794,0,-3.5,0,0.407868,0.659974,0.630935
-135.196,-28.7459,-12.7768,0.614179,0,1.89756,1,0.10356,-0.959382,0.262416
-160.86,-15.8345,-7.50875,0.395764,0,4.2,0,0.986699,0.0745208,0.144471
-167.583,-25.6744,-10.0024,0.620543,0,-3.31989,0,-0.923264,0.166433,-0.346242
-161.05,-18.474,-3.03781,0.271052,0,3.8,1,0.397281,-0.612199,0.683652
-153.809,17.8379,-22.4102,0.0596602,0,-3.2,0,-0.0479962,0.892766,0.447957
-149.342,18.325,-4.00706,-0.282127,0,-3.55501,0,0.276658,0.835649,0.474501
-138.617,9.231,-7.36475,0.248107,0,3.60839,0,0.663252,-0.126665,0.737599
-142.369,-24.8337,-9.02625,1.00748,0,-3.5,1,-0.637924,-0.684966,0.351957
-134.949,-2.31063,-16.1609,0.334838,0,4.46741,0,0.924011,0.268899,0.27184
-153.52,-17.9451,-31.1897,0.460162,0,-4.5,0,0.678843,-0.215451,-0.701963
-159.124,-20.2781,-9.04584,0.512949,0,-1.6,1,0.884438,-0.458272,-0.0880743
-152.777,9.40756,-34.2376,-0.0133047,0,-3.5,0,-0.68806,0.250312,-0.681115
-126.941,-11.5999,-16.5427,0.451841,0,2.8,0,-0.00893767,0.903186,-0.429156
-143.307,18.4345,-4.04325,0.605157,0,1.9,0,0.699824,0.243445,0.671551
-134.853,-13.6558,-8.04375,0.920619,0,3.8,0,0.200727,-0.931793,0.302441
-171.2,-35.1948,-16.5876,0.216457,0,2.56615,1,-0.593715,-0.242834,0.76716
-144.954,3.84425,-0.858625,-0.326543,0,2.10084,0,-0.0735095,0.252393,0.964829
-139.421,-1.74119,-2.25025,0.41502,0,4.2,0,0.100566,-0.0521308,0.993564
-145.826,-5.727,-20.7835,0.368452,0,3.8,0,-0.872321,0.174167,0.456861
-145.61,-1.3485,-20.383,0.291957,0,3.52987,0,-0.738906,-0.182851,0.648524
-147.608,-30.5094,-25.3954,0.501875,0,-1.3,0,0.573094,-0.607252,-0.550281
-144.544,18.711,-25.3017,0.718806,0.802816,-0.4,0,0.589819,0.327994,-0.737925
-139.355,-13.1684,-17.9776,2.16773,0,3.8,0,-0.707119,-0.515069,0.484445
-156.278,14.9675,-19.3633,0.0618548,0,-0.4,0,-0.644121,0.560255,0.52079
-138.492,-24.2621,-15.9025,0.551574,0,2.8595,0,-0.616395,0.131005,-0.776463
-166.829,-22.2945,-4.77925,-0.563888,-0.186051,-4.5,0,-0.0416696,0.231154,0.972024
-129.577,-15.3161,-21.9989,0.48042,0,-4.5,0,-0.10207,0.82572,-0.554769
-155.317,4.055,-26.6956,0.104229,0,4.2,0,-0.0704747,-0.987045,0.144137
-170.483,-36.9705,-19.86,0.493878,0,-1.79719,1,0.534093,-0.745764,0.398222
-166.688,-33.1001,-4.117,0.551786,0,-3.5,1,-0.519779,-0.219213,0.825697
-130.763,-15.6539,-10.5873,0.921907,0,-4.01493,0,0.242079,-0.378521,0.893375
-150.897,1.2475,-28.09,0.377243,0,0.258207,0,-0.435208,-0.0879424,0.896025
-163.175,13.3529,-25.7589,-0.533286,0,-3.2,0,0.208213,0.260936,0.942634
-142.274,13.0977,-32.2605,0.862327,0,2.1602,0,0.726637,0.177466,0.663704
-136.058,-1.71463,-4.51888,0.196709,0,4.33695,0,0.660811,0.729779,-0.17536
-142.659,8.06806,-38.3396,0.233999,0,2.8,0,0.182505,-0.978408,0.0969994
-139.219,-21.6085,-5.17312,0.73221,-0.783508,-3.29054,0,-0.534062,0.0240248,0.845104
-160.783,-3.9355,-27.3136,0.0569658,0,3.8,0,-0.815335,0.401948,0.416733
-145.542,3.17356,-20.4196,-0.27418,0.54129,-2.67584,0,-0.929625,0.0115065,0.368328
-126.35,-12.7971,-8.01725,2.29954,0.46827,-3.9,0,0.62214,0.736544,0.265416
-172.919,-43.3763,-22.9867,0.0681865,0,-4.5,1,-0.445722,-0.546956,-0.70864
-140.782,-4.68087,-1.82738,0.327139,0,3.8,0,0.724726,-0.13513,0.675657
-165.385,14.8663,-27.8689,-0.263804,0.30821,-3.2,0,-0.632321,0.671357,-0.386586
-139.615,-19.6973,-3.562,2.16907,0.173784,-3.5,0,0.321904,-0.906955,0.271682
-153.784,-5.495,-33.6427,0.270141,0,2.68766,0,0.00759699,-0.0548102,-0.998468
-161.029,4.38731,-32.4662,0.16812,0,2.8,0,-0.22271,-0.124353,-0.966921
-149.283,10.6255,-11.5352,0.583177,0,1.9,0,0.81769,-0.273036,-0.506789
-157.406,-9.7545,-26.2234,-0.277738,0,-0.8,0,-0.991865,-0.124603,0.0260227
-171.264,-23.4169,-6.89669,1.46665,0.162363,-3.9,0,0.0775983,0.699612,-0.710297
-131.668,-9.41694,-15.8696,0.404203,0,3.8,0,0.882247,0.428039,0.196019
-142.66,-17.3651,-8.63713,0.963325,0,-0.747584,0,-0.747587,-0.663031,-0.0387888
-150.007,4.76837,-37.8473,0.172666,0,4.5,0,0.0553624,-0.330352,-0.942233
-130.998,-9.27837,-11.0292,0.232434,0,4.2,0,0.892132,0.198114,-0.406019
-142.124,-4.66412,-15.3814,0.683644,0,3.8,0,-0.621667,0.782247,0.0402578
-167.959,-20.2002,-8.36,0.443298,0.69149,-0.7,0,-0.394305,-0.0728656,-0.916086
-151.052,-28.6187,-27.3986,-0.00056834,0,-1.3,0,-0.18127,-0.605056,-0.775273
-150.574,-8.11425,-33.5484,0.22371,0,4.2,0,-0.0398044,-0.339394,-0.939802
-158.071,-24.3071,-24.1657,-0.357723,-0.139245,-3.5,1,-0.206458,-0.768231,0.605967
-142.266,22.6854,-13.8894,-0.636438,0.078484,-3.2,0,0.35297,0.935426,-0.019769
-151.027,-11.5659,-15.1784,0.600347,0,4.5,0,0.0759312,-0.0357704,0.996471
-136.945,-22.6009,-19.3633,1.11474,0,-0.7,0,-0.848391,0.0906513,0.52155
-166.486,-20.1825,-4.25219,0.0763104,-0.29095,2.56205,0,-0.0151762,-0.724193,0.68943
-143.877,-12.0347,-19.2423,2.13081,0,3.04046,0,0.237848,-0.0420151,0.970393
-165.444,-16.1047,-3.98487,0.25544,0,3.8,0,-0.330968,0.647705,0.68625
-143.338,-3.6595,-12.451,0.0662365,0,4.17909,0,-0.245678,0.827704,-0.504527
-155.959,-20.9033,-35.4996,-0.0620051,0,-1.3,0,0.666828,0.0617438,-0.742649
-160.153,11.4476,-2.34281,0.10237,0,3.8,0,-0.543463,-0.0102301,0.839371
-141.71,12.2924,-26.6034,0.713688,0,-4.5,0,0.378519,0.203539,-0.902937
-140.959,12.2872,-6.1535,0.309661,0,4.17771,0,0.659864,-0.0881857,0.746192
-125.879,-18.0771,-12.9431,0.434446,0,2.8,0,0.81192,-0.278312,0.513154
-158.406,12.6444,-23.8531,-1.09627,-0.728907,-0.8,0,-0.712438,0.537316,0.451357
-158.283,-21.965,-6.5895,0.129119,0,-1.3,1,0.957304,0.042502,-0.285942
-157.005,7.85906,-2.58769,0.120118,0,1.9,0,-0.520688,-0.340888,0.782738
-132.432,-16.3642,-23.2603,0.724156,0,4.5,0,0.533296,-0.270862,-0.801392
-141.286,-21.353,-23.747,0.446298,0,-0.7,0,-0.601296,-0.400785,0.691241
-142.103,-18.7577,-18.4737,0.579118,0,-4.5,0,0.604091,-0.763086,-0.229724
-140.346,-16.5238,-16.4566,2.4313,0,-4.5,0,-0.323933,0.754098,0.571318
-134.488,-18.4576,-2.86888,1.12082,0,-0.4,0,0.398859,0.165313,0.901989
-149.088,-2.51513,-12.0275,0.786356,-0.269824,3.6832,0,0.279509,-0.0284687,-0.959721
-147.845,-8.67338,-32.6865,0.486534,0,2.8,0,0.473308,0.418671,-0.775044
-146.317,-17.7778,-20.7317,1.1554,0,-4.5,0,0.0715623,-0.727511,-0.682354
-164.064,7.55619,-26.9375,-0.312579,-0.392667,-0.7,0,-0.963169,-0.256524,-0.0806228
-161.796,-19.8846,-4.70431,0.236495,0,-0.527256,1,0.00716398,-0.569585,0.821901
-161.429,4.27313,-10.8696,0.114017,0,2.8,0,-0.924017,0.0268649,0.381407
-166.671,-34.2809,-6.6635,0.47905,0,-3.5,1,-0.331587,-0.906045,-0.26293
-143.926,-13.0507,-18.7339,2.41423,0,-4.5,0,0.104654,0.497697,0.861014
-153.454,-20.7605,-31.1472,0.43801,0,-1.3,0,0.790151,0.346736,-0.505406
-157.11,15.6351,-9.443,0.557728,0,4.5,0,-0.895742,-0.118703,-0.428433
-139.099,-15.0443,-0.644938,0.699637,0,3.8,0,0.00719276,-0.54562,0.838002
-129.749,-19.5842,-1.77787,3.00197,0,-3.9,0,0.23745,0.887934,0.393942
-153.526,-1.573,-14.2262,-0.336864,0,2.8,0,0.224417,0.582775,-0.781031
-151.266,-15.0197,-14.8164,0.784848,0,-3.2,0,-0.618038,-0.0282975,0.785639
-141.65,-13.9961,-1.74675,-0.184949,0,2.03793,0,-0.422545,0.011095,0.906274
-147.708,12.0988,-0.947937,0.360041,0,1.41221,0,-0.21698,0.173489,0.960636
-148.399,-5.49981,-13.253,0.370738,0,4.5,0,-0.560694,-0.0477023,-0.826648
-151.436,-28.8751,-22.7743,0.39428,0,-1.3,1,-0.407194,0.0789238,0.909925
-147.841,-21.4688,-27.1744,0.65634,0,-0.7,0,0.919902,0.0776969,-0.384373
-156.92,17.3155,-11.5315,0.143235,0,4.30605,0,-0.950503,-0.185359,0.249373
-142.228,-16.8749,-9.89937,1.40451,-0.417685,-0.8,0,-0.83881,0.0738185,-0.539397
-152.852,7.8325,-35.0139,-0.138037,0,4.5,0,-0.880063,0.171129,-0.442948
-166.272,-12.3466,-32.0008,0.116147,0,-0.9,0,-0.945966,-0.0423799,0.321483
-154.841,12.2384,-31.199,-0.0469927,0.170872,-0.262998,0,-0.244327,-0.967906,-0.0588369
-136.781,10.4566,-27.6069,0.582729,0,2.8,0,0.370408,-0.203573,-0.906287
-142.247,1.68138,-27.914,0.136907,-0.0531014,3.83423,0,0.792105,-0.305025,-0.528706
-148.648,20.8505,-16.877,0.019378,0,-1.72842,0,-0.0464005,0.989716,0.135309
-157.247,-22.5281,-29.225,0.630173,0.280755,-3.5,0,-0.252999,-0.935498,-0.246646
-127.557,-14.9635,-18.5924,0.470936,0,2.62882,0,0.555137,0.680358,-0.478472
-154.334,-12.5791,-33.2497,0.183837,0,-0.4,0,0.863449,-0.142308,-0.483946
-138.727,-13.7093,0.8155,0.423369,0,3.8,0,0.0558706,-0.616547,0.785334
-136.486,-4.291,-2.6995,0.275042,0,4.5,0,0.0793368,0.0748681,0.994032
-148.095,-15.6951,-28.0449,0.826648,0,1.05912,0,0.38393,-0.704591,-0.596782
-152.105,-8.24094,-32.8978,0.19949,0,4.2,0,-0.109193,-0.505157,-0.856092
-155.51,4.58913,-33.6801,-0.100509,0,-1.3,0,-0.357373,0.223633,-0.906793
-134.26,1.47775,-14.7869,0.34117,0,1.8,0,0.85297,0.244252,-0.461284
-154.821,-9.67569,-21.5553,0.0266127,0,-0.9,0,-0.25358,0.420789,0.870996
-146.087,-10.5638,-31.8885,0.0401662,0,2.8,0,0.80548,0.0681878,-0.588688
-153.993,-2.61425,-21.1856,0.12626,0,2.8,0,-0.86489,0.183364,0.467272
-148.354,21.4254,-20.1539,0.896308,0,-3.9,0,-0.384998,0.893051,-0.232885
-141.27,-8.5765,-0.387125,0.306055,0,3.8,0,-0.348216,-0.0189865,0.937222
-130.964,-12.228,-20.3445,0.49839,0,3.8,0,0.425352,0.562734,-0.708806
-131.96,-8.55175,-12.1969,0.314452,0,4.2,0,0.752122,-0.104182,-0.650737
-165.216,-28.6021,-0.361,0.422469,0,-1.3,0,-0.138842,-0.757275,0.638167
-149.998,-1.81337,-20.1327,0.285062,0,2.8,0,0.521216,-0.192691,0.831387
-159.51,-9.73363,-19.9563,0.0901731,0,-0.9,0,-0.421085,0.220086,0.879914
-160.366,-11.6501,-9.329,0.293746,0,4.2,0,0.198464,0.734569,0.648861
-161.008,4.43162,-16.0769,-0.35375,0,3.8,0,-0.600951,-0.756562,0.257823
-159.963,13.0387,-2.60156,-0.0546971,0,3.8,0,-0.403042,0.189513,0.895344
-145.039,20.6769,-5.1625,0.252248,0,1.9,0,0.204916,0.93484,0.289971
-169.869,-17.9636,-6.87187,0.0782864,0,-0.7,0,-0.918356,0.141487,-0.3696
-168.29,-32.894,-9.30062,0.415314,0,2.39817,1,-0.929161,-0.0476021,0.366597
-132.14,-6.18503,-8.96081,0.358307,0,4.2,0,0.243042,0.404509,0.881648
-139.51,20.4774,-12.2286,0.286135,0,-3.5,0,0.251628,0.940763,-0.227262
-141.061,-18.3291,-19.5413,0.412774,0,-4.33473,0,0.0176325,-0.989246,0.145197
-153.456,-6.0955,-10.5799,0.279076,0,3.8,0,-0.958526,-0.281671,0.0434613
-154.306,-25.8242,-25.2746,0.559155,0,-1.3,1,-0.692939,-0.663379,0.282425
-160.877,9.98275,-2.87225,0.155373,0,3.8,0,-0.817689,-0.329868,0.471775
-169.723,-37.4318,-22.9478,0.419578,0.0495924,-3.95641,0,0.779327,-0.565949,-0.268982
-159.511,-23.8908,-24.9756,0.238687,0,-3.5,0,-0.834501,-0.488143,0.255587
-151.149,-30.6327,-23.2587,0.461061,0,-1.3,0,-0.445116,-0.732034,0.51575
-139.056,-29.8333,-3.89675,0.35445,0,-4.5,1,-0.422226,-0.793702,-0.437906
-141.241,10.0591,-39.5929,-0.0102277,0,2.8,0,0.776337,-0.0684528,-0.62659
-157.252,-8.57537,-21.5419,-0.309986,0,-0.9,0,0.414057,0.585433,0.697012
-158.285,14.0787,-26.1935,0.593296,0.228585,-0.8,0,-0.60324,0.766614,-0.220009
-155.536,-3.12937,-16.5397,0.112419,0,2.8,0,-0.20137,0.225379,-0.953234
-152.384,8.37788,-14.9795,0.899169,0,1.9,0,0.722453,0.338142,0.603093
-144.529,0.0256875,-0.694313,0.333451,0,1.8,0,-0.567939,-0.689297,0.449795
-147.807,3.23994,-0.921125,0.317619,0,1.8,0,-0.0942534,-0.333139,0.938155
-146.105,-18.6165,-15.5611,0.542816,-0.0532952,1.8,0,0.13948,0.605287,0.783692
-142.669,18.4092,-22.4228,0.729032,-0.363855,3.56044,0,0.81612,0.0150879,-0.577685
-138.751,9.34275,-36.5166,0.218977,0,3.8,0,0.708144,-0.33167,-0.623319
-162.122,6.22625,-32.0835,-0.0227148,0,2.8,0,-0.481083,-0.015599,-0.876536
-152.371,9.90706,-15.4677,0.479163,0,4.0145,0,0.718983,-0.335338,0.608778
-154.743,1.65787,-33.9825,0.691791,0,-1.3,0,-0.340809,-0.213577,-0.915551
-145.713,-14.8799,-12.1457,1.40654,0,-3.2,0,-0.069435,-0.866978,-0.493486
-145.38,16.1984,-36.7561,0.444715,0,-2.10021,0,0.202303,0.434626,-0.877596
-140.81,15.2941,-22.2222,0.314862,0,2.8,0,0.288313,0.6102,-0.737924
-150.27,-9.805,-11.0535,0.558046,0,3.8,0,-0.101614,-0.509757,-0.854297
-155.813,18.0117,-16.9281,0.288742,0,1.9,0,-0.635917,0.0977694,-0.76554
-149.941,4.037,-16.9877,0.412374,0,1.9,0,0.686985,0.24515,-0.684071
-167.282,-34.4438,-5.49963,0.356077,0,-3.5,1,-0.631281,-0.749021,0.20113
-131.901,-17.5386,-22.5508,1.21811,0.203543,-4.5,0,-0.053302,-0.195974,-0.979159
-155.387,-4.6035,-34.2759,0.409027,0,1.8,0,0.161604,-0.27636,-0.94737
-142.69,9.36544,-10.5448,0.293771,0,4.5,0,-0.987862,-0.0124282,-0.154836
-144.214,-1.3615,-17.4438,0.443788,0,-3.5,0,-0.72679,-0.319765,0.607887
-148.688,-2.41237,-21.7699,0.0400107,0,2.8,0,0.170629,-0.461882,0.870374
-164,-34.4865,-7.30225,-1.03627,-0.0190862,-3.5,1,0.276745,-0.861808,-0.425088
-142.99,18.4256,-33.5284,0.143936,0,-3.5,0,0.492277,0.63653,0.593711
-151.486,-4.0945,-6.58425,0.370135,0,-0.4,0,-0.445883,-0.466409,0.76397
-160.853,-21.1803,-35.9105,-0.422678,-0.302577,-1.3,1,-0.789152,-0.614086,0.011751
-158.754,-8.35281,-25.211,0.0565732,0,1.37098,0,-0.673856,-0.565612,-0.475395
-128.824,-22.4189,-3.22825,2.95768,0.544297,-3.9,0,0.717934,-0.663433,-0.210779
-129.873,-16.4781,-11.8326,0.678026,0,-0.279803,0,0.28207,-0.582513,0.762309
-141.621,16.3781,-33.0986,-0.452878,0,-3.5,0,0.652871,0.0911261,0.751968
-150,-7.8715,-17.8487,0.413775,0,4.5,0,0.152457,0.987296,0.0447705
-159.334,-23.0763,-23.0635,-1.25964,-0.0383613,-3.5,1,-0.659275,-0.424669,0.620494
-163.465,-20.9857,-14.3562,-1.08379,0,-3.5,0,0.426657,-0.00229935,-0.90441
-163.039,-28.0328,-5.83006,0.506015,-0.186445,-1.3,1,0.811716,-0.579903,0.0694998
-151.838,9.01844,-37.7162,0.00149909,0,4.5,0,-0.824723,0.278921,-0.49197
-136.044,14.0535,-10.3059,0.275978,0,-1.6,0,0.590107,0.765262,-0.257192
-140.016,3.0605,-22.9995,0.169213,0,3.8,0,0.775375,0.18239,-0.604589
-154.903,15.8558,-18.5585,-0.642124,0,1.9,0,-0.745445,0.66602,0.0270037
-157.11,-22.8012,-31.3,0.261216,-0.0269961,-1.40445,0,-0.141424,-0.987473,0.0699693
-140.811,3.96062,-28.2954,0.24103,0,4.2,0,0.976084,-0.146539,-0.160581
-147.972,6.38562,-1.19525,1.65497,0,2.59116,0,-0.494743,-0.0763087,0.865683
-126.256,-16.5664,-12.404,0.740636,0,2.8,0,0.53534,-0.0986926,0.838851
-142.941,-21.0256,-25.0989,0.602419,0.115304,-1.42612,0,-0.0734009,0.618673,-0.782212
-128.548,-11.2466,-10.2705,0.632337,0,-3.9,0,0.644659,0.731834,-0.220983
-169.531,-35.6482,-27.2534,-1.48544,-0.234206,-3.2,0,0.120864,-0.722545,-0.680676
-134.438,-0.42825,-14.1374,0.275454,0,1.8,0,0.929708,-0.342045,-0.136556
-160.991,10.4559,-19.889,-0.221335,0,-3.5,0,-0.976221,0.0197449,-0.215875
-149.296,-13.7464,-32.8433,0.400461,0,2.8,0,0.028592,-0.711848,-0.701751
-135.57,8.72625,-10.707,0.176544,0,-1.34194,0,0.849175,-0.00281399,0.528104
-157.374,-3.93488,-32.8779,0.225013,0,1.8,0,-0.957024,-0.204038,-0.206091
-145.599,-4.56256,-33.0366,0.232307,0,3.8,0,0.255919,-0.316294,-0.91349
-145.208,-13.4218,-30.7477,0.401081,0,2.8,0,0.66062,-0.376052,-0.649743
-163.054,4.15994,-26.7735,-0.0641709,0,2.8,0,-0.852573,-0.222356,0.472945
-131.246,-7.56213,-8.906,0.409913,0,4.2,0,0.537346,0.04763,0.842016
-142.872,19.7027,-7.24662,0.0139474,-0.413699,1.8,0,0.283944,0.844519,0.454052
-149.209,-30.036,-26.6497,0.0466135,0,-1.3,0,-0.0355846,-0.771177,-0.635626
-167.723,-18.3611,-9.12838,0.808574,0.0835789,-0.7,0,-0.379495,-0.113532,-0.918202
-145.193,7.85256,-7.79962,0.322765,0,1.81257,0,-0.128781,0.0159338,-0.991545
-152.528,2.69837,-7.76988,0.549839,0,-0.4,0,0.244013,0.257399,0.934988
-153.402,-27.8615,-26.1581,0.345143,0,-1.3,0,-0.853001,-0.517438,-0.0681686
-157.66,10.6679,-14.7825,0.147121,0,4.2,0,-0.407661,0.547013,0.731156
-152.234,10.8719,-2.01588,0.253073,0,1.9,0,0.234533,0.0737811,0.969304
-159.383,-19.8258,-37.642,0.578351,0.106742,-1.3,1,0.420596,0.240042,-0.874916
-160.892,-14.6041,-7.43994,0.355358,0,4.2,0,0.888125,0.368926,0.274093
-135.22,-15.1334,-26.9436,0.635495,0,-0.4,0,0.725987,0.426904,-0.539162
-159.788,6.63938,-10.9026,0.16512,-0.0463358,-0.242164,0,-0.0628726,0.0773666,0.995018
-148.381,1.99775,-35.9416,0.266232,0,4.5,0,0.551126,-0.276884,-0.787143
-139.851,-13.1183,-13.2956,2.00263,0,3.8,0,-0.556199,-0.555446,-0.61816
-151.502,-2.29069,-26.4277,0.356723,0,2.8,0,-0.492051,0.865756,0.091391
-132.326,-21.6809,-7.26844,-0.509505,0,-3.9,0,0.902505,0.337731,-0.267249
-158.787,11.201,-11.439,3.42323,0,-3.9,0,-0.0151401,0.494223,-0.869203
-162.749,1.68819,-10.2526,0.320563,0,2.8,0,-0.914479,0.338333,0.221944
-139.949,13.7732,-25.3371,0.594159,0,2.8,0,-0.188982,0.835225,-0.516415
-163.385,7.2405,-31.0898,0.0907146,0,2.8,0,-0.797683,0.00147543,-0.603075
-136.812,-18.0487,-2.94438,1.47931,0,-0.4,0,-0.24597,-0.271596,0.930448
-165.83,-30.1525,-16.5252,0.975668,0.219259,-4.5,1,0.0921899,0.656381,0.748776
-141.369,-4.49756,-27.7389,0.207775,0,3.72852,0,0.83158,0.110195,-0.544364
-137.47,-21.2396,-19.5614,0.768497,0,-0.7,0,-0.745476,-0.51812,0.419305
-158.157,-16.9425,-15.8198,-0.165111,0,-0.8,0,-0.881267,-0.456981,-0.120571
-156.054,-11.243,-10.7256,0.356816,0,4.2,0,0.60608,0.689012,0.397403
-135.859,13.0568,-22.7054,0.186189,0,2.8,0,0.877219,0.46405,0.123063
-147.148,22.067,-10.672,-1.4899,-0.41836,-3.5,0,0.665596,0.746058,-0.0194901
-133.691,-3.52575,-5.51312,0.282064,0,4.5,0,0.838078,0.429226,-0.336734
-132.509,-23.4225,-7.0795,-1.38705,-0.110643,-3.69587,0,0.715644,-0.663277,0.218901
-162.345,-29.4498,-21.6259,1.47999,0.828942,-4.5,0,0.479597,0.310838,-0.820589
-143.981,4.41175,-1.42575,-0.280583,0,2.31145,0,0.76753,0.395215,0.504681
-136.954,-26.5249,-8.13412,0.768549,0.0503404,-4.5,0,0.532477,-0.761318,0.36995
-139.618,-17.1697,-0.736562,0.830214,0,-3.5,0,0.580768,0.102911,0.807538
-149.546,-7.88662,-20.3638,0.389964,0,2.8,0,0.102669,0.851356,0.514443
-132.139,-12.1884,-4.89375,0.541899,0,3.8,0,0.428166,-0.45444,0.781126
-152.814,18.3681,-11.8888,-0.403388,0,3.8178,0,-0.207619,0.953217,-0.219706
-151.327,-0.697062,-23.3029,-0.228148,0,2.8,0,-0.480948,0.823068,-0.302074
-137.029,-10.323,-0.604,0.36329,0,3.8,0,0.501532,0.558684,0.660559
-130.259,-23.2766,-21.6793,0.409577,0,1.8,0,0.704652,0.206961,-0.6787
-152.721,-3.20069,-20.0428,0.247559,0,2.8,0,-0.189074,-0.527105,0.828499
-135.489,6.21156,-22.5192,0.259289,0,3.8,0,0.811106,-0.576097,-0.101091
-152.507,19.18,-13.6069,-0.130469,0,-0.473874,0,-0.292596,0.920784,0.257962
-130.921,-13.3845,-7.043,0.810665,0,-3.9,0,-0.350659,-0.690653,0.632485
-168.754,-30.8964,-24.8592,0.1307,0,-3.2,1,0.880567,0.39131,0.267355
-152.011,17.7504,-19.1031,0.0656233,0,-3.9,0,-0.643089,0.762519,-0.0707184
-143.025,11.5426,-27.6655,0.569813,0,2.8,0,0.799663,0.164977,-0.577341
-158.116,-8.33687,-26.4505,-0.0446213,0,3.8,0,-0.719995,-0.672609,-0.170892
-144.699,-14.2462,-6.77269,1.10493,0,-0.8,1,-0.878429,-0.41569,0.23572
-136.697,-29.5995,-13.0371,0.52436,0,3.8,1,0.313793,-0.900198,0.301955
-158.933,-13.4408,-33.7034,-0.0174113,0,3.8,1,-0.954625,0.164063,-0.248544
-165.074,-33.8115,-11.4725,-1.28883,-0.0174899,3.8,1,0.695038,-0.701932,0.155609
-134.265,3.85531,-14.361,0.184035,0,3.8,0,0.754405,-0.596976,-0.272932
-134.402,-5.92819,-6.32156,0.397356,0,4.5,0,0.962583,-0.0820647,-0.258263
-156.954,-13.89,-22.5818,0.133471,0,-0.9,0,-0.921083,-0.110327,-0.373409
-135.101,-25.9331,-8.102,0.787287,0,-3.5,0,0.463945,-0.743358,0.481844
-129.055,-12.6834,-19.4486,0.455835,0,3.8,0,0.70208,0.343573,-0.623732
-132.611,-21.0271,-8.7735,-0.767482,-0.281999,-3.5,0,0.57951,0.742123,0.33678
-151.055,4.82106,-2.99994,0.462099,0,1.8,0,-0.982229,-0.165451,-0.0886116
-140.148,-10.6853,-25.3545,0.468557,0,3.8,0,-0.904391,-0.323453,-0.278309
-154.584,-20.5268,-20.8026,0.262108,-0.00162844,-0.9,1,-0.661524,-0.534105,0.52642
-154.492,9.716,-28.803,-0.552237,0,1.8,0,-0.607503,-0.245052,-0.755572
-138.509,-22.6009,-22.5413,-0.144892,-0.207117,-0.7,0,-0.853044,-0.454683,-0.256084
-143.34,11.7915,-30.9876,0.431867,0,-3.5,0,0.804288,0.0906195,0.587289
-136.875,10.7697,-21.1086,0.441628,0,4.5,0,0.849178,-0.0196277,0.527741
-148.437,12.0778,-9.81119,0.0574627,0,-3.5,0,0.804621,-0.444894,-0.393262
-144.524,-2.36144,-31.6704,0.610121,0.663175,0.215157,0,0.836636,0.0420103,-0.546146
-134.373,-28.6558,-10.1156,1.00912,0.0060724,-4.5,0,-0.533804,-0.664235,0.523302
-159.295,-19.1939,-7.97681,0.543587,0,-1.3,1,0.887617,0.280949,0.364971
-148.899,9.68975,-9.92688,0.522296,0,1.84905,0,0.736983,-0.119668,-0.665233
-141.425,-19.5094,-25.3223,0.305394,-0.183702,-0.7,0,-0.890548,0.312416,-0.330635
-156.129,6.38406,-1.82938,0.723792,0,1.9,0,-0.597496,-0.429301,0.677273
-135.962,0.90275,-11.1702,0.202366,0,2.76137,0,0.650681,0.675878,0.346127
-145.661,9.61913,-19.4217,0.372871,0,2.8,0,-0.113653,-0.714347,0.6905
-127.489,-23.2887,-11.668,1.06949,0,-1.6,0,0.302367,-0.0670331,0.950832
-145.333,16.8547,-27.2743,0.517307,0.566015,-4.5,0,0.265715,0.721928,-0.638918
-151.369,-2.20056,-19.7045,0.288091,0,2.8,0,0.284092,-0.0860622,0.954927
-154.213,-20.5865,-32.5985,0.867064,0,-1.3,0,0.926577,0.279093,-0.252115
-158.785,-10.7461,-28.5445,0.169138,0,-0.360603,0,-0.590489,0.270874,0.76023
-144.024,-9.65425,-17.1943,1.31474,0,3.8,0,-0.250109,-0.804367,0.538925
-154.981,-1.34825,-15.2261,0.0325048,0,2.8,0,0.512823,0.510726,-0.690052
-155.635,20.2743,-12.7864,0.317984,0,1.9,0,0.287413,0.883952,0.368811
-147.294,3.35488,-36.6433,0.403207,0,2.8,0,-0.0906631,-0.565916,-0.819463
-132.307,-28.7151,-8.57144,1.05006,0.061824,-4.5,0,0.0964498,0.34478,0.933715
-138.856,-13.6971,-16.5893,2.35844,0,3.8,0,-0.925042,-0.341062,0.167254
-136.983,7.43775,-18.5381,0.294929,0,4.5,0,0.955062,0.290711,0.0578189
-142.271,3.59894,-12.2503,0.861482,0,-0.4,0,-0.809282,-0.291935,0.509741
-148.845,12.0639,-36.2249,0.297772,0,1.9,0,-0.200201,-0.247214,-0.948053
-160.561,0.681625,-8.67425,-0.459195,0,2.8,0,-0.198647,0.0773764,0.977012
-136.957,-22.3708,-23.5484,-0.322876,0,-0.7,0,-0.172634,-0.760086,-0.626471
-128.9,-24.0592,-17.4416,0.0738416,0,-1.6,0,0.717842,-0.187777,-0.670404
-158.778,-8.13169,-27.5479,0.120135,0,3.8,0,-0.62232,-0.77345,0.120386
-158.456,-12.5203,-35.2425,-0.0204131,0,3.92906,0,-0.942951,0.100896,-0.317275
-155.739,12.1753,-0.777,0.220158,0,4.2,0,-0.224177,-0.203548,0.953055
-158.724,-11.7416,-18.9722,0.104946,-0.0463969,-0.9,0,-0.867284,0.305965,0.392689
-168.383,-36.3444,-18.1701,-1.5444,-0.0852026,-4.5,1,0.516987,-0.833319,-0.195713
-158.445,14.1635,-32.82,0.224747,0,-0.4,0,-0.259313,0.630882,-0.731263
-142.206,-31.1653,-13.6601,0.303516,0,1.9,1,-0.74442,-0.479942,-0.464214
-171.009,-41.8328,-23.8727,0.771674,0,-4.5,0,0.689719,0.138066,-0.710792
-149.042,-26.2973,-25.2906,0.155351,0,-1.3,0,0.906036,0.331471,0.263109
-134.389,-6.99625,-16.9517,0.255003,0,2.79761,0,0.535125,0.773252,-0.340181
-147.476,-20.0518,-21.7721,1.33459,-0.242137,-4.5,0,0.728626,0.683205,-0.0483225
-162.009,7.44131,-16.1864,-0.601745,-0.145741,3.8,0,-0.725071,0.175202,-0.666016
-150.844,8.26912,-38.8006,0.0659633,0,4.5,0,-0.433519,0.037746,-0.900354
-136.02,5.91719,-19.5875,0.293214,0,3.8,0,0.927873,0.351402,-0.124777
-160.105,-20.9064,-25.6573,-0.205853,0,-3.25916,1,-0.696459,-0.564477,-0.44307
-134.42,2.22994,-13.4277,0.258394,0,1.8,0,0.93971,0.0785043,0.332841
-146.209,4.56975,-20.4369,0.249427,0,3.8,0,-0.784034,-0.538118,0.309386
-161.036,-18.9937,-37.5565,0.13131,-0.0828871,-1.3,1,-0.405303,0.683819,-0.60673
-137.862,16.2649,-12.4167,0.0872319,0,2.04564,0,0.903882,-0.396278,0.161124
-134.973,-26.9102,-17.2528,-0.0427788,0,2.45525,1,0.47165,-0.873804,0.118375
-154.48,-15.2029,-33.1944,0.53058,0,3.8,0,0.984804,-0.105436,-0.137999
-154.074,3.04606,-15.9667,0.0715534,0,2.59206,0,-0.0303149,-0.504713,-0.862754
-148.087,17.2153,-36.2784,0.240429,0.351949,-0.482984,0,-0.23835,0.751727,-0.614895
-168.107,-36.3626,-12.4724,0.28881,0,4.2,1,0.595115,-0.803417,0.018948
-161.628,-19.7376,-11.333,1.19732,0,-3.5,1,0.60181,-0.695639,-0.392315
-135.512,-24.3371,-5.15675,1.13808,0,-4.11575,0,0.564806,-0.676874,0.472055
-159.787,8.56513,-3.15556,0.187327,0,3.8,0,-0.49854,-0.644133,0.58013
-165.948,12.7292,-26.2756,0.239998,0,-3.2,0,-0.954693,0.159662,0.251137
-156.549,10.9286,-14.1884,0.102543,0,4.2,0,-0.359531,0.466778,0.807995
-153.417,-23.867,-28.6791,0.899257,0.157593,-0.752437,0,-0.0210296,-0.770712,-0.636836
-156.225,-18.1745,-15.595,0.0134038,0,-0.8,0,0.372958,-0.827481,0.419734
-155.161,-25.1995,-24.9179,0.716651,0,-3.5,1,-0.124968,-0.839252,0.529188
-145.937,21.2646,-20.8589,1.67725,0.1895,-3.9,0,-0.088316,0.995285,-0.0400923
-139.157,-15.4797,-16.8783,3.2388,0.0684535,-4.5,0,-0.739835,0.532258,0.411517
-148.126,-27.1528,-26.5419,0.324446,0,-1.3,0,0.79793,0.515245,-0.312777
-157.448,-1.13125,-6.98175,0.272471,0,4.2,0,-0.754194,-0.210732,0.621919
-161.919,-9.63125,-32.0175,0.188255,0,-0.9,0,0.16725,0.908495,-0.382966
-146.663,-6.96037,-20.5458,0.386539,0,3.8,0,-0.447118,0.756788,0.47682
-144.387,-23.1331,-10.6199,0.963205,-0.92539,-0.8,1,-0.776631,-0.516876,0.360116
-141.299,-19.3577,-11.8468,2.49401,0,1.9,0,-0.742555,0.347925,-0.572328
-158.281,-15.2564,-10.2311,0.868291,0,-0.0879215,0,0.188733,0.302069,0.934417
-148.818,21.38,-6.55731,-0.221616,0,-3.5,0,0.199228,0.581501,0.788774
-150.591,18.5349,-2.08744,0.470765,0,-3.9,0,0.033947,0.836327,0.547178
-148.15,16.8736,-31.471,0.156751,0.681673,-3.5,0,-0.438429,0.727717,0.527454
-162.403,-18.328,-23.2455,0.235273,0,-1.3,1,-0.68931,0.661104,0.296298
-142.381,-18.9675,-3.7335,0.905138,0,-3.5,0,-0.68105,-0.354006,-0.640976
-148.876,-24.1613,-25.0026,0.136824,0,-0.7,0,0.828151,-0.559496,-0.03361
-147.134,-2.40094,-12.5026,0.335171,0,4.5,0,0.0300749,-0.0320044,-0.999035
-135.764,-23.1573,-22.9992,0.390808,-0.596822,-0.7,0,0.0663377,-0.438336,-0.89636
-171.102,-36.131,-17.1987,0.191558,-0.0261127,1.37761,1,-0.139341,-0.829813,0.540366
-151.503,7.70388,-5.79537,1.13233,0,1.9,0,-0.488321,-0.631128,-0.602677
-143.21,0.845875,-15.7052,0.272999,0,-3.24541,0,-0.727254,-0.331136,0.601208
-141.441,-18.2696,-22.8689,-0.716071,-0.528503,-2.9447,0,-0.85935,-0.392239,-0.328124
-142.85,-16.2479,-0.0248125,-1.44076,-0.169276,-3.5,0,-0.454252,0.683791,0.571038
-151.542,6.15275,-15.0173,0.364774,0,1.9,0,0.67902,0.426633,0.597425
-128.771,-19.7491,-16.3666,0.642684,0,2.40513,0,0.930695,-0.303648,-0.203974
-166.96,-15.1344,-5.24113,0.126826,0,-0.7,0,0.171912,0.930296,0.324031
-144.85,2.86109,-7.88363,-0.254235,0,-0.4,0,0.165747,0.290157,-0.942516
-156.534,-11.2846,-15.2264,-0.154985,0,4.35802,0,-0.258087,0.966118,0.00255007
-151.185,-6.09331,-35.2091,0.189388,0,4.2,0,0.00522681,-0.449986,-0.89302
-158.16,-7.24875,-34.3021,0.122338,0,4.5,0,-0.444277,0.862571,-0.242052
-168.312,-30.2372,-6.52156,0.561585,0.0965424,-3.5,1,-0.919886,-0.13159,0.369451
-151.31,21.7687,-6.43612,-0.797104,0,-3.5,0,-0.338491,0.923204,0.181982
-158.837,-4.45875,-30.046,0.0813779,0,3.8,0,-0.596339,0.275701,-0.753903
-149.693,-9.23606,-33.4051,0.27828,0,2.8,0,0.223619,0.195536,-0.954861
-142.551,16.2994,-23.3092,0.374872,-0.123664,1.34369,0,0.755664,0.513918,-0.40603
-164.212,-30.5504,-8.23419,0.194002,-0.0603605,-3.36643,1,0.941017,-0.181117,-0.285803
-141.015,5.09363,-29.5567,0.011085,0,3.17428,0,0.96003,0.0732212,0.270151
-153.49,-26.8792,-24.479,0.344611,0,-1.3,0,-0.785606,-0.213651,0.580669
-141.428,-9.97087,-17.6836,1.5968,0,3.8,0,-0.493803,-0.825985,0.271859
-159.439,-17.6822,-21.7709,0.235523,0,-1.3,0,-0.162092,0.326967,0.931031
-138.4,15.088,-18.7955,0.566056,0,1.8,0,0.942096,0.324839,-0.0832757
-169.26,-21.2812,-7.68294,-0.126668,-0.519361,-0.7,0,-0.728828,0.0450804,-0.683211
-135.885,10.2553,-11.5712,-0.168407,-0.0461709,-1.3383,0,0.9516,-0.0596375,-0.301499
-150.651,-2.52494,-13.5288,0.545232,0,2.8,0,0.732312,0.0854635,-0.675585
-148.524,-10.4146,-11.6488,0.826219,0,-3.2,0,-0.404171,0.168212,-0.899083
-140.278,-12.2677,-25.4534,0.482634,0,1.8,0,-0.725402,0.54518,-0.420202
-163.736,8.89125,-11.4792,0.210597,0,-0.7,0,-0.677885,0.690344,0.252779
-144.989,21.1664,-20.0975,1.9387,0,-2.91273,0,0.288267,0.91294,0.288865
-151.412,12.7913,-33.8198,-1.62194,-0.145203,-3.5,0,-0.644585,0.431741,-0.630959
-160.529,-13.0996,-13.2401,0.0317323,0,4.2,0,-0.219855,0.473361,-0.852991
-137.197,5.41869,-22.3614,0.306457,0,3.8,0,0.481173,-0.852375,-0.204767
-171.016,-39.7395,-22.8638,0.600332,0,-4.5,0,0.871655,-0.0728668,-0.484672
-143.414,4.388,-35.7103,-0.0530132,0,2.8,0,0.740063,-0.180076,-0.647981
-132.291,-7.58781,-16.3088,0.326194,0,3.8,0,0.834756,0.547223,0.0610751
-153.098,-28.9034,-24.4009,0.524202,0,-1.3,0,-0.848363,-0.476427,0.230862
-149.507,16.4906,-37.3376,-0.4761,0,1.9,0,-0.435189,0.681515,-0.588344
-143.467,5.42394,-3.578,0.0892691,0,-0.4,0,0.848287,0.199602,0.490477
-146.052,0.45625,-19.8411,0.376013,0,-0.670594,0,-0.796086,-0.247123,0.552429
-136.654,-14.9742,-13.0886,2.10064,0,3.8,0,-0.710804,-0.555267,-0.431782
-124.616,-14.6026,-17.6529,0.62367,0,2.8,0,0.54647,-0.149681,-0.823994
-144.892,-7.42912,-17.0971,0.719463,0,3.8,0,-0.861912,-0.249727,0.441298
-155.377,14.4215,-32.7305,0.238031,0,-0.4,0,0.189524,0.0693494,-0.979424
-139.648,-14.3941,-27.3336,0.690987,0,1.8,0,0.216471,0.12361,-0.968432
-154.88,-2.57312,-6.36675,0.308508,0,4.2,0,0.208432,-0.208846,0.955479
-148.474,-12.5262,-9.4735,0.643772,0,-3.2,1,-0.676659,-0.698694,0.232291
-158.707,6.82981,-30.9538,-0.537586,0,-1.3,0,-0.180796,0.428864,-0.885092
-140.674,-15.1333,-0.978063,0.417922,-0.389485,-0.179109,0,-0.215839,0.130519,0.967666
-150.613,15.9353,-0.0733125,1.40525,0,-3.9,0,-0.392553,0.0207101,0.919496
-142.14,16.9004,-36.2487,0.705781,0.212562,-1.36569,0,0.608025,0.232178,-0.75921
-167.407,-31.9438,-20.029,0.594748,0,-4.5,1,-0.107557,-0.181653,-0.977463
-154.529,-16.8358,-32.0999,0.481937,0,3.8,0,0.804946,-0.0844498,-0.587307
-159.833,2.60188,-15.7845,-0.242185,0,3.8,0,-0.980144,-0.0198181,0.197294
-141.449,-17.2252,-16.0713,2.28261,0,-4.5,0,0.101763,0.507916,0.855375
-134.6,-5.23663,-8.14688,0.192733,0,4.47508,0,0.894813,0.389234,0.218648
-151.547,-23.1046,-19.9132,0.378351,0,-4.5,1,-0.548471,-0.771395,0.322691
-158.407,4.41644,-27.3096,-0.325118,0,4.2,0,0.224785,-0.966607,0.123055
-139.974,-31.6104,-12.6946,0.259187,0,1.9,1,0.552301,-0.832726,-0.0391297
-132.833,-10.1056,-4.64437,0.409929,0,3.8,0,0.548325,0.469472,0.692051
-148.722,20.3095,-21.9583,-0.528772,0,-3.9,0,-0.711401,0.687563,0.14548
-142.151,2.762,-8.8485,0.230542,0,3.71847,0,-0.776461,0.114938,-0.619594
-130.145,-16.6735,-23.1637,1.02018,0.0147137,-4.5,0,-0.495195,0.223642,-0.839504
-143.617,7.83675,-36.4527,0.154813,0,2.8,0,0.57517,-0.63351,-0.517537
-139.556,-19.2285,-27.0084,0.519414,0,-0.7,0,-0.217797,-0.079741,-0.972731
-159.379,13.703,-8.0745,-1.14914,-0.126773,3.8,0,-0.565081,0.463487,-0.682542
-143.597,10.5922,-12.037,0.40522,-0.998923,-0.8,0,-0.638209,-0.598107,0.484725
-151.875,5.03881,-26.2167,-0.141045,0,-1.6,0,-0.301232,-0.679014,0.669477
-151.657,5.28363,-37.4471,0.114008,0,4.5,0,-0.468765,-0.188288,-0.863022
-148.985,5.78325,-21.2558,0.161669,0,3.8,0,-0.278472,-0.914564,0.293301
-162.479,-18.6486,-25.9454,0.100167,0,-1.3,1,-0.912552,-0.0469728,-0.406254
-154.081,-12.4814,-14.5275,0.392946,0,4.5,0,0.662778,-0.1017,0.741878
-144.422,8.54838,-40.7435,0.340354,0,2.8,0,-0.421628,-0.738519,-0.526137
-165.313,-12.0679,-33.7939,0.159505,0,-0.9,0,-0.333029,0.0330098,-0.942339
-144.93,-0.797312,-19.0966,0.408614,0,-3.5,0,-0.852771,-0.296283,0.430114
-172.626,-24.8,-7.97162,2.18318,0.358586,-3.9,0,-0.234299,-0.0826753,-0.968643
-154.447,-4.61469,-8.83919,0.158319,0,4.2,0,-0.249464,-0.96618,0.0652997
-154.298,-8.65975,-17.0831,0.261523,0,4.5,0,-0.575057,0.793581,-0.198844
-155.255,-10.4886,-17.9276,0.385335,0,2.97718,0,-0.541729,0.757554,-0.3642
-170.593,-22.4128,-6.17975,0.372559,-0.0198866,-3.7794,0,-0.25705,0.959714,0.113464
-139.007,13.5379,-26.3711,0.402458,0,2.8,0,-0.406521,0.635971,-0.655958
-160.879,5.58194,-17.7087,-0.506969,-0.0971772,3.8,0,-0.610748,0.134868,-0.780255
-149.487,20.637,-5.93888,-0.414949,0,-3.5,0,0.158167,0.553752,0.817522
-161.528,11.7317,-25.712,-0.0510098,-0.142917,-2.51517,0,-0.0702956,0.617278,0.783598
-136.869,-2.39619,-3.15188,0.202531,0,4.22972,0,0.572656,-0.0266086,0.819364
-143.634,17.8465,-36.8489,0.341594,0,-3.5,0,0.266037,0.223622,-0.937666
-145.111,-7.16644,-2.6265,0.350028,0,3.82667,0,0.154727,-0.505469,0.848858
-157.711,-11.9454,-36.4753,0.0578604,0,3.8,0,-0.340138,0.127347,-0.931713
-144.033,19.7816,-5.75331,0.612739,0.0702752,1.9,0,0.48913,0.831845,0.26227
-160.999,9.672,-21.0026,-0.0789868,0,-3.5,0,-0.882813,-0.254495,0.394809
-135.885,7.19025,-23.9504,0.28979,0,3.8,0,0.868213,-0.340521,-0.360904
-154.631,-18.3433,-18.7666,0.336842,0,-0.892487,1,0.462226,-0.772773,0.434936
-143.547,-10.4221,-18.5849,1.61027,0,4.12068,0,0.0831405,-0.538975,0.838208
-135.06,-27.3306,-15.8604,0.390858,0,3.8,1,0.464529,-0.739895,-0.486589
-129.64,-24.3101,-12.8736,1.01004,0.384008,-3.16507,0,-0.224918,-0.369772,0.901488
-159.021,-19.904,-7.19387,0.537338,0,-1.3,1,0.903884,0.378162,-0.199968
-143.852,11.3357,-29.4745,0.334255,0,-0.35033,0,0.970239,0.242034,0.00740276
-141.897,-12.1415,-24.2356,0.308693,0,4.5,0,0.0894507,0.439387,-0.893833
-155.865,5.65875,-23.678,0.135304,0,4.2,0,0.780576,-0.553072,0.291226
-161.884,-27.877,-3.5005,0.260012,0,-1.3,1,0.730093,-0.674733,-0.108168
-137.394,5.272,-9.37288,0.331333,0,3.8,0,0.7427,0.176483,0.645949
-144.661,-18.7459,-0.252813,1.29609,0.86984,-3.5,0,-0.809843,0.0274543,0.586004
-149.302,18.6819,-28.1368,-0.514731,-0.014804,-3.5,0,0.206855,0.116364,-0.971427
-138.627,-21.9968,-23.6918,0.285531,0,-0.7,0,-0.0515465,-0.992486,-0.110974
-162.971,-28.0583,-1.141,-0.156111,0,-1.3,1,0.547395,-0.788931,0.27919
-144.946,-10.4735,-17.9315,1.4157,0,3.8,0,0.283384,-0.381157,0.880007
-138.762,-6.671,-26.8354,0.251303,0,3.8,0,0.145911,0.537027,-0.83085
-144.201,6.44325,-36.3209,-0.238554,0,2.8,0,0.678432,-0.191456,-0.709277
-169.367,-30.3969,-27.0484,0.326391,0,-3.2,0,0.48909,0.324314,-0.809698
-150.334,-6.76794,-34.1626,0.232876,0,4.2,0,0.423616,-0.501393,-0.754423
-157.82,-19.8088,-10.0088,0.56928,0,-1.6,1,0.222205,-0.923362,0.313092
-126.823,-14.7465,-12.1349,0.555808,0,2.8,0,0.883093,0.0698366,0.463971
-127.998,-19.2159,-18.4172,0.410232,0,-2.78727,0,0.89274,-0.407958,0.191273
-134.411,-3.07763,-20.938,0.279236,0,4.5,0,0.595512,-0.0974776,-0.797411
-147.042,-18.6663,-24.1859,1.17772,0.14191,-4.5,0,0.992541,0.0913066,0.0807852
-169.432,-24.5706,-8.35791,1.43347,0.687276,-3.9,0,-0.368054,0.206445,-0.906596
-142.829,5.89481,-34.9631,-0.0480778,0,2.8,0,0.796639,-0.119858,-0.592453
-153.769,5.69788,-3.27525,0.651003,0,1.9,0,0.414668,-0.908449,-0.0526461
-162.173,7.13125,-9.63075,0.225673,0,-0.7,0,0.199717,-0.00116297,0.979853
-140.372,-17.3328,-26.355,1.00337,0,1.61743,0,-0.531244,-0.377519,-0.758458
-133.715,-4.67994,-13.1667,0.326819,0,4.2,0,0.811992,0.55525,-0.179907
-158.421,-11.7998,-15.2476,0.124871,0,4.2,0,-0.556772,0.599053,-0.575448
-138.855,-13.5292,-26.9581,0.524486,0,1.8,0,0.217889,0.248151,-0.943899
-164.115,-15.0053,-30.5914,-0.106257,0,-0.9,1,-0.662585,-0.403777,0.630829
-158.871,17.8164,-6.81725,0.670959,0,-1.6,0,-0.447805,0.686899,-0.572398
-133.748,-29.4645,-9.18437,1.41701,0.00862364,-4.5,0,-0.733087,-0.0658113,0.676943
-148.98,-7.24525,-1.79087,0.320403,0,4.5,0,-0.591446,0.152627,0.791768
-150.354,-13.7397,-31.2443,0.371486,0,2.8,0,-0.349257,-0.858311,-0.375927
-161.796,-13.6018,-6.69506,0.246804,0,3.8,0,0.215948,0.967851,-0.128959
-149.754,5.33712,-5.26388,0.485937,0,1.8,0,-0.773558,-0.447025,-0.449196
-133.626,-5.02475,-14.9567,0.349095,0,4.2,0,0.928527,0.237696,-0.285199
-172.683,-32.457,-20.808,0.197285,0,1.8,0,-0.484855,0.872818,-0.0557144
-153.96,20.0289,-27.7211,0.195943,0,-3.5,0,-0.259051,0.848323,0.46178
-160.58,-18.2691,-36.4435,-0.859011,-0.402471,-1.3,1,-0.358238,0.789163,-0.498885
-164.244,-31.895,-9.22937,0.519635,0.837651,3.8,1,0.925864,0.0292619,-0.376721
-140.488,-32.0228,-11.6538,-0.24839,0,1.9,1,0.195454,-0.945586,0.260123
-133.391,-6.25625,-13.8015,0.338177,0,4.2,0,0.906055,0.305907,-0.292378
-158.497,6.858,-10.543,-0.86214,-0.0392611,2.8,0,-0.282231,0.194328,0.939458
-156.804,-10.8999,-14.0069,0.241861,0,4.2,0,0.286358,0.892427,-0.348672
-145.402,11.3912,-37.9235,-0.216115,0,2.8,0,-0.974342,-0.189163,-0.121965
-144.625,19.8948,-15.3601,-0.488892,0,-3.2,0,-0.045367,0.757536,-0.651215
-153.042,19.3372,-10.1877,-0.613044,-0.331959,-0.0848188,0,-0.264916,0.859569,-0.436991
-128.462,-18.9773,-21.5689,0.653791,0,-4.5,0,0.628144,-0.614626,-0.477148
-135.62,9.97538,-26.1397,0.247229,0,2.8,0,0.752539,-0.324547,-0.573022
-136.057,-14.0624,-5.43262,0.684328,0,2.22209,0,0.902239,-0.410304,0.132722
-154.601,-9.31513,-34.6771,0.280346,0,4.5,0,0.778359,-0.198566,-0.595591
-168.71,-32.1085,-6.04388,0.389615,0,-3.5,1,-0.941157,-0.0189441,0.337439
-144.362,9.35588,-18.2261,0.565626,0,2.8,0,-0.687348,-0.726255,0.0102981
-131.708,-23.7938,-12.4439,0.823662,-0.244382,-3.4879,0,0.388706,-0.567305,0.725998
-141.566,-16.671,-24.5455,0.923687,0,1.8,0,-0.884236,-0.46526,-0.0407509
-160.745,-9.76444,-30.8486,0.128888,0,-0.9,0,-0.138021,0.95023,0.279307
-144.669,-4.34937,-15.4198,0.386303,0,4.5,0,0.0084021,0.95271,-0.303766
-142.688,17.5669,-17.9624,-0.234605,-0.673605,-2.72547,0,0.540679,0.820539,0.185425
-163.771,-13.9415,-9.51,0.318624,0,4.2,0,-0.779912,0.461455,0.422843
-136.266,15.133,-14.021,-0.301329,0,2.8,0,0.611207,0.390273,0.688559
-144.527,-17.0529,-22.0003,0.95481,0,-4.5,0,-0.0148115,-0.637589,-0.770234
-144.107,9.68125,-8.48837,0.313671,0,2.08122,0,-0.506115,-0.195889,-0.839926
-133.842,7.12406,-15.6,0.22962,0,3.8,0,0.606416,0.595011,-0.527468
-154.703,0.304188,-28.3806,0.105693,0,-0.4,0,-0.413484,0.446672,0.793419
-141.085,-15.95,-0.434312,-0.0419861,-0.86906,-3.5,0,0.210043,0.662799,0.718735
-155.081,-17.4422,-10.4427,1.00934,0,-1.6,0,0.94281,-0.0709249,0.325698
-137.35,15.3171,-22.8096,0.393206,0,2.8,0,0.346279,0.90571,-0.244501
-145.952,-15.697,-3.97825,0.360822,-0.105791,-3.5,0,-0.276024,-0.730529,-0.62461
-136.926,14.5541,-10.0426,0.471823,0,-1.6,0,0.732236,0.648831,-0.206999
-161.597,-21.2418,-5.012,-0.108231,0,-1.3,1,-0.286673,-0.110726,0.951608
-171.276,-35.6439,-13.7538,0.299109,0,4.2,1,-0.984015,-0.15151,-0.0935946
-158.725,-8.96288,-28.4813,-0.538418,0,3.8,0,-0.870813,-0.286988,0.399152
-135.103,-6.1805,-17.1254,0.297837,0,4.2,0,0.875033,0.252766,-0.412827
-152.964,21.6767,-5.96125,-2.4523,-0.0525086,-3.5,0,-0.542608,0.754495,-0.369207
-156.281,15.8948,-12.6031,-0.313725,0,3.41945,0,-0.845342,-0.508606,-0.163456
-150.73,3.62925,-11.0307,0.941644,0.911288,-3.2,0,0.352618,0.74047,0.572158
-153.848,-13.3256,-31.6811,0.119158,0,-0.4,0,0.693392,-0.482001,-0.535614
-145.742,21.4269,-9.9675,-0.0113593,0,-3.2,0,0.105991,0.979896,0.169029
-140.288,-1.61616,-25.0904,0.150075,0,3.8,0,0.680955,0.0746899,-0.728507
-154.482,-5.265,-11.7814,0.230684,0,2.8,0,-0.435207,-0.861339,0.262086
-155.169,-11.7941,-13.1674,0.396307,0,4.2,0,0.796871,0.543774,0.263261
-157.946,5.98513,-31.7283,-0.459497,0,-1.3,0,-0.526776,0.25672,-0.81031
-157.347,-2.2245,-11.5645,0.188598,0,2.8,0,-0.786818,-0.602563,0.133547
-135.088,1.08025,-12.4534,0.302654,0,1.8,0,0.765651,0.365838,0.529094
-141.636,5.24206,-33.4245,0.0687002,0,2.8,0,0.596855,-0.290925,-0.747748
-142.604,-10.1613,-24.441,0.439808,0,4.5,0,0.30609,-0.318907,-0.896999
-139.435,14.3735,-23.6012,0.576536,0,2.8,0,-0.209705,0.912175,-0.352081
-160.99,-18.5121,-21.7755,-0.510108,-0.241004,-1.3,0,-0.191576,0.480815,0.855638
-158.591,-7.71263,-21.467,-0.042002,0,-0.9,0,0.05499,0.822763,0.565719
-144.897,-23.1946,-17.3787,1.02161,0,1.52382,0,0.0184023,-0.959313,-0.281744
-152.402,19.5806,-25.932,-0.0845977,0,-3.5,0,-0.449175,0.803744,0.390176
-128.109,-21.025,-2.097,3.68857,0.13907,-3.9,0,0.999736,0.0210595,0.00922424
-141.577,-19.6765,-0.5505,0.925496,0,-3.5,0,0.190024,-0.706089,0.68215
-136.377,-22.1926,-3.77125,0.625369,0,-4.32849,0,-0.232914,-0.192396,0.953276
-142.946,-21.6977,-18.7853,0.480455,0,1.8,0,0.816975,-0.558995,-0.14169
-161.15,-13.4637,-3.966,0.27313,0,3.8,0,0.32572,0.883199,0.337441
-137.606,-28.1625,-8.673,-0.814909,-0.388905,1.9,0,0.312742,-0.595706,0.739815
-129.288,-14.579,-21.0701,0.52883,0,3.8,0,0.423187,0.642062,-0.639272
-155.331,-16.1354,-13.6442,0.423023,0,1.43926,0,0.940607,-0.334071,-0.0604636
-163.303,-27.9167,-13.4056,0.400758,0,3.8,1,0.696456,-0.0787745,-0.713263
-142.758,12.8545,-40.1035,-0.159344,0,2.8,0,0.425118,0.36106,-0.830006
-151.805,-5.99269,-12.3734,0.408231,0,3.59241,0,0.0787256,-0.545673,-0.834292
-150.215,-4.24925,-5.917,0.567398,0,-0.4,0,-0.402901,-0.37887,0.833144
-148.603,16.0012,-38.8148,0.244954,0,1.9,0,-0.193064,0.40853,-0.892093
-145.594,-12.6152,-18.3173,2.02081,0,1.77482,0,0.574029,0.0858912,0.814318
-151.334,-7.52631,-20.1239,0.536638,0,2.8,0,-0.135168,0.833299,0.536043
-157.73,17.8244,-22.4206,0.277878,0,-3.2,0,-0.52081,0.754788,0.398812
-155.309,-19.2627,-19.6965,0.375769,0,-0.9,1,-0.193383,-0.841575,0.504336
-157.334,-14.5996,-21.3507,0.35101,0,-0.9,0,-0.871606,-0.42184,-0.249708
-127.337,-15.6045,-9.47075,4.16402,0,-3.9,0,0.353644,-0.870849,-0.341406
-131.941,-9.68713,-8.43844,0.477064,0,3.8153,0,0.741597,0.433689,0.511808
-158.954,2.37394,-29.9136,0.0423791,0,2.8,0,0.295742,-0.887306,0.353871
-150.927,-4.51781,-13.8971,0.389736,0,2.8,0,0.61233,-0.501984,-0.610789
-131.754,-28.4303,-15.1754,0.723822,0,-4.5,1,0.114356,-0.64372,-0.756669
-153.114,-7.0945,-9.031,0.30668,0,3.8,0,-0.955782,0.0241676,0.293082
-147.079,-29.0317,-25.235,0.689768,0.32746,-1.3,0,0.961569,0.271925,0.0379846
-146.556,12.8932,-37.2238,0.159912,0,1.9,0,-0.515053,-0.718208,-0.467864
-132.815,-26.6926,-20.3735,0.563572,0,1.8,0,0.131362,-0.93771,-0.321626
-152.677,-28.1685,-27.2514,0.324546,0,-1.3,0,-0.507629,-0.690326,-0.515522
-173.246,-31.0164,-24.1934,0.056603,0,-3.2,0,-0.978194,-0.206985,0.0171217
-161.034,10.7776,-31.7344,-0.131658,-0.332335,2.38332,0,-0.109535,-0.123079,-0.986333
-155.764,-0.60175,-32.2479,-0.195104,0,-1.3,0,-0.899973,0.322748,0.293055
-154.074,-9.80863,-14.9873,0.305773,0,4.5,0,-0.481333,0.489591,0.727062
-155.273,-13.7755,-36.7091,0.162251,0,3.8,0,0.51126,-0.177904,-0.840811
-163.637,-17.9745,-3.02369,0.170264,0,3.8,0,0.0523148,-0.110127,0.99254
-140.801,7.03381,-33.5054,0.213216,0,2.8,0,0.458186,-0.522149,-0.719323
-136.911,-18.4265,-27.4128,1.2271,0.74183,-0.4,0,0.218968,-0.412618,-0.884194
-152.765,4.9705,-34.7485,-0.0681561,0,4.5,0,-0.758027,-0.0917336,-0.64574
-149.131,5.23694,-1.14506,0.490374,0,1.8,0,-0.18106,0.250669,0.95099
-150.439,3.19294,-37.1106,0.212808,0,4.5,0,0.0647467,-0.0853926,-0.994241
-145.309,22.3385,-13.7649,0.388405,0,-3.2,0,-0.415919,0.821629,-0.389792
-163.387,8.72775,-29.8066,-0.317281,-0.348723,1.40469,0,-0.915017,0.277786,-0.292539
-144.119,-12.3231,-12.2049,1.40746,0,-2.01487,0,0.334595,-0.511026,-0.791769
-156.256,12.8845,-32.8926,0.719894,0.251408,-0.4,0,0.330963,-0.271882,-0.903628
-162.424,5.26825,-11.2131,-0.470228,-0.0231263,-0.7,0,-0.503359,-0.796064,0.336024
-138.365,-10.9981,-27.5277,0.415941,0,3.8,0,0.213771,-0.78162,-0.585979
-155.544,-19.3335,-10.4008,0.550782,0,-1.6,1,0.670501,-0.705834,0.228533
-147.437,19.1809,-15.9959,-0.745472,-0.768434,-3.0058,0,0.446142,0.892265,-0.0694321
-144.174,8.72987,-2.54681,0.149727,0,2.09306,0,0.962397,0.231186,-0.142635
-143.234,10.1615,-30.8438,0.146631,0,1.90389,0,0.680883,0.416518,0.602421
-144.574,2.51513,-33.1945,0.192244,0,2.8,0,0.798029,-0.585036,-0.144506
-140.303,7.8845,-24.8131,0.414704,0,1.1049,0,-0.0328927,0.330968,-0.943069
-174.452,-23.305,-7.43325,2.58475,0.175205,-3.9,0,-0.591673,0.596643,-0.542162
-169.54,-36.1649,-10.2971,0.248769,0,4.2,1,-0.174475,-0.753827,0.633485
-151.629,-23.1225,-20.9805,0.246985,0,-4.5,1,-0.34037,-0.940251,0.00876987
-142.233,8.07712,-25.671,0.0584013,0,-0.970603,0,0.72469,0.404827,-0.557619
-145.576,11.9177,-10.9668,-0.875968,-0.789599,-0.8,0,-0.646716,-0.755276,0.106381
-160.225,-23.3067,-3.55525,-0.0807672,-0.00151094,-1.3,1,-0.225827,0.32145,0.919604
-152.258,-9.52287,-7.13662,0.370841,0,3.8,0,-0.435898,-0.196027,0.878389
-166.634,-21.1504,-13.4721,-1.89063,-0.450335,-3.5,0,-0.817098,-0.091489,-0.569192
-147.084,15.0123,-38.595,0.818766,0,1.9,0,0.28153,0.311184,-0.907692
-160.419,-25.6425,-9.89888,2.12361,0.823053,-4.5,1,0.908349,-0.312016,-0.278473
-141.563,5.92919,-28.6628,0.149648,0,4.2,0,0.945304,0.322487,0.0490205
-147.401,1.84769,-22.6157,1.01524,0,-0.4,0,-0.796441,0.348638,0.494098
-147.693,-6.718,-13.5632,0.535201,0,4.5,0,-0.475051,-0.349508,-0.807571
-134.82,-21.8709,-23.548,-0.675333,-0.754228,-0.7,0,0.737924,-0.290767,-0.609034
-144.28,-15.9596,-22.5824,1.62112,0.0239697,-4.5,0,0.325019,-0.687844,-0.649025
-140.068,-15.8075,-17.8347,2.5012,0,-4.5,0,-0.101103,0.871054,0.48067
-135.116,0.378375,-16.1531,0.304987,0,1.8,0,0.946396,0.152188,-0.284911
-153.499,7.78762,-1.11437,0.412699,0,1.9,0,0.111816,-0.208955,0.971512
-171.036,-34.4147,-28.2741,-2.31804,-0.384437,-3.2,0,-0.246274,-0.154439,-0.956817
-163.546,7.11875,-13.6652,0.301408,0,-0.7,0,-0.92112,-0.0739834,-0.382183
-174.349,-25.9471,-4.82381,1.3428,0,-3.9,0,-0.809845,-0.516759,0.27769
-132.528,-23.9031,-11.06,0.257824,0,-3.5,0,0.791285,-0.587717,0.168689
-153.475,-3.23569,-16.9119,0.352605,0,2.8,0,0.257176,0.412422,-0.873939
-142.948,-21.1555,-9.37387,1.2749,0,-3.5,0,-0.699928,0.71253,-0.0490169
-156.576,16.3339,-25.7682,-0.519813,0,-3.2,0,-0.297049,0.615079,-0.730369
-141.264,-26.7199,-4.73575,1.10398,0,-4.5,0,-0.987803,-0.141059,-0.0659314
-156.635,-16.1086,-21.5109,0.10989,0,-0.9,0,-0.970823,0.034517,0.237298
-166.425,-29.5086,-17.8596,1.31794,0,-4.5,0,-0.446279,0.861709,0.24144
-159.119,-13.2406,-9.75,0.476291,0,4.2,0,0.376015,0.112629,0.919743
-161.531,11.0063,-17.9083,-1.63377,-0.0681797,-3.5,0,-0.990953,-0.0991202,0.0904813
-140.202,-14.1682,-0.371312,0.359838,0,3.8,0,-0.558454,-0.411388,0.72034
-146.343,8.23425,-37.0494,0.320397,0,2.8,0,-0.33534,0.238186,-0.91149
-138.957,15.0485,-22.4249,0.819669,0,2.8,0,-0.09466,0.845181,-0.526031
-152.774,7.76569,-36.6733,-0.0163191,0,4.5,0,-0.932851,0.184949,-0.309166
-157.275,-9.11119,-36.8434,0.11534,0,4.5,0,0.339878,0.188046,-0.921478
-163.873,-12.7343,-12.3256,0.210809,0,4.2,0,-0.751598,0.583222,-0.308144
-127.547,-12.9228,-12.3217,0.622073,0,-2.81816,0,0.711379,0.604346,0.358755
-157.788,-2.29781,-8.98725,0.295181,0,3.02112,0,-0.665522,-0.732243,0.144571
-154.605,6.77163,-23.4737,-0.12345,0,3.16817,0,0.321619,-0.930557,0.174999
-151.127,20.2127,-28.8531,-0.183118,0,-3.5,0,0.439644,0.809265,-0.38962
-146.372,21.9434,-18.9756,2.64244,0.690806,-3.9,0,0.182184,0.98015,0.0781997
-145.061,18.5185,-32.0163,-1.72159,-0.189856,-3.5,0,0.249882,0.691063,0.678227
-163.398,-15.442,-29.814,-0.00623295,0,-0.9,1,-0.622942,-0.166138,0.764422
-149.799,-29.6276,-22.6985,0.152935,-0.0589906,-1.3,0,0.11988,0.0850896,0.989135
-147.735,17.9414,-1.75637,3.30982,0,-3.9,0,0.355282,0.934288,-0.0296904
-143.852,6.20738,-1.85312,0.178975,0,2.8,0,0.904354,-0.247314,0.347821
-142.141,16.3871,-5.37537,-0.102485,0,1.83571,0,0.330331,0.087028,0.939844
-161.357,-13.5673,-8.04,0.302989,0,4.2,0,0.340218,0.63733,0.691421
-128.65,-14.3458,-6.63088,2.1291,0,-3.9,0,-0.0893298,-0.3566,0.929977
-159.766,-11.0145,-20.0666,0.376508,0,-0.9,0,-0.737839,-0.114197,0.665246
-161.019,-15.9799,-28.5767,-0.223458,0,-0.9,1,-0.623807,0.323449,0.71151
-138.808,-30.0352,-1.73475,1.63915,0.81277,-4.5,0,-0.0547749,-0.670649,0.739749
-151.724,21.5107,-8.6295,-0.438615,0,-3.5,0,-0.871476,0.481227,-0.0946097
-173.728,-41.4396,-23.3579,0.732587,0,-4.5,1,-0.591224,-0.30676,-0.745891
-144.576,15.4846,-3.63475,-0.167821,0,1.9,0,0.654731,-0.229047,0.720322
-160.387,-25.782,-6.07987,0.789384,0.522229,-1.3,1,0.434122,-0.837162,-0.332713
-149.594,-0.133875,-36.558,0.251366,0,4.5,0,0.531444,-0.164769,-0.830914
-144.426,10.2358,-2.94631,0.146422,0,2.46469,0,0.991435,-0.130531,-0.00439063
-147.487,-18.8668,-23.0094,1.09491,0,-4.5,0,0.877363,0.135067,0.460424
-140.31,-21.4483,-26.3145,0.391742,0,-0.7,0,-0.220411,-0.510168,-0.831353
-154.545,6.88912,-33.4336,-0.6601,-0.497169,-3.5,0,-0.494708,0.210493,-0.843182
-139.61,16.8921,-15.538,0.164241,0,1.8,0,0.0156466,0.917827,-0.396672
-153.508,4.56112,-9.88075,-0.314079,-0.198645,-0.4,0,0.21411,0.804961,0.553349
-139.656,5.70988,-31.702,0.321338,0,2.8,0,0.9903,-0.121737,0.0669825
-158.167,-16.7399,-9.20906,0.679958,0,-1.6,0,0.0580451,0.448178,0.892058
-149.352,9.36975,-17.9481,0.161696,0,3.8,0,0.231233,-0.814068,0.532752
-144.587,-23.6744,-15.7917,0.463191,-0.299501,-0.8,0,-0.351262,-0.840212,-0.413109
-148.751,22.8673,-6.9635,-0.0888267,0,-3.5,0,0.330056,0.610669,0.719824
-137.336,0.661,-5.488,0.222327,0,4.2,0,0.990425,0.0820947,-0.110992
-136.165,-11.0837,-25.8549,0.439404,0,3.8,0,0.79289,-0.346751,-0.501089
-151.654,7.02238,-37.6789,0.0875877,0,4.5,0,-0.7021,-0.19807,-0.683977
-137.605,-15.3967,-27.3863,1.35475,0,1.60831,0,-0.112597,0.177172,-0.977718
-134.991,-17.914,-7.52681,0.584188,-0.0261083,-4.46766,0,0.616746,0.785361,0.0532231
-136.376,-14.1341,-26.7027,0.888211,0,-0.4,0,0.355956,0.610193,-0.707785
-167.64,-30.1095,-18.3268,0.705127,0,-4.5,1,-0.625155,0.772571,-0.110973
-144.319,-23.3195,-23.8589,0.622992,0,-4.5,0,0.316184,-0.920459,-0.229747
-162.725,5.74506,-15.3026,-0.54753,-0.817458,3.8,0,-0.858433,-0.491567,-0.146473
-172.778,-38.432,-24.189,0.35827,0,-4.5,1,-0.36485,-0.0565996,-0.929344
-138.122,-29.478,-10.2285,0.1324,0,1.9,1,0.457767,-0.79191,0.404138
-131.947,-5.517,-11.2362,0.343624,0,4.2,0,0.757059,0.519667,-0.395989
-130.433,-31.7759,-9.83681,1.27938,0.0040659,-4.5,0,0.509402,-0.769374,0.385452
-157.538,17.8891,-2.2205,0.247005,0,-1.6,0,-0.0285581,0.610917,0.791179
-153.679,3.78962,-27.3821,0.210314,0,-0.825883,0,-0.160679,-0.822319,0.545869
-159.512,6.22475,-19.9346,-0.0839755,0,3.91141,0,-0.833908,0.385837,0.394622
-141.278,-18.6549,-6.10025,1.108,0,1.9,1,-0.973572,-0.227382,-0.0213241
-146.16,12.0556,-15.3094,0.00214214,0,2.8435,0,-0.398625,-0.287813,0.870782
-160.465,-21.0384,-31.0986,-0.395698,-0.166591,-3.5,1,-0.759882,-0.644811,-0.0824574
-145.298,19.8102,-17.5064,0.283998,0.0571839,-3.56056,0,0.347133,0.78388,0.514811
-162.982,-28.4944,-8.04012,0.266107,-0.0883461,-3.46972,1,0.724352,-0.63097,-0.277833
-147.573,-24.3099,-19.9685,0.766191,0,-4.5,1,0.216608,-0.965998,0.141167
-152.98,6.87594,-23.5662,-0.307742,0,-0.9,0,-0.352249,-0.925859,0.136769
-174.26,-38.1377,-23.0522,0.49556,0,-4.5,0,-0.745876,0.257504,-0.614297
-166.124,-17.2684,-11.1497,0.216265,0,-3.5,0,-0.85359,0.504528,-0.129754
-139.208,-21.1669,-16.5567,1.05138,0,-0.8,0,-0.0727115,-0.368854,-0.926639
-142.648,18.3757,-15.5454,-0.387507,0,-3.24607,0,0.597854,0.69006,-0.407906
-144.591,19.3225,-33.7763,0.153998,0,-3.5,0,0.195948,0.842797,0.501297
-144.791,9.67581,-15.4853,0.340493,0,2.8,0,-0.66826,-0.658328,0.346458
-155.977,-18.5481,-34.4174,0.209638,0,-1.3,0,0.789706,0.243153,-0.563242
-161.63,-17.4464,-12.6149,0.842481,0.533744,-3.27832,0,0.0468366,0.120841,-0.991566
-134.546,-1.69419,-11.2842,0.253961,0,3.8,0,0.97574,-0.0584202,-0.210992
-161.471,14.7144,-28.3204,0.25767,0,-3.2,0,0.574365,0.760716,-0.30235
-161.303,1.21669,-12.4854,-0.0381351,0,2.8,0,-0.735081,0.379743,-0.561651
-154.602,-21.1966,-34.4519,0.352506,0,-1.3,0,0.708704,-0.321499,-0.627994
-143.496,17.5565,-25.1149,0.780825,0.729759,-4.5,0,0.822077,0.491553,-0.287343
-132.018,-12.0343,-20.7858,0.574452,0,4.17562,0,0.666938,0.641124,-0.379675
-159.721,-17.2406,-33.7881,-0.149483,0,-1.3,1,-0.868346,0.495496,0.0214275
-135.696,13.4401,-17.017,0.215045,0,2.8,0,0.38986,-0.0752618,-0.917794
-154.711,-14.3518,-14.7629,0.754685,-0.598914,-2.38759,0,0.801624,-0.246629,0.544585
-133.944,-5.7165,-3.77544,0.329325,0,4.5,0,0.827056,-0.116292,0.549959
-166.792,-17.8409,-3.33431,-0.463511,-0.253676,3.55447,0,-0.310426,0.134451,0.941041
-128.518,-26.2267,-15.1498,0.695104,0,-1.6,0,0.156371,-0.907211,-0.390533
-146.882,-12.426,-15.899,1.26782,0,-3.2,0,0.56503,0.663638,0.49023
-159.731,12.4333,-10.4517,3.56135,0.0352117,-3.9,0,-0.454476,0.749675,-0.481081
-156.876,-19.7418,-23.3533,0.151542,0.00754589,-3.5,1,-0.0396153,-0.643227,0.76465
-144.507,-19.4935,-14.9952,1.4261,0,-2.81943,0,-0.215944,0.593068,0.775654
-158.373,-21.752,-22.819,-0.35752,-0.934474,-3.5,1,0.0939335,0.0902656,0.991478
-140.696,-4.18494,-26.2791,0.212813,0,0.858273,0,0.814655,0.303911,-0.493938
-142.064,-20.4572,-7.881,1.16939,0,0.413247,1,-0.759316,0.613101,0.21805
-157.944,3.21306,-24.6342,0.0839387,0,4.2,0,0.19392,-0.853617,-0.483459
-171.615,-44.3111,-20.244,0.906919,0.0180923,-4.5,0,0.672995,-0.463725,0.576226
-128.399,-11.8252,-18.6513,0.385062,0,3.8,0,0.712259,0.375001,-0.593347
-143.596,15.3968,-37.7682,0.75192,0,2.8,0,-0.0567685,0.791212,-0.608901
-140.384,19.5267,-14.5048,0.380217,0,-3.2,0,0.505973,0.16503,-0.846615
-152.854,6.72219,-21.4971,0.0656369,0,0.321037,0,-0.131286,-0.99084,0.0316182
-170.57,-28.477,-24.9564,-0.494196,0,-3.2,1,0.512438,0.81693,0.264636
-140.098,-18.566,-14.7762,2.63146,0.834172,-0.910751,0,-0.647892,0.556944,0.519662
-165.011,-33.1293,-9.41337,0.268084,-0.818742,-3.5,1,0.402736,-0.885758,-0.230729
-150.649,6.66169,-2.15994,0.441702,0,1.8684,0,-0.30623,-0.233948,0.922763
-127.414,-15.1702,-22.7819,1.16953,0.375513,-4.5,0,0.407322,0.848852,-0.336955
-156.285,13.0477,-17.1528,0.2839,0,4.2,0,-0.503012,0.862879,-0.0491708
-142.751,-7.09037,-30.5373,0.254941,0,3.8,0,0.509012,-0.220411,-0.832061
-155.189,-11.7559,-35.2439,0.116631,0,3.8,0,0.869003,0.299444,-0.393913
-138.141,1.03731,-2.36087,0.221892,0,4.2,0,0.284745,0.446744,0.848139
-141.503,-2.20625,-0.687688,0.227599,0,3.8,0,0.543855,0.275974,0.792502
-161.401,13.7801,-26.6472,-0.107191,0,-3.2,0,0.334643,0.591346,0.733705
-145.581,-17.5195,-21.3612,1.16888,0,-4.5,0,0.0177636,-0.817707,-0.575361
-141.449,-20.4958,-4.47619,0.893369,0,-3.5,0,-0.725723,-0.469747,0.502657
-144.176,-22.5576,-18.7569,0.829298,0,1.8,0,0.49192,-0.847531,-0.199263
-154.314,-5.2655,-14.0225,-0.504159,0,2.8,0,-0.0280999,-0.995698,0.0882953
-134.947,-6.582,-18.7187,0.168741,0,-0.8,0,0.901053,0.385984,0.197788
-156.633,17.483,-29.89,-0.0158942,0,-3.5,0,-0.958624,-0.0683464,0.27635
-130.565,-13.8362,-8.54844,1.56072,0,-3.9,0,-0.748073,-0.632548,0.200676
-143.232,9.47547,-27.1029,0.408361,0,2.8,0,0.93071,-0.038782,-0.363696
-139.803,8.22147,-6.87813,0.221712,0,4.5,0,0.638915,-0.38775,0.664407
-146.254,20.6248,-25.2914,0.218892,0,-3.5,0,0.709218,0.569853,-0.415063
-142.131,3.13894,-2.88862,0.170891,0,1.03742,0,0.609148,0.58088,0.539923
-145.643,13.6745,-12.466,0.128988,-0.970171,-0.8,0,-0.750987,-0.430183,-0.50096
-137.233,-15.7972,-8.4285,0.797832,0,1.01359,0,0.98526,-0.119635,0.122271
-143.036,-20.308,-2.81616,1.01934,0.974048,-3.5,0,-0.422829,-0.701206,-0.574043
-166.24,-30.326,-14.5168,0.416763,0,3.8,1,0.379395,0.268431,-0.88544
-140.155,17.0836,-16.8241,0.113536,0,1.8,0,0.207172,0.977394,0.0421861
-159.882,16.4005,-5.09925,0.0345507,0,-1.6,0,-0.865525,0.472229,-0.16693
-137.748,-24.7611,-18.9758,-0.289358,0,-0.7,0,-0.997261,-0.00353923,0.0738717
-150.045,10.7957,-36.384,-0.0526062,0,2.35644,0,-0.254809,0.756991,-0.601695
-133.734,-17.6538,-23.0847,0.8095,0,-0.7,0,0.496644,-0.236462,-0.835123
-150.63,-1.054,-27.2967,0.326208,0,1.8,0,-0.645469,0.43254,0.629507
-153.212,9.49763,-7.0515,0.175396,0,-3.9,0,-0.188859,-0.943261,-0.273112
-167.637,-30.5837,-19.2419,0.827248,0,-4.5,1,-0.708788,0.507277,-0.490193
-161.783,9.50175,-21.8727,-0.116967,0,-0.7,0,-0.418613,0.486363,0.766951
-147.439,14.4664,-13.9646,1.24467,0,-3.33992,0,0.480877,-0.849776,0.215958
-154.735,9.27381,-6.08106,0.236096,0,-3.9,0,-0.00699136,-0.868298,-0.495994
-147.479,-11.4201,-5.94984,1.05772,0,4.5,1,-0.773746,-0.631854,0.0455901
-141.885,-1.61856,-14.3069,0.420949,0,2.5,0,-0.954027,-0.213158,-0.210706
-169.066,-19.0876,-4.88784,0.161146,0,-0.7,0,-0.688961,-0.109813,0.716431
-163.009,-27.7256,-10.8376,0.459142,0,3.8,1,0.769207,-0.633085,0.0867414
-155.685,12.4483,-14.7078,0.139113,0,4.2,0,-0.530224,0.456275,0.714616
-165.023,-24.745,-4.3715,0.122373,0,-2.00049,1,0.508558,0.738711,0.442351
-140.927,6.64594,-6.91744,0.154241,0,4.5,0,0.558605,-0.210673,0.802233
-138.173,-14.3247,-13.6375,2.42115,0,3.8,0,-0.467001,-0.818345,-0.334994
-161.43,13.6999,-29.2586,0.281052,0,-3.2,0,-0.075022,0.744552,-0.663336
-153.816,-9.9785,-20.191,0.588049,0,2.8,0,-0.639078,0.636595,0.431655
-146.389,-5.443,-32.0631,0.247953,0,3.8,0,0.284382,-0.686464,-0.669249
-137.58,-26.1964,-3.54456,1.40804,0,-4.5,0,0.500433,0.286083,0.817144
-157.679,-3.87663,-26.8704,0.0766423,0,3.8,0,0.17966,0.849969,0.495252
-145.448,-6.10525,-15.8435,0.570457,0,4.07052,0,-0.981225,0.0150684,-0.192279
-160.17,-12.8322,-28.284,0.20232,0,-0.9,0,-0.472011,0.17054,0.86494
-162.558,-18.6126,-3.15075,0.224676,0,3.8,0,-0.0266728,-0.569645,0.821458
-148.117,9.77506,-1.52494,-0.140229,0,-3.21504,0,-0.591619,0.0161984,0.806055
-135.598,-2.3715,-7.5725,0.286278,0,3.8,0,0.615877,0.51888,0.592841
-135.273,-17.4182,-25.4112,0.400338,0,-0.4,0,0.838765,-0.437205,-0.324538
-144.786,13.1781,-1.255,0.476678,0,2.8,0,0.262311,0.961928,0.0767331
-143.805,9.241,-4.20425,0.672385,0,1.9,0,0.736373,0.0833056,0.671428
-144.499,-19.6503,-1.44694,0.755587,0,-3.5,0,-0.829537,-0.542625,-0.132011
-145.239,16.7739,-31.0539,-0.10717,-0.161527,-3.5,0,0.493721,0.60851,0.621253
-143.36,-15.9379,-9.78247,0.528817,-0.789175,-0.8,0,-0.0367014,-0.383866,-0.922659
-159.374,1.2825,-8.41375,-0.0941996,0,2.8,0,-0.153951,0.157085,0.975512
-143.936,14.3201,-4.637,-0.778089,0,1.9,0,0.350132,0.106611,0.930614
-157.19,-2.295,-32.5733,0.177487,0,1.8,0,-0.894467,0.422973,0.144994
-138.881,-7.83012,-1.66875,0.344001,0,3.8,0,0.376279,0.627656,0.681515
-144.789,-20.8722,-12.7527,1.46345,0,-0.8,0,-0.301866,0.827337,0.473699
-160.145,1.66963,-30.7868,0.332966,0,2.8,0,0.110448,-0.805119,-0.582739
-154.466,18.5796,-27.051,0.555902,0,-3.5,0,-0.474524,0.398752,0.784745
-139.816,-23.7751,-4.58894,1.12597,0,-4.5,0,-0.271837,0.450214,0.850536
-160.335,1.26762,-29.5446,0.21433,0,2.8,0,0.347473,-0.937292,0.0272995
-166.988,-21.7139,-9.35175,0.562718,0,-4.5,0,-0.554431,0.555814,-0.619416
-150.781,-19.7769,-17.8768,1.02398,0,1.8,1,-0.928003,0.0777181,0.364376
-138.832,19.9276,-13.6719,-0.0657735,0,-3.5,0,0.270574,0.735943,-0.620627
-159.891,8.635,-10.8135,0.757015,0,-0.7,0,-0.221155,-0.230963,0.947495
-163.995,-29.6495,-11.0441,0.441126,0,3.8,1,0.907959,-0.341271,0.243197
-145.646,3.50325,-18.4665,0.107093,0,-3.2,0,-0.983893,-0.149861,-0.0974512
-145.454,12.4788,-40.616,0.40136,0,2.8,0,-0.615605,0.462552,-0.638025
-156.219,3.61606,-18.4471,0.101573,0,3.8,0,0.906334,-0.359552,-0.221992
-131.113,-10.9316,-7.19369,0.513054,0,3.8,0,0.717242,0.683666,0.134773
-155.157,0.291,-15.2762,0.371264,0,2.8,0,0.693453,-0.201247,-0.691825
-146.069,1.23284,-11.5823,0.269118,0,4.5,0,0.607066,0.77221,-0.187515
-136.136,-27.52,-9.74575,0.476642,-0.320197,2.97731,0,0.359351,-0.572686,0.736816
-165.2,-16.5101,-11.7913,0.361255,0,-3.5,0,-0.734622,0.60685,-0.303419
-127.504,-18.2811,-12.3919,0.656593,0,2.8,0,0.175122,0.08593,0.98079
-159.116,11.8149,-23.6201,-0.268309,0,-0.8,0,-0.540509,0.771513,0.335587
-136.52,-14.7997,-3.73544,0.769428,0,2.78234,0,0.98833,0.0887573,0.123799
-142.501,2.56075,-1.26672,0.285871,0,1.8,0,0.793887,0.420632,0.439105
-164.248,-15.0293,-12.4288,0.420613,0,4.2,0,-0.832099,0.14035,-0.536575
-153.143,-1.1525,-34.752,0.136278,0,4.5,0,-0.377511,-0.117438,-0.918528
-156.682,-0.041875,-17.1978,0.408136,0,2.8,0,0.640124,-0.181799,-0.746452
-154.438,18.4787,-3.69128,0.176577,0,-3.5,0,-0.590505,0.53663,0.60277
-150.862,21.3791,-10.1685,-0.568131,0,-3.5,0,-0.817657,0.315542,-0.481529
-153.908,0.178813,-7.43181,0.754671,0,4.2,0,0.344017,0.393719,0.852431
-134.112,-7.20612,-21.6147,0.309645,0,-0.8,0,0.675534,0.419489,-0.606369
-164.307,12.3891,-28.6604,-0.593902,0,-3.2,0,-0.468457,-0.205012,-0.859371
-140.535,6.3265,-25.6625,0.311607,0,3.8,0,0.6026,-0.191094,-0.774827
-155.228,9.269,-12.4775,-0.647818,0,-0.4,0,0.615148,0.629769,0.474324
-166.246,-33.7497,-13.7817,0.389631,0,4.2,1,0.878441,-0.0127054,-0.477681
-145.27,-1.02594,-3.14806,0.171819,0,0.757069,0,-0.521499,-0.163111,0.837516
-157.151,1.26044,-8.2025,0.402024,0,3.58376,0,-0.202732,0.490622,0.847461
-139.002,-20.5035,-26.5619,0.428839,0,-0.7,0,0.16882,-0.314487,-0.934129
-136.557,-27.1026,-4.23325,1.45116,0,-4.5,0,0.942452,0.269027,0.198518
-135.119,7.44519,-10.7452,0.195112,0,3.8,0,0.491078,0.509053,0.7069
-155.441,17.73,-3.604,0.836971,0,-3.5,0,0.0602701,0.874144,0.481913
-172.383,-27.0514,-5.46356,1.15475,0,-3.9,1,-0.243481,-0.946403,0.212223
-138.354,-20.4762,-17.5266,1.08251,0.704743,-4.5,0,-0.440765,-0.8542,-0.275804
-137.269,-28.84,-16.2801,0.422514,0,3.8,1,0.0248735,-0.679979,-0.732809
-146.27,-15.787,-25.2288,1.44276,0,-0.8,0,0.493565,-0.82905,-0.262813
-158.868,-8.02119,-30.4491,0.536725,0,4.36858,0,-0.939635,0.0558284,-0.337594
-138.684,-23.3183,-20.9999,-1.42952,-0.0485955,-0.7,0,-0.95129,-0.0183791,0.30775
-137.14,-16.0729,-15.3938,2.88529,0,-4.5,0,-0.452824,-0.0376057,0.890807
-143.568,11.758,-2.795,0.139286,0,2.35356,0,0.966681,0.245234,0.0733989
-157.889,-18.2516,-21.0847,0.195961,0,-1.3,0,-0.464971,-0.357667,0.809862
-153.221,-7.53441,-21.5281,0.167184,0,2.8,0,-0.222947,0.337922,0.914387
-152.593,-8.92569,-19.3987,0.359408,0,2.8,0,-0.620171,0.765286,0.17241
-159.096,-23.0192,-7.07737,0.0103478,0,-1.3,1,0.833464,-0.227779,-0.503442
-156.694,-4.44544,-24.9767,0.112506,0,2.8,0,-0.351556,0.924116,0.149725
-145.995,19.6834,-34.1792,0.24806,0,-3.5,0,-0.0613398,0.960807,0.270348
-133.91,-7.36806,-19.3893,-0.213828,0,-0.8,0,0.776444,0.619783,0.114035
-152.156,-5.20669,-13.4761,0.138269,0,2.8,0,0.220091,-0.897038,-0.383253
-154.785,-23.2147,-29.5512,0.830508,0,-0.4,0,-0.245181,-0.92748,-0.282252
-174.271,-33.5112,-17.9092,0.254506,0,1.8,0,-0.820868,0.370246,0.434849
-132.763,-8.54841,-18.608,0.268692,0,3.8,0,0.768834,0.541714,-0.339765
-142.014,11.5331,-31.9219,1.04386,0,3.8,0,0.375328,0.336849,0.863517
-148.02,-23.3175,-18.6324,1.21113,0,-4.5,1,0.147124,-0.735925,0.660885
-157.412,-4.023,-13.6018,0.285298,0,2.8,0,-0.89784,-0.426722,0.108594
-134.323,-0.860563,-20.4123,0.30962,0,4.5,0,0.726667,0.32443,-0.605558
-170.564,-33.0228,-15.1962,-0.225248,-0.021932,4.2,1,-0.985039,0.169372,0.0317838
-133.218,-27.2759,-15.4442,0.764028,0,-4.5,1,-0.127122,-0.70417,-0.698559
-161.466,-20.4617,-24.0292,-0.200929,0,-1.3,1,-0.451642,-0.876093,-0.168762
-132.966,-28.619,-14.3167,1.45836,0,-4.5,1,-0.144945,-0.739478,-0.657391
-164.853,-28.6279,-17.5185,1.52624,0.0711888,-4.5,0,-0.493745,0.83059,0.257558
-158.077,-15.4747,-25.3277,0.0792025,0,-1.3,0,-0.48212,0.80599,0.343423
-161.902,-0.590062,-15.412,0.193234,0,2.8,0,-0.991676,-0.0817372,-0.0994897
-135.613,9.82563,-22.1841,0.341526,0,3.21563,0,0.816887,0.217291,0.534303
-149.667,15.938,-31.472,-0.148191,0.846188,-3.5,0,-0.418759,0.907405,-0.0354436
-144.697,14.8185,-38.1418,0.448453,0,2.8,0,-0.266125,0.778808,-0.568011
-143.085,-0.8355,-0.60725,0.21681,0,3.57843,0,0.10904,-0.207778,0.97208
-144.853,-2.36928,-11.6778,0.243863,0,4.5,0,0.171824,0.066991,-0.982847
-134.648,-4.46528,-18.6133,-0.0647431,0,4.5,0,0.74344,-0.562295,0.362107
-149.007,17.3395,-32.2142,0.300211,0.834762,-3.5,0,-0.726407,0.524652,0.44393
-159.453,9.57147,-2.35262,0.159665,0,3.8,0,-0.471134,-0.42644,0.772128
-143.227,7.87269,-39.5075,0.365261,0,2.8,0,0.0404659,-0.972477,-0.229459
-149.563,11.1496,-1.72713,0.90906,0,-3.9,0,-0.286734,-0.334983,0.897536
-160.623,-25.4937,-7.83072,0.640785,0,-2.06094,1,0.880218,-0.471906,-0.050213
-135.988,-23.4571,-4.24419,1.20298,0,-4.37669,0,0.252378,-0.356415,0.899597
-151.924,2.52144,-27.8415,0.804217,0,-1.6,0,-0.216468,-0.398816,0.891116
-141.049,-19.2541,-21.0635,-1.16246,-0.379723,-3.5,0,-0.471443,-0.874287,0.115605
-156.142,4.04678,-28.7099,-0.163009,0,1.50901,0,-0.0987187,-0.827408,0.552857
-162.682,-27.8612,-11.8597,0.422993,0,3.8,1,0.97354,-0.157356,-0.165706
-132.807,-20.9105,-22.2285,-0.504652,-0.0683254,-1.48048,0,0.279271,-0.135272,-0.950636
-152.234,-8.80425,-12.3182,0.415067,0,3.8,0,-0.158944,-0.382217,-0.9103
-152.934,-9.365,-14.3795,0.382129,0,4.5,0,-0.105017,0.282627,0.953464
-156.159,-2.72056,-28.3591,-0.771211,0,-0.4,0,-0.645681,0.434719,0.627786
-154.449,-15.2758,-31.8819,1.2114,0,0.139504,0,0.923375,0.0330206,-0.382475
-160.208,9.262,-19.3225,0.225647,0,-3.5,0,-0.818056,-0.566003,-0.102106
-159.522,3.88922,-13.8214,-0.0136062,0,2.8,0,-0.930679,-0.311252,-0.192245
-139.317,11.4609,-26.7981,0.463955,0,2.8,0,-0.559032,-0.327253,-0.761832
-161.715,-15.6946,-32.0071,-0.501985,0,-0.9,1,0.117068,-0.0537542,-0.991668
-128.06,-21.1238,-15.3823,0.271065,0,2.8,0,0.771604,0.204329,-0.602393
-169.411,-36.31,-16.9235,-1.07031,0,-4.5,1,0.0716721,-0.963345,0.258514
-133.284,-24.9949,-9.97469,0.202988,0,-3.5,0,0.860884,-0.458102,0.221409
-136.395,7.0645,-17.2703,0.263883,0,3.82805,0,0.815138,0.26946,-0.512778
-136.479,4.35862,-10.6453,0.356797,0,3.8,0,0.745925,-0.340042,0.572685
-164.381,-25.4698,-2.67122,-0.211544,0,-1.3,1,-0.494475,0.86866,-0.0304103
-159.572,2.19369,-19.3809,0.024734,0,3.8,0,-0.761832,-0.511227,-0.397817
-163.772,-14.6198,-4.82225,0.280954,0,3.8,0,-0.655314,0.75205,0.0705963
-160.93,9.3025,-10.94,0.547912,0.0719465,-1.32354,0,-0.348495,0.683853,0.641012
-156.137,-11.2159,-12.3844,0.352676,0,4.2,0,0.602477,0.79659,0.0496553
-143.267,-2.72312,-17.4456,0.432287,0,-3.5,0,-0.504603,0.116298,0.855483
-146.238,10.1617,-36.2602,0.427376,0,2.8,0,-0.535867,0.162284,-0.828559
-160.929,10.6407,-24.0089,0.319816,-0.894453,-0.7,0,-0.365666,0.803171,0.470324
-148.366,-12.7764,-12.9712,0.384424,0,-3.2,0,-0.841981,0.419516,-0.339227
-152.016,-5.68,-21.8475,0.184932,0,2.8,0,0.0522397,0.0393163,0.99786
-146.09,-21.3981,-25.7394,1.06534,0.189181,-4.5,0,0.290048,-0.265551,-0.919432
-148.772,-23.7915,-22.8519,1.09991,0,-4.5,0,0.280391,-0.959658,-0.0209011
-142.87,-13.2025,-11.439,1.60389,0,0.94835,0,0.27033,-0.728121,-0.62989
-172.696,-34.9456,-17.3412,0.336846,0,1.8,1,-0.54303,-0.379551,0.749039
-140.512,1.40469,-24.4226,0.290883,0,3.8,0,0.718525,0.29911,-0.627897
-133.825,-27.3349,-19.4718,0.309061,0,-0.7,0,0.469787,-0.882405,0.0257081
-165.15,-25.4154,-5.62225,0.258869,0,-1.3,1,0.859142,0.509655,-0.0461144
-169.069,-17.5906,-4.48269,0.100731,0,-0.7,0,-0.634178,-0.16295,0.755821
-152.732,-16.6035,-30.737,0.657223,0,-4.5,0,0.567852,-0.0419307,-0.822062
-129.758,-21.9924,-20.4708,0.769454,0,-4.5,0,0.846619,-0.283507,-0.4504
-159.33,10.1077,-30.6178,0.14437,0,2.8,0,0.29747,-0.415963,-0.859352
-126.565,-15.575,-19.038,0.464033,0.337843,-4.5,0,0.935026,0.315201,-0.162401
-143.325,-22.1042,-23.084,1.21415,0.0667195,-4.5,0,0.887557,-0.013429,0.460502
-155.782,9.59016,-28.0126,-0.412549,0,3.94189,0,-0.0976639,-0.135665,-0.985929
-159.358,-16.7139,-32.8507,-0.174287,0,1.91838,1,-0.846629,0.439194,-0.300547
-160.553,-19.6363,-4.32669,0.264356,0,3.8,1,0.312772,-0.0873012,0.945808
-153.593,19.3773,-14.8481,0.331737,0,1.9,0,0.212697,0.977043,-0.0120965
-147.083,3.47362,-8.04706,0.555493,0,-0.4,0,-0.139773,0.324963,-0.935341
-136.662,11.3649,-17.8806,0.41987,0,4.5,0,0.917937,0.14439,-0.369517
-155.49,15.6933,-27.1965,-0.0278885,-0.0265313,-2.17694,0,-0.903874,0.426525,-0.0329974
-142.689,-4.59788,-29.1679,0.208078,0,-0.7,0,0.693777,0.292724,-0.658017
-140.389,16.1279,-21.5725,0.162648,-0.864041,4.04388,0,0.460774,0.645646,-0.608957
-144.712,-16.983,-1.96337,-0.000327199,-0.252406,-3.5,0,-0.914019,-0.394176,0.0958898
-155.325,8.381,-10.153,0.331818,0,-0.4,0,0.655466,0.171318,0.735537
-155.292,12.176,-32.209,0.00437417,0,-0.4,0,0.0839055,-0.472874,-0.877126
-159.153,-14.7812,-27.2251,0.0145128,0,-0.961877,0,-0.582835,0.378855,0.718869
-139.263,12.8111,-34.4092,0.445353,0,3.8,0,0.246073,0.96316,-0.108498
-163.706,-15.6608,-31.9329,0.0392794,0,-0.9,1,-0.532899,-0.575674,-0.620175
-136.013,10.9234,-8.28472,0.40514,0,-1.6,0,0.616578,-0.422092,0.664583
-159.035,-22.3148,-27.4841,0.0763244,0,-3.5,1,-0.916344,-0.127819,-0.379442
-172.348,-30.4361,-22.6455,0.846143,0.206513,-3.2,0,-0.221409,0.343773,0.912578
-132.62,-23.1535,-2.40462,0.834124,0,-3.9,0,-0.323477,-0.795462,0.512448
-146.566,1.59303,-10.159,0.355332,0,4.5,0,0.225135,0.972533,0.0591058
-156.997,17.8595,-8.387,1.08051,0.670011,4.5,0,-0.643652,0.725382,-0.243996
-137.335,-11.5361,0.382562,0.389596,0,3.8,0,0.522701,0.310798,0.793844
-147.704,20.637,-14.8761,-0.685764,-0.0804527,-0.8,0,0.43585,0.571145,-0.695578
-142.995,14.0393,-31.2108,0.547097,0,-3.5,0,0.892001,0.0672934,0.446996
-148.473,-14.1819,-13.5718,0.0764114,-0.120024,-3.2,0,-0.268448,-0.473513,0.838881
-139.615,-28.6275,-14.7871,0.845405,0,1.9,1,-0.607865,0.0966,-0.788143
-133.328,7.44503,-13.537,0.204976,0,3.8,0,0.795454,0.605695,0.0196447
-157.621,-10.7853,-25.1309,-0.119174,0,-0.836833,0,-0.895866,-0.391745,-0.209667
-141.08,5.03486,-26.8159,0.355666,0,4.2,0,0.994143,0.0247272,-0.105209
-153.963,7.26388,-4.72316,0.215584,0,1.9,0,-0.0402435,-0.558522,-0.828513
-141.906,-28.6215,-9.33881,0.912743,0,1.9,1,-0.640765,-0.0447495,0.766432
-148.897,-9.17975,-2.10194,0.368816,0,4.5,0,-0.766888,-0.0474974,0.640021
-147.615,13.7732,-11.6567,-1.0593,-0.0145779,-3.5,0,0.308235,-0.829348,-0.466018
-153.249,11.1302,-11.7505,-0.197804,0,1.9,0,-0.758774,-0.6482,-0.0640189
-149.515,17.2162,0.186062,2.17741,0,-3.9,0,-0.295783,0.367184,0.881866
-174.199,-22.6821,-6.1525,2.90256,0,-3.9,0,-0.540311,0.834096,0.111119
-151.554,-8.15588,-7.14919,0.336974,0,3.8,0,-0.430496,-0.0444654,0.901497
-148.179,7.23653,-37.5403,0.275303,0,3.57686,0,0.347248,0.0519767,-0.936332
-146.669,16.8709,-29.7416,-0.132851,0,-3.5,0,0.145008,0.959593,0.241152
-163.483,-31.3293,-21.5123,0.789535,0,-4.5,1,0.355764,-0.724325,-0.590581
-163.879,-29.1299,-2.3815,0.0220358,0,-1.3,1,0.366053,-0.813876,0.451233
-157.792,-19.8298,-36.4567,-0.22817,0,-1.3,1,0.558611,0.193175,-0.806621
-147.184,18.1222,-3.25712,0.76183,0.039863,1.3575,0,0.0487809,0.679342,0.732198
-145.167,-11.7971,-27.5352,0.514913,0,2.8,0,0.975181,0.199519,-0.0959928
-159.479,9.69184,-8.93806,2.07404,0,-3.9,0,-0.61011,-0.763515,0.211686
-137.597,5.51894,-25.1003,0.26716,0,3.8,0,0.0682129,-0.854981,-0.514155
-148.006,-1.69884,-34.0956,0.344749,0,4.5,0,0.930011,-0.151731,-0.334749
-161.122,5.59356,-21.336,0.0619197,0,4.2,0,-0.781173,-0.113396,0.61393
-152.587,17.6272,-17.5593,0.873196,0,1.42909,0,-0.328203,0.77909,-0.534136
-158.203,8.297,-10.3188,0.488629,-0.175367,0.205528,0,-0.289059,-0.469397,0.834333
-156.363,-10.7,-19.2814,0.191881,0,-0.9,0,0.153885,0.89367,0.421514
-145.938,8.50163,-19.8722,-0.0438324,0,3.8,0,0.0973666,-0.0176745,0.995092
-142.408,-11.4999,-2.66488,0.958925,0,3.56729,0,-0.319336,0.190149,0.928368
-150.66,10.4115,-16.5955,0.689643,0,3.8,0,0.261018,-0.589508,0.764427
-143.705,1.24584,-29.3454,0.0438791,0,-1.3,0,0.939484,-0.0437438,-0.339788
-163.317,-30.1463,-17.5708,0.763977,0,-4.5,1,0.535838,-0.473273,0.699207
-158.653,11.5734,-16.0736,-0.080149,0,-3.5,0,-0.267239,0.856335,0.441897
-148.209,-4.07363,-12.6576,-0.347394,-0.327567,4.5,0,-0.223639,0.406246,-0.885974
-132.139,-22.9261,-22.2141,0.391491,-0.188615,0.60437,0,0.211519,0.307183,-0.927846
-141.146,-25.928,-8.74125,0.70241,0,1.9,1,-0.733401,-0.112063,0.670496
-166.343,-20.4626,-9.05106,-0.0252669,0,-3.5,0,-0.773973,0.153869,-0.61424
-157.828,-24.9674,-27.1259,0.351285,0,-3.5,0,-0.365073,-0.735192,-0.571152
-146.724,20.6802,-6.14456,0.494356,0,1.52783,0,0.125511,0.946745,0.296515
-141.454,1.12225,-1.97675,0.247824,0,1.8,0,0.606025,0.142432,0.782589
-126.479,-21.9235,-14.2423,0.580707,0,-1.6,0,0.834402,0.332432,-0.439615
-136.208,-14.1718,-9.38331,1.07677,0,3.8,0,0.434741,-0.741079,0.511666
-173.305,-25.759,-7.33638,1.77541,0,-3.9,1,-0.641,-0.423721,-0.639984
-135.039,3.81916,-12.2844,0.0536592,0,3.8,0,0.525323,-0.670881,0.523406
-137.186,2.65131,-9.53744,0.217658,0,3.8,0,0.980232,0.104572,0.167957
-170.522,-37.8708,-20.7805,0.310482,0,-4.5,1,0.770539,-0.343786,0.536732
-130.329,-17.7449,-12.0151,0.823322,0,-4.5,0,0.576687,-0.135897,0.805583
-147.471,8.37706,-8.74875,0.669707,0,1.8,0,0.602669,0.116985,-0.78937
-141.504,-23.3002,-4.54825,1.41518,0.322261,-3.5,0,-0.104731,-0.0591798,0.992738
-152.556,10.3474,-13.2806,0.349124,0,3.33114,0,0.318762,-0.947395,0.0288642
-131.203,-19.3147,-2.30191,1.74429,0,-3.9,0,0.016359,0.989226,0.145479
-155.32,17.7715,-27.1335,0.0411848,0.567173,-3.5,0,-0.738837,0.262727,0.62056
-130.999,-21.1671,-5.00216,1.00938,0,-3.9,0,0.575963,0.299624,-0.760586
-144.267,-0.079375,-31.7733,0.413096,0,-1.3,0,0.866463,-0.0461565,-0.497103
-156.815,15.4578,-20.9578,-0.0293198,0,-2.47539,0,-0.824445,0.231548,0.516407
-156.029,15.438,-15.022,-0.39566,0,1.9,0,-0.710896,-0.691107,-0.130373
-162.511,-13.7812,-8.3435,0.207497,0,4.2,0,-0.551,0.768863,0.32442
-138.462,11.2801,-7.78794,-0.0479724,0,-1.6,0,0.194895,-0.112726,0.974325
-156.378,-19.0019,-12.0514,0.591977,0,-1.6,1,0.616654,-0.608924,-0.498948
-146.349,16.0475,-1.889,1.88563,0,1.9,0,0.756497,0.167175,0.632269
-136.298,-28.5095,-11.293,0.516643,0,3.8,1,0.281805,-0.925058,0.254664
-160.186,-22.4743,-35.8055,0.371805,0,-1.3,1,-0.744246,-0.664346,0.0688608
-129.476,-25.2197,-18.1617,0.155691,0,-0.116503,0,0.921543,-0.374816,-0.101349
-135.287,-12.1435,-23.7192,1.16956,0,3.8,0,0.488992,0.179666,-0.853585
-126.078,-13.8506,-9.525,3.46332,0,-3.9,0,0.875562,0.180418,-0.448152
-149.504,-11.5727,-15.6618,0.668332,0,3.84867,0,0.343616,0.362075,0.866504
-158.917,-1.78031,-14.1532,-0.186498,0,2.8,0,-0.225684,-0.949895,0.216255
-143.952,3.59169,-14.7166,-0.0409563,-0.0164509,-3.2,0,-0.68849,0.0387053,0.724212
-154.467,13.06,-12.7075,0.145441,0,4.48053,0,-0.96123,-0.265745,0.0735996
-154.192,4.97494,-17.3726,0.195696,0,1.9,0,-0.103876,-0.649013,-0.753653
-138.116,-28.4873,-5.51659,1.07489,0,-4.5,0,-0.0219877,-0.593152,-0.80479
-132.259,-9.4735,-14.7133,0.501449,0,3.8,0,0.927677,0.295738,0.227933
-161.048,-23.993,-2.769,0.243403,0.260595,-1.3,1,0.445124,0.809697,0.382433
-149.319,-24.0713,-20.697,0.858488,0,-4.5,1,-0.082848,-0.99538,-0.048536
-138.232,-6.19353,-3.3695,0.349557,0,4.26478,0,0.0226381,0.248128,0.968463
-156.657,14.6685,-1.0195,0.25931,0,4.2,0,-0.368013,0.0516067,0.928388
-147.447,-13.8577,-10.0784,0.366409,0,-3.2,0,-0.621666,-0.710684,0.329332
-148.751,-0.797625,-21.3333,0.164032,0,2.8,0,0.251926,0.44904,0.857261
-170.452,-27.7756,-7.29767,0.45228,0,-3.9,1,-0.400112,-0.831545,-0.385283
-151.327,3.30291,-17.5847,0.547895,0,1.9,0,0.0649432,-0.540498,-0.838835
-158.253,-2.93237,-29.0251,-0.0152689,0,3.8,0,-0.188961,0.961717,-0.198478
-154.558,11.2771,-10.0855,0.172245,0,-3.9,0,-0.130228,-0.454456,-0.881198
-143.756,13.0214,-30.1488,0.423012,0,-3.5,0,0.91324,0.0550954,0.40368
-159.488,14.1874,-31.2712,-0.206575,-0.479812,-0.4,0,-0.685183,0.696498,-0.213109
-165.537,-33.3449,-17.8722,0.599984,0,-4.5,1,0.78925,-0.597668,0.140985
-140.281,-30.8481,-9.83394,0.675688,0,1.9,1,0.320876,-0.645812,0.692795
-146.882,11.021,-8.12438,0.232546,0,1.9,0,0.0774702,-0.33455,-0.939188
-150.238,-16.0434,-14.0175,1.05821,0,-3.2,0,-0.484698,-0.294663,0.823554
-134.06,-17.4877,-8.90744,1.15836,0,-4.5,0,0.46307,0.340121,0.818464
-149.497,-0.23775,-25.7103,0.315281,0,1.9,0,-0.949101,0.314344,0.0198888
-144.177,-15.5883,-4.84634,0.681114,0,-3.5,1,-0.511191,-0.748373,-0.422636
-135.214,-8.91856,-22.6324,0.228033,0,0.0695623,0,0.733832,0.226559,-0.640439
-129.691,-22.7667,-18.5547,0.941742,0,-4.5,0,0.937249,-0.160657,-0.309442
-163.033,-21.952,-10.292,0.600975,0.238991,-4.00659,1,0.872713,-0.0299981,-0.48731
-135.756,11.6594,-12.3726,0.131591,0,2.8,0,0.990633,-0.0167109,0.135528
-142.355,10.6829,-40.3281,-0.205334,0,2.8,0,0.653347,0.0615258,-0.754554
-131.69,-10.9644,-14.1792,0.916928,0,-3.9,0,0.694741,0.716387,0.0642188
-148.671,1.30744,-23.5586,0.490605,0,0.535332,0,-0.625758,0.273863,0.73036
-148.923,11.1732,-15.9723,0.39804,0,3.8,0,0.0267188,-0.62213,0.782458
-160.395,-16.8748,-24.2464,-0.412666,0,-1.3,0,-0.455966,0.864323,0.212225
-159.096,17.8137,-3.50069,0.506087,0,-1.6,0,-0.64582,0.664284,0.376355
-151.338,-18.9331,-19.0848,0.874246,0,-4.5,1,-0.713327,-0.0147085,0.700677
-160.646,-9.94706,-32.6901,0.0864668,0,3.7847,0,-0.512628,0.554283,-0.655731
-141.151,9.80066,-31.6118,0.359765,0,3.72334,0,0.433789,0.321272,0.84179
-160.825,-16.0362,-12.8876,0.654078,0,3.96608,0,-0.318348,-0.285297,-0.904024
-164.094,-19.1063,-13.971,-0.156716,0,-3.5,0,-0.119312,0.262092,-0.957639
-144.434,8.63,-16.813,0.293699,0,2.8,0,-0.851463,-0.521007,0.0596925
-156.963,11.6691,-1.33238,0.17248,0,4.06239,0,-0.0199417,-0.105386,0.994231
-153.269,18.3357,-25.4868,0.686969,0,-3.44281,0,-0.716852,0.643168,0.26918
-141.37,-24.4053,-6.85166,1.10977,0,-3.87403,1,-0.595675,-0.794645,-0.117091
-159.898,10.256,-12.2705,0.480382,0,-2.02771,0,0.101207,0.973682,-0.204209
-156.272,-2.15959,-16.3063,0.148741,0,2.8,0,0.195804,-0.139879,-0.970616
-137.315,0.986375,-3.98775,0.248673,0,4.2,0,0.904224,0.424199,0.0493384
-151.124,-21.7281,-29.5384,0.562756,0,-0.426373,0,0.144856,0.144726,-0.978811
-147.512,7.62584,0.035625,0.698708,0,2.8,0,-0.623398,-0.131439,0.770778
-143.238,-12.4746,-1.96056,0.556133,0,-3.5,0,0.099851,0.306868,0.9465
-145.976,1.82638,-19.6125,0.360422,0,-3.16642,0,-0.925828,0.195217,0.323623
-148.587,23.3906,-8.46288,-0.385909,0,-3.5,0,0.433506,0.842576,0.319589
-144.259,7.32525,-17.1143,0.277266,0,-2.9286,0,-0.833942,0.384886,0.395479
-169.52,-33.063,-21.753,-0.0464419,0,-3.2,1,0.776458,0.508382,0.372371
-128.439,-15.4001,-9.09444,3.31234,0,-3.9,0,-0.192826,-0.978467,-0.0736254
-127.427,-13.5144,-6.70522,1.7739,0,-3.9,0,0.398251,0.237688,0.885946
-160.073,15.2279,-6.50763,0.046715,0,3.8,0,-0.827924,0.257995,-0.497975
-144.415,-8.5965,-15.952,0.996284,0,3.72794,0,-0.910789,-0.411385,0.0350066
-151.848,21.8351,-4.99913,-2.23685,-0.783663,-3.5,0,0.324507,0.920795,0.216406
-135.785,-9.04003,-24.8333,0.405689,0,3.8,0,0.998206,0.00243432,-0.0598167
-137.558,17.3131,-14.8473,0.202231,0.374332,-2.35215,0,0.391243,0.676012,-0.624449
-148.84,-11.3896,-2.65309,0.477848,0,4.5,0,-0.854534,-0.458377,0.244258
-157.307,-6.282,-32.1301,-0.053385,0,1.8,0,-0.832176,0.493788,-0.252303
-140.877,-10.925,-18.0762,1.90257,0,4.29281,0,-0.702694,-0.434049,0.563757
-159.865,13.3136,-32.5941,0.423331,0.00304666,-0.4,0,-0.613773,0.457043,-0.643735
-142.083,14.7109,-33.357,0.642988,0,-3.5,0,0.832345,0.0806698,0.548355
-170.496,-37.0559,-13.0215,0.257867,0,4.2,1,-0.517947,-0.852444,0.0711999
-152.73,15.943,-1.3125,0.343493,0,3.11083,0,-0.0335766,0.518508,0.854413
-172.164,-31.5586,-25.8182,-0.511984,0,-3.2,0,-0.801141,-0.204823,-0.562335
-155.229,19.035,-5.20888,0.298996,0,-3.5,0,-0.482267,0.875869,-0.0164823
-149.85,0.0375625,-23.7315,0.24281,0,2.67419,0,-0.673446,0.738648,0.0294811
-160.747,-15.0241,-3.33175,0.314625,0,3.8,0,0.574121,0.511176,0.639597
-156.108,-6.634,-34.548,0.0894562,0,4.5,0,-0.0630678,0.504025,-0.861383
-147.663,-12.1908,-4.25178,0.962604,0.699888,-2.44055,0,-0.841755,-0.384409,-0.379049
-160.508,-10.1734,-21.1341,0.0861898,0,-0.9,0,-0.930842,-0.356499,0.0802555
-145.326,-11.054,-13.8077,1.18765,0,2.8,0,-0.507575,-0.245989,-0.825746
-150.694,-3.54669,-21.428,-0.22606,0,2.8,0,0.479377,-0.599897,0.640563
-139.385,3.21391,-5.94519,0.013685,0,3.88093,0,0.387768,0.828462,0.404087
-151.055,-10.1523,-14.9505,0.521617,0,4.5,0,0.339664,0.282086,0.897249
-141.443,17.9204,-14.749,0.0548683,0,-3.2,0,0.494106,0.336765,-0.801529
-138.615,9.27238,-34.2732,0.277256,0,3.8,0,0.699695,-0.713906,0.0276523
-141.986,14.3501,-38.9503,0.554862,0,2.8,0,0.660072,0.416848,-0.624934
-161.93,7.69966,-21.9996,0.0133294,0,-0.7,0,-0.282845,-0.0833036,0.955541
-157.84,-16.7538,-22.5701,0.0989665,0,-1.23553,0,-0.40013,0.674974,0.619925
-151,-16.1041,-29.8321,0.715334,0,-4.5,0,0.378218,-0.210392,-0.901491
-138.949,20.3124,-9.51825,0.267169,0,-3.5,0,0.352957,0.778355,0.519215
-157.317,10.729,-31.32,-0.279907,0,-0.4,0,0.557674,-0.734789,-0.386116
-146.255,-6.29275,-14.465,0.561675,0,4.5,0,-0.561789,-0.430317,-0.706555
-132.541,-19.8183,-10.1756,0.739744,0,-4.39894,0,0.422234,0.312693,0.850847
-157.871,-17.5198,-17.1905,0.123639,0,-0.8,0,-0.868147,-0.495888,-0.0203777
-132.424,-16.7253,-10.1018,1.06653,0,-4.5,0,0.48474,-0.0973353,0.869225
-156.394,4.70159,-20.5986,0.0575141,0,3.8,0,0.863587,-0.483273,-0.143749
-143.176,8.20994,1.21713,0.453208,0,2.8,0,0.319585,-0.638581,0.700057
-149.51,7.06469,-19.1341,0.0874856,0,3.8,0,0.0945354,-0.651975,0.752324
-159.09,-11.244,-35.4561,0.00551743,0,4.5,0,-0.739175,-0.585283,-0.333263
-155.409,11.6792,-29.7256,0.586558,0.773586,1.8,0,-0.178836,-0.765464,-0.618128
-145.986,5.15562,-7.53137,0.0564935,0,1.47145,0,0.143369,-0.0174463,-0.989515
-152.338,-24.7599,-23.6572,0.336282,0,-1.3,1,-0.250503,-0.266632,0.930675
-162.242,-22.0839,-5.40081,-0.0936753,-0.00074841,-1.3,1,-0.550494,-0.197411,0.811163
-128.519,-11.4306,-15.6536,0.387238,0,2.85644,0,0.022065,0.992245,0.122326
-133.354,-6.38416,-8.64408,0.406044,0,4.2,0,0.474522,0.358857,0.803773
-142.338,-0.6545,-15.5636,0.657277,0,-3.5,0,-0.789396,-0.450953,0.416528
-141.926,-29.5213,-14.1487,1.09036,0,1.9,1,-0.686163,0.275248,-0.673364
-131.702,-22.7815,-5.79244,0.530442,0,-3.9,0,0.710538,-0.481287,-0.513322
-158.46,-2.378,-15.8308,-0.0921094,0,2.8,0,-0.383807,-0.918426,-0.0958436
-129.815,-18.8277,-11.9796,0.648408,0,-0.8,0,0.385506,0.35929,0.84988
-145.858,8.785,1.02825,-0.0466509,0,2.8,0,-0.39653,-0.0777834,0.91472
-144.13,-21.3089,-21.2328,0.775083,0,1.24625,0,0.911233,0.235125,-0.338187
-164.556,-30.5072,-3.67162,0.625618,0,-1.3,1,0.52051,-0.364538,0.772128
-145.018,6.71694,-7.76244,0.146071,-0.0664881,4.01355,0,-0.10936,-0.265845,-0.957793
-162.334,-24.7595,-4.97731,0.280612,0,-1.3,1,-0.702738,0.698538,-0.134921
-173.003,-42.1188,-19.7735,0.957288,0,-4.5,0,0.193078,0.138209,0.9714
-157.607,13.0114,-10.2889,1.35747,0.660768,-3.9,0,-0.281239,0.589618,-0.757136
-154.229,11.3365,-32.616,-0.23303,0,-3.5,0,-0.892846,-0.0488955,-0.4477
-155.518,14.0583,-15.5641,0.0049078,0,3.8622,0,-0.829533,0.529734,0.176795
-142.144,-11.9012,-12.4664,1.44448,0,2.95756,0,-0.284308,-0.580975,-0.762651
-139.63,-3.29847,-2.81797,0.328476,0,3.87536,0,0.518076,-0.231491,0.823413
-136.717,17.0025,-13.4757,0.0563246,-0.0711556,0.265858,0,0.984486,-0.163468,0.0637614
-150.724,17.5936,-29.2612,0.0430677,0,-3.5,0,0.782155,0.181369,-0.596103
-146.519,-8.73803,-13.0188,0.707436,0,4.5,0,-0.479809,-0.244375,-0.842653
-143.037,8.08969,-27.4717,0.277901,0,4.2,0,0.821149,0.56358,-0.0899499
-154.147,-3.2155,-34.5365,0.308159,0,1.8,0,0.188388,-0.155523,-0.969702
-144.878,-15.3678,-10.4205,1.22035,-0.0870213,-2.91529,0,0.0794889,-0.885307,-0.458162
-147.032,2.268,-34.813,0.299235,0,0.722188,0,0.304603,-0.674951,-0.672055
-141.9,15.2796,-36.9851,1.51687,0.725724,2.8,0,0.752119,0.548907,-0.364716
-142.717,-20.2875,-19.618,0.486112,0,1.8,0,0.868683,-0.290318,-0.401379
-159.121,-24.4086,-6.77606,0.306662,0,-1.3,1,0.767874,-0.405573,-0.495863
-143.135,12.2828,-3.90525,0.219425,0,1.9,0,0.582364,0.0865382,0.808309
-143.208,-21.7109,-4.56938,0.840639,0,-3.5,0,-0.38267,0.490759,0.782764
-156.362,8.3665,-31.0993,-0.274328,0,-1.3,0,-0.41563,0.875232,-0.247429
-152.536,0.574,-7.7765,1.57853,0,-0.4,0,0.029409,0.376634,0.925895
-170.752,-35.419,-15.0144,0.348404,0,4.2,1,-0.879593,-0.426472,-0.210805
-147.262,3.17863,-11.4954,0.73012,0,-3.2,0,0.5826,0.495667,0.644121
-144.842,7.849,-37.9465,0.127737,0,2.8,0,0.0734749,-0.733935,-0.675234
-153.575,10.374,-31.7493,-0.972316,0,-3.5,0,-0.988593,-0.105835,0.107158
-140.616,10.6711,-25.5339,0.533596,0,-3.64788,0,0.141108,-0.484275,-0.863462
-142.365,-21.56,-23.9848,0.52638,0,-1.0779,0,0.642302,-0.535892,0.547967
-155.282,1.73525,-29.9827,0.0517575,0,-1.3,0,-0.689969,-0.177159,0.701824
-141.871,8.53213,-36.2963,0.219122,0,3.8,0,0.169741,-0.969717,-0.175604
-157.805,8.75,-29.8617,-0.47323,-0.788881,-1.3,0,0.360217,0.4442,-0.820323
-145.592,1.65978,-17.6566,0.430347,0.283106,-3.5,0,-0.863254,-0.406631,0.299071
-162.734,-0.078,-10.7894,0.384487,0,2.8,0,-0.96382,-0.239105,-0.117809
-165.733,-26.2743,-3.28638,0.136889,0,-1.3,0,-0.490764,0.693535,0.527408
-143.725,10.3706,-1.71613,-0.49701,0,2.8,0,0.766407,-0.143976,-0.626012
-162.763,-12.491,-32.9515,-0.711404,0,-0.9,0,0.396935,-0.196353,-0.896598
-130.749,-10.6707,-9.40606,0.512213,0,-3.9,0,0.563664,0.760065,0.323394
-152.898,-7.70481,-16.4556,0.291862,0,4.5,0,-0.111364,0.92997,0.350361
-160.269,-16.6349,-5.28084,0.474689,0,3.8,1,0.954362,-0.0691456,-0.290538
-156.57,2.2467,-17.5909,0.0441842,0,3.8,0,0.924806,-0.253707,-0.283489
-131.497,-9.92692,-17.8743,0.362378,0,3.8,0,0.58148,0.779048,-0.234447
-132.803,-27.3145,-9.9875,0.804892,0,-4.5,0,0.264589,0.633066,0.727475
-163.509,-12.0017,-30.0849,-0.517016,0,-0.9,0,-0.304957,0.0956743,0.947548
-159.597,1.15039,-17.776,-0.078258,0,2.93732,0,-0.736224,-0.130264,-0.664082
-168.865,-33.0793,-20.549,0.0837805,-0.196446,-3.02742,1,0.289665,0.667528,-0.68593
-146.702,21.6943,-23.8973,0.148248,0,-3.5,0,0.29454,0.954185,0.0527037
-159.225,-8.61316,-32.8651,0.166816,0,4.5,0,-0.740321,0.665758,0.0932324
-153.881,7.45569,-11.3931,0.528222,0,-0.4,0,0.845897,0.37785,0.376413
-152.923,-6.72013,-34.0846,0.243235,0,4.2,0,-0.270582,-0.376085,-0.886197
-157.122,9.18873,-8.12264,0.895277,0,-3.9,0,0.0388482,-0.990491,0.131976
-125.659,-13.9245,-13.8125,-0.228742,0,2.8,0,0.78135,0.130109,0.61038
-144.969,-18.6695,-20.5075,0.859351,0,1.8,0,-0.0414863,-0.130016,-0.990644
-143.392,-0.21275,-12.3315,0.20719,0,4.07762,0,-0.211405,0.445173,-0.870132
-152.253,9.12113,-11.4538,0.401918,0,1.9,0,-0.47393,-0.83356,-0.283847
-134.936,-1.10159,-13.0204,0.207726,0,1.8,0,0.988282,-0.125748,-0.0865185
-163.587,-28.597,-11.0371,0.443026,0,3.8,1,0.836138,-0.46647,0.288579
-142.76,9.235,1.66525,0.304796,0,2.8,0,0.479097,-0.437468,0.760978
-160.81,-11.129,-11.868,0.189827,0,4.2,0,-0.0413708,0.762664,-0.645471
-143.008,3.56853,-13.1847,0.455031,0,-0.4,0,-0.809126,-0.156455,0.566424
-139.338,-16.2134,-16.0274,2.92314,0.0602808,-4.5,0,-0.419478,0.773253,0.475519
-162.551,5.46527,-31.5544,-0.265113,0,2.8,0,-0.628207,-0.145282,-0.764362
-143.07,-1.3235,-11.9082,-0.0850907,0,2.5,0,-0.473016,-0.260893,-0.841541
-158.009,17.8362,-7.53932,0.559994,0.0831851,-0.894321,0,-0.404059,0.790175,-0.460826
-132.262,-26.617,-11.2775,1.02041,0,-4.5,0,0.59955,0.540875,0.589911
-151.143,20.2377,-10.6959,-0.651144,0,-3.5,0,-0.674472,0.559871,-0.481282
-144.612,-11.0227,-2.25722,0.493157,0,-3.5,0,0.432792,0.381854,0.816626
-149.109,6.478,-1.8885,0.76291,0,1.8131,0,-0.334345,0.176464,0.925783
-127.337,-19.305,-12.3141,-1.01363,0,2.8,0,0.321533,0.0374575,0.946157
-144.598,9.75988,-41.4896,0.18213,0,2.8,0,-0.0481247,-0.377957,-0.924571
-144.727,16.9465,-3.159,0.317472,0,1.9,0,0.523119,0.00680335,0.852233
-142.393,-10.2697,-18.3966,1.62626,0,4.14679,0,-0.180546,-0.681276,0.709413
-146.566,-22.9672,-18.0904,1.27354,0,1.8,1,-0.121035,-0.915044,0.384765
-168.66,-32.7417,-6.8245,0.369615,0,-3.5,1,-0.916914,-0.398544,-0.0207839
-131.865,-8.707,-17.46,0.333325,0,3.8,0,0.875353,0.414353,-0.249137
-131.514,-21.5425,-21.8656,-1.15713,-0.271437,-4.5,0,0.340384,0.00217779,-0.940284
-171.225,-27.5342,-6.10475,0.621353,0,-3.9,1,-0.367605,-0.923438,0.110131
-140.31,12.2621,-32.3111,0.456691,0,3.8,0,0.0815464,0.546268,0.833632
-146.712,-8.49,-30.5655,0.0754144,0,2.83232,0,0.51592,0.414425,-0.749719
-159.78,-11.4974,-11.9996,0.224883,0,4.2,0,-0.115739,0.98027,-0.160235
-132.001,-26.1238,-12.1138,1.41449,0,-4.5,0,0.54149,0.467404,0.698801
-165.272,-25.8344,-12.5335,0.409603,0,3.8,0,-0.231029,0.60904,-0.758746
-143.725,7.71414,-9.1585,0.279021,0,4.5,0,-0.737413,-0.138745,-0.661039
-154.278,19.2638,-13.694,0.0932383,0,1.9,0,0.417882,0.866021,0.274559
-143.108,20.6898,-20.456,-0.949311,-0.843791,-0.4,0,0.506694,0.811801,0.290242
-139.861,11.243,-32.2531,0.427559,0,3.8,0,0.12708,0.102202,0.986613
