x,y,z,charge,hbond,hphob,iface,nx,ny,nz
38.434,-24.298,9.285,0.178757,0,-4.5,0,-0.770771,0.599979,-0.214332
54.726,-33.081,10.168,0.0252889,0,3.8,1,0.369277,-0.928806,0.0309052
53.324,-23.235,6.42,0.444433,0,1.9,1,0.94909,0.218833,-0.226584
44.91,-12.51,22.946,1.23342,0,-0.8,0,-0.52336,-0.810447,-0.26319
24.224,-50.2595,6.177,-0.81988,-0.971682,-3.5,0,0.157474,-0.518332,-0.840556
41.2287,-20.7178,2.61975,0.669565,0,-3.5,0,-0.542864,0.810829,0.218759
39.365,-26.034,23.488,0.27456,0,-3.9,0,-0.607953,-0.482852,0.630276
33.635,-42.65,7.9075,-0.575381,-0.098298,-4.00048,0,-0.608051,0.642725,-0.466024
42.2397,-10.5345,17.9287,1.94721,0,-3.9,0,-0.782835,0.430489,-0.449275
33.6045,-40.4065,18.1245,0.632827,0.570201,-4.5,0,0.882769,-0.415712,0.218867
56.227,-12.8645,23.097,-0.0835714,0,-3.5,0,0.662646,0.334048,-0.670307
53.256,-21.0695,30.3985,0.387737,0,-0.4,0,0.804749,-0.559755,0.19762
44.0975,-33.686,4.91,0.126706,0,4.2,0,-0.403652,0.909344,-0.100788
33.754,-23.0085,21.39,-0.596033,0,1.9,0,-0.752209,-0.300564,-0.586382
34.511,-40.347,9.327,-0.268827,0,-4.14394,0,-0.815706,0.52637,-0.239912
40.963,-28.554,23.238,2.70345,0,-3.9,0,0.383423,-0.370449,0.846023
57.3585,-18.0915,13.967,0.0219142,0,-1.18652,0,0.276158,-0.465935,-0.84062
44.512,-20.5685,38.39,1.84753,0.0774883,-3.9,0,0.408246,0.23597,0.881847
29.956,-42.135,10.312,-0.876799,-0.813106,-4.5,0,-0.937088,0.346691,0.0408889
23.6515,-54.224,6.874,-1.30482,-0.00992617,-3.9,0,-0.544976,-0.675118,-0.497209
54.6265,-14.9325,29.8215,0.584539,0.0324708,4.2,0,0.830627,0.258455,0.493214
31.9435,-44.6555,15.5945,0.220705,0,1.8,0,0.451567,-0.0294796,0.89175
50.781,-25.754,-2,2.87266,0,-3.9,0,-0.0468457,-0.615567,-0.786691
38.316,-27.6,10.474,0.389174,0,-4.5,0,-0.52081,-0.20816,0.827905
51.355,-8.72,24.167,-0.899504,-0.71311,-0.8,0,0.304086,0.633669,-0.711333
38.2295,-20.7445,16.5145,-0.0964985,0,-3.5,0,-0.454439,0.824997,-0.335954
40.635,-15.096,16.8795,0.534983,0,3.8,0,-0.939845,0.340764,0.0238927
41.748,-12.887,34.506,-0.996524,-0.663544,-3.5,0,-0.563543,-0.088576,0.821324
38.952,-16.967,27.697,0.699705,0,-0.4,0,-0.817537,0.575872,-0.00189324
29.918,-42.7405,9.482,-0.897019,-0.0771766,-4.5,0,-0.82731,0.31625,-0.464266
30.2703,-46.578,7.44025,0.0360969,0,1.8,0,0.242392,0.0177316,-0.970016
49.2205,-22.358,26.2315,-0.0332918,0,4.2,1,-0.304998,0.0334909,-0.951764
43.86,-22.933,31.79,0.177409,0,-3.9,0,0.0641502,-0.991026,0.117269
46.905,-30.902,7.779,1.442,0.477284,-1.5322,0,-0.645037,0.478664,-0.595658
41.5545,-18.633,11.19,-0.128134,0,3.3841,0,-0.617333,0.623537,0.479689
22.536,-52.978,9.146,-0.78302,-0.704407,-3.55037,0,-0.920924,-0.389594,-0.0107359
38.547,-28.793,21.072,0.936695,0,-3.9,0,-0.911095,-0.400695,0.0966902
54.379,-26.636,7.9335,0.276035,0,4.2,1,0.755936,0.652935,-0.0472816
40.9805,-32.2765,14.4225,-1.23874,-0.0330727,-3.5,0,-0.825237,0.362876,0.432787
43.584,-31.6495,11.8825,-0.522897,0,-0.706277,0,-0.371561,0.848988,-0.375716
56.945,-13.0925,26.843,-0.818459,-0.360191,-3.5,0,0.776739,-0.198315,0.597786
32.456,-43.0325,14.572,0.44076,0,1.8,0,0.455354,-0.0462087,0.889111
54.703,-17.451,25.38,-0.0661533,0,4.2,0,0.773089,-0.546029,-0.322779
59.406,-17.959,16.7465,0.0253175,0,-0.9,0,0.706105,-0.0684945,0.704787
54.077,-23.903,18.1895,-0.0540995,0,2.8,1,0.139601,-0.913635,0.381814
46.0695,-31.5915,17.81,-0.0412694,0,-0.9,1,0.0834793,0.5553,0.82745
58.1615,-16.458,17.3165,-0.0594577,0,-0.9,0,0.438229,0.263117,0.859491
47.848,-36.017,10.524,0.102725,0,4.2,0,0.914965,-0.191052,-0.355441
35.1425,-46.935,14.131,0.187765,0,4.2,1,0.397129,0.221962,0.890517
40.2625,-46.371,10.514,-0.00117664,0,3.8,0,-0.00331312,-0.948105,0.317942
46.3545,-19.218,24.591,-0.45739,0,4.5,0,0.875397,-0.420986,-0.237594
54.1935,-16.647,31.139,0.589478,0.203493,1.46845,0,0.454299,0.366245,0.812082
42.328,-27.5305,10.8635,0.35028,0.417316,-0.000195394,0,-0.281464,-0.558892,0.780011
46.7785,-19.8955,37.035,-1.7031,-0.0327033,-3.5,0,0.0100294,0.0769037,0.996988
41.9235,-25.8925,-1.4975,-0.403296,-0.129003,-3.5,0,-0.704832,0.646688,-0.291559
50.9755,-21.68,32.8695,-0.348838,-0.0653674,-3.5,0,0.782766,-0.500446,0.369907
42.6245,-24.5088,25.993,0.0056869,0,3.8,1,0.727602,-0.125377,-0.674445
41.6655,-23.2997,24.385,-1.10061,0,-3.9,1,0.899045,-0.421456,0.11871
53.4108,-21.7605,20.112,0.0578805,0,2.8,1,0.112523,-0.29276,0.949542
33.3195,-38.8158,12.444,0.452106,0,-4.5,0,-0.188446,0.754664,-0.628466
40.8732,-26.692,1.05125,-0.446757,0,-3.5,0,-0.757462,0.630449,-0.169661
43.552,-34.2342,5.84875,0.211039,0,4.2,0,-0.57024,0.808699,-0.144333
42.1515,-27.7482,21.0537,1.80801,0,-3.9,1,0.997434,-0.0681543,0.0219399
32.5498,-46.3945,14.312,0.695458,0,1.8,0,0.322699,-0.0735447,0.94364
42.353,-8.916,21.605,0.533553,0,-4.5,0,-0.694074,0.316946,0.646379
38.5298,-23.403,14.6587,-0.0363678,0,1.8,0,-0.903932,-0.388761,-0.178249
40.819,-23.859,5.666,-0.68521,-0,-3.5,0,-0.960399,-0.206729,-0.186807
22.41,-50.474,10.23,-0.101976,0,-3.5,0,-0.796752,-0.152291,0.584802
52.0365,-14.814,30.7512,-0.0841511,0,4.2,0,-0.0474319,-0.238212,0.970054
42.5935,-23.5107,-1.59563,1.22022,0,1.8,0,-0.925777,-0.0755568,-0.370442
52.8893,-19.5352,23.646,0.0771834,0,-0.9,1,0.422239,-0.832282,0.359195
22.2615,-45.148,10.1725,-0.0309744,0,-0.7,0,-0.905795,0.278786,-0.319083
51.331,-20.5728,7.86675,0.442792,0,1.9,0,0.417564,0.866464,-0.273643
51.9095,-29.425,13.682,0.228937,0,3.8,1,0.676629,0.00464095,0.736309
38.2012,-17.5303,20.7345,0.40125,0,1.8,0,-0.0103694,0.743578,-0.668569
30.6375,-38.7485,13.55,0.979083,0,-4.5,0,-0.665887,0.510179,-0.544345
29.1028,-44.8643,9.33875,0.228345,0,1.8,0,-0.571897,0.802763,-0.168836
36.2197,-43.173,5.13125,-1.58968,-0.0814752,-3.5,0,-0.0340479,0.42568,-0.904233
37.313,-20.5252,28.999,-0.0389846,-0.0670846,3.54928,0,-0.571223,0.581491,0.579287
26.6898,-51.7933,7.4965,-2.06546,0,-3.9,0,0.695552,0.416923,-0.585135
47.612,-5.2335,20.6865,0.368447,0,-4.5,0,0.226643,0.973827,-0.0171188
48.6145,-23.599,17.6395,-0.0788726,0,3.8,1,0.708788,-0.448982,0.54409
48.9845,-24.358,29.7703,-0.48427,0,1.8,1,-0.226709,-0.914817,-0.334234
40.386,-26.505,11.478,0.174957,0,-4.5,0,0.144759,-0.724997,0.673367
48.0247,-23.4048,-1.11,1.80633,0.282844,0.145283,0,0.445371,0.644464,-0.621539
39.5233,-19.215,17.421,1.3115,0,3.20002,0,-0.841687,0.339486,-0.419895
42.7593,-24.2682,-3.0345,0.665869,0,1.8,0,-0.975251,0.100375,-0.197001
38.5229,-25.6125,10.57,0.419524,0,-4.5,0,-0.770781,0.0336673,0.63621
39.05,-46.4255,10.5965,0.0272164,0,3.8,0,0.151205,-0.892396,0.425166
55.634,-13.9945,17.7985,0.0974464,0,-0.9,0,0.306892,0.492889,0.814173
53.235,-24.891,2.617,0.416269,0,-3.9,0,0.993931,0.100139,0.0455232
23.012,-51.596,7.3085,-1.19095,-0.11034,-3.75326,0,-0.647633,-0.142179,-0.74857
35.35,-19.3765,19.9438,0.75565,0.0877412,-3.5,0,-0.502531,0.864454,0.0134847
37.5325,-24.976,21.9932,0.0265456,0,-3.9,0,-0.631819,-0.76632,-0.116445
32.009,-37.373,13.8045,0.393257,0.0176345,-4.5,0,0.0111331,0.78591,-0.618241
48.5655,-29.141,4.782,-1.00879,-0.030949,1.8,0,-0.212095,-0.106503,-0.971428
52.8435,-7.6875,15.8115,-0.81445,-0.364958,-3.5,0,0.862397,0.483507,0.149974
26.0993,-58.8727,9.569,1.36546,0.00835559,-3.9,0,0.784934,-0.48995,-0.379245
42.586,-35.1595,3.841,0.399657,0,4.2,0,-0.284819,0.757931,-0.586872
46.041,-8.439,23.7365,0.712337,0,-4.5,0,-0.252867,0.231937,0.939289
55.897,-13.2955,11.451,1.88138,0,-3.9,0,0.104411,0.779245,-0.617961
41.6668,-32.5892,15.1525,-1.93459,-0.322453,-3.5,0,-0.594957,0.25597,0.761909
35.7335,-20.3315,27.0225,-0.299541,-0.164918,1.9,0,-0.693259,0.618041,0.370698
30.3743,-52.7501,13.0255,0.163279,0,4.5,0,0.489352,-0.0419083,0.871079
42.5635,-17.0958,12.8333,-0.257184,0,-3.5,0,-0.861244,0.469791,-0.19379
49.676,-19.517,34.93,-0.402803,0,-3.5,0,0.663723,-0.0101164,0.74791
50.041,-20.179,5.114,-0.164588,0,1.9,0,-0.0134109,0.999907,0.00239427
42.8773,-25.3027,16.0783,0.117951,0,1.93081,1,0.280742,-0.889111,0.361477
46.7934,-18.994,36.5117,-1.85708,-0.189095,-3.5,0,-0.0763314,0.591478,0.8027
26.102,-59.5665,10.825,1.40821,0.580251,-3.9,0,0.833743,-0.522536,0.178406
39.786,-22.114,9.446,0.155806,0,-4.5,0,-0.859617,0.404353,-0.31234
39.5515,-26.0163,18.362,-0.147996,0,-3.79054,0,-0.973076,-0.217638,-0.0758755
42.0904,-16.2397,19.592,0.72343,0,3.8,0,-0.575507,0.55215,0.603259
41.8325,-15.301,18.4295,0.876038,0,3.8,0,-0.58556,0.369434,0.721553
54.625,-11.918,29.848,-0.447719,-0.684171,-3.5,0,0.987809,-0.12098,0.0979699
43.5415,-19.128,35.0805,0.831383,0,-3.9,0,-0.240982,0.957582,0.158
43.9239,-42.3128,10.0942,0.676328,0,1.9,1,0.707626,-0.186641,-0.681492
44.38,-27.313,13.146,0.104758,0,4.5,0,-0.48176,-0.533538,0.695158
55.1003,-19.175,29.712,0.0525365,0,-0.4,0,0.917206,-0.362952,-0.164317
54.4762,-10.7005,31.7537,-0.172129,0,-3.5,0,0.846517,0.244634,0.472825
49.5415,-19.6125,26.937,-0.447593,0,4.2,1,-0.388124,-0.224542,-0.893835
40.251,-26.234,3.041,-1.32549,-0.530874,-3.5,0,-0.841951,0.423213,-0.334678
32.763,-53.729,11.2195,0.0414922,0,4.5,0,0.713649,-0.37771,0.589949
34.655,-45.879,14.034,0.0537681,0,4.2,0,0.287059,-0.12081,0.950264
47.9888,-22.265,34.1592,-0.59953,0,1.8,0,-0.091719,-0.523768,0.846909
49.2287,-13.4768,12.8123,-0.0451572,-0.195509,-2.442,0,0.29175,0.319664,-0.901497
31.91,-43.0277,8.6105,-0.403732,-0.53925,-4.5,0,-0.217072,0.602823,-0.767779
59.503,-18.619,14.7145,0.303451,0,-0.9,0,0.815497,-0.369496,-0.445464
51.912,-4.8675,27.9425,0.603015,0.473583,-0.8,0,0.245197,0.907093,0.342141
38.2113,-23.6885,27.3935,0.251923,0,3.8,0,-0.532625,-0.827462,0.177813
40.2023,-15.0037,32.0725,0.163367,0,-3.5,0,-0.899466,-0.37408,0.225889
49.924,-26.3883,15.8278,-0.00935318,0,3.8,1,-0.147096,0.280694,0.948458
36.2467,-38.9755,4.775,0.325834,0,-4.5,0,-0.730279,0.0625294,-0.680282
45.0257,-19.8918,7.3895,1.04936,0,3.8,0,0.795551,0.604047,-0.0471834
24.5417,-48.3065,5.28625,-0.873721,0,-3.5,0,0.537564,0.141478,-0.83127
51.9605,-8.69625,30.7202,-1.1146,-0.755882,-3.5,0,-0.226365,0.641611,0.732867
43.3575,-44.0245,12.2334,0.112891,0,1.9,1,0.194837,-0.896074,0.398862
43.206,-28.0215,10.7983,0.280834,0,4.5,0,-0.323893,-0.704683,0.63128
41.4215,-22.397,36.118,0.405721,0,-3.9,0,-0.912131,-0.31355,0.264012
51.3465,-20.7315,33.8635,-1.02599,-0.185045,-3.5,0,0.883543,-0.0809465,0.461302
26.3347,-51.4025,16.0688,-0.00720592,0,3.8,0,-0.743068,-0.664518,0.0791609
40.879,-14.0285,24.331,0.772841,0.167074,-0.7,0,-0.250513,0.297009,-0.921428
47.117,-21.332,0.2735,2.41396,0,-3.86016,0,0.774241,0.220274,-0.593321
51.3693,-16.9565,31.0413,-1.29356,-0.168188,0.216869,0,0.240187,0.570434,0.785439
42.3735,-44.051,8.1915,-0.21749,0,3.8,0,0.811547,-0.0804975,-0.578715
46.7135,-19.4013,-0.03525,1.94833,0,-4.5,0,0.770861,-0.13768,-0.621946
48.2175,-22.6075,26.381,-0.0154747,0,4.2,1,-0.113538,-0.243154,-0.96332
43.0745,-11.6505,21.89,1.40563,0,-4.5,0,-0.562762,-0.787465,0.251393
54.2407,-11.6193,32.3138,-0.0440507,0,-3.5,0,0.646674,-0.230069,0.727242
42.9427,-23.3783,35.9782,0.847629,0,-3.9,0,-0.210537,-0.957468,0.197303
50.281,-35.23,6.879,-0.314313,0,-3.5,0,0.647554,-0.76179,0.0187139
42.3112,-22.5373,23.7113,0.127232,0,-3.9,1,0.752613,-0.650529,0.101912
54.456,-13.003,30.603,0.331527,0.513259,-3.5,0,0.894093,-0.237551,0.379695
42.08,-36.257,2.973,0.703942,0.711657,-4.5,0,0.249484,0.271308,-0.929596
51.2585,-5.97975,25.675,-0.909163,-0.891496,-0.8,0,-0.028287,0.44605,-0.894561
41.9361,-39.171,15.1126,0.168972,0,1.9,0,0.0632784,0.408113,0.910736
37.6525,-27.5195,8.97075,0.723383,0,-4.5,0,-0.99944,0.00844832,-0.0323887
46.072,-25.4405,-3.061,0.823363,0,1.8,0,0.64965,-0.706715,-0.280194
39.252,-34.38,6.0425,-0.207148,0.0312404,-3.56228,0,-0.530549,0.333127,-0.779451
50.0387,-10.4618,13.605,-0.561382,-0.0303904,-3.54049,0,-0.274139,0.087061,-0.957741
49.6905,-17.776,35.3095,-0.121658,0,-3.5,0,0.627444,0.291856,0.721896
35.438,-23.0625,17.906,-0.404563,-0.0126736,-3.5,0,-0.539981,-0.239851,-0.806779
22.835,-59.3097,11.0085,2.23901,0.0611686,-3.9,0,-0.907661,-0.406043,0.106208
44.2588,-28.4435,5.32225,0.136915,0,-3.5,0,0.618394,-0.78248,-0.0728982
25.9945,-51.71,6.704,-2.37189,0,-3.9,0,0.486446,0.426956,-0.762285
51.253,-22.653,1.554,1.44382,0,-3.9,0,0.271124,0.9487,0.162664
46.1316,-5.64862,21.6206,1.16017,0,-4.5,0,-0.128458,0.969781,0.207422
41.5705,-15.136,15.229,0.40118,0,3.8,0,-0.36699,0.515236,-0.7745
45.146,-20.644,-1.64,4.21377,0,1.8,0,-0.482284,0.768968,-0.41963
52.7912,-18.688,19.588,0.0981803,0,0.524311,1,0.976787,0.209231,0.0459259
30.7423,-36.8262,18.2865,0.541661,0.748594,-4.5,0,-0.370123,0.581428,0.724535
48.0628,-18.6095,25.8515,-1.13396,-0.264689,-0.319463,1,0.328475,-0.865443,-0.378302
39.436,-24.5317,29.9007,0.0987901,0,3.8,0,-0.595652,-0.30888,0.74148
36.0725,-18.619,25.74,-0.676922,0,1.8,0,-0.868118,0.471,0.15662
46.413,-6.7395,19.2,1.02327,0,-4.5,0,-0.51131,0.547175,-0.662692
22.6565,-56.6437,9.7695,0.31913,0,-3.9,0,-0.911932,-0.129553,-0.389353
35.923,-44.5605,4.577,-0.673534,-0.0255293,-3.5,0,-0.00741644,0.156827,-0.987598
35.295,-50.2495,10.9585,0.0546213,0,4.2,1,0.121156,-0.815348,-0.566152
49.453,-20.7015,7.12175,0.393532,0,1.9,0,-0.236492,0.968328,0.0800728
55.5433,-15.0577,18.0382,-0.196951,0,-0.9,0,0.555861,0.18334,0.810805
41.7682,-16.206,33.279,0.180803,0,-3.5,0,-0.386742,-0.375209,0.842407
52.34,-26.9275,1.7055,0.314159,0,-3.9,0,0.503562,-0.836105,-0.217609
44.915,-34.25,13.4605,-0.941172,0,3.15676,0,0.0816669,-0.555112,0.827757
47.201,-6.573,14.0705,0.547574,0,-4.5,0,-0.526062,0.404628,-0.748021
42.512,-16.912,5.7875,0.304733,0,3.8,0,0.431473,0.658396,-0.616721
47.168,-14.289,28.2675,-0.813721,0,4.47745,0,-0.686569,0.548211,0.477585
44.5448,-17.5427,9.5065,-0.848264,-0.504969,-3.5,0,0.66818,0.182898,-0.721168
43.1017,-25.0312,-3.84675,0.34323,0,1.8,0,-0.587183,-0.463155,-0.663854
36.5305,-40.574,14.9505,0.0744359,0,1.8,0,0.147471,0.672451,0.725301
43.6037,-27.6992,12.478,0.0814741,0,4.5,0,-0.694055,-0.590383,0.411989
58.1237,-14.7773,13.9625,0.926844,0.784337,-3.9,0,0.905734,0.238455,-0.350408
55.316,-28.5247,5.359,0.152235,0,4.2,0,0.749926,0.0205656,-0.661202
46.3582,-21.493,25.1082,-0.130868,0,-0.7,1,0.607133,-0.561441,-0.562293
40.862,-16.9725,24.3722,0.550838,-0.190173,2.73766,0,-0.118833,0.630444,-0.767085
25.1525,-53.869,6.258,-1.82772,-0.35207,-3.9,0,0.28275,-0.486484,-0.826671
53.612,-24.287,17.219,-0.0285425,0,2.8,1,-0.284064,-0.927387,0.243434
42.93,-25.775,27.2785,0.0578367,0,3.8,1,0.918205,-0.38326,-0.100053
21.541,-46.734,6.939,0.0809771,0.00378775,-3.5,0,-0.999982,-0.000716235,0.00601727
56.7445,-25.0578,13.6585,0.179946,0,3.8,1,0.774598,0.301886,0.555754
29.1117,-46.4873,7.089,0.0298879,0,1.8,0,-0.081157,0.231781,-0.969377
43.9292,-12.9785,33.6823,-1.43009,-0.112411,-3.5,0,0.835331,-0.0587612,0.546598
30.4955,-40.8835,13.9755,0.649841,0,-4.5,0,-0.904351,-0.18029,0.386839
40.3225,-39.544,3.22375,0.269042,0,-4.5,0,-0.141715,-0.453724,-0.879802
39.9567,-28.1138,0.55275,0.621489,0.680736,-3.5,0,-0.936005,-0.0840557,-0.341802
33.812,-44.6065,14.819,-0.510519,0,1.8,0,0.00357394,-0.218257,0.975885
41.024,-19.2335,11.8392,0.233608,0,-0.8,0,-0.15226,0.966276,0.207672
52.331,-10.488,23.185,-0.67891,-0.402152,-3.5,0,0.442717,0.572398,-0.69019
57.1335,-15.891,12.5092,1.7589,0.0139353,-3.9,0,0.907754,-0.204052,-0.366533
42.3024,-42.4655,15.0121,-0.829855,0,1.9,1,-0.212722,-0.356835,0.909625
54.4155,-20.969,14.3695,0.483037,0,2.8,1,0.868555,-0.0048946,-0.495569
32.541,-21.5193,22.4375,0.52105,0,1.9,0,-0.964585,0.0749845,-0.25289
37.3075,-49.0285,11.531,0.0247658,0,4.2,1,0.892815,-0.40076,-0.205603
32.7363,-54.3485,10.305,0.0328309,0,4.5,0,0.660784,-0.735101,0.151627
24.405,-57.9808,12.4985,1.57031,0.705474,-3.9,0,-0.039087,-0.00349391,0.99923
39.8758,-13.942,32.275,0.0750659,0,-3.5,0,-0.987141,0.0896509,0.132343
50.2952,-35.2243,4.18175,-0.242852,0,-3.5,0,0.714008,-0.458027,-0.529531
31.4635,-36.9455,14.6255,0.587522,0.663723,-4.5,0,0.103151,0.919088,-0.380313
41.422,-32.1968,9.11425,-0.535763,0,-3.99675,0,-0.514061,0.317876,0.796678
51.7897,-5.90875,18.13,0.456955,0,-4.5,0,0.668447,-0.0113814,0.743673
23.8365,-50.5325,13.2275,-0.704949,-0.0193969,3.8,0,-0.656859,-0.754012,-0.00172551
44.1632,-25.2523,-4.11025,0.542444,0,1.8,0,-0.185623,-0.67676,-0.712418
39.1772,-41.656,14.415,-1.29243,-0.830775,1.9,1,0.233935,-0.597619,0.766893
46.942,-21.7095,-2.4935,4.27012,0,1.8,0,0.816958,0.321479,-0.478781
45.9787,-21.3505,-3.01075,7.97157,0,1.8,0,0.34017,0.610393,-0.715336
39.1973,-25.1182,17.3697,-0.079056,-0.384819,1.8,0,-0.888269,-0.334,0.315312
55.4113,-32.4232,9.2585,0.039566,0,3.8,1,0.548184,-0.730401,-0.407441
35.5175,-19.6185,24.3403,0.401208,0,1.85087,0,-0.683695,0.670227,0.288716
42.586,-9.662,22.296,0.394352,0,-4.5,0,-0.665973,0.136563,0.73337
53.5122,-11.2885,13.5747,0.0808821,0,-3.5,0,0.313499,0.324939,-0.892263
54.5262,-13.8295,29.9328,0.354301,0.210853,-1.42481,0,0.886492,-0.0507344,0.459953
39.2557,-21.272,1.24325,0.194582,0,-3.5,0,-0.816265,0.509376,0.272485
24.9228,-49.6992,6.6275,-0.478545,-0.195334,-3.5,0,0.675544,-0.231805,-0.699933
43.9178,-23.1702,-4.65625,0.566507,0,1.8,0,-0.448309,0.355174,-0.820287
45.4565,-27.9565,1.2775,0.547223,0,-3.5,0,0.560041,-0.787084,0.258559
50.975,-20.317,4.6025,-0.269366,0,1.9,0,0.290434,0.876449,-0.384039
47.0705,-9.287,13.8385,0.445673,0,-4.5,0,-0.640975,-0.0598688,-0.765223
42.087,-25.277,18.787,-0.422684,0,-0.178791,1,0.409077,-0.854083,-0.321245
42.27,-28.3213,10.1882,0.825759,0.679421,-4.5,0,-0.0963384,-0.524685,0.845828
34.911,-21.3493,18.3218,0.0241846,0,-3.5,0,-0.715423,0.152229,-0.681906
44.5665,-5.905,21.785,0.710089,0,-4.5,0,-0.409007,0.886821,0.215085
50.38,-24.4525,29.218,-0.363183,-0.23329,3.02298,1,0.0707097,-0.989285,-0.127735
46.825,-25.5222,15.3088,-0.000432525,0,4.00228,1,0.118655,-0.738047,0.664235
49.9395,-14.2405,12.837,0.499094,0,-2.43513,0,0.318586,0.559391,-0.765235
46.312,-38.7018,5.378,-0.130402,0,4.2,0,0.866382,-0.476832,-0.148371
36.3175,-24.265,18.5385,-0.812296,-0.830026,-3.5,0,0.14384,-0.932682,-0.33078
48.797,-32.0405,1.965,-1.25159,-0.501777,-3.5,0,-0.0601393,0.411092,-0.909608
42.621,-12.1535,34.622,-1.34917,-0.254564,-3.5,0,-0.0303693,0.549503,0.83494
48.1447,-24.4918,16.5405,-0.107938,0,3.8,1,0.521757,-0.737377,0.429004
36.8205,-21.4573,13.6423,0.394444,-0.265613,-0.8,0,-0.901922,0.0423675,0.429815
37.2262,-22.502,13.3025,0.205202,-0.34531,-0.8,0,-0.669583,-0.73767,0.0866079
30.773,-36.055,17.499,0.760758,0.565474,-4.5,0,-0.316475,0.91356,0.255444
49.764,-9.417,13.6733,-0.447118,0,-3.99227,0,-0.229561,-0.0238912,-0.973001
56.447,-14.846,23.6385,0.441456,0.542455,-3.5,0,0.823236,-0.537623,-0.18233
36.424,-36.7575,13.3135,0.0447447,0,1.8,0,-0.354732,0.48847,0.797221
38.1295,-44.7325,11.968,0.641517,0,3.8,1,0.29614,-0.483486,0.823737
41.4533,-40.2505,3.68725,0.428002,0.164115,-4.5,0,0.198454,-0.705117,-0.680754
43.581,-6.98925,19.2052,1.07393,0.0278527,-4.5,0,-0.0606215,0.550469,-0.832652
50.871,-23.9643,-2.01325,2.79406,0.0855029,-3.9,0,0.0464198,0.682735,-0.72919
45.4313,-23.0212,33.3785,-0.437362,0,1.8,0,-0.142211,-0.751466,0.644263
34.843,-50.0272,15.0122,0.0675468,0,4.2,0,0.172177,-0.577047,0.798356
23.7195,-53.559,6.097,-1.5962,-0.581636,-3.9,0,-0.421874,-0.360327,-0.831978
55.768,-18.21,12.6025,0.522399,0,-3.9,0,0.702674,-0.66358,-0.256731
41.5597,-13.5103,28.361,0.183962,0,-0.7,0,-0.112127,0.991815,0.0610839
52.9967,-28.678,4.791,0.149063,0,4.2,0,0.128104,-0.322501,-0.93786
55.1035,-15.8542,30.0023,0.770823,0.579221,4.2,0,0.90312,0.193369,0.383383
40.309,-20.652,1.63625,0.0553969,0,-3.5,0,-0.462133,0.821028,0.335182
45.0545,-24.733,20.1112,0.0704977,0,3.8,1,0.0687555,-0.32126,0.944492
28.1845,-51.921,17.5497,0.0403733,0,3.8,0,0.0585507,-0.939417,0.337739
31.852,-40.695,18.611,0.516856,0.0359744,-4.5,0,-0.48348,-0.802477,0.349682
41.1355,-32.4976,6.61163,-1.1306,-0.771927,-3.5,0,0.413311,-0.0134153,-0.910491
40.5685,-18.2222,31.0265,0.694663,0.58858,-2.56948,0,-0.687342,0.20644,0.696379
38.368,-27.535,6.998,0.284494,0.010539,-4.5,0,-0.869073,0.345046,-0.354477
46.3558,-24.4527,30.8958,0.00584236,0,1.8,0,-0.380307,-0.804791,-0.455716
44.8893,-28.7482,9.1385,0.580297,0.388304,-1.0626,0,-0.00475704,-0.383971,-0.923333
22.9158,-52.3893,10.278,-0.769556,-0.0890641,-3.51461,0,-0.75691,-0.0588402,0.650865
28.469,-52.5525,13.5875,-0.215743,0,4.5,0,0.143687,-0.524523,0.839184
40.9142,-35.8985,2.799,0.188478,0,-4.5,0,0.0251429,0.342086,-0.939332
23.2525,-49.7477,13.7245,-1.06429,-0.344413,3.8,0,-0.93011,-0.251848,0.267337
55.3911,-15.9487,26.9937,-0.0202756,0,4.2,0,0.961783,-0.0651418,0.265951
35.2645,-24.201,18.6135,-0.991698,-0.0605702,-3.5,0,-0.465297,-0.711397,-0.526699
22.362,-45.6932,5.78575,0.369012,0.699433,-3.5,0,-0.275119,0.730603,-0.624924
42.4338,-38.8418,2.92225,0.440901,0.19665,-4.5,0,0.434073,-0.24196,-0.867776
25.959,-51.5425,13.4075,-0.282674,-0.775145,4.5,0,-0.591036,-0.665903,0.455247
39.5055,-24.643,25.2418,-0.11592,0,3.56722,0,-0.621336,-0.783538,-0.00294191
53.1522,-7.507,29.2395,-1.07652,-0.353183,-2.84713,0,0.690412,0.703687,0.167798
59.0863,-16.9601,16.9294,0.0165763,0,-0.9,0,0.640188,0.128589,0.75738
45.021,-17.313,-1.196,0.825322,0,-4.5,0,-0.63003,-0.353752,-0.691319
46.7415,-22.138,19.2245,0.0457162,0,3.8,1,0.693821,0.00214332,0.720144
43.887,-23.2022,27.9895,-0.206868,0,1.45208,1,0.745976,-0.663071,0.0621088
43.7788,-24.6413,20.141,0.0777893,0,3.8,1,0.193739,-0.390071,0.900172
53.9362,-14.6275,30.509,0.31082,0,0.613865,0,0.541907,0.0337102,0.839762
45.791,-16.3888,24.8162,0.167921,0,4.5,0,-0.151948,0.205607,-0.966766
48.2355,-23.6085,-0.049,2.51855,0.627973,-3.9,0,0.343897,0.881098,-0.324656
22.979,-46.5137,5.44975,0.40142,0.251497,-3.5,0,0.0449342,0.201188,-0.978522
41.2215,-13.2048,24.9805,0.983171,0.395651,-0.7,0,-0.318909,0.917538,-0.237531
31.694,-37.3008,18.84,0.56015,0.405743,-4.5,0,0.088474,0.705625,0.70304
43.7723,-15.4345,12.2542,-1.30061,-0.0631891,-3.5,0,-0.58542,0.775248,-0.237222
41.8138,-25.2407,23.2533,0.17719,0,-3.9,1,0.809898,-0.330171,0.484822
44.296,-43.3747,10.6508,0.399704,0,1.9,1,0.671649,-0.464934,-0.576822
46.974,-21.347,-1.487,4.08936,0,1.8,0,0.924821,0.376959,-0.0510738
45.598,-16.988,10.054,-1.20884,-0,-3.5,0,0.499611,0.00216341,-0.866247
56.8405,-19.5338,17.925,0.0199242,0,-0.9,1,0.296075,-0.0955924,0.950369
43.345,-40.9217,4.7475,-1.64052,-0.858636,-3.5,0,0.295106,-0.487999,-0.821444
37.932,-40.3052,3.504,0.216058,0,-4.5,0,-0.321754,-0.377371,-0.86837
33.3415,-23.829,22.2908,-0.618958,0,1.9,0,-0.803757,-0.542829,-0.243537
40.524,-41.163,4.984,-1.04386,0.266887,-4.00049,0,-0.0511804,-0.742156,-0.66827
44.867,-12.8667,21.466,1.54505,0,-2.34928,0,-0.480011,-0.700526,0.528065
42.9955,-40.354,15.4663,0.147461,0,1.9,0,-0.0484013,0.0293344,0.998397
54.7865,-13.728,28.7825,0.0996625,0.0159248,3.75861,0,0.966041,0.130884,0.222788
26.811,-51.5658,17.3762,0.0263837,0,3.8,0,-0.55263,-0.706202,0.442582
43.331,-41.843,7.3285,-0.838598,0,-3.5,0,0.718089,-0.691038,0.0825505
56.0882,-29.3705,10.174,0.118087,0,3.8,1,0.960608,-0.159876,-0.227313
35.409,-39.782,6.671,0.153879,0,-4.5,0,-0.910998,0.15723,-0.381263
48.9982,-24.798,15.5725,-0.264195,-0.146994,3.56666,1,0.309456,-0.400017,0.862684
49.4702,-23.7132,15.8678,-0.291845,-0.0387215,2.8,1,0.215955,-0.504443,0.836003
52.448,-5.8175,26.0895,0.472532,-0.191125,-0.8,0,0.584066,0.386806,-0.713616
49.108,-20.4135,35.2972,-0.653362,0,-3.5,0,0.551362,-0.380223,0.742584
56.8225,-13.4788,24.7335,-0.307745,-0.332849,-3.5,0,0.948302,-0.169664,-0.268211
51.6155,-32.3003,5.341,-0.659645,-0.188291,3.91394,0,0.59525,-0.502242,-0.627241
53.1683,-17.7808,20.413,0.00484007,0,-0.9,1,0.833328,-0.251365,-0.492321
29.9428,-37.1273,15.9873,0.534824,0,-4.5,0,-0.852194,0.449375,-0.268005
42.856,-24.7922,-1.95175,1.01009,0,1.8,0,-0.964689,0.117128,-0.235914
50.3148,-33.234,12.8912,0.159982,0,-0.9,0,0.58806,-0.808816,0.00166404
44.442,-33.5415,17.2615,0.00930563,0,-0.9,0,-0.524796,-0.706181,0.475287
43.3768,-26.102,14.5798,0.0677057,0,2.97615,0,-0.0810483,-0.913449,0.3988
40.5363,-32.9212,9.40325,-1.06316,0,-3.5,0,-0.317222,0.787104,0.528996
49.682,-36.063,4.472,-0.150711,0,-3.5,0,0.367212,-0.908824,-0.197976
41.769,-40.7955,4.6765,-0.670333,0.101454,-4.00639,0,0.0703684,-0.651173,-0.75566
42.4238,-25.0095,17.1165,0.389995,0,1.8,1,0.076417,-0.993719,0.0817527
45.126,-23.0653,-4.99125,0.511001,0,1.8,0,0.232278,0.263174,-0.936369
56.102,-14.3903,10.2758,0.513749,0,-3.9,0,0.336589,0.352565,-0.873158
51.6665,-30.4967,13.6418,0.162999,0,3.8,1,0.526689,-0.3056,0.793226
55.5435,-15.46,23.0605,0.380959,0.187192,-1.08538,0,0.852075,-0.520897,-0.0513379
39.886,-19.4088,16.028,0.303853,0,2.35011,0,-0.841778,0.52844,-0.110281
45.257,-14.7708,13.8293,-0.791236,-0.136146,-3.5,0,-0.106111,0.976765,-0.186202
48.657,-15.9528,33.7425,-0.17346,0,-3.5,0,0.175409,0.972489,0.153284
52.2745,-28.0665,4.392,0.148008,0,4.2,0,0.128746,-0.593263,-0.794647
30.2358,-50.2212,8.8935,0.574739,0,4.5,0,-0.119111,0.280848,-0.952333
50.1927,-7.352,13.1135,0.830594,0.177208,-4.5,0,-0.132963,-0.0157826,-0.990995
40.5168,-22.575,8.0965,0.305069,0,-4.5,0,-0.816455,0.385828,-0.429578
24.8302,-50.9755,6.67625,-0.676333,0,-3.9,0,0.447947,0.0585071,-0.892143
35.7555,-36.2393,12.1803,0.0472509,0,1.8,0,-0.557729,0.79803,0.228224
43.504,-35.109,3.3925,0.101496,0,4.2,0,-0.241033,0.458284,-0.855499
37.2622,-21.402,29.4888,-0.198293,-0.530955,2.84984,0,-0.663122,0.0548882,0.746496
44.6625,-5.755,27.7135,3.11876,0.0428946,-3.9,0,-0.226868,0.5164,-0.825749
51.4448,-4.4455,16.5767,0.513788,0,-4.5,0,0.181241,0.970385,-0.159701
39.4818,-24.9725,13.123,-0.0480959,0,-1.30615,0,-0.929753,-0.314028,-0.192211
30.7768,-44.444,15.8048,0.260269,0,1.8,0,-0.00758039,0.223757,0.974616
44.3662,-7.8615,30.3697,1.56127,0.0537404,-3.9,0,-0.915376,-0.212239,0.342112
43.4665,-16.711,8.088,0.190057,0,3.8,0,0.64088,0.666406,-0.38102
50.9593,-26.6768,16.0098,0.00636968,0,3.8,1,0.377115,-0.0701022,0.92351
54.446,-20.163,12.43,0.62059,0,-3.9,1,0.822835,-0.415503,-0.387685
39.478,-22.9145,2.619,0.291662,0.0957886,-3.5,0,-0.936166,-0.136393,0.324021
45.3015,-25.4385,-3.733,0.797336,0,1.8,0,0.231517,-0.820637,-0.522451
50.8715,-34.6222,8.9865,-1.20741,-0.613778,3.8,0,0.287279,-0.815226,0.502869
51.408,-24.8302,-2.37775,2.19829,0.741907,-3.9,0,0.353576,0.0104114,-0.935348
50.647,-17.2,31.845,-0.609627,-0.988392,1.8,0,0.537498,0.71521,0.446734
44.785,-29.7745,9.153,0.660274,0.289966,-1.40506,0,0.307606,0.265013,-0.913863
45.3073,-31.9888,7.38575,0.910547,0,-1.98726,0,-0.220916,0.34137,-0.913599
39.0933,-31.3705,6.45375,0.0606343,0.213236,-4.2726,0,-0.597552,-0.275329,-0.753078
48.0575,-36.7848,12.8795,-0.0482587,0,4.2,0,0.826939,-0.00203673,0.562287
42.038,-26.988,21.875,1.04792,0.478378,-3.9,1,0.952143,-0.00398183,0.305628
46.7347,-22.3727,33.9092,-1.46794,-0.706731,-3.5,0,0.0620266,-0.732832,0.677577
32.9972,-23.1055,23.2845,-0.260516,0,1.9,0,-0.917909,-0.3935,0.0509918
39.632,-23.0613,-0.06525,0.588744,0.0269353,-3.5,0,-0.526733,-0.678067,-0.512619
52.7035,-33.315,7.902,-0.023974,0,3.8,0,0.514026,-0.772954,-0.371913
26.0511,-49.3717,7.42375,-0.12683,0,-3.5,0,0.666448,-0.204075,-0.717078
55.8715,-28.7065,6.5865,0.147735,0,4.2,1,0.976006,-0.187783,-0.110224
55.8805,-23.8808,13.3833,0.251555,0,3.8,1,0.746925,0.647856,0.149619
42.5863,-43.1455,8.75675,-0.2465,0,3.8,1,0.875566,-0.0916222,-0.47433
28.3983,-51.6598,14.3075,0.136593,0,4.16391,0,0.276226,-0.830504,0.483696
39.337,-15.992,27.722,0.666007,0.832938,-0.7,0,-0.854862,0.484179,0.186499
46.5373,-17.1152,10.557,-0.41986,0,-2.53707,0,0.104851,0.0127855,-0.994406
40.9162,-16.6987,15.1439,0.226156,0,3.8,0,-0.784449,0.162766,-0.598454
29.2122,-50.1175,8.9225,0.176355,0,2.49158,0,-0.0863759,0.0331362,-0.995711
29.993,-54.8047,12.1655,0.0433341,0,4.5,0,0.123756,-0.909742,0.396301
57.534,-26.49,12.0615,0.146794,0,3.8,0,0.968865,-0.183084,-0.166674
37.316,-32.8582,9.0905,-1.20031,-0.174751,-3.5,0,-0.804403,0.465898,0.368611
42.1642,-11.3202,32.2822,-0.922971,0,-3.5,0,-0.458452,0.886394,0.0642408
47.8875,-19.3955,36.8063,-1.17278,-0.687545,-3.5,0,0.305529,0.310524,0.900126
44.5291,-12.6201,31.0977,-2.14843,0,-3.5,0,0.897686,-0.239976,-0.369555
52.0047,-24.288,27.4603,-0.00740426,0,4.2,0,0.542321,-0.824692,-0.160533
40.117,-26.707,14.3225,0.127082,0,1.8,0,-0.00977505,-0.893237,-0.449479
53.9108,-23.529,19.114,0.0175658,0,2.8,1,0.0226051,-0.817161,0.575967
52.9842,-22.604,7.553,0.671942,0,1.9,0,0.979401,0.200392,-0.0248405
54.266,-25.981,8.76775,0.334832,0,3.8,1,0.654879,0.51273,-0.555195
44.2335,-14.1385,1.21525,0.555432,0,-4.5,0,-0.893502,0.43533,-0.110194
33.0967,-38.2617,19.056,0.494308,0,-4.5,0,0.748488,0.407368,0.523275
32.407,-53.3905,7.70125,-0.0184104,0,4.5,0,0.262821,-0.268113,-0.926844
47.7438,-17.9345,22.1238,0.634749,0,3.70397,0,-0.813585,0.538172,0.220113
48.6755,-6.10975,19.0968,0.663079,0.737241,-4.5,0,-0.0467444,0.995309,0.0847003
39.862,-27.1415,15.9875,0.0895167,0,1.8,0,-0.17256,-0.98388,0.0469486
51.3435,-12.496,32.4152,0.00950996,0,-3.5,0,-0.0911757,-0.27919,0.955897
41.247,-12.0892,32.4632,-0.663605,0,-3.5,0,-0.7235,0.690309,-0.00467362
49.3083,-7.38525,25.1055,-1.47615,-0.70695,-0.8,0,-0.594228,0.795373,-0.119477
48.7038,-20.1268,27.145,-0.0798577,0,4.2,1,-0.0132613,0.0707072,-0.997409
38.414,-24.0265,29.1335,0.114494,0,3.8,0,-0.705849,-0.593355,0.38692
45.7665,-18.1057,23.92,0.490711,0,4.5,0,0.247097,0.532336,-0.809667
37.7225,-16.8002,21.7428,0.45138,0,1.8,0,-0.0487127,0.958695,-0.280235
48.444,-19.182,26.935,-0.875733,-0.205358,1.05109,1,0.186336,-0.511883,-0.838602
52.6592,-21.2095,27.329,-0.347827,-0.00250482,4.2,0,0.879595,0.0898651,-0.467157
32.1493,-52.1263,11.6538,0.146072,0,4.5,0,0.48843,-0.432425,0.757921
46.5835,-40.427,11.701,-0.0326547,0,4.2,0,0.455724,-0.854488,-0.249331
46.8457,-34.4525,2.4825,-1.50481,-0.1661,-3.5,0,-0.180565,-0.371075,-0.910878
55.257,-29.5133,5.723,0.108544,0,4.2,1,0.714164,-0.544022,-0.440466
44.8025,-18.5872,34.718,-0.226085,0,-3.69998,0,-0.513787,0.804698,0.297462
44.0658,-15.6468,1.3245,0.076762,0,-4.5,0,-0.99939,-4.17077e-05,0.0349196
24.5925,-53.0042,5.88925,-2.21341,-0.813679,-3.9,0,0.0198435,0.0150742,-0.999689
51.0435,-9.19575,30.8345,0.0958071,0.455193,-2.1502,0,-0.0524216,0.716308,0.695812
53.5223,-8.69825,16.0728,-1.0071,-0.0167147,-3.5,0,0.900682,0.325058,0.288289
43.1061,-24.8401,26.8586,0.0253242,0,3.8,1,0.956421,-0.197163,-0.215375
50.972,-7.062,25.3525,-0.541258,-0.115316,-0.8,0,0.14912,0.62,-0.770301
41.864,-26.7405,28.6833,0.072884,0,3.8,0,0.309454,-0.74181,0.594942
34.659,-23.891,19.528,-0.752509,-0.738856,-3.5,0,-0.779034,-0.623344,-0.0674437
48.24,-34.722,10.1733,0.00223232,-0.0857263,1.56728,0,0.869773,-0.470059,-0.150134
39.9685,-46.5335,8.17775,-0.0120698,0,3.8,0,0.0658222,-0.995851,-0.0628331
45.7285,-13.4085,15.6725,0.287976,0.00986414,-3.9,0,-0.254009,0.329948,-0.909183
49.9985,-33.4835,13.9525,-0.124283,0,-0.9,0,0.690215,-0.723257,-0.0224078
32.277,-38.0008,19.6635,0.733612,0.603648,-4.5,0,0.174883,0.526385,0.832066
39.895,-32.1035,6.1775,-0.750193,-0.0282269,-3.5,0,-0.0694235,-0.12268,-0.990015
23.353,-45.029,13.364,-0.014648,0,-0.7,0,-0.447124,0.284276,0.848096
30.61,-44.4745,8.4485,0.0310396,0,-0.79967,0,-0.400833,0.591282,-0.699799
32.52,-52.405,7.9365,-0.00376379,0,4.5,0,0.502027,0.380242,-0.776779
42.138,-12.8142,15.6615,2.92299,0.153948,-3.9,0,-0.440669,0.00848845,-0.89763
21.8425,-51.6912,8.144,-1.18277,-0.262693,-3.5,0,-0.879138,-0.172943,-0.444081
49.864,-32.0055,2.605,-0.966035,-0.449126,-3.5,0,0.66705,0.535711,-0.517743
52.9825,-17.6675,19.3015,0.11643,0,-0.9,1,0.896278,-0.364417,0.252756
55.0825,-26.705,8.8865,0.246171,0,3.82054,1,0.621618,0.446255,-0.643776
44.718,-13.085,15.6632,1.65351,0.914388,-3.9,0,0.0928262,0.243851,-0.96536
39.5412,-14.3193,25.8283,0.745158,-0.402026,-0.7,0,-0.964815,0.261234,0.0297941
21.8542,-46.635,5.8065,0.239708,0.593949,-3.5,0,-0.778041,0.155623,-0.608632
55.2508,-12.6543,14.5087,1.9134,0,-3.57874,0,0.434625,0.875568,0.210909
56.554,-28.4455,11.182,0.118027,0,3.8,1,0.856253,-0.398591,0.328565
32.3423,-41.0785,17.0935,0.689886,0.181671,-4.5,0,-0.0121515,-0.935688,0.352619
47.3003,-18.4263,-0.164,1.00821,0.260347,-4.5,0,0.723607,-0.340769,-0.600225
49.0223,-7.1555,13.5173,0.857701,0.274062,-4.5,0,-0.362748,0.281897,-0.888227
22.9482,-54.8693,9.70625,-0.0878889,0,-3.9,0,-0.99443,-0.0432141,-0.0961374
39.664,-15.1095,26.83,0.0161166,-0.0625025,-0.7,0,-0.883986,0.370795,0.284746
23.2415,-49.344,12.6835,-0.132747,-0.23445,0.426297,0,-0.872031,-0.436984,0.220471
39.3766,-38.3402,3.12175,0.180247,0,-4.5,0,-0.25198,-0.149414,-0.956129
44.752,-28.831,0.434,0.399,0,-3.5,0,0.534791,-0.844977,-0.00351126
41.1315,-13.6283,29.5835,0.214181,0,-3.5,0,-0.585231,0.806325,-0.0857029
45.0947,-19.4188,10.2153,0.0173156,0,0.118493,0,0.822593,0.230713,-0.519723
36.7477,-42.4533,15.4773,0.150382,0,1.8,1,0.421734,-0.297283,0.8566
53.2955,-30.017,5.078,-0.290796,0,4.2,0,0.233909,-0.353516,-0.905711
56.651,-12.024,26.907,-1.00456,-0.66968,-3.5,0,0.669689,0.366337,0.645999
46.5465,-7.072,14.8985,1.31354,0,-4.5,0,-0.859059,0.393928,-0.326863
55.171,-22.877,13.6117,0.357759,0,2.8,1,0.847516,0.455938,-0.271729
49.0745,-26.0007,15.3538,0.0182349,0,3.8,1,-0.199488,0.0111093,0.979837
40.5445,-30.2115,20.8172,2.60345,0.0197641,-3.9,0,-0.211983,-0.939135,-0.270348
55.6328,-15.2475,26.1315,-0.0177772,0,4.2,0,0.943738,-0.267758,0.194075
45.1457,-18.1857,-0.435,1.02667,0.113122,-4.5,0,-0.704764,-0.273162,-0.654745
41.5672,-35.366,14.6635,-1.08699,-0.296428,-3.5,0,-0.429844,-0.631245,0.645572
23.2323,-49.871,5.94125,-2.05442,-0.104851,-3.5,0,-0.482556,-0.620929,-0.617727
45.5773,-9.18025,19.4147,1.56462,0,-4.5,0,-0.245986,0.343805,-0.90625
48.188,-24.929,31.372,-0.0905206,-0.416458,1.8,0,-0.0217004,-0.999675,-0.0133501
50.1782,-4.69625,16.166,0.0964369,0,-4.5,0,-0.308299,0.939884,-0.14687
50.8563,-32.511,4.69325,-0.318725,0,-3.5,0,0.841919,-0.0427833,-0.537905
35.8325,-22.1095,17.573,0.61755,0,-3.5,0,-0.496877,-0.0636177,-0.865486
35.2137,-43.929,5.01175,-0.438593,-0.0225865,-3.5,0,-0.250503,0.469243,-0.846793
52.4745,-14.8515,12.217,-0.0180484,0,-3.51382,0,-0.430658,0.482663,-0.762607
25.469,-57.5245,11.64,1.94367,0,-3.9,0,0.726077,-0.0183859,0.687367
44.7323,-31.4382,17.7272,0.0958357,0,-0.9,0,-0.286671,0.58901,0.755571
30.7595,-53.9982,12.7595,0.0553004,0,4.5,0,0.52583,-0.394514,0.753566
43.034,-31.201,12.742,-0.881571,-0.466628,-2.24303,0,-0.300867,0.840742,-0.450146
34.869,-23.252,26.3678,0.232928,0,1.9,0,-0.532887,-0.391497,0.750174
26.8405,-48.1315,16.9088,0.112365,0,3.8,0,-0.611392,0.580499,0.537792
50.6065,-34.973,8.0265,-1.27854,-0.263692,3.8,0,0.501992,-0.858147,0.107646
45.8372,-21.5525,35.9437,-0.266643,-0.276811,-3.70202,0,0.459368,-0.747516,0.479792
53.9453,-18.8482,31.7995,0.120244,0,-0.4,0,0.613373,-0.238257,0.752999
41.3855,-29.3902,1.1,-0.260435,0,-3.5,0,-0.161204,-0.986904,-0.00580663
24.16,-50.4735,12.2227,0.202518,0,2.77112,0,-0.739639,-0.662348,0.119287
43.2365,-21.7435,-2.949,0.843822,0,1.8,0,-0.658964,0.544191,-0.519252
43.8478,-25.3885,16.809,0.0555611,0,3.8,1,-0.199634,-0.9795,-0.0269326
37.331,-23.6408,26.723,0.68496,0,1.9,0,-0.282326,-0.884228,0.372066
28.838,-46.886,16.9975,0.14697,0,3.8,0,-0.229792,0.900587,0.368971
31.672,-53.7537,11.9113,0.0555781,0,4.5,0,0.630495,-0.234034,0.74007
36.3,-22.2917,28.8697,-0.950143,-0.500757,1.9,0,-0.521453,-0.507967,0.685606
56.0602,-31.6607,9.5325,0.0705267,0,3.8,1,0.921253,-0.272021,-0.278024
47.017,-14.8355,1.6165,0.0283446,0,-4.5,0,0.933372,0.323516,0.155414
43.4782,-9.12025,22.6735,0.762612,0,-4.5,0,-0.541446,0.290762,0.788856
42.1805,-29.278,1.8235,0.296165,0,-3.5,0,0.101448,-0.935348,0.338869
39.6485,-25.4732,29.4753,0.100607,0,3.8,0,-0.514323,-0.627804,0.584237
43.415,-29.3507,5.2945,0.127752,0,-3.5,0,0.551969,-0.783051,-0.286638
47.16,-36.0698,13.307,-0.103602,0,4.2,0,0.178107,0.0627142,0.982011
21.9842,-45.8153,11.297,-0.352803,0,-0.7,0,-0.942511,0.313516,0.115677
59.979,-16.5823,15.1622,0.31849,0,-0.9,0,0.954771,0.216488,-0.203824
43.3445,-34.1468,15.782,-0.944331,-0.220763,-3.5,0,0.151829,-0.68415,0.713362
42.6003,-16.6255,7.1525,0.248266,0,3.8,0,0.439334,0.844858,-0.305289
53.3215,-27.417,3.9155,0.169013,0,4.2,0,0.474568,-0.403112,-0.782487
52.503,-24.4325,4.9765,0.398121,0,3.07037,0,0.767015,0.580405,-0.273528
34.1608,-41.4238,15.8497,0.359945,0.349897,-1.35075,1,0.252709,-0.391519,0.884789
53.3595,-17.94,10.0618,0.456472,0,-3.9,0,0.218223,-0.091061,-0.971641
44.1113,-6.38225,19.8255,1.17297,0.790956,-4.5,0,-0.0456908,0.856289,-0.514472
42.571,-29.1943,-0.166,0.493582,0,-3.5,0,0.0734544,-0.953189,-0.293317
52.72,-21.618,9.59175,-0.0263249,-0.103401,-3.6371,0,0.933962,0.175762,-0.311164
51.7783,-22.3783,18.7668,-0.331345,0,2.8,1,-0.644673,-0.630174,0.432756
52.3795,-11.872,19.3,0.311478,0,-0.9,0,0.899915,0.415663,-0.131824
39.6473,-16.975,7.60975,0.187974,0,3.8,0,-0.770096,0.622895,0.137675
38.3005,-33.4135,6.7715,-0.753802,0,-3.5,0,-0.637138,0.142713,-0.757422
43.0098,-21.6415,38.1468,2.45045,0.147495,-3.9,0,-0.438594,-0.342163,0.830999
55.22,-11.0235,28.4293,-1.29853,-0.0391208,-3.5,0,0.968268,0.0253585,0.248625
53.9408,-9.3465,27.5585,-0.813393,0,-3.5,0,0.609219,0.790903,-0.0576539
40.4245,-46.0775,7.045,-0.0543683,0,3.8,0,0.379303,-0.761943,-0.52495
38.4215,-19.3335,12.4225,0.11276,0,-0.8,0,-0.557853,0.80488,-0.202406
22.914,-57.5438,10.421,1.86928,0,-3.9,0,-0.993241,-0.0892885,0.0741614
36.4637,-41.417,15.5588,0.151247,0,1.8,0,0.273853,0.319141,0.907278
44.6725,-33.6273,5.7985,0.623536,0.204537,4.2,0,-0.281839,0.89933,-0.334324
36.0443,-25.5675,24.6197,0.2941,0,1.9,0,0.0957758,-0.966441,0.238366
56.948,-17.2875,11.7975,0.425435,0,-3.9,0,0.832751,-0.343304,-0.434358
32.88,-52.145,8.861,0.0404814,0,4.5,0,0.81506,0.454962,-0.358728
50.063,-22.3655,33.3918,-0.458087,-0.936087,-3.5,0,0.569398,-0.530403,0.628059
40.953,-26.4845,-1.482,-1.20744,-0.0743153,-3.5,0,-0.74875,0.529268,-0.39906
27.7572,-53.187,13.276,-0.440617,0,4.5,0,-0.178138,-0.661273,0.728687
55.1603,-14.0805,27.6187,-0.111781,0,3.80821,0,0.889273,-0.0918813,0.448053
52.8783,-7.99288,30.5184,-1.89396,-0.518527,-3.5,0,0.125925,0.74189,0.658592
51.1522,-32.4463,12.6555,0.196805,0,-0.9,0,0.516043,-0.764266,0.386777
32.9067,-39.982,10.53,0.0723323,0,-4.5,0,-0.140603,0.667292,-0.731404
25.8818,-51.218,14.4915,0.0102657,0,3.8,0,-0.546429,-0.752846,0.366931
33.828,-23.4575,25.558,0.189734,0,1.9,0,-0.773572,-0.195617,0.602761
34.4743,-24.2285,21.4435,-0.834926,0,1.9,0,-0.440608,-0.765198,-0.4694
37.8387,-22.309,14.547,-0.538515,-0.92447,-0.8,0,-0.874937,-0.406509,0.263127
46.928,-18.511,4.17,0.743468,0,-4.5,0,0.265474,0.507919,0.819477
49.5088,-24.9315,30.535,-1.31348,-0.230947,1.8,0,-0.0322235,-0.994528,-0.0993781
45.2405,-30.6,11.207,0.418561,0,-0.855135,0,-0.925274,0.352121,-0.140992
38.523,-25.9807,14.7458,0.0806622,0,1.8,0,-0.919964,-0.293595,-0.259745
37.021,-38.0522,8.15875,-0.125634,0,-3.85059,0,-0.688533,0.723878,0.043839
54.9922,-32.259,11.374,0.053836,0,3.8,1,0.686544,-0.541414,0.485312
38.2243,-31.8531,8.12525,-0.76743,-0.883826,-3.5,0,-0.714728,0.676603,0.177124
50.3409,-5.23688,27.5814,-0.0173739,0,-0.8,0,-0.417604,0.884358,-0.208612
44.717,-18.3905,33.661,-0.52501,0,-3.9,0,-0.66134,0.446625,0.602624
58.3664,-15.3296,16.503,-0.0624498,0,-0.9,0,0.643119,0.46268,0.610184
47.5029,-18.5926,11.144,0.537903,0,-1.6,0,-0.218971,-0.134372,-0.966435
45.771,-26.4678,14.843,0.0552705,0,4.5,1,0.0681754,-0.720127,0.690485
47.0725,-26.417,-0.0725,1.61589,0.167449,-3.9,0,0.341847,-0.607029,-0.717395
48.8343,-10.5729,13.7284,-0.00993126,0,-4.5,0,-0.120524,0.0583712,-0.990993
49.979,-33.6135,3.15375,-1.25155,-0.199669,-3.5,0,0.748491,-0.208609,-0.629479
49.602,-26.1925,-1.195,2.76125,0.0179636,-3.9,0,-0.360543,-0.645942,-0.67288
39.9569,-14.985,24.7135,0.46376,-0.332469,-0.7,0,-0.69766,0.0692692,-0.713072
42.6044,-40.1395,4.40487,-0.648668,-0.44552,-3.5,0,0.339155,-0.503651,-0.79455
44.8913,-26.0815,18.3024,0.0637965,0,3.8,1,-0.188855,-0.981601,0.0281703
50.412,-23.0075,-0.416,2.43241,0,-3.9,0,-0.0199292,0.876171,-0.481589
46.386,-23.3519,29.91,0.0559946,0,1.8,1,-0.425764,-0.736409,-0.525764
46.1544,-20.0946,23.4476,0.0328843,0,4.5,0,0.939203,-0.329417,0.0968593
41.2085,-40.0692,15.3483,-0.00936434,0,1.9,0,-0.195937,-0.0760289,0.977665
50.5511,-30.8286,14.3059,-0.0898077,0,3.1625,1,0.700279,-0.33831,0.628614
42.311,-25.0765,22.1355,0.26287,0,-3.9,1,0.935341,-0.16538,0.31271
22.604,-58.55,9.932,1.44696,0.354892,-3.9,0,-0.980383,-0.0461784,-0.191614
35.2441,-38.1819,12.962,0.217537,0,0.707617,0,-0.253882,0.299631,0.919655
44.3478,-19.3503,2.71875,0.921593,0,-4.5,0,-0.785069,0.609564,0.109995
53.4391,-23.9951,10.1593,1.2187,0,3.8,1,0.610701,0.590859,-0.52719
42.9249,-27.1257,-2.0655,-0.325636,-0.782177,-3.5,0,0.239361,-0.397936,-0.885637
30.3025,-41.836,11.3735,0.0220066,0,-4.5,0,-0.971423,0.224344,-0.0775121
49.5431,-12.9774,30.7202,-0.141053,0,-3.9,0,-0.50228,-0.675736,0.539534
39.7549,-25.6321,26.1156,0.134563,0,3.8,0,-0.789302,-0.583712,-0.190479
51.3194,-22.6367,17.0424,-0.511976,0,2.8,1,-0.372611,-0.807782,0.456781
51.8662,-11.4808,32.4652,0.0299281,0,-3.5,0,-0.0270466,-0.0857336,0.995951
54.3731,-25.8894,6.98537,0.278904,0,4.2,1,0.725488,0.640857,0.250937
41.158,-32.57,11.623,-0.410328,0,-3.5,0,-0.608444,0.769452,-0.194268
24.808,-46.172,13.941,0.0821121,0,-0.7,0,0.0418105,0.421518,0.905855
41.7399,-23.7213,25.319,-0.359035,0,-3.17187,1,0.895804,-0.212046,-0.390606
42.6229,-17.0536,22.7882,0.782923,0,4.5,0,-0.336234,0.827642,-0.449394
53.0774,-24.5032,1.67831,0.802427,0,-3.9,0,0.988066,0.153193,-0.0160445
43.24,-19.0928,37.357,1.98326,0.121232,-3.9,0,-0.0326574,0.890631,0.453552
41.692,-14.9305,24.4464,0.411542,0,-0.7,0,-0.210462,0.0474282,-0.976451
31.1524,-45.2653,7.86088,0.116843,0,-3.40248,0,-0.328367,0.308306,-0.892817
41.0799,-23.4185,0.159,-0.0343396,0,-3.5,0,-0.353179,-0.716516,-0.601556
36.3185,-24.6224,25.6772,0.669595,0,1.9,0,0.0727564,-0.648942,0.757351
37.9424,-46.0026,6.13737,-0.0686176,0.153395,-2.79227,0,0.694861,-0.463798,-0.549599
43.3835,-13.1625,15.5155,3.44498,0,-3.9,0,-0.10393,0.1399,-0.984696
46.0052,-19.0182,21.9005,0.525063,0,4.5,0,0.200104,0.909946,0.363258
46.0672,-14.5285,14.63,-0.414473,0,-3.9,0,-0.411645,0.766938,-0.492295
36.443,-37.8742,6.59075,0.294351,0,-4.5,0,-0.655354,0.75323,0.0561679
54.0375,-26.5375,4.356,0.230156,0,4.2,0,0.77092,0.0954775,-0.629736
37.536,-25.0685,23.0715,0.131578,0,1.55036,0,-0.179977,-0.979572,0.0897032
54.282,-8.87675,28.8745,-1.61369,-0.497453,-3.5,0,0.756598,0.6077,-0.241372
41.5703,-24.5909,24.0427,-0.048144,0,-3.9,1,0.900761,-0.397002,0.176124
47.1963,-6.49475,16.7812,1.85225,0,-4.5,0,-0.682722,0.708461,0.178813
43.8481,-12.0321,25.167,0.0528574,0,-0.764789,0,-0.607574,0.682753,0.405835
39.1196,-19.3406,13.5709,0.0227985,0,-0.8,0,-0.467056,0.84259,0.268144
43.3686,-43.3585,9.89237,0.082149,0,2.78822,1,0.787428,-0.231024,-0.571477
48.4475,-12.2305,12.76,-0.862121,-0.0427096,-4.5,0,-0.0607849,0.344192,-0.93693
23.5735,-55.907,11.899,0.313115,0,-3.9,0,-0.49191,0.307339,0.814596
40.1377,-44.6287,11.647,0.0156618,0,3.8,1,-0.0332606,-0.414238,0.90956
46.2463,-5.77875,20.476,0.924322,0,-4.5,0,-0.254352,0.909672,-0.328332
43.3385,-11.0326,31.9131,-1.68777,-0.563143,-3.5,0,-0.0104538,0.942854,0.333042
36.6655,-25.2617,23.8855,0.2312,0,1.9,0,0.328857,-0.943931,-0.0291108
54.8444,-24.1109,17.3423,0.194005,0,2.8,1,0.437795,-0.874044,0.210669
28.5774,-52.3475,8.71638,-0.114944,0,4.5,0,-0.112115,-0.250191,-0.961683
30.4233,-51.4367,13.0815,0.403004,0,4.5,0,0.512726,-0.287691,0.808917
43.6115,-16.695,22.9405,0.806687,0,4.5,0,0.236993,0.79571,-0.557387
45.2875,-32.2705,18.149,0.133242,0,-0.9,1,-0.0472656,0.0906346,0.994762
53.533,-20.6911,20.2806,0.169696,0,2.8,1,0.597178,-0.15437,0.787114
55.1961,-16.1826,25.2075,0.0303066,0,4.2,0,0.859659,-0.421735,-0.288316
24.5683,-59.0163,8.91975,2.02318,0,-3.9,0,-0.152883,-0.628749,-0.762431
39.7663,-36.829,2.89725,-0.0458001,0,-4.5,0,-0.369145,0.15803,-0.915838
34.9974,-38.6126,11.1009,0.147227,0,1.8,0,-0.748384,0.413308,-0.518746
37.3015,-33.8665,9.2745,-1.09635,-0.812229,-3.5,0,-0.900869,-0.167186,0.400604
31.3091,-50.0887,8.85725,0.218455,0,4.5,0,0.274493,0.289709,-0.916909
27.4635,-51.6307,15.1175,0.0316842,-0.0340179,3.84395,0,-0.0550834,-0.992665,0.107622
44.2989,-30.8328,12.2884,0.0201905,0,-0.9,0,-0.696928,0.633685,-0.335761
45.8585,-15.3523,30.2589,-0.750371,0,1.09013,0,0.287528,0.852379,0.436781
52.5925,-13.3634,18.9834,0.4218,0,-0.9,0,0.810725,0.510513,-0.286535
42.5908,-7.346,19.268,0.991427,0,-4.5,0,-0.483948,0.522829,-0.701743
46.6019,-15.1667,24.2267,0.793734,0,4.5,0,-0.611242,-0.163535,-0.774364
55.5585,-28.5355,9.309,0.158633,0,3.8,1,0.928637,-0.0017148,-0.370987
46.6546,-30.2264,14.6226,-0.510405,0,-0.9,1,-0.237205,0.75651,0.609448
52.0078,-25.7733,0.062,2.59777,0,-3.9,0,0.656835,-0.66993,-0.346067
54.9863,-25.468,9.36,0.303328,0,3.8,1,0.400702,0.528925,-0.748116
41.7632,-9.81038,21.0639,1.06268,0.14254,-4.5,0,-0.955432,0.0209361,0.294467
27.3655,-44.2955,12.314,0.283634,-0.107062,0.960924,0,0.217408,0.975913,0.0181198
33.1425,-45.7453,5.6285,0.0972122,0,-3.5,0,-0.558273,-0.426991,-0.711343
25.2318,-59.77,11.6995,2.37215,0.151326,-3.9,0,0.414711,-0.584142,0.697706
41.4621,-24.665,1.559,0.242737,0,-3.5,0,-0.816384,-0.336957,-0.469018
37.612,-21.4328,15.9487,-0.104047,0,-3.5,0,-0.85458,0.322671,-0.40691
40.8022,-37.6451,13.6124,-0.652341,0,1.9,0,-0.382511,0.37544,0.844234
42.163,-29.1265,21.0335,2.53945,0,-3.9,1,0.966956,-0.186893,-0.173399
23.8194,-52.1522,10.96,-0.21048,0,-3.828,0,-0.618472,0.0856266,0.781128
52.2127,-17.2006,10.6484,0.738127,0,-3.9,0,-0.291491,0.386072,-0.875204
44.0805,-23.0265,25.9832,-0.21572,0,-0.7,1,0.18464,-0.968002,-0.169944
51.4235,-26.6248,0.48525,1.16646,0.0751745,-3.9,0,0.377163,-0.849081,-0.369878
37.5999,-18.5923,20.281,0.379061,0,-1.30966,0,-0.300472,0.68933,-0.659198
40.2482,-23.9715,30.396,0.168771,0,3.8,0,-0.536039,-0.245557,0.80769
40.2775,-21.297,10.1645,-0.394476,0,-2.96748,0,-0.845238,0.335216,-0.416177
55.1341,-11.9642,23.0485,0.768367,0,-3.5,0,0.468619,0.357174,-0.807974
40.4081,-15.8343,28.939,1.12034,0.529553,-3.03917,0,-0.782357,0.49068,0.383602
56.547,-13.8435,23.3405,0.185337,0,-3.5,0,0.925921,-0.0220505,-0.377073
31.354,-41.427,14.876,1.01459,0,-4.5,0,-0.80693,-0.294667,0.511893
24.1443,-49.5908,5.2925,-0.818461,-0.348529,-3.5,0,0.417379,-0.517456,-0.747017
41.5845,-26.7074,11.007,0.557595,0,-1.44902,0,-0.154797,-0.615627,0.772684
50.2145,-32.371,3.61025,-1.05127,-0.547293,-3.5,0,0.833696,0.184313,-0.520558
46.779,-24.443,-2.329,1.31299,0,1.8,0,0.865104,-0.345284,-0.363833
46.326,-32.7673,6.13425,0.298323,0,-3.5,0,-0.627533,0.621447,-0.469047
44.987,-21.6865,36.9065,2.37232,0,-3.9,0,0.67975,-0.557999,0.476001
48.4396,-18.6554,10.4276,0.0809999,-0.329165,-1.6,0,-0.552562,-0.0119959,-0.833385
43.0419,-12.0604,20.7985,1.33374,0,-4.5,0,-0.648417,-0.597008,0.472373
47.0708,-23.2275,33.4118,-0.379567,0,1.8,0,-0.188059,-0.532052,0.825563
44.6847,-19.2274,5.03062,0.115971,0,0.55106,0,-0.00607834,0.978993,0.203803
31.8598,-36.379,17.5235,0.658923,0.113907,-4.5,0,0.448249,0.832306,0.326099
37.5425,-45.7935,9.3495,0.166799,0,3.8,0,0.0244775,-0.946682,-0.321239
53.809,-11.0875,16.419,0.0763831,0,-3.5,0,0.799111,0.237404,0.552323
27.373,-51.247,8.87425,-0.0342955,0,4.5,0,0.300275,0.259452,-0.917889
44.4621,-25.52,19.4788,0.0983567,0,3.8,1,-0.00834847,-0.834805,0.550482
46.8549,-38.4094,13.8833,-0.0436198,0,4.2,0,0.228594,0.0739499,0.970709
53.0469,-31.6641,13.3796,0.0767153,0,3.8,0,0.109563,-0.438044,0.892252
26.272,-49.266,16.5812,0.160619,0,3.8,0,-0.874233,0.11765,0.471036
33.5295,-45.6579,14.2828,-0.114686,0,1.8,0,0.120188,-0.260432,0.957982
42.4179,-26.6618,27.6279,0.0781351,0,3.8,0,0.64195,-0.766282,-0.0266776
53.0144,-15.189,30.6356,0.133114,0,4.2,0,0.0412807,-0.0909152,0.995003
49.1483,-29.1007,16.177,-0.00478904,0,3.8,1,-0.204736,-0.0986548,0.973833
43.4456,-28.8401,7.28125,0.4791,0,-4.26557,0,0.925381,-0.310766,-0.217014
41.591,-19.0152,5.23275,0.284579,0,3.8,0,0.197385,0.235425,-0.951638
42.9055,-16.374,13.6705,-0.428044,0,0.293336,0,-0.753308,0.582394,-0.305522
53.5163,-9.75438,16.2409,-1.19035,-0.357114,-3.5,0,0.906759,0.112962,0.406236
46.0597,-20.7411,36.7991,-0.139244,-0.241283,-3.5,0,0.334965,-0.472381,0.815263
41.7195,-37.4635,13.9698,-0.295966,0,0.948369,0,-0.110137,0.346661,0.931502
51.0094,-22.0656,18.0426,-0.359415,0,2.8,1,-0.48641,-0.70878,0.510917
46.0047,-16.6155,-1.70025,0.730071,0,-4.5,0,0.086311,-0.0772623,-0.993268
41.1937,-20.8036,7.35625,0.437209,0,3.8,0,-0.924415,-0.345301,-0.161941
40.5119,-26.9019,17.0947,0.0922671,0,1.8,0,0.322666,-0.943133,0.0799138
48.271,-28.9925,15.431,-0.0522936,0,3.8,1,-0.696373,0.144679,0.702946
42.878,-43.662,14.055,-0.692819,0,1.9,1,-0.145059,-0.859239,0.490578
28.25,-53.3,9.662,-0.106626,0,4.5,0,0.146961,-0.55615,-0.817985
47.8283,-27.5417,4.26463,0.0886281,0,-3.9,0,-0.19476,-0.9406,-0.278101
50.1236,-16.1984,31.2546,-1.67956,-0.444447,1.8,0,0.335243,0.699015,0.631657
44.3074,-38.595,13.9264,0.00600356,0,3.24756,0,0.165038,0.461999,0.87139
48.4245,-34.2094,13.6055,-0.391598,0,-0.9,0,0.469128,-0.87249,0.136674
53.7125,-19.9096,19.5205,0.161109,0,2.8,1,0.799664,0.468603,0.375431
43.1865,-17.249,21.72,0.806679,0,4.5,0,-0.00244239,0.999965,0.00799095
45.2739,-6.63125,19.9321,1.21384,0.274521,-4.5,0,-0.163147,0.666074,-0.727825
30.914,-39.3522,12.7575,0.921861,0,-4.5,0,-0.575483,0.656404,-0.487804
35.5901,-41.9709,6.595,-0.0205201,0,-4.5,0,-0.636051,0.345732,-0.689861
38.5568,-46.216,9.55575,0.0625004,0,3.8,0,-0.0657734,-0.962346,-0.263749
42.4995,-17.1957,32.7632,0.726048,0,-3.5,0,-0.233118,-0.286898,0.929164
39.5594,-17.7829,6.545,0.192844,0,3.8,0,-0.981792,0.105097,-0.158239
50.4045,-7.42,20.662,0.126201,0,-4.5,0,0.768866,0.57921,0.270852
44.2728,-15.7246,11.1891,-1.7876,-0.363204,-3.5,0,-0.235336,0.898539,-0.370466
45.8545,-34.9818,3.019,-0.66443,0,-3.5,0,-0.253831,-0.0824063,-0.963732
53.8045,-18.9271,23.4929,0.069881,0,-0.9,1,0.587829,-0.685467,0.429642
32.5916,-50.6939,12.8918,-0.0030409,0,4.2,0,0.0310801,-0.793344,0.60798
44.267,-16.368,0.0545,0.228094,0,-4.5,0,-0.970458,-0.0718641,-0.230318
52.4841,-7.75362,14.4799,-0.464718,-0.079445,-4.21722,0,0.914569,0.296078,-0.2755
50.372,-33.0677,15.2165,0.205211,0.179551,-0.9,0,0.907678,-0.343742,0.240753
52.6211,-23.5068,27.0895,-0.00434763,0,4.2,0,0.875253,-0.482235,-0.037179
40.3806,-18.1349,9.49069,0.129873,0,3.8,0,-0.950075,0.118711,0.288558
37.764,-22.9508,16.6525,0.0697881,0,0.286569,0,-0.806005,-0.415805,-0.421263
47.4904,-16.7019,31.9201,-0.207368,0,-3.5,0,-0.107503,0.981316,0.15957
40.6777,-16.9739,31.0072,0.820262,0,-3.5,0,-0.935878,0.0488196,0.348927
44.1009,-19.3164,1.32475,0.891864,0,-4.5,0,-0.852756,0.466725,-0.234467
42.3942,-13.5161,29.1195,-0.0141558,-0.548041,-2.50463,0,0.161365,0.918377,-0.361309
48.296,-21.2505,26.8196,0.0212487,0,4.2,1,0.0641876,0.286428,-0.955949
56.9459,-17.5243,13.154,0.412787,0,-3.9,0,0.632889,-0.603335,-0.48522
47.0975,-16.1838,10.2812,0.121669,0,-1.6,0,-0.347922,0.239129,-0.906514
23.3185,-60.068,10.567,1.9111,0.141054,-3.9,0,-0.500468,-0.824622,0.263687
47.7202,-38.1362,9.863,-0.0313974,0,4.2,0,0.679745,-0.418841,-0.602095
38.1179,-42.6879,13.199,0.285225,0,1.82117,1,0.631137,-0.54406,0.552869
47.0019,-13.4589,27.7329,-0.527777,0,4.5,0,-0.800029,0.0312445,0.599147
40.6092,-15.8259,31.5744,0.469157,0,-3.5,0,-0.969058,-0.24634,-0.015581
43.2396,-14.5434,23.9886,0.65588,0,-0.7,0,-0.0157845,0.062698,-0.997908
41.9782,-33.2619,7.09275,-0.466943,-0.654543,-1.35106,0,0.195953,0.15895,-0.967645
29.4107,-49.7305,18.17,0.0868683,0,3.8,0,0.224619,-0.0269083,0.974075
39.4113,-24.5679,12.0054,-1.38084,-0.569401,-4.5,0,-0.958622,-0.237956,0.156272
34.6,-47.514,7.3565,0.339935,0.518698,-3.5,0,-0.155972,-0.963083,0.219416
41.0475,-29.2834,4.76,-0.944131,0,-3.5,0,0.00863882,-0.868366,-0.495849
35.224,-45.8175,4.65,-0.227358,0,-3.5,0,-0.175227,-0.183697,-0.967239
30.639,-51.236,8.117,0.0206749,0,4.5,0,-0.015362,0.390772,-0.920359
41.2443,-21.449,4.978,0.226762,0,-3.5,0,-0.960629,0.26794,0.0734874
47.456,-6.403,28.5225,1.62937,0.040923,-3.9,0,0.124115,0.849632,-0.512563
52.013,-9.48275,23.5661,-0.445435,-0.388782,-3.5,0,0.307759,0.669116,-0.676438
50.8544,-31.4886,4.70025,-0.445076,0,4.2,0,0.435023,0.170496,-0.88413
51.1176,-17.3988,10.7426,0.844456,0,-2.74261,0,0.0115286,0.455796,-0.890009
51.9189,-9.31787,17.7925,-0.272987,-0.26579,-4.0577,0,0.7687,0.234713,0.594987
49.1748,-24.4365,32.054,-0.653671,-0.766478,1.8,0,0.19782,-0.846599,0.494102
49.4421,-30.0321,15.8365,-0.0962832,0,3.8,1,0.117264,-0.287355,0.950619
39.3866,-18.5165,18.1572,0.905176,0,3.8,0,-0.867147,0.454932,-0.202715
55.9705,-13.1082,15.0608,2.02707,0,-0.9,0,0.385318,0.908419,0.162185
54.706,-11.032,30.339,-1.00418,0,-3.5,0,0.981474,-0.0891527,0.169592
49.1582,-14.9005,29.6423,-1.65418,0,2.99939,0,-0.297476,0.265419,0.917094
44.0191,-15.0243,13.4286,-1.80013,0,-3.5,0,-0.532203,0.828643,-0.173524
40.065,-17.2738,30.0846,1.31925,0,-0.4,0,-0.665206,0.491244,0.562299
39.37,-46.0812,6.978,-0.0377093,0,3.8,0,0.0491154,-0.832233,-0.552246
44.3649,-31.1771,7.6355,0.656516,0,-0.4,0,-0.000929849,0.399641,-0.916671
46.7674,-19.802,25.5923,-0.953122,0,-0.7,1,0.817418,-0.210342,-0.536268
53.1521,-24.207,5.7985,0.393377,0,2.85957,1,0.834397,0.452064,-0.315308
38.0438,-28.2118,7.8855,0.721113,0,-4.5,0,-0.987231,-0.100495,-0.123592
29.5039,-52.4739,13.4838,0.117524,0,4.5,0,0.316988,-0.274899,0.907716
54.5699,-27.407,13.5451,0.156527,0,3.8,1,-0.0304064,-0.483971,0.874555
39.6664,-45.7509,11.0927,0.0471104,0,3.8,1,0.0482312,-0.578186,0.814478
41.375,-26.639,16.1375,0.167344,0,1.8,0,0.640026,-0.701287,0.313948
43.6965,-13.1596,20.6929,1.24133,0,-3.9,0,-0.512178,-0.58117,0.632388
47.8265,-6.0235,17.5335,1.64699,0.300461,-4.5,0,-0.549035,0.820827,0.15749
37.142,-24.1173,19.3368,-0.549534,-0.573039,-3.5,0,0.0777457,-0.956543,-0.281036
54.0904,-22.6135,19.8729,0.114534,0,2.8,1,0.0472839,-0.306476,0.950703
26.6893,-44.5602,13.204,-0.449779,-0.73512,-0.315149,0,-0.12444,0.687168,0.715762
53.6852,-33.1251,9.38387,0.0438345,0,3.8,1,0.389746,-0.877132,-0.280602
44.1678,-28.2763,11.2423,0.203687,0,4.5,0,-0.64339,-0.748706,0.159649
51.9651,-4.99363,17.5736,0.66147,0,-4.5,0,0.604464,0.620473,0.499637
54.4748,-14.4462,18.4608,0.208628,0,-0.9,0,0.459177,0.681782,0.5695
51.8445,-33.3004,7.20988,-0.0772126,0,3.8,0,0.583167,-0.709507,-0.395621
40.0534,-29.6644,5.248,-0.35303,-0.0573898,-4.01291,0,-0.230259,-0.69577,-0.680356
34.9171,-19.5847,23.3601,0.532036,0,1.9,0,-0.58055,0.804209,0.127318
51.43,-5.254,15.171,0.366159,0,-4.5,0,0.212545,0.874804,-0.435366
56.0436,-18.4429,13.8763,0.224602,0,-1.19313,1,0.411042,-0.664411,-0.624181
43.0354,-13.0583,19.8675,1.61593,0,-3.9,0,-0.686442,-0.496085,0.531693
41.4456,-23.67,31.4688,0.145599,0,3.8,0,-0.402642,-0.355238,0.843614
48.2334,-23.2421,33.8968,-0.181693,0,1.8,0,-0.0883085,-0.499024,0.862077
47.6424,-29.9587,14.9864,-0.428843,0,1.64509,1,-0.620976,0.45963,0.634924
41.4914,-18.5306,13.7639,0.120893,0,-2.52378,0,-0.705894,0.602641,-0.372207
35.4105,-19.3354,22.3834,0.446042,0,1.86888,0,-0.801158,0.574139,-0.168847
37.3354,-46.73,6.73112,0.143557,0,-3.5,0,0.581044,-0.757397,0.29789
30.1945,-46.8061,16.5796,0.225041,0,3.8,0,0.124019,0.852419,0.507938
52.1208,-8.25725,24.7498,-0.252592,-0.0566564,-2.72199,0,0.448992,0.703212,-0.55127
41.173,-21.1742,6.08275,0.0233752,-0.434689,0.481558,0,-0.980419,-0.147011,-0.131021
33.0531,-22.574,22.1938,-0.151046,0,1.9,0,-0.86704,-0.257674,-0.426434
46.9876,-17.1893,-1.13713,1.0866,0.000555796,-4.5,0,0.763308,-0.126086,-0.633611
38.1065,-20.43,11.681,0.289363,0.00687024,-0.8,0,-0.601241,0.44814,-0.661573
44.4134,-19.1007,35.8527,1.45619,0.284572,-3.9,0,-0.13432,0.968468,0.209827
44.2861,-39.8278,9.13475,-0.360151,0,2.18215,1,0.733795,-0.630136,-0.253918
30.238,-43.2405,11.768,0.505335,-0.0849784,-1.33474,0,-0.940022,0.341052,-0.0064867
45.518,-32.8105,6.77775,0.71069,0.723699,4.2,0,-0.329366,0.680031,-0.655039
48.4403,-16.3673,32.422,-0.277434,0,-3.5,0,-0.0818479,0.985012,-0.151831
51.52,-6.559,29.6099,-0.0391414,0,-0.8,0,0.334825,0.547916,0.766603
29.1601,-54.4309,12.7107,0.0151589,0,4.5,0,-0.288885,-0.800853,0.524576
48.0545,-9.64787,13.597,0.416718,0,-4.5,0,-0.197802,-0.107022,-0.974382
52.058,-10.623,20.3999,-0.366694,-0.706492,-3.98471,0,0.974286,0.223133,-0.0312665
23.6025,-53.0938,11.2463,-0.202525,0,-3.9,0,-0.672947,0.169639,0.719975
41.3351,-17.3579,23.5705,0.934089,0,4.5,0,-0.394029,0.770064,-0.501739
43.8411,-37.025,3.47762,0.107214,0,4.2,0,0.0709053,-0.337532,-0.93864
53.8006,-26.5457,13.7829,0.23495,0,3.8,1,-0.0484236,-0.42552,0.903653
44.9842,-16.1513,10.2115,-1.4737,-0.790348,-3.5,0,0.356625,0.6216,-0.697447
43.9936,-22.2558,23.8649,0.0178601,0,1.69114,1,0.0310115,-0.997953,-0.0559245
57.6445,-20.6781,16.4142,0.346281,0,-0.9,1,0.504427,-0.863347,0.0136009
47.1457,-37.2804,13.4704,-0.0448165,0,4.2,0,0.258128,0.223514,0.9399
52.7578,-18.2201,25.0301,-0.445706,0,0.963252,0,0.543972,-0.815089,0.199309
23.0543,-51.1165,10.6935,0.0875014,0,-3.5,0,-0.633272,-0.222385,0.741291
45.838,-23.022,26.492,-0.0220382,0,-0.7,1,0.320986,-0.930221,-0.177921
54.8995,-9.735,26.8075,-0.220846,0,-3.5,0,0.687585,0.708548,0.1587
43.9105,-28.4405,6.42588,0.349172,0,-3.5,0,0.67079,-0.732329,0.117195
52.3853,-10.6266,13.1649,-1.21657,-0.302358,-3.5,0,0.358835,-0.0518473,-0.93196
45.8506,-23.786,-4.43463,0.856972,0,1.8,0,0.72754,0.0708151,-0.6824
47.2471,-21.0226,7.41437,0.820002,0,1.8,0,0.136751,0.981658,0.13284
36.4225,-19.0855,19.8625,0.546114,0.812206,-3.5,0,-0.316194,0.884205,-0.343806
36.67,-21.6885,16.9118,0.307627,0,-3.5,0,-0.654376,-0.183429,-0.733584
46.7098,-9.2465,24.3517,-0.118559,-0.184087,-0.8,0,-0.351991,0.742802,0.569516
46.5814,-20.688,-0.462875,3.52973,0,-2.02198,0,0.887447,0.32284,-0.328957
35.7603,-19.6185,25.3438,0.0739026,0,1.9,0,-0.8252,0.553791,0.11118
53.245,-21.1305,10.351,-0.362071,-0.0385213,-3.9,0,0.838666,-0.0770846,-0.539163
47.0775,-22.8533,-1.70362,10.2481,0,1.8,0,0.896066,0.117749,-0.428021
43.7536,-12.091,15.6205,3.18526,0.112596,-3.9,0,0.0439231,0.323215,-0.945306
41.3783,-17.4004,19.8474,0.654484,0,3.8,0,-0.421213,0.81048,0.407064
49.1606,-6.25081,27.1882,0.00679151,0,-0.8,0,-0.406435,0.8005,-0.440465
45.4784,-30.8491,17.0382,-0.2742,0,-0.9,1,-0.00468456,0.885939,0.463779
57.6049,-20.1971,15.2963,0.169403,0,-0.9,1,0.203958,-0.770694,-0.603683
54.7821,-17.4296,27.3,-0.124625,0,4.2,0,0.873731,-0.485782,0.0247112
47.8177,-8.40012,26.8811,-0.37679,-0.441365,-3.14941,0,-0.697571,0.2801,-0.659498
23.358,-57.4494,11.8403,1.50524,0.329304,-3.9,0,-0.709448,0.0492985,0.703032
40.5928,-14.308,33.0573,-0.0686523,0,-3.5,0,-0.638423,-0.0518511,0.767937
49.2342,-22.2795,3.149,0.716737,0,1.9,0,0.404859,0.777442,-0.481325
47.556,-6.44137,18.6186,1.1037,0.469848,-4.5,0,-0.449227,0.861935,-0.235079
36.9487,-48.1732,10.5075,0.00824442,0,4.2,0,0.778133,-0.314718,-0.543564
49.409,-19.4065,19.416,0.128754,0,4.5,1,0.073237,-0.853284,0.516277
56.2052,-26.2355,14.2365,0.133704,0,3.8,1,0.463269,-0.151315,0.873204
49.473,-33.8882,15.0957,0.18827,0,-0.9,0,0.428441,-0.868408,0.24961
45.7311,-33.5382,5.51963,0.116903,0,0.609471,0,-0.48198,0.843553,-0.236883
46.7785,-20.9937,19.111,0.0837499,0,4.14998,1,0.772678,-0.248441,0.584162
43.7104,-34.2486,4.09225,0.0618136,0,4.2,0,-0.457142,0.754009,-0.471691
40.2036,-16.9083,6.2395,0.220943,0,3.8,0,-0.567002,0.537098,-0.624528
54.8102,-17.1361,30.5112,0.567286,0.381836,4.2,0,0.921355,0.0334368,0.387282
47.3083,-5.541,21.593,0.56309,0,-4.5,0,0.0912106,0.924811,0.36933
47.5692,-35.3411,9.3085,-0.282767,0,-3.5,0,0.82208,-0.56906,-0.0188461
55.0508,-15.2465,28.947,0.168476,0,4.2,0,0.983012,0.0991062,0.154481
43.4311,-15.5954,14.0989,-0.700211,-0.228954,-3.5,0,-0.608929,0.708967,-0.355768
27.8382,-50.0259,18.6642,0.0638782,0,3.8,0,-0.00162113,0.113546,0.993531
24.4409,-44.911,13.2852,-0.203407,-0.141678,-0.7,0,0.098406,0.451266,0.886947
40.8316,-33.5378,6.38475,-0.956265,-0.770014,-3.5,0,0.40891,0.220117,-0.88563
40.3802,-16.6366,16.8724,0.457317,0,3.8,0,-0.91501,0.319334,-0.246543
39.9489,-29.0336,23.1694,2.7988,0.140796,-3.9,0,-0.202556,-0.490558,0.84754
40.593,-24.5818,6.48075,-0.001066,-0.0307513,-4.02055,0,-0.874663,0.0970798,-0.47491
43.9388,-27.9387,2.39925,0.0744015,0.201771,-3.5,0,0.413388,-0.864296,0.286536
47.9079,-35.266,13.1222,-0.123784,0,4.2,0,0.493994,-0.284874,0.821472
42.857,-39.2743,3.8435,0.229868,0.203462,-4.5,0,0.499179,-0.514073,-0.697531
48.52,-34.655,8.96375,-0.0143919,-0.198433,-0.874968,0,0.471122,-0.810456,0.348145
35.1157,-40.9794,15.4917,0.343747,0,1.8,0,0.247859,0.514085,0.821147
38.8886,-24.1834,10.3897,0.133309,0,-4.5,0,-0.923716,0.298328,0.240309
41.924,-43.6603,7.35725,-0.365584,0,3.8,0,0.857318,-0.236115,-0.457445
47.1544,-18.804,25.1842,-0.981391,0,4.5,1,0.524774,-0.744862,-0.41206
44.225,-18.0456,8.65537,0.0877225,-0.14203,2.3818,0,0.86608,0.360626,-0.3462
41.0998,-26.9097,15.2063,0.13846,0,1.8,0,0.271388,-0.94596,-0.177507
44.4566,-8.66963,29.4132,0.975074,0.487151,-3.9,0,-0.811547,-0.577219,-0.0906095
24.758,-51.7155,11.83,0.112502,0,-3.9,0,-0.685097,-0.310121,0.659141
32.4227,-50.8908,9.419,0.116372,0,4.5,0,0.790689,0.21292,-0.574
48.5433,-5.93406,20.2372,0.500917,0,-4.5,0,0.462994,0.886229,-0.0153295
41.3503,-16.4876,18.7714,0.697721,0,3.8,0,-0.54211,0.579097,0.608904
49.4837,-5.871,29.4724,0.201294,0,-0.8,0,0.0993323,0.870124,0.482718
31.0554,-48.3724,17.6614,0.0968788,0,3.8,0,0.795104,0.188824,0.576329
49.8049,-35.7089,5.77212,-0.194411,0,-3.5,0,0.567823,-0.807144,0.16154
22.234,-50.4096,7.91288,-0.759516,-0.48098,-3.5,0,-0.815915,0.0356501,-0.577072
43.1285,-44.371,9.112,-0.115402,0,3.8,0,0.871281,-0.173322,-0.459162
55.7402,-12.9235,27.356,-0.408417,-0.00247277,-3.5,0,0.567406,-0.138106,0.811774
53.4157,-9.04288,24.2484,-0.0204549,0,-3.5,0,0.282342,0.803649,-0.523862
41.4806,-18.9234,12.7679,0.252503,0,-3.5,0,-0.459101,0.878555,-0.131786
42.4243,-12.6827,25.7005,0.336937,0,-0.7,0,-0.343664,0.937533,0.0540968
48.3246,-8.45875,24.5459,-1.37803,-0.355626,-0.8,0,-0.605728,0.712595,0.353981
37.9375,-21.933,30.0425,-0.347152,-0.266678,3.8,0,-0.640653,-0.411394,0.64832
42.7505,-11.4218,33.4832,-1.49819,-0.570693,-3.5,0,-0.0869864,0.915611,0.392543
46.3671,-14.1325,2.52375,0.726611,0,-4.5,0,0.621296,0.584567,0.521798
47.863,-23.3055,27.067,0.0352397,0,4.2,1,-0.385812,-0.759634,-0.523551
41.8694,-30.1856,21.2351,1.71225,0.844787,-3.9,0,0.589666,-0.790552,-0.165296
42.095,-12.5815,30.3195,-0.745566,-0.396034,-3.5,0,-0.370389,0.644486,-0.668916
36.7934,-16.9298,22.2739,0.40119,0,1.8,0,-0.528651,0.792833,-0.303222
45.0484,-12.8335,26.5406,-0.456141,-0.0341821,-0.8,0,-0.187057,0.49176,0.850401
38.4595,-42.7269,6.50175,-0.163461,0,1.12571,0,0.216998,-0.206244,-0.954136
54.3537,-29.3419,4.7835,0.0767303,0,4.2,0,0.329006,-0.350355,-0.87693
43.9585,-25.24,15.7815,0.0140116,0,4.14861,1,-0.165564,-0.928017,0.333726
30.8275,-43.376,8.7235,-0.643561,-0.899221,-4.5,0,-0.464796,0.419562,-0.7797
40.5605,-27.4473,10.5863,1.24741,0,-4.5,0,-0.0124158,-0.518433,0.855028
43.6555,-11.907,33.7235,-1.37839,-0.783019,-3.5,0,0.643175,0.492387,0.586414
46.8545,-34.0288,17.245,0.0706091,0,-0.9,0,0.0918215,-0.924793,0.369224
39.6917,-18.505,7.51062,0.177413,0,3.8,0,-0.962132,-0.216517,0.165598
40.7033,-26.9797,-0.01575,-0.221366,-0.300557,-3.5,0,-0.890517,0.442431,-0.105989
51.2188,-9.82,31.9041,0.0704748,0,-3.5,0,-0.209122,0.653021,0.727895
38.2882,-46.0874,7.23238,-0.0266115,0,2.20427,0,0.121689,-0.988333,0.0915925
43.1655,-22.343,23.1074,0.0962905,0,4.5,1,0.29077,-0.955037,0.0579384
55.054,-9.699,23.878,0.123211,0,-3.5,0,0.326823,0.741923,-0.585437
44.5355,-15.269,0.0645,0.311779,0,-4.5,0,-0.915878,0.211761,-0.341064
42.924,-23.1505,34.5426,0.836645,0,-3.9,0,-0.0664523,-0.997789,-0.00141981
46.3302,-13.9526,24.0065,0.586741,0,3.34194,0,-0.532488,-0.585784,-0.610995
52.0807,-7.51337,17.0521,-0.388656,-0.0789212,-4.04811,0,0.773667,0.102812,0.625195
40.3725,-22.0265,31.0205,0.000115392,0,3.8,0,-0.425138,-0.415644,0.804051
46.9874,-15.9021,-1.11688,0.618053,0,-4.5,0,0.762682,0.289529,-0.57835
28.8545,-51.2525,8.7885,-0.0306805,0,4.5,0,-0.240325,0.174264,-0.954922
52.4765,-6.5615,15.801,0.240839,0.0737027,-4.5,0,0.994051,0.105555,-0.0268552
27.092,-52.2089,13.8669,-0.587258,-0.680633,4.5,0,-0.244777,-0.737299,0.629662
47.3855,-6.774,27.5225,0.538639,0.370524,-2.35,0,-0.103795,0.650921,-0.752016
32.3532,-45.4552,14.7043,0.567176,0,1.8,0,0.490306,-0.286215,0.823214
47.0052,-36.463,5.94,-0.119411,0,4.2,0,0.592928,-0.799761,0.0939101
43.9717,-43.524,13.0697,-0.326535,0,1.9,1,0.425878,-0.832746,0.353784
52.776,-7.33063,28.0586,-0.307414,-0.143318,-0.8,0,0.955391,0.264436,-0.131538
22.1,-47.9425,8.4185,0.0727731,0,-3.5,0,-0.991167,-0.0614395,-0.117528
23.1695,-45.1632,8.50975,0.70305,0.766672,-3.5,0,-0.246858,0.95194,-0.181307
41.6317,-25.535,16.8022,0.730307,0,1.8,1,0.603753,-0.738875,0.299243
44.328,-30.228,15.776,-0.1712,0,-0.9,0,-0.149201,0.906703,0.394499
45.1688,-13.6847,2.38162,1.03192,0,-4.5,0,-0.228024,0.870722,0.435716
40.684,-23.567,4.49625,0.293334,0,-3.5,0,-0.914615,-0.274796,0.296591
23.055,-44.7274,9.54625,0.104568,0,-0.7,0,-0.500465,0.640322,-0.582685
55.5503,-11.7448,27.4435,-0.441165,-0.291976,-3.5,0,0.818828,0.246928,0.518215
52.9495,-24.1171,7.7905,0.568832,0,1.9,1,0.960266,0.265859,0.0848996
39.8968,-17.085,24.0578,0.569521,0,1.8,0,0.26039,0.768646,-0.584278
32.4935,-37.343,17.8525,0.0537699,0,-4.5,0,0.638711,0.693034,0.334294
41.2723,-45.3585,7.0915,-0.12483,0,3.8,0,0.707798,-0.528515,-0.468716
42.4795,-20.0685,0.484,-0.632611,-0.657602,-3.5,0,-0.043382,0.89443,-0.4451
42.5809,-22.9515,22.3382,0.437649,0,3.72746,1,0.754062,-0.633356,0.173928
34.1604,-41.3618,8.63313,-1.04922,-0.823894,-4.5,0,-0.779705,0.462313,-0.422288
39.5018,-21.9428,2.07325,0.419883,0,-3.5,0,-0.794107,0.384668,0.470558
52.0111,-33.3893,10.9271,0.0805769,0,3.8,0,0.0193937,-0.894412,0.446823
38.6981,-27.776,4.43925,-1.50555,-0.547416,-3.5,0,-0.93356,-0.05898,-0.353536
38.9749,-29.0754,5.557,-0.355889,-0.600259,-3.5,0,-0.809071,-0.404303,-0.426548
45.4419,-39.2666,9.50163,-0.129995,0,4.2,0,0.56959,-0.6933,-0.441477
39.8455,-19.0715,14.3925,0.18276,0,-0.8,0,-0.527568,0.849474,-0.00810845
39.5546,-18.4029,30.7614,0.271464,0,-0.4,0,-0.435964,0.407402,0.80247
44.122,-23.03,34.3353,0.467479,0,-3.9,0,0.238689,-0.971026,-0.0116675
57.648,-13.6335,14.1755,2.236,0,-3.9,0,0.826786,0.552332,-0.106555
25.3056,-48.7775,15.3092,0.326704,0,3.8,0,-0.65833,0.0775655,0.748722
45.018,-39.5031,13.9202,0.126022,0,2.98365,0,0.534651,-0.165496,0.828709
37.7869,-19.3778,28.2361,0.0509691,0,-0.4,0,-0.772243,0.389458,0.501959
39.3401,-22.8761,10.1604,0.16184,0,-4.5,0,-0.899961,0.304155,-0.312346
31.4128,-46.2108,7.63263,-0.112633,0,-2.32276,0,-0.120698,-0.0321477,-0.992169
24.3547,-59.085,12.3083,2.20074,0.163192,-3.9,0,-0.0248648,-0.534854,0.844579
42.2943,-8.961,18.9648,0.944072,0.352987,-4.5,0,-0.496342,0.171346,-0.851049
45.8985,-19.1915,-0.8435,0.989924,0.751672,-4.5,0,0.11464,0.126251,-0.985352
49.3885,-23.3298,33.5515,-0.0653986,0,1.8,0,0.390667,-0.591745,0.705136
48.3836,-6.14062,30.1361,0.675691,0,-3.9,0,0.435371,0.797232,0.418179
21.8318,-50.3695,9.17412,-0.807014,-0.776777,-3.5,0,-0.998315,-0.00858573,0.0573856
32.9621,-51.1675,10.754,0.136951,0,4.5,1,0.968098,-0.0974016,-0.230868
33.1015,-41.5556,15.793,0.599098,0.717578,-4.5,0,0.222996,-0.811973,0.539419
53.8372,-25.0874,5.14975,0.296367,0,4.2,0,0.721865,0.64819,-0.242406
50.9834,-22.786,2.559,0.791911,0,-3.9,0,0.362443,0.920695,-0.144759
30.0935,-38.651,17.0615,0.0662086,0,-4.5,0,-0.920684,-0.349627,0.173499
29.1951,-47.5054,7.253,0.0373075,0,1.8,0,0.0210716,-0.395941,-0.918034
35.3329,-50.5723,13.921,0.0579199,0,4.2,0,0.477681,-0.848017,0.229539
43.224,-12.5697,30.0224,-1.5682,-0.90577,-3.5,0,0.213773,0.443951,-0.870177
40.7584,-15.579,15.7996,0.389736,0,3.8,0,-0.887857,0.237602,-0.394026
54.8975,-23.4961,18.5981,0.142587,0,2.8,1,0.532224,-0.748909,0.394807
39.6,-27.5515,3.2295,-1.13811,-0.631055,-3.5,0,-0.863904,0.0987298,-0.493884
54.8003,-18.3739,22.564,0.302576,0,-0.9,1,0.895875,-0.439205,0.0671355
46.4195,-7.72262,17.3195,1.07855,0,-4.5,0,-0.876919,0.286247,0.386102
22.7685,-52.629,7.8045,-1.33595,-0.847523,-3.87117,0,-0.849298,-0.336597,-0.406688
38.135,-22.9181,13.792,-0.275297,-0.981737,-0.8,0,-0.634026,-0.771484,-0.0531379
55.0051,-14.4001,10.4823,1.2399,0,-3.9,0,-0.171749,0.229157,-0.958118
40.6159,-23.2313,6.97425,-0.270875,-0.00832424,-3.5,0,-0.885198,0.364155,-0.28951
30.8319,-49.74,14.596,-0.166124,0,3.98867,0,0.614872,-0.732967,0.291019
27.679,-53.5195,12.251,-0.813359,-0.0159583,4.5,0,-0.329618,-0.833702,0.443049
47.8722,-18.453,3.29,0.729462,0,-4.5,0,0.772786,0.498642,0.392629
57.372,-13.1823,12.6707,2.98594,0.0291859,-3.9,0,0.79157,0.576064,-0.203882
33.4705,-38.2895,17.58,-0.0660814,0,-4.5,0,0.895811,0.435609,0.0881335
38.9095,-35.4033,5.63275,0.368215,0.322228,-4.04739,0,-0.717841,0.602248,-0.349286
24.094,-47.4085,14.277,0.0101521,-0.0453028,2.30288,0,-0.382394,0.21563,0.898487
43.8675,-23.629,30.5537,0.142947,0,3.8,0,0.430709,-0.805972,0.406078
52.9135,-22.2175,26.9233,-0.0505924,0,4.2,0,0.888783,0.0966598,-0.44802
43.1315,-21.2467,-0.74025,0.468424,-0.255396,-0.815924,0,-0.19889,0.818051,-0.539662
35.821,-47.6069,9.77413,0.0606803,0,4.2,0,0.376062,-0.364252,-0.851997
56.5175,-11.2306,24.703,0.244951,0,-3.5,0,0.903489,0.381893,-0.194592
23.1497,-50.5135,6.93587,-0.526655,-0.174306,-3.5,0,-0.695463,-0.371261,-0.615221
40.1181,-40.4426,4.05,0.438812,0.677574,-4.5,0,0.0338964,-0.723351,-0.689648
54.2821,-19.725,18.5041,-0.0997353,0,2.8,1,0.562055,0.39162,0.728511
56.6867,-27.6908,10.468,0.144086,0,3.8,1,0.984125,-0.0611062,-0.166623
43.8235,-5.341,28.5226,1.51819,0.822288,-3.9,0,-0.728736,0.669206,-0.145283
53.426,-21.869,11.5747,0.415808,-0.114294,-1.86242,1,0.908779,-0.105974,-0.403597
48.2977,-25.6049,-0.397625,2.08845,0.446293,-3.9,0,-0.147849,-0.73781,-0.658618
41.2673,-45.6805,11.314,-0.0223386,0,3.8,1,0.108283,-0.642862,0.75829
42.5545,-45.515,9.41825,-0.0641525,0,3.8,0,0.701972,-0.669169,-0.243819
23.0198,-53.331,7.106,-1.88224,-0.398886,-3.9,0,-0.914564,-0.259841,-0.309929
53.0265,-16.028,10.48,0.508745,0,-3.9,0,-0.449559,0.456264,-0.767932
51.9415,-16.0618,11.313,0.673973,0,-3.9,0,-0.310135,0.600866,-0.736734
22.629,-53.6165,10.0711,-0.260749,0,-3.9,0,-0.964977,-0.125007,0.230637
34.9216,-47.9919,6.16337,0.718356,0.358862,-3.5,0,-0.372516,-0.891969,-0.256169
41.373,-44.709,11.87,-0.0457958,0,3.8,1,0.182835,-0.565875,0.803963
54.0871,-13.6801,20.1469,0.24855,0,-0.9,0,0.641094,0.577267,-0.505728
35.7473,-38.3314,10.0914,0.642527,0,1.8,0,-0.673541,0.530301,-0.514901
42.361,-16.1047,9.044,0.101515,0,3.8,0,0.0128751,0.994434,-0.104567
53.9292,-24.8154,9.26937,0.458853,0,3.8,1,0.535504,0.634077,-0.557837
32.2018,-40.8004,10.1834,0.17109,0,-4.5,0,-0.196362,0.60284,-0.773322
52.9033,-26.3094,3.10938,0.29594,0,2.09885,0,0.881465,-0.409012,-0.236071
21.7432,-48.9948,9.27575,-0.113945,0,-3.5,0,-0.991156,-0.0961312,-0.091475
47.21,-14.125,12.354,0.0741212,0,-1.6,0,-0.560305,0.709441,-0.427495
46.1037,-23.9543,32.7426,-0.108555,0,1.8,0,-0.373058,-0.747436,0.549698
47.4874,-7.22312,23.1631,0.485007,0,-4.5,0,0.305561,0.616719,0.725459
55.4582,-16.5531,26.1979,-0.00758969,0,4.2,0,0.927653,-0.373139,-0.015095
53.4156,-8.48538,28.3376,-1.32991,-0.951895,-3.5,0,0.724529,0.580265,-0.371956
35.3633,-41.9919,15.8888,0.232974,0,1.8,1,-0.0494201,-0.199019,0.978749
31.1626,-52.3968,7.9185,-0.0216662,0,4.5,0,-0.1233,-0.0243854,-0.99207
48.3505,-15.7435,10.2083,0.356942,0,-1.6,0,0.0671154,0.407826,-0.91059
23.778,-43.6125,12.906,-0.0242031,0,-0.7,0,-0.0768573,0.644686,0.760574
39.9712,-13.4497,25.2206,1.14357,0.545171,-0.7,0,-0.668755,0.672045,-0.317995
48.5436,-8.1975,25.6029,-0.95633,-0.422256,-0.8,0,-0.77359,0.54931,-0.315938
41.5849,-16.1676,24.3955,0.315363,-0.471683,0.367811,0,-0.376266,0.29528,-0.878199
34.9946,-39.3737,9.78625,-0.137894,0,1.8,0,-0.721743,0.636577,-0.271767
37.9564,-43.9663,12.5983,0.449,0,2.88851,1,0.656056,-0.484677,0.578514
33.0405,-20.666,21.6772,0.30929,0,1.9,0,-0.747978,0.457359,-0.48099
28.1395,-50.233,9.03175,-0.075992,0,4.5,0,0.063982,-0.149657,-0.986666
44.51,-26.1435,15.084,0.0350833,0,4.5,1,-0.258372,-0.773567,0.578652
40.6772,-19.9985,5.99925,0.167277,0,3.8,0,-0.809326,-0.472905,-0.348356
47.2697,-39.452,11.1158,-0.0178228,0,4.2,0,0.721808,-0.585891,-0.368408
41.3729,-39.3099,2.90412,-0.0933395,0,-4.5,0,0.118406,-0.498722,-0.858636
39.5319,-15.7346,25.8668,-0.305638,-0.943847,-0.7,0,-0.956998,0.276881,-0.0865545
45.5321,-41.5279,11.7928,0.121422,0,1.9,0,0.981743,-0.187365,0.0327879
50.07,-29.0755,5.00875,-0.363445,-0.0444891,4.08613,0,-0.0417826,-0.211679,-0.976446
37.405,-36.655,9.5905,-0.190268,0,-0.772085,0,-0.754301,0.370352,-0.542098
31.4501,-49.142,16.5199,0.0759751,0,3.8,0,0.895847,-0.395692,0.202202
46.0292,-17.8521,-1.28369,1.66356,0.399203,-4.5,0,0.00845404,-0.422457,-0.906343
40.9679,-17.3158,10.5091,0.0914756,0,3.8,0,-0.619729,0.447471,0.644752
34.4994,-23.455,20.633,-0.69783,-0.41959,-0.599274,0,-0.808348,-0.486601,-0.33135
45.9335,-22.5579,19.8048,0.0629999,0,3.8,1,0.586839,-0.191232,0.786798
40.1427,-18.3962,16.143,0.386332,0,3.8,0,-0.872564,0.225775,-0.433194
34.8615,-37.0558,11.593,0.0736242,0,1.8,0,-0.813718,0.526173,-0.246991
32.44,-44.9087,6.237,0.0547762,0,-3.5,0,-0.806409,0.13922,-0.574736
44.2533,-14.5503,2.36225,0.681965,0,-4.5,0,-0.838199,0.309949,0.448725
41.2528,-21.8382,7.21275,0.207994,-0.337596,-3.58169,0,-0.967671,0.209753,-0.14006
29.8913,-53.7318,13.2319,0.0464908,0,4.5,0,0.198159,-0.390281,0.899118
42.9948,-28.5774,-1.2275,0.17858,0,-3.5,0,0.110692,-0.7505,-0.651534
47.427,-24.241,-1.513,1.45601,0.256914,-1.36714,0,0.422009,-0.281006,-0.861942
41.8574,-17.5505,11.0122,-0.214214,0,3.8,0,-0.532645,0.444584,0.720163
47.1611,-39.3434,13.4548,-0.0239917,0,4.2,0,0.452852,-0.520578,0.723825
40.1668,-28.78,1.48275,0.342276,0.457691,-3.5,0,-0.764539,-0.641718,0.0606421
55.1997,-22.5212,19.6367,0.274487,0,2.8,1,0.670101,-0.29498,0.68114
43.9535,-22.2686,-3.67906,1.40175,0,1.8,0,-0.393225,0.64589,-0.65437
50.1081,-16.8959,10.6654,1.25083,0,-1.6,0,0.347259,0.213385,-0.913169
30.2132,-48.6,18.2407,0.0901855,0,3.8,0,0.250849,0.0451949,0.966971
37.132,-17.709,21.0033,0.417372,0,1.8,0,-0.457969,0.577199,-0.676096
40.6836,-26.4389,2.09687,-1.14418,-0.475147,-3.5,0,-0.798586,0.466655,-0.380122
44.4958,-43.7045,11.7354,0.35539,0,1.9,1,0.691708,-0.717544,0.0816796
26.4014,-50.884,8.19375,-0.245183,-0.118277,-2.65725,0,0.729898,0.235768,-0.641609
34.3288,-38.7438,11.9255,0.0755011,0,0.619879,0,-0.581347,0.597358,-0.552449
51.369,-8.3105,17.61,-0.333912,0,-3.6699,0,0.818693,0.259936,0.512031
47.145,-27.134,1.5295,0.50752,0,-3.9,0,0.0408595,-0.959946,-0.277188
41.9637,-10.1819,19.4704,0.9522,0.32183,-4.18,0,-0.945133,0.0244833,-0.325768
42.6698,-25.5061,28.689,0.0847712,0,3.8,0,0.822576,-0.513213,0.244911
47.6413,-23.9011,18.4317,-0.0165161,0,3.8,1,0.80869,-0.243863,0.535305
48.105,-15.5691,21.1147,2.17967,0,-0.9,0,-0.792017,-0.33754,0.5087
31.4018,-43.7142,15.371,0.319445,0,1.8,0,0.201701,0.24091,0.949357
39.0275,-25.119,28.6765,0.121072,0,3.8,0,-0.771096,-0.615949,0.161297
56.104,-14.7413,25.1449,0.250974,0.178111,-3.5,0,0.852352,-0.51521,0.0897466
44.352,-14.1458,31.6077,-0.564291,0,-3.5,0,0.989376,0.143094,-0.0256713
47.7012,-35.515,8.118,-0.423502,0,-3.5,0,0.546826,-0.784184,0.293322
26.35,-57.9641,8.86662,0.694708,0,-3.9,0,0.873619,-0.245607,-0.420079
53.8182,-18.6746,27.5646,-0.274999,0,3.41574,0,0.6889,-0.665953,-0.286221
28.1262,-51.177,18.4573,0.04822,0,3.8,0,-0.0377187,-0.451466,0.891491
41.8997,-17.1344,14.3155,0.0630569,0,2.80373,0,-0.710112,0.343594,-0.61456
39.8344,-28.5659,3.3895,-1.13042,-0.308752,-3.5,0,-0.437923,-0.71027,-0.551126
38.5744,-36.8466,3.82463,0.531438,0,-4.5,0,-0.598669,0.375521,-0.707516
47.6139,-32.2751,2.6075,-1.73851,-0.706321,-3.5,0,-0.611428,0.575619,-0.542973
45.912,-36.8536,13.3341,-0.0326288,0,4.2,0,-0.0348718,0.1986,0.97946
53.2904,-14.7,11.5337,0.619141,0,-3.9,0,-0.524165,0.50728,-0.684045
33.2065,-53.2485,8.56188,0.0119873,0,4.5,0,0.902399,-0.0579757,-0.426984
40.9815,-25.1423,30.5575,0.101829,0,3.8,0,-0.362953,-0.545309,0.755581
46.4188,-34.9798,13.4096,-0.441761,0,4.2,0,-0.0234047,-0.396761,0.917624
32.4652,-39.4897,19.5613,0.573087,0,-4.5,0,0.158396,-0.179852,0.970857
36.4227,-46.2766,9.597,-0.12839,0,3.8709,0,0.520745,-0.696129,-0.494195
49.5233,-24.0728,28.0627,-0.0392962,0,4.2,1,-0.294748,-0.933822,-0.202731
53.0052,-9.74,23.6588,-0.0181547,0,-3.5,0,0.146577,0.518236,-0.842583
44.9755,-5.954,20.7105,0.929424,0,-4.5,0,-0.205737,0.952746,-0.223489
37.3935,-22.8008,29.093,-0.0421101,0,3.8,0,-0.57116,-0.509314,0.643719
49.1885,-23.5266,26.8799,0.01545,0,4.2,1,-0.354358,-0.741537,-0.569695
49.4881,-5.55237,18.4254,0.713195,0.50425,-4.5,0,-0.319613,0.827249,0.462067
56.8332,-13.855,17.0607,0.0364331,0,-0.9,0,0.495111,0.483365,0.721959
40.5496,-16.7272,9.67163,0.161492,0,3.8,0,-0.8075,0.490198,0.328099
42.2257,-45.739,10.622,-0.0316367,0,3.8,1,0.538418,-0.671097,0.509641
46.4716,-34.1699,16.1838,-0.402575,0,-0.9,0,-0.0408908,-0.999163,0.00129356
29.7405,-51.029,15.286,0.0871647,0,3.8,0,0.603723,-0.797013,-0.0170088
39.3918,-25.9745,7.16975,0.439299,0,-4.5,0,-0.668156,0.481232,-0.567436
53.6959,-25.4242,14.2491,0.230931,0,3.11458,1,0.205214,-0.549589,0.809839
44.7323,-9.08187,30.839,0.292997,0,-3.9,0,-0.976983,-0.150379,0.151297
21.2515,-47.1177,11.4025,-1.33344,-0.308018,-0.7,0,-0.981003,0.169974,0.0934973
44.692,-18.2255,2.759,1.25392,0,-4.5,0,-0.910534,0.287176,0.29742
52.2814,-6.7705,13.9861,0.723467,0.635335,-4.5,0,0.670489,0.365718,-0.645519
44.9241,-11.5324,25.8678,-0.29447,-0.453924,-0.8,0,-0.600277,0.458836,0.655086
25.2685,-50.058,15.0352,-0.183834,-0.490162,3.8,0,-0.487272,-0.372756,0.789695
48.0817,-13.2627,12.601,-0.185339,-0.0939332,-3.79388,0,-0.33804,0.546493,-0.766208
40.4103,-14.6415,30.8988,0.317925,0,-3.5,0,-0.954895,-0.147336,-0.257811
32.9685,-52.4224,10.9806,0.0676161,0,4.5,1,0.827941,-0.129922,0.545558
33.3693,-40.7325,16.9896,0.776374,0.390334,-4.5,1,0.786415,-0.528647,0.319504
38.235,-45.5985,11.3988,0.259232,0,3.8,1,0.232822,-0.58084,0.780012
45.3076,-12.0326,15.7534,0.966245,0.42271,-4.1956,0,-0.284311,0.235353,-0.929395
31.5021,-54.9799,9.44337,0.00996883,0,4.5,0,0.0910004,-0.979299,-0.18081
35.4748,-44.7052,14.4135,0.150102,0,1.8,1,0.205903,-0.504057,0.838767
43.9806,-10.0103,23.0921,1.38832,0,-3.87766,0,-0.622413,0.241742,0.744422
45.6105,-38.2085,13.9845,-0.0651314,0,4.2,0,-0.000571327,0.127106,0.991889
46.1995,-20.7638,-1.9835,5.89372,0,1.8,0,0.402693,0.772649,-0.490767
44.2323,-37.2505,13.2277,-0.0285752,0,4.2,0,0.097593,0.281257,0.954657
45.6115,-20.5729,6.50537,1.00019,-0.0932683,0.790746,0,0.577591,0.798008,0.171964
46.282,-6.98775,23.7237,0.463654,0,-4.5,0,0.00772877,0.412165,0.911076
46.2223,-27.2463,1.96025,0.542191,0,-3.5,0,0.234395,-0.971282,0.0408684
23.5625,-50.1565,11.4529,0.641458,0,-2.7603,0,-0.688811,-0.546248,0.476606
43.6162,-17.7019,7.27275,0.28499,0,3.8,0,0.745233,0.552891,-0.372745
52.1097,-11.0886,22.182,-0.106524,-0.087163,-4.04237,0,0.689318,0.602812,-0.401819
44.738,-22.104,20.8366,-0.182309,0,4.5,1,0.474526,-0.793054,0.381956
41.0008,-28.894,18.7114,0.394365,0,-3.9,0,0.349119,-0.515734,-0.782391
37.3573,-46.9345,5.169,0.609704,0.936799,-3.5,0,0.722514,-0.543933,-0.426744
31.8841,-44.5882,7.43587,0.0658778,0,-3.5,0,-0.646054,0.20174,-0.736149
47.5863,-5.92075,19.5702,0.710552,0,-4.5,0,-0.135833,0.863574,-0.485581
55.5298,-14.441,22.3417,0.392139,0.0275475,-3.14206,0,0.861341,-0.00248941,-0.508022
42.6006,-11.8904,15.7242,3.46174,0.0640409,-3.9,0,-0.16399,0.443381,-0.881204
38.8375,-22.3529,30.3337,-0.741643,-0.348981,3.8,0,-0.369603,-0.543267,0.753826
39.5936,-26.6956,5.82963,-0.394688,0,-3.5,0,-0.730063,0.660067,-0.176975
35.4461,-37.1302,12.7851,0.129492,0,1.8,0,-0.511302,0.520517,0.683836
37.7645,-24.5436,24.1003,0.376759,0,1.9,0,0.166669,-0.948717,0.268622
50.551,-8.37275,13.2945,-0.330033,0.174726,-4.5,0,-0.230418,0.00304975,-0.973087
39.1953,-30.4697,8.55075,-0.429896,0,-4.5,0,-0.532105,-0.276315,0.800321
38.0001,-28.349,9.55637,0.359503,0,-4.5,0,-0.726165,-0.507869,0.463415
33.8795,-22.0667,20.9233,0.151752,0,1.9,0,-0.840665,-0.271981,-0.468305
39.4193,-25.18,18.9587,-0.501787,0,-3.9,0,-0.910854,-0.341933,-0.231145
39.4345,-29.5368,20.5637,2.21671,0,-3.9,0,-0.550806,-0.777558,-0.303343
33.2287,-38.3802,15.474,0.604112,0,-4.5,0,0.851463,0.522326,-0.0467483
51.9305,-26.603,14.92,0.133244,0,3.8,1,0.782937,-0.26719,0.561801
50.3611,-5.087,15.2259,0.0861261,0,-4.5,0,-0.163956,0.889331,-0.426859
53.8881,-31.0531,7.12225,-0.044905,0,3.89742,1,0.613527,-0.572245,-0.544169
52.3311,-18.5742,9.62162,0.354566,0,-3.9,0,0.0678202,0.320521,-0.94481
46.9222,-4.718,30.3727,0.536596,0,-3.9,0,0.300783,0.950122,0.082446
53.086,-12.3736,17.1292,0.470931,0,-3.5,0,0.684588,0.318644,0.655596
46.4441,-32.5046,18.1364,0.107463,0,-0.9,1,0.0461764,0.0424061,0.998033
53.5218,-17.7169,32.02,0.0714542,0,-0.4,0,0.376331,0.2455,0.893367
44.9555,-13.3416,0.9325,0.69352,0.513321,-4.5,0,-0.226194,0.949268,-0.218464
51.8246,-25.5784,-1.49662,2.96905,0.102807,-3.9,0,0.719194,-0.523857,-0.456437
53.6037,-12.7995,31.3757,0.140871,0,-3.5,0,0.546553,-0.403693,0.733697
30.0181,-40.9308,12.3059,0.198968,0,-4.5,0,-0.975241,0.108489,-0.192706
41.9825,-29.6082,22.1005,2.81006,0.0253397,-3.9,1,0.771612,-0.417719,0.479713
35.931,-23.435,26.4155,0.800247,0,1.9,0,-0.140243,-0.707089,0.693078
25.8641,-52.815,12.5264,-0.45954,-0.0287051,3.91932,0,-0.437229,-0.491244,0.753333
46.7298,-22.784,27.0238,0.0285013,0,1.7766,1,-0.0902859,-0.969705,-0.226983
29.8218,-52.1852,8.0225,-0.0948125,0,4.5,0,-0.30682,0.0103494,-0.951711
47.6355,-24.4221,30.4713,-0.0212639,0,1.8,0,-0.146199,-0.890994,-0.429831
42.1944,-31.9186,7.08287,0.417217,0.882665,-4.5,0,0.195886,-0.1057,-0.974914
46.181,-11.251,15.049,0.49779,0,-4.5,0,-0.722105,0.167939,-0.67109
55.3325,-23.9824,12.235,0.359086,0,3.8,1,0.529856,0.767697,-0.360407
42.6884,-24.263,20.7879,0.147924,-0.173296,-2.42494,1,0.68807,-0.288023,0.666035
26.9461,-48.9889,18.1367,0.0651257,0,3.8,0,-0.575589,0.394163,0.716473
42.0975,-10.8217,21.6809,1.03476,0.0292054,-4.5,0,-0.824735,-0.370264,0.427454
49.6495,-7.85825,23.3423,-0.779158,0,-2.74959,0,0.618179,0.784803,-0.0440397
44.466,-8.97125,19.2205,1.1304,0,-4.41445,0,0.259971,0.477912,-0.839056
48.0003,-38.0037,13.2861,-0.0394135,0,4.2,0,0.708177,-0.0410765,0.704839
46.577,-10.8089,27.8829,-0.455163,0.107027,-3.41701,0,-0.985312,-0.168166,-0.0296859
29.0115,-54.0095,9.86125,-0.0713897,0,4.5,0,-0.0970116,-0.658319,-0.746461
43.2337,-16.3755,10.3053,-0.953392,0,-3.04164,0,-0.151719,0.986942,0.0540999
44.0645,-22.8809,36.7552,1.13837,0,-3.9,0,0.327129,-0.80208,0.499654
55.7525,-10.653,23.6421,0.312804,0,-3.5,0,0.614141,0.330405,-0.716703
50.1198,-11.9065,32.2356,0.540695,0.539879,-3.9,0,-0.153692,-0.0792973,0.984932
51.7675,-9.74725,18.9125,-0.552149,-0.11076,-4.5,0,0.95586,0.292247,-0.0303925
28.255,-44.9712,14.1453,-0.17341,-0.818941,1.8,0,-0.639678,0.413926,0.647671
49.0831,-23.0616,16.716,-0.189388,0,3.8,1,0.678526,-0.572048,0.460828
25.9188,-43.8503,11.2153,-0.423865,-0.753796,-0.7,0,0.532284,0.749129,-0.394309
36.2554,-20.8004,17.6577,0.537378,0,-3.5,0,-0.521988,0.437845,-0.731997
59.7598,-17.3911,15.9279,0.18401,0,-0.9,0,0.975219,-0.0652334,0.211405
44.5308,-33.904,15.9108,-0.53745,0,-0.9,0,-0.0556355,-0.970349,0.235218
52.2456,-21.3774,20.1831,0.151718,0,2.8,1,-0.429086,-0.466609,0.773409
46.5561,-11.5321,31.4326,-0.182888,0,-3.9,0,-0.110111,-0.809319,0.576956
40.98,-38.7267,14.8009,-0.00222364,0,1.9,0,-0.240924,0.494361,0.835202
51.261,-14.8675,12.5244,0.370088,0,-3.5,0,-0.0539609,0.511223,-0.857753
37.9738,-25.1917,9.28137,0.256236,0,-4.5,0,-0.950394,0.310516,-0.0181788
55.1217,-15.1222,27.8353,-0.0275033,0,4.2,0,0.977491,0.00353005,0.210946
24.9546,-58.281,8.14475,0.687226,0,-3.9,0,0.144933,-0.438724,-0.886857
44.0448,-25.6928,-2.99775,0.896932,0,1.8,0,-0.00328702,-0.857664,-0.5142
47.6665,-17.6665,0.44325,0.843631,0,-4.5,0,0.961394,0.110704,-0.251923
52.1339,-5.73612,14.5957,0.431057,0.52209,-4.5,0,0.795462,0.464839,-0.3888
39.8447,-20.5055,0.427,0.330528,0.00148827,-3.5,0,-0.495909,0.86217,-0.103624
52.1115,-7.10087,25.8341,-0.592825,-0.966118,-0.8,0,0.689171,0.17163,-0.703979
44.308,-32.7651,18.0124,0.170382,0,-0.9,0,-0.47977,-0.190162,0.856539
45.6753,-6.40212,27.2744,2.43368,0.287899,-3.9,0,-0.119566,0.237719,-0.963947
25.5879,-44.6861,10.2361,-0.138582,0,-0.7,0,0.440647,0.541516,-0.715954
52.5586,-23.5172,1.96637,0.878354,0,-3.9,0,0.684726,0.698372,0.208392
31.3109,-39.6141,19.164,0.166398,0,-4.5,0,-0.515488,-0.406448,0.754369
40.5996,-12.9532,32.3836,-0.248763,0,-3.5,0,-0.812503,0.501884,0.296567
51.4145,-11.043,13.1493,-0.804501,-0.816528,-3.5,0,-0.0808121,-0.106463,-0.991027
53.838,-20.3515,11.155,0.719232,0,-3.9,1,0.818937,-0.323498,-0.474016
53.7262,-25.5295,7.88237,0.331727,0,3.89918,1,0.849258,0.526046,0.0451248
47.9769,-19.1976,4.01381,0.555492,0,-4.5,0,0.652093,0.542079,0.530023
42.1753,-19.5091,37.2664,1.47268,0.872226,-3.9,0,-0.757161,0.539088,0.368904
48.5105,-34.4224,12.4587,-0.089008,0,-0.693885,0,0.91611,-0.37081,0.152451
55.955,-14.054,26.5935,-0.717628,-0.41431,-3.5,0,0.69214,-0.508915,0.511808
22.7896,-45.6361,12.6286,-0.0868894,0,-0.7,0,-0.848236,0.176327,0.499405
40.887,-30.3363,21.9955,2.8819,0.119576,-3.9,0,0.0826317,-0.836775,0.541276
44.635,-19.2165,37.067,2.33301,0.265882,-3.9,0,0.252679,0.834357,0.4899
45.1455,-29.019,11.3872,0.252535,0,4.5,0,-0.883472,-0.45971,0.090246
38.6665,-21.2514,31.2939,-1.14182,-0.430908,3.8,0,-0.381554,-0.234925,0.893995
57.6689,-14.4619,12.6391,2.52941,0.0147337,-3.9,0,0.918212,0.053555,-0.392453
54.9699,-9.93125,29.5631,-1.23264,0,-3.5,0,0.970075,0.193895,0.146146
24.8415,-43.2378,10.4015,0.00700078,0,-0.7,0,0.348238,0.866847,-0.3568
25.6765,-50.615,7.34925,-0.393698,0,-3.69214,0,0.655663,0.140861,-0.741798
37.2316,-39.8656,14.1656,-0.358865,-0.0927781,1.81288,0,-0.044697,0.48754,0.871956
46.244,-39.2308,10.2919,-0.0067327,0,4.2,0,0.448097,-0.66544,-0.596991
39.664,-30.7765,5.772,0.292066,0.505822,-4.5,0,-0.170633,-0.364903,-0.915276
44.2812,-14.221,24.3714,0.473393,0,-0.7,0,0.178136,-0.178635,-0.967655
32.4935,-47.556,14.4878,0.655264,0,2.5684,0,0.339587,0.296902,0.892485
32.544,-54.2183,8.53675,0.00327217,0,4.5,0,0.549498,-0.724064,-0.416874
44.9427,-39.8694,5.789,-0.996522,-0.0748873,3.08815,0,0.637327,-0.721227,-0.271379
55.1857,-12.8698,12.354,2.02861,0.00333915,-3.9,0,-0.24345,0.826244,-0.507989
35.174,-43.2051,5.71012,-0.588487,-0.508268,-3.5,0,-0.406209,0.588884,-0.69872
43.017,-16.3185,20.1992,0.82206,0,3.8,0,-0.22514,0.659266,0.717412
41.7388,-20.0502,1.516,-0.167751,-0.0243404,-3.5,0,-0.334895,0.933569,0.127651
42.9605,-13.1683,34.5762,-1.72271,-0.0493759,-3.5,0,0.316887,-0.236517,0.9185
45.0125,-8.20725,31.5275,0.364487,0,-3.9,0,-0.650215,-0.153835,0.744013
39.7795,-33.5013,6.1615,-1.27938,-0.0251561,-3.5,0,-0.237087,0.298151,-0.924606
43.3335,-30.6025,15.3328,0.026018,0,-0.9,0,-0.457969,0.860334,0.223806
36.9566,-19.9541,27.8883,-0.186633,-0.150699,1.88035,0,-0.574857,0.601294,0.554964
56.346,-12.2886,12.7723,2.2198,0.863512,-3.9,0,0.271464,0.894701,-0.354708
41.4922,-25.9464,11.7956,0.191695,0,0.00982122,0,-0.116052,-0.904022,0.411431
45.6493,-33.408,17.7428,-0.0306084,0,-0.9,1,-0.101673,-0.647216,0.755496
49.5794,-11.4241,13.2963,-0.353329,0,-4.2314,0,-0.115261,0.329938,-0.93694
50.6134,-34.9721,5.10525,-0.247966,0,-3.5,0,0.869615,-0.493626,0.0101236
29.3822,-43.3353,13.8412,0.299448,0,1.8,0,-0.647364,0.761219,0.0382713
34.161,-37.949,12.932,0.126959,0,-3.33115,0,-0.156747,0.960759,0.22885
38.8261,-22.7114,0.999,0.355846,0.733676,-3.5,0,-0.981778,-0.183063,0.0509973
39.1514,-39.7334,3.45038,0.43798,0,-4.5,0,-0.0402592,-0.370332,-0.928027
36.7035,-35.8641,12.1901,-0.018234,0,1.8,0,-0.209307,0.950161,0.23105
46.841,-17.2429,35.5126,-0.208245,0,-3.5,0,-0.234432,0.570473,0.787148
44.4594,-22.6666,28.672,-0.128977,0,-0.488832,1,0.483188,-0.872916,-0.0674333
36.8635,-18.558,27.0115,-1.24449,-0.235273,1.8,0,-0.690995,0.459691,0.557862
38.3874,-23.9909,17.392,0.0851598,0,-3.5,0,-0.777662,-0.62422,0.0747693
40.0601,-41.7934,13.714,-0.46656,-0.743171,1.9,1,-0.058785,-0.785299,0.616319
39.5848,-25.8914,27.432,0.134911,0,3.8,0,-0.80436,-0.583812,-0.110307
28.765,-44.012,14.94,0.140555,0,1.8,0,-0.746032,0.465698,0.475985
39.1706,-37.7135,13.0866,-0.381866,-0.0270027,-2.85307,0,-0.0192929,0.346772,0.937751
45.192,-33.6205,14.6965,-1.08171,0,-0.9,0,0.0292721,-0.992497,0.118711
33.449,-22.1599,25.0781,0.266764,0,1.9,0,-0.747957,0.089056,0.657746
39.0075,-27.6082,22.2008,1.53491,0.00451853,-3.9,0,-0.84753,0.00232449,0.530743
40.995,-31.1914,6.469,0.207736,0.348654,-4.5,0,0.345942,-0.297526,-0.889833
26.0955,-47.9207,16.125,0.16068,0,3.8,0,-0.654324,0.485373,0.57989
37.9622,-20.605,30.7995,-0.808126,-0.0165883,3.8,0,-0.771546,0.170853,0.612801
52.731,-32.2627,6.52738,-0.490432,-0.820278,4.2,0,0.629395,-0.614981,-0.475038
46.1456,-24.6408,-3.84262,0.86427,0,1.8,0,0.745176,-0.334943,-0.57665
40.5336,-19.3669,31.3919,0.31699,0,-1.90542,0,-0.624367,0.323356,0.71106
50.8899,-29.4106,15.7305,0.0516318,0,3.8,1,0.543598,-0.318697,0.776488
48.309,-7.0725,26.52,0.0795463,0,-0.8,0,-0.543142,0.466651,-0.698021
45.8285,-21.1455,20.6446,0.0531369,0,4.27866,1,0.791687,-0.531193,0.301773
50.4953,-9.23287,23.1335,-1.69161,-0.506382,-3.2123,0,0.582966,0.744657,-0.325018
42.5771,-22.8269,36.891,0.990442,0,-3.9,0,-0.383404,-0.749643,0.539478
26.778,-49.2445,8.1925,-0.485653,0,1.2276,0,0.492157,-0.312988,-0.812293
48.8806,-36.0361,5.50287,-0.211907,0,-3.5,0,0.0191143,-0.989964,0.14002
40.558,-26.3551,26.1465,0.143945,0,3.8,0,-0.261868,-0.902389,-0.342228
27.085,-50.2747,8.82775,-0.209621,-0.523963,1.8,0,0.462709,-0.133361,-0.876422
51.485,-30.1135,4.86888,-0.62772,-0.252257,4.2,0,0.0171258,-0.0774085,-0.996852
41.5996,-17.297,5.47788,0.28496,0,3.8,0,0.0232951,0.408458,-0.91248
26.9352,-50.4408,18.4045,0.0449884,0,3.8,0,-0.556412,-0.206646,0.8048
42.4769,-42.543,7.72,-0.573483,0,-3.5,0,0.78694,-0.590621,-0.178583
50.5542,-17.5693,33.0392,-0.082027,0,-3.5,0,0.669994,0.578699,0.46499
32.8609,-40.7611,18.71,0.925446,0.820787,-4.5,0,0.28608,-0.76015,0.583378
38.7545,-35.7404,4.49875,0.620815,0.424148,-4.5,0,-0.640018,0.642399,-0.421545
42.291,-29.1535,4.18075,-0.25877,0,-3.5,0,0.132264,-0.917157,-0.375937
43.0129,-9.46712,18.4514,1.02597,0,-3.9,0,-0.405346,0.609916,-0.680953
48.493,-35.7565,12.0905,-0.0482606,0,4.2,0,0.990873,-0.128909,0.0394198
47.3735,-14.9117,20.7555,3.79374,0,-3.79615,0,-0.367576,-0.46589,0.804882
45.32,-18.7385,4.20575,0.670001,0,-4.5,0,-0.31687,0.663248,0.678009
41.5747,-8.216,19.8269,0.759142,0.768424,-4.5,0,-0.931142,0.203668,-0.302478
42.5065,-26.6054,11.7521,0.284068,0,4.5,0,-0.534275,-0.689753,0.488662
44.6333,-6.562,31.653,0.57896,0,-3.9,0,-0.663377,0.188595,0.724129
50.4236,-24.8085,31.2603,-1.23138,-0.199896,1.8,0,0.471223,-0.846181,0.248852
48.9512,-21.587,34.464,-0.733107,-0.0980168,-1.87306,0,0.228735,-0.489265,0.841606
40.3491,-17.6781,23.2724,1.08604,0,2.05744,0,0.0939693,0.937885,-0.333977
29.9254,-37.0731,17.208,0.645032,0,-4.5,0,-0.93727,0.295829,0.184417
36.1738,-19.3276,26.5611,-0.776538,-0.455452,1.80868,0,-0.777232,0.479351,0.407595
25.3235,-59.8285,9.78075,2.51643,0.193795,-3.9,0,0.324908,-0.765081,-0.555956
46.2537,-13.6514,1.26838,0.61447,0.0273471,-4.5,0,0.595895,0.802832,-0.019246
40.6354,-33.1949,10.6099,-0.23882,0,-3.5,0,-0.645766,0.747863,0.153904
45.7849,-19.4492,36.6836,-0.177758,0.882849,-3.88304,0,0.0660508,0.584589,0.808637
49.3893,-27.8335,4.44088,-0.0102803,0,1.76013,0,-0.211138,-0.657314,-0.723436
36.1085,-49.48,10.3035,0.0448791,0,4.2,0,0.378316,-0.518531,-0.766813
24.927,-51.0044,13.1423,-0.130719,-0.241886,3.8,0,-0.528205,-0.812368,0.2471
37.379,-33.401,7.708,-1.42169,0,-3.5,0,-0.893111,0.160675,-0.420162
22.1686,-46.6289,9.99312,-0.493287,0,-0.7,0,-0.937203,0.242619,-0.250572
50.9261,-19.9408,9.20625,0.241217,-0.394864,-1.95405,0,0.111845,0.772273,-0.625368
44.777,-14.9146,12.3525,-1.82031,-0.709013,-3.5,0,-0.172647,0.931664,-0.31968
52.1788,-23.3646,16.8825,-0.396883,0,2.8,1,-0.464654,-0.780128,0.418923
44.3865,-12.5355,32.4495,-0.970357,-0.0762345,-3.5,0,0.966208,-0.043169,0.254124
42.0103,-11.372,20.1852,1.0938,0.546042,-4.5,0,-0.891387,-0.387855,0.234513
44.7725,-18.528,9.76275,-0.342113,-0.391028,0.12948,0,0.871693,0.139768,-0.469698
49.8548,-8.905,30.839,0.455041,0.203375,-3.04576,0,0.415496,0.512013,0.751801
43.7668,-39.7535,4.75325,-1.40079,0,0.366907,0,0.505854,-0.392704,-0.768046
39.2029,-20.1826,16.7335,0.351956,0,-2.40895,0,-0.63751,0.726845,-0.255494
55.7547,-27.4211,6.52913,0.191334,0,4.2,1,0.950103,0.311346,-0.0191986
41.9938,-17.5236,20.7279,0.673285,0,4.40147,0,-0.339877,0.902596,0.264206
40.5547,-27.5995,-1.14787,-1.48381,-0.870991,-3.5,0,-0.931649,-0.216456,-0.291851
30.9044,-39.9035,17.9954,-0.0729066,0,-4.5,0,-0.833654,-0.495522,0.243885
43.5648,-33.1958,16.4767,-0.352899,-0.0385288,-1.11267,0,-0.440058,-0.516388,0.734637
50.564,-18.4475,25.1155,-0.383811,0,4.08235,1,-0.439364,-0.889692,0.124129
34.6506,-21.9137,25.8745,0.254475,0,1.9,0,-0.78822,0.131938,0.601083
48.9226,-16.2808,31.3873,-0.648393,-0.0303296,1.8,0,-0.0740056,0.936955,0.341523
29.7251,-47.4296,17.952,0.114785,0,3.8,0,0.13395,0.618089,0.774612
52.1759,-24.3361,15.7596,-0.167821,0,2.8,1,-0.0988596,-0.551457,0.828325
39.6485,-29.163,4.2585,-1.21707,0,-3.5,0,-0.412127,-0.781444,-0.468504
52.3133,-20.2862,26.9205,-1.60836,-0.200119,4.2,0,0.80522,-0.179152,-0.565266
50.956,-18.7747,9.94875,0.0604774,-0.0299693,-3.6629,0,-0.00448148,0.453793,-0.891096
23.4923,-58.2967,8.8895,1.40366,0,-3.9,0,-0.59485,-0.340467,-0.728173
32.4465,-37.3544,15.2644,0.464286,0,-4.5,0,0.623831,0.763716,-0.16605
48.8802,-18.6695,35.7723,-0.338572,0,-3.5,0,0.585631,0.0822572,0.806393
38.5791,-40.2046,14.6751,-1.54938,0,1.9,0,0.0167076,0.124655,0.99206
48.8268,-6.2925,14.2697,0.623069,0,-4.5,0,-0.371136,0.722913,-0.5828
46.3274,-6.90688,15.9784,1.17293,0,-4.5,0,-0.894873,0.446317,0.00152768
47.3843,-12.7716,29.3799,-0.418232,0,-3.9,0,-0.628537,-0.624894,0.463086
47.6461,-12.1411,13.3877,-1.11411,-0.703239,-4.5,0,-0.662122,0.357896,-0.65841
41.7178,-42.9451,6.45062,-0.808115,0,-2.11335,0,0.516476,-0.562388,-0.645734
40.6655,-15.8011,17.8741,0.56009,0,3.8,0,-0.852241,0.424919,0.30517
41.4432,-26.5469,22.7283,0.669358,0.588158,-3.9,1,0.761895,-0.232614,0.604488
37.2696,-42.699,5.75575,-0.799661,-0.0350046,-4.4153,0,0.412874,0.121794,-0.902608
52.1134,-16.2498,30.7092,-0.315231,0,-0.4,0,-0.0676782,0.324151,0.943581
46.0723,-24.936,19.8943,0.0458552,0,3.8,1,0.299578,-0.365501,0.881284
39.828,-22.837,3.8335,0.148611,0,-3.5,0,-0.900352,0.0258523,0.434393
40.231,-21.0766,-0.9455,1.18235,0.782858,-3.5,0,-0.326588,0.520631,-0.78885
35.9965,-49.4972,14.6319,0.0490373,0,4.2,0,0.709946,-0.186529,0.679105
48.1592,-31.533,4.2535,-0.692421,0,-3.5,0,-0.561754,0.798557,-0.216192
46.2202,-15.0992,28.8431,-1.07029,0,1.8,0,-0.188025,0.915453,0.355798
48.3187,-31.4163,3.03825,-1.37008,-0.305669,-3.5,0,-0.173861,0.940287,-0.29263
46.41,-22.8351,-3.04975,4.32677,0,1.8,0,0.812377,0.107256,-0.573184
42.1944,-23.3024,33.6485,0.158488,0,-3.9,0,-0.450807,-0.882502,0.134026
54.3602,-31.5263,12.7609,0.0754604,0,3.8,1,0.622971,-0.213484,0.75255
44.2783,-23.3918,35.7562,0.343403,0,-3.9,0,0.384541,-0.915853,0.115505
54.0284,-12.8055,13.0551,0.52826,0,-3.9,0,-0.0908808,0.612142,-0.785508
52.8438,-9.33012,13.2826,-1.35069,-0.000879316,-3.5,0,0.637227,0.201292,-0.743924
37.3989,-45.6854,8.0705,-0.0123639,0,3.8,0,0.0981809,-0.963357,0.249607
38.6726,-25.4052,16.4666,0.13975,0,1.8,0,-0.911423,-0.330216,0.24549
27.3465,-51.9844,16.586,0.016025,0,3.8,0,-0.0888695,-0.99302,-0.0775532
49.5606,-31.4706,3.86087,-0.851165,-0.342702,-3.5,0,0.27641,0.841407,-0.464362
38.7764,-19.4984,30.5858,-0.706774,-0.0800912,0.0643072,0,-0.553459,0.33491,0.762574
50.215,-25.0798,15.495,-0.581835,-0.0594326,2.90396,1,-0.0189212,-0.143175,0.989516
36.6302,-48.4389,13.4663,0.0555603,0,4.2,1,0.770739,0.156047,0.617747
44.6193,-8.15575,28.2235,2.51405,0.129454,-3.9,0,-0.577234,-0.48189,-0.659229
41.48,-46.5046,10.0382,-0.020882,0,3.8,0,0.314158,-0.947856,0.053607
41.8343,-22.7453,35.0168,0.566763,0,-3.9,0,-0.695549,-0.717353,0.0402077
39.7161,-35.2235,3.48887,0.87056,0.0444354,-4.5,0,-0.387613,0.704702,-0.594265
38.2501,-28.0065,20.3263,0.608267,0,-3.9,0,-0.960822,-0.217955,-0.171221
29.1717,-46.7345,16.0623,0.340427,0,3.8,0,-0.293532,0.828505,0.476884
28.95,-54.79,11.3146,0.0192933,0,4.5,0,-0.215274,-0.969366,0.118263
55.2559,-23.962,15.9049,0.226484,0,2.8,1,0.785933,-0.613884,0.0738638
26.3127,-50.5539,17.4319,0.0393832,0,3.8,0,-0.932139,-0.11217,0.344289
38.3237,-35.3963,6.712,-0.00882614,0,-3.5,0,-0.838229,0.197144,-0.508434
56.02,-11.7785,23.57,0.537168,0,-3.5,0,0.799903,0.248453,-0.546285
42.4046,-25.6647,26.1426,0.0741841,0,3.8,1,0.69971,-0.463564,-0.543612
48.4895,-21.384,2.76113,0.864298,0,-3.98778,0,0.818214,0.325333,-0.474008
39.1531,-23.6185,13.4128,0.176124,-0.56823,-0.948423,0,-0.884535,-0.414813,-0.213372
45.9058,-18.3382,35.7653,-0.475099,0,-3.5,0,-0.336841,0.631686,0.69822
38.1515,-22.6208,15.4587,-0.370191,0,1.8,0,-0.935725,-0.31488,-0.158963
52.3699,-10.1396,32.6489,-0.052444,0,-3.5,0,-0.105336,0.3495,0.930996
46.6374,-25.0574,16.2493,-0.0522901,0,3.8,1,0.322657,-0.916088,0.238066
46.1636,-18.2444,11.0784,-0.662578,0,-3.5,0,0.292947,-0.30206,-0.907161
41.3971,-19.9139,34.9706,0.318274,0,-3.9,0,-0.878376,0.424484,0.219702
57.4757,-20.2495,17.4338,0.235971,0,-0.9,1,0.537948,-0.513601,0.66845
45.5679,-37.232,3.61963,-0.0801095,0,4.2,0,0.428004,-0.330953,-0.841001
50.6314,-5.273,18.6222,1.05546,0.738875,-4.5,0,0.261133,0.525399,0.809794
52.4795,-5.01,16.3044,1.12878,0.765475,-4.5,0,0.703394,0.697535,-0.136681
44.2593,-12.195,21.9182,1.81932,0.321375,-2.58075,0,-0.508008,-0.796699,0.327413
50.073,-24.5742,-2.1065,3.17019,0,-3.9,0,-0.322237,-0.0248291,-0.946333
25.8592,-52.809,6.1945,-7.77327,0,-3.9,0,0.50414,0.0491798,-0.86222
48.131,-23.8188,28.092,0.0477061,0,4.2,1,-0.391292,-0.884879,-0.252746
24.1173,-47.3092,5.63,-0.404709,-0.0253921,-3.5,0,0.404974,0.382336,-0.830551
42.649,-16.1035,23.7945,0.616689,0,-0.641891,0,-0.257215,0.488363,-0.833872
40.626,-17.2835,15.987,0.321376,0,3.8,0,-0.896954,0.191621,-0.39844
41.4691,-31.1744,13.6406,-1.99393,-0.0513639,-3.5,0,-0.561088,0.814493,-0.147583
38.1888,-24.2511,16.0291,0.0803401,0,1.8,0,-0.958673,-0.259437,-0.116786
39.4045,-33.5615,10.085,-0.852385,0,-3.5,0,-0.322571,0.564558,0.759751
22.1849,-44.5044,10.9886,-0.0399626,0,-0.7,0,-0.913429,0.399475,-0.0778863
40.1398,-34.1048,11.8322,-0.0572908,0,-3.5,0,-0.854277,0.454299,0.252631
48.5064,-7.80825,23.7846,-0.48124,-0.259663,-3.11504,0,-0.170673,0.919951,0.352933
33.1516,-20.2251,22.7205,0.732659,0,1.9,0,-0.64995,0.759397,-0.0296929
54.8344,-9.99113,28.0807,-1.28102,-0.256163,-3.5,0,0.823297,0.55948,-0.0957274
49.537,-30.664,4.974,-0.221612,-0.68381,1.17621,0,0.0757632,0.396798,-0.914774
38.9058,-24.9762,23.5392,0.195532,0,-2.60321,0,-0.418741,-0.750285,0.511594
33.2821,-48.0384,9.23363,-0.394005,-0.0179607,-3.5,0,0.39177,-0.611952,-0.687045
51.1695,-8.7355,21.0452,-0.916807,-0.0820983,-4.5,0,0.68977,0.649464,0.320022
50.6741,-21.4608,34.3553,-1.18071,-0.321201,-3.5,0,0.520817,-0.536737,0.663825
24.7721,-56.6614,8.05163,0.371497,0,-3.9,0,-0.120904,-0.124691,-0.984802
41.4906,-12.1875,33.6794,-1.54343,0,-3.5,0,-0.747042,0.519243,0.415107
26.3067,-54.4475,7.67537,-1.6919,0,-3.9,0,0.680095,-0.446818,-0.581226
23.7964,-43.0566,11.5766,-0.0305955,0,-0.7,0,-0.157527,0.978846,0.130562
38.1165,-42.1618,14.4689,-0.427405,-0.118263,1.84787,1,0.475559,-0.556931,0.680934
41.1754,-21.5116,32.044,0.30157,0,-3.9,0,-0.828949,-0.320948,0.458079
42.4505,-24.8036,-0.649,0.410989,0,1.8,0,-0.922343,0.193129,-0.33464
45.9403,-16.1082,3.62075,1.02049,0.497211,-4.5,0,0.299572,0.232257,0.925372
46.1888,-25.8617,18.6374,0.0328072,0,3.8,1,0.431294,-0.88404,0.180163
53.8245,-32.406,12.6519,0.048148,0,3.8,0,0.290676,-0.768001,0.570685
40.873,-38.1391,2.75738,-0.237793,0,-4.5,0,-0.0126541,-0.036531,-0.999252
47.4665,-11.1383,14.0288,0.127561,-0.0436522,-4.5,0,-0.525737,0.101985,-0.844511
46.9347,-25.3131,19.1226,0.0180458,0,3.8,1,0.729079,-0.439728,0.524484
27.6112,-52.2422,8.307,-0.609295,0,2.02759,0,0.710979,0.0548385,-0.701072
33.7525,-47.0249,6.86325,0.185903,0.548072,-3.5,0,-0.554054,-0.778755,-0.29422
54.5504,-11.7513,31.1446,-0.157702,0,-3.5,0,0.908536,-0.254035,0.331705
50.6755,-15.5494,30.6672,-1.33537,-0.002487,1.99415,0,-0.129395,0.361324,0.923419
46.741,-25.233,-0.93875,1.71579,0.0968476,-3.52249,0,0.489699,-0.599523,-0.633062
46.9622,-22.1583,-0.638,5.57328,0,1.8,0,0.868799,0.426121,-0.252207
37.5015,-48.2952,12.477,0.0160781,0,4.2,1,0.925678,0.0103821,0.37817
23.834,-48.8068,14.5725,-1.0963,-0.0788524,3.8,0,-0.696402,0.173965,0.696248
33.1997,-51.6055,11.6315,0.0577973,0,4.48715,0,0.725339,-0.672896,0.145242
28.757,-51.32,15.215,0.171662,0,3.8,0,0.285215,-0.957858,-0.0340569
41.729,-16.3862,10.0205,0.042576,0,3.8,0,-0.320173,0.889628,0.325656
42.2267,-18.1022,12.076,-0.207423,0,-3.5,0,-0.845424,0.524388,0.101366
23.9137,-45.4139,7.7445,0.665726,0.0143884,-3.5,0,0.434966,0.870006,-0.232153
47.2109,-32.2126,5.16062,-0.273793,0,-3.5,0,-0.728181,0.613364,-0.305839
45.2868,-22.6887,29.7353,-0.0619058,0,1.12993,0,0.0709549,-0.924281,-0.375059
42.8379,-35.3925,14.4867,-1.24377,-0.0426496,-3.5,0,0.384133,-0.62127,0.682983
32.778,-37.1102,16.7285,-0.100792,0,-4.5,0,0.725943,0.686511,-0.0413406
44.9156,-14.1005,-0.02325,0.909047,0.469604,-4.5,0,-0.546324,0.613585,-0.570126
34.4655,-24.831,22.8655,-0.725279,0,1.9,0,-0.428371,-0.886462,-0.175164
51.3625,-29.4492,14.7925,0.101259,0,3.8,1,0.857413,-0.277198,0.433595
50.7286,-24.3503,26.586,-0.004746,0,4.2,1,-0.0921025,-0.892172,-0.442206
36.4821,-41.7695,5.74263,-0.0477078,0,-4.5,0,-0.393523,0.0448535,-0.91822
54.5588,-10.9441,23.004,0.353397,0,-3.5,0,0.305486,0.414604,-0.857194
28.5831,-45.5909,7.89975,0.125606,0,1.8,0,-0.434728,0.707963,-0.556597
44.8797,-4.97325,28.673,3.00915,0.209232,-3.9,0,0.0216349,0.950049,-0.311351
48.6468,-5.39875,16.1165,0.600946,0,-4.5,0,-0.412781,0.89344,-0.177134
44.577,-22.9794,27.1504,-0.225191,0,-0.7,1,0.384651,-0.915026,0.121539
51.7056,-20.6297,32.4743,0.343864,0.624161,-1.34346,0,0.746799,-0.263921,0.61044
38.2535,-16.7057,23.942,0.427379,0,1.8,0,-0.217685,0.97587,-0.0170828
59.578,-16.2215,16.165,0.276051,0,-0.9,0,0.762963,0.43618,0.47711
45.3671,-14.552,3.35363,1.09251,0.910823,-4.5,0,0.00639907,0.434849,0.900481
55.6081,-15.7306,21.789,1.4349,0.826629,-0.9,1,0.924264,-0.361484,-0.12274
35.0573,-21.2638,27.037,-0.445103,-0.815694,1.9,0,-0.923798,0.204674,0.323582
47.2415,-31.9478,17.8603,0.0896205,0,-0.9,0,0.366797,0.546691,0.752721
57.0956,-12.039,25.3167,-0.941287,0,-3.5,0,0.953106,0.293578,-0.0734909
29.0462,-51.5829,16.5995,0.0620115,0,3.8,0,0.450534,-0.891076,-0.0548024
45.033,-42.634,11.1545,0.558005,0,1.9,1,0.850012,-0.327723,-0.412405
51.423,-23.8755,29.538,-0.214987,-0.160553,3.81038,0,0.653642,-0.732303,0.191008
51.8257,-11.027,18.8482,0.229029,0,-0.9,0,0.964262,0.249809,0.0882885
46.0971,-20.8844,7.56087,1.55389,0,3.53461,0,0.437426,0.897059,0.0628016
41.0005,-29.6105,19.8246,1.40845,0,-3.9,0,0.302238,-0.773219,-0.557481
41.9791,-23.2691,-0.550125,-0.248573,0,0.300175,0,-0.705676,-0.348461,-0.616926
49.6374,-9.8245,31.846,0.219394,0,-3.9,0,0.169752,0.340709,0.924717
51.6978,-17.8309,31.9049,-0.107425,0,-1.61062,0,0.200936,0.56723,0.798671
48.5093,-9.1645,32.33,0.136598,0,-3.9,0,0.282123,0.257317,0.924226
47.327,-29.3295,14.136,-0.139509,0,2.02694,1,-0.614799,0.170219,0.770096
39.9441,-42.9301,12.1921,-0.0726084,0,2.88597,1,-0.0681335,-0.554386,0.829466
52.3254,-11.894,21.2423,0.169942,0,-0.9,0,0.748012,0.641001,-0.172034
44.186,-10.3585,31.2973,-0.0905973,-0.0857514,-3.85501,0,-0.635921,0.678753,0.367286
40.0088,-27.5185,1.78925,0.00125734,0.24042,-3.5,0,-0.974978,0.21402,-0.0601136
42.0947,-26.2339,15.0165,0.11122,0,1.8,0,0.332909,-0.94283,0.0156094
47.8601,-16.5942,34.7334,-0.163186,0,-3.5,0,0.00635107,0.806729,0.590888
40.6053,-18.5847,5.25225,0.230292,0,3.8,0,-0.451665,0.054818,-0.890502
40.1133,-46.3041,9.24225,-0.00387729,0,3.8,0,-0.000931855,-0.998843,-0.0480871
49.0666,-7.937,30.9963,0.377797,0,-3.9,0,0.626626,0.311588,0.714319
53.47,-28.4906,12.8249,0.20129,0,3.8,1,0.142854,-0.103863,0.984279
45.8165,-22.5135,27.581,-0.00985679,0,-0.7,1,0.0312937,-0.986164,0.162791
32.8539,-37.7201,14.2327,0.565459,0,-4.5,0,0.567622,0.820255,-0.0706185
24.5744,-53.4654,12.0151,-0.0932383,0,-3.9,0,-0.390612,-0.0448389,0.919463
45.3695,-11.775,30.6395,-0.315543,0,-3.60105,0,-0.0539762,-0.875632,-0.479953
22.1595,-46.6481,12.3846,-0.779224,-0.934581,-0.7,0,-0.772011,0.183965,0.608405
37.177,-44.0905,4.991,-1.70759,-0.588727,-3.5,0,0.428642,0.169964,-0.887343
49.2212,-16.9872,34.7965,-0.118467,0,-3.5,0,0.514799,0.674521,0.529153
30.9755,-47.4375,16.813,0.156456,0,3.8,0,0.684342,0.540659,0.489248
46.0559,-10.5041,31.9789,-0.0759474,0,-3.9,0,-0.226365,-0.162092,0.960461
42.4731,-33.2564,15.8969,-1.48007,-0.796195,-3.14325,0,-0.498138,0.0031421,0.867092
44.866,-24.4998,-4.70563,0.581774,0,1.8,0,0.0725645,-0.401185,-0.913118
53.7634,-32.9342,10.9639,0.0430753,0,3.8,1,0.277077,-0.899429,0.338018
48.1134,-38.6639,12.2651,-0.0175077,0,4.2,0,0.937536,-0.344153,0.0508499
32.0005,-47.3725,7.94975,-1.16298,-0.683519,-3.5,0,0.177343,-0.538508,-0.823747
43.7951,-34.2455,14.4529,-1.35986,0,-3.5,0,0.510646,-0.757274,0.407157
52.762,-23.1238,18.9757,-0.24164,0,2.8,1,-0.447773,-0.697344,0.559653
40.5904,-21.2566,8.88037,0.231182,0,0.252865,0,-0.940338,0.0411924,-0.337738
23.8057,-45.6945,6.44725,-0.0992477,0,-3.5,0,0.414956,0.773225,-0.479515
47.4034,-33.2441,18.006,0.283451,0,-0.9,0,0.369201,-0.32472,0.870774
44.6222,-19.3284,6.21588,0.371577,0,3.8,0,0.657305,0.738691,-0.149287
50.4412,-28.6222,16.3426,0.0271984,0,3.8,1,0.280191,0.0997248,0.95475
28.0609,-47.7449,17.5085,0.109352,0,3.8,0,-0.369579,0.65053,0.663493
44.0799,-13.4392,30.4237,-0.925825,-0.400783,-3.5,0,0.73557,0.371035,-0.566806
22.3971,-49.3055,7.69012,-0.0166801,0,-3.5,0,-0.943621,-0.128421,-0.305101
35.823,-18.7183,23.6024,0.490983,0,1.8,0,-0.819946,0.507436,0.264947
44.2194,-20.287,0.33425,0.863421,-0.0691257,-4.11725,0,-0.381496,0.736534,-0.558551
54.2241,-30.3382,13.0851,0.105269,0,3.8,1,0.578537,0.036287,0.814849
43.6043,-42.7961,14.7847,-0.713549,0,1.9,1,0.487261,-0.517551,0.703362
42.4586,-26.0264,13.2354,0.263727,0,4.5,0,-0.29362,-0.949444,0.111097
50.8145,-15.7345,11.5166,0.561892,0,-1.6,0,0.235158,0.562369,-0.792743
46.3368,-14.6748,13.0405,-0.614199,-0.340245,-3.00885,0,-0.368846,0.897834,-0.240513
51.1945,-23.3682,15.9967,-0.606516,0,2.8,1,-0.185898,-0.607958,0.771899
41.1255,-25.8433,17.7441,-0.293222,0,0.268717,1,0.794007,-0.606339,-0.043644
37.2426,-47.4606,11.8279,-0.0619936,0,4.2,1,0.985797,0.076952,0.149272
38.9915,-42.4857,12.7435,0.028244,-0.0196021,1.9,1,0.3147,-0.735957,0.599443
23.781,-57.579,8.254,0.435485,0,-3.9,0,-0.56435,-0.0487499,-0.824095
46.4162,-28.1077,6.79163,0.409204,0,1.8,0,-0.435299,-0.829603,-0.349676
42.1787,-45.1201,8.44975,-0.114615,0,3.8,0,0.715392,-0.47759,-0.510022
57.1425,-13.3503,25.8486,-1.47945,-0.639844,-3.5,0,0.901403,-0.422822,0.0932444
46.6951,-24.909,31.771,-0.0103659,0,1.8,0,-0.323929,-0.944508,0.0545426
38.008,-28.8118,6.99888,0.645013,0.83176,-4.5,0,-0.980301,-0.0613463,-0.187741
51.9365,-9.0865,19.9385,-1.28411,-0.16936,-4.5,0,0.878641,0.477358,0.0108897
49.6606,-26.7721,0.401125,1.56599,0.754154,-3.9,0,-0.0188176,-0.874072,-0.485432
46.7752,-16.3027,30.9648,-0.82477,-0.56741,-1.61356,0,0.257357,0.867023,0.42666
40.5788,-22.7493,5.1525,-0.301809,-0.235135,-3.5,0,-0.98594,0.119439,0.116864
31.361,-40.392,17.226,0.421167,0,-4.5,0,-0.744155,-0.641824,0.185192
41.0739,-41.9092,14.198,-0.537662,0,1.9,1,-0.471503,-0.584096,0.660693
35.1982,-25.2166,25.0855,0.496372,0,1.9,0,-0.411947,-0.783189,0.46574
50.8409,-11.0761,32.118,0.37435,0,-3.66775,0,-0.204539,0.155163,0.966482
38.0143,-20.9235,14.769,-0.565686,-0.596541,-0.8,0,-0.790472,0.500042,0.353713
53.048,-23.7545,0.15925,0.798673,0,-3.9,0,0.92752,0.29973,-0.223313
35.1736,-47.2401,5.09462,0.28122,0,-3.5,0,-0.406826,-0.484913,-0.774178
45.0457,-14.7931,29.954,-0.477845,0,-3.5,0,0.609044,0.788181,0.0885215
52.1469,-22.8369,0.188,1.38768,0,-3.9,0,0.446997,0.857761,-0.25385
39.7921,-18.7706,6.236,0.186589,0,3.8,0,-0.879662,-0.241493,-0.409727
55.7954,-32.2721,10.3561,0.0530433,0,3.8,1,0.758761,-0.611632,0.224026
47.0423,-8.26325,23.7663,0.0514555,0,-2.65927,0,-0.0884472,0.489921,0.867268
50.1338,-21.9877,3.55575,0.0993283,0,1.9,0,0.332262,0.613867,-0.716079
46.0071,-15.017,-1.4485,1.29988,0.68329,-4.5,0,0.124995,0.544458,-0.829423
49.099,-8.299,13.7055,0.938081,0.886575,-4.5,0,-0.156876,-0.106106,-0.981902
48.1391,-33.5419,16.9389,0.0469527,0,-0.9,0,0.546628,-0.639989,0.540011
47.1598,-17.3813,3.06163,1.08971,0,-4.5,0,0.750852,0.365775,0.549937
36.2025,-47.4626,5.08462,0.462053,0.00947157,-3.5,0,0.140924,-0.613624,-0.776921
41.4475,-13.7647,16.4326,1.45765,0,-2.73648,0,-0.866333,0.289841,-0.406767
53.7248,-16.8368,9.80637,0.35511,0,-3.9,0,-0.042646,0.0784691,-0.996004
52.648,-5.99113,16.7855,0.537031,0.33644,-4.5,0,0.963895,-0.058045,0.259877
52.065,-7.603,29.9385,-0.794982,0,-0.8,0,0.0709705,0.532207,0.843634
34.3045,-39.7282,10.6686,-0.747102,0,1.8,0,-0.489217,0.68272,-0.542733
42.1833,-13.3337,24.5004,0.615652,0,-0.7,0,-0.315214,0.464869,-0.827368
37.8327,-17.9498,27.5903,0.0130197,-0.0851831,0.0651054,0,-0.708568,0.635833,0.30602
41.2871,-22.6103,31.6752,0.173319,0,2.28339,0,-0.73074,-0.353165,0.584204
29.182,-51.2569,18.2031,0.0484325,0,3.8,0,0.508212,-0.631405,0.585703
41.8049,-34.5306,15.7815,-1.84809,-0.153896,-3.5,0,-0.275177,-0.441647,0.853947
45.6405,-38.9087,4.43663,-0.129107,0,4.2,0,0.542499,-0.545647,-0.63872
30.1658,-39.7835,13.4836,0.403107,0,-4.5,0,-0.984282,0.161975,-0.0703737
47.739,-14.7233,11.3237,0.23339,0,-1.6,0,-0.226667,0.681365,-0.695963
50.5718,-5.5225,14.1313,0.0451605,0,-4.5,0,0.0576477,0.790735,-0.609438
52.8806,-8.88612,16.9629,-1.95372,-0.418375,-3.5,0,0.717542,0.212415,0.663335
47.1701,-36.002,7.3565,-0.144694,0,-2.49013,0,0.639695,-0.766563,0.0563109
48.3737,-6.62425,31.4505,0.300641,0,-3.9,0,0.510814,0.567149,0.646074
56.0578,-27.215,9.7705,0.201243,0,3.8,1,0.812548,0.0809529,-0.577246
37.535,-41.384,15.0294,-0.301157,0,1.80728,0,0.411263,0.105743,0.905363
34.2598,-50.9274,13.6409,0.0649573,0,4.2,0,-0.167902,-0.962542,0.212889
38.92,-19.5889,11.5522,0.135734,0,-0.8,0,-0.465487,0.51561,-0.719353
50.3688,-13.0515,31.7052,-0.00519197,0.0200851,-3.70325,0,-0.389909,-0.606362,0.693034
38.6085,-18.041,29.7318,0.334765,0,-0.4,0,-0.764523,0.413042,0.494875
27.6796,-47.2528,16.2291,0.248199,0,3.8,0,-0.378219,0.846705,0.374221
49.2163,-33.4194,2.17863,-1.31301,0,-3.5,0,0.471967,-0.297081,-0.830054
21.567,-48.1105,10.3763,-0.935422,-0.519284,-1.81157,0,-0.993147,-0.0621028,-0.0990014
52.2394,-31.3529,4.96112,-2.58126,-0.341486,4.2,0,0.432373,-0.375595,-0.819745
36.6576,-21.6812,12.3933,1.06817,0.71457,-0.8,0,-0.928209,-0.162266,-0.33481
43.821,-6.53487,21.3614,1.03379,0,-4.5,0,-0.568659,0.748425,0.341301
46.7339,-10.1772,14.7861,0.718214,0,-4.5,0,-0.802979,-0.0310084,-0.5952
54.4933,-13.743,11.1096,1.13323,0,-3.9,0,-0.346295,0.653768,-0.672806
42.994,-15.1925,19.3725,0.947767,0,3.8,0,-0.487932,0.421904,0.764146
53.2972,-24.48,6.89375,0.41297,0,3.24738,1,0.803699,0.583906,0.114549
41.329,-20.4149,0.298875,0.138698,-0.364201,-3.5,0,-0.108929,0.899584,-0.422945
49.576,-19.5203,9.437,-0.482439,-0.0224741,-1.6,0,-0.35572,0.444963,-0.82187
41.9258,-16.0203,14.5504,0.148287,0,3.8,0,-0.50124,0.454529,-0.736316
50.3511,-20.2789,34.689,-2.28163,-0.300251,-3.5,0,0.570322,0.0242737,0.821062
45.6585,-9.9,18.5755,1.40471,0,-4.31944,0,-0.391088,0.865827,-0.31208
36.0918,-38.6921,9.096,0.179899,0,-4.5,0,-0.599774,0.774978,-0.199199
51.589,-21.5495,26.1267,-0.17973,0,4.2,0,0.443594,0.144944,-0.88443
41.3599,-37.1967,2.91812,0.219947,0,-4.5,0,0.171229,-0.0393127,-0.984447
42.2103,-12.6356,19.0397,2.17958,0,-3.9,0,-0.812988,-0.384045,0.437675
50.7256,-26.9036,3.0965,0.382119,0,-3.9,0,0.196184,-0.900687,-0.387652
45.1719,-7.62712,19.4426,1.14771,0,-4.5,0,0.00198261,0.228936,-0.97344
54.034,-14.342,19.36,0.196034,0,-0.9,0,0.755922,0.609577,-0.238744
47.8439,-17.6804,10.6623,0.814798,0,-1.6,0,-0.317744,-0.252543,-0.913926
35.9717,-47.4259,13.4942,0.147332,0,4.2,1,0.734297,0.253648,0.629659
43.0515,-36.1053,3.279,0.323162,0,4.2,0,0.0315782,0.133218,-0.990584
54.6497,-17.9386,10.5715,0.520998,0,-3.9,0,0.418405,-0.334005,-0.844617
51.6711,-31.5086,13.2839,0.146905,0,3.8,0,0.351037,-0.450852,0.820674
52.3316,-23.0319,17.8405,-0.602552,0,2.8,1,-0.581306,-0.769649,0.264051
53.1844,-14.0299,18.4964,0.411184,0,-0.9,0,0.617536,0.715792,0.326024
54.5603,-12.1488,15.6851,0.511211,0,-2.46399,0,0.677706,0.65806,0.328133
32.1566,-38.914,12.4453,0.894574,0,-4.5,0,-0.254237,0.766008,-0.59042
41.5218,-25.8994,13.7188,0.391751,0,3.15996,0,0.101672,-0.965456,-0.239912
48.0716,-19.6779,2.45,1.06931,0,-4.5,0,0.968406,0.220678,-0.11615
47.7424,-14.0223,29.2494,-0.638223,0,1.8,0,-0.684766,0.170207,0.708608
43.5605,-11.2602,16.3344,3.24464,0,-3.9,0,0.025986,0.612396,-0.790124
27.1917,-44.5324,11.2872,0.772726,0,-0.7,0,0.361362,0.793438,-0.489769
25.9676,-56.7124,11.3209,0.806287,0,-3.9,0,0.705729,-0.0542539,0.706402
29.2071,-44.7124,11.4236,0.606395,0.267673,0.624444,0,-0.54772,0.79491,-0.260999
30.5475,-48.971,8.82675,0.620601,0,2.36556,0,0.102942,-0.263039,-0.959278
29.4797,-43.9961,12.6962,0.650269,0,1.8,0,-0.676396,0.64894,-0.348375
37.0121,-45.5191,12.0901,-0.384612,0,3.8,1,0.689443,-0.385908,0.61298
46.8696,-16.372,24.1321,0.621627,0,4.5,0,-0.545944,0.178697,-0.818543
26.0559,-50.1792,15.8666,0.170575,0,3.8,0,-0.892228,-0.21301,0.398191
47.1048,-8.458,31.997,0.394008,0,-3.9,0,-0.110575,0.0607609,0.992009
47.0397,-6.29331,22.6451,0.982894,0,-4.5,0,0.246003,0.750726,0.613101
33.2326,-42.0858,9.08162,-0.192406,-0.58713,-4.5,0,-0.383649,0.653441,-0.652555
35.761,-19.4566,20.8958,0.517378,0.0169055,-3.5,0,-0.635419,0.770945,-0.0434413
48.9778,-18.8205,21.2923,0.180948,0,-0.9,1,-0.00649607,-0.999254,-0.0380687
52.4178,-6.16138,28.4792,0.342642,0,-0.8,0,0.772837,0.454328,0.443067
41.5696,-25.7854,1.29862,-0.222716,0,-3.5,0,-0.883399,0.360428,-0.299496
35.5403,-48.094,14.3373,0.139088,0,4.2,1,0.476187,0.382531,0.79178
54.1949,-20.0615,30.0141,-0.0919764,0,-0.4,0,0.819462,-0.564974,0.0963648
40.8519,-15.0399,29.5696,1.14357,0.121353,-3.5,0,-0.985941,0.166745,-0.0107951
44.0798,-12.6821,26.0082,-0.341466,-0.109566,-0.711553,0,-0.233205,0.753033,0.615269
45.4057,-20.3176,8.69075,0.530395,0,3.53938,0,0.79698,0.603267,-0.0298685
48.2306,-21.2186,7.86731,0.621345,0,1.8,0,-0.166612,0.979253,0.115341
46.6302,-23.7383,19.418,0.0323341,0,3.8,1,0.572872,0.0604722,0.817411
46.6904,-18.1141,21.0977,0.731369,0,4.5,0,-0.366863,0.625721,0.688393
44.954,-10.4326,30.3302,0.0172123,-0.141762,-3.76786,0,-0.689101,0.0372592,-0.723707
41.3322,-45.7391,8.4085,-0.0720451,0,3.8,0,0.49451,-0.825917,-0.270778
41.8329,-31.7887,12.4216,-1.64794,-0.707491,-3.5,0,-0.440534,0.810147,-0.38677
28.9453,-45.2173,10.2788,0.637775,0,1.8,0,-0.556722,0.825676,-0.0912079
51.3262,-27.6922,15.1934,0.136063,0,3.8,1,0.778778,-0.101576,0.619022
47.1236,-39.9782,12.4265,-0.019698,0,4.2,0,0.640282,-0.749704,0.16728
25.6414,-45.5,13.5039,-0.446544,-0.381988,-0.7,0,0.0344124,0.450751,0.891986
47.1469,-30.8062,16.207,-0.435203,0,-0.9,1,0.0710067,0.874652,0.479522
55.5259,-21.0086,15.3739,0.188942,0,0.755184,1,0.81515,-0.139344,-0.562239
46.091,-38.8099,6.36462,-0.157035,0,4.2,0,0.848098,-0.486766,0.20926
33.5046,-42.1447,14.8436,0.481695,0,1.8,1,-0.0548239,-0.520108,0.852339
41.6527,-34.5577,6.605,-0.280044,-0.531135,-0.948438,0,0.171856,0.686587,-0.706445
34.7421,-41.5186,7.58331,-0.515324,0,-4.5,0,-0.763913,0.216919,-0.607769
37.3558,-23.269,27.922,0.0970751,0,3.8,0,-0.456999,-0.849198,0.264604
40.9611,-25.174,2.47625,-0.445287,0,-3.5,0,-0.877951,-0.122831,-0.462725
30.882,-38.2318,18.9188,0.661493,0.150088,-4.5,0,-0.695983,0.0497913,0.71633
45.5768,-18.8374,23.0346,0.529443,0,4.5,0,0.318783,0.875471,-0.36322
52.7703,-25.8644,1.19044,0.797622,0,-3.9,0,0.846262,-0.413634,-0.33578
53.4569,-10.869,22.9475,0.0888574,0,-3.5,0,0.128301,0.604825,-0.785955
52.7709,-21.9824,30.1156,0.357448,0,2.05628,0,0.80313,-0.518225,0.293981
43.1637,-30.7468,13.7782,-1.02422,0,-0.9,0,-0.324756,0.936273,-0.13389
38.0023,-36.5521,8.5795,-0.255565,0,-3.5,0,-0.9361,0.290354,-0.198524
52.7542,-18.7731,26.6801,-0.973172,-0.438468,4.2,0,0.595359,-0.670341,-0.442934
53.1872,-16.9848,31.3969,0.207999,0,1.88871,0,-0.0506002,0.550343,0.833404
43.7472,-18.7377,33.6256,0.0362442,0,-3.9,0,-0.31051,0.792028,0.525619
45.4137,-7.56637,27.496,2.55215,0.0162129,-3.9,0,-0.279954,-0.212394,-0.936224
38.3751,-22.4979,11.8799,0.141655,0,-0.8,0,-0.497443,-0.64966,-0.574885
49.2248,-33.3971,12.098,-0.0996036,0,-0.9,0,0.591689,-0.804496,-0.0518654
39.1238,-24.5879,27.7135,0.243489,0,3.8,0,-0.863365,-0.499438,-0.0718471
52.8599,-6.62712,27.0239,-0.0511392,-0.632215,-0.8,0,0.98954,0.00386914,-0.144206
42.9309,-19.2405,36.0954,2.23922,0.063012,-3.9,0,-0.397634,0.916149,0.0505851
38.1276,-19.4631,29.2351,0.0128018,0,2.39588,0,-0.834591,0.390625,0.38842
42.9191,-18.122,5.88562,0.340212,0,3.8,0,0.549095,0.371025,-0.74889
48.4841,-30.5924,4.91506,-0.187117,-0.105836,1.8,0,-0.509482,0.282414,-0.812816
48.1487,-31.4654,16.4999,-0.3041,0,-0.9,0,0.417371,0.612342,0.671445
39.963,-25.9985,12.277,-0.0517466,0,-2.29893,0,-0.505946,-0.79247,0.340602
34.1343,-46.0423,5.43775,0.197853,0,-3.5,0,-0.534043,-0.433215,-0.726033
39.723,-17.7575,17.0435,0.45504,0,3.8,0,-0.900236,0.295277,-0.319978
41.2223,-15.2247,33.1199,-0.00255353,0,-3.5,0,-0.620472,-0.285277,0.730501
47.302,-14.6254,23.3143,2.71703,0,3.94043,0,-0.743841,-0.57235,-0.345133
46.7918,-12.6187,14.8325,0.026543,0,-4.5,0,-0.723161,0.0829982,-0.685674
41.4571,-29.3191,9.75737,0.473607,0,-4.5,0,-0.0792245,-0.358542,0.930146
44.1037,-10.9708,24.4323,0.42036,0,-0.8,0,-0.797041,0.473792,0.374494
51.7391,-19.9886,20.0008,0.084155,0,2.8,1,-0.689928,-0.514875,0.508826
55.5489,-21.8485,18.7511,0.208322,0,2.8,1,0.90992,0.146544,0.388035
37.285,-20.0445,18.0591,0.658621,0,-3.5,0,-0.253959,0.785933,-0.56375
50.6176,-21.9049,25.9071,-0.104307,0,4.2,1,-0.0402092,0.305377,-0.951382
55.3147,-16.6131,18.1828,-0.103781,0,-0.9,1,0.431745,-0.121607,0.893761
40.285,-19.8872,9.37037,0.0662116,0,3.8,0,-0.999606,-0.0246207,-0.0134799
35.6561,-17.8679,22.6041,0.291125,0,1.8,0,-0.855685,0.516044,0.0387602
48.0799,-18.3827,24.2113,-0.0312806,0,4.5,0,0.0297995,-0.991638,0.125566
41.7923,-21.8502,-1.01319,0.267593,0.0182066,-3.5,0,-0.223945,0.282595,-0.932732
42.609,-14.0444,15.7765,2.29401,0,-0.909521,0,-0.345811,0.19244,-0.918358
48.7764,-13.3525,29.6434,-0.820864,-0.0499742,-3.46868,0,-0.42442,-0.446988,0.787445
26.2564,-55.3321,11.0374,0.183182,0,-3.9,0,0.61772,-0.285552,0.732722
43.3279,-24.7026,29.9949,0.0766401,0,3.8,0,0.805785,-0.562521,0.185153
47.346,-29.0963,6.543,-0.328477,-0.818882,1.8,0,-0.826287,-0.336009,-0.452049
50.7839,-5.36912,28.8831,0.0861794,0,-0.8,0,0.0192991,0.864913,0.50155
47.8732,-33.905,15.7153,-0.435141,0,-0.9,0,0.240317,-0.947845,0.209376
45.2465,-27.7113,13.5763,0.0333354,0,4.5,0,-0.34277,-0.601013,0.722005
43.5957,-6.315,28.5443,2.84279,0.10383,-3.9,0,-0.819956,-0.0588274,-0.569396
32.6483,-48.7658,15.1078,0.00744599,0,4.2,0,0.0184834,-0.00301995,0.999825
49.8636,-31.1214,15.4821,-0.147724,0,1.08527,1,0.699253,-0.0534027,0.712877
48.9429,-5.38588,17.1033,1.10498,0,-4.5,0,-0.450137,0.875983,0.173293
41.4834,-11.8315,16.5026,2.08408,0.735967,-3.9,0,-0.852966,0.353012,-0.384488
44.3981,-19.334,3.9325,0.395843,0,-4.5,0,-0.651684,0.757412,0.0404398
37.879,-38.4454,13.5281,-0.0991423,0,1.8,0,0.0563494,0.337314,0.939704
40.0323,-42.8734,6.30919,-0.977176,0,-0.184042,0,-0.0649471,-0.232037,-0.970536
41.4695,-18.8678,32.1225,0.721241,0.0812791,-3.9,0,-0.721337,0.313605,0.617515
55.0255,-15.8862,20.5716,0.321833,0.0250873,-0.9,0,0.890282,-0.143356,-0.432258
54.6974,-15.7105,19.4696,0.143402,0,-0.9,0,0.918645,-0.15075,0.365193
39.8305,-17.047,18.3325,0.486981,0,3.8,0,-0.799747,0.511744,0.313883
41.8862,-14.0957,33.7059,-1.24944,0,-3.5,0,-0.435885,-0.224749,0.871488
40.3302,-23.9768,3.52656,0.202264,0,-3.5,0,-0.90766,-0.37088,0.196475
43.5741,-28.9754,1.06662,0.344286,0,-3.5,0,0.302794,-0.92762,0.218719
29.7698,-45.5443,7.64125,0.0828902,0,1.8,0,0.0203773,0.46365,-0.885784
45.824,-13.7358,21.3158,2.10998,0,-3.4978,0,-0.450654,-0.624453,0.637942
52.4696,-23.9846,3.47163,0.391923,0,-3.9,0,0.818724,0.566166,0.0956375
40.7216,-23.8294,1.3805,0.345955,0,-3.5,0,-0.471558,-0.752653,-0.459506
44.5116,-22.1671,22.5653,0.0312796,0,4.5,1,0.28569,-0.957264,-0.0450088
38.5034,-17.1917,25.3755,0.222682,0,1.8,0,-0.556278,0.817061,0.151545
55.1743,-21.8924,14.5546,0.279108,0,2.8,1,0.915171,0.217329,-0.339456
42.8363,-28.499,2.86625,0.104527,0.954873,-3.5,0,0.412187,-0.905414,0.101623
54.291,-18.277,21.5175,0.250199,0,-0.9,1,0.852123,-0.273038,-0.446471
42.3322,-25.8849,21.4697,0.327663,0,-3.9,1,0.923189,-0.20007,0.328167
34.9787,-25.1969,23.6784,0.13073,0,1.9,0,-0.302107,-0.932103,-0.199788
44.1841,-17.3818,20.7178,0.88156,0,4.2357,0,0.312196,0.759969,0.57007
28.9528,-45.4159,15.0491,0.319151,0,1.8,0,-0.531689,0.247267,0.81004
40.0034,-20.1451,10.6261,-0.058936,0,-0.8,0,-0.828472,0.21738,-0.51612
47.8601,-23.8698,29.3061,0.0575288,0,4.2,1,-0.423789,-0.789693,-0.443609
50.8681,-14.3146,30.7843,-0.723247,-0.0739987,-0.163016,0,-0.314808,-0.391358,0.864717
45.1812,-13.2426,23.7845,0.102325,0,-0.781531,0,-0.346543,-0.651566,-0.67481
45.7074,-19.9561,5.10556,-0.171352,-0.788811,-4.5,0,0.382723,0.715274,0.584728
41.6918,-12.6029,17.9843,2.93658,0,-3.9,0,-0.942334,-0.108433,0.316621
52.4911,-21.7089,7.22363,0.747373,0,1.9,0,0.756616,0.648774,-0.0813906
44.3432,-31.3486,11.2078,-0.0927941,0,-0.887794,0,-0.540037,0.825311,0.164988
51.2065,-19.3144,21.1206,-0.0290633,0,-0.9,1,-0.471609,-0.881441,0.0254223
43.1552,-28.5855,4.12744,-0.297913,0,-3.5,0,0.503847,-0.773632,-0.384227
51.1483,-22.5066,0.362437,1.68649,0,-3.9,0,0.0461643,0.98012,-0.192961
41.8076,-25.8095,-0.259875,0.138879,0,-3.5,0,-0.816131,0.556941,-0.154101
36.7126,-37.963,9.51987,0.135941,0,1.8,0,-0.686661,0.542876,-0.483511
52.4386,-32.5216,12.1403,0.0990402,0,3.8,0,0.0181524,-0.841008,0.540718
39.5351,-28.6306,10.0461,0.532399,0,-4.5,0,-0.26002,-0.512977,0.818074
54.2384,-27.7055,4.87463,0.208347,0,4.2,0,0.55891,-0.0858885,-0.824769
50.4659,-20.881,18.341,0.0843093,0,2.8,1,-0.613565,-0.353815,0.705941
45.6968,-15.0878,20.5545,1.58425,0,-3.9,0,-0.280619,-0.365667,0.887435
47.9659,-17.1787,22.9217,0.814441,0,3.41635,0,-0.906879,0.262843,-0.329369
28.5725,-48.8433,18.1553,0.10745,0,3.8,0,-0.0493579,0.293336,0.954734
46.6857,-8.77787,17.7166,1.29384,0,-4.5,0,-0.94383,0.312499,0.10737
34.7977,-20.4051,25.2106,0.285293,0,1.9,0,-0.67158,0.618889,0.407379
49.9906,-18.8159,20.2682,0.091631,0,2.00484,1,-0.117989,-0.969809,0.213421
42.5386,-23.1733,21.2504,0.0193384,-0.541583,0.748442,1,0.845845,-0.369845,0.384397
49.3322,-18.67,26.3621,-0.569786,0,4.46787,1,-0.197055,-0.809718,-0.552744
55.735,-24.4606,11.3224,0.33495,0,3.8,1,0.614261,0.718215,-0.32688
41.594,-24.9815,25.051,-0.0127559,0,3.8,1,0.685321,-0.478858,-0.548662
34.7461,-40.3391,14.7157,0.657216,0,0.679378,0,0.390431,0.722603,0.570446
50.4632,-23.6335,32.2176,-0.566818,0,1.8,0,0.648494,-0.472186,0.597073
44.8946,-9.642,23.6261,1.89143,0,-1.816,0,-0.516796,0.525907,0.675532
48.0675,-18.6052,1.594,1.20249,0,-4.5,0,0.971745,0.102797,-0.212474
37.1949,-39.0853,4.1065,0.917901,0,-4.5,0,-0.623467,0.138926,-0.769408
39.0745,-34.8586,10.734,-0.338688,0,-3.5,0,-0.606765,0.61918,0.49845
46.0372,-29.8427,8.75663,0.738668,0.190518,1.04311,0,-0.396537,0.279125,-0.874556
41.8915,-16.5282,7.8905,0.197554,0,3.8,0,-0.179292,0.98113,-0.0723793
53.0061,-8.99562,31.2814,-1.39068,-0.0137726,-3.5,0,0.114972,0.695328,0.709436
42.9678,-29.9732,6.54756,0.304988,0,-3.72211,0,0.65608,-0.469143,-0.591155
24.9191,-60.3809,10.7146,2.47256,0.338057,-3.9,0,0.101585,-0.991551,0.0806699
47.5241,-20.2065,26.7822,-0.322383,0,-0.7,1,0.57833,-0.200217,-0.790852
47.7005,-26.7173,0.653375,1.16379,0,-3.9,0,0.0840574,-0.781232,-0.618555
55.6221,-29.1096,11.4379,0.129364,0,3.8,1,0.758002,-0.384137,0.527135
39.901,-25.979,13.311,0.0732371,0,1.8,0,-0.554177,-0.691641,-0.463163
45.315,-17.611,34.5,-0.183798,0,-3.5,0,-0.726119,0.403835,0.556478
43.9899,-9.72725,17.9525,1.34267,0,-3.9,0,0.0505596,0.88827,-0.45653
31.5078,-46.6961,14.9333,0.338773,0,1.8,0,0.667965,0.135469,0.731758
38.93,-40.643,4.005,0.533099,0,-4.5,0,0.0101126,-0.795498,-0.605872
43.0981,-31.2284,10.2216,0.0346998,0,-0.4,0,-0.264152,0.584791,0.76697
47.1554,-20.9289,6.05538,0.916521,0,1.85984,0,0.0881526,0.942264,0.32306
40.1818,-20.6622,31.5471,-0.190991,-0.0598116,3.8,0,-0.554099,-0.070883,0.829427
45.6649,-25.8834,17.392,0.0205073,0,3.8,1,0.216526,-0.954147,-0.206688
37.7904,-41.5225,5.49975,0.179912,0,-4.5,0,0.0578708,-0.586644,-0.807775
33.7329,-47.267,8.44625,0.0875126,0,-3.5,0,0.00513552,-0.918464,-0.39547
36.2137,-49.967,11.6039,0.0581555,0,4.2,1,0.579241,-0.786615,-0.213815
39.3295,-41.4678,5.87825,-0.645371,-0.230116,-3.5,0,-0.091245,-0.682011,-0.725628
56.6135,-17.0425,17.908,-0.202207,0,-0.9,1,0.262665,0.0558555,0.963269
39.5752,-26.493,4.4735,-1.303,-0.0420444,-3.5,0,-0.793626,0.60081,-0.0958388
39.2892,-25.4964,11.3207,-0.0710768,-0.151254,-4.5,0,-0.83082,-0.124599,0.542414
50.855,-8.17988,19.5588,-0.16145,-0.772828,-4.5,0,0.849243,0.517735,0.103623
31.2682,-52.4469,12.4721,0.163898,0,4.5,0,0.59049,-0.142709,0.794327
42.2622,-21.3594,37.4307,2.32653,0,-3.9,0,-0.784027,-0.109118,0.61106
47.2864,-22.8826,18.6056,0.00222088,0,3.8,1,0.684639,0.0347596,0.728053
25.2996,-55.1631,7.48175,-0.434836,0,-3.9,0,0.101001,-0.606784,-0.788424
55.3661,-27.5053,8.32031,0.201841,0,4.2,1,0.916561,0.391111,-0.0833508
38.2336,-25.6992,22.5627,0.229009,0,-3.9,0,-0.696321,-0.634184,0.336077
46.9586,-14.1871,21.4876,3.53538,0.290841,-1.2188,0,-0.560656,-0.758243,0.332765
23.2711,-55.6168,9.07925,0.0885145,0,-3.9,0,-0.871833,-0.034039,-0.48862
49.5791,-18.3322,24.8749,-0.314795,0,3.19424,1,-0.123288,-0.982803,0.13747
39.9062,-19.0036,11.8369,0.155975,0,-0.8,0,-0.246678,0.950462,-0.189135
53.542,-9.057,14.7375,-0.520762,0,-3.5,0,0.885244,0.393556,-0.247906
54.8216,-12.194,13.6166,0.774167,0,-3.70002,0,0.348661,0.891587,-0.288978
44.4098,-40.9919,5.73825,-1.84982,-0.11169,-3.5,0,0.803507,-0.561,-0.199138
54.0895,-15.6925,30.8228,0.362036,0.183825,4.2,0,0.291022,0.312601,0.904205
47.7448,-19.7686,11.0383,0.0503193,-0.645641,-1.38104,0,-0.487069,0.178705,-0.854885
40.4715,-18.6155,10.7935,0.109229,0,3.8,0,-0.729302,0.541868,0.41773
23.3849,-58.7055,12.1684,2.17867,0.296525,-3.9,0,-0.7248,-0.154043,0.671518
52.8047,-33.7656,9.63838,-0.00297927,0,3.8,0,0.35781,-0.933698,0.0134366
45.1362,-20.1845,37.49,2.87732,0.0278215,-3.9,0,0.554978,0.27177,0.786219
53.5876,-13.573,12.1589,0.384722,0,-3.9,0,-0.380792,0.710303,-0.592002
43.954,-23.638,29.4669,0.0503384,0,3.8,0,0.689908,-0.695665,-0.200193
48.9306,-14.3644,11.7502,0.314012,0,-1.6,0,0.242776,0.709787,-0.661258
40.1307,-21.6725,2.9085,0.485114,0,-3.5,0,-0.693417,0.617827,0.370759
43.4837,-15.0789,15.0706,0.275811,0,3.8,0,-0.349007,0.612624,-0.709145
53.0243,-25.1085,3.603,0.360077,0,-3.9,0,0.916657,0.33063,-0.224553
43.9405,-16.4937,9.21425,-0.0574398,0,-0.0933724,0,0.438968,0.781885,-0.442677
46.2578,-38.2962,9.1615,-0.00698327,0,4.2,0,0.607344,-0.588057,-0.534155
23.242,-53.7485,8.3615,-1.13369,-0.608837,-3.9,0,-0.90026,-0.351192,-0.257285
34.7585,-40.094,7.50975,0.0235801,0,-4.5,0,-0.882563,0.265189,-0.388275
43.436,-23.295,32.7435,0.139738,0,-3.9,0,0.135513,-0.990721,-0.010425
30.5099,-50.1907,16.1074,0.0920378,0,3.8,0,0.735397,-0.67749,0.0140752
32.1841,-49.5848,14.2549,-0.541208,0,4.2,0,0.04035,-0.754246,0.655351
37.2169,-35.8319,10.6407,-0.0734083,0,1.8,0,-0.519062,0.840366,-0.156073
40.9198,-42.7058,12.8385,-0.400725,0,1.9,1,-0.392334,-0.7058,0.589848
30.7336,-41.3185,10.3003,-0.632203,-0.304954,-4.5,0,-0.558,0.629661,-0.540522
34.5704,-42.4746,6.80256,-0.219167,0,-3.5,0,-0.517708,0.695446,-0.498331
53.9456,-17.7769,24.5774,-0.181332,0,3.40005,0,0.786612,-0.616626,0.0318525
46.5964,-16.7482,32.7534,-0.491665,0,-3.5,0,0.075884,0.995244,0.061086
51.6825,-21.8769,31.357,0.415066,0.133346,1.64659,0,0.702527,-0.44097,0.558571
37.301,-21.3319,11.7006,1.27544,0.661698,-0.8,0,-0.618469,0.12613,-0.775621
45.455,-6.16325,22.7176,1.27376,0,-4.5,0,-0.334579,0.735004,0.589768
30.7857,-40.4281,15.4303,0.811561,0,-4.5,0,-0.872551,-0.428267,0.235037
42.3441,-26.8113,19.9492,0.487793,0,-3.9,1,0.941358,-0.295939,-0.162066
54.0394,-12.2638,22.1345,0.425381,0,-1.09446,0,0.432708,0.620158,-0.654345
43.4464,-44.3894,11.045,0.0439859,0,1.9,1,0.691304,-0.722182,0.0234988
25.411,-58.744,11.862,2.65155,0,-3.9,0,0.654992,-0.0859181,0.750735
37.3671,-43.2557,14.2828,0.158528,0,1.8,1,0.661024,-0.419379,0.622229
47.9974,-16.5418,20.8812,1.32955,0,3.1742,0,-0.857161,0.248733,0.451007
42.0603,-32.2331,10.649,-0.302884,0,-0.576409,0,-0.545975,0.813363,0.200876
29.8871,-44.1056,9.37725,-0.0544745,-0.0811172,-1.25387,0,-0.816824,0.434332,-0.379677
40.6433,-25.3846,3.6485,-0.876438,0,-3.5,0,-0.948902,0.302815,-0.0888139
36.4879,-49.6729,12.6552,0.0556817,0,4.2,1,0.723526,-0.660688,0.200006
33.5569,-39.3933,18.7309,0.532347,0,-4.5,0,0.932622,-0.0267139,0.359865
56.0817,-10.0472,24.589,0.0725924,0,-3.5,0,0.7457,0.662769,-0.0683337
33.6125,-39.0745,16.6367,0.42877,0,-4.5,0,0.977938,0.186478,0.0941505
51.9235,-27.0185,3.27225,0.210647,0,2.21351,0,0.199039,-0.862785,-0.464742
42.291,-25.7435,30.4476,0.0623121,0,3.8,0,0.286534,-0.81758,0.499462
50.6234,-32.2927,13.9513,0.136729,0,-0.9,0,0.865777,-0.343952,0.363493
41.2856,-26.5354,18.7542,0.279768,0,-3.9,1,0.677129,-0.37292,-0.634372
38.4982,-30.0789,6.561,0.362493,0,-4.5,0,-0.779061,-0.257,-0.571852
47.0161,-29.7246,7.82613,0.709915,0,1.8,0,-0.82411,-0.172729,-0.539451
35.1709,-19.7733,18.9552,0.450901,0.00920363,-3.5,0,-0.458023,0.70345,-0.543483
46.4745,-37.3343,8.77987,0.425051,0,4.2,0,0.769229,-0.457065,-0.446518
38.3626,-44.6308,6.104,-0.453682,-0.172508,2.08397,0,0.385244,-0.0261777,-0.922443
47.7096,-33.3986,2.21213,-1.57947,-0.105402,-3.5,0,-0.233919,-0.064636,-0.970105
50.0589,-14.0519,30.218,-1.51617,-0.482549,4.2,0,-0.596554,-0.318501,0.736668
47.2049,-24.796,17.577,-0.0266482,0,3.8,1,0.605401,-0.787138,0.117916
56.6201,-12.8471,14.1468,3.09835,0,-3.9,0,0.401337,0.878344,0.259694
45.082,-5.11525,30.508,1.83975,0,-3.9,0,-0.380044,0.890031,0.251815
36.712,-17.811,25.665,-0.78501,-0.203758,1.8,0,-0.549046,0.812808,0.194655
41.6031,-30.0169,5.91162,0.0455509,0,-4.15055,0,0.180297,-0.757681,-0.627226
36.7415,-38.2445,13.6497,0.101204,0,1.8,0,-0.13144,0.242576,0.961187
52.843,-29.9852,13.4344,0.153138,0,3.8,1,0.265295,0.00624712,0.964147
42.2495,-31.1928,15.0894,-0.823798,-0.485227,-2.63985,0,-0.610473,0.602557,0.51405
51.8881,-25.3474,15.2231,-0.154664,0,3.8,1,0.325525,-0.200126,0.924112
47.5191,-5.80731,31.0384,1.01247,0,-3.9,0,0.498974,0.673298,0.545614
46.3651,-36.9525,7.20591,0.19152,0,4.2,0,0.86459,-0.501128,0.0368171
39.4005,-26.5425,17.329,0.0428764,0,1.8,0,-0.770217,-0.601524,0.211976
38.0069,-26.4942,9.87594,0.751053,0,-4.5,0,-0.90152,0.0737174,0.426413
50.5715,-4.55312,17.5855,0.761495,0,-4.5,0,-0.16152,0.934893,0.316047
49.2393,-20.5707,17.6154,0.0176498,0,4.5,1,-0.0381956,-0.538692,0.841636
38.8893,-46.0916,8.32169,0.016942,0,3.8,0,-0.246817,-0.968907,-0.0173127
38.3236,-26.1537,7.93831,0.908803,0,-4.5,0,-0.854562,0.289291,-0.431318
42.7901,-16.6459,11.1795,-0.813264,0,-1.14634,0,-0.689506,0.712623,0.129426
33.6942,-20.9615,20.5422,0.380494,0.270233,-0.608329,0,-0.866047,0.194451,-0.460598
51.1244,-5.18381,26.5304,-0.0100567,-0.936631,-0.8,0,-0.166511,0.906584,-0.387787
42.849,-23.2957,-2.70662,1.49784,0,1.8,0,-0.958329,0.0705404,-0.27682
29.8131,-50.8383,16.7787,0.0819442,0,3.8,0,0.697906,-0.71231,0.074446
42.9627,-25.7163,19.704,0.11878,0,-2.36376,1,0.619528,-0.781678,0.0718644
33.8119,-47.1412,14.1802,0.649434,0,4.2,0,0.101689,0.243626,0.964524
53.9632,-19.4794,28.6916,-0.145689,0,-0.4,0,0.731968,-0.455142,-0.507019
42.6403,-23.464,31.9412,0.177879,0,-3.9,0,0.0609149,-0.878379,0.474068
46.9755,-21.0783,10.6195,0.35079,0,-0.8,0,0.0326673,0.733293,-0.679127
51.5407,-28.1945,14.1397,0.338075,0,3.8,1,0.860687,-0.203971,0.466491
40.7236,-15.9034,30.3411,1.80407,0.698272,-3.5,0,-0.988981,0.125475,0.0785675
38.7559,-27.7523,5.67019,-0.674691,-0.124028,-3.59472,0,-0.905747,0.361681,-0.220928
39.102,-16.9636,28.822,0.770802,0,-0.4,0,-0.691113,0.627736,0.358206
43.7635,-26.5899,13.645,0.125746,0,4.5,0,-0.46873,-0.760768,0.448914
24.7475,-46.3545,8.00475,0.503362,0,-3.5,0,0.526526,0.775464,-0.348463
46.838,-19.8863,4.63031,0.729631,0,-4.5,0,0.189727,0.657953,0.728767
41.1048,-21.08,3.73669,0.493272,0,-3.5,0,-0.745237,0.63778,0.19457
45.427,-15.0531,24.8261,0.275207,0,-0.7,0,-0.0640931,-0.229502,-0.971196
41.5746,-35.2702,4.90387,0.478193,0,-4.5,0,0.0874886,0.985805,-0.143301
38.8531,-43.6855,12.2426,0.147384,0,3.8,1,0.355014,-0.39475,0.84743
45.2229,-17.1044,24.3634,0.543309,0,4.5,0,0.317598,0.584803,-0.746416
52.1306,-21.1055,4.98338,-0.356614,0,1.9,0,0.745057,0.414172,-0.522831
43.4039,-20.2776,3.705,0.39547,0,-3.8635,0,-0.435359,0.89748,-0.0706513
46.498,-21.1746,8.57775,1.03515,0,1.8,0,0.374042,0.918868,0.125595
40.4915,-31.1833,8.79163,-0.417187,0,-4.3335,0,-0.267929,-0.193358,0.943836
45.2089,-22.1479,-3.89494,1.52924,0,1.8,0,0.226627,0.675298,-0.701864
48.4128,-20.4478,5.82531,0.971592,0,1.9,0,-0.113362,0.954056,0.277356
40.1965,-26.8145,23.4185,0.497207,0,-3.9,0,-0.258974,-0.331488,0.90722
52.3789,-11.9984,17.9795,0.428334,0,-1.11693,0,0.891956,0.333219,0.30558
50.1625,-7.384,24.5245,-1.23082,0,-0.8,0,0.18506,0.811399,-0.554423
41.1686,-20.4976,33.1563,0.24238,0,-3.9,0,-0.963966,0.0182438,0.265401
32.2625,-38.1632,13.1212,0.780036,0,-4.5,0,-0.169554,0.707497,-0.686075
46.1768,-33.2264,3.1275,-1.56876,-0.769261,-3.5,0,-0.639402,0.506457,-0.578504
55.2856,-31.4062,8.178,0.0503917,0,3.8,1,0.581834,-0.483835,-0.653738
40.6015,-16.7356,8.34062,0.18324,0,3.8,0,-0.468489,0.870874,0.148647
54.6313,-19.0033,11.0092,0.534778,0,-3.9,0,0.668272,-0.460476,-0.584273
43.9058,-7.82275,22.4174,0.774656,0,-4.5,0,-0.587975,0.421458,0.690404
24.0612,-50.0576,14.7169,-1.27619,-0.449988,3.8,0,-0.523858,-0.513517,0.679613
30.3341,-54.7826,10.0866,0.00431901,0,4.5,0,-0.236563,-0.919269,-0.314615
32.9487,-43.9357,14.7261,-0.101873,0,1.8,1,0.269524,0.00316142,0.962988
42.1416,-17.5519,21.8956,0.790597,0,4.5,0,-0.25406,0.956904,-0.140669
48.119,-21.1079,1.36575,1.05652,0,-4.5,0,0.907526,0.201866,-0.368301
50.971,-33.6157,9.90275,0.00990163,0,3.8,0,0.0835545,-0.870054,0.485823
54.7281,-21.299,19.3671,0.124813,0,2.8,1,0.608179,0.31627,0.728074
45.3085,-25.7173,15.9459,-0.0032868,0,4.02763,1,-0.0157738,-0.965117,0.261342
42.0282,-23.7983,23.3031,0.140813,0,-3.9,1,0.947119,-0.234872,0.218633
33.9173,-40.2038,15.9786,0.891255,0,-4.5,0,0.812319,0.297896,0.501393
50.1128,-18.1064,34.2199,-0.0288794,0,-3.5,0,0.809215,0.368096,0.457905
35.5889,-20.9754,28.5987,-1.2623,-0.0563489,1.9,0,-0.702874,0.360404,0.613252
41.4002,-41.8921,5.28225,-1.69657,-0.854872,-3.5,0,-0.0341311,-0.628474,-0.777081
42.9469,-37.4793,3.353,0.268144,0.804678,-4.5,0,0.367376,-0.100201,-0.924659
50.2132,-8.60338,21.9161,-0.0375834,-0.0177407,-4.5,0,0.732684,0.586271,0.345631
26.6407,-46.1903,13.6169,0.875219,-0.641642,0.429535,0,-0.161241,0.462035,0.872081
49.9688,-22.6096,1.30087,1.16146,0,-3.9,0,0.0047859,0.991667,-0.128742
48.469,-24.442,-1.478,1.59728,0.723831,-3.9,0,-0.244652,-0.0487695,-0.968384
42.7071,-34.9987,5.14381,0.190082,0,4.2,0,-0.342418,0.921652,-0.182503
39.6116,-23.5734,8.43237,0.355887,0,-4.5,0,-0.765775,0.549063,-0.33484
54.037,-15.6201,10.3804,0.645642,0,-3.9,0,-0.21166,0.403968,-0.88995
35.6092,-22.67,27.6772,-0.925052,-0.065308,1.9,0,-0.648454,-0.579478,0.493673
52.4611,-27.9258,13.0654,0.460249,0,3.8,1,0.420186,-0.171767,0.891033
31.7034,-48.8035,15.5115,-0.0571642,0,4.02333,0,0.83065,-0.229733,0.507191
40.0558,-17.8719,21.666,0.800605,0,2.6937,0,0.0389509,0.998354,-0.0420881
55.6983,-12.9928,16.6991,0.497941,0,-0.9,0,0.30695,0.844172,0.439494
50.8206,-32.8413,11.4994,0.205654,0,3.8,0,0.170077,-0.952749,0.251682
44.3133,-21.8466,38.1823,2.11226,0.797862,-3.9,0,0.385205,-0.496286,0.778021
42.7314,-22.3523,24.8889,-0.115789,0,-0.7,1,0.437729,-0.872995,-0.21511
30.3238,-42.235,13.0392,0.420023,0,-3.89988,0,-0.985372,0.164596,0.0441563
31.6381,-51.2039,8.40669,0.0672516,0,4.5,0,0.422153,0.467116,-0.77691
42.2618,-41.0144,15.1427,-0.167083,0,1.9,1,-0.184951,-0.0898834,0.978629
52.6717,-24.9527,-0.0366875,1.48208,0,-3.9,0,0.876209,-0.320929,-0.359531
46.2707,-8.103,19.0129,1.2714,0,-4.5,0,-0.738664,0.215387,-0.638736
43.9185,-11.377,30.4414,-1.17929,-0.137022,-3.5,0,-0.128523,0.205768,-0.970124
52.825,-19.0171,32.0192,0.360652,0,-0.4,0,0.290639,-0.0110642,0.956769
39.2106,-21.4746,0.0763125,0.389098,0,-3.5,0,-0.881521,0.216226,-0.419723
40.28,-34.6326,5.39962,0.136459,-0.0905924,-4.2651,0,-0.053271,0.834923,-0.547782
25.493,-48.3823,6.69187,0.114833,0,-3.5,0,0.711844,0.0297528,-0.701707
45.9759,-5.27956,31.428,1.11366,0,-3.9,0,-0.0137638,0.623762,0.781493
23.9185,-51.6564,6.46931,-1.24636,0,-3.9,0,-0.361678,0.115042,-0.925178
36.6897,-24.5449,22.3931,-0.196437,0,0.753609,0,-0.192493,-0.942885,-0.271871
27.0677,-53.7169,8.93419,-0.652297,0,-3.9,0,0.784834,-0.393419,-0.478808
45.3704,-17.9689,20.8896,0.838665,0,4.5,0,0.184689,0.669741,0.719261
47.6639,-28.1371,5.39787,-0.149602,-0.203914,1.8,0,-0.571628,-0.50956,-0.64311
46.0704,-13.4235,22.5255,1.98154,0,-0.8,0,-0.603275,-0.796901,0.0317564
50.9688,-20.4517,6.62887,-0.251885,0,1.9,0,0.30708,0.950087,0.0550979
47.7094,-5.687,29.3834,0.918115,0,-3.9,0,0.343363,0.921297,-0.18252
41.8176,-24.5516,0.56125,0.0881595,0,-3.5,0,-0.858731,-0.257503,-0.443027
41.8486,-43.7759,12.5436,-0.211761,0,2.57946,1,-0.204501,-0.744541,0.635483
23.5594,-43.3739,10.17,0.0191744,0,-0.7,0,-0.34195,0.742168,-0.576417
33.4006,-53.1214,9.98106,0.0379484,0,4.5,0,0.997218,-0.0621269,0.0411765
22.1802,-45.6211,7.25106,0.270779,0,-3.5,0,-0.555659,0.829732,-0.0528033
43.6702,-7.48338,28.9062,3.15493,0.212932,-3.9,0,-0.945436,-0.325212,-0.0196818
41.6801,-30.4893,9.47525,-0.236606,0,-4.5,0,-0.399894,0.0753293,0.913461
51.4352,-22.4107,3.66694,-0.040404,0,1.9,0,0.67558,0.545943,-0.495517
37.8273,-36.8131,6.8845,0.390381,0,-4.08859,0,-0.848453,0.525208,-0.065454
40.5579,-34.2661,13.0764,-0.454988,0,-3.5,0,-0.890987,0.155932,0.426413
43.8633,-28.4099,8.22937,0.596669,0.325996,-4.41876,0,0.71014,-0.569509,-0.413957
41.8802,-19.3935,33.8165,0.311565,0,-3.9,0,-0.542055,0.789065,0.289056
47.8274,-35.8194,4.75712,-0.505212,0,-3.5,0,0.144729,-0.951685,-0.270829
26.2883,-58.3326,10.7198,1.56113,0,-3.9,0,0.916289,-0.142253,0.374403
26.6628,-57.0087,10.4199,0.6269,0,-3.9,0,0.952836,-0.159218,0.258365
55.3469,-22.6623,15.7276,0.191617,0,2.8,1,0.966161,-0.167879,-0.195832
53.6767,-16.6122,19.9676,-0.103603,0,-0.9,1,0.735491,-0.657298,-0.164353
47.7096,-9.39462,26.0386,-1.75628,-0.0796337,-1.22928,0,-0.646695,0.760165,-0.0627189
48.3822,-19.9403,18.7768,0.135005,0,4.5,1,0.326262,-0.805999,0.493881
36.3774,-47.7181,6.39319,0.158455,0,-3.5,0,0.4025,-0.886083,0.229893
43.8658,-14.2989,29.4952,-0.347074,0,-2.57111,0,0.447165,0.856847,-0.256628
32.7253,-43.4113,7.753,-0.0548931,0,-3.5,0,-0.530015,0.692976,-0.488742
47.8618,-25.4864,15.5391,-0.0145334,0,3.8,1,-0.0279129,-0.55893,0.828745
43.8203,-28.8026,9.92831,0.360282,0.14718,3.16413,0,-0.357446,-0.586437,0.726859
27.096,-52.815,7.372,-7.68487,0,-3.9,0,0.829866,-0.135337,-0.5413
35.4185,-39.6279,13.7698,0.338618,0,1.8,0,0.0765798,0.594687,0.800302
43.554,-11.774,22.858,0.888016,0.447621,-4.5,0,-0.829999,-0.468178,0.303168
48.6867,-19.0685,22.8008,0.184636,0,-0.9,0,-0.184184,-0.965591,0.183602
39.8322,-16.0664,24.6432,0.283047,-0.454264,-0.7,0,-0.359406,0.465534,-0.808768
40.8339,-28.6909,2.61306,-0.369298,0,-3.5,0,-0.441093,-0.89637,0.0442405
28.1642,-44.848,11.5592,0.134941,0,1.8,0,0.031301,0.909359,-0.414834
45.3559,-40.489,12.8146,0.0977358,0,4.2,1,0.667421,-0.592153,0.451557
49.4366,-34.9779,8.36337,-0.974942,-0.253472,0.270442,0,0.107421,-0.863937,0.492009
43.4774,-31.7104,7.13744,0.490773,0,-0.4,0,0.296948,0.184355,-0.936929
43.3112,-30.017,9.63281,0.68593,0.423932,-3.88974,0,-0.0978856,-0.0176115,0.995042
41.6311,-26.876,26.9009,0.11433,0,3.8,0,0.247211,-0.851148,-0.463071
31.3065,-54.5679,11.4416,0.0431289,0,4.5,0,0.368654,-0.841136,0.395708
40.8949,-33.6273,14.8551,-1.78432,0,-3.5,0,-0.855446,0.00231427,0.517886
40.8953,-35.6199,13.478,-0.282877,-0.455232,-3.5,0,-0.563632,-0.118995,0.81741
48.8232,-35.7455,6.88363,-0.21676,0,-3.5,0,0.215356,-0.947587,0.236011
55.9688,-27.8202,12.3646,0.163572,0,3.8,1,0.685438,-0.572077,0.450448
39.7464,-31.9093,8.78494,-1.16747,-0.0210251,-3.5,0,-0.19411,0.402882,0.894431
35.0861,-47.0951,8.54862,0.162491,0,-3.5,0,0.413551,-0.904142,-0.10725
22.387,-49.3045,6.371,-1.04946,0,-3.5,0,-0.884589,-0.363449,-0.292244
41.1521,-16.4548,6.56488,0.238702,0,3.8,0,-0.111136,0.968994,-0.220681
40.6435,-32.8147,12.7046,-0.472792,-0.041876,-3.5,0,-0.897422,0.440619,-0.0220833
41.2345,-35.0836,3.68094,0.909418,0.00711722,-4.5,0,0.112677,0.886991,-0.447829
54.6007,-16.8013,23.0429,0.0897868,0,-1.05347,1,0.940986,-0.337478,0.0255585
50.181,-23.4159,25.6441,-0.012552,0,4.2,1,-0.29674,-0.19526,-0.934783
41.6299,-20.0286,4.93031,0.265621,0,-1.79569,0,-0.659433,0.363624,-0.657971
57.0757,-25.1261,12.5841,0.199569,0,3.8,0,0.838448,0.531156,-0.121972
53.2601,-20.3902,31.6211,1.00161,0.259537,-0.4,0,0.628756,-0.473254,0.617006
54.8176,-18.6165,30.6357,0.168098,0,-0.4,0,0.906042,-0.0812467,0.415316
40.3683,-25.8008,6.24762,-0.0765898,0,-4.5,0,-0.7834,0.546868,-0.29533
29.7861,-43.9075,15.3944,0.259695,0,1.8,0,-0.373152,0.396454,0.838798
45.3979,-14.7229,27.604,-1.25266,0,-0.7,0,0.150171,0.882353,0.445983
32.0978,-49.2525,9.29963,0.0666065,-0.745625,-3.37806,0,0.430849,-0.29328,-0.853438
30.6663,-47.7279,7.74925,-0.0525036,0,1.8,0,0.18704,-0.459171,-0.868434
44.1493,-21.1018,-0.543125,2.48777,0,1.8,0,-0.320994,0.844303,-0.429087
45.3251,-40.5641,10.8862,-0.0276844,0,2.87016,1,0.683508,-0.528569,-0.50342
41.2057,-17.0972,32.2106,0.423661,0.000290622,-3.5135,0,-0.761849,-0.233219,0.604314
37.3774,-24.5395,20.7625,-0.0632872,0,-3.9,0,-0.405341,-0.873816,-0.268596
53.4636,-10.4654,32.4126,-0.176577,0,-3.5,0,0.381698,0.310214,0.870674
43.089,-41.9135,8.79744,-0.289153,0,-3.5,1,0.841035,-0.457218,-0.289159
39.5741,-23.216,30.0284,0.255955,0,3.8,0,-0.50484,-0.252984,0.82531
44.761,-23.1904,32.6006,-0.183599,0,1.09339,0,-0.175229,-0.967308,0.183331
42.5901,-22.1112,-1.84369,0.800045,0,1.8,0,-0.808533,0.378415,-0.45064
52.5516,-20.2709,21.1733,0.0603458,0,2.8,1,-0.0219602,-0.888866,0.457642
45.8009,-21.5364,22.0876,0.0383277,0,4.5,1,0.792361,-0.609976,0.00966279
40.3916,-13.5211,30.9305,0.0571781,0,-3.5,0,-0.770925,0.49736,-0.39788
56.0516,-25.2784,10.0005,0.254222,0,3.8,1,0.660262,0.46546,-0.589407
45.7988,-35.8421,13.3398,-0.210706,0,4.2,0,-0.00111267,-0.0419797,0.999118
47.6512,-30.6116,6.17994,0.263129,-0.144048,-1.03288,0,-0.860019,0.284352,-0.423687
51.9211,-23.1096,25.9447,-0.0222235,0,4.2,1,0.463476,-0.282795,-0.839772
48.3192,-22.3549,17.5898,-0.0987304,0,3.8,1,0.502853,0.0214262,0.864106
52.7287,-26.3576,13.9531,0.418805,0,3.8,1,0.484899,-0.508075,0.711852
40.8412,-27.0247,27.8449,0.104503,0,3.8,0,-0.297046,-0.945643,0.132377
54.5896,-9.41794,25.3972,0.0271375,0,-3.5,0,0.487012,0.871535,0.0569801
39.726,-23.5066,1.53087,0.649143,0.447808,-3.5,0,-0.653213,-0.746817,-0.124807
40.0575,-40.5513,14.789,-0.196908,0,1.9,0,-0.198955,-0.190951,0.961226
35.3585,-48.614,10.0251,0.107092,0,4.2,0,-0.0620965,-0.351175,-0.934249
53.8545,-24.31,15.7802,0.108014,0,2.8,1,0.151426,-0.892488,0.424894
44.5493,-29.3015,12.4745,0.0337951,0,-0.9,0,-0.934212,-0.209994,0.288358
46.903,-7.18531,18.0526,1.2767,0,-4.5,0,-0.872716,0.483958,-0.0644298
47.2187,-21.6739,26.271,-0.0428994,0,2.30476,1,0.487004,-0.289862,-0.823897
49.69,-27.3037,2.827,0.284034,0,-3.9,0,0.103996,-0.979849,-0.170532
22.3345,-46.3159,8.93869,0.167359,0.11866,-3.5,0,-0.928699,0.368868,-0.0381295
27.4769,-54.4371,11.0661,-0.0848278,0,-3.9,0,0.0193668,-0.766301,0.642189
21.9491,-51.9264,9.57263,-1.64696,-0.0237459,-3.5,0,-0.876668,-0.316078,0.362696
43.8677,-17.2943,32.9188,0.521198,0,-3.82455,0,-0.288068,0.0121834,0.957533
23.5427,-59.7705,9.63062,3.23828,0.203386,-3.9,0,-0.438822,-0.683936,-0.58281
31.0292,-39.9561,11.2762,0.218797,0,-4.5,0,-0.546568,0.653439,-0.523718
44.0421,-40.8394,9.89194,0.0418273,0,-2.58981,1,0.787149,-0.358506,-0.501867
50.9584,-27.037,1.72687,0.472373,0,-3.9,0,0.170504,-0.977924,-0.120801
51.9753,-8.12638,13.3279,-0.414817,-0.120436,-4.02487,0,0.463918,0.307703,-0.830722
43.3537,-24.0336,-4.21338,0.663063,0,1.8,0,-0.709579,0.0591705,-0.702137
35.5988,-38.8684,5.901,0.139164,0,-4.5,0,-0.902481,0.320438,-0.287831
49.6133,-23.5165,-1.15087,4.14509,0.0376328,-3.9,0,-0.164655,0.807756,-0.566056
44.3053,-35.8152,13.1677,-0.205669,0,2.78536,0,0.270617,-0.203927,0.94084
54.358,-17.9896,26.1646,-0.153049,0,4.2,0,0.58672,-0.792428,-0.166787
36.9243,-45.5344,5.00625,-0.221122,-0.508706,-3.5,0,0.416443,-0.074257,-0.906124
44.6621,-17.9927,22.2683,0.797438,0,4.5,0,0.628639,0.766748,-0.130036
41.2635,-28.6607,-0.737562,-0.475688,-0.18201,-3.5,0,-0.535087,-0.738869,-0.409579
45.1451,-20.0994,-0.380688,1.91079,0,-4.5,0,-0.746332,0.379659,-0.546669
36.6086,-44.2957,14.5946,0.141181,0,1.8,1,0.504199,-0.530952,0.681082
34.612,-22.7139,18.9219,-0.706935,-0.264682,-3.5,0,-0.899321,-0.15212,-0.409976
47.8656,-34.9759,3.01706,-1.46218,0,-3.5,0,0.0725923,-0.693785,-0.716514
46.1109,-19.5649,11.1332,-0.0282068,0,-3.5,0,0.395813,0.178217,-0.900872
49.5232,-6.92244,30.0474,0.403316,0,-0.8,0,0.350516,0.45543,0.818365
42.1024,-11.5851,31.1579,-1.19684,-0.00554745,-3.5,0,-0.531884,0.739278,-0.412998
43.545,-39.293,15.0941,0.188486,0,1.9,0,0.227439,0.44772,0.864765
55.2219,-19.1675,12.877,0.441493,0,-3.9,1,0.815957,-0.488622,-0.308971
47.795,-7.26188,32.0768,0.284715,0,-3.9,0,0.261585,0.266251,0.92773
46.7804,-22.7085,28.7576,0.270224,0,2.6666,1,-0.444941,-0.868125,-0.219968
44.4571,-26.6141,-1.95638,0.961803,0,-3.5,0,0.307213,-0.563051,-0.767199
33.3589,-43.2732,6.08994,0.00931869,0,-3.5,0,-0.510796,0.615004,-0.600714
52.2781,-13.7562,31.4151,-0.273657,0,-3.5,0,0.0866304,-0.537002,0.839121
54.9975,-30.8226,11.662,0.118563,0,3.8,1,0.820139,-0.126099,0.558095
39.0552,-24.7508,26.6009,0.160942,0,3.8,0,-0.731722,-0.681591,-0.00420092
52.0171,-23.96,-1.25831,2.07563,0.102583,-3.9,0,0.662652,0.422485,-0.618384
54.6714,-17.9163,28.8034,0.197039,0,1.0707,0,0.967742,-0.168788,-0.187046
27.1006,-45.5106,10.1847,0.869439,0,-0.194932,0,0.123227,0.795596,-0.593162
22.6639,-44.0503,12.5276,-0.0260385,0,-0.7,0,-0.764283,0.512913,0.390884
37.6541,-36.7147,13.4209,-0.0793098,0,1.8,0,0.105363,0.493326,0.86344
52.744,-21.7297,8.29375,0.522941,0,1.9,0,0.918836,0.378945,-0.110188
47.2684,-36.3118,9.23006,0.445611,0,4.2,0,0.899873,-0.283214,-0.33169
42.563,-18.5697,33.0304,0.420684,0,-3.71207,0,-0.397498,0.402077,0.824821
29.5345,-53.169,9.07125,-0.0221277,0,4.5,0,-0.346151,-0.581597,-0.736155
25.3319,-55.1695,11.8751,0.0975341,0,-3.9,0,0.215828,0.0775818,0.973344
45.0634,-27.9321,6.46138,0.397379,0,-3.5,0,0.289944,-0.956165,-0.0409897
45.0422,-27.4545,2.69213,-0.46864,0,-3.5,0,0.306991,-0.914606,0.263159
48.8337,-17.4456,10.255,0.803871,0,-1.6,0,-0.0736859,0.116811,-0.990417
44.9094,-15.7031,-1.36713,1.25099,0.0701937,-4.5,0,-0.74541,0.107088,-0.657948
38.5056,-19.6924,17.9972,0.685021,0,-3.5,0,-0.47587,0.705912,-0.52463
53.3943,-18.7809,18.5098,0.0472096,0,-0.9,1,0.631174,0.178124,0.754911
47.1756,-15.5308,0.24975,0.231568,0,-4.5,0,0.947701,0.300832,-0.106602
42.2492,-20.3821,3.345,0.342418,0,-3.5,0,-0.295442,0.955202,-0.0173929
36.2487,-46.1623,8.29688,0.0721592,0,-0.801807,0,0.506613,-0.832037,0.22596
52.7466,-5.13619,27.1671,0.957082,0.70078,-0.8,0,0.76017,0.644265,-0.0840468
50.9009,-7.9505,29.9995,0.493203,0.0378149,-0.8,0,0.131677,0.433683,0.891392
34.4168,-24.3892,25.4026,0.606879,0,1.9,0,-0.539079,-0.627188,0.562165
38.5161,-29.3314,8.53887,0.376552,0,-4.5,0,-0.79964,-0.421233,0.427946
36.0441,-36.5299,10.6889,0.0817757,0,1.8,0,-0.598494,0.590987,-0.540869
42.5645,-26.028,-2.501,0.159273,-0.0894722,1.22668,0,-0.540243,-0.121347,-0.832714
45.0211,-35.9596,2.885,-0.0742576,0,4.2,0,0.133913,-0.000533443,-0.990993
34.5913,-48.8332,15.1917,0.117184,0,4.2,0,0.164074,0.173478,0.971074
33.6203,-41.1032,9.88813,0.0271504,-0.0653007,-4.5,0,-0.35,0.618748,-0.703314
47.6159,-21.4551,34.9891,-1.21807,-0.324863,-3.5,0,0.255679,-0.782713,0.567441
41.4701,-21.6025,34.8711,0.672812,0,-3.9,0,-0.989832,-0.135784,0.0423729
37.8332,-36.5832,4.643,0.919797,0.496675,-4.5,0,-0.754491,0.543103,-0.368487
42.0212,-7.49087,20.6313,0.776161,0,-4.5,0,-0.801385,0.491051,0.341541
34.3265,-20.369,19.7199,0.581015,0,-3.5,0,-0.807187,0.545353,-0.22592
34.5076,-43.5424,14.7472,0.672766,0,1.8,1,-0.106874,-0.240805,0.964671
25.5975,-43.7206,12.29,-1.02621,-0.926101,-0.7,0,0.240149,0.843084,0.481183
46.0926,-9.44331,32.0229,0.126131,0,-3.9,0,-0.329058,0.0738435,0.941418
46.7295,-35.6558,3.83469,-0.929648,-0.3641,-1.31708,0,0.286481,-0.687003,-0.667799
54.052,-23.1448,12.2375,0.718695,0,3.3351,1,0.716814,0.491246,-0.494828
36.2966,-18.5282,21.2606,0.417553,0,1.8,0,-0.678676,0.547985,-0.48899
33.2171,-20.5869,24.3264,0.632582,0,1.9,0,-0.553615,0.730088,0.400603
43.3506,-19.912,1.89169,-0.0951436,-0.0718984,-3.5,0,-0.337038,0.941456,-0.00814277
44.3569,-14.3309,19.9754,1.60012,0,-3.9,0,-0.53655,-0.299342,0.788992
33.749,-44.943,5.2525,0.271941,0,-3.5,0,-0.436803,0.15035,-0.886904
50.9367,-33.7768,4.34206,-0.252523,0,-3.5,0,0.869238,-0.1338,-0.475944
50.9347,-24.6469,28.0965,-0.041912,0,4.2,1,0.0615596,-0.996447,0.0574823
55.5296,-27.1914,14.0069,0.117098,0,3.8,1,0.103581,-0.611693,0.784285
51.4276,-9.41613,12.652,-1.97761,-0.298036,-3.5,0,-0.0944344,0.0277091,-0.995145
45.2503,-9.90125,24.9155,0.264715,0,-0.8,0,-0.518754,0.694006,0.499249
48.4016,-34.4549,11.1853,-0.00387107,0,-0.9,0,0.913005,-0.406498,-0.0343795
48.0996,-20.7428,36.3532,-1.88196,-0.240737,-3.5,0,0.492559,-0.487578,0.72087
54.2283,-8.715,30.2397,-1.67316,-0.00559031,-3.5,0,0.686809,0.612656,0.391084
22.6028,-55.9964,10.7367,0.190833,0,-3.9,0,-0.974925,0.109764,0.193579
51.7271,-34.0098,8.88587,-0.377044,-0.198967,3.8,0,0.501499,-0.865154,-0.00265256
53.2564,-12.562,20.4709,0.283556,0,-0.9,0,0.646136,0.656014,-0.390068
24.4619,-45.3756,9.16113,0.276677,0.425529,-2.30229,0,0.376638,0.677468,-0.631807
46.6836,-26.9257,14.3723,0.143467,0,4.34619,1,-0.297431,-0.430614,0.852119
43.1227,-42,6.05725,-1.39619,-0.0628861,-3.5,0,0.481613,-0.810727,-0.332823
55.2062,-30.1124,7.481,0.126078,0,4.14987,1,0.858695,-0.382323,-0.341281
50.1016,-20.2886,8.38525,0.382052,0,1.9,0,-0.197459,0.932266,-0.303133
49.8899,-21.218,26.4774,-0.164553,0,4.2,1,-0.305675,0.234245,-0.922871
45.554,-27.7195,7.9885,0.449175,0,0.840828,0,-0.393696,-0.804506,-0.444716
57.0283,-26.8412,13.2548,0.130121,0,3.8,1,0.792484,-0.476087,0.381196
44.7051,-42.5949,13.0914,-0.25765,0,1.9,1,0.849675,-0.351992,0.392624
46.2167,-14.1667,27.2747,-0.542211,0,4.5,0,-0.432572,0.474237,0.766799
39.4753,-27.263,10.7508,0.909805,0,-4.5,0,-0.3134,-0.459324,0.831145
47.0153,-21.4899,9.46225,0.43394,0,1.8,0,0.103817,0.989041,-0.104976
46.365,-11.792,30.093,-0.237331,0,-3.9,0,-0.607194,-0.791585,-0.068619
45.4315,-28.7175,13.167,0.0224775,0,2.46683,0,-0.436907,0.110475,0.892697
53.7644,-32.1981,8.07763,0.0268145,0,3.8,1,0.529729,-0.669333,-0.520942
46.1064,-15.7343,11.3204,-0.861793,-0.48596,-3.28642,0,-0.170281,0.756154,-0.631851
44.6164,-18.8891,8.18188,0.335473,0,3.8,0,0.858932,0.486732,-0.159146
30.6259,-49.9062,17.7729,0.0607505,0,3.8,0,0.695934,-0.447237,0.561832
23.0613,-48.0283,13.2206,0.130024,-0.238258,0.429453,0,-0.752379,-0.101178,0.650914
39.8341,-22.247,-0.6545,0.42423,0,-3.5,0,-0.399724,-0.363352,-0.841544
31.6726,-41.9962,9.16088,-0.951104,0,-4.5,0,-0.17837,0.578822,-0.795707
58.8257,-15.3406,15.0469,0.464247,0,-0.9,0,0.831166,0.509424,-0.222825
43.9644,-8.092,19.0925,0.365154,0,-4.5,0,0.103301,0.190316,-0.976273
39.0786,-21.5128,11.0787,0.120867,0,-0.8,0,-0.582029,0.0380008,-0.81228
46.6512,-27.0898,3.625,0.159205,0,-3.9,0,-0.0165858,-0.999861,-0.00194605
31.5815,-50.7004,12.9211,-0.0470516,-0.124968,4.45236,0,0.351543,-0.608139,0.711748
47.9846,-19.13,20.6431,0.224609,0,4.5,0,0.306102,-0.887133,0.345395
39.0634,-23.2584,11.7894,-0.262213,-0.434877,-3.34634,0,-0.924947,-0.324124,-0.198535
45.2151,-33.8276,3.87762,-0.522236,-0.0140193,3.04142,0,-0.413376,0.788543,-0.455324
51.0472,-6.783,18.3439,0.368124,0,-4.5,0,0.758183,-0.0480614,0.650269
45.4417,-20.468,9.82788,0.251939,0,3.20513,0,0.734422,0.636289,-0.236136
52.4212,-10.4202,17.2575,-0.214337,0,-3.5,0,0.750201,0.122875,0.649692
23.3485,-56.862,9.07712,0.937562,0,-3.9,0,-0.79775,-0.0265404,-0.602404
46.5349,-31.56,6.95319,0.693664,0,-3.5,0,-0.438234,0.576168,-0.689914
55.5825,-22.7565,17.6229,0.0966726,0,2.8,1,0.942325,-0.309958,0.12629
44.7348,-11.4964,31.7857,-0.692908,-0.735186,-3.51903,0,0.561637,-0.0839042,0.823119
44.324,-14.4097,14.8188,0.138183,0.16424,-3.81424,0,-0.27413,0.674219,-0.68577
31.0785,-36.2978,16.0509,0.695203,0,-4.5,0,-0.0780699,0.949635,-0.303478
54.7395,-12.5134,28.3417,-0.313213,-0.551521,-3.5,0,0.930975,-0.0882956,0.354246
27.5349,-54.936,10.0541,-0.0424943,0,-3.9,0,0.653718,-0.707327,-0.268963
44.926,-16.0655,3.36162,0.643992,0.108204,-4.5,0,-0.699894,0.0140578,0.714109
49.6805,-15.4129,10.6861,0.467274,0,-1.6,0,0.4223,0.547782,-0.722217
58.0164,-15.7901,13.5952,0.716411,0.83851,-3.63669,0,0.79306,-0.00936376,-0.609071
52.8699,-21.9058,28.6764,0.241407,0,4.2,0,0.936961,-0.348548,-0.0248774
43.1495,-20.3553,38.3339,2.48113,0,-3.9,0,-0.247437,0.303238,0.920229
37.5174,-20.252,13.2062,0.065112,-0.760541,-0.8,0,-0.725739,0.681772,0.0921445
47.0345,-15.1665,29.6213,-0.728089,0,1.8,0,-0.126606,0.724803,0.677224
33.3485,-49.884,14.891,0.0508544,0,4.2,0,-0.360496,-0.655119,0.663974
38.7627,-32.2106,7.01125,-1.12737,-0.02041,-3.5,0,-0.735007,0.0928793,-0.671668
32.454,-21.477,23.7204,0.566364,0,1.9,0,-0.97713,-0.030901,0.210387
47.5459,-10.4916,32.4684,0.053906,0,-3.9,0,-0.0572493,-0.204063,0.977282
40.8202,-26.0439,29.1189,0.105589,0,3.8,0,-0.201852,-0.844004,0.496903
52.3465,-23.5,5.307,0.400197,0,1.9,1,0.81363,0.197353,-0.546863
56.084,-30.715,10.2831,0.099095,0,3.8,1,0.990382,-0.0426287,0.13163
36.9079,-44.9277,13.234,0.0632027,0,2.01062,1,0.595946,-0.647341,0.475182
42.8916,-6.58238,20.5066,0.919672,0.0286272,-4.5,0,-0.523221,0.851007,0.0450229
32.5004,-46.1979,7.09594,0.0655806,0,-3.5,0,-0.565675,-0.525733,-0.635309
48.4923,-20.9231,9.50475,0.486834,0,1.80109,0,-0.513622,0.736724,-0.439807
43.4678,-22.1551,21.6241,-0.359869,-0.22821,4.05608,1,0.432389,-0.810923,0.394264
49.251,-27.6117,1.29725,0.328725,0,-3.9,0,0.022959,-0.957087,-0.288889
49.0187,-35.4316,3.56169,-0.425142,0,-3.5,0,0.317911,-0.625125,-0.712847
41.7173,-28.0184,-2.1315,-1.35513,-0.0518248,-3.5,0,-0.257263,-0.436394,-0.862193
51.2243,-19.4351,32.8618,0.155499,-0.199873,-3.5,0,0.732523,0.265031,0.627032
23.5425,-46.134,13.9495,0.00624587,0,-0.7,0,-0.479004,0.240015,0.844362
31.0441,-54.1929,8.47306,-0.0270384,0,4.5,0,-0.326638,-0.606315,-0.725044
44.3758,-16.7504,2.10663,0.510695,0,-4.5,0,-0.953593,-0.124806,0.274013
45.4577,-25.8986,-2.1465,1.63865,0.246025,0.0655321,0,0.490425,-0.786615,-0.375128
47.0423,-12.3473,28.2744,-0.481723,0,-3.9,0,-0.914535,-0.322611,0.244024
48.6553,-11.4579,32.0749,0.814116,0.365861,-3.9,0,-0.201459,-0.510177,0.836142
44.0062,-15.8359,24.2019,0.666008,0,-0.100152,0,0.366785,0.277644,-0.887909
46.1065,-20.8382,24.3551,-0.112799,0,0.292633,1,0.868032,-0.374503,-0.325989
46.7923,-15.8553,2.56813,0.735175,0,-4.5,0,0.840508,0.260572,0.475025
50.8615,-34.0559,6.48238,-0.509962,0,0.637824,0,0.821604,-0.556696,-0.122701
23.2975,-48.8177,4.98287,-2.10224,-0.624763,-3.5,0,-0.246179,-0.0585838,-0.967452
43.25,-19.5597,5.46894,0.306716,-0.0368106,2.06941,0,-0.0487914,0.830834,-0.554378
38.4051,-26.8353,21.0089,0.545482,0,-3.9,0,-0.98523,-0.10222,0.137382
47.2038,-16.3863,33.7151,-0.214986,0,-3.5,0,-0.191597,0.980819,-0.0358367
53.8073,-30.5445,6.0035,-0.424335,0,4.2,0,0.571669,-0.671775,-0.471076
43.0689,-16.1824,33.4754,0.104046,0,-3.5,0,-0.0815358,-0.317284,0.944819
39.4064,-29.0764,19.3331,1.11673,0,-3.9,0,-0.51995,-0.568073,-0.637923
43.481,-14.47,33.5355,-0.476286,0,-3.5,0,0.565493,-0.152176,0.810592
38.467,-32.9261,9.69875,-2.53661,-0.0213203,-3.5,0,-0.281773,0.405741,0.86947
32.9535,-39.3991,11.4939,0.285198,0,-4.5,0,-0.166697,0.83863,-0.518567
52.0013,-20.0159,9.39188,0.121115,0,-3.9,0,0.527143,0.427337,-0.734509
41.4748,-13.926,17.4867,1.73774,0.0727986,-1.21104,0,-0.825136,0.302571,0.477077
30.5592,-42.3504,14.1608,0.430563,0,1.8,0,-0.764963,0.381658,0.518815
48.1005,-6.32428,21.9412,0.676003,0,-4.5,0,0.502074,0.72709,0.468254
45.6188,-17.6186,3.83787,1.01958,0.333398,-4.5,0,-0.237204,0.318432,0.917788
40.8241,-18.2024,14.9528,0.154817,0,3.12402,0,-0.799331,0.420043,-0.42969
48.584,-32.3205,16.802,0.00733892,0,-0.9,0,0.561404,0.277245,0.779719
42.2511,-24.5607,31.1462,0.109658,0,3.8,0,0.218181,-0.561171,0.798427
42.5491,-14.0813,18.5589,2.55668,0.456143,-3.9,0,-0.722069,-0.0678326,0.688488
46.0165,-27.2825,0.756,1.18451,0,-3.67967,0,0.634939,-0.752388,-0.1754
49.5949,-16.6987,32.7938,-0.252194,0,-3.5,0,0.526018,0.813973,0.246482
49.8187,-6.64463,19.7454,0.326675,0,-4.5,0,0.523399,0.749402,0.405523
29.7374,-51.0789,14.0021,0.280618,0,3.8,0,0.471803,-0.701221,0.534501
58.7217,-19.3315,14.5063,0.397295,0,-0.9,1,0.328592,-0.505637,-0.797721
46.3899,-37.2372,5.13875,-0.0991529,0,4.2,0,0.875332,-0.384726,-0.292881
50.4774,-6.37175,13.376,0.277966,0,-4.5,0,-0.00569757,0.47836,-0.878145
30.4785,-37.5731,14.7079,0.775075,0.835913,-4.5,0,-0.637483,0.527549,-0.561522
38.4562,-35.8257,11.6382,-0.233834,0,-1.04401,0,-0.192609,0.894378,0.403721
45.5585,-22.3056,34.816,-0.417408,-0.382181,-3.72646,0,0.369565,-0.86611,0.336563
25.9102,-46.4685,9.03519,0.3093,0,-1.99823,0,0.164064,0.790475,-0.590112
24.7541,-56.1999,12.3931,0.224569,0,-3.9,0,0.261389,0.108382,0.959129
47.9846,-7.80425,13.7146,0.952966,0,-4.5,0,-0.239323,0.213212,-0.947241
49.9132,-32.78,16.2392,0.896478,0.775939,-0.9,0,0.626412,-0.368261,0.687017
41.6645,-11.3526,18.6047,1.4909,0,-3.9,0,-0.981724,0.184739,-0.0457106
47.5619,-24.3841,32.6866,-0.0369051,0,1.8,0,-0.0116172,-0.779391,0.62643
46.1195,-14.0778,0.0295,0.682485,0.28756,-4.5,0,0.47164,0.760806,-0.445791
45.1382,-7.75231,23.3188,1.21441,0,-4.5,0,-0.483734,0.250513,0.838596
47.5709,-17.2348,1.66887,0.829126,0,-4.5,0,0.935901,0.317803,0.151956
39.0787,-26.7626,15.3247,0.0917749,0,1.8,0,-0.548376,-0.823015,-0.148089
59.6744,-18.9429,16.1203,0.435164,0,-0.9,0,0.902058,-0.287783,0.321672
35.8518,-24.2675,20.506,-0.674443,-0.0222523,-3.5,0,-0.210483,-0.973097,-0.0936985
52.6989,-21.9007,6.15662,0.303113,0,1.9,0,0.898742,0.427669,-0.0967551
43.1396,-24.2584,27.8301,0.0177469,0,3.8,1,0.871601,-0.484728,-0.0731548
55.1562,-15.6928,24.2231,0.236813,0.395528,-3.5,1,0.766622,-0.64149,-0.0279609
39.0102,-17.1322,26.4142,0.306834,0.0810937,-0.7,0,-0.727082,0.681198,0.0855661
24.0331,-55.1036,7.89075,-0.450492,0,-3.9,0,-0.694239,-0.428564,-0.578243
47.1159,-13.909,13.8526,-0.256021,-0.0202604,-2.02663,0,-0.763797,0.512848,-0.39192
36.8341,-17.0739,23.3733,0.411346,0,1.8,0,-0.321194,0.926253,0.197202
38.5008,-30.8245,7.78881,-0.163839,0,-4.5,0,-0.942348,-0.105533,0.317559
29.899,-43.913,10.8713,0.192411,0,-4.5,0,-0.936583,0.350443,-0.00165775
41.4824,-21.7985,33.4858,0.299722,0,-3.9,0,-0.95259,-0.286352,0.102831
57.455,-18.0725,17.6755,-0.37203,0,-0.9,1,0.388569,-0.0581123,0.919585
36.3125,-46.8305,12.749,-0.051343,0,4.2,1,0.780416,0.208863,0.589345
46.2495,-30.7335,15.5445,-0.82074,0,-0.9,1,0.0732713,0.946847,0.313229
35.7784,-43.289,15.164,0.387642,0,1.8,1,0.109049,-0.464479,0.878844
46.5385,-8.397,27.5635,0.447274,0.163029,-3.9,0,-0.483092,-0.084032,-0.871528
48.1562,-30.4552,15.7682,-0.437389,0,2.89922,1,-0.116262,0.402824,0.907863
54.285,-17.0315,21.1746,-0.0722992,0,-0.9,1,0.776908,-0.484748,-0.401788
48.9411,-5.96881,28.3103,0.232915,0,-0.8,0,-0.312412,0.929524,-0.19592
44.4986,-39.7705,7.281,-0.972498,0,3.31415,0,0.775104,-0.596865,0.207281
45.055,-9.9585,17.309,0.986184,0,-3.9,0,-0.233913,0.824535,-0.515196
54.5406,-24.3579,10.4297,0.518419,0,3.8,1,0.429059,0.738667,-0.519884
46.4053,-9.8995,25.6527,-0.340641,0,-0.8,0,-0.51225,0.801123,0.309518
56.5466,-15.4301,17.6851,-0.34305,0,-0.9,0,0.39957,0.207137,0.892994
46.7574,-9.60044,27.0893,-0.920212,0.00458107,-3.9,0,-0.847825,0.393182,-0.355809
22.2848,-49.3776,10.5865,-0.293115,-0.0894369,-2.98291,0,-0.830845,-0.37814,0.408296
34.3882,-48.1577,10.0005,0.262556,0,4.2,1,0.175361,-0.616123,-0.767881
43.7534,-41.0306,7.87675,-0.995961,0,-3.5,1,0.866079,-0.4915,0.0912942
53.384,-19.389,20.7715,0.0765045,0,-0.753157,1,0.98399,-0.174901,-0.0342541
46.8765,-34.2426,14.0831,-0.563442,0,-0.9,0,-0.0314571,-0.876709,0.479991
39.1908,-36.4151,12.8521,-0.600716,0,-3.5,0,-0.393895,0.466068,0.792229
44.6605,-15.4978,31.9816,-0.124267,0,-3.5,0,0.730926,0.581771,0.356778
52.922,-22.8727,10.3411,1.4067,0.0931352,3.8,1,0.899256,0.206236,-0.385753
38.9927,-27.0211,19.4321,0.798455,0,-3.9,0,-0.835727,-0.0334506,-0.548126
50.6447,-19.7742,19.0616,0.16836,0,2.92345,1,-0.41319,-0.710692,0.569377
49.8247,-19.3716,23.2763,0.224095,0,-0.9,1,-0.300686,-0.948105,0.103373
58.8191,-19.9799,15.8931,0.361084,0,-0.9,1,0.619097,-0.779171,-0.098034
40.3798,-14.0128,27.0714,0.119828,-0.25272,-0.7,0,-0.690417,0.666232,0.281885
49.7522,-6.5645,26.2881,-0.333236,0,-0.8,0,-0.434707,0.712739,-0.550485
44.3646,-21.1849,-2.51741,2.83364,0,1.8,0,-0.251126,0.885385,-0.391189
36.9609,-40.4967,4.82163,0.460212,0,-4.5,0,-0.522089,-0.504283,-0.687839
46.5868,-8.29788,14.968,1.74775,0,-4.5,0,-0.88513,0.001491,-0.465341
40.269,-27.5337,18.2899,0.397743,0,-3.9,0,-0.00303837,-0.576577,-0.817037
55.66,-17.8778,11.1812,0.506724,0,-3.9,1,0.594691,-0.606965,-0.527197
47.6502,-6.04456,15.2724,1.37268,0,-4.5,0,-0.450339,0.832855,-0.321788
44.5016,-16.0109,19.9421,1.10374,0,1.47108,0,-0.135422,0.244009,0.960271
25.183,-47.0296,7.14984,0.492071,0,-3.5,0,0.618513,0.588019,-0.521225
36.9195,-17.7295,24.5199,0.488773,-0.104421,1.8,0,-0.682964,0.698069,0.215082
52.829,-12.5579,32.1306,-0.0930149,0,-3.5,0,0.309153,-0.437574,0.844365
41.8239,-13.1679,26.7773,0.23246,0,-0.7,0,-0.212959,0.935556,0.281751
37.0411,-23.3484,17.769,0.169334,-0.307166,-3.5,0,-0.241877,-0.696008,-0.676068
37.4746,-46.8761,10.6059,-0.0719794,0,3.82507,0,0.623624,-0.738841,-0.255355
46.4661,-20.0795,20.767,0.12987,0,4.5,1,0.7127,-0.637712,0.292201
44.6165,-27.5155,3.9645,-0.455334,0,-3.5,0,0.464191,-0.872275,-0.153826
53.8053,-10.4148,14.2891,-0.18624,0,-3.5,0,0.873609,0.352842,-0.335128
43.6986,-33.0399,6.93094,0.756629,0,0.794657,0,-0.0750068,0.399621,-0.913606
49.556,-22.1985,17.3797,-0.102485,0,2.8,1,0.0609558,-0.567445,0.821152
54.7985,-26.1125,5.691,0.235571,0,4.2,0,0.823671,0.404085,-0.397847
55.0704,-19.1911,18.1597,0.253672,0,-0.9,1,0.237121,0.00364232,0.971473
45.3836,-29.8883,14.0325,-0.242852,0,-0.9,0,-0.38685,0.883062,0.265608
53.1699,-19.6297,22.5706,0.0419455,0,-0.9,1,0.539997,-0.838192,0.0764096
35.9315,-40.6179,6.02031,0.24619,0,-4.5,0,-0.780953,-0.149515,-0.60643
38.2275,-25.4827,20.6605,0.135394,0,-3.9,0,-0.840266,-0.423331,-0.33874
45.8665,-11.5225,26.7385,0.682015,0.0598864,-0.8,0,-0.732293,0.243557,0.635946
48.0974,-15.3378,22.5806,2.0422,0,1.21345,0,-0.918102,-0.245047,-0.311514
41.8635,-28.0732,19.6711,1.37942,0,-3.9,1,0.831007,-0.228341,-0.507236
59.2531,-17.0522,14.2606,0.441908,0,-0.9,0,0.714744,-0.0799213,-0.694805
51.4935,-9.756,22.247,-0.352196,-0.598903,-3.71204,0,0.788219,0.614568,0.0319034
51.7431,-23.3264,30.6213,-0.0992058,-0.340803,2.66233,0,0.787431,-0.49584,0.366189
43.4495,-12.4235,23.902,0.64688,0,-0.745494,0,-0.717382,0.069477,-0.693207
46.943,-18.478,23.5495,0.356237,0,2.57784,0,0.22205,-0.314175,-0.923032
42.8695,-34.2393,6.591,-0.00586981,0,4.2,0,-0.326068,0.667168,-0.669751
36.2411,-45.7816,13.0285,-0.250379,0,4.2,1,0.69994,-0.227507,0.676997
40.0526,-17.7144,19.3013,0.591928,0,3.8,0,-0.596062,0.768227,0.233533
39.0922,-20.0962,14.7515,-0.0869812,0,-0.8,0,-0.644975,0.734526,0.210902
43.0375,-23.4142,26.2136,-0.134451,0,2.84377,1,0.593635,-0.62911,-0.501815
23.4633,-54.7109,11.1546,0.0499053,0,-3.9,0,-0.712343,0.120443,0.691419
26.3065,-53.6539,11.7507,-0.3414,-0.19954,-0.125944,0,0.0823156,-0.618425,0.781521
37.8271,-24.3754,25.5039,0.369934,0,1.9,0,-0.0324069,-0.937063,0.347654
37.8153,-35.0155,9.28825,-0.762125,-0.353056,-3.5,0,-0.902197,0.259379,0.34462
54.7914,-16.7304,28.62,0.116931,0,4.2,0,0.979742,-0.182386,0.0827102
48.157,-16.0257,30.4429,-0.430438,0,1.8,0,-0.0477077,0.810661,0.583569
47.4421,-20.8369,18.2153,0.0466167,0,4.5,1,0.625997,-0.379731,0.681126
42.6971,-38.3923,14.1621,0.188967,0,1.9,0,0.181904,0.529037,0.828873
54.9435,-13.3255,21.9575,0.581391,0,-0.9,0,0.700944,0.394942,-0.593885
56.8645,-15.467,11.3855,1.3373,0,-3.9,0,0.843186,-0.0996399,-0.528308
33.5684,-23.4533,24.3472,0.028396,0,1.9,0,-0.814448,-0.541911,0.20738
38.6102,-18.8592,19.2149,0.438755,0,3.02619,0,-0.433612,0.80977,-0.39529
54.7093,-29.3073,12.4822,0.131411,0,3.8,1,0.589724,-0.264781,0.762966
47.505,-27.517,14.836,0.0593368,0,3.8,1,-0.517388,-0.106468,0.849102
43.2537,-10.4274,16.9139,1.59405,0,-3.9,0,-0.321037,0.691228,-0.64741
50.4026,-12.9826,13.0501,0.15192,0,-3.5,0,0.0647308,0.198615,-0.977938
55.4003,-29.1391,8.27666,0.171696,0,4.2,1,0.997908,0.0146338,-0.0629657
46.6114,-16.6898,20.284,1.23389,0,4.5,0,-0.255089,0.0979446,0.961944
30.1057,-38.9262,15.1014,0.409334,0,-4.5,0,-0.992587,-0.105833,-0.0597583
38.5807,-24.7671,14.9453,0.142156,0,1.8,0,-0.928912,-0.150759,-0.338223
44.5452,-17.9983,0.799969,0.943157,0,-4.5,0,-0.960497,-0.109171,-0.255983
49.3476,-6.88291,21.7586,0.332682,0,-4.5,0,0.532429,0.740843,0.409476
46.1835,-6.99759,31.9437,0.977521,0,-3.9,0,-0.0404136,0.22909,0.972566
48.5299,-22.3527,1.1695,1.11102,0,-4.25902,0,0.543371,0.681639,-0.490016
41.0001,-25.1327,5.11275,-0.233547,-0.01459,-3.5,0,-0.979782,0.198951,0.021095
45.8999,-27.1553,5.14622,0.199101,0,-3.5,0,0.0518147,-0.9521,-0.301365
47.9158,-27.403,2.55444,0.30818,0,-3.9,0,-0.0995446,-0.994518,-0.0320283
31.9485,-42.308,15.3923,0.361715,0.0106776,-4.5,0,-0.151514,-0.42615,0.891874
54.2137,-21.6416,13.0403,0.562442,0,2.8,1,0.908271,-0.0652137,-0.413269
39.4433,-17.9635,20.3393,-0.820061,0,2.96604,0,-0.145666,0.936448,-0.319135
50.5527,-26.6784,-0.750625,2.87499,0.498403,-3.9,0,0.0315124,-0.896799,-0.441314
38.5097,-24.0933,18.9392,0.044446,0,-3.5,0,-0.484557,-0.811903,-0.325604
39.1929,-29.6026,22.1822,2.47398,0.5722,-3.9,0,-0.683856,-0.668764,0.291711
36.7889,-37.8647,5.31072,0.755704,0.00460132,-4.5,0,-0.679973,0.600791,-0.420342
47.913,-12.2668,30.6955,-0.190867,0,-3.9,0,-0.340444,-0.808792,0.479535
38.3048,-38.4511,3.52187,0.493489,0,-4.5,0,-0.501872,0.141522,-0.853285
38.8232,-17.0798,22.3875,0.637094,0,1.8,0,0.289426,0.932081,-0.217846
37.9541,-35.0866,7.69825,-0.687755,-0.21843,-3.5,0,-0.962192,-0.115201,-0.246811
40.0189,-18.3237,8.47136,0.166895,0,3.8,0,-0.95895,0.0292011,0.282069
22.4874,-47.8563,5.71844,-0.764724,-0.635824,-3.5,0,-0.692734,-0.21665,-0.687883
40.3846,-19.9314,7.67241,0.203554,0,3.8,0,-0.896436,-0.439308,-0.0584072
56.8552,-13.9452,11.4664,1.61667,0,-3.9,0,0.694143,0.394734,-0.601956
44.208,-30.4409,8.34644,0.693832,0.0337084,-2.84179,0,0.453208,0.484571,-0.748194
45.0894,-22.4046,24.7674,-0.0738295,0,-0.7,1,0.299657,-0.871029,-0.389248
44.6505,-16.574,33.5057,-0.10845,0,-3.5,0,-0.21026,0.580814,0.786413
57.9417,-13.8293,16.0298,1.52332,0.197986,-0.9,0,0.615303,0.740377,0.270638
43.1167,-13.7506,27.545,-0.0228039,0,-0.7,0,0.172962,0.902037,0.395491
30.3896,-46.0075,15.7235,0.388867,0,1.8,0,0.135779,0.258096,0.95653
44.6888,-28.3664,-1.00856,0.503522,0,-3.5,0,0.432939,-0.72442,-0.536451
52.897,-23.8701,8.84334,0.981351,0,2.40405,1,0.916425,0.363945,-0.166461
44.7569,-30.1492,9.90278,0.557625,0,3.25367,0,-0.708868,0.258382,0.656312
55.6968,-10.7028,26.1309,-0.165002,0,-3.5,0,0.728573,0.606307,0.318706
26.1459,-56.4846,8.75425,0.630274,0,-3.9,0,0.712814,-0.228808,-0.662981
52.3611,-11.9724,13.3122,0.0193953,0,-3.5,0,0.050762,0.0923188,-0.994435
56.7799,-26.5781,11.137,0.180492,0,3.8,1,0.934545,-0.0379844,-0.353812
44.1952,-38.7922,4.27375,-0.193337,0,4.2,0,0.256047,-0.501856,-0.826184
43.6054,-25.3288,18.0467,0.0931086,0,3.8,1,-0.238036,-0.962856,-0.127468
27.7306,-46.6459,14.6849,0.602635,0,3.8,0,-0.459259,0.663382,0.590766
45.1513,-23.5088,31.2045,-0.106841,0,1.8,0,-0.365536,-0.918145,-0.152949
52.0887,-13.6052,12.8497,-1.11063,-0.188146,-3.5,0,-0.23599,0.405662,-0.883033
47.7277,-18.0637,35.7702,-0.678016,0,-3.5,0,0.10872,0.534102,0.8384
56.0961,-21.5593,16.5446,0.15229,0,-0.9,1,0.746188,-0.648478,-0.150595
44.0542,-6.23311,30.1458,2.56494,0,-3.9,0,-0.912568,0.190285,0.361956
55.2178,-24.3935,14.4968,0.239471,0,3.8,1,0.665903,-0.174505,0.725342
43.888,-41.2315,14.9242,-0.261513,0,1.9,1,0.554833,-0.17467,0.813419
49.2259,-27.7718,15.8757,0.0458558,0,3.8,1,-0.261257,0.168407,0.950465
34.5694,-20.0954,21.8001,0.465921,0,1.9,0,-0.458738,0.877909,-0.137238
53.9248,-13.3524,17.1865,0.42214,0,-0.9,0,0.263765,0.713218,0.649422
33.7441,-38.9651,14.4379,1.17815,0,-4.5,0,0.742631,0.557163,0.371576
51.1792,-28.429,4.352,0.0635283,0,4.2,0,0.0275612,-0.559659,-0.828265
45.5687,-38.6099,7.96106,-0.11573,0,4.2,0,0.783834,-0.617528,-0.0652986
34.67,-50.687,12.4,0.0770586,0,4.2,1,0.209438,-0.974628,-0.0789729
45.9604,-26.6703,-0.554531,1.3264,0.0512212,-3.67036,0,0.533404,-0.651058,-0.540003
41.9364,-28.209,22.6073,3.63752,0.344631,-3.9,1,0.774014,-0.168991,0.6102
55.5509,-19.2596,14.4259,0.165747,0,-1.94255,1,0.653595,-0.571341,-0.49637
49.1415,-20.346,4.469,0.603923,0,1.9,0,0.418439,0.81169,-0.407515
46.0965,-9.0495,16.8318,0.969972,0,-4.5,0,-0.926362,0.354508,-0.127195
35.6021,-38.8799,7.77731,0.116773,0,-4.5,0,-0.751141,0.660034,-0.0119197
41.0928,-44.5445,6.39425,-0.211862,0,3.8,0,0.398449,-0.304914,-0.865023
27.7897,-45.7348,9.21656,0.408999,0,1.8,0,-0.389872,0.864056,-0.318444
25.7026,-47.2466,14.5206,0.624957,0,3.8,0,-0.323479,0.620055,0.714768
42.8084,-36.6482,13.7726,-0.322531,0,-3.5,0,0.158694,-0.171546,0.972311
39.8259,-39.1581,14.3464,0.0110446,0,1.9,0,-0.243588,0.482497,0.841345
53.2654,-19.5864,10.3471,0.557056,0,-3.9,0,0.598676,-0.132755,-0.789914
41.7142,-20.6469,36.1624,1.14166,0,-3.9,0,-0.934593,0.259051,0.243778
49.4372,-33.3139,10.6475,0.270369,0,1.46261,0,0.39679,-0.845516,0.357297
28.9277,-48.7354,8.499,0.857614,0,1.8,0,0.0565525,-0.483713,-0.873398
33.5214,-49.8511,10.6093,0.145007,0,4.21165,1,0.467078,-0.491986,-0.734703
43.5902,-31.7862,16.8816,-0.0406007,0,-0.9,0,-0.672215,0.322401,0.666471
28.5089,-44.2474,13.1303,-0.0996194,0,1.8,0,-0.307638,0.942114,-0.133345
21.8799,-48.4764,12.0254,-1.20426,-0.0381059,-0.7,0,-0.787205,-0.427576,0.444395
51.505,-19.4435,25.3195,-0.264535,0,0.0372357,1,0.0699098,-0.824811,-0.561071
46.9505,-18.9614,22.5105,0.372147,0,4.5,0,0.179574,-0.676285,0.714417
54.1279,-16.7212,18.6705,0.285545,0,-0.9,1,0.538623,-0.450086,0.712256
50.9384,-19.8333,23.3728,0.157395,0,-0.9,1,-0.244983,-0.956761,0.156818
27.2833,-47.1673,7.7815,0.00313072,0,1.8,0,0.0416385,0.298699,-0.953439
40.24,-26.012,24.2675,0.178789,0,-1.5541,0,-0.0538781,-0.893164,0.446493
55.6097,-20.7487,17.9713,0.0133842,0,0.790275,1,0.668854,-0.0492256,0.741762
52.6835,-8.24413,27.0526,0.116162,-0.158807,-2.92517,0,0.876026,0.415784,-0.244338
44.1639,-23.4416,20.1847,0.0127005,0,3.8,1,0.361732,-0.212407,0.907763
39.1555,-24.7405,8.10202,0.459154,0,-4.5,0,-0.711039,0.388852,-0.585848
55.8826,-16.4841,10.6677,0.74374,0,-3.9,0,0.410879,-0.160512,-0.897449
53.4742,-8.94141,25.9771,-0.150844,0,-3.5,0,0.494946,0.868844,-0.0117803
46.3353,-5.60027,28.4223,2.67085,0,-3.9,0,0.301122,0.81912,-0.488229
48.1385,-37.2849,11.2908,0.0176193,0,4.2,0,0.968821,-0.133041,-0.209011
24.774,-44.1815,9.789,0.0376013,0,-0.7,0,0.425858,0.439869,-0.790671
44.6762,-40.8206,13.6433,0.0456286,0,1.9,1,0.829385,-0.234121,0.507255
44.2055,-14.3935,27.6688,-0.69349,0,-0.7,0,0.362413,0.836976,0.410033
40.3954,-14.9517,27.8929,0.573353,0,-0.7,0,-0.812659,0.437171,0.385314
53.333,-20.6899,28.6153,0.0727251,0,3.7994,0,0.861663,-0.281182,-0.422461
51.167,-33.253,5.712,-0.223016,0,-3.5,0,0.887213,-0.376792,-0.266236
46.7079,-32.6908,4.40869,-1.23334,0,-3.5,0,-0.625667,0.779022,-0.0408206
42.4976,-44.5356,11.4225,0.039466,0,1.9,1,0.281253,-0.736365,0.615357
45.3547,-11.1438,16.3372,1.12119,0.0381619,-3.96317,0,-0.482589,0.504125,-0.716217
54.563,-9.9955,30.884,-0.596833,0,-3.5,0,0.88904,0.267891,0.371272
52.2568,-23.022,29.1396,0.124942,0,4.2,0,0.822787,-0.541988,0.17109
45.7112,-9.60957,28.7582,0.359788,0,-3.9,0,-0.750888,-0.414825,-0.513895
