x,y,z,charge,hbond,hphob,iface,nx,ny,nz
31.609,-36.549,63.99,-0.174871,0,-3.9,0,-0.769551,0.204803,-0.604853
-3.54,-46.76,65.025,0.106324,0,-3.5,0,-0.777263,-0.629,0.0148461
15.709,-61.272,59.111,-1.2991,-0,4.5,0,0.0135848,-0.812485,-0.582824
43.454,-64.029,56.514,0.394557,0,-4.5,0,0.931177,0.327188,-0.160804
31.834,-46.045,64.8415,0.703207,0,-3.5,0,0.216152,0.826901,0.519146
34.089,-67.754,60.571,-0.104051,0.391599,-4.5,0,0.729755,-0.582588,-0.357839
52.3335,-67.6,70.415,-0.155117,0,4.2,0,0.832404,0.0431912,0.552484
33.679,-51.5955,59.7695,-0.355249,0,-0.9,0,-0.761933,0.506314,-0.403862
17.234,-65.984,67.199,-0.467802,0,-0.8,0,-0.165499,-0.971421,-0.170153
-1.5145,-47.819,58.4815,-0.53824,0,4.2,0,-0.613826,-0.683086,0.395741
29.954,-61.6545,58.6095,-0.184477,0,3.8,0,0.223166,0.0843168,-0.971127
38.249,-27.163,70.162,-0.273768,0,3.8,1,-0.516081,0.474763,0.712924
47.115,-74.8295,75.582,-1.35466,-0.0139471,-3.5,0,0.231147,-0.926554,0.296765
8.631,-56.2675,55.8005,-0.465087,0,4.0763,0,0.577862,-0.81591,0.0191337
44.7465,-18.941,64.2705,-0.0527865,-0.123173,-3.5,0,0.26256,-0.0222714,-0.964659
52.321,-33.6545,56.2025,-1.20288,-0.00338474,-3.5,0,0.486961,0.257535,-0.834593
47.888,-64.1715,73.4235,-0.0907324,0,1.9,0,0.339999,0.544068,0.767066
61.807,-36.941,69.4835,-0.688261,-0.00644762,-3.87032,0,0.711198,0.213209,0.66988
26.537,-64.8855,62.1415,-0.284983,0,-2.87032,0,-0.153198,-0.370454,-0.91613
59.543,-35.3285,71.6665,-0.708119,-0.156747,-3.5,0,0.770692,0.194853,0.606685
38.135,-49.6645,52.7235,-0.723211,-0.497739,3.30693,0,-0.495144,-0.42424,-0.758191
61.663,-40.894,76.5625,-1.39538,-0.325881,-3.5,0,0.890041,0.159175,-0.427188
36.901,-28.738,68.3465,-0.265011,0,3.8,0,-0.982209,0.0499262,-0.181032
4.39,-40.2085,71.896,-0.271106,0,4.5,1,0.218366,-0.241216,0.945585
50.2925,-29.155,63.217,-0.0220986,0,2.5,0,-0.583906,0.612857,-0.532409
13.0765,-48.295,51.9085,-0.240185,0,3.8,0,0.0820198,-0.423976,-0.901952
1.9345,-54.8015,66.1735,-0.0372001,0,4.2,0,-0.511922,-0.842957,-0.16541
53.9665,-49.376,60.058,0.909208,0,-4.5,0,0.184661,-0.447349,-0.875088
43.7955,-15.4015,69.0385,-0.0349516,0,-0.7,0,0.269206,0.906897,-0.324137
0.288,-50.426,51.072,-0.144874,0,-0.7,0,-0.181632,-0.744301,-0.642671
37.1865,-28.981,69.3415,-0.285193,0,3.8,0,-0.895824,-0.189211,0.402118
5.1685,-52.7475,73.8325,-0.307663,0,-3.5,0,-0.993789,-0.094637,-0.0585507
27.6925,-73.969,72.3355,-0.0808883,0,-3.5,0,0.626626,-0.762518,0.160955
25.599,-73.633,71.6005,0.0778428,0,-3.5,0,-0.715718,-0.613698,-0.333351
36.3195,-26.449,63.632,0.713106,0.662577,-4.5,0,-0.284684,-0.841595,0.458992
11.011,-41.23,67.6775,-0.350485,0.596567,-3.5,0,0.352474,0.83134,0.429692
50.517,-53.9495,59.5155,-0.907007,-0.276287,-3.41013,0,0.597464,0.780666,-0.183293
18.7975,-52.131,72.49,-2.02534,-0.934372,-3.5,0,-0.543657,0.667071,0.509366
32.0335,-55.529,53.517,0.59392,0.293275,-3.88488,0,-0.529729,0.212813,-0.821034
-3.4685,-46.8345,63.8525,-0.359454,0.0121698,-3.5,0,-0.621439,-0.776151,0.106784
47.912,-74.32,74.0385,-1.88375,0,-3.5,0,0.805683,-0.550754,-0.218049
16.814,-56.8595,58.203,-0.39368,0,4.38167,0,-0.0790173,-0.429814,-0.899453
33.5905,-65.5685,55.316,-1.69703,-0.129722,-3.5,0,-0.798268,-0.109221,-0.592317
-1.5955,-34.1525,58.222,-1.94659,-0.802243,-3.5,0,-0.000422419,1,-0.000241756
24.266,-50.7005,69.7655,-2.22658,-0.0519131,-3.5,0,0.271353,0.235686,0.933177
37.52,-56.711,73.401,0.440226,0.987753,-0.7,0,-0.781192,0.288628,0.553564
10.514,-46.322,72.665,0.231177,0,-3.2,1,0.378908,0.619327,0.68765
21.111,-48.092,63.97,-0.528488,0,4.5,0,0.953929,0.294422,0.0577577
20.639,-66.564,73.404,0.54066,0.0202494,-3.5,0,0.90583,0.289325,0.309458
32.622,-60.981,71.904,-0.378081,0,4.2,0,-0.27049,-0.169493,0.947685
38.1995,-71.8935,68.2995,-1.12428,-0.428648,-3.5,0,0.768625,-0.338363,0.542887
3.8325,-48.406,71.2045,-0.240136,-0.0426602,-0.7,0,-0.175368,-0.0348461,0.983886
14.109,-42.084,58.771,-0.666278,0,2.8,0,0.942056,-0.151392,-0.299351
21.542,-54.552,57.259,-0.503249,-0.774526,-3.5,0,0.201121,-0.48665,-0.850131
0.3835,-37.0455,53.641,-0.710785,0,-0.8,0,-0.108561,0.308379,-0.945049
7.613,-56.298,74.883,-0.96748,-0.604971,-0.7,0,-0.812315,-0.0992649,0.574709
36.2785,-33.545,74.9735,-0.333391,0,4.2,1,-0.6129,0.790159,-0.00160281
35.6825,-38.1425,54.3485,0.206825,0.143235,-3.2,0,-0.116546,-0.589636,-0.799216
44.7145,-47.548,77.118,-1.09889,-0.14572,-3.33883,0,0.10514,-0.178345,0.978334
54.0755,-30.2315,58.5965,0.212287,0,-0.8,0,0.973912,-0.214001,-0.0754936
46.0125,-54.373,51.598,0.0574832,0.24802,-0.8,0,0.857413,0.509218,-0.0744372
47.6235,-72.1215,78.3885,-0.190038,0,-3.5,0,0.0342277,-0.355499,0.93405
60.2525,-29.777,60.737,0.156934,0,3.8,0,0.38637,0.466794,-0.795501
34.717,-51.209,58.604,-0.417791,0,-0.9,0,-0.489759,0.579347,-0.651531
18.399,-57.0745,76.4655,-0.708675,0,-3.5,1,0.926547,0.190407,-0.324433
8.066,-36.641,56.005,-1.90742,-0.647225,-3.5,0,0.956177,-0.0326095,-0.290969
31.78,-75.877,68.96,-0.196461,0,-0.7,0,-0.00812477,-0.99738,0.0718795
33.138,-58.606,58.297,0.244331,0,-1.13949,0,-0.94141,0.049183,0.33366
37.811,-20.4395,75.2295,0.711506,0.284898,-0.8,0,-0.102123,0.343354,0.933638
43.934,-29.8775,69.276,-0.664569,0,3.8,0,0.0312768,-0.986979,0.157777
40.189,-59.5485,71.7525,-0.58135,-0.049196,-0.867927,0,-0.241447,-0.557615,0.794209
38.765,-20.1785,64.4595,-0.655579,0,-2.9576,0,0.00965546,0.803302,-0.595493
36.266,-40.8425,52.143,0.243088,0,-4.5,0,-0.405554,0.829662,-0.38365
-0.529,-46.2945,53.139,-0.272628,0,-0.7,0,-0.120993,0.458967,-0.880176
15.984,-67.613,80.73,-0.0280952,0,-0.9,0,0.510578,0.154101,0.84591
49.068,-24.472,65.869,0.132073,0,0.331804,0,-0.30767,0.883125,0.354161
14.1645,-44.606,60.784,-0.373159,-0.538965,-0.7,0,0.708962,0.497474,-0.499893
35.6025,-58.1335,74.3385,-1.62547,-0.0275827,-3.5,0,-0.0699833,0.784411,0.61628
2.459,-57.476,58.702,-0.29349,0,-3.2,0,-0.231406,-0.969262,-0.0835604
2.207,-35.396,68.8295,-0.405618,0,4.5,0,0.0142462,0.897903,0.439963
55.368,-40.2415,58.718,1.93577,0,-3.86033,0,-0.509271,-0.0618724,-0.858379
11.7215,-43.132,68.117,-0.522314,0.709897,-3.21724,0,0.79173,0.497182,0.354928
32.714,-36.88,68.9265,-0.49359,-0.0145187,-1.4295,0,-0.671682,-0.447639,0.590308
1.424,-49.2365,59.999,-0.283398,0,2.19071,0,-0.774577,-0.628712,-0.0689317
59.0725,-44.1675,63.841,-0.188753,0.112121,-3.5,0,0.793081,0.132173,-0.594604
43.1495,-30.6915,71.2885,-0.807234,0,3.8,0,-0.241862,-0.959723,-0.142953
61.375,-39.6895,80.021,-1.03944,-0.58097,-3.5,0,0.302132,0.287463,0.90889
39.0985,-56.6565,50.146,-0.831485,-0.833381,-0.4,0,-0.165274,0.00986157,-0.986198
22.917,-50.5965,63.1415,-0.604641,0,4.26071,0,0.420404,0.894137,0.154205
40.479,-24.947,56.416,-1.08071,-0.575957,-3.5,0,-0.667157,0.434911,-0.604776
40.769,-37.279,75.2595,-0.196946,0,3.36904,0,-0.0445124,0.3622,0.931037
-9.0765,-40.91,56.949,0.106212,0.515002,-4.5,0,-0.297236,0.916517,0.26767
0.1015,-44.904,53.11,-0.474607,-0.419839,-1.00087,0,-0.38963,-0.211305,-0.896403
54.0565,-46.5375,59.1595,-0.0365718,0,-4.5,0,-0.00864443,-0.227853,-0.973657
26.5725,-67.853,62.8865,-1.33305,0,-3.5,0,-0.706731,-0.367092,-0.604793
33.1235,-68.1255,63.5075,-0.544424,0,-4.5,0,-0.36953,-0.91809,0.143384
13.2635,-66.1565,78.3525,-0.365306,0,-0.9,0,-0.628601,0.558143,0.541605
33.465,-33.54,54.163,-0.186965,0,-3.2,0,-0.547545,0.633116,-0.547137
6.019,-33.4025,61.387,-0.461381,0.0512157,-3.2,0,-0.562,0.563855,0.605164
43.9105,-47.5385,50.217,0.00384393,0,2.8,0,0.908903,0.415221,-0.0385625
39.221,-48.841,48.807,-0.269152,0,2.8,0,-0.722758,-0.682854,-0.106449
39.97,-43.4525,50.3965,0.652697,0.320641,-4.5,0,0.773503,0.570971,-0.27511
52.937,-66.7255,58.403,0.377307,0.177512,-3.5,0,0.471174,-0.84304,0.25938
42.2685,-16.245,72.3005,-0.355026,0,-0.7,0,0.287715,0.348907,0.891899
47.795,-69.423,61.714,0.274927,0,3.8,0,0.711145,-0.702757,0.020154
38.0765,-46.8035,49.002,0.222683,0.2141,-1.5428,0,-0.778378,-0.501607,-0.377515
21.3645,-51.5735,69.0945,-1.32865,-0.0816932,-3.5,0,0.0141725,0.998898,0.0447402
21.355,-50.967,67.9825,-1.17958,0,4.5,0,-0.00231698,0.664999,0.74684
49.8,-54.395,75.243,0.0934205,0,-4.5,0,-0.010127,-0.700053,0.714019
44.21,-45.0865,53.5345,0.33583,0,-1.3,0,-0.215887,0.0599294,-0.974578
37.619,-19.008,71.621,0.755104,0.143119,-0.8,0,-0.583036,0.804745,0.111598
-3.1375,-47.0505,67.9395,0.0837118,0.232082,-3.5,0,-0.365189,-0.930277,0.0349483
36.533,-57.694,73.39,-0.646617,0,-3.5,0,0.0161053,0.920221,0.391067
46.2023,-49.32,53.2127,-1.31674,0,-3.5,0,0.356538,0.128424,-0.925412
2.222,-42.197,51.743,-0.391318,-0,-3.5,0,-0.541168,0.00183168,-0.840912
42.1585,-64.4285,73.758,-0.343462,-0.0488369,-2.86824,0,-0.360993,0.170279,0.916891
46.5635,-34.7255,73.1015,-1.27357,-0.639046,2.8,0,-0.720775,0.380456,0.579428
6.1745,-50.0415,74.4805,-0.252379,0,-3.5,0,-0.651691,0.708382,0.271098
55.9145,-32.78,71.978,-1.71608,-0.42925,1.8,0,-0.470685,-0.418536,0.776713
42.9683,-40.718,77.3392,-0.865504,-0.675436,-3.5,0,0.626597,0.313633,0.71345
31.3822,-66.7523,70.2552,-0.185832,0,2.5,0,-0.193769,0.0167267,0.980905
48.2603,-34.1172,79.5782,-0.27252,0,3.8,0,-0.620251,0.432552,0.654361
30.129,-56.113,62.9137,-0.415061,0,-0.4,0,0.506301,0.270734,-0.818756
-1.6535,-40.1287,51.391,-0.54967,0,-1.3,0,0.358409,0.434925,-0.826065
12.879,-55.043,57.7513,-0.215148,0,2.48495,0,-0.411364,-0.250511,-0.87637
53.5915,-53.323,68.0865,-0.0434993,0,-0.4,0,0.618939,-0.707783,0.340525
52.766,-53.522,75.969,0.50712,0,-4.5,0,0.0051614,-0.560669,0.828024
30.592,-45.287,69.775,0.251696,0,-4.5,0,-0.248334,-0.96369,-0.0981394
7.19825,-50.2825,75.4902,-0.0825787,0,-3.5,0,-0.211642,0.917649,0.336346
2.7015,-35.9925,54.196,-1.37028,0,-0.8,0,-0.118474,0.600704,-0.790644
32.657,-46.024,69.63,0.95341,0.620311,-4.5,0,-0.620368,-0.778948,-0.0915638
44.5643,-71.8535,73.3027,-0.69087,-0.0156457,-3.5,0,-0.726103,-0.687582,0.00228469
36.957,-65.8795,54.092,-0.317787,0,-3.5,0,0.0204162,-0.476478,-0.878949
50.7267,-27.0292,55.4735,0.845191,0.321472,-3.9,0,0.498237,-0.190332,-0.845892
54.021,-36.42,75.817,-0.280618,0,-0.4,0,-0.246264,0.968872,-0.0253039
10.061,-59.3138,60.9378,0.176776,0,4.12127,0,-0.343078,-0.76234,0.548758
-6.693,-40.9492,57.134,-0.109819,0,-4.5,0,-0.251519,0.945313,-0.207657
32.7803,-70.6432,70.949,0.410335,0.563772,-0.536596,0,0.445587,0.183664,0.876196
46.199,-52.4555,54.058,-0.376889,0.559879,-4.38329,0,0.432972,-0.650461,-0.624048
-1.834,-46.531,69.1145,0.269692,0.241657,-3.5,0,0.356156,-0.520621,0.775955
19.3988,-64.705,64.8333,-1.29922,0,-0.8,0,0.327178,-0.904236,-0.274429
50.216,-27.2655,65.4902,0.228499,0,3.8,0,0.198771,0.765288,-0.61223
11.8162,-59.417,64.24,0.437559,0,-3.5,0,-0.961585,0.0102576,-0.274316
34.4733,-66.7255,57.9548,-1.38576,-0.487905,-3.5,0,-0.74766,-0.661933,0.0533776
1.9245,-51.1068,54.8522,0.289179,0.0773635,-0.406876,0,-0.31968,-0.93809,-0.133384
31.419,-43.653,54.128,0.249525,0,-4.5,0,-0.362454,0.882522,0.299637
60.9235,-43.2905,78.9898,0.91914,0.356609,-3.9,0,0.203504,0.267564,0.941804
34.1172,-61.577,56.2528,-1.246,0,3.8,0,-0.868138,-0.391534,-0.305022
29.7665,-45.6758,73.8857,-0.268116,0,-4.5,0,0.119183,-0.992871,-0.00149784
13.119,-39.9725,66.9563,-0.639299,0,1.8,0,-0.589277,0.258736,0.765382
31.814,-40.8305,60.6575,-0.552104,0,-0.722047,0,-0.702982,0.664573,-0.253296
49.367,-43.1665,77.5925,0.0376371,0.911055,-3.5,0,-0.657069,0.3544,0.665328
19.696,-47.0575,66.3525,-0.923048,0,-0.7,0,0.866279,0.0679811,0.494913
29.847,-41.3465,60.746,-0.356842,0,-0.7,0,-0.418255,0.810453,-0.410158
28.4465,-56.5955,61.6012,0.652639,0.00589075,-0.366569,0,0.504702,0.487498,-0.712476
10.1845,-55.1237,52.7152,-0.324034,0,4.2,0,0.933929,0.336674,0.120111
37.811,-66.4645,55.699,-0.568748,0,-3.5,0,0.410561,-0.905801,-0.104709
36.34,-36.565,76.4218,-0.0593423,0,4.2,0,-0.616512,-0.213822,0.757756
10.304,-60.505,68.9625,0.0329893,0,1.8,0,-0.693409,-0.717589,-0.0651874
51.2685,-48.3535,57.0445,0.493399,0.218347,-4.21355,0,0.934025,0.348934,0.0764396
45.0363,-70.31,57.7985,0.264938,0.0840423,2.58237,0,0.117816,-0.229411,-0.966173
58.7425,-40.877,57.458,2.74845,0.0180144,-3.9,0,0.609592,-0.299264,-0.734057
43.2295,-57.5332,49.5983,0.52029,0,-3.5,0,0.611661,0.0476777,-0.789682
46.4272,-33.273,71.6405,-1.78029,0,2.8,0,-0.903161,-0.0430344,0.42714
38.9675,-62.8855,52.5715,-0.157026,0.154594,-3.98951,0,0.389069,-0.0683965,-0.918666
-3.01625,-47.6087,65.704,-0.122224,0,-3.5,0,-0.469974,-0.881637,0.0428989
11.2612,-62.5457,76.3092,0.280051,0,3.8,0,0.0350963,-0.158871,0.986675
25.458,-72.1188,71.062,0.0188858,0,-3.5,0,-0.899117,-0.257947,-0.353626
39.6468,-20.4252,73.766,-1.30103,-0.951046,-0.8,0,0.803999,0.211367,0.555797
28.9452,-68.7645,64.2265,-1.85977,-0.173581,-3.5,0,0.522557,-0.848016,-0.0883406
47.766,-29.0825,60.5887,0.107457,0,4.5,0,0.262546,0.913467,0.310883
-6.72925,-44.9268,52.7412,-0.336028,0,-1.3,0,-0.563125,-0.400995,-0.72256
48.8,-52.9025,79.3885,0.978283,0.118016,-4.5,0,-0.0979228,-0.958474,0.26784
14.771,-37.77,59.365,-0.744861,0,-3.5,0,0.0979429,0.215768,-0.97152
37.036,-50.7772,56.3545,-0.478214,0,3.8,0,-0.999647,-0.00534989,-0.0260063
7.12675,-58.6025,65.8154,-0.0664497,0,-0.7,0,-0.2391,-0.92292,-0.301744
48.867,-31.897,53.675,0.210094,-0.412127,-0.7,0,0.369467,-0.796098,-0.479294
61.206,-40.3828,65.6208,-0.284167,0,-3.9,0,0.741771,-0.201634,-0.639624
30.2087,-73.9086,68.0368,-0.229511,0,-0.7,0,-0.810904,-0.321005,-0.489276
35.5843,-26.7275,59.844,0.484225,0,-4.5,0,-0.77695,-0.384252,-0.498697
58.6216,-28.5693,70.9193,0.144204,0,1.8,0,0.372873,0.812577,-0.447978
-7.8715,-45.5585,62.0975,-1.38183,0,-3.5,0,-0.626088,-0.270975,0.731154
21.3995,-62.5035,59.993,-0.451027,0,-3.5,0,0.494427,0.423505,-0.759069
33.0957,-64.6977,72.1715,0.424615,0,2.5,0,-0.1839,-0.355032,0.916588
31.5117,-36.372,68.7607,0.222189,0,-3.9,0,-0.28595,-0.485363,0.82623
14.8874,-40.6533,67.4716,-0.428103,0,1.8,0,-0.264099,-0.232857,0.935964
53.8742,-57.2298,66.1468,0.147261,0,-4.5,0,0.531595,-0.442163,0.722426
27.6458,-54.1012,69.382,-0.373926,0,-3.5,0,-0.348324,-0.501575,0.791891
38.5371,-54.6992,50.8742,-1.32975,-0.31796,-0.4,0,-0.0848224,0.790159,-0.607004
33.1278,-73.4665,70.033,-0.635016,0,-0.7,0,0.700446,-0.484772,0.523805
37.1377,-33.1872,70.827,-0.462202,0,-3.5,0,-0.00365262,0.792718,0.609577
45.7125,-16.456,67.4645,0.38364,0.789642,-3.5,0,0.862377,0.290324,0.414751
62.2707,-38.0342,65.2398,0.454273,0,-3.9,0,0.216681,-0.437635,-0.872654
46.291,-22.7605,70.8388,-1.26534,0,-3.5,0,-0.387756,0.548416,-0.740868
4.5165,-46.032,73.152,-0.881934,-0.049357,-0.7,0,-0.71786,-0.431615,0.546247
57.363,-49.265,62.501,0.62764,0,-3.5,0,0.738256,-0.0908407,-0.668375
50.7298,-51.3638,54.164,-0.2407,0,-4.5,0,0.703802,-0.661128,-0.259947
42.914,-70.338,73.726,0.135444,0,-3.5,0,-0.912769,-0.287184,0.29048
46.2848,-60.9207,53.4275,-0.519194,-0.538775,-3.02198,0,0.434881,-0.899723,-0.0371064
19.531,-68.449,76.476,-0.848759,-0.0510189,-0.7,0,0.628178,-0.77719,0.036985
53.21,-47.7868,76.6298,-0.223435,-0.44254,-3.9,0,0.203824,-0.49286,0.845899
1.735,-39.7695,70.0723,-0.361319,0,4.41399,0,-0.7515,0.376987,0.541414
29.83,-71.872,67.4368,0.403116,0.19282,-2.91567,0,-0.397934,-0.487832,-0.776961
34.057,-59.823,51.0472,-0.192604,-0.0279365,-3.9,0,-0.509499,-0.158843,-0.845683
45.9205,-70.361,61.5793,0.268494,0.320744,3.8,0,0.57269,-0.810411,0.123533
58.3405,-36.6635,65.354,1.13145,0.0303616,-3.9,0,0.283335,0.737179,-0.613423
54.2945,-52.6802,67.7203,-0.37139,-0.0414631,-0.4,0,0.806509,-0.530427,0.261134
19.418,-57.2067,72.2387,-1.10272,0,-3.23603,1,0.396388,-0.0956455,0.913087
41.086,-49.7933,48.8317,-0.422525,0,2.8,0,-0.416921,-0.907548,0.0503337
20.163,-51.076,71.621,-2.64527,-0.759214,-3.5,0,-0.449209,0.778809,0.4378
41.202,-17.406,66.4277,0.416242,0,-3.5,0,-0.39487,0.86615,-0.306369
16.9858,-46.357,57.352,-0.676051,0,-0.7,0,0.474805,0.86172,-0.178879
26.9298,-66.0212,62.1517,-0.511653,0,-3.5,0,-0.138129,-0.145409,-0.979682
25.0945,-71.698,72.0665,-0.0168655,0,-3.5,0,-0.997855,0.0167162,-0.0632964
21.4368,-64.1363,62.7215,-0.465627,0,-3.5,0,0.35103,-0.742179,0.570919
32.0325,-68.467,66.0225,-0.903344,-0.00389446,4.5,0,-0.501939,-0.437969,-0.745815
30.872,-34.569,69.438,-0.0593964,0,-3.9,0,-0.311731,0.0774501,0.947008
22.6966,-49.7476,65.6749,-0.787383,0,4.5,0,0.582364,0.809229,-0.077464
49.4355,-52.875,56.1087,0.589107,0,-4.5,0,0.686712,-0.571339,-0.449443
59.092,-28.3018,71.7822,0.0501751,0,1.8,0,0.589364,0.797114,-0.131376
25.717,-50.54,68.299,-2.79595,-0.386127,-3.5,0,0.392332,0.754298,0.526412
52.554,-33.701,69.904,-0.525536,0,-0.9,0,0.302403,-0.1067,0.947189
1.70113,-52.8351,62.7685,-1.51205,-0.88757,4.2,0,-0.903104,-0.211994,-0.373445
10.9305,-55.6735,57.6555,-0.301611,0,4.2,0,0.474262,-0.0695198,-0.877635
39.8955,-22.212,72.201,-0.368667,0,-0.8,0,0.407573,-0.595947,0.691904
49.6305,-55.039,74.2462,0.105258,0,-4.15827,0,0.0611627,-0.645402,0.76139
23.614,-54.1055,57.2725,-1.43073,-0.162047,-3.5,0,0.689604,-0.417238,-0.591911
-1.378,-35.564,55.247,-1.32814,-0.620655,-0.8,0,-0.598604,0.55833,-0.574404
63.7402,-35.679,68.3,0.144301,0,-3.9,0,0.712184,0.00821404,0.701945
51.295,-65.941,74.349,-0.943206,0,1.9,0,0.606683,0.176304,0.775147
18.2563,-58.1553,79.2945,-1.37408,-0.6502,-3.5,0,0.65016,0.164584,0.741757
42.4092,-62.1932,75.2028,-0.856065,-0.833849,-3.5,0,-0.939101,-0.204636,0.276068
7.304,-31.3965,57.8185,-1.6551,-0.163063,-3.5,0,0.537077,0.322826,-0.779315
45.4695,-61.9335,77.7117,-0.0599703,0,-3.5,0,0.15577,-0.558291,0.814891
25.3727,-72.4563,73.2085,-0.18609,0,-3.5,0,-0.909506,0.00596327,0.415648
29.325,-57.3905,71.567,-0.181369,0,4.2,0,-0.495697,0.425741,0.756987
31.0785,-75.2527,69.638,-0.225707,0,-0.7,0,-0.497509,-0.694667,0.519541
-4.906,-36.8075,58.938,-0.739109,0,-3.5,0,-0.91729,0.378542,0.123634
51.161,-66.423,59.8927,0.465915,0.630451,-3.5,0,0.119796,-0.990372,0.0693732
38.0272,-68.707,61.0735,-0.0990086,0,-3.5,0,-0.563128,-0.734951,-0.377802
1.22925,-36.5197,62.9188,-0.648906,0,-0.7,0,-0.530136,0.440179,0.724706
21.4722,-52.6403,56.0605,0.130934,0,-3.5,0,0.131798,-0.0982318,-0.986397
26.9805,-67.0902,62.2845,-0.903212,0,-3.5,0,-0.34676,-0.181353,-0.920255
28.22,-44.859,63.58,-0.24514,0,-3.5,0,-0.960161,0.161067,0.22836
12.968,-46.153,51.4695,-0.300698,0,3.8,0,0.0806196,0.428746,-0.899821
45.962,-58.348,50.294,0.0278694,0,-0.8,0,-0.165423,-0.366006,-0.915792
50.815,-61.9545,60.1745,-0.198442,0,-3.5,0,0.866238,0.248079,0.433691
20.35,-64.9912,58.8575,-0.904024,0,-3.5,0,0.0325406,0.00883105,-0.999431
49.6825,-45.4497,57.3122,-0.643052,-0.484266,-1.3,0,0.90311,0.42684,-0.0469024
12.737,-63.7875,63.2,-0.0329292,0,-3.5,0,0.0971541,-0.914546,-0.392641
10.4497,-31.5265,59.7192,-0.574987,0,-3.2,0,0.670893,0.73862,-0.065903
36.234,-73.8055,63.7735,-0.0637204,0,-3.5,0,-0.126855,-0.191068,-0.973345
57.1738,-32.2002,60.4577,0.164531,0,3.8,0,-0.0721825,-0.116933,-0.990513
47.485,-25.592,56.005,0.0571167,0,-3.9,0,-0.753883,0.393835,-0.525885
38.752,-33.1895,72.8005,-0.702898,-0.517251,4.2,1,-0.179692,0.912624,-0.367189
34.1213,-52.1818,71.0498,-0.162456,0,-0.8,0,-0.265753,0.142016,0.953523
41.878,-23.624,56.863,2.53521,0,-3.5,0,-0.573107,0.643002,-0.508032
2.5995,-35.2854,55.1646,-0.420481,0,-0.8,0,-0.154735,0.730762,-0.664864
59.6555,-37.3413,73.2505,-1.37522,-0.603047,-3.5,0,0.892835,0.419056,0.16504
32.2965,-54.943,60.653,0.224822,0.713226,-0.9,0,-0.974134,0.144016,0.174135
30.2895,-67.843,62.2158,-1.05321,-0.357455,-3.5,0,-0.0854343,-0.923408,-0.374189
0.744875,-51.0544,62.6325,0.836349,0.650625,4.2,0,-0.615138,-0.465813,-0.6361
32.4625,-71.3465,71.702,0.492486,0.442504,-0.7,0,0.464357,0.277883,0.840924
30.1509,-52.435,62.2696,-0.50938,0,-0.9,0,-0.0627306,-0.205207,-0.976706
11.688,-41.358,65.973,-1.34461,0.183463,1.31762,0,-0.272696,0.897187,0.347408
59.4105,-38.1835,62.8285,0.696625,0,-3.9,0,0.652696,0.725548,-0.218099
47.58,-28.677,73.7458,-0.337077,0,3.8,0,0.887412,0.0313091,0.459912
13.868,-62.467,59.495,-1.11906,-0.997052,-0.8,0,0.169292,-0.429615,-0.887001
33.141,-47.015,71.377,0.911358,0,-1.6,0,-0.254961,-0.76237,-0.5948
43.29,-72.7706,60.4582,0.295427,0,-3.5,0,0.041521,-0.981032,0.189348
51.1637,-22.3725,66.0605,1.5494,0,-0.4,0,-0.355614,0.6901,-0.630318
37.2158,-30.06,66.9128,-0.31109,0,3.8,0,-0.894121,0.419044,-0.157954
47.2892,-69.492,59.6875,0.214108,0,3.8,0,0.684686,-0.72883,0.00356259
61.8833,-33.6177,62.0243,0.575017,0,3.8,0,0.612534,-0.722227,-0.321231
60.4185,-33.0532,66.2708,0.4248,0,-3.88649,0,0.115809,0.991438,0.0603285
59.7183,-29.0125,63.8223,0.105245,0,3.8,0,0.126482,0.802242,0.583447
27.6865,-50.974,69.201,-0.925714,0,-3.5,1,-0.426124,0.765162,0.482644
36.5185,-51.977,56.1275,-0.524118,0,-3.5,0,-0.709186,0.704873,0.0144774
63.6323,-37.9378,66.2905,0.215649,0,-3.9,0,0.907377,-0.416951,-0.0530935
24.5308,-49.7482,68.0795,-2.06264,-0.508942,-3.5,0,0.159633,0.985015,0.0652884
29.964,-48.9285,68.758,-0.0983227,0,-3.5,0,-0.367714,0.394322,0.842197
41.484,-42.9025,78.136,0.226334,0.664723,-0.85676,0,-0.378549,-0.213637,0.900588
3.67,-34.05,61.217,0.0203836,0,-0.7,0,0.17797,0.628973,0.756783
45.4152,-25.6963,72.812,-1.01445,-0.319361,1.1663,1,-0.513933,0.126219,0.848494
43.7583,-70.4788,76.2992,0.400128,0,3.8,0,-0.454085,-0.878218,-0.150136
39.8293,-31.718,57.1208,-0.492725,0,-0.4,0,-0.0918779,0.39294,-0.914963
27.7498,-57.2542,60.7593,0.390012,0.802814,1.9,0,0.474117,0.467024,-0.746393
50.1628,-45.2772,59.162,0.401242,0.0901961,-0.7,0,0.682066,0.152677,-0.715175
43.114,-70.501,78.34,-0.051826,0,3.8,0,-0.337436,-0.851374,0.40162
29.2905,-72.3055,68.2555,0.283539,0.0101929,-0.864935,0,-0.533507,-0.626553,-0.568155
60.97,-36.1138,70.989,-1.58038,-0.319282,-3.5,0,0.810664,0.292953,0.506954
14.7856,-45.2519,67.1383,-1.90967,-0.26987,-0.9,0,0.225912,0.6793,0.698223
8.54225,-57.802,54.762,-0.249406,0,4.2,0,0.473324,-0.383588,0.792984
32.4755,-33.1425,66.397,-0.139679,0,-3.9,0,0.274167,0.948307,0.15983
9.7305,-54.4738,56.981,-1.24883,-0.443127,-3.2,0,0.823786,-0.31792,-0.469365
41.143,-30.934,71.098,-0.652244,0,3.8,0,0.009338,-0.504645,0.863277
11.308,-61.816,59.741,-0.242173,0,-0.8,0,-0.583005,-0.484496,-0.652203
63.4415,-33.514,63.2935,2.70499,0.126502,-3.9,0,0.650987,0.331923,-0.682673
35.1265,-25.074,67.854,-0.170426,0,-0.7,0,-0.983186,0.0291196,0.180273
40.932,-26.8857,70.959,-0.329575,0,4.5,1,-0.396773,-0.177249,0.900641
16.866,-65.609,77.871,0.210919,0,-0.719445,0,0.238847,0.543749,0.804543
13.4845,-61.2325,77.269,0.531699,0.0173761,-3.5,0,-0.546073,-0.0695889,0.834842
28.2628,-69.302,64.8475,-2.1885,-0.434622,-3.5,0,0.500623,-0.865475,-0.0181703
45.775,-50.8455,79.258,0.245946,0,-4.5,0,-0.863758,-0.0565733,0.500721
-3.74525,-46.7945,61.482,-0.813383,-0.547871,-1.43272,0,-0.157351,-0.981695,-0.107309
43.185,-36.52,75.4765,-2.25534,-0.867413,-3.5,0,0.190123,0.233529,0.953581
55.0455,-27.4375,70.597,-0.151768,-0.910379,2.46586,0,0.510998,0.558312,0.653582
30.7693,-41.1435,71.1685,0.357589,0,-4.5,0,-0.0697921,0.990522,0.118298
60.389,-42.1003,75.732,-1.45589,-0.240082,-3.54978,0,0.5335,-0.12193,-0.836966
29.139,-32.9227,66.728,1.0548,0.49282,-3.9,0,-0.126662,0.964177,-0.233065
33.1155,-48.612,59.817,-1.40799,0,2.8,0,-0.143939,-0.751662,-0.643651
58.1335,-42.653,61.5385,-0.497508,-0.251298,-3.5202,0,0.814833,-0.323735,-0.480877
53.8625,-33.3602,60.3525,0.0701014,-0.319227,2.54636,0,0.429445,0.279522,-0.858746
60.2805,-30.2125,71.763,0.0632508,0,1.8,0,0.998523,-0.0219103,0.0497114
43.1307,-57.8355,76.5027,0.144347,0.384822,-0.7,0,-0.57639,-0.390197,0.717998
8.70675,-57.2293,57.6782,-0.302343,0,0.753518,0,0.365411,-0.322701,-0.87312
33.9195,-57.926,73.3235,-1.84025,0,-3.5,0,-0.286963,0.855925,0.430169
4.629,-57.374,56.865,-0.182243,0,-3.2,0,-0.436326,-0.662439,-0.608929
49.6785,-36.0602,56.3905,-0.869301,0,-3.5,0,0.28417,-0.110316,-0.952406
49.27,-64.3875,70.082,0.356671,0,1.9,0,0.0694088,0.602702,-0.794942
46.544,-22.647,64.483,-0.0803397,0,4.5,0,0.219676,0.754372,0.6186
38.1302,-61.6908,52.2542,-0.348206,-0.0153836,-3.5,0,0.585112,-0.01334,-0.810843
49.7132,-21.3405,71.0563,-1.05133,-0.00186198,-3.5,0,-0.0440776,0.886076,0.46144
33.5635,-53.1929,52.4141,-2.48855,-0.57922,-3.5,0,-0.394146,0.348936,-0.850231
29.661,-50.586,70.5485,-1.04069,0,-3.5,0,-0.243574,0.749743,0.615271
45.2557,-45.0335,53.196,0.309912,0,-1.3,0,-0.252388,0.052057,-0.966225
33.5175,-50.0125,68.625,1.24783,0,-1.64387,0,0.0354688,0.646125,0.762407
34.4945,-60.8182,50.8078,-0.143206,0,-3.9,0,-0.434144,-0.258322,-0.863011
50.2183,-50.2495,58.821,-0.00736154,0.779042,-4.5,0,0.848101,-0.529523,0.0181843
54.1695,-28.2395,57.527,0.161393,0,-0.8,0,0.807663,0.387799,-0.444177
42.9497,-39.6987,54.7085,0.45081,0,-3.5,0,0.347247,-0.474468,-0.808888
51.589,-55.05,71.7255,-0.0499761,0,-1.6,0,0.852431,-0.509824,-0.115937
15.5557,-53.0908,71.4908,-0.946329,0,4.48677,1,0.219189,0.666552,0.712506
56.2175,-39.744,57.6305,3.37884,0,-3.9,0,-0.649285,0.0017971,-0.760543
58.8345,-43.8008,71.7385,-1.20556,-0.0190101,-3.5,0,0.618414,-0.5965,0.511617
44.6162,-49.1763,49.181,0.108914,0,2.8,0,0.961113,0.0189661,-0.275502
54.2332,-40.2663,78.624,-1.01303,-0.818074,-3.5,0,-0.0740678,0.0920485,0.992996
26.634,-69.1845,67.7995,-0.238456,0,-3.5,0,-0.740267,-0.323058,-0.589608
16.8705,-61.6852,65.009,-0.132594,-0.071795,-2.88406,0,-0.463425,-0.377568,-0.801673
47.0045,-58.7305,50.523,0.00577465,0,-0.8,0,0.314567,-0.489618,-0.813217
28.8,-43.2487,61.2433,-0.315707,0,-0.7,0,-0.913095,0.166858,-0.372043
26.5222,-52.0187,60.0495,-0.329376,0,1.9,0,0.630498,-0.337933,-0.698766
43.367,-34.837,52.407,0.107914,0.0867915,-3.5,0,0.717367,0.429114,-0.548858
5.3185,-41.9745,51.1702,-0.448281,0,-3.5,0,0.157115,0.116856,-0.980642
33.2149,-60.6377,51.551,-0.132049,0,-3.9,0,-0.409767,-0.296089,-0.862799
13.985,-50.505,69.3705,-0.236365,0,4.5,1,0.349799,0.472662,0.808845
31.0305,-46.283,58.899,-0.312637,-0.598175,3.8,0,-0.591456,-0.341706,-0.730354
26.1542,-69.4175,68.7702,-0.185363,0,-3.5,0,-0.74291,-0.408061,-0.530632
2.17475,-54.369,71.0222,0.496009,0.486707,-3.5,0,-0.689644,0.00966972,0.724084
51.5395,-54.698,57.8085,-1.52176,-0.165163,-3.5,0,0.819554,0.545589,-0.175112
12.8645,-65.0285,67.1775,-0.173292,0,4.2,0,-0.220897,-0.972453,-0.0744318
58.0993,-44.3503,79.9165,0.490632,0.892654,-3.5,0,0.536186,-0.379088,0.754186
40.0488,-49.418,48.5988,-0.393993,0,2.8,0,-0.446252,-0.89135,0.0797147
22.3425,-51.2887,68.8643,-1.55926,-0.881654,-3.5,0,-0.452463,0.823112,0.343167
25.2135,-61.121,60.1833,-0.367065,0,3.8,0,-0.579564,-0.147532,-0.801461
60.8703,-34.2545,61.1553,0.432024,0,3.8,0,0.512736,-0.759826,-0.399708
56.859,-40.5455,56.8965,2.87538,0,-3.9,0,-0.284643,-0.0619605,-0.956629
58.1488,-39.1045,57.4712,2.51787,0.168222,-3.9,0,0.482974,0.509153,-0.71239
7.177,-59.755,71.4795,0.067579,0,-3.5,0,-0.54046,-0.827062,-0.154502
-2.2685,-41.8925,69.6425,-0.195327,0,4.2,0,-0.895582,0.302819,0.325934
11.7575,-62.2275,69.2625,-0.0404346,0,2.0582,0,-0.961959,-0.204098,-0.1816
49.045,-58.458,53.7445,-0.803879,0,-0.8,0,0.868116,0.494535,-0.0425432
8.653,-61.9375,72.5803,-0.0602816,0,3.8,0,-0.872144,0.0143534,-0.489039
38.6292,-39.0283,76.3203,0.377657,0,-3.5,0,-0.209681,0.390908,0.896228
31.71,-46.7745,74.0985,0.123722,0,-1.6,0,-0.801589,-0.460218,0.381647
22.3542,-49.7088,62.6245,-0.554007,0,4.5,0,0.654452,0.747598,0.113092
3.7915,-53.4323,72.3428,-1.44877,-0.66236,-3.5,0,-0.58763,0.0397574,0.808153
35.0735,-65.5985,54.6572,-1.19864,0,-3.5,0,-0.366349,-0.589085,-0.720255
17.9755,-46.824,57.506,-0.454864,0,-0.7,0,0.840348,0.526038,-0.130764
50.879,-59.7795,71.775,0.311201,0,-1.6,0,0.737819,-0.672439,-0.0587226
34.407,-56.2235,68.7883,-0.674739,-0.576046,-2.6928,0,0.182308,0.296177,0.937573
10.3348,-44.9238,50.595,-0.360607,0,3.8,0,0.786844,0.401329,-0.468841
49.3065,-22.9937,54.2907,0.430828,0,-3.9,0,-0.685848,0.307593,-0.659544
19.1785,-65.4465,66.876,-0.232788,0,-0.471372,0,0.0766897,-0.956899,-0.280113
50.5205,-52.505,77.7527,0.0705977,0,-4.5,0,0.00776022,-0.995408,-0.0954105
58.876,-39.868,57.775,2.91687,0.0432968,-3.9,0,0.764198,0.377534,-0.522943
8.805,-41.8115,70.1913,-1.49597,-0.757214,-3.5,0,0.743463,0.589441,0.315946
50.3315,-21.285,69.3465,-1.22607,-0.0193735,-3.5,0,0.176409,0.908381,-0.379111
53.799,-49.589,75.777,0.290674,-0.0158237,-4.46882,0,0.12906,0.00857459,0.9916
36.806,-23.153,63.592,-0.149659,-0.0376436,-3.32028,0,-0.353996,0.935059,-0.0187768
16.817,-66.0665,68.6395,-1.00057,0,-1.57739,0,-0.130687,-0.829433,-0.543104
52.4847,-54.6413,74.7645,1.03321,0,-4.5,0,0.0648491,-0.847598,0.526662
19.271,-44.1075,63.1,-0.436314,0,-0.7,0,0.515699,0.846269,-0.133732
43.346,-67.969,81.055,-0.165215,0,3.8,0,0.473561,0.101256,0.874921
46.4507,-72.173,69.1608,0.109838,0,1.8,0,-0.170557,-0.96657,-0.19145
3.87225,-51.614,70.9337,-0.371881,0,-3.5,0,-0.644663,0.207157,0.735864
28.6772,-65.2515,62.6105,-0.269361,0.0318524,2.84341,0,0.144049,0.00674092,-0.989548
26.566,-50.5075,63.483,-0.615808,0,1.9,0,-0.665466,0.56767,0.48467
52.3677,-24.082,57.0385,0.849994,0,-3.9,0,0.722829,-0.110492,0.682136
22.331,-50.6245,68.0635,-1.50334,-0.0909543,0.0768925,0,-0.296832,0.744223,0.59835
10.0002,-54.765,76.6445,-1.1319,-0.92017,-0.7,0,-0.186673,-0.287861,0.939303
28.8797,-42.0225,61.257,-0.319713,0,-0.7,0,-0.835393,0.465521,-0.292246
24.457,-51.4222,64.7268,-0.886573,-0.162852,0.395386,0,0.245201,0.95244,-0.18093
5.0655,-38.3348,51.4697,-0.136201,0.000919961,-3.5,0,0.688521,0.661868,-0.296427
2.3615,-36.8695,66.204,-0.560519,0,4.5,0,-0.00879164,0.768435,-0.639868
11.1628,-34.2945,58.8705,-1.02562,0.114204,-3.2,0,0.546555,-0.362056,-0.755111
3.979,-54.396,63.1525,-0.0135996,-0.404553,-1.63192,0,-0.292657,-0.781944,0.550377
-3.987,-46.0865,68.5645,-0.0210453,0,-3.5,0,-0.875621,-0.436483,0.206811
50.1488,-48.8402,53.0107,0.621354,0.0277554,-4.5,0,0.0459956,0.601163,-0.797802
16.4145,-36.1367,59.7168,-1.72582,-0.518196,-3.5,0,-0.177068,0.779547,-0.600794
61.4015,-31.8983,60.508,0.219795,0,3.8,0,0.658236,0.385207,-0.646793
46.4683,-20.8342,72.1042,-2.03213,0,-3.5,0,0.25194,0.752137,-0.608946
7.51,-58.6805,54.6152,-0.210384,0,4.2,0,0.0876917,-0.875921,0.474419
0.121,-51.2595,63.484,0.471281,0.51638,4.2,0,-0.799253,-0.569145,-0.193052
64.3158,-35.6722,64.8575,2.61553,0.161497,-3.9,0,0.874072,-0.45218,-0.17757
9.0695,-62.962,76.0918,-0.149138,0,3.8,0,-0.736072,-0.00775285,0.676858
42.65,-70.5245,77.3795,-0.0504069,0,3.8,0,-0.443516,-0.888932,-0.114423
31.9,-61.958,58.2,-0.160465,0,3.8,0,-0.414706,0.200533,-0.887584
9.44025,-44.891,49.7853,-0.311459,0,3.8,0,0.372852,0.429745,-0.822375
22.1125,-66.5735,60.99,-1.93542,-0.659542,-3.5,0,0.880149,-0.375776,0.290052
42.5173,-69.252,80.5898,-0.15,0,3.8,0,0.153416,-0.693573,0.703861
-7.29425,-43.3908,62.7695,-0.428913,0,-3.5,0,-0.708536,0.50547,0.49242
30.3438,-45.014,59.05,-0.0718262,0,-0.7,0,-0.593587,-0.186934,-0.782758
53.2728,-68.256,68.3635,-0.0343468,0,4.2,0,0.911778,-0.364921,-0.188398
8.59,-59.572,58.3415,-1.2342,-0.239321,4.2,0,-0.0680211,-0.823033,-0.563906
35.296,-36.207,52.991,0.495473,0,-3.2,0,0.095559,-0.0204087,-0.995215
45.173,-72.4723,65.9007,-0.0706845,0,4.5,0,-0.315564,-0.811036,-0.492584
-3.918,-34.8355,57.1473,-1.86255,-0.138088,-3.5,0,-0.503551,0.856083,-0.116436
45.7655,-72.7395,66.8108,-0.0801882,0,4.5,0,0.0420788,-0.992541,0.114416
23.948,-64.482,62.885,-1.29867,-0,3.8,0,-0.356844,-0.922758,-0.145537
33.7855,-24.8773,64.0225,0.596707,0.480499,-4.5,0,-0.78599,-0.308976,0.535494
2.8825,-40.2152,49.2235,-0.0500209,0.456419,-3.5,0,-0.626235,-0.267519,-0.7323
25.6565,-73.3643,73.8625,0.332161,0.588426,-3.5,0,-0.656794,-0.414127,0.630175
32.5445,-54.2178,56.04,0.500703,0.738809,-3.9,0,-0.400777,0.829372,0.389255
6.24925,-58.1567,68.421,0.410238,0,-2.63169,0,-0.629008,-0.766139,-0.131831
41.525,-50.9135,76.2592,0.150425,0,-3.5,0,-0.375876,-0.806852,0.455749
4.4015,-58.4465,62.3745,-0.143806,0,-0.8,0,-0.68008,-0.579255,0.449393
27.0597,-68.2875,66.1708,-0.741643,-0.172074,-3.5,0,-0.884613,-0.44005,0.154322
5.32,-48.0425,50.3805,-0.0263211,0,3.8,0,-0.608645,-0.045795,-0.79212
46.7615,-63.3565,58.8415,1.14748,0.609345,3.8,0,-0.709799,-0.157166,-0.686647
49.4695,-42.0143,77.0482,-0.194683,0,-3.5,0,-0.87351,0.089815,0.47845
52.2725,-57.0685,58.166,-1.40332,-0.00914475,-3.5,0,0.967525,-0.237356,0.0869287
41.125,-44.433,53.624,1.06246,0,-1.46917,0,0.634704,0.371144,-0.677792
33.106,-60.234,73.125,-1.6226,-0,-3.5,0,-0.58407,-0.567194,0.580649
41.376,-31.553,57.2955,-0.999382,-0.231121,-2.07261,0,-0.288414,0.39547,-0.872021
31.3298,-42.7453,64.5892,0.496823,0,-0.7,0,0.372056,-0.638418,0.673793
42.002,-28.851,56.235,-0.27233,0,-3.5,0,-0.433706,-0.20187,-0.87815
24.686,-51.194,57.171,0.238381,0.741492,-3.5,0,0.858479,0.0935766,-0.504238
10.3215,-41.7217,68.511,-0.507299,0,-3.5,0,0.380123,0.534442,0.754903
30.676,-46.5965,53.327,0.35399,0,-4.5,0,-0.39594,-0.900707,0.178771
11.2355,-32.4552,59.1598,-0.773542,0.244053,-3.2,0,0.683491,0.539183,-0.492058
52.739,-21.998,65.868,4.06668,0,-0.4,0,0.206583,0.518014,-0.830051
32.057,-47.2775,53.4145,-0.0231356,0,-4.5,0,-0.0730377,-0.979507,-0.187702
35.254,-53.921,70.509,-0.363117,0,-0.8,0,0.0918495,-0.762004,0.641025
31.5975,-46.5223,58.0125,-1.72177,-0.268386,3.8,0,-0.875646,-0.352264,-0.330386
34.7103,-60.6986,73.5863,-1.54439,0,-3.5,0,-0.403248,-0.695006,0.59528
7.72,-59.4608,59.1963,-0.8165,-0.716313,3.65194,0,-0.198932,-0.947342,-0.250937
39.328,-54.499,74.044,-0.153491,0,-0.7,0,-0.645878,0.716846,0.262627
33.6325,-71.606,65.765,-0.679227,-0.0654217,-3.5,0,-0.652737,0.103218,-0.75052
49.665,-41.8302,79.4057,0.179901,0.564131,-3.5,0,-0.674394,-0.73502,0.0702802
49.1548,-70.5925,65.0535,-1.31695,-0.469835,4.2,0,0.24442,-0.51545,-0.821322
48.3942,-27.3382,59.3435,-0.0950032,-0.0927395,-3.9,0,-0.183957,0.242221,0.952622
52.9572,-64.111,71.542,0.0641013,0,1.9,0,0.958888,0.283762,0.00364943
4.81375,-51.486,77.284,-0.0160675,0.711199,-3.5,0,-0.954598,0.213464,0.207786
53.8662,-21.685,53.965,1.53203,0.856322,-3.9,0,0.957901,0.155034,-0.24164
13.7537,-66.822,79.8037,-0.400397,0,-0.9,0,-0.45987,0.655892,0.598602
17.4317,-39.0703,65.993,-0.404844,0,1.8,0,0.887864,0.426016,0.173808
36.0737,-41.8553,53.7515,0.936967,0,-4.5,0,-0.843442,0.452159,0.290101
-5.85075,-43.3568,64.3903,-0.332906,0,-3.5,0,-0.720766,0.00161223,0.693177
51.3695,-34.0532,70.279,-0.366677,0,-1.43404,0,0.473771,0.0342757,0.879981
40.8455,-45.6693,75.6635,-0.00833278,0,-2.82123,0,-0.544602,0.215988,0.810406
16.9583,-40.0978,67.5472,-0.402983,0,1.8,0,0.696005,0.0167786,0.717841
49.364,-71.3845,66.002,-1.23021,-0.0788933,4.2,0,0.288621,-0.927238,-0.238596
49.532,-40.5355,58.8268,-0.133665,-0.193644,-2.96414,0,0.621956,0.379531,-0.684928
33.08,-18.7118,66.01,-0.0912758,0,4.5,0,-0.990861,0.125359,-0.0497957
54.813,-45,80.847,-1.40328,-0.0390632,-3.5,0,-0.311206,-0.0444041,0.949304
42.9408,-34.5132,71.7355,-1.00745,0,-3.5,0,0.513741,0.839983,0.174638
53.01,-63.646,55.96,-0.738665,-0.128314,-3.5,0,0.840725,0.26708,-0.471009
43.2,-39.22,77.197,-1.59852,-0.336796,-3.5,0,0.858253,0.249313,0.448603
33.6813,-17.864,65.5472,-0.0802581,0,4.5,0,-0.534243,0.819855,-0.205966
7.68375,-31.98,61.6408,-0.13131,0,-3.2,0,-0.170078,0.671835,0.72091
39.555,-69.39,58.6027,-1.85801,-0.00145435,-4.5,0,-0.534064,-0.508008,-0.675799
11.096,-61.4845,76.3645,0.206311,0.217427,1.03367,0,-0.239836,0.100851,0.965561
-9.51525,-40.749,54.2955,0.60054,0.287631,-4.5,0,-0.225278,0.874508,-0.429518
39.3792,-60.2318,71.763,-0.461481,0,-0.8,0,0.182249,0.0414675,0.982378
41.2325,-20.1418,59.4445,-1.41479,-0.607931,-3.5,0,0.680295,0.337179,-0.650775
36.6665,-58.9748,75.0535,-1.60551,-0.0725361,-3.5,0,0.339679,0.23565,0.910542
31.3043,-37.5465,63.9038,-0.81222,-0.108158,0.542746,0,-0.834989,0.368228,-0.408902
51.2775,-49.0195,53.2723,0.556183,0.655263,-4.5,0,0.740372,0.4223,-0.522984
45.7805,-41.1145,51.5023,0.704637,0.706015,-4.5,0,-0.625154,0.438838,-0.645449
5.6355,-38.6315,71.3118,-0.388056,0,4.5,0,0.689882,0.420561,0.589229
-2.31825,-38.2173,61.5493,-0.662194,0,3.90659,0,-0.0708987,0.957539,0.27945
14.5717,-57.3097,59.0513,-0.309935,0,3.25934,0,-0.101284,-0.453041,-0.885718
14.3735,-53.763,55.132,0.26332,0.934324,-0.8,0,-0.0634762,-0.721084,-0.689934
9.58925,-62.4128,65.904,-1.43637,-0.0797583,-3.5,0,-0.966426,-0.224527,-0.124932
5.7425,-50.4403,77.1913,0.139444,0.00506287,-3.5,0,-0.492968,0.849177,0.189421
28.2803,-72.0225,72.727,-0.15726,0,-3.5,0,0.797868,-0.0451754,0.601137
32.1032,-60.8435,53.2178,-0.171796,0,-3.9,0,-0.811336,-0.568632,-0.135615
57.079,-39.4695,57.0342,3.23326,0.0641699,-3.9,0,-0.105328,0.249518,-0.962625
9.752,-32.4935,61.559,-1.05889,0,-3.2,0,0.402784,0.443154,0.800862
7.6605,-38.798,54.7125,-1.34342,-0.0463281,-3.5,0,0.824135,0.56394,0.0526605
9.31525,-60.2697,75.9678,-0.732646,-0.464355,-0.87109,0,-0.277475,-0.178885,0.943932
30.531,-46.727,49.749,-0.510698,0,-4.5,0,0.148886,-0.932464,-0.329155
8.92575,-51.5005,52.9912,-0.401346,0.0725162,4.01818,0,0.562023,-0.170429,-0.809372
51.431,-22.7313,52.4762,1.82651,0.737618,-3.9,0,-0.096534,-0.260041,-0.96076
10.4198,-44.2115,51.9027,-0.82405,0,1.52847,0,0.828662,0.293905,-0.476382
2.171,-56.689,61.223,-0.506028,0,-3.2,0,-0.257893,-0.775575,0.576173
38.189,-35.2002,55.7262,-0.402898,0,-1.85636,0,0.113422,0.827889,-0.549304
2.9195,-48.381,70.7945,0.186809,0.0611872,-0.7,0,-0.299727,0.0386192,0.953243
36.378,-63.3,73.37,-1.02093,-0.758855,-0.8,0,-0.466184,-0.287252,0.836755
32.2837,-61.9253,71.9255,-0.189321,0,2.5,0,-0.356268,0.0944725,0.929596
46.5622,-68.4655,56.698,0.101163,0,3.8,0,0.212925,-0.275636,-0.937383
44.1343,-27.948,55.9372,-0.741387,-0.197166,-3.5,0,-0.237551,0.151139,-0.959545
58.1558,-37.9762,62.7615,1.14587,0.0917894,-3.9,0,0.502541,0.813034,-0.293988
5.401,-59.6585,58.926,-1.4764,-0.812009,-0.8,0,-0.267291,-0.96282,-0.0391595
48.8805,-57.5395,51.5728,-0.11335,0,-0.8,0,0.936105,0.166213,-0.309969
48.0505,-57.388,54.6162,-0.0290981,0,-0.8,0,0.731086,0.63307,-0.254432
33.233,-45.815,67.261,0.389954,-0.439036,-2.60848,0,-0.505551,0.688531,-0.519945
55.64,-38.5105,78.424,-0.622919,-0.113261,-3.42567,0,0.0372966,0.396318,0.917355
48.9275,-32.1203,78.5013,-0.279388,0,3.8,0,-0.288706,0.945452,0.150898
32.228,-37.5465,68.345,-0.110897,0,1.8,0,-0.548843,-0.143664,0.823488
49.4173,-39.3425,81.802,0.181932,0.757189,-3.5,0,-0.547201,0.228824,0.805116
49.881,-58.6167,73.8855,0.0545259,0,-1.6,0,0.321041,-0.132208,0.937792
50.19,-48.2122,53.93,0.377207,0.170841,-4.5,0,0.414237,0.827079,-0.379931
48.0122,-26.3345,58.9263,-0.322835,-0.506527,-3.9,0,-0.352394,0.602883,0.715786
52.3185,-26.4995,58.415,0.684133,0,-1.03896,0,0.603899,0.794394,0.0651475
64.248,-35.348,65.9283,1.98104,0,-3.9,0,0.951148,-0.307773,0.0243468
58.6797,-47.803,67.0975,-0.92046,-0.0678572,-3.5,0,0.628844,-0.742176,0.231798
48.622,-23.1185,55.212,0.157348,0,-3.9,0,-0.874871,0.449143,-0.181305
27.129,-43.8735,71.258,0.500549,0.506154,-4.5,0,-0.837712,-0.147325,-0.525865
16.2425,-60.9308,78.1155,-0.594088,-0.598439,-3.5,0,0.276079,-0.23024,0.933151
27.8395,-43.311,62.818,-0.312725,0,-0.7,0,-0.98777,0.0815776,-0.132876
48.215,-68.3725,59.4085,0.176172,0,3.8,0,0.859789,-0.465593,-0.209728
32.6642,-59.367,51.3408,-0.226635,0,-3.9,0,-0.565966,0.113281,-0.816609
50.5725,-65.6113,57.1623,0.152045,0,-3.5,0,-0.324987,-0.812591,-0.483816
6.836,-53.485,77.133,-0.390891,0,-3.5,0,-0.227766,-0.841213,0.490392
41.6423,-45.4992,77.6465,0.0297444,0,-0.7,0,-0.702398,0.0101684,0.711712
59.0452,-31.0123,60.4495,0.190891,0,3.8,0,-0.0220961,0.487597,-0.872789
47.0425,-60.5342,63.4845,0.696815,0,0.299953,0,0.489058,0.755846,0.435338
26.703,-66.5807,71.4098,-1.4946,-0.984499,-0.8,0,0.384034,0.116135,0.915986
34.4005,-47.4622,71.4333,0.562576,0,-1.6,0,-0.0623244,-0.960507,-0.271187
11.666,-65.359,65.323,0.375567,0.765456,-3.5,0,-0.259809,-0.965548,-0.0147037
51.044,-24.042,71.684,0.242552,0,-3.5,0,0.77028,-0.299854,0.562811
10.1845,-58.001,65.5628,0.138936,0,-2.10107,0,-0.182556,-0.772862,-0.607747
3.252,-30.375,59.523,-1.44112,-0.208211,-3.5,0,-0.662372,0.727268,0.179848
29.7652,-46.4647,52.859,0.876416,0,-4.5,0,-0.290749,-0.873555,0.39034
31.94,-36.904,57.4935,0.00377531,0,-1.6,0,-0.662158,0.224801,-0.71485
43.6825,-35.1987,71.456,-1.19632,0,-3.5,0,0.425042,0.886291,0.183925
16.527,-45.5115,53.5295,-0.318835,0,3.8,0,0.692773,0.666928,-0.274358
50.3517,-51.1165,53.0165,0.399478,0,-4.5,0,0.443143,-0.630985,-0.636775
57.608,-29.683,65.91,-1.16855,-0,2.5,0,0.350878,0.923997,0.15203
30.205,-51.1475,71.197,-1.29236,-0.200165,-3.5,0,-0.0324195,0.388093,0.92105
17.331,-59.2995,79.712,-1.69513,-0.264521,-3.5,0,0.069321,-0.352286,0.933322
51.749,-64.5275,55.287,-1.25438,-0.229277,-3.5,0,0.0259373,-0.414626,-0.909622
33.99,-54.226,51.824,-2.66691,-0.328248,-3.5,0,-0.180732,0.0269917,-0.983162
30.3717,-43.8885,49.0435,0.0271234,0,-4.5,0,-0.000282078,0.858695,-0.512487
41.0905,-72.2505,64.0015,-1.1952,-0.251679,-3.5,0,0.311656,-0.843331,0.437794
31.6015,-43.8705,57.1585,-0.238758,-0.32464,-0.11425,0,-0.614037,0.419891,-0.668319
29.137,-45.7262,53.5163,0.851173,0.772938,-4.5,0,-0.595215,-0.300606,0.745222
38.8955,-16.7337,69.0462,0.37756,0,4.5,0,-0.176173,0.923515,0.34071
42.9092,-71.705,69.2607,0.243172,0.507567,-3.5,0,-0.617138,-0.776415,-0.127749
1.725,-35.247,67.829,-0.450826,0,4.5,0,-0.267075,0.936581,-0.226908
33.0597,-46.168,66.1588,0.261948,-0.903038,-3.2023,0,-0.314223,0.949346,0.00246599
30.9498,-53.7463,69.4508,-0.436184,0,-3.5,0,-0.0166253,-0.449625,0.893063
27.537,-60.8475,57.7175,-0.256191,0,3.8,0,-0.212036,0.168667,-0.962597
13.3228,-68.2268,74.0124,-0.380588,0,-0.9,0,0.474006,-0.444737,-0.759952
40.5602,-33.998,76.005,-0.405679,0,4.2,0,0.79397,0.0599727,0.604991
51.2962,-22.2362,70.1992,-1.38152,-0.694184,-3.5,0,0.883972,0.446665,0.138141
46.4345,-64.84,73.5628,-0.393591,0,1.9,0,0.113936,0.0545765,0.991988
48.608,-33.034,72.955,-1.58964,-0.258205,2.8,0,0.599968,0.617651,0.508473
48.6145,-42.0695,52.245,-0.022227,0,-4.5,0,0.729038,0.237921,-0.641792
34.1545,-42.602,63.4907,0.215963,-0.385044,1.16682,0,-0.649515,-0.322646,0.688498
46.2173,-38.155,55.7503,0.194547,0,-2.63763,0,-0.224204,0.341879,-0.912607
20.385,-50.901,68.224,-1.12296,0,0.593561,0,0.543354,0.655043,0.525057
42.473,-64.917,52.4135,-0.142615,0,-4.5,0,0.268669,-0.51126,-0.816351
51.738,-67.481,75.0253,-0.273799,0,-0.7,0,0.588169,0.793165,0.157943
35.4357,-43.918,49.179,0.432256,0.0174731,-4.5,0,-0.332212,0.379296,-0.863579
45.873,-62.562,76.8565,-0.341025,0,-3.5,0,0.466801,-0.773117,0.429402
34.6242,-68.4818,64.4577,0.00623192,0.447502,0.0236887,0,-0.456814,-0.859721,-0.228474
12.848,-63.7982,60.5057,0.73838,0.35239,-0.8,0,-0.193474,-0.922101,-0.335109
52.9,-66.6663,57.3807,0.391871,0.645864,-3.5,0,0.38997,-0.769419,-0.505883
30.1877,-56.8667,56.9512,1.34898,0.734498,-3.9,0,-0.683831,-0.371443,0.628017
4.8025,-57.7077,63.062,-0.127883,0,-0.8,0,-0.6715,-0.239109,0.701366
11.7685,-71.0062,78.0145,0.0387165,0,-0.9,0,-0.48428,-0.870797,-0.0847658
18.7157,-66.525,61.708,-2.10437,-0.0347263,-3.5,0,-0.332643,-0.705221,0.626108
34.3655,-20.9802,66.8705,-0.114886,0,4.5,0,-0.559663,-0.685932,0.465054
9.477,-46.408,73.4865,0.564183,0.572798,-3.2,1,0.112326,0.553829,0.825019
49.983,-52.2025,55.2907,0.107329,0,-4.5,0,0.598109,-0.770362,-0.220925
50.159,-63.4432,56.2195,-0.381909,-0.486902,-3.5,0,-0.501265,-0.095599,-0.859997
-1.69425,-41.8655,70.6862,-0.208113,0,4.2,0,-0.643657,0.323992,0.69335
40.3445,-43.5155,76.3327,0.0818395,0,-1.7392,0,-0.461287,-0.608041,0.646143
58.6473,-44.2479,62.8821,-1.28166,0,-3.5,0,0.936379,0.128394,-0.326663
49.494,-32.4808,79.489,-0.231627,0,3.8,0,0.065676,0.774574,0.629064
5.4205,-32.85,60.6235,-0.913495,0.0579435,-3.36945,0,-0.324803,0.225974,0.918389
6.67163,-38.6209,68.6946,-0.568576,0,4.5,0,0.747016,0.567458,0.346351
47.3495,-20.779,72.7885,-1.75552,-0.173918,-3.5,0,0.600453,0.787386,-0.139572
7.408,-36.1447,55.1157,-1.90872,-0.0592281,-3.5,0,0.58242,0.0507341,-0.811303
48.484,-27.836,53.862,0.207398,0,-0.7,0,0.582177,0.399998,-0.707864
17.2677,-55.4442,77.0912,-0.0653777,0.0797977,-3.5,0,0.136709,0.990011,0.0344843
17.1495,-43.5915,63.2533,-0.148748,0,-0.7,0,0.525035,0.773514,-0.354984
0.8075,-37.147,66.6145,-0.966183,0,4.5,0,-0.423051,0.831142,-0.360875
44.5605,-54.3925,49.533,-1.53521,-0.720187,-3.5,0,0.284915,-0.204727,-0.936435
15.1695,-67.8887,75.1267,0.0275954,0.15275,-0.7945,0,0.0027393,-0.848583,-0.529056
46.4235,-20.2097,73.3425,-1.32724,-0.0672468,-3.5,0,0.175441,0.966929,0.185117
51.9025,-47.4565,77.8245,0.328212,0.110222,-3.66817,0,0.858582,-0.436464,0.268954
29.5995,-52.2352,71.0835,-1.41802,-0.890962,-3.5,0,-0.230786,-0.384332,0.893883
27.441,-63.3203,73.7215,-0.185476,0,-1.6,0,0.41415,-0.373979,0.829831
45.5342,-41.1123,74.4145,-2.01095,-0.361482,-0.7,0,0.188608,0.789922,0.583481
40.09,-56.8558,49.7155,-0.429705,0,-3.5,0,-0.500845,-0.0906358,-0.860778
36.3595,-49.037,53.591,-1.25522,-0.0415975,3.8,0,-0.677103,-0.012432,-0.735784
16.925,-55.7152,78.3213,0.0454665,0.606458,-3.5,0,-0.0944981,0.758464,0.644827
54.9325,-44.0298,80.5738,-0.464305,0,-3.5,0,-0.178761,0.2359,0.955194
52.1032,-46.2675,80.764,0.388059,0,-3.5,0,0.473628,0.612872,0.632506
35.432,-61.9108,51.0985,-0.461003,0,-3.9,0,-0.231385,-0.484714,-0.843512
34.069,-42.929,53.89,0.108142,0,-4.5,0,-0.157244,0.987348,0.0204677
49.575,-26.405,54.5875,0.341125,0,-3.9,0,0.0636458,-0.148368,-0.986882
-9.125,-41.2755,58.158,-0.084917,0,-4.5,0,-0.505679,0.741206,0.441477
49.571,-66.6765,74.531,-0.433637,0,1.78457,0,-0.219263,0.505573,0.834458
41.9823,-36.352,51.1297,-0.209033,0,-3.5,0,-0.132881,-0.164404,-0.977402
19.345,-66.7763,78.9563,-0.204307,0,-0.7,0,0.239846,-0.00546622,0.970796
34.7185,-45.2635,50.4665,0.237488,0,-4.5,0,-0.154669,-0.95382,-0.257498
42.559,-62.4875,77.0485,-1.08164,-0.10227,-3.5,0,-0.801054,-0.335832,0.49551
35.472,-17.7857,68.446,0.0348349,0,4.5,0,-0.606608,0.446104,0.658041
53.792,-23.956,67.864,3.96211,0,0.0202525,0,0.787647,0.262282,0.557512
30.4147,-34.3415,65.107,0.790116,0.0578688,-3.9,0,-0.271753,0.346101,-0.897978
48.9345,-51.649,53.244,0.38411,0.319991,-4.5,0,-0.0559831,-0.757977,-0.649875
25.01,-49.8655,59.4077,-0.293072,0,1.9,0,-0.247318,0.768451,-0.590185
34.586,-32.785,56.585,-0.484551,0.0821222,-3.2,0,-0.0323037,0.861151,0.507322
40.7173,-69.9135,58.5723,-0.701154,-0.452008,-4.00016,0,-0.543717,-0.500005,-0.674067
31.1745,-56.1365,53.4975,1.21226,0.39625,-3.9,0,-0.519387,0.336827,-0.785357
20.385,-51.2895,69.317,-1.32682,0,-3.5,0,0.600104,0.793263,-0.103001
45.886,-72.5635,71.3235,0.025004,0.449505,-0.852498,0,-0.551003,-0.818927,-0.160485
39.2308,-17.474,71.8712,1.10434,0.587855,-0.792831,0,-0.771738,0.506608,0.384408
32.8345,-57.322,52.5455,-0.0833869,0,-3.9,0,-0.213533,0.383354,-0.898579
-3.198,-46.707,59.743,-0.506692,0,4.2,0,-0.228556,-0.971135,-0.0682575
44.548,-70.614,62.2835,0.201789,0,-3.47662,0,0.358848,-0.821551,0.443037
28.713,-54.031,69.439,-0.485127,0,-3.5,0,0.0755913,-0.488163,0.869473
47.0418,-50.718,53.4313,-0.676994,-0.144199,-4.04089,0,0.095479,-0.155603,-0.983195
38.0382,-66.8158,58.4733,-0.786089,-0.209512,-3.89479,0,0.382556,-0.323655,-0.865389
42.6457,-46.018,77.7148,-0.377539,0,-0.7,0,-0.166711,-0.0862697,0.982224
48.104,-69.251,60.653,0.120694,0,3.8,0,0.798931,-0.600359,-0.0357533
-0.816,-45.3335,53.313,-0.349299,0,-1.00511,0,0.0768527,-0.0217164,-0.996806
59.955,-38.5872,76.5577,0.143996,0.44533,-3.5,0,0.667083,0.729343,-0.151854
56.218,-39.471,78.988,-1.01593,-0,-3.5,0,-0.121248,0.307221,0.943882
27.873,-44.8705,49.1398,0.328382,0.497033,-4.5,0,-0.324698,0.429174,-0.842841
15.5332,-61.117,64.7383,-0.563437,0,-3.5,0,0.195563,-0.696903,-0.689987
46.257,-72.6673,65.9007,-0.0718066,0,4.5,0,0.339381,-0.869129,-0.35977
49.358,-33.2525,72.0385,-0.49366,-0.0214134,-1.32317,0,0.642326,0.368384,0.672094
4.002,-40.3963,49.004,0.203958,0.752195,-3.5,0,0.307395,-0.480566,-0.821319
48.739,-31.2603,52.773,0.850949,0.417443,-0.7,0,0.265182,-0.397923,-0.878257
26.776,-73.5452,74.082,0.263775,0.609567,-3.5,0,0.209031,-0.533409,0.819623
43.606,-71.88,67.908,-0.0104171,0,4.5,0,-0.538889,-0.842303,-0.0111647
-2.571,-48.301,62.8665,-1.26932,-0.136781,-3.5,0,-0.721736,-0.669546,-0.175513
59.1927,-45.751,64.035,-0.301891,0.365536,-3.5,0,0.641618,-0.699467,-0.314757
5.263,-57.212,56.005,0.153492,0,-3.2,0,-0.606147,-0.686341,-0.401898
11.4672,-64.7755,66.2158,0.187267,0.493176,-3.5,0,-0.563125,-0.718236,0.40869
51.2235,-50.4925,57.386,0.499365,0,-4.5,0,0.79425,-0.431119,0.428139
36.9555,-44.9745,48.56,0.230942,0.343709,-4.5,0,-0.383402,0.0468978,-0.92239
28.6915,-72.823,69.4675,-0.0525562,0,-3.12709,0,-0.514788,-0.756446,-0.403463
48.071,-73.6598,73.1365,-0.706229,0,-1.24958,0,0.701968,-0.688662,-0.18162
18.104,-45.8368,66.9317,-1.03805,-0.00402731,-1.87694,0,0.142358,0.911363,0.386202
53.8128,-31.0505,59.171,0.499438,-0.153183,0.553758,0,0.814217,-0.492137,-0.307981
46.4678,-35.9075,78.1602,-0.475814,0,3.8,0,-0.986521,-0.16194,-0.0234894
47.4502,-69.938,62.9502,0.875592,0.750462,3.8,0,0.703797,-0.681984,-0.198917
-0.2195,-50.2933,55.5433,-0.193625,0.31899,-0.7,0,-0.307671,-0.85218,0.423235
24.4412,-49.9977,66.9802,-2.06217,0,-3.5,0,-0.00711562,0.947372,-0.320056
-6.6115,-42.1922,60.4512,-0.447,0,-3.5,0,-0.750836,0.534075,0.3886
42.6393,-47.6468,46.8128,0.0854465,0,2.8,0,0.454142,0.462795,-0.761298
35.57,-29.8175,63.2055,0.334102,0.000135153,-0.7,0,-0.279345,0.913594,0.295485
31.3715,-43.7108,50.8247,0.48061,0,-4.5,0,0.0646413,0.950583,-0.303665
14.5815,-49.487,69.118,-0.083578,0.269081,-0.368775,1,0.0420245,-0.0873856,0.995288
54.9157,-51.432,70.5835,0.107323,0.136011,-2.04003,0,0.738238,-0.158953,-0.655545
59.0023,-42.17,79.029,-0.152947,0,-3.5,0,0.287746,-0.244194,0.926051
25.182,-65.3015,64.8635,-0.668328,0,-3.5,0,-0.766463,-0.50969,-0.390833
-5.77425,-42.766,51.338,-0.52484,0,-1.3,0,-0.39288,-0.109495,-0.913048
49.4972,-58.8662,55.898,0.181708,0,-3.5,0,0.861419,-0.0121249,-0.50775
47.4668,-34.148,77.082,-0.463818,0,3.8,0,-0.71356,0.638409,-0.28856
52.3925,-38.1683,59.3208,-0.613816,-0.153125,-3.34872,0,0.0105588,-0.192497,-0.981241
42.6805,-15.993,67.8577,0.177782,0.177406,-2.09967,0,-0.584552,0.794256,-0.165698
35.9565,-38.4478,74.7503,0.0810367,0.020763,0.302613,0,-0.85957,0.39773,0.320858
44.0363,-42.4945,78.9628,-0.214521,0,-0.7,0,-0.223361,0.669441,0.70849
59.372,-36.1,73.552,-1.69646,-0.291893,-3.5,0,0.858797,0.450811,0.243385
48.5015,-31.2495,72.4885,-0.109035,0,3.8,0,0.647616,-0.247476,0.720659
33.1087,-35.5153,57.1138,-0.179491,0,-2.44744,0,-0.864341,0.386456,-0.321818
48.8755,-23.454,63.2745,0.0933092,0,4.5,0,0.91982,0.283566,-0.271147
41.742,-47.091,46.9815,-0.0927192,0,2.8,0,0.259268,0.657995,-0.706982
51.0115,-64.9075,74.2995,-0.831865,0,1.9,0,0.231651,0.519342,0.82257
-4.7035,-38.4525,67.7175,-0.0698722,0,-3.5,0,-0.708872,-0.561802,0.426472
14.369,-61.3008,77.7667,-0.097702,0,-3.5,0,-0.467549,-0.169298,0.867604
0.983,-53.454,67.401,-0.0661236,0,4.2,0,-0.834593,-0.445047,0.324635
36.7368,-51.135,55.3255,-0.524656,-0.0429729,0.272568,0,-0.812918,0.159627,0.560075
11.138,-42.0692,51.7912,-1.71169,-0.200461,-0.4,0,0.837363,0.195747,-0.510398
53.2822,-44.3005,79.175,0.01059,-0.292122,-3.5,0,-0.570529,0.0340717,0.82057
21.1325,-64.5372,73.3272,0.12853,0.451769,0.152278,0,0.722613,-0.540026,0.431511
2.53825,-38.3278,71.0303,-0.300172,0,4.5,0,-0.563327,0.331513,0.75681
55.2345,-52.658,60.9125,0.424141,0,-4.5,0,0.677354,0.205091,-0.706491
3.70275,-53.5373,53.421,-0.614728,-0.0728598,-3.5,0,-0.784789,-0.604518,0.136618
32.0905,-74.3378,70.4212,-0.888781,0,-0.7,0,0.197464,-0.685193,0.701084
44.7335,-35.307,71.4658,-1.0504,0,2.8,0,-0.170442,0.920024,0.352854
49.1937,-27.4608,54.7373,0.440301,0,-3.9,0,0.424038,0.138034,-0.895063
28.1542,-52.6457,70.7477,-0.210747,0.514224,-3.5,0,-0.11678,-0.117503,0.986182
50.4338,-66.6872,60.5353,0.494504,0,-3.2,0,0.344589,-0.92333,-0.169472
-3.4255,-36.4345,65.5393,-0.734797,-0.0119707,-3.5,0,-0.212873,0.956563,-0.19918
45.8565,-26.716,56.612,-0.37076,0,-3.5,0,0.00170013,0.718247,-0.695786
5.478,-55.737,52.0085,-0.114589,0,4.2,0,-0.719034,-0.487857,-0.494959
25.275,-70.868,71.49,0.0995689,0,-3.5,0,-0.997638,0.0337523,-0.0598275
-5.2235,-37.839,67.0058,-0.182063,0,-3.5,0,-0.991448,-0.0631176,0.11422
44.6965,-69.151,79.7408,-0.138083,0,3.8,0,0.278306,-0.290063,0.915647
23.5915,-49.8218,68.566,-2.21571,-0.0916179,-3.5,0,-0.370487,0.88287,0.288582
48.7085,-25.8293,65.8852,0.25565,0,3.8,0,0.74465,0.272142,-0.609455
57.47,-29.7945,64.641,-0.436106,-0.825367,2.50339,0,0.169175,0.969399,0.177891
47.491,-61.3898,69.9378,-0.233177,-0.382306,2.8,0,0.753984,-0.450623,-0.477961
50.642,-62.0267,55.752,-0.144299,-0.0578234,-3.5,0,0.190865,0.14232,-0.971244
50.5725,-21.1297,70.306,-0.817785,-0.40216,-3.5,0,0.391517,0.914662,0.100537
49.532,-39.4048,58.7485,-0.144432,-0.72563,-0.8,0,0.689811,-0.400453,-0.603157
44.3015,-61.9652,77.6793,-0.842428,-0.297081,-3.5,0,-0.21876,-0.246404,0.944155
24.536,-49.872,62.543,-0.529247,0,1.9,0,-0.351028,0.864876,0.358844
50.427,-39.4292,82.0762,0.595334,0.615914,-3.5,0,0.24261,0.273003,0.930919
46.551,-28.7272,52.6437,0.037259,0,-0.7,0,-0.366389,0.203591,-0.907915
44.216,-72.4642,70.649,0.105826,0,-3.5,0,-0.173437,-0.984217,-0.0351599
50.6205,-38.503,81.229,-0.107485,-0.191096,-3.5,0,0.0214125,0.782937,0.621732
16.4445,-53.29,55.9027,0.133168,0,1.8,0,0.55906,-0.163332,-0.812881
32.662,-75.4502,68.6223,-0.215723,0,-0.7,0,0.541323,-0.838868,-0.0571831
52.9463,-65.476,56.721,0.0128916,-0.175448,-3.5,0,0.688262,-0.329173,-0.646484
37.072,-15.6278,66.8955,-0.0146465,0,4.5,0,-0.233893,0.969679,-0.0708348
45.9832,-17.147,66.62,-0.0410454,0.17203,-3.5,0,0.938866,0.30037,0.168251
41.962,-34.6535,51.9067,0.0714069,0.176408,-3.5,0,0.0464408,0.613497,-0.78833
38.168,-72.564,67.556,-0.378444,0,-3.5,0,0.619726,-0.564804,0.544918
41.778,-68.1645,55.666,0.114853,0,-4.5,0,-0.230334,-0.88252,-0.410006
33.4615,-24.7668,63.0435,0.263912,0,-4.5,0,-0.913572,-0.386741,0.125767
28.961,-41.252,72.1152,0.40027,0,-4.5,0,-0.386012,0.8393,0.382845
2.6035,-50.901,53.393,-0.0152774,-0.0127974,-1.87384,0,-0.553396,-0.832827,-0.012346
31.0525,-71.4658,66.63,-0.363499,0,-0.7,0,-0.288798,-0.169505,-0.942265
31.7635,-34.9868,59.6665,-0.157877,0,-1.6,0,-0.692373,0.690636,0.208908
33.4075,-17.8687,66.6285,-0.0796469,0,4.5,0,-0.740144,0.565936,0.363186
58.9002,-35.2588,72.7415,-0.731522,0,-3.5,0,0.583588,0.570319,0.578066
3.39313,-43.8904,50.1311,-0.437381,0,-0.7,0,-0.216548,0.436695,-0.873158
6.88375,-42.954,73.4193,-0.366819,0,-0.7,0,0.550903,0.639011,0.536815
48.1577,-49.3503,80.2432,0.052119,0,-3.93761,0,-0.331275,-0.105142,0.937658
30.9722,-75.3903,68.4645,-0.217869,0,-0.7,0,-0.583852,-0.789712,-0.18834
46.5537,-18.1455,66.098,-0.857043,-0.88565,-3.5,0,0.976908,0.093715,0.19201
26.379,-72.2432,69.5792,0.00168678,0,-3.5,0,-0.517082,-0.645439,-0.56217
43.8973,-68.6185,80.309,-0.157054,0,3.8,0,0.571625,-0.216528,0.791429
4.37525,-58.4168,59.6265,-0.658657,-0.00227417,-0.8,0,-0.71311,-0.694081,0.0986189
5.59625,-49.8365,49.977,0.0886619,0.343865,-2.79682,0,0.143267,-0.185892,-0.972069
56.514,-56.1348,64.075,0.390607,0.0464544,-4.5,0,0.902677,-0.237192,0.359045
50.7858,-64.976,56.1605,-0.399548,0,-3.5,0,-0.481403,-0.59454,-0.644029
11.1525,-61.1888,69.2097,0.025504,0,1.8,0,-0.745523,-0.655549,-0.120214
51.6055,-67.6322,72.4617,-0.987914,-0.209032,0.582326,0,0.998214,0.0374326,-0.0465641
53.7055,-23.3625,55.4845,0.752547,0,-3.9,0,0.9781,-0.206459,-0.0263776
36.691,-53.3773,70.3905,-0.182173,0,0.625928,0,0.163271,-0.282037,0.945409
31.6353,-56.8507,52.877,0.0587546,0,-3.9,0,-0.40663,0.286008,-0.86767
33.4905,-72.6465,65.9122,-0.8615,-0.174667,-3.5,0,-0.782046,-0.0216302,-0.622845
27.507,-63.254,59.6587,-0.249949,0,3.8,0,-0.156467,-0.939168,-0.305749
29.8382,-35.6768,65.2015,1.15103,0.451952,-3.9,0,-0.323148,-0.497955,-0.804746
5.11275,-36.614,54.9232,-0.295345,0,-3.5,0,0.321389,0.413366,-0.851961
39.278,-32.5515,71.0062,-0.595506,-0.42798,4.2,1,-0.283902,0.6664,0.689428
58.4287,-41.8092,60.6463,0.718437,0,-3.9,0,0.618464,-0.740927,-0.261781
32.007,-38.2365,57.099,-0.0658206,0,-1.6,0,-0.597647,-0.291735,-0.746799
49.4535,-24.972,66.331,0.393706,0,-0.4,0,0.291162,-0.366556,-0.883663
52.0975,-63.7965,59.3965,0.394768,0,-3.5,0,0.762379,0.462086,0.453051
50.823,-63.897,55.462,-0.921289,-0.20605,-3.5,0,-0.565377,-0.080045,-0.82094
30.647,-41.719,60.045,-0.813495,0,-0.7,0,-0.417739,0.814616,-0.402362
54.3073,-52.49,60.3845,0.98189,0.524936,-4.5,0,0.106934,0.142981,-0.983932
52.9272,-31.4335,72.1267,-0.167099,0,-1.6,0,-0.0850829,-0.50046,0.861569
10.0735,-64.2168,70.6572,-0.130228,0,3.8,0,-0.277929,-0.478727,-0.832812
49.802,-71.5525,69.1568,0.628407,0.0616697,4.2,0,0.43123,-0.79479,-0.427024
12.2712,-53.754,77.5145,-0.750633,-0.785314,-0.7,0,0.364251,0.100268,0.925888
42.142,-39.2945,53.7495,0.368503,0,-3.5,0,0.136448,-0.607773,-0.782301
33.694,-37.369,56.4695,0.107345,0,-1.6,0,-0.776844,-0.197252,-0.598
29.475,-67.174,61.758,-1.4204,-0.00480066,-3.5,0,-0.269857,-0.335301,-0.902635
37.5525,-59.7895,73.2373,-0.620072,0.278213,-1.806,0,0.879579,0.0359187,0.474396
26.233,-72.555,74.1677,-0.0239961,0.509763,-3.5,0,-0.11614,0.0684567,0.990871
35.9688,-24.8795,68.718,-0.203947,0,-0.7,0,-0.675672,0.0807621,0.732766
7.8545,-51.0095,78.5752,0.132004,0.523094,-3.5,0,0.495964,0.589791,0.637311
34.2115,-56.909,52.4255,-0.342442,0,-3.9,0,-0.424804,0.368399,-0.826936
41.8095,-72.838,61.8415,-0.136891,0,-3.5,0,-0.0788975,-0.966474,0.244341
18.6068,-48.3613,61.2555,0.0564844,-0.305489,0.0379094,0,0.737904,0.315306,-0.596724
34.435,-43.4972,67.3917,1.25598,0.333572,1.94555,0,-0.655958,-0.169996,-0.735405
48.2025,-70.971,65.383,-0.681258,-0.861643,4.2,0,0.246916,-0.773765,-0.58337
49.904,-31.49,54.6305,-0.332746,-0.746056,-0.7,0,0.473174,-0.535352,-0.699646
30.983,-45.15,68.5815,0.259178,0,-4.5,0,-0.0447639,-0.919536,0.390448
25.7465,-49.958,67.2875,-2.49168,-0.738329,-3.5,0,0.0944125,0.980123,0.174487
41.049,-70.6575,65.6475,-0.0423205,-0.340951,-1.80809,0,0.152298,-0.93804,0.311265
41.498,-34.2535,73.2455,-0.786296,0,0.35,0,0.668906,0.733733,0.119166
16.792,-40.4385,64.3945,-0.0925153,0,1.8,0,0.798228,-0.374616,-0.471694
3.361,-53.99,51.2938,-1.18057,-0.855901,-3.5,0,-0.636039,-0.712869,-0.295419
52.648,-71.1335,75.8323,-0.886077,-0.97218,-0.7,0,0.739067,-0.520035,0.428186
12.4502,-62.9787,76.2395,1.33973,0.00615561,-1.28388,0,-0.349397,-0.209065,0.913353
47.911,-35.6662,80.3917,-0.257561,0,3.8,0,-0.364251,-0.0319739,0.930752
7.205,-39.1167,67.9555,-1.13123,-0.264568,3.06088,0,0.692877,0.582425,0.425092
21.1332,-46.943,63.5465,-0.503152,0,-0.7,0,0.973007,0.184292,-0.138904
22.049,-55.896,58.1815,0.182254,0.0497981,-0.980939,0,0.154707,-0.486699,-0.859761
11.9707,-70.894,79.0427,0.0422059,0,-0.9,0,-0.510491,-0.677577,0.529424
34.7752,-67.2385,61.0938,-0.395549,0,-3.99941,0,0.498174,-0.705429,-0.504175
32.1517,-45.3965,68.7235,0.418085,0.107894,-4.5,0,-0.535467,-0.746622,0.394754
42.9925,-35.5807,74.9717,-2.43182,-0.150506,-3.5,0,0.246993,0.732511,0.634368
58.7933,-31.2262,68.1223,0.334781,0,-3.5,0,0.653447,0.634097,-0.413435
28.72,-69.409,72.328,-0.386979,0,-3.5,0,0.296792,0.333865,0.894678
10.557,-33.4972,58.4313,-1.08836,0,-3.2,0,0.284914,-0.0281706,-0.958139
11.3717,-32.8015,60.3895,-1.03023,0,-3.2,0,0.834464,0.448481,0.320212
37.7605,-75.6657,66.0345,0.370966,0.695311,-3.5,0,0.647685,-0.682879,0.337905
4.74775,-39.5023,49.4757,-0.193563,0,-3.5,0,0.707137,0.0642758,-0.704149
7.92,-59.636,60.556,-0.277288,-0.0426961,2.42937,0,0.173782,-0.962315,0.209165
26.9307,-54.6637,68.7008,-0.499146,0,-3.5,0,-0.238441,0.0834476,0.967565
48.8078,-71.2308,67.2558,-0.521218,0,4.2,0,0.283621,-0.958614,-0.0248798
38.658,-63.6232,74.1917,-0.376821,0,-0.8,0,0.119244,-0.159137,0.980029
47.7045,-22.8645,64.7205,-0.0410778,0,4.5,0,0.201691,0.744254,0.636716
8.321,-40.4105,50.8095,-0.404997,0,-0.4,0,0.276414,0.549323,-0.788568
30.0475,-40.9497,71.8765,0.0722165,0,-4.5,0,0.0347322,0.992822,0.114448
44.585,-15.983,68.7925,-0.0310549,0.00249641,-0.774777,0,0.679119,0.706624,-0.198694
32.3355,-53.9523,55.0675,0.000766201,0.0817232,-3.70586,0,-0.610341,0.792114,-0.00623273
49.4305,-24.8095,58.5275,0.102586,0,-3.9,0,-0.177529,0.522963,0.833663
16.178,-50.6102,69.8385,-1.05852,0,-3.5,1,-0.28333,0.324852,0.902328
53.016,-35.6367,56.5365,-1.60226,-0.288037,-3.5,0,0.438501,-0.491344,-0.752528
34.552,-43.377,52.5575,0.510527,0.488576,-4.5,0,-0.370465,0.920173,-0.12664
56.443,-29.3043,64.5295,0.156891,0,3.15541,0,0.623696,0.777321,0.0823113
30.3065,-42.5495,75.278,0.0694323,0,-4.5,0,-0.0175737,0.731213,0.681923
14.755,-54.3563,56.0457,0.191755,0.196281,0.0878828,0,-0.220973,-0.693358,-0.685876
8.4195,-44.5185,49.7477,-0.309472,0,3.8,0,0.0408294,0.552683,-0.832391
56.1852,-44.2617,80.4535,-0.272136,-0.0103675,-3.5,0,0.333732,-0.117144,0.935361
54.9832,-36.2533,76.3217,-0.311655,0,-0.4,0,0.101403,0.99177,0.0781591
58.749,-47.0035,73.532,0.224777,0,-3.9,0,0.483278,-0.594819,-0.642365
20.881,-67.6923,59.6842,-1.60123,-0.586696,-3.5,0,0.0038388,-0.950154,-0.311756
-1.9345,-43.2637,51.5807,-0.288553,0,-1.3,0,0.436207,-0.372006,-0.81935
8.138,-34.913,64.4505,-0.659543,0,-3.2,0,0.229923,0.717383,0.657645
14.793,-56.8595,75.981,0.29139,0,-3.5,0,-0.430564,0.34087,0.835716
33.6418,-36.6795,55.7142,-0.380502,0,-3.092,0,-0.834187,-0.519889,-0.183975
51.902,-63.377,62.789,-0.212206,0,-3.2,0,0.533569,0.831194,-0.156273
33.9943,-33.67,68.1608,-0.54678,0,-3.78645,0,-0.216475,0.976129,-0.0176341
45.826,-22.6917,74.5017,-1.21143,0,-3.5,0,-0.45847,0.045809,0.887528
45.395,-60.2697,51.4165,-0.26703,0,-0.8,0,0.0584768,-0.531684,-0.844922
29.478,-45.6857,48.3058,0.375686,0.682926,-4.5,0,-0.53137,-0.169456,-0.830019
27.4835,-47.4437,66.7828,-0.940975,-0.0104453,-3.5,0,-0.921737,0.130102,0.365341
47.951,-73.0178,69.1878,-0.0453167,0,1.8,0,0.133665,-0.782214,-0.608503
44.011,-60.6208,77.121,-0.557086,-0.00953968,-3.5,0,-0.547815,0.456408,0.701136
40.198,-52.9815,70.963,-0.650323,-0.443089,-0.105449,0,-0.262103,0.600974,0.755071
47.994,-21.512,73.1015,-1.119,-0.0354705,-3.5,0,0.535317,0.843123,0.0507908
25.7143,-56.8737,70.3978,-0.298855,0,-3.5,0,0.0876144,0.40857,0.908512
6.37925,-47.042,48.6483,-0.207906,0,3.8,0,-0.453518,0.0203109,-0.891015
34.3058,-62.955,56.68,-0.73304,0,-3.37632,0,-0.877874,0.129486,-0.461053
0.7865,-42.0565,71.3115,-0.222215,0,4.2,0,-0.198344,0.108714,0.974085
29.8895,-44.743,54.012,0.533524,0.359359,-4.5,0,-0.636289,0.327058,0.698691
17.828,-65.716,64.066,-0.0403361,0,-0.8,0,0.223798,-0.871684,-0.435984
7.94825,-54.3823,50.5725,-0.133889,0,4.2,0,-0.161238,0.384095,-0.909106
-4.9195,-40.3828,56.1522,-1.34359,0,-3.85505,0,-0.875793,0.437209,-0.204539
45.3322,-69.9333,79.0853,-0.0612328,0,3.8,0,0.120298,-0.639185,0.759586
35.3483,-42.8573,50.5703,0.758298,0,-4.5,0,-0.586767,0.713098,-0.383661
34.0908,-51.2062,53.2928,-1.49767,-0.358985,-3.5,0,-0.180134,0.796733,-0.576861
49.2605,-55.1325,56.567,-1.48509,-0.0121361,-3.5,0,0.419101,0.157331,-0.894204
-0.588,-35.3983,54.5848,-1.81292,-0.745796,-0.8,0,-0.392945,0.47359,-0.78823
46.1835,-28.8053,75.7947,-0.328063,0,3.8,0,0.217804,-0.0193408,0.975801
13.81,-66.2275,68,-0.217511,0,4.2,0,-0.395506,-0.607561,-0.688799
6.0065,-58.1815,53.259,-0.104294,0,4.2,0,-0.919547,-0.389011,-0.0557053
17.312,-36.5105,59.279,-1.73516,-0.383585,-3.5,0,0.268863,0.36102,-0.89296
48.5745,-37.842,78.914,-0.56583,0,3.8,0,-0.72474,-0.427861,0.540081
11.1903,-40.612,54.6473,-0.474355,0,2.8,0,0.496947,0.760574,-0.417817
34.845,-33.229,66.1062,-1.08461,-0.418307,-3.70081,0,-0.550633,0.725207,0.413375
50.6955,-32.102,55.4673,0.104963,0,-3.5,0,0.273333,-0.332725,-0.902542
35.284,-73.2497,63.8675,-0.792689,0,-3.5,0,-0.230792,0.0170399,-0.972854
44.1105,-66.1815,78.3467,-0.216251,0,3.8,0,0.390804,0.810772,0.435799
35.8602,-71.709,64.1803,-0.448322,0,-3.5,0,-0.456694,-0.00188484,-0.889622
40.51,-41.119,54.1632,0.485461,0,-4.44166,0,0.456834,0.233255,-0.858426
45.476,-57.4577,77.0915,-0.0322507,0,-0.7,0,0.0451888,0.0534417,0.997548
27.5403,-44.515,50.116,0.0769504,0,-4.5,0,-0.668697,0.698719,-0.254235
26.823,-44.4245,74.6645,0.0364475,0,-4.5,0,-0.906345,0.170685,0.38653
25.82,-57.8905,59.9175,-0.486821,0,2.80793,0,0.0911543,-0.114878,-0.989189
45.3845,-16.3067,70.1785,-0.161676,0,-0.7,0,0.983463,0.172226,0.0560205
25.4065,-73.4583,72.8662,-0.0429041,0,-3.5,0,-0.871006,-0.475671,0.122827
27.8927,-46.1908,73.9935,-0.0959924,0,-4.5,0,-0.174708,-0.983905,-0.0375147
51.9487,-66.7325,57.9002,0.207212,0,-3.5,0,-0.230287,-0.962965,-0.140238
50.339,-22.666,72.286,0.36658,0,-3.5,0,0.632397,0.434456,0.641344
49.5122,-71.1423,68.0765,0.184979,-0.104879,4.2,0,0.283229,-0.885536,-0.368249
27.839,-46.6657,50.1125,0.0564223,0,-4.5,0,-0.401696,-0.872065,-0.27954
9.05275,-59.6025,70.5983,0.635751,0,-0.946084,0,-0.48626,-0.820049,-0.30178
47.931,-24.2445,75.0417,-0.321756,0,-3.5,1,0.182401,-0.24258,0.95283
54.2675,-26.7805,70.6605,-0.467198,-0.572303,2.5,0,0.079061,0.603383,0.793522
42.088,-16.7103,66.304,0.524318,0.387499,-3.5,0,-0.619334,0.733724,-0.279418
0.56325,-34.2578,59.7635,-1.06793,-0.972953,-0.7,0,-0.57378,0.806251,0.143999
39.6685,-19.9958,61.7015,-1.33527,0,-3.5,0,-0.0977024,0.991315,0.0880313
45.4695,-58.9545,77.0845,-0.0383633,0,-2.1,0,0.0399204,0.399465,0.915879
29.0635,-64.203,62.467,0.384551,0.330635,3.79317,0,0.187517,-0.514344,-0.836832
42.8015,-65.871,74.4625,-0.333405,-0.203313,3.37815,0,0.124791,0.598891,0.791048
46.611,-39.5983,53.2645,0.992795,0.853164,-4.5,0,-0.252881,0.79838,-0.54648
45.4098,-57.3022,50.2315,0.123659,0,-0.8,0,-0.217947,-0.0586834,-0.974195
30.0128,-64.5905,62.6237,0.162174,0.942112,-4.5,0,-0.310368,-0.217403,-0.925423
48.6657,-34.8348,80.1995,-0.243549,0,3.8,0,-0.0763097,0.147423,0.986125
48.427,-71.5943,68.4835,0.086333,0,3.03384,0,0.257895,-0.854137,-0.451598
38.913,-19.3708,73.5015,-0.486901,-0.900785,-0.8,0,0.283704,0.729874,0.621929
45.4582,-17.9875,64.5143,-0.712793,0,-3.5,0,0.345024,0.373855,-0.860925
48.414,-28.409,59.619,0.168895,-0.057481,-2.78602,0,-0.0938017,0.514399,0.852406
-2.75525,-46.9067,60.7972,-0.711514,-0.0152998,3.36755,0,-0.351575,-0.918539,-0.180781
12.098,-63.171,61.3573,1.02503,0.407846,-0.8,0,-0.765694,-0.64274,-0.0244486
62.638,-32.4243,66.8845,0.415661,0,-3.9,0,0.251263,0.891001,0.378133
59.4142,-29.2285,61.0228,0.158169,0,3.8,0,-0.214125,0.625854,-0.749971
59.069,-37.8535,63.906,1.19505,0.19552,-3.9,0,0.452735,0.762044,-0.462946
31.171,-56.362,63.5713,-1.06847,0,-0.461643,0,0.138274,0.240621,-0.960719
6.05,-38.953,70.203,-0.35256,0,4.5,0,0.851432,0.394187,0.345949
49.099,-26.7825,65.356,0.227414,0,3.8,0,0.622793,0.611873,-0.487587
48.249,-58.4168,74.2135,-0.157073,0,-1.15026,0,0.576074,-0.109995,0.809963
53.373,-23.962,56.2235,0.526409,0,-3.9,0,0.795659,-0.430117,0.426527
34.309,-32.856,70.187,-1.07573,-0.284015,-3.5,0,-0.29242,0.955602,-0.036279
51.6488,-69.7845,67.2588,0.00118389,0,4.2,0,0.716673,-0.668383,-0.199106
-10.889,-43.8063,55.5995,-0.328223,0,-4.5,0,-0.940369,-0.0567668,0.335385
11.6228,-59.1652,58.384,0.335028,0.888229,4.2,0,0.0490344,-0.367014,-0.928922
-2.902,-47.4445,57.246,-0.287721,0,4.2,0,-0.744108,-0.642635,-0.182546
20.5575,-66.1773,58.967,-1.66447,0,-3.5,0,0.0917384,-0.191567,-0.977183
10.073,-37.841,65.528,-2.20403,-0.336588,3.8,0,0.184597,0.00251765,0.982811
-2.3575,-47.1645,58.8245,-0.383053,0,4.2,0,-0.468654,-0.85833,0.208883
4.9705,-52.0677,76.2985,0.101584,0.348529,-3.5,0,-0.973307,-0.229237,0.0111441
46.6152,-52.7933,75.5577,-0.226774,0,-4.5,0,-0.783269,-0.548969,0.291758
13.424,-55.8735,57.5798,-0.268425,0,3.41441,0,-0.355293,-0.478115,-0.803227
55.8537,-43.0402,59.3278,0.220391,0.27962,-3.67355,0,0.464053,-0.443262,-0.766925
27.3545,-45.7303,49.3065,0.54143,0.694985,-4.5,0,-0.758599,-0.157368,-0.632268
14.388,-53.8285,76.182,-0.358866,0,-0.7,0,0.432351,0.464477,0.772874
43.225,-35.067,72.7785,-1.20724,0,-3.5,0,0.490041,0.842526,0.223629
46.141,-34.566,72.15,-1.08114,-0,2.8,0,-0.814847,0.444732,0.371804
52.6808,-28.2365,55.6232,-0.220096,-0.930461,-0.8,0,0.607236,0.522291,-0.598729
37.4795,-69.153,70.9425,-0.118822,0,4.5,0,0.115437,-0.691588,0.713008
43.9755,-53.46,49.378,-0.257129,-0.445113,-3.5,0,0.0689805,-0.248377,-0.966204
49.4997,-25.689,72.8138,-0.19745,0,-3.5,0,0.815761,-0.384477,0.432101
17.8835,-68.7097,70.8828,0.0132985,0,-3.5,0,-0.511095,-0.855977,-0.0780073
-4.379,-37.453,56.336,-1.73266,-0.480917,-3.5,0,-0.939505,0.169224,-0.297814
17.859,-38.7632,62.1275,-1.73977,-0.150702,-3.5,0,0.830046,-0.556364,0.0384972
30.6405,-53.3035,62.6416,-0.509116,0,-0.9,0,-0.142626,-0.390218,-0.909608
5.835,-52.8105,77.7562,-0.290639,0,-3.5,0,-0.652238,-0.621323,0.434216
39.261,-32.2513,74.623,-0.400142,0,4.2,1,0.136195,0.990679,-0.00255257
28.0758,-63.3068,60.7305,-0.0339372,0.34817,3.8,0,0.141484,-0.9445,-0.296481
34.9595,-32.52,69.185,-0.477847,0,-3.5,0,-0.396573,0.918003,0.000608643
-4.29112,-46.2435,64.1641,0.635229,0.439515,-3.5,0,-0.683591,-0.713508,0.153656
55.003,-32.689,70.7775,-1.11726,-0.223113,1.41665,0,-0.464377,-0.668037,0.581447
40.3005,-39.4668,54.2378,-0.0430333,0,-3.5,0,0.0622032,-0.272574,-0.960122
52.535,-45.0785,78.9788,-0.0994941,0.145588,-3.5,0,-0.152614,0.412921,0.89789
13.273,-37.8483,66.3688,-2.19628,-0.620736,1.8,0,-0.0556813,0.594286,0.802324
56.0353,-28.3242,66.2,-0.163993,0,2.5,0,0.954496,0.298221,-0.00104474
-1.746,-51.08,52.663,0.630412,0.412964,-0.7,0,-0.515327,-0.778473,-0.358354
51.264,-53.177,80.169,0.711362,0.572019,-4.5,0,0.26611,-0.817398,0.510927
61.7443,-38.0947,71.5113,-1.63936,-0.207611,-1.6,0,0.720844,0.579671,0.379954
38.8755,-70.6935,62.8942,-0.281735,0,-2.31164,0,-0.368363,-0.658115,-0.656653
18.2585,-37.4715,60.4868,-1.96049,-0.589724,-3.5,0,0.980567,-0.0181454,-0.195343
28.6245,-33.2225,67.8217,1.31022,0.602177,-3.9,0,-0.235314,0.785063,0.572978
49.4398,-62.2718,62.314,0.249596,-0.0217249,-3.23368,0,0.69733,0.654719,0.291675
31.253,-33.7225,65.1465,0.171223,0,-3.9,0,-0.254675,0.581958,-0.772312
22.5643,-51.0525,71.0325,-1.77738,-0.736755,-3.5,0,0.779681,0.582288,0.230301
50.027,-70.6375,65.621,-1.05626,-0.155166,4.2,0,0.630014,-0.407947,-0.660804
10.6205,-48.2435,74.646,-1.1679,-0.0630879,-3.2,1,0.531135,0.344995,0.77387
41.2455,-16.762,68.9105,0.212631,0,-0.7,0,-0.239465,0.881669,-0.406591
59.4123,-32.448,67.3695,0.387997,0,-3.5,0,0.630268,0.753772,-0.185983
36.288,-39.61,77.1465,0.173534,0.478658,-3.5,0,-0.122439,0.436911,0.891133
15.2115,-60.9663,78.274,-0.350798,-0.119036,-3.5,0,-0.169192,-0.232542,0.957757
2.02725,-54.5057,57.536,-0.200638,0,-3.2,0,-0.619697,0.415963,-0.665545
37.9193,-21.7843,63.9263,-0.21409,0,0.357539,0,-0.941007,0.176257,-0.288858
50.828,-63.2355,61.5985,-0.530441,0,-3.20051,0,0.613717,0.789492,-0.00727572
5.471,-57.8085,72.1515,-0.377881,0,-3.5,0,-0.789724,-0.500143,0.355237
51.682,-35.661,56.348,-1.37217,0,-3.5,0,0.148121,-0.619727,-0.770713
50.6995,-71.4737,70.0895,0.183001,0.156744,3.06814,0,0.679137,-0.691049,-0.247435
62.136,-40.1745,72.134,0.00811047,0,-1.6,0,0.543189,0.306939,0.781495
14.4782,-70.77,78.7545,-0.289093,0,-0.9,0,0.479975,-0.870203,-0.111222
52.388,-43.3795,78.9287,-0.608888,0,-3.5,0,-0.230671,-0.129452,0.964382
53.21,-39.8288,78.8757,-0.156475,-0.511267,-3.5,0,0.529803,-0.00279813,0.848116
43.3488,-38.2545,75.3323,-1.77771,-0.655967,-3.5,0,0.646573,0.16328,0.745173
57.799,-45.7465,61.0687,-0.272661,-0.356931,-3.77258,0,0.738659,-0.0783748,-0.669508
34.257,-64.7805,54.5505,-0.694469,0,-3.5,0,-0.743753,-0.221156,-0.63081
11.4475,-46.019,71.9163,-0.304931,0,-3.2,0,0.441283,0.597198,0.669794
11.385,-47.733,73.6205,-0.406889,0,-3.2,1,0.655575,0.184644,0.732208
32.455,-54.1295,53.8325,-1.00784,-0.0131919,-3.5,0,-0.832564,0.517547,-0.197441
34.7185,-33.3885,54.154,-0.692108,0,-3.2,0,0.187259,0.735309,-0.651348
9.28925,-57.7697,75.7295,-0.499075,-0.0535084,-2.76056,0,0.0968411,-0.0213242,0.995071
10.6388,-32.2195,60.7552,-1.07276,0,-3.2,0,0.607896,0.559659,0.563245
55.9355,-45.942,77.5195,0.457847,0,-3.86817,0,0.177653,-0.859786,0.478756
40.0079,-65.1615,73.7666,-2.13888,-0.295041,2.5,0,-0.346473,-0.120522,0.930285
41.9927,-19.362,72.7555,0.408902,0.546871,-0.7,0,-0.0970086,-0.359221,0.928197
11.2922,-61.624,68.23,-0.331261,0,-0.249371,0,-0.802316,-0.437146,0.406438
22.0152,-69.5648,72.3897,0.293622,0.763699,-3.5,0,0.71593,-0.618645,0.32361
22.311,-51.3563,72.3873,-2.12855,-0.0356772,-3.5,1,0.702458,0.487722,0.518344
59.5165,-31.9705,68.3615,0.752282,0.00380065,-3.5,0,0.670999,0.612875,-0.417306
46.151,-60.9305,52.196,-0.549434,0,-0.8,0,0.353145,-0.846099,-0.399256
28.8468,-45.427,76.0005,0.352332,0.771197,-4.5,0,0.12664,-0.504777,0.85391
-9.7595,-40.814,55.9315,-0.0712723,0,-4.5,0,-0.667085,0.684346,0.294393
43.1555,-49.2523,46.9883,0.226809,0,2.8,0,0.643234,-0.423761,-0.637712
16.8885,-45.93,54.3717,-0.331165,0,3.8,0,0.919715,0.39078,-0.0376152
4.34325,-48.4762,50.8415,0.0660884,0.584145,-2.77987,0,-0.445958,0.153762,-0.881747
52.9325,-35.588,72.204,-0.474389,0,-0.9,0,0.309014,0.800882,0.512931
-1.534,-38.071,62.195,-1.12777,0,4.2,0,-0.244898,0.962645,0.115497
16.303,-66.203,78.605,0.107584,0,-0.893868,0,0.317554,0.563097,0.762942
5.88775,-41.477,70.7562,-0.019125,-0.00330975,0.586368,1,0.189043,0.401835,0.895986
3.075,-53.1522,50.3167,0.0913086,-0.170744,-3.5,0,-0.714456,-0.633156,-0.297768
44.369,-30.528,74.699,-0.520677,0,3.8,0,-0.48723,-0.754337,0.439979
52.9938,-63.4168,57.0285,-0.561023,0,-3.5,0,0.88753,0.455585,0.0687946
33.3387,-56.025,69.5228,-0.601822,0,4.2,0,0.704852,0.250489,0.663656
2.635,-33.5015,61.273,0.396872,0.319594,-0.7,0,-0.0177786,0.658335,0.752515
1.67575,-50.179,60.5335,-0.22203,0,2.79993,0,-0.873297,-0.430458,-0.228161
-6.4495,-43.4735,63.4765,-0.374333,0,-3.5,0,-0.723879,0.198109,0.660872
34.9372,-21.7932,61.114,0.502867,0.739321,-4.5,0,-0.352849,0.930236,-0.100789
34.8125,-37.2845,72.632,-0.907945,0,-0.533866,0,-0.686579,0.155481,0.710236
33.661,-58.817,51.065,-0.591272,-0.964131,-3.9,0,-0.542919,0.148914,-0.826477
10.291,-47.55,50.7265,-0.220215,0,3.8,0,0.729903,-0.298812,-0.614779
21.1992,-49.317,61.0658,-0.435507,0,4.5,0,0.128992,0.726348,-0.675115
26.9053,-45.6768,74.5825,0.230916,0.132349,-4.5,0,-0.751428,-0.581583,0.311637
37.3797,-59.4385,74.1827,-1.77135,-0.786219,-3.5,0,0.849626,-0.100447,0.517732
-0.82875,-34.2938,57.3365,-0.272654,-0.294056,-2.20306,0,0.0227177,0.999687,0.0104849
53.6795,-27.5473,71.352,0.0751628,0,-1.6,0,-0.120549,0.707201,0.69666
52.3605,-52.1265,77.524,0.451546,0.0262974,-4.5,0,0.422786,-0.904298,0.0591442
33.578,-43.2875,53.045,0.294658,0,-4.5,0,-0.0769972,0.978507,-0.191301
34.432,-58.3647,74.1985,-1.2935,-0.0597894,-3.5,0,-0.393549,0.56168,0.72776
44.8335,-66.5295,77.1507,-0.230747,0,3.8,0,0.357199,0.926862,-0.11548
24.4815,-51.7035,69.5455,-1.84551,-0.0214607,-3.5,0,0.326382,-0.199179,0.924015
37.3978,-71.5155,69.2462,-1.6207,-0.26549,-2.9561,0,0.405351,-0.310055,0.859975
29.616,-69.4005,71.8018,-0.490141,-0.224646,-2.04783,0,0.373526,0.131214,0.918293
55.0525,-25.6305,68.97,-0.757349,-0.808554,2.5,0,0.612033,0.77299,0.167043
52.1497,-43.6618,59.2777,-0.215484,0,-3.2,0,-0.263359,-0.351485,-0.898388
49.7093,-25.9385,66.374,0.281337,0,0.922123,0,0.210248,0.348535,-0.913411
31.7892,-70.3857,66.3238,-1.28731,-0.724849,4.5,0,-0.385606,-0.1109,-0.915975
22.293,-68.339,72.5355,0.374801,0.196474,-3.5,0,0.816972,0.223333,0.531676
-4.43225,-39.3975,52.0532,-1.05163,-0.359568,-1.3,0,-0.550051,0.648012,-0.526805
48.4238,-68.2408,60.4832,0.168687,0,3.8,0,0.877824,-0.477202,0.0412639
15.316,-52.0592,70.9268,-0.8506,-0.00679479,4.42198,1,0.108895,0.607468,0.786845
4.3505,-54.812,72.019,-1.1152,-0.13449,-3.5,0,-0.480825,-0.563073,0.672128
42.1205,-16.717,68.283,0.210134,0,-0.700904,0,-0.673439,0.664222,-0.324485
37.0785,-22.8835,72.6205,-0.239275,0,-0.8,0,-0.3912,-0.881492,0.264452
7.63425,-40.8568,69.9707,-0.00256546,0.735842,-3.5,0,0.49082,0.69768,0.521861
53.073,-26.931,59.442,-0.0678084,-0.735082,2.5,0,0.185618,0.980924,0.0577493
-1.361,-51.0713,53.8925,-0.497935,-0.507284,-0.7,0,-0.132484,-0.974802,0.179471
31.3983,-40.0265,68.8835,-0.203747,0,1.8,0,-0.586834,0.440326,0.679514
10.8875,-38.9627,56.43,-0.46283,0,2.8,0,-0.165483,0.802168,-0.573709
43.5428,-47.098,49.3725,-0.0566944,0,2.8,0,0.702785,0.699255,-0.130903
58.454,-46.357,61.806,-1.11978,-0.771888,-3.5,0,0.770434,-0.369213,-0.519724
33.5322,-41.1393,57.1937,-0.737613,-0.661822,-1.6,0,-0.736967,-0.144643,-0.660272
16.0025,-67.6995,74.232,-0.0328928,0.541996,-0.7,0,-0.504197,-0.801431,-0.321705
38.557,-57.175,74.188,-0.183083,0,-0.7,0,-0.442271,-0.0882168,0.892533
40.0462,-29.461,57.618,-1.53477,-0.0136829,-4.5,0,-0.5348,-0.0668144,-0.842333
39.9725,-19.748,72.9262,-0.0677315,-0.613687,-0.768709,0,0.590119,0.208153,0.780021
30.1338,-48.5732,60.6712,-0.353313,0,-3.5,0,-0.142973,-0.65235,-0.74431
46.8355,-22.2817,62.194,-0.0480855,0,4.5,0,0.126858,0.811761,-0.570044
52.3695,-71.903,75.153,-0.483795,-0.499297,-0.7,0,0.618423,-0.75691,0.211283
17.9595,-54.485,56.1867,-0.838293,-0.443519,-3.5,0,-0.0364063,0.180881,-0.982831
52.0552,-54.759,68.858,-0.568455,-0.741562,-3.99988,0,0.821659,-0.429531,0.374673
14.9808,-70.4873,79.7523,-0.0766794,0,-0.9,0,0.629385,-0.731138,0.263271
45.937,-31.7775,73.349,-0.701047,0,3.8,0,-0.261361,-0.690563,0.674398
9.69475,-56.117,53.9622,-0.304898,0,4.2,0,0.935256,-0.113295,0.335351
9.699,-60.2122,71.347,1.21534,0,-0.208101,0,-0.655173,-0.521853,-0.546277
42.949,-31.635,53.7915,-0.251394,0,-0.7,0,-0.189468,0.717952,-0.669811
56.2697,-52.5272,73.462,-0.0880605,0,-4.5,0,0.687146,-0.72627,0.0190295
6.79625,-58.3498,63.5665,-0.116589,0,-0.8,0,0.316554,-0.90694,0.277946
13.742,-55.8055,75.7803,-0.227065,0,-0.7,0,0.0471437,-0.192458,0.980172
42.9533,-33.7723,69.444,-1.87617,-0.0961734,-2.33395,0,0.248788,0.624051,0.740719
7.9285,-60.289,74.1729,-0.936756,-0.00439158,-3.5,0,-0.875022,-0.483319,0.0272008
34.886,-34.477,59.4017,-0.379247,-0.0947685,-1.149,0,-0.549918,0.81299,-0.191406
34.408,-38.3245,72.7647,-0.372818,0,1.8,0,-0.847123,0.161092,0.506391
43.0467,-38.8322,54.0527,0.505804,0,-3.5,0,0.582274,-0.545398,-0.602907
-7.72575,-47.041,60.9383,-1.33224,-0.0364981,-3.5,0,-0.385022,-0.845579,0.369804
13.493,-49.108,52.479,-0.232109,0,3.8,0,0.0182102,-0.656497,-0.754109
30.617,-43.4985,57.927,-1.187,0,-0.7,0,-0.637345,0.102165,-0.763776
19.004,-53.0843,73.2643,-2.01346,-0.0713895,-3.5,0,-0.307593,0.238859,0.92105
53.9785,-37.0355,57.7475,-0.125416,0.067836,-3.5,0,-0.486992,-0.321512,-0.812077
55.758,-45.3667,80.622,-0.877576,-0.749471,-3.5,0,0.319649,-0.305525,0.896927
61.039,-38.403,72.686,-1.39348,-0.217548,-2.61941,0,0.768631,0.399761,0.499398
-5.48825,-38.549,60.202,-0.928369,0,-3.15691,0,-0.734828,0.677666,-0.0282356
47.402,-40.188,52.8095,1.09768,0.0200637,-4.5,0,0.155782,0.74445,-0.64925
55.24,-34.679,70.115,-0.626562,-0.345931,2.06785,0,-0.352457,0.249196,0.90204
39.735,-33.9977,53.3545,-1.4122,-0.17931,-3.5,0,-0.747379,0.595408,-0.294812
43.6782,-19.2885,68.5113,-0.17864,0,-0.879889,0,0.8088,-0.576002,0.118594
49.128,-50.855,52.418,0.627909,0.745908,-4.5,0,-0.152701,-0.302164,-0.940946
44.2545,-63.897,54.703,0.904424,0.270468,-4.5,0,0.712741,0.571747,0.406331
24.0548,-61.343,73.039,0.109999,-0.0829617,-0.839299,0,0.443807,0.383745,0.809799
52.953,-46.8997,77.449,0.0866983,-0.963405,-3.9,0,0.428056,-0.714339,0.553613
31.4077,-68.044,62.0433,-0.505458,0,-4.5,0,-0.29703,-0.954834,0.00809131
2.22175,-39.0537,52.2567,-0.28122,0,-3.5,0,-0.698585,0.684959,-0.206906
55.895,-51.278,62.2918,0.550901,0.381776,-3.98623,0,0.789554,-0.275222,-0.548504
27.5275,-52.4015,61.5832,-0.228299,0,1.9,0,0.698795,-0.21327,-0.682789
44.589,-72.695,58.502,-0.00583321,0.008207,-3.5,0,0.151014,-0.891058,-0.42803
32.7368,-40.995,71.4788,-0.386703,0,-4.5,0,-0.249803,0.838013,0.48511
9.27175,-34.9222,63.911,-0.661139,0,-3.2,0,0.515167,0.636342,0.574171
-0.24775,-50.8553,54.3365,-0.548424,-0.19992,-0.7,0,-0.0647835,-0.980578,0.185121
9.14075,-39.674,66.723,-2.06792,-0.431942,-3.5,0,0.662804,0.586377,0.465674
0.6205,-56.8475,59.1527,-0.387424,0.287125,-3.2,0,-0.829043,-0.536731,-0.156868
7.2015,-51.5145,50.552,-0.0760212,0,-3.5,0,0.550393,-0.00166855,-0.834904
42.713,-24.1545,71.3867,-0.56781,-0.0905578,2.51288,1,-0.255746,0.420201,0.870646
58.8268,-37.8797,77.9822,-0.196982,0,-3.5,0,0.060528,0.967731,0.24461
47.2407,-28.732,75.2965,-0.309195,0,3.8,0,0.70177,0.0998077,0.705378
29.658,-47.935,60.024,-1.30416,-0.68975,-3.5,0,-0.215566,-0.686884,-0.694062
50.9765,-60.8655,59.448,-0.385604,-0.63149,-3.5,0,0.875917,0.186928,0.444777
34.5132,-72.6452,64.0827,-1.76053,0,-3.5,0,-0.632363,0.0565933,-0.772602
20.4137,-54.332,56.8903,-0.224647,0.191204,-3.5,0,0.299142,-0.466118,-0.832615
37.466,-32.996,74.737,-0.3323,0,4.2,1,-0.482099,0.875689,0.027387
16.95,-47.2245,53.7275,-0.244586,0,3.8,0,0.94915,-0.0912086,-0.301322
54.4195,-41.1647,58.6587,-0.0152031,0,-3.25235,0,-0.110745,0.139786,-0.983969
17.7795,-38.4435,63.368,-1.81203,-0.283473,-3.5,0,0.911144,-0.317761,0.262384
9.746,-57.3083,53.1485,-0.273234,0,4.2,0,0.909857,-0.404793,0.0911165
27.945,-45.7695,64.039,-0.263062,0,-3.5,0,-0.950888,0.309335,0.0111409
21.8298,-49.4545,63.446,-0.538189,0,4.5,0,0.75535,0.650317,0.0808308
9.5395,-47.346,49.3125,-0.237515,0,3.8,0,0.722007,-0.0691254,-0.688424
33.7885,-35.8582,53.2035,0.228793,0,-3.2,0,-0.400583,-0.308722,-0.862684
51.216,-38.3755,59.1628,-0.184362,0,-3.2,0,0.373055,-0.225782,-0.899918
3.835,-39.3725,48.927,0.24193,0.243494,-3.5,0,0.0278438,0.245923,-0.968889
60.0643,-30.798,60.5802,0.182027,0,3.8,0,0.235503,0.416307,-0.878195
60.1232,-46.6693,77.89,1.39942,0.300534,-3.9,0,-0.0510821,-0.699214,0.713085
50.5115,-25.894,54.6685,0.427282,0,-3.9,0,0.406058,-0.430978,-0.805838
62.0973,-35.7733,69.026,-0.237587,0,-3.9,0,0.64597,0.160682,0.74626
50.202,-66.693,62.625,-0.352222,0,-3.2,0,0.200096,-0.95813,0.204813
51.7163,-22.2027,68.9905,0.839601,-0.156902,-1.96399,0,0.610831,0.585315,0.53319
15.295,-62.165,65.164,-0.274825,-0.0312098,-3.27554,0,0.3461,-0.158796,-0.924661
20.6612,-66.6188,61.9162,-1.37866,0,-3.5,0,0.282176,-0.426956,0.859119
35.5245,-21.1255,67.621,-0.106363,0,4.5,0,-0.703804,-0.53085,0.472078
-5.17575,-42.3895,64.733,-0.946527,0,-3.5,0,-0.617989,-0.0765076,0.782455
45.543,-20.6467,73.5785,-1.73151,-0.623081,-3.5,0,-0.517098,0.623139,0.586777
29.4015,-69.5515,66.928,0.246453,0.363906,2.4412,0,0.305018,-0.36786,-0.878432
9.3155,-34.3755,62.698,-0.699629,0,-3.2,0,0.472113,0.585309,0.659183
59.751,-34.6355,65.6905,0.140108,-0.074857,-3.51084,0,-0.344629,-0.358854,-0.867441
34.046,-52.462,58.405,-0.693869,0,-0.9,0,-0.691285,0.425457,-0.584048
13.597,-43.4422,56.262,-0.253985,-0.270943,3.8,0,0.750962,0.659849,0.0256163
5.697,-53.7225,75.233,-0.162769,0,-3.5,0,-0.677526,-0.712354,0.183058
44.2158,-57.2945,50.4072,0.378734,0,-1.93349,0,0.343549,-0.0176921,-0.938968
54.0457,-34.3198,59.8027,-0.190244,0,-3.5,0,0.350213,0.704504,-0.617272
45.0802,-27.3522,55.6312,-0.28877,0,-2.09999,0,-0.331978,0.56629,-0.754391
41.0648,-29.2165,57.2045,-0.790109,0,-3.5,0,-0.449694,-0.228472,-0.863468
34.8602,-38.717,55.3235,-0.0359824,0,-3.2,0,-0.440055,-0.549838,-0.709951
27.359,-69.994,67.48,-0.0859728,0,-3.5,0,-0.602945,-0.468881,-0.645452
7.4185,-58.5288,51.4308,-0.19995,0,4.2,0,-0.233905,-0.643654,-0.728696
31.9275,-72.5485,66.838,-0.396016,0,-0.7,0,-0.2547,-0.0342458,-0.966414
52.3045,-50.2352,78.1653,0.724885,0.286413,-4.5,0,0.838434,0.529586,0.128713
17.5417,-39.5047,65.0157,-0.405621,0,1.8,0,0.979896,0.0305692,-0.197151
59.976,-34.6582,61.4888,0.515053,0,3.8,0,0.0245767,-0.99837,-0.0515133
-9.056,-45.798,55.941,0.478358,0.352042,-4.5,0,-0.0607366,-0.994221,0.0885235
50.297,-36.834,79.637,-0.912257,-0.205867,-3.5,0,0.195174,0.325929,0.925028
52.7055,-64.7282,55.9953,-1.15796,-0.91115,-3.5,0,0.62802,-0.318478,-0.710044
21.442,-66.7865,59.244,-2.1583,0,-3.5,0,0.562159,-0.352543,-0.748125
38.5942,-65.0687,53.7417,0.311392,0.19353,-4.31986,0,-0.313372,-0.600498,-0.735663
27.6427,-43.428,74.727,-0.495344,0,-4.5,0,-0.63949,0.669891,0.377225
5.7775,-58.0965,57.0525,-0.654862,-0.250831,-1.98064,0,-0.247072,-0.759635,-0.60159
16.194,-53.7378,72.23,-1.00625,0,1.87819,1,0.10822,0.862721,0.493965
10.548,-41.229,51.9305,-1.57783,-0.0288677,-0.4,0,0.567919,0.655939,-0.497205
37.917,-29.1127,70.2785,-0.310839,0,3.8,0,-0.716584,-0.150101,0.681158
31.264,-32.9065,66.0085,-0.0823955,0,-3.9,0,-0.157477,0.965287,-0.20838
51.762,-53.4823,75.6762,0.987505,0,-4.5,0,-0.105209,-0.662585,0.741561
58.8515,-38.326,61.8435,0.73034,0,-3.9,0,0.442976,0.890139,-0.106892
43.792,-49.9582,51.3753,-0.0700314,0,-0.136971,0,0.978794,0.187325,-0.0828895
56.137,-30.3193,72.811,0.359458,0,1.8,0,-0.5352,-0.215693,0.816724
13.9237,-66.6503,70.0825,-0.198599,0,4.2,0,-0.53584,-0.759059,0.369736
24.859,-50.1175,69.0713,-2.08353,-0.911525,-3.5,0,0.322241,0.758056,0.56702
7.40725,-51.827,78.9688,0.186697,0.732094,-3.5,0,0.430189,-0.18441,0.883703
42.1797,-38.4535,53.1328,0.632352,0.664814,-3.5,0,0.124298,-0.730098,-0.671942
45.4432,-26.3902,59.0037,-0.25849,0,-3.5,0,0.583677,0.804807,0.107732
26.681,-64.0155,73.107,-0.0282912,0,-1.6,0,0.0395699,-0.589234,0.806993
44.9975,-60.8595,78.1775,0.318482,0.552158,-3.5,0,-0.257373,0.0733786,0.963522
58.6955,-41.9437,61.9925,0.0156923,0,-3.9,0,0.718811,-0.639394,-0.272922
12.1193,-41.0073,56.1595,-0.532309,0,2.8,0,0.809479,0.34758,-0.473215
38.6222,-22.6852,59.121,-1.86823,-0.26476,-3.5,0,-0.224491,-0.114261,-0.967754
57.9285,-30.978,60.2378,0.174374,0,3.8,0,-0.088258,0.213634,-0.972919
2.5195,-49.399,70.9057,0.276098,0.816618,-0.7,0,-0.416843,-0.247159,0.874731
28.7295,-66.616,71.322,-1.53671,-0.0335864,-3.5,0,0.187758,0.255786,0.948325
-6.7295,-46.5363,54.8655,0.318367,-0.023946,-1.3,0,-0.234348,-0.930406,0.281825
22.041,-63.8512,64.7695,-0.895569,0,-0.771129,0,0.0755333,-0.830702,-0.55157
46.9665,-71.7708,65.5693,-0.0705096,0,4.5,0,0.349937,-0.735472,-0.580194
4.899,-38.54,50.0215,-0.23034,0,-3.5,0,0.730663,0.496481,-0.468655
-2.3755,-38.4362,52.546,-1.04638,0,-1.3,0,0.205735,0.836928,-0.507173
27.0478,-44.7248,72.351,0.345999,0.45209,-4.5,0,-0.83622,-0.430588,-0.339604
4.58725,-54.8133,51.5552,-0.448078,-0.0396463,-3.5,0,-0.437714,-0.819859,-0.369104
32.9222,-47.7057,57.439,-1.47744,-0.164426,3.8,0,-0.218947,-0.971443,-0.0914369
53.5015,-45.206,79.682,-0.489904,-0.868688,-3.5,0,-0.600243,0.218745,0.769324
49.3187,-27.2765,59.8187,-0.66601,-0.910478,-0.8,0,-0.522725,0.418739,0.742574
55.7817,-42.9987,80.29,-0.212058,0,-3.5,0,-0.106876,0.412749,0.904553
27.8943,-47.1292,68.065,0.256424,0.56593,-3.5,0,-0.767419,0.000806504,0.641145
44.2675,-23.3927,73.0837,-2.08053,-0.261804,-3.5,0,-0.814816,-0.046564,0.577847
19.1882,-68.5855,77.4325,-0.370276,0,-0.7,0,0.238088,-0.893843,0.379945
-4.424,-35.7175,56.212,-2.20672,-0.0438172,-3.5,0,-0.860479,0.367734,-0.35263
36.8375,-38.63,54.743,0.145679,-0.276054,-3.2,0,-0.046298,-0.191312,-0.980437
46.7648,-21.9255,71.3245,-0.956702,0,-3.5,0,-0.0934589,0.758193,-0.645297
42.0355,-17.5208,65.3367,0.390156,0,-3.5,0,-0.475628,0.703805,-0.527672
58.5885,-29.5165,64.3008,-0.0356879,0,3.8,0,0.105678,0.822555,0.55878
-5.6155,-39.8755,57.982,-1.18836,-0.653568,-3.5,0,-0.78625,0.443295,-0.430466
14.452,-62.8623,64.6155,-0.0182243,0.370435,-3.5,0,0.651894,-0.077131,-0.754377
14.3888,-36.0692,62.8853,-0.662839,0,-3.5,0,0.148102,0.967292,0.205941
49.42,-34.0223,72.8245,-1.21262,-0.00730325,3.38595,0,0.606721,0.719405,0.33815
60.9125,-44.6535,65.5325,0.268717,0,-3.5,0,0.930499,-0.219692,-0.293098
25.986,-49.637,59.5015,-0.208194,0,1.9,0,0.260919,0.696902,-0.668019
48.4775,-44.4787,52.8115,0.866465,0.682402,-4.5,0,0.54909,-0.561068,-0.619438
-4.2475,-46.7575,60.303,-1.43839,-0.750942,-3.09446,0,0.258679,-0.95564,-0.140845
50.8833,-66.7282,74.825,-0.391019,0,1.9,0,0.284243,0.654115,0.700956
33.3645,-51.1707,54.248,-1.68911,-0.103575,-3.5,0,-0.631512,0.760857,0.149298
50.776,-48.3915,81.7955,0.494089,0.515795,-3.5,0,0.142537,-0.605671,0.782844
3.22475,-54.319,71.4967,-1.20012,-0.296442,-3.5,0,-0.526039,-0.361533,0.76979
22.0255,-69.082,71.154,-0.0626304,0.229765,-3.5,0,0.606869,-0.765992,-0.21205
25.8445,-71.3715,73.8445,-0.904361,-0.504538,-3.5,0,-0.552379,0.0947126,0.828195
21.6943,-52.2402,73.0153,-1.51279,0,-3.5,0,0.348023,0.274089,0.896524
-1.3825,-47.6045,59.5575,-0.496458,0,4.2,0,-0.609882,-0.763679,0.211751
-5.51175,-40.4235,51.9507,-0.408721,0,-1.3,0,-0.661188,0.625157,-0.41474
63.429,-36.0913,64.088,2.33802,0.750139,-3.9,0,0.287587,-0.634299,-0.717606
63.529,-41.7735,67.4238,0.693505,0,-1.6,0,0.682308,-0.217033,-0.698107
46.6,-38.3525,73.3365,-0.631317,0,2.8645,0,-0.142544,-0.427729,0.892597
28.8937,-63.265,61.4523,0.235968,0.515346,3.8,0,0.253581,-0.807548,-0.532506
54.3582,-38.4603,58.1833,0.319515,0.146708,-3.5,0,-0.565008,-0.458958,-0.685655
-7.705,-45.5412,57.1222,0.385229,0.451372,-4.5,0,0.0264498,-0.998936,0.0377778
1.6945,-42.6395,71.249,-0.201504,0,4.2,0,-0.142207,-0.430372,0.891379
40.4652,-49.5628,47.6978,-0.224062,0,2.8,0,-0.444217,-0.816471,-0.368844
31.195,-37.1813,58.6003,0.00262532,0,-1.6,0,-0.925804,0.211348,-0.313399
12.9043,-38.8455,66.4175,-1.5219,-0.676401,1.8,0,-0.466382,0.183584,0.865324
59.8143,-46.4403,74.3702,0.286742,0,-3.9,0,0.650339,-0.26497,-0.711934
15.5428,-53.9168,55.436,-0.0151125,0.0786633,1.47486,0,0.180918,-0.513023,-0.839092
43.3257,-63.5835,52.1755,0.825858,0.131452,-4.5,0,0.561874,-0.326642,-0.760002
37.3358,-48.9448,52.731,-1.18683,-0.201064,3.48085,0,-0.598504,-0.154716,-0.786038
61.3995,-43.846,70.486,0.230357,0,-1.6,0,0.108241,-0.913613,0.391911
28.6165,-54.2233,63.1937,-0.534038,0,0.468397,0,0.470304,0.0511582,-0.88102
38.2812,-47.0602,50.0023,0.252447,0,2.8,0,-0.867354,-0.497209,0.0219074
49.832,-52.669,78.545,0.358558,0,-4.5,0,0.11434,-0.980451,-0.160132
48.2504,-54.5617,56.0882,-0.0794487,0,-3.5,0,0.509644,0.0771145,-0.856922
28.765,-34.2393,68.335,2.37068,0,-3.9,0,-0.402257,0.468082,0.786822
3.716,-55.043,70.983,-0.752362,0,-3.5,0,-0.388968,-0.735611,0.554599
2.98,-52.3683,69.625,-0.339899,0,-3.5,0,-0.718245,0.401286,0.568413
1.81662,-34.1727,57.0695,-0.219847,-0.0429763,-3.38256,0,-0.440798,0.846716,-0.297942
36.4586,-52.3989,70.4758,0.198207,0,-0.8,0,0.390917,0.208674,0.896459
19.6165,-50.679,59.0395,-0.291087,0,-3.5,0,0.132337,0.990321,-0.0418537
-8.3835,-44.2276,53.2859,-0.109301,0,-4.5,0,-0.0870634,-0.178799,-0.980026
45.427,-53.3662,52.101,-0.227165,0,-3.5,0,0.988329,0.0944705,0.119507
37.3867,-21.0917,64.6738,-1.15773,-0.294068,4.5,0,-0.526418,-0.207456,-0.824528
41.7127,-67.788,75.096,-0.00592652,0,3.8,0,-0.654236,-0.234862,-0.718899
46.5781,-46.0518,53.0735,0.173461,0,-1.3,0,0.153576,-0.192785,-0.969148
47.6724,-59.3856,51.4738,0.0155613,0,-0.8,0,0.522794,-0.484653,-0.701283
41.4349,-72.1694,60.1639,0.134658,0,-3.5,0,-0.619461,-0.710446,-0.333968
1.6945,-43.327,70.502,-0.155173,0,4.2,0,-0.065753,-0.681847,0.728534
44.967,-20.8305,64.7555,-0.197609,-0.0854411,-3.5,0,0.968791,-0.0897269,-0.23107
52.9399,-65.124,61.4463,-0.107899,0.863396,-3.2,0,0.99174,-0.0498067,-0.118201
44.0445,-25.569,72.2405,-0.856749,0,4.5,1,-0.234815,0.00161016,0.972039
25.7504,-63.5595,73.0975,0.682266,0,-1.6,0,-0.0450924,-0.24799,0.967713
34.0731,-43.1134,55.0924,0.144436,0.122926,-4.5,0,-0.282776,0.95821,0.0432611
32.2649,-68.0751,62.6642,-0.641491,0,-4.5,0,-0.228513,-0.949129,0.216648
15.1285,-44.7875,53.4753,-0.338163,0,3.8,0,0.441143,0.81015,-0.38607
5.26075,-57.1564,65.3613,-0.214344,-0.206261,-0.7,0,-0.7645,-0.576186,-0.289048
61.3499,-32.7393,66.081,1.29456,0,-3.9,0,-0.249279,0.965698,0.0727196
9.38587,-56.0115,55.1596,-0.412405,0,4.2,0,0.873785,-0.406885,0.266355
5.159,-37.657,53.151,-0.345891,0,-3.5,0,0.553738,0.791131,-0.259781
1.65475,-37.3681,69.7873,-0.34115,0,4.5,0,-0.687886,0.078849,0.721523
29.118,-43.604,64.717,-0.0178701,0,-0.7,0,-0.426537,0.0127476,0.90438
21.5869,-53.5462,56.5309,-0.338216,-0.117974,-3.5,0,0.0994142,-0.551232,-0.828408
18.6749,-53.249,56.6964,-0.234837,0,-3.5,0,-0.117006,0.213953,-0.969811
-0.021625,-51.5023,65.9189,-0.158366,0,4.2,0,-0.980076,-0.151536,-0.128406
54.3096,-44.7593,59.1628,0.408657,0.752019,-3.2695,0,0.0977696,-0.211449,-0.972487
5.344,-47.5467,72.0703,-1.45805,-0.810178,-0.7,0,-0.162271,-0.830397,0.533019
3.82562,-37.6275,71.0127,-0.333193,0,4.5,0,0.133918,0.574928,0.80717
31.267,-58.3334,56.0872,1.21528,0,-3.9,0,-0.715436,-0.472289,0.514873
47.9041,-61.3843,65.2168,0.271293,-0.5342,-3.2,0,0.685397,0.704002,0.186044
12.1296,-56.5322,58.1427,-0.208377,0,4.2,0,0.0059549,-0.299449,-0.954094
44.3727,-50.995,50.6657,-0.331416,0,-3.5,0,0.914731,0.403702,-0.0170945
41.934,-50.3433,49.0545,-0.18667,0,2.8,0,-0.67617,-0.689814,-0.258749
29.678,-49.0363,61.646,-0.0985595,0,-3.5,0,-0.29453,-0.568613,-0.76807
44.5735,-33.706,53.707,-0.757295,-0.193552,-0.7,0,0.360695,-0.0932449,-0.928011
41.2383,-49.0994,46.63,0.0799094,0,2.8,0,-0.326357,-0.580965,-0.745634
7.45563,-59.3076,73.4435,0.137838,-0.00894619,-3.5,0,-0.879914,-0.471661,0.0573312
41.988,-21.5115,71.291,-1.4272,-0.147319,-0.7,0,0.309589,-0.475434,0.823479
44.1491,-45.0476,78.8359,-0.168904,0,-0.7,0,-0.101105,-0.551606,0.827955
22.5408,-52.5874,72.3446,-1.66877,0,-3.5,1,0.791216,0.251155,0.557583
57.3939,-37.5536,62.0724,0.993547,0,-3.76056,0,0.72208,0.691645,0.015106
50.3717,-53.1379,75.9891,0.33823,0,-4.5,0,0.0549242,-0.695003,0.716906
50.8945,-28.297,62.6893,0.212342,0,2.5,0,-0.684631,0.728331,-0.0285541
56.6922,-51.9394,72.3244,0.524407,0,-4.5,0,0.793682,-0.485738,-0.366235
47.7503,-23.38,69.094,-0.23276,0,-3.5,0,-0.337721,0.421148,-0.841771
52.8105,-24.5515,55.621,0.785784,0,-3.9,0,0.744803,-0.644378,-0.173338
-4.90775,-45.9146,55.4077,-0.579041,-0.24429,-1.3,0,0.0671037,-0.939528,0.335833
49.3175,-39.4647,56.2486,0.482964,0,-4.5,0,0.975966,0.179121,-0.124121
11.1515,-64.0726,70.4538,-0.107617,0,3.8,0,-0.254532,-0.599214,-0.759049
-2.11538,-47.465,53.7192,-0.25316,0,-0.7,0,-0.898991,-0.429364,-0.0863822
12.1528,-41.2427,67.0407,-0.690299,0.936638,-3.5,0,0.0435585,0.600224,0.798645
1.92613,-53.4289,61.8759,-0.368527,-0.253751,1.30993,0,-0.984008,0.17794,0.00804684
39.0495,-61.8288,52.71,-0.910237,-0.76574,-3.5,0,0.145738,-0.0872218,-0.985471
1.46162,-34.4168,61.7034,-0.942875,0,-0.7,0,-0.393196,0.683862,0.614597
20.2124,-59.7728,74.2647,-0.535162,0,3.8,1,0.189511,0.956959,0.219805
28.7612,-63.1605,59.292,-0.215483,0,3.8,0,0.0799406,-0.93311,-0.350593
23.6205,-55.8305,70.8285,0.337148,0.787717,-3.5,0,0.797977,0.102782,0.59386
55.247,-49.5677,69.9426,0.163887,0,-3.5,0,0.885663,-0.433676,0.165911
56.2673,-35.1423,71.028,-0.569004,0,-3.5,0,-0.74033,0.198893,0.642147
45.3289,-30.9161,69.7374,-0.911286,0,3.8,0,-0.906083,-0.41053,0.10237
62.7207,-37.8978,69.1048,-0.161699,0,-3.9,0,0.804341,0.162617,0.571482
49.5515,-37.8115,56.3365,0.440197,-0.55289,-0.8,0,0.562564,-0.180234,-0.806869
9.57187,-40.5047,54.0661,-0.49034,0,2.64048,0,0.457386,0.876545,-0.149887
42.7062,-29.5819,56.2571,-0.797085,-0.120314,-3.5,0,-0.53583,-0.107555,-0.837448
36.6302,-56.0698,50.9077,-0.953216,0,-0.4,0,-0.56477,0.417995,-0.711558
37.6213,-65.833,72.3731,-0.139647,0,-0.8,0,-0.121855,-0.650185,0.74994
49.4911,-56.2361,56.4357,-1.19672,0,-3.5,0,0.331647,0.21335,-0.918962
33.811,-48.615,73.071,0.0285536,0,-1.6,0,0.00768081,-0.817504,-0.575872
53.59,-50.06,60.683,1.07468,0,-4.5,0,-0.0129721,-0.478958,-0.877742
49.9868,-51.0715,58.1888,0.589347,0.784069,-4.5,0,0.842344,-0.318476,0.434775
52.6179,-68.3839,76.172,-0.284981,0,-0.7,0,0.795276,0.596048,0.11074
28.1303,-58.4772,70.9405,1.46155,0.762562,4.2,0,-0.384552,0.283378,0.878531
8.38425,-58.4907,51.7575,-0.211273,0,4.2,0,0.474218,-0.631602,-0.613348
30.302,-39.836,67.8292,-0.0408408,0,1.8,0,-0.890137,0.00387232,0.455676
50.2612,-64.7079,66.5186,0.24602,0,3.00806,0,0.470099,0.658528,0.587663
54.5718,-51.1567,69.5283,-0.501263,-0.126002,-0.4,0,0.926092,-0.377297,-2.25483e-06
37.5213,-45.8317,48.6365,0.600074,0.868557,-4.5,0,-0.460915,-0.504357,-0.730193
47.7774,-60.5373,69.0875,0.761024,0,2.8,0,0.556695,-0.794655,-0.242104
47.1465,-44.35,78.5935,0.0604188,0,-3.5,0,0.165252,0.601402,0.78167
5.59575,-59.1427,61.6759,-0.078196,0,-0.8,0,-0.331386,-0.903393,0.272149
46.9411,-28.6416,61.3591,-0.145328,0,4.5,0,0.582135,0.78423,-0.214715
28.5173,-45.4894,64.8333,0.215687,0,-3.5,0,-0.701105,0.544699,0.460168
60.9981,-44.0224,66.5624,-0.127487,0,-3.5,0,0.999436,-0.0203427,-0.0267298
41.767,-32.1335,54.4095,-0.453675,0,-0.7,0,-0.685893,0.682632,-0.252121
30.5109,-70.1126,67.1624,-0.222705,-0.563386,1.32459,0,-0.200777,0.033293,-0.979071
37.4364,-40.0966,54.2105,-0.614691,-0.305044,-3.30718,0,-0.244639,0.607627,-0.755606
4.51275,-55.9886,70.4003,-0.0159277,0.537915,-3.5,0,-0.667934,-0.630834,0.394856
46.6695,-62.9004,73.4066,-0.109295,0,-1.2515,0,0.921595,0.177084,0.345403
46.8971,-48.0392,53.6447,-0.845544,0,-1.73595,0,0.136043,-0.0227066,-0.990443
52.7043,-38.6405,79.1172,-0.471736,-0.0196043,-3.5,0,0.704952,0.21781,0.674983
13.7812,-62.9545,62.4847,-0.0483868,-0.487901,-1.34139,0,0.78957,-0.595238,0.149234
3.24813,-37.8504,52.6451,-0.234376,0,-3.5,0,-0.521982,0.740277,-0.423704
28.8368,-51.9893,62.2477,-0.429694,0,-0.9,0,0.301267,-0.180123,-0.936373
51.8245,-66.054,60.576,0.17689,0.461633,-3.36671,0,0.584448,-0.81086,0.0304535
44.583,-72.312,67.871,-0.040473,0,4.5,0,-0.179448,-0.956681,0.229259
45.6579,-54.3141,50.1086,-1.22978,-0.253382,-3.5,0,0.646632,-0.114936,-0.754093
51.6625,-25.5575,69.5605,-0.663762,0,-0.4,0,0.263014,-0.00436264,0.964782
32.4106,-63.687,72.282,0.484182,0,2.5,0,-0.450015,-0.133499,0.882986
50.6995,-71.2483,76.6859,-0.286286,0,-1.1077,0,0.395973,-0.65476,0.643812
29.8849,-53.9346,69.2978,-0.418681,0,-3.5,0,0.0432889,-0.40912,0.911453
-0.232625,-48.7748,61.4486,-0.386786,0,1.8,0,-0.61563,-0.656006,-0.436642
50.864,-67.9993,78.0242,-0.179014,0,-0.7,0,0.00597532,0.405178,0.914218
42.8776,-69.1568,57.4668,-0.279033,-0.115999,-4.06234,0,0.215646,-0.419664,-0.881691
41.7028,-21.1903,62.3005,-0.49378,0,-3.5,0,0.929858,0.341613,-0.136617
51.0872,-57.8305,73.2094,0.159276,0,-1.6,0,0.732304,-0.0368994,0.679977
40.6865,-38.6393,53.6942,0.330869,0,-3.5,0,-0.198799,-0.564894,-0.800858
16.4405,-54.2378,73.7454,-0.887452,0,-3.2,0,0.186179,0.798414,0.572602
41.8209,-67.5311,71.9595,-0.296646,-0.100913,1.80154,0,-0.726578,-0.300263,0.618002
4.59137,-56.4909,65.8821,-0.546085,-0.731261,-0.7,0,-0.82578,-0.433106,-0.361258
40.9706,-45.9217,49.0816,-0.094576,0,2.8,0,0.496357,0.810585,-0.310775
55.4785,-49.5503,72.4248,0.179911,0,-4.5,0,0.731681,0.442347,-0.518625
51.212,-43.5578,78.7185,-2.35256,-0.74977,-3.5,0,-0.383277,-0.0604762,0.921651
47.8488,-43.5151,76.9853,0.529443,0.169697,-3.5,0,0.0733158,0.849478,0.522506
34.6801,-40.1464,73.6917,0.25059,0.311211,-0.628605,0,-0.946494,0.301078,0.116192
56.9115,-47.97,61.411,1.1222,0.8798,-4.5,0,0.733709,-0.494805,-0.465659
46.4705,-42.649,75.869,-0.311365,0.465529,-0.7,0,0.375809,0.777349,0.504476
34.0355,-44.9842,75.5748,0.253285,0,-1.6,0,-0.483018,0.493169,0.723517
40.658,-50.5011,51.5538,-1.53247,-0.885612,2.8,0,-0.591077,-0.361546,-0.721049
30.3465,-74.5239,69.0427,-0.271628,0,-0.7,0,-0.817754,-0.573333,0.0506756
35.7139,-41.7384,52.6325,0.915946,0,-4.5,0,-0.869089,0.494508,-0.0120853
44.2448,-54.6105,73.9585,1.45372,0.823895,-0.7,0,-0.38077,0.31736,0.868503
13.9327,-61.8785,63.2566,-0.24584,0,-3.5,0,0.917536,-0.379099,-0.120051
33.221,-59.2397,73.9785,-2.14217,-0.879554,-3.5,0,-0.658272,-0.040952,0.751665
48.8165,-24.4287,63.706,0.129786,0,4.5,0,0.96139,-0.274052,-0.0249815
50.591,-25.2715,66.31,1.21153,0,-0.4,0,-0.186102,-0.283382,-0.940777
35.9412,-19.4179,64.1761,-0.11186,0,4.5,0,0.140467,-0.0749971,-0.987241
10.34,-35.058,59.003,-1.07266,0,-3.2,0,0.275128,-0.410827,-0.86921
55.7887,-47.1494,59.7826,0.33169,0,-4.5,0,0.394259,-0.433134,-0.810528
-9.2515,-45.704,57.037,0.295645,0.763605,-4.5,0,-0.382332,-0.881129,0.278268
44.015,-70.7971,63.156,-0.0148721,0,-3.5,0,0.416027,-0.905596,-0.082568
-2.22137,-48.933,53.204,-0.112555,-0.360439,-0.7,0,-0.965871,0.247021,-0.0779281
54.192,-45.8275,80.2298,-0.878379,-0.493643,-3.5,0,-0.146912,-0.721165,0.677007
12.4104,-52.2764,74.7665,-0.195561,0,-0.7,1,0.150921,0.960518,0.233724
35.6365,-25.5273,66.5803,-0.148161,0,-0.7,0,-0.914539,-0.379603,-0.139717
13.6721,-57.5729,76.1134,-0.183853,0,-3.5,0,-0.349489,0.186613,0.918168
15.1812,-45.0778,60.6601,-0.381597,-0.0979034,-0.7,0,0.234872,0.806389,-0.542745
51.0321,-37.2864,58.3025,-0.437445,0.510395,-1.05172,0,0.610362,-0.600437,-0.516657
55.76,-31.1876,72.0235,-0.212305,-0.353546,1.8,0,-0.37975,-0.361168,0.851673
51.246,-66.539,58.656,0.0564396,0,-3.5,0,-0.267319,-0.944137,-0.192733
60.689,-45.2015,79.1915,2.68693,0,-3.9,0,-0.227677,-0.298718,0.926785
52.9655,-29.3624,72.1527,0.3585,0,-1.6,0,-0.20275,0.380328,0.902354
2.6435,-41.15,50.869,-0.955135,-0.148819,-3.5,0,-0.608927,-0.331351,-0.720704
49.634,-51.8452,54.1535,0.338954,0,-4.5,0,0.348119,-0.825144,-0.444917
12.961,-63.7777,61.919,0.22878,0.716035,-0.8,0,-0.238968,-0.966908,0.0893508
44.7126,-55.8366,75.657,-0.106774,-0.22479,-0.7,0,-0.0694269,0.736915,0.67241
36.456,-34.3763,72.7627,-0.529946,0,4.2,1,-0.215913,0.975797,0.0346812
52.7163,-23.7355,68.657,3.77158,0,-0.4,0,0.579973,0.124109,0.805127
54.2144,-46.9226,77.308,-0.835451,-0.422994,-3.9,0,0.0685306,-0.713971,0.696814
40.3027,-54.0525,74.1045,-0.147813,0,-0.7,0,0.00191179,0.841265,0.54062
15.574,-38.115,65.4368,-0.151769,0,1.8,0,0.306848,0.926543,0.217631
36.1945,-31.867,67.6065,-0.884607,0,-3.5,0,-0.46056,0.826965,0.32251
-10.2165,-45.3614,55.8984,0.424335,0.071067,-4.5,0,-0.680603,-0.628916,0.375824
59.4599,-36.3334,72.3736,-1.22985,-0.200532,-3.5,0,0.832797,0.36807,0.413489
-2.813,-34.6702,57.0294,-2.41684,-0.580719,-3.5,0,-0.0825111,0.972782,-0.216535
14.2305,-49.6188,53.1183,-0.236501,0,0.192916,0,-0.0442859,-0.337968,-0.940115
50.8611,-59.2806,70.5393,0.502336,0,-1.6,0,0.867073,-0.418635,-0.270054
4.70275,-46.3778,49.335,-0.213385,0,-0.7,0,-0.0861202,-0.313985,-0.945514
38.8131,-55.1461,72.7929,-0.193885,0,-0.7,0,-0.727246,0.663085,0.177291
32.857,-34.483,71.534,-1.86675,-0.703044,-3.5,0,-0.804464,0.13791,0.57777
18.7903,-69.131,71.1075,0.144151,0,-3.5,0,-0.393192,-0.903863,-0.16862
12.586,-45.4762,52.3742,-0.360209,0,3.8,0,0.0381805,0.672057,-0.739515
36.9999,-19.4794,70.7271,0.481811,0,-0.8,0,-0.838477,0.532431,0.116075
31.1729,-61.0261,58.7291,-0.126517,0,3.8,0,-0.224875,0.550365,-0.804071
54.448,-52.895,71.455,1.10957,0.754593,-4.5,0,0.454419,-0.775918,-0.437555
4.9185,-52.6044,75.1861,-0.223419,0,-3.5,0,-0.983741,-0.176658,0.0323346
44.5527,-15.3317,70.3,-0.122023,0,-0.7,0,0.485235,0.873832,-0.0310649
50.2289,-52.5559,76.792,0.263977,0,-4.5,0,0.00846555,-0.938244,0.34587
-4.52425,-45.775,56.3445,-0.0685971,0,-4.5,0,-0.205152,-0.977811,-0.0424082
16.756,-38.3184,64.6005,-0.722013,-0.105138,0.703786,0,0.622119,0.742999,0.246821
0.12225,-50.7048,52.8916,-0.144811,0,-0.7,0,0.0820773,-0.996232,-0.0280321
54.4695,-28.946,59.113,-0.002248,0,2.5,0,0.921433,-0.19047,-0.338648
54.933,-54.9571,65.7426,0.790786,0.122712,-4.5,0,0.515745,-0.145314,0.844328
59.4201,-39.3501,60.6936,0.829025,0,-3.9,0,0.936137,0.240192,-0.256817
39.9925,-42.4087,77.7903,0.238516,0,-3.5,0,-0.229179,-0.682434,0.69409
39.5561,-24.543,70.6594,-0.0937657,0,4.5,1,-0.65134,-0.401618,0.643785
39.3431,-21.5489,74.0027,-1.13596,-0.923876,-0.8,0,0.669836,-0.517977,0.531996
56.294,-45.972,72.0185,1.04081,0,-2.2961,0,0.611501,-0.753061,-0.242831
30.9993,-58.1073,53.3245,0.129411,0,-3.9,0,-0.830343,-0.0990612,-0.548378
46.609,-23.8545,74.7309,-0.55973,0,-3.5,1,-0.396096,-0.323141,0.85947
12.3892,-39.3234,65.6967,-1.40219,-0.290131,1.8,0,-0.694155,-0.0511074,0.718009
41.4641,-65.91,76.9994,-0.270119,0,3.8,0,-0.171487,0.984316,0.0414122
34.2629,-25.5086,62.3059,0.125697,0,-4.5,0,-0.757524,-0.645315,-0.0986194
24.454,-65.081,71.591,-0.0206596,0,-1.6,0,-0.522034,-0.387204,0.759969
45.2651,-35.7293,55.3063,0.138578,0,-0.712549,0,0.39221,-0.421088,-0.817837
55.5655,-47.3481,71.0504,0.36614,0,-0.8,0,0.865137,-0.437923,0.244463
10.1215,-54.072,54.798,-0.679119,-0.110857,4.2,0,0.708279,-0.692066,-0.139233
54.5047,-25.5357,65.7728,1.39747,0.399844,2.5,0,0.497533,0.736965,-0.457542
45.9191,-53.0265,55.0061,-0.352947,0.0455313,-4.07533,0,0.620267,-0.503277,-0.601649
47.5868,-42.6283,75.6752,-0.114127,0.757002,-0.7,0,-0.205681,0.67152,0.711868
39.2211,-61.2637,72.2429,-0.377958,0,-0.8,0,0.292023,0.519344,0.803122
-3.75675,-43.5928,67.4327,-1.0119,-0.141182,-3.5,0,-0.905431,0.391455,0.164191
53.2314,-33.7136,59.5421,-0.361924,-0.0621517,-2.27505,0,0.836852,0.36501,-0.407978
60.9622,-29.668,61.5335,0.162378,0,3.8,0,0.727134,0.39778,-0.559506
45.6585,-29.1576,53.5791,-0.123771,0,-0.7,0,-0.755586,-0.143935,-0.639041
30.883,-54.738,56.6003,1.78593,0.178384,-3.9,0,-0.525725,0.588671,0.614068
9.3965,-40.4842,52.7077,-0.16532,0,-0.4,0,0.538286,0.830785,-0.141578
56.4151,-51.2632,63.1686,0.306558,0.257975,-3.5,0,0.68636,-0.558165,-0.466221
51.2849,-34.4704,78.4114,-0.216216,0,3.8,0,0.941363,0.00169566,0.33739
38.9466,-42.9065,50.247,0.673705,0,-4.5,0,0.294724,0.848943,-0.438672
12.9718,-52.3931,72.8487,-0.364182,0,2.00079,1,0.15137,0.984092,0.0930053
43.414,-20.33,67.439,0.224268,0,-3.5,0,0.773349,-0.497405,0.393091
9.01287,-46.2994,49.3295,-0.241775,0,3.8,0,0.379578,0.363037,-0.850955
59.3739,-32.4511,65.8438,0.110103,0,2.11235,0,0.664052,0.701732,0.258082
24.6041,-64.0983,62.2327,-2.16717,-0.364135,3.8,0,-0.276483,-0.654447,-0.703745
51.8715,-21.7248,66.6277,7.13895,0,-0.4,0,-0.144017,0.920303,-0.363734
47.5592,-57.6797,75.406,-0.099052,0,-0.7,0,0.815221,0.0349537,0.578094
32.5136,-41.4746,58.2655,-0.472296,-0.733456,-1.33552,0,-0.526541,0.252179,-0.811887
16.7113,-38.3421,66.4693,-0.417358,0,1.8,0,0.509459,0.812107,0.284488
21.9355,-57.5467,72.0567,-0.27754,-0.057702,-1.90898,1,0.167229,0.206689,0.964009
40.2206,-32.9166,75.8637,-0.390435,0,4.2,1,0.511706,0.721035,0.467188
53.9355,-37.1468,74.3152,-0.886933,0,-0.4,0,-0.198277,0.979764,-0.0273766
11.1528,-43.0705,52.4577,-1.91978,-0.245712,-0.4,0,0.798171,-0.0938523,-0.595076
16.8487,-43.985,65.4447,0.157902,0,-0.7,0,0.550178,0.559765,0.619651
-6.423,-47.077,59.269,-1.70724,-0.723776,-3.5,0,-0.208013,-0.769427,-0.603914
30.227,-40.4085,66.8808,-0.000183368,0,1.8,0,-0.92001,-0.390783,-0.0294991
35.63,-27.2235,61.5765,0.71387,0,-4.5,0,-0.892338,-0.445588,0.0719947
57.9899,-48.8015,63.524,0.392361,0,-3.5,0,0.962838,-0.131067,-0.236146
29.896,-43.971,58.9791,-0.467449,-0.0632473,-0.7,0,-0.765089,-0.0989591,-0.636275
35.1567,-75.7393,66.3668,0.371072,0.0646239,-3.5,0,-0.328613,-0.716135,0.615763
51.5597,-58.4631,66.3607,0.402874,0,-4.5,0,0.0874316,-0.901263,0.42436
59.7137,-30.6549,72.8549,-0.0308302,0,1.8,0,0.706132,-0.345002,0.618345
48.9108,-65.1377,69.4681,0.181223,0,1.9,0,0.206923,0.831889,-0.514921
36.2785,-34.8334,54.2226,-0.768131,0,-3.2,0,0.629549,0.379309,-0.67808
8.85188,-37.7124,58.7395,-2.39096,-0.486941,-3.5,0,0.682622,0.425502,-0.594117
33.2853,-46.4425,70.4118,1.42559,0.080213,-1.98867,0,-0.452354,-0.873412,-0.180355
10.6605,-60.786,60.4912,-0.133016,0,-0.8,0,-0.922551,-0.385802,-0.00753797
42.3994,-20.4061,63.7277,-0.123505,0,-3.5,0,0.407762,0.142812,-0.901851
42.9441,-23.0465,56.7134,2.31794,0,-3.5,0,-0.0920418,0.876384,-0.472736
13.4373,-51.4533,71.3893,-0.416501,0,4.5,1,0.359766,0.569602,0.739001
45.4598,-23.7576,70.4081,-1.44737,0,0.77706,0,-0.0706658,0.757557,-0.648933
9.97125,-56.3199,51.2158,-0.239733,0,4.2,0,0.807343,-0.297631,-0.509522
63.3595,-32.767,64.8282,3.0656,0,-3.9,0,0.300354,0.953164,-0.0355789
59.7235,-40.1576,61.8065,0.463783,0,-3.9,0,0.979001,-0.010311,-0.203593
53.2491,-67.6438,69.3948,-0.0588699,0,4.2,0,0.925414,0.112232,0.361957
-2.2055,-36.4572,65.4195,-0.764969,0,-3.5,0,0.276337,0.954662,-0.110714
24.3279,-53.174,58.6945,-1.41725,-0.448497,-0.991685,0,0.778626,-0.222028,-0.586894
24.5586,-55.4886,69.5972,-1.41651,0,-3.5,0,0.5169,0.353066,0.779845
52.234,-54.2775,71.744,-0.0133414,-0.101584,-4.0023,0,0.679282,-0.712232,-0.176924
7.78325,-30.9463,58.793,-1.06714,-0.0557172,-3.2542,0,0.377211,0.844786,-0.379538
44.309,-27.2026,73.8008,-0.453975,0,3.8,1,-0.557838,0.742002,0.371819
40.2513,-58.974,50.2677,0.18556,0,-3.5,0,-0.546741,-0.382145,-0.74501
40.1945,-16.1465,70.901,-0.393768,0,-0.7,0,-0.473737,0.847694,-0.238721
37.3471,-25.607,59.034,0.842824,0,-4.5,0,0.112227,0.297477,-0.94811
-1.353,-38.403,68.132,-0.156927,0,-3.5,0,-0.00106842,0.352406,0.935846
45.9795,-72.225,68.0516,-0.0267231,0,4.32064,0,0.0213234,-0.976488,0.214517
31.3505,-43.1075,75.28,0.27322,0.0552888,-4.5,0,0.681964,0.356344,0.638705
53.0814,-46.2364,80.0019,0.0813607,-0.254944,-3.5,0,0.506841,0.0596084,0.859976
41.3,-59.004,73.051,-0.62277,0,-0.7,0,-0.240053,-0.421422,0.874516
28.7164,-47.473,68.5362,0.381824,0.720463,-3.5,0,-0.172686,-0.243567,0.954387
50.3055,-66.2959,58.9599,0.443801,0,-3.5,0,0.111317,-0.941662,-0.317617
11.8275,-46.7931,51.524,-0.281107,0,3.8,0,0.187808,0.0285578,-0.98179
21.8043,-66.5987,67.2215,-0.207987,0,-0.4,0,-0.101643,-0.943512,-0.315362
53.1567,-22.8296,56.5558,1.1244,0,-3.9,0,0.720661,0.204612,0.662406
52.3491,-47.5262,80.7644,0.361931,0,-3.5,0,0.889748,-0.296988,0.346622
13.242,-38.031,59.13,-0.628807,0,2.8,0,0.0251221,0.720909,-0.692574
21.3129,-65.1219,71.2084,-0.598741,-0.136283,-0.4,0,0.572724,-0.248851,0.781064
50.2879,-28.2874,70.8258,-1.06898,0,3.8,0,0.660269,0.527143,0.534944
-3.779,-43.049,66.266,-1.2241,0,-3.5,0,-0.908351,0.265601,0.32304
29.3805,-45.3609,67.6557,0.307647,0,-3.5,0,-0.412432,0.900097,0.140443
40.6507,-29.754,71.7607,-0.464366,0,3.8,1,-0.181424,-0.333374,0.925174
11.3275,-51.7395,71.8155,0.313831,0,-0.0875198,1,0.627572,0.328865,0.705692
50.636,-40.9935,58.8275,-0.0253934,0,-3.2,0,-0.00820785,0.67861,-0.734453
46.1295,-27.8293,75.4208,-0.327262,0,3.8,1,0.284305,0.500925,0.817463
31.1917,-44.57,48.566,0.267233,0,-4.5,0,0.416901,0.316898,-0.851921
40.0204,-49.5455,73.8968,0.203823,0.0832487,-0.730201,0,-0.710172,-0.687466,-0.151807
50.1011,-70.9571,77.4703,-0.116488,0,-1.27684,0,0.356026,-0.539863,0.762754
46.5279,-56.2,50.4757,0.265526,0,-0.8,0,0.212608,0.42147,-0.881567
41.2931,-54.311,73.7337,-0.130743,0,-0.7,0,0.249984,0.858141,0.448444
5.78963,-31.5128,60.5482,-1.47167,-0.0506982,-3.42941,0,0.099733,0.570962,0.814896
48.696,-30.0395,72.9675,-0.25749,0,3.8,0,0.770509,-0.029952,0.636725
52.873,-53.3165,69.462,-0.547701,-0.168172,-1.17658,0,0.689486,-0.714615,0.118046
27.046,-45.586,50.5565,0.262559,0,-4.5,0,-0.989945,-0.0822784,-0.115061
62.8345,-34.8566,68.6031,0.222986,0,-3.9,0,0.466958,0.306308,0.829534
-2.28137,-46.705,52.8684,-0.246226,0,-0.773921,0,-0.49507,-0.379432,-0.781625
7.94812,-41.7118,50.4424,-0.273506,0,-0.4,0,0.121024,0.039788,-0.991852
47.299,-60.927,72.1012,-0.731977,0,-1.6,0,0.611715,-0.658729,0.438041
33.3488,-57.6325,72.2956,-1.18207,-0.0145759,2.65562,0,0.0290477,0.718965,0.694439
17.826,-66.985,68.8445,-0.501451,0,-3.5,0,-0.328959,-0.603131,-0.72665
58.6,-45.227,61.974,-1.05915,-0.708858,-3.5,0,0.84185,0.102888,-0.529814
31.7346,-59.509,53.2199,0.00672298,0,-3.9,0,-0.886293,-0.382325,-0.261364
58.1958,-29.1558,63.4065,0.151924,0,3.8,0,-0.182408,0.973326,0.139158
52.1381,-63.6307,70.6775,0.514917,0,1.9,0,0.51882,0.692428,-0.501367
43.336,-55.7705,75.855,0.0655401,-0.416662,-0.7,0,-0.162269,0.690914,0.70449
10.178,-42.0345,51.219,-1.77869,-0.897091,-0.4,0,0.420523,0.271918,-0.865576
0.55,-37.371,64.677,-2.12752,-0.237859,-3.5,0,-0.0128201,0.999916,-0.00209814
47.2011,-72.1739,68.4824,-0.0181282,0,2.29275,0,0.145296,-0.852168,-0.502691
12.6927,-49.328,70.9473,-0.183241,0,-3.2,1,0.811102,-0.250232,0.528676
38.0845,-21.1701,59.7459,-1.60451,-0.0282281,-3.5,0,-0.592185,0.544168,-0.594305
3.79425,-45.3025,72.0715,0.149588,0,-0.7,0,-0.922401,-0.109786,0.370302
28.9266,-60.0633,71.5928,0.18662,0,1.73064,0,-0.132267,0.447753,0.88432
51.5037,-26.3565,55.914,0.934079,0.253233,-3.9,0,0.712843,-0.0693749,-0.697884
60.1375,-32.1195,64.467,0.358945,0,3.8,0,0.437265,0.500873,0.746944
43.392,-72.059,71.2215,-0.340232,0,-3.5,0,-0.499519,-0.82072,0.277309
47.1003,-35.2301,76.7434,-0.514012,0,3.8,0,-0.913872,0.184381,-0.361721
49.576,-40.729,56.531,0.626043,0,-4.5,0,0.967583,0.252554,-0.000267136
63.7637,-42.0848,71.1896,0.148415,0,-1.6,0,0.855124,-0.0525374,0.515754
33.3247,-60.0365,56.8298,0.00745306,0,-2.88918,0,-0.888418,-0.385,-0.249978
46.887,-39.3145,73.058,-0.778249,0,3.74025,0,-0.371513,0.100988,0.922919
39.6714,-20.1644,63.8027,-0.102503,0,-3.5,0,-0.185084,0.923637,-0.335617
19.946,-50.4238,60.0041,-0.490978,0,2.31029,0,0.129644,0.82311,-0.552886
57.2305,-30.7999,73.6101,-0.176547,0,1.8,0,-0.234762,-0.457843,0.857477
47.139,-25.1116,67.7755,0.1733,0,3.8,0,-0.0934163,0.952659,-0.289333
57.967,-47.6616,65.022,0.0618158,0.20347,-3.5,0,0.95271,-0.294715,-0.0740673
51.2461,-50.1064,53.2845,0.398749,0.00616942,-4.5,0,0.815269,-0.279297,-0.507276
37.0732,-63.9863,52.8845,-0.252334,-0.00407389,-3.5,0,0.0144451,-0.809743,-0.586608
24.309,-60.4009,60.5532,-0.585066,-0.128803,2.38167,0,-0.193903,-0.251583,-0.948213
7.32487,-48.5482,72.1171,-0.188544,0,-0.7,0,-0.862266,-0.486984,0.139084
41.936,-52.539,50.355,-0.279621,0,-3.5,0,-0.875105,-0.0130064,-0.483759
12.5056,-44.128,67.277,-0.662373,0,-1.39168,0,0.669153,0.66732,0.326984
55.1265,-42.1506,58.5816,0.126107,0.0996695,-3.61933,0,0.0327526,-0.291559,-0.955992
5.4895,-46.9841,73.2071,-0.743971,0,-0.7,0,-0.372008,-0.674624,0.637567
7.214,-49.5119,72.7998,-0.114828,0,-3.5,0,-0.91732,0.2994,-0.262457
37.6296,-46.7655,52.9367,0.107073,-0.0133223,3.37756,0,-0.608119,-0.338397,-0.718108
35.9724,-37.1596,74.3435,0.226039,0,2.97249,1,-0.993113,-0.0353212,0.111707
50.1345,-72.9925,74.6785,-1.2333,-0.077703,-3.5,0,0.40323,-0.891325,-0.207235
45.8325,-32.2537,71.4782,-1.25312,-0.110626,1.13587,0,-0.823961,-0.432283,0.36636
59.7415,-29.203,71.466,0.121811,0,1.8,0,0.778832,0.548989,-0.303367
31.5958,-38.1893,62.8335,-1.69794,-0.732817,1.8,0,-0.798396,0.361425,-0.481597
44.9594,-51.8398,50.8119,-0.330054,0,-3.5,0,0.880318,0.435442,-0.188232
39.4316,-71.5583,63.1401,-0.44153,0,-3.5,0,-0.378434,-0.649825,-0.659178
18.2785,-48.683,60.0433,-0.130274,0,-0.7,0,0.90065,0.360315,-0.242904
40.618,-66.228,73.093,-1.37782,-0,2.5,0,-0.409355,-0.803189,0.4328
-1.0035,-46.6115,68.4695,-0.0659807,0,-3.5,0,0.225821,-0.581612,0.781494
48.0132,-57.245,53.3327,0.00853562,0,-0.8,0,0.806432,0.550336,0.216326
25.209,-72.7975,72.018,-0.614235,0,-3.5,0,-0.970558,-0.186158,-0.152846
47.8792,-42.7433,51.2379,0.555058,0.0231375,-4.5,0,0.599905,-0.109904,-0.792486
-9.2705,-45.484,60.64,-1.45926,-0.303425,-3.5,0,-0.971723,-0.0527066,0.230167
28.3682,-69.4317,66.008,-0.401571,0.170276,-2.37812,0,0.237953,-0.894112,-0.379398
17.4953,-67.6325,78.604,-0.128873,0,-0.741917,0,0.247576,-0.523847,0.81504
36.1115,-33.231,55.7245,-0.47965,0,-3.2,0,0.429366,0.825043,-0.367355
26.0492,-60.1092,59.6097,-0.349046,0,3.8,0,-0.665315,0.202925,-0.718455
34.119,-74.0476,67.8115,-0.221405,0,-0.7,0,0.609592,-0.731416,0.305661
22.5274,-50.0579,61.5164,-0.603748,0,4.5,0,0.464504,0.792596,-0.395003
49.7324,-59.9669,56.2137,0.721462,0,-3.5,0,0.839172,0.125428,-0.529206
20.686,-61.61,59.819,-0.292698,0,-3.5,0,0.294039,0.100882,-0.950455
58.501,-27.849,72.543,-0.0026044,0,1.8,0,0.149005,0.948762,0.278655
2.39563,-39.4123,71.488,-0.27983,0,4.5,0,-0.695035,0.198359,0.691072
9.14094,-62.4601,71.7904,-0.0204262,0,3.8,0,-0.797141,0.20454,-0.568092
60.098,-37.6427,72.3581,-1.3105,-0.972303,-1.6,0,0.656619,0.618188,0.432082
5.5515,-58.316,71.0715,-0.243863,0,-3.5,0,-0.734498,-0.660259,0.156752
8.948,-33.336,62.162,-1.21211,0,-3.2,0,0.25191,0.440599,0.861634
54.5374,-46.1801,78.7926,-0.489317,-0.0869186,-3.5,0,0.0609875,-0.990265,0.125125
54.176,-53.431,67.028,0.127757,0,-0.4,0,0.809498,-0.36115,0.462908
16.383,-41.273,67.6481,-0.444368,0,1.8,0,0.20608,-0.591939,0.779191
54.2665,-39.3094,58.9265,0.262534,0,-3.5,0,-0.363769,-0.140847,-0.920779
21.7297,-64.7666,65.2503,-0.816449,0,-0.4,0,0.172356,-0.519911,-0.836652
21.0261,-54.1119,73.032,-1.35217,0,-3.5,0,-0.00310878,-0.268063,0.963396
17.4412,-37.8537,59.5005,-1.69761,-0.00559654,-3.5,0,0.54595,-0.35621,-0.758323
19.636,-46.235,62.439,-1.22966,-0.0492404,-0.7,0,0.754236,0.172912,-0.633427
40.8434,-62.5622,73.0938,-0.920888,0,-2.99519,0,-0.432851,0.334129,0.837256
40.7885,-36.4735,51.8265,-0.172492,0,-3.5,0,-0.515441,-0.273911,-0.811969
0.51275,-48.7954,60.1534,-0.364961,0,2.9285,0,-0.538446,-0.826229,-0.165597
53.9345,-34.5664,58.7841,-0.876203,0,-3.5,0,0.667532,0.696578,-0.263022
52.6097,-37.3517,78.5326,0.537389,0.0209056,-3.5,0,0.528128,0.633533,0.565435
-0.731,-37.8069,53.9085,-0.888968,0,-0.8,0,-0.273879,0.579383,-0.767662
4.411,-56.6096,67.4408,0.208811,0.0908472,-0.7,0,-0.805775,-0.592016,0.015636
36.7272,-46.32,75.6637,0.279901,0,-3.5,0,0.200377,-0.246972,0.948079
56.29,-33.7526,71.5471,-1.77469,-0.257104,0.85835,0,-0.610758,-0.26771,0.745189
37.045,-40.6599,53.0243,0.462303,0,-4.5,0,-0.0730841,0.942178,-0.327046
29.447,-43.2459,59.8565,-0.316413,-0.12348,-0.7,0,-0.841208,0.280374,-0.462342
34.9082,-73.7148,67.268,-0.368562,0,-3.5,0,0.35617,-0.714927,0.601683
11.322,-61.08,62.2827,-0.117907,0,-0.8,0,-0.975632,-0.0984378,0.196092
53.5146,-36.5349,72.9114,-0.995778,0,-0.9,0,0.163059,0.815386,0.55548
-7.481,-41.128,58.1025,0.228769,-0.0511695,-4.39745,0,-0.26037,0.953287,0.15314
50.368,-67,61.658,0.0771432,0,-3.2,0,0.28271,-0.957243,0.0613258
19.0745,-65.2025,65.8744,-0.556722,0,-0.8,0,0.218812,-0.918531,-0.329275
14.3907,-41.978,61.4878,-0.261799,0,3.43855,0,0.923507,-0.0797574,-0.375199
18.8789,-58.1839,72.4894,-0.899827,0,-1.55121,1,0.317196,0.240802,0.917279
45.5802,-40.9144,54.2411,0.818709,0,-4.5,0,-0.843345,0.157899,-0.513651
-1.50125,-38.3659,53.1605,-1.00104,0,-1.3,0,0.0910044,0.848203,-0.521796
46.3293,-62.4986,75.5941,0.208805,0,-3.5,0,0.785644,-0.612783,0.0852033
42.8983,-25.2156,72.1674,-0.558627,0,4.5,1,-0.30133,0.196291,0.933097
49.95,-60.0635,72.81,0.14302,0,-1.6,0,0.239824,-0.877592,0.415111
38.147,-55.8158,73.4293,0.250834,0.0987399,-0.7,0,-0.710083,0.539596,0.452348
47.3343,-59.5726,62.6992,0.412153,0,3.8,0,0.357655,0.30878,0.881328
60.2086,-40.1724,74.8164,0.18297,0,-3.5,0,0.998946,-0.0308225,0.0340227
48.5564,-48.9846,53.4929,-0.158826,0,-4.5,0,-0.145847,0.252315,-0.956591
57.5438,-38.4837,78.2812,0.0515552,0,-3.5,0,-0.143717,0.830385,0.538336
51.0586,-64.9329,69.4579,0.673676,0,1.9,0,0.433118,0.534388,-0.725836
7.21,-37.8201,54.3882,-0.826097,-0.389487,-3.5,0,0.671702,0.712099,-0.204283
31.5846,-59.4717,62.0171,-0.460494,0,3.87102,0,0.0530376,0.731168,-0.680133
30.4018,-45.6725,72.9685,-0.00364699,0,-2.91024,0,-0.364567,-0.918604,-0.152504
44.1043,-53.5975,73.7865,-0.107709,0.520662,-1.29742,0,-0.410346,-0.198967,0.88996
21.154,-60.1661,74.7113,-0.431672,0,3.8,0,0.480255,0.705866,0.520681
53.9425,-37.4236,78.3254,0.0499595,0,-0.4,0,0.000738197,0.611561,0.791197
55.7259,-28.2849,68.7602,-0.310735,0,-0.798086,0,0.8926,0.358444,-0.273466
1.77338,-50.9171,61.7599,-0.147798,0.0109452,4.2,0,-0.768533,-0.442642,-0.46198
52.9191,-39.1683,59.408,-0.00606319,0,-3.2,0,-0.141815,0.128339,-0.981538
50.3488,-70.6093,66.907,-0.571133,-0.661394,4.2,0,0.538994,-0.829259,-0.147699
43.2925,-72.1643,70.1702,-0.0527785,0,-3.5,0,-0.567745,-0.819379,-0.0792706
39.3955,-68.3249,68.417,0.528483,0,4.5,0,0.570342,-0.778984,0.260564
31.0473,-65.778,70.245,-0.385938,0,2.5,0,-0.149877,-0.226751,0.962352
30.8731,-74.8177,67.5344,-0.245749,0,-0.7,0,-0.639692,-0.587299,-0.495857
31.4548,-40.897,70.4211,-0.135475,0,-4.5,0,-0.126896,0.956724,0.261873
38.2559,-15.8566,67.2982,0.0932328,0,4.5,0,0.42315,0.905851,0.0194485
53.877,-33.0425,69.81,-0.726952,0,2.5,0,-0.0803002,-0.444084,0.892379
51.2728,-33.6302,55.7718,-0.431364,0,-3.5,0,0.152406,-0.0897883,-0.984231
30.9535,-49.2715,69.1848,0.119926,0,-3.5,0,0.0284624,0.570982,0.820469
42.3592,-66.523,53.789,0.457315,0,-4.5,0,-4.72237e-05,-0.629274,-0.777183
-5.85787,-45.9575,58.4624,-0.701313,0,-3.5,0,-0.167764,-0.729361,-0.66324
12.0999,-37.7957,59.6636,-1.07515,0,-3.5,0,-0.116231,0.641165,-0.75855
46.7009,-61.6175,74.6535,0.309164,0,-3.5,0,0.933801,-0.346175,-0.0904382
27.7568,-53.5238,70.1992,0.0579901,0.48322,-3.5,0,-0.273326,-0.590263,0.759528
15.7364,-66.6643,79.9222,0.00267811,0,-0.9,0,0.480483,0.660307,0.577175
20.0006,-67.1898,59.496,-1.69917,-0.383747,-3.5,0,-0.237865,-0.682491,-0.691105
26.5825,-51.3586,69.0156,-0.891818,0,-3.5,0,-0.175233,0.6747,0.716989
27.4718,-69.4325,65.464,-1.1895,0,-3.5,0,-0.437572,-0.88128,0.178537
27.5028,-45.475,75.4011,0.383595,0,-4.5,0,-0.492388,-0.56988,0.657869
-4.59137,-37.2816,68.0936,0.0769417,0,-3.5,0,-0.631146,0.22071,0.7436
10.8348,-45.5272,51.245,-0.34785,0,3.8,0,0.785081,0.404375,-0.469178
-2.06725,-47.0192,67.787,0.325118,0.0144657,-3.5,0,-0.0256371,-0.981402,0.190244
48.714,-22.8013,69.241,-0.285807,0,-3.5,0,-0.369838,0.56436,-0.73805
23.4487,-53.5715,70.7558,-0.745375,0,-3.5,0,0.949226,0.161166,0.270178
45.318,-46.111,52.906,0.380535,0,-1.3,0,-0.0492478,0.0154556,-0.998667
32.5503,-43.9785,50.86,0.673412,0.170444,-4.5,0,0.304506,0.828198,-0.470493
39.4091,-43.7373,49.0204,0.61715,0,-4.5,0,0.447507,0.640434,-0.624164
34.5706,-40.0855,75.0349,0.408651,0.144068,-3.5,0,-0.924097,0.372164,0.0868224
40.5429,-68.7315,79.6549,-0.16601,0,3.8,0,-0.916991,-0.307534,0.254067
26.1345,-61.8577,59.4808,-0.310424,0,3.8,0,-0.782113,-0.248535,-0.571428
38.4966,-35.3636,54.5971,-0.329222,-0.0342063,-3.21419,0,-0.440916,0.735686,-0.514158
37.3515,-36.1393,76.9995,-0.113424,0,4.2,0,0.0165257,-0.340136,0.940231
52.576,-24.774,69.133,0.852973,0,-0.4,0,0.462315,0.25396,0.84957
51.1714,-61.2686,56.7545,-0.00194707,0,-3.5,0,0.59901,0.540047,-0.591216
9.48675,-38.8312,57.1898,-0.910421,0,2.8,0,0.183362,0.867224,-0.462927
11.7104,-54.9302,77.3195,-1.52581,-0.92656,-0.7,0,0.0739213,-0.422413,0.903384
33.6206,-44.7095,67.5102,0.674038,-0.0811248,-3.51599,0,-0.48575,0.314885,-0.81541
33.6121,-57.9875,51.8731,-0.436415,-0.29074,-3.9,0,-0.468523,0.5484,-0.692635
-6.09525,-41.402,51.5832,-0.188931,0,-1.3,0,-0.555975,0.242599,-0.795008
55.8839,-50.1639,75.8201,0.62429,0.801885,-4.5,0,0.627958,0.0277525,0.777752
36.0397,-55.4259,51.986,-0.519503,0,-1.95306,0,-0.415347,0.268046,-0.869274
0.77275,-50.9825,68.6161,-0.23645,0,4.2,0,-0.558936,0.0770755,0.825621
42.2057,-30.2734,71.6011,-0.64251,0,3.8,0,-0.11535,-0.773341,0.623408
30.8633,-45.657,65.506,0.503691,0,-3.5,0,0.591452,0.712181,0.378131
31.135,-69.5033,71.5512,-2.0767,-0.0179201,-0.7,0,0.198422,0.194794,0.960564
27.5905,-43.154,73.631,-0.0146938,0,-4.5,0,-0.660289,0.70676,0.253985
46.9619,-61.8379,71.7424,-1.07495,0,0.918822,0,0.843883,-0.145865,0.516318
-2.00625,-47.3445,54.7067,-0.0487067,0,-0.7,0,-0.884149,-0.466669,0.0223674
27.1481,-56.842,70.0933,0.19446,0,3.24833,0,-0.0395945,0.465979,0.88391
39.4465,-49.4933,76.4333,0.488367,0.524284,-3.5,0,-0.741986,-0.644696,0.183913
35.4412,-47.7165,58.6647,-0.264585,0,3.8,0,-0.584219,-0.802984,-0.117922
26.7635,-44.3305,73.334,0.257203,0.202728,-4.5,0,-0.956474,0.291625,-0.0105888
44.5488,-31.7229,54.2142,-0.374696,0,-0.7,0,0.204723,0.566408,-0.798292
47.5845,-56.4961,54.9414,0.0658842,0,-3.5,0,0.792052,0.435389,-0.427891
45.3363,-53.7723,53.7562,-0.534164,-0.303121,-3.5,0,0.985769,0.14561,-0.0840036
40.927,-61.1,51.487,0.0035265,0,-3.5,0,-0.549058,-0.597397,-0.58451
25.5189,-50.9813,63.5735,-0.597071,0,1.9,0,-0.102148,0.783499,0.612939
23.138,-65.364,70.718,-1.03694,0,-0.8,0,-0.200566,-0.263842,0.943483
53.435,-31.5054,58.0387,0.0921058,0,-1.34575,0,0.845268,-0.533422,0.0313588
6.4265,-30.3888,58.9613,-2.01816,-0.551392,-3.5,0,0.28639,0.951195,0.114933
24.5543,-59.2694,71.1305,-0.482649,0,0.243935,0,0.625581,0.501669,0.597475
53.1514,-29.6006,55.3449,0.492869,-0.449912,-0.8,0,0.748849,0.00561827,-0.662717
2.76388,-51.6396,54.6074,-0.283803,-0.425944,-3.5,0,-0.817164,-0.552699,-0.163607
-4.941,-46.1,52.86,-0.874329,0,-1.3,0,0.0403438,-0.815385,-0.577512
39.9675,-35.3025,52.428,-0.598721,0,-3.5,0,-0.755641,0.0916402,-0.648544
11.351,-62.3985,63.7944,0.16265,0,-3.5,0,-0.82925,-0.0743587,-0.553909
27.3057,-69.1386,66.8149,-0.225763,0,-3.5,0,-0.75013,-0.552869,-0.362824
30.1534,-33.6864,65.8209,1.59026,0,-3.9,0,-0.184093,0.779583,-0.598632
39.464,-17.0397,70.2063,0.286414,0,-0.7,0,-0.63589,0.769735,0.0561452
41.4304,-58.8052,49.0805,0.0694274,0,-3.5,0,-0.309533,-0.28694,-0.906562
16.9091,-45.26,60.4772,-0.24083,-0.380551,-0.7,0,0.33592,0.796479,-0.502771
61.8232,-43.3529,78.303,1.9645,0,-3.9,0,0.851289,0.382411,0.359262
19.7931,-50.1154,68.8034,-1.111,0,-3.5,0,0.843526,0.443988,0.302223
52.0003,-65.6208,65.1687,0.0482619,0,0.748932,0,0.988756,-0.102752,0.108646
37.026,-33.0355,56.7025,-0.207491,0,-1.59585,0,-0.131887,0.839985,-0.526338
19.1108,-45.0605,62.2075,-0.782426,0,-0.7,0,0.518641,0.47841,-0.708616
38.943,-60.3559,52.2853,0.0936597,0,-2.03151,0,0.179468,-0.514236,-0.838661
26.9506,-57.8509,60.0521,-0.0608072,0,3.8,0,0.211927,0.324911,-0.921694
14.797,-68.444,80.831,-0.16269,0,-0.9,0,0.104397,0.0418211,0.993656
44.9714,-25.7345,59.8181,-0.281052,0,-3.5,0,0.740994,0.495197,-0.45355
48.2511,-25.4031,55.3464,0.229575,0,-3.9,0,-0.684302,0.246503,-0.68627
57.866,-37.6242,76.003,0.417779,0.086891,-0.4,0,0.268079,0.81862,0.507932
12.8538,-56.4879,75.9614,-0.324035,0,-0.7,0,-0.065387,-0.220076,0.973289
42.4866,-51.5541,49.1974,0.220818,0,-3.5,0,-0.718974,-0.273223,-0.639082
2.3205,-36.232,63.0435,-0.583962,0,-0.7,0,-0.125589,0.537018,0.83417
43.0065,-61.752,55.9395,0.536361,0,-3.5,0,0.809254,-0.426267,-0.404233
46.1209,-49.0549,77.8291,0.523612,0,-4.5,0,-0.512644,0.444958,0.734308
41.4386,-19.5629,63.8526,0.00074113,0,-3.5,0,-0.365227,0.703947,-0.609153
-9.14125,-44.8182,58.2165,0.737683,0,-4.5,0,-0.859444,-0.417653,0.294826
51.9501,-36.1104,73.1977,-0.994972,-0.416552,2.99091,0,0.533572,0.716412,0.449505
38.3957,-29.823,59.9196,0.199564,0,-2.83997,0,-0.693427,-0.0461544,-0.719047
57.9754,-30.4131,68.328,0.154595,0,1.8,0,0.592347,0.715231,-0.370904
31.4735,-61.1162,71.803,-0.318633,0,4.2,0,-0.112457,-0.170637,0.978896
53.0713,-56.3759,60.9748,0.545137,0.021908,-3.71827,0,0.362066,-0.339331,-0.868195
50.8167,-40.0047,59.1325,-0.0373306,0,-3.2,0,0.0493681,0.0766591,-0.995834
37.817,-58.2573,49.7085,-0.191229,0,-0.4,0,-0.102596,-0.153001,-0.982886
22.3557,-64.429,60.7057,-0.715428,0,-3.5,0,0.941652,-0.132325,-0.309487
30.536,-56.8485,54.0938,1.71062,0.0500748,-3.9,0,-0.859987,-0.129342,-0.493652
36.678,-16.295,66.0045,-0.0222186,0,4.5,0,-0.22431,0.820379,-0.525987
49.5542,-23.3633,68.3992,1.02587,0,-0.4,0,-0.536663,0.524306,-0.661132
-4.70213,-39.3079,65.2665,-0.72121,-0.601154,-1.61388,0,-0.938613,0.143847,0.31355
39.8747,-25.6322,70.32,-0.0848958,0,4.5,1,-0.653256,-0.137507,0.744546
27.589,-68.5462,71.861,-0.513657,0,-3.5,0,0.207895,0.55765,0.80362
56.216,-51.457,75.091,0.422757,0,-4.5,0,0.847357,-0.279934,0.451246
11.1094,-66.5064,75.8761,-0.376857,0,-0.9,0,-0.848944,0.153283,0.505766
15.8015,-37.7612,64.1123,-1.08416,-0.269598,-0.860492,0,0.310241,0.784494,0.536954
45.3701,-47.2842,53.2171,-0.17949,0,-3.0359,0,0.330253,-0.0290184,-0.943446
12.5504,-64.9758,66.2281,-0.0328906,0,-3.5,0,0.002218,-0.974144,0.225915
2.72025,-42.7101,51.0015,-0.69994,-0.197795,-1.69116,0,-0.43995,0.422862,-0.792232
-4.03937,-44.5161,66.2409,-0.250865,0,-3.5,0,-0.945747,0.06092,0.319142
18.6916,-59.5349,75.4074,-0.432474,0,3.8,0,0.577112,0.73185,-0.362405
51.7801,-58.9275,72.3,0.085434,0,-1.6,0,0.956845,-0.241163,0.162138
13.841,-48.5964,69.7924,0.235039,0.780395,-3.2,1,0.642319,-0.264622,0.719306
52.0144,-68.4652,78.0244,-0.171224,0,-0.7,0,0.56098,0.408193,0.720194
6.35925,-53.6231,51.0423,-0.114817,0,-1.05476,0,0.0834386,-0.297007,-0.951223
34.456,-70.9532,65.5514,-0.514283,-0.903633,-3.5,0,-0.473581,0.244345,-0.846178
9.698,-49.539,51.532,-0.0736671,0,3.8,0,0.464246,-0.771171,-0.435627
47.0779,-35.2359,73.8646,-0.739373,-0.127681,2.8,0,-0.767875,0.394165,0.504977
-0.487,-50.252,63.194,-0.0283668,0.093515,3.14922,0,-0.749345,-0.637286,-0.179859
-1.72812,-37.8454,63.1987,-1.1018,-0.468404,-0.34426,0,0.119607,0.907896,-0.40177
12.1923,-48.9933,53.308,-0.177083,0,3.8,0,-0.102859,-0.735423,-0.669756
35.3729,-59.0115,74.9821,-1.95516,-0.569825,-3.5,0,-0.269474,0.205955,0.940727
51.2091,-34.9061,71.3583,-0.539276,0,-0.9,0,0.484268,0.777194,0.401813
7.76737,-48.8941,49.0308,-0.18106,0,3.8,0,0.0680543,-0.744934,-0.663658
30.2629,-60.5679,59.0973,-0.122381,0,3.8,0,0.491006,0.559398,-0.667823
31.2967,-65.024,61.1973,0.723619,0.171674,-0.349971,0,-0.967935,-0.0270191,-0.249744
0.28175,-35.0955,60.3698,-1.07226,-0.107406,-0.7,0,-0.669346,0.59472,0.44529
30.0605,-45.1435,70.6243,0.361048,0,-4.5,0,-0.343472,-0.934189,-0.0965337
31.9212,-45.5565,74.9525,0.0388922,0,-1.6,0,-0.368571,0.0432079,0.928595
55.0805,-28.5585,72.288,0.471437,0.361434,1.8,0,-0.105035,0.612921,0.783131
13.3923,-52.2056,74.0494,-0.375724,0,-0.7,1,0.258365,0.966039,0.00404505
10.7451,-50.9193,72.3536,0.489396,0,-3.5,1,0.891408,-0.0685933,0.44798
37.3051,-33.8779,71.6726,-0.569755,0,-1.34789,1,-0.213544,0.908586,0.358986
-5.81975,-42.1325,63.7743,-0.701386,0,-3.5,0,-0.910487,0.106981,0.39946
47.5298,-26.8773,73.113,-0.499009,0,-3.5,0,0.636336,-0.0674071,0.768461
26.9106,-56.0067,69.4036,-0.0360324,0,-3.5,0,-0.11066,0.524715,0.844055
40.5265,-24.304,58.513,-0.522729,-0.16599,-3.5,0,-0.621656,0.550721,-0.557001
21.9048,-63.7562,59.6668,-0.547399,0,-3.5,0,0.784155,0.124537,-0.60794
30.449,-40.7055,63.9965,-0.0621833,0,-0.7,0,-0.802602,0.596446,0.00905693
48.5655,-25.9384,73.2104,-0.349396,0,-3.5,0,0.362411,-0.499582,0.786814
50.7955,-71.8135,71.3035,-0.119552,0,1.8,0,0.795028,-0.603092,-0.064894
32.5884,-62.6302,57.7051,-0.259463,0,3.8,0,-0.285062,0.198702,-0.937687
31.2938,-54.291,55.7713,1.43445,0.226379,-3.9,0,-0.447536,0.890781,0.0788669
58.7615,-38.0913,60.8525,0.655933,0,-3.9,0,0.650693,0.745628,-0.14366
6.763,-49.156,73.718,-0.34422,0,-3.5,0,-0.743571,0.615601,0.261032
9.9805,-35.895,63.4827,-0.899205,-0.0824597,3.64464,0,0.737372,0.624063,0.25851
44.8724,-65.3802,57.8498,0.68387,0,-4.5,0,0.547215,0.760217,-0.350181
32.9137,-56.1592,52.9408,-0.19151,-0.0373091,-3.8489,0,-0.340412,0.178058,-0.923263
16.8318,-48.2786,54.3307,-0.0101311,0.215177,1.88511,0,0.97178,0.0241529,-0.234649
-0.507875,-36.6224,54.2404,-1.07473,0,-0.8,0,-0.41439,0.317538,-0.852907
22.2183,-53.7246,73.0946,-0.814144,0,-3.5,1,0.380195,0.0084146,0.924868
40.3565,-71.3053,65.1715,-0.158577,-0.456924,-3.5,0,0.438173,-0.740382,0.509744
33.021,-37.186,71.5391,-1.90849,-0.149441,-3.5,0,-0.767824,-0.53064,0.358982
50.014,-62.9125,64.3905,0.277031,0,-3.2,0,0.434532,0.850429,0.296568
22.6197,-50.2415,64.0789,-0.624968,0,4.5,0,0.571656,0.812258,-0.115962
1.573,-44.3331,69.9467,-0.129337,0,4.2,0,-0.0811528,-0.471153,0.878311
33.1017,-54.5892,57.8436,-0.332014,0.0999639,-1.4127,0,-0.685317,0.728161,0.0110511
47.931,-68.3786,62.1451,0.362172,0,3.8,0,0.92944,-0.326866,0.171173
47.4492,-63.1043,57.6565,0.497427,0,-3.5,0,-0.56822,-0.430435,-0.701322
44.4285,-46.913,52.886,0.110396,0,-1.5923,0,0.356076,0.441168,-0.82376
29.7143,-45.461,74.9603,0.0695314,0,-4.5,0,0.35031,-0.854433,0.383703
4.01162,-38.2844,49.6014,0.188877,0.0190043,-3.5,0,0.119196,0.641356,-0.757928
43.505,-48.2938,47.566,0.0326895,0,2.8,0,0.798142,0.153239,-0.582655
28.4116,-47.5779,60.638,-1.15076,-0.674345,-3.5,0,-0.908093,-0.260482,-0.327896
51.5158,-27.5634,61.6942,-0.151,-0.226267,0.440548,0,-0.405848,0.860775,0.307171
46.0656,-55.2132,50.717,0.854024,0.349881,-1.29962,0,0.678139,0.340211,-0.651447
21.5828,-67.7754,68.6492,-1.63072,-0.0566572,-3.5,0,0.0785671,-0.566424,-0.82036
46.3795,-64.6787,58.7666,0.712666,0,3.8,0,-0.564609,0.465124,-0.681819
49.9615,-60.3341,69.8844,0.320162,0,-1.6,0,0.594315,-0.738898,-0.31752
47.6546,-39.2669,73.7839,-0.648384,0,3.8,0,-0.824769,-0.0838431,0.559219
10.2014,-59.9759,60.02,-0.0786282,0,-0.494322,0,-0.563211,-0.814346,0.14012
48.8162,-62.4198,65.4577,0.494433,0,-3.2,0,0.668468,0.607433,0.429156
7.93075,-36.1655,65.024,-0.869556,0,-3.2,0,0.41363,0.384396,0.825318
30.0616,-45.7734,54.0001,0.647849,0.378102,-4.5,0,-0.564531,-0.501489,0.655602
51.9965,-68.4843,71.0695,-0.558931,0,1.38243,0,0.946638,0.13268,0.293722
31.4835,-67.1963,64.1716,-0.844585,0,-0.280922,0,-0.0313689,-0.998959,-0.0331168
49.4176,-41.9296,54.8075,0.644787,0,-4.5,0,0.962742,0.0969104,-0.252461
48.8975,-39.652,80.8455,-0.265871,0,-3.5,0,-0.959015,0.128112,0.252741
34.2311,-64.0009,72.445,0.652076,0.57807,2.5,0,-0.0839419,-0.175791,0.980842
40.0925,-20.0435,59.4595,-1.59888,-0.633618,-3.5,0,-0.216777,0.548582,-0.807505
6.33388,-37.9394,67.7906,-0.775319,0,4.5,0,0.637137,0.672241,0.377025
3.57838,-36.7524,63.5571,-0.631485,0,-0.8,0,-0.368535,0.714421,0.594797
35.1385,-70.2408,65.363,0.212102,0,0.103604,0,-0.703456,0.00472206,-0.710723
50.877,-58.114,68.509,0.23098,0,-3.5,0,0.855336,-0.517552,0.02325
54.0645,-36.1116,72.0518,-1.13245,0,-0.9,0,0.273763,0.822115,0.499181
42.6236,-69.93,76.3501,0.22608,0,3.8,0,-0.51982,-0.802337,-0.29333
45.1292,-51.9512,75.5242,-0.132518,-0.198419,-4.5,0,-0.411579,-0.846421,0.337897
27.295,-68.77,62.883,-2.19951,-0.0422126,-3.5,0,-0.360344,-0.540392,-0.760348
53.1398,-27.391,70.4415,-0.204138,-0.0245081,2.5,0,-0.456834,0.601294,0.655552
40.8319,-26.7925,56.5046,-1.08914,-0.502116,-3.5,0,-0.663199,-0.211076,-0.718063
-0.49325,-37.9085,62.8717,-0.992654,-0.073406,0.724012,0,-0.280005,0.955653,0.0912428
30.765,-52.9338,70.3405,-1.37212,0,-3.5,0,0.124338,-0.68529,0.717577
34.1235,-64.1595,55.6364,-1.58003,0,-3.5,0,-0.889459,0.327245,-0.31902
35.9491,-71.8071,69.1761,-0.851268,-0.760765,-3.5,0,0.0432606,-0.501685,0.863968
46.4832,-32.736,72.7215,-0.949796,0,3.31034,0,-0.701883,-0.270332,0.659
9.20837,-40.6814,51.5595,-0.350572,-0.0476267,-0.4,0,0.535166,0.68597,-0.492994
53.4405,-24.3625,65.7435,3.0092,0.461043,2.5,0,0.3878,0.251367,-0.886807
56.9259,-50.023,73.1042,0.765294,0.426287,-4.5,0,0.90125,0.33838,-0.270642
55.185,-35.5691,70.6582,-0.61794,0,-2.19293,0,-0.284745,0.741986,0.60694
-0.4165,-48.2088,60.2415,-0.466011,0,2.4076,0,-0.626317,-0.775651,0.0780623
37.2962,-32.5353,69.8343,-0.0210465,0,-3.5,0,-0.208688,0.796386,0.567643
38.3298,-28.4543,63.3312,-0.136956,-0.103148,-0.190508,0,-0.698737,0.265393,0.664328
6.25712,-43.716,74.2333,-0.307044,0,-0.7,0,0.313505,0.218124,0.924195
28.5462,-70.3514,66.9244,0.393185,0.124205,-3.5,0,-0.219871,-0.482838,-0.847658
47.9784,-34.2301,56.0872,-0.450315,-0.193895,-0.71688,0,0.314577,-0.116557,-0.942049
51.1944,-60.2846,57.7622,0.0793432,0,-3.5,0,0.857779,0.408176,-0.312422
31.3612,-46.5395,51.1592,0.376887,0,-4.5,0,0.193885,-0.969499,-0.149935
44.792,-25.2165,58.3745,0.170312,0.0121763,-3.5,0,0.817195,0.448912,0.361484
18.8851,-67.8317,78.5931,-0.227809,0,-0.7,0,0.117343,-0.595388,0.794823
20.7651,-65.8012,71.949,0.324807,0,-3.5,0,0.935738,0.00355505,0.352677
11.3372,-42.1085,68.274,-0.191405,0.351619,-3.5,0,0.672961,0.372898,0.638804
41.4502,-63.3577,73.5705,-0.382571,0,-1.83308,0,-0.544778,-0.111656,0.831114
42.4624,-20.1014,71.9829,-0.464664,-0.077185,-0.7,0,0.0880773,-0.606895,0.789887
36.611,-65.4626,72.3522,0.0264022,0,-0.8,0,-0.279107,-0.540762,0.793521
47.228,-49.608,53.59,-1.16254,0,-4.0562,0,0.0793579,0.0978212,-0.992035
26.2885,-69.1429,72.9386,-0.93728,-0.729495,-3.5,0,-0.129066,0.681607,0.720246
58.9725,-29.0055,61.9035,0.172754,0,3.8,0,-0.36254,0.87269,-0.327074
26.588,-49.4372,60.3898,0.0239995,0,1.9,0,0.436302,0.799298,-0.413234
1.158,-55.155,58.2885,-0.62169,0,-3.2,0,-0.876972,0.281233,-0.389652
46.1073,-50.8765,53.0488,-2.00945,-0.0521803,-3.5,0,0.482358,-0.136584,-0.86526
32.9035,-73.3252,66.4965,-0.449186,-0.41029,-2.66354,0,-0.460871,-0.232859,-0.856373
53.3654,-50.4916,76.4301,0.544635,0,-4.5,0,0.311558,0.537694,0.783464
24.3143,-65.566,65.9693,-0.0884031,0,-2.39227,0,-0.262556,-0.76937,-0.582352
51.0578,-34.1587,75.3783,-0.36221,0,3.8,0,0.645675,0.695392,-0.31549
56.3374,-28.9824,72.8542,0.659871,0.369357,1.8,0,-0.284259,0.57913,0.764071
8.34762,-60.8496,75.1564,-1.09539,-0.315591,-3.5,0,-0.848183,-0.36463,0.384227
12.5215,-64.5029,63.9681,-0.0599661,0,-3.5,0,-0.0649057,-0.737624,-0.672085
28.426,-64.739,71.023,-0.420419,0,-1.6,0,0.305742,-0.369298,0.877577
11.0763,-67.6766,73.6062,0.0197283,0,-0.9,0,-0.588179,-0.249664,-0.769229
44.1701,-61.426,54.205,-0.765554,-0.068724,-3.5,0,0.228401,-0.770317,0.595352
33.4793,-53.9212,56.4557,-0.282808,0,-3.5,0,-0.58463,0.739219,0.334311
-8.94637,-40.5558,55.249,-0.0979861,0,-4.5,0,0.0456302,0.997625,-0.0515948
48.8387,-32.4077,72.1915,-0.122211,-0.39342,3.30345,0,0.549214,0.139139,0.824017
7.73125,-48.878,73.8565,-0.329616,0,-3.31719,0,-0.42123,0.404775,0.811617
37.2397,-31.0089,68.0502,-0.30737,0,-3.5,0,-0.900877,0.246644,0.357194
46.9437,-43.4685,77.4607,0.578007,0.0080454,-1.11125,0,0.484538,0.785469,0.385047
7.928,-36.6934,57.8481,-1.42675,-0.350063,-3.5,0,0.951015,0.172928,-0.256256
10.3865,-47.127,73.4905,-0.200792,-0.0356447,-3.2,1,0.342519,0.634606,0.692788
-10.335,-41.2197,55.0215,0.0762654,0,-4.5,0,-0.761463,0.63775,-0.115973
4.04425,-58.1973,61.3483,-0.124223,0,-0.8,0,-0.694624,-0.719111,0.0194124
43.2777,-17.1496,64.8364,0.26434,0,-3.5,0,-0.244896,0.715913,-0.653831
45.273,-49.7285,52.754,-1.27078,0,-3.5,0,0.485894,0.153464,-0.860439
30.4074,-69.0636,66.9317,-0.0877131,-0.160932,3.22075,0,0.00914107,-0.482668,-0.875756
7.3085,-40.0679,51.2776,-0.489906,0,-1.92395,0,0.100001,0.613144,-0.783616
50.5173,-33.5508,71.2674,-0.313601,0,-1.6,0,0.656597,0.291349,0.695698
4.41075,-32.2853,55.8785,-0.574479,0,-3.5,0,-0.0709035,0.452469,-0.888957
34.6901,-44.1801,75.5481,0.149196,0,-1.80572,0,-0.756653,0.2162,0.617036
9.903,-61.4211,76.0752,-0.145056,0,3.8,0,-0.295644,0.173767,0.939361
10.7451,-66.8317,74.6876,-0.0990764,0,-0.9,0,-0.99712,-0.0578594,-0.0490271
6.893,-54.6903,51.1295,0.0733885,0,4.2,0,-0.365573,0.0600288,-0.928845
-1.1575,-48.5305,64.4895,-0.122767,0,1.8,0,-0.576584,-0.662072,0.478761
53.367,-40.976,78.7435,-0.311751,0,-3.5,0,0.226919,0.185986,0.95599
14.6445,-62.5662,60.1463,-1.16985,-0.86855,-0.8,0,0.704729,-0.590059,-0.393939
13.8638,-63.4987,61.5298,0.413816,-0.0478717,-0.8,0,0.637729,-0.750927,0.171497
43.209,-40.2287,76.4077,-1.62362,0,-3.5,0,0.889867,0.323441,0.321749
6.3805,-32.2989,61.2955,-0.167267,0.771264,-3.2,0,-0.45225,0.508797,0.732527
32.6522,-54.9823,61.6129,-0.15124,0.227712,-0.9,0,-0.99537,-0.0776629,-0.056626
41.9009,-69.8516,77.824,-0.0761281,0,3.8,0,-0.527636,-0.847657,0.0554778
18.7693,-68.7757,72.199,0.212484,0,-3.5,0,-0.374136,-0.912126,0.167476
59.1115,-33.6766,65.3353,0.459398,-0.545046,-3.5,0,-0.150082,-0.765176,-0.626084
26.0611,-52.3574,69.1671,-0.78818,0,-3.5,0,-0.377901,-0.0792202,0.92245
42.443,-15.4005,68.7815,0.0383382,0,-0.7,0,-0.415525,0.808331,-0.417061
-0.6855,-41.3239,70.7385,-0.225338,0,4.2,0,-0.108003,0.676415,0.728559
52.0941,-54.9652,72.8936,0.527146,0,-4.5,0,0.600398,-0.783146,-0.161879
54.461,-30.4735,60.0135,0.53049,0,-0.8,0,0.755711,-0.179332,-0.629874
19.8337,-48.2223,66.0845,-0.832082,0,2.07563,0,0.818031,0.334864,0.467645
16.486,-67.971,79.882,-0.0849526,0,-0.9,0,0.89852,-0.160051,0.408712
13.4464,-58.0814,58.9864,-0.0565272,0,1.59615,0,0.131434,-0.0751019,-0.988476
43.0335,-61.819,54.7569,0.243346,0,-3.5,0,0.848132,-0.246797,0.46879
30.2234,-58.7575,61.8885,-0.423226,-0.213582,4.08439,0,0.486398,0.471316,-0.735716
25.2383,-50.7048,58.796,-0.33885,0.169093,0.583547,0,0.414908,0.350273,-0.839738
-9.7145,-41.8665,57.051,0.0481051,0,-4.5,0,-0.862243,0.371006,0.344807
57.8839,-40.2046,57.1606,4.12857,0,-3.9,0,0.343736,0.0693112,-0.936505
41.7044,-51.4017,70.1204,-0.244693,0,3.8,0,-0.370356,0.0845008,0.925038
56.8865,-47.988,69.587,-0.891904,-0.0480388,-3.5,0,0.643687,-0.493895,0.584581
45.7743,-39.8283,54.2637,1.15246,0.260104,-4.5,0,-0.556262,0.598008,-0.577026
18.2882,-59.6321,77.4004,-0.405381,-0.00851585,-3.5,0,0.888652,-0.267002,0.372836
28.189,-48.8875,67.066,-1.36259,-0.594265,-3.5,1,-0.661431,-0.103167,0.742876
-3.592,-43.8853,69.5315,0.29403,0.836911,-3.5,0,-0.677761,0.468691,0.566542
18.2936,-58.8991,73.0049,-0.70629,0,-1.0944,1,0.649259,0.364278,0.667656
29.5449,-56.9513,62.1264,-0.124453,0,-0.4,0,0.533115,0.456137,-0.71255
28.5245,-42.7325,62.0795,-0.298412,0,-0.7,0,-0.886885,0.333074,-0.32015
49.56,-61.2195,55.382,-0.112618,0,-3.5,0,0.5391,-0.176751,-0.823487
46.5182,-44.949,52.9468,0.212306,0,-1.3,0,-0.113714,-0.267907,-0.956711
49.2126,-40.6804,81.2086,0.0242977,0,-3.5,0,-0.710889,-0.327308,0.6225
44.5291,-19.9864,64.4236,-0.0965034,0,-3.5,0,0.453253,-0.130482,-0.88178
32.2006,-42.1441,64.1022,1.15484,-0.398447,0.79091,0,0.422765,-0.819346,0.387224
55.8491,-41.7826,79.3043,-0.174943,-0.14195,-3.5,0,-0.155096,0.400948,0.902876
15.9336,-57.5549,58.5866,-0.41037,0,3.20874,0,-0.166865,-0.426961,-0.888741
49.1616,-21.3318,70.0301,-1.66373,-0.247242,-3.5,0,-0.44065,0.886572,-0.140776
4.44475,-43.2052,73.649,-0.254088,0,-0.7,0,-0.582953,0.545435,0.602218
43.2303,-66.079,53.5046,0.329909,0,-4.5,0,0.32034,-0.50263,-0.80296
47.1278,-37.1629,78.3587,-0.507812,0,3.8,0,-0.729828,-0.635377,0.252285
49.1595,-57.6095,64.138,0.731309,0.0321054,-4.44566,0,-0.519666,-0.833341,0.188388
9.97125,-63.0387,70.426,-0.113465,0,3.8,0,-0.543672,0.0653489,-0.83675
41.5086,-69.4242,80.2821,-0.151186,0,3.8,0,-0.437644,-0.55169,0.710004
33.0341,-34.629,59.7928,0.0388461,0,-1.6,0,-0.396486,0.883363,0.249939
11.9073,-48.3957,52.2648,-0.224992,0,3.8,0,0.0632798,-0.684304,-0.726446
1.62775,-57.3582,59.8133,-0.45602,0,-3.2,0,-0.288258,-0.9532,0.091201
46.1665,-43.8232,52.2671,0.515519,0,-4.5,0,-0.482137,-0.590365,-0.647312
62.4463,-39.632,69.9074,-0.533547,0,-1.6,0,0.812094,0.501293,0.298678
31.8137,-56.0723,57.46,1.49378,0,-3.9,0,-0.629367,0.0676165,0.774161
36.1727,-35.4279,76.8012,-0.173606,0,4.2,1,-0.709374,-0.0261236,0.704348
47.933,-74.445,75.0305,-1.19646,0,-3.5,0,0.58857,-0.808443,0.002049
43.0191,-29.0241,72.8819,-0.474795,0,3.8,1,-0.8149,-0.0857921,0.573217
41.9599,-46.9219,77.8911,-0.118107,0.0422647,-3.5,0,0.0783438,0.166001,0.983009
34.123,-52.09,52.7485,-2.15776,-0.39389,-3.5,0,-0.0699094,0.47137,-0.87916
8.98337,-62.0132,75.5295,-0.208365,0,3.8,0,-0.75636,0.0500001,0.652242
26.533,-49.877,65.6435,-1.23595,-0.00224909,-3.5,0,-0.794459,0.572411,-0.20293
52.3698,-34.7521,55.9982,-1.64042,0,-3.5,0,0.401235,-0.0670261,-0.91352
-1.54125,-40.838,69.6676,-0.21024,0,4.2,0,-0.499569,0.677795,0.539467
3.01662,-55.5913,69.9481,-0.264336,0,-3.5,0,-0.350306,-0.909414,0.224169
-7.65562,-45.6981,55.8429,0.130169,0.357335,-2.73999,0,-0.0879611,-0.985027,0.148272
58.549,-43.119,79.212,0.268407,0,-3.52041,0,0.444837,0.131565,0.885895
52.5281,-52.2134,61.0965,-0.036159,-0.116379,-3.10788,0,0.0835274,-0.0051954,-0.996492
48.331,-22.08,70.132,-0.726073,-0.0071238,-3.5,0,-0.356048,0.845454,-0.398043
22.997,-62.8307,73.8855,0.451024,0.051865,3.8,0,0.317947,-0.373569,0.87141
62.4799,-33.5257,67.7916,0.670447,0,-3.9,0,0.413611,0.582683,0.699576
19.3365,-65.7556,68.0884,-0.308278,0,-0.4,0,-0.134205,-0.77356,-0.61935
26.2615,-66.9202,66.1052,-0.581998,0,-3.5,0,-0.780032,-0.612995,0.125648
51.4884,-72.254,74.5024,0.339918,0.102935,-0.7,0,0.485072,-0.794517,-0.365304
52.2176,-54.3094,70.0413,-1.5634,-0.397036,-3.5,0,0.814394,-0.579876,0.0224758
55.1032,-51.0431,61.5661,0.799857,0,-4.5,0,0.633669,-0.113388,-0.76525
6.07463,-43.0449,50.87,-0.299886,0,-0.545414,0,-0.0885513,0.189404,-0.977898
11.6599,-45.8647,51.9393,-0.350321,0,3.8,0,0.410287,0.603758,-0.683477
8.43538,-35.3167,58.6575,-1.18566,0,-3.2,0,0.565922,-0.0413246,-0.823423
36.4511,-75.467,66.7854,-0.269953,0,-3.5,0,0.0944559,-0.512833,0.853276
45.8618,-71.831,60.6937,0.524163,0.461941,-3.5,0,0.850519,-0.373857,0.36993
33.2673,-54.0052,58.7197,-0.738915,0,-0.9,0,-0.78178,0.400639,-0.477816
11.8317,-52.4118,72.6815,-0.204369,0,-0.778171,1,0.304843,0.916313,0.259695
43.9825,-46.0065,78.3025,-0.256523,0,-0.7,0,-0.107513,-0.401787,0.9094
-4.745,-38.5311,66.1452,-0.57658,0,-3.5,0,-0.891101,-0.446289,0.0822496
-2.10875,-49.7383,52.2723,0.619831,0.249032,-0.7,0,-0.816274,-0.102427,-0.568512
53.181,-58.625,64.8045,0.23919,0,-4.5,0,0.202507,-0.929214,0.309116
43.6219,-19.9275,63.9098,0.0635386,0,-3.5,0,0.295861,0.0216566,-0.954985
55.3149,-37.4234,78.3355,-0.212492,0,-0.4,0,0.231073,0.395908,0.888742
27.5945,-46.5809,51.4605,0.354985,0.024476,-4.5,0,-0.57244,-0.786004,0.233474
51.1527,-41.0975,81.1348,-0.12021,0,-3.5,0,0.457522,-0.534285,0.710783
57.4367,-34.8442,61.4738,0.571016,0,3.28979,0,0.761938,-0.547193,-0.346455
-1.49675,-37.5611,54.5718,-1.29939,0,-0.8,0,-0.341839,0.57335,-0.744591
35.6732,-36.0375,75.6807,-0.13614,0,4.2,1,-0.946162,-0.130817,0.296082
59.7747,-35.8925,65.8671,0.776969,-0.00860375,-3.87969,0,-0.308528,0.322082,-0.895027
23.3266,-61.3764,73.7591,-0.128754,0,3.8,0,0.597506,0.205059,0.775202
4.72575,-54.5869,63.8346,0.311237,-0.148208,3.45558,0,-0.67303,-0.738805,-0.0345919
61.0386,-36.5575,64.6908,0.882213,0,-3.9,0,-0.20238,0.0338526,-0.978722
32.5381,-48.0882,74.8652,-0.0110378,0,-1.6,0,-0.656379,-0.669424,0.347905
44.8294,-48.7335,77.3205,-0.481201,-0.0206265,-3.78799,0,-0.0765132,0.241607,0.967353
35.984,-23.4865,65.467,-0.534123,-0.93911,-0.7,0,-0.952753,0.197931,0.230401
0.212,-40.706,51.631,-1.61749,-0,4.2,0,0.0278088,-0.00962982,-0.999567
36.5832,-23.6052,68.7314,-0.38215,-0.0891824,-0.754572,0,-0.872056,0.105084,0.477991
-2.1435,-44.4606,52.0432,-0.248924,0,-1.3,0,0.393141,-0.449915,-0.801883
9.08113,-63.71,71.084,-0.116133,0,3.8,0,-0.786343,-0.0677292,-0.614066
39.8335,-65.59,53.1005,0.124625,0,-4.5,0,-0.339563,-0.579384,-0.740953
32.5,-36.366,70.763,-1.57925,-0,-3.5,0,-0.948465,-0.236574,0.210823
35.4178,-43.7976,76.7077,0.113891,0,-3.5,0,-0.591112,-0.176626,0.787013
49.2246,-40.9961,77.2401,-0.357747,0,-3.5,0,-0.8312,-0.476538,0.286389
33.88,-32.6925,55.0293,-0.391126,0.254538,-3.2,0,-0.309557,0.893305,-0.325853
61.3196,-37.7344,64.9844,0.753619,0,-3.9,0,0.133816,-0.295176,-0.946026
15.4665,-56.5897,57.73,-0.317813,0,1.8,0,-0.0486569,-0.721265,-0.690949
23.8734,-56.3656,58.7547,-0.821192,-0.504459,0.602257,0,0.319908,-0.329286,-0.888386
33.5596,-68.6084,61.0132,-0.07504,0.597734,-4.5,0,0.267149,-0.907809,-0.323287
-5.70275,-40.5689,57.1818,-0.36606,0,-4.01251,0,-0.618101,0.668972,-0.41283
17.3774,-53.2499,71.8936,-0.991605,-0.203071,0.442259,1,-0.280657,0.664146,0.692923
32.1335,-59.1991,56.0804,0.374007,0,-3.9,0,-0.522968,-0.742604,0.418381
20.6881,-67.7795,74.096,0.345926,0,-2.10699,0,0.929075,-0.119233,0.350147
36.5118,-17.6584,68.877,0.283643,0,4.5,0,-0.419409,0.55512,0.718288
44.822,-24.7302,72.7872,-1.80657,-0.440764,-2.94087,1,-0.479361,-0.305386,0.822771
-6.49175,-39.565,60.2137,-1.50638,-0.493219,-3.28448,0,-0.941482,0.326498,0.0837314
9.124,-56.499,50.3385,-0.214123,0,4.2,0,0.387316,-0.480317,-0.786944
37.69,-17.8745,69.5015,1.08001,0.617015,4.5,0,-0.415685,0.595746,0.687236
31.1733,-50.3615,69.8935,-0.443631,0,-3.5,0,0.122534,0.617303,0.777125
34.8856,-54.8836,52.1246,-1.15492,-0.0705362,-3.5,0,0.00758832,0.0144776,-0.999866
29.6682,-67.744,71.1032,-1.40167,-0.0206398,-3.5,0,0.348842,0.313585,0.883161
43.3355,-64.789,52.9945,0.461021,0,-4.5,0,0.62756,-0.301942,-0.717635
11.041,-46.5064,50.895,-0.277191,0,3.8,0,0.742384,0.0364189,-0.668984
50.1834,-65.8848,74.555,-1.02353,0,1.9,0,-0.127693,0.331213,0.934876
16.3442,-52.4111,71.152,-1.63449,-0.0825762,4.2,1,-0.167122,0.466705,0.86848
36.9715,-43.9215,49.013,0.174744,0,-4.5,0,-0.350953,0.411548,-0.841106
19.9891,-54.3102,72.9315,-1.63204,-0.114014,-3.5,0,0.0539823,-0.215217,0.975073
59.9949,-45.9329,65.3981,0.21299,0.154435,-3.5,0,0.704216,-0.574251,-0.417511
-0.843,-40.9627,51.5336,-0.573387,-0.0126324,-0.679825,0,0.373863,-0.0341662,-0.926854
40.554,-36.186,75.2595,-0.248391,0,3.85369,0,0.26906,0.0670454,0.960787
26.1182,-67.7008,63.8623,-1.7094,-0.309263,-3.5,0,-0.923294,-0.337779,-0.18285
1.88825,-38.5145,70.019,-0.328002,0,4.5,0,-0.812063,0.102317,0.574531
2.3165,-33.2894,57.5615,-0.371992,0,-3.5,0,-0.725719,0.509753,-0.462043
13.3924,-42.9699,54.977,0.0859662,0.317479,3.8,0,0.558455,0.802637,-0.209528
47.8265,-31.5175,53.2919,0.710905,0.15526,-0.7,0,-0.342349,-0.461582,-0.818376
30.844,-41.091,60.901,-0.424482,0,-0.7,0,-0.335771,0.892085,-0.302393
52.3071,-65.1902,63.9777,0.0525703,0,-3.2,0,0.884906,-0.414689,0.212072
37.9258,-42.0035,50.9235,0.504494,0,-4.5,0,0.189839,0.764194,-0.616416
47.804,-56.1295,51.328,-0.250621,0,-0.8,0,0.651614,0.625141,-0.429648
37.7221,-28.9444,67.2767,-0.245434,0,3.8,0,-0.829689,0.166489,-0.53282
49.52,-41.89,56.505,0.353486,0,-4.5,0,0.95047,-0.310773,-0.00519196
29.3167,-53.0255,70.2505,-0.792259,-0.316174,-3.5,0,0.0305014,-0.609611,0.792114
13.3149,-50.9571,53.7106,-0.221456,0,-0.8,0,-0.418699,-0.124701,-0.899522
18.0775,-43.9767,62.8975,-0.433618,0,-0.7,0,0.231654,0.877949,-0.418977
54.8135,-32.0005,71.5404,-0.557328,-0.461771,0.0630697,0,-0.214349,-0.455617,0.863983
49.985,-32.3512,71.5007,0.407995,0,-1.6,0,0.440906,-0.0560366,0.895802
44.0546,-23.6924,56.3143,0.0896263,0,-3.5,0,0.503792,0.474259,-0.721992
28.7017,-51.5137,70.4885,-0.854634,-0.331587,-3.5,0,-0.436426,0.341325,0.832484
-6.17312,-41.977,61.619,-0.276459,0,-3.5,0,-0.878422,0.427527,0.213532
54.4155,-47.9221,76.5221,-1.16099,-0.0867669,-3.9,0,0.121897,-0.462985,0.877944
38.5795,-26.7435,64.4655,-0.67888,0,-0.7,0,-0.638602,-0.76345,0.0965963
55.8414,-28.9269,67.6125,-0.842536,0,-1.07737,0,0.883979,0.465774,0.0404531
8.1425,-52.5783,77.944,-0.797902,-0.0096159,-3.5,0,0.298444,-0.447224,0.843162
51.383,-50.186,54.9765,0.0564023,0,-4.5,0,0.967541,-0.176479,-0.180885
42.7145,-31.17,54.8751,-0.387026,0,-0.7,0,-0.50483,0.812563,-0.291356
34.71,-18.943,63.927,-0.102396,0,4.5,0,-0.105749,0.0592562,-0.992626
45.517,-30.2245,75.4593,-0.427968,0,3.8,0,-0.0327785,-0.534598,0.84447
40.6865,-66.512,78.059,-0.228896,0,3.8,0,-0.641969,0.740705,0.198068
42.9815,-51.0045,76.2946,-0.0583622,0,-3.5,0,-0.128735,-0.751927,0.646554
55.8638,-45.8755,78.5541,-0.497615,0,-3.5,0,0.363287,-0.92808,0.0817927
6.111,-58.7265,69.6305,0.154863,0,-3.5,0,-0.428154,-0.876279,-0.220953
35.1396,-45.4801,51.6444,0.149231,0,-4.5,0,0.0484383,-0.966842,-0.25074
31.145,-67.9404,66.0843,-0.627069,-0.1107,3.38815,0,-0.132687,-0.618965,-0.77413
52.8849,-21.7986,68.1513,3.96379,0,-0.4,0,0.292214,0.869468,0.398292
35.3223,-33.0192,70.5615,-1.52236,0,-3.5,0,0.0482789,0.912749,0.405659
35.9194,-67.0888,58.8319,-1.91016,-0.0723114,-3.5,0,-0.0965278,-0.961182,0.258478
55.1522,-27.8796,64.0559,0.479677,0.496431,2.5,0,0.684577,0.683814,-0.252495
60.7497,-37.2707,71.4498,-1.80971,-0.346431,-1.6,0,0.62295,0.427219,0.655299
17.9364,-64.309,61.4751,-0.869156,-0.408905,-3.5,0,-0.99765,-0.023224,0.064465
51.428,-70.456,71.3,-0.713902,-0.771729,-0.7,0,0.811372,-0.573038,-0.115334
7.8355,-39.917,68.2738,-1.05847,0.00179471,-3.5,0,0.522745,0.677378,0.517587
44.7215,-65.0888,55.008,1.47783,0.184221,-4.5,0,0.972745,0.207555,0.103385
5.381,-54.722,72.5555,-1.18869,-0.171267,-3.5,0,-0.536432,-0.366952,0.759991
4.22125,-52.3516,71.6639,-1.61072,0,-3.5,0,-0.550064,0.498628,0.669925
30.9045,-40.8425,69.4695,-0.104443,0,-4.5,0,-0.510986,0.838373,0.189802
6.2575,-33.8285,62.6825,-0.51728,0,-3.2,0,-0.34141,0.760564,0.552251
7.8745,-58.1379,64.9509,-0.0273545,0,-0.7,0,0.190463,-0.921812,-0.337619
62.6307,-36.5405,64.5632,1.47015,0.522081,-3.9,0,0.158247,-0.468927,-0.868945
37.1592,-22.3853,64.7085,-0.247364,-0.692863,4.5,0,-0.517858,0.620481,-0.58892
11.552,-44.2785,70.425,-0.907362,0,-3.2,0,0.424865,0.71707,0.552539
12.3955,-50.4131,71.3209,-0.212246,0,-0.929336,1,0.591039,0.0875916,0.801874
50.8143,-21.8235,71.1625,-0.714543,-0.579037,-3.5,0,0.554035,0.636117,0.537029
36.4142,-20.679,69.193,0.0210829,0,-0.72411,0,-0.9281,-0.00546445,0.372292
13.8018,-65.1728,67.451,-0.211387,0,4.2,0,-0.266538,-0.626482,-0.732446
27.8363,-42.5218,72.6124,0.168263,0,-4.5,0,-0.707089,0.682848,0.183695
16.8925,-66.9424,79.0916,-0.113759,0,-0.856724,0,0.513321,0.351991,0.78269
57.4065,-42.6727,60.7374,0.0374368,-0.415631,-3.64049,0,0.661907,-0.500845,-0.557703
34.6781,-57.1416,51.4905,-1.2549,-0.0214715,-3.9,0,-0.567394,0.644226,-0.512872
10.2079,-55.2152,51.5339,-0.263628,0,4.2,0,0.872663,0.363364,-0.326229
51.902,-48.152,79.173,0.343031,0,-3.5,0,0.963399,-0.268069,0.00109152
50.2005,-28.128,63.7225,0.0589931,0,3.02507,0,-0.215305,0.661178,-0.71867
42.4825,-35.0855,73.786,-1.56711,-0.332057,-3.5,0,0.414066,0.833581,0.365639
47.5827,-69.78,79.0645,-1.40369,-0.234938,3.8,0,0.29599,-0.0481692,0.953976
39.6872,-68.853,67.3045,1.38255,0,1.9,0,0.234535,-0.580988,0.779389
10.734,-48.6917,51.7354,-0.192613,0,3.8,0,0.582997,-0.605883,-0.541314
45.792,-25.57,57.245,-0.0418282,0.451346,-3.5,0,0.327706,0.713546,-0.619242
-0.85125,-49.9837,51.1175,-0.10208,0,-0.7,0,-0.52699,-0.327349,-0.784299
33.1524,-69.6779,70.872,0.00346023,0,4.5,0,0.209955,-0.167692,0.963223
44.9468,-32.7734,53.8548,-0.868059,-0.650061,-0.7,0,0.266746,0.207695,-0.941121
1.69187,-55.9779,61.7424,-0.121239,0,-3.2,0,-0.396581,-0.502354,0.768351
35.1805,-43.1016,54.5066,0.0992098,0,-4.5,0,-0.268811,0.962689,0.0311594
10.0747,-33.4661,61.7521,-1.30064,0,-3.2,0,0.499956,0.312751,0.807608
8.747,-64.447,73.7735,-0.12873,0,3.8,0,-0.893149,-0.427411,0.140013
43.3514,-41.9132,55.1927,0.627134,0,-2.42191,0,-0.116452,0.341482,-0.932646
14.0758,-52.7345,73.4684,-0.505107,0,-0.7,1,0.580276,0.814256,0.0163152
48.6805,-54.715,74.59,-0.759472,-0.416877,-4.5,0,0.157633,-0.636821,0.754726
35.691,-32.3005,68.4003,-0.354896,0,-3.5,0,-0.490686,0.865692,0.0990161
29.9275,-43.7075,49.9965,-0.190079,0,-4.5,0,-0.164318,0.951182,-0.261251
45.0848,-71.2213,61.4936,0.264597,0.356784,-3.5,0,0.520133,-0.603586,0.604273
50.1077,-22.7981,66.4225,0.688165,0,-0.4,0,-0.65931,0.650414,-0.37719
48.42,-56.7923,55.5835,-0.136683,0,-3.5,0,0.592088,0.377631,-0.711918
11.017,-68.632,74.52,-0.185649,0,-0.9,0,-0.779856,-0.36612,-0.507722
51.789,-70.8863,76.57,-0.880946,-0.557591,-0.7,0,0.414827,-0.668695,0.617062
44.0649,-25.4537,56.2337,0.193335,0,-3.5,0,0.363662,0.213609,-0.906709
36.6738,-17.9438,64.3307,-0.0734587,0,4.5,0,0.264809,0.318016,-0.910353
38.6128,-69.0368,60.2866,-0.839738,-0.390734,-4.5,0,-0.724175,-0.627148,-0.286801
51.3882,-58.861,65.345,0.351371,0,-4.5,0,-0.154711,-0.958979,0.237536
36.0974,-21.0281,72.1756,-0.0675226,0,-0.8,0,-0.99891,-0.0464453,-0.00463944
41.9,-69.4785,57.2925,-0.277259,0,-4.07905,0,-0.291398,-0.511889,-0.808119
33.547,-48.9826,74.0098,-0.0496139,0,-1.6,0,-0.170219,-0.984478,0.0427682
44.7781,-15.887,67.7842,0.240222,0.180879,-3.5,0,0.51584,0.803236,0.29786
17.76,-44.8898,61.8527,-1.35596,-0.487417,-0.7,0,0.427185,0.68304,-0.592427
41.3645,-44.2565,77.7315,0.655924,0.272409,-0.7,0,-0.720881,-0.268353,0.638997
38.8196,-66.1093,55.5665,-0.0717465,0.0559121,-4.04357,0,-0.0556861,-0.988121,0.143232
47.1001,-36.4216,79.4581,-0.348208,0,3.8,0,-0.717894,-0.394573,0.573533
7.34338,-55.1874,74.6239,-0.539895,0,-3.5,0,-0.774984,-0.31161,0.549817
42.2829,-68.225,81.0774,-0.159327,0,3.8,0,-0.1706,-0.0548894,0.98381
1.41525,-42.9185,51.9927,-0.275128,0,0.559095,0,-0.56741,0.34058,-0.749701
48.8078,-72.2197,69.1768,0.123099,0,1.8,0,0.403448,-0.670612,-0.622503
3.72738,-57.7007,57.9664,-0.273711,-0.12345,-1.97519,0,-0.454752,-0.825172,-0.335099
59.4253,-30.6187,64.7117,-0.184963,-0.0378317,3.62321,0,0.511158,0.347268,0.786207
47.7902,-38.2738,76.1435,-1.20682,-0.884228,-3.5,0,-0.968879,-0.235656,0.0757582
38.786,-36.2007,54.1169,-0.1346,-0.181939,-3.33901,0,-0.443403,0.31755,-0.838186
49.1678,-62.1236,64.3217,0.636314,0.195477,-3.2,0,0.658332,0.694937,0.289243
40.3797,-51.5869,70.1588,-0.0894365,0,3.8,0,-0.116768,0.368745,0.922167
47.8714,-34.1225,74.4656,-0.784245,-0.380106,3.31038,0,-0.555647,0.746913,0.365209
23.1161,-57.6387,71.5894,-0.213752,-0.530541,0.492177,0,0.59916,0.29858,0.742871
42.4162,-37.4455,75.5397,-1.62263,-0.396792,-3.5,0,0.259536,0.331495,0.907057
46.6632,-63.794,73.909,-0.19019,0,-2.0792,0,0.568602,-0.070453,0.81959
28.9525,-47.0448,59.49,-1.4824,-0.0796985,-3.5,0,-0.461232,-0.222155,-0.859018
31.5578,-45.3245,70.2671,0.587467,0,-4.5,0,-0.333468,-0.932179,-0.140861
48.1427,-71.1492,78.4474,-0.239752,0,-3.5,0,0.248151,-0.268815,0.930677
33.051,-51.3532,61.825,-0.34518,0,-0.9,0,-0.646102,0.301259,-0.701281
12.7555,-53.2685,54.352,-1.03701,-0.63748,-0.8,0,0.17518,-0.863001,-0.473859
32.5244,-59.1009,57.2866,0.0722314,0,-3.9,0,-0.843815,-0.450736,0.291228
43.5428,-62.348,56.8279,0.433763,0,-3.5,0,0.84151,-0.223459,-0.49186
50.9953,-23.9315,58.3015,0.226729,0,-3.9,0,0.365821,0.286911,0.885357
33.9069,-40.4108,71.6976,-0.70357,0,-2.66861,0,-0.734012,0.502549,0.456806
17.6378,-54.9987,74.0811,-1.20373,0,-3.2,0,0.453414,0.375844,0.808181
5.14537,-56.1856,64.9741,-0.891142,-0.782221,-0.7,0,-0.875902,-0.327113,-0.354674
49.7287,-23.626,72.8392,0.45235,0,-3.5,0,0.752047,-0.0512191,0.657116
25.9654,-66.6917,62.9081,-0.718736,0,-3.5,0,-0.757496,-0.311782,-0.573578
37.8939,-19.6178,74.0275,0.0827184,-0.682003,-0.8,0,-0.280875,0.839513,0.46511
32.3568,-75.2156,69.719,-0.252994,0,-0.7,0,0.277444,-0.682804,0.675873
52.5,-42.7319,58.551,-0.000772738,0,-3.2,0,-0.17564,-0.38124,-0.907638
-3.7025,-36.9159,64.344,-1.58676,-0.954768,-3.5,0,-0.326184,0.865666,-0.379771
38.8561,-21.4079,59.0594,-1.66878,-0.812178,-3.5,0,-0.139775,0.417142,-0.898028
34.859,-68.1845,61.5986,0.265329,0.686165,-4.5,0,0.219572,-0.719755,-0.65859
52.6198,-34.6715,70.3367,-0.540642,0,-0.9,0,0.265598,0.703702,0.658985
47.7924,-39.2962,77.1221,-2.22345,-0.255025,-3.5,0,-0.899576,-0.355088,0.254312
38.0622,-43.1167,49.27,0.00497451,0,-4.5,0,0.0348132,0.719469,-0.693651
33.8018,-24.7288,61.5908,-0.227933,0,-4.5,0,-0.870319,-0.369674,-0.325401
48.0705,-28.8617,62.9048,-0.0381407,0,4.3888,0,0.68419,0.503488,-0.527621
39.3175,-26.5987,70.0645,-0.225913,0,3.97658,1,-0.366495,0.365542,0.855605
62.025,-32.7323,61.2759,0.310016,0,3.8,0,0.868247,-0.13015,-0.478757
28.7257,-43.8905,50.8365,-0.483407,0,-4.5,0,-0.355023,0.93454,-0.0243718
32.1181,-39.6874,60.5811,-0.182599,0,-1.6,0,-0.997715,0.00418885,0.0674313
35.8041,-49.4613,59.5094,-0.277594,0,1.42285,0,-0.640302,0.103767,-0.761082
46.443,-61.482,77.667,0.0373043,0,-3.5,0,0.528877,-0.355599,0.770609
51.798,-63.8802,65.1409,0.592219,0,-3.2,0,0.727996,0.377117,0.572542
32.9114,-46.401,68.6925,0.387469,0.474844,-4.07269,0,-0.588829,-0.733254,0.340027
28.5483,-70.572,72.33,-0.218343,0,-3.5,0,0.662233,0.0248581,0.748885
22.9142,-54.8423,72.7139,-0.499529,0,-3.5,0,0.64013,-0.24206,0.729137
18.5864,-50.4645,70.2541,-1.23404,0,-3.5,0,-0.036011,0.395677,0.917683
49.316,-27.744,64.012,0.0801021,0,3.8,0,0.386674,0.61156,-0.690273
17.3635,-50.2383,53.8655,0.38783,0.3899,-0.8,0,0.648306,-0.245405,-0.720746
30.7231,-55.34,63.3846,-0.790071,0,-0.629484,0,0.133603,-0.0660875,-0.988829
47.3946,-40.4105,74.0586,-0.784254,0,3.8,0,-0.543569,0.536588,0.64545
29.2052,-65.3438,70.6718,-0.740046,-0.46101,-2.60356,0,0.249021,0.0662324,0.966231
50.897,-54.3036,75.0091,0.43006,0,-4.5,0,0.0680216,-0.720779,0.68982
47.4814,-31.8646,73.1497,-0.632887,0,3.8,0,0.29685,-0.209896,0.931571
29.1197,-34.659,65.0145,1.60825,0.547422,-3.9,0,-0.236014,0.255225,-0.937634
39.4168,-48.8604,73.3566,0.1982,0.0457743,1.99699,0,-0.488458,-0.871097,0.0509745
56.2531,-53.4366,65.0683,0.601742,0,-4.5,0,0.872749,0.0267647,0.487435
33.087,-54.781,69.7555,-0.45916,0,3.09668,0,0.212005,-0.0559361,0.975666
44.2149,-35.5576,72.6852,-1.24191,0,1.92319,0,0.179369,0.958633,0.221019
48.283,-67.294,62.8989,0.31295,0,1.71657,0,0.73805,-0.673431,0.04212
-0.096,-43.877,52.668,-0.349554,0,-1.3,0,-0.303235,-0.0781322,-0.949707
38.8418,-30.4675,70.7412,-0.378863,0,3.8,0,-0.500968,-0.211998,0.8391
-2.977,-43.1085,68.226,-0.709554,-0.15315,-3.5,0,-0.77188,0.580676,0.258876
39.7575,-49.776,51.7868,-0.703503,-0.67666,2.8,0,-0.401496,-0.633541,-0.661382
36.2195,-22.6365,66.3783,-0.407908,-0.959073,-0.7,0,-0.988789,-0.0887531,0.12008
50.2135,-27.9548,55.519,0.915399,-0.345561,-2.79429,0,0.321731,-0.0427875,-0.945864
32.9647,-43.5213,57.0559,0.446433,0,1.66696,0,-0.420817,0.731168,-0.536941
52.9103,-33.1632,58.3568,-0.938775,0,-3.5,0,0.969319,0.242688,0.0390386
52.7953,-69.2402,74.4031,-0.707222,0,-0.7,0,0.957999,0.168926,-0.231736
39.4936,-42.5485,51.0768,0.970754,0.0341197,-4.5,0,0.585546,0.680068,-0.441184
52.111,-45.7805,79.822,0.392995,0.21829,-3.5,0,0.232131,0.79609,0.558888
43.059,-21.2724,67.449,0.494588,0,-1.04925,0,0.955309,0.0960358,0.279575
33.5,-63.3493,57.3715,-0.597792,0,0.131061,0,-0.499024,0.184245,-0.846776
7.349,-53.997,76.3525,-0.00219193,0,-3.5,0,-0.345471,-0.807146,0.478712
15.9124,-64.8288,64.3685,-0.125499,0.252528,-0.8,0,-0.667727,-0.379842,-0.640203
-0.3375,-50.9529,67.1683,-0.18797,0,4.2,0,-0.993187,0.0288458,0.112905
41.5366,-22.4583,70.9514,-0.513768,-0.354208,2.33042,0,0.340362,-0.231704,0.9113
-4.979,-44.0605,64.7755,-0.0805718,0,-3.5,0,-0.651026,-0.12051,0.749428
48.412,-59.7965,66.8945,-0.210523,-0.0623781,-3.5,0,0.639825,-0.531658,-0.554944
2.169,-51.3535,51.1307,-0.207067,0,-3.5,0,-0.933597,-0.322173,0.156846
6.67669,-59.0132,70.9685,0.296477,0,-3.5,0,-0.405622,-0.882205,-0.239135
4.20725,-46.9896,72.3493,-1.24694,-0.98125,-0.7,0,-0.584079,-0.550938,0.596086
48.9089,-65.3313,68.2947,0.0756257,0,3.78974,0,0.267603,0.960834,0.0720161
54.1225,-53,75.831,0.742676,0,-4.5,0,0.36098,-0.606127,0.708734
41.042,-35.16,51.9145,-0.356114,-0.0208285,-3.5,0,-0.362793,0.274616,-0.890487
42.1815,-69.8014,69.2076,-0.599476,-0.685192,-1.53969,0,-0.910988,-0.412015,0.0185758
4.81625,-42.1085,71.802,-0.15953,0,-0.7,1,-0.0676773,0.790964,0.608109
1.34462,-53.3899,64.4321,-0.17668,0,4.2,0,-0.653241,-0.7006,-0.287117
29.5779,-45.7885,59.456,-1.25858,-0.612831,-3.1217,0,-0.467754,-0.0208067,-0.883614
51.1965,-45.8138,59.615,-0.584315,-0.403231,-2.09923,0,0.183902,0.195307,-0.963346
48.9829,-33.9931,74.1386,-0.64368,0,2.95946,0,0.356944,0.911009,0.206529
39.3172,-19.478,65.0023,0.126235,0,-3.5,0,-0.173723,0.666928,-0.724588
0.722,-52.203,68.7395,-0.164748,0,4.2,0,-0.556356,-0.244615,0.794123
48.1973,-23.2139,62.158,0.0251896,0,4.5,0,0.603354,0.424103,-0.675352
3.41275,-57.2345,61.2687,-0.102878,0,-2.0178,0,-0.745823,-0.535746,0.395885
52.5331,-37.0525,73.6489,-0.698416,0.443816,2.9743,0,0.342863,0.901706,0.263383
53.3515,-52.168,76.7373,0.777466,0.779338,-4.5,0,0.260523,-0.687508,0.677835
50.3785,-59.0812,69.266,-0.0368751,0,-3.16152,0,0.875996,-0.416501,-0.243224
33.2783,-33.5506,71.8522,-1.50417,-0.856743,-3.5,0,-0.519554,0.486555,0.702373
49.6087,-43.4845,54.9533,0.558471,0.00259395,-4.5,0,0.989159,-0.0757429,-0.125806
57.5033,-48.354,67.886,-0.242403,0,-3.5,0,0.686595,-0.524736,0.503229
35.0173,-47.3763,72.3525,0.23531,0,-1.6,0,0.133529,-0.967592,-0.214324
29.591,-46.7686,50.1362,-0.219932,0,-4.5,0,-0.0075026,-0.976711,-0.214427
10.3827,-57.5419,75.1926,0.019059,0,-3.5,0,0.167692,-0.274844,0.946752
5.47706,-35.8325,65.7706,-1.52602,-0.806397,-3.2,0,-0.310262,0.631726,0.710394
18.0301,-66.0543,67.896,-0.678516,0,-0.8,0,0.028403,-0.91771,-0.396234
37.8447,-33.731,72.8503,-0.432253,0,4.2,1,-0.487896,0.828551,-0.2747
16.4338,-41.7933,66.0719,-0.0280463,0,1.8,0,0.6986,-0.650023,0.299046
26.375,-53.3167,68.9416,-0.519635,0,-3.5,0,-0.429485,-0.31202,0.847459
3.98887,-57.1569,62.2165,0.0083054,0,-0.8,0,-0.768037,-0.137891,0.625384
18.4963,-56.9346,73.0479,-0.888648,0,-3.2,1,0.680372,-0.16956,0.712982
8.3585,-61.18,73.4262,-0.179043,0,3.8,0,-0.925654,-0.34173,-0.162436
55.0443,-48.1222,71.5447,0.65493,0,-0.8,0,0.985415,-0.168631,-0.0228062
59.054,-44.1577,79.1671,0.587608,0.0915758,-3.83414,0,0.246589,-0.331637,0.91061
52.1265,-63.363,71.8167,0.235796,0,1.9,0,0.381102,0.87057,0.311238
58.3172,-44.7901,71.0393,-0.253592,0,-3.5,0,0.638121,-0.657779,0.40016
11.937,-67.7754,78.1288,-0.50851,0,-0.9,0,-0.783807,0.406667,0.469328
33.2907,-68.29,64.8361,-0.385918,-0.193208,-2.31193,0,-0.419748,-0.80268,-0.423694
29.1986,-62.4663,58.5073,-0.239051,0,3.8,0,0.209632,-0.527702,-0.823155
30.0445,-67.8065,65.9305,-0.470662,-0.000849737,2.5,0,0.286575,-0.802239,-0.523725
16.5355,-57.3105,78.7435,-0.677036,-0.172678,-3.5,0,-0.521172,0.385439,0.761457
22.529,-55.041,57.732,-1.05084,-0.287359,-2.09394,0,0.214177,-0.530171,-0.820395
12.3685,-44.42,53.0555,-0.431149,0,3.8,0,-0.0089258,0.549814,-0.83524
46.7542,-69.957,62.0391,0.733183,0.294252,3.8,0,0.360917,-0.930587,-0.0612043
38.4086,-59.8329,72.1998,-0.203224,0.257277,-0.780286,0,0.599387,-0.0325362,0.799798
11.2048,-44.9622,52.8675,-0.582877,0,3.25765,0,0.412205,0.433368,-0.801423
27.8107,-55.1418,69.1257,-0.392563,0,-3.5,0,-0.184759,0.108738,0.97675
42.7186,-20.5478,68.5939,0.24398,0,-3.5,0,0.952934,-0.271377,0.135167
41.2031,-44.3307,76.6537,0.0724346,0,-0.7,0,-0.846888,-0.281306,0.451273
54.6241,-50.2106,60.84,0.849926,0,-4.5,0,0.377457,-0.433354,-0.818371
22.6679,-68.0569,69.1071,-0.672079,-0.160583,-2.11937,0,-0.0424855,-0.871588,-0.488395
8.40825,-38.1068,57.5615,-1.21093,0,-3.5,0,0.698342,0.585243,-0.412078
21.1973,-60.429,60.2381,-0.300463,0,-3.5,0,0.12771,-0.129192,-0.983361
52.4285,-30.4002,72.3731,-0.0378649,0,-1.6,0,-0.180801,-0.0192753,0.983331
57.3471,-48.3786,74.8651,0.292738,0,-3.9,0,0.539804,-0.825783,0.163383
-4.01562,-36.1181,59.4886,-1.01061,0,-3.5,0,-0.526554,0.59203,0.610116
37.463,-22.8565,70.9985,-0.612432,0,-0.8,0,-0.421881,-0.848106,0.320519
58.0859,-33.5535,64.9711,1.1391,0,2.5,0,0.437653,-0.796551,-0.417092
62.5985,-33.1375,62.6395,0.740981,0.396462,-0.0499979,0,0.833547,0.078823,-0.546796
45.5882,-31.5702,54.3805,-0.283293,0,-0.7,0,-0.193187,0.159107,-0.968175
51.8763,-48.993,55.788,0.833493,0.611737,-4.5,0,0.976575,0.1803,-0.117442
20.9259,-48.0559,62.8596,-0.480195,0,1.89916,0,0.819275,0.468605,-0.330449
30.0208,-63.443,61.6953,0.120257,0,3.8,0,-0.317343,-0.788712,-0.526523
49.1459,-44.9246,54.6419,0.27384,0,-1.3724,0,0.879269,-0.284513,-0.382018
43.584,-56.5503,50.0325,0.131267,0,-3.5,0,0.575184,-0.100118,-0.811874
58.2668,-30.0255,61.3607,0.253248,0,3.8,0,-0.228131,0.712291,-0.663775
52.9596,-53.6493,71.4351,0.463729,0.248741,-4.39672,0,0.58753,-0.761812,-0.272857
8.7835,-59.7383,59.5745,-1.50914,0,4.2,0,-0.0865976,-0.987319,0.133048
42.8254,-30.5121,70.0761,-0.814052,0,3.8,0,0.497647,-0.864976,0.064533
4.33012,-37.543,52.0628,-0.324973,0,-3.5,0,0.0347244,0.941461,-0.33533
26.3076,-65.5416,71.5492,-0.603346,-0.48047,-1.197,0,0.458836,-0.407147,0.789748
28.0105,-46.16,67.561,-0.246037,0,-3.5,0,-0.733681,0.626551,0.262955
57.9419,-41.9361,79.514,0.067551,0,-3.5,0,0.25497,-0.0545283,0.96541
2.176,-51.5742,60.8605,-0.261811,0,3.8,0,-0.979881,-0.199171,0.0128361
46.5835,-47.0535,53.469,-0.302487,0,-1.3,0,0.112094,-0.257064,-0.959871
40.0235,-28.922,71.678,-0.380257,0,3.8,1,-0.436015,0.107599,0.893484
44.4475,-66.9538,76.048,-0.155662,0,2.82387,0,0.109757,0.983514,-0.143713
53.3281,-54.2094,75.3889,0.49287,0,-4.5,0,0.292176,-0.78199,0.550567
11.2922,-60.5435,59.435,0.0193247,0.0549271,2.49005,0,-0.39203,-0.555617,-0.733214
40.6201,-71.587,60.2342,-0.11137,0,-3.5,0,-0.582609,-0.716747,-0.383197
-0.057,-39.256,68.363,-0.556002,0,4.5,0,-0.347724,0.296529,0.889471
55.8446,-49.3553,69.0154,0.331071,0,-3.5,0,0.637627,-0.59474,0.489608
41.6068,-61.6899,73.1202,-0.692999,-0.089796,-3.5,0,-0.738886,0.319131,0.593466
30.0308,-66.1837,70.43,-0.944713,-0.387232,-1.2767,0,0.344188,0.118852,0.931348
38.9486,-20.3323,74.6988,-0.355705,-0.322145,-0.8,0,0.552052,0.3376,0.762407
43.4598,-39.9425,75.2269,-1.10209,-0.168064,-3.5,0,0.794155,0.240088,0.55828
30.7348,-43.5841,75.9114,0.270705,0.769952,-4.5,0,0.268409,0.0979518,0.958312
52.7028,-35.0832,71.2835,-0.344673,0,-0.9,0,0.237115,0.898215,0.370116
13.2605,-58.7761,76.3931,-0.190273,0,-2.31028,0,-0.582638,0.48354,0.65324
32.2771,-59.9499,72.3249,-0.694665,-0.0445411,0.928922,0,-0.545137,-0.353591,0.76013
35.6295,-21.607,66.299,-0.14883,-0.44401,1.80078,0,-0.644133,-0.748824,0.156064
11.8775,-63.2724,63.5561,-0.270652,0,-3.5,0,-0.69823,-0.449631,-0.557053
38.4065,-28.1155,70.875,-0.315086,0,3.8,0,-0.417064,0.24061,0.87645
37.2055,-29.7997,68.0355,-0.286247,0,3.8,0,-0.996427,-0.0786484,0.0307951
56.6037,-43.2072,60.2341,0.167038,0.0269148,-3.89678,0,0.70408,-0.30877,-0.639479
8.75075,-43.3489,50.7854,-0.353155,-0.0770621,1.77199,0,0.18608,0.272648,-0.943948
20.5849,-65.7824,77.5531,-0.19579,0,-0.7,0,0.902939,0.407713,0.135913
31.4904,-35.3402,69.2685,0.100149,0,-3.9,0,-0.335163,-0.310445,0.889545
7.57025,-37.9638,66.5121,-2.41718,0,-0.8,0,0.497961,0.655723,0.567505
10.3045,-62.196,64.8518,-0.584184,0,-3.5,0,-0.773535,0.106391,-0.624759
32.6488,-47.741,59.1577,-1.15833,-0.444762,3.08493,0,-0.344412,-0.812768,-0.469881
-2.23675,-36.2355,59.87,-2.24192,-0.179045,-3.5,0,-0.174289,0.436219,0.8828
48.7293,-43.0423,76.7422,0.279032,0.498887,-3.5,0,-0.523075,0.580997,0.623567
17.0667,-40.9673,65.236,-0.0802271,0,1.8,0,0.885465,-0.403511,-0.230501
60.7636,-29.7001,63.9045,0.139648,0,3.8,0,0.549131,0.584874,0.596974
40.8317,-64.4668,73.6029,-1.42915,-0.1751,2.5,0,-0.109086,0.261158,0.959112
48.7331,-24.1698,55.0071,0.254162,0,-3.9,0,-0.812246,0.000170985,-0.583316
57.3488,-46.7337,69.7903,-0.0100782,0,-3.5,0,0.537262,-0.551874,0.637797
43.2887,-47.2067,48.363,-0.167133,0,2.8,0,0.568241,0.749028,-0.340674
15.1614,-62.0475,60.9895,-0.921206,-0.856553,-0.172256,0,0.641352,-0.752428,0.150066
43.8695,-58.2663,50.1086,0.483394,0,-3.5,0,0.584279,-0.167768,-0.794023
48.0605,-58.3807,51.067,-0.0418546,0,-0.8,0,0.693349,-0.36243,-0.622825
41.5881,-66.5425,72.5143,-0.230062,-0.366209,1.59382,0,-0.500307,-0.773918,0.388258
61.0832,-32.8882,60.1203,0.250014,0,3.8,0,0.525203,-0.260713,-0.810056
42.8174,-18.699,73.3454,1.16056,0.56318,-0.7,0,0.0645852,-0.294469,0.953476
28.2945,-71.363,67.5225,0.623015,0.441587,-3.5,0,-0.402944,-0.579179,-0.708652
25.2733,-69.6003,71.7308,-0.132538,0.534702,-1.77374,0,-0.950597,-0.00993142,0.310269
47.3049,-36.1179,75.6653,-0.264567,0,3.37114,0,-0.989857,0.0517712,0.132301
41.6717,-53.7357,50.5042,0.111756,0.269879,-3.5,0,-0.636001,0.400815,-0.659432
-9.5815,-42.9492,53.223,0.0974577,0.277106,-4.5,0,-0.12677,0.171739,-0.976952
46.1339,-56.2334,76.4269,-0.0525375,0,-0.7,0,0.287259,0.546082,0.786941
48.5279,-43.9173,77.7356,0.55294,0.643557,-3.5,0,-0.127946,0.758792,0.638643
35.2077,-42.7875,53.4058,0.509482,0,-4.5,0,-0.578597,0.814187,0.0482162
56.3652,-54.6366,64.9894,0.786164,0.048825,-4.5,0,0.835064,-0.0865799,0.543297
13.9607,-58.8117,77.4925,-0.157832,0,-3.5,0,-0.599356,0.480711,0.640069
46.8095,-24.0012,69.4074,-0.842745,-0.151919,3.4258,0,-0.41514,0.523706,-0.743902
32.9837,-35.746,62.0537,-0.0959968,0,-1.6,0,-0.815499,0.577655,-0.035722
53.0645,-21.0065,53.5207,2.51003,0.225913,-3.9,0,0.421331,0.756186,-0.500662
47.028,-60.6071,64.7251,0.204844,0.0471374,0.00963294,0,0.676352,0.733692,-0.0651492
13.026,-44.6055,68.9437,-1.0817,0,-3.2,0,0.619421,0.742067,0.25623
18.1807,-52.4207,71.7369,-1.68442,-0.350408,-2.73127,1,-0.458749,0.573842,0.67842
29.44,-60.1075,58.4287,-0.141775,0,3.8,0,0.45656,0.55394,-0.696207
31.7036,-72.4709,72.0524,0.0376441,-0.309411,-0.7,0,-0.0198687,-0.0582053,0.998107
48.2294,-47.795,53.5146,0.122781,0,-1.3,0,0.202377,0.108975,-0.973225
9.83263,-59.7129,58.9919,-1.02022,-0.179848,4.2,0,-0.096028,-0.866857,-0.489221
18.2519,-59.4644,74.5096,-0.542265,0,0.145178,1,0.533161,0.845031,0.0407593
-0.90225,-50.6875,52.1012,0.349785,0.0843666,-0.7,0,-0.143609,-0.909707,-0.389628
34.0177,-61.6232,51.5472,-0.206786,0,-3.9,0,-0.528248,-0.5885,-0.612064
43.0019,-69.057,74.0918,1.30674,0.135388,3.8,0,-0.964515,-0.254334,0.0708876
53.81,-28.3615,72.0222,0.293919,0,-1.6,0,-0.168468,0.524943,0.834298
-7.43925,-43.061,61.4997,-0.542552,0,-3.5,0,-0.762105,0.618867,0.19026
38.5633,-23.9036,59.7016,-0.664984,0,-3.98361,0,-0.0787855,-0.0504283,-0.995615
29.5713,-70.637,71.5131,-0.325495,0,-3.45997,0,0.255331,-0.127614,0.958395
5.04,-37.4329,54.1435,0.0379644,0,-3.5,0,0.412097,0.767632,-0.490833
28.1947,-36.0392,68.0825,1.60089,0.646427,-3.9,0,-0.565189,-0.690082,0.452048
14.654,-55.9325,57.071,-0.236492,0,1.8,0,-0.204901,-0.623385,-0.75459
34.072,-62.9458,72.246,0.646083,0,2.5,0,-0.0306213,0.0117511,0.999462
8.90487,-58.7616,52.9793,-0.237671,0,4.2,0,0.69812,-0.68937,-0.193384
29.6162,-41.2368,63.6007,-0.0860974,0,-0.7,0,-0.619719,0.733981,0.277886
36.0971,-17.0378,64.8319,-0.0696739,0,4.5,0,-0.219465,0.806543,-0.548929
39.6785,-22.11,59.069,-1.75531,-0.399695,-3.5,0,0.0346798,0.135598,-0.990157
41.9025,-41.0568,78.0717,-0.00172117,0.337464,-3.5,0,0.385994,0.163893,0.907826
-1.31275,-46.7589,52.5711,-0.290762,0,-0.7,0,-0.118763,0.372178,-0.920532
21.5007,-49.5052,67.27,-0.863314,0,4.5,0,0.182088,0.757695,0.626691
44.5986,-43.1229,79.6206,-0.173334,0,-0.7,0,0.131637,0.365358,0.921512
30.9239,-38.0409,59.7475,-0.176606,0,-1.6,0,-0.972595,-0.0821938,0.217491
54.3785,-25.8148,69.9833,-1.09964,-0.00336286,2.5,0,0.0493791,0.728161,0.683625
39.6655,-18.5565,72.7164,2.56188,-0.122666,-0.762078,0,-0.109468,0.423877,0.89908
5.90312,-54.5955,51.3335,-0.134094,0,0.857249,0,-0.0673969,-0.375309,-0.924446
55.6801,-48.3585,73.119,0.302975,0,-3.9,0,0.729276,-0.149716,-0.667639
47.4046,-54.114,55.6253,-0.00864453,0,-3.5,0,0.425439,-0.0770428,-0.901702
48.1036,-67.5362,58.2808,0.214688,0,3.8,0,0.810841,-0.0578952,-0.582396
58.7729,-30.6502,73.564,-0.0982319,0,1.8,0,0.319171,-0.35726,0.877779
-0.63,-48.7,58.924,-0.460897,0,4.2,0,-0.540439,-0.773681,0.33067
56.7159,-50.6709,72.2735,0.733105,0,-4.5,0,0.79333,0.251562,-0.554386
39.0846,-23.3024,71.0219,-0.233046,0,1.41813,1,-0.370759,-0.630622,0.681802
32.0573,-55.735,59.7786,0.338922,0.506932,-0.9,0,-0.996745,-0.0768798,-0.0242804
39.3665,-66.236,54.4215,0.18997,0,-4.5,0,-0.303767,-0.856445,-0.417406
49.0335,-41.0443,54.175,0.59755,0,-4.5,0,0.851654,0.346908,-0.392862
-5.216,-40.7164,55.1147,-1.4907,0,-2.8461,0,-0.757037,0.629316,0.175662
33.913,-34.2435,63.6642,-1.22803,0,-2.14092,0,-0.836944,0.377938,-0.395839
26.9796,-45.6553,51.6704,0.233614,0.313153,-4.5,0,-0.89143,-0.130908,0.433837
45.1429,-56.2684,50.5404,0.574565,-0.00653506,-1.20442,0,0.145503,0.00760933,-0.989329
53.3903,-46.1922,78.5788,0.111375,0,-3.5,0,0.281366,-0.917943,0.279669
49.911,-63.4342,66.0817,0.272523,0,-3.2,0,0.503438,0.643701,0.576367
51.8145,-63.1323,63.9015,0.375786,0,-3.2,0,0.456047,0.864622,0.210832
32.9041,-72.7131,71.3593,-0.525346,-0.795457,-0.7,0,0.692316,-0.28085,0.664696
8.1175,-49.6581,74.9006,-0.459894,-0.0775967,-3.45157,1,-0.256667,0.680901,0.685926
42.5132,-70.9001,68.5687,-0.01537,0,4.5,0,-0.799449,-0.599975,-0.0301978
49.123,-72.863,72.3935,-0.212943,0,1.8,0,0.624842,-0.777561,0.0705091
40.3336,-33.8575,55.0521,-1.17201,-0.648681,-2.93696,0,-0.632669,0.749941,-0.19318
17.176,-60.7994,77.7186,-0.518326,-0.60042,-3.5,0,0.570703,-0.468208,0.674596
51.7236,-49.6017,60.4152,-0.120488,-0.359022,-3.48378,0,0.290858,-0.601906,-0.743714
34.8955,-59.6493,50.4967,-0.691248,-0.0993308,-3.9,0,-0.179735,-0.228823,-0.956732
45.2552,-24.1285,66.679,-0.189913,0,4.5,0,0.44009,0.712075,0.547055
0.295125,-46.4744,52.5537,-0.285391,-0.555604,-0.7,0,-0.539814,0.403194,-0.738942
50.175,-34.518,74.4105,-0.682587,0,3.8,0,0.425659,0.870708,-0.246336
31.5046,-54.7384,54.2178,1.22005,0.103591,-3.9,0,-0.566337,0.639556,-0.519838
11.4265,-40.0359,55.8814,-0.555041,0,2.8,0,0.458838,0.634106,-0.622397
51.9544,-21.5896,57.0144,0.571563,0,-3.9,0,0.216477,0.635419,0.741202
33.9238,-31.651,62.7135,-0.264173,0,-0.7,0,-0.963294,-0.0186757,-0.267799
31.8132,-44.75,64.0459,0.937039,0,-0.7,0,0.470992,0.446818,0.760605
49.9815,-59.5233,61.8155,-0.000862015,0.0289993,-3.9753,0,0.729465,-0.430139,0.531847
34.7904,-47.5304,57.6275,0.0482994,0.488997,3.8,0,-0.260961,-0.962564,0.0732756
52.6585,-65.254,71.7921,0.179117,0,1.9,0,0.949603,-0.294307,0.107874
7.14962,-49.1138,70.8725,-1.30534,-0.278893,-2.38763,0,-0.808572,-0.074175,0.583704
41.1435,-52.5882,70.8842,-1.25088,-0.664247,-0.7,0,-0.38501,0.654395,0.650796
-0.92975,-39.4161,52.0036,-0.897209,-0.456616,1.33601,0,0.165387,0.568763,-0.805702
62.0835,-43.4372,77.0805,2.01764,0.116903,-3.9,0,0.807753,0.562307,-0.177048
15.1226,-41.762,62.8442,0.337605,0,2.97156,0,0.789726,0.0924622,-0.606451
19.3245,-54.302,56.2355,-0.745716,0,-3.5,0,0.106263,-0.0909329,-0.990171
2.02925,-53.896,62.9934,-0.579046,0,-3.2,0,-0.887641,-0.453991,0.0773701
5.928,-58.076,67.411,0.347318,0,-0.7,0,-0.59543,-0.795488,0.112524
8.9325,-55.4005,50.1948,-0.199468,0,4.2,0,0.420693,0.208552,-0.882906
53.154,-64.419,57.179,-0.319466,-0.17801,-3.5,0,0.983719,0.0707432,-0.165204
52.6157,-64.049,62.1177,-0.192265,0.128524,-3.2,0,0.823577,0.565797,-0.0399226
42.797,-28.21,56.1,-0.228818,-0.175914,-3.5,0,-0.184265,0.0187798,-0.982697
23.4565,-68.2585,70.3702,-0.219728,0.00151684,-0.8,0,-0.0878834,-0.994355,0.0594529
34.7632,-71.5393,69.5113,0.361648,0.0263787,0.42377,0,0.403268,-0.518639,0.753915
3.50887,-47.2723,71.1381,-0.250388,-0.497848,-0.7,0,-0.556356,-0.0863029,0.82645
31.9405,-40.91,59.0655,-0.492829,0,-0.812649,0,-0.855567,0.353507,-0.378204
20.5373,-69.2394,69.1756,-1.45446,0,-3.5,0,-0.0436681,-0.673419,-0.737971
32.2126,-35.8097,60.5715,0.171088,0,-1.6,0,-0.735586,0.441835,0.513512
-0.322,-37.314,66.7113,-0.720742,0,-3.5,0,-0.0642187,0.991276,-0.115098
42.855,-70.9521,72.9258,0.0858418,0,-3.5,0,-0.779712,-0.542392,0.312825
10.4435,-56.0371,52.3299,-0.299351,0,4.2,0,0.981524,-0.181448,0.0607234
60.7985,-35.501,65.0525,1.31333,0,-3.9,0,-0.606673,-0.0370179,-0.794089
11.4451,-42.2842,53.2939,-0.812361,-0.907437,-0.4,0,0.8562,0.373823,-0.356619
42.0703,-70.4918,71.674,-0.548701,0,-3.5,0,-0.812231,-0.512089,0.279367
47.0965,-69.3115,57.2938,0.0722271,0,3.8,0,0.451188,-0.550571,-0.702354
49.0962,-29.5292,63.2018,-0.0382022,0,4.5,0,0.151833,0.768624,-0.621422
42.5257,-68.9922,74.9952,1.06808,0.767187,3.8,0,-0.704203,-0.49657,-0.50746
45.9445,-75.2039,73.5275,-1.36783,-0.246423,-3.5,0,-0.404576,-0.808131,-0.428069
36.3372,-41.8833,51.2101,0.601436,0,-4.5,0,-0.432639,0.718338,-0.544806
59.1755,-41.1815,59.8109,0.997685,0,-3.9,0,0.768841,-0.630933,-0.103961
53.1123,-65.872,59.0991,0.261396,0,-3.5,0,0.69789,-0.429424,0.573188
44.9655,-71.4715,76.674,0.34294,0,-3.5,0,-0.756333,-0.628563,0.1813
33.6268,-47.5778,54.8727,-0.153985,0,-4.5,0,-0.17262,-0.958353,-0.227512
30.909,-49.4055,61.0462,-0.269417,0,-3.5,0,-0.17388,-0.703539,-0.689057
-2.8255,-38.0667,62.5876,-0.824167,0,-0.4,0,0.0166037,0.933155,-0.359091
47.6985,-33.8099,78.542,-0.346499,0,3.8,0,-0.759203,0.621539,0.193135
55.074,-29.354,60.165,0.33255,0,2.5,0,0.844989,0.0056271,-0.534753
35.6204,-56.958,51.0231,-1.05217,-0.426837,-3.07878,0,-0.394131,0.587829,-0.706483
41.5866,-51.5708,51.1603,0.115771,0.130906,-3.5,0,-0.762847,-0.195539,-0.616303
20.1769,-56.2496,58.0091,-0.0348097,-0.0605845,-2.62289,0,0.241589,-0.600803,-0.762017
58.4861,-35.6768,65.955,0.657184,-0.431173,-3.5,0,0.2862,0.125771,-0.94988
9.10625,-48.3969,48.9975,-0.221136,0,3.8,0,0.52685,-0.593877,-0.608062
0.945125,-52.1188,63.453,0.154635,0.0764378,4.2,0,-0.786751,-0.466287,-0.404474
23.6685,-50.4987,65.4579,-0.89913,0,3.48782,0,0.456553,0.870222,-0.185129
8.62463,-39.5875,53.7216,-1.25842,-0.0649543,-2.85661,0,0.7621,0.64658,0.0337288
56.0766,-32.2892,60.5691,-0.549881,-0.00969047,3.8,0,0.0688355,-0.0959981,-0.992998
-5.67712,-46.2508,62.4115,-0.967078,0,-3.5,0,-0.191085,-0.766736,0.612864
10.0115,-53.734,56.0807,-0.6982,0,4.2,0,0.566102,-0.817798,-0.103608
20.5316,-63.9857,74.229,0.0960591,0,3.8,0,0.742036,-0.254762,0.620064
56.8284,-30.9376,60.5783,0.27497,0,3.8,0,-0.0310236,0.438368,-0.89826
27.719,-35.8848,66.6803,1.98665,0.096484,-3.9,0,-0.797521,-0.582338,-0.157614
16.0149,-43.1572,62.716,-0.612614,-0.100959,0.904214,0,0.483552,0.683392,-0.546949
6.58375,-57.4323,73.7958,-0.616321,0,-3.5,0,-0.708296,-0.28887,0.644105
46.791,-33.63,73.246,-1.82023,-0.204494,2.8,0,-0.801403,0.201591,0.563129
31.904,-57.8452,72.359,-0.538917,0,4.2,0,-0.213826,0.277989,0.936483
57.1678,-51.1699,73.5344,0.690636,0.121326,-4.5,0,0.976327,-0.187957,0.107044
48.6973,-43.1451,52.6226,0.141941,0,-4.5,0,0.800338,-0.159746,-0.577875
11.9324,-68.4344,73.6304,-0.00388775,0,-0.9,0,-0.0533498,-0.482264,-0.8744
45.6025,-24.8045,60.6305,-0.154807,0,4.5,0,0.46639,0.430112,-0.772971
45.4793,-26.8919,73.8676,-0.50374,0,3.8,1,-0.430763,0.798765,0.420022
15.0215,-67.0731,80.582,-0.0920321,0,-0.9,0,-0.0753454,0.572546,0.816403
25.3193,-71.305,72.9713,-0.794468,-0.0627148,-3.5,0,-0.959726,0.058915,0.27469
49.685,-24.208,53.9012,0.421764,0,-3.9,0,-0.505192,-0.144298,-0.850858
7.00387,-56.2539,74.0714,-0.840895,0,-3.5,0,-0.703391,-0.0172708,0.710594
35.1196,-32.7975,55.4374,-0.908309,0,-3.2,0,0.312625,0.938694,-0.145322
47.535,-46.7907,80.7207,-0.970553,0,-3.5,0,-0.721742,0.232489,0.651949
46.2878,-75.1841,75.0255,-1.67601,-0.617932,-3.5,0,-0.232092,-0.932665,0.27617
2.4445,-55.3565,68.6243,0.107107,0,-3.5,0,-0.525731,-0.839848,-0.13514
36.5978,-61.5397,74.0683,0.247975,-0.0791654,-1.62041,0,-0.126185,-0.446488,0.885847
31.0497,-67.6126,63.2038,-0.756326,-0.0523349,-3.98834,0,-0.0139768,-0.958658,0.284216
36.5715,-20.5572,73.6892,0.358465,0.0732999,-0.8,0,-0.825361,0.410603,0.387537
50.5,-63.4465,65.2162,0.3535,0,-3.2,0,0.431885,0.699147,0.569797
-0.73725,-37.2615,61.325,-1.58167,-0.362857,4.05088,0,-0.50887,0.640651,0.574994
39.6694,-41.2654,53.3446,0.554707,0,-4.5,0,0.583014,0.525915,-0.61928
56.9765,-29.3525,68.887,-0.442636,0,1.8,0,0.461614,0.70667,-0.536219
13.9791,-62.574,77.4355,0.0821747,0,-3.5,0,-0.467438,-0.0615831,0.881878
40.3155,-32.6548,74.5595,-0.477835,0,4.2,1,0.57115,0.815689,-0.0918663
35.5256,-25.5147,59.5466,0.282045,0,-4.5,0,-0.651019,-0.10818,-0.751313
41.0175,-32.804,55.9685,-1.24793,-0.355526,-0.525749,0,-0.671632,0.658623,-0.339303
29.2505,-43.826,75.7085,0.242947,0.130267,-4.5,0,-0.091641,0.255957,0.962335
32.4588,-46.2425,71.028,0.811521,0,-3.06556,0,-0.535038,-0.694525,-0.481009
61.9345,-38.1425,70.035,-0.682173,-0.464825,-2.69388,0,0.853422,0.342396,0.392984
38.1401,-74.7439,65.2588,0.311053,0.348042,-3.5,0,0.847138,-0.503607,-0.16952
58.7368,-31.5704,67.0526,-0.0424676,-0.552036,1.70783,0,0.834147,0.549763,-0.0442622
8.41737,-41.9552,71.2129,-1.59277,-0.219868,-3.5,0,0.468872,0.613023,0.635895
28.1879,-62.0479,57.8644,-0.260823,0,3.8,0,0.0671731,-0.455876,-0.887505
17.0631,-47.2434,55.523,-0.354532,0,2.8178,0,0.969208,0.101407,-0.224395
50.719,-58.6287,62.6041,0.624079,0.612366,-4.5,0,0.445142,-0.890409,-0.0949724
41.6675,-34.1355,72.2525,-0.954738,0,-3.5,0,0.539423,0.821398,0.185282
10.015,-50.713,53.227,0.272583,0.566266,3.8,0,0.500151,-0.280788,-0.819151
62.8368,-40.1975,66.8434,0.372196,0,-1.68613,0,0.701019,-0.0623753,-0.71041
40.2574,-17.383,67.2159,0.808579,0,-1.94067,0,0.131893,0.945003,-0.299289
35.3381,-41.3385,77.0986,-0.280387,0,-3.5,0,-0.578562,0.0331904,0.814963
38.039,-67.8745,59.5805,-0.469171,-0.120523,-3.83603,0,-0.557468,-0.792629,-0.246917
57.3606,-46.9366,61.3946,0.212819,0.411609,-4.2753,0,0.711057,-0.43753,-0.550424
36.4798,-67.2402,55.7925,-1.67921,0,-3.5,0,0.258584,-0.901627,-0.346704
2.15575,-43.7425,50.4575,-0.400098,0,-0.7,0,-0.452043,0.403729,-0.7954
52.1685,-69.3565,71.813,-1.46278,-0.259559,-0.7,0,0.99541,-0.0550558,-0.0782803
33.8386,-73.5631,65.5421,-1.36527,-0.875017,-3.5,0,-0.818822,-0.280996,-0.500571
9.30437,-57.1865,54.4383,-0.30079,0,4.2,0,0.764259,-0.314108,0.563244
28.9206,-50.4835,69.7384,-0.283609,0,-3.5,0,-0.499327,0.759813,0.416361
49.3704,-26.6266,71.0926,-0.524231,-0.580709,1.26969,0,0.911782,-0.136664,0.387268
-8.01787,-41.3771,53.9416,-0.258885,0,-4.5,0,0.00817564,0.875421,-0.483292
40.286,-70.6973,66.7604,0.630072,0.839374,-3.5,0,0.308269,-0.718037,0.624013
47.0117,-51.7599,53.924,-0.157935,0.691493,-4.44034,0,0.058376,-0.558056,-0.827748
6.63175,-58.7822,52.5805,-0.173966,0,4.2,0,-0.619448,-0.715033,-0.324057
35.642,-42.7658,55.8664,-0.0137068,0.625718,-4.5,0,-0.525415,0.530354,-0.66533
40.7805,-48.505,78.3325,-0.0212479,0,-3.5,0,-0.0330713,-0.185796,0.982032
52.5952,-46.8008,78.8047,0.243312,0.864519,-3.5,0,0.746611,-0.664942,0.0206076
48.143,-50.7104,53.1782,0.276043,0.300372,-4.5,0,-0.353698,-0.0913724,-0.930886
17.2799,-38.9891,64.0746,-0.673292,-0.0439645,-0.774011,0,0.992071,-0.0987422,0.0777549
46.5671,-29.8143,75.2855,-0.370093,0,3.8,0,0.428637,-0.533083,0.729447
25.092,-65.1794,63.6975,-0.905435,-0.163322,0.381012,0,-0.744333,-0.647774,-0.162352
28.986,-44.141,51.893,0.0140176,0,-4.5,0,-0.369479,0.870076,0.326272
39.2202,-58.9883,72.3047,-0.497364,0,-0.7,0,0.15484,-0.632056,0.759295
31.7515,-44.0825,49.3187,0.379001,0.0160202,-4.5,0,0.424093,0.760342,-0.491961
34.4132,-34.6039,58.3445,-0.00847466,0,-2.19328,0,-0.295869,0.944539,0.142502
34.255,-57.3568,70.6848,-0.79124,0,0.819058,0,0.377779,0.908699,0.177623
30.0142,-49.8568,69.2865,-0.0555188,0,-3.5,0,-0.277662,0.687666,0.670835
32.7505,-39.2194,57.4157,-0.0202634,0,-1.6,0,-0.654497,-0.384855,-0.650784
37.5252,-50.9515,53.2923,-0.328105,-0.0945736,2.78616,0,-0.476405,-0.00951627,-0.879174
10.7688,-41.1485,65.452,-1.31724,-0.0278871,-0.0132122,0,0.460285,0.679553,0.571266
54.8293,-31.4404,60.2234,-0.214325,-0.138302,3.8,0,0.372307,-0.056307,-0.9264
48.5584,-73.2934,74.2771,-0.726135,-0.0673186,-3.5,0,0.652516,-0.731409,-0.19815
34.62,-75.8438,65.4815,0.403127,0.935943,-3.5,0,-0.667062,-0.722834,-0.180389
38.5021,-54.8869,71.0611,-0.035004,-0.483964,1.59825,0,-0.684508,0.473934,0.553928
16.2824,-47.6835,52.9221,-0.217411,0,3.8,0,0.619884,-0.219404,-0.753396
49.9632,-42.3537,78.2694,-0.180159,0.163124,-3.5,0,-0.812422,-0.315067,0.490615
61.7716,-34.1338,63.0314,1.99245,0.617945,-3.9,0,0.0264534,-0.842913,-0.537399
27.9637,-66.3743,62.2901,-1.37451,-0.226012,-3.5,0,-0.0337588,0.187202,-0.981741
41.1333,-38.8014,77.5825,-0.950743,0,-3.5,0,-0.0350616,0.67731,0.734862
52.0247,-37.1415,58.8092,-1.20392,-0.718256,-3.5,0,0.0970434,-0.595564,-0.797425
39.0942,-27.8629,64.2061,-0.575015,0,-0.7,0,-0.884992,-0.16434,0.435639
20.2326,-55.5112,57.1936,-0.528057,0.554404,-3.5,0,0.386945,-0.48228,-0.785926
1.17975,-50.6193,53.688,0.0120344,0,-0.7,0,-0.0627796,-0.991142,-0.117033
39.8073,-63.4442,52.6925,0.0675635,0.603906,-4.5,0,-0.193029,-0.0841228,-0.97758
29.2085,-48.412,68.2442,-0.186739,0.0538789,-3.5,0,-0.430807,0.000271775,0.902444
39.6012,-65.7085,57.7041,-0.521563,0,-4.5,0,-0.212481,-0.865209,-0.454164
34.9049,-71.4221,64.7076,-1.28388,-0.439372,-3.5,0,-0.513031,0.356393,-0.780886
59.6898,-33.6435,63.142,0.718782,0,3.8,0,-0.211514,-0.932827,0.291713
15.0387,-53.6123,72.9088,-0.7257,0,4.5,1,0.541031,0.794085,0.276972
34.3895,-40.9175,75.9255,-0.0482619,0,-3.5,0,-0.943256,0.00614089,0.332009
34.2721,-57.5628,71.7288,-1.1384,0,-3.15985,0,0.0659653,0.969237,0.237125
0.46875,-38.3797,53.4827,-0.842332,0,1.68809,0,0.0188327,0.573342,-0.8191
58.1403,-44.3906,72.3846,0.385251,0,-3.5,0,0.934635,-0.339367,0.106242
21.2108,-50.8741,72.4994,-2.21002,-0.493829,-3.5,0,-0.0265131,0.754147,0.656171
50.657,-41.9585,80.3303,0.268625,0.26961,-3.5,0,0.0859398,-0.883099,0.46125
40.0085,-39.923,77.9035,-0.340921,0,-3.5,0,-0.345746,0.427339,0.835369
50.608,-46.5908,55.91,-0.44303,-0.0373384,-1.3,0,0.890865,0.387177,-0.237601
3.34925,-50.6608,70.7536,0.0632301,0.132289,-0.7,0,-0.583413,-0.309594,0.750853
0.333,-46.099,68.3412,-0.304858,0,1.33336,0,-0.340816,-0.0855987,0.936225
-6.12875,-39.53,62.6686,-0.301833,0,-0.4,0,-0.965889,0.128746,0.224686
34.2449,-57.1414,69.6312,-1.03117,-0.587564,-0.517581,0,0.264911,0.800847,0.537091
44.135,-36.7359,55.1381,-0.264512,-0.0598196,-2.21987,0,0.605732,-0.30871,-0.73334
44.089,-21.3285,63.9058,-0.133787,0,0.499122,0,0.340991,0.492792,-0.80055
47.2429,-44.3828,52.5076,0.507977,0.311343,-4.5,0,-0.0456571,-0.716899,-0.695681
33.734,-51.753,55.311,-2.10218,-0.371737,-3.5,0,-0.463476,0.570202,0.678277
44.0744,-66.9089,54.5035,0.990205,0,-4.5,0,0.672675,-0.493488,-0.551342
43.5988,-34.2373,53.2459,-0.148129,0,-0.78601,0,0.596772,0.0905903,-0.797281
22.9059,-66.3688,67.156,0.341944,0,-0.4262,0,0.101312,-0.898667,-0.426771
45.0474,-41.763,77.2379,-0.57709,0,-0.7,0,0.381145,0.91362,0.141518
31.7255,-38.2085,60.7201,-0.151884,0,-1.6,0,-0.879907,-0.109775,0.462292
17.07,-68.914,74.391,0.830242,0.17827,-0.7,0,-0.409375,-0.838157,-0.360422
33.8397,-66.2527,59.0547,-0.585718,-0.224154,-2.23461,0,-0.596654,-0.698435,-0.395212
23.712,-63.7415,73.247,0.629217,0.40949,3.8,0,0.0241059,-0.698562,0.715144
48.5629,-55.5209,55.9132,-0.288714,0,-3.5,0,0.553675,0.231781,-0.799826
54.2756,-30.5641,57.381,0.0908406,0,-0.8,0,0.942015,-0.315405,-0.114575
26.2675,-60.9728,58.3633,-0.333843,0,3.8,0,-0.76594,0.0818879,-0.637676
39.3293,-48.422,77.2965,0.341177,0,-3.5,0,-0.897908,-0.0148911,0.439931
-5.9845,-45.7415,55.9963,0.275002,0,-4.5,0,-0.0149167,-0.955479,0.294683
55.7775,-28.4485,64.6152,0.0666538,0,2.5,0,0.829703,0.551465,-0.0864833
3.86575,-55.5435,56.4595,0.219849,0,-3.2,0,-0.608192,-0.19005,-0.770703
39.6164,-33.6037,76.8142,-0.319451,0,4.2,0,0.24315,0.316147,0.917022
55.833,-51.839,71.2803,0.661739,0.728299,-4.5,0,0.642698,-0.363451,-0.67442
17.0886,-48.0135,70.3576,-2.41968,0,-3.5,1,0.0679747,0.0737205,0.99496
-1.97275,-48.4675,63.7043,-0.786364,0,-0.584788,0,-0.720881,-0.624206,0.301161
59.6387,-41.2588,62.197,0.168295,0,-3.9,0,0.857333,-0.469122,-0.211906
6.64075,-59.5945,59.677,-0.232646,0,-0.8,0,0.0171684,-0.979721,-0.199631
30.9856,-67.7087,70.3842,-0.702844,0,1.03565,0,0.0941135,0.298884,0.949637
31.4975,-43.6505,68.4593,0.352054,0,-4.5,0,-0.462951,0.0586562,-0.884441
37.0115,-45.1225,75.976,0.188408,0,-3.5,0,0.134544,-0.404729,0.904485
20.7423,-69.5371,70.5124,-0.607829,-0.0570074,-3.5,0,0.0393511,-0.966789,-0.25253
58.774,-32.2482,60.2692,0.232313,0,3.8,0,-0.254858,-0.117449,-0.959819
49.4608,-66.918,60.2785,0.405848,0,-3.2,0,0.504912,-0.84882,-0.15674
31.874,-51.6135,70.5253,-0.227179,0.6342,-0.8,0,0.0879016,0.0931249,0.991767
41.0443,-37.8773,52.9043,0.625045,0,-3.5,0,-0.337128,-0.668764,-0.662645
13.0099,-47.1516,51.5291,-0.268108,0,3.8,0,0.143485,-0.224081,-0.96395
15.092,-66.3275,67.9179,-0.318009,0,4.2,0,-0.0102634,-0.756867,-0.653489
46.0575,-18.8722,64.5208,-1.2552,-0.0348106,-3.5,0,0.590497,-0.0155534,-0.80689
7.834,-33.7024,58.3271,-1.18233,0,-3.3467,0,0.493791,0.0521056,-0.868018
4.2885,-47.1722,50.3865,-0.101685,0,-0.7,0,-0.363931,-0.556604,-0.746824
2.71012,-44.8404,49.9836,-0.488449,0,-0.7,0,-0.540002,0.176036,-0.823049
10.4683,-69.3112,76.1285,0.286138,0.191428,-0.9,0,-0.963877,-0.26174,0.0493252
40.4603,-68.661,57.9108,-0.392533,0,-4.5,0,-0.481554,-0.521653,-0.704261
40.1247,-58.7907,72.9014,-0.54485,0,-0.7,0,-0.191131,-0.695823,0.692314
23.6209,-66.921,70.7575,-0.660042,-0.223235,-0.8,0,-0.248794,0.336578,0.908194
36.8711,-36.0472,54.1609,-0.44114,0,-3.2,0,0.503869,0.301837,-0.809327
51.8315,-37.2257,79.7318,-1.36065,-0.162546,-3.5,0,0.450953,0.515616,0.728548
7.1,-38.3732,52.3643,-1.59059,0,-3.5,0,0.191607,0.796712,-0.573182
49.3631,-25.2375,54.6331,0.357692,0,-3.9,0,-0.439046,-0.155903,-0.884835
36.4045,-60.1721,74.9613,-2.09716,-0.127247,-3.5,0,0.225243,-0.30612,0.924963
46.6641,-50.0516,79.7926,0.72152,0,-4.5,0,-0.60449,0.248308,0.756925
29.6978,-42.124,60.1295,-0.461504,0,-0.7,0,-0.696454,0.526934,-0.487127
49.0853,-33.1963,76.3572,-0.370269,0,3.8,0,-0.0249084,0.795938,-0.604866
16.593,-60.6507,58.5655,-1.54675,-0.31504,4.5,0,0.240333,-0.572391,-0.78397
42.3442,-61.7383,76.1555,-1.59998,-0.244743,-3.5,0,-0.984598,-0.0178054,0.173924
39.8535,-17.3202,72.7745,5.94332,0,-0.7,0,-0.415556,0.14384,0.898122
47.6343,-32.9572,73.374,-1.52929,-0.185562,2.8,0,-0.00357063,0.557229,0.830351
42.4813,-39.6634,77.8235,-1.95758,-0.83647,-3.5,0,0.484847,0.267263,0.832763
53.4162,-54.2845,67.3275,-0.206215,0,-0.4,0,0.71925,-0.376764,0.58372
36.3029,-49.0127,58.5906,-0.266673,0.0211789,3.8,0,-0.922272,-0.236747,-0.305559
-10.2325,-45.2147,53.6974,0.45991,0,-4.5,0,-0.513014,-0.642021,-0.56976
17.576,-56.7402,78.7326,-0.109324,-0.0844899,-3.5,0,0.359097,0.515995,0.777688
19.4504,-68.664,75.0616,-0.519796,-0.482227,-0.7,0,0.540822,-0.836753,0.0857667
46.7094,-72.2458,67.1777,-0.0742631,0,4.5,0,0.368262,-0.927572,0.0631957
4.453,-33.6151,60.665,-0.509318,0,-0.7,0,-0.122679,0.440321,0.88942
52.0581,-69.5965,78.1366,-0.191874,0,-0.7,0,0.416501,-0.291637,0.861089
45.9766,-19.3039,66.7931,-1.40306,-0.0377682,-3.5,0,0.591184,-0.497915,0.634494
0.42275,-49.9326,56.6802,-0.41385,-0.260059,-0.7,0,-0.354123,-0.855557,0.377649
57.7892,-35.0075,72.5561,-0.876424,0,-3.5,0,-0.211471,0.670202,0.711413
-5.307,-38.1915,53.944,-2.06732,-0.652009,-1.3,0,-0.828311,0.560267,-0.00124993
36.2152,-43.3535,77.1674,0.119972,0,-3.5,0,-0.146529,-0.405114,0.902448
3.47412,-53.882,56.2759,-0.284949,-0.0542615,-3.32784,0,-0.837342,-0.382496,-0.390583
33.6669,-61.921,57.3489,-0.178945,0,3.8,0,-0.624384,-0.108096,-0.773602
14.813,-67.0585,69.4997,-0.248856,0,4.2,0,-0.123698,-0.991319,-0.044559
48.0122,-52.4554,80.0764,0.709973,0.579677,-4.5,0,-0.34619,-0.649985,0.676515
55.4509,-39.0076,57.9974,0.836373,0.0368097,-3.51459,0,-0.401488,-0.398022,-0.824855
2.861,-40.3745,71.5835,-0.257615,0,4.5,0,-0.236873,-0.100069,0.966373
25.1705,-59.2374,60.2256,-0.410429,-0.0383554,3.47794,0,-0.167463,-0.0803536,-0.982598
39.8442,-25.3096,59.022,-0.420945,0,-4.01729,0,-0.654323,0.30726,-0.69098
38.6346,-23.8734,70.0371,-0.418328,-0.668614,0.559684,1,-0.439903,-0.552,0.708365
52.888,-31.9533,59.0066,0.022066,0,-3.35587,0,0.929416,-0.31125,-0.198264
13.2079,-69.9764,80.565,-0.0217323,0,-0.9,0,-0.447092,-0.338349,0.828027
15.7083,-36.8665,63.2675,-1.35256,-0.0436555,-3.5,0,0.284081,0.815003,0.505042
31.311,-69.5785,66.7302,-1.13448,-0.853346,4.5,0,-0.467607,-0.165164,-0.868369
23.3717,-54.935,71.45,-0.338854,0.0928133,-3.5,0,0.938045,-0.0594342,0.341379
-0.824,-42.3968,52.2666,-0.291198,0,3.02706,0,0.458257,-0.291256,-0.839744
37.4379,-60.978,73.9389,0.46592,0.372772,-0.8,0,0.607843,0.0554784,0.792117
54.6838,-53.6345,60.611,0.881782,0.18533,-4.5,0,0.319577,-0.150151,-0.935588
31.807,-43.276,63.528,0.424193,-0.642501,-0.7,0,0.572869,-0.234436,0.785405
32.1823,-47.55,71.9392,0.147833,0,-1.6,0,-0.393835,-0.73121,-0.556979
3.104,-38.8493,49.481,-0.166645,0,-3.5,0,-0.555778,0.444612,-0.702446
-3.41375,-46.5983,58.572,-0.0846453,0,4.2,0,-0.502844,-0.857406,0.109559
25.1035,-53.16,68.61,-1.18602,0,-3.5,0,0.162961,-0.189261,0.96831
48.381,-59.566,73.919,-0.187039,0,-1.6,0,0.38224,-0.673708,0.632464
52.018,-68.8275,66.538,-0.0191162,0,4.2,0,0.768456,-0.35778,-0.530536
44.415,-70.877,75.6235,0.445777,0.502154,-3.5,0,-0.670438,-0.72993,0.133097
48.854,-39.305,55.0551,0.801888,0,-4.5,0,0.665428,0.539421,-0.515975
59.4429,-28.7409,62.8464,0.142331,0,3.8,0,0.0235341,0.998644,0.0464424
16.1775,-39.601,62.0335,-0.380523,0.00108727,-3.5,0,0.600732,-0.751793,-0.271899
44.0908,-19.207,69.8197,-0.818929,0,-0.7,0,0.817645,-0.488275,-0.305033
39.3774,-38.4561,53.7879,0.00488123,0,-3.5,0,-0.251222,-0.30814,-0.917571
56.4509,-56.6613,61.9184,0.865908,0,-4.5,0,0.915361,-0.0818324,-0.39423
26.6009,-70.356,68.4104,-0.194219,0,-3.5,0,-0.67788,-0.295933,-0.67298
-3.0285,-47.4608,62.1245,-1.58257,-0.323553,-3.5,0,-0.593633,-0.783754,-0.182565
33.511,-20.3773,66.2435,-0.101038,0,4.5,0,-0.836664,-0.54237,0.0763428
60.2106,-45.6977,68.4893,0.205115,0,-3.5,0,0.741004,-0.545953,0.390958
46.2255,-69.132,79.242,-0.697137,-0.0772576,3.8,0,0.182495,0.0165208,0.983068
36.5576,-47.5384,75.2536,0.049536,0,-1.72215,0,0.226406,-0.826666,0.515134
20.8967,-63.6699,58.8794,-0.491206,0,-3.5,0,0.191144,0.260628,-0.946328
34.5849,-36.1806,72.4762,-2.02808,0,-3.5,1,-0.530861,-0.0985061,0.841714
60.8165,-32.7925,65.1335,1.07488,0,-0.0354506,0,0.0243022,0.928252,0.371158
27.125,-43.3833,72.236,0.736302,0.0354035,-4.5,0,-0.914569,0.401923,-0.0449571
-3.4595,-44.7341,51.6986,-0.633735,0,-1.3,0,0.0678781,-0.450581,-0.890151
34.6004,-34.1124,72.2883,-2.09668,-0.130765,-3.5,0,-0.215858,0.51286,0.830891
40.2586,-16.7509,69.438,0.266025,0,-0.7,0,-0.228326,0.934209,-0.274082
5.91125,-34.6765,63.3997,-0.709675,-0.0651168,-3.2,0,-0.467225,0.812734,0.348086
9.08825,-41.6765,50.921,-0.31719,-0.256424,-0.4,0,0.385147,0.118629,-0.915199
49.0054,-58.0389,54.9065,-0.268481,0,-2.90364,0,0.823337,0.38076,-0.420878
52.8338,-69.3698,75.8066,-0.691346,0,-0.7,0,0.98894,0.1473,-0.0173425
35.0335,-26.5263,62.5885,1.00905,0.159734,-4.5,0,-0.63814,-0.742638,0.203143
31.5403,-63.3955,57.729,-0.297603,0,3.8,0,-0.494288,-0.0688268,-0.866569
41.3363,-40.0718,78.056,-0.535699,-0.012818,-3.5,0,0.046502,0.279743,0.958948
51.0186,-49.3175,58.0269,0.155121,0.0099208,-4.5,0,0.909323,-0.275452,0.311864
8.89487,-36.5091,64.9502,-1.39453,-0.80725,3.06392,0,0.102336,0.515589,0.850703
32.8646,-51.9376,70.6233,1.15113,0.148877,-0.8,0,-0.16093,-0.0482192,0.985787
36.9277,-32.6606,57.669,-0.314898,0,-0.947378,0,-0.56092,0.804275,-0.19624
33.4991,-65.6614,71.6325,0.0729814,0,2.89133,0,-0.191203,-0.478636,0.856941
39.978,-23.478,59.1995,-0.725336,0,-3.5,0,-0.23611,0.0368789,-0.971026
38.7168,-25.6225,59.2982,0.31847,0,-4.5,0,-0.0648384,0.398586,-0.914836
12.3696,-70.1998,79.6578,-0.0250181,0,-0.9,0,-0.542415,-0.414004,0.731018
38.065,-18.493,70.697,0.734158,0.0243366,-0.8,0,-0.634537,0.70737,0.311432
44.3205,-26.3825,55.927,0.0236442,0,-3.5,0,0.143296,0.309007,-0.940202
24.4384,-56.6721,70.2939,-0.597121,0.361046,-3.5,0,0.457093,0.326634,0.82727
33.8804,-55.598,52.429,-1.56829,-0.580624,-3.5,0,-0.320773,-0.184186,-0.929075
11.9195,-69.1045,79.462,-0.287325,0,-0.9,0,-0.798928,0.254657,0.544853
10.588,-40.9878,53.2427,-0.840111,0,1.34344,0,0.615269,0.749948,-0.242944
31.6513,-33.0944,67.0403,0.0942103,0,-3.9,0,0.127874,0.92506,0.357649
16.321,-59.9388,78.699,-0.714445,-0.276951,-3.5,0,-0.138914,-0.429918,0.892117
24.4731,-67.2107,71.7059,-0.154958,-0.913605,-0.8,0,-0.464975,0.102223,0.879403
-10.9178,-45.0381,54.9846,0.268537,0,-4.5,0,-0.86247,-0.504437,0.0411048
49.5742,-22.2773,68.7555,-0.970127,-0.395863,-2.06011,0,-0.487521,0.5038,-0.713098
7.99762,-37.7661,56.5778,-1.13144,-0.246449,-3.5,0,0.884328,0.0635976,-0.462514
1.02437,-36.0923,68.6292,-0.403398,0,4.5,0,-0.740324,0.585698,0.329966
32.7663,-71.848,66.5564,-0.529113,0,-1.93278,0,-0.414221,-0.136754,-0.899844
29.8368,-57.008,55.5848,1.96073,0.241117,-3.9,0,-0.953351,-0.278592,-0.116226
38.678,-41.4313,77.948,-0.655483,-0.029284,-3.5,0,-0.113974,0.20081,0.972978
12.3565,-57.7,58.6315,-0.0287105,0,4.2,0,0.240312,-0.188925,-0.952133
4.493,-49.331,50.1895,0.245658,0.922367,-3.5,0,-0.35451,0.453536,-0.817697
52.9151,-55.1634,60.4835,0.506142,0.635033,-4.5,0,0.326659,0.131856,-0.935899
57.201,-34.7458,64.7757,0.349607,0,0.549816,0,0.948325,-0.215375,-0.233009
37.3874,-53.394,52.2439,0.456206,0.104246,-1.77314,0,-0.18338,0.429348,-0.884326
32.0255,-46.2475,50.455,0.413967,0,-4.5,0,0.391238,-0.855223,-0.339892
50.6945,-22.1458,56.9798,0.733119,0,-3.9,0,-0.328821,0.714898,0.617089
29.4281,-62.8795,60.5281,-0.0704845,0,3.8,0,-0.0582916,-0.990318,-0.125987
34.363,-42.3765,66.367,1.26534,0,2.8,0,-0.649138,-0.720076,-0.245177
55.7551,-46.0752,79.9041,-0.925636,-0.587269,-3.5,0,0.416586,-0.822915,0.38635
29.1726,-42.4619,64.6553,-0.0715701,0,-0.7,0,-0.550635,0.306326,0.776509
9.58375,-65.2295,73.6647,-0.102352,0,3.8,0,-0.467311,-0.875057,0.126079
61.772,-30.2691,63.0117,0.199516,0,3.8,0,0.937411,0.278672,0.208811
40.3078,-67.9605,76.4969,-0.171572,0,3.8,0,-0.938517,-0.1976,-0.283089
-2.68075,-43.0617,69.278,-0.0911689,0.587431,-3.5,0,-0.768477,0.445953,0.458879
40.724,-21.1895,59.278,-2.03654,-0.475961,-3.5,0,0.488452,0.0700603,-0.869774
48.8075,-32.287,54.9277,-0.709157,-0.931483,-0.7,0,0.372897,-0.731394,-0.570974
29.8005,-62.98,59.3939,-0.183244,0,3.8,0,-0.104364,-0.940426,-0.323585
39.9539,-44.284,75.5936,0.119841,0,-3.5,0,-0.164184,-0.441257,0.882233
19.8708,-69.678,71.5508,-0.338512,0,-3.5,0,-0.335582,-0.936792,0.0990227
50.8145,-56.7074,73.6407,0.155807,0,-1.6,0,0.612634,-0.153353,0.775347
13.6401,-54.6806,56.825,-0.193923,0,1.8,0,-0.512565,-0.506116,-0.69363
44.4523,-72.4733,66.769,-0.0829208,0,4.5,0,-0.356141,-0.934407,-0.00690261
14.0585,-45.1623,52.6577,-0.326756,0,3.8,0,0.110578,0.608496,-0.785815
51.6796,-21.0749,55.9147,1.73812,0,-3.9,0,-0.059801,0.916821,0.394796
21.649,-65.8073,65.5351,-0.500543,0,-0.4,0,-0.106515,-0.643088,-0.758349
47.0765,-61.688,76.4595,0.0159725,0,-3.5,0,0.844328,-0.482819,0.232371
17.2957,-50.3172,70.0784,-1.50706,-0.752341,3.43853,1,-0.161794,0.316683,0.934631
46.877,-66.1758,73.9607,-0.287733,0,0.339148,0,0.14445,0.586178,0.797201
60.509,-39.696,76.122,-0.596429,0,-3.5,0,0.85533,0.339614,-0.391246
30.3908,-57.3203,62.6922,-1.12846,-0.963937,4.2,0,0.442042,0.421487,-0.7918
44.9933,-28.504,75.7181,-0.349802,0,3.8,1,-0.347799,0.14199,0.926755
51.5125,-55.654,69.1787,-0.33227,-0.26126,-2.85563,0,0.901548,-0.400336,0.16414
12.4831,-53.9131,57.4684,-0.227091,0,4.2,0,-0.289576,-0.638945,-0.712668
9.988,-57.482,58.066,-0.289873,0,4.2,0,0.151323,-0.354811,-0.922611
18.5064,-66.7797,59.6791,-2.181,-0.535078,-3.5,0,-0.594918,-0.645091,-0.479511
39.7871,-41.2956,78.2765,-0.111262,0,-3.5,0,-0.296313,0.0656283,0.952833
55.8735,-50.5325,71.4606,0.546967,0.0838634,-4.5,0,0.706858,0.314064,-0.633811
39.3975,-48.4575,47.033,0.188753,0,2.8,0,-0.71982,-0.380666,-0.580475
22.1287,-65.2982,61.4422,-0.850067,0,-3.5,0,0.793619,-0.409058,0.450377
40.1077,-44.4412,49.2487,0.824172,0.40903,-4.5,0,0.801203,0.380323,-0.461983
24.989,-61.9221,73.2015,0.487708,0,-1.6,0,-0.00438484,0.281162,0.95965
29.0324,-49.5985,68.25,-0.315326,0,-3.5,1,-0.687895,0.359092,0.630757
9.48812,-42.6096,69.4775,-0.755113,-0.03292,-3.5,0,0.589109,0.567406,0.575327
3.18225,-32.1696,56.8865,-0.608719,0,-3.5,0,-0.688558,0.506972,-0.518524
6.62787,-59.8066,61.0018,-0.173155,0,-0.8,0,-0.146333,-0.966704,0.209931
37.5325,-33.9188,56.361,-0.222366,0,-2.97655,0,0.324443,0.490585,-0.808742
28.33,-67.3149,61.9754,-1.50847,0,-3.5,0,-0.115256,-0.128783,-0.984952
43.2798,-30.6472,72.5155,-0.660079,0,3.8,0,-0.579333,-0.678602,0.451522
18.601,-69.3455,75.9345,-1.23663,-0.958172,-0.7,0,0.271279,-0.954189,0.126215
44.7692,-30.9363,73.2735,-0.661062,0,3.8,0,-0.504699,-0.805716,0.310001
43.8092,-24.0785,72.1435,-1.33884,-0.108407,2.91785,0,-0.710205,0.208576,0.672388
50.7774,-46.6413,58.8932,-1.58161,-0.951801,-3.5,0,0.611945,0.483853,-0.625627
52.6553,-54.0204,68.2735,-0.133491,-0.0241964,-0.716171,0,0.743123,-0.442258,0.502171
49.3218,-42.5247,53.3555,0.00767828,0,-4.5,0,0.924412,0.125117,-0.360289
59.3681,-40.769,58.3486,1.9524,0.897188,-3.9,0,0.940559,-0.223629,-0.255614
12.5045,-66.6245,77.7213,-0.505591,0,-0.9,0,-0.666363,0.494539,0.558025
2.15925,-41.3862,71.435,-0.244348,0,4.2,0,-0.253967,0.085389,0.963436
30.7202,-74.2444,70.0656,-0.632949,0,-0.7,0,-0.4471,-0.670764,0.591758
51.7057,-48.1753,81.4176,0.447176,0.0720348,-3.5,0,0.639047,-0.44494,0.627413
38.9425,-22.259,72.892,-0.878094,-0.0118215,-0.8,1,0.473712,-0.761133,0.443029
6.8525,-50.4189,50.5879,0.0522484,0,-3.5,0,0.474587,-0.277963,-0.835167
32.9571,-36.5176,56.7671,-0.0851922,0,-2.52452,0,-0.792906,-0.0257789,-0.608799
4.5,-51.821,49.179,-0.419797,0,-3.5,0,0.380575,-0.182224,-0.906619
17.6195,-63.0905,60.8945,-0.344081,0,-3.5,0,-0.95934,-0.227333,-0.16729
51.7955,-65.584,56.5395,-0.355767,-0.172687,-3.5,0,-0.126529,-0.749257,-0.65008
46.6695,-39.073,54.8214,0.862876,0,-4.5,0,-0.118448,0.698666,-0.705574
18.531,-55.5978,56.2627,-1.81177,-0.405519,-3.5,0,0.0701523,-0.449285,-0.89063
46.3455,-42.8495,76.8652,0.194569,0.52843,-0.7,0,0.502279,0.82267,0.266327
46.622,-67.549,77.4262,-0.162609,-0.315168,3.8,0,0.420635,0.828007,0.37077
42.931,-20.3825,69.788,-1.16999,-0.887362,-0.7,0,0.797814,-0.527829,-0.291358
51.2518,-63.9803,73.0295,-0.473821,0,1.9,0,0.179829,0.780342,0.598939
42.2605,-59.8151,49.5561,0.0854812,0,-3.5,0,0.154618,-0.626248,-0.764138
31.2085,-57.6082,56.8952,1.30926,0,-3.9,0,-0.626049,-0.47964,0.614824
39.2503,-48.7866,71.7376,0.0371696,0.238561,4.5,0,-0.350609,-0.932504,0.0866556
15.5221,-69.2611,80.2834,-0.146575,0,-0.9,0,0.638907,-0.431653,0.636768
48.7007,-67.5052,61.2038,0.312216,0,-1.80424,0,0.633229,-0.746394,0.204736
38.5375,-32.412,73.813,-0.418825,0,4.2,1,-0.266695,0.913771,-0.306424
10.5885,-52.501,76.972,-0.245307,-0.0807061,-2.06385,0,0.373901,0.571987,0.730088
32.2795,-60.35,52.1355,-0.15504,0,-3.9,0,-0.767069,-0.403374,-0.498893
36.4033,-26.2526,58.8242,0.319516,0,-4.5,0,-0.356842,-0.0679154,-0.931693
53.348,-58.593,62.3973,0.373117,0,-4.5,0,-0.0504758,-0.909357,-0.412943
55.672,-26.478,68.589,-0.806838,-0.0749063,2.5,0,0.955356,0.287461,-0.068271
56.907,-35.87,62.1978,0.851714,0,-3.5,0,0.999864,0.0083937,0.0142155
13.305,-53.6961,55.9196,-0.154411,-0.0203976,-0.42024,0,-0.224009,-0.859,-0.460368
25.5235,-68.3118,72.1956,0.514581,-0.229955,-1.10651,0,-0.374106,0.0780553,0.924095
38.9552,-31.1014,57.6739,-0.354806,0,-0.4,0,-0.366411,0.662861,-0.652961
16.4849,-46.4119,52.7616,-0.270092,0,3.8,0,0.741489,0.0675887,-0.667552
24.801,-60.4168,72.4589,-0.331072,-0.0443007,0.961547,0,0.363684,0.566852,0.739197
1.6805,-51.613,59.049,-0.255663,0,3.8,0,-0.984016,-0.170788,0.0504346
53.3465,-67.0471,68.224,-0.0138358,0,4.2,0,0.904349,0.391357,-0.170271
1.25637,-44.1785,51.3984,-0.396401,0,-0.7,0,-0.692877,0.170793,-0.700536
55.149,-33.658,70.1314,-0.852408,-0.0491386,1.96462,0,-0.511321,-0.214192,0.83227
22.6036,-49.8537,56.658,0.178785,0.121654,-3.5,0,0.0768595,0.765676,-0.638618
44.6295,-30.7355,68.4844,-0.70942,0,2.56089,0,-0.485945,-0.471312,0.736018
44.7407,-27.4202,75.1237,-0.375764,0,3.8,1,-0.457954,0.693397,0.556308
40.9991,-66.7702,54.1755,0.267655,0,-4.5,0,-0.287485,-0.781714,-0.553422
60.536,-38.5825,73.9375,-0.333419,0,-3.5,0,0.875923,0.384714,0.291125
17.6768,-47.0482,56.4837,-0.393399,0,-0.7,0,0.831457,0.36306,-0.420556
7.00413,-37.0272,65.9055,-1.24557,0,-2.0585,0,0.414678,0.46614,0.781508
47.0378,-22.7313,74.7036,-0.755,0,-3.5,0,0.0740531,0.225905,0.971331
49.5505,-59.9202,68.535,-0.407684,-0.186364,-2.47417,0,0.549213,-0.764683,-0.337083
45.1452,-74.1797,74.2629,-1.77536,-0.0345831,-3.5,0,-0.892277,-0.446302,-0.0682295
39.056,-33.2725,56.6985,-0.931449,0,-0.4,0,-0.15007,0.392945,-0.907234
36.0415,-47.9751,54.0993,-0.214451,-0.0431394,-0.390271,0,-0.733409,-0.167103,-0.658929
59.4656,-42.7103,75.1864,0.0722848,0,-3.9,0,0.813914,-0.136655,-0.564685
9.46025,-31.0037,60.51,-0.144352,0,-3.2,0,0.294378,0.824301,0.4836
18.742,-47.1455,69.7625,-2.67624,0,-3.5,0,0.589571,0.278749,0.758093
15.1761,-36.7337,59.7239,-1.01297,-0.30387,-3.5,0,-0.253498,0.719033,-0.647094
8.69375,-31.753,61.432,-0.613046,0,-3.2,0,0.0618002,0.603497,0.794967
33.9156,-72.296,65.0391,-1.79446,-0.250428,-3.5,0,-0.788809,0.222007,-0.573143
46.9936,-60.6571,77.1227,0.126943,0,-3.5,0,0.833533,0.209501,0.511206
40.9632,-71.0437,59.37,-0.471759,-0.456985,-3.5,0,-0.630268,-0.574914,-0.521763
33.6704,-18.4465,64.6805,-0.0925266,0,4.5,0,-0.552972,0.56909,-0.60857
49.677,-72.3811,70.1484,0.150429,0,1.8,0,0.581811,-0.727809,-0.363029
50.296,-20.9955,54.3135,1.55123,0.60094,-3.9,0,-0.75999,0.592259,-0.267665
28.6642,-46.1247,74.6312,-0.166443,0,-4.5,0,0.182759,-0.97446,0.130487
29.7693,-70.837,66.949,0.573027,0.203851,-2.87592,0,-0.104429,-0.165813,-0.980612
50.3869,-29.1256,55.2551,1.2414,-0.121443,-0.8,0,0.0522492,0.343117,-0.937838
47.3019,-36.7045,76.8284,-0.577904,0,3.8,0,-0.948397,-0.293107,-0.120962
42.2451,-43.7646,78.4399,0.765354,0.825972,-0.7,0,-0.462979,-0.091205,0.881664
41.298,-38.0296,75.9849,-0.630081,-0.5652,-3.5,0,-0.120379,0.635533,0.762631
15.3977,-55.0345,56.4236,-0.0418601,0,1.8,0,-0.0214941,-0.647914,-0.76141
42.3185,-70.664,70.4143,-0.629613,0,-3.5,0,-0.86203,-0.498188,-0.0933403
35.4463,-35.2355,53.2455,-0.232191,0,-3.2,0,0.347688,0.17927,-0.920313
53.5721,-28.7125,56.512,-0.272909,-0.195187,-0.8,0,0.807898,0.309462,-0.501531
33.9538,-47.6642,56.5397,-0.279711,0.0537801,0.859814,0,-0.262991,-0.964335,0.0298953
17.976,-47.5931,58.6591,-0.741262,-0.0548462,-0.7,0,0.97814,0.202693,-0.046443
55.1495,-37.5978,57.1865,0.676601,0.665697,-3.5,0,-0.145716,-0.180328,-0.972753
38.493,-18.302,72.1135,0.989909,0.856778,-0.8,0,-0.59492,0.708806,0.379032
47.3305,-60.9079,67.5909,0.00330621,0.202303,2.52963,0,0.849566,-0.492029,0.190119
-2.8035,-46.9733,68.9215,0.519574,0.934111,-3.5,0,-0.141652,-0.832206,0.536067
39.5646,-55.4695,50.1452,-0.386377,-0.135164,-2.02305,0,-0.304919,0.478433,-0.823484
30.32,-41.6274,72.9454,0.293845,0.157487,-4.5,0,-0.00152151,0.865354,0.501158
33.1744,-60.9457,57.3186,-0.0766382,0,3.8,0,-0.804411,-0.199928,-0.559421
9.318,-53.701,52.436,-0.531245,-0.001911,4.2,0,0.812186,0.44041,-0.382614
38.5959,-47.8646,50.607,-0.0416533,0,2.8,0,-0.930362,-0.339816,-0.137669
4.4895,-54.0245,54.032,-0.220136,0.264012,-3.5,0,-0.724234,-0.686543,-0.0643669
31.7704,-47.1269,59.095,-0.602925,-0.803838,3.39249,0,-0.550272,-0.737518,-0.391495
31.7076,-70.7056,71.5011,0.282679,0.906965,-0.7,0,0.138851,0.164961,0.976478
50.7725,-47.3445,56.7595,-0.116793,-0.256294,-1.3,0,0.935344,0.35358,0.0106548
-2.85775,-37.3236,55.1119,-1.88889,0,-3.26245,0,-0.032339,0.626711,-0.77858
42.5677,-56.8843,76.24,0.869544,0.032098,-0.7,0,-0.629219,0.00108096,0.777228
42.5514,-34.2766,70.6039,-1.9807,-0.277736,-3.5,0,0.450255,0.83052,0.327883
32.3705,-39.4695,58.4152,0.456868,0,-1.6,0,-0.804084,-0.377276,-0.459469
9.634,-51.302,76.8345,-1.29098,-0.24835,-3.5,0,0.519937,0.702891,0.485396
48.946,-29.2466,53.9759,0.209435,0,-0.7,0,0.649949,0.365828,-0.666135
7.928,-35.572,56.132,-1.89503,-0.0698121,-3.5,0,0.874442,0.424225,-0.235339
52.251,-30.1126,54.6213,1.48332,0.506828,-0.8,0,0.37177,-0.232905,-0.898634
62.3254,-45.2389,76.2865,2.43897,0.238248,-3.9,0,0.727011,-0.16108,-0.667464
55.3175,-46.207,59.1745,-0.078268,0,-4.5,0,0.18256,-0.177094,-0.967114
47.1413,-40.8015,51.6546,0.881349,0.0360361,-4.5,0,0.222095,0.71361,-0.664406
59.0919,-31.498,65.4719,-0.550353,0,2.5,0,0.828229,0.355311,0.433348
25.3238,-71.1358,70.2982,-0.00828235,0,-3.5,0,-0.918192,-0.306579,-0.250863
61.7653,-31.6016,63.1418,0.331387,0,3.8,0,0.903678,0.400392,0.151829
-3.9795,-39.7825,50.9818,-0.473091,0,-1.3,0,-0.30476,0.596663,-0.742371
18.195,-37.7827,61.8625,-1.95326,-0.580997,-3.5,0,0.99125,-0.0443302,0.124331
-3.1605,-42.47,67.011,-1.10106,-0.788926,-3.5,0,-0.797672,0.442454,0.409822
6.89125,-35.095,55.5535,-1.82008,-0.9035,-3.5,0,0.382843,0.642764,-0.66354
55.1139,-36.583,77.4333,-0.197852,0,-0.4,0,0.133817,0.892769,0.430181
55.223,-39.7965,79.029,-1.57627,-0.288029,-3.5,0,-0.206822,0.204175,0.956837
9.81825,-40.3981,65.6992,-1.36408,-0.126482,0.918713,0,0.707167,0.521251,0.477716
35.6065,-57.316,70.2245,-0.967713,0,-3.5,0,-0.324293,0.88784,0.326458
-0.659125,-42.4043,71.3685,-0.207732,0,4.2,0,-0.12616,0.0882122,0.98808
7.53438,-53.389,51.1066,-0.106337,0,3.75283,0,0.313343,0.108835,-0.943383
63.3095,-40.8039,71.8455,0.00823338,0,-1.6,0,0.677996,0.294906,0.673314
35.3657,-53.1594,71.2236,-0.225356,0,-0.8,0,0.140973,-0.245833,0.959006
50.2649,-28.2857,61.2225,-0.925297,-0.198768,-0.8,0,-0.655382,0.571458,0.493873
2.97088,-37.1021,53.605,-1.44929,-0.22965,-1.4932,0,-0.284127,0.591227,-0.7548
35.4664,-33.544,59.8161,-0.998045,-0.075831,-0.7,0,-0.749294,0.423899,-0.508791
50.539,-60.064,60.936,-0.768064,-0.0714099,-3.5,0,0.933715,0.00575874,0.357971
-0.8845,-49.0735,57.893,-1.01608,-0.147308,-0.7,0,-0.432493,-0.754935,0.492973
41.1614,-25.8485,71.5663,-0.33531,0,4.5,1,-0.410507,-0.186592,0.892562
49.6115,-33.5985,80.2281,-0.218661,0,3.8,0,0.154594,0.23946,0.95852
44.627,-59.575,76.816,-0.220029,0,-3.5,0,-0.564897,0.442425,0.696528
19.1089,-65.763,59.0563,-1.10303,0,-3.5,0,-0.346768,-0.0662472,-0.935608
42.0218,-49.9287,47.2687,0.211496,0,2.8,0,-0.169703,-0.860197,-0.480898
54.8345,-46.29,77.838,-0.0367909,-0.192141,-3.84602,0,0.240424,-0.847037,0.474052
-3.2615,-34.9448,56.1147,-1.83244,-0.835767,-3.5,0,-0.182771,0.754114,-0.630798
10.9164,-65.0841,71.4043,-0.105989,0,3.8,0,-0.0164304,-0.837649,-0.545961
8.86675,-59.1053,76.1472,-1.91503,-0.00203272,-3.5,0,-0.0765093,0.160709,0.984032
45.3024,-23.6562,73.939,-1.9864,0,-3.5,0,-0.597679,-0.304797,0.741538
5.53512,-58.5935,62.9151,-0.114953,0,-0.8,0,-0.292902,-0.8169,0.496874
45.996,-66.8213,75.4112,-0.646258,-0.0658076,-3.5,0,0.135278,0.915515,0.378856
8.909,-60.9365,72.2669,0.137871,0,-0.640815,0,-0.769719,-0.152114,-0.619995
49.733,-22.0432,55.1053,0.813713,0,-3.9,0,-0.73904,0.672996,-0.0299451
16.3285,-49.5539,69.8804,-1.63528,-0.484292,-3.5,1,-0.217635,-0.0724162,0.97334
34.6825,-43.926,64.6929,0.0449814,-0.082701,3.8,0,-0.947344,0.20006,0.250032
55.5925,-27.7515,67.629,0.153557,0,2.5,0,0.978114,0.188061,0.0890237
5.77413,-59.2542,57.8805,-1.44589,0,-0.8,0,0.0822057,-0.808623,-0.582555
46.1272,-55.2431,75.4728,-0.127058,0,-0.7,0,-0.0433341,0.519549,0.853341
7.8625,-59.2151,52.7979,-0.209015,0,4.2,0,0.0954207,-0.992009,-0.0825379
46.0009,-71.0281,59.2171,0.149493,0,-3.5,0,0.927042,-0.362059,-0.0975026
-4.06038,-37.8415,52.798,-2.35613,-0.603491,-1.3,0,-0.131097,0.875211,-0.465639
44.395,-22.368,72.519,-1.867,-0.901549,-3.5,0,-0.895181,0.214036,0.390948
21.571,-56.002,72.272,-0.808918,0,-3.5,1,0.22586,-0.232061,0.946116
42.9437,-14.9192,70.7308,-0.102567,0,-0.7,0,0.0335159,0.97728,0.209285
3.31363,-47.8164,51.4085,0.0573001,-0.952522,-0.7,0,-0.133565,-0.269145,-0.953793
4.32088,-50.4496,49.3274,0.599818,0.168994,-3.5,0,0.123435,0.295746,-0.947258
18.291,-66.9341,60.8425,-2.83167,-0.727248,-3.5,0,-0.577098,-0.780187,0.241384
33.7762,-45.645,51.3747,0.221241,0,-4.5,0,0.130359,-0.864263,-0.485857
41.775,-68.8043,69.4634,-0.857406,-0.348727,1.60371,0,-0.814261,-0.580229,-0.017697
49.703,-22.9835,57.2923,0.26925,0,-3.9,0,-0.590018,0.684136,0.428761
43.6753,-47.3355,51.6359,0.308426,0,2.8,0,0.80933,0.573651,-0.126133
8.833,-65.2355,72.851,-0.148103,0,3.8,0,-0.661108,-0.747485,0.0648259
19.3565,-68.7393,69.58,-0.491913,-0.0127586,-3.5,0,-0.367904,-0.756139,-0.541203
57.9585,-38.5545,58.5732,2.3753,0.104248,-3.9,0,0.731997,0.613158,-0.297014
7.48962,-38.2136,55.5279,-0.750264,0,-3.5,0,0.853494,0.445336,-0.270601
38.5194,-34.9162,76.9984,-0.243445,0,4.2,0,0.296895,-0.0185115,0.954731
49.9717,-57.7745,56.2262,-0.451307,0,-3.5,0,0.539842,-0.0246429,-0.841405
52.4827,-63.9489,63.8009,0.198344,0,-3.2,0,0.931886,0.313434,0.182616
28.3955,-42.2988,63.3759,-0.222991,0,-0.7,0,-0.801559,0.58516,0.122846
16.37,-43.8143,61.429,-1.69523,-0.108688,-0.7,0,0.307654,0.734598,-0.604744
34.739,-39.006,73.644,0.00903818,0,1.8,0,-0.845935,0.283358,0.451777
59.5633,-31.4285,71.7314,0.284239,0,-1.94526,0,0.851412,-0.333049,0.405187
15.2469,-64.235,65.695,-0.265114,0,-0.8,0,-0.440822,-0.883019,-0.161101
49.7985,-28.7838,71.8815,-1.15325,-0.454332,3.8,0,0.451822,0.240603,0.85905
1.5055,-35.038,62.5984,-0.637757,0,-0.7,0,-0.307422,0.526838,0.792423
57.085,-45.7885,70.682,0.88922,0,-3.5,0,0.494595,-0.760875,0.420053
16.7945,-51.145,54.2484,0.109729,-0.430315,-0.8,0,0.638376,-0.646117,-0.418341
40.5845,-63.0658,52.1488,0.595923,0.806152,-4.5,0,-0.401431,-0.103609,-0.91001
17.0933,-41.0645,66.923,-0.378649,0,1.8,0,0.818957,-0.48494,0.306827
56.0565,-54.7892,61.8433,0.316896,0,-4.5,0,0.906704,0.0881503,-0.412454
45.4075,-73.9847,75.7018,-0.836229,-0.0293815,-3.5,0,-0.893849,-0.374702,0.246236
43.8824,-67.8708,55.4421,0.758821,0,-4.5,0,0.499869,-0.727324,-0.470247
36.3371,-57.702,50.2936,-0.898923,-0.456277,-2.23549,0,-0.241463,0.279047,-0.929424
41.6398,-25.6331,55.8096,-1.2854,0,-3.5,0,-0.341274,0.0641646,-0.937771
18.8055,-56.287,56.9805,-1.24089,-0.0167288,-3.5,0,0.144316,-0.794182,-0.590295
49.907,-29.6672,62.3036,-0.0783385,0,2.58325,0,-0.438865,0.881201,0.175735
53.2186,-54.6164,73.7663,1.22833,0,-4.5,0,0.451141,-0.891864,0.0324079
44.315,-16.285,65.246,-0.370081,0,-3.5,0,0.0922378,0.710648,-0.697475
9.3295,-48.5064,75.097,-2.28961,-0.119717,-3.2,1,-0.11219,0.391512,0.913308
47.5436,-46.5334,53.291,0.180312,0,-1.3,0,0.235868,-0.139274,-0.961753
48.8232,-40.474,80.2775,-0.426617,0,-3.5,0,-0.964373,-0.264317,0.0110107
57.9933,-44.8996,78.7931,0.567017,0,-3.65959,0,0.165894,-0.770121,0.615949
46.4705,-61.735,73.342,-0.132419,0,-3.5,0,0.981301,-0.0555635,0.184284
51.9081,-56.6819,59.3105,-0.545836,0,-3.5,0,0.985793,-0.0831306,0.145949
26.8135,-45.5869,73.4681,0.405632,0.859378,-4.5,0,-0.796507,-0.538051,-0.275822
48.875,-42.6865,56.8295,0.480026,0.479847,-4.5,0,0.977017,-0.209574,0.0389408
36.6058,-47.0913,53.4885,-0.265062,0,2.02356,0,-0.37171,-0.427615,-0.824001
41.0742,-72.3623,62.9599,-1.48499,-0.544624,-3.5,0,-0.0341663,-0.993766,0.106123
33.8488,-72.3544,69.7525,0.48514,0.417334,-0.7,0,0.737467,-0.385193,0.55477
28.5211,-57.522,70.7931,0.415347,0,4.2,0,-0.417668,0.477331,0.773116
38.1265,-48.6432,72.9818,-1.07723,-0.104888,4.5,0,-0.342454,-0.916207,0.208064
5.2065,-55.151,53.998,0.545473,0.379213,-3.30223,0,-0.915632,-0.37378,-0.148011
32.1735,-48.8269,60.6715,-0.882628,-0.364925,2.8,0,-0.195809,-0.684097,-0.702617
36.5775,-51.4656,53.797,-0.327838,-0.0130623,1.00257,0,-0.347542,0.422651,-0.837007
53.6476,-65.7387,58.1415,0.392133,0.234723,-3.5,0,0.991202,-0.124918,0.0437535
3.549,-39.2149,71.974,-0.287885,0,4.5,0,-0.186701,0.210243,0.959657
5.97975,-38.0317,53.7018,-0.52539,-0.261104,-3.5,0,0.206083,0.876985,-0.434082
7.78975,-42.8778,50.607,-0.243988,0,-0.4,0,0.0247638,-0.0199456,-0.999494
29.9735,-58.4128,72.1329,-0.202527,0,4.2,0,-0.261042,0.0781692,0.962157
33.3105,-42.2414,57.7137,-0.288101,0,3.8,0,-0.611199,0.217498,-0.761006
36.478,-21.8433,68.8378,-0.332849,-0.343137,-0.8,0,-0.933625,-0.22054,0.282324
51.328,-22.829,71.1835,0.213579,0,-3.5,0,0.903249,0.135391,0.407199
53.7152,-27.1706,58.6095,0.121285,-0.079891,-0.52157,0,0.513254,0.806103,-0.294566
-2.53025,-36.784,63.9185,-2.04428,-0.0149132,-3.5,0,0.134641,0.843802,-0.519489
40.852,-56.1857,48.8548,-0.229653,0,-3.5,0,-0.505391,-0.00197158,-0.862888
-1.83625,-34.8054,56.4692,-0.905218,-0.11108,-1.03872,0,-0.252552,0.86747,-0.428617
6.983,-58.8293,68.8307,0.305748,0.246929,-2.00109,0,-0.383988,-0.923229,-0.0142251
37.2163,-75.8386,64.8221,0.233525,0.146473,-3.5,0,0.456912,-0.705756,-0.541423
4.50725,-30.0557,59.9728,-2.26969,-0.715453,-3.5,0,0.0858666,0.911116,0.403106
33.7634,-30.9393,63.671,-0.189555,0,-0.7,0,-0.936741,0.338923,0.0874513
50.7122,-35.2255,56.1213,-0.874954,0,-3.5,0,-0.0512624,-0.303347,-0.9515
37.5055,-26.4225,64.6657,0.150943,0,-0.7,0,-0.281585,-0.958356,0.0475796
31.3222,-36.3041,59.353,-0.06756,0,-1.6,0,-0.936659,0.343418,0.0688055
46.4666,-58.2154,64.8923,0.211911,0,2.8,0,0.861886,-0.403801,-0.306753
45.946,-65.732,57.7675,0.472407,0,3.8,0,-0.0565103,0.731603,-0.679384
-8.359,-46.2878,61.4849,-1.79256,0,-3.5,0,-0.645858,-0.448565,0.617784
10.984,-33.42,61.152,-1.50372,0,-3.2,0,0.784072,0.188688,0.591294
33.554,-43.6725,51.7122,0.418531,0.0554306,-4.5,0,-0.0595975,0.93487,-0.349953
24.7717,-51.8495,58.4676,-0.425488,0.549943,-3.5,0,0.855168,-0.1411,-0.498777
43.9471,-44.1099,53.4824,0.473453,0,-1.3,0,-0.283337,0.183408,-0.941319
32.587,-61.3493,53.9613,-0.202632,0,-3.9,0,-0.689882,-0.673148,0.266337
4.158,-37.5786,50.576,0.169675,0.81106,-3.5,0,0.17088,0.954785,-0.243281
41.0796,-16.1641,72.6686,-0.459464,0,-0.7,0,-0.0959973,0.659258,0.745764
-2.23088,-37.8109,67.9701,0.36935,0,-3.5,0,0.352878,0.473293,0.807137
51.8229,-48.7786,77.8421,0.620449,0.111599,-4.5,0,0.96255,0.135645,0.23473
34.3932,-43.7986,50.7728,0.437681,0.0641742,-4.5,0,-0.418264,0.779126,-0.466924
8.26375,-39.248,56.1284,-0.777299,0,-0.583754,0,0.677785,0.615454,-0.402274
53.3189,-26.0466,64.9177,0.711097,0,2.5,0,-0.108813,0.609484,-0.785296
30.1115,-42.378,58.9372,-1.73047,-0.799837,-0.7,0,-0.791102,0.326765,-0.517091
55.2162,-33.42,60.4955,-0.241635,-0.184147,0.498796,0,0.15125,0.262801,-0.952921
45.6468,-69.5938,57.3645,0.0887036,0,3.8,0,-0.0185047,-0.596724,-0.802233
-0.9,-39.8485,68.605,-0.331188,0,3.0554,0,-0.0893298,0.575235,0.813096
3.1805,-53.1175,54.5265,-1.37069,-0.0314063,-3.5,0,-0.867624,-0.478834,-0.133967
40.7347,-46.4712,77.814,0.20774,0.747699,-3.5,0,-0.418475,0.555323,0.718676
35.8281,-35.791,73.3646,-0.38309,0,4.2,1,-0.907006,-0.0479107,0.418384
52.2352,-66.401,59.3142,0.649204,0,-3.5,0,0.308367,-0.856096,0.41474
43.2535,-63.3814,55.1165,0.406943,0,-4.34641,0,0.813004,0.480474,0.328891
34.3797,-69.1375,65.4816,-0.0306846,0.328285,4.5,0,-0.343882,-0.436453,-0.831417
13.1675,-37.03,65.4875,-2.03162,-0.0782984,1.8,0,0.0166704,0.902819,0.429697
56.3031,-49.6598,61.8625,0.830091,0.23428,-4.25741,0,0.566823,-0.330742,-0.754534
52.052,-65.851,73.3033,-0.819438,0,1.9,0,0.930611,-0.0538137,0.362033
30.2144,-67.5161,64.5231,-1.93243,0,2.5,0,0.464806,-0.879584,0.101426
52.203,-58.9355,64.7605,0.235805,0,-4.5,0,0.181424,-0.972146,0.14838
-2.85063,-34.4244,58.3088,-1.72185,-0.255479,-3.5,0,-0.330037,0.936572,0.11793
15.6827,-69.6602,79.0966,-0.329687,0,-0.9,0,0.804181,-0.587037,-0.0931729
53.401,-45.1949,59.2034,1.35527,0.0396705,-4.5,0,-0.0796742,-0.112337,-0.990471
6.66825,-58.8696,53.9389,-0.18233,0,4.2,0,-0.626885,-0.745301,0.22703
27.7794,-64.576,61.9333,0.250527,0.609755,3.8,0,0.243849,-0.496079,-0.833333
13.4796,-65.1504,72.4851,0.123851,0,-0.0819805,0,-0.329877,-0.912014,-0.243744
58.6251,-30.1168,65.3812,-1.09826,-0.48675,2.5,0,0.574803,0.729801,0.370125
-4.167,-35.3677,58.2497,-1.27534,0,-3.5,0,-0.773004,0.570036,0.27843
3.41725,-45.589,49.2529,-0.301042,0,-0.7,0,-0.378841,-0.237534,-0.894459
49.3791,-59.5956,53.1971,-1.6137,-0.169913,-0.8,0,0.921278,-0.158948,-0.354939
49.1866,-66.8023,62.4854,-0.0601298,0,-3.2,0,0.276405,-0.942352,0.188607
47.7241,-60.5379,52.7414,-0.695639,-0.183092,-0.8,0,0.383002,-0.859881,-0.337511
32.637,-39.8092,69.157,-0.856605,-0.789082,-4.5,0,-0.525494,0.433348,0.732165
44.4755,-43.128,53.789,0.481654,0,-1.3,0,-0.405419,0.520141,-0.751724
25.67,-71.2679,69.2992,-0.163142,0,-3.5,0,-0.69242,-0.334217,-0.639416
41.048,-33.4895,74.659,-0.567162,0,4.2,1,0.850409,0.513806,0.113171
5.02537,-54.9692,52.7429,0.234674,-0.239262,1.51667,0,-0.770445,-0.621821,0.140543
61.8049,-45.0475,79.2479,2.67673,0.210452,-3.9,0,0.345968,-0.156081,0.925173
41.4704,-40.2271,54.5226,0.099116,0,-3.5,0,0.252295,-0.301294,-0.919548
46.1071,-47.9281,77.3556,-0.0857674,0,-4.37442,0,-0.498091,0.086465,0.862803
49.1571,-47.8501,53.9036,0.227043,0,-1.3,0,0.320455,0.575791,-0.752179
50.0525,-24.4963,72.2617,0.477092,0,-3.5,0,0.770811,-0.420429,0.478634
8.2605,-56.9986,75.625,-1.25662,-0.91417,-0.7,0,-0.575418,-0.136285,0.806425
26.7475,-55.186,60.635,-0.209329,-0.00652758,1.9,0,0.739955,0.164302,-0.652281
44.1416,-48.4586,48.4328,0.172494,0,2.8,0,0.890173,0.289192,-0.352079
31.1273,-46.7982,54.2262,-0.0230917,0,-4.5,0,-0.593096,-0.749766,0.293407
38.3176,-44.6319,48.2325,0.756975,0.093812,-4.5,0,0.0434604,0.269935,-0.961897
57.9034,-49.0294,66.853,0.0621761,0,-3.5,0,0.84658,-0.490542,0.206569
27.5185,-69.3041,72.5819,-0.995822,0,-3.5,0,0.369453,0.593835,0.714748
-1.85075,-34.3857,59.1768,-1.6912,0,-3.5,0,-0.0830468,0.753957,0.651653
35.3271,-21.844,60.0807,0.70948,0.518276,-4.5,0,-0.192523,0.871451,-0.451119
21.0439,-56.7099,58.358,0.170467,0,-3.16032,0,0.148075,-0.348284,-0.92562
34.569,-53.095,52.342,-1.91605,-0.0707143,-3.5,0,0.139141,0.357201,-0.923605
35.2074,-18.1632,64.3777,-0.079004,0,4.5,0,-0.181157,0.55036,-0.815038
57.4707,-33.9454,64.1229,1.06446,0,-1.79987,0,0.76077,-0.642041,-0.0949293
64.2805,-33.2653,64.1545,2.85662,0.0817017,-3.9,0,0.661243,0.504953,-0.554779
2.508,-36.0952,69.5393,-0.370051,0,4.5,0,-0.115309,0.776213,0.619837
14.181,-65.6385,78.659,-0.141951,0,-0.9,0,-0.443237,0.653406,0.613678
51.3555,-53.1123,79.127,0.422263,0,-4.5,0,0.277524,-0.952502,-0.125377
35.1941,-62.8271,72.5979,0.429813,-0.952734,-0.8,0,-0.4233,-0.141094,0.894936
1.4755,-50.2433,58.001,-0.213586,0,3.8,0,-0.85924,-0.493596,0.134427
0.70075,-37.0345,69.0173,-0.374968,0,4.5,0,-0.72553,0.380647,0.573336
33.2824,-70.3418,65.9225,-1.47429,-0.0283764,4.5,0,-0.302981,-0.192681,-0.933315
30.6349,-40.0726,65.5094,0.0523469,0,1.8,0,-0.996755,0.0451904,-0.0666184
20.3792,-53.312,56.1185,-0.221375,0,-3.5,0,0.0195201,-0.255441,-0.966627
39.5144,-17.2074,66.4171,0.425194,0,4.5,0,0.504449,0.702094,-0.502588
62.0228,-39.5874,78.2828,-1.45195,-0.0886416,-3.5,0,0.732304,0.679227,-0.0488066
27.8085,-66.197,70.9671,-1.71002,0,-3.5,0,0.109569,0.156277,0.981617
56.6515,-50.7684,74.4855,1.2807,0.379348,-4.5,0,0.917888,-0.0910423,0.386256
37.4795,-48.1665,71.4837,-0.815028,-0.113918,4.01943,0,-0.405818,-0.892651,0.196179
46.5791,-62.6476,74.5772,0.0274246,0,-3.5,0,0.948664,-0.224402,0.22289
14.2871,-51.316,53.2918,-0.284274,0,-0.8,0,0.0108749,-0.360579,-0.932665
61.114,-46.8201,77.0575,1.816,0.45963,-3.9,0,0.425382,-0.902398,0.0687622
44.4911,-19.2064,67.4183,-0.000377575,0,-3.5,0,0.592829,-0.532797,0.603888
45.109,-22.6493,71.3227,-2.28657,-0.227193,-3.5,0,-0.138333,0.453059,-0.880682
42.7643,-51.6665,75.2702,-0.230122,0,-4.02695,0,-0.347647,-0.866846,0.357378
17.442,-53.1888,56.6637,-0.170917,0,1.8,0,0.300421,-0.0272218,-0.953418
63.3923,-37.733,65.3285,0.350574,0,-3.9,0,0.589392,-0.44021,-0.677371
50.491,-32.155,78.031,-0.247422,0,3.8,0,0.372108,0.92179,0.108801
4.45262,-54.823,64.9464,-0.103565,-0.0651357,3.83153,0,-0.510254,-0.741993,-0.434841
33.8993,-32.415,63.5236,-0.420537,0,-0.7,0,-0.97633,-0.103262,-0.190043
32.2385,-66.023,70.6534,-0.238846,0,2.5,0,-0.387062,-0.361642,0.848173
54.6333,-27.9492,59.2998,-0.62032,-0.404986,2.5,0,0.874903,0.320795,-0.362815
9.10375,-64.9559,74.9475,-0.145423,0,3.8,0,-0.695709,-0.673623,0.249441
37.0075,-24.7003,69.1837,-0.227085,0,-0.7,0,-0.416331,-0.151915,0.896432
38.1932,-21.5462,74.9092,0.558928,0.0505717,-0.8,0,0.133449,-0.534429,0.834612
17.8529,-65.0029,60.0308,-1.61896,-0.430304,-3.5,0,-0.873792,0.0239894,-0.485708
3.46837,-52.1904,49.1489,0.0481227,0.0492711,-3.5,0,-0.219329,-0.303819,-0.92714
15.9187,-46.4306,67.985,-1.58514,-0.201883,-1.96241,1,0.0260684,0.838962,0.543566
47.5614,-21.4669,74.0179,-1.46821,-0.473304,-3.5,0,0.521094,0.627909,0.578093
36.9339,-40.7484,77.5549,-0.655051,-0.565966,-3.5,0,-0.0475436,0.431108,0.901047
32.6623,-47.0768,67.9867,0.0602283,0,-3.5,0,-0.378811,-0.281994,0.881465
53.7605,-32.2975,60.312,-0.296612,-0.760613,3.8,0,0.476333,-0.221708,-0.850854
36.9458,-55.625,69.691,-0.953356,0,3.8,0,-0.625285,0.227274,0.746569
43.8582,-72.3271,61.4342,0.384388,0.0384942,-3.5,0,0.308771,-0.779298,0.545303
54.4123,-26.572,61.1393,-0.94004,-0.399911,2.5,0,0.332488,0.943028,0.0122535
26.3784,-69.0519,63.9497,-1.74531,-0.0968086,-3.5,0,-0.772237,-0.604227,-0.196367
49.0759,-27.213,72.2176,-0.762506,0,3.23317,0,0.740647,-0.023973,0.671466
25.3806,-59.9445,71.0604,-0.121197,0,-3.28677,0,0.237052,0.717333,0.655164
44.2594,-17.8092,64.2635,0.369082,0,-3.5,0,0.206353,0.397059,-0.894294
36.6247,-22.4757,71.777,-0.205012,0,-0.8,0,-0.686331,-0.726703,-0.0291896
46.8192,-60.4005,51.4465,-0.0790888,0,-0.8,0,0.339903,-0.670219,-0.659752
46.3045,-61.8515,56.2365,-0.945865,-0.080366,-3.5,0,-0.0565699,-0.899697,-0.432833
33.4526,-66.4638,56.2848,-1.62146,-0.447248,-3.5,0,-0.792365,-0.606669,-0.0641129
34.5985,-46.7352,53.6247,0.325711,0,-4.5,0,0.0167247,-0.834775,-0.550337
44.1758,-51.3218,76.0495,-0.0393925,0,-4.5,0,-0.350998,-0.765982,0.538583
31.7196,-45.7671,48.9951,0.584811,0,-4.5,0,0.598012,-0.504076,-0.623129
47.7,-33.2188,55.3855,-0.48151,-0.341147,-0.7,0,0.369305,-0.480222,-0.795614
51.2975,-66.5595,62.1945,-0.360418,0,-3.2,0,0.427555,-0.900755,0.0763945
20.0995,-50.4118,56.7705,-0.202315,0,-3.5,0,-0.0199286,0.828292,-0.559942
45.7985,-65.921,74.0809,-0.654727,0,1.53914,0,0.169887,0.495153,0.852034
35.2614,-56.3485,52.0519,-0.459864,-0.384018,-3.27905,0,-0.450316,0.382576,-0.806753
47.9149,-57.2912,65.0029,0.213868,0.623463,-2.58606,0,0.0779403,-0.922943,-0.376964
8.86137,-54.067,50.9212,-0.197946,0,4.2,0,0.462813,0.586417,-0.664771
-4.05025,-45.8684,65.6406,0.336307,0.115308,-3.5,0,-0.897891,-0.392585,0.19917
61.5494,-42.492,77.524,-0.851593,-0.7005,-3.5,0,0.928022,0.370827,-0.0355303
12.6038,-36.101,62.273,-1.24775,0,-3.5,0,0.0308036,0.933255,0.357891
26.7395,-67.6926,71.6367,-0.803971,-0.0461228,-3.3471,0,0.253001,0.361133,0.897537
40.8741,-69.3669,76.7095,-0.117551,0,3.8,0,-0.688318,-0.708034,-0.157814
27.0128,-58.3925,70.477,0.834834,0.361556,4.2,0,-0.197728,0.312223,0.929204
31.1618,-65.8597,60.4355,0.263785,0.41002,-0.0596641,0,-0.811406,-0.160682,-0.561963
32.0773,-75.1768,67.5111,-0.235351,0,-0.7,0,0.0157582,-0.818193,-0.574727
54.4615,-36.757,73.284,-1.87,-0.0473781,-3.38105,0,-0.298279,0.938193,0.175564
43.1527,-70.0435,74.9928,0.554422,0.634196,3.8,0,-0.811496,-0.584325,0.0062255
35.6982,-26.0324,67.8808,-0.172701,0,-0.7,0,-0.759743,-0.624954,0.179509
36.5645,-40.5555,53.9515,0.0640677,0,-4.33323,0,-0.745742,0.642999,-0.174418
27.0154,-62.0648,58.2098,-0.3029,0,3.8,0,-0.436464,-0.567816,-0.697915
18.2065,-53.8355,73.3648,-0.923316,0.692244,-3.25386,0,-0.0450028,0.525021,0.849899
11.127,-34.5052,61.272,-0.759215,0,-3.2,0,0.813081,0.299922,0.498945
63.82,-36.7327,65.5638,0.717444,0,-3.9,0,0.863524,-0.427218,-0.267977
31.2151,-47.7084,60.1814,-0.354804,-0.154764,-2.51998,0,-0.207551,-0.668964,-0.713729
49.629,-42.5435,55.6097,0.352912,0.454161,-4.5,0,0.98198,-0.0757147,0.173157
25.4744,-51.4417,69.1569,-1.87659,-0.0975769,-3.5,0,0.3138,0.126385,0.94104
9.01675,-47.332,74.0423,-0.605471,-0.401282,-3.2,1,-0.136403,0.544252,0.827758
32.472,-35.9723,63.3335,-0.0569685,0,-3.9,0,-0.708505,0.46441,-0.531361
3.048,-38.1926,51.7116,0.0422853,0,-3.5,0,-0.557853,0.824838,-0.0918832
51.841,-39.9523,58.9943,0.131498,0,-3.2,0,0.00964137,0.32548,-0.9455
-10.9834,-44.2233,53.7936,0.859851,0.0342582,-4.5,0,-0.925111,-0.0552858,-0.375651
49.757,-53.3295,59.915,0.197166,-0.72875,-3.66263,0,0.804898,0.485666,-0.34098
1.60675,-46.8154,69.7579,-0.163829,0,-0.7,0,-0.485456,0.349576,0.80133
1.15775,-48.5205,70.4518,-0.173608,0,-0.7,0,-0.62313,-0.0175078,0.781923
51.3382,-32.8685,77.4461,-0.255997,0,3.8,0,0.845594,0.460725,-0.269634
41.7451,-35.9378,74.9348,-1.52652,-0.00635507,-3.5,0,0.0759494,0.467463,0.880744
7.04338,-59.027,66.9116,-0.0283478,0,-0.7,0,-0.320807,-0.936017,-0.144756
23.4802,-51.366,56.3505,-0.328976,0,-3.5,0,0.421664,0.106357,-0.900493
9.589,-64.5136,75.9341,-0.12246,0,3.8,0,-0.428631,-0.428786,0.795247
-4.677,-40.8683,51.0228,-0.41226,0,-1.3,0,-0.398662,0.179775,-0.899305
50.5019,-62.8055,63.1455,0.0136153,0,-3.2,0,0.493665,0.868328,0.0479688
17.0195,-49.1772,53.878,0.346619,0.720281,-0.8,0,0.803087,0.127989,-0.581953
34.7747,-30.6486,64.4235,-0.296462,0,-0.7,0,-0.427239,0.704125,0.567164
-1.18475,-49.2357,62.6985,-0.373285,0,1.8,0,-0.593479,-0.664627,-0.453931
49.7604,-33.7422,75.4445,-0.331489,0,3.8,0,0.116109,0.901246,-0.417461
30.677,-45.9622,48.417,0.729867,0.0384916,-4.5,0,0.176952,-0.528822,-0.830081
10.468,-50.3535,73.9635,-0.389531,0,-3.5,1,0.98374,-0.0278381,0.177427
34.5236,-25.7369,63.3781,0.275217,0.421066,-4.5,0,-0.638549,-0.707273,0.303348
61.2645,-37.2535,70.514,-1.62644,-0.232998,-2.68599,0,0.873035,0.332745,0.356497
59.7295,-39.0424,62.0402,0.52942,0,-3.9,0,0.866515,0.442434,-0.231093
20.6799,-67.4577,75.1644,-0.063513,0,-0.7,0,0.951405,-0.262919,0.160317
42.5243,-33.8872,52.7583,-0.225533,0,-2.01269,0,0.183352,0.581016,-0.792971
14.0264,-38.6335,58.7806,-0.476493,0,2.8,0,0.400576,0.26922,-0.875819
38.5983,-34.2771,56.4474,-0.781158,-0.165488,-0.4,0,-0.284159,0.574575,-0.767539
59.3575,-47.4972,77.1945,0.348599,0,-3.9,0,0.0793035,-0.884471,0.459806
51.1275,-69.745,66.2485,-0.107777,0,4.2,0,0.64687,-0.496895,-0.578493
52.7635,-57.251,66.6745,0.216051,0,-4.5,0,0.538091,-0.47806,0.694202
33.0957,-35.1461,60.7584,0.374257,0,-1.6,0,-0.572532,0.75742,0.313881
52.9755,-47.6375,59.6473,0.2387,0,-4.5,0,0.279405,-0.256142,-0.925378
51.3584,-48.047,58.525,-1.31753,-0.0194096,-3.5,0,0.860669,0.0511539,-0.506588
-6.57475,-40.9878,59.9074,-1.15444,-0.065545,-3.5,0,-0.899679,0.233808,0.368661
33.992,-46.77,68.8907,0.573053,0,3.8,0,-0.509206,-0.749134,0.423683
47.9314,-64.5687,67.7884,0.200362,0,2.5,0,0.687423,0.614796,0.38662
46.3711,-21.1146,74.4538,-2.29722,-0.0953974,-3.5,0,-0.143774,0.458339,0.877072
34.5194,-21.1585,65.3839,-0.111408,0,4.5,0,-0.518181,-0.854472,0.0369528
22.3486,-63.5104,63.59,-0.0739078,-0.181718,-0.503447,0,0.0263097,-0.998495,0.0481197
39.79,-16.2165,72.0085,-0.0763014,0,-0.7,0,-0.611553,0.759319,0.222345
12.8339,-65.2081,68.2606,-0.178183,0,4.2,0,-0.674376,-0.672004,-0.305985
30.193,-64.9015,70.4736,-0.646794,0,0.562995,0,0.0909782,-0.248533,0.964341
24.1318,-68.2722,68.6735,-0.386415,0,-0.8,0,-0.216455,-0.73687,-0.640445
19.4759,-46.6668,68.5545,-2.05157,-0.438031,-3.5,0,0.870929,0.402116,0.282463
25.517,-51.928,59.262,-1.14534,0,1.9,0,0.619546,-0.23482,-0.749014
4.74125,-55.573,71.486,-0.715522,-0.559091,-3.5,0,-0.766153,-0.395355,0.506659
30.7453,-67.3031,61.2325,0.140084,0.267614,-4.5,0,-0.612191,-0.456654,-0.645515
44.0815,-70.156,79.1851,-0.0635746,0,3.8,0,0.0408039,-0.783764,0.619717
12.0157,-60.662,76.8668,0.864828,0.501977,-3.5,0,-0.316181,0.131326,0.939565
51.609,-63.1755,55.4216,-1.32468,-0.586895,-3.5,0,0.218952,0.338965,-0.914966
11.8421,-59.7725,63.0698,0.000945229,0,-2.85776,0,-0.970943,-0.0316631,0.237209
13.181,-40.962,67.1355,-0.611269,0,1.8,0,-0.120282,-0.252818,0.960008
41.6592,-22.9902,60.44,-0.747029,0,2.69663,0,0.722026,0.620111,-0.306823
31.6995,-44.2565,56.1445,-0.186501,0,-3.9222,0,-0.758229,0.651961,0.00595781
48.8669,-24.5209,62.6326,0.0623158,0,4.5,0,0.90462,-0.213454,-0.368918
10.3953,-49.6198,74.723,-0.96707,-0.139682,-3.28347,1,0.779101,-0.00943328,0.626827
50.5385,-40.466,81.765,0.034598,0,-3.5,0,0.232413,-0.317731,0.919256
52.7523,-22.041,52.9082,3.12647,0,-3.9,0,0.434423,0.124284,-0.892093
31.8242,-45.8898,67.3118,0.252198,0.151418,-3.5,0,0.102722,0.735642,-0.669536
51.4222,-24.4718,69.8635,0.391638,0,-2.0938,0,0.734031,-0.257917,0.628233
33.5218,-71.4565,70.7038,0.288945,0.827825,-0.7,0,0.670772,-0.0957189,0.735461
37.1366,-23.5086,69.6644,-1.25837,-0.201267,-0.785142,0,-0.745847,-0.397949,0.53418
61.2261,-29.4076,62.6235,0.157726,0,3.8,0,0.710533,0.702334,-0.0432378
42.0474,-72.0224,58.7393,-0.635282,0,-3.5,0,-0.484128,-0.701276,-0.523289
35.0205,-64.6902,53.6387,-0.33631,0,-3.5,0,-0.500477,-0.459961,-0.733457
10.6532,-67.9027,75.7955,-0.511311,0,-0.9,0,-0.950285,0.1852,0.250317
-2.55975,-36.5448,67.1143,-0.58327,0,-3.5,0,0.318324,0.873202,0.369037
26.8124,-67.9076,67.245,-0.287358,-0.0201953,-1.31655,0,-0.783371,-0.442099,-0.436896
47.8265,-38.062,77.6537,-1.10614,0,3.8,0,-0.901982,-0.355224,0.245448
39.5392,-42.8182,76.8353,0.560482,0,-3.5,0,-0.0664964,-0.783352,0.618011
50.6844,-34.854,72.5543,-1.23493,-0.115183,3.8,0,0.570962,0.794176,0.208053
44.941,-72.1143,75.0742,-0.966603,0,-3.5,0,-0.903177,-0.360329,0.233313
48.2323,-23.7714,65.2048,0.00264458,0,4.5,0,0.143152,0.680685,0.718454
20.0136,-51.5132,56.2127,-0.0980675,0,-3.5,0,-0.0825744,0.13931,-0.9868
26.4511,-60.115,71.2067,0.123008,0,-2.77758,0,-0.0551926,0.637681,0.768321
46.5844,-57.4939,76.7258,-0.0375814,0,-0.7,0,0.591148,0.0760024,0.802974
-1.643,-49.6719,56.6209,-1.56546,-0.0591054,-0.7,0,-0.653608,-0.703545,0.278965
52.6838,-68.153,74.975,-0.272296,0,-0.7,0,0.876514,0.480696,-0.0255811
30.9118,-58.9215,55.2692,0.170479,0,-3.9,0,-0.742516,-0.53744,0.399785
46.2466,-73.272,72.3701,-0.828719,-0.317108,-0.506909,0,-0.521279,-0.72459,-0.450819
42.0588,-31.3349,70.2356,-0.854185,0,3.8,0,0.623211,-0.541708,0.564057
5.62138,-51.3376,78.1066,0.322846,0,-3.5,0,-0.635033,0.293527,0.714546
49.2492,-30.3542,72.0756,0.219849,0.12987,3.8,0,0.568583,-0.025208,0.822239
4.48887,-58.9966,58.3679,-1.63591,-0.23935,-0.8,0,-0.646259,-0.71753,-0.259809
7.64412,-47.6321,73.5888,-0.288486,0,-2.56786,0,-0.162603,0.16499,0.972799
4.39375,-30.854,60.77,-2.10601,-0.45705,-3.5,0,-0.136508,0.284716,0.948843
43.6081,-43.9304,79.3881,-0.090962,0,-0.7,0,-0.407958,-0.099787,0.907531
33.8609,-50.5539,60.7879,-0.338295,0,-0.575117,0,-0.835881,0.149621,-0.528126
26.92,-48.3075,66.276,-1.9606,-0.528139,-3.5,0,-0.906591,0.266219,0.327444
-8.39637,-42.7691,53.2704,-0.111107,0,-2.44353,0,-0.281513,0.21379,-0.935438
61.7762,-32.828,67.467,0.382267,0,-3.9,0,0.0269361,0.913357,0.406267
10.602,-63.4635,65.092,-0.600057,-0.0223192,-3.5,0,-0.801324,-0.357011,-0.480024
38.1686,-33.2635,70.8542,-0.509808,-0.442868,1.03209,0,-0.319682,0.706634,0.631245
-3.76975,-41.9025,65.6858,-0.877805,-0.050586,-2.45325,0,-0.701137,0.054429,0.710946
9.49212,-39.05,65.6139,-1.27906,-0.0522222,-1.35518,0,0.539823,0.185522,0.82108
32.7995,-34.3247,54.9798,-0.392826,0,-3.2,0,-0.985041,0.135588,-0.10635
30.4548,-51.0819,62.2961,-0.145817,0,-0.9,0,-0.133279,-0.102005,-0.985815
-8.44525,-46.8133,60.169,-2.02688,-0.71234,-3.5,0,-0.626964,-0.762302,-0.160659
12.608,-65.2333,69.435,-0.163363,0,4.2,0,-0.826086,-0.559871,0.0642338
11.256,-47.7335,51.6942,-0.235715,0,3.8,0,0.451038,-0.3633,-0.815216
2.74325,-32.4256,59.5736,-0.618961,-0.126964,-2.9872,0,-0.776567,0.559462,0.289736
36.7115,-47.8372,73.4846,-0.439749,-0.676029,3.4037,0,-0.134271,-0.98906,0.0610895
51.1395,-63.73,70.0619,0.66468,0,1.9,0,0.279708,0.545212,-0.790258
60.2308,-28.9561,61.7979,0.148192,0,3.8,0,0.288535,0.897963,-0.33228
48.6091,-39.9761,77.9079,-1.07899,-0.720745,-3.5,0,-0.821292,-0.443172,0.359273
38.7824,-73.4304,64.7223,0.0253809,0,-3.5,0,0.771548,-0.568377,-0.285763
6.949,-34.7259,64.8341,-1.92986,-0.881487,-3.2,0,0.25798,0.765045,0.590044
58.3545,-43.736,61.9105,-1.77257,-0.453695,-3.5,0,0.877822,0.0429625,-0.477057
55.46,-26.6301,69.904,-1.34472,-0.168878,2.5,0,0.671633,0.495219,0.55106
32.2814,-53.3433,62.2434,-0.186378,0,-0.9,0,-0.714138,-0.311435,-0.626909
37.802,-71.3394,63.5636,-0.520047,-0.0713821,-1.20497,0,-0.20801,-0.353401,-0.912052
50.0493,-23.5749,58.3381,0.130448,0,-3.9,0,-0.206239,0.57459,0.79203
49.8665,-52.7832,79.9235,0.638731,0.212985,-4.5,0,-0.172121,-0.935099,0.30978
45.7286,-34.3934,71.0263,-1.2079,0,0.953988,0,-0.66598,0.453797,0.592063
17.3605,-61.3618,59.7405,-0.0532811,0.0899254,4.5,0,-0.0350096,-0.735463,-0.67666
57.5537,-45.461,71.9241,0.464233,0,-3.5,0,0.608827,-0.693624,-0.384989
44.3555,-64.5033,59.4274,0.954255,0.100144,-4.21331,0,0.65512,0.394414,-0.644403
16.5851,-38.6705,60.0949,-1.51223,-0.0134697,-3.5,0,0.323598,-0.716739,-0.617713
14.2929,-70.4179,77.6065,-0.446074,0,-0.9,0,0.561263,-0.703148,-0.436539
28.1761,-43.5279,63.7884,-0.233736,0,-0.7,0,-0.887802,0.00949685,0.460128
45.3864,-22.2078,62.912,-0.0855217,0,4.5,0,-0.0151634,0.84056,-0.541507
20.3398,-66.906,78.2504,-0.206455,0,-0.7,0,0.78198,-0.122881,0.611071
61.6115,-41.2313,66.211,-0.148996,0,-1.6,0,0.599905,-0.21369,-0.771006
56.7412,-50.808,66.1619,-0.0655548,0,-3.5,0,0.579467,-0.703708,0.411112
24.2035,-62.398,73.6905,0.458607,0.553611,3.8,0,0.294705,0.00354746,0.955582
44.8138,-66.395,55.5918,0.795753,0,-4.5,0,0.954539,-0.0763798,-0.288136
2.37375,-39.4635,50.2248,-0.72415,0,-3.5,0,-0.877733,-0.0552371,-0.475956
-4.0345,-45.3853,67.2865,-0.242479,0,-3.5,0,-0.997382,-0.0707306,-0.0150472
17.0193,-61.0686,63.8254,-1.2488,0,-3.5,0,-0.757469,-0.637545,-0.140631
32.6066,-36.8877,61.8365,-0.0537837,0,-1.6,0,-0.933956,0.243173,0.261903
24.0737,-58.167,70.8329,-0.274957,-0.472795,2.51424,0,0.607065,0.443241,0.659553
47.1188,-43.8146,51.4439,1.00792,0.904296,-4.5,0,-0.163574,-0.605019,-0.779228
17.9107,-46.1548,60.2695,-0.494325,-0.926743,-0.7,0,0.769618,0.490137,-0.409212
48.5701,-32.8414,79.2966,-0.270347,0,3.8,0,-0.636908,0.513274,0.575237
-5.305,-47.393,59.6195,-1.44633,-0.27569,-3.5,0,0.253514,-0.882677,-0.395743
34.5575,-51.08,54.683,-1.51035,-0.788706,-3.5,0,-0.133023,0.840833,0.524694
-0.839,-37.769,63.8285,-1.48629,-0.0336342,-3.5,0,0.0885333,0.961453,-0.260328
45.46,-65.1598,59.0435,0.97187,0,3.8,0,-0.088604,0.747435,-0.658399
0.3605,-39.6,51.9045,-1.77588,-0.597469,4.2,0,-0.0599494,0.520678,-0.851646
64.4514,-35.4376,67.2901,0.285435,0,-3.9,0,0.957422,-0.070699,0.2799
44.6958,-48.7781,52.5388,-0.537906,0,-3.5,0,0.665346,0.188467,-0.722354
50.6534,-25.0408,53.8006,0.368804,0,-3.9,0,0.129706,-0.6147,-0.778024
50.1394,-45.3565,79.674,0.434248,0,-3.5,0,-0.133958,0.88707,0.441771
45.0441,-53.1544,49.756,-0.590983,-0.588498,-3.5,0,0.703098,0.109703,-0.70258
30.8878,-35.6577,64.6172,0.0721345,0,-3.9,0,-0.544239,-0.049864,-0.837447
52.8199,-50.8672,78.879,1.21178,0.850437,-4.5,0,0.896612,0.250535,0.365128
33.0805,-62.746,72.479,0.00125792,0,2.5,0,-0.10672,0.0248761,0.993978
16.8661,-54.9582,56.28,-0.465183,-0.138377,1.04448,0,0.0872641,-0.331519,-0.939404
49.5811,-30.7847,53.6242,0.450774,-0.269832,-0.7,0,0.754013,-0.171092,-0.634187
49.3399,-73.3451,75.7732,-1.05899,-0.941544,-3.5,0,0.6471,-0.746559,0.154633
33.1124,-74.6696,67.356,-0.243389,0,-0.7,0,0.314758,-0.836336,-0.448853
54.9658,-36.4065,74.9225,-0.631636,0,-0.4,0,-0.19728,0.979226,-0.0468759
44.3893,-29.5131,75.2836,-0.411328,0,3.8,1,-0.690959,-0.183332,0.69926
39.9408,-63.234,73.355,-0.812925,0,-0.8,0,0.246461,0.311386,0.917767
37.9253,-70.5462,68.885,-0.416472,0,3.19104,0,0.745258,-0.273368,0.608162
15.4958,-45.6862,56.2873,-0.57113,0,3.8,0,0.683609,0.699419,0.208547
42.4939,-48.567,77.9546,-0.825678,-0.100915,-3.5,0,0.162646,-0.272649,0.948266
55.806,-52.4385,65.6195,-0.192237,0.622916,-4.5,0,0.751118,-0.142424,0.644622
27.7943,-45.07,71.761,0.717144,0.191464,-4.5,0,-0.380719,-0.798492,-0.46633
30.4414,-44.7766,68.3186,0.179813,0.0909113,-4.31918,0,-0.528206,0.645742,-0.551376
-5.26825,-36.7389,66.2848,0.278733,0.836796,-3.5,0,-0.846311,0.483656,-0.223237
52.3205,-69.5815,73.0245,-1.19788,-0.405745,-0.7,0,0.941829,-0.0521477,-0.332022
11.7222,-36.8261,63.3672,-0.796171,0,-3.5,0,-0.0166062,0.885647,0.464062
12.1716,-64.2009,67.3378,-0.214154,0,1.85711,0,-0.656595,-0.689066,0.30671
15.9572,-39.8633,67.8931,-0.422915,0,1.8,0,0.0345296,0.0467853,0.998308
18.6686,-58.1386,58.4356,-0.334073,0,4.5,0,0.202796,-0.416746,-0.886113
62.5626,-39.1024,66.0225,0.193629,0,-3.9,0,0.656575,-0.465083,-0.593807
45.4609,-35.471,72.6729,-0.805533,0,2.8,0,-0.329325,0.800623,0.500547
48.2306,-33.6214,75.94,-0.448036,0,3.8,0,-0.643954,0.691114,-0.328154
13.9493,-40.82,58.1323,-0.655937,0,2.8,0,0.832966,0.0413219,-0.551779
30.8345,-52.009,71.0817,-1.9074,-0.238173,-3.5,0,0.344559,-0.140185,0.928239
47.3729,-37.9216,55.349,0.0977716,0,-0.8,0,0.0291871,0.290552,-0.956414
21.3841,-49.846,57.5493,0.19189,0.779122,-3.5,0,-0.302317,0.931625,-0.201691
38.9815,-39.8026,53.8755,-0.255919,0,-4.38016,0,0.0903776,0.332242,-0.938854
27.1731,-65.1669,71.0813,-0.764499,0,-2.48148,0,0.380718,-0.291206,0.877641
42.783,-15.0634,69.7315,-0.052385,0,-0.7,0,-0.246345,0.960256,-0.131235
38.8442,-31.8321,70.4169,-0.272446,0,3.8,0,-0.538395,0.21605,0.814526
53.4007,-43.6025,58.5337,-0.0545859,0.18548,-3.2,0,-0.118239,-0.29348,-0.948625
41.138,-55.036,49.2381,0.727271,0.0403785,-3.5,0,-0.307779,0.599958,-0.738459
28.8395,-44.663,52.9425,0.414002,0.230197,-4.5,0,-0.60625,0.515114,0.605903
37.2702,-64.913,53.906,-0.140889,0,-3.5,0,0.0263655,-0.527483,-0.849156
32.9702,-35.5216,55.7114,-0.335693,0,-3.2,0,-0.993519,-0.0805892,0.0801568
-6.178,-44.0965,51.8659,-0.513421,0,-1.3,0,-0.37201,-0.354872,-0.857715
44.728,-40.3957,74.1185,-1.40774,-0.654223,-0.824944,0,0.576616,0.385276,0.720469
60.1512,-38.7415,75.2394,0.341871,0.595041,-3.5,0,0.884819,0.442867,0.144787
37.5257,-23.1243,59.4066,-0.288943,0.370403,-4.23476,0,-0.0155183,0.11025,-0.993783
37.517,-50.4297,69.5629,0.391255,0.732559,-0.0181368,0,-0.00539397,-0.0532286,0.998568
45.6126,-28.1889,54.0444,-0.161371,0,-0.7,0,-0.60683,0.566398,-0.557629
59.8158,-29.3307,72.462,0.0422273,0,1.8,0,0.858438,0.412583,0.304728
45.8435,-54.4365,55.1003,-0.14023,0,-3.5,0,0.630447,0.226624,-0.742414
-6.21675,-39.2234,61.3908,-0.554885,0,-0.4,0,-0.937038,0.337738,0.0888421
18.069,-44.8245,65.8087,-0.44462,0,-0.7,0,0.257062,0.7358,0.626513
11.5583,-70.4997,76.7106,0.20391,0.22824,-0.9,0,-0.587684,-0.805827,-0.0726009
30.1446,-45.1456,71.648,0.423921,0,-4.5,0,-0.226244,-0.949199,-0.218714
33.5107,-48.3471,75.301,0.0511613,0,-1.6,0,-0.0914837,-0.786345,0.610976
10.2517,-58.8221,58.2651,-0.735264,0.094562,4.2,0,0.163127,-0.32172,-0.932677
42.3978,-51.7433,72.078,-0.226652,0,-2.71661,0,-0.97016,0.0425289,0.238705
17.581,-68.311,73.1497,0.0250368,0.21249,-1.8126,0,-0.402468,-0.906415,-0.128182
43.0255,-62.8592,55.9569,0.289455,0,-3.5,0,0.975669,0.128983,-0.177297
45.3306,-61.6356,52.1476,-1.42874,-0.452575,-3.5,0,0.442016,-0.716862,-0.539195
50.8544,-20.84,55.1509,2.15901,0.423821,-3.9,0,-0.378545,0.855856,0.352439
12.369,-51.5255,71.4015,-0.0475121,0,4.5,1,0.116408,0.597833,0.793123
42.7141,-24.6646,55.8674,-0.559087,0,-3.5,0,-0.125583,0.277442,-0.952499
0.675,-34.6107,57.6176,0.0341148,0.0268018,-0.8,0,-0.0737645,0.996658,0.035107
61.637,-43.5785,71.854,0.163485,0,-1.6,0,0.0238001,-0.767744,0.640314
17.6152,-65.6545,61.023,-1.87085,-0.451888,-3.5,0,-0.985355,-0.169761,-0.0160327
47.1964,-74.6084,73.0423,-1.61699,-0.0340577,-3.5,0,0.360726,-0.71303,-0.60122
39.2464,-48.3913,74.4833,0.0612788,0.221743,-3.13346,0,-0.690552,-0.702776,0.17101
1.58438,-56.1399,57.129,0.186714,0,-3.2,0,-0.650484,-0.0654045,-0.756699
37.4579,-17.266,65.314,0.0729357,0,4.5,0,0.392942,0.533438,-0.749026
51.6129,-23.9036,53.4805,1.83651,0.335293,-3.9,0,0.184068,-0.569742,-0.800945
30.2215,-47.8198,68.1683,-0.044738,0,-3.5,0,0.128409,0.255919,0.958132
45.6101,-73.9301,73.2345,-2.06748,-0.667181,-3.5,0,-0.607837,-0.464634,-0.643933
40.9142,-19.2121,72.4931,1.10638,0,-0.7,0,0.0406542,-0.0709598,0.99665
48.8889,-64.7424,67.1458,0.261757,0,2.17774,0,0.348406,0.680976,0.644116
10.5419,-63.6489,66.2172,-1.02375,-0.48901,-3.5,0,-0.755286,-0.600484,0.262606
57.0228,-44.9222,79.8562,0.376971,0.138521,-3.5,0,0.4217,-0.700044,0.576287
51.8824,-67.7129,77.1556,-0.183336,0,-0.7,0,0.537354,0.786083,0.30549
46.9114,-62.0249,68.0934,-0.015383,0,2.5,0,0.97765,0.0109565,0.209951
50.2075,-52.5177,57.642,0.0812159,0,-4.5,0,0.996584,0.0696797,0.0443351
23.1042,-53.5794,72.1345,-0.824238,0,-3.5,0,0.875198,0.230711,0.425206
37.0425,-54.8161,51.4142,-0.767819,-0.543025,-0.4,0,-0.376987,0.558672,-0.73876
16.1096,-37.3031,59.3705,-1.9315,-0.799418,-3.5,0,-0.0372846,-0.0523605,-0.997932
16.716,-65.9228,64.6945,0.680335,0.699771,-0.8,0,-0.420128,-0.890449,-0.174908
15.5162,-60.1099,58.357,-1.75898,-0.565121,4.5,0,-0.14818,-0.191965,-0.97015
49.2941,-44.2395,53.6486,0.986278,0.0290839,-4.5,0,0.867142,-0.291342,-0.403962
16.125,-61.658,60.883,-0.210883,-0.993006,-0.8,0,-0.0313685,-0.994833,-0.0965544
33.0182,-40.4586,57.72,-0.669699,-0.866913,-1.6,0,-0.784662,-0.127938,-0.606579
34.2285,-32.9194,71.4089,-2.10017,-0.133997,-3.5,0,-0.00108944,0.900087,0.435709
42.9118,-35.4927,51.1485,0.745791,0.802913,-3.5,0,0.251369,0.348458,-0.90299
35.8802,-21.8923,65.183,-0.174369,-0.143752,4.5,0,-0.728375,-0.423209,-0.538855
51.9805,-66.37,72.1781,-0.655886,0,1.9,0,0.942425,-0.334415,-0.000989847
56.6191,-29.4002,65.7689,-0.413901,0,2.5,0,0.702132,0.70799,0.0758941
-4.8325,-46.3469,58.6937,-0.585261,0.506707,-4.05815,0,-0.083692,-0.94265,-0.32312
-7.9265,-40.9389,56.7018,0.465735,0.191703,-4.5,0,0.096269,0.995344,0.00480789
7.91725,-38.973,67.1348,-1.97721,-0.353525,-2.2583,0,0.555876,0.581318,0.594198
47.7555,-45.5729,79.4554,-0.119574,-0.0263958,-3.5,0,-0.407512,0.55599,0.724437
33.0149,-64.258,57.295,-0.87094,0,0.733881,0,-0.725108,0.0656631,-0.685498
-6.71675,-46.4656,53.586,-0.785751,-0.0614678,-1.3,0,-0.459771,-0.760683,-0.458226
54.4365,-24.8799,66.69,2.05356,0.536062,2.5,0,0.83707,0.498081,-0.226339
6.35763,-47.6665,71.9996,-0.512039,0,-0.7,0,-0.370937,-0.85253,0.368237
45.25,-44.3635,79.3534,-0.141252,0,-0.7,0,0.186142,-0.279353,0.941973
6.725,-47.9855,73.3005,-0.335871,-0.0469106,-2.10442,0,-0.766199,-0.360332,0.532072
27.7638,-42.8005,70.8476,0.72572,0,-4.5,0,-0.834137,0.373748,-0.40562
31.8355,-73.6628,71.5257,-1.23948,-0.910038,-0.7,0,0.220785,-0.651826,0.725519
43.3343,-72.7274,59.1572,-0.154044,0,-3.5,0,-0.147688,-0.886437,-0.438655
36.1167,-25.9505,64.9242,0.0469375,0,-0.7,0,-0.542825,-0.819277,0.184734
49.034,-40.0355,57.1115,0.571052,0,-4.5,0,0.992562,0.120425,0.0178358
2.164,-52.8078,60.3545,-0.254769,0,2.04843,0,-0.990368,0.138399,0.00414068
1.44575,-54.3844,69.7206,0.292716,0.40121,-3.5,0,-0.961033,-0.211503,0.177992
6.819,-33.225,62.0855,-0.385785,0,-3.2,0,-0.267401,0.557951,0.785613
6.63037,-51.0056,78.8015,0.512753,0.422479,-3.5,0,-0.26939,0.449574,0.851652
41.0525,-68.7527,75.7432,-0.0821727,0,3.8,0,-0.609176,-0.427642,-0.667853
51.6989,-49.6449,56.7545,0.512051,0,-4.5,0,0.955407,-0.0829351,0.283408
29.5115,-73.5255,68.9885,-0.152733,0,-0.7,0,-0.756803,-0.607584,-0.24102
37.8968,-62.7786,51.6857,-1.19898,-0.367959,-3.5,0,0.573452,-0.163525,-0.802753
28.5936,-45.6125,60.442,-1.02558,-0.166959,-1.76842,0,-0.942482,0.0536079,-0.329929
3.3645,-31.384,60.408,-1.89559,-0.417113,-3.5,0,-0.803566,0.195304,0.562262
3.12687,-52.9823,71.1021,-1.06772,-0.203836,-3.5,0,-0.709887,0.405751,0.575697
11.485,-70.0155,78.848,-0.0769133,0,-0.9,0,-0.913508,-0.205475,0.351118
43.4515,-27.7927,73.2318,-0.432088,0,3.8,1,-0.724675,0.383222,0.572702
38.8425,-25.2052,69.4999,0.173529,0,1.53729,1,-0.500331,-0.152248,0.852344
44.9855,-55.0036,74.6026,0.707577,0.485194,-0.7,0,-0.303118,0.690843,0.656396
50.721,-71.0135,68.533,0.751465,0.830886,4.2,0,0.576801,-0.780945,-0.239635
0.134375,-37.2605,62.1529,-0.835841,0,-0.7,0,-0.609184,0.606391,0.511063
26.295,-68.1069,65.0924,-1.78859,-0.873368,-3.5,0,-0.844368,-0.439464,0.306455
45.7039,-53.1717,51.089,-0.755962,0,-3.5,0,0.957521,0.277776,-0.0774133
52.0481,-64.6275,73.072,-0.355705,0,1.9,0,0.743987,0.314139,0.589745
35.6119,-34.0584,54.0831,-0.722489,0,-3.2,0,0.52075,0.570288,-0.635288
58.2832,-47.2332,63.2,-0.627103,-0.527651,-3.5,0,0.906949,-0.394364,-0.148052
51.2505,-48.7914,54.5841,0.701782,0.402815,-4.5,0,0.828172,0.489849,-0.272359
46.226,-26.4333,58.2515,-0.898302,-0.457485,-3.9,0,0.303141,0.872114,0.384087
53.724,-21.921,66.7085,3.69342,0,-0.4,0,0.689922,0.7196,-0.0786299
52.599,-41.4142,57.9936,0.661935,0,-3.2,0,0.0672762,0.0381298,-0.997006
33.1715,-34.7422,53.4076,1.53126,0,-3.2,0,-0.782137,0.0969044,-0.615525
34.0436,-46.1158,76.08,0.488729,0,-1.6,0,-0.253383,0.142285,0.956845
22.255,-61.1987,60.4646,-1.54471,-0.547156,-1.77843,0,0.276207,-0.270207,-0.922333
14.3422,-44.2166,66.269,0.127565,0.450118,4.2,0,0.169284,0.49342,0.853158
32.8476,-69.2951,65.5762,-1.4036,-0.261517,4.5,0,-0.368266,-0.29348,-0.882185
15.869,-67.5165,72.898,-1.00402,-0.243448,-0.7,0,-0.584182,-0.798644,-0.144569
33.151,-33.2555,65.2295,-0.27883,0,-3.9,0,-0.167923,0.882598,-0.439116
-5.14525,-38.6146,52.901,-2.00046,-0.0678173,-1.3,0,-0.802453,0.308625,-0.510706
27.0893,-69.7079,73.7678,-1.54801,-0.12994,-3.5,0,0.336742,0.544659,0.768083
13.5036,-66.6977,68.9504,-0.204631,0,4.2,0,-0.535913,-0.818127,-0.208486
38.6027,-72.5126,63.6172,-0.228699,0,-3.5,0,0.236278,-0.452773,-0.85975
24.7949,-68.6777,69.623,0.131281,0,-0.8,0,-0.457884,-0.842262,-0.284495
57.8399,-49.9796,63.5095,0.0890143,0,-3.5,0,0.93285,-0.325915,-0.15353
37.7075,-70.0045,62.434,-1.28239,0,1.9,0,-0.402693,-0.590342,-0.699525
56.4805,-53.7665,63.0742,0.0951174,0,-4.5,0,0.984542,0.0910556,-0.149619
58.3573,-35.596,74.2042,-2.36474,-0.685247,-3.5,0,0.154757,0.822183,0.547782
10.1025,-59.3129,67.6363,0.043007,0,1.12194,0,-0.788293,-0.597199,-0.148146
7.71012,-59.8855,75.528,-1.74002,-0.289228,-3.5,0,-0.790986,-0.303875,0.531037
16.5987,-62.268,77.9325,-1.98163,-0.148077,-3.5,0,0.559333,-0.190841,0.806676
34.9188,-39.9834,76.4056,0.184542,0,-3.5,0,-0.759449,0.451227,0.468649
48.9992,-61.7314,63.0736,0.471411,0.0202649,-3.2,0,0.838612,0.513148,0.182781
6.72687,-46.0441,73.951,-0.271352,0,-0.7,0,0.0759516,-0.112539,0.99074
32.1922,-43.1101,51.8065,0.327545,0,-4.5,0,0.0464883,0.964795,-0.258862
23.9345,-59.315,72.9635,-1.15924,-0.318973,3.8,0,0.643028,0.45443,0.616448
50.494,-49.2214,80.559,0.0629407,0,-4.35693,0,7.82664e-05,-0.348512,0.937304
40.5033,-30.4879,57.4939,-1.74809,-0.460351,-3.64488,0,-0.307258,0.183472,-0.933772
17.2005,-51.564,71.0775,-2.10133,-0.334398,4.2,1,-0.14353,0.555768,0.818854
45.6969,-41.8759,75.9074,-1.27484,-0.099958,-0.7,0,0.415716,0.830114,0.371606
16.1877,-52.0685,55.315,-1.03447,-0.771716,-0.8,0,0.562624,-0.529247,-0.6351
48.251,-32.5816,77.3154,-0.374317,0,3.8,0,-0.594618,0.766428,-0.242938
36.9955,-20.8374,74.7519,0.543391,0.858491,-0.8,0,-0.732863,-0.106595,0.671975
38.6399,-71.3077,67.4451,0.300226,0.0239384,-3.5,0,0.830266,-0.200024,0.52024
23.217,-60.3192,73.4482,-0.97524,-0.113744,3.8,0,0.433331,0.309609,0.846384
48.2394,-54.0144,75.1631,-1.07703,-0.857591,-4.5,0,0.102064,-0.572252,0.813701
46.9489,-57.6801,49.9201,-0.0207855,0,-0.8,0,0.16437,-0.0369735,-0.985706
22.5187,-61.3019,74.591,-0.25153,0,3.8,0,0.566149,0.218695,0.794763
40.3649,-69.6744,67.1116,0.474831,0.370676,-1.45099,0,-0.00868512,-0.251965,0.967697
34.3631,-70.4641,70.4014,0.418655,0.120526,0.152686,0,0.307994,-0.372959,0.875238
40.0369,-49.9156,75.6237,0.335486,0,-3.5,0,-0.750762,-0.659427,0.0388982
33.037,-33.3225,70.859,-1.36938,-0.0615601,-3.5,0,-0.679298,0.733643,0.0179465
40.8698,-41.7882,78.6397,0.910685,0.738261,-3.5,0,-0.070558,-0.199878,0.977277
5.35875,-56.7415,73.0003,-1.51247,-0.0350424,-3.5,0,-0.812355,-0.128188,0.5689
17.6895,-36.0137,60.33,-2.10066,-0.34032,-3.5,0,0.598602,0.753328,-0.272347
1.7465,-39.7212,51.5137,-0.5426,-0.0755442,1.48002,0,-0.663624,0.399162,-0.632671
37.354,-34.6936,77.3731,-0.225978,0,4.2,0,-0.114411,0.327188,0.938007
48.4119,-60.6244,69.8581,0.723804,0,1.49841,0,0.331777,-0.847768,-0.413779
61.0081,-44.4619,67.8958,0.145027,0,-3.17548,0,0.854361,-0.507306,-0.112728
42.6186,-67.7067,73.0569,-0.19914,0,-3.5,0,-0.922909,-0.320127,0.213909
45.7715,-60.1196,78.0686,0.706263,0.731352,-3.5,0,0.135149,0.393479,0.909345
56.1769,-46.5947,76.7571,0.519057,0,-3.9,0,0.126135,-0.616853,0.776906
44.4256,-18.1502,68.263,-0.270698,0,-2.16107,0,0.834991,-0.454166,0.310681
25.7518,-70.0369,73.6612,-1.69541,-0.187829,-3.5,0,-0.556667,0.340226,0.75787
20.7114,-53.0609,73.353,-1.76778,0,-3.5,0,0.0394199,-0.0488468,0.998028
42.3475,-49.0036,46.3486,0.340538,0,2.8,0,0.276206,-0.219472,-0.935704
33.9274,-37.7876,71.7841,-1.7817,-0.207354,-2.55735,0,-0.752044,-0.243844,0.612347
15.6903,-45.5904,52.4081,-0.298968,0,3.8,0,0.358771,0.564717,-0.743222
34.273,-34.865,52.875,0.295119,0,-3.2,0,0.0157959,0.349567,-0.936778
48.7875,-64.4443,57.637,0.467065,0,-3.5,0,-0.353793,-0.394567,-0.848026
62.3935,-40.4948,78.9535,-1.4742,-0.799963,-3.5,0,0.979193,0.0657193,0.191993
-0.71075,-35.8177,60.1605,-0.837452,-0.0704351,-0.914857,0,-0.427826,0.623764,0.654128
61.732,-43.973,76.0957,1.64872,0.342943,-3.9,0,0.512073,0.51113,-0.69031
2.22813,-51.2499,68.9216,-0.363556,0,3.87399,0,-0.467256,-0.110771,0.877155
10.124,-62.0125,71.0606,0.084614,0,3.8,0,-0.699001,0.149843,-0.699245
28.294,-68.386,62.3635,-1.63143,-0.0632646,-3.5,0,0.171426,-0.719442,-0.673064
-6.586,-40.2561,58.6776,-1.061,-0.772799,-3.5,0,-0.74213,0.642916,-0.189478
12.2942,-47.1759,72.5977,-0.298331,0,-3.2,1,0.658404,0.459514,0.596114
2.6965,-36.798,70.4641,-0.334147,0,4.5,0,-0.312088,0.534733,0.785278
37.4475,-56.15,72.233,0.413729,-0.0356389,-0.7,0,-0.76456,0.596114,0.245146
62.4414,-43.7922,70.8043,0.19436,0,-1.6,0,0.275267,-0.900916,0.335527
33.0985,-36.1765,54.5645,-0.0369988,0,-3.2,0,-0.874157,-0.436308,-0.213273
28.8195,-44.1871,60.1717,-0.331853,0,-0.7,0,-0.835906,0.113533,-0.537002
2.16062,-55.298,70.3968,0.520744,0.430004,-3.5,0,-0.471407,-0.756174,0.453847
52.5885,-27.046,60.7062,-0.566316,-0.0040404,2.18957,0,-0.166993,0.971392,0.168853
33.5904,-32.7861,56.2253,-0.376188,0.84002,-3.2,0,-0.443881,0.850673,0.281646
20.2677,-68.0098,77.6478,-0.220614,0,-0.7,0,0.65542,-0.685089,0.317927
26.952,-74.3061,71.3174,0.494431,0.723779,-3.5,0,0.069216,-0.909242,-0.410473
13.7747,-63.3978,60.2836,0.0450571,-0.216924,-0.8,0,0.302608,-0.761419,-0.573298
19.9015,-50.35,70.3012,-1.02465,-0.188502,-3.5,0,0.23199,0.836371,0.496653
33.0389,-65.0994,56.577,-1.59039,-0.267033,-3.5,0,-0.982003,0.00380942,-0.188829
42.744,-30.7309,56.2046,-0.853532,0,-0.836194,0,-0.699505,0.431755,-0.569456
49.168,-60.697,54.618,-0.399717,-0.545016,-0.8,0,0.446327,-0.82186,-0.354031
42.873,-30.654,68.7935,-0.765512,0,3.8,0,0.550144,-0.445607,0.706241
37.2279,-66.8051,71.4191,0.01544,0,3.69198,0,0.0570666,-0.425823,0.903005
59.6474,-40.9179,61.0444,0.35093,0,-3.9,0,0.908136,-0.367383,-0.200797
42.968,-17.7847,64.012,0.157493,0,-3.5,0,-0.260499,0.64308,-0.720131
36.9361,-33.8158,73.881,-0.376289,0,4.2,1,-0.368796,0.851303,-0.373193
35.3995,-46.176,53.0742,-0.281122,0,-4.5,0,0.11793,-0.786909,-0.605695
39.1635,-48.7318,50.23,-0.255688,0,2.8,0,-0.607946,-0.77457,-0.174481
25.8985,-51.1725,64.6164,-0.950928,-0.423386,-3.5,0,-0.45035,0.886594,-0.105526
46.7255,-71.0427,78.2718,-0.476683,0,-3.5,0,-0.187371,-0.457471,0.86926
47.3305,-60.81,75.5765,0.876268,0.721206,-3.5,0,0.982608,-0.183866,0.0259828
41.8255,-24.8342,71.6708,-0.385656,0,4.5,1,-0.185546,0.19701,0.962683
40.3351,-66.597,76.896,-0.247914,0,3.8,0,-0.886902,0.461948,-0.00289568
11.5941,-35.4922,61.3828,-1.12538,0,-3.4344,0,0.539559,0.75334,0.375971
41.2298,-45.9535,76.7142,-0.0593479,0.0124627,-1.75214,0,-0.820812,0.496232,0.282879
53.9399,-23.3585,66.4686,7.51904,0.116218,0.135064,0,0.868487,0.246187,-0.430258
47.8076,-51.0504,80.33,0.865426,0,-4.5,0,-0.259876,-0.0103735,0.965586
-4.84,-46.9492,61.4033,-1.44262,-0.460954,-3.5,0,0.131081,-0.951505,0.278308
57.581,-34.2617,62.7645,0.720872,0,-1.51157,0,0.736768,-0.641429,0.213874
-5.41813,-46.8022,53.9576,-1.32131,-0.744741,-1.3,0,0.0946169,-0.987263,-0.127904
49.4016,-67.8725,76.0413,-0.0768676,0,-0.7,0,-0.247116,0.891403,0.379914
38.9064,-65.5553,56.4741,-0.378511,0,-4.10554,0,-0.0255107,-0.971971,0.233714
35.4179,-45.239,76.3235,0.156891,0,-2.87213,0,-0.145391,-0.0234424,0.989096
51.6385,-55.1615,70.528,-0.712356,-0.370517,-3.21266,0,0.922301,-0.382503,0.0552543
7.85437,-58.4031,75.4268,-0.980062,-0.741232,-3.5,0,-0.574083,0.144033,0.806029
37.514,-39.7072,76.5536,0.0507954,0.044217,-3.5,0,0.13968,0.504146,0.852248
25.2705,-64.3832,72.6975,0.359963,0,-1.6,0,-0.117263,-0.547214,0.828738
-0.20875,-38.1328,68.4316,-0.397703,0,4.5,0,-0.513273,0.296826,0.805261
42.9345,-58.9967,49.4113,0.248762,0,-3.5,0,0.498827,-0.276598,-0.82138
30.8452,-38.6189,63.8444,-1.53122,0,1.8,0,-0.952268,0.199807,-0.230786
11.1298,-57.2095,58.0855,-0.124964,0,4.2,0,0.27432,-0.260795,-0.9256
48.7596,-58.0405,52.6264,-0.163387,0,-0.8,0,0.979236,0.171159,-0.108638
41.0765,-19.4618,60.394,-1.77087,-0.0922674,-3.5,0,0.145109,0.979008,-0.143129
7.75225,-57.906,62.9735,-0.0105511,-0.233243,-0.731912,0,0.347981,-0.904157,0.247809
24.5448,-68.7188,71.3211,1.09865,0.910583,-0.8,0,-0.636665,-0.635303,0.43709
17.1197,-45.939,67.171,-1.13665,-0.0737408,-2.60504,0,-0.049955,0.863214,0.50236
47.707,-48.1261,80.8144,-1.4917,-0.199779,-3.5,0,-0.648154,-0.321199,0.690455
59.8921,-30.5147,70.5009,0.642782,0.0604458,0.00646349,0,0.940744,0.276575,-0.196234
27.9626,-44.4581,75.8691,0.329733,0.0884641,-4.5,0,-0.418914,0.309507,0.853649
14.8455,-61.4422,59.5954,-0.966269,-0.535785,2.11667,0,0.170746,-0.604862,-0.777809
63.725,-33.0718,66.2065,1.84258,0,-3.9,0,0.57047,0.767758,0.291737
61.3096,-42.2674,76.3104,-1.40496,-0.504204,-3.54856,0,0.869227,0.0673275,-0.489808
45.3302,-72.5143,76.757,-0.182081,0,-3.5,0,-0.8265,-0.276484,0.490361
11.7805,-33.3769,59.274,-0.864487,0.881245,-3.2,0,0.964668,0.0298069,-0.261778
59.1046,-29.0042,73.2824,-0.00747647,0,1.8,0,0.53691,0.400713,0.7424
53.5599,-38.05,58.9021,-0.52637,-0.198443,-3.5,0,-0.449996,-0.440623,-0.776759
36.83,-31.081,67.0263,-0.929123,0,2.73341,0,-0.763009,0.606578,0.223339
-4.25625,-46.6066,62.8269,-0.431841,0,-3.5,0,-0.451075,-0.846301,0.283381
40.3534,-53.7961,72.7829,-0.218709,0,-0.7,0,-0.151995,0.949168,0.275642
14.2028,-46.2163,52.0035,-0.29257,0,3.8,0,0.309081,0.13715,-0.941094
55.4608,-57.7076,61.3434,0.467259,0,-4.5,0,0.403472,-0.59898,-0.691689
47.5985,-61.916,66.8345,-0.780676,0,-3.2,0,0.829718,0.154017,0.536514
-3.38025,-37.163,68.4074,0.291076,0.137325,-3.5,0,0.1337,0.521401,0.842773
59.6456,-37.0166,64.9379,1.03384,0,-3.9,0,-0.0324654,0.663665,-0.747325
8.53312,-64.4323,72.2896,-0.134893,0,3.8,0,-0.932768,-0.273651,-0.234646
51.7485,-57.8951,57.0305,-1.5405,-0.165784,-3.5,0,0.769751,-0.404994,-0.49342
2.965,-38.0078,50.471,-0.146103,0.146292,-3.5,0,-0.643824,0.718916,-0.262012
52.2212,-28.9912,54.851,0.623222,-0.231164,-0.8,0,0.15545,0.379342,-0.912105
48.3857,-24.9274,65.4436,0.141991,0,3.52346,0,0.882759,-0.347287,-0.316431
47.2606,-28.0769,53.1476,0.0731614,0,-0.7,0,0.130118,0.54294,-0.82963
4.58862,-41.2595,71.2964,-0.121323,0,4.5,1,0.20418,0.0304381,0.97846
64.6761,-33.2487,65.1634,1.83726,0.865999,-3.9,0,0.814678,0.576954,0.0585202
28.3633,-45.9639,52.6225,0.270248,0.279333,-4.5,0,-0.558478,-0.43718,0.704965
44.7186,-17.5205,71.189,-0.832126,-0.0710907,-0.7,0,0.905601,0.0141851,0.423893
17.4284,-69.2653,75.5697,0.00284548,-0.149979,-0.7,0,-0.263525,-0.962953,0.057231
32.3447,-37.014,62.8177,-0.283421,-0.289337,-2.16344,0,-0.832774,0.361014,-0.419709
15.4345,-62.4347,78.207,-1.75359,0,-3.5,0,-0.0950778,-0.151407,0.983888
43.2518,-61.088,51.5332,0.0404042,-0.0793684,-3.5,0,0.344358,-0.47216,-0.811469
48.021,-68.7073,57.845,0.0775373,0,3.8,0,0.898347,-0.282299,-0.336572
22.7635,-53.525,56.502,-1.4266,0,-3.5,0,0.299929,-0.314162,-0.900747
33.1209,-45.1585,74.908,0.22758,0,-1.6,0,-0.279336,0.582695,0.763176
20.2733,-46.0245,65.827,-0.593322,0,-0.7,0,0.736644,0.353276,0.576673
44.4588,-35.9985,73.868,-1.66269,0,-3.5,0,0.413092,0.803451,0.428745
49.3532,-22.3511,73.244,-0.153623,0,-3.5,0,0.664894,0.583012,0.466919
32.3484,-47.1989,54.7559,-0.208402,0,-4.5,0,-0.393679,-0.91909,0.0170738
33.2749,-23.4079,62.8021,0.49789,0.014131,-4.5,0,-0.977751,0.201813,0.0572169
18.2425,-45.9719,68.7189,-2.74486,-0.810065,-3.5,0,0.179159,0.920901,0.346184
12.3378,-39.9214,56.6871,-0.708055,0,2.8,0,0.667001,0.343998,-0.660889
42.5387,-15.3534,71.7812,-0.134082,0,-0.7,0,-0.0966706,0.814503,0.572049
60.7891,-34.1796,62.4385,0.700172,0,3.8,0,0.119713,-0.989566,0.0801752
11.0468,-70,75.2396,0.775201,0.603151,-0.9,0,-0.489034,-0.671594,-0.556604
4.63137,-56.5879,69.2709,0.273394,0.82009,-3.5,0,-0.758264,-0.649107,0.0607893
24.5924,-57.8317,59.874,-0.925,-0.598223,0.377066,0,0.199864,-0.360969,-0.910909
17.573,-38.7361,61.0255,-1.54602,0,-3.5,0,0.64286,-0.705011,-0.299483
35.107,-31.496,65.1435,-0.650047,0,-0.7,0,-0.496393,0.558117,0.664905
40.6045,-61.629,72.2893,-1.47992,-0.0791409,-3.5,0,-0.140103,0.594535,0.79177
43.7576,-52.4437,48.7311,1.02701,0.749006,-3.5,0,0.10538,-0.252702,-0.961788
60.0254,-46.937,66.5911,-1.338,-0.360837,-3.5,0,0.680883,-0.694585,-0.232271
41.7113,-64.1125,51.919,-0.162182,0,-4.5,0,-0.113539,-0.288334,-0.950775
51.727,-61.2352,58.5899,0.00795277,0,-3.5,0,0.926164,0.290639,0.240311
38.6685,-17.6887,70.0813,0.710205,0,2.37026,0,-0.616343,0.715766,0.328328
20.1052,-45.2862,64.7934,-0.4939,0,-0.7,0,0.624207,0.765183,0.157674
9.12212,-33.9048,58.5964,-1.57549,0,-3.2,0,0.0874651,-0.139791,-0.98631
8.65475,-58.5522,57.8128,-1.4933,-0.0390303,4.2,0,0.184601,-0.31717,-0.930229
0.885375,-48.9321,69.5229,-0.211804,0,-0.7,0,-0.817001,-0.350742,0.4577
43.499,-40.604,55.2415,-0.118776,0,-3.52609,0,0.0917865,-0.198444,-0.975805
9.81312,-45.5911,72.4294,0.0291172,0.404469,-3.2,0,0.329083,0.637956,0.696216
43.9255,-55.318,49.8609,-0.201901,0,-3.5,0,0.325743,-0.213085,-0.921133
33.4948,-19.4709,64.5761,-0.0952515,0,4.5,0,-0.814931,-0.129331,-0.564943
36.6623,-51.503,70.0543,0.501584,0.0649039,-0.8,0,0.233289,0.291227,0.927773
9.56825,-65.2685,71.779,-0.12965,0,3.8,0,-0.411928,-0.786116,-0.4608
16.5597,-68.2204,78.7391,-0.22387,0,-0.9,0,0.723558,-0.628586,0.285207
14.3641,-69.5379,81.0064,0.211775,0,-0.9,0,0.100751,-0.219375,0.970424
52.293,-69.301,70.4865,-0.219855,0,4.2,0,0.883284,-0.46524,0.0579738
39.9785,-17.122,68.3674,0.670687,0,0.985098,0,0.199913,0.96927,-0.143355
8.363,-47.5545,48.3646,-0.225057,0,3.8,0,0.246604,-0.0539049,-0.967616
51.0721,-42.5604,79.0674,-0.416264,-0.0425209,-3.5,0,-0.210865,-0.665198,0.716274
61.4272,-39.739,77.226,-1.37517,0,-3.5,0,0.901554,0.291829,-0.31943
14.1688,-39.8467,67.2206,-0.43984,0,1.8,0,-0.340722,0.269199,0.9008
7.85025,-55.877,50.1053,-0.182465,0,4.2,0,-0.331488,-0.0724735,-0.940672
39.6546,-34.0435,55.9576,-1.88768,-0.556584,-0.4,0,-0.515279,0.692997,-0.504225
56.6915,-41.091,79.3175,-0.312895,-0.649169,-3.5,0,-0.150429,0.197655,0.968661
36.7575,-59.0035,50.2195,-0.444035,0,-0.492451,0,-0.086357,-0.271766,-0.958481
4.6545,-36.6106,65.6889,-0.507027,-0.260042,-1.42673,0,-0.293489,0.93111,0.216562
42.5645,-46.6965,51.906,0.429873,0,2.8,0,0.574268,0.772798,-0.270184
38.1034,-55.3791,50.1164,-1.99621,-0.27589,-0.4,0,-0.243015,0.387098,-0.889437
36.759,-61.5066,51.0737,-0.765891,-0.111702,-3.59794,0,0.301423,-0.1617,-0.939679
47.3438,-75.2219,74.2485,-1.55162,-0.500458,-3.5,0,0.493365,-0.865115,-0.0903744
32.184,-38.5389,61.5909,-0.408391,-0.164724,0.842374,0,-0.972637,0.163255,-0.165304
35.285,-69.8465,70.496,0.0427096,0,4.5,0,0.237526,-0.533443,0.8118
41.8631,-27.4426,56.1734,-0.242754,-0.0428861,-3.5,0,-0.32534,-0.176511,-0.928977
40.0687,-49.237,77.6562,-0.046209,0,-3.5,0,-0.340021,-0.591872,0.730804
5.763,-34.7752,64.8634,-2.08972,-0.175381,-3.2,0,-0.375366,0.848235,0.373626
53.9945,-26.631,60.2282,-1.53719,-0.527589,2.5,0,0.200114,0.953297,-0.226228
22.1607,-68.6859,69.9659,-1.3228,-0.94271,-3.5,0,0.452601,-0.843074,-0.29048
2.33588,-52.2664,49.9455,0.381498,0.832651,-3.5,0,-0.865412,-0.360693,-0.347797
18.028,-59.7038,78.8706,-1.88971,-0.435598,-3.5,0,0.668018,-0.588634,0.45526
48.4294,-74.4055,76.1259,-0.36305,0,-3.5,0,0.533657,-0.797278,0.28206
6.82175,-50.2836,77.4193,-0.558986,0,-3.5,0,-0.029623,0.973742,0.225718
12.0878,-70.064,75.0983,0.223297,0,-0.9,0,0.101903,-0.862542,-0.495617
3.8615,-33.58,55.9852,-0.469981,0,-3.5,0,-0.5246,0.313867,-0.79138
51.1717,-35.1245,74.1383,-1.10052,-0.351777,3.8,0,0.775701,0.615364,-0.140055
22.7313,-56.0993,71.7937,-0.0701227,0,-3.5,1,0.550491,-0.230796,0.802305
26.2122,-61.0918,73.2219,-0.0764241,0,-1.6,0,0.0598064,0.525616,0.848617
55.9417,-52.5045,62.5975,0.205889,0,-4.5,0,0.903371,0.143189,-0.404249
8.94675,-56.3616,57.2021,-0.465035,0,-2.51211,0,0.433596,-0.752869,-0.495159
9.9045,-36.013,64.508,-1.46561,-0.546872,3.8,0,0.479915,0.74075,0.470075
58.9943,-45.6325,62.8531,-1.53643,-0.120402,-3.5,0,0.923885,-0.201931,-0.325055
32.408,-68.4983,60.855,0.256054,0,-4.5,0,-0.307034,-0.914136,-0.264736
63.8426,-40.3261,67.8554,0.408382,0,-1.6,0,0.943184,0.237687,-0.232183
4.6365,-30.1989,58.5525,-1.88704,0,-3.5,0,-0.134593,0.905573,-0.402271
39.3402,-46.983,47.3807,0.275998,0,2.8,0,-0.613392,0.321863,-0.721218
45.1852,-15.8138,66.4166,0.981626,0.292789,-3.5,0,0.464149,0.87094,-0.161337
3.59175,-54.0967,52.3245,-1.6708,-0.142693,-3.5,0,-0.833867,-0.514369,0.200224
-10.5371,-42.9014,53.6971,0.422037,0.382902,-4.5,0,-0.712494,0.301782,-0.633467
-3.45762,-38.5965,68.5364,0.408742,0.734182,-3.5,0,-0.195293,-0.176688,0.964698
44.0918,-69.2842,57.7795,0.054584,0,3.8,0,-0.0635232,-0.39183,-0.917842
5.27975,-58.1237,69.976,-0.0733725,0,-3.5,0,-0.782206,-0.621778,-0.0393275
-4.11225,-44.3565,68.508,-0.141385,0,-3.5,0,-0.951184,0.263256,0.161078
46.505,-51.6386,79.4485,0.482303,0,-4.5,0,-0.604765,-0.476679,0.637995
10.3628,-43.9497,70.2343,-0.384492,0,-3.2,0,0.382173,0.726362,0.571264
44.534,-24.0972,67.4333,-0.253216,0,4.5,0,0.689729,0.67468,0.262832
7.77712,-38.2375,53.3706,-2.08237,-0.335692,-3.5,0,0.612589,0.779665,-0.129839
45.831,-66.8376,77.1369,-0.15244,0,3.8,0,0.385199,0.891771,0.237418
47.5615,-69.7011,58.4354,0.070017,0,3.8,0,0.68253,-0.721576,-0.116108
60.3155,-44.641,70.0133,0.102559,0,-3.5,0,0.472344,-0.74994,0.463122
32.4106,-67.4851,64.609,-0.450168,-0.25851,-1.37906,0,-0.460803,-0.877607,-0.132157
7.8875,-57.3321,50.9194,-0.190956,0,4.2,0,-0.0790945,-0.502522,-0.860939
42.2832,-37.8348,51.9071,0.818737,0.164246,-3.5,0,0.0375333,-0.721741,-0.691144
15.5685,-45.4669,59.597,-0.468471,-0.988896,-0.7,0,0.348778,0.914875,-0.203363
9.3235,-52.2948,77.665,-1.71136,-0.740314,-3.5,0,0.319311,0.0971219,0.94266
43.1981,-61.8274,77.5508,-1.97727,-0.868318,-3.5,0,-0.449669,0.057733,0.891328
64.5515,-42.4059,69.834,0.0988587,0,-1.6,0,0.974986,-0.165863,0.147956
54.0967,-52.8512,68.885,-1.19973,-0.00782121,-0.4,0,0.758787,-0.626128,0.179462
55.9328,-35.9805,73.613,-2.726,-0.705844,-3.5,0,-0.246395,0.944284,0.218213
7.169,-41.082,50.628,-0.368486,0,-0.4,0,-0.201095,0.228212,-0.952618
52.925,-69.4041,77.0085,-0.21407,0,-0.7,0,0.94227,-0.000121226,0.334854
44.722,-50.634,77.5885,0.0293922,0,-4.5,0,-0.638197,-0.450108,0.624585
6.97337,-35.7988,65.7333,-2.18165,0,-3.2,0,0.277509,0.451253,0.848151
58.136,-30.3498,66.8985,-0.699792,-0.763171,2.5,0,0.681938,0.686113,0.253396
35.2212,-57.6695,73.3418,-1.05568,0,-3.5,0,-0.141885,0.918985,0.367878
4.05263,-44.7697,73.9939,-0.253265,0,-0.7,0,-0.692529,-0.162447,0.702862
31.2371,-64.4372,58.9897,-0.231924,0,3.8,0,-0.84987,-0.411258,-0.329527
21.0273,-69.7673,72.312,0.375545,0.00604894,-3.5,0,0.157212,-0.95826,0.238793
59.1444,-44.5186,70.5261,-0.272393,0,-3.5,0,0.395188,-0.641168,0.657822
9.76038,-52.6431,53.3739,-1.92312,-0.0166917,4.2,0,0.634675,-0.0039755,-0.772769
30.9258,-41.9878,58.4012,-1.98403,-0.188322,-0.7,0,-0.468845,0.640183,-0.608564
47.5277,-73.91,72.2085,-0.526338,0,1.8,0,0.0949362,-0.931199,-0.351931
39.4561,-33.1006,71.9124,-2.53197,-0.181361,4.2,1,-0.301405,0.918236,0.256902
29.0228,-44.4025,49.4422,-0.0316973,0,-4.5,0,-0.439056,0.664967,-0.604193
8.94538,-58.5551,54.0836,-0.263561,0,4.2,0,0.572821,-0.651737,0.497106
9.76612,-38.6092,58.3426,-1.14155,-0.218103,-2.1517,0,0.295701,0.902871,-0.312064
33.7648,-33.6485,69.2613,-1.23406,0,-3.5,0,-0.486035,0.857375,-0.169343
-4.29537,-46.3639,53.8316,-0.597879,0,-1.3,0,0.00996261,-0.999542,-0.028558
12.3667,-43.3281,53.7733,-0.349936,0,3.8,0,0.500904,0.542932,-0.674033
30.9174,-33.6898,68.6851,0.342039,0,-3.9,0,-0.154565,0.8172,0.555241
49.5784,-41.6569,80.7899,0.443368,0.368472,-3.5,0,-0.402916,-0.747955,0.527468
57.6227,-29.8507,73.8486,-0.0700615,0,1.8,0,-0.195626,0.14629,0.969706
54.2815,-59.041,63.4697,0.216595,0,-4.5,0,0.352053,-0.933015,0.0744451
32.7109,-53.5687,60.7779,-0.138666,0,-0.9,0,-0.984108,0.0624611,-0.166225
12.7502,-59.9291,58.8451,0.0292024,0,-0.8,0,0.0292277,-0.275088,-0.960975
10.4587,-36.933,65.2965,-2.01153,-0.15088,3.8,0,0.141534,0.478437,0.866641
-6.86425,-46.7255,61.8672,-1.19273,0,-3.5,0,-0.22194,-0.675604,0.703066
49.7113,-32.2151,77.3435,-0.297393,0,3.8,0,0.0694285,0.863616,-0.499347
21.4554,-61.2751,75.1799,-0.294579,0,3.8,0,0.572023,0.0635559,0.817772
38.0558,-68.2715,71.0346,-0.0852346,0,4.5,0,0.393508,-0.31321,0.864321
15.0146,-58.5614,59.0219,-0.670562,-0.0493559,3.48668,0,-0.12697,0.126308,-0.983832
33.3665,-68.4075,62.3278,-0.229758,0,-4.5,0,-0.143756,-0.988534,0.0461939
55.1736,-27.2815,60.989,-1.12312,-0.200631,2.5,0,0.862003,0.505593,0.036438
6.4375,-52.368,78.577,-0.258967,0,-3.5,0,-0.27867,-0.517122,0.809276
14.7378,-44.6445,56.82,-1.28347,-0.680705,3.8,0,0.786543,0.601987,0.137702
53.5078,-21.974,55.302,1.80025,0.152984,-3.9,0,0.934383,0.265583,0.237475
19.08,-49.3375,60.6372,-0.278095,0,4.5,0,0.426532,0.612805,-0.665237
27.4966,-44.6864,51.8029,0.430371,0.104562,-4.5,0,-0.685416,0.61709,0.386528
53.6815,-29.9897,56.2017,-0.0190781,0,-0.8,0,0.821939,-0.142122,-0.551559
43.3447,-63.3143,76.7145,-1.20958,0,-3.5,0,-0.404577,-0.834107,0.374946
46.9388,-69.7979,60.6968,0.333852,0,3.8,0,0.502028,-0.864787,-0.010531
48.923,-25.9338,59.5545,-0.057922,0,-3.9,0,-0.345632,0.435316,0.831287
41.828,-23.425,70.956,-0.239544,0,4.5,1,0.0456055,0.172361,0.983977
43.4384,-22.2504,67.1956,-0.0700421,0,4.5,0,0.892256,0.418582,0.169316
17.6092,-56.0635,74.392,-1.01418,0,-3.2,0,0.794085,0.131091,0.593502
49.8174,-57.5688,73.8941,0.106168,0,-1.6,0,0.367322,-0.0251262,0.929754
21.7951,-58.8203,59.1002,-0.590044,0,-0.8,0,0.0398374,-0.534087,-0.84449
34.261,-42.816,56.085,0.294966,0,-4.5,0,-0.507665,0.721881,-0.470281
12.0694,-55.7778,76.5587,-0.99105,0,-0.7,0,0.128056,-0.610927,0.781262
37.3522,-27.9136,62.7351,0.347999,0,-4.5,0,-0.474573,-0.0719424,0.877271
42.7076,-69.6797,72.9669,0.139355,0,-3.5,0,-0.915533,-0.148743,0.373731
46.1565,-26.5395,62.0845,-0.663989,0,4.5,0,0.873125,-0.215201,-0.437425
56.2965,-37.7679,77.7796,-0.373792,0,-1.68081,0,0.362117,0.710269,0.603647
33.2291,-43.6867,55.8139,0.472225,0,-4.5,0,-0.455149,0.889781,0.0335867
5.74225,-32.787,56.5477,-0.865652,0,-3.5,0,0.579433,0.394003,-0.713456
51.5094,-63.5076,60.6427,-0.0223756,0,-3.5,0,0.791228,0.581126,0.190396
52.993,-57.9549,65.9104,0.322665,0,-4.5,0,0.408508,-0.72065,0.560165
42.561,-66.1635,75.522,-0.287974,0,3.8,0,0.237073,0.969999,0.0538379
46.5541,-31.1923,53.9948,-0.0774494,0,-0.7,0,-0.402796,-0.335848,-0.851447
9.29688,-50.0986,52.3496,0.695912,0,3.8,0,0.497211,-0.614153,-0.61286
55.2174,-49.8563,70.9576,0.109128,0.120793,-4.5,0,0.97779,-0.00502017,-0.209526
38.8162,-51.6904,69.865,0.395922,0.335088,1.519,0,-0.111337,0.268736,0.956758
48.0356,-66.3737,74.0732,0.00930367,0,1.9,0,-0.0392112,0.49557,0.867683
33.9738,-39.707,70.8117,-1.21395,0,-3.11901,0,-0.890073,0.207159,0.406023
5.00631,-40.5814,50.443,-0.396142,0,-3.5,0,0.592797,-0.361303,-0.719758
52.0083,-24.6883,54.6999,1.04511,0,-3.9,0,0.569073,-0.658007,-0.493136
31.7706,-36.224,58.2155,0.0359439,0,-1.6,0,-0.777748,0.390216,-0.492789
37.8064,-30.2153,69.2849,-0.250168,0,3.8,0,-0.844113,-0.202466,0.496469
11.6569,-63.9758,76.0606,0.475989,0,3.8,0,-0.0200798,-0.126873,0.991716
35.1904,-26.1047,60.5225,0.489519,0,-4.5,0,-0.855084,-0.435887,-0.280774
54.5083,-50.8288,76.554,0.56535,0,-4.5,0,0.306487,0.330728,0.892572
11.4883,-67.1578,76.7768,-0.738896,0,-0.9,0,-0.782481,0.342674,0.519903
35.2217,-39.3008,74.6602,0.228798,0,-2.55621,0,-0.815424,0.547335,0.188437
43.721,-22.839,69.344,-0.356239,0,4.5,0,0.718614,0.653725,-0.237144
-0.063625,-37.3756,67.6844,-0.574329,0,-0.105249,0,-0.472289,0.864343,0.172785
10.75,-49.2532,53.1224,-0.0354431,0,3.8,0,0.43937,-0.627145,-0.643151
22.8361,-66.8146,68.0649,-0.153316,0,-0.4,0,-0.0822217,-0.767812,-0.635377
35.9327,-20.3177,64.6156,-0.140315,0,4.5,0,0.0314434,-0.336656,-0.941102
0.2625,-50.9702,64.575,0.441518,0,4.2,0,-0.955509,-0.292813,-0.0355251
14.4461,-65.8115,71.4206,-0.0867638,0,4.2,0,-0.574028,-0.792014,0.207859
36.0295,-22.0176,61.3297,-0.00632059,0,-4.5,0,0.136652,0.972578,0.1882
17.4757,-58.2206,74.0809,-0.62242,0,-3.43778,1,0.958017,0.238996,0.158378
17.2639,-48.9652,56.0406,-0.529521,-0.512353,-0.774181,0,0.927076,0.120765,-0.354889
44.6236,-70.825,64.4154,-0.019192,0,4.5,0,0.136372,-0.938468,-0.317303
14.191,-68.278,75.217,-0.614875,0,-0.9,0,0.494323,-0.685934,-0.533985
11.5674,-52.2248,74.0999,-0.0274963,0,-1.17302,1,0.292353,0.956238,0.0117476
42.6715,-53.292,49.5438,-0.0470652,0,-3.5,0,-0.541626,-0.132513,-0.830109
35.5671,-50.6311,58.8139,-0.264656,0,-0.9,0,-0.580195,0.524369,-0.623226
-7.6985,-46.358,59.2095,-1.95177,-0.602964,-3.5,0,-0.339951,-0.733497,-0.588571
31.9062,-36.8299,60.5537,0.059039,0,-1.6,0,-0.819009,0.227516,0.526746
-2.9925,-42.884,51.136,-0.661704,0,-1.3,0,0.00664859,-0.312261,-0.949973
33.3465,-48.0775,68.143,0.556899,0,-3.5,0,-0.270644,0.13023,0.95383
47.0405,-61.1171,68.7075,0.288588,0,2.8,0,0.908537,-0.385401,-0.161328
50.1834,-43.7581,78.2057,-0.793276,-0.169155,-3.5,0,-0.394778,0.282892,0.874141
-1.18862,-47.5293,60.9038,-0.81164,0,2.10705,0,-0.521165,-0.830237,-0.19772
28.9207,-36.2832,66.3555,2.69945,0,-3.9,0,-0.298969,-0.893097,-0.336148
21.4206,-64.9371,59.322,-1.03889,-0.105401,-3.5,0,0.568514,-0.0384207,-0.821776
48.8587,-52.5697,54.5818,1.06001,0,-4.5,0,0.278806,-0.814102,-0.509416
29.011,-68.4961,65.5666,-0.473315,0.57868,0.191628,0,0.611885,-0.708091,-0.352427
48.835,-36.983,79.88,-0.324445,0,3.8,0,-0.159639,-0.313876,0.935947
35.8179,-64.0731,72.8094,0.70363,0.345937,1.39243,0,-0.345727,-0.325957,0.8799
15.3767,-54.0228,74.1517,-0.434813,0,-1.1943,0,0.547552,0.788932,0.278877
5.968,-53.851,74.1915,-0.272392,0,-3.5,0,-0.772302,-0.601682,0.203786
54.9512,-51.3906,67.3989,-0.24459,-0.518001,-2.85319,0,0.794695,-0.513379,0.323885
6.09513,-50.5747,73.0058,-0.303839,0,-3.5,0,-0.90467,0.425816,-0.01593
45.8457,-71.6833,77.5318,-0.181572,0,0.893147,0,-0.490022,-0.479271,0.728134
46.0056,-30.3566,53.9568,-0.142633,0,-0.7,0,-0.591268,-0.299801,-0.74868
48.3334,-60.0887,67.987,-0.279016,0.130931,0.348059,0,0.493492,-0.852105,-0.174305
33.5114,-46.8849,53.7826,0.176874,0,-4.5,0,0.0788436,-0.923765,-0.374755
19.6063,-48.5079,68.0136,-1.60001,0,-3.5,0,0.850469,0.371448,0.372465
28.4075,-62.9125,72.7375,-0.0676449,0,-1.6,0,0.780029,-0.38482,0.493426
53.9224,-57.4006,61.4245,0.86869,0,-4.5,0,0.0783925,-0.565261,-0.821179
35.8533,-54.3174,69.791,-0.438848,0,-0.8,0,-0.167907,-0.562727,0.809411
11.7898,-38.4659,58.8457,-0.851947,0,2.8,0,-0.0684873,0.928645,-0.364593
38.1647,-59.307,50.1702,-0.144684,0,-0.4,0,0.113718,-0.564314,-0.81769
56.4235,-47.5355,60.512,1.01638,0,-4.5,0,0.650378,-0.44178,-0.617931
43.8154,-35.3496,53.3835,-0.03202,0,-1.32604,0,0.868166,-0.147482,-0.473854
36.4199,-30.4924,64.4558,-0.478731,0,-0.7,0,-0.231157,0.838655,0.493179
38.0228,-45.3194,75.7321,0.0715166,0,-3.5,0,0.153529,-0.285503,0.946
42.7624,-21.6906,68.5677,0.839098,0,4.5,0,0.92324,0.374936,0.0839693
4.83919,-48.191,71.1255,-0.719432,-0.959714,-0.7,0,0.0208604,-0.501072,0.865154
13.0345,-54.806,76.7028,-1.10816,-0.315248,-0.7,0,0.378615,-0.24519,0.892487
45.3296,-43.7447,53.1228,0.293932,0,-4.08071,0,-0.570136,-0.0427301,-0.820438
33.0987,-35.0267,63.9463,-0.274804,0,-3.9,0,-0.560537,0.636406,-0.529892
51.8583,-49.7451,79.4173,0.237084,0,-4.5,0,0.916741,0.194854,0.348737
12.0016,-64.9765,71.6616,-0.0620833,0,3.8,0,0.126985,-0.963945,-0.233847
46.1753,-70.8166,64.6783,0.198427,0,4.5,0,0.0760143,-0.762336,-0.642702
48.4591,-25.047,57.9183,0.132116,0,-3.9,0,-0.576566,0.62229,0.529459
40.7636,-43.0616,77.3363,0.158129,0.0456541,-2.76398,0,-0.574886,-0.59492,0.561761
55.5894,-57.5521,64.0677,0.963444,0,-4.5,0,0.697463,-0.606243,0.382118
21.5566,-51.0936,56.4091,0.0386756,0,-3.5,0,0.0135401,0.339809,-0.940397
33.5657,-61.6728,52.6927,-0.156942,0,-3.9,0,-0.540451,-0.813208,-0.215886
45.0324,-59.0722,50.9325,0.134937,0,-1.18863,0,-0.000808603,-0.347098,-0.937829
1.10647,-53.959,66.443,-0.0721295,0,4.2,0,-0.769122,-0.637797,-0.0408274
31.1793,-45.6584,71.6556,0.423575,0,-4.2483,0,-0.539494,-0.749523,-0.383617
1.35569,-49.9651,69.0223,-0.333775,0,-0.25887,0,-0.653097,-0.340926,0.676191
35.1674,-17.2861,65.8974,-0.0221815,0,4.5,0,-0.407154,0.885124,-0.225346
31.1605,-39.2472,63.045,-1.51026,-0.554919,1.8,0,-0.863673,0.227425,-0.449829
44.4903,-40.5246,54.9975,0.449632,0,-4.5,0,-0.286953,0.020668,-0.957722
33.0314,-59.7645,55.5023,0.347586,0,-3.9,0,-0.587301,-0.736825,0.334912
61.198,-31.273,63.986,0.265602,0,3.8,0,0.582712,0.241026,0.776115
7.54812,-54.7811,75.5305,-0.678582,0,-1.66577,0,-0.583622,-0.638564,0.501619
3.04787,-46.6152,70.4919,0.0755607,0,-0.7,0,-0.719287,0.30197,0.625652
37.1581,-60.0374,50.9432,0.0315462,0,-3.9,0,0.0982358,-0.47439,-0.874816
15.5708,-51.4603,53.8271,-0.422062,0,-0.8,0,0.354645,-0.5726,-0.739159
20.5268,-67.5441,76.2533,-0.235576,0,-0.7,0,0.939641,-0.340647,0.0321586
31.8954,-42.991,57.6831,-1.30233,-0.836833,-0.7,0,-0.257203,0.46925,-0.844779
5.54803,-45.8119,74.0199,-0.384664,0,-0.7,0,-0.0700229,-0.318047,0.945485
0.386063,-52.943,66.7231,-0.135264,0,4.2,0,-0.833555,-0.509507,0.213515
1.914,-53.405,70.103,0.0518468,0,-3.5,0,-0.720944,0.499203,0.480662
12.8232,-67.7517,79.1015,-0.684792,0,-0.9,0,-0.68227,0.518528,0.5154
49.1813,-61.139,62.0766,0.0437619,-0.824862,-3.5,0,0.791788,0.101752,0.602261
44.24,-23.9246,68.7481,-0.381305,0,4.5,0,0.695218,0.705838,-0.135885
28.4229,-44.4911,62.4404,-0.322706,0,-0.7,0,-0.978323,-0.0503385,-0.200873
43.2025,-59.8976,74.3624,-0.333196,0,-2.21762,0,-0.850681,0.189149,0.490473
5.382,-47.1022,49.6938,-0.145239,0,3.8,0,-0.53623,-0.316687,-0.782411
4.42725,-42.9912,50.5057,-0.552097,0,-0.7,0,0.0308265,0.421831,-0.906151
16.5803,-63.7541,77.3814,-0.875169,-0.74146,-3.5,0,0.559634,0.08673,0.824189
50.3141,-68.808,65.7004,-0.100171,0,4.2,0,0.433257,-0.221619,-0.873598
45.4059,-32.036,70.1544,-2.11882,-0.924547,-1.6,0,-0.978529,-0.0427288,0.201631
30.5001,-62.7169,58.6749,-0.221219,0,3.8,0,-0.431816,-0.422053,-0.797124
42.5089,-66.0714,76.9488,-0.234851,0,3.8,0,0.182182,0.978802,-0.0935737
52.321,-26.563,65.6302,0.719299,0,2.5,0,-0.487394,0.33598,-0.805956
24.03,-50.631,63.301,-0.655602,0,2.61001,0,0.046121,0.942782,0.330204
29.0517,-44.9047,71.2385,0.518039,0,-4.5,0,-0.195932,-0.905984,-0.375239
14.932,-60.636,62.84,0.157441,0,-2.15412,0,0.39737,-0.893602,0.208738
52.642,-26.012,69.4736,-0.161416,0,1.84627,0,-0.067075,0.404404,0.912118
31.9466,-54.8188,57.1367,0.652165,0.619338,-3.9,0,-0.4353,0.745557,0.504638
37.0054,-22.0705,59.9181,-0.369801,0,-3.95077,0,-0.17466,0.833894,-0.523559
44.483,-22.8045,65.5085,-0.0269847,0,4.5,0,0.650072,0.363961,0.667037
49.307,-59.25,62.8835,0.282227,0.417151,-0.354536,0,0.152911,-0.50617,0.84877
48.3855,-59.4642,52.2321,-1.00947,-0.378203,-0.8,0,0.689542,-0.404351,-0.600859
17.4825,-64.6691,77.1962,-0.152189,0,-0.7,0,0.171257,0.649653,0.740691
60.3169,-37.799,64.6109,1.07148,0,-3.9,0,0.383698,0.228805,-0.894664
51.9537,-23.0835,65.6164,2.62794,0,-0.4,0,0.0333942,0.319253,-0.947081
51.4536,-49.0037,80.1643,0.0782792,0,-3.5,0,0.735801,-0.461379,0.495707
35.7992,-48.2614,69.9866,0.130705,0,3.8,0,-0.582827,-0.321556,0.746267
50.2474,-65.106,67.4437,0.171692,0,4.2,0,0.288284,0.934203,0.210137
54.313,-53.4618,74.7262,0.629103,0,-4.5,0,0.588823,-0.740302,0.324408
48.8244,-55.5634,73.9159,-0.184456,-0.00287377,-3.75292,0,0.260862,-0.25485,0.93113
23.6718,-54.8521,70.0951,-0.537494,0,-3.5,0,0.816283,0.245377,0.522945
-5.93787,-40.5699,61.4204,-0.440733,-0.420405,-2.08863,0,-0.986416,-0.0214269,0.162862
36.0196,-45.6066,50.6822,0.0582331,0,-4.5,0,-0.211528,-0.976395,-0.0436804
19.1532,-46.198,67.0003,-0.970398,-0.0790841,-2.0702,0,0.65121,0.652617,0.387319
-4.22687,-43.3301,65.2772,-0.332826,0,-3.5,0,-0.765403,0.125539,0.631188
30.3733,-71.4644,71.4356,0.104461,0.0485998,-0.7,0,-0.0945975,0.014426,0.995411
-1.55463,-47.7448,65.5501,0.403564,0,-2.62553,0,-0.339576,-0.924486,0.173242
46.0314,-68.2188,78.6353,-0.435351,-0.249306,3.8,0,0.373244,0.608898,0.699952
57.8498,-34.5794,65.5655,0.522284,-0.481649,-0.518795,0,0.527258,-0.310541,-0.790925
5.95325,-53.1159,76.5007,0.129433,0,-3.5,0,-0.600875,-0.727987,0.330127
38.556,-40.1673,76.9189,-0.0852055,-0.466353,-3.5,0,-0.260307,0.543172,0.798251
50.8732,-59.0309,57.5251,-0.0381437,0.443913,-3.5,0,0.862848,-0.198175,-0.464996
5.56231,-57.4356,63.9509,-0.0701215,0,-0.78565,0,-0.875975,-0.394291,0.277854
57.387,-36.4543,75.0358,-1.74654,-0.47124,-3.5,0,0.0341381,0.796976,0.603045
29.7827,-41.2858,62.388,-0.0764051,0,-0.7,0,-0.539592,0.836673,-0.093903
44.8629,-17.0847,68.5781,-0.15026,0,-1.28573,0,0.975619,-0.0740255,0.20661
43.0939,-44.8681,78.4034,0.0479014,0,-0.7,0,-0.41093,-0.388764,0.824621
45.1195,-63.5084,75.2434,0.0395518,0,-3.5,0,0.334829,-0.825119,0.455047
43.9003,-66.8177,74.9796,0.0466884,0,-2.47005,0,0.22964,0.91015,0.344807
44.9852,-70.531,78.1598,0.392354,0,3.64242,0,-0.0672982,-0.761912,0.644175
48.399,-24.1645,68.491,0.362274,0,-3.5,0,-0.412834,0.626928,-0.660703
18.7208,-64.9502,63.7472,-0.86323,-0.808867,-0.8,0,0.379713,-0.924732,-0.0262343
3.43513,-52.5514,53.2702,-0.311085,0,-3.5,0,-0.934285,-0.353774,0.044231
46.6905,-59.3873,65.5414,0.339614,0,2.8,0,0.82293,0.12179,-0.554935
49.7561,-51.8429,60.2449,-0.0539214,0,-2.74684,0,0.783419,-0.127327,-0.608311
34.2317,-53.2064,57.6624,-0.710835,0,-2.57895,0,-0.756715,0.625533,-0.189976
40.5277,-67.5198,78.2832,-0.188383,0,3.8,0,-0.998128,-0.00509691,0.0609502
28.7062,-63.291,71.8113,0.221393,0,-1.6,0,0.578569,-0.428976,0.693713
30.55,-73.0056,71.3532,-0.635918,-0.819627,-0.7,0,-0.307893,-0.553082,0.774146
33.8693,-49.0907,60.2745,-0.723781,-0.0135132,2.8,0,-0.426035,-0.439237,-0.790927
18.9086,-61.7073,59.8209,0.384414,0.133768,4.5,0,-0.0452636,-0.274942,-0.960395
20.3369,-49.4819,67.5768,-0.939087,0,1.20252,0,0.554181,0.590297,0.586884
10.6299,-51.596,74.653,0.612059,0,-1.6101,1,0.811334,0.528774,0.249271
34.8574,-65.4336,71.7479,0.344476,0,2.5,0,-0.1262,-0.419139,0.899108
19.5487,-64.4576,59.1801,-0.931688,0,-3.5,0,-0.318423,0.229317,-0.919794
32.1088,-65.9445,59.7941,-0.0309362,0.00649735,-3.4798,0,-0.439953,-0.386981,-0.810362
60.827,-39.6287,73.1837,-0.443473,0,-1.91572,0,0.82879,0.0152182,0.559353
48.4894,-26.2979,54.8916,0.277567,0,-3.9,0,-0.365812,0.277776,-0.888269
10.0968,-35.2855,62.3983,-0.493689,0,-3.2,0,0.678588,0.447881,0.58217
11.8686,-55.4486,57.9975,-0.206839,0,4.2,0,0.0847958,-0.175459,-0.980828
13.6875,-64.5551,66.5701,-0.211138,0,2.59287,0,0.156685,-0.956178,-0.247333
11.1986,-58.6883,65.2345,0.0789792,0,-3.5,0,-0.755575,-0.348972,-0.55437
40.7715,-64.684,52.6345,-0.0184616,0,-4.5,0,-0.29676,-0.262872,-0.918059
48.1515,-62.9145,70.8555,-0.0126328,0,2.8,0,0.641253,0.740496,-0.201146
17.0505,-62.0575,60.897,-0.30761,0,0.866658,0,-0.662816,-0.618687,-0.421784
14.8401,-64.1923,64.7426,-0.135003,0,-0.8,0,0.264669,-0.65882,-0.704207
43.7482,-15.8142,68.0052,0.140666,0,-1.27223,0,0.0745703,0.985353,-0.153357
51.5475,-35.395,75.7704,-0.180023,0,3.8,0,0.899932,0.428228,-0.0821191
32.4224,-55.2822,58.2674,-0.0491532,0.0641631,-2.89844,0,-0.936441,0.31511,0.154217
20.0169,-65.3691,66.242,-0.217199,0,-0.582376,0,-0.25336,-0.851528,-0.45903
24.6087,-64.5445,64.4743,-1.4006,0,3.8,0,-0.539484,-0.827928,-0.153274
1.75556,-54.5333,68.1547,0.238202,0,0.202989,0,-0.809485,-0.586771,0.0208029
5.36763,-57.4078,68.2719,0.349951,0.550615,-1.05475,0,-0.697904,-0.716018,-0.0157215
14.1254,-42.9979,60.8754,-0.40796,-0.0424669,2.65012,0,0.859025,-0.0493359,-0.509551
28.7187,-53.0731,62.7282,-0.66286,0,-0.9,0,0.225087,-0.381105,-0.896713
31.9891,-43.405,53.293,0.714195,0,-4.5,0,-0.209833,0.967125,0.143663
32.693,-56.412,61.2405,-0.140029,0.0690582,-0.9,0,-0.942871,-0.316386,0.104377
-7.45538,-41.3555,55.2285,-0.176973,0,-4.5,0,0.222672,0.954331,-0.199171
31.9434,-43.3442,74.1943,0.151206,0,-4.5,0,0.70659,0.431959,0.560484
45.6695,-54.2849,52.8125,-0.286592,0,-2.33427,0,0.880944,0.43943,0.175612
36.202,-39.688,54.694,-0.0121402,0,-3.2,0,-0.547594,-0.0995908,-0.830797
40.859,-57.8241,49.5385,0.221045,0,-3.5,0,-0.441538,-0.205528,-0.873386
31.6763,-47.9061,67.9232,-0.0532839,0,-3.5,0,0.0365725,0.355119,0.934106
51.7169,-24.4652,57.803,0.400533,0,-3.9,0,0.705152,0.150509,0.692898
18.0961,-47.4114,60.507,0.0292472,-0.228732,-0.7,0,0.93539,0.114576,-0.334542
20.9171,-46.2124,64.4542,-0.517086,0,-0.7,0,0.895038,0.364241,0.257362
40.5236,-67.004,71.513,0.194435,0,2.5,0,-0.315718,-0.713452,0.625546
57.3623,-39.4577,79.1957,-0.152571,0,-3.5,0,-0.197605,0.460007,0.865648
46.5682,-21.8716,63.5975,-0.0932558,0,4.5,0,0.150796,0.975706,0.158927
36.995,-18.9415,64.3055,-0.0875125,0,4.5,0,0.241513,0.096323,-0.965605
49.6992,-64.1726,56.8981,0.460723,0,-3.5,0,-0.587399,-0.379916,-0.714581
32.3558,-60.1081,58.4514,0.0201403,0,3.8,0,-0.875985,0.352923,-0.32878
32.5728,-42.8346,73.4706,-0.228318,0.107078,-2.34307,0,0.178715,0.625637,0.759368
-5.09225,-45.2814,64.0102,0.12377,0.325646,-3.5,0,-0.743662,-0.486218,0.458866
23.4513,-61.7954,61.1787,-1.32373,0,-1.6,0,0.0675822,-0.42066,-0.904698
10.7554,-51.4652,73.4581,0.541844,0,-3.5,1,0.833811,0.536594,0.129717
38.8951,-28.8401,64.8671,-1.39249,-0.731749,3.8,0,-0.893165,0.439553,0.0951232
6.17994,-58.2054,66.1779,0.100081,0,-0.7,0,-0.526622,-0.831124,-0.178613
60.2101,-40.7324,63.8319,0.165402,0,-3.9,0,0.927267,-0.221012,-0.302208
58.1009,-44.4128,73.5825,1.66621,0.896601,-3.9,0,0.938202,-0.117936,-0.325375
1.48538,-37.2976,53.8786,-0.736441,0,-0.8,0,-0.00465217,0.407943,-0.912996
52.0658,-27.3445,63.385,0.81615,0,2.5,0,-0.432527,0.901354,-0.0219485
2.44719,-50.133,69.8897,0.0758551,0.124892,-0.7,0,-0.644809,-0.53529,0.545606
14.5014,-39.6666,59.4116,-0.413292,0,-2.5203,0,0.76748,-0.212016,-0.604998
51.6695,-70.7925,72.9147,-0.739591,-0.40472,-0.7,0,0.717461,-0.574777,-0.393549
9.04369,-57.8399,62.4332,0.0869713,0,-0.468478,0,0.0712368,-0.859779,0.505673
52.526,-66.3795,69.0029,0.0409815,0,4.2,0,0.678897,0.733853,-0.0236386
15.7529,-39.3329,60.0788,-0.645209,0,-3.5,0,0.514477,-0.512317,-0.687637
62.4318,-32.577,65.5704,1.97797,0,-3.9,0,0.102728,0.993607,0.0468105
52.4657,-28.4146,71.1478,0.146141,0,-1.6,0,-0.435932,0.632535,0.640205
36.552,-72.5912,63.7741,0.0665537,0,-3.5,0,-0.186583,0.0218927,-0.982195
34.1053,-34.7582,62.2418,-1.63765,0,-3.9,0,-0.789563,0.612268,-0.041438
42.5337,-67.8114,74.3956,0.171938,0,1.48278,0,-0.863541,-0.298705,-0.406291
14.092,-44.3413,58.8244,-1.61722,-0.309437,3.8,0,0.761184,0.6438,0.0782286
51.4056,-64.9552,65.8313,0.221114,0,0.327824,0,0.594453,0.639831,0.487075
51.5246,-23.1696,69.6261,0.569749,-0.100933,-2.95842,0,0.901376,0.117209,0.416874
1.70656,-35.6723,54.8048,-0.761386,0,-0.8,0,0.0403101,0.67557,-0.736193
1.56225,-40.7286,51.6177,-0.772632,-0.108667,4.2,0,-0.333412,-0.147726,-0.931136
58.455,-34.33,61.526,0.550455,0,3.8,0,0.0840658,-0.989374,-0.118622
28.1765,-35.5042,65.6407,2.23584,0.0849967,-3.9,0,-0.749757,-0.20581,-0.628893
51.1352,-65.5566,68.6187,0.213993,0,4.2,0,0.497443,0.829184,-0.25496
21.082,-65.3259,62.1283,-1.06185,0,-3.5,0,0.283319,-0.423389,0.860507
49.4981,-38.8234,57.0096,-0.206776,-0.21798,-0.8,0,0.840056,-0.397595,-0.369085
50.3945,-33.3927,76.4085,-0.30713,0,3.8,0,0.448692,0.705913,-0.548054
10.0662,-62.8293,76.6195,-0.0979001,0,3.8,0,-0.180573,0.040472,0.982729
-3.11275,-37.6511,60.7118,-0.672077,0,-3.5,0,-0.0643841,0.738026,0.671694
3.16006,-46.6457,50.2342,-0.372446,0,-0.7,0,-0.203793,-0.572616,-0.794091
57.2247,-45.4812,78.0272,0.497167,0,-3.9,0,0.101187,-0.848534,0.519376
42.0176,-66.1924,78.2501,-0.220912,0,3.8,0,-0.133905,0.979492,0.150547
25.4619,-69.5769,69.7924,-0.0646406,0,-2.92014,0,-0.908733,-0.249913,-0.334288
57.4323,-47.3833,73.4364,0.392067,0,-3.9,0,0.490055,-0.590076,-0.641605
57.546,-50.0914,66.1856,0.285957,0,-3.5,0,0.825971,-0.50889,0.242492
31.6807,-46.7668,52.4896,0.719683,0,-4.5,0,-0.0824719,-0.985774,-0.146454
34.0099,-62.0295,54.0832,-0.0561883,0,-3.9,0,-0.733635,-0.674008,0.0865597
48.5596,-53.4694,55.9787,0.607946,0,-4.5,0,0.448248,-0.570047,-0.688564
9.49481,-54.8443,55.6362,-0.70077,-0.0709049,3.49321,0,0.955061,-0.295583,-0.0220989
39.0732,-29.367,70.9047,-0.351171,0,3.8,0,-0.464619,0.0100779,0.885453
49.2534,-40.5723,78.884,-0.117871,0,-3.5,0,-0.935892,-0.351689,0.0205058
-0.229125,-49.9691,64.3453,0.323352,0,3.19663,0,-0.824308,-0.441957,0.353823
31.9655,-49.7178,69.2888,0.390189,0,-3.5,0,0.242351,0.650168,0.720102
10.5493,-57.5483,64.2156,0.18954,0,-3.36023,0,-0.388606,-0.907453,-0.159732
57.6263,-46.5998,77.0859,0.535972,0,-3.9,0,-0.167178,-0.643384,0.747067
48.4567,-60.931,63.8275,0.530918,0.726703,-2.70532,0,0.540469,0.715242,0.443083
37.8312,-55.7051,71.3208,-0.410423,-0.230656,-0.7,0,-0.594366,0.731965,0.333103
41.9325,-56.2964,75.4286,-0.474072,0,-0.7,0,-0.44731,0.279814,0.849481
-1.272,-43.7747,52.239,-0.113423,0,-1.3,0,0.403035,-0.354566,-0.84371
46.3419,-35.9296,73.7236,-0.379193,0,2.8,0,-0.571966,0.565163,0.594513
51.9888,-67.8273,66.3176,0.0204612,0,4.2,0,0.730367,-0.190556,-0.655936
55.0279,-53.0926,72.4617,0.687138,0,-4.5,0,0.50342,-0.789132,-0.351907
47.9585,-61.666,70.8045,-0.129504,-0.132816,1.75653,0,0.855846,-0.492724,0.157322
16.1262,-60.993,62.0407,0.143137,0,4.5,0,-0.0261794,-0.884891,0.465061
14.7926,-43.2546,66.0602,0.158278,0.608007,3.6875,0,-0.0106324,-0.0564555,0.998348
-3.57181,-37.9799,61.5925,-0.664088,0,-0.4,0,0.0265706,0.988955,0.145815
0.329812,-49.7554,62.0811,0.0847417,0,1.8,0,-0.589576,-0.596847,-0.544219
27.3986,-51.0812,60.5692,0.105725,0,1.9,0,0.816436,-0.0594252,-0.574369
-4.56413,-38.7799,64.2315,-0.969348,-0.121846,-0.4,0,-0.868455,0.454523,0.197978
59.6323,-46.851,68.1237,-1.25137,-0.355316,-3.5,0,0.595078,-0.660524,0.45781
32.459,-68.6827,71.1068,-0.413209,-0.0742518,3.76521,0,-0.185404,0.169699,0.967899
37.4752,-64.5895,73.2379,-0.271526,0,-0.8,0,-0.28637,-0.478695,0.829966
37.6594,-55.0956,70.4668,-0.0327466,0,3.8,0,-0.524278,0.265828,0.808992
7.48562,-34.5331,63.6671,-0.371828,0,-3.2,0,-0.043392,0.915191,0.400677
37.9303,-22.2618,73.7527,-0.38968,-0.335836,-0.8,1,-0.0388929,-0.849997,0.52535
36.5158,-21.7531,73.1219,-0.113906,0,-0.8,0,-0.819909,-0.417235,0.391999
1.57625,-50.7349,56.431,0.147515,0.0521685,-0.7,0,-0.617081,-0.780593,0.0994325
9.85213,-40.2679,55.1765,-0.473865,0,2.8,0,0.19783,0.892579,-0.405174
11.1748,-40.4823,64.8254,-1.40855,-0.35623,4.02634,0,-0.240074,0.317573,0.91734
50.6861,-52.5744,60.7931,-0.0790452,0,-0.8,0,0.377538,0.0479334,-0.924753
35.792,-31.618,65.9044,-1.66002,-0.245404,-3.5,0,-0.638032,0.704745,0.310242
10.7458,-36.2293,62.642,-0.724303,0,3.8,0,0.413569,0.794101,0.445381
45.6577,-48.2489,53.2503,-0.814685,0,-3.5,0,0.404312,0.143578,-0.903281
47.3619,-63.4579,72.7504,-0.0488199,0,1.9,0,0.576654,0.644523,0.502056
46.3316,-34.7755,55.0221,0.0915572,-0.936065,-0.7,0,0.542471,-0.497365,-0.677018
-3.29875,-46.057,52.5858,-0.233007,0,-1.3,0,0.00356367,-0.707206,-0.706998
40.2001,-44.4556,51.6726,1.23057,0.244678,-3.15753,0,0.902833,0.390119,-0.18083
3.84631,-42.0634,50.6336,-1.89513,-0.777393,-3.5,0,-0.0561161,-0.199378,-0.978315
36.8516,-70.9995,63.7086,-0.625392,-0.488027,0.468338,0,-0.414944,-0.209241,-0.88546
43.5358,-66.6827,76.4508,-0.0928668,0,3.8,0,0.303991,0.917759,-0.255553
12.3559,-62.3679,59.7773,-0.400173,-0.19417,-0.8,0,-0.386864,-0.573496,-0.722107
30.9679,-62.7117,71.3745,-0.414519,0,2.5,0,-0.244964,-0.205967,0.947402
46.8345,-26.614,59.3768,-0.532072,-0.796151,-3.9,0,0.166706,0.67512,0.718626
3.19556,-51.2971,69.9005,-0.27299,0,-1.66221,0,-0.831566,-0.126522,0.540823
44.8825,-72.7754,73.9904,-1.56682,-0.0789421,-3.5,0,-0.93273,-0.35632,-0.0552424
54.237,-48.0267,59.8473,0.60295,0,-4.5,0,0.182669,-0.321901,-0.928984
49.8612,-53.617,56.8458,-0.608502,-0.567656,-3.5,0,0.699723,-0.037749,-0.713417
49.7313,-72.5321,71.5727,-0.0764231,0,1.8,0,0.610361,-0.79135,0.0349958
38.1756,-31.8854,57.3444,-0.283485,0,-0.4,0,-0.333722,0.613885,-0.715385
38.317,-61.1075,72.9536,0.612185,0.127177,-0.8,0,0.602485,0.531055,0.595812
-1.21888,-48.3269,62.0705,-1.18351,0,1.8,0,-0.485439,-0.635005,-0.600931
5.85337,-40.1981,70.8098,-0.200054,0,4.5,0,0.575437,0.079893,0.813935
13.7091,-63.7878,77.2375,-0.142064,0,-0.9,0,-0.53611,0.0298556,0.84362
14.8247,-64.8821,67.0157,-0.300869,0,4.2,0,-0.20624,-0.757637,-0.619234
49.1335,-52.3465,77.0573,0.45305,0,-4.5,0,0.0867082,-0.976011,0.199709
15.1041,-41.5212,66.8901,-0.394677,0,1.8,0,-0.0134294,-0.595621,0.803153
17.588,-50.2239,55.1401,0.00025463,-0.0932275,-0.8,0,0.942726,-0.0155792,-0.333204
51.7369,-36.4751,74.6667,0.0200404,0.46513,3.8,0,0.790065,0.610169,-0.0590823
37.8268,-21.7666,62.7692,-0.272773,0,-3.5,0,-0.811017,0.585016,0.00268808
41.3798,-52.4455,51.642,-0.00414665,0,-3.5,0,-0.728414,0.160793,-0.666002
50.3265,-45.7467,80.7168,-0.329606,0,-3.5,0,0.0385695,0.856398,0.514874
51.5209,-23.205,57.4801,1.00191,0,-3.9,0,0.40865,0.342888,0.845833
30.3159,-47.1579,59.624,-1.12119,0,-3.5,0,-0.0620028,-0.513367,-0.855927
9.576,-59.087,66.487,-0.086457,0,-0.7,0,-0.572212,-0.675758,-0.464676
51.1603,-50.4394,80.2343,-0.223785,0,-4.5,0,0.501757,0.124355,0.856023
15.9919,-60.5519,63.6766,-1.38523,0,-0.369007,0,-0.163422,-0.973397,-0.1606
33.6152,-65.88,57.877,-1.40031,-0.613989,-3.5,0,-0.805858,-0.591945,-0.0139466
16.3657,-39.7609,63.1345,-0.0294767,-0.212717,-3.5,0,0.75722,-0.616901,-0.214597
31.2339,-46.6436,72.7766,0.0840712,0,-1.6,0,-0.787142,-0.598752,-0.147996
32.8565,-59.5913,61.3423,0.0189612,0,-0.9,0,-0.605463,0.660132,-0.444567
57.778,-31.8229,72.5611,0.0487335,0,1.8,0,0.131622,-0.665733,0.73449
-3.0235,-46.7038,53.8247,-0.209313,0,-1.3,0,-0.500208,-0.860568,-0.0959969
26.198,-49.715,62.994,-0.574592,0,1.9,0,-0.283682,0.8158,0.503979
35.0676,-33.2454,67.1973,-0.792283,-0.381841,-3.55206,0,-0.604804,0.79534,-0.0405728
40.715,-68.6954,78.0468,-0.140555,0,3.8,0,-0.884763,-0.465955,0.00899615
39.6583,-38.6401,76.5721,0.421905,0,-3.5,0,-0.220581,0.587461,0.77861
47.3841,-48.8022,79.7195,0.0363029,-0.0580525,-3.72617,0,-0.835012,0.0762449,0.544924
14.888,-46.2705,68.0905,-1.26796,-0.153806,-0.9,0,0.405094,0.721315,0.561787
57.6026,-29.7564,62.2911,0.429745,0,3.8,0,-0.230024,0.899211,-0.372167
62.8236,-36.8077,68.7595,-0.0870329,0,-3.9,0,0.677912,-0.00157954,0.735141
5.83975,-52.596,50.352,0.249093,0,-3.5,0,0.35191,-0.337287,-0.873153
21.7385,-48.827,61.9435,-0.472037,0,4.5,0,0.607698,0.752227,-0.254672
40.7945,-28.1524,57.1966,-0.345661,0,-3.5,0,-0.608597,-0.127213,-0.783216
6.96875,-39.7663,69.376,0.16296,0.487744,-3.5,0,0.697914,0.555843,0.451612
22.5679,-68.0976,71.5586,-0.180201,0.0430741,-3.5,0,0.803439,-0.299125,0.514791
53.4084,-31.441,56.8421,0.0882244,0,-0.8,0,0.747721,-0.49136,-0.446631
3.63862,-44.9001,70.982,0.848178,0.46964,-0.7,0,-0.9492,-0.0632562,0.30825
0.604125,-49.3335,67.9005,-0.339946,0,1.48684,0,-0.879328,-0.0417159,0.474386
54.154,-57.7196,65.2336,0.344524,0,-4.5,0,0.514402,-0.630733,0.581004
34.6321,-32.9648,61.0703,-0.395198,0,-0.7,0,-0.884514,0.0859364,-0.45853
-8.38363,-44.6732,61.3957,-1.76647,-0.255378,-3.5,0,-0.801572,0.282207,0.527107
48.0776,-57.2631,63.7653,-0.247727,-0.772225,3.8,0,0.0441939,-0.891435,0.450989
2.04513,-51.9755,61.9491,-0.653603,-0.152949,4.2,0,-0.901142,-0.171343,-0.398227
5.00838,-57.7506,66.8033,1.1275,0.822717,-0.7,0,-0.688156,-0.724351,-0.0419174
47.1798,-62.8975,71.7849,-0.453182,0,2.57682,0,0.72211,0.496967,0.481228
46.9559,-35.0495,79.3093,-0.336641,0,3.8,0,-0.729528,0.366412,0.577522
49.1268,-63.6017,71.6417,0.144763,0,1.9,0,0.095575,0.891232,0.443362
44.076,-71.2119,74.3729,-0.0716126,0,-3.5,0,-0.708687,-0.648286,0.278368
31.7698,-40.2322,62.2528,0.24647,0.118592,-0.536346,0,-0.762981,0.493977,-0.416949
44.006,-22.8935,66.5535,-0.0834584,0,4.5,0,0.771628,0.544804,0.328297
23.6421,-68.0056,71.5236,0.00815309,-0.500217,-0.8,0,-0.325401,-0.298704,0.897157
12.61,-64.4181,76.2276,0.772246,0,-0.9,0,-0.475507,0.105286,0.873389
2.84544,-49.1768,51.0408,0.0352742,0.0127341,-1.46946,0,-0.179434,0.427596,-0.885983
5.83069,-50.9086,75.6242,0.0868953,0,-3.5,0,-0.69674,0.714122,-0.0676994
32.0684,-56.7035,71.9649,-0.416394,0,4.2,0,-0.0826128,0.626027,0.775413
27.0048,-60.6136,72.3362,-0.00293691,0,-1.6,0,0.087895,0.823042,0.561138
49.1526,-23.0336,56.3661,0.3524,0,-3.9,0,-0.667772,0.667809,0.328804
8.50456,-63.5327,72.9855,-0.104604,0,3.8,0,-0.973798,-0.0484986,-0.222182
47.3192,-60.7899,54.9055,-0.207086,0,-1.64169,0,0.116445,-0.943039,-0.311637
8.12456,-50.8543,52.0648,-0.0698563,0.386982,0.68705,0,0.722788,-0.213307,-0.657326
1.39375,-37.4882,65.6709,-1.15881,-0.276576,1.18415,0,-0.109999,0.913409,-0.391899
7.062,-41.5859,70.8942,-0.754565,0,-3.5,0,0.0790508,0.544875,0.834783
35.5605,-37.5337,73.3155,0.0525777,0,1.8,0,-0.756272,0.238475,0.609248
47.8521,-21.7316,71.9603,-0.716592,-0.0235614,-3.5,0,0.288953,0.87992,-0.377157
45.1804,-24.5863,57.4738,0.128893,0.790827,-3.5,0,0.888016,0.455339,-0.0639811
2.952,-52.6895,51.539,-0.349407,-0.156406,-3.5,0,-0.877034,-0.438282,0.196777
49.4901,-51.5162,58.9471,0.102603,0,-4.5,0,0.988734,-0.114651,0.0962247
42.1127,-29.2116,71.9637,-0.490391,0,3.8,1,-0.468869,-0.113113,0.875995
42.364,-54.0955,73.1237,0.071009,-0.128353,-0.7,0,-0.0896802,0.670177,0.736763
-2.92025,-35.3289,59.4861,-2.19874,-0.0441891,-3.5,0,-0.370706,0.582705,0.723209
11.4712,-61.0073,63.7528,0.0843466,0,-3.27344,0,-0.977398,0.103168,-0.184528
41.9809,-22.1161,61.3153,-0.344705,0,2.66751,0,0.797283,0.485441,-0.35873
14.7002,-47.2841,69.7047,-0.829164,-0.469933,-3.46015,1,0.368174,0.344613,0.863533
49.6535,-40.638,55.3315,0.839685,0,-4.5,0,0.944723,0.185591,-0.270287
13.3429,-43.2685,66.0201,-0.0383322,0,4.2,0,0.319273,0.292481,0.901399
33.0235,-33.557,55.6415,-0.495867,0.0809266,-3.2,0,-0.923054,0.376776,0.0775341
30.8972,-64.2395,61.7463,0.324083,0.32139,0.389057,0,-0.777191,-0.34075,-0.529022
49.6235,-32.9745,55.7545,-0.406101,0,-3.5,0,0.135335,-0.47421,-0.869948
35.8507,-19.8219,68.6484,0.108776,0,4.5,0,-0.760779,-0.187237,0.621416
45.0592,-42.0218,54.6711,0.612585,0,-1.95819,0,-0.590187,0.371415,-0.71675
36.0199,-76.2596,65.6462,-0.0775309,0,-3.5,0,-0.0144304,-0.997811,0.0645286
36.704,-26.4679,68.7351,-0.186804,0,-0.7,0,-0.695782,-0.38241,0.607988
-6.23712,-42.3666,62.5951,-0.472308,0,-1.96444,0,-0.863696,0.426292,0.268893
54.6864,-27.6955,62.7718,0.45294,0,2.5,0,0.617405,0.785283,-0.0462661
45.4684,-71.5325,65.0926,0.00273223,0,4.5,0,-0.0698415,-0.633599,-0.770503
35.9409,-28.2965,62.149,0.357478,0.259489,-3.61358,0,-0.809482,0.0109658,0.587043
11.5387,-36.5826,60.0366,-1.71673,-0.0442134,-3.5,0,0.178749,0.322272,-0.929618
59.6472,-43.9666,75.228,0.933457,0,-3.9,0,0.630589,0.181559,-0.754582
13.7353,-63.5145,63.6423,0.217398,0.682071,-3.5,0,0.662721,-0.495779,-0.561252
26.5747,-56.6231,60.0058,-0.712979,-0.171871,1.9,0,0.6121,0.100013,-0.784431
48.5859,-63.5156,66.637,0.542499,0,-3.2,0,0.521907,0.450104,0.724582
-1.66,-43.3325,70.498,-0.157465,0,4.2,0,-0.580671,-0.183466,0.793197
46.9204,-55.1289,51.9599,0.242455,-0.592302,-0.8,0,0.680819,0.732276,0.0160601
40.888,-46.4795,47.2573,0.0222135,0,2.8,0,0.159851,0.799602,-0.578865
54.737,-53.8506,65.9857,0.191312,0,-3.96251,0,0.623808,-0.170965,0.76265
12.5881,-69.3151,74.5303,-0.594366,0,-0.9,0,0.268601,-0.685024,-0.677197
34.1395,-39.0163,71.6728,-0.60435,0,1.8,0,-0.951861,-0.0451154,0.303193
48.4463,-67.3144,74.7491,-0.222234,0,-0.7,0,-0.011595,0.761266,0.648336
45.2176,-17.8796,67.4642,-0.218129,0,-3.5,0,0.724163,-0.232055,0.649414
41.793,-32.7323,69.4902,-0.909683,0,-2.39583,0,0.624696,0.185298,0.758564
32.2749,-35.9888,69.7239,-0.719343,0,-3.5,0,-0.78568,-0.407014,0.465883
45.0829,-38.0052,55.8945,-0.0296469,-0.00595433,-2.25114,0,0.200798,0.11946,-0.972322
38.2079,-26.5466,58.7482,0.274018,0,-4.5,0,-0.151364,0.234447,-0.960273
34.7204,-42.9876,75.2855,0.269538,0,-3.5,0,-0.884684,0.0359997,0.4648
29.1321,-58.8996,71.5713,0.110083,0,4.2,0,-0.458217,0.100561,0.883133
11.9111,-62.2156,62.6245,-0.0534473,0,-0.8,0,-0.913348,-0.404369,-0.0477504
62.314,-44.2453,78.8158,2.19416,0.235349,-3.9,0,0.827528,0.246175,0.504575
20.2536,-64.793,62.6001,-0.763518,0,-3.5,0,0.282889,-0.792716,0.539977
30.8244,-63.6006,59.9106,-0.0606792,0,3.8,0,-0.709218,-0.680144,-0.185509
55.6166,-47.1999,72.2174,0.567732,0,-3.57808,0,0.827125,-0.483776,-0.286052
28.5301,-67.9378,71.4768,-1.51351,-0.0828249,-3.5,0,0.143327,0.339619,0.929578
20.5888,-64.8668,65.261,-1.1378,0,-0.582316,0,-0.0459192,-0.799835,-0.598461
6.9435,-49.2325,49.6055,-0.131232,0,3.8,0,0.106844,-0.716245,-0.689621
56.3731,-55.1789,63.2826,0.601703,0,-4.5,0,0.995025,0.0505133,-0.0858739
51.0789,-49.0838,59.0627,-1.22319,-0.130621,-3.5,0,0.708643,-0.552363,-0.439
10.7179,-41.2423,66.6947,-0.670956,0.299995,-3.5,0,0.317699,0.94818,0.00466698
-2.0235,-45.49,52.7557,-0.275116,0,-1.3,0,0.278217,-0.220733,-0.934812
35.9218,-52.3826,53.2183,-0.481881,0.0495599,-2.93586,0,0.0413252,0.505514,-0.861828
46.1122,-46.7136,77.6863,0.00460976,0,-3.5,0,-0.546502,-0.306012,0.779546
10.1101,-45.9507,49.703,-0.274983,0,3.8,0,0.563725,0.130715,-0.815554
50.431,-60.4075,56.8255,0.448373,0,-3.5,0,0.668921,0.356916,-0.652039
36.1982,-33.9342,71.6124,-0.875398,0,-0.654211,1,0.0877446,0.854409,0.512138
10.8135,-58.8779,75.2354,0.105751,0,3.8,0,0.159937,0.291455,0.943119
3.67406,-44.3491,72.7497,-0.157806,0,-0.7,0,-0.961038,-0.104903,0.255737
52.4901,-27.1814,64.8029,0.598804,0,2.5,0,-0.457926,0.789009,-0.409595
40.6253,-45.1909,50.2552,0.546836,0.542075,-2.67847,0,0.682718,0.687974,-0.246147
-2.01325,-47.6512,66.6615,0.0459192,0,-3.5,0,-0.277682,-0.889112,0.363829
60.4173,-32.0014,69.5059,0.813434,0.175992,-3.5,0,0.857584,0.481212,-0.181616
53.2048,-40.1936,58.7806,0.201157,0,-3.2,0,0.0167242,0.407881,-0.912882
2.86162,-55.1394,67.244,0.329971,0,4.2,0,-0.419471,-0.898093,-0.132187
41.994,-46.681,49.057,-0.530065,0,2.8,0,0.452723,0.862818,-0.224917
46.7464,-57.6105,64.1041,-0.0358189,0,3.8,0,0.630098,-0.758708,0.165342
47.0116,-60.5893,73.4344,-0.808649,0,-1.6,0,0.778732,-0.615916,0.119264
28.6151,-43.9979,70.2624,0.787244,0,-4.5,0,-0.569832,-0.455782,-0.683779
43.6203,-32.7328,53.154,-0.165201,0,-0.7,0,0.232213,0.274322,-0.93318
51.0219,-66.5049,64.6557,0.0063618,0,0.607826,0,0.634482,-0.624656,-0.455233
49.4445,-28.8971,54.9967,0.651202,-0.0200197,-0.7,0,0.617813,0.264165,-0.740624
33.1324,-38.3139,69.137,-0.462143,-0.0629352,0.823257,0,-0.742707,0.163098,0.64945
0.8485,-42.1255,52.334,-0.336705,-0.00764205,4.2,0,-0.133352,-0.23734,-0.96223
44.0189,-36.5259,74.8759,-2.54354,-0.661951,-3.5,0,0.554094,0.21258,0.804854
56.4071,-36.8532,75.5529,-0.40354,0,-0.4,0,0.290856,0.892396,0.34501
27.7652,-50.6633,61.5817,0.00130841,0,1.9,0,0.725114,0.00244984,-0.688625
36.581,-20.6805,70.7298,0.399022,0,-0.364103,0,-0.987911,0.125243,-0.0913546
29.014,-42.0456,73.0926,0.341723,0,-4.5,0,-0.341418,0.809985,0.47682
47.1193,-34.8291,55.6402,0.477476,0,-0.8,0,0.385517,-0.194859,-0.901891
51.8976,-66.1253,67.9255,0.0907907,0,4.2,0,0.55923,0.827583,0.0486601
31.9054,-67.5061,60.1838,0.00845509,0,-4.5,0,-0.503205,-0.372058,-0.779973
40.05,-45.6577,48.5781,0.226617,0,1.70637,0,0.447538,0.623723,-0.640843
48.4434,-72.8986,77.4623,-0.164901,0,-3.5,0,0.511516,-0.472901,0.717437
36.3899,-22.2806,67.3936,-0.0904971,0,4.5,0,-0.950654,-0.219968,0.218797
47.4007,-37.5429,75.5306,-0.415162,-0.0615575,2.92056,0,-0.908034,-0.32551,0.263663
32.6896,-49.0556,68.4384,1.04272,0,-3.5,0,0.0721006,0.435104,0.897489
34.548,-42.7885,65.1665,0.720319,-0.023714,2.91276,0,-0.773187,-0.625147,0.106644
45.2096,-30.272,54.7228,-0.489586,0,-0.7,0,-0.592174,-0.0304147,-0.805236
31.7019,-57.2203,62.9701,-1.18346,-0.229911,4.2,0,-0.309289,0.448681,-0.838467
32.1906,-43.8999,55.1209,0.0636771,0,-4.5,0,-0.359331,0.887163,0.289521
51.2352,-28.558,70.4013,0.0557907,0,-1.6,0,0.122828,0.711068,0.692312
62.697,-32.7379,63.812,2.23165,0.312805,-3.9,0,0.490054,0.858985,-0.148295
-1.97244,-48.5697,54.3609,-0.829825,-0.512868,-0.7,0,-0.997409,0.0220745,0.0684726
23.6644,-50.1019,61.6613,-0.652037,0,2.44016,0,-0.206659,0.97809,0.0251484
-6.88419,-42.0591,52.3655,-0.280055,0,-1.3,0,-0.675821,0.353606,-0.646707
30.8765,-44.5135,75.3747,0.570519,0.252384,-4.5,0,0.358072,-0.386909,0.849756
54.1845,-29.3239,57.6981,0.0607994,0,-0.8,0,0.970608,-0.0141171,-0.240252
31.516,-42.0738,67.9089,0.24917,0,1.8,0,-0.622393,-0.495861,-0.605598
54.9543,-52.0692,66.3865,-0.522005,-0.573066,-2.65024,0,0.727543,-0.411389,0.549035
43.3275,-65.9372,77.5293,-0.251462,0,3.8,0,0.0771892,0.996878,0.0166047
4.872,-56.293,55.7142,0.456024,0.174325,2.291,0,-0.763862,-0.39249,-0.512315
13.601,-36.7832,60.0055,-0.907021,0,-3.5,0,-0.0154614,0.699975,-0.714
58.3958,-47.5672,66.0049,-0.51501,-0.290174,-3.5,0,0.763212,-0.54822,-0.341997
-3.84963,-36.6099,55.3904,-1.64545,-0.215113,-3.5,0,-0.5296,0.449629,-0.719276
30.9401,-64.1899,70.973,-0.84639,0,2.5,0,-0.401113,-0.334202,0.852888
17.8183,-68.0115,69.4962,-0.23265,0,-3.5,0,-0.377746,-0.679398,-0.629068
47.9061,-52.524,54.2516,1.15147,0.547544,-4.5,0,-0.0617413,-0.7331,-0.677313
41.0993,-24.2717,57.2035,-1.36517,-0.526228,-3.5,0,-0.598688,0.675599,-0.430277
10.3399,-55.9832,76.3584,-0.962345,-0.122621,-0.7,0,-0.0571806,-0.479042,0.875928
11.084,-44.995,71.4845,-0.122944,0,-3.2,0,0.361129,0.646215,0.672304
42.9062,-43.313,54.3175,0.7493,0,-1.3,0,-0.0603002,0.489788,-0.869754
44.1723,-63.4859,53.695,0.428796,0.425462,-4.36611,0,0.993547,0.110792,-0.0242854
16.1618,-44.9038,66.3593,-0.631688,-0.111616,-0.722839,0,0.214287,0.552671,0.805379
13.0054,-66.8018,73.6276,-0.0722166,0,-0.9,0,0.0748443,-0.304257,-0.949645
39.9224,-37.3026,52.9183,0.309773,0,-3.5,0,-0.571825,-0.239257,-0.784712
41.7917,-50.7557,50.4685,0.134273,0.345546,-3.5,0,-0.827815,-0.363359,-0.427426
38.132,-38.4663,54.4473,-0.427012,-0.18415,-3.2,0,-0.329875,0.00518477,-0.94401
14.2867,-65.995,72.8343,0.0054466,0,-0.9,0,-0.406055,-0.716085,-0.567752
24.102,-59.3131,60.1251,-0.715632,-0.651418,-0.8,0,0.250245,-0.30821,-0.917815
57.6112,-33.8514,72.0846,-0.647355,0,-3.5,0,-0.114559,0.181715,0.976655
44.6258,-41.611,75.6557,-1.307,0,-0.7,0,0.46379,0.813549,0.350767
3.03725,-54.4342,64.4235,-0.0885745,0,4.2,0,-0.305568,-0.941257,-0.143748
7.97825,-32.0863,58.3363,-1.4492,-0.0193019,-3.21649,0,0.423694,0.196102,-0.884323
15.1166,-39.0127,67.6215,-0.457221,0,1.8,0,-0.332971,0.332325,0.882435
34.377,-68.2777,71.7716,-0.110268,0,4.5,0,0.0128026,-0.283233,0.958966
35.5846,-34.8295,75.058,-0.283733,0,4.2,1,-0.98067,0.128506,0.147558
12.9196,-59.7706,76.7476,0.353715,0,-3.5,0,-0.518614,0.245365,0.819046
18.3864,-58.4781,76.4506,-0.0343831,0,-3.5,0,0.933578,0.264578,-0.241724
53.2621,-23.2586,54.505,2.15811,0,-3.9,0,0.78728,-0.496544,-0.365559
52.3291,-64.8974,70.3128,0.691112,0,1.9,0,0.828616,0.0675012,-0.555734
5.353,-56.2846,63.614,0.13535,-0.457758,-0.780863,0,-0.84633,-0.202551,0.492645
42.6732,-67.0329,80.5491,-0.173206,0,3.8,0,0.128266,0.695557,0.706929
19.4264,-63.7036,75.7166,-0.234838,0,2.26239,0,0.672527,-0.0250959,0.739647
32.6009,-67.1116,70.6448,-0.20175,0,4.5,0,-0.340955,0.113101,0.933251
39.6857,-59.503,51.0616,0.0873502,0,-0.886855,0,-0.210056,-0.678259,-0.70416
16.3471,-42.2854,63.7716,0.214433,0.381674,1.8,0,0.77814,0.443626,-0.444629
45.9345,-26.4295,60.052,-0.293823,-0.197301,0.793498,0,0.803447,0.595372,-0.00226347
38.6855,-47.8402,48.6259,0.00720679,0,2.8,0,-0.916712,-0.309752,-0.252373
33.0788,-46.1015,75.7455,0.186823,0,-1.6,0,-0.381629,0.321893,0.866455
-2.76144,-39.3073,51.6824,-0.774721,0,-1.3,0,0.0321489,0.648023,-0.760942
-4.90231,-37.729,58.0008,-0.922777,0,-3.5,0,-0.967612,0.238389,-0.0830488
14.5205,-64.8648,78.0618,-0.019622,0,-0.9,0,-0.176468,0.571925,0.8011
23.3931,-64.058,64.1496,-1.20346,-0.649546,3.8,0,-0.385393,-0.910572,-0.149434
31.6094,-46.1576,65.9587,0.152946,-0.0911405,-3.5,0,0.228297,0.973562,-0.0075585
8.39625,-51.031,77.4313,-0.726059,-0.0103445,-3.5,0,0.595611,0.542216,0.592663
46.0106,-27.8774,61.163,-0.606233,0,4.5,0,0.880669,0.461811,-0.10561
48.2025,-24.2469,56.4883,0.114188,0,-3.9,0,-0.844477,0.535589,0.00174907
50.2541,-67.2728,77.0129,-0.186455,0,-0.7,0,-0.18491,0.949084,0.255047
11.1699,-59.7814,61.6202,0.318607,0,-0.8,0,-0.83754,-0.281977,0.467991
50.2725,-62.2218,61.3779,-0.0823049,-0.00134527,-3.5,0,0.781946,0.360734,0.508362
17.7913,-63.8153,62.9259,-0.663029,-0.126702,-3.02037,0,-0.918887,0.0472897,-0.391675
38.5371,-22.8369,71.9299,-0.311641,0,-0.8,1,0.0734745,-0.936535,0.342789
22.6257,-65.949,65.873,-0.282092,0,-0.4,0,0.0890231,-0.810849,-0.578445
41.984,-45.8038,52.1224,0.527499,0,2.8,0,0.665071,0.662816,-0.344028
40.6157,-22.7908,71.4804,-0.277126,0,-0.273819,1,0.303985,-0.327816,0.8945
11.7556,-41.9437,54.3274,-0.267118,0,3.04058,0,0.768215,0.475567,-0.428581
47.2385,-22.6688,69.7002,-0.38657,0,-3.5,0,-0.424818,0.615681,-0.663677
58.6416,-40.354,79.9169,-0.255446,0,-3.5,0,-0.0980848,0.137042,0.985697
19.7964,-59.845,75.536,-0.452577,0,3.8,0,0.536702,0.777106,0.328721
28.9985,-72.2736,71.5861,-0.0966819,-0.070613,-3.18848,0,0.506795,-0.377343,0.775094
33.5061,-58.3885,61.3688,-0.142585,0,-0.9,0,-0.90293,0.15386,-0.401304
53.9593,-51.2517,60.9659,0.528798,0,-4.5,0,0.0810212,0.0451296,-0.99569
60.252,-44.1265,79.1283,1.70978,0,-3.9,0,-0.0500476,0.0367412,0.998071
43.6838,-71.5334,72.4886,0.211889,0,-3.5,0,-0.514174,-0.817318,0.260032
28.4445,-33.8575,65.8165,2.79797,0,-3.9,0,-0.500541,0.56801,-0.653317
36.0725,-65.2011,53.952,-0.389329,0,-3.5,0,-0.117256,-0.578413,-0.807273
-5.63788,-41.073,64.901,-1.38759,-0.0359935,-0.4,0,-0.74338,-0.0495436,0.667032
53.9997,-42.158,58.3931,-0.318546,0,-3.2,0,0.151105,-0.0138929,-0.98842
53.7328,-43.4277,79.7559,0.109571,-0.0480775,-3.5,0,-0.468291,0.0928615,0.878681
26.7555,-49.5563,66.6062,-1.30431,-0.832262,-3.5,0,-0.439987,0.717389,0.540152
10.5681,-60.8563,67.7158,-0.384618,-0.705179,-3.5,0,-0.932425,-0.349786,0.0907367
52.4255,-52.3395,78.6275,0.714033,0,-4.5,0,0.791061,-0.607442,0.0723661
-8.31444,-45.6393,58.3448,-0.312468,0.131998,-4.09048,0,-0.349465,-0.930741,-0.10768
46.3242,-59.5985,50.8527,-0.0162376,0,-0.8,0,0.0705612,-0.491177,-0.868197
45.8722,-40.7672,52.9769,0.765739,0.0296093,-4.5,0,-0.790135,0.486871,-0.372347
55.6169,-48.4782,70.1413,-0.0546855,-0.0628328,-2.57024,0,0.812194,-0.35486,0.46305
-4.50675,-42.0984,51.0835,-0.733592,0,-1.3,0,-0.18076,-0.151056,-0.971858
56.8772,-29.2766,63.0298,0.649475,0.0992609,2.69443,0,0.41954,0.903075,-0.0918785
32.5981,-40.704,70.3503,-1.11717,0,-4.5,0,-0.477038,0.76327,0.435721
36.8935,-42.1379,77.8834,-1.18876,0,-3.5,0,-0.230045,-0.239425,0.943268
36.7152,-42.9195,49.5783,-0.0022868,0,-4.5,0,-0.0881652,0.697515,-0.711126
52.4576,-36.4385,58.0472,-1.68632,-0.783579,-3.5,0,0.095729,-0.754766,-0.648972
28.3565,-50.2371,67.4365,-0.653429,-0.0965965,-3.5,1,-0.56359,0.557359,0.609687
45.2565,-66.7135,56.5081,0.4236,0,-2.05835,0,0.613437,0.319526,-0.722218
-9.26062,-42.4121,58.8554,0.504807,0,-4.5,0,-0.74061,0.288632,0.606786
42.1825,-68.9985,72.3624,-1.30837,-0.50712,-3.5,0,-0.880522,-0.13252,0.455105
25.7415,-55.7433,69.1292,-0.488957,0,-3.5,0,0.131973,0.556657,0.820193
50.912,-54.4125,57.0628,-1.65208,-0.854627,-3.5,0,0.508514,0.428868,-0.74665
44.9422,-46.3545,77.7158,-0.303838,0,-0.7,0,0.140636,-0.516441,0.844695
51.8696,-27.4613,55.8501,1.08398,0.896708,-3.9,0,0.407218,0.382068,-0.829577
40.897,-68.7493,67.6283,0.194544,0,3.22877,0,-0.552169,-0.540467,0.634827
43.2951,-46.1919,53.5594,0.302507,0,-0.962119,0,0.202601,0.512827,-0.834243
48.146,-24.6575,61.8965,-0.0131826,0,4.5,0,0.593218,-0.15794,-0.789397
45.926,-17.4583,65.35,-0.600908,-0.294321,-3.5,0,0.733304,0.480427,-0.481097
32.648,-43.3746,54.0698,0.233506,0,-4.5,0,-0.263052,0.952853,0.151245
18.0322,-59.9625,59.1683,0.0144755,0.391464,4.5,0,0.307898,-0.345331,-0.886536
30.1791,-59.9754,71.8778,-0.149874,0,4.2,0,-0.0787555,-0.0141562,0.996793
32.6447,-54.3504,59.4437,-0.0841848,0,-0.9,0,-0.8932,0.384048,-0.233883
58.4241,-33.3163,60.7969,0.333747,0,3.8,0,-0.073157,-0.39784,-0.914533
38.3932,-40.5931,53.0395,0.349295,0,-4.5,0,0.175753,0.797817,-0.576715
2.17863,-47.3701,70.4899,-0.165445,0,-0.7,0,-0.416906,0.314648,0.852752
8.2565,-62.5643,73.3189,-0.136277,0,3.8,0,-0.99376,-0.034167,-0.106181
14.4545,-59.8653,78.2913,-0.215068,0,-3.5,0,-0.478195,0.0024258,0.87825
32.9894,-38.0708,56.8656,0.144621,0,-1.6,0,-0.462674,-0.0682436,-0.883898
7.02819,-50.1256,71.1316,-1.41359,-0.213292,-3.5,0,-0.68312,0.608375,0.404013
-8.97688,-45.2632,59.4354,-1.44217,0,-3.5,0,-0.920843,-0.367412,-0.130601
39.7601,-50.3887,69.9691,0.0328984,0,3.8,0,-0.207848,-0.352327,0.912505
20.1228,-45.4811,63.2075,-0.57341,0,-0.7,0,0.770206,0.482239,-0.417406
39.8475,-71.1797,60.9502,-0.108659,0,-3.5,0,-0.760657,-0.624711,-0.176459
11.718,-53.3875,54.5065,-1.328,-0.189828,-0.8,0,0.154476,-0.855917,-0.493501
55.7489,-28.2216,71.3099,0.405847,0,1.8,0,0.212794,0.885284,0.413511
30.9221,-43.437,52.2022,0.487444,0,-4.5,0,-0.250295,0.964223,0.0873342
12.9131,-70.3298,76.4726,-0.433701,0,-0.9,0,0.299126,-0.849675,-0.434253
43.8371,-63.1196,58.1686,0.208476,0,-3.5,0,0.74499,-0.395903,-0.536891
42.3519,-60.7141,50.6186,0.132173,0,-3.5,0,0.263048,-0.635625,-0.725801
53.1821,-36.8937,77.0023,0.921484,0.0130407,-1.03855,0,0.0280358,0.957561,0.286863
35.7583,-50.3422,69.9914,0.0975116,0,-0.8,0,0.0496288,0.303694,0.951476
43.9852,-30.8959,54.9341,-0.46134,0,-0.7,0,-0.267825,0.564412,-0.780838
39.0949,-66.2241,71.8076,-0.169339,-0.00744599,2.5,0,-0.146009,-0.739796,0.656798
50.6621,-59.335,73.2019,0.12204,0,-1.6,0,0.554652,-0.520342,0.649311
45.119,-39.2103,55.0894,0.502739,0,-4.5,0,-0.115277,0.509485,-0.852723
40.7738,-68.0788,68.5157,0.0953813,0,3.44967,0,-0.211733,-0.952775,0.217692
34.4804,-62.3514,55.6861,-0.486305,0,-0.923135,0,-0.981122,-0.191673,-0.0257042
23.3051,-64.5911,65.3457,-0.294636,0,-0.4,0,-0.110147,-0.647553,-0.754018
3.0125,-45.3731,69.9035,0.0652878,0.76073,-0.7,0,-0.547952,-0.0294823,0.83599
30.7864,-40.8784,62.3003,0.705884,0,-0.7,0,-0.568937,0.751776,-0.333383
52.6106,-68.2299,67.4174,-0.0005815,0,4.2,0,0.811829,-0.35906,-0.460445
14.0744,-67.4781,74.1921,-0.225303,0,-0.9,0,0.212798,-0.658177,-0.722163
-9.804,-44.3764,52.9655,0.630407,0.322563,-4.5,0,-0.16415,-0.277638,-0.946558
37.3053,-62.7648,73.9705,-0.763809,-0.328295,-0.8,0,-0.215774,-0.159699,0.963295
21.735,-49.183,65.76,-0.700734,0,4.5,0,0.449933,0.862154,0.232917
18.7172,-50.0573,59.6408,-0.400606,0,-2.5435,0,0.65832,0.672482,-0.338206
50.4641,-30.3143,54.6509,0.379295,-0.570555,-0.726953,0,0.407171,0.0593626,-0.911421
32.8446,-34.2849,64.6862,-0.190748,0,-3.9,0,-0.50812,0.502655,-0.699394
37.196,-32.141,58.81,-0.359888,0,-0.4,0,-0.551159,0.705934,-0.444839
28.7851,-50.7286,62.2352,0.121558,0,-0.9,0,0.174402,-0.130656,-0.975968
34.4638,-41.9005,74.7571,0.169619,0.288181,-3.5,0,-0.943058,-0.023504,0.331798
37.9754,-66.0303,54.4326,-0.184789,0,-3.5,0,0.0704718,-0.796127,-0.601012
40.4081,-32.4879,56.7671,-1.37543,-0.247747,-0.4,0,-0.287867,0.543229,-0.788692
0.9925,-39.2469,69.1833,-0.482512,0,4.38976,0,-0.601059,0.239367,0.762517
1.736,-50.4936,59.1473,-0.246971,0,3.8,0,-0.960949,-0.249952,0.118751
12.4399,-62.0057,76.6717,0.875474,0.705532,-3.25832,0,-0.344158,-0.146631,0.927391
41.8241,-30.4448,57.2414,-0.748571,-0.938458,-4.5,0,-0.554646,0.0392068,-0.831162
45.7281,-72.4346,70.1779,0.351461,0.407565,-1.89012,0,-0.249987,-0.949719,-0.188521
44.7271,-33.7108,69.6985,-1.32027,-0.054738,-1.58627,0,-0.589145,0.424987,0.687237
42.3431,-57.8129,48.908,0.595145,0.184244,-3.5,0,0.26331,-0.0900657,-0.960498
11.4974,-63.2184,67.9211,-0.283732,0,1.64716,0,-0.854451,-0.412,0.316494
43.5054,-17.0529,72.2387,-0.435203,-0.467923,-0.7,0,0.411181,0.359188,0.837803
3.24213,-31.3535,58.2411,-1.43813,-0.410317,-3.5,0,-0.78285,0.576099,-0.235065
34.2076,-52.9811,56.269,-0.781653,0,-3.5,0,-0.49954,0.702962,0.506265
30.6994,-41.0319,68.0602,0.0264421,0,1.8,0,-0.983125,-0.166984,-0.0747067
50.6115,-44.183,59.2925,0.125366,-0.43368,-0.7,0,0.417744,-0.16604,-0.893264
32.13,-60.193,54.543,-0.0165635,0,-3.9,0,-0.62813,-0.671555,0.393023
54.5346,-41.4234,78.8722,-0.512285,-0.0150171,-3.5,0,-0.0967704,0.35534,0.929714
13.929,-45.4895,68.9715,-0.607407,0,-3.2,0,0.676877,0.572088,0.463198
59.1099,-39.7269,59.2384,1.96732,0.00679252,-3.9,0,0.885832,0.389968,-0.251447
13.626,-44.7851,67.0626,-0.590173,0.077871,0.98279,0,0.485772,0.724837,0.488505
34.9808,-48.0906,75.2702,0.302538,0,-1.6,0,0.213515,-0.786334,0.579733
22.8686,-52.241,70.8851,-1.7654,0,-3.5,0,0.90911,0.302157,0.286739
34.0491,-23.4352,63.838,0.440385,0,-4.5,0,-0.676823,0.301981,0.671355
23.0045,-64.014,62.1686,-0.736414,0,0.0597399,0,0.256073,-0.925537,-0.278939
55.5598,-55.8146,60.9997,0.804447,0,-4.5,0,0.538362,-0.00324298,-0.842707
61.4188,-32.1954,64.4522,0.775598,0,-1.99175,0,0.301785,0.773877,0.556812
9.37825,-30.7593,59.3105,-0.251014,0,-3.2,0,0.256898,0.881944,-0.395194
46.975,-48.6608,78.7497,0.512984,0,-4.5,0,-0.830878,0.241564,0.501287
34.2921,-34.3366,60.4664,-0.266182,0,-1.6,0,-0.555464,0.825962,-0.0961541
42.7185,-42.1417,78.0606,-0.0508953,0.459244,-3.37066,0,0.0345186,0.426881,0.903649
36.8065,-26.5845,65.9863,-0.0736204,0,-0.7,0,-0.496004,-0.837848,-0.228013
48.5524,-38.2896,55.7394,-0.282859,-0.0965585,-3.88925,0,0.658249,0.176462,-0.731826
32.734,-56.993,62.097,-0.19394,0,-0.9,0,-0.906499,-0.0187534,-0.421791
42.3283,-67.7625,54.5626,0.486428,0,-4.5,0,-0.0553262,-0.800096,-0.597315
60.1059,-47.142,75.726,0.45711,0,-3.9,0,0.433914,-0.860299,-0.267591
18.8564,-51.5402,70.8733,-1.454,-0.207125,-1.10897,1,-0.274377,0.734654,0.620484
29.0168,-44.6387,64.6183,0.091111,0,-1.09375,0,-0.6636,0.322474,0.675016
58.0103,-37.9746,76.9924,-0.064538,0,-2.01359,0,0.164006,0.95307,0.254481
6.82912,-56.2668,51.1128,-0.108091,0,4.2,0,-0.550762,-0.220675,-0.804962
3.65744,-32.6649,60.5099,-0.846364,0.155213,-3.02958,0,-0.208049,0.397046,0.893907
-9.26269,-43.6841,58.8405,0.61591,0,-4.5,0,-0.902653,-0.0766958,0.423479
6.50775,-58.1981,64.7843,-0.126363,0,-0.7,0,-0.226615,-0.972725,-0.0495078
58.4986,-32.6039,71.9845,-0.115574,0,-3.5,0,0.382178,-0.262787,0.885936
26.5327,-52.9819,60.6425,-0.537096,0,1.9,0,0.728203,-0.149214,-0.668921
47.6484,-27.1901,54.2638,0.102143,0,-0.7,0,-0.0508791,0.778995,-0.624962
13.8294,-56.821,58.5122,-0.276799,0,2.97721,0,0.0106648,-0.633349,-0.773793
22.2523,-63.8011,73.0482,0.0834749,0,3.8,0,0.188142,-0.874184,0.447667
44.655,-29.0771,55.2408,-1.01818,-0.666963,-3.5,0,-0.592778,0.214977,-0.776144
18.7418,-60.3506,76.4712,-0.388516,0,-3.5,0,0.557012,-0.173814,0.812112
12.587,-46.6992,71.4065,-0.841914,0,-3.2,1,0.750077,0.397533,0.528538
1.53163,-40.6459,70.9013,-0.280424,0,4.22474,0,-0.520335,0.413164,0.74736
-5.11963,-39.3494,56.9446,-0.771201,0,-3.5,0,-0.927542,0.241087,-0.285556
48.715,-23.3107,74.4297,-0.329811,0,-3.5,0,0.6266,0.185052,0.757052
46.5269,-62.2289,57.9695,0.506024,-0.18023,0.416694,0,-0.407845,-0.788747,-0.459936
37.8225,-47.9575,52.593,-0.163521,0,3.68999,0,-0.696979,0.0969714,-0.710505
18.0192,-48.1418,57.1136,-0.410115,0,-0.7,0,0.964081,-0.0155988,-0.265151
30.5889,-57.794,55.233,1.69402,0,-3.9,0,-0.886402,-0.452769,0.096392
37.6303,-60.8622,51.6771,0.290129,0,-0.793151,0,0.518806,-0.417882,-0.745798
32.9826,-52.0556,53.3604,-1.60465,-0.7294,-3.5,0,-0.78957,0.415132,-0.451934
42.8111,-70.9596,64.5194,-0.355112,0,0.575289,0,0.196048,-0.964189,0.17862
33.8919,-45.3617,66.0704,0.147219,-0.30711,3.8,0,-0.77122,0.636565,-0.00191103
9.6925,-40.646,67.9729,-1.76783,-0.492266,-3.5,0,0.50221,0.731413,0.461324
26.2782,-63.7327,61.2771,-0.253573,0,3.8,0,-0.241112,-0.650024,-0.720648
61.6463,-41.1162,72.455,0.591866,0,-1.62286,0,0.448554,-0.0460107,0.89257
29.993,-43.243,69.2097,0.516075,0,-4.5,0,-0.494049,0.152736,-0.855913
7.72844,-35.3164,57.7059,-1.13955,0,-3.5,0,0.833595,0.39867,-0.382338
50.1385,-22.1644,56.1359,1.12478,0,-3.9,0,-0.611664,0.711682,0.34551
10.5316,-61.2477,70.3351,0.170446,0,3.11611,0,-0.77955,-0.47251,-0.411141
26.5711,-73.0606,70.4443,0.383278,0,-3.5,0,-0.421501,-0.58789,-0.69045
22.6021,-64.303,71.2322,-0.433726,-0.430683,0.214291,0,0.0964855,-0.646163,0.757076
43.3416,-37.8235,53.3235,0.730214,0.394247,-3.5,0,0.756809,-0.487022,-0.435946
48.658,-60.2845,62.956,0.300435,0.251899,-1.36976,0,0.594869,0.115611,0.795465
48.9662,-66.9238,58.8209,0.208659,0,3.8,0,0.629809,-0.580832,-0.515727
37.77,-47.5342,74.2688,-0.302189,-0.280417,4.5,0,-0.218621,-0.90649,0.361221
-5.4825,-38.4156,62.6328,-0.403596,0,-0.4,0,-0.63327,0.735102,0.242061
47.763,-64.2552,69.176,0.47707,0,2.16721,0,0.737001,0.592728,-0.324813
5.01925,-56.9966,70.9798,-0.0878445,0.0179957,-3.5,0,-0.931308,-0.321356,0.171453
46.1937,-24.4889,73.7761,-1.31351,0,-3.5,1,-0.493764,-0.411626,0.766003
60.5519,-38.9474,79.1524,-1.20816,-0.633578,-3.5,0,0.301148,0.734917,0.607625
35.0409,-48.308,73.8501,0.13203,0,-1.6,0,0.321244,-0.926442,-0.196232
0.618937,-55.3392,59.3456,-1.04879,0,-3.2,0,-0.956915,0.2396,-0.164029
52.132,-44.8745,59.5005,0.617879,0.275308,-4.29895,0,-0.151044,-0.135716,-0.979166
49.6112,-72.1496,73.2541,-0.284747,-0.0198504,-1.52556,0,0.533214,-0.820179,-0.207338
43.1736,-26.999,55.9937,0.135501,0,-3.5,0,-0.0289267,-0.0124218,-0.999504
32.2984,-44.3766,74.4674,0.0889777,0,-1.7109,0,0.378814,0.361342,0.852016
14.2534,-52.5694,72.1992,-0.581962,0,4.5,1,0.405863,0.775772,0.483171
35.3184,-52.147,55.5621,-1.03179,-0.468228,-3.5,0,-0.271939,0.7828,0.559708
47.2217,-74.153,77.3223,-0.321416,0,-3.5,0,0.115634,-0.786658,0.606464
1.174,-34.4855,58.679,-0.481088,-0.940596,-0.7,0,-0.521193,0.833458,-0.18359
36.1743,-27.2673,62.6855,0.86815,0.472917,-4.5,0,-0.488661,-0.565575,0.664331
30.9981,-38.4354,65.4027,0.149682,0,1.8,0,-0.97147,0.134511,-0.19533
56.009,-30.376,60.8945,0.491116,0,3.8,0,0.482141,0.350519,-0.802918
-6.19637,-47.6043,60.5558,-2.27009,-0.33697,-3.5,0,-0.152136,-0.988312,0.0096873
12.3775,-48.4029,72.5245,-0.127547,0,-3.2,1,0.8112,-0.222219,0.5409
51.4076,-56.8005,68.2799,-0.018859,-0.054057,-4.24505,0,0.818374,-0.402079,0.410606
26.8871,-59.9304,58.6611,-0.289565,0,3.8,0,-0.30873,0.648886,-0.695437
10.5849,-65.4718,75.2719,-0.0760693,0,0.827782,0,-0.689488,-0.587985,0.422943
56.5715,-47.0399,72.9598,0.441208,0,-3.9,0,0.385322,-0.484666,-0.785255
46.216,-23.4182,65.6261,-0.122213,0,4.5,0,0.270903,0.663892,0.697036
17.5575,-36.2077,61.4179,-2.06797,-0.344731,-3.5,0,0.55947,0.777184,0.28806
7.85012,-43.3815,72.2369,-0.69445,-0.148608,-1.36767,0,0.517148,0.498457,0.695772
-2.2795,-47.4875,56.183,-0.526779,0,-0.7,0,-0.898058,-0.398665,-0.185896
48.9626,-43.7604,56.752,0.230415,0.410348,-2.89743,0,0.974363,0.180006,0.134958
61.3529,-39.1347,65.4158,0.130841,0,-3.9,0,0.554414,-0.209581,-0.80542
23.6471,-52.7725,69.6846,-1.03187,-0.0467638,-3.5,0,0.730178,0.0578671,0.680802
58.4876,-29.2559,69.5179,0.152657,0,1.8,0,0.482523,0.684503,-0.546468
44.5519,-65.9929,74.1566,-0.709344,-0.54707,0.422027,0,0.0789839,0.424559,0.901948
25.5285,-66.5276,67.0171,-0.388984,0.0034185,-0.8,0,-0.493674,-0.760912,-0.421069
50.859,-36.7526,57.033,-0.79048,-0.69485,-3.5,0,0.465865,-0.544883,-0.697189
14.0522,-70.7031,80.2288,0.0790687,0,-0.9,0,0.109834,-0.815657,0.568014
46.6809,-41.9824,51.0427,0.63532,0.000653191,-4.5,0,-0.0137955,0.109115,-0.993933
39.1068,-46.127,48.1726,0.319978,0.0119387,1.87607,0,-0.388058,0.182893,-0.903306
5.58606,-51.1316,74.3726,-0.127231,0,-3.5,0,-0.911511,0.406452,-0.0628033
4.15919,-36.2949,69.6846,-0.410369,0,4.5,0,0.421632,0.799913,0.427042
48.1845,-56.9381,74.2065,-0.273843,0,-1.42974,0,0.517857,0.0418467,0.854443
15.3398,-66.0235,79.0642,-0.00874796,0,-0.9,0,0.161828,0.775554,0.610187
54.3121,-42.4666,79.5641,0.182651,0,-3.5,0,-0.0795538,0.465149,0.88165
11.9629,-52.4921,76.9876,0.77602,0.130801,-0.7,0,0.21383,0.712895,0.667875
8.28887,-39.6603,52.2,-1.08831,-0.833149,-3.26015,0,0.553362,0.710762,-0.434289
43.3804,-21.4175,66.2732,0.554182,0,4.5,0,0.871435,0.0180268,0.49018
46.6705,-53.054,76.5312,-0.00782481,0,-4.5,0,-0.502446,-0.814702,0.289497
41.993,-59.873,73.192,-0.581458,0,-1.85789,0,-0.690794,-0.139992,0.709371
58.5863,-38.8211,79.3699,-0.279816,0,-3.5,0,-0.160603,0.631187,0.758821
5.62425,-42.6671,73.4133,-0.30727,0,-0.7,0,0.0138946,0.811272,0.584503
52.0027,-58.0448,62.1723,0.395272,0,-4.5,0,0.10953,-0.929324,-0.352648
39.1208,-41.8512,52.0415,1.75655,0,-4.5,0,0.510384,0.70878,-0.48697
51.3049,-55.9188,72.1674,0.309591,0,-1.6,0,0.939693,-0.309711,0.145108
-0.164,-48.8133,65.4199,0.205831,0,2.57001,0,-0.748778,-0.561067,0.352895
17.4932,-62.6489,63.9126,-0.72315,-0.77022,-1.33087,0,-0.909686,-0.0205136,-0.414789
11.0553,-43.4617,69.1247,-0.802517,0.185025,-3.2,0,0.443777,0.642263,0.624948
-1.55425,-49.9711,55.2381,-1.22821,-0.474261,-0.7,0,-0.628022,-0.681215,0.376211
57.3507,-43.3171,80.3972,0.599732,0.060482,-3.5,0,0.24605,0.167004,0.954761
33.6774,-60.6393,55.4736,-0.194337,0,2.80664,0,-0.822044,-0.519764,0.232572
0.693438,-47.2887,51.297,-0.38077,-0.273361,-0.7,0,-0.502966,0.326086,-0.800433
29.5843,-34.8169,68.9072,1.23338,0,-3.9,0,-0.427315,0.134733,0.894007
45.792,-42.7218,51.8503,0.402498,0,-4.5,0,-0.831596,-0.167727,-0.529448
30.9147,-59.2217,54.1,-0.0127795,0,-3.9,0,-0.813115,-0.578937,-0.0606222
61.2524,-41.231,79.6554,-1.91809,-0.0796198,-3.5,0,0.319701,-0.462234,0.827122
52.6286,-50.4164,77.186,0.502235,0.817362,-4.5,0,0.798491,0.422983,0.428366
49.9515,-41.406,57.625,0.0631749,0,-4.07522,0,0.827425,0.231601,-0.511594
43.1662,-55.1234,73.931,0.356467,0.105894,-0.7,0,-0.101724,0.764438,0.636621
50.4765,-26.1069,69.8036,-0.722914,-0.0201518,-0.4,0,0.525722,-0.143731,0.838426
43.7952,-22.4377,71.3763,-0.639312,-0.769765,-3.5,0,-0.364929,0.854463,0.369755
4.393,-36.4473,64.416,-0.697539,-0.0884782,-1.389,0,-0.630861,0.745179,0.216155
0.751375,-37.3597,63.4499,-1.13919,-0.157457,-2.59547,0,-0.323431,0.893126,0.3126
45.711,-63.5649,59.7103,0.791219,0.539171,-0.515175,0,-0.169718,-0.198309,-0.965334
-4.43837,-37.666,54.502,-2.46566,-0.502421,-1.3,0,-0.343591,0.917653,-0.199643
47.4881,-38.2559,74.2746,-0.275419,0,2.8,0,-0.844559,-0.415231,0.338087
15.3029,-69.0914,77.7845,-0.549429,0,-0.9,0,0.54513,-0.790541,-0.279067
8.50688,-37.9139,65.679,-1.53857,-0.151952,0.994126,0,0.344292,0.460603,0.818112
7.98125,-45.4972,49.4201,-0.265897,0,3.8,0,0.0751164,0.478707,-0.874756
22.4218,-62.7708,61.1372,-0.582715,0,-2.81391,0,0.645828,-0.0597062,-0.761145
51.2179,-70.2961,70.0847,0.146204,0,3.26628,0,0.827787,-0.547983,-0.120344
35.9194,-53.9568,52.2604,-0.559021,0,-3.5,0,-0.123901,0.34422,-0.930678
35.5872,-61.6256,73.3871,0.0617505,-0.442048,-1.22041,0,-0.502282,-0.45805,0.733419
17.6814,-57.1831,73.7509,-1.21585,0.0739306,-3.24314,1,0.924105,-0.094404,0.370293
33.4906,-57.7282,60.3161,-0.189239,0,-0.9,0,-0.965022,-0.260826,0.026507
41.1734,-67.6348,80.6227,-0.171921,0,3.8,0,-0.523227,0.270339,0.808177
51.9336,-24.7038,65.759,2.09626,0,1.04662,0,-0.164589,-0.0614965,-0.984443
54.724,-43.7754,58.8619,0.0704619,0.633759,-3.49417,0,0.260212,-0.225206,-0.938921
12.0522,-43.0191,66.7818,-0.552342,0.00879156,-2.00831,0,0.759286,0.158044,0.631274
34.677,-60.0348,74.4887,-1.67285,-0.254168,-3.5,0,-0.421258,-0.472723,0.773999
13.5901,-43.4669,59.6321,-0.406426,0,2.8,0,0.997008,-0.0341784,-0.0693333
43.557,-47.3249,77.8333,-1.33174,-0.820271,-3.5,0,0.199405,-0.152161,0.968031
44.549,-65.459,53.992,0.710814,0.212287,-4.5,0,0.783448,-0.213592,-0.583599
1.45831,-34.5788,56.0255,-0.540541,-0.900231,-0.8,0,-0.00911945,0.879001,-0.476732
20.8223,-66.378,68.0294,-0.426243,0,-0.4,0,-0.258054,-0.769199,-0.584586
47.1642,-66.4875,57.5211,0.266101,0,3.8,0,0.387844,0.183907,-0.903192
43.5472,-49.7988,48.2783,0.123355,0,2.8,0,0.740768,-0.315222,-0.59321
11.3497,-62.1037,60.9395,-0.197044,0,-0.8,0,-0.864354,-0.498483,0.0663815
37.9742,-26.2287,69.3017,-0.15485,0,-0.7,1,-0.428977,0.201486,0.880558
46.2204,-59.7952,64.1515,0.234902,0,3.8,0,0.947902,0.277721,0.156053
15.2614,-43.7854,61.4453,-0.936646,-0.964142,-0.7,0,0.414434,0.492098,-0.765561
43.9072,-59.7455,50.989,0.763983,0,-3.5,0,0.355102,-0.485837,-0.798665
43.9365,-70.783,77.8425,0.0799123,0,3.8,0,-0.229747,-0.934564,0.271673
12.9535,-45.4496,70.1249,-0.976909,0,-3.2,0,0.682847,0.488013,0.543658
40.6842,-54.1894,51.0455,0.243301,0.62658,-3.5,0,-0.451241,0.594907,-0.665182
56.1035,-28.5815,62.5855,0.728919,0.208242,2.5,0,0.636631,0.749169,-0.182885
51.2746,-45.0537,79.1625,-0.194583,0,-3.5,0,-0.0501819,0.614253,0.787512
38.9326,-27.5362,65.4501,-0.290912,0,-0.7,0,-0.922768,-0.23441,-0.305862
64.518,-34.27,66.1295,1.48646,0.155263,-3.9,0,0.950729,0.13905,0.27709
30.8902,-56.0496,70.6988,-0.350507,0,4.2,0,-0.256635,0.727325,0.636504
37.7617,-74.3316,66.566,0.113122,0.0256644,-3.5,0,0.582208,-0.388502,0.714213
21.464,-64.1971,71.9464,-0.0843541,0,3.8,0,0.684848,-0.677171,0.269115
39.9587,-27.5502,70.6273,-0.315013,0,3.8,1,-0.390355,0.217039,0.894716
43.7979,-28.3155,74.3234,-0.411791,0,3.8,1,-0.831412,0.200833,0.518093
44.3849,-63.0115,76.9149,-0.841763,0,-3.5,0,0.079871,-0.809588,0.58154
17.5336,-40.1227,66.2584,-0.35032,0,1.8,0,0.970283,-0.0678348,0.232269
20.8754,-58.7371,72.393,-0.957803,0,0.860202,1,0.0186881,0.475499,0.879518
38.6637,-62.3111,73.8432,-0.415648,0,-0.8,0,0.404682,0.35594,0.842341
38.4874,-16.4067,66.2044,0.123473,0,4.5,0,0.370609,0.648416,-0.664985
41.1,-50.1118,76.7286,0.259646,0,-3.5,0,-0.274591,-0.747418,0.604951
54.341,-56.2075,60.7472,1.22882,0.174952,-4.5,0,0.0424567,-0.279989,-0.959064
25.6708,-68.2509,68.226,-0.421158,0,-0.8,0,-0.459479,-0.578949,-0.67357
13.7718,-43.7873,53.604,-0.347283,0,3.8,0,0.341048,0.729333,-0.593094
-2.41081,-50.2497,53.5654,0.686152,-0.0989191,-0.7,0,-0.952618,-0.272217,0.135705
38.6169,-42.464,77.6429,-0.640949,-0.668025,-3.5,0,-0.0037567,-0.584423,0.81144
43.6805,-58.976,75.9495,-0.195265,0,-2.00091,0,-0.572472,-0.0694517,0.816977
31.9501,-54.3259,62.8167,-0.409345,0,-0.9,0,-0.457846,-0.337344,-0.822543
38.329,-28.9001,59.186,0.108768,0,-4.5,0,-0.640104,-0.394111,-0.659503
13.176,-64.8477,64.6584,0.170971,0,-3.5,0,0.233675,-0.90266,-0.361387
20.5483,-67.5134,68.6318,-1.76673,-0.956493,-3.5,0,-0.165816,-0.3807,-0.90971
30.3084,-44.081,53.345,0.594965,0,-4.5,0,-0.441797,0.834319,0.329738
49.4299,-62.1948,55.9565,-0.0136811,0,-3.5,0,-0.276187,-0.463152,-0.842147
8.22025,-58.9753,69.9614,0.608729,0.298086,-3.5,0,-0.225405,-0.959114,-0.171153
60.4371,-32.8485,67.9092,0.233701,0,-3.67191,0,0.474173,0.871948,-0.121928
16.1204,-35.991,60.9326,-1.59352,-0.00328542,-3.5,0,-0.154011,0.987951,-0.0152529
32.6261,-55.8476,63.0876,-0.339381,0,-0.9,0,-0.671842,-0.0392268,-0.739655
55.8802,-44.7701,59.3149,1.1651,0.0667367,-4.5,0,0.482864,0.00990841,-0.875639
16.5343,-42.2018,65.0785,0.777557,0.759881,1.8,0,0.985949,0.0300412,0.164323
57.8475,-47.7065,76.2832,0.279435,0,-3.9,0,-0.00105812,-0.887611,0.460592
38.4902,-49.0205,51.629,-0.176572,0,2.8,0,-0.727415,-0.362759,-0.582473
48.1515,-28.2312,72.7207,-1.00403,-0.271267,3.8,0,0.718435,0.113342,0.686298
26.3884,-74.1691,72.8494,0.0788043,0,-3.5,0,-0.134945,-0.952872,0.271708
19.2633,-64.6611,76.8558,-0.235745,0,-0.7,0,0.570913,0.735203,0.365424
-7.72175,-43.0989,60.1717,-0.435634,0,-4.49256,0,-0.681021,0.546503,0.487386
27.6501,-53.5926,61.9311,-0.225654,0,1.9,0,0.731332,-0.0938675,-0.675531
57.4365,-41.5687,57.1695,2.39082,0.363175,-3.9,0,0.162698,-0.565919,-0.808248
53.8262,-25.1535,68.7,0.385146,-0.580566,2.5,0,0.482371,0.725608,0.490726
0.852938,-56.7359,60.5466,-0.467561,0.442959,-3.2,0,-0.718871,-0.48477,0.498219
31.5217,-54.7636,69.347,-0.444654,0,4.2,0,-0.17196,0.213838,0.961615
42.2045,-72.8826,60.3983,0.0761243,0,-3.5,0,-0.27673,-0.955806,-0.0992703
38.0009,-37.8883,75.8138,0.544689,0,-3.5,0,0.0373623,0.037951,0.998581
45.7147,-61.1271,54.9741,-0.300873,-0.10951,-3.5,0,0.0725716,-0.99686,-0.0316807
-5.96075,-45.978,52.6792,-0.838781,-0.00537286,-1.3,0,-0.22493,-0.591107,-0.774596
19.5315,-59.4692,73.3256,-0.670424,0,3.8,1,0.1575,0.830084,0.534935
50.8196,-72.3617,75.7972,-0.90398,-0.165435,-3.03342,0,0.454346,-0.755217,0.472458
57.2729,-48.138,62.4961,0.709026,0,-3.5,0,0.741941,-0.358131,-0.566802
37.9368,-43.3175,76.8797,-0.640513,-0.162382,-3.5,0,0.179593,-0.577428,0.796444
52.6349,-64.9229,60.0848,0.120086,0.043273,-3.47664,0,0.926755,0.0683067,0.369405
5.214,-37.9566,70.2095,-0.396864,0,4.5,0,0.59968,0.676072,0.428147
56.8079,-32.1698,72.2626,-1.2569,-0.0834256,1.8,0,-0.253442,-0.354871,0.899908
26.4842,-62.9787,59.7697,-0.319454,0,3.8,0,-0.467322,-0.753604,-0.462267
49.2523,-42.6094,57.9956,-0.0254928,-0.881388,-0.7,0,0.765009,-0.343666,-0.54466
36.8582,-67.1537,59.8516,-0.513621,0,-3.5,0,-0.462263,-0.865004,-0.195143
42.0532,-66.3389,79.4772,-0.206823,0,3.8,0,-0.0795428,0.919788,0.38427
33.5096,-74.5595,68.9406,-0.213465,0,-0.7,0,0.736086,-0.558134,0.382966
46.8073,-54.1258,75.4772,-0.235739,-0.0217528,-1.1503,0,-0.31743,-0.259172,0.912178
2.0635,-46.1055,50.578,-1.52438,-0.581367,-0.7,0,-0.541466,-0.117321,-0.832497
50.9464,-48.0633,55.4763,0.478845,0.47327,-4.5,0,0.751956,0.576848,-0.319076
50.8504,-42.7886,58.9557,-0.108027,-0.60741,-1.22539,0,0.147218,-0.399503,-0.904834
57.0457,-36.2477,60.6208,0.869247,0,-3.5,0,0.941564,0.259695,-0.214512
41.2576,-33.2053,53.5968,-1.01539,-0.192649,-3.5,0,-0.515236,0.747618,-0.419045
4.039,-35.0225,54.9448,-0.696413,0,-3.5,0,-0.0276405,0.558804,-0.828839
62.8522,-39.1375,69.119,-0.132751,0,-2.12313,0,0.821591,0.316925,0.473864
62.2217,-39.1424,71.1748,-1.38749,-0.538031,-1.6,0,0.826565,0.448578,0.339953
35.2449,-51.4902,70.8857,-0.0311364,0,-0.8,0,0.118858,0.438842,0.890669
51.7732,-67.0063,71.1873,-0.27126,0,3.04027,0,0.975017,-0.135417,0.17608
45.6134,-72.4228,59.4726,0.241895,0,-3.5,0,0.746287,-0.645522,-0.162347
40.1306,-25.6103,57.1649,-2.58136,-0.0725911,-3.5,0,-0.89081,0.194901,-0.410453
60.0487,-45.1431,74.7068,0.557921,0,-3.9,0,0.521731,0.251039,-0.815338
12.4867,-58.1193,75.3652,-0.171988,0,3.33166,0,-0.341974,0.0831009,0.936028
57.5731,-28.3019,71.2031,0.0837274,0,1.8,0,-0.000186443,0.995519,-0.094564
37.5149,-33.6443,76.0836,-0.226976,0,4.2,1,-0.215458,0.726052,0.653013
42.0033,-68.5601,56.6277,0.0508075,0,-4.5,0,0.0390687,-0.759814,-0.648966
39.1069,-70.2747,61.9305,0.0308199,0,-3.5,0,-0.648835,-0.654096,-0.388808
20.6529,-56.8544,72.0993,-1.02474,-0.0255094,-1.6,1,0.106581,-0.102139,0.989044
52.802,-68.9626,69.1998,-0.0587096,0,4.2,0,0.866377,-0.473512,0.158672
13.2334,-65.3951,77.2139,-0.0329979,0,-0.9,0,-0.604784,0.483263,0.633003
33.9193,-44.5293,63.5863,0.365022,-0.55292,3.8,0,-0.586197,0.527167,0.615198
56.8794,-33.8644,60.831,0.277124,0,0.816096,0,0.363176,0.0377054,-0.930957
43.5488,-19.5371,72.6963,-0.113959,-0.187064,-0.7,0,0.188501,-0.447808,0.874034
45.9342,-24.9736,67.325,-0.269214,0,4.47838,0,0.346605,0.902198,0.256717
8.18812,-45.8427,73.2342,0.486268,0.0981438,-3.2,1,0.360265,0.403694,0.840976
23.7466,-50.0396,57.6307,0.177866,0,-3.5,0,0.598963,0.758157,-0.257763
14.5157,-41.5213,60.0486,-0.257702,0,2.8,0,0.950939,-0.241161,-0.193795
61.0156,-42.0806,72.4893,0.623897,0,-1.71128,0,0.31311,-0.497664,0.808884
-2.17475,-48.2674,57.3573,-0.742621,-0.897211,-0.7,0,-0.696804,-0.657332,0.287018
-7.92794,-45.5702,54.0169,0.263781,-0.617355,-2.37327,0,-0.287552,-0.803407,-0.521393
8.3145,-58.8575,61.4645,-0.0942363,0,1.30884,0,0.165328,-0.803928,0.571285
35.1294,-29.4429,61.4586,0.833445,0.685976,-0.7,0,-0.864715,0.424304,-0.268766
17.8006,-62.7745,62.3146,-0.131643,0,-3.5,0,-0.95357,-0.299475,0.0319236
-3.69887,-45.4454,69.4806,0.0057526,0,-3.5,0,-0.619001,-0.216171,0.755055
47.3322,-64.6319,57.9603,0.363795,0,3.8,0,-0.374844,0.128981,-0.918072
51.9105,-31.3751,55.598,0.443316,0.484054,-0.8,0,0.484506,-0.41785,-0.768541
26.316,-50.9171,59.4613,-0.000715861,0,1.9,0,0.65272,-0.0167029,-0.757415
48.0266,-67.9788,64.0013,0.320444,0,3.87277,0,0.874213,-0.348659,-0.337918
64.0949,-41.9461,68.3183,0.463185,0,-1.6,0,0.895267,-0.215776,-0.389792
48.8456,-41.5163,75.9374,-0.275264,0,3.8,0,-0.778888,-0.0533087,0.624894
38.6347,-29.1868,66.0984,-0.585136,-0.820924,3.8,0,-0.846691,0.255842,-0.46654
52.7342,-48.7257,59.7147,0.0984862,0,-4.5,0,0.144301,-0.446887,-0.882876
48.9933,-24.9506,73.7064,-0.235347,0,-3.5,0,0.647037,-0.34643,0.679213
59.9064,-42.756,78.682,-0.118321,0,-3.65397,0,0.0960076,-0.110915,0.989182
6.57269,-32.505,57.4367,-2.07854,-0.373158,-3.5,0,0.544077,0.181195,-0.819237
55.3828,-26.183,67.2455,0.405279,0,2.5,0,0.820504,0.56962,-0.0480209
15.1618,-50.7765,69.5732,-0.59859,0,-3.5,1,-0.155349,0.504964,0.849045
27.3405,-71.3535,73.8252,-1.1482,-0.302681,-3.5,0,0.416771,0.0518607,0.907531
62.1592,-46.3438,77.5764,2.987,0.121449,-3.9,0,0.762216,-0.640454,0.0940556
13.2156,-53.0419,76.1975,0.325974,0,-0.7,0,0.472781,0.677185,0.563825
5.602,-39.5432,50.9725,-0.420563,0,-3.5,0,0.670065,0.290182,-0.683233
43.9441,-48.4555,51.4039,0.10869,0,-1.57466,0,0.951141,0.10172,-0.29152
28.9035,-42.839,74.8388,-0.277007,0,-4.5,0,-0.334412,0.801472,0.495794
17.0665,-45.9603,58.7018,-1.56069,-0.933734,-0.7,0,0.519776,0.827984,-0.210416
32.2135,-65.0201,71.5622,0.115571,0,2.5,0,-0.441328,-0.490822,0.751215
34.5913,-33.1923,62.1778,-0.884392,0,-0.7,0,-0.981231,0.0206713,-0.191724
59.263,-30.5459,69.3156,1.27211,0.108578,-3.5,0,0.664425,0.525641,-0.531263
60.1292,-31.9032,59.7804,0.190824,0,3.8,0,0.0571387,0.190756,-0.979973
9.88856,-43.6186,51.1919,-0.83314,-0.486285,0.27819,0,0.582079,0.188876,-0.790892
43.5656,-29.7601,73.4986,-0.519567,0,3.8,1,-0.815813,-0.363945,0.449437
32.1311,-47.148,56.7756,-1.32931,-0.721983,3.8,0,-0.716112,-0.680515,-0.155188
51.1501,-58.0181,67.2748,0.287674,0,-4.5,0,0.547282,-0.751139,0.369151
49.0277,-38.9774,79.1403,-0.515292,0,-3.5,0,-0.944421,-0.111319,0.309316
60.1872,-44.8386,64.4315,0.785966,0.689437,-3.5,0,0.789889,-0.174505,-0.587897
-6.76969,-41.5703,54.4371,-0.49737,0,-1.92646,0,-0.191489,0.9793,0.0656036
14.1734,-47.5354,52.0874,-0.251653,0,3.8,0,0.432814,-0.23673,-0.869845
49.2607,-59.4833,54.9112,-0.790195,-0.777319,-1.2224,0,0.976363,0.107528,-0.187489
5.8045,-49.8213,70.3812,-1.67846,-0.493399,-2.10028,0,0.0302256,0.253115,0.966964
43.7931,-64.1709,57.8298,0.375171,0,-4.5,0,0.911317,0.342699,-0.228164
38.6514,-66.9753,71.0191,0.0836738,0,2.5,0,0.206021,-0.480483,0.852462
43.9274,-38.5536,55.0684,0.641599,0,-3.5,0,0.640424,-0.0594663,-0.765716
5.244,-59.0455,60.4147,-0.2539,-0.209731,-0.8,0,-0.527066,-0.840944,0.122534
52.1913,-65.881,69.8254,0.269026,0,1.9,0,0.895054,0.444622,-0.0345035
18.6421,-68.7598,73.8135,0.119232,0.196193,-1.77658,0,-0.0295869,-0.985199,-0.16884
47.1057,-25.4126,57.0224,-0.047489,0,-3.9,0,-0.533017,0.83097,0.159313
60.3681,-41.0193,75.3503,-0.769293,-0.00670248,-3.5,0,0.830458,-0.164396,-0.532272
7.70419,-57.2279,55.4696,-0.127383,0,0.289661,0,0.578946,-0.683331,0.444837
37.593,-21.7754,61.2878,-0.8719,0,-3.5,0,-0.572032,0.810277,0.127397
43.7714,-41.6071,77.3992,-0.524138,0,-0.7,0,0.366187,0.788745,0.493749
37.5409,-27.5982,58.8652,0.105068,0,-4.5,0,-0.403474,-0.307389,-0.861812
50.9729,-70.2161,77.9945,-0.227251,0,-0.7,0,0.168126,-0.533083,0.82919
33.9579,-47.4394,58.3304,-0.737311,0,3.8,0,-0.00485116,-0.976304,-0.216347
45.8377,-49.9861,78.4027,0.783624,0,-4.5,0,-0.694006,0.299179,0.654865
17.2763,-65.0648,63.3985,0.19845,0,-0.8,0,-0.546817,-0.376641,-0.747752
9.4805,-44.6012,71.5393,-0.151636,0,-0.977629,0,0.425374,0.596075,0.680993
51.2882,-66.1826,63.4674,-0.634726,0,-3.2,0,0.44711,-0.885217,0.128389
32.2281,-52.9202,69.8474,-0.254695,-0.965848,-0.8,0,-0.0417804,-0.408129,0.911968
47.2071,-73.4516,70.5286,-0.0928475,0,1.8,0,-0.397219,-0.859972,-0.320414
48.4921,-26.0004,64.3499,0.158231,0,3.8,0,0.944916,0.100328,-0.311558
44.724,-50.7924,52.1591,-0.801669,-0.076333,-3.5,0,0.764536,0.226599,-0.603439
48.8341,-68.63,77.8242,-0.57361,0,3.55148,0,0.00659228,0.739551,0.673068
57.9529,-47.089,68.5939,-0.410824,-0.612474,-3.5,0,0.560987,-0.625227,0.542572
56.0947,-36.5578,57.7817,0.190766,0,-3.5,0,0.486143,0.471333,-0.735874
-2.18475,-41.7609,68.4474,-0.116943,0,4.2,0,-0.924182,0.310382,0.222601
51.0735,-21.516,53.0382,3.011,0,-3.9,0,-0.343928,0.47149,-0.812041
32.4061,-34.9977,58.5422,-0.0547482,0,-1.6,0,-0.665245,0.657661,-0.353455
33.5819,-19.4919,67.0829,-0.082229,0,4.5,0,-0.720223,-0.0886891,0.68805
40.6353,-34.1885,52.3327,-1.50049,-0.574051,-3.5,0,-0.289384,0.577239,-0.763579
39.554,-58.0626,50.0784,-0.0565902,0,-0.72418,0,-0.110058,-0.217558,-0.969822
42.7682,-38.3804,76.3929,-1.71389,-0.718857,-3.5,0,0.591249,0.616514,0.519938
50.0895,-64.9839,69.18,0.280646,0,4.2,0,-0.0416868,0.836028,-0.547102
31.6784,-41.5754,66.5287,0.389326,0,1.8,0,-0.530535,-0.841116,-0.10515
31.6187,-52.2239,62.0668,-0.205084,0,-0.9,0,-0.401611,-0.0720102,-0.912975
20.4675,-65.6936,74.0961,0.420911,0.409474,-3.5,0,0.974416,-0.00296776,0.224734
43.6143,-36.9879,54.2262,0.304458,0,-3.5,0,0.940895,-0.147054,-0.305111
32.6715,-58.6107,72.9115,-1.69413,-0.029107,2.17578,0,-0.552437,0.360919,0.751366
33.8628,-43.8667,74.1014,-0.465231,-0.27099,-1.6,0,-0.552311,0.408456,0.726716
44.9446,-31.2678,71.4532,-0.891923,-0.135964,2.88529,0,-0.611599,-0.782166,-0.11901
36.7649,-32.1418,68.7331,0.165811,0,-3.5,0,-0.413374,0.820809,0.394201
14.1839,-51.3709,70.4863,-0.517286,0,4.5,1,0.391305,0.736851,0.5513
16.1844,-65.8586,67.6916,-0.563583,0,1.70097,0,-0.0137913,-0.911717,-0.410587
28.7401,-41.3675,71.0088,0.80358,0,-4.5,0,-0.552988,0.806074,-0.210828
13.0185,-49.932,70.0888,-0.20398,0,4.5,1,0.737265,0.183719,0.650144
31.1221,-42.2264,74.2921,0.480016,0,-4.5,0,0.2598,0.85291,0.452824
-1.35019,-37.3041,67.1645,-0.208506,0,-3.5,0,0.152504,0.886754,0.43636
3.72756,-41.0938,50.0452,-0.516896,0.0702743,-3.5,0,-0.245111,-0.721153,-0.647965
44.3188,-30.3429,70.4692,-0.747242,0,3.8,0,-0.309325,-0.915247,-0.258148
17.3215,-61.9566,76.7865,-1.3173,-0.059839,-3.5,0,0.722832,-0.256436,0.641681
-1.81819,-48.1206,52.5655,-0.259591,0,-0.7,0,-0.885195,0.132739,-0.44588
16.2072,-54.984,74.7147,-0.210012,0,-3.2,0,0.477296,0.692001,0.541593
16.7079,-46.1608,55.815,-0.422768,0,3.3116,0,0.676736,0.735577,0.0308816
43.9595,-62.206,52.1786,-0.37899,-0.553811,-3.5,0,0.354906,-0.480828,-0.801777
40.655,-49.5074,71.754,0.570614,0.499183,4.5,0,-0.459145,-0.87811,0.134568
59.0442,-38.1071,76.3839,0.471552,0.239245,-3.5,0,0.400532,0.90619,0.135623
27.8089,-73.3004,73.1182,-0.248517,0,-3.5,0,0.743446,-0.382645,0.548517
54.8573,-53.5345,73.4003,0.433704,0,-4.5,0,0.550396,-0.834693,-0.0187712
58.2678,-45.8848,73.133,0.478114,0,-3.9,0,0.755732,-0.0343135,-0.653981
47.2383,-28.0075,74.4435,-0.324275,0,3.8,0,0.848285,0.26474,0.458613
11.6092,-49.703,72.1328,0.214788,0,-3.2,1,0.666589,-0.323205,0.671712
3.45381,-36.969,66.0604,-0.190951,0,4.18746,0,-0.147731,0.931954,-0.331114
38.0262,-26.9564,63.5957,-0.170516,0,-3.12761,0,-0.413272,-0.669236,0.617519
34.306,-66.778,71.4297,0.00641639,0,4.5,0,-0.180068,-0.049181,0.982424
41.3528,-34.5943,74.6209,-0.602595,-0.0242875,3.43206,0,0.762061,0.241128,0.600933
13.27,-68.425,80.5795,-0.276521,0,-0.9,0,-0.52113,0.251532,0.81557
21.3955,-67.5359,60.9425,-2.20932,-0.056557,-3.5,0,0.604085,-0.77948,0.16581
37.612,-67.752,58.091,-0.615489,-0.865584,-4.20312,0,0.0898764,-0.941118,-0.325912
49.6628,-23.8821,67.1322,1.3479,0,-0.4,0,-0.765048,0.629837,-0.13419
50.0861,-49.8465,52.5821,0.37307,0,-4.5,0,0.082336,0.183194,-0.979623
33.8345,-44.828,49.9785,0.199328,0.485759,-4.5,0,-0.445435,-0.219017,-0.868113
-5.79887,-41.045,56.1921,-0.292521,0,-4.5,0,-0.297897,0.931362,-0.209336
39.501,-34.5701,54.1647,-0.858262,-0.893704,-3.5,0,-0.78311,0.540484,-0.307598
45.2313,-36.8971,74.1498,-0.990109,0.581094,1.34625,0,0.200454,0.329002,0.922809
46.7561,-29.9592,53.0228,0.127531,0,-0.7,0,-0.289984,-0.342826,-0.893521
55.7234,-53.5616,61.5175,0.219025,0,-4.5,0,0.781927,0.0278549,-0.622747
34.4421,-40.4863,72.6219,-0.217892,0,1.8,0,-0.914221,0.215118,0.343401
55.4336,-28.6305,61.4371,0.421795,0,2.5,0,0.80447,0.476866,-0.354157
1.57881,-33.4461,60.6177,-0.126502,-0.357781,-0.7,0,-0.610914,0.746874,0.26261
48.4591,-73.5586,70.5776,-0.0841263,0,1.8,0,0.423493,-0.876012,-0.230773
1.56113,-56.8831,57.903,0.0261347,0,-3.2,0,-0.626831,-0.631041,-0.457024
15.8553,-45.0197,54.6356,-0.390451,0,3.8,0,0.631837,0.764329,0.12878
27.001,-49.316,63.871,-0.74547,-0.741352,-3.5,0,-0.895504,0.436739,-0.0856297
45.8317,-33.9075,53.9599,-1.51732,-0.937245,-0.7,0,0.37086,-0.221934,-0.901781
17.5966,-43.9656,64.1702,0.260521,0,-0.7,0,0.579636,0.801037,0.149538
35.5565,-22.789,64.2653,-0.138489,0,-4.5,0,-0.353398,0.879624,0.318389
21.4153,-50.4787,71.3217,-2.86559,-0.514998,-3.5,0,0.166943,0.985796,0.0183262
40.3551,-61.4331,52.3716,-0.42143,-0.017198,-3.5,0,-0.422004,-0.316008,-0.849736
62.8108,-44.9608,77.308,3.04986,0.250567,-3.9,0,0.983729,0.0713698,-0.164875
10.7788,-58.8052,61.7963,-0.0331533,0,-0.8,0,-0.475134,-0.585667,0.65669
48.7815,-68.1754,65.014,0.188001,0,4.23091,0,0.554608,-0.267418,-0.78797
11.7222,-65.0991,76.0318,0.0868407,0,0.0102868,0,-0.497086,0.138805,0.856527
15.7694,-66.7258,71.4286,-0.373188,-0.305947,1.77247,0,-0.538967,-0.841838,-0.0286809
6.98012,-58.5531,57.9939,-0.426602,0,-0.8,0,0.0968418,-0.782592,-0.614956
31.779,-35.0612,64.4021,-0.0221037,0,-3.9,0,-0.314703,0.436977,-0.842623
45.0486,-21.7076,73.6168,-2.2114,-0.385845,-3.5,0,-0.748482,0.208179,0.629632
46.5907,-72.6281,77.8921,-0.233011,0,-3.5,0,-0.373245,-0.299899,0.877923
8.06125,-60.0858,71.9652,0.247879,0,-3.5,0,-0.48314,-0.782299,-0.393171
61.5248,-41.8744,78.7263,-1.27953,-0.393164,-3.52274,0,0.917285,-0.169059,0.360566
11.2965,-48.9403,73.1349,0.0675145,0,-3.2,1,0.790997,-0.340664,0.508204
35.9712,-27.8603,60.6905,0.43674,0,-4.5,0,-0.891067,-0.292005,-0.347465
15.948,-41.0238,63.5254,0.166652,0.377633,-1.9109,0,0.83642,-0.286708,-0.467119
-0.854875,-44.8836,69.0701,-0.257299,0,-2.01415,0,0.130312,-0.516115,0.846549
7.24713,-31.2489,60.0448,-1.14801,0.0263758,-3.2,0,-0.051739,0.893081,0.446911
9.15362,-43.3717,71.0062,-1.17208,-0.392357,-3.5,0,0.71468,0.435522,0.547314
25.7039,-65.4027,62.5897,-0.553058,0,-3.5,0,-0.581334,-0.472951,-0.662094
-0.35275,-34.7282,58.8918,-0.742544,-0.193778,-3.02833,0,0.00497405,0.975846,0.218403
41.5694,-17.8474,73.0069,0.194756,0.450314,-0.7,0,0.00270291,0.13467,0.990887
41.2809,-33.8119,70.5384,-1.14788,-0.35991,-0.663204,0,0.647102,0.65453,0.39096
32.9647,-52.017,60.8648,-0.20199,0,-0.9,0,-0.807789,0.45117,-0.379371
52.0448,-56.089,57.4135,-1.42721,-0.316471,-3.5,0,0.922751,0.209248,-0.323645
23.0338,-50.7858,60.6777,-1.51673,0,1.9,0,0.037067,0.963596,-0.264782
27.3109,-50.8553,68.0269,-0.868663,-0.0470116,-3.5,1,-0.0953485,0.881472,0.462511
42.1542,-55.3256,74.6399,-0.200384,-0.261117,-0.7,0,0.0304198,0.747994,0.663008
1.617,-52.8788,68.9809,-0.145104,0,2.75058,0,-0.81834,0.000139329,0.574735
41.4698,-17.2639,67.6633,0.425958,0,-3.5,0,-0.394807,0.907216,-0.145211
-4.51762,-37.346,65.3709,-0.523022,0.00502263,-3.5,0,-0.853076,0.389491,-0.347214
31.1824,-41.5779,65.6366,0.295449,0,1.8,0,-0.526991,-0.715801,0.45816
19.8394,-64.8252,75.1259,0.255569,0,-0.7,0,0.895622,0.224806,0.383827
2.718,-54.8882,62.8057,0.0497006,0,-3.2,0,-0.325798,-0.656483,0.680357
34.1587,-50.7736,69.9534,0.558552,0,-0.8,0,-0.130419,0.642348,0.755235
30.1601,-41.5028,69.8319,0.384341,0,-4.5,0,-0.51421,0.717683,-0.469595
13.1257,-52.3701,54.0091,-1.32772,-0.228836,-0.8,0,-0.0264038,-0.404296,-0.914247
19.6806,-65.1923,78.1964,-0.23688,0,-0.7,0,0.328492,0.638408,0.696081
50.4837,-58.5865,61.395,0.113835,0.0371397,-3.60122,0,0.815214,-0.576246,0.058017
10.0809,-62.4355,67.1174,-1.72899,-0.042617,-3.5,0,-0.807267,-0.202284,0.554438
40.4849,-67.164,79.5772,-0.198068,0,3.8,0,-0.858647,0.4027,0.317108
51.083,-56.5804,56.3714,-2.54858,-0.789549,-3.5,0,0.382687,0.106575,-0.91771
14.8809,-57.8009,77.1389,-0.0474175,0,-3.5,0,-0.603465,0.536095,0.590282
39.4999,-71.7117,66.2336,0.411839,0.136529,-3.5,0,0.738166,-0.513297,0.437763
48.7087,-52.9909,76.1269,0.114317,0,-4.5,0,0.112903,-0.78217,0.61275
49.0658,-64.2566,73.1524,-0.48482,0,1.9,0,-0.0147933,0.72642,0.687091
49.2633,-49.3371,80.281,0.0795131,0,-3.63447,0,-0.11712,-0.274798,0.954342
44.8414,-62.1114,53.5301,-0.839512,-0.202874,-3.5,0,0.661792,-0.721577,0.203366
0.793437,-47.2313,69.3033,-0.192636,0,-0.7,0,-0.73768,0.178445,0.651142
20.6798,-59.3612,59.8551,-0.0987485,0,-1.2951,0,0.0488966,-0.533578,-0.844337
42.2311,-27.1791,71.9102,-0.430792,0,4.5,1,-0.45534,0.162067,0.875443
36.6851,-22.1018,70.4111,-0.458712,0,-0.8,0,-0.932848,-0.35998,-0.0144176
33.2446,-42.1816,63.6999,0.327208,-0.863439,-0.58515,0,-0.0680556,-0.812667,0.578741
51.1532,-55.1563,73.8978,0.40523,0,-1.81048,0,0.37289,-0.784389,0.495668
39.2649,-45.2721,75.4646,0.0565934,0,-3.5,0,0.0270038,-0.110092,0.993554
34.8365,-49.4732,68.9824,0.494484,0,3.42452,0,-0.459802,0.257344,0.849916
39.2572,-28.2985,58.285,0.0446495,0,-4.5,0,-0.539795,-0.0571234,-0.839856
0.994937,-50.7777,52.2731,-0.148977,0,-0.7,0,-0.131763,-0.990186,-0.0465801
23.1125,-58.5185,72.7665,-2.0949,-0.275081,3.8,0,0.215332,0.598585,0.771575
57.7032,-28.6712,73.2728,0.026191,0,1.8,0,-0.232013,0.7166,0.657765
46.793,-58.7417,63.1026,0.236115,0,3.8,0,0.673926,-0.329652,0.661175
39.6406,-70.1869,59.6022,-0.700572,-0.0637628,-3.58764,0,-0.701209,-0.58819,-0.402911
51.72,-52.4748,76.5293,0.446453,0,-4.5,0,0.0823989,-0.816337,0.571668
50.5423,-46.9929,57.8201,-0.65134,-0.753279,-1.85937,0,0.881895,0.464451,-0.080905
30.479,-43.912,64.8562,0.348334,0,-0.7,0,0.243995,0.162784,0.956017
42.05,-46.1405,51.041,0.178313,0,2.8,0,0.596486,0.797264,-0.0925965
41.516,-42.9966,54.0356,0.916912,0,-4.39595,0,0.498609,0.352695,-0.79183
30.027,-63.675,70.956,-0.475859,0,2.5,0,0.117846,-0.387022,0.914509
4.53169,-53.6983,50.3972,-1.1688,-0.136082,-3.5,0,0.0169045,-0.651104,-0.758801
60.3481,-33.9076,64.2063,1.01398,0,-3.9,0,-0.471447,-0.822008,-0.319437
31.0317,-46.4873,67.5985,0.164307,0,-3.5,0,0.124406,-0.193103,0.97326
16.52,-65.4121,66.0687,-0.196922,0,-0.8,0,-0.411837,-0.896702,-0.16222
35.8604,-23.9499,67.205,-0.280439,0,-0.7,0,-0.928612,0.34699,0.131444
10.1866,-39.7775,56.0817,-0.589047,0,2.8,0,-0.021017,0.842849,-0.53774
28.372,-48.3545,61.5725,-0.412537,-0.507957,-3.5,0,-0.617608,-0.308012,-0.723664
42.3397,-51.8636,70.8399,-0.466994,0,3.8,0,-0.863537,0.163382,0.477085
34.418,-22.8114,60.1058,0.422098,0.0423135,-4.5,0,-0.748978,0.334984,-0.57168
57.1741,-36.674,63.1813,1.03118,0.446536,-3.82831,0,0.807322,0.501848,-0.31045
37.6502,-20.2255,63.8848,-0.273355,0,4.5,0,-0.439469,0.462377,-0.770114
43.9196,-34.7986,70.1562,-1.58233,-0.694151,-3.5,0,-0.00848595,0.805422,0.592641
36.1846,-33.2496,58.6755,-0.982525,0,-1.41425,0,-0.70713,0.683699,-0.180341
-0.370375,-34.248,55.5466,-1.50989,-0.656235,-0.8,0,-0.161628,0.904257,-0.395217
51.9314,-55.5306,59.1794,-0.441405,0,-3.5,0,0.945159,0.220659,-0.2408
29.7676,-54.2711,63.1543,-0.468675,0,-0.9,0,-0.00972175,-0.155437,-0.987798
53.3895,-27.0535,62.3612,0.266034,0,2.5,0,0.0494754,0.990578,0.127698
5.74769,-56.8131,53.2369,0.156349,0,4.2,0,-0.926587,-0.369768,-0.0686186
37.5375,-66.4461,57.2425,-1.8796,-0.150602,-3.5,0,0.523843,-0.78285,-0.335758
12.2052,-43.9859,69.1559,-1.30315,0.00260499,-3.2,0,0.58427,0.737452,0.338811
47.1731,-26.6039,56.0255,-0.0105854,0,-2.41401,0,-0.530072,0.575695,-0.622575
50.5971,-71.5758,72.9409,0.0773201,0.0954578,-0.7,0,0.61238,-0.778509,-0.137529
30.3941,-50.0698,62.0589,-0.202474,0,-3.5,0,-0.15692,-0.412601,-0.897294
36.5065,-19.575,72.1836,0.0612162,0,-0.8,0,-0.768255,0.637254,0.0607636
28.3956,-45.4046,72.6478,0.13123,0,-4.5,0,-0.073809,-0.931372,-0.356507
40.8237,-68.0114,56.7202,-0.111042,0,-4.5,0,-0.642458,-0.587893,-0.491557
38.3013,-18.8744,65.2627,0.402332,0,4.5,0,0.36207,0.434341,-0.824775
36.7344,-27.8609,59.7256,0.409892,0,-4.5,0,-0.595638,-0.484711,-0.640523
35.1401,-42.8179,51.869,0.965139,0.780795,-4.5,0,-0.671912,0.731726,-0.114508
27.9177,-33.5839,67.1612,2.30044,0.323881,-3.9,0,-0.859472,0.506909,0.0659612
19.636,-60.0819,59.8691,0.2099,0,1.44784,0,0.253366,-0.18582,-0.949356
51.531,-54.7041,59.8174,-0.227066,0,-3.5,0,0.578947,0.654479,-0.486289
3.12925,-56.7966,56.9302,0.165228,0,-3.2,0,-0.380115,-0.481815,-0.789536
48.7424,-60.1795,72.3921,-0.068356,-0.00244978,-1.6,0,0.199818,-0.869458,0.451791
41.3066,-60.2896,72.0102,-0.747231,-0.803552,-3.5,0,-0.428078,0.148001,0.891541
31.3883,-41.6958,72.4175,0.159569,0.673419,-4.5,0,0.178127,0.883522,0.433197
60.1025,-41.1128,73.6501,0.147997,0,-3.5,0,0.850897,-0.306943,0.426334
55.2268,-36.2079,71.9273,-1.68564,0,-2.77204,0,-0.135862,0.923514,0.358697
23.8454,-53.8524,69.316,-0.849607,0,-3.5,0,0.750766,0.126485,0.648345
52.0735,-40.222,80.3177,-0.092699,0,-3.5,0,0.765757,-0.0441457,0.641613
42.3984,-54.6821,49.5402,0.105323,0,-3.5,0,-0.0660307,0.303019,-0.950694
48.9555,-24.0334,57.5008,0.163797,0,-3.9,0,-0.668799,0.542392,0.508448
30.3095,-55.3741,54.484,2.59153,0.382195,-3.9,0,-0.800803,0.407238,-0.439171
51.3849,-41.2901,58.1726,0.248364,0,-3.2,0,-0.117874,0.251298,-0.960706
-1.59819,-37.2818,60.6564,-1.40017,-0.0757078,-2.40751,0,-0.40205,0.626805,0.667437
44.7876,-34.8828,54.0581,-0.273478,0,-0.7,0,0.499922,-0.411592,-0.762017
18.823,-52.1985,56.698,-0.09306,0,-3.5,0,-0.103649,-0.0820341,-0.991225
-6.87906,-45.5601,58.3321,-0.525861,0,-3.99434,0,-0.0922132,-0.921143,-0.378142
54.62,-58.3349,64.3784,0.378516,0,-4.5,0,0.512939,-0.635969,0.576573
45.4536,-42.2508,53.4715,0.347743,0,-4.5,0,-0.870293,0.29728,-0.392701
26.4452,-62.4523,73.604,0.104718,0,-1.6,0,-0.0953469,0.0147007,0.995336
3.20887,-54.7691,56.6893,-0.0534458,0,-3.2,0,-0.575106,0.0243557,-0.817716
54.7941,-49.134,75.9936,0.209246,0.150438,-4.5,0,0.120439,0.000323226,0.992721
33.0039,-45.6008,64.6011,0.521002,0,3.8,0,-0.23701,0.831052,0.503169
6.07225,-45.5314,49.4198,-0.267032,0,3.8,0,-0.0829797,0.371773,-0.924608
43.3676,-63.2957,75.396,-0.773525,-0.152359,-3.5,0,-0.370445,-0.789371,0.489554
59.9864,-42.9958,71.7258,0.275097,0.0743254,-3.18753,0,0.170343,-0.758733,0.628735
40.3753,-66.8232,55.4116,0.771618,0.72319,-4.5,0,-0.585968,-0.804072,-0.100551
5.12,-34.4603,61.8838,-0.489452,0,-1.02764,0,-0.373627,0.736861,0.563417
60.5112,-35.0279,70.6479,-1.27168,-0.85128,-3.5,0,0.737355,0.301151,0.604662
14.1756,-52.804,75.0931,-0.372896,0,-0.7,0,0.559754,0.773999,0.295976
45.5086,-52.5224,53.1289,-0.655273,-0.13727,-3.5,0,0.963524,-0.121944,-0.238224
37.312,-73.7346,63.9029,0.116266,0,-3.5,0,0.317604,-0.362062,-0.876378
36.9277,-24.5748,59.22,0.793271,0.76024,-4.5,0,0.0688975,0.126545,-0.989565
39.5026,-54.1178,71.7842,-0.131913,0,-0.7,0,-0.569944,0.722308,0.391709
46.8592,-67.5056,56.8372,0.160383,0,3.8,0,0.511066,0.0930376,-0.854491
52.3418,-25.7733,57.0981,0.393914,0,-3.9,0,0.989403,0.0603073,0.132077
40.2562,-56.4289,75.2172,-0.247307,0,-0.7,0,-0.167148,-0.222067,0.960598
37.0328,-72.5703,68.7488,-1.84285,-0.180641,-3.5,0,0.262768,-0.681297,0.683218
60.125,-33.5884,60.2434,0.310399,0,3.8,0,-0.0912177,-0.531047,-0.842418
11.3517,-56.7014,75.6426,-0.22957,0,-0.7,0,-0.0476796,-0.53353,0.844436
42.4655,-44.9915,53.6574,0.436993,0,0.546443,0,0.204663,0.43759,-0.875573
36.4046,-34.1746,76.4176,-0.237652,0,4.2,1,-0.557154,0.649472,0.517461
52.42,-51.8939,79.8163,0.74414,0,-4.5,0,0.810722,-0.271413,0.518715
51.2897,-29.6901,71.9051,-0.135107,0,-1.6,0,-0.187592,0.409683,0.892731
5.01837,-33.8594,55.5285,-0.515951,0,-3.5,0,0.257085,0.375599,-0.890412
40.3218,-42.8675,52.5554,1.09316,0,-4.5,0,0.812903,0.337759,-0.474455
51.0827,-25.6798,58.5876,0.154876,0,-3.30281,0,0.477579,0.608831,0.633437
51.7424,-25.4077,55.5867,0.711968,0,-3.9,0,0.639287,-0.5987,-0.482567
17.4076,-51.3844,56.0723,-0.737314,-0.771284,-0.8,0,0.574607,-0.426886,-0.69828
29.2822,-73.2673,70.3821,-0.16855,0,-0.7,0,-0.293439,-0.906071,0.304842
48.5019,-58.1949,62.8501,0.342793,0,-3.44448,0,-0.174675,-0.414402,0.893174
43.7055,-32.4338,68.4631,-1.23287,0,-1.3,0,0.0926859,0.271036,0.958097
37.8812,-31.6101,69.3775,0.0104206,0,3.8,0,-0.668276,0.399586,0.627486
51.7901,-36.3689,77.1749,0.343268,0.223199,-3.5,0,0.732018,0.653266,0.193375
6.9205,-44.3231,50.4871,-0.325238,0,1.83181,0,0.0241263,0.45203,-0.891676
41.482,-20.153,62.92,-0.261766,0,-3.5,0,0.352529,0.843237,-0.4058
15.7734,-42.9904,65.9798,-0.0730324,0.267093,3.88989,0,0.520602,-0.0975274,0.848211
58.6792,-42.6384,63.0133,-0.360302,0,-3.84587,0,0.903966,-0.173876,-0.390657
34.6001,-17.7336,67.1203,-0.0247011,0,4.5,0,-0.549864,0.689962,0.470746
59.5042,-42.2217,64.1561,-0.128858,0,-3.84432,0,0.792803,-0.40895,-0.45191
47.3105,-60.7803,53.7935,-0.402279,0,-0.8,0,0.145287,-0.985815,-0.0840319
13.2314,-36.2004,61.2155,-1.71593,-0.75041,-3.5,0,0.284938,0.919278,-0.271547
43.0718,-15.8286,66.4275,0.793378,0.33439,-3.5,0,-0.333916,0.881005,-0.335158
56.7478,-51.3631,64.7886,-0.925427,-0.225092,-3.5,0,0.793039,-0.582885,0.177014
44.8353,-72.7661,60.547,0.710297,0.0861246,-3.5,0,0.281172,-0.903861,0.322456
46.1289,-27.3671,55.0312,-0.17702,0,-0.7,0,-0.288333,0.843825,-0.452574
51.569,-20.406,53.9805,2.58454,0.361261,-3.9,0,-0.0790344,0.983332,-0.163741
25.1109,-49.3287,60.9246,0.105179,0,1.9,0,-0.23765,0.96939,-0.0616881
29.6926,-54.938,69.2262,-0.414831,0,4.2,0,-0.111134,0.27627,0.954633
41.6027,-15.8326,70.3183,-0.287234,0,-0.7,0,-0.442492,0.876595,-0.189161
36.3215,-45.5739,52.3792,-0.574729,0,-4.5,0,-0.151551,-0.868652,-0.471673
28.8876,-46.0335,49.0596,0.298166,0.0742088,-4.5,0,-0.236856,-0.571148,-0.785932
55.7635,-52.4367,74.9222,-0.00756683,0,-4.5,0,0.711837,-0.60018,0.36479
55.2113,-26.2576,65.3334,0.854519,0,2.5,0,0.572646,0.691409,-0.440489
55.2382,-34.6711,59.6392,0.360365,0,-3.5,0,0.291728,0.665866,-0.686671
35.9174,-75.3863,64.2513,-0.515455,0,-3.5,0,-0.159722,-0.546656,-0.821983
47.4341,-62.1543,56.671,-0.18698,0,-3.5,0,-0.290766,-0.748492,-0.595999
14.6692,-61.0494,63.8731,-0.722158,0,-3.5,0,0.679501,-0.639548,-0.359523
1.1785,-54.4751,60.2142,-0.820977,0,-3.2,0,-0.913616,0.39335,0.102872
8.86694,-57.6256,64.4906,0.00949984,0,-0.7,0,0.15221,-0.971378,-0.182365
39.8104,-46.8814,76.4707,0.00992152,0,-3.5,0,-0.670462,0.514173,0.534889
57.4328,-36.0874,64.8743,0.981461,0.18521,-3.83038,0,0.76679,0.451284,-0.456481
28.7765,-60.7206,57.9214,-0.190841,0,3.8,0,0.309263,0.262779,-0.913949
51.0831,-67.3374,75.9181,-0.225408,0,-0.7,0,0.260813,0.95413,0.14701
14.5169,-61.5648,62.0754,-0.826015,-0.375183,-0.8,0,0.704757,-0.582083,0.405583
20.7725,-66.0618,66.8295,-0.391944,0,-0.4,0,-0.310769,-0.887217,-0.34098
50.6678,-53.699,58.3092,-1.52807,-0.0869867,-3.5,0,0.807492,0.589872,-0.00277497
39.1281,-64.6415,73.5622,-1.01562,-0.851689,2.5,0,-0.134826,-0.520745,0.842998
39.0642,-48.2396,75.9184,0.240177,0.510453,-3.5,0,-0.956859,-0.258165,0.133309
63.0894,-34.8619,63.3068,3.54501,0,-3.9,0,0.29344,-0.374683,-0.879492
37.5428,-41.2503,51.6488,0.884569,0,-4.5,0,0.137494,0.800671,-0.583114
51.5865,-57.8776,58.4937,-1.25495,-0.450047,-3.5,0,0.857568,-0.504031,0.102609
38.7104,-73.4498,66.6059,-0.0139598,0,-3.5,0,0.71195,-0.46849,0.523111
32.2721,-47.9479,73.4914,0.0617594,0,-1.6,0,-0.685,-0.721574,-0.100528
11.5554,-37.6813,65.2825,-1.4353,-0.26592,2.5373,0,-0.120743,0.580434,0.805306
38.8056,-69.3467,61.4097,-0.0770434,0,-3.5,0,-0.639966,-0.634851,-0.432906
52.4938,-66.4559,66.9078,0.022544,0,4.2,0,0.921014,0.233418,-0.311849
13.879,-43.3039,58.0588,-0.854225,0,3.8,0,0.946833,0.31628,-0.058937
17.6825,-46.8035,69.795,-2.24095,-0.0725993,-3.5,1,-0.0903204,0.738724,0.667929
8.45856,-41.06,69.0533,-0.654371,-0.0293535,-3.5,0,0.600363,0.64864,0.467793
27.6278,-59.7965,71.1319,0.377708,0,-1.6,0,-0.246922,0.489176,0.836502
2.30962,-51.1884,52.1156,-0.161117,0,-3.04056,0,-0.767847,-0.621188,0.156642
35.0926,-48.0563,59.5547,-0.376614,0,3.8,0,-0.290353,-0.719592,-0.63078
57.2135,-44.4294,60.8461,-0.583876,-0.631018,-3.5,0,0.708978,0.0704472,-0.701703
40.9486,-49.9683,70.6455,0.0171707,0.0133039,3.89304,0,-0.444229,-0.69251,0.568411
27.6733,-69.6103,63.9224,-1.95659,-0.734924,-3.5,0,0.123202,-0.956988,-0.262668
11.1526,-51.0265,54.0812,-0.338746,-0.298317,-0.8,0,0.300458,-0.210905,-0.930185
41.643,-70.6651,57.7482,-1.87865,-0.073066,-3.5,0,-0.41644,-0.438377,-0.796494
9.43281,-50.3946,75.4976,-0.419537,0,-3.5,1,0.36244,0.509861,0.780179
48.39,-40.9072,52.8843,0.362088,0,-4.5,0,0.708466,0.523273,-0.473563
43.5254,-68.118,56.8391,0.773789,0,-4.5,0,0.126232,-0.856175,-0.501029
49.1706,-46.449,81.2681,-0.569836,-0.0766528,-3.5,0,-0.254561,0.648895,0.717031
33.8028,-22.5613,61.913,0.362297,0.473119,-4.5,0,-0.839039,0.509698,-0.190319
6.41262,-42.4528,71.6097,-0.463942,0,-3.08193,1,0.215986,0.844675,0.489769
57.6961,-37.5514,60.6745,0.803156,0,-3.88564,0,0.814452,0.572632,-0.0935948
47.203,-62.9706,69.5643,-0.171563,-0.410147,2.79098,0,0.931276,0.178296,-0.317704
61.8824,-44.1199,68.4769,0.110356,0,-1.6,0,0.37677,-0.919167,-0.114786
25.6126,-55.927,58.9706,-1.97049,-0.192702,1.9,0,0.470463,-0.0833831,-0.878472
46.1562,-55.2253,53.8005,-0.90014,-0.793952,-2.29521,0,0.7424,0.66881,-0.0391793
50.3991,-22.9377,53.5761,1.93792,0.00117684,-3.9,0,-0.657335,0.070154,-0.750326
34.1964,-55.2166,68.9449,-0.558389,0,-0.8,0,0.210043,-0.362136,0.908152
-10.019,-43.342,57.2518,0.0964939,0,-4.5,0,-0.905464,0.00334245,0.424409
39.6809,-72.2026,64.5129,-0.222988,-0.0245606,-3.5,0,0.322266,-0.946328,-0.0246674
37.2918,-31.0613,60.0723,0.0192116,-0.334192,-0.544323,0,-0.398965,0.462315,-0.791891
32.2676,-47.0626,75.4915,-0.00909577,0,-1.6,0,-0.699364,-0.279914,0.657677
35.3699,-69.1158,64.2012,-0.236178,0,-3.5,0,-0.663992,-0.640454,-0.385919
34.8928,-43.9004,66.2245,0.622178,0.558686,2.8,0,-0.974668,0.146088,-0.169353
46.348,-43.4877,78.7002,-0.077685,0,-0.7,0,0.56017,0.336395,0.757
42.9184,-51.7211,73.8809,-1.21367,-0.812032,-4.5,0,-0.702454,-0.698077,0.138735
19.7913,-67.0365,61.5662,-1.47022,-0.00469871,-3.5,0,-0.208056,-0.887478,0.411211
-0.127125,-51.8167,67.8426,-0.17439,0,4.2,0,-0.911211,-0.144146,0.385897
47.7069,-56.9218,50.4764,-0.098024,0,-0.8,0,0.580185,0.266346,-0.769705
52.5956,-48.8349,76.5281,0.304694,0.787541,-4.5,0,0.616765,-0.107192,0.779815
18.3614,-61.8248,76.1192,-0.654981,0,3.8,0,0.366363,-0.260067,0.893389
57.0505,-50.6755,62.6415,0.514239,0.63791,-3.5,0,0.600217,-0.580491,-0.550245
15.0658,-40.3396,61.2346,-0.162648,0.0510588,-3.5,0,0.785442,-0.514567,-0.343951
21.9794,-65.7012,60.0871,-1.84469,-0.466987,-3.5,0,0.908642,-0.183055,-0.375315
35.5927,-55.8057,69.0365,-0.891198,-0.293527,-2.68317,0,-0.425194,0.100268,0.899531
47.2255,-56.2289,53.8419,-0.683269,-0.836204,-0.8,0,0.805024,0.591484,0.045643
64.5965,-34.7907,64.3435,2.5067,0,-3.9,0,0.91422,-0.20683,-0.348458
32.0265,-58.3289,62.4372,-1.05358,-0.103198,4.2,0,-0.25568,0.343976,-0.903498
53.285,-54.1572,72.6862,1.26857,0,-4.5,0,0.460916,-0.803652,-0.37643
0.244125,-40.9137,70.0788,-0.252694,0,4.2,0,-0.238644,0.677472,0.695759
43.2181,-69.6549,79.5428,-0.0960966,0,3.8,0,0.0143857,-0.817963,0.57509
-7.62187,-41.5641,59.0337,0.0189445,0,-4.5,0,-0.531255,0.622725,0.574441
0.796188,-49.2982,58.3032,-0.379081,0,3.9183,0,-0.524798,-0.798488,0.294965
6.01175,-38.8659,51.932,-0.322723,0,-3.5,0,0.366402,0.709041,-0.602504
34.4182,-50.2723,59.9249,-0.301387,0,-0.9,0,-0.657154,0.398777,-0.63963
14.1474,-59.8335,58.6124,-0.532646,-0.267931,0.726229,0,-0.118768,-0.0851262,-0.989266
33.928,-47.2721,76.0608,0.233146,0,-1.6,0,-0.143184,-0.285102,0.947742
59.314,-34.0708,71.91,-0.267163,0,-3.5,0,0.610268,0.222305,0.760364
32.5519,-44.0021,63.1111,0.67313,-0.700523,-0.7,0,0.149101,0.201293,0.968117
40.2325,-33.3951,72.9727,-1.0196,0,4.2,1,0.385622,0.918194,-0.0906365
1.41862,-54.8541,61.792,0.154808,0,-3.2,0,-0.865579,-0.0170276,0.500483
43.1985,-53.3,73.2275,-0.169816,-0.122043,-4.04014,0,-0.651592,-0.0118729,0.758477
50.2986,-38.4202,58.165,0.00269331,0,-0.8,0,0.636665,-0.480593,-0.603065
31.8325,-39.3734,59.4315,0.115478,0,-1.6,0,-0.925987,-0.376505,-0.0281504
56.3107,-52.564,64.3445,0.50408,-0.333567,-3.80914,0,0.994808,-0.0951541,-0.036106
16.9434,-58.9697,58.5394,-0.855,0,4.5,0,-0.00184041,-0.130537,-0.991442
51.241,-51.0195,55.5715,-0.0570628,0,-4.5,0,0.866692,-0.498044,-0.0282282
40.7021,-44.6457,52.5739,0.976079,0,0.222363,0,0.690005,0.619446,-0.374407
61.326,-46.1944,78.6986,3.53618,0.142246,-3.9,0,0.0743274,-0.733511,0.675601
35.1344,-42.4899,76.418,0.469045,0,-3.5,0,-0.790067,-0.163917,0.590698
53.9211,-52.4932,70.2444,-0.182506,0.046871,-0.639196,0,0.677344,-0.678258,-0.284905
5.46775,-51.9909,72.6379,-0.502583,-0.095684,-3.5,0,-0.909506,0.37233,0.184847
22.6776,-59.6095,59.7726,0.0603773,-0.677702,-0.8,0,0.137965,-0.446854,-0.883905
36.9241,-29.2711,60.4276,-0.040266,-0.138795,-3.92054,0,-0.486104,-0.144318,-0.861902
20.4124,-50.4636,58.3529,-0.119218,0,-3.5,0,-0.176604,0.974186,0.140619
2.98662,-50.9135,49.4459,0.188896,0,-3.5,0,-0.451546,0.364836,-0.814249
-4.32494,-36.2297,67.1004,0.2335,0.0250884,-3.5,0,-0.370891,0.908244,0.193731
-10.322,-44.434,56.323,-0.0357505,0,-4.5,0,-0.829478,-0.290895,0.476808
50.316,-63.6539,72.5009,-0.255317,0,1.9,0,-0.104999,0.88679,0.450088
27.15,-52.1258,70.1125,0.122731,0.25497,-3.5,0,-0.572715,0.212213,0.79181
35.3725,-46.6698,76.2018,0.669093,0,-1.6,0,0.169392,-0.29382,0.940732
47.9585,-61.1556,55.691,0.0308154,0,-3.5,0,-0.0949236,-0.740919,-0.664852
47.2357,-70.452,64.156,0.24463,0.106823,4.30911,0,0.324424,-0.783548,-0.529908
45.9777,-74.276,76.5924,-0.489273,0,-3.5,0,-0.502535,-0.659928,0.558528
51.1914,-35.9976,78.8583,-0.307311,-0.0519207,1.38919,0,0.740004,0.34121,0.57963
12.9044,-38.7596,57.9569,-0.351963,0,2.8,0,0.434449,0.58313,-0.686451
44.8112,-17.7243,69.8662,-0.439498,0,-0.7,0,0.922488,-0.374947,-0.0918187
44.1681,-56.8976,76.6997,1.16284,0.459485,-0.7,0,-0.127078,0.296029,0.946688
31.7506,-45.7361,56.0192,-0.37153,-0.04734,-0.358091,0,-0.91909,-0.307763,0.246082
18.7315,-45.965,61.423,-1.194,-0.868041,-0.7,0,0.696436,0.246727,-0.673871
52.5045,-65.7264,62.4884,-0.547818,0,-3.2,0,0.837889,-0.519011,0.169023
12.366,-40.4302,65.6211,-1.20151,-0.84761,3.91995,0,-0.745691,0.387232,0.542214
41.1473,-65.635,52.8387,-0.299784,0,-4.5,0,-0.149865,-0.619865,-0.770265
54.1612,-35.7239,57.5612,-0.600095,-0.492468,-3.5,0,0.399634,0.193576,-0.896003
29.1475,-58.0206,60.9201,-0.0895387,0,2.0345,0,0.591492,0.509155,-0.625219
63.1673,-38.3185,67.8145,0.0943548,0,-3.9,0,0.990751,-0.0651613,0.119022
32.0605,-58.456,52.3228,-0.0971234,0,-3.9,0,-0.639732,0.140058,-0.755729
42.3072,-58.0931,73.9108,-0.852164,-0.659183,-0.7,0,-0.456816,-0.565421,0.686745
49.4668,-44.6227,58.1393,0.698656,0,-1.25841,0,0.900218,0.214321,-0.379044
36.0037,-66.4674,71.3487,0.119663,0,-0.8,0,-0.114232,-0.371402,0.921418
46.8261,-28.1447,60.0039,-0.690744,0,1.92962,0,0.566363,0.588897,0.57657
45.1486,-71.7489,57.8634,0.908607,0.834797,-3.5,0,0.389384,-0.471257,-0.791389
0.165875,-52.716,65.3273,-0.146379,0,4.2,0,-0.856432,-0.46182,-0.230752
59.278,-42.137,73.96,0.147115,0.0585407,-3.5,0,0.890509,-0.435482,-0.131714
26.918,-58.9464,59.5882,-0.24374,0,3.8,0,-0.231558,0.393316,-0.889766
36.9699,-27.0464,67.0549,-0.148251,0,-0.7,0,-0.599423,-0.775705,-0.197416
-2.40625,-44.1139,70.0014,0.123332,0.219697,-3.5,0,-0.201115,-0.132591,0.970553
34.7764,-72.6891,68.4598,-0.168333,0,-3.4093,0,0.39194,-0.655831,0.645189
-1.6865,-41.5755,50.726,-0.350855,0,-1.3,0,0.469482,-0.127457,-0.873694
30.5956,-72.6996,67.3254,-0.17326,0,-0.7,0,-0.58404,-0.243378,-0.77438
8.51275,-58.7072,66.0182,-0.0259524,0,-0.7,0,0.0401775,-0.901695,-0.430502
41.4868,-69.9617,79.2194,-0.141869,0,3.8,0,-0.373009,-0.914088,0.159084
36.5887,-70.4019,69.7304,-0.270244,0,4.5,0,0.266631,-0.472484,0.84004
6.51375,-36.9124,54.9329,-1.03425,0,-3.5,0,0.376489,0.435441,-0.817708
8.55344,-55.7274,76.4039,-2.39571,-0.229021,-0.7,0,-0.518913,-0.254177,0.816164
37.2664,-34.9234,55.1063,-0.405558,0,-3.2,0,0.399338,0.587933,-0.703466
5.01575,-44.1978,74.3519,-0.275844,0,-0.7,0,-0.164018,0.217413,0.9622
3.66687,-55.7355,68.6394,0.0772675,0,-3.5,0,-0.535932,-0.836271,-0.115877
13.3286,-47.888,70.6047,-0.0615927,0,-3.2,1,0.77691,0.0462084,0.627913
52.9184,-70.7589,74.5361,-1.5793,-0.953863,-0.7,0,0.932886,-0.263158,-0.245912
44.3819,-15.7957,71.3869,-0.212923,0,-0.7,0,0.569912,0.514032,0.64107
35.7026,-63.7699,52.8856,-0.104706,-0.011158,-3.5,0,-0.451484,-0.61164,-0.649661
4.82463,-36.5621,67.8581,-0.54852,0,4.5,0,0.454697,0.890213,-0.0277701
42.1217,-42.1862,54.8641,1.17426,0,-1.46047,0,0.336462,0.233815,-0.912208
52.9039,-63.8844,58.581,-0.08223,0,-3.5,0,0.852999,0.406615,0.327195
40.5606,-49.39,50.7512,-0.486669,-0.139025,2.8,0,-0.534095,-0.695102,-0.481223
41.8734,-31.8815,56.3826,-0.808867,0,-0.7,0,-0.684103,0.615425,-0.391479
34.7168,-58.044,50.2735,-1.81297,-0.347467,-3.9,0,-0.357627,0.31496,-0.879149
42.4251,-21.9496,63.0282,0.0622812,0,-3.5,0,0.563554,0.607258,-0.56004
44.881,-32.26,68.8834,-1.67223,-0.0918087,-1.3597,0,-0.744579,0.218486,0.630766
42.5959,-60.8844,74.7099,-0.367073,0,-3.5,0,-0.880133,0.356522,0.313461
2.03144,-51.4791,57.4635,-0.18564,0,3.8,0,-0.918401,-0.355574,-0.173515
55.9345,-27.0739,65.8186,0.585533,0,2.5,0,0.911875,0.338386,-0.232334
5.32369,-37.4181,69.0396,-0.475168,0,4.5,0,0.704233,0.643313,0.30034
28.7153,-45.7061,61.9699,-0.237754,-0.0294158,-3.5,0,-0.990635,0.0266972,-0.133903
13.3884,-36.7723,63.9723,-0.84007,0,-3.5,0,-0.0301383,0.913503,0.405713
40.3471,-24.2359,71.5285,-0.259063,0,4.5,1,-0.266426,-0.0372507,0.963135
-5.67825,-38.7918,58.8825,-1.34906,0,-3.5,0,-0.821737,0.525236,-0.221079
16.3615,-38.5542,67.4112,-0.435288,0,1.8,0,0.403644,0.594978,0.695034
61.0779,-46.0878,75.7062,1.03503,0,-3.9,0,0.675589,-0.403447,-0.617098
8.503,-63.5746,74.6728,-0.131974,0,3.8,0,-0.950786,-0.180515,0.251832
12.9526,-61.1186,59.3134,-0.674796,0,-0.8,0,-0.0758016,-0.26504,-0.961253
32.5075,-49.8711,61.94,-0.330857,0,-3.5,0,-0.275389,-0.464975,-0.841403
4.64231,-54.7462,55.2088,0.0440461,-0.124987,0.00405141,0,-0.7866,-0.378134,-0.488135
4.07912,-36.706,53.9404,-1.31391,-0.254226,-2.09317,0,0.360921,0.705305,-0.610148
7.60125,-46.3619,48.5357,-0.247491,0,3.8,0,0.0560168,0.312503,-0.948264
-7.64756,-44.3979,62.8149,-0.506261,0,-3.5,0,-0.764311,0.0323389,0.644036
29.8475,-44.6833,48.2118,0.768907,0.593612,-4.5,0,-0.250234,0.486913,-0.836838
49.3054,-47.951,81.5023,-0.588998,-0.238679,-3.5,0,-0.299104,-0.283916,0.911004
5.50437,-37.0373,66.9219,-0.559567,0,-0.240024,0,0.419481,0.803514,0.422375
25.0172,-62.1204,60.6807,-0.338836,0,3.8,0,-0.54117,-0.442915,-0.714815
2.95738,-43.6616,70.3932,-0.0394388,0,4.2,0,-0.478002,-0.4777,0.7371
58.4422,-46.5827,64.763,-0.306625,-0.595801,-3.5,0,0.727098,-0.625366,-0.283276
41.3092,-57.3013,74.5662,-0.532255,0,-0.7,0,-0.395774,-0.641668,0.656982
16.5357,-55.8615,57.3151,-0.501476,0,1.8,0,-0.0508462,-0.708391,-0.703987
47.1931,-24.8089,66.0869,-0.0529169,0,4.29358,0,0.154011,0.773507,0.614791
20.3696,-60.8585,76.091,-0.363242,0,3.8,0,0.474195,0.0957901,0.875193
44.5684,-19.0408,71.0944,-1.66738,-0.855079,-0.7,0,0.984109,-0.17669,-0.0176168
52.8691,-23.0211,53.4133,3.03263,0,-3.9,0,0.600236,-0.505858,-0.619536
49.8988,-25.2965,70.9566,0.421547,0,-3.5,0,0.819623,-0.434837,0.373007
14.7549,-38.138,66.4539,-0.496479,0,1.8,0,-0.0457012,0.797083,0.602138
34.571,-63.1945,54.0186,-0.0131846,0,-3.5,0,-0.915805,-0.180443,-0.358805
57.2451,-36.7306,58.9869,1.40987,0.668997,-3.5,0,0.791034,0.498123,-0.35516
35.7444,-66.8633,60.9152,-0.528204,0,-3.5,0,-0.0494204,-0.903028,-0.42673
4.69594,-39.0641,71.8066,-0.317764,0,4.5,0,0.328699,0.33013,0.884857
34.7362,-62.4365,52.7831,-0.0394089,0,-3.85315,0,-0.640468,-0.679615,-0.357664
33.8343,-61.3435,72.4911,-0.362381,0,-3.5,0,-0.38806,-0.382005,0.838738
46.6394,-34.525,77.93,-0.440686,0,3.8,0,-0.868391,0.488771,-0.0836714
43.0029,-23.1999,61.0864,-0.246328,0,4.5,0,0.352092,0.828471,-0.435507
50.7635,-26.8459,60.6328,-1.47205,-0.0946636,-0.8,0,-0.225164,0.757476,0.612806
60.3779,-32.7541,70.3158,0.160955,0,-3.5,0,0.897975,0.0884608,0.431063
6.05525,-48.4691,70.6283,-1.0744,-0.71604,-0.7,0,-0.255068,-0.59595,0.761436
1.01969,-45.2976,69.2124,-0.197784,0,3.52485,0,-0.379747,-0.308346,0.87219
38.2889,-63.7948,52.7824,-0.118066,0.727121,-4.35273,0,0.0153296,-0.55694,-0.830411
4.482,-44.4717,49.5047,-0.339717,0,-0.7,0,-0.0150976,0.397754,-0.917368
37.4775,-27.8617,67.521,-0.199289,0,3.8,0,-0.895267,-0.238825,-0.376112
19.8862,-62.5001,75.8506,-0.314749,0,3.8,0,0.354078,-0.20688,0.912047
35.6849,-40.5783,55.955,-0.200243,-0.451307,-2.30758,0,-0.629145,-0.150064,-0.762665
15.1575,-66.9307,73.4555,-0.536958,-0.693645,-0.7,0,-0.430614,-0.803073,-0.41188
53.8835,-26.7654,63.719,0.354377,0,2.5,0,0.233769,0.867505,-0.439074
47.5892,-53.0136,55.2108,0.460169,0,-4.5,0,0.149305,-0.656281,-0.739597
43.7141,-60.9475,55.6324,-0.198863,-0.0137684,-3.5,0,0.356007,-0.93361,-0.0403991
53.5352,-33.9379,57.2099,-2.52629,-0.737,-3.5,0,0.853849,0.329472,-0.402976
37.6032,-56.8512,50.1804,-0.650279,-0.105789,-0.4,0,-0.212434,0.226016,-0.950678
49.363,-29.1115,60.9357,-0.0824653,0,-0.8,0,-0.390526,0.738146,0.550118
38.9217,-49.0608,70.5376,-0.0272129,0,3.8,0,-0.344806,-0.704767,0.62001
47.3105,-47.2125,79.3045,-0.661822,-0.0706182,-3.5,0,-0.894582,-0.00797479,0.446833
35.6423,-48.307,57.2873,0.49883,0.780082,3.8,0,-0.678,-0.696881,0.233822
10.2998,-38.3949,59.4014,-1.10398,0,1.79539,0,0.16134,0.73736,-0.655949
40.1542,-47.6094,78.1844,1.04775,0.254376,-3.5,0,-0.514091,0.199342,0.83425
46.4511,-70.2556,58.547,0.150357,0,3.8,0,0.602147,-0.725926,-0.332341
43.0159,-50.7287,48.4863,0.0489115,0.0416341,-0.187452,0,0.116045,-0.566608,-0.815775
29.8161,-36.3178,68.6423,0.912737,0,-3.9,0,-0.392665,-0.501096,0.771179
47.8156,-58.5451,66.2294,0.143878,0.157712,1.09576,0,0.380125,-0.466029,-0.79895
32.9294,-52.7954,59.5042,-0.175515,0,-0.9,0,-0.864712,0.32116,-0.386174
16.7939,-58.3032,79.5038,-2.02066,-0.187137,-3.5,0,-0.365029,0.209273,0.907171
56.2439,-48.7603,75.5105,0.235358,0.443409,-4.26906,0,0.660971,-0.382796,0.645434
30.3305,-41.7667,64.9764,0.100112,0,-0.7,0,-0.551588,0.0904466,0.829198
55.1507,-50.4544,68.3661,0.197585,0,-3.5,0,0.73733,-0.570951,0.361054
30.6966,-45.2204,67.1394,0.386317,0.871678,-3.5,0,0.227233,0.910412,-0.34571
25.498,-54.3886,59.6253,-0.979929,0,1.9,0,0.635411,0.0806265,-0.767954
42.5817,-31.6808,68.9594,-0.920618,0,2.58797,0,0.751577,-0.243654,0.612996
2.196,-33.0615,58.9611,-0.312379,-0.0238148,-2.41147,0,-0.807489,0.579352,-0.110965
45.2093,-21.679,64.2777,-0.139067,0,4.5,0,0.503266,0.841855,0.194943
18.5504,-58.0858,78.1275,-1.02668,-0.106556,-3.5,0,0.9828,0.0719744,0.17007
15.9331,-63.398,64.9435,-0.395972,-0.488748,-0.8,0,-0.28953,0.26118,-0.920846
8.6015,-39.8162,55.0856,-0.54548,0,2.8,0,0.486481,0.837375,-0.249278
53.7907,-54.5667,60.5339,1.53057,0.744814,-4.5,0,0.18176,0.00626733,-0.983323
44.3686,-23.3624,57.8779,0.502792,0.10602,-3.5,0,0.517853,0.853251,0.061571
50.5663,-50.5762,60.3563,-0.125501,-0.858957,-0.8,0,0.573324,-0.400604,-0.714713
37.3236,-30.4619,65.7045,-0.555306,0,3.8,0,-0.660457,0.749713,0.041551
44.2492,-26.7158,72.6727,-0.649796,0,3.82816,1,-0.396189,0.527263,0.751683
25.3932,-66.1805,71.9517,-0.866345,-0.985594,-0.8,0,-0.122738,-0.0131231,0.992352
27.6593,-35.0192,67.7045,2.91542,0.184766,-3.9,0,-0.903823,0.095337,0.417151
36.6263,-73.4078,67.3623,-0.0734835,-0.126082,-3.5,0,0.173315,-0.621119,0.764312
56.5083,-56.9626,63.0434,1.04525,0,-4.5,0,0.89414,-0.447174,0.0234417
49.1224,-21.8865,71.6589,0.00544524,0,-3.5,0,0.0506658,0.960042,0.27523
56.1159,-35.3221,59.6101,0.627213,0,-3.5,0,0.567375,0.60687,-0.556591
52.719,-56.0783,67.8077,-1.16013,0,-4.5,0,0.6886,-0.350795,0.634644
31.3415,-38.0809,58.0521,0.00765889,0,-1.6,0,-0.885532,-0.181578,-0.427625
12.431,-41.8207,55.5956,0.220576,0.579574,3.61528,0,0.77499,0.544196,-0.321313
33.3413,-37.4496,70.1585,-1.47861,-0.364561,-3.5,0,-0.885656,-0.396393,0.241839
60.4764,-45.9813,66.8311,-0.449212,0,-3.5,0,0.910142,-0.414197,0.00904562
12.834,-49.8465,53.7666,-0.160677,0,2.25174,0,-0.17942,-0.414441,-0.892215
-0.40925,-37.5121,65.3753,-1.67943,-0.350862,-3.5,0,0.121375,0.990686,-0.0617165
11.7044,-53.3566,56.2349,-1.00196,0,-0.8,0,0.0448797,-0.970029,-0.238809
2.29187,-53.4265,58.1121,-0.324148,0,1.64155,0,-0.877147,0.114565,-0.466356
55.1632,-51.9077,76.3578,0.377267,0,-4.5,0,0.553053,-0.406327,0.727345
42.3925,-50.4497,71.5369,-0.0517068,0,-0.851894,0,-0.824052,-0.559436,0.0892679
58.7379,-47.4394,75.2316,0.429362,0,-3.9,0,0.440267,-0.873085,-0.209495
53.0968,-27.4268,57.3343,0.486792,0,-2.34138,0,0.692398,0.571666,-0.440208
36.1292,-47.3604,72.54,-0.510008,-0.568969,3.22177,0,-0.153608,-0.969359,-0.191698
5.71825,-35.3088,55.1808,-0.52629,-0.239397,-3.5,0,0.232357,0.349781,-0.907559
49.5949,-59.1647,67.0194,-1.39656,-0.53393,-3.5,0,0.46434,-0.780321,-0.418912
47.513,-59.945,74.6175,-0.092333,0.326424,-2.51965,0,0.883075,-0.326044,0.33745
50.1939,-34.7858,79.6052,-0.241893,0,3.8,0,0.560745,-0.116303,0.819779
27.2067,-64.2096,72.2549,0.0577442,0,-1.6,0,0.509676,-0.688936,0.515362
7.24638,-58.262,74.4741,-0.301315,-0.40176,-3.5,0,-0.862758,-0.115029,0.492359
22.7944,-50.9831,69.8529,-1.3487,-0.585212,-3.5,0,0.179615,0.824596,0.536452
46.7529,-27.2184,62.7116,-0.205611,0,4.5,0,0.661429,0.272476,-0.698762
47.4804,-55.5684,74.8594,-0.578761,0,-2.86296,0,0.558335,-0.0645932,0.827097
36.3011,-69.0696,62.7713,-0.626949,-0.015216,1.09717,0,-0.339787,-0.71132,-0.615279
47.6349,-35.0294,75.3763,-0.40136,0,3.8,0,-0.895316,0.429513,0.118013
49.1492,-69.9039,78.1108,-0.265077,-0.059515,-0.58037,0,0.242385,-0.0673675,0.967838
56.7136,-47.4179,76.3499,0.318994,0,-3.9,0,0.114317,-0.587698,0.800964
8.31,-50.415,75.8095,-0.234738,0,-3.5,1,0.184225,0.885942,0.425638
58.1291,-41.7819,58.3361,3.40181,0,-3.9,0,0.377125,-0.9035,-0.20363
48.1231,-29.1677,61.542,-0.0403315,0,4.5,0,0.433896,0.899871,-0.0443391
59.2711,-37.084,74.7134,-1.23399,-0.314381,-3.5,0,0.640315,0.59297,0.488244
-9.72975,-41.5351,53.6156,1.12033,0.887396,-4.5,0,-0.454724,0.452862,-0.766904
44.2996,-18.2306,72.5157,-0.639302,-0.937033,-0.7,0,0.672471,0.189669,0.715408
32.7841,-54.5085,52.7007,-1.9466,-0.191028,-3.5,0,-0.688103,0.0946809,-0.71941
59.6811,-45.3265,78.6196,2.3634,0,-3.9,0,-0.205661,-0.478882,0.853449
47.6851,-71.4083,67.1707,-0.134105,0,4.4515,0,0.41336,-0.898738,-0.1463
34.5255,-67.0025,55.807,-1.41774,-0.0270259,-3.5,0,-0.351723,-0.684865,-0.638162
28.6814,-42.317,69.658,0.310396,0,-4.5,0,-0.566584,0.277945,-0.775712
21.4428,-50.2747,59.7844,-0.400795,0,3.3263,0,0.0583458,0.989734,-0.130468
29.685,-45.0997,65.7892,0.327729,0.127244,-3.5,0,-0.320486,0.872809,0.368094
5.26575,-53.3797,72.9572,-0.822897,-0.06964,-3.5,0,-0.810422,-0.0801678,0.580335
2.05737,-54.1899,65.014,-0.0797021,0,4.2,0,-0.524854,-0.767244,-0.368598
15.325,-58.8455,78.292,-0.208376,0,-3.5,0,-0.581927,0.313054,0.750572
43.3889,-71.408,57.8237,-0.690882,-0.206234,-3.5,0,-0.0432173,-0.358462,-0.932543
52.8795,-50.809,61.056,-0.0529683,-0.59956,-2.26466,0,0.0468522,-0.297084,-0.953701
8.82012,-54.2356,76.6245,-0.999612,-0.297159,-2.42203,0,-0.185792,-0.510663,0.839467
37.5592,-52.1838,52.5745,0.537006,0.83697,1.8,0,-0.261024,0.387724,-0.884046
31.4767,-73.9755,66.592,-0.303352,0,-0.7,0,-0.313195,-0.258829,-0.913738
18.0256,-66.4364,78.7633,-0.145216,0,-0.7,0,-0.0432168,0.273639,0.960861
34.647,-68.784,62.431,0.268616,0.62779,-4.5,0,-0.274847,-0.950172,-0.147082
20.1165,-52.0973,73.1352,-1.79225,-0.197926,-3.5,0,-0.232585,0.59141,0.7721
60.1816,-38.5061,78.136,-0.468664,-0.0464417,-3.5,0,0.499133,0.865346,-0.045187
36.0492,-23.3247,59.0305,0.209051,0.139534,-4.5,0,-0.218406,0.160781,-0.962522
23.9246,-54.7834,58.5353,-0.851448,-0.34299,0.891421,0,0.57331,-0.170138,-0.801479
41.0964,-59.9207,50.132,0.0914217,0,-3.5,0,-0.420531,-0.583979,-0.69435
11.1914,-64.6253,64.7096,0.625006,0.0877802,-3.5,0,-0.655711,-0.633101,-0.411372
45.8265,-40.0176,73.255,-1.18769,0,2.09552,0,0.211836,0.348958,0.912882
-2.17863,-36.2029,55.4967,-1.84709,-0.0137258,-3.5,0,-0.329886,0.436024,-0.837292
53.3397,-22.9342,68.4392,9.4258,0,-0.4,0,0.742267,0.18383,0.644395
9.628,-48.7842,50.4891,-0.190642,0,3.8,0,0.64273,-0.539387,-0.544022
34.6698,-37.1157,53.2544,1.03154,0.530724,-3.2,0,-0.336614,-0.463101,-0.819896
30.8388,-45.5872,74.2998,-0.0720261,0,-1.6,0,-0.315621,-0.82721,0.464873
51.1192,-52.0988,80.7446,1.4119,0.292863,-4.5,0,0.157503,-0.206689,0.965646
51.7052,-69.7569,68.2907,0.174583,0,4.2,0,0.738212,-0.665905,-0.107769
42.121,-62.986,74.4735,-0.308476,0,-3.5,0,-0.782185,-0.0788503,0.618036
40.0288,-52.2117,52.4631,0.329033,0,1.34227,0,-0.38349,0.10023,-0.91809
35.0653,-19.309,68.0179,0.0368604,0,4.5,0,-0.661241,-0.116062,0.741141
30.861,-44.6175,55.079,-0.0545714,0,-4.5,0,-0.730938,0.336665,0.593621
43.4522,-71.3575,66.1997,-0.123063,0,4.5,0,-0.423822,-0.86527,-0.267734
62.8229,-42.2672,72.1687,0.205245,0,-1.6,0,0.466876,-0.326179,0.82197
42.2536,-56.4475,48.4666,1.07851,0.60505,-3.5,0,0.178924,0.0364455,-0.983188
36.2144,-37.2106,53.7126,0.585199,0.21175,-3.2,0,0.315058,-0.280144,-0.906784
10.521,-53.729,77.302,-0.627225,-0.870048,-0.7,0,-0.133223,-0.109355,0.985035
51.9621,-62.2114,56.8794,-0.364609,0,-3.5,0,0.809623,0.534875,-0.241702
-5.45888,-40.1549,53.5921,-1.18792,0,-1.3,0,-0.875247,0.483525,-0.0121356
5.93937,-31.0508,57.4436,-1.76281,0,-3.5,0,0.286338,0.658364,-0.696109
-8.5855,-43.6749,59.7546,-0.286285,-0.132087,-4.27645,0,-0.820408,0.311195,0.479676
10.6335,-52.7611,54.0947,-1.09449,-0.680815,1.5263,0,0.418111,-0.326621,-0.847645
19.1434,-67.1361,68.8354,-0.524054,-0.032776,-3.5,0,-0.143902,-0.486451,-0.861776
51.2498,-58.3238,70.9837,0.238098,0,-1.6,0,0.942797,-0.138628,-0.303176
21.5795,-59.6647,73.3472,-0.851432,-0.0258102,3.8,0,0.162986,0.756102,0.633834
32.9865,-50.9265,70.3712,1.35712,0.770769,-0.8,0,0.109887,0.567285,0.816157
21.4618,-68.3439,73.2709,0.548356,0,-3.5,0,0.630053,-0.0971403,0.770452
52.6354,-53.6599,60.9473,0.263714,0.18058,-4.5,0,-0.040151,0.229235,-0.972543
36.5256,-50.5267,57.8503,-0.384805,0,3.8,0,-0.862453,0.253813,-0.437897
21.8079,-49.1966,64.7481,-0.606062,0,4.5,0,0.739606,0.6721,-0.035553
47.8494,-22.2348,63.4605,-0.0153597,0,4.5,0,0.5262,0.849663,-0.0344377
18.1325,-55.971,77.3995,0.171924,0.166394,-3.5,0,0.839356,0.525077,0.140626
27.8857,-73.4064,71.1454,0.309782,0.0341132,-3.5,0,0.423848,-0.855636,-0.297053
50.7191,-30.7658,71.582,0.182195,0.210142,-0.391848,0,0.0292865,-0.211388,0.976963
50.1144,-25.9925,59.4136,-0.103868,0,-3.9,0,-0.043644,0.572982,0.818405
18.6907,-63.525,59.7575,-0.573085,0,-3.5,0,-0.51381,0.151165,-0.844481
51.9501,-67.6148,73.7141,-0.359618,0,-0.653087,0,0.958033,0.286564,-0.0073216
55.253,-56.2611,65.2394,0.502214,0.601335,-4.5,0,0.612763,-0.341199,0.712815
36.122,-68.1036,61.8031,-0.294437,0.450051,-4.09545,0,-0.280398,-0.706374,-0.649933
20.2553,-57.9803,58.6704,-0.296891,0,-0.8,0,0.104647,-0.410966,-0.905625
54.9533,-58.372,62.5732,0.774293,0,-4.5,0,0.419907,-0.851073,-0.315204
9.88075,-32.2596,58.5563,-0.759823,0,-3.2,0,0.267007,0.297658,-0.916574
61.1965,-33.968,69.079,-0.0602836,0,-3.57634,0,0.695121,0.420929,0.582774
6.15975,-48.6085,49.226,-0.13147,0,3.8,0,-0.383829,-0.294113,-0.875313
32.1997,-65.1506,58.8269,-0.377414,0,3.8,0,-0.528254,-0.642583,-0.555009
39.9396,-18.2619,65.7461,0.493639,0,2.26993,0,-0.0814948,0.702969,-0.706536
24.9007,-50.3983,66.1099,-2.32769,0,-3.5,0,-0.132121,0.9006,-0.414083
39.7711,-26.6556,58.0507,-0.314765,-0.195629,-3.99179,0,-0.676647,0.157314,-0.719306
51.4521,-53.4818,60.8421,0.0170275,0,-2.72126,0,0.326985,0.446111,-0.833106
17.0669,-68.1196,71.9232,-0.257088,0,-3.5,0,-0.606366,-0.784784,-0.128197
18.3014,-56.8064,58.0148,-0.676099,0,0.628309,0,0.0305094,-0.537938,-0.842432
2.91825,-34.3186,56.3358,-0.175783,0,-3.5,0,-0.366464,0.701003,-0.6118
-9.76225,-46.0396,54.6454,0.810791,0.756001,-4.5,0,-0.250066,-0.943724,-0.216453
15.9041,-47.6124,70.2126,-2.61229,-0.20144,-3.5,1,-0.247103,0.300734,0.92114
20.7904,-48.3387,65.3659,-0.641274,0,4.5,0,0.805443,0.464772,0.367762
29.9274,-62.1079,71.6802,-0.187683,0,-1.6,0,0.263817,-0.288047,0.920559
49.6921,-58.1823,65.5094,1.16717,0.0626144,-3.5,0,-0.255469,-0.95652,-0.140734
0.927,-51.0135,54.94,0.847931,0.678375,-0.7,0,-0.22754,-0.963126,0.143576
3.00831,-52.4697,56.0965,-0.647242,-0.851003,-2.80733,0,-0.888767,-0.41218,-0.200504
32.9132,-41.9464,65.4097,0.472473,0,2.12423,0,-0.154635,-0.984912,0.0776941
7.5245,-57.1381,56.8967,0.305575,0,-3.2,0,0.501271,-0.706944,-0.498956
34.5299,-30.3107,62.5461,0.0373345,0,-0.7,0,-0.694971,0.7184,-0.0302562
51.0849,-27.8946,64.4025,0.166149,0,3.8,0,-0.174841,0.916017,-0.361031
33.4439,-41.819,72.3984,-0.947403,-0.62776,-1.6,0,-0.38688,0.672882,0.630519
33.8554,-42.3232,73.5959,-0.546782,0.00798632,-2.54791,0,-0.805312,0.390789,0.445821
15.2623,-48.3964,52.9667,-0.210363,0,3.8,0,0.34393,-0.292393,-0.892311
56.087,-46.5075,70.7408,0.589472,0,-0.988851,0,0.710224,-0.518109,0.476597
36.0243,-70.1581,64.0212,-0.376426,-0.165868,-2.6043,0,-0.669004,-0.212606,-0.712203
35.9243,-45.3131,49.1656,0.831202,0.732427,-4.5,0,-0.419801,-0.519321,-0.744361
39.0691,-53.8962,51.9313,0.110566,0.103243,-0.738923,0,-0.131657,0.575113,-0.80741
39.6896,-66.5539,58.2845,-0.293525,0,-4.5,0,-0.343996,-0.441781,-0.828551
-3.56238,-46.7321,66.9291,0.0402763,0,-3.5,0,-0.718661,-0.69025,0.0841544
47.6596,-68.3286,78.5693,-2.13414,-0.510209,3.8,0,0.380437,0.750204,0.540798
14.7285,-37.2607,64.3315,-0.722111,0,1.33875,0,0.354316,0.83361,0.423738
1.36919,-36.0452,67.2149,-0.526657,0,4.5,0,-0.512597,0.70442,-0.490955
-4.65331,-37.5397,60.3618,-0.551235,0,-3.5,0,-0.62832,0.715495,0.305419
13.0936,-71.2251,78.65,0.0253773,0,-0.9,0,0.0550423,-0.996135,0.0684507
-2.46275,-47.7069,64.6367,-0.155586,0,-3.5,0,-0.552916,-0.821115,0.141611
41.9817,-53.2148,72.1234,-0.981593,-0.328304,-0.7,0,-0.45866,0.643297,0.613026
47.7902,-27.8631,63.1962,-0.0443957,0,3.8,0,0.631668,0.384329,-0.673266
56.874,-48.851,73.796,0.297116,0,-3.9,0,0.857972,-0.206901,-0.470187
34.5695,-67.107,59.0715,-0.581211,-0.604977,-3.5,0,-0.080447,-0.940457,-0.330257
33.5224,-47.7494,72.2968,0.531398,0,-1.6,0,0.0452769,-0.855057,-0.516553
4.23506,-49.8093,71.1659,0.0874573,0.00488462,-0.7,0,-0.0411782,0.0433751,0.99821
51.3148,-34.6816,77.3522,-0.207557,0,3.8,0,0.974594,0.219873,-0.0426964
53.237,-51.255,77.3885,0.420987,0,-4.5,0,0.795624,0.117137,0.594358
30.8404,-42.6472,68.8741,0.329875,0,-4.5,0,-0.692655,-0.0936771,-0.71516
35.5215,-34.4342,73.2337,-0.499154,0,4.2,1,-0.604759,0.678728,0.416649
42.955,-64.6335,74.3715,-0.346087,0,-3.5,0,-0.272659,-0.149464,0.95043
44.2952,-48.934,50.1215,0.187383,0,2.8,0,0.96824,0.201668,0.147791
17.6265,-57.8615,75.4792,0.0120216,0,-3.5,1,0.932131,0.261073,-0.250943
47.6715,-60.7805,66.362,-0.14259,0.00911901,-3.2,0,0.977471,0.0665198,-0.200313
13.4652,-42.1688,66.1493,-0.251978,0,3.01219,0,0.122835,-0.368591,0.92144
46.0641,-70.5402,60.3381,0.23745,0,-1.87784,0,0.81689,-0.546121,0.185587
43.813,-23.0849,68.1531,-0.112002,0,4.5,0,0.8582,0.502924,0.102764
19.8234,-62.6606,59.6989,-0.343116,0,-3.5,0,-0.176876,0.216318,-0.960167
-2.3745,-38.1419,53.8994,-2.09303,0,-1.3,0,0.0262845,0.923868,-0.381808
44.79,-23.3419,61.5659,-0.00156222,0,4.5,0,0.174247,0.769755,-0.614097
11.2752,-69.5039,77.5226,-0.114955,0,-0.9,0,-0.94103,0.0206812,0.337691
56.7686,-30.0068,61.6743,0.823325,0,3.02606,0,0.334081,0.761051,-0.556049
32.2452,-33.7743,67.9411,0.13167,0,-3.9,0,0.0305938,0.964443,0.262513
31.2833,-59.1595,72.0681,-0.400673,0,4.2,0,-0.257008,-0.144319,0.955573
33.1718,-59.123,59.3957,0.225995,0,3.35355,0,-0.932769,0.34446,0.106253
29.6724,-44.7437,69.4154,0.118776,0,-4.5,0,-0.746504,-0.565798,-0.350148
-5.51638,-45.6618,57.3778,0.0515745,0,-4.5,0,-0.205601,-0.971266,-0.119878
51.2998,-57.0547,72.1423,0.292943,0,-1.6,0,0.993982,0.0593562,0.0920662
46.2867,-23.3931,61.5245,-0.0389137,0,4.5,0,0.163315,0.466391,-0.869372
41.986,-23.223,58.7,-0.300094,0,-3.5,0,-0.0349733,0.99079,-0.130811
44.4402,-64.4543,74.1115,-0.51227,0,0.862335,0,0.188022,-0.354187,0.916078
63.6441,-36.9425,67.4464,0.229743,0,-3.9,0,0.915002,-0.311826,0.256
-7.4765,-43.728,52.6165,0.0212821,0,-1.3,0,-0.543532,-0.203211,-0.814419
0.0763125,-50.2082,65.4661,-0.0914325,0,4.2,0,-0.991373,-0.126246,-0.0352388
30.271,-38.2208,66.8677,0.0394916,0,1.8,0,-0.990248,-0.0965914,-0.100398
47.4193,-26.1999,63.0234,-0.0317289,0,4.383,0,0.647645,-0.416038,-0.638333
51.8859,-27.2463,69.5571,-0.339962,-0.0532089,-1.13137,0,-0.0942126,0.360442,0.928012
36.598,-29.4848,62.8285,0.326349,-0.192655,-0.7,0,-0.426658,0.666404,0.611448
56.2417,-41.6766,57.7429,1.87069,0.702658,-3.9,0,-0.350541,-0.551476,-0.756964
49.0717,-72.1351,77.2187,-0.0248763,-0.113869,-3.5,0,0.549396,-0.509981,0.661878
3.69109,-55.7129,62.232,0.529105,0,-3.2,0,-0.404244,-0.460589,0.790218
58.9141,-46.0232,69.2168,0.0852729,0,-3.5,0,0.45009,-0.678475,0.580596
8.32438,-49.1584,50.4207,-0.114203,0,3.8,0,0.344299,-0.799869,-0.491597
29.0712,-56.392,69.9533,-0.319133,0,3.81492,0,-0.238321,0.596817,0.766168
17.5417,-56.282,75.7259,0.362194,0,-3.5,0,0.824275,0.511126,-0.243556
51.7202,-62.4349,59.0911,0.283388,0,-3.5,0,0.838732,0.375569,0.394304
42.4292,-18.9935,63.6755,0.0094567,0,-3.5,0,-0.046564,0.332648,-0.941901
29.504,-45.8662,68.6363,0.0520721,0,-4.10115,0,-0.260968,0.196192,0.945201
32.6505,-55.8913,70.7793,-0.425911,0,4.2,0,0.357061,0.749837,0.557003
7.21802,-44.6053,73.3983,-0.257998,0,-0.7,0,0.549906,0.164161,0.818935
61.9691,-35.2673,64.1371,3.3113,0,-3.9,0,-0.356939,-0.44045,-0.823771
45.1538,-62.2627,58.7012,0.936975,0.0320276,-3.5,0,0.191357,-0.763955,-0.616242
18.736,-50.096,57.5615,-0.316972,0,-3.5,0,0.516495,0.841117,-0.160483
25.3991,-54.5268,68.6919,-0.493728,0,-3.5,0,0.258175,0.217522,0.941292
11.6919,-38.6512,57.3531,-0.472904,0,2.8,0,0.0897883,0.92555,-0.367826
3.86822,-55.4064,66.1448,-0.133612,-0.271121,0.137515,0,-0.557456,-0.756408,-0.342183
37.491,-44.1955,76.4081,0.154992,0,-3.5,0,0.158461,-0.488367,0.858131
37.6706,-45.8509,51.9629,0.116952,0,-4.5,0,-0.544109,-0.818247,-0.185519
43.9601,-67.4345,79.5352,-0.15015,0,3.8,0,0.487011,0.667969,0.562706
46.0042,-19.9969,65.1146,-0.830759,-0.963079,-3.5,0,0.844585,-0.48579,-0.225131
46.4627,-36.9662,74.5787,0.569372,0.948145,2.8,0,-0.727686,-0.125594,0.674314
52.698,-21.175,55.4268,2.44627,0,-3.9,0,0.466273,0.817101,0.339022
49.5382,-35.6134,79.7571,-0.282256,0,3.8,0,0.375044,-0.0352227,0.926338
34.2157,-74.6358,66.4794,-0.293878,0.0891581,-3.5,0,-0.477738,-0.807713,0.345493
35.4098,-24.7803,65.3118,-0.0524643,0.0930681,-1.73818,0,-0.864422,-0.0549337,0.499756
39.0512,-68.0496,58.4673,-1.26409,-0.928572,-4.5,0,-0.603149,-0.370144,-0.706545
19.0739,-55.6056,72.8139,-0.845853,0,-3.3629,1,0.439827,-0.145991,0.886137
7.04434,-58.7844,62.3041,-0.0367839,0,-0.8,0,0.220526,-0.837266,0.500354
41.5314,-20.144,61.7256,-0.895051,-0.748784,-3.5,0,0.816079,0.573088,-0.0747375
34.6466,-47.6392,68.8777,0.457025,0,3.8,0,-0.629903,-0.318357,0.708429
32.841,-44.72,49.828,0.325431,0.976219,-4.5,0,0.503858,0.0688162,-0.861041
49.2735,-44.8958,78.7909,0.249674,0,-3.5,0,-0.0613618,0.744044,0.665307
36.2957,-42.1495,54.9764,0.0617235,0,-4.5,0,-0.924749,0.366764,-0.101601
47.2108,-55.3493,55.0991,0.0226851,0,-3.5,0,0.608205,0.418891,-0.674253
50.9699,-57.1662,69.7436,-0.0939197,0,-3.41207,0,0.9706,-0.235355,-0.0504332
28.8068,-55.7131,62.4703,0.233579,0,-0.310242,0,0.422359,0.388832,-0.818793
30.274,-59.7984,60.6941,-0.126316,0,3.8,0,0.417321,0.767772,-0.486177
24.2752,-66.7416,67.7188,-0.320158,0,-0.8,0,-0.167034,-0.707258,-0.68694
58.8348,-45.4347,70.0399,0.255911,0,-3.5,0,0.424228,-0.626353,0.653997
46.7099,-59.0969,76.1699,0.0882672,0.0202246,-3.00895,0,0.768868,0.0538539,0.637136
38.8964,-36.1431,76.3285,-0.0389158,0,4.2,0,0.316191,-0.323889,0.891695
33.5892,-34.4491,57.405,-0.450572,0,-2.22161,0,-0.604155,0.744875,0.28312
37.838,-29.9255,63.849,-0.76462,0,3.8,0,-0.523043,0.677131,0.517609
-2.62413,-41.3265,66.8426,0.218339,0,-3.5,0,-0.859454,0.0573315,0.507988
22.7113,-49.5998,58.1477,0.277661,0.128902,-3.5,0,0.139424,0.979756,0.143661
48.1074,-65.2821,73.6826,0.0584416,0,1.9,0,0.00675151,0.274004,0.961705
52.7776,-32.6316,56.8924,-0.501339,0,-3.25524,0,0.824943,-0.016174,-0.564984
40.58,-32.2935,70.9135,-0.78193,-0.0748414,3.99406,0,0.3553,0.366942,0.859718
6.66237,-58.5723,72.7776,0.31334,0,-3.5,0,-0.706675,-0.635032,0.312
25.4663,-58.4027,70.4147,-0.0208592,0,-3.5,0,0.126737,0.258498,0.957662
7.83025,-33.7988,62.6362,-0.691021,0,-3.2,0,0.079567,0.721414,0.687918
-3.50763,-39.3703,67.1428,-0.165348,0,-3.5,0,-0.652162,-0.625269,0.42863
9.67425,-55.815,56.7645,-0.496554,-0.00465031,2.6838,0,0.652099,-0.419919,-0.631217
35.4523,-48.5745,55.865,0.337579,0,3.8,0,-0.763196,-0.644264,-0.0495618
43.6977,-22.5524,62.5148,0.0420117,0,4.5,0,0.204514,0.807231,-0.553671
40.7547,-71.9548,61.6199,-0.179069,0,-3.5,0,-0.599506,-0.78172,-0.171772
-0.1445,-48.3925,66.4175,-0.0519493,0,-1.82452,0,-0.842515,-0.475702,0.252739
47.8824,-39.4441,54.045,1.05339,0.00903724,-4.5,0,0.38579,0.76896,-0.509772
27.5247,-49.213,61.5243,-0.317696,0,0.384562,0,0.0480274,0.678976,-0.732588
33.864,-32.692,64.625,-0.453736,0,-0.7,0,-0.827502,0.52163,0.20771
8.29838,-52.6647,52.1664,-0.441346,-0.0899327,3.46485,0,0.663065,0.349309,-0.662064
20.2381,-65.8077,75.8809,-0.0203555,0,-0.7,0,0.922348,0.382757,0.0526507
23.0389,-50.072,67.0137,-1.43365,0,3.20241,0,0.138672,0.990335,0.00259341
59.751,-33.4935,71.0186,-0.0995476,0,-3.5,0,0.760451,0.0748103,0.645072
-4.51156,-43.7749,51.6032,-0.796464,0,-1.3,0,-0.109025,-0.319159,-0.941409
37.6735,-57.959,73.9295,-0.309298,0.0308315,-2.06238,0,0.130232,0.0426909,0.990564
6.1335,-54.9845,73.3795,-1.08508,-0.0286957,-3.5,0,-0.764358,-0.170264,0.621906
17.0324,-61.3701,62.4366,-0.419034,0,2.59654,0,-0.684519,-0.700592,0.201506
14.8361,-52.5317,54.6183,0.125987,0,-0.8,0,0.357695,-0.509857,-0.782369
45.629,-24.6963,68.988,-1.11897,0,3.91419,0,0.147552,0.869387,-0.471587
18.0732,-65.7744,65.5376,-0.6923,-0.244722,-0.8,0,0.288068,-0.950207,-0.118839
42.1182,-62.4593,51.7945,0.290159,0,-4.5,0,-0.0564818,-0.351251,-0.934576
46.2385,-45.1766,78.713,-0.00368587,0,-2.30574,0,-0.149824,-0.240777,0.958947
46.7277,-41.3497,74.676,-1.25799,-0.346781,-0.7,0,-0.0998122,0.695313,0.711742
56.8003,-35.482,72.3046,-1.19492,0,-3.5,0,-0.491686,0.694204,0.525667
38.7984,-20.4311,62.4248,-0.45069,0,-3.5,0,-0.46853,0.881811,-0.0537508
34.1712,-24.0103,60.6683,-0.375501,0,-4.5,0,-0.826487,-0.118601,-0.55032
60.1422,-39.1784,63.5597,0.610419,0,-3.9,0,0.900913,0.191716,-0.389358
20.8509,-62.8279,74.92,-0.154921,0,3.8,0,0.518778,-0.438084,0.734133
6.15169,-40.8108,51.0173,-0.250654,0,-0.4,0,0.0894138,0.0274117,-0.995617
-4.64956,-36.5069,57.3531,-1.92092,-0.328507,-3.5,0,-0.958924,0.273535,-0.075125
48.0973,-56.41,52.4786,-0.4807,0,-0.8,0,0.80602,0.539176,0.244175
57.5917,-41.9487,59.5408,2.16511,0,-3.9,0,0.465938,-0.832484,-0.299786
3.16775,-35.0709,62.3193,-0.46944,0,-0.7,0,0.0270701,0.658257,0.752307
47.3923,-63.2282,67.4502,0.455279,0,-3.01143,0,0.865177,0.339298,0.369249
47.4162,-67.7951,75.8914,-0.252699,-0.377067,-2.48686,0,0.362439,0.845159,0.392866
29.5958,-68.4534,63.1036,-2.87781,-0.839871,-3.5,0,0.377601,-0.878308,-0.293244
-10.6657,-42.6005,55.427,-0.285955,0,-4.5,0,-0.949198,0.2918,0.117793
27.9661,-47.4378,63.4268,-0.356856,0,-3.5,0,-0.890247,0.304572,-0.338668
6.27245,-56.96,51.853,-0.0864606,0,4.2,0,-0.736503,-0.333305,-0.588618
33.1456,-35.8975,72.102,-2.70992,-0.784429,-3.5,0,-0.667093,-0.0363115,0.744089
-4.83325,-38.9899,55.3721,-3.00738,-0.363287,-1.3,0,-0.97236,0.209618,0.102837
34.4563,-31.5008,61.2196,-0.230535,0,-0.7,0,-0.83122,0.194149,-0.520941
25.3123,-66.295,64.8895,-0.550448,0,-3.5,0,-0.872632,-0.471397,-0.127669
35.961,-66.6156,54.9398,-0.737057,0,-3.5,0,-0.0700649,-0.727758,-0.682246
32.5456,-57.66,57.864,0.180979,0,-3.9,0,-0.741497,-0.241272,0.626075
62.1693,-42.3732,66.813,0.227193,0,-1.6,0,0.558901,-0.457105,-0.69187
47.0477,-52.3879,78.615,0.759047,0,-4.5,0,-0.486632,-0.861527,0.144778
14.6827,-43.8876,55.4878,-0.425206,0,3.8,0,0.6745,0.734068,0.0787017
49.4195,-38.059,80.189,-0.367032,0,-3.5,0,-0.506692,0.467512,0.724359
38.0931,-26.885,65.9727,0.0183566,0,-0.7,0,-0.535191,-0.709737,-0.458087
63.3256,-43.8356,69.2781,0.193048,0,-1.6,0,0.58465,-0.788327,-0.19164
36.4869,-18.9711,69.4098,0.371523,0,4.5,0,-0.676619,0.236713,0.697247
30.9122,-37.8209,68.0309,0.0418351,0,-2.69258,0,-0.4756,-0.0223057,0.879379
57.0228,-45.9156,59.9108,0.677568,0,-4.5,0,0.673372,-0.178293,-0.717483
38.1265,-37.2446,54.0832,-0.0239799,0,-3.35455,0,-0.181296,-0.00954658,-0.983382
39.7435,-57.7901,73.9207,-0.365737,0,-0.7,0,-0.07807,-0.642586,0.762226
48.6557,-62.8491,56.8122,0.257398,0,-3.5,0,-0.385348,-0.539211,-0.748838
18.261,-50.8665,56.3345,-0.324726,-0.587928,-0.990388,0,0.417103,0.214672,-0.883142
50.7309,-59.2513,59.1866,-0.183695,0,-3.5,0,0.981447,-0.0724556,0.177519
47.5016,-25.1582,74.1754,-0.436781,0,-3.5,1,-0.0494614,-0.563649,0.824532
45.4668,-42.1344,78.1691,-0.349536,0,-0.7,0,0.377495,0.830159,0.410286
33.278,-42.6483,67.3275,0.878414,0,-0.106501,0,-0.369435,-0.543917,-0.75344
2.16294,-53.2774,59.1498,-0.406855,0,-2.30351,0,-0.961012,0.230377,-0.152911
1.94138,-50.4464,50.6432,-0.113793,0,-3.5,0,-0.575953,-0.267393,-0.772515
32.4264,-34.3349,69.8547,-0.584761,0,-3.5,0,-0.738425,0.439113,0.511769
49.982,-58.7025,63.6315,1.04693,0.653172,-4.5,0,-0.188834,-0.945075,0.266786
44.8348,-68.0697,56.5753,0.270248,0,-0.00660053,0,0.0805968,-0.490368,-0.867781
41.2511,-18.169,65.2097,0.316581,0,-3.5,0,-0.465681,0.660327,-0.58916
17.6513,-63.5272,76.1851,-1.01673,0,-1.41063,0,0.432222,0.214103,0.875982
43.2657,-36.7324,51.7547,0.521816,0,-3.5,0,0.812428,-0.248411,-0.527497
10.219,-60.166,66.3935,-0.28198,0,-3.5,0,-0.997373,-0.0278116,-0.0668864
-3.69275,-46.4922,57.2816,0.32502,0.0903649,0.377691,0,-0.498777,-0.842004,-0.205549
35.3605,-52.3751,57.3809,-0.744132,0,-3.21507,0,-0.557998,0.736666,-0.382049
12.5898,-65.3261,73.0046,0.194091,0,-0.9,0,-0.0299137,-0.712834,-0.700695
0.014,-47.0585,68.511,-0.1631,0,-0.7,0,-0.653476,-0.277554,0.704225
10.9276,-54.3824,57.7109,-0.339249,0,4.2,0,0.354527,-0.426238,-0.832245
40.4949,-66.5747,56.8785,0.265297,0.0863973,-4.5,0,-0.886669,-0.404187,-0.224612
-2.592,-45.6012,69.7607,0.152976,0,-3.5,0,0.1884,-0.307954,0.932561
60.9539,-44.7894,75.5738,1.60425,0,-3.9,0,0.449987,0.26919,-0.851498
18.8341,-44.6152,64.7449,-0.37956,0,-0.7,0,0.46016,0.813481,0.355671
11.5562,-58.3102,63.326,-0.0391089,0,-1.24065,0,-0.827305,-0.546976,0.127998
41.1098,-49.4601,49.9128,-0.741631,0,2.8,0,-0.567541,-0.823249,-0.0125787
56.2065,-28.1779,69.7627,0.162089,0,1.8,0,0.678716,0.72308,-0.12845
32.3262,-44.6862,67.8899,0.412316,0,-4.5,0,-0.207411,0.364989,-0.907614
21.0187,-55.2607,72.742,-0.794602,0,-3.5,1,0.116324,-0.331469,0.936267
47.9782,-45.4504,53.3662,0.308344,0.815835,-4.19776,0,0.418768,-0.313782,-0.852159
4.76644,-31.3272,56.8838,-0.926626,0,-3.5,0,0.0409289,0.700242,-0.712731
44.1282,-20.2466,66.2832,0.32685,0,-3.5,0,0.566546,-0.586017,0.579318
36.2163,-38.176,76.124,0.00905433,0.734564,-3.5,0,-0.646881,0.252374,0.71962
-5.85828,-40.2763,63.6093,-0.584906,-0.0338485,-0.4,0,-0.926825,0.23119,0.295882
39.5297,-37.4461,75.8538,0.332985,0,3.30064,0,0.299922,0.0751114,0.951002
47.5814,-30.3249,73.9918,-0.353557,0,3.8,0,0.691434,-0.28731,0.662852
48.0106,-40.5831,75.2887,-0.588199,0,2.22517,0,-0.877428,0.0682831,0.474824
14.6809,-68.7429,76.2885,-0.463204,0,-0.9,0,0.42037,-0.746157,-0.516274
47.9637,-52.7886,77.817,0.363442,0,-4.5,0,-0.0592088,-0.99464,0.0847636
46.4424,-36.7711,55.5649,0.0644969,0,-0.8,0,0.0115431,-0.0688836,-0.997558
37.733,-19.2971,72.8339,-0.00162701,0,-0.8,0,-0.392766,0.819975,0.416383
37.4001,-27.6701,69.3597,-0.244627,0,3.8,0,-0.860753,0.162504,0.482386
-2.83569,-40.6927,50.5698,-0.176267,0,-1.3,0,0.0350279,0.17907,-0.983213
38.3534,-46.9909,51.7732,0.269869,0,2.8,0,-0.929004,-0.297517,-0.220082
9.73666,-54.4701,53.6306,-0.564439,-0.322431,4.2,0,0.999679,-0.0124149,-0.0220894
44.7894,-61.6447,57.0426,-0.117717,-0.134638,-3.5,0,0.152807,-0.871019,-0.466879
23.7591,-64.3528,71.6805,0.231811,0,2.40756,0,-0.284837,-0.773712,0.565895
1.9395,-38.6365,53.1648,-0.658881,0,-3.5,0,-0.362192,0.688426,-0.6284
31.1022,-37.0036,65.3834,0.139349,0,-3.39802,0,-0.892448,-0.129726,-0.432096
32.9175,-53.0345,54.944,-1.07217,0,-3.5,0,-0.810613,0.462458,0.35922
43.1761,-58.4959,75.0823,-0.666952,0,-0.7,0,-0.824658,-0.379729,0.419219
38.7329,-69.7235,67.8877,0.40162,0,-2.84245,0,0.686109,-0.36394,0.629923
35.7141,-31.2502,60.3421,-0.41012,0,-0.7,0,-0.54525,0.327775,-0.771535
-3.8315,-40.2378,65.8214,-0.785836,-0.147955,-0.4,0,-0.682447,-0.26413,0.681544
49.5324,-34.6555,56.3611,-1.2074,0,-3.01211,0,0.045312,-0.174147,-0.983677
58.6241,-33.287,63.9972,0.747406,0,3.8,0,0.115323,-0.989738,0.0843769
49.5299,-46.5473,54.8638,0.00518981,-0.211033,-1.3,0,0.678166,0.227998,-0.698647
43.583,-60.2,76.159,-0.351631,-0,-3.5,0,-0.780831,0.411996,0.469641
44.0954,-52.5805,74.4001,-2.13207,0,-4.5,0,-0.380016,-0.682502,0.624323
50.2463,-51.9295,56.793,0.427389,0,-4.5,0,0.885684,-0.464217,0.00820059
57.7053,-49.0699,65.5383,0.49581,0,-3.5,0,0.975249,-0.216119,-0.046714
50.9341,-26.7826,66.0172,0.278064,0,3.39941,0,-0.209122,0.496789,-0.842299
19.4513,-47.586,67.5731,-2.23223,-0.921697,-3.5,0,0.961884,0.100186,0.254443
11.2942,-52.1955,75.481,0.355884,0.48953,-0.7,1,0.38658,0.904215,0.181525
61.3122,-31.0721,61.4531,0.219788,0,3.8,0,0.852012,0.35876,-0.38127
42.7011,-71.5296,63.0467,-0.502179,0,-3.5,0,0.428277,-0.847302,0.3141
38.6688,-30.6128,59.0611,-0.172167,0,-0.4,0,-0.731719,0.362292,-0.577349
20.6423,-64.145,63.9007,-0.821213,0,-0.8,0,0.344418,-0.929749,-0.130166
45.1175,-72.3275,72.2987,-0.367429,-0.137961,-3.5,0,-0.529666,-0.844072,-0.0836503
51.2325,-46.8489,81.9439,0.804692,0.138744,-3.5,0,0.261966,0.261296,0.929031
36.0149,-16.8903,67.2683,0.0699598,0,4.5,0,-0.579357,0.78666,0.213334
53.7974,-35.0088,70.0731,-0.634986,0,2.5,0,0.157225,0.624959,0.764661
41.7781,-70.58,67.3422,-0.0791574,0,4.5,0,-0.472163,-0.776721,0.416853
19.6733,-47.7851,62.1435,-0.517221,-0.414057,2.23966,0,0.518352,0.464368,-0.718104
-4.17503,-37.8602,63.0139,-0.706111,0,-0.4,0,-0.466075,0.870515,-0.15804
11.2767,-35.3204,59.9239,-0.691051,0,-3.2,0,0.868054,-0.0173288,-0.496168
45.6985,-70.2007,63.3073,0.317711,0.0578739,3.8,0,0.23485,-0.968403,-0.0839183
32.7626,-56.7064,58.8974,-0.189756,0,-0.9,0,-0.92665,-0.307666,0.216013
18.0303,-65.4962,62.3613,-0.590334,-0.0149863,-3.5,0,-0.507315,-0.630587,0.587359
39.8143,-35.3858,76.147,-0.236563,0,4.2,0,0.573009,-0.236694,0.784625
3.61653,-57.4808,59.7383,-0.248246,0,-1.5847,0,-0.49051,-0.854255,0.172186
50.6442,-21.9743,68.3727,0.315733,0,-0.880024,0,-0.42033,0.859133,-0.291913
41.5236,-50.2264,72.8983,0.172884,0,-3.5,0,-0.661489,-0.704485,-0.257163
49.19,-51.6925,80.6285,0.501964,0.137101,-4.5,0,-0.106898,-0.214939,0.97076
44.739,-71.9978,68.9693,0.175996,0,-3.5,0,-0.143315,-0.987194,-0.070056
34.7176,-47.602,54.8146,0.378892,0,1.73665,0,-0.27662,-0.815593,-0.508221
15.9464,-68.3265,75.6277,0.245096,0,-0.7,0,-0.253355,-0.935531,-0.246156
37.5036,-16.2481,68.3357,0.185005,0,4.5,0,-0.178343,0.813064,0.554185
1.33111,-45.2231,51.2382,-0.963107,0,-0.7,0,-0.748984,0.038992,-0.66144
48.168,-36.2455,55.618,-0.21781,0,-0.8,0,0.289435,0.0961627,-0.952355
11.0691,-60.3793,65.1022,-0.0384184,0,-3.5,0,-0.812596,0.137897,-0.566278
29.4188,-46.8364,51.5431,-0.0291937,0,-4.5,0,-0.081209,-0.986977,0.138855
43.9216,-49.8766,77.1459,-0.331386,0,-4.34756,0,-0.177704,-0.397165,0.900379
29.7798,-36.7099,66.9465,1.67867,0,-3.9,0,-0.600427,-0.76097,-0.245788
1.86175,-48.1232,51.0037,-0.216214,0,-0.7,0,0.0483193,-0.0094789,-0.998787
30.3602,-56.8813,71.3946,-0.257315,0,4.2,0,-0.317397,0.636176,0.703235
0.125563,-48.877,50.5393,-0.204417,0,-0.7,0,-0.236529,0.103696,-0.966075
37.4258,-45.9511,50.0388,0.184681,0,-1.41993,0,-0.626366,-0.779395,-0.0144357
11.1097,-39.2553,64.8866,-1.04513,-0.0773702,3.8,0,0.19197,-0.0284875,0.980987
16.6204,-67.0487,69.8578,-0.242669,0,1.19416,0,-0.295943,-0.8569,-0.422066
28.4437,-61.6928,72.6935,-0.0595161,0,-1.6,0,0.445267,0.249849,0.859833
34.2715,-41.5277,56.4702,-0.236326,0,-1.6,0,-0.55048,0.00238347,-0.834845
36.1377,-57.0785,71.812,-0.404808,0,-3.5,0,-0.440816,0.82846,0.345449
42.9875,-21.5753,71.0107,-0.631753,-0.00879824,-0.372147,0,0.764681,-0.125738,0.632023
30.3586,-33.2899,67.2402,1.28055,0,-3.9,0,0.0044007,0.954342,0.298683
39.0812,-20.1047,60.5422,-1.3104,0,-3.5,0,-0.384112,0.897498,-0.216691
45.755,-51.4812,78.0044,0.567022,0,-4.5,0,-0.721299,-0.605209,0.336824
56.6023,-38.2744,57.6123,1.02927,0.801615,-3.84113,0,0.204464,0.296066,-0.933027
46.8533,-32.4363,54.2796,-0.0882799,-0.210591,-0.7,0,0.174923,-0.43233,-0.884586
35.2868,-67.8808,57.15,-3.11659,-0.337449,-3.5,0,-0.213298,-0.974765,-0.0658528
17.535,-68.3545,77.3052,-0.457608,-0.781337,-0.7,0,0.00368269,-0.919841,0.392275
40.848,-68.3877,70.423,-0.149908,-0.310098,-3.5,0,-0.724036,-0.68462,0.0840661
56.7114,-29.885,67.1933,-0.476466,-0.207806,0.432547,0,0.556288,0.829162,-0.0550774
45.6717,-53.2359,74.2747,-0.435024,-0.54121,-4.5,0,-0.485123,-0.213106,0.848081
30.4043,-65.9309,62.0938,0.0523209,0.504073,-4.5,0,-0.502481,0.297078,-0.811946
28.6777,-59.0666,59.5305,-0.122552,0,3.8,0,0.290747,0.676903,-0.676216
46.2967,-25.5802,60.741,-0.1893,0,4.5,0,0.674112,-0.0484098,-0.737041
39.0686,-51.0578,52.7273,-0.259378,0,1.8,0,-0.40471,-0.178545,-0.896845
0.641,-35.3821,54.5369,-1.70776,-0.618042,-0.8,0,0.12841,0.566207,-0.814199
20.0777,-68.9165,73.6139,0.630944,0,-3.5,0,0.195806,-0.887145,0.417893
53.19,-32.299,71.1145,-0.396822,0,-1.6,0,0.0720119,-0.736862,0.672197
18.0185,-49.2275,57.5275,-0.412161,0,-0.7,0,0.908397,0.28631,-0.3047
51.0626,-33.1996,79.0045,-0.215759,0,3.8,0,0.755476,0.322365,0.570383
49.6544,-60.7404,70.838,0.516125,0,-1.6,0,0.493626,-0.869565,0.0137462
-1.07959,-48.6142,51.5746,-0.194756,0,-0.7,0,-0.570069,0.355437,-0.740733
9.26956,-57.3063,51.9123,-0.203716,0,4.2,0,0.679098,-0.600597,-0.422029
41.3973,-22.51,59.4245,-0.486864,0,-3.5,0,0.553482,0.360895,-0.750608
27.4858,-71.4864,68.7535,0.0110333,0,-3.5,0,-0.365385,-0.670218,-0.645989
27.5866,-46.6769,64.8624,-0.136321,0,-3.5,0,-0.884292,0.466065,0.0284872
63.5577,-43.2504,70.6337,0.176547,0,-1.6,0,0.633788,-0.62167,0.46026
36.4332,-22.6707,62.1838,-0.224511,0,-4.5,0,0.0145178,0.928397,0.371305
53.8565,-55.4763,66.3654,-0.112234,0,-4.5,0,0.659084,-0.213655,0.721082
23.5137,-50.582,59.4403,-0.953636,0,-2.2707,0,-0.118649,0.992934,-0.00192669
15.4939,-45.6285,58.1283,-0.822483,-0.168803,2.88735,0,0.518311,0.852985,-0.0614043
36.1682,-68.2503,71.3553,-0.0839318,0,4.5,0,0.0848629,-0.335512,0.938206
49.3367,-66.8247,64.2858,-0.0190274,0,-1.15048,0,0.399542,-0.836464,-0.375092
63.6629,-34.2111,67.5278,0.885327,0,-3.9,0,0.646111,0.474339,0.597949
29.8923,-55.8739,56.2814,2.83631,0.194352,-3.9,0,-0.858329,0.387423,0.336414
49.3733,-65.4553,57.9636,0.337175,0,-3.5,0,-0.210389,-0.582966,-0.784785
27.766,-55.1643,61.889,0.316059,0,1.9,0,0.697094,0.255213,-0.670019
4.70437,-35.6,63.0727,-0.567015,0,-3.2,0,-0.471433,0.722948,0.505072
-2.22156,-39.6912,68.4357,-0.200101,0,-3.5,0,-0.572777,-0.00116508,0.819711
46.0035,-30.8121,74.2353,-0.522074,0,3.8,0,0.0745656,-0.828855,0.554472
34.4625,-37.6475,54.2518,0.420404,0.145424,-3.2,0,-0.650595,-0.621162,-0.436903
38.6867,-32.7887,75.8531,-0.298582,0,4.2,1,-0.243639,0.856639,0.454764
34.6159,-74.4774,64.7331,-0.48749,-0.337646,-3.5,0,-0.678258,-0.333706,-0.65468
44.2821,-65.2216,56.5526,1.01931,0,-4.5,0,0.839077,0.54311,-0.0313274
23.9734,-52.4818,57.313,-0.37935,0.0494378,-3.5,0,0.770241,-0.314081,-0.555051
35.3985,-47.4346,70.7855,0.180627,0,0.896581,0,-0.410059,-0.90449,0.117254
36.4626,-63.4192,51.4048,-1.94923,-0.0569303,-3.5,0,-0.120622,-0.673702,-0.729092
44.3312,-50.9362,49.5064,0.231561,0,-3.5,0,0.905404,0.0554577,-0.420913
9.66059,-36.8499,59.7374,-0.951215,0,-3.22436,0,0.420587,-0.0434151,-0.906213
52.4129,-46.3935,59.2856,0.288275,0,-4.5,0,0.0365233,0.129115,-0.990957
38.1898,-69.6729,69.7011,-0.07953,0,4.5,0,0.523092,-0.709396,0.472368
48.3302,-25.0826,67.076,0.237403,0,3.8,0,-0.254219,0.963633,0.0823603
51.7253,-38.3559,80.5228,-1.48778,-0.340791,-3.5,0,0.585216,0.402075,0.704171
17.58,-37.0614,63.0431,-2.60508,-0.443094,-3.5,0,0.622252,0.549986,0.557062
22.8452,-57.2808,58.7956,-0.775804,0,-0.8,0,0.22646,-0.365739,-0.902746
33.4258,-33.7299,67.0806,-0.256884,0,-3.9,0,-0.0129534,0.972442,0.232783
-6.56262,-41.0036,53.1799,-0.386243,0,-1.3,0,-0.572874,0.819445,-0.0180178
39.2714,-55.3939,74.8999,-0.184237,0,-0.7,0,-0.507189,0.422949,0.750915
36.4875,-49.5485,57.1447,-0.302741,0,3.8,0,-0.8806,-0.450365,0.147357
52.6534,-36.7138,75.777,0.261056,0.862388,3.69796,0,0.316048,0.942395,-0.109569
11.4346,-63.4319,69.5456,-0.157287,0,4.15273,0,-0.82455,-0.317586,-0.468248
13.0161,-42.0476,57.2515,-0.573298,0,2.8,0,0.836644,0.252117,-0.486275
48.2849,-69.3977,64.5119,0.0601588,-0.292214,3.98173,0,0.625626,-0.209215,-0.751546
32.9878,-46.5558,52.2004,0.442009,0,-4.5,0,0.271285,-0.861554,-0.429103
11.0094,-66.1862,73.3281,-0.0879565,0,-0.9,0,-0.362827,-0.758649,-0.541117
33.8092,-39.1328,56.2812,-0.856696,0,-1.6,0,-0.646468,-0.269134,-0.713895
24.4373,-62.8244,61.6949,-1.1323,0,3.8,0,-0.124771,-0.504112,-0.854578
35.5183,-33.4472,57.3844,0.169167,0,-3.2,0,-0.239125,0.939687,0.244555
6.40025,-57.8343,55.7567,-0.124345,0,4.2,0,0.00433403,-0.966613,0.256205
11.1912,-59.8298,75.8484,0.385009,0,2.40058,0,-0.239587,0.370496,0.897402
50.1745,-27.374,70.0222,-0.411142,-0.381162,0.0610182,0,0.614694,0.344453,0.70958
5.57769,-51.2197,49.9906,0.0936147,0,-3.5,0,0.455633,-0.000623411,-0.890167
38.46,-47.4305,75.439,-0.0271774,0.106175,-3.5,0,-0.388168,-0.446608,0.806143
21.8306,-66.8679,71.138,-0.457872,0,-1.99483,0,0.560587,0.327892,0.760414
2.60188,-37.8459,64.4811,-0.734352,0,-0.8,0,-0.199659,0.957518,0.208075
58.4992,-43.0521,72.7211,-0.0188842,0.956535,-3.5,0,0.709023,-0.617384,0.340768
44.5542,-38.5334,74.4548,-3.2472,-0.654094,-3.5,0,0.562142,-0.0763466,0.82351
3.13019,-35.7688,67.8638,-0.465425,0,4.5,0,0.312477,0.91399,-0.258805
14.8981,-36.2687,61.8912,-0.897795,0,-3.5,0,0.0758266,0.996728,0.0279843
48.2871,-30.129,52.8121,1.36931,0.743855,-0.7,0,0.10473,0.0574509,-0.99284
34.6653,-21.2319,64.3664,-0.103016,0,4.5,0,-0.364092,-0.640628,-0.676042
54.077,-38.6608,78.4131,0.0798652,0,-0.4,0,0.112542,0.173471,0.978387
55.4813,-48.8279,60.5809,1.2712,0,-4.5,0,0.540875,-0.447257,-0.712331
51.8065,-57.336,60.4682,-0.00306961,0,-3.5,0,0.712697,-0.600498,-0.362583
58.5891,-46.0023,77.9351,0.97275,0,-3.9,0,-0.223875,-0.599694,0.768275
40.2896,-21.0018,72.4993,-0.499987,-0.0431507,-0.786089,0,0.558016,-0.340814,0.756614
15.6486,-49.9604,53.3957,0.0726914,0,-0.8,0,0.259781,-0.157081,-0.952806
41.0105,-50.9584,74.8244,0.0923276,0,-3.5,0,-0.522606,-0.852359,-0.0191455
59.8484,-40.4589,79.7837,-1.23134,-0.145416,-3.5,0,-0.00274353,-0.16314,0.986599
51.3923,-32.1141,71.1029,-0.0958154,0,-1.6,0,0.135818,-0.396739,0.907828
3.3945,-43.1135,71.6755,-0.144682,0,-0.7,0,-0.584446,-0.0814899,0.807331
34.6298,-22.0461,63.4323,0.00237983,0.224889,-4.5,0,-0.223413,0.885224,0.408002
12.7337,-64.9866,70.8085,-0.0961879,0,3.84516,0,-0.451503,-0.891443,-0.0383926
58.8988,-44.8074,74.4534,0.783743,0,-3.9,0,0.625776,0.160528,-0.763305
44.462,-20.572,72.0425,-0.573829,-0.840012,-1.21818,0,0.230616,0.805797,-0.545443
49.4632,-44.7956,55.6739,0.042297,0,-2.57112,0,0.973165,0.222075,-0.0602714
5.73537,-50.895,71.682,-0.53155,0,-3.5,0,-0.582841,0.626312,0.517716
-6.22476,-45.1991,63.1758,-0.450945,0,-3.5,0,-0.480626,-0.476764,0.735999
63.6919,-40.887,70.0944,0.248417,0,-1.6,0,0.853216,0.487268,0.185989
35.881,-50.3945,54.2575,-0.462287,-0.371723,-0.308463,0,-0.861809,0.350696,-0.366468
10.316,-57.7125,62.6048,-0.321615,-0.110525,0.130191,0,-0.221673,-0.902743,0.368667
37.8395,-53.3877,70.3201,0.731753,0,3.8,0,-0.173385,0.254105,0.951508
-3.19906,-46.0547,55.6165,-0.0496864,0,4.2,0,-0.5067,-0.860711,-0.049306
54.5119,-29.8141,72.2863,0.665206,0.0836341,1.8,0,-0.140793,-0.0810529,0.986716
40.5569,-48.0732,46.451,0.283961,0,2.8,0,-0.211315,0.0547563,-0.975883
36.8767,-49.0982,69.8727,0.030055,0,3.8,0,-0.197543,-0.508588,0.838042
45.0346,-67.2924,78.275,-0.085252,0,3.8,0,0.52709,0.683136,0.505471
0.575203,-35.7882,61.9101,-0.783198,0,-0.7,0,-0.696987,0.454441,0.5547
34.1307,-53.9308,70.2288,-0.547967,0,-0.8,0,-0.199486,-0.560594,0.803704
32.1483,-60.1896,60.0885,0.0776647,0,3.8,0,-0.380486,0.894985,-0.232878
50.0077,-62.9982,70.8397,0.138256,0,1.9,0,-0.0327762,0.963392,-0.266085
46.7285,-26.0185,73.829,-0.510402,0,-3.5,1,0.0238161,0.249355,0.968119
0.386672,-43.59,70.5339,-0.165059,0,4.2,0,-0.0118468,-0.590785,0.806742
49.5168,-23.8385,64.932,0.193128,0,0.712089,0,0.592375,0.482246,-0.645392
31.3895,-45.0733,58.1166,-0.230248,0,1.00179,0,-0.86131,-0.214445,-0.460606
52.2337,-41.6029,79.4376,-0.0856188,0,-3.5,0,0.344671,-0.161238,0.924773
39.5475,-68.207,70.0385,0.0618715,0,4.5,0,0.177465,-0.829599,0.529407
6.19438,-34.0368,56.4653,-0.632145,0,-3.5,0,0.621908,0.423988,-0.65838
56.4544,-50.0872,67.4767,0.312212,0,-3.5,0,0.600706,-0.615472,0.510241
44.2785,-24.2037,59.6966,-0.116716,0,3.04579,0,0.733807,0.668943,-0.118503
9.156,-59.1021,68.2546,0.162827,0,1.8,0,-0.43971,-0.878936,-0.184735
18.5474,-48.8568,70.0035,-1.31586,0,-3.5,0,0.465017,0.212622,0.85939
41.4089,-66.3125,74.4216,-0.323839,0,3.8,0,-0.941628,0.0719499,0.328877
15.5095,-55.309,76.2455,-0.296471,0,-2.79726,0,0.0354376,0.581405,0.812842
60.586,-42.3872,65.5656,-0.37561,0.258642,-3.52103,0,0.832654,-0.0816149,-0.547747
39.7409,-30.1128,71.248,-0.429278,0,3.8,1,-0.402241,-0.31013,0.861407
41.5197,-69.6977,71.3055,-1.45948,0,-3.5,0,-0.888356,-0.321361,0.327949
16.7197,-63.5574,64.2214,-0.583581,-0.936754,-0.8,0,-0.683501,0.221278,-0.695603
29.7677,-46.9059,68.3757,0.149346,0,-3.5,0,0.381659,-0.0785667,0.920958
48.1135,-68.3997,76.6752,0.27748,0.188032,-0.52132,0,0.164872,0.942176,0.291758
48.9961,-50.7446,80.3369,0.486467,0,-4.5,0,-0.169714,0.155313,0.973178
48.2363,-40.2278,76.4745,-1.1149,-0.0315738,-3.5,0,-0.874048,-0.433041,0.220263
15.4155,-64.2002,77.7656,-0.257822,-0.11593,-1.29413,0,0.0135644,0.20042,0.979616
33.0421,-67.3358,59.7092,-0.203918,0.00232622,-4.5,0,-0.224147,-0.511618,-0.829461
41.826,-70.944,65.08,-0.554602,-0.191276,0.660843,0,0.0134252,-0.922639,0.385431
5.87279,-57.2137,54.4014,0.740779,0.158688,4.2,0,-0.804394,-0.582707,-0.115767
16.0768,-56.1437,77.5807,-0.0082749,0,-3.5,0,-0.619237,0.583695,0.525209
52.1089,-58.654,63.4576,0.411882,0,-4.5,0,0.0561155,-0.971995,-0.228203
