x,y,z,charge,hbond,hphob,iface,nx,ny,nz
-16.814,-2.207,-2.384,1.05787,0,-3.5,0,-0.586408,-0.620573,0.520591
0.815,-14.092,-22.871,0.457845,0,-4.5,0,0.534924,0.11289,-0.837324
6.6345,-43.411,-27.987,-1.27185,-0.62478,-3.5,0,0.637331,-0.74836,-0.183759
-31.6985,-7.3695,-9.121,-0.347,0,-3.5,0,-0.714647,-0.667553,0.208935
-29.0705,-13.7635,-18.296,0.381756,0.00398991,-0.7,0,-0.621497,-0.314319,-0.717596
-9.2245,-4.214,-18.277,0.316861,0,4.5,0,-0.165766,0.263769,-0.950235
-24.851,-4.6125,-7.3635,1.81289,0,-4.5,0,0.561758,-0.693278,0.451436
5.652,-35.711,-18.791,-1.12945,0,-3.5,0,-0.581012,-0.81388,0.00505485
-29.131,-5.085,-15.872,0.128417,0,3.8,0,-0.37955,0.900835,0.210805
-4.6045,-35.2155,-27.846,-0.721084,-0.421879,-1.21926,1,-0.845229,-0.53296,-0.0392673
-11.207,-7.81,-26.295,0.335378,0,-0.7,0,0.485159,0.472833,-0.735561
-5.315,-20.0315,-14.138,0.0192605,0.712008,-4.46177,0,0.177798,0.125491,0.976033
-29.05,-12.389,-10.581,-0.217438,0,-3.5,0,0.408533,-0.675064,0.61432
-0.805,-33.789,-36.9085,0.336845,0,-3.9,0,0.918471,0.0447015,-0.392954
-29.7715,-13.264,-15.148,-0.734794,0,-0.7,0,-0.299196,-0.682542,0.666797
-22.738,-4.257,-12.481,1.56876,0,3.8,0,0.0341461,-0.448112,0.893325
-3.4175,-22.358,-12.475,0.147941,0,-4.5,0,0.108139,0.124549,0.986303
-6.6685,-37.3375,-36.576,0.724836,0,-4.5,0,0.432415,-0.708359,-0.557894
-30.4435,5.6175,-10.279,1.10529,0,-4.5,0,-0.550473,0.563741,0.615773
-24.3865,-9.2115,-10.909,-0.0178273,0,-0.8,0,0.786712,-0.171562,0.593001
9.4005,-20.847,-23.287,-0.29767,0,-1.3,0,0.900195,0.371254,0.227637
4.544,-33.443,-15.4975,-0.744932,-0.0159108,-3.5,0,-0.391061,-0.82862,0.400575
1.845,-24.101,-19.941,-0.156403,0,4.5,0,0.748637,-0.0308502,0.662262
-6.473,-31.945,-31.6995,-0.0359596,0,-4.5,0,-0.479969,0.678353,-0.556297
-11.498,-27.8285,-37.346,1.30365,0.519576,-3.9,0,-0.112397,-0.862953,0.492624
-1.952,-9.342,-19.288,0.375148,0,-3.5,0,0.610598,0.481221,-0.628964
10.313,-41.288,-30.169,-0.829703,0,-3.5,0,0.960576,-0.277534,-0.0163818
-28.235,-0.343,-6.671,-0.152983,0,-3.9,0,-0.903491,0.105396,0.415446
-19.62,-7.685,-22.5275,0.193343,0,-3.5,0,-0.471518,0.409814,-0.780848
-13.71,-28.8245,-31.984,-0.663136,0,-3.5,0,0.466769,-0.749879,0.468837
-13.048,3.401,-6.9415,1.41381,0,-3.5,0,0.963243,0.14919,-0.223396
-10.7865,-25.2922,-39.7835,2.40025,0,-3.9,0,0.387689,0.247143,-0.888041
7.253,-23.613,-21.1915,-0.31655,0,-1.3,0,0.338901,0.477029,0.810919
-0.4515,-18.4355,-36.396,1.90802,0,-4.5,0,-0.475339,-0.280257,-0.833972
0.8315,-13.2805,-14.4845,0.00423755,0,3.8,0,0.594889,-0.791706,0.138954
-10.382,-28.387,-27.4605,-1.4657,-0.0502155,-3.5,0,-0.874895,-0.48251,0.0417387
9.589,-39.9845,-33.6545,-1.17542,0,-3.5,0,0.397593,-0.428862,-0.81117
-15.0875,-20.752,-36.4905,-1.38548,-0.0615853,-3.9,0,-0.913113,-0.354112,0.202064
-31.955,-9.5605,-11.176,-0.238726,0,-3.5,0,-0.999275,0.0378876,-0.00378248
-5.86,-6.2005,-9.7305,0.18435,0,-3.5,0,0.821849,0.18234,0.539737
8.0045,-19.3985,-25.8895,-0.0930932,0,-1.3,0,0.608402,0.395971,-0.68779
-9.3395,-4.933,-7.441,-2.87531,0,1.09199,0,0.282093,0.0911611,0.955046
-4.653,-5.569,-16.163,0.390301,0.0378132,-2.82013,0,0.0991575,0.990398,0.0963268
-26.1735,-7.2875,-6.473,0.0190565,0,1.8,0,0.383022,0.0307017,0.923229
-7.443,-3.4105,-17.665,0.332866,0,4.5,0,0.251457,0.898686,-0.35935
-18.0895,-5.8225,-20.588,0.314539,0,3.27055,0,-0.691095,0.460385,-0.557166
8.2785,-34.239,-15.3415,-1.47188,0,-3.5,0,0.657274,-0.320429,0.682141
0.6545,-30.5435,-27.5275,-0.070898,0,3.71696,0,0.539648,0.154806,-0.827536
-30.0825,6.298,-14.755,0.508683,0.0533052,-4.5,0,0.334924,0.148026,-0.930545
3.356,-43.264,-27.998,-0.487206,0,-0.8,0,-0.686058,-0.218454,0.693975
-13.5695,-10.969,-10.1275,0.0410743,0,-3.5,0,-0.527438,-0.106914,0.842839
-14.695,-14.278,-34.309,0.674733,0,-3.9,0,-0.56923,0.451412,-0.687171
-23.216,-29.497,-34.199,-1.80564,-0.0116868,-3.5,0,-0.935312,-0.134226,0.327376
4.719,-45.446,-32.289,-0.0632736,0,-0.8,0,-0.0326238,-0.997204,-0.0672372
-14.779,4.8825,-7.463,5.33006,0,-3.5,0,-0.163275,0.911428,-0.377678
-20.009,4.3,-11.02,-0.623846,-0.698562,-0.4,0,0.622502,0.771298,-0.13263
-30.0425,3.494,-8.1305,0.466746,0,-4.5,0,-0.529267,-0.0860343,0.844082
-13.1615,-27.961,-31.9575,0.0672923,0,-3.5,0,0.916143,-0.383765,0.115781
-18.458,-28.804,-36.6175,-1.16007,0,-3.5,0,0.412156,-0.602171,-0.683753
-14.817,-6.638,-6.4815,3.95512,0,-4.5,0,-0.529782,-0.63297,0.564517
-21.749,-29.105,-32.704,-0.745918,0,-3.5,0,-0.463256,0.107254,0.879711
8.139,-25.5,-27.1555,-0.888473,0,-3.27616,0,0.619048,0.0739467,-0.781864
-18.7395,-25.4,-34.422,-2.62301,-0.111305,-3.5,0,0.0318722,0.560185,-0.827754
-30.0025,7.3235,-14.72,0.809298,0.306535,-4.5,0,0.302373,0.297995,-0.905411
-12.9725,-5.951,-6.2215,1.04252,0,-4.5,0,0.300422,-0.308092,0.902677
11.626,-38.7705,-22.264,-2.08943,0,-3.5,0,0.389415,0.431221,0.813882
-18.426,-26.399,-35.971,-3.1166,0,-3.5,0,0.446271,0.576487,-0.684474
-27.462,-3.885,-5.878,-0.091274,0,-4.5,0,0.0807051,-0.209447,0.974484
-12.793,-26.3515,-20.423,0.939027,0.348377,-4.5,0,-0.55283,0.0176164,0.833108
-2.5875,-21.385,-13.062,-0.138289,0,-4.5,0,0.124412,0.169885,0.977579
8.135,-28.839,-28.996,-0.155763,0,-0.9,0,0.762355,0.0892785,-0.640971
0.9265,-12.1245,-17.7827,0.128301,0,3.8,0,0.775593,-0.621587,-0.109931
-13.4455,-20.6285,-38.7045,-0.0180131,-0.00731916,-3.9,0,-0.414972,-0.143631,-0.898425
-25.5982,4.19,-7.18025,-0.424961,-0.939814,-4.5,0,-0.220607,0.489197,0.843812
-0.329,-13.804,-16.8918,0.33295,-0.123859,3.8,0,0.877653,-0.442767,0.183526
-8.85575,-28.686,-17.2362,-1.62742,0,-3.5,0,-0.607036,0.00798659,0.794634
-15.061,-6.254,-24.448,0.885847,0.623043,3.17173,0,-0.78152,0.547421,-0.29926
-9.9165,-26.237,-17.5637,-0.427313,0,-3.52298,0,-0.788132,-0.609641,0.0847672
2.275,-36.4245,-34.5755,0.321178,0,-4.5,0,-0.190024,0.769094,-0.610234
-3.9295,-30.907,-23.3137,-0.333679,0,3.8,0,-0.841188,-0.378222,0.386459
-2.27825,-38.637,-24.4385,-0.96253,0,-1.3,0,0.435594,-0.755754,0.488972
-15.9325,-8.22,-13.485,0.0866283,0,-3.5,0,0.105251,0.301893,0.947514
-25.0767,-13.98,-13.8322,0.0808888,-0.753863,-0.8,0,-0.301833,-0.892087,-0.336269
-3.27,-36.857,-22.086,-1.29456,-0.311219,-1.3,0,-0.473634,-0.353711,0.806572
-8.19162,-8.891,-9.95463,0.251212,0,-3.5,0,0.00480276,-0.787238,0.616631
-5.4455,-24.3993,-33.294,0.306413,0,-4.5,0,0.386607,-0.533286,-0.752423
-11.0098,-13.965,-12.7985,-0.0306357,0,3.8,0,-0.392436,-0.644629,0.656085
-4.712,-22.5135,-34.8265,0.426161,0,-4.5,0,0.694289,-0.361198,-0.622494
-16.2763,-19.155,-20.9772,0.775576,0.884945,-0.8,0,-0.972459,-0.232216,0.019986
0.001,-33.8478,-32.6432,0.432823,0,-3.9,0,0.921259,0.37761,-0.0932357
-18.05,-2.171,-18.865,0.789431,0.893294,-0.8,0,-0.158528,0.985834,-0.0547827
-13.527,-23.867,-16.5018,0.533169,0.00686225,-3.5,0,-0.574203,-0.566739,-0.590845
-19.3825,-3.8155,-11.1505,-0.684423,-0.367765,3.8,0,0.224429,-0.879454,0.419753
-18.8188,-25.244,-28.531,0.050051,0,-3.5,0,-0.200625,-0.617036,0.760931
-14.8055,-9.274,-25.742,1.25428,0.087371,-0.7,0,-0.948801,0.0127991,-0.315614
-13.9175,-27.0408,-24.6495,0.0177211,0,-4.5,0,-0.168508,-0.92525,-0.339879
-5.66525,-20.492,-35.7303,1.14492,0.0123312,-4.01144,0,0.785949,-0.423935,-0.45007
-20.556,-3.815,-11.0855,1.12101,-0.00680051,3.8,0,-0.199127,-0.747526,0.633683
-12.7247,-4.686,-6.35325,0.937079,0,-4.5,0,0.238423,-0.046146,0.970064
-24.504,-1.3235,-9.8025,0.47929,0,-0.929938,0,-0.729834,0.249464,-0.636483
-20.8797,-0.6705,-7.85225,0.394558,-0.845881,-0.8,0,0.107769,0.356409,0.928094
-8.072,-3.7885,-16.1195,0.455429,0,4.5,0,0.317311,0.894662,0.314473
6.2525,-37.1545,-21.55,-0.628093,0,2.5,0,-0.689748,-0.463766,0.556029
3.68337,-36.2396,-27.8579,0.0259638,0,2.8,0,0.87542,0.040675,-0.481649
-14.352,-10.6825,-27.6745,0.40601,0.0630677,3.42199,0,-0.4276,0.878829,-0.211701
-10.761,-4.89275,-6.953,-0.7531,0,1.78473,0,0.40462,-0.295445,0.865445
1.962,-28.422,-33.5345,-0.280225,0,-3.5,0,-0.190196,-0.940804,-0.280557
-22.817,1.59625,-12.5273,-0.0865576,-0.113187,-0.781545,0,-0.267136,0.538705,-0.799021
8.67575,-24.5798,-22.0343,-0.211997,-0.0068831,-1.3,0,0.957585,0.288143,0.00239648
-3.89325,-30.8143,-33.5645,-0.922717,-0.303408,-3.9,0,-0.349807,0.3653,-0.862665
-24.098,-13.027,-18.023,0.629881,0,-1.6,0,0.0492515,-0.675156,-0.736029
6.26237,-41.6686,-23.8415,-0.4671,0,-3.5,0,-0.225897,0.0781851,0.971009
-32.909,-6.615,-7.556,-0.0116502,0,-3.5,0,-0.35827,-0.901581,0.242475
-25.2003,-1.56275,-5.014,1.82325,0.457151,-3.9,0,0.210941,-0.415833,0.884639
1.141,-21.5875,-15.8715,-1.50835,-0.217374,-3.5,0,0.749838,-0.369032,0.549143
-7.6895,-29.5995,-21.1665,-0.465718,0,-3.30873,1,-0.424228,-0.816928,-0.390716
-4.331,-30.5735,-14.7695,-1.97007,-0.565917,-3.5,0,-0.41557,0.277626,0.866156
-7.1685,-10.1425,-10.738,-0.232986,0,-3.9,0,-0.060316,-0.302086,0.951371
-15.8188,3.47688,-10.0885,0.792402,0,3.8,0,-0.927598,0.346688,0.139171
-4.85625,-5.076,-14.7483,0.463814,0,4.2,0,0.0623114,0.852534,-0.518945
6.221,-36.9403,-26.1761,-0.104253,0,2.5,0,0.307173,0.413523,-0.857114
-26.9215,-14.546,-15.2325,0.0288194,0,-0.7,0,0.154132,-0.862141,0.482656
-1.441,-7.732,-12.245,0.191986,0,4.2,0,0.94968,0.284704,0.130584
-2.1365,-7.8025,-17.42,0.574451,0,-3.5,0,0.823468,0.452443,0.342338
-14.2413,-6.09175,-12.0813,0.304434,0,3.8,0,-0.786641,-0.518557,0.335103
4.3205,-18.0465,-29.3495,-0.15817,0,-3.5,0,0.110492,0.899038,0.4237
8.7355,-41.6693,-24.768,-0.16662,0,-3.5,0,0.171894,-0.654109,0.73661
5.2065,-24.8665,-19.5025,-0.320775,0,-1.3,0,-0.17391,0.73601,0.654252
-19.0098,-12.1851,-13.5756,-2.2039,-0.372206,-3.5,0,-0.468658,-0.620818,0.628446
-22.5015,-12.6018,-11.701,0.217752,0,-0.8,0,0.925903,0.029542,0.376603
-21.8517,-3.18825,-20.48,0.265311,0,4.5,0,0.233532,0.539408,-0.809013
4.331,-23.4835,-31.377,-1.45303,-0.077993,-3.5,0,0.755106,0.0107817,-0.655514
8.59425,-40.157,-22.5125,0.404411,0.52404,-3.5,0,-0.309443,-0.69229,0.651904
-5.92525,-16.7078,-38.438,0.732923,0,-3.9,0,0.0395603,0.984634,-0.17009
-21.323,-1.332,-15.719,1.24021,0.817236,3.8,0,0.0213039,0.6733,-0.739063
-8.673,-28.3395,-31.0825,-1.50418,-0.226916,-3.5,0,-0.657238,-0.499574,-0.564327
-4.39,-37.857,-28.801,-0.119256,0,-1.3,0,-0.986575,-0.131708,0.096558
-12.4625,-25.5002,-14.4482,0.232674,0,-3.5,0,-0.274387,-0.944175,0.182331
-25.015,-3.978,-6.396,0.812667,0,-4.5,0,0.569186,-0.457698,0.683037
-17.924,-23.615,-27.306,0.557851,0.689835,-3.5,0,-0.403417,-0.591877,0.697808
-31.7885,-10.588,-11.1445,-0.531015,0,-3.5,0,-0.976679,-0.212329,0.0318633
-4.037,-5.459,-10.994,0.184161,0,4.2,0,0.0983123,0.267156,0.958625
-16.332,-21.4597,-31.3403,-0.314671,0,-3.5,0,-0.0449369,0.0666693,-0.996763
0.74,-27.411,-33.902,-0.824584,0,-3.5,0,-0.358007,-0.809539,-0.465271
-24.336,-8.868,-20.242,-0.734859,-0.865404,4.5,0,-0.66334,0.211412,-0.717834
3.78638,-44.3783,-26.2275,-1.81875,-0.255498,-3.5,0,-0.873649,-0.474896,-0.105882
-22.211,3.6895,-8.74325,1.00203,0,-0.4,0,0.342734,0.0567629,0.937716
-5.16375,-9.10175,-31.0872,1.04512,0,-3.9,0,0.97743,0.134863,-0.162612
3.17025,-30.8328,-27.532,-0.510516,0,-0.9,0,-0.375439,0.267122,-0.88752
-13.463,-27.145,-26.59,-1.05982,-0,-3.5,0,-0.0533253,-0.998522,-0.0104764
-14.567,-16.612,-36.759,0.471851,0,-0.4,0,-0.560254,0.639808,-0.526081
-15.6962,-3.94875,-9.9635,-0.579097,0,-0.8,0,-0.616152,-0.733257,-0.28756
6.7395,-32.0532,-27.3605,-0.883869,0,-0.9,0,0.808273,-0.586361,-0.0536203
4.593,-45.043,-27.121,-1.6421,-0.708831,-3.5,0,-0.363927,-0.828195,-0.426205
-24.3905,-4.5275,-9.2795,6.87058,0,-4.5,0,0.633659,-0.689447,-0.350911
-0.25375,-25.882,-14.7495,0.441076,0,-4.5,0,0.222547,-0.604642,0.764775
-12.494,-18.731,-13.274,-0.289672,0,-3.5,0,0.129425,0.0826153,0.988142
-21.5713,-2.35437,-16.3451,0.817677,0.192674,3.8,0,0.259962,0.635033,-0.727429
-11.779,-8.9035,-31.637,1.17213,0.588309,-3.5,0,-0.601555,0.776851,-0.186101
2.164,-14.2035,-20.91,0.197522,0,-4.5,0,0.885839,-0.396383,0.241184
11.342,-41.708,-26.9095,-1.18653,-0.20366,-3.5,0,0.717786,-0.349579,-0.602144
-0.648,-27.0265,-34.35,-0.964698,-0.140634,-3.5,0,-0.264596,-0.722653,-0.638563
9.93775,-34.7743,-17.8293,-0.505388,0,-3.5,0,0.899291,-0.356531,0.253301
-8.224,-32.8715,-29.5075,-1.20968,-0.156553,-4.5,0,-0.956326,-0.242386,0.16337
-11.53,-27.381,-23.14,-0.0044236,0,-4.5,1,0.00675275,-0.991102,-0.132933
-15.96,-8.5465,-24.0215,-0.172701,0,-0.7,0,-0.458009,-0.183541,-0.869793
9.63,-25.823,-25.443,0.597935,0.593288,-3.88088,0,0.783569,0.583901,-0.212319
-16.333,-5.76375,-22.9182,0.589651,0,3.8,0,-0.384133,0.310634,-0.869453
3.845,-27.643,-34.722,-1.57263,-0.374575,-3.5,0,0.774222,-0.6306,0.0540745
-29.8902,-11.213,-17.4277,-0.146367,0,-0.7,0,-0.914672,0.343357,-0.213264
-33.0205,-5.0235,-5.849,0.281841,0.313548,-3.5,0,-0.0837053,-0.16019,0.983531
2.141,-19.059,-18.902,-0.454513,0,-3.5,0,0.969444,0.245274,-0.0044659
-11.052,0.1405,-7.47875,1.87712,0,1.9,0,0.326989,0.94467,-0.0260068
-18.2588,-19.5715,-12.6718,-1.74051,-0.505365,-3.5,0,-0.798571,0.343884,0.493992
-19.5575,-3.07825,-10.2222,0.480255,-0.141762,0.0339116,0,-0.145601,-0.855703,0.496561
-12.24,-9.682,-27.1675,0.804846,0,-3.5,0,0.499872,0.831201,-0.243379
1.399,-28.868,-31.542,-1.04795,-0,3.8,0,0.246411,-0.932397,-0.26442
-15.0305,-26.0775,-25.029,-0.598336,0.00736035,-3.52878,0,-0.826858,-0.560241,0.0493586
-19.4258,2.42875,-10.5422,0.218515,-0.910874,-0.4,0,0.797721,0.349395,0.491493
-24.014,-7.2525,-20.585,0.0736251,0,4.5,0,-0.588634,-0.0693878,-0.805416
-17.9373,-17.3485,-25.5173,-1.13754,-0.778913,4.5,0,-0.978329,-0.204581,-0.0319211
-9.0775,-2.61125,-13.9005,0.417913,0,-4.5,0,0.0196666,0.610984,-0.791399
4.23875,-38.0563,-27.4837,0.581307,0,2.30025,0,0.482865,0.710791,-0.511485
-16.885,-3.077,-10.361,0.105593,0,-0.757529,0,-0.168099,-0.902394,-0.396771
-16.7857,-21.377,-21.328,0.642838,0,-3.9,0,-0.996532,0.0723164,0.0411501
-2.29675,-35.4545,-37.3415,0.762269,0,-3.9,0,0.315585,-0.753949,-0.576166
-12.4365,-14.862,-14.392,0.123711,0,3.8,0,-0.421482,-0.319767,0.848588
-8.557,-6.8795,-22.6625,-0.0181946,0,4.2,0,0.362304,0.931951,0.0142323
-15.9815,2.4245,-14.705,0.343837,0,3.8,0,0.0406206,0.883627,-0.466427
-20.136,-23.253,-31.99,-0.317663,0,-3.5,0,-0.705745,0.550493,-0.445962
9.835,-42.436,-30.145,-1.45827,-0.445646,-3.5,0,0.564137,-0.738432,-0.369416
-23.62,-1.087,-15.927,0.389825,0,3.8,0,0.293843,0.926895,-0.233497
-5.29775,-9.24,-27.4115,0.296472,0,-3.9,0,0.934048,0.22956,0.273601
-10.32,-25.938,-15.851,-0.340848,-0.132606,-3.5,0,-0.286182,-0.957879,0.0238289
-12.452,-11.7343,-35.9572,13.2382,0.0520318,-4.5,0,-0.907021,-0.164924,-0.387443
-12.1517,-26.7412,-26.0735,-1.41858,-0.383437,-3.5,0,0.0324513,-0.998914,0.03344
-8.757,-2.991,-8.803,-0.66985,0,-4.17706,0,0.832905,0.0700497,0.548965
-12.5942,-17.722,-13.5933,-0.249167,0,-3.5,0,-0.0731695,0.477007,0.875849
-4.072,-12.2215,-26.524,-0.880348,-0.0800315,-1.3,0,0.852465,0.443632,-0.276576
-19.8832,-4.44425,-11.932,-0.887403,-0.447353,3.8,0,0.256297,-0.850119,0.46001
7.87775,-38.5812,-21.285,-1.05363,-0.722934,-3.5,0,-0.262661,-0.781675,0.56568
-16.159,-17.496,-13.854,-0.115705,0,-3.5,0,-0.618293,0.735104,0.278092
-3.936,-36.1335,-37.7535,0.419898,0,-3.9,0,0.108888,-0.856336,-0.504809
2.735,-45.582,-36.425,0.119607,0,-1.6,0,-0.400161,-0.75136,-0.524719
2.246,-37.2405,-20.2752,-0.809316,0,-3.5,0,0.510505,-0.764591,0.393427
-0.60525,-38.8275,-21.598,-1.57771,-0.0597609,-3.5,0,-0.311445,-0.935836,0.164962
-7.55175,-7.145,-22.4895,0.258723,0,4.2,0,0.487869,0.81359,-0.316313
0.25,-9.2495,-12.8075,0.126763,0,3.8,0,0.578379,0.709403,0.402771
-13.944,-19.738,-38.5665,-0.373475,-0.00652868,-3.9,0,-0.478898,0.172737,-0.860708
-4.202,-26.2265,-13.8687,-0.166014,0,3.8,0,0.610306,-0.521765,0.59606
-13.6945,-6.9315,-11.7055,0.275919,0,3.25924,0,-0.941435,-0.300743,0.15249
-22.339,5.25325,-11.981,0.384649,0,-0.4,0,0.33867,0.656583,-0.673945
-8.35925,-19.239,-10.1858,-1.54535,-0.452957,-3.5,0,0.0364818,-0.574417,0.81775
-20.0205,-4.84275,-12.9923,0.461963,-0.33663,3.8,0,0.266687,-0.662165,0.700296
-2.455,-8.209,-19.422,0.583682,0,-3.5,0,0.646638,0.191583,-0.738347
-13.597,-7.4185,-12.6495,0.435097,0,0.15,0,-0.965033,-0.00257176,0.262117
6.97675,-31.4832,-15.8655,-0.935958,0.453497,-3.5,0,0.695651,0.717225,-0.0407157
-24.542,-0.1975,-9.891,-0.0851288,0,-0.8,0,-0.701211,-0.128042,-0.701362
-17.395,-6.1695,-22.5028,0.382468,0,3.8,0,-0.605235,0.422337,-0.674775
-18.768,-2.239,-6.8075,0.955641,0,-0.8,0,-0.528593,-0.153534,0.834875
8.71,-42.6725,-25.3892,-0.447547,0,-3.5,0,0.570212,-0.616337,0.543126
-14.0675,1.604,-4.5255,1.33847,0,-3.5,0,0.537284,0.365666,0.76001
-13.3715,4.83175,-5.31325,2.13544,0,-3.5,0,0.63427,0.691759,0.345213
5.34125,-21.1075,-30.9823,-0.447602,0,-3.5,0,0.801316,-0.374277,-0.466702
-1.6355,-22.5387,-13.1685,-0.0654199,0,-4.5,0,0.473457,-0.075445,0.87758
-7.81,-21.947,-37.2505,-0.545908,-0.0629186,-3.9505,0,0.450979,-0.888741,-0.0822027
1.55838,-17.9492,-30.6623,-1.85082,-0.288132,-3.5,0,-0.332557,0.813203,0.477605
-1.69,-6.8545,-11.826,0.19462,0,4.2,0,0.903558,0.373432,0.210074
-13.0595,-27.8468,-33.5317,-0.981599,0,-3.5,0,0.95924,-0.206139,-0.193301
-12.892,-5.669,-23.765,0.513878,0,-0.7,0,0.197754,0.978262,0.0624216
-22.3545,0.891,-13.5115,-0.747649,-0.185575,-0.8,0,-0.234493,0.595367,-0.768474
-28.8535,7.8635,-12.6678,0.620305,0.0238842,-4.5,0,0.78534,0.612811,-0.0877711
-9.313,-26.5425,-16.15,-1.51595,-0.137152,-3.5,0,-0.616219,-0.76622,0.182159
0.93075,-8.99425,-15.7992,0.249865,0,3.8,0,0.202404,0.978818,-0.0307827
9.459,-40.8125,-23.5427,0.228334,0,-3.5,0,-0.170696,-0.792491,0.585509
-7.058,-33.5298,-27.4233,-0.153856,0,1.8,1,-0.725985,-0.572245,0.381421
-12.8118,4.06275,-6.049,1.26699,0,-3.5,0,0.977737,0.205517,0.0423336
3.9745,-10.743,-23.4387,0.452447,0.184758,-4.5,0,0.229745,-0.12523,-0.96516
-17.2447,-16.103,-23.8692,0.282156,0,4.5,0,-0.847993,-0.177609,0.499363
-30.4305,-6.483,-5.9555,0.138308,0,-3.5,0,-0.0755316,-0.514803,0.853975
-1.9975,-18.785,-15.468,0.326762,0.125423,-4.5,0,0.638539,0.629601,0.442573
-12.271,1.609,-13.081,0.39004,0,3.8,0,0.678874,-0.112049,-0.725655
-1.541,-31.362,-33.852,0.138032,0,-3.9,0,0.619426,0.762439,-0.187078
-16.4408,-3.02575,-3.092,1.08095,0,-3.5,0,-0.415708,-0.858599,0.299992
-5.40325,-37.964,-24.155,-0.0534919,0,-1.3,1,-0.929212,-0.213857,0.301379
1.22725,-31.3848,-16.149,-0.766557,-0.042826,-3.5,0,-0.452655,-0.842979,0.29067
9.6685,-40.8995,-32.535,-1.11829,-0.759974,-3.5,0,0.677574,-0.641055,-0.360475
5.2985,-20.5015,-26.538,-0.691287,-0.0798132,-2.41172,0,0.619134,0.623144,-0.477875
6.7625,-43.219,-28.9815,-0.29411,-0.233493,-2.17712,0,0.548583,-0.807947,0.215123
-30.415,-5.6685,-11.3695,-0.553797,-0.149899,3.8,0,-0.244755,0.88295,-0.400618
-22.267,-30.0745,-35.924,-1.44348,-0.0123906,-3.5,0,-0.236715,-0.522833,-0.818909
-12.7555,-23.7437,-19.965,0.247292,0,-4.20009,0,-0.480325,-0.713135,0.510614
-9.3535,-27.4557,-11.9978,-0.287816,0,3.8,0,-0.621234,-0.603024,0.50043
9.19425,-29.2253,-25.9062,0.716825,0.287051,-3.9,0,0.330123,-0.700982,-0.632174
-25.1567,-7.89175,-6.74275,0.38236,0,1.8,0,0.605136,0.00641575,0.796096
-17.267,-13.935,-17.567,0.138216,0,-0.8,0,-0.205191,-0.312053,0.927642
-29.122,-5.701,-14.7925,0.180736,0,3.8,0,-0.499132,0.804191,0.322715
-11.14,-10.702,-36.7245,2.28722,0.027165,-4.5,0,-0.070247,0.479139,-0.874923
1.299,-34.715,-31.2882,0.0070088,0,-0.80645,0,0.566646,0.613471,-0.550059
0.671,-24.6103,-34.3993,-0.724521,0,-3.5,0,-0.402121,0.465933,-0.788166
-32.5641,-6.871,-8.55587,-0.365629,0,-3.5,0,-0.465426,-0.878939,0.104135
10.3582,-40.0918,-32.8985,-1.60695,-0.0543466,-3.5,0,0.567319,-0.695186,-0.441437
-18.9342,-4.6045,-13.0627,0.131482,-0.507094,0.311176,0,0.283198,-0.485194,0.827276
3.68475,-44.5005,-37.526,0.162338,0,-1.6,0,0.0661544,-0.40428,-0.91224
5.70738,-39.3435,-23.758,-0.693524,0,2.5,0,-0.472328,-0.495936,0.728666
-6.45025,-16.4215,-12.5135,-0.0651583,0,-0.0511237,0,0.627509,-0.579062,0.5205
6.40725,-22.7825,-21.051,-0.148878,0,-1.3,0,0.131494,0.0264839,0.990963
-14.5835,-27.9827,-34.6693,-0.570561,0,-3.5,0,-0.0678574,-0.371571,-0.925921
-29.3027,4.87625,-8.5055,0.59033,0,-4.5,0,-0.436028,0.592996,0.676931
-2.78525,-19.6133,-34.1432,0.325732,0,-4.5,0,-0.341976,0.246794,-0.906722
5.4925,-18.0947,-34.802,0.625178,0.115296,-4.5,0,0.98116,-0.192962,-0.00954036
-13.7718,-6.6445,-27.2913,0.347909,0,-0.7,0,-0.116771,0.427591,-0.896399
4.8435,-40.7422,-26.1698,-0.234246,0,-2.20591,1,-0.847387,-0.0215359,0.530538
0.878,-11.308,-23.579,0.63123,0,-4.5,0,-0.152971,0.160477,-0.975114
-13.6681,-2.29662,-19.1324,0.316394,0,3.8,0,0.692385,0.721036,0.026631
-3.9915,-7.1675,-20.5457,-0.273228,0,-3.5,0,0.503593,0.125515,-0.854775
-17.644,4.1585,-6.0005,5.37378,0,-3.5,0,-0.618094,0.783993,-0.0575753
-10.1593,-19.767,-41.8925,0.300929,0,-0.4,0,-0.45188,-0.0142064,-0.891966
4.828,-44.8425,-23.97,-1.7831,-0.394423,-3.5,0,0.042721,-0.484423,0.87379
2.841,-27.4945,-36.574,-1.40023,-0.366928,-3.5,0,-0.104162,-0.447303,-0.888296
-27.5775,-2.79,-5.8065,-0.132439,-0.37473,-4.09118,0,-0.0459717,0.01667,0.998804
0.4835,-24.9485,-14.2002,0.0706178,0,-4.5,0,0.63369,-0.336188,0.696718
-30.6437,-13.021,-17.2175,-0.111782,0,-0.7,0,-0.996195,-0.0399193,-0.0774689
-5.321,-3.29,-11.5865,0.30062,0,-0.0151297,0,0.632796,0.137183,0.76207
-11.2495,-36.223,-36.0127,0.751182,0.203802,-4.5,0,-0.896325,0.169493,-0.409723
6.0875,-38.6585,-28.9235,1.67114,0.491853,-3.39228,0,-0.0833743,0.993907,-0.0720942
0.73325,-44.1545,-35.8688,0.291698,0,-1.6,0,-0.921397,-0.27253,-0.277046
9.2635,-25.833,-21.7185,0.00188473,0,-2.59989,0,0.726134,0.451581,0.518462
-15.522,-29.288,-33.009,-0.667649,0,-3.5,0,-0.483548,-0.874918,-0.026448
-9.97275,-21.6,-41.3293,-0.483868,-0.23704,-0.4,0,-0.0279839,-0.442578,-0.896293
-23.1035,5.833,-10.1838,0.408353,0,-0.4,0,0.0583734,0.990043,0.128088
1.8265,-8.9835,-21.5745,0.497277,0,-4.5,0,-0.483862,0.724785,-0.490473
-4.714,-17.1197,-39.1665,0.805925,0,-3.9,0,0.372679,0.764748,-0.525614
-20.293,-30.838,-34.17,-7.55581,0,-3.5,0,0.307215,-0.944408,0.117099
-13.5505,-29.0875,-33.009,-2.74757,0,-3.5,0,0.674714,-0.737764,-0.0216003
12.2245,-39.6315,-22.261,-3.70412,0,-3.5,0,0.705023,0.134864,0.696243
-4.1985,-18.2785,-39.554,0.569781,0,-3.9,0,0.648139,0.0317909,-0.760858
-9.7725,-1.1835,-4.929,0.998623,0,1.9,0,0.645223,-0.0777737,0.760025
-18.2265,-27.6645,-36.786,-5.70239,0,-3.5,0,0.608119,0.0487261,-0.792349
-30.064,-12.7765,-10.7195,-0.577251,0,-3.5,0,-0.106499,-0.956201,0.27265
-14.652,-29.3845,-32.4005,-1.0694,0,-3.5,0,-0.00455949,-0.938609,0.344953
-14.473,4.78,-4.705,1.59892,0,-3.5,0,-0.0304485,0.631887,0.774463
-25.355,2.158,-4.004,0.996139,0,-3.9,0,-0.030053,0.564125,0.825142
-10.572,-0.322,-4.849,2.69572,0,1.9,0,0.316727,0.540135,0.779704
-25.355,0.9875,-3.671,1.95299,0,-3.9,0,-0.0699047,-0.169122,0.983113
-21.969,-6.685,-12.361,3.25499,0.251178,-0.8,0,0.225919,0.202659,0.952833
-19.328,-27.357,-37.142,-2.04857,0,-3.5,0,-0.057676,0.363814,-0.929684
4.32,-39.9762,-37.8418,0.484336,0,-4.5,1,-0.131588,0.270551,-0.95367
7.103,-43.6595,-32.7875,-0.224422,0,-0.8,0,0.703503,-0.687749,-0.17912
2.9915,-28.0928,-34.454,-1.26296,-0.48667,-3.5,0,0.339566,-0.939026,-0.0540901
-11.8645,-24.5508,-12.1228,-1.3617,-0.418948,-3.5,0,-0.20708,-0.402715,0.891593
-6.25525,-9.7275,-24.0853,0.812863,0.0388794,4.2,0,0.807891,0.586789,-0.0546939
2.195,-20.7062,-17.5203,-1.08581,0,-3.5,0,0.848449,-0.522516,-0.0843309
-13.5375,-24.4722,-34.4195,-0.363513,0,-3.79,0,-0.845954,0.0788975,-0.527387
9.68925,-34.8088,-21.7278,-0.549959,-0.299766,-3.70166,0,0.945522,-0.190172,-0.264239
-17.8773,-21.1318,-14.0095,-1.45054,-0.0711455,-3.5,0,-0.582771,-0.685465,-0.43648
-1.41925,-34.115,-37.7835,0.451684,0,-3.9,0,0.575354,-0.229282,-0.78511
-22.6838,-2.55525,-19.7097,0.285847,0,4.5,0,-0.162209,0.924091,-0.346041
-23.7157,1.36175,-12.0895,0.252591,-0.844017,-0.8,0,-0.781014,0.169544,-0.601059
-30.1375,-11.0407,-8.39125,-0.972945,-0.0677015,-3.5,0,-0.118914,-0.818011,0.562777
0.82,-15.617,-24.043,-0.272159,-0.678127,-4.29053,0,0.754617,0.555419,-0.349375
-1.93575,-7.54225,-18.44,0.491246,0,-3.5,0,0.863575,0.450107,-0.22725
-9.557,-29.441,-29.407,-0.462783,0,-3.5,0,-0.862463,-0.450152,-0.231346
5.423,-36.5033,-36.4673,0.184362,0,-4.5,0,0.285486,0.722441,-0.629743
-3.0515,-0.19,-12.311,0.712508,0.43513,-4.5,0,0.545947,-0.777319,-0.312598
-33.8947,-5.383,-6.40075,0.268312,0,-3.5,0,-0.566559,-0.432985,0.701096
-32.072,-4.595,-5.968,0.536407,0.110644,-3.5,0,0.00949411,0.0156399,0.999833
8.865,-38.6575,-21.133,-1.42393,-0.74223,-3.5,0,0.171177,-0.864178,0.473174
8.4205,-20.602,-25.391,-0.122061,0.310072,-1.3,0,0.864359,0.130564,-0.485631
-5.378,-10.347,-28.052,0.230564,0,-3.9,0,0.997739,0.0636185,-0.0216548
-7.389,-18.7795,-10.4195,-1.37471,-0.618142,-3.5,0,0.755856,-0.385042,0.529552
-13.4125,-26.8955,-21.0583,0.768218,0.435343,-4.5,0,-0.661062,-0.314681,0.681155
-6.75375,-38.7725,-32.477,0.736183,0,-4.5,1,-0.170585,-0.940726,0.293146
-5.3085,-29.3685,-21.758,-0.338037,0,-2.55207,0,-0.169361,-0.972503,-0.159856
-14.8045,-24.0635,-15.1152,0.10803,0,-3.5,0,-0.800654,-0.559347,-0.214673
-5.005,-32.4922,-33.654,0.0779043,-0.0593423,-4.13342,0,-0.713666,0.51985,-0.469506
9.88125,-26.7135,-21.7458,0.152055,0,-3.9,0,0.646065,0.326521,0.689916
-2.1895,-20.129,-13.3678,-0.102728,0,-4.5,0,0.23784,0.387562,0.890633
-18.855,-5.154,-19.7455,-0.56675,-0.871599,-0.42784,0,-0.263719,0.39191,-0.881396
-17.0923,-16.1963,-30.7852,-0.104175,-0.385754,-3.70868,0,-0.953937,0.29085,-0.0735516
-10.2583,-8.32125,-9.47275,0.213691,0,-3.5,0,-0.171436,-0.54601,0.82005
9.86725,-37.58,-30.8445,-0.466505,-0.0088474,-3.5,0,0.458363,0.831378,0.314187
4.205,-9.936,-19.133,-0.0874801,0,-4.5,0,0.492593,-0.462178,0.73739
-11.6865,-9.52225,-35.0535,6.89102,0.390801,-4.5,0,-0.516908,0.700967,-0.491377
-17.9656,-24.6871,-34.0747,-2.41631,-0.741106,-3.5,0,-0.133683,0.680564,-0.72039
2.62575,-15.7795,-36.3003,0.296269,0,-4.5,0,0.0553345,0.997624,-0.0410506
-11.439,-0.828,-4.628,1.19863,0,1.9,0,-0.0565088,0.398001,0.915643
4.4185,-20.711,-33.015,-1.42069,-0.3444,-3.5,0,0.451259,-0.785164,-0.424126
-10.031,-18.4587,-41.6145,0.324782,0,-0.4,0,-0.448979,0.662495,-0.599598
-10.2525,-28.987,-19.8382,-1.71636,-0.00633696,-3.5,0,-0.7292,-0.504634,-0.462181
4.77,-35.3618,-19.3775,-0.937615,0,-3.5,0,-0.217356,-0.946541,0.238364
-14.452,-9.372,-11.903,0.832135,0.357046,-3.5,0,-0.813726,0.419079,0.40277
5.158,-39.9875,-24.324,-0.612003,0,2.5,0,-0.536457,-0.497024,0.682042
-29.2855,-11.278,-9.494,0.055549,0,-3.5,0,0.35098,-0.850611,0.391503
-6.8395,-7.2635,-21.754,0.177869,0,4.2,0,0.398201,0.86488,-0.305645
-14.8695,-7.23,-27.0735,0.313983,0,-0.7,0,-0.699476,0.052533,-0.712722
-19.532,-5.89425,-20.1733,0.100824,0,4.5,0,0.168484,0.523584,-0.835148
-5.30225,-16.9972,-13.5138,-0.0393958,0,3.8,0,0.163092,-0.502521,0.849043
6.025,-24.136,-29.079,-0.534699,0,-3.5,0,0.703868,-0.014654,-0.710179
-32.6618,-6.2365,-10.4598,-1.04502,-0.604374,-3.5,0,-0.676168,-0.249178,-0.693331
-19.668,-3.4655,-17.7167,0.120079,0,-0.8,0,-0.385994,0.922063,-0.0284291
-20.7673,-13.0667,-15.431,-0.061515,0,-1.6,0,0.227579,-0.947276,0.225555
-30.8458,-4.10525,-9.79675,0.108656,0,-3.5,0,-0.306364,0.751542,-0.584232
-7.94825,-11.6667,-10.7078,0.267313,0,-3.9,0,-0.143136,0.507072,0.849935
6.05775,-40.4757,-24.1537,-0.43349,0,-1.27396,0,-0.447823,-0.30273,0.841314
-8.06425,-10.353,-11.149,0.00619147,0,-3.6106,0,-0.147445,-0.0610379,0.987185
-3.64475,-4.10775,-13.9873,0.357231,0,4.2,0,0.338529,0.86702,-0.365614
-11.6528,-25.9832,-15.418,-0.0816918,0,-3.5,0,-0.152372,-0.983067,0.101793
-25.217,2.877,-5.367,0.596681,0,-3.9,0,0.110219,0.93445,0.338608
-15.7045,-27.7213,-30.7453,0.396333,0.349347,-3.5,0,-0.0640867,-0.823286,0.563997
-15.4742,-22.1882,-31.4935,-0.208251,-0.0178005,-3.5,0,-0.504773,0.106919,-0.856605
-17.8105,-2.612,-11.2025,0.297281,0,1.5,0,0.374999,-0.911152,-0.170813
5.3775,-18.3428,-29.6485,-0.151426,0,-3.5,0,0.748596,0.640441,0.171577
-19.0072,-9.68775,-12.6302,-1.3751,-0.394372,-3.5,0,-0.140742,0.501257,0.853776
-9.31225,-25.938,-31.7535,-0.234474,0,-3.5,0,-0.652533,-0.555089,-0.515827
-13.9005,-2.69525,-17.6992,0.329183,0,3.8,0,0.387968,0.921652,-0.00619574
-27.62,1.136,-5.119,0.453709,0,-3.9,0,-0.697004,0.199899,0.688641
-4.304,-11.7397,-33.0695,-1.17702,-0.420456,-3.5,0,0.778389,-0.0608318,-0.624828
-5.393,-0.24625,-13.249,1.34523,0.648647,-4.5,0,0.162587,0.0591297,-0.984921
-4.0365,-13.2985,-28.5163,0.412947,0,-2.39963,0,0.907584,0.397707,0.134609
-7.0465,-21.91,-37.9497,-1.12235,-0.388789,-3.9,0,0.579359,-0.815057,-0.00510115
6.0235,-37.7477,-26.7971,0.332526,0,2.5,0,0.363185,0.610767,-0.703605
-13.2867,-3.8445,-6.1045,0.967057,0,-4.5,0,0.267738,-0.332346,0.904358
-23.337,4.918,-12.3325,0.391501,0,-0.4,0,-0.154952,0.344135,-0.926046
-10.004,0.17,-6.193,2.77125,0,1.9,0,0.614396,0.783124,0.0960933
1.9125,-9.576,-16.0615,0.207997,0,3.8,0,0.772906,0.628977,-0.0836889
4.0885,-25.196,-19.6245,-0.427415,0,-1.3,0,-0.20944,0.73049,0.650015
-21.5422,-26.1318,-34.2298,-0.703529,0,-3.5,0,-0.801237,0.499681,-0.329147
4.1075,-43.557,-37.6982,0.151472,0,-1.6,0,0.0160956,-0.0466535,-0.998781
7.581,-34.9525,-24.999,-0.582372,-0.0891356,1.62712,0,0.446872,0.312386,-0.838284
4.47625,-45.878,-35.9782,0.0853019,0,-1.6,0,0.384463,-0.906943,-0.172168
-2.907,-39.9315,-26.9815,-0.281091,0,-1.3,1,-0.0801736,-0.969828,0.230232
-10.458,-14.73,-9.41175,0.972377,0.901276,-3.9,0,-0.862711,0.190866,0.468295
-27.2295,4.2865,-7.556,0.574282,-0.0356392,-4.5,0,-0.0323212,0.447999,0.89345
-15.3097,-3.36175,-3.31,1.00638,0,-3.5,0,0.135805,-0.964438,0.226752
-15.609,-5.7815,-7.1105,3.26742,0,-4.5,0,-0.877288,-0.383315,0.288853
-9.47325,-26.057,-11.5568,-0.271155,0,3.8,0,-0.714348,-0.00385482,0.69978
-12.7222,-2.5335,-5.533,0.758459,0,-0.843755,0,0.135729,-0.560707,0.816814
-8.637,-25.9403,-10.8422,-0.228872,0,3.8,0,-0.251459,0.116919,0.96078
2.02375,-10.738,-16.8425,0.173789,0,3.8,0,0.986291,-0.122891,-0.110126
-17.0075,-23.4827,-22.375,1.08118,0.811982,-3.9,0,-0.873324,-0.175483,0.454434
-16.6095,-18.942,-12.154,-0.717546,0,-3.5,0,-0.0947716,0.653052,0.75136
-3.697,-34.3405,-23.5287,-0.686268,0,0.727649,0,-0.883453,0.190995,0.427822
-18.9252,-13.252,-15.3904,-2.39009,-0.381241,-3.5,0,-0.22502,-0.973899,-0.0297899
-21.123,-30.373,-35.5865,-1.45298,-0.0286932,-3.5,0,0.156357,-0.449161,-0.879663
-22.4905,-29.2878,-33.401,-1.62941,0,-3.5,0,-0.744075,0.0402019,0.666886
-2.917,-35.894,-36.511,1.09905,0,-3.9,0,0.221646,-0.911777,-0.34574
-28.883,3.80375,-13.2247,0.810764,0,-4.5,0,0.671447,-0.279353,-0.686383
-5.09875,-36.9463,-24.2908,-0.314767,0,-1.3,1,-0.887171,0.32334,0.32921
-29.617,-2.122,-6.831,-0.603624,-0,-3.5,0,-0.611637,0.759764,0.220588
-16.927,-18.233,-21.0395,0.797724,0.690198,-0.8,0,-0.92478,-0.311771,-0.218128
-31.4055,3.8685,-12.2517,0.71873,0,-4.5,0,-0.960909,-0.276452,0.0150977
11.252,-40.605,-27.0252,-1.29185,0,-3.5,0,0.69083,0.2449,-0.680278
-15.456,-10.0278,-23.2917,0.173905,0,2.893,0,-0.661731,-0.109001,-0.741776
-18.738,-8.0585,-22.869,-0.538414,-0.522855,2.6032,0,-0.454878,0.183904,-0.871358
-8.00075,-16.5847,-35.1813,1.07832,0,-4.5,0,0.840111,0.495905,-0.219753
-20.291,0.577,-14.451,0.439593,0,3.8,0,-0.258165,0.638315,-0.725193
6.08725,-38.261,-31.3463,0.119945,0,-3.52643,0,-0.0794974,0.891864,0.445262
-5.23,-31.652,-15.0395,-1.81071,-0.50031,-3.5,0,-0.68956,-0.236241,0.684615
2.83075,-10.1505,-23.0082,0.546377,0,-4.5,0,-0.130622,0.579947,-0.804114
10.673,-32.971,-22.3395,-1.08038,-0.116488,-3.9,0,0.866075,-0.089703,-0.491801
8.4365,-23.1165,-23.43,-1.07362,-0.265046,-1.3,0,0.890779,-0.427904,0.153009
10.8818,-37.2435,-24.6222,-0.64838,0,-3.5,0,0.833848,0.537625,-0.12513
-6.21,-9.7545,-32.9415,0.370503,-0.207675,-3.70353,0,0.477955,0.172846,-0.86121
-7.86125,-19.7675,-41.489,0.17724,0,-0.4,0,0.65635,0.159223,-0.737464
-25.057,-3.98825,-10.7657,1.24173,0.0274248,2.91841,0,0.795707,-0.60519,0.0244066
0.999,-18.6117,-36.298,0.96622,0,-4.5,0,-0.0853715,-0.71843,-0.690341
-7.2975,-13.9355,-35.494,1.23422,0,-4.5,0,0.802097,-0.253266,-0.54083
-17.6955,-26.9915,-35.5605,-2.76946,0,-3.5,0,0.893227,0.1471,-0.424861
-14.703,-2.5645,-2.5305,0.43503,0,-3.5,0,0.504491,-0.779041,0.372269
-7.57975,-32.163,-27.205,0.17999,0.0356505,1.53862,1,-0.751548,-0.418859,0.509639
-10.949,-37.5293,-34.8,0.183018,0,-4.5,1,-0.668699,-0.738923,0.08267
-2.672,-31.0525,-14.076,-1.81736,-0.795156,-3.5,0,-0.0683511,-0.237133,0.96907
3.8655,-7.40075,-20.3323,0.3832,0,-4.5,0,0.0209281,0.980463,-0.195588
-10.5487,-27.336,-26.7617,-0.929309,-0.759353,-3.5,0,-0.721587,-0.670971,0.170617
-34.1755,-3.78275,-8.23025,0.300467,0,-3.5,0,-0.550318,0.812659,-0.191664
-10.5705,-35.172,-35.5168,0.191742,0,-4.5,0,-0.462005,0.856393,-0.230525
9.67725,-37.7993,-20.4303,-2.18007,-0.29581,-3.5,0,0.829542,-0.315105,0.461053
5.16475,-30.0853,-13.1687,-0.0679891,0,-3.5,0,0.17013,0.7812,0.600652
-4.14925,-18.9387,-37.1675,0.961021,0,-3.9,0,0.838502,-0.235683,0.491292
-22.4255,5.6715,-10.9785,0.469517,0,-0.4,0,0.387294,0.910582,-0.144372
-19.725,-30.046,-33.194,-7.29089,0,-3.5,0,0.467868,-0.768746,0.436038
-4.916,-31.833,-36.3315,1.42198,0.452831,-3.9,0,-0.185414,0.911986,0.365929
-6.549,-0.959,-13.396,0.638719,0.0672463,-4.5,0,0.236435,0.0697069,-0.969144
-1.7325,-26.8438,-33.4995,-0.446326,-0.660819,-3.5,0,-0.386929,-0.285967,-0.876647
10.1275,-33.7565,-20.246,-0.818511,-0.0437614,-3.56223,0,0.87105,-0.00454266,0.491173
-12.4735,-27.462,-20.562,0.555355,0.821006,-4.5,0,-0.264814,-0.729645,0.630469
1.62475,-8.5985,-19.5637,0.990398,0.335025,-4.5,0,-0.698018,0.686514,0.203639
-15.0218,-22.1332,-12.4905,-0.44166,-0.264889,-3.5,0,0.190987,-0.556541,0.80857
4.2815,-9.7785,-23.1995,0.128631,0,-4.5,0,0.0633627,0.410592,-0.909615
-24.3687,2.58775,-5.8965,0.64036,0,-3.9,0,0.691682,0.67448,0.258172
-15.6683,-19.7435,-16.8778,0.859356,0,-1.19508,0,-0.659658,-0.732066,0.170091
-9.35375,-34.9885,-34.628,-0.262731,0,-4.5,0,-0.19335,0.964933,0.177536
-2.0345,-17.7465,-16.6575,0.0853047,0,3.55608,0,0.706904,0.287838,0.646093
-4.481,-29.913,-22.7612,-0.363203,0,1.09894,0,-0.605893,-0.768569,0.205416
1.776,-28.534,-32.45,-0.258103,0,-3.5,0,0.107102,-0.989262,-0.0994501
-13.6777,-3.0705,-5.348,-1.08818,0,-3.5,0,0.448395,-0.521443,0.725975
-17.756,-18.1978,-24.7635,-1.02981,-0.252042,4.5,0,-0.820989,-0.518703,0.23859
-17.536,-18.7372,-12.8337,-1.23007,0,-3.5,0,-0.434199,0.764361,0.47668
-12.9435,-27.4915,-30.954,1.10363,0.513734,-3.5,0,0.818224,-0.57481,-0.0101166
-27.852,5.39925,-8.0625,0.433508,0,-4.5,0,-0.128153,0.715848,0.686396
-30.3945,4.92175,-9.49925,0.720894,0,-4.5,0,-0.655765,0.558494,0.507993
-9.781,-6.7275,-22.1125,0.0992082,0,4.2,0,0.112558,0.982439,0.148809
-3.57975,-4.272,-11.3422,0.24001,0,4.2,0,0.402537,0.510222,0.760025
4.699,-34.0195,-16.5263,-1.4999,-0.103848,-3.5,0,-0.746078,-0.567233,0.348733
-8.366,-31.6225,-27.943,0.238275,0.853203,-3.5,1,-0.900019,-0.418042,0.123312
-9.65375,-6.173,-24.708,-0.667245,-0.0987393,4.2,0,0.316316,0.768811,-0.555764
0.2805,-9.045,-16.584,0.332268,0,3.8,0,0.0596777,0.976301,-0.208025
-10.8217,-37.1355,-36.134,0.359435,0.0415196,-4.5,0,-0.634508,-0.55732,-0.535532
-9.598,-3.0695,-17.9185,0.314314,0,4.5,0,0.162196,0.65794,-0.735396
-18.258,-9.0235,-13.165,-0.773665,-0.850549,-3.5,0,-0.234378,0.538686,0.809249
-7.63,-37.2405,-37.1085,0.44904,0,-4.5,0,0.0460014,-0.62722,-0.777483
-6.94475,-9.1205,-10.1753,-1.0167,0,-3.5,0,0.28018,-0.592692,0.755126
11.897,-28.269,-23.6145,1.28395,0.502141,-3.9,0,0.84375,-0.254293,0.472674
-13.7683,-28.066,-30.8608,0.426332,0.555872,-3.5,0,0.430427,-0.792708,0.431679
-9.9615,-36.7825,-32.6982,0.315007,0.499302,-4.5,1,-0.686392,0.14488,0.712654
-11.431,-9.72275,-26.565,0.617244,0,-3.53522,0,0.223,0.516011,-0.827045
-21.233,-24.8775,-32.6165,-1.16312,0,-3.5,0,-0.910393,0.263262,0.319183
-16.786,1.39625,-0.4185,0.780063,0.748758,-3.5,0,-0.193079,0.42983,0.882024
-17.701,3.16925,-4.5475,4.68681,0,-3.5,0,-0.771082,0.325805,0.547068
-1.694,-43.3192,-29.6133,-0.141393,0,4.2,0,-0.805004,0.0954456,0.585542
-12.4412,-0.405,-4.908,1.17311,0,-0.282458,0,0.366951,0.409318,0.835348
-7.233,-17.3115,-35.523,1.26143,0,-4.5,0,0.522101,0.850796,0.0596326
-4.1815,-12.3438,-28.8092,0.17394,0,-3.5,0,0.869172,0.332749,0.365813
-15.1355,-1.8675,-20.748,0.317143,0,3.8,0,0.198081,0.842062,-0.501693
6.87025,-17.968,-24.0128,-0.202171,0,-1.3,0,0.429559,0.869706,0.243086
-12.1707,-10.1447,-34.4142,13.8095,0.17883,-4.5,0,-0.961964,0.239905,0.130658
-6.3925,-19.323,-13.3385,-0.158001,0,-3.5,0,0.739491,-0.00141089,0.673164
7.25075,-37.0482,-18.4225,-0.637317,0,-3.5,0,-0.121136,-0.928786,0.350262
-23.9195,-15.1278,-12.261,0.223631,-0.393871,-0.8,0,-0.206441,-0.974396,0.0890815
-14.5057,-23.5835,-12.874,0.302951,0.601144,-3.5,0,-0.483606,-0.436661,0.758586
-11.3772,-6.71025,-26.0555,0.274493,0,-0.7,0,0.633468,0.429255,-0.643784
10.6783,-39.6102,-26.8888,-0.241186,0,-3.5,0,0.569944,0.463941,-0.678176
-18.3398,-20.0995,-14.7157,-1.5921,-0.0286817,-3.5,0,-0.718602,-0.295811,-0.62937
-17.4355,-18.7043,-14.9835,-0.667747,-0.935811,-3.5,0,-0.825507,0.367076,-0.428712
-11.567,-7.9385,-9.318,-0.580419,0,-3.5,0,0.0384931,-0.486241,0.872976
-9.26675,-19.1165,-42.0055,0.28031,0,-0.4,0,0.147267,0.296905,-0.943483
-11.5955,-17.419,-13.382,-0.611936,-0.0361809,-3.5,0,-0.43609,0.443882,0.782811
-17.0023,-26.1168,-29.4428,0.216754,0.0604985,-3.5,0,-0.262216,-0.733767,0.62676
3.642,-42.4255,-27.0065,-0.671968,0,-2.10973,1,-0.815383,-0.0982233,0.570529
-29.3822,-5.5345,-10.8197,0.422999,0,0.364175,0,0.0414337,0.786594,-0.616079
8.086,-33.0363,-14.7872,-1.41688,-0.0216354,-3.5,0,0.6717,0.0165714,0.740638
6.022,-9.38075,-21.7505,0.978185,0.943375,-4.5,0,0.938635,0.29818,-0.17336
-12.8092,-25.3892,-39.2145,1.80559,0.0848316,-3.9,0,-0.731982,0.0585571,-0.678803
-3.9705,-33.2515,-23.4207,-0.469122,0,3.8,0,-0.873743,-0.168928,0.45611
-9.993,-10.492,-10.651,-0.296179,-0.776121,-3.5,0,0.465957,-0.0900327,0.880215
1.32275,-21.8295,-18.372,-0.433426,0,0.626089,0,0.905643,-0.405011,0.125607
-13.628,-23.2275,-36.6275,-0.301737,0,-3.9,0,-0.989294,-0.114685,0.0902436
-2.69525,0.67575,-12.7317,1.05772,0.803325,-4.5,0,0.680244,-0.129893,-0.721385
4.364,-43.6113,-24.1395,-1.74282,-0.417196,-3.5,0,-0.520612,0.167111,0.83728
5.05925,-42.33,-37.513,0.640277,0.838883,-4.5,0,0.342107,-0.249726,-0.90587
-21.626,-9.417,-21.167,0.626308,0.286744,2.98546,0,-0.559023,-0.199998,-0.80467
-26.1073,-4.06075,-5.763,0.424118,0,-4.5,0,0.203059,-0.320853,0.925106
-15.546,0.58575,-0.5055,0.556597,-0.170447,-3.5,0,0.392861,0.418017,0.819098
-3.427,-32.5773,-18.231,-0.751684,0,-3.5,0,-0.498956,-0.703622,-0.505924
10.4415,-38.8473,-29.7782,-0.337492,0,-3.5,0,0.815602,0.317146,0.483955
-1.61725,-21.1628,-13.3243,-0.190208,0,-4.5,0,0.486841,0.201348,0.849967
-9.2025,-36.4287,-32.0853,0.904335,0.515778,-4.5,0,-0.502503,0.240564,0.830434
-24.7605,-2.6985,-6.3665,1.42092,0.0264148,-4.17492,0,0.679145,-0.303644,0.668253
-8.574,-17.3323,-36.886,0.323128,0,-4.09558,0,-0.414862,0.840926,-0.347468
-25.8565,3.40125,-11.7823,0.999509,0.146629,-0.4,0,-0.120315,0.109256,-0.986705
-23.491,-2.725,-19.066,0.259068,0,4.5,0,-0.394029,0.862957,-0.316301
-14.142,-20.2105,-11.927,-0.331156,0,-3.5,0,0.464312,0.0772186,0.882299
-21.2973,0.337,-14.0778,0.298178,0,3.8,0,-0.266982,0.548042,-0.792699
-29.268,-2.7635,-5.443,-0.649733,-0.12598,-3.5,0,-0.304522,0.441695,0.843903
-11.6377,1.96425,-12.213,0.383509,0,3.8,0,0.929088,0.170477,-0.328228
-24.9772,4.952,-7.39875,-0.319411,-0.116748,-4.5,0,0.0313723,0.771677,0.63524
-6.41475,-6.8575,-20.1413,-0.88433,-0.725244,-3.5,0,-0.256922,0.726342,-0.637509
-5.8265,-17.1885,-39.36,0.643742,0,-3.9,0,-0.0980827,0.7917,-0.602985
1.46125,-23.3846,-19.0829,-0.195819,0,4.5,0,0.901955,-0.083325,0.423715
0.63275,-34.6077,-32.1932,-0.19037,0,-4.5,0,0.734071,0.575789,-0.360009
-0.3835,-18.918,-28.1805,-0.459289,-0.985138,-0.8,0,0.200534,0.693139,-0.692347
-2.62725,-21.5898,-33.8252,-0.000337155,-0.426105,-4.5,0,-0.255298,-0.436256,-0.862846
-14.6193,-15.0685,-16.2588,0.780418,0.273893,-0.0585993,0,-0.685823,0.396769,0.6101
-17.0002,-18.3403,-23.951,-0.689447,-0.303335,1.53738,0,-0.816415,-0.43322,0.381821
9.4175,-37.1242,-32.8655,-1.07568,0,-3.5,0,0.0613191,0.978291,-0.197954
3.3805,-39.7655,-37.3812,1.09313,0.651269,-4.5,1,-0.648884,0.191856,-0.736302
0.84125,-36.7988,-24.1758,-0.974441,0,1.87887,1,0.344131,-0.929292,-0.13413
-12.3075,-1.5755,-4.84,0.761837,0,1.22395,0,0.0745549,-0.305063,0.949409
2.42275,-8.27475,-18.498,0.940574,0.734986,-4.5,0,-0.265141,0.685709,0.677866
6.11975,-30.697,-29.5168,-0.0799016,0,-0.9,0,0.0504921,-0.0615344,-0.996827
-4.233,-10.629,-32.532,-1.00231,-0.272008,-3.5,0,0.694578,0.552984,-0.460185
-14.694,-13.6368,-28.5613,0.165822,0,2.11881,0,-0.205749,0.147723,-0.967391
1.43125,-12.4677,-14.4685,0.0301622,0,3.8,0,0.871638,-0.459743,0.16995
12.1368,-40.1385,-25.0035,-0.566949,-0.407567,-3.5,0,0.934673,0.0533441,-0.351485
-15.9637,-3.3665,-11.0262,-0.394611,0,2.56885,0,-0.684355,-0.726131,-0.0662748
-14.256,-8.345,-13.383,0.690141,0,-3.5,0,-0.489973,0.32753,0.807868
-23.144,-2.547,-9.598,3.59843,0,-1.11676,0,0.346419,-0.852342,-0.391801
-16.6955,-1.47425,-1.41925,0.659653,0,-3.5,0,-0.507496,-0.567718,0.648185
1.83275,-37.5728,-21.4807,-1.27187,0,-3.5,0,0.510702,-0.859085,-0.0340095
-21.6665,-2.51875,-19.6812,0.338504,0,4.5,0,0.307274,0.86015,-0.407093
1.7945,-9.34125,-15.0852,0.167073,0,3.8,0,0.693022,0.640071,0.331707
-3.1685,-6.20875,-10.8158,0.161695,0,4.2,0,0.149211,0.363065,0.919739
9.64025,-42.3667,-25.772,-0.85034,-0.0175329,-3.5,0,0.316721,-0.887007,0.336015
-25.4875,-2.97425,-5.66725,0.897871,0.0175891,-4.17969,0,0.332348,-0.356066,0.873362
1.90325,-27.8822,-34.582,-1.17222,-0.39911,-3.5,0,-0.495595,-0.796669,-0.345984
5.517,-21.2423,-29.8545,-0.399329,0,-3.5,0,0.934723,-0.182045,-0.305208
3.99375,-42.495,-37.4015,0.577845,0.692457,-4.38351,0,-0.371285,0.0427258,-0.927535
-25.483,-4.0085,-10.3188,1.13052,0.232499,-4.5,0,-0.644904,0.567647,-0.511738
-6.8485,-30.6205,-31.0005,-0.295213,0,-3.5602,0,-0.342992,0.142567,-0.928456
-18.904,-29.2278,-33.6572,-0.747199,0.00539712,-3.5,0,0.629135,-0.775361,0.0548042
-10.3562,-5.7215,-7.38975,-1.00388,0,-4.25818,0,0.253823,-0.349909,0.901742
-24.8795,-13.5055,-15.5165,0.605413,0.0126814,-0.703682,0,0.237545,-0.970455,0.0422893
-0.08825,-46.3915,-32.0122,-0.00960063,0,4.2,0,0.351151,-0.885123,-0.30537
2.13625,-18.0475,-16.3888,-1.70792,-0.358929,-3.5,0,0.496169,0.809138,0.31482
-3.89225,-13.4955,-26.9783,0.616627,0.377468,-1.3,0,0.831588,0.52604,-0.178166
-28.9272,-14.593,-17.4285,0.395871,0,-0.7,0,-0.544385,-0.802021,-0.245779
7.9225,-35.466,-16.1208,-1.2267,0,-3.5,0,0.457713,-0.68539,0.566339
-5.70025,-9.0335,-32.1283,1.2093,0.00808283,-3.85958,0,0.830337,0.24749,-0.499288
6.9265,-37.88,-21.1435,-0.750718,-0.111844,-0.497659,0,-0.579551,-0.612415,0.537651
1.287,-10.2905,-23.0545,0.878264,0,-4.5,0,-0.251978,0.704966,-0.66297
-21.1856,3.71325,-9.17537,0.592698,0,-0.4,0,0.457025,0.285963,0.842231
-5.6215,-22.715,-35.4798,0.591497,0,-4.5,0,0.446305,-0.445888,-0.775884
-21.2855,-25.1362,-33.7467,-1.63947,-0.412192,-3.5,0,-0.804453,0.494327,-0.329386
-4.25475,-29.953,-21.733,-0.557527,0,3.8,0,-0.654751,-0.75463,0.0428351
-14.0802,-13.5665,-15.9482,0.206806,0,3.8,0,-0.822332,0.225224,0.522536
6.0255,-27.987,-19.839,-0.33897,0,-2.17407,0,0.428196,-0.117064,0.896072
-6.135,-7.8315,-32.6145,2.58134,0.202122,-3.9,0,0.762038,0.324052,-0.560613
3.74775,-43.2463,-25.8822,-1.36417,0,-3.5,1,-0.962058,0.222117,0.158454
-12.4642,-11.564,-31.7327,1.91926,0,-3.5,0,-0.722756,0.280464,-0.631636
-27.99,-8.7245,-18.8355,-0.0180774,0,3.8,0,0.109418,-0.484579,-0.867877
-26.439,-5.0445,-6.128,0.0969533,0,-1.86386,0,0.422053,-0.195087,0.885332
5.3405,-9.2705,-20.457,0.546866,0.0502053,-4.5,0,0.915157,0.0773196,0.395612
-7.423,-6.64425,-32.5395,3.18123,0.101766,-3.9,0,-0.0172275,0.751431,-0.659587
-25.4748,3.1855,-6.4975,0.430177,-0.546905,-4.28488,0,-0.106813,0.808356,0.578923
-25.3752,-5.79775,-11.0935,-0.991467,-0.858676,-0.8,0,0.959623,0.0745351,0.271235
-0.52,-27.5335,-33.4378,-0.645279,0,-3.5,0,-0.0544674,-0.683113,-0.728279
-13.346,-23.085,-17.3655,0.244151,0,-3.50199,0,-0.537225,-0.743212,-0.398781
-17.2482,0.3585,-16.2757,0.419346,0,3.8,0,-0.352451,0.24562,-0.903022
-15.0515,-4.562,-22.3403,0.487359,0,3.8,0,0.0177509,0.657002,-0.75368
-33.812,-4.2765,-6.01275,0.611229,0.70181,-3.5,0,-0.539045,0.302517,0.786075
-15.6458,-14.004,-28.6397,0.362637,0,2.30107,0,-0.0932127,0.486672,-0.868598
-16.5012,-18.5053,-22.3875,0.46021,0,-0.9,0,-0.975988,-0.21762,-0.00940934
-17.6625,0.6435,-3.9875,2.14626,0.581858,-3.5,0,-0.963273,0.17699,-0.20194
-9.70125,-29.9135,-19.5093,-1.69079,-0.0772119,-3.5,0,-0.622338,-0.671036,-0.402997
1.04,-24.187,-17.6825,-0.0923579,0,-4.5,0,0.988366,0.00249133,0.152075
2.124,-15.7677,-22.6715,-1.05262,-0.139671,-4.5,0,0.90485,0.422769,0.0501277
-16.961,-15.783,-31.714,-0.443574,-0.0972905,-3.9,0,-0.725452,0.687474,-0.0331424
-22.283,-30.4805,-33.8343,-2.09625,-0.542571,-3.5,0,-0.547771,-0.709911,0.442688
-22.978,-8.686,-12.086,-0.337832,-0.690801,-0.8,0,0.607272,-0.293777,0.738184
-32.2015,-5.05,-10.496,-1.11373,0,-3.5,0,-0.303258,0.439876,-0.845307
4.5045,-26.7645,-32.4325,-0.36996,0,-3.5,0,0.999794,-0.0201597,0.00244094
-8.0475,-36.6603,-31.638,0.778106,0.019743,-4.5,1,-0.535832,-0.193561,0.821838
-2.031,-31.8062,-14.6825,-1.69944,-0.073377,-3.5,0,0.430195,-0.659869,0.61604
-15.0577,-19.9925,-37.8785,-1.58314,0,-3.9,0,-0.790787,0.0383324,-0.610891
-34.4067,-5.44225,-8.96875,0.44812,0.497457,-3.5,0,-0.761123,-0.479701,-0.436554
-19.33,0.311,-14.6135,0.61223,0,3.8,0,-0.297442,0.488486,-0.820311
8.2565,-42.571,-31.151,-0.638372,-0.0240796,-3.5,0,0.495482,-0.834274,-0.241835
-11.7647,-12.532,-10.0173,-1.08802,-0.477864,-3.5,0,-0.249806,-0.562769,0.787964
-12.2515,-24.7507,-33.8165,0.198167,0,-1.3,0,0.449112,-0.892944,0.0308285
0.5055,-17.6495,-36.9178,5.39131,0.572004,-4.5,0,-0.492665,0.0724923,-0.867195
-30.4942,-11.9087,-17.0368,-0.183956,0,-0.7,0,-0.891164,0.339233,-0.301244
-15.7175,-15.12,-17.145,0.5562,0.0148282,-0.533454,0,-0.409502,0.407626,0.816179
-13.428,-1.02625,-1.9865,-1.19586,-0.480386,-3.5,0,0.971894,-0.224644,0.0704043
-33.284,-5.1855,-9.86425,-0.601015,-0.670383,-3.5,0,-0.611479,0.112435,-0.783232
-8.0845,-25.454,-33.2122,0.512866,0.448334,-4.5,0,-0.312151,-0.668388,-0.675143
-16.1108,-2.26725,-21.3727,0.317277,0,3.8,0,-0.23173,0.602207,-0.763969
-18.302,-18.837,-14.198,-1.53171,-0.148725,-3.5,0,-0.821826,0.525256,-0.220697
-31.085,2.684,-12.2118,0.505648,0.0766087,-4.5,0,-0.617529,-0.76452,-0.184842
-4.732,-18.0338,-36.4723,1.77632,0.0315539,-3.9,0,0.738163,0.400666,0.542755
6.6395,-24.548,-28.0385,-0.988649,0,-3.5,0,0.635943,-0.219993,-0.739716
1.9105,-21.009,-16.309,-1.40371,0,-3.5,0,0.737882,-0.578389,0.347846
5.17,-19.962,-21.0705,-0.334339,0,-1.3,0,0.119225,0.283316,0.951587
-9.48075,-10.0825,-35.3075,0.768378,0,-4.5,0,0.526408,0.625648,-0.575725
9.07875,-31.8775,-19.698,-0.270412,0,-3.86913,0,0.761383,0.292708,0.578462
4.1505,-17.4473,-36.564,0.48831,0.203382,-4.5,0,0.663453,-0.0471093,-0.746734
-16.1462,-11.7443,-28.6532,0.249952,0,4.5,0,-0.417189,0.466059,-0.78022
-29.6865,8.48375,-12.2402,1.08205,0.353604,-4.5,0,0.248683,0.914096,0.320289
-20.077,-11.518,-22.1182,-0.458476,-0.843786,-3.5,0,-0.701508,-0.0650216,-0.709689
-13.3405,-12.3923,-15.84,0.00740697,-0.275934,0.399858,0,-0.747997,0.0668722,0.660325
-9.64,-21.446,-12.934,-0.30224,0,-3.5,0,-0.397778,-0.318894,0.860278
9.92475,-37.285,-31.9705,-0.976447,0,-3.5,0,0.336948,0.908664,0.246569
2.496,-32.4077,-15.9128,-1.35367,-0.291234,-3.5,0,-0.614774,-0.788703,0.000221497
1.7525,-9.70012,-22.3545,0.70641,0,-4.5,0,-0.324429,0.725292,-0.607205
-15.4886,-25.9411,-34.4062,-1.18685,0,-3.5,0,0.146451,0.193195,-0.970169
-28.4424,-5.27712,-17.3283,0.132225,0,3.8,0,-0.176153,0.860292,-0.478401
-11.5861,-27.6244,-21.7599,0.593137,0,-4.5,1,-0.000697191,-0.998558,0.0536742
-2.015,-39.6275,-26.554,-0.558253,0,-1.3,1,0.262774,-0.87072,0.415688
-15.8202,-11.214,-25.4565,0.245995,0,4.5,0,-0.586492,0.780243,0.217365
1.461,-13.647,-19.6365,0.303651,0,-4.5,0,0.671515,-0.28434,0.684265
3.30575,-16.827,-24.194,0.15042,0,-1.3,0,0.100341,0.936925,-0.334818
5.1645,-26.8526,-30.1139,-1.62933,-0.0916826,-3.5,0,0.541217,-0.304072,-0.78398
-6.4305,-1.95187,-13.0839,0.806905,0,-4.5,0,0.373548,-0.130033,-0.918452
-12.35,-11.231,-34.863,11.1318,0,-4.5,0,-0.959939,0.166677,0.225246
-9.69925,-14.8601,-35.7246,1.38232,0,-4.5,0,-0.273378,-0.249061,-0.929103
-17.7669,-25.454,-28.9731,0.110322,0,-3.5,0,-0.141359,-0.716334,0.683289
1.64087,-26.1714,-18.823,-0.154402,0,-4.5,0,0.719509,0.360164,0.593792
-18.4247,-14.4511,-27.0513,0.252886,0,4.5,0,-0.931977,-0.131427,-0.337856
7.91362,-41.983,-35.8085,0.409525,0,-4.5,0,0.874855,-0.380668,-0.299534
-3.38913,-39.8961,-32.3245,-0.13363,0,-0.8,0,-0.687608,-0.483459,0.541722
-15.173,-10.5255,-27.065,0.389835,0,4.5,0,-0.428306,0.882435,-0.194582
-15.852,-19.3092,-31.5021,0.185509,0.810811,-3.51554,0,-0.648066,-0.245901,-0.720793
0.3,-10.7205,-22.8894,0.889822,0,-4.5,0,-0.337376,0.676392,-0.65473
1.021,-31.8048,-29.283,-0.0556817,0,2.8,0,0.454496,0.768316,-0.450693
8.62225,-35.5029,-16.9877,-0.862615,0,-3.5,0,0.570736,-0.730122,0.375742
-12.0177,-3.63713,-18.2798,0.31263,0,4.43048,0,0.260111,0.732431,-0.629196
-26.71,-8.806,-18.158,-0.124282,0,3.8,0,0.134586,-0.210264,-0.968337
-7.27875,-34.0315,-32.5239,0.329065,0,-4.5,0,-0.817869,0.501267,-0.282528
-20.1348,-24.7399,-30.2887,-0.0215158,0,-3.5,0,-0.962078,-0.0990611,0.254152
6.51388,-43.7331,-33.933,0.27106,0,-1.6,0,0.800647,-0.579359,-0.152667
2.544,-20.4051,-20.4086,-0.200162,0,-1.73455,0,0.752259,-0.0189681,0.658594
7.043,-44.1073,-26.6745,-0.986421,0,-3.5,0,0.615659,-0.722837,-0.3138
-18.0335,-15.2864,-27.5234,0.470043,0.141797,4.5,0,-0.907344,-0.231868,-0.350664
-4.70475,-21.929,-12.8872,0.461065,0.892609,-4.5,0,-0.405992,0.363204,0.838602
-27.7825,-0.11775,-9.25475,-0.333765,-0.0450881,-4.5,0,-0.151514,-0.0748249,-0.985619
-21.6033,-12.7154,-14.6274,0.256917,0,-1.6,0,0.193495,-0.761352,0.618791
-17.8237,-6.155,-21.5906,0.799814,0,3.8,0,-0.763082,0.515998,-0.389168
-2.01887,-9.99037,-20.106,-0.899993,-0.279625,-3.5,0,0.320602,0.809951,-0.491115
-16.63,-17.4757,-22.0993,1.10088,0,-0.9,0,-0.99242,-0.0277637,-0.119717
-5.1525,-37.9489,-25.418,-0.250641,0,-1.3,1,-0.985407,-0.122375,-0.118307
-5.16488,-28.1906,-14.822,-0.328082,-0.0970165,3.8,0,0.308521,-0.52871,0.790747
3.0135,-35.7769,-31.8425,0.0583831,0,-4.5,0,0.515616,0.853168,0.079015
-26.4482,2.79925,-6.37325,0.902111,0,-4.42143,0,-0.295623,0.822663,0.485626
-13.615,-0.724,-3.124,0.196359,0,-3.5,0,0.994687,0.088349,0.0528472
-12.6818,-4.41175,-20.0728,0.271263,0,3.8,0,0.815214,0.404153,-0.414834
-1.899,-8.67488,-16.9896,0.575854,0,-2.32411,0,0.611069,0.716969,0.335484
-6.764,-17.146,-36.3955,0.608781,0,-3.96849,0,0.259892,0.895497,0.361305
1.0445,-29.1125,-30.163,-0.939968,-0.858434,3.8,0,0.305779,-0.944588,-0.119381
-3.3465,-23.722,-12.728,0.443118,0,-4.5,0,0.185557,-0.405978,0.894847
0.96975,-29.1338,-16.8975,-1.37125,0,-4.5,0,0.244189,0.187762,0.951377
-30.8431,3.25213,-9.73975,0.905062,0,-4.5,0,-0.906148,-0.240729,0.347773
-12.5234,-25.9079,-31.4455,0.277041,0,-2.57154,0,0.671475,-0.653608,-0.349168
-18.402,2.1905,-13.245,0.427173,0,3.8,0,-0.293526,0.926667,-0.234798
-21.293,-4.093,-20.377,0.225014,0,4.5,0,0.368683,0.326568,-0.870302
-16.6235,-24.253,-22.9645,1.34304,0.251254,-3.9,0,-0.651932,-0.738883,0.170402
-2.722,-20.672,-34.4,0.0300741,0,-4.5,0,-0.186932,-0.159035,-0.969414
-10.7135,-25.0964,-19.1423,0.893332,0,-4.28791,0,-0.741794,-0.58911,0.320456
-21.6717,2.15275,-12.1987,0.404655,0,-0.671199,0,-0.0487049,0.340059,-0.939142
-19.713,-28.331,-31.688,0.185814,0,-3.5,0,-0.331643,-0.523602,0.784764
-18.5484,-11.6912,-12.6935,-1.59956,-0.659066,-3.5,0,-0.0494934,-0.584017,0.810231
0.407,-13.7437,-18.8752,-0.18627,0,-4.5,0,0.825972,-0.243038,0.508628
10.1091,-32.3262,-20.4363,-1.46022,0,-3.9,0,0.78544,0.23908,0.570898
0.66725,-9.47875,-19.893,1.09314,0.776015,-4.5,0,-0.610094,0.791895,0.0262255
3.002,-28.5495,-29.204,-0.198733,0,3.8,0,0.280791,-0.865975,-0.413815
-3.44762,-6.421,-15.9944,0.421038,0.135525,2.78685,0,0.990584,0.0696733,0.117851
6.93075,-43.146,-35.9403,0.257744,0.72323,-4.2527,0,0.644002,-0.652495,-0.39939
-25.0056,-5.18313,-8.21638,3.03596,0,-4.5,0,0.733417,-0.658234,0.169788
-9.78388,-24.9579,-12.2906,-0.41594,0,3.8,0,-0.412903,0.22907,0.881498
-22.0876,-27.3582,-34.8068,-0.714726,-0.152232,-3.5,0,-0.870108,0.442092,-0.21787
-15.0724,-10.4625,-25.6414,0.741471,0.0614953,1.66022,0,-0.852622,0.522254,-0.0169323
-17.7811,-2.77437,-12.587,0.358434,0,3.8,0,0.208287,-0.858461,0.468681
1.28988,-27.1536,-17.5742,-0.33625,0,-4.5,0,0.821199,0.401314,0.405684
-17.7416,0.7495,-7.77075,1.65683,-0.996075,-0.8,0,-0.730739,0.6711,0.125084
-17.5175,-17.1044,-24.0688,-0.910139,0,4.5,0,-0.852915,-0.0749951,0.516635
-1.78562,-42.7677,-32.0676,-0.0134485,0,4.2,0,-0.969017,0.183354,-0.165494
-16.6185,2.7645,-7.9765,2.08943,0,-3.5,0,-0.773477,0.353233,-0.52627
3.59713,-44.9016,-32.2795,0.179423,0,-0.8,0,-0.130209,-0.979315,-0.154882
-14.3956,-18.5894,-34.1,0.473093,0.0512308,-2.85548,0,-0.94212,-0.311388,0.124284
-17.3769,2.5005,-11.5975,0.598211,0,3.8,0,-0.394845,0.894957,0.207723
-5.31775,-9.6395,-21.1356,-0.0537781,0,1.47643,0,0.619618,0.363172,-0.69583
-10.0435,-6.5785,-21.0395,0.262806,0,4.2,0,-0.0132691,0.993979,-0.108764
-17.2739,-15.7274,-20.71,0.303112,0.373578,-1.9614,0,-0.782527,-0.412791,-0.466106
-25.5934,-13.3381,-10.994,-0.125637,0,-0.8,0,-0.510559,-0.589319,0.626125
8.47625,-29.4086,-19.8569,-0.111172,0,-3.9,0,0.324909,0.271721,0.905871
-11.9369,-22.5141,-39.5001,-0.563621,-0.253016,-2.66985,0,-0.675714,-0.245031,-0.695249
-8.799,-29.822,-30.367,-0.430656,0,-3.5,0,-0.734952,-0.406239,-0.542969
-10.8029,-3.01475,-18.0369,0.313502,0,4.5,0,-0.0523184,0.712361,-0.69986
-8.20325,-27.54,-15.2369,-0.402623,0,3.8,0,-0.773848,-0.619864,-0.130112
-5.25287,-34.4571,-25.9946,-0.348199,0,1.8,1,-0.70542,-0.415716,0.574075
-17.2641,-21.7066,-26.7341,0.449345,0.00379451,-3.5,0,-0.541285,0.255508,0.801078
-21.4797,-10.5335,-19.6357,0.191765,0,0.792898,0,-0.430333,-0.65124,-0.62506
-15.3708,-5.92875,-8.43825,0.779968,0,-4.5,0,-0.798617,-0.436863,-0.413959
-7.22087,-4.61825,-14.2925,0.247894,-0.564025,-1.51019,0,0.42046,0.842584,-0.33655
-11.6624,-0.993125,-11.5491,-0.547706,0,3.8,0,0.284518,0.349064,-0.892862
-14.928,2.2315,-4.419,2.99622,0,-3.5,0,0.399841,0.368185,0.839385
-21.9669,-8.8955,-12.6705,-0.737464,-0.943208,-0.8,0,0.394082,-0.377668,0.837894
-11.3348,-25.408,-14.1605,-0.51658,0,-3.5,0,-0.115804,-0.964169,0.238678
-7.4945,-0.619,-13.3715,0.578155,0,-4.5,0,-0.160535,0.540068,-0.826169
-3.15325,-8.01213,-10.613,0.127858,0,4.2,0,0.120839,-0.29792,0.946912
-2.442,-17.64,-15.4395,0.0903712,0,3.8,0,0.932565,-0.0163908,0.360631
-27.534,-10.4811,-9.91113,0.0681803,-0.305299,-2.48729,0,0.145291,-0.894565,0.422664
-24.3838,-1.44788,-12.3276,0.249008,0,3.8,0,-0.760065,0.611887,0.218851
5.9885,-23.0138,-28.8827,-0.695199,0,-3.5,0,0.602866,0.0911223,-0.792621
-0.7405,-40.875,-34.3835,-0.267844,0,-1.56336,0,-0.334664,-0.708496,-0.621316
-13.759,-7.656,-27.308,0.394438,0,-0.7,0,-0.0997393,0.0501739,-0.993748
-13.9762,-26.681,-27.7038,-1.43427,0,-3.5,0,-0.24352,-0.948462,-0.202776
-5.32463,-21.4145,-13.702,0.0323589,0.796211,-4.5,0,-0.317972,0.251217,0.914212
5.42413,-33.266,-27.7541,-0.323273,0,-0.9,0,0.525253,-0.774653,-0.352168
11.3851,-39.3474,-25.9093,-0.0754699,-0.0453979,-3.5,0,0.793969,0.307267,-0.524595
-16.5618,-22.6063,-20.4123,0.247577,0,-3.9,0,-0.781326,-0.477661,0.401708
-30.486,-10.0168,-12.8313,-6.39137,0,-3.5,0,-0.695026,-0.0594162,-0.716525
-9.956,-0.16475,-7.44287,-2.618,0,1.9,0,0.477314,0.878628,-0.0135545
-17.6383,1.41425,-1.68288,0.953814,0,-3.5,0,-0.681455,0.692931,0.23551
-0.70975,-24.2598,-13.537,0.831487,0,-4.5,0,0.313058,-0.145072,0.938589
-17.8485,-1.82537,-6.21575,1.52469,0,-1.41161,0,-0.717977,-0.229688,0.657078
3.89313,-25.45,-33.0085,-0.798759,0,-3.5,0,0.909782,0.414388,0.0240676
2.39325,-39.6488,-27.3162,-0.300947,0,-0.8,1,-0.367333,-0.153199,0.917386
-10.1892,-10.6925,-36.3677,0.91056,0,-4.5,0,0.39822,0.514623,-0.759331
7.648,-43.0037,-31.9832,-0.815101,-0.213362,-2.87747,0,0.672137,-0.740007,-0.0249184
-23.0861,2.824,-8.4465,0.792721,-0.033521,-2.14384,0,0.452543,0.0580581,0.889851
-12.0069,-13.244,-35.131,4.55374,0,-4.5,0,-0.706808,-0.314737,-0.633533
-24.3661,-0.962438,-13.4465,0.22279,0,3.8,0,-0.589768,0.801124,0.101853
-6.46725,-6.9905,-32.008,3.33328,0,-3.9,0,0.606231,0.728333,-0.319398
-4.02475,-15.1838,-13.673,0.0300078,0,3.8,0,0.523514,0.397915,0.75339
-9.42775,-35.6645,-33.4859,0.23723,0,-4.5,0,-0.395091,0.75252,0.526893
-15.0907,-17.6182,-34.1867,0.798285,0,-1.63222,0,-0.785853,-0.589873,-0.185701
-5.181,-24.389,-11.7098,-0.0961891,0,3.8,0,0.511114,0.212026,0.832951
9.7195,-38.6445,-26.4393,0.656222,0,-3.5,0,0.295833,0.655187,-0.695135
-19.8784,-12.7884,-16.4229,-0.202532,0,-2.17961,0,0.0299618,-0.997676,-0.0612034
-28.2035,-1.763,-6.0855,-0.0403753,-0.370577,-4.04813,0,-0.399574,0.451133,0.79801
-27.732,-8.81413,-6.65763,0.261005,0,1.8,0,-0.182958,-0.352965,0.917574
2.55512,-16.7636,-33.6407,0.269883,0,-4.5,0,0.125679,0.865158,0.485496
-0.9115,-42.1727,-29.3441,-0.203334,0,4.2,0,-0.750561,-0.00367795,0.660791
-3.22163,-31.3979,-34.2094,-0.0382783,0,-3.9,0,-0.314985,0.793446,-0.520795
-12.5624,-6.64012,-27.0901,0.360705,0,-0.7,0,0.316767,0.375721,-0.870914
-9.9815,-28.973,-17.813,-1.39266,-0.737386,-3.5,0,-0.747147,-0.0881445,0.658788
10.305,-40.5976,-27.6775,-0.460024,-0.109946,-3.5,0,0.772159,0.173433,-0.611303
-14.6425,-22.9145,-32.5428,-0.959638,-0.0612877,-2.94536,0,-0.650893,0.361564,-0.66754
-7.62187,-4.8395,-9.14325,0.337951,0,-3.5,0,0.525122,0.683064,0.507613
-7.8005,-9.30013,-33.271,1.82133,0,-3.9,0,0.166746,0.155224,-0.973705
5.3615,-33.1635,-14.8717,-0.946927,-0.153068,-3.5,0,-0.108152,-0.749917,0.652631
-30.2095,2.084,-11.653,0.891262,0,-4.5,0,-0.241097,-0.939627,-0.242845
-14.5139,-8.41325,-26.773,0.431392,0.0476355,-0.7,0,-0.81429,-0.115257,-0.568901
-7.35,-21.8445,-39.158,-0.920925,-0.410463,-3.9,0,0.409131,-0.795197,-0.447519
-23.5158,1.6695,-8.17313,0.625822,0,-0.8,0,0.606183,0.329662,0.723785
-14.444,1.57662,-14.0536,0.39476,0,3.8,0,0.482374,0.186596,-0.855861
-6.474,-38.813,-33.6823,0.934664,0,-4.5,0,-0.156377,-0.974228,-0.162559
-12.3674,-5.88775,-26.4371,0.319416,0,-0.7,0,0.356875,0.734822,-0.576781
7.13375,-23.5128,-28.3202,-1.32535,0,-3.5,0,0.461539,-0.17564,-0.869559
-8.93475,-11.1674,-11.0659,0.00273932,0,-3.83007,0,0.173097,0.216534,0.960807
-0.515375,-36.5153,-34.1717,0.261851,0,-0.8,0,0.437381,-0.0168549,-0.899118
10.0118,-36.0335,-23.796,-1.49395,-0.0137161,2.5,0,0.798093,0.57847,0.168584
-17.596,-5.17375,-13.2251,-1.29509,-0.734029,-0.8,0,-0.197719,-0.088766,0.976231
0.434,-19.4945,-28.76,-0.159728,-0.552186,-0.8,0,-0.333075,0.838972,-0.430333
3.20287,-21.8699,-21.2014,-0.0628557,0,-1.3,0,0.472659,-0.133975,0.871002
-28.5765,4.3445,-7.8995,0.610833,0,-4.5,0,-0.355115,0.308463,0.882465
4.896,-44.4098,-36.8823,0.3888,0,-1.6,0,0.621292,-0.412504,-0.666211
-14.6316,-25.5643,-22.2577,0.384191,0,-4.5,0,-0.745496,-0.0308861,0.665795
-4.32325,-10.6785,-21.5737,0.164223,0,-1.34071,0,0.384086,0.862409,-0.329741
-5.57888,-30.495,-24.7291,-0.12443,0,-0.620702,1,-0.461835,-0.655818,0.597169
-10.2055,-27.4324,-23.6126,0.184597,0,-1.6,1,-0.406833,-0.913358,-0.0162523
4.21562,-36.8941,-36.4289,0.895758,0,-4.5,0,-0.243242,0.499577,-0.831418
1.922,-45.4344,-28.7406,-0.220765,0,4.2,0,0.359691,-0.609828,0.70621
-15.9421,-7.4955,-24.1789,0.126787,-0.475883,1.48487,0,-0.627358,0.135192,-0.766906
-4.6575,-12.2595,-27.5474,-0.025464,0,-2.02866,0,0.861179,0.498701,-0.0983273
-4.168,-31.5964,-14.536,-2.25951,-0.79971,-3.5,0,-0.343523,-0.197678,0.918104
0.9395,-37.555,-26.4538,-0.619055,0,0.80209,1,0.193554,-0.805218,0.5605
-13.8022,-12.9661,-11.8425,0.485914,0.862456,-3.5,0,-0.478204,-0.873992,0.0863687
-18.625,-28.275,-31.4675,0.518348,0.374243,-3.5,0,0.0132657,-0.814885,0.579471
0.172,-30.983,-15.725,-0.708897,-0.494275,-3.5,0,0.221564,-0.312831,0.923605
-14.454,-13.2785,-33.8505,0.986223,0,-3.9,0,-0.499832,0.730611,-0.465162
6.40013,-37.4296,-32.5656,-0.255645,0,-4.05622,0,0.0924238,0.91302,0.397305
-14.0188,-13.243,-31.823,0.733332,0,-3.9,0,-0.704912,0.659539,0.260975
4.07175,-18.3965,-26.1893,-0.0552077,0,-1.3,0,0.388582,0.750609,-0.534407
-24.2085,-10.048,-20.325,-0.762415,-0.160891,4.5,0,-0.4656,-0.315218,-0.826955
-7.08175,-35.9656,-30.533,0.24997,0,-4.5,1,-0.50491,-0.392819,0.768609
-1.163,-8.548,-13.7484,0.165095,0,3.96826,0,0.69614,0.667013,-0.265486
-15.8465,-19.9021,-15.7256,0.259318,0,-3.5,0,-0.506342,-0.725242,-0.466521
5.16787,-18.2668,-33.8515,0.443934,0,-4.5,0,0.986253,-0.018988,0.164145
3.793,-33.0583,-14.6005,-0.703784,0,-3.5,0,-0.146316,-0.93003,0.337099
-7.03062,-4.48088,-15.6322,0.579537,0,4.5,0,0.339117,0.894816,0.290352
-22.998,-15.0422,-11.7417,0.587306,0.403038,-0.8,0,0.352804,-0.823358,0.444534
-17.4207,-8.40775,-13.011,-0.0446552,0,-3.5,0,-0.195891,0.37711,0.905215
9.47188,-39.0729,-28.7054,-0.0473347,0,-3.5,0,0.614134,0.621373,0.486554
3.294,-11.8827,-22.9275,1.06008,0.819022,-4.5,0,0.32502,-0.6522,-0.684834
2.27725,-28.5605,-30.24,-0.651942,0,3.8,0,0.409,-0.897425,-0.165373
10.3158,-29.8936,-24.409,1.13504,0.26519,-3.9,0,0.437104,-0.839533,-0.322682
7.1795,-33.4027,-14.5243,-2.00369,-0.574271,-3.5,0,0.0287316,-0.323023,0.945955
-10.9067,-25.8785,-35.8973,0.733201,0,-3.9,0,0.579005,-0.534975,0.615268
-10.5794,-17.2439,-35.8503,0.654355,0.283864,-2.24037,0,0.152229,0.737826,-0.657601
-1.62363,-16.5343,-27.7176,-0.560562,0,-0.8,0,0.481396,0.262414,-0.8363
-8.145,-16.5935,-36.258,0.67916,0,-3.95659,0,0.215333,0.85565,-0.470633
1.67475,-46.1598,-29.7367,-0.113584,0,4.2,0,0.352925,-0.930112,0.101659
2.10875,-40.435,-35.2871,0.510011,0,-1.6,1,-0.585741,0.306243,-0.750414
7.23462,-25.2257,-27.55,-0.977341,0,-2.27066,0,0.516288,0.11008,-0.849311
-2.15663,-16.3283,-14.7336,0.00594696,0,3.8,0,0.894024,-0.0871338,0.439464
-32.7824,-3.7585,-6.13263,0.591176,0.740968,-3.5,0,-0.0760099,0.673425,0.735338
-0.8545,-46.6813,-31.4223,-0.0729642,0,4.2,0,0.0822434,-0.987058,-0.137666
5.499,-21.4463,-20.9494,-0.199579,0,-1.3,0,-0.0279296,-0.00678489,0.999587
-2.27087,-6.07875,-12.1315,0.255009,0,4.2,0,0.827271,0.561803,0.000465974
-6.19688,-34.0262,-36.6642,1.26767,0,-3.98683,0,-0.920404,0.347664,0.178846
8.09575,-33.9378,-24.188,-1.24034,-0.775915,-0.9,0,0.73047,0.250558,-0.635322
5.757,-10.2428,-21.0387,0.560563,0.0950432,-4.5,0,0.827062,-0.364318,0.428067
-1.5535,-37.9989,-22.1181,-1.96644,-0.891527,-3.5,0,-0.576316,-0.784072,0.230414
-12.7043,2.8055,-9.0175,0.793608,0,3.8,0,0.789473,0.330477,0.51722
-24.2862,2.25475,-4.71731,0.801511,0,-3.9,0,0.642459,0.605964,0.4691
-11.9672,-4.67088,-19.0947,0.284236,0,3.8,0,0.685108,0.330948,-0.648922
8.3985,-32.5895,-16.9265,-1.60414,-0.341091,-3.5,0,0.667102,0.735741,0.116879
4.21725,-26.5037,-35.1688,-1.58115,0,-3.5,0,0.974449,-0.0711956,-0.213029
8.37275,-23.1203,-22.3536,-0.523098,-0.346536,-1.3,0,0.911149,0.0904548,0.402027
-17.926,1.195,-15.206,0.42906,0,3.8,0,-0.518597,0.50014,-0.693482
9.13475,-43.0025,-26.898,-0.456959,0,-3.5,0,0.501154,-0.865348,0.00413213
-26.8349,-3.63613,-16.0588,0.171976,0,3.8,0,-0.917658,0.397368,0.00133146
-20.1532,-10.384,-22.5005,0.127913,0,-3.5,0,-0.543534,-0.100906,-0.8333
7.40363,-39.4615,-35.5559,0.33801,0,-4.5,0,0.756168,0.406839,-0.512535
-2.3305,1.37637,-11.9121,0.631067,0,-4.5,0,0.894896,0.271763,-0.353986
-3.16469,-40.6034,-33.0247,-0.291554,0,-0.8,0,-0.548869,-0.829141,0.106153
-4.838,-36.3855,-25.385,-0.538894,0,-1.3,1,-0.945076,0.320898,-0.0620984
-8.234,-28.948,-21.9377,-0.263642,0,-1.6,1,-0.557871,-0.806723,-0.194879
-24.2401,-3.46775,-10.4034,2.97724,0,-1.64545,0,0.670959,-0.726791,-0.14693
4.02725,-41.1813,-37.7607,0.582345,0,-4.5,1,-0.373071,-0.145437,-0.916333
-13.9648,-9.79625,-10.809,0.538034,0,-3.5,0,-0.708167,0.162278,0.687143
-27.761,-9.803,-17.929,-0.073848,0,3.8,0,0.197201,-0.262243,-0.944637
8.51525,-22.1446,-27.2774,-1.85048,-0.66115,-3.5,0,0.869609,0.403667,-0.284311
-2.5365,-40.4345,-28.458,-0.16723,0,-1.3,0,-0.421332,-0.906648,0.0216465
-4.44763,-39.24,-25.2485,-0.297685,0,-1.3,0,-0.634207,-0.735388,0.238717
-3.2815,-29.8143,-14.6978,-2.02454,-0.366647,-3.5,0,-0.274905,0.418236,0.86574
0.22625,-18.0579,-16.7665,-0.796085,0,-3.5,0,-0.123324,0.621316,0.773794
-28.675,-10.3573,-17.9784,-0.0701327,0,-0.7,0,-0.00999735,-0.04433,-0.998967
-12.102,-21.123,-39.6698,-0.0807685,-0.0127287,-0.4,0,-0.756975,0.00720527,-0.653404
-11.7303,-26.8398,-20.1674,0.808871,0.141263,-4.5,0,-0.22611,-0.485187,0.84467
-18.335,-3.37525,-19.8118,0.547307,-0.010286,-0.8,0,-0.324389,0.219246,-0.920165
1.41425,-40.0267,-27.446,-0.430271,0,-0.8,1,-0.200101,-0.298171,0.933303
-18.2712,-6.923,-22.3253,0.0433298,0,3.8,0,-0.456001,0.677435,-0.577187
-6.54063,-31.6135,-26.5238,0.484449,0,-1.74164,1,-0.610919,-0.238312,0.754973
10.7096,-37.6654,-23.6082,-0.819147,-0.0415227,-2.12556,0,0.722214,0.605367,0.334571
-10.8886,-35.4411,-34.4264,0.207012,0,-4.5,0,-0.56337,0.741044,0.365333
-4.80225,-17.4893,-32.0168,0.957752,0,-0.7,0,0.295389,0.275133,-0.914903
-8.0115,-8.55562,-25.6054,0.868001,0,-0.0575165,0,0.368103,0.921794,-0.121634
-30.3984,-5.21037,-5.7805,0.211674,0,-3.5,0,-0.0243821,-0.102825,0.994401
-5.68013,-10.3088,-23.4265,0.325789,0,4.2,0,0.669516,0.713507,-0.206532
-29.327,-11.4777,-18.3137,-0.0445497,0,-0.7,0,-0.392804,0.23267,-0.889702
-1.30862,-41.2733,-33.4723,-0.100268,0,-0.112899,0,-0.519959,-0.632437,-0.574166
-9.77425,-18.7261,-10.7583,-1.69736,0,-3.5,0,-0.714547,-0.285075,0.63887
-1.85525,-11.3569,-22.2882,0.38923,0,0.447623,0,-0.0627374,0.88971,-0.452194
-12.4581,-9.49687,-28.2519,0.341124,0,-3.5,0,0.352221,0.918194,0.181274
6.66275,-26.7717,-19.1548,-0.000916786,0,-1.3,0,0.399733,-0.174898,0.899791
-19.5382,1.4265,-9.994,1.33202,0,-0.8,0,0.578374,0.61043,0.541164
-24.757,-1.553,-17.338,0.28444,0,3.8,0,-0.141459,0.696958,-0.703022
-32.735,-4.337,-9.544,-0.352487,-0.0291312,-3.5,0,-0.210155,0.721901,-0.659313
-13.5505,-28.5565,-34.084,-1.95361,0,-3.5,0,0.569603,-0.537063,-0.622186
2.35325,-19.7469,-19.6537,-0.257072,0,-3.5,0,0.988821,0.0363104,0.144617
-6.65181,-32.8056,-26.5988,-0.0256976,0,1.8,1,-0.66586,-0.294072,0.685676
-17.0721,-22.7523,-26.1842,0.352851,0.682353,-3.5,0,-0.801382,-0.152668,0.578342
-17.2095,-13.012,-14.8044,-1.57351,-0.00463216,-3.5,0,0.633974,-0.762391,0.12976
-1.08825,-32.5978,-18.1375,-0.624044,0,-3.5,0,0.0641086,-0.906242,0.41787
-19.4141,-13.4866,-18.7895,-0.0916339,0,-3.5,0,-0.627529,-0.686819,0.366726
-5.30625,-22.99,-12.7614,0.156778,0.19933,-0.387558,0,-0.13985,0.619843,0.772164
-23.6798,-9.567,-11.7631,0.347168,0,-0.8,0,0.686114,-0.176433,0.705775
-19.8417,-0.132375,-8.296,1.79981,0.248377,-0.8,0,0.0260268,0.471249,0.881616
-13.1073,-1.00838,-12.342,0.428968,0,3.8,0,0.78492,0.230737,-0.575032
-28.5795,2.89,-12.8547,0.618966,0,-4.5,0,0.579677,-0.354915,-0.733492
-11.4522,-5.60337,-18.5994,0.350364,0,4.30214,0,0.463102,0.317576,-0.827455
0.8975,-43.408,-36.7855,0.12124,0,-1.6,0,-0.657492,0.0667476,-0.750499
-4.49925,-30.0373,-33.1517,0.0606773,-0.0559182,-3.9,0,-0.652114,0.168358,-0.73919
2.602,-16.8965,-22.3355,-0.150292,-0.113801,-3.63067,0,0.646834,0.678117,0.348946
6.62038,-24.5364,-20.1911,-0.155442,0,-1.3,0,0.230294,0.672836,0.703033
-12.4923,-26.7362,-25.0648,-0.699863,-0.45025,-3.9694,1,0.051704,-0.986991,-0.152236
0.573,-38.0825,-22.856,-2.01899,-0.151197,-3.5,1,0.497462,-0.755559,-0.426218
-13.6659,-9.86263,-27.4386,0.552933,0.751025,-0.7,0,-0.870725,0.354264,-0.341078
-10.317,-8.956,-34.639,1.05557,0,-4.5,0,0.209761,0.779268,-0.590543
-7.84812,-30.8207,-30.616,-0.540535,0,-4.06499,0,-0.645355,-0.137448,-0.751415
-4.685,-37.5776,-26.6619,-0.450188,0,-1.3,1,-0.937412,0.147912,-0.315246
4.12075,-35.2393,-26.9935,-0.297246,0,2.8,0,0.836209,-0.0794389,-0.542627
-18.6572,-27.417,-30.235,0.0704077,0,-3.5,0,-0.269068,-0.637652,0.721805
-3.388,-14.4443,-28.6273,0.36209,0,-3.5,0,0.822368,0.567759,-0.0368898
-12.0696,-5.81425,-24.3321,0.244602,0,-0.7,0,0.310247,0.946975,-0.0835802
-12.5839,-25.504,-35.0535,0.192881,0,-3.84721,0,0.604214,-0.618999,0.501762
-21.5095,-3.1075,-17.02,0.640515,0,3.8,0,0.397613,0.809231,-0.432491
-21.0969,-13.3434,-16.7514,0.118394,0,-1.6,0,0.206943,-0.968708,-0.137038
-8.883,-35.097,-35.625,0.00823158,0,-4.5,0,-0.135654,0.974522,-0.178619
4.934,-35.816,-26.0554,-0.104047,0,2.6844,0,0.496815,0.0919,-0.862977
0.8115,-37.0869,-25.3127,-0.802603,0,-0.459995,1,0.0960244,-0.926711,0.363298
-3.03437,-10.984,-21.382,-0.0804773,-0.59731,-0.762384,0,0.147846,0.898608,-0.413092
-2.3635,-40.555,-34.6305,-0.153019,0,-0.8,0,-0.27229,-0.809536,-0.520105
-18.2261,-0.560875,-6.92063,1.86968,0.543461,-0.8,0,-0.821394,0.319328,0.47259
-18.9664,-2.87313,-17.0804,0.757703,0,-0.8,0,-0.297295,0.925402,-0.235047
8.98075,-24.7607,-25.1992,-1.44603,-0.171937,-3.5,0,0.910843,0.211227,0.35461
4.60175,-35.4845,-34.1138,0.0836412,0,-4.5,0,0.0901167,0.989784,-0.110483
1.02338,-44.9294,-35.2216,0.2301,0,-1.6,0,-0.726308,-0.627566,-0.280423
-32.791,-3.6145,-8.655,0.0148912,0,-3.5,0,-0.132287,0.900324,-0.414629
-18.9375,-11.3469,-22.598,-0.105381,-0.00406185,-3.5,0,-0.341126,0.162284,-0.925903
-14.448,-18.7677,-37.571,-0.595992,-0.468059,-3.9,0,-0.627004,0.291721,-0.722333
9.38956,-36.5632,-19.7814,-1.2117,-0.789224,-3.5,0,0.752311,-0.305856,0.583506
-6.18038,-28.1605,-31.7073,-0.494322,0,-3.64031,0,-0.293356,-0.338575,-0.894041
-3.87937,-38.7521,-28.7799,-0.00190155,0,-1.3,0,-0.764547,-0.610745,-0.206054
5.0165,-22.6041,-21.4625,-0.200167,0,-1.3,0,-0.154118,0.031157,0.987561
-2.14337,-31.162,-34.6595,0.174052,0,-3.9,0,0.0450212,0.945329,-0.322995
-17.952,-16.264,-24.898,0.00937073,0,4.5,0,-0.900076,-0.244477,0.360687
-15.0229,-1.83037,-18.8541,0.35681,0,3.8,0,0.0743358,0.960689,0.26749
-24.3715,-1.55175,-5.7395,1.71733,0.820725,-3.9,0,0.779319,-0.297065,0.551737
-31.3967,7.7195,-13.2212,0.590533,0,-4.5,0,-0.825681,0.564026,-0.0112285
-25.1647,-1.4285,-14.662,0.2972,0,3.8,0,-0.441591,0.895677,0.0525408
-24.1572,5.3115,-9.15475,0.137087,0,-0.4,0,-0.134037,0.959277,0.248638
2.414,-18.4675,-36.951,0.0146258,0,-4.5,0,0.0202885,-0.692106,-0.721511
-8.6075,-9.77925,-33.7915,1.21722,0,-4.23815,0,0.516767,0.558009,-0.649291
5.726,-36.192,-21.1505,-0.510888,-0.298217,-3.5,0,-0.498492,-0.724024,0.476754
-17.6548,-20.615,-31.2395,-0.689737,-0.128188,-3.5,0,-0.153806,0.510925,-0.845754
-3.37175,1.87413,-12.512,0.761915,0,-4.5,0,0.14445,0.560871,-0.815204
-30.0785,-11.9445,-13.4945,-7.65662,0,-1.76227,0,-0.669161,-0.546411,-0.503645
-5.8825,-31.9557,-36.8425,1.48956,0.737111,-3.9,0,-0.726164,0.652302,0.217226
-22.502,-13.0267,-12.9314,0.0868763,0,-0.8,0,0.982413,-0.183353,-0.0352955
1.96425,-11.2685,-19.4295,0.935546,0,-4.5,0,0.639005,-0.541858,0.545952
-19.125,-12.351,-22.7675,-0.618617,-0.241683,-3.5,0,-0.555697,0.00142995,-0.831384
-23.4731,-12.557,-10.3029,0.116024,0,-0.8,0,0.565783,0.0125263,0.824459
-22.8506,0.03125,-7.38525,0.642557,0,-0.8,0,0.432786,0.187848,0.881708
-22.7356,-13.6569,-14.0091,0.149138,0,-1.41036,0,0.728237,-0.674488,-0.121398
-10.2984,-2.64162,-15.7416,0.364809,0,4.5,0,0.38873,0.913965,0.116432
2.28825,-20.5872,-32.759,-0.88734,-0.0186271,-3.5,0,0.343159,-0.598086,-0.724248
-31.4058,-8.69825,-10.0685,0.13945,0,-3.5,0,-0.96764,-0.0511147,0.247104
-17.344,-16.9258,-20.4275,0.396576,0,-0.8,0,-0.86925,-0.185391,-0.458296
7.2105,-41.1759,-23.9845,-0.291339,0.214055,-3.5,0,0.112849,-0.307092,0.944965
5.35638,-8.44825,-19.7586,0.776077,0.578917,-4.5,0,0.929912,0.0186891,0.367306
-17.7695,-28.3643,-35.7431,-1.22029,0,-3.5,0,0.887337,-0.36868,-0.276961
-11.2078,-6.37087,-25.0106,-0.0369107,-0.597558,2.57562,0,0.409491,0.832778,-0.372556
-12.6026,-6.10887,-21.5909,0.680419,0,-0.7,0,0.724315,0.687737,-0.0488414
-5.0475,-8.121,-30.5514,0.979068,0,-3.9,0,0.982254,0.133445,-0.131792
-8.59562,-26.9419,-11.2769,-0.253967,0,3.8,0,-0.193957,-0.50314,0.842158
-0.38125,-34.9605,-19.9977,-1.61533,-0.19875,-3.5,0,-0.525357,0.10438,0.844456
3.46375,-20.2371,-20.9396,-0.0482243,0,-1.3,0,0.249391,0.150617,0.956618
-2.9545,-35.372,-21.8552,-0.808526,-0.142708,-1.74298,0,-0.635112,0.163815,0.754849
-14.1538,-6.18925,-9.45325,1.10971,0,-4.10844,0,-0.802094,-0.533335,-0.2687
-5.838,-37.2274,-35.7074,0.972729,0.643717,-4.5,0,0.346897,-0.667665,-0.6587
-7.439,-28.642,-14.6085,-0.478016,0,3.8,0,-0.591353,-0.784201,0.187965
-19.1733,-3.25375,-8.2735,0.794561,0,-0.8,0,-0.439294,-0.857232,0.268651
-3.5645,-13.7052,-25.9279,0.409381,-0.78121,-0.859968,0,0.812543,0.537329,-0.225947
-18.2572,3.202,-5.699,4.77957,0,-3.5,0,-0.993976,0.0484642,-0.0982953
-5.67275,-17.4722,-36.6405,1.44302,0,-3.9,0,0.330163,0.818894,0.469473
-13.1731,-19.8216,-12.8766,-0.312615,0,-3.5,0,0.561975,-0.0196364,0.826921
-24.9161,-9.72937,-10.0519,-0.610915,0,-0.0151698,0,0.859315,-0.23764,0.452886
-6.2855,-4.468,-13.754,0.0168758,-0.265332,-0.348755,0,-0.00989949,0.768276,-0.640043
-13.4981,-7.43538,-10.1246,0.0970754,0,-3.69179,0,-0.938363,-0.282783,0.198767
-28.4534,1.48787,-10.0852,0.423214,0,-4.5,0,-0.164179,-0.83709,-0.521848
-27.58,0.097,-5.25475,0.35267,0,-3.9,0,-0.609385,-0.274618,0.743797
-15.1628,-16.5841,-35.6565,0.954796,0.293796,-2.02151,0,-0.766487,0.433599,-0.473804
-27.5446,5.5055,-11.2087,0.699661,0,-4.5,0,0.654894,0.647548,-0.38961
7.4425,-37.9992,-26.2558,0.457661,0.840335,-3.2319,0,0.23295,0.679378,-0.69583
-5.0495,-18.6882,-35.3425,1.64723,0.803581,-3.9,0,0.870792,0.481184,0.100912
-23.596,-5.04125,-12.7268,0.975979,0,1.50015,0,0.311444,-0.156601,0.937272
-28.18,3.546,-7.3705,0.80516,0.440774,-4.5,0,-0.399564,0.362235,0.842102
-28.2377,0.31575,-7.484,-0.0987278,-0.598167,-4.26746,0,-0.971625,0.127777,0.199045
4.77838,-34.8473,-17.8722,-1.30225,0,-3.5,0,-0.689562,-0.677742,0.255285
-3.26662,-7.37988,-15.1786,0.332244,0,4.2,0,0.919897,0.282145,-0.272367
-14.744,-19.8815,-35.8013,-0.556459,-0.282038,-2.29691,0,-0.937907,-0.136136,0.319058
-22.1408,-3.435,-11.9981,1.56144,-0.0450647,3.8,0,-0.225524,-0.592067,0.77369
-24.0935,-2.77425,-18.2225,0.25646,0,4.17475,0,-0.423443,0.644903,-0.636236
-14.0962,-5.14275,-25.0208,0.363126,0,-0.7,0,-0.291072,0.955929,-0.0384339
5.0685,-17.85,-22.9562,-0.25949,0,-1.3,0,0.460408,0.615753,0.639432
-14.7107,-10.362,-11.3532,0.36819,0,-3.5,0,-0.813507,0.20545,0.544055
-4.58763,-6.35325,-20.3685,-0.247139,-0.141498,-3.5,0,0.158506,0.525481,-0.83591
12.7843,-39.5617,-23.525,-1.09966,0,-3.5,0,0.994997,0.0957353,-0.0285599
-3.63875,-18.6553,-38.29,1.0564,0,-3.9,0,0.984504,-0.171166,-0.0381348
-2.255,-29.305,-14.742,-1.81227,-0,-3.5,0,0.231761,0.662092,0.712686
-30.143,-8.71675,-16.3585,-0.0642001,0,3.8,0,-0.86067,-0.50846,0.0267379
-25.5408,-9.03275,-18.4338,-0.302284,0,4.5,0,-0.593059,-0.0767637,-0.801491
-9.69388,-23.8724,-34.742,0.319687,0,-3.9,0,0.109158,-0.992724,-0.0508216
-30.1646,-2.7405,-6.2235,-0.793303,-0.50733,-3.5,0,-0.642359,0.630808,0.435265
-11.4206,-36.3006,-34.9229,0.398095,0,-4.5,0,-0.997379,0.0712923,0.0123681
11.9655,-41.098,-24.4575,-0.76872,-0.469925,-3.5,0,0.802699,-0.596107,0.0182065
-2.66075,-6.7915,-18.6513,0.591057,0,-3.5,0,0.844457,0.526466,-0.0986253
-20.642,-11.4307,-19.7447,0.438498,0,-3.5,0,-0.922074,-0.185968,-0.339405
11.9403,-28.3067,-24.6383,2.09999,0.192731,-3.9,0,0.921149,-0.253474,-0.295357
-17.3927,0.553875,-0.678375,0.948298,0.02359,-3.5,0,-0.66041,-0.0367789,0.750004
-21.9953,5.35575,-10.0852,0.553649,0,-0.4,0,0.557751,0.815256,0.155793
-2.47112,0.254125,-11.318,0.35576,0,-4.5,0,0.865646,-0.500553,-0.0101517
4.21763,-41.6604,-26.5457,-0.743775,0,-1.51256,1,-0.704795,0.145689,0.69429
1.69837,-38.5661,-27.4478,-0.568346,0,-0.8,1,-0.107545,-0.352436,0.929636
9.22013,-30.809,-19.7669,-0.232474,0,-3.9,0,0.614341,0.194099,0.764795
-14.7843,-28.4609,-31.377,0.0533829,0,-3.5,0,-0.111727,-0.779689,0.616119
3.56275,-43.8955,-25.1178,-1.97608,-0.115809,-3.5,0,-0.958217,0.123107,0.258197
-3.45275,-28.9077,-33.4975,1.28443,0,-3.9,0,-0.213497,0.142046,-0.966562
-4.34188,-38.0557,-29.9629,-0.036915,0,-1.3,0,-0.807944,-0.584552,0.0743282
-10.5041,-18.3606,-39.1287,1.26956,0.0374209,-2.24199,0,-0.419842,0.87772,-0.230956
0.8725,-45.2067,-33.5213,0.216646,0,1.30157,0,-0.141244,-0.892846,-0.427641
-26.9786,-4.62375,-14.7942,0.14991,0,3.8,0,-0.555002,0.756109,0.346802
9.88188,-39.5744,-27.6244,-0.0117521,0,-3.5,0,0.685178,0.661409,-0.305072
-4.48488,-31.6639,-33.9231,-0.353542,0,-3.9,0,-0.613406,0.628594,-0.478123
7.94537,-29.9597,-25.2855,-0.144868,0,-3.9,0,0.50405,-0.74712,-0.433297
-14.3345,3.15375,-13.5885,0.34475,0,3.8,0,0.0130655,0.617625,-0.786364
-3.572,-38.4432,-23.4325,-0.598743,0,-1.3,0,0.0550257,-0.70173,0.710315
-22.0853,-28.1785,-33.559,-1.16937,-0.0244831,-3.5,0,-0.714557,0.354154,0.60331
-3.6475,-14.1353,-32.2262,0.27878,0,-3.5,0,0.729419,0.00156597,-0.684066
-25.8489,-3.35063,-13.1634,0.209399,0,3.8,0,-0.926624,0.192236,0.323131
5.9105,-38.6447,-30.035,0.938818,0,-3.5,0,-0.130192,0.975167,0.179165
-10.3691,-17.5244,-11.5856,-2.30196,-0.243092,-3.5,0,-0.867352,0.0945109,0.488639
-1.03375,-44.8857,-33.163,0.0749715,0,4.2,0,-0.391635,-0.101047,-0.914556
-0.432125,-14.5017,-24.6125,0.260371,0,-1.07485,0,0.28236,0.784116,-0.552662
-18.5025,-15.0828,-20.3815,0.692195,0.607237,-3.5,0,-0.639364,-0.728332,-0.246469
-28.3778,5.93975,-12.1418,0.69704,0,-4.5,0,0.882173,0.315789,-0.349355
-10.5545,-9.9055,-35.4505,1.72669,0,-4.5,0,0.0598419,0.743873,-0.665637
-8.79125,-17.98,-9.68975,-1.05249,-0.426139,-3.5,0,-0.304763,-0.39501,0.866653
-6.78825,-14.4381,-10.0103,1.81024,0,-3.9,0,0.907833,-0.0501349,0.416324
-9.258,-0.5065,-9.44888,0.604997,0,-1.82006,0,0.0714854,0.972928,0.219773
-17.4188,-27.5548,-30.2278,0.312703,0.413983,-3.5,0,0.0304882,-0.756219,0.653607
2.911,-18.5397,-27.3611,-0.163432,0,-2.21574,0,0.318685,0.925314,-0.205507
6.90825,-42.6408,-24.0205,-0.567794,0,-3.5,0,0.352257,-0.248369,0.902346
-2.157,-35.34,-21.1145,-2.30504,-0.115537,-3.5,0,-0.707084,0.0356282,0.706232
9.7095,-33.8505,-17.3808,-0.548933,0,-3.5,0,0.90853,0.354204,0.221613
3.13037,-46.0281,-35.5855,0.0643958,0,-1.6,0,-0.141652,-0.988176,0.0586773
-16.2658,-10.492,-22.8703,0.2016,0,1.8,0,-0.285566,0.0872394,-0.95438
-9.9365,-25.188,-32.2835,0.0579294,0,-1.3,0,-0.13067,-0.84642,-0.516235
-17.0595,1.02013,-8.64625,1.63496,-0.490131,-2.07102,0,-0.534568,0.844488,0.0328212
-28.191,1.31,-7.072,0.817344,0,-4.5,0,-0.969648,-0.0623368,0.236423
-5.18162,-30.446,-15.3857,-1.80798,0,-3.5,0,-0.558981,0.113217,0.821415
-5.00625,-37.2205,-30.4165,-0.0298604,0,-4.16927,0,-0.553051,-0.617729,0.559058
8.24725,-23.8734,-21.383,-0.012241,0,-1.3,0,0.667386,0.553437,0.498301
-6.3015,-27.8995,-12.2638,-0.351173,0,3.8,0,0.267543,-0.813928,0.515696
5.66225,-35.66,-20.112,-0.513102,0,-3.5,0,-0.476831,-0.862559,0.169187
5.12087,-40.6878,-25.1519,-0.501449,0,-0.135026,0,-0.813648,-0.179639,0.552908
-13.5798,-25.7183,-38.1039,0.557946,0,-3.9,0,-0.965043,-0.159279,-0.208138
-7.67225,-25.1497,-11.1438,-0.215843,0,3.8,0,-0.194247,0.506885,0.839843
2.2485,-10.4923,-15.501,0.127146,0,3.8,0,0.989137,-0.0117716,0.146524
-16.9339,-19.6998,-15.4634,-0.415512,-0.524359,-3.5,0,-0.609264,-0.356731,-0.708195
-1.1375,-19.7162,-14.3958,0.279428,0.0306592,-4.5,0,0.559232,0.610594,0.560745
5.13188,-10.483,-22.9719,0.556872,0,-4.5,0,0.616278,-0.091829,-0.782157
-20.9142,-4.54913,-12.236,0.277542,-0.634217,3.8,0,-0.0744729,-0.665517,0.742658
-12.0308,0.617875,-7.64388,3.17926,0,1.9,0,0.715705,0.687754,0.121494
7.23175,-40.2397,-36.633,-0.186002,0,-4.5,0,0.693889,0.226244,-0.683616
-9.34275,-3.90425,-7.2285,-3.80707,0,1.9,0,0.706641,-0.105342,0.699686
-19.2672,-23.1367,-28.1869,0.232197,0,-3.5,0,-0.64658,-0.178366,0.741701
-12.0728,3.93263,-10.1882,0.37209,0,3.8,0,0.897832,0.423212,0.121614
-10.4288,-13.2382,-11.062,-0.147945,-0.0820928,-3.6707,0,-0.722147,-0.662946,0.197501
5.99875,-44.2878,-28.9942,-0.260347,-0.0499826,-2.12466,0,0.624836,-0.770515,0.126039
-30.3588,-6.71513,-17.0737,0.0436769,0,3.8,0,-0.937389,0.324181,-0.127314
-2.6505,-25.732,-14.6678,0.0269975,0,-4.08092,0,0.0980106,-0.602585,0.792013
7.11394,-29.1796,-19.9725,-0.135414,0,-3.9,0,0.171657,0.335641,0.926218
-6.3665,-16.767,-37.383,0.744453,0,-3.9,0,0.172043,0.927683,0.331368
7.328,-34.6037,-15.0646,-1.75817,-0.0415826,-3.5,0,0.186188,-0.445613,0.87565
-2.295,-32.6572,-16.393,-1.03364,0,-3.5,0,0.304977,-0.919739,0.247122
-11.4955,-26.9307,-26.902,-0.94431,-0.489447,-3.5,0,-0.304763,-0.948582,0.0855092
-8.7785,-28.2195,-13.0487,-0.369455,0,3.8,0,-0.385465,-0.922465,-0.0218045
10.5597,-38.1337,-31.3644,-1.11158,-0.165555,-3.5,0,0.887287,0.363505,0.283876
0.826,-24.5098,-15.2022,0.299586,0,-4.5,0,0.978972,0.05963,0.195085
-15.1025,-23.6047,-13.9263,0.419685,0,-3.5,0,-0.874965,-0.473035,0.103315
-14.578,-2.937,-4.496,0.410097,0,-3.5,0,0.547552,-0.747055,0.376956
11.2501,-38.4116,-32.2484,-1.63502,-0.661889,-3.5,0,0.923069,0.295083,0.246718
-8.08663,-13.224,-36.1894,1.40287,0,-4.5,0,0.509153,0.214554,-0.833504
-27.747,-5.699,-12.453,-0.3174,-0.98685,-0.8,0,-0.272685,0.942358,0.193917
-30.1091,8.39175,-13.1886,0.65814,0,-4.5,0,-0.0559037,0.978556,-0.198252
-7.78375,-32.526,-28.5273,-0.287231,-0.527812,-2.68478,1,-0.810381,-0.486232,0.326898
-5.13425,-19.1597,-33.6025,0.29473,-0.238494,-4.5,0,0.424625,0.856432,-0.293629
-9.18475,-3.64425,-15.5795,0.438579,0,4.5,0,0.457854,0.887857,0.0456044
-5.23763,-21.3204,-35.1671,0.811425,0,-4.5,0,0.657694,-0.0273049,-0.75279
-22.9774,-28.6523,-34.8387,-1.50856,-0.549298,-3.5,0,-0.879312,0.455894,-0.137737
-33.3428,-6.30037,-9.169,-0.833817,-0.349627,-3.5,0,-0.66872,-0.690445,-0.27586
4.69287,-38.3996,-31.3685,0.367541,0,-4.5,0,0.322123,0.73248,0.599758
-2.19812,1.28838,-10.5246,0.901617,0.0517969,-4.5,0,0.976747,0.000904784,0.214393
-14.7814,-26.7834,-24.1665,0.285771,0.0410555,-4.5,0,-0.669794,-0.705971,-0.230177
2.1495,-23.0513,-20.1601,-0.184158,0,4.5,0,0.740819,0.000756691,0.671705
-34.5174,-4.36613,-7.07188,0.526511,0,-3.5,0,-0.861589,0.361761,0.35608
-15.9744,-3.08188,-4.55937,1.64903,0,-3.5,0,-0.374735,-0.924418,0.0708886
-15.1906,1.34025,-3.63337,1.36742,0,-3.5,0,0.527463,0.712882,0.46215
-10.7675,-20.5305,-41.2616,0.422754,0,-0.4,0,-0.55506,-0.117035,-0.823536
-6.219,-17.9907,-39.8473,0.699128,0,-3.35464,0,0.190113,0.483561,-0.854415
-12.5358,-26.7423,-27.8625,-1.77644,-0.229211,-2.10941,0,-0.0757737,-0.992838,-0.0923609
-15.0037,-17.6833,-36.865,0.19002,0,-0.4,0,-0.864227,0.178082,-0.470531
-32.5706,-6.92225,-9.71387,-1.05288,-0.248644,-3.5,0,-0.687208,-0.687247,-0.235449
-1.95687,-25.1915,-33.812,-0.112078,0,-3.9,0,-0.414627,0.0321304,-0.909424
-20.0176,-23.3544,-29.4982,0.279772,0,-3.5,0,-0.979756,0.144052,0.139024
-4.90075,-9.54387,-11.6944,0.567907,0,4.2,0,0.274519,-0.26902,0.923184
-31.5505,6.53125,-12.283,0.0898107,0,-4.5,0,-0.891517,0.260656,0.370479
-28.682,6.45175,-13.414,0.0447214,0,-4.5,0,0.939981,0.182342,-0.288422
-4.67875,2.2585,-11.7432,0.143792,0,-4.5,0,-0.356766,0.755767,-0.549121
8.15012,-31.5483,-19.0564,-0.29992,0,-3.60644,0,0.489634,0.632454,0.600218
-1.16725,-46.5965,-30.3369,-0.139024,0,4.2,1,-0.37566,-0.814334,0.442425
0.02525,-44.949,-28.7122,-0.179177,0,4.2,1,-0.438023,-0.421347,0.794105
-12.1055,-16.8985,-14.2036,-0.237684,0,-3.5,0,-0.272713,0.423449,0.863898
-6.89675,-37.9938,-35.1867,0.568806,0,-4.5,0,0.0735126,-0.895752,-0.438434
-17.4704,-10.6811,-22.7827,0.103916,-0.0563257,0.575585,0,-0.179574,0.167468,-0.969385
2.899,-28.2415,-32.9635,-0.378277,0,-3.5,0,0.366181,-0.927931,0.0696812
5.64813,-35.8421,-17.7178,-2.0796,-0.419204,-3.5,0,-0.712805,-0.696879,-0.0791764
-8.86575,-23.917,-35.4702,0.33531,0.0704683,-3.98382,0,0.422062,-0.902432,-0.0864857
0.00425,-14.3085,-17.9533,-1.27874,-0.511758,3.8,0,0.872909,-0.1396,0.467485
-13.603,3.607,-4.55,1.10749,0,-3.5,0,0.58516,0.00786831,0.810879
-12.1392,-5.848,-19.726,0.167791,0,3.8,0,0.746231,0.485957,-0.454955
3.3445,-8.856,-18.3662,0.517007,0,-4.5,0,0.359971,0.0127605,0.932876
-6.58325,-14.049,-33.3204,0.567192,0,-3.94726,0,0.719848,-0.253564,-0.646161
-17.6561,-14.7319,-18.0381,0.272663,0,-1.44465,0,-0.699288,-0.142878,0.700416
2.6795,-22.404,-31.707,-0.495127,-0.169908,-3.5,0,0.179567,0.11675,-0.976793
-21.1376,4.54413,-11.4241,-0.270852,-0.698478,-0.4,0,0.559202,0.713897,-0.421478
-13.3591,-12.876,-13.0615,0.123838,0.264627,-3.5,0,-0.718714,-0.650097,-0.246624
8.2905,-32.9775,-23.769,-0.588272,-0.933372,-0.9,0,0.671316,-0.0394837,-0.740119
-19.5683,1.45175,-13.5285,0.420675,0,3.8,0,-0.414142,0.771868,-0.482396
-11.9495,2.5645,-9.7275,0.472217,0,3.8,0,0.903391,0.260211,0.340844
1.63063,-17.43,-37.4594,2.16531,0,-4.5,0,-0.245114,-0.190072,-0.95068
-16.7265,-2.60325,-11.3033,0.131128,0,1.45802,0,-0.265735,-0.948762,-0.170986
-31.525,3.687,-14.0101,0.740161,0,-4.5,0,-0.790754,-0.53141,-0.303828
-14.2249,4.95888,-9.20387,0.662063,0,3.8,0,-0.0276545,0.92786,0.371903
-6.032,-20.3482,-37.2455,0.281022,-0.723704,-3.9,0,0.719573,-0.693714,-0.0312423
-16.3135,-21.656,-19.4195,0.19972,0,-3.9,0,-0.799378,-0.431212,0.418391
-1.18975,-17.7909,-31.484,0.273244,0,-4.5,0,0.0831825,0.849684,0.520689
-22.2375,-14.1958,-12.0365,0.865213,0.769538,-0.8,0,0.95706,-0.252945,0.141616
-8.97188,-23.837,-36.8931,0.284431,0,-3.9,0,0.876649,-0.441522,-0.191165
-8.59525,-17.056,-39.859,1.21254,0.832631,-0.4,0,-0.195595,0.944562,-0.263714
-15.114,2.448,-13.9462,0.353442,0,3.8,0,0.119162,0.823438,-0.554753
-29.2729,-12.1785,-12.8706,-3.63938,0,-3.5,0,-0.00749509,-0.966149,-0.257875
-7.0685,-34.6575,-34.5525,0.327746,0,-4.5,0,-0.382306,0.913681,-0.137946
-13.162,-12.434,-31.9505,1.34055,0,-3.62469,0,-0.727806,0.63165,-0.267052
-27.8775,-9.904,-7.247,0.0633996,0,1.8,0,-0.0565016,-0.706237,0.705717
-13.9742,-8.59775,-12.3477,0.672797,0,-3.5,0,-0.813859,0.537851,0.219887
-4.562,-38.0639,-23.3713,-0.258301,0,-1.3,0,-0.52384,-0.272181,0.807161
-14.519,-11.5879,-10.9669,-0.0816408,0,-3.5,0,-0.720758,-0.258489,0.643188
-6.59275,-30.1982,-20.8057,-0.470756,0,-3.5,0,-0.000760947,-0.92114,-0.389231
-24.9785,-3.756,-11.3336,0.816893,0,3.8,0,-0.96729,0.252153,0.027735
-15.7761,3.383,-9.04075,1.21654,0,3.09141,0,-0.9201,0.376638,-0.107522
-7.2945,-7.08,-29.1637,1.02921,0,-3.9,0,0.169114,0.912049,0.373587
-11.3188,-22.587,-13.0852,-0.984873,0,-3.5,0,0.0258695,0.631456,0.77498
-4.511,-27.0228,-33.0745,0.238777,0,-3.9,0,-0.331583,-0.0221485,-0.943166
1.65188,-15.2789,-20.9296,0.41938,0,-4.5,0,0.925928,-0.0869787,0.367549
-5.4415,-5.6145,-19.7545,0.313545,0.184645,-3.5,0,-0.334202,0.588145,-0.736474
-3.43625,-40.3285,-34.154,-0.989743,-0.399462,-0.8,0,-0.499995,-0.764745,-0.406412
-30.8647,4.21556,-10.1651,1.22618,0,-4.5,0,-0.92444,0.173033,0.339809
-16.2738,-11.0679,-26.5245,0.257724,0,4.5,0,-0.497496,0.853254,0.156378
-25.1329,-2.11438,-9.81612,0.803032,0,-4.5,0,-0.478164,0.423335,-0.76951
-14.9222,-2.43712,-17.5672,0.356015,0,3.8,0,0.0128787,0.998521,0.0528117
-8.23763,-31.7181,-29.7286,-0.803685,-0.522978,-4.5,0,-0.987317,-0.119791,-0.104191
-12.737,-7.86175,-9.35525,-0.215978,0,-3.5,0,-0.41277,-0.490124,0.767724
-10.0092,-12.0618,-10.245,-0.750974,-0.383736,-3.5,0,0.278542,0.145143,0.949394
-30.4893,-8.7665,-14.8123,-0.19429,0,3.8,0,-0.877263,-0.472698,-0.0834632
10.8298,-39.6138,-30.4958,-0.500457,0,-3.5,0,0.964033,-0.0248648,0.264617
12.3579,-40.6445,-22.897,-3.00964,0,-3.5,0,0.631192,-0.656601,0.412883
-8.13513,-1.86263,-9.15112,0.953813,0,-4.5,0,0.631999,-0.124223,0.764949
-18.788,-14.8897,-26.047,0.160798,0,4.5,0,-0.978971,-0.172344,-0.109146
-20.7188,2.5625,-12.0872,-0.295558,0,-0.4,0,0.0502001,0.365513,-0.929452
-9.70763,-29.0016,-28.2971,-1.07466,-0.157043,-3.5,0,-0.828748,-0.554057,-0.0787293
-9.112,-38.1205,-34.1432,0.319032,0,-4.5,1,-0.237685,-0.970597,0.0380531
-12.8605,-1.9755,-13.118,0.50321,0,3.8,0,0.734908,0.645107,-0.209159
-2.44675,-37.7991,-22.9694,-1.10345,0,-1.3,0,-0.246353,-0.757671,0.604355
-17.367,-2.40263,-3.543,1.03157,0,-3.5,0,-0.774665,-0.621534,0.116576
9.53963,-21.8475,-23.5828,-0.128337,-0.01601,-1.3,0,0.92045,-0.273356,0.279372
-15.9316,-27.3388,-34.3784,-0.51802,0,-3.5,0,-0.00867942,-0.171673,-0.985116
5.128,-8.54025,-21.5345,0.472987,0.170322,-4.5,0,0.658474,0.696378,-0.285428
-0.127,-17.606,-31.608,0.132508,0,-4.5,0,0.143289,0.744311,0.652281
4.99375,-9.2,-22.694,0.499313,0,-4.5,0,0.379618,0.588763,-0.713616
-2.983,-5.349,-17.1735,0.796995,0.707494,-3.5,0,0.845007,0.508726,0.164807
7.48275,-20.6085,-26.3843,-0.614237,0,-2.44019,0,0.48843,0.564732,-0.665218
5.003,-45.3385,-26.2113,-1.58263,-0.0760933,-3.5,0,-0.179897,-0.971019,-0.157349
-4.39813,-5.0385,-17.0764,0.569559,0.00347395,-3.5,0,0.0596616,0.952934,0.297251
-15.488,3.54225,-4.5135,3.60616,0,-3.5,0,0.104503,0.320739,0.941385
-34.763,-5.29175,-7.41888,0.377565,0.035852,-3.5,0,-0.917852,-0.324279,0.228892
-1.8825,-7.98537,-11.3101,0.147052,0,4.2,0,0.677483,-0.169314,0.715786
1.4685,-30.1875,-16.6485,-0.536419,-0.183016,-3.92436,0,-0.174793,0.597315,0.782727
-13.4775,-2.00325,-4.8755,0.577967,0,-3.5,0,0.499178,-0.565846,0.656231
0.4915,-35.5305,-34.0155,-0.0121001,0,-4.30441,0,0.438316,0.169871,-0.882623
-16.7473,-11.7814,-25.5009,0.20291,0,4.5,0,-0.42631,0.893865,0.138798
-14.696,-24.4866,-22.2316,1.12304,0,-3.98904,0,-0.519632,-0.402387,0.753702
-15.4771,-22.662,-13.2255,-0.199831,0.468702,-3.5,0,-0.556804,-0.792256,0.249601
-0.205625,-16.0483,-34.7018,0.965426,0,-4.5,0,-0.269542,0.958535,-0.0925045
-2.78075,-5.27325,-11.6444,0.226364,0,4.2,0,0.726088,0.503719,0.468042
-24.7604,-2.56538,-11.0321,0.737661,0,0.445896,0,-0.86171,0.492831,-0.120723
-12.0921,-26.4891,-30.3746,-0.563892,-0.270187,-1.53315,0,0.353261,-0.83997,-0.411894
8.90563,-28.4282,-20.4648,0.00259366,0,-3.9,0,0.565988,0.292214,0.770888
-17.5015,-3.941,-13.4738,0.0302993,-0.961811,-0.8,0,0.0441976,-0.276315,0.96005
-29.4428,-5.297,-16.952,0.111644,0,3.8,0,-0.499486,0.797631,-0.338081
2.6095,-26.3605,-36.563,-1.8111,-0.816741,-3.5,0,0.0979653,0.128894,-0.986808
-3.43837,-0.163875,-10.2732,0.0842203,0,-4.5,0,0.574402,-0.698224,0.427254
-25.3493,-2.70875,-17.747,0.210708,0,3.8,0,-0.491121,0.346629,-0.799155
-11.2859,-8.67937,-34.2655,1.20275,0.524806,-4.5,0,-0.312271,0.918398,-0.242963
6.105,-29.3004,-19.6545,-0.29076,0,-3.54411,0,0.474069,0.480969,0.737514
-17.2421,-10.81,-12.7475,-1.06994,0,-3.5,0,0.147657,-0.28318,0.947632
8.84025,-40.9646,-33.7191,-0.797616,0.291858,-4.00418,0,0.734562,-0.410034,-0.540639
-13.2072,-3.12637,-18.296,0.316153,0,4.11577,0,0.563201,0.816742,-0.12545
8.0305,-43.2541,-24.732,-0.459798,0,-3.5,0,0.636769,-0.486574,0.59814
-26.2013,5.187,-10.4738,0.702206,0,-4.5,0,0.265999,0.920862,-0.285057
-9.44637,-8.16162,-30.8795,2.48619,0.0981292,-3.9,0,-0.565051,0.816866,0.11596
-17.1666,-18.284,-14.0098,-1.11247,-0.350865,-3.5,0,-0.549527,0.825904,0.126106
-27.731,4.4535,-11.7417,0.948319,0,-4.5,0,0.642096,0.198137,-0.740577
-10.8532,-8.7835,-32.1714,1.2581,0.429175,-4.04502,0,-0.264842,0.956119,-0.125281
-12.8156,-5.6605,-22.532,0.670381,0,1.25604,0,0.501196,0.864764,0.0314033
-24.8783,-13.626,-17.681,0.871125,0.806854,-0.7,0,0.305435,-0.764784,-0.567288
-15.2535,-26.2073,-26.1475,-0.798633,0,-3.5,0,-0.637905,-0.754495,0.154323
-15.0241,-5.3105,-23.2276,0.984643,0.603726,3.8,0,-0.170638,0.626999,-0.760102
-18.4783,-11.921,-26.5759,0.145388,0,4.5,0,-0.792303,0.605935,-0.0714064
-5.26375,-7.41663,-29.8078,0.636605,0,-3.9,0,0.785872,0.599514,0.15162
-12.4689,-0.227125,-11.7756,0.484677,0,3.8,0,0.568799,-0.126308,-0.81272
-10.7699,-25.7959,-16.9568,-0.0100513,0,-3.5,0,-0.39797,-0.851267,-0.342002
-16.9565,-20.8565,-14.7925,-0.760333,0,-3.5,0,-0.32547,-0.643017,-0.693252
-34.7805,-4.4765,-8.62675,0.67164,0.64232,-3.5,0,-0.755363,0.434274,-0.490746
-3.4025,-32.2631,-38.8018,1.48918,0.833836,-3.9,0,0.397117,0.611084,-0.684744
6.07281,-42.7526,-36.6251,0.504016,0.662722,-4.5,0,0.401826,-0.479952,-0.77986
-4.387,-33.4995,-24.9115,-0.434732,0,1.8,1,-0.766441,-0.231285,0.59923
8.21825,-24.4347,-24.2705,-1.36329,-0.613698,-2.38813,0,0.947713,0.0192948,0.31854
3.07225,-36.0578,-20.0565,-0.708931,0,-3.5,0,0.478955,-0.698712,0.531417
-30.789,2.846,-13.6713,0.963923,0.776864,-4.5,0,-0.44004,-0.818842,-0.368595
-12.966,2.7505,-5.9915,1.22418,0,-3.5,0,0.977528,-0.0405904,0.20686
-13.0441,-0.904125,-4.21875,0.519686,0,-3.5,0,0.757901,0.00996246,0.652293
2.049,-30.4245,-27.4,-0.183996,0,3.8,0,-0.0224652,-0.0746105,-0.99696
11.0347,-29.3137,-25.2895,2.15711,0.296929,-3.9,0,0.638117,-0.707677,-0.303316
-5.57463,-1.32788,-12.9075,1.11781,0.515656,-4.5,0,0.405126,-0.216207,-0.888328
-21.2279,4.54987,-9.81894,0.342488,-0.137123,-0.4,0,0.560228,0.694658,0.451214
-9.6545,-0.9175,-12.31,0.573758,0,-4.5,0,-0.438449,0.552076,-0.709208
-9.92037,-8.85987,-29.7909,1.1024,0,-3.71165,0,-0.616303,0.760664,0.203862
8.93013,-34.4282,-23.2375,-0.238331,-0.416125,0.768451,0,0.766892,0.241737,-0.594508
-8.14925,-34.8151,-31.3382,0.0133904,0,-4.5,0,-0.863872,-0.0906037,0.495497
-11.7515,-3.1805,-6.0315,1.52176,0,-3.8099,0,0.097715,-0.551717,0.828287
-30.5847,-7.10375,-6.90375,0.175726,0,-3.5,0,-0.425003,-0.652479,0.627411
-16.1012,-24.3298,-25.1529,-0.660112,-0.351193,-3.5,0,-0.857311,-0.504659,0.101673
-17.5015,0.94275,-6.2475,3.61597,0.414099,-2.13573,0,-0.964569,0.260071,0.0443754
-9.70387,-37.6955,-33.1926,0.776308,0.106376,-4.5,1,-0.555699,-0.716412,0.421845
10.0948,-34.84,-20.7127,-0.530433,0,-3.5,0,0.961073,-0.272215,-0.0473073
1.3075,-17.404,-17.2682,-0.359906,-0.205408,-3.5,0,0.418483,0.778774,0.467315
3.82,-24.7463,-20.6012,-0.559685,0,-1.3,0,-0.0405083,0.679843,0.732238
8.17775,-39.273,-22.088,0.0429639,0.102065,-3.5,0,-0.199769,-0.72008,0.664513
-24.845,-9.704,-8.70975,0.207621,0,1.8,0,0.812179,-0.562035,0.156467
7.62313,-37.0855,-25.7395,-0.0213196,0,2.5,0,0.20246,0.324776,-0.923867
-18.92,-29.4937,-35.565,-0.737152,0,-3.5,0,0.517141,-0.815211,-0.260762
-23.8175,-0.6505,-6.986,0.823045,0,-3.1895,0,0.698095,-0.00453662,0.715991
-6.71475,-23.0185,-35.3833,1.29262,0,-4.5,0,0.185805,-0.673779,-0.715191
-4.20375,-18.2992,-14.2336,0.0911476,0.0233465,3.43131,0,-0.00948256,-0.17696,0.984172
-14.1446,-27.6754,-23.2871,0.0452662,0,-4.5,0,-0.311402,-0.928976,-0.200081
5.81287,-10.5479,-21.9963,0.5,0.0589507,-4.5,0,0.897876,-0.390772,-0.202772
2.10575,-27.4165,-18.3783,-0.433358,0,-4.5,0,0.442604,0.567132,0.694596
-18.6485,-20.375,-30.863,-1.27821,-0.820516,-3.5,0,-0.402048,0.856281,-0.324253
-22.7153,-11.1325,-19.1752,-0.0851261,0,2.57725,0,0.0955741,-0.350604,-0.931634
0.226125,-23.6625,-33.8826,0.079984,0.686545,-4.3068,0,-0.0642163,0.181676,-0.981259
4.18125,-17.5543,-25.154,0.103689,0,-1.3,0,0.208863,0.843752,-0.494428
8.179,-35.7655,-25.3435,-0.778903,-0.292147,2.5,0,0.212374,0.447187,-0.868862
-16.374,2.483,-10.5376,0.852916,0,3.8,0,-0.750094,0.550887,0.365901
-8.189,-30.1105,-26.596,0.0543304,0,-3.5,1,-0.675667,-0.577621,0.458069
8.15125,-37.4981,-33.818,-1.43158,-0.847482,-3.5,0,0.107967,0.70009,-0.705845
-13.9058,-22.6665,-18.328,0.238155,0,-3.9,0,-0.460038,-0.864223,0.203676
-31.3417,2.82812,-11.0244,0.643727,0,-4.5,0,-0.93905,-0.275712,0.20535
-1.6165,-8.62725,-18.2512,0.556678,0,-3.5,0,0.802514,0.548568,-0.234615
-1.90988,-12.024,-23.098,0.375198,0,-0.497831,0,-0.0448752,0.469298,-0.881899
-6.10125,-29.7463,-31.2687,-0.0612582,0,-3.5,0,-0.383957,-0.15892,-0.909572
-23.548,-8.0105,-11.0645,0.746802,0,-0.8,0,0.707035,0.159394,0.688981
2.8375,-17.7426,-26.0531,0.0836857,0,-1.3,0,0.269593,0.850443,-0.451737
-19.791,-27.3709,-30.9836,0.177399,0,-3.5,0,-0.55931,-0.543049,0.626315
-2.932,-11.6355,-12.7714,0.0242659,0,0.0450958,0,0.0149608,-0.657786,0.753057
-15.8302,-26.9548,-29.9202,0.45304,0.550404,-3.5,0,-0.140554,-0.754109,0.641533
-8.61175,-21.5819,-40.9403,0.0149834,0,-0.4,0,0.482957,-0.674163,-0.558799
-8.93225,-3.3705,-16.6555,0.388366,0,4.5,0,0.377602,0.916461,0.132347
-21.2875,2.0915,-8.901,0.666122,0,-0.8,0,0.331426,0.229257,0.915204
1.91788,-37.1445,-25.144,-0.833643,0,2.8,1,-0.173828,-0.913108,0.368807
-29.9941,-5.59163,-15.7225,0.0789675,0,3.8,0,-0.717558,0.667382,0.19928
-16.9018,-24.2225,-27.5549,0.12534,0.210851,-3.5,0,-0.532856,-0.551554,0.641757
-7.73725,-38.243,-32.2616,0.779197,0,-4.5,1,-0.36461,-0.691596,0.623502
0.43725,-14.7525,-23.6863,0.113469,-0.077598,-3.8179,0,0.684535,0.569339,-0.455264
0.8135,-26.87,-34.7427,-0.944913,-0.594266,-3.5,0,-0.44039,-0.525476,-0.727964
-7.62313,-12.0515,-34.7076,1.47672,0,-4.5,0,0.627201,0.55472,-0.546722
-4.423,0.64325,-8.4775,0.222827,0,-4.5,0,0.492168,-0.394217,0.776121
-5.13812,-8.49813,-11.2066,0.177092,0,-0.0641612,0,0.145458,-0.344373,0.927496
-4.94775,-38.9728,-26.4522,0.0208317,0,-1.3,1,-0.912972,-0.348941,-0.211478
-18.1895,-7.6995,-14.002,-0.220219,0,-3.5,0,-0.353755,0.29333,0.888153
-5.65188,-22.3997,-13.6949,0.116302,0.508016,-4.5,0,-0.361203,0.527786,0.768749
-22.8689,4.42688,-8.50438,0.392171,0,-0.4,0,0.496258,0.297867,0.815477
7.98575,-43.4966,-26.3956,-0.490407,0,-3.5,0,0.48877,-0.865979,-0.105753
-15.067,-15.2028,-34.5725,0.921879,0.179908,-3.9,0,-0.70936,0.457273,-0.536385
-17.4735,2.94625,-7.0785,7.54834,0,-3.5,0,-0.731848,0.265916,-0.627445
-5.7515,-31.0649,-31.4015,0.130012,-0.293607,-3.86924,0,-0.594905,0.375273,-0.710815
-2.85238,-31.5413,-35.3013,0.458185,0,-3.9,0,-0.234792,0.939713,-0.248622
-26.7064,-13.1345,-11.5501,-0.0857437,0,-0.8,0,-0.422006,-0.694668,0.582535
-9.13313,-27.3662,-17.2824,-0.794116,0,-3.5,0,-0.758117,-0.280224,0.58884
-3.888,-31.5643,-18.6737,-0.797696,0,-3.5,0,-0.586071,-0.497205,-0.639772
-3.687,-30.9935,-21.8188,-0.449455,0,3.8,0,-0.805274,-0.508716,0.304535
3.226,-41.1323,-27.0392,-0.441792,0,-0.8,1,-0.501073,-0.144895,0.853189
-3.895,0.3525,-12.9416,0.693499,0.436152,-4.5,0,0.159327,-0.106895,-0.981422
-17.8515,-18.0888,-17.7035,0.672925,0.0263999,-0.8,0,-0.887708,-0.338784,0.311768
-16.3388,-24.1511,-24.0182,3.0762,0,-3.9,0,-0.751764,-0.627018,-0.204203
-14.1967,-12.7745,-28.8337,0.394113,0,0.450364,0,-0.578008,-0.182705,-0.795314
-24.1876,-3.6275,-19.5016,0.178921,0,4.5,0,-0.791798,0.488567,-0.36655
-22.9989,-11.8855,-10.9727,0.190402,0,-0.8,0,0.702194,0.364006,0.611901
7.76963,-41.9202,-24.4851,-0.324951,0,-3.5,0,0.506949,-0.210004,0.836003
-27.7817,-5.93087,-11.4011,0.101992,-0.592851,-0.8,0,-0.284804,0.936438,-0.204868
-11.468,-24.9665,-34.8045,0.18892,0,-3.9,0,0.373892,-0.717541,0.587656
-26.8426,-5.25537,-13.1399,-0.520176,-0.299681,0.214543,0,-0.500381,0.82419,0.265198
-26.6197,-2.47375,-5.649,0.888067,0,-4.47342,0,-0.192547,-0.162155,0.967797
-1.1975,-44.0962,-29.0623,-0.176073,0,4.2,1,-0.50677,-0.0299823,0.86156
2.84138,-7.99762,-21.0806,0.0459539,0,-4.5,0,-0.397356,0.814485,-0.422756
-17.288,-22.951,-23.457,2.9809,0.167098,-3.9,0,-0.986648,-0.114926,-0.115406
-24.7519,-3.99012,-18.4146,0.157483,0,3.89839,0,-0.696787,0.302136,-0.65054
-22.411,-7.85125,-12.0302,0.202373,-0.484198,-0.8,0,0.426269,-0.0451317,0.90347
-1.0585,-31.622,-35.1924,0.114626,0,-3.9,0,0.646818,0.729338,-0.222917
-5.494,2.7895,-9.17225,0.523164,0,-4.5,0,-0.301201,0.945032,0.127253
-1.461,-32.8776,-37.6935,0.299926,0,-3.9,0,0.601295,0.498895,-0.624138
-22.383,-1.68275,-15.8638,0.568554,0.498808,3.8,0,0.130104,0.84025,-0.526357
-8.43025,-3.47175,-18.037,0.315529,0,4.5,0,0.113026,0.883228,-0.455118
-30.3608,-11.5864,-9.58175,-0.225985,0,-3.5,0,-0.258146,-0.771794,0.581115
-26.696,-14.8623,-18.2887,0.229796,-0.433159,-0.7,0,0.440884,-0.799776,-0.407405
-13.4574,-11.3255,-30.9774,-0.215741,0,-3.5,0,-0.804681,-0.0132442,-0.59356
-12.948,-6.9785,-7.2335,0.469456,0,-4.5,0,0.205173,-0.911982,0.355237
-15.157,-16.9976,-13.4228,-0.0177107,0,-3.5,0,-0.22144,0.786105,0.577064
-24.9982,-0.315375,-4.52513,1.61415,0.0642813,-3.9,0,0.347366,-0.467055,0.81314
-20.0865,-29.4064,-36.112,-0.843971,0,-3.5,0,0.0722192,-0.736952,-0.672076
-8.07662,-16.5615,-8.66037,2.3391,0.120213,-3.9,0,0.429255,-0.477717,0.766503
2.4805,-23.4727,-32.6509,-0.387066,0,-3.5,0,0.577525,0.644728,-0.500791
-9.78725,-9.29663,-27.4684,0.628322,0,-3.9,0,-0.49715,0.841262,-0.212417
-10.1768,-25.8762,-14.6772,-0.354893,-0.0111845,-3.5,0,-0.425335,-0.903018,0.0604104
5.32125,-37.3602,-32.1357,0.211041,0,-4.5,0,0.296687,0.656002,0.694001
3.25525,-24.6523,-35.83,-1.69255,-0.650632,-3.5,0,0.458398,0.480683,-0.747539
8.84775,-30.036,-24.8123,0.138332,0,-3.9,0,0.276673,-0.767128,-0.578763
-13.8166,-11.6611,-29.8988,-0.234066,-0.43211,-3.5,0,-0.827371,-0.274631,-0.489934
-31.0152,6.02025,-11.2935,0.583247,0,-4.5,0,-0.807392,0.307339,0.503648
-22.4576,-28.938,-35.7998,-1.66868,-0.675913,-3.5,0,-0.44824,0.186118,-0.874323
-9.58712,-22.6597,-40.5353,-1.21624,-0.584808,-0.4,0,0.387737,-0.702755,-0.596486
-13.7408,-7.82275,-11.139,0.277193,0,-3.5,0,-0.972941,0.214203,0.0866177
-12.093,-27.1709,-23.9605,-0.26538,0,-4.5,1,0.0212186,-0.956471,-0.291056
-30.3979,-10.1105,-7.5655,-1.29645,-0.426869,-3.5,0,-0.356531,-0.337101,0.871349
1.25838,-18.8988,-29.6061,-0.520016,-0.983712,-3.5,0,-0.49756,0.848773,0.178935
-29.034,-1.47487,-7.65112,-0.873792,0,-4.5,0,-0.892629,0.443937,0.0783195
-13.4426,-7.15263,-8.784,0.575878,0,-4.5,0,-0.390059,-0.911836,0.128096
-12.9827,-15.5815,-35.1714,1.44482,0,-0.4,0,0.164077,0.667851,-0.725984
10.5561,-31.8574,-21.6931,-1.06637,-0.799798,-3.9,0,0.943021,0.331786,0.0250731
-29.2659,-4.825,-5.9835,-0.211106,-0.100978,-3.5,0,0.0535063,-0.167863,0.984357
-29.3684,7.8425,-13.8073,0.559477,0,-4.5,0,0.576468,0.590157,-0.565154
-13.661,0.156,-1.73575,-0.448037,0,-3.5,0,0.878104,0.439853,0.188314
-12.8912,-12.4685,-14.8827,0.121523,0,3.41876,0,-0.96666,0.0674884,0.247008
-23.824,-13.347,-15.9482,0.876042,0,-0.777602,0,0.103362,-0.99153,-0.0786399
-27.0459,-13.6734,-19.1273,-0.352671,-0.638099,-0.7,0,0.246989,-0.0149477,-0.968903
-28.0684,-15.1748,-17.6919,1.17192,0.238754,-0.7,0,-0.145084,-0.989217,-0.0200368
11.9425,-40.8985,-26.13,-1.64051,-0.299409,-3.5,0,0.943875,-0.109379,-0.311666
3.68775,-17.7645,-31.4342,-0.503085,0,-3.5,0,0.369,0.923323,0.10637
-18.3584,0.284625,-15.1046,0.567442,0,3.8,0,-0.460108,0.29816,-0.836302
-10.2419,-14.506,-12.444,0.150352,0,-3.9,0,-0.872685,-0.253043,0.4176
-9.37638,-26.2661,-38.6255,1.62697,0.947175,-3.9,0,0.949977,-0.296532,-0.0980415
-4.89575,-32.4922,-15.7821,-2.02528,-0.112158,-3.5,0,-0.420753,-0.863943,0.276713
1.2295,-37.3304,-22.652,-1.86107,-0.0131745,-3.5,0,0.525276,-0.760158,-0.382419
-24.5543,-7.91838,-19.3118,-0.402087,0,4.5,0,-0.788265,0.0819267,-0.609857
-17.4993,-21.8752,-13.0717,-0.933695,-0.0145424,-3.5,0,-0.574022,-0.787991,-0.222639
0.843375,-9.89875,-18.7026,0.665411,0.872978,-4.5,0,-0.438779,0.888137,0.136694
-19.4538,1.96375,-12.5861,0.466219,0,3.8,0,-0.117119,0.871171,-0.476807
-3.98925,-11.6079,-31.6015,-1.18547,-0.408921,-3.5,0,0.930952,0.364807,-0.0156264
-3.03387,-6.53425,-14.5474,0.393206,0,4.2,0,0.843047,0.123707,-0.52342
-16.024,1.90937,-3.64563,2.65915,0,-3.5,0,0.343452,0.692643,0.634261
-24.0865,-4.31675,-20.671,0.161242,0,4.5,0,-0.693192,0.153554,-0.704206
-21.5312,-30.3162,-33.0575,-4.22082,0,-3.5,0,-0.222064,-0.694003,0.68487
10.3527,-41.9135,-29.3175,-1.90061,-0.0100813,-3.5,0,0.955796,-0.26772,-0.12157
9.93487,-30.6816,-21.1149,-0.201568,0,-3.9,0,0.90326,0.127818,0.409614
-9.37075,-35.451,-36.5109,0.354596,0.0691104,-4.5,0,-0.25891,0.743111,-0.617051
-5.09175,-31.5278,-25.0115,-0.270333,0,3.00673,1,-0.668882,-0.315803,0.672953
10.6799,-29.9376,-22.2156,-0.0533197,0,-3.9,0,0.958039,-0.2213,0.182176
4.56525,-45.2713,-33.3898,0.145907,0,-1.39296,0,-0.0403623,-0.994167,0.100016
0.65425,-46.1744,-29.0144,-0.197253,0,4.2,0,-0.1294,-0.727155,0.674167
-10.9878,0.2995,-5.803,13.1981,0,1.9,0,0.0998705,0.966416,0.236783
-16.2325,-19.3475,-19.8189,0.489266,0.201003,-3.04925,0,-0.904871,-0.386198,-0.179052
-10.1493,-7.328,-25.3557,0.00050406,0,4.2,0,0.34107,0.595079,-0.727703
5.68275,-19.6976,-30.4067,-0.402413,0,-3.5,0,0.982239,0.0684194,-0.174715
-11.93,-24.6555,-19.9675,0.550651,0,-4.5,0,-0.606641,-0.474849,0.637578
-14.4827,-1.98487,-16.4102,0.360719,0,3.8,0,0.137514,0.817904,-0.558679
-19.6217,-26.3615,-36.3242,-1.54802,0,-3.5,0,-0.122065,0.769045,-0.627431
4.949,-24.138,-29.9895,-0.815557,-0.461106,-3.5,0,0.766018,0.0147225,-0.64265
3.74475,-32.2755,-13.5157,-0.815577,-0.0104016,-3.5,0,-0.24015,-0.596983,0.765467
-1.5665,-11.934,-12.2275,0.0316431,0,3.8,0,-0.103568,-0.506898,0.855762
-4.77175,-29.9011,-20.8764,-0.784225,0,-0.970049,0,-0.212077,-0.931915,-0.294207
3.84687,-31.2493,-28.3496,-0.824125,0,-0.9,0,-0.56356,0.309942,-0.765726
-14.4044,-1.80975,-19.9405,0.318144,0,3.8,0,0.426243,0.862758,-0.271967
8.9275,-22.2533,-22.606,-1.11635,-0.576299,-1.3,0,0.774159,-0.247029,0.582798
6.4705,-35.711,-15.5576,-2.58387,-0.0399515,-3.5,0,-0.080337,-0.651598,0.754298
-5.34775,-10.2738,-22.176,0.224458,0,4.2,0,0.591619,0.746051,-0.305607
-30.2321,2.62087,-8.85325,0.53456,0,-4.5,0,-0.772266,-0.418603,0.477887
-11.0425,-6.46975,-22.5777,0.0689921,0,0.0766099,0,0.2141,0.896429,0.388042
-24.1557,-1.042,-14.5675,0.3316,0,3.8,0,-0.186649,0.974211,-0.126788
-16.2531,-16.154,-33.6411,-0.485069,-0.121034,-3.9,0,-0.870011,0.16505,-0.464585
-24.5104,-4.89988,-19.2629,0.114851,0,4.5,0,-0.876626,0.123146,-0.465147
-3.731,-12.64,-24.9853,-0.584605,0,4.2,0,0.763302,0.448447,-0.465043
-13.6781,-15.3667,-14.8995,0.385739,0.00619667,-2.87221,0,-0.609215,0.192326,0.76933
6.5875,-38.9647,-36.482,0.236781,0,-4.5,0,0.57014,0.342759,-0.74663
10.9703,-39.538,-32.1005,-1.51781,-0.542336,-3.5,0,0.904776,-0.415865,0.0918538
-8.463,-4.42675,-8.427,-1.19311,0,0.322231,0,0.695435,0.499181,0.516903
-16.2135,-12.7487,-17.3997,0.018286,0.246648,-0.147949,0,0.154469,-0.551185,0.81996
3.40275,-27.1933,-18.5473,-0.0504342,0,-1.3,0,0.119108,0.373026,0.920144
-4.3305,-8.791,-20.48,-0.445673,0,-3.5,0,0.4628,0.105807,-0.880126
6.39362,-32.7014,-14.3231,-0.687827,-0.433211,-3.5,0,0.236009,-0.500904,0.832703
-13.7729,-13.8653,-14.9731,0.113822,0,3.8,0,-0.867227,0.279374,0.412149
-18.2719,-14.3789,-21.3528,0.157147,-0.120299,-3.5,0,-0.465672,-0.793028,-0.392754
-3.34663,-39.2864,-24.553,-0.57682,0,-1.3,0,0.0695458,-0.889588,0.451439
0.887875,-22.8946,-18.0206,-0.254591,0,3.76295,0,0.970054,-0.0395854,0.239641
-15.8179,-17.3417,-33.554,-0.545106,-0.155374,-3.9,0,-0.708932,-0.582955,-0.396962
-28.3748,4.9635,-12.7063,0.559785,0,-4.5,0,0.872678,0.0186824,-0.487939
-6.13888,-9.549,-10.9746,-0.124104,0,-3.73945,0,0.48844,-0.160371,0.857734
-10.0606,-2.906,-14.409,0.370628,0,-0.212777,0,0.194552,0.929429,-0.313546
-13.2957,-12.9275,-30.5578,0.823143,0,-3.5,0,-0.981452,0.110319,-0.156788
7.92338,-18.9137,-23.5225,-0.218567,0,-1.3,0,0.632715,0.67116,0.386286
-2.90138,-6.56663,-17.0163,0.765079,0.427293,-3.5,0,0.920944,0.288428,0.262051
-29.2283,-6.60038,-19.088,0.0771731,0,3.8,0,-0.327894,0.509118,-0.795791
-20.7975,-3.65025,-17.7437,0.398051,0,4.05859,0,0.140107,0.989373,-0.0388662
-18.5748,1.0635,-10.0344,1.47666,-0.199438,1.40284,0,0.0103001,0.877438,0.479579
1.28038,-31.4936,-27.9365,-0.118996,0,2.8,0,0.344368,0.729377,-0.591118
5.32925,-25.254,-29.8228,-0.849367,-0.260813,-3.5,0,0.693116,0.0727983,-0.717141
-6.31838,-24.3931,-11.1724,-0.171889,0,3.8,0,0.155259,0.230622,0.960577
-12.9583,-26.2835,-32.6997,-0.050508,0,-3.5,0,0.929905,-0.307231,-0.202202
-9.12775,-30.6565,-18.5785,-1.6071,-0.046787,-3.5,0,-0.686966,-0.719481,0.102099
-11.8285,-23.3949,-12.2144,-1.41974,-0.561051,-3.5,0,0.0485951,0.299805,0.952762
-25.3736,2.44637,-11.7776,1.03959,0.705122,-0.4,0,-0.137393,-0.475629,-0.86885
-18.5586,-15.4021,-25.1575,0.126501,0,4.5,0,-0.903471,-0.326526,0.277707
-23.2601,-2.47738,-11.0539,1.78153,-0.0177933,3.38624,0,0.516541,-0.815262,0.261788
-13.1295,-24.3619,-12.8765,-0.787702,-0.318951,-3.5,0,-0.392859,-0.417932,0.819143
-29.6829,-3.91925,-5.61812,-0.955849,-0.279625,-3.5,0,-0.18872,-0.0346715,0.981419
2.336,-28.0994,-35.5774,-1.34137,-0.466661,-3.5,0,-0.299015,-0.90087,-0.31468
-33.7267,-3.48575,-7.2125,0.269191,0,-3.5,0,-0.339315,0.926328,0.163654
4.03375,-29.6665,-15.3643,0.0564554,0,-3.5,0,-0.0405693,0.942667,0.331261
-15.8897,-4.73575,-8.04138,0.938746,0,-2.5187,0,-0.802217,-0.57519,-0.16001
-15.9515,-18.2835,-12.8006,-0.38379,0,-3.5,0,-0.208508,0.6976,0.685476
-14.1622,-0.000125,-0.72725,-0.969097,-0.729222,-3.5,0,0.531608,0.37044,0.761687
-5.84675,-29.3395,-15.5115,-0.747621,0,0.741115,0,-0.208317,-0.506978,0.836407
-25.6742,-7.307,-18.2509,-0.135415,0,4.5,0,-0.383731,0.0079741,-0.923411
6.72125,-21.1775,-21.0755,-0.251803,0,-1.3,0,0.469042,0.213831,0.856899
-2.66838,2.59525,-10.4624,0.848736,0.755169,-4.5,0,0.689763,0.690708,0.217141
-1.15838,-32.8703,-19.2251,-0.80703,0,-3.5,0,-0.534938,-0.821122,0.198997
2.68925,-20.022,-16.0689,-1.75139,-0.230777,-3.5,0,0.806948,-0.305662,0.505377
-3.9705,-35.4226,-22.5626,-1.22521,-0.395543,-1.3,0,-0.808942,0.165725,0.564046
-6.81675,-6.4585,-19.2706,-0.23641,-0.24342,0.265354,0,-0.240274,0.674418,-0.698161
-10.0564,-26.2014,-18.8498,-0.00847635,0,-4.5,0,-0.89326,-0.245499,0.376586
8.133,-29.9842,-28.9084,-0.0461324,0,-0.9,0,0.842539,-0.419878,-0.337387
-23.3821,5.6615,-11.4585,0.404528,0,-0.4,0,-0.231785,0.916975,-0.324703
-6.35669,-28.6485,-14.4721,-0.46422,0,3.8,0,0.132359,-0.855426,0.500727
1.7795,-13.7022,-22.4031,0.577038,0,-4.5,0,0.616394,-0.394665,-0.681394
-26.2787,-0.50075,-4.87575,1.05977,0,-3.9,0,-0.308633,-0.34253,0.887366
1.53475,-26.6399,-35.8119,-1.43369,-0.0526521,-3.5,0,-0.702851,-0.256766,-0.663379
-9.65475,-29.1073,-26.8223,-1.2049,0,-3.5,0,-0.743586,-0.636111,0.206017
4.99425,-18.9231,-32.5674,-1.51208,-0.156777,-3.5,0,0.961603,0.264102,0.0746289
-8.631,-8.1515,-8.0185,-0.146252,0,-3.5,0,-0.149991,-0.849175,0.506365
6.14162,-30.9835,-13.1011,0.113224,0,-3.5,0,0.598698,0.248613,0.761414
-24.3519,3.5315,-6.88438,-0.459893,-0.0877432,-4.5,0,0.437,0.435689,0.786897
-4.42712,2.50187,-8.34463,0.828438,0.798108,-4.5,0,0.385672,0.449838,0.805545
-15.3865,1.6255,-15.1061,0.355168,0,3.8,0,0.568801,0.406001,-0.715282
-1.5165,-7.6085,-13.675,0.231474,0,4.2,0,0.797845,0.371599,-0.474718
11.7265,-38.244,-23.1775,-1.02202,0,-3.5,0,0.60187,0.74982,0.274814
-6.57963,-8.74537,-23.3997,0.786013,0.670343,4.2,0,0.795602,0.571662,-0.200547
-7.021,-14.6182,-8.99325,2.06897,0.41097,-3.9,0,0.737414,0.16635,0.654635
-8.33488,-30.713,-19.3819,-1.16689,0,-3.5,0,-0.19615,-0.876582,-0.439465
-0.73475,-11.0595,-22.853,0.45403,0,-4.5,0,-0.334767,0.734396,-0.590418
-9.4005,-6.1,-7.43325,-1.53897,0,-2.8337,0,-0.210227,-0.131063,0.968828
-5.5345,-26.9785,-12.0133,-0.272138,0,3.8,0,0.594908,-0.439808,0.672795
-7.889,-37.852,-36.3115,-0.0970866,0,-4.5,0,0.0421818,-0.908176,-0.416457
-30.0597,-12.7634,-18.0141,-0.0577805,0,-0.7,0,-0.616341,-0.12695,-0.777179
-6.97725,-8.68675,-25.0169,1.03913,0.253158,4.2,0,0.619392,0.754876,-0.215674
-28.4123,-3.4105,-5.4595,-0.946932,-0.179359,-3.5,0,0.162144,-0.0504448,0.985477
2.06262,-35.8034,-32.6175,0.0669214,0,-4.5,0,0.314157,0.906351,-0.282546
-3.05562,-18.4727,-33.607,0.575004,0,-4.5,0,-0.552801,0.594061,-0.584382
-10.3555,-22.289,-13.2335,-0.377338,0,-3.5,0,0.0718306,0.150219,0.98604
-19.808,-14.0485,-20.6886,-0.607836,-0.308111,-3.5,0,-0.627995,-0.775599,-0.0637915
0.7195,-25.9293,-15.3814,-0.00599602,0,-4.5,0,0.825269,-0.292717,0.482958
-28.1908,-6.3625,-5.866,-0.83111,-0.0626668,1.8,0,-0.17012,-0.223495,0.959744
-1.35175,-36.1538,-20.333,-1.54195,0,-3.5,0,-0.621887,-0.0742473,0.779579
-7.93025,-1.94537,-13.6628,0.483135,0,-4.5,0,-0.0298781,0.315594,-0.948424
-22.7218,5.34812,-8.9425,0.414057,0,-0.4,0,0.303985,0.735915,0.604997
-7.755,-36.329,-37.6344,0.965257,0.566935,-4.5,0,-0.0145188,-0.218404,-0.975751
-16.2175,-6.6975,-23.49,0.378001,-0.0185356,3.8,0,-0.463634,0.528418,-0.711208
-9.47388,-17.7738,-40.229,1.07103,0.107231,-0.4,0,-0.488289,0.845508,-0.216077
-14.5988,-23.5239,-16.1497,0.672991,0.72045,-3.5,0,-0.723548,-0.47791,-0.498076
-21.2838,-5.69675,-12.753,1.22561,0.953258,-0.8,0,0.322114,-0.0270717,0.946314
-4.48562,-24.8389,-32.7236,0.224912,0,-4.00144,0,0.00127785,-0.283826,-0.958875
-17.6955,-11.8889,-27.5236,0.196865,0,4.5,0,-0.608053,0.549849,-0.572659
-4.38413,-0.901875,-12.2599,1.13608,0.227757,-4.5,0,0.598168,-0.494463,-0.630636
-3.6095,-24.28,-33.0462,0.408742,0,-3.9,0,-0.186108,-0.122699,-0.974838
8.171,-22.802,-28.106,-1.77649,-0.70321,-3.5,0,0.637034,0.0271198,-0.770359
-15.5455,-23.942,-32.862,-0.803089,-0.719204,-3.5,0,-0.234382,0.763409,-0.60189
9.65775,-38.0122,-29.58,-0.189845,0,-3.5,0,0.228548,0.807876,0.543233
9.08425,-32.3392,-23.375,-0.147073,0,-3.9,0,0.626405,-0.210951,-0.750411
1.9135,-33.7374,-30.4121,0.258456,0,2.8,0,0.659391,0.245943,-0.710433
-3.15125,-7.074,-19.7746,0.539888,0,-3.5,0,0.67405,0.257544,-0.692335
-2.467,-23.245,-12.801,-0.0789543,0,-4.5,0,0.332816,-0.0167323,0.942843
-22.5177,-3.22775,-8.6245,5.22145,0.370286,-0.8,0,0.503769,-0.854033,-0.129786
-33.953,-6.13525,-7.38625,-0.225967,0,-3.5,0,-0.535164,-0.809192,0.242503
8.98425,-35.1535,-24.3902,-0.927667,-0.688226,2.5,0,0.626933,0.647475,-0.433279
10.7675,-33.3047,-21.153,-1.67479,-0.456782,-3.9,0,0.972208,-0.170936,0.159976
-23.7014,1.12413,-5.14437,0.935699,0,-3.9,0,0.968658,-0.00594002,0.248325
4.2245,-38.8792,-24.5907,-0.478216,0,2.5,0,-0.782621,-0.421979,0.457644
-2.16781,-17.6138,-34.2264,1.10123,0,-4.5,0,-0.730082,0.542043,-0.416136
-4.49725,-38.2798,-27.5567,-0.157139,0,-1.3,1,-0.943095,-0.142026,-0.300667
3.80188,-27.6669,-32.5261,-0.383754,0,-3.5,0,0.662314,-0.744738,0.0818841
7.87775,-21.426,-27.7935,-1.34476,-0.408552,-3.5,0,0.490739,0.665148,-0.562809
-7.46175,-28.1147,-13.3745,-0.373258,0,3.8,0,-0.0232197,-0.976878,0.212533
-15.6669,-4.19838,-6.71163,1.32889,0,-2.21173,0,-0.646543,-0.490763,0.584067
-24.0135,-3.7025,-7.1145,1.62078,0,-4.5,0,0.62422,-0.485722,0.611901
-17.877,-0.06075,-1.45875,0.449414,0,-3.5,0,-0.810311,-0.285081,0.511982
-13.435,-24.79,-15.488,0.360503,0,-3.5,0,-0.618078,-0.68067,-0.393277
-5.119,-14.1097,-12.0854,0.105173,0,-3.9,0,0.819301,-0.18428,0.542942
-19.7892,3.75325,-10.2076,-0.834304,-0.0184092,-0.4,0,0.795935,0.41644,0.439392
-8.78675,-27.1497,-31.9144,-1.74278,-0.176416,-3.5,0,-0.690659,-0.346145,-0.63496
-26.1443,-11.4835,-10.6163,-0.486149,-0.31722,-0.8,0,-0.208347,-0.578708,0.788472
-4.2205,-39.6436,-33.0639,-0.67957,-0.859653,-0.8,0,-0.66585,-0.689089,0.286007
10.6993,-37.3898,-33.1701,-1.71196,-0.0464468,-3.5,0,0.694115,0.632231,-0.344221
-29.77,-3.863,-10.164,0.22958,0,-3.5,0,0.00449998,0.602213,-0.798322
-13.1724,-1.53663,-15.0649,0.37148,0,3.8,0,0.593246,0.739638,-0.317796
-14.5702,0.377625,-14.2959,0.414989,0,3.8,0,0.726108,0.231888,-0.647298
-27.4552,2.97438,-11.8809,0.620086,0,-4.5,0,0.270439,-0.315568,-0.909549
-9.15875,-26.4245,-14.9665,-0.74673,-0.403884,0.128572,0,-0.67746,-0.722787,-0.136482
-14.7035,-21.4007,-37.4398,-1.26698,-0.774614,-3.9,0,-0.827367,-0.502918,-0.250075
5.05113,-28.3002,-29.1355,-0.669871,-0.130776,-1.59181,0,-0.0801391,-0.342624,-0.936048
6.46425,-36.4185,-18.0623,-1.00987,0,-3.5,0,-0.503927,-0.855824,0.116718
2.1735,-35.2645,-30.9893,-0.0145119,0,-0.845501,0,0.698533,0.628013,-0.343003
4.85575,-16.9135,-34.424,0.455962,0,-4.5,0,0.730354,0.661893,0.168764
-23.7585,0.779375,-6.77688,0.548055,0,-3.59151,0,0.870218,0.145465,0.470702
-1.22519,-16.7092,-33.8063,0.92979,0,-4.5,0,-0.438341,0.892471,0.106552
-11.696,0.8065,-11.7055,0.423931,0,3.8,0,0.823491,-0.169021,-0.541566
-16.5713,-3.692,-9.29175,0.429945,0,-0.8,0,-0.409562,-0.832073,-0.37405
-26.557,5.19675,-8.2885,0.425738,-0.0626758,-4.5,0,0.0386836,0.806962,0.589335
-25.3738,-4.9525,-9.92275,2.6494,-0.235657,-3.02771,0,0.932502,-0.324115,-0.159342
5.1925,-18.003,-35.819,0.612477,0.581094,-4.5,0,0.791189,-0.0750537,-0.606949
-11.1228,-18.143,-38.1712,0.970604,0.604972,-3.9,0,-0.072739,0.89041,-0.449309
-22.828,-30.3805,-35.1385,-1.52676,-0.703347,-3.5,0,-0.799744,-0.507433,-0.320813
-13.8964,-13.9739,-29.1464,0.369023,0,-3.5,0,-0.691681,0.423446,-0.585039
-14.0546,-22.249,-34.2941,-1.17761,-0.58623,-1.3,0,-0.902254,-0.323005,-0.285667
-13.774,-9.90125,-28.785,-0.525637,-0.148169,-3.5,0,-0.819156,0.573219,-0.0200965
-7.37975,-28.7358,-31.4696,-1.12041,0,-3.5,0,-0.286271,-0.465755,-0.83733
2.3625,-35.577,-19.143,-0.697424,0,-3.5,0,0.126235,-0.331773,0.934875
-12.7235,2.89125,-13.1199,0.362943,0,3.8,0,0.606526,0.536905,-0.586395
-0.8455,-37.7365,-20.6089,-2.2078,0,-3.5,0,-0.431014,-0.575817,0.694739
7.21825,-29.7843,-29.9581,0.0466669,0,-0.9,0,0.243461,-0.153861,-0.957629
-21.2245,-7.7555,-12.475,1.37409,-0.0632741,-0.8,0,0.509102,-0.0272338,0.860275
-0.42825,-42.2815,-33.478,0.0890966,0,-1.6,0,-0.628316,-0.322615,-0.707911
-14.4768,-14.9338,-29.8717,0.730814,0,-3.5,0,-0.43615,0.853672,-0.284636
-8.44675,-7.09163,-28.7289,0.561672,0,-3.9,0,-0.448327,0.837638,0.312035
-9.30075,-27.7428,-21.5761,0.232852,0,-3.99181,1,-0.605162,-0.784789,-0.133732
-5.7045,-38.8,-34.385,0.333295,0,-4.5,0,-0.230936,-0.854138,-0.465958
-8.54912,-30.4002,-29.5771,-0.314409,0,-3.5,0,-0.858352,-0.480362,-0.180236
-1.03575,-9.93675,-18.8169,0.40041,0.293507,-1.72453,0,0.450849,0.780153,-0.433701
-12.98,-26.7979,-31.7844,0.950812,0,-3.5,0,0.950128,-0.252301,-0.183306
-16.4457,-1.95812,-20.361,0.364573,0,3.8,0,-0.44431,0.882155,-0.156176
-23.721,-11.0273,-19.4975,-0.659512,-0.204431,1.19724,0,-0.332661,-0.46739,-0.819075
-17.8307,-0.96725,-15.5785,0.629947,0,3.8,0,-0.545029,0.215325,-0.810296
-10.8234,-24.415,-33.9666,0.193506,0,-2.1053,0,0.321907,-0.934771,-0.150262
-6.231,-8.279,-27.0875,0.371796,0,-3.9,0,0.512757,0.683489,0.519542
-4.10638,-36.6444,-27.6367,-0.759908,-0.388634,-1.3,1,-0.990265,0.0147538,-0.138414
-4.17,-36.718,-28.7405,-0.620685,0,-1.3,1,-0.927564,-0.18325,0.325643
1.64225,-18.7341,-15.365,-1.40351,-0.336703,-3.5,0,0.393009,0.385061,0.835028
-10.72,-8.599,-30.78,1.14741,0.0597293,-3.5,0,-0.274868,0.935807,0.22071
8.50513,-19.2235,-24.7681,0.0637476,0,-1.3,0,0.796805,0.556965,-0.234291
-4.23475,-34.8698,-38.4799,1.88664,0,-3.9,0,-0.0519652,-0.524026,-0.850115
-19.5793,-30.0982,-34.9295,-1.56649,0,-3.5,0,0.550671,-0.808921,-0.205933
-13.039,-11.8045,-13.8665,0.102986,0,-2.77803,0,-0.827166,-0.478627,-0.294468
-12.2793,-10.5316,-35.9211,15.7296,0.872739,-4.5,0,-0.799847,0.415918,-0.432733
8.44775,-29.4445,-27.8622,-0.2866,0,-0.9,0,0.927227,-0.344741,-0.146299
-7.9505,1.375,-10.8795,0.679428,0,-4.5,0,-0.598376,0.801028,-0.0173292
-6.316,-20.4674,-13.6725,-0.0661986,0,-3.5,0,0.544778,-0.21626,0.810215
-13.4761,-27.2489,-29.5246,0.113945,0.327247,-3.5,0,0.161982,-0.908495,0.385225
2.34488,-20.0416,-18.4394,-0.561144,0,-3.5,0,0.980158,-0.157837,-0.119911
-23.0688,-12.9268,-18.22,0.438447,0,-1.6,0,0.00609121,-0.812079,-0.583516
6.255,-44.0905,-35.481,0.566252,0,-1.6,0,0.704151,-0.608212,-0.366402
-19.7719,-2.419,-7.54637,0.897586,0,-0.8,0,-0.427843,-0.572027,0.699811
10.1974,-37.5249,-25.6945,-0.421958,0,-3.5,0,0.439631,0.542599,-0.715759
-15.6493,-16.2824,-16.2017,0.613776,0.648253,-2.82481,0,-0.49627,0.554303,0.66818
-17.661,-9.75237,-12.6858,-1.13806,-0.403804,-3.5,0,0.0540017,0.267959,0.961916
1.03775,-16.2173,-35.0452,1.10694,0,-4.5,0,-0.062051,0.991663,0.112933
-3.04363,-16.0649,-13.6224,0.0185296,0,3.8,0,0.561915,0.115789,0.819051
-24.9844,1.679,-10.6879,0.872985,0.306557,-2.69326,0,-0.0930963,-0.697438,-0.710572
3.7805,-7.76925,-18.9824,0.530272,0,-4.5,0,0.221711,0.743241,0.631219
-21.5847,-30.8386,-34.7951,-2.24798,-0.441638,-3.5,0,0.0476778,-0.975993,-0.212519
3.87987,-45.3876,-36.8776,0.155262,0,-1.6,0,0.192735,-0.684802,-0.70278
4.09525,-45.2104,-24.6815,-1.91867,-0.530062,-3.5,0,-0.619073,-0.711966,0.33144
-24.6965,-14.7738,-12.996,-0.855847,-0.936418,-0.8,0,-0.425562,-0.876116,-0.226532
-4.84975,-16.9555,-37.6425,1.39153,0,-3.9,0,0.387627,0.872155,0.29848
-2.61775,-33.1625,-38.2482,1.681,0,-3.9,0,0.493023,0.173319,-0.852578
-27.1672,0.70825,-9.53825,0.142479,0,-4.5,0,-0.198397,-0.546142,-0.81386
9.04675,-32.7487,-17.9438,-0.593891,0,-3.5,0,0.699798,0.664489,0.262178
-1.6705,-14.7441,-26.8178,-1.00892,-0.853013,-0.8,0,0.220498,0.826777,-0.517513
-19.123,-29.2274,-32.3605,0.680465,0.714895,-3.5,0,0.267988,-0.789846,0.551657
-27.821,-14.1266,-14.8844,-0.0787437,0,-0.7,0,-0.278921,-0.673072,0.684965
-30.2717,-14.1154,-17.301,-0.0282817,0,-0.7,0,-0.684927,-0.684349,-0.250083
0.8945,-25.557,-35.157,-0.825558,-0.0104388,-3.5,0,-0.526752,0.172634,-0.832304
-12.9047,-23.2391,-18.2638,0.0713057,0,-3.86723,0,-0.518674,-0.853829,0.044198
4.7025,-22.2026,-30.8475,-0.970869,0,-3.5,0,0.761581,-0.220958,-0.609239
-11.123,-2.035,-4.70375,0.603506,0,1.9,0,0.076861,-0.411962,0.907954
-18.7034,-6.71037,-21.1542,0.502746,0,-3.5,0,-0.347934,0.761524,-0.54683
10.7762,-40.5773,-31.2475,-0.484579,0,-3.5,0,0.940284,-0.339974,-0.0168684
-12.282,-25.3113,-13.2981,-1.04388,0,-3.5,0,-0.278553,-0.880516,0.383535
-30.2884,-13.6587,-16.0414,-0.21571,0,-0.7,0,-0.749416,-0.510729,0.421344
11.8235,-27.19,-23.693,1.35329,0.662817,-3.9,0,0.862351,0.433591,0.261439
2.46712,-32.8194,-14.6123,-1.736,-0.0159626,-3.5,0,-0.536252,-0.811393,0.232539
-6.45325,-21.1394,-39.0891,-1.30823,-0.0147112,-3.9,0,0.656301,-0.67546,-0.336188
8.083,-32.1905,-15.6947,-1.8456,-0.872886,-3.5,0,0.715711,0.692091,0.0936357
-10.1208,-15.7849,-12.1038,-0.814005,-0.904144,-3.51347,0,-0.92903,0.0017707,0.369999
-18.3962,-17.3218,-18.962,0.113508,0,-0.8,0,-0.908433,-0.320894,-0.26791
-10.1733,-15.8006,-9.35938,2.73957,0.278642,-3.9,0,-0.864313,-0.337408,0.372986
-18.2645,-3.37425,-10.2975,0.323261,0,-0.8,0,0.0992155,-0.986501,-0.130275
-16.608,3.85925,-4.511,5.58804,0,-3.5,0,-0.186207,0.676468,0.712543
-14.5319,5.285,-11.1702,0.360954,0,3.8,0,-0.0972478,0.981828,-0.16296
-29.0085,2.50887,-8.04125,0.817636,0.0235071,-4.5,0,-0.67847,-0.195874,0.708034
-27.6588,1.82,-10.912,0.483398,0,-4.5,0,-0.034397,-0.780341,-0.624407
1.83675,-24.73,-35.8375,-1.97838,-0.509583,-3.5,0,-0.461038,0.397133,-0.793555
-17.6392,-16.914,-27.0276,0.634904,0.233664,4.5,0,-0.933471,-0.301487,-0.194263
6.07625,-25.5042,-18.9387,-0.0183061,0,-1.3,0,0.210576,0.406378,0.889109
-8.83525,-37.8224,-32.306,1.0207,0.196148,-4.5,1,-0.433222,-0.680649,0.590793
-14.1233,-23.5257,-33.6606,-0.541278,-0.0179381,-1.3,0,-0.741533,0.19821,-0.640969
-0.19325,-14.9023,-26.523,-0.109612,0,-0.8,0,0.406552,0.818032,-0.406866
9.3075,-27.465,-21.378,0.393266,0,-3.9,0,0.580075,0.230647,0.781227
9.04175,-26.6615,-26.562,0.0650273,0.35884,-2.3267,0,0.667233,0.252797,-0.700638
-3.39188,-32.4529,-15.1842,-1.81756,-0.0476923,-3.5,0,-0.0123157,-0.868112,0.496215
-1.514,-28.403,-33.1939,0.260474,0,-3.9,0,0.247849,-0.396408,-0.883986
-15.3804,-1.63363,-0.943375,-0.229154,0,-3.5,0,-0.0818821,-0.680122,0.728511
-15.7568,2.9775,-12.3488,0.409358,0,3.8,0,-0.436288,0.816344,-0.378465
-31.5381,-7.96275,-11.1684,-0.299987,-0.160569,-1.77472,0,-0.979062,-0.0263541,-0.201848
-13.4782,2.1575,-13.7599,0.369492,0,3.8,0,0.372959,0.0971479,-0.922748
-24.5522,-13.2371,-10.1475,0.00912683,0,-0.8,0,-0.0842443,-0.419073,0.904036
-23.9055,4.8125,-7.6825,-0.83313,-0.588526,-4.5,0,0.480385,0.676884,0.557726
-8.41575,-24.313,-34.3749,0.846298,0.944224,-4.5,0,-0.105926,-0.858548,-0.501672
-1.89475,-30.3449,-14.0889,-2.4652,-0.726552,-3.5,0,0.304436,0.141938,0.941898
1.56288,-44.5371,-36.5771,0.207494,0,-1.6,0,-0.495395,-0.527018,-0.690533
-22.0024,4.12806,-12.1523,0.470372,-0.142802,-0.4,0,0.290635,0.201914,-0.935287
-17.6049,-12.7189,-28.2756,0.213916,0,4.5,0,-0.518243,0.276529,-0.809293
0.454375,-23.753,-14.1441,0.286525,0,-4.5,0,0.728411,0.0795257,0.68051
-7.32475,-17.4678,-39.6662,1.24075,0.0449202,-0.4,0,0.388776,0.757957,-0.523789
-10.74,-2.51675,-16.8416,0.342297,0,4.5,0,0.126938,0.982317,-0.137624
-9.005,-8.34163,-27.8391,0.563757,0,-3.9,0,-0.62252,0.731597,0.277911
-22.4345,-9.88188,-20.441,-0.00892503,6.84522e-05,4.46678,0,-0.269594,-0.534954,-0.800714
4.1445,-45.5998,-34.6479,0.345795,0,-1.6,0,0.0721918,-0.941688,0.328652
4.472,-16.821,-35.833,0.445334,0.215039,-4.5,0,0.689147,0.659917,-0.29931
-9.064,-36.581,-37.1035,0.647631,0.212398,-4.5,0,-0.340795,-0.311832,-0.886916
-23.7059,-0.59825,-11.889,-0.409258,-0.200362,-0.8,0,-0.907753,0.41439,-0.0653055
-16.7035,1.57012,-15.6095,0.372184,0,3.8,0,-0.0620597,0.655505,-0.752636
-19.5478,-21.8865,-28.5338,-0.259226,0,-3.5,0,-0.856848,0.232376,0.460231
-8.19375,-31.0971,-17.2779,-2.26899,-0.288407,-3.5,0,-0.30457,-0.935632,0.17841
8.37225,-24.386,-27.3382,-2.13324,-0.421796,-3.5,0,0.569248,-0.261545,-0.779456
-7.09438,-12.9443,-35.2109,1.06766,0,-4.5,0,0.855321,0.218668,-0.469691
-1.0435,-29.0565,-31.8505,1.45299,-0.00104415,-3.50697,0,0.656072,-0.506889,-0.559135
-30.9508,7.69637,-14.4079,0.923543,0.866793,-4.5,0,-0.455996,0.673302,-0.582007
-16.0051,1.7145,-0.980625,1.04429,0.564376,-3.5,0,0.264631,0.897728,0.352215
-2.32075,-6.88425,-10.7085,0.140982,0,4.2,0,0.458237,0.199557,0.866138
0.90375,-12.3625,-13.6108,0.0304518,0,3.8,0,0.585319,-0.433003,0.6855
8.1965,-24.2332,-23.1653,-1.28106,-0.757073,-1.3,0,0.977103,0.175328,-0.120536
-15.0796,-13.8179,-32.885,0.560549,0,-3.9,0,-0.771388,0.636258,-0.0116504
-10.2276,-12.3796,-36.8395,1.55048,0.259336,-4.5,0,0.100886,-0.0955209,-0.990302
6.78075,-38.661,-21.7795,-0.500084,-0.0653416,1.96907,0,-0.479618,-0.62918,0.611636
-13.511,-24.1665,-37.5471,0.126475,0,-3.9,0,-0.977168,-0.0054064,-0.212398
-25.4979,-9.5295,-7.3655,0.261847,0,1.8,0,0.402568,-0.675612,0.617647
-8.02563,-32.1608,-31.0322,-1.85404,-0.569875,-4.5,0,-0.740534,0.278753,-0.611479
-31.1817,-3.49962,-6.21187,0.140355,0,-3.5,0,-0.288466,0.653905,0.699425
0.24675,-33.686,-34.089,0.0963231,0,-3.9,0,0.930496,0.218213,-0.294212
-3.78113,-39.4379,-27.7162,-0.0878823,0,-1.3,0,-0.667461,-0.673599,-0.317427
-7.74487,-7.659,-23.5942,0.44985,0.0512941,4.2,0,0.641002,0.723426,-0.256459
1.02488,-24.6941,-18.8891,-0.0325514,0,-1.77093,0,0.943409,0.0278432,0.33046
-31.4207,-7.10975,-7.9635,0.228817,0,-3.5,0,-0.478086,-0.793101,0.377392
11.09,-39.4835,-33.6295,-1.3587,-0.130121,-3.5,0,0.834136,-0.332018,-0.440433
-7.6605,-7.22175,-20.5707,0.0490158,0,4.2,0,0.124565,0.955331,-0.268004
-8.04037,-27.7402,-12.0074,-0.309114,0,3.8,0,0.0105102,-0.800314,0.599488
-29.5295,-7.4645,-6.926,0.342681,0,1.8,0,-0.173137,-0.438544,0.881875
3.28087,-38.43,-36.6978,0.494651,0,-4.5,0,-0.59515,0.277607,-0.754142
4.97581,-35.0452,-16.2877,-3.246,-0.391504,-3.5,0,-0.808749,-0.423366,0.408273
-2.3175,-29.3366,-33.4641,0.698293,0,-3.9,0,0.430706,-0.0509885,-0.901051
-30.2335,-12.445,-12.4065,-10.8783,0,-3.5,0,-0.158559,-0.93968,-0.303085
3.49988,-35.8451,-32.9897,0.168369,0,-4.5,0,0.204664,0.955632,0.211848
-28.2175,0.717,-5.84125,0.328182,0,-3.9,0,-0.941372,-0.0256965,0.336389
-17.9805,-16.2845,-26.214,0.233603,0.0236133,4.5,0,-0.929356,-0.346543,-0.127298
-19.6805,-25.4521,-29.5645,-0.0044473,0,-3.5,0,-0.66168,-0.508645,0.550872
-14.0481,-1.63737,-1.0155,-0.880437,-0.175124,-3.5,0,0.631781,-0.475444,0.612214
-13.624,4.709,-7.169,2.13544,0,-3.5,0,0.627851,0.718266,-0.299829
-20.0145,-28.3605,-36.9188,-0.730549,0,-3.5,0,-0.26067,-0.234933,-0.936407
-15.1915,-17.9702,-32.6922,-0.0593458,0,-3.9,0,-0.634539,-0.602072,-0.484633
-15.5688,-10.7902,-28.014,0.27744,0,4.5,0,-0.370515,0.880893,-0.294527
-20.6384,-24.0839,-32.3561,-0.732277,-0.749556,-3.5,0,-0.713552,0.668375,-0.210046
-2.22937,-45.2241,-32.396,-0.0264219,0,4.2,0,-0.753028,-0.314778,-0.577809
-13.7145,-8.885,-10.436,0.37031,0,-3.5,0,-0.817965,-0.0116668,0.57515
-10.7819,-23.3708,-39.8867,-0.728904,-0.296676,-0.4,0,-0.220108,-0.454639,-0.86305
5.09,-29.713,-14.173,-0.671247,0,-3.5,0,-0.0654195,0.970609,0.231598
-2.718,-4.90975,-14.2465,0.317691,0,4.2,0,0.825071,0.384631,-0.413905
-8.70675,-7.04625,-7.14325,-3.61778,0,-3.5,0,-0.18577,-0.257388,0.948283
-16.0002,-28.4719,-32.0074,0.110257,0,-3.5,0,-0.319043,-0.864312,0.388815
-6.5555,-8.94525,-26.0728,0.48514,0,-3.9,0,0.59122,0.770757,0.237471
-2.45125,-39.6054,-30.8715,0.583897,0,-0.976022,0,-0.82125,-0.536235,0.194937
-2.81288,-14.3586,-26.5964,0.265967,-0.805978,-0.8,0,0.553708,0.78855,-0.267577
-17.2225,-23.7255,-32.884,-0.795864,0,-3.5,0,0.0744378,0.788432,-0.610601
7.5455,-38.5395,-27.3651,0.674762,0.351343,-3.5,0,0.182571,0.94811,-0.260297
-22.8945,-1.20575,-14.798,0.431872,0,3.8,0,0.0486611,0.911991,-0.407315
-10.3468,-27.3563,-25.6612,-0.277053,0,-1.6,1,-0.748955,-0.651183,0.122586
-1.82313,-46.2024,-31.868,-0.0554521,0,4.2,0,-0.606024,-0.75098,-0.262229
8.4905,-20.59,-22.3615,-0.674046,-0.00454627,-1.3,0,0.643812,0.327231,0.691683
-10.5741,-35.9875,-36.7181,0.787994,0.885786,-4.5,0,-0.478885,0.311085,-0.820911
5.507,-20.2334,-29.3022,-0.330787,0,-3.5,0,0.941159,0.306535,0.142322
-16.9994,-19.8146,-11.5981,-1.63699,-0.0376824,-3.5,0,-0.326601,0.451913,0.830124
9.45075,-21.5435,-24.5662,1.08889,0.604349,-1.3,0,0.931687,0.0993424,-0.349413
-15.3263,-21.1698,-11.6559,-1.31694,-0.765953,-3.5,0,0.366935,-0.300481,0.88038
-1.37912,-21.6739,-34.5285,0.360374,0.0122294,-4.5,0,-0.0381593,-0.409764,-0.911393
-12.1135,-11.3725,-9.53288,-0.835749,0,-3.5,0,-0.0748869,-0.237179,0.968575
-16.8682,-21.2374,-11.0209,-2.08341,-0.0565767,-3.5,0,-0.105814,-0.0672404,0.99211
2.59725,-31.9306,-13.5632,-2.06928,-0.797941,-3.5,0,-0.510467,-0.129783,0.850047
-4.83462,-4.41813,-11.3826,0.202808,0,4.2,0,0.184987,0.358291,0.9151
4.63912,-8.70837,-18.9616,0.661923,0,-4.5,0,0.582088,0.195886,0.789178
-4.15613,-39.822,-26.4225,-0.166934,0,-1.3,1,-0.310604,-0.94773,0.0730282
-12.0498,0.518625,-5.99813,2.39296,0,-0.926378,0,0.440027,0.793634,0.420144
10.2865,-28.9545,-25.981,2.45456,0.206507,-3.9,0,0.483639,-0.414669,-0.770806
0.3685,-19.02,-15.621,-1.14461,-0.000855341,-3.5,0,-0.194761,0.642146,0.741429
-5.19775,-11.3934,-28.3651,0.0487933,0,-3.83752,0,0.868529,0.460083,0.18434
9.09575,-23.5487,-26.4965,-1.46501,-0.730626,-3.5,0,0.975202,0.0825236,-0.205357
-31.2986,6.05625,-14.8644,0.641557,0.475566,-4.5,0,-0.463297,0.226923,-0.856657
-31.3581,-8.79,-12.2192,-0.52611,-0.0220277,-1.82404,0,-0.848599,-0.0351011,-0.527871
-4.82575,-36.2668,-29.5315,-0.219486,-0.557777,-2.15183,1,-0.78223,-0.336514,0.524285
-17.6534,-14.4967,-28.5241,0.308919,0,4.5,0,-0.642549,0.0769804,-0.762368
-16.8289,-22.2274,-11.8057,-2.07434,-0.0355395,-3.5,0,-0.178341,-0.814835,0.551578
9.65775,-40.1978,-22.4641,-0.196478,0,-3.5,0,-0.168644,-0.65882,0.733155
-24.2925,-0.4665,-5.5665,1.58921,0.233649,-3.9,0,0.896918,-0.23339,0.37559
5.8335,-44.8096,-33.1987,0.0583841,0,-1.47161,0,0.590849,-0.798154,-0.117676
8.70687,-25.5439,-24.1811,-0.0302714,0,-3.9,0,0.736118,0.661657,0.14262
-9.37687,-0.792125,-5.76175,1.52683,0,1.9,0,0.915417,0.254336,0.311969
6.26038,-30.1161,-14.346,0.309456,0.0751908,-3.5,0,0.609912,0.785415,0.105501
-14.6123,-27.1965,-22.042,1.039,0.926864,-4.5,0,-0.712211,-0.420101,0.56238
0.0375,-46.2072,-30.1189,-0.0877126,0,4.2,0,-0.0443422,-0.941808,0.333213
-23.7353,2.5985,-11.9675,1.20791,0.0533491,-0.4,0,-0.292153,-0.204484,-0.934255
-12.7113,1.61512,-6.44625,-1.3337,0,-3.5,0,0.884926,0.359636,0.295917
-30.6846,-5.1615,-10.5505,-0.173134,-0.317439,-3.5,0,-0.159968,0.610665,-0.775564
2.69769,-13.4014,-21.3701,0.293561,0,-4.5,0,0.811102,-0.576005,0.101644
-9.5,-28.204,-23.8875,0.295125,0,-1.6,1,-0.678362,-0.725974,0.113079
-4.53475,-38.937,-24.2065,-0.233312,0,-1.3,0,-0.507267,-0.772864,0.381263
-13.4392,-23.019,-12.6735,-0.0344034,0.0262555,-3.5,0,-0.0363573,-0.0221325,0.999094
-14.652,-29.2785,-33.7337,-3.7549,0,-3.5,0,0.0130046,-0.872649,-0.488175
-16.6647,-23.6636,-26.6325,0.0160517,-0.56955,-3.5,0,-0.724963,-0.529496,0.440524
-14.473,5.392,-5.89425,3.36519,0,-3.5,0,0.0383112,0.99793,0.0516611
-13.6101,-14.0229,-30.566,0.869633,0,-3.57494,0,-0.81635,0.542836,0.197235
-6.593,-34.7373,-35.8989,0.654176,0,-4.5,0,-0.553028,0.828776,-0.0853832
-15.9695,-13.9881,-17.6506,0.24716,0.70127,3.8,0,-0.189115,0.0987452,0.976977
-28.0974,-14.6955,-18.8766,0.86097,0.56143,-0.7,0,-0.375568,-0.534215,-0.75734
-27.9449,-14.7683,-16.0933,0.0085005,0,-0.7,0,-0.186684,-0.938276,0.291183
-0.9695,-24.1707,-33.8148,0.130043,0.2029,-4.0845,0,-0.23598,0.251097,-0.938756
6.03075,-30.3617,-15.5859,0.105558,0.0705638,-3.5,0,0.670273,0.737683,-0.0809792
-20.9657,-6.4085,-20.964,0.335304,0,4.5,0,0.0353762,0.316424,-0.947958
-18.4534,1.82263,-14.3645,0.399507,0,3.8,0,-0.388259,0.737517,-0.552561
5.88662,-32.1483,-29.5845,0.906569,0.810575,-0.9,0,0.274154,-0.393269,-0.877599
10.9537,-29.0215,-23.272,1.53249,0,-3.9,0,0.818402,-0.520496,0.243521
-22.0989,-12.3229,-13.7984,0.381528,0,-1.6,0,0.705964,-0.54791,0.448787
-24.3692,0.84325,-4.0635,1.65198,0,-3.9,0,0.624523,-0.0517229,0.779292
-13.7247,2.51475,-4.915,1.65022,0,-3.5,0,0.583937,0.0178868,0.811602
-13.6939,-11.1316,-15.6803,0.0303159,0,-1.6,0,-0.644905,-0.618057,0.449559
-3.3735,-32.121,-22.4735,-0.471117,0,3.8,0,-0.769404,-0.244344,0.590181
3.34375,-28.242,-17.853,-0.181138,0,-3.34488,0,0.222134,0.736571,0.638842
0.150875,-29.4221,-29.8126,-0.0156372,-0.930235,3.8,0,0.657564,-0.700899,-0.276315
-12.1305,-2.076,-12.2537,0.545567,0,3.8,0,0.351383,0.744541,-0.567617
-15.0089,-10.755,-24.3334,0.266052,0,3.93754,0,-0.90601,0.402476,-0.130994
-8.8845,-25.4181,-32.6004,0.371597,0.799762,-4.5,0,-0.469262,-0.573972,-0.671081
9.595,-43.0047,-29.01,-1.81389,-0.741596,-3.5,0,0.475829,-0.878909,0.0332538
10.2402,-41.9523,-27.6274,-0.759576,-0.677752,-3.5,0,0.738479,-0.654189,-0.163357
-17.6035,1.4955,-5.184,5.22083,0.507469,-3.5,0,-0.99666,-0.0607751,0.0545382
-18.2601,-13.2347,-14.1322,-1.84441,-0.592101,-3.5,0,-0.0321152,-0.899145,0.436472
10.3202,-27.2463,-26.2267,2.348,0.103706,-3.9,0,0.595684,0.259187,-0.760252
2.98375,-19.8275,-34.0079,-0.509615,-0.759886,-3.60887,0,0.163733,-0.856681,-0.489172
-29.2479,-6.13175,-6.22762,-0.0415948,-0.0538358,-1.41048,0,-0.0380279,-0.326465,0.944444
5.81825,-23.642,-20.975,-0.368942,0,-1.3,0,-0.0805282,0.523184,0.848406
-15.25,-19.1739,-36.5561,-0.309165,-0.725239,-3.01958,0,-0.995861,-0.0140458,-0.0897969
-10.4149,-26.971,-29.7908,-1.15059,-0.0638386,-1.3,0,-0.407771,-0.693341,-0.594139
-17.9096,-12.186,-25.4054,0.136848,0,4.5,0,-0.641901,0.74291,0.189862
5.64862,-45.293,-25.2636,-2.23562,0,-3.5,0,0.376919,-0.887987,0.263461
0.54625,-15.2756,-25.5406,0.139515,0,-0.8,0,0.679184,0.685678,-0.26183
7.4675,-30.8428,-26.9789,-0.518509,0,-0.9,0,0.857527,-0.509557,0.0707052
-27.8795,-11.7343,-18.044,-0.308733,-0.114943,-0.7,0,0.0860456,0.265567,-0.960245
-28.467,1.22925,-8.23388,0.437907,0,-4.5,0,-0.902505,-0.213824,0.373849
-16.7419,-4.70787,-22.5613,0.339962,0,3.8,0,-0.49758,0.481,-0.72184
-21.2034,-2.3475,-7.57725,1.41073,0,-0.8,0,0.0646023,-0.510558,0.857413
-7.69025,-6.16638,-31.6222,2.55721,0.93405,-3.9,0,0.0174945,0.998292,-0.0557369
-16.797,-12.096,-15.6765,-1.15659,-0.290521,-3.5,0,0.68677,-0.703637,0.182327
-0.75625,-26.0065,-34.6309,-1.7847,-0.189697,-3.5,0,-0.433195,-0.0656954,-0.898903
-12.7297,-22.9659,-38.5229,0.0193471,0,-3.9,0,-0.808327,-0.140793,-0.57165
4.525,-25.3627,-30.4895,-0.452926,0,-3.5,0,0.758525,0.0560966,-0.649225
-24.0001,-13.4812,-17.0365,0.656904,0.422328,-0.994535,0,0.263827,-0.954625,-0.138151
-7.0685,-17.188,-12.1084,-0.709021,0,-3.5,0,0.910189,-0.303007,0.282388
-8.62569,-10.9293,-34.9723,1.12289,0,-4.5,0,0.656296,0.481965,-0.580504
3.1635,-24.2296,-33.4801,-1.51474,-0.00685951,-3.5,0,0.706097,0.707579,0.0275488
-27.1404,-5.93612,-5.86013,-1.16974,-0.125311,1.8,0,0.314837,-0.0535775,0.947632
-9.09562,-6.27688,-23.5564,-1.56256,-0.287503,4.2,0,0.442381,0.892681,0.0861428
-8.795,-24.7235,-12.1675,-0.310295,0,3.8,0,-0.204973,0.703242,0.680762
-16.0344,3.38387,-11.1632,0.541353,0,3.8,0,-0.779905,0.624166,-0.0465271
-2.33063,-8.302,-14.4261,0.106116,0,4.10644,0,0.64597,0.53019,-0.549201
8.73825,-33.1442,-16.0715,-2.09955,-0.47485,-3.5,0,0.873622,0.290341,0.390495
-14.5177,-25.431,-34.1475,-0.501616,0,-3.5,0,-0.285321,0.268085,-0.920175
-26.682,2.002,-11.2005,0.509515,0,-4.5,0,-0.0416552,-0.626088,-0.778639
-31.6216,-6.54475,-11.0545,-0.605307,-0.181333,-0.238744,0,-0.664899,0.20285,-0.718861
-7.1895,-12.645,-9.65462,0.233324,0,-3.9,0,0.331106,0.414993,0.847437
-5.2435,-31.5175,-32.9255,-0.935448,-0.633546,-3.9,0,-0.688579,0.419819,-0.59128
-14.2159,0.416125,-3.5395,0.754666,0,-3.5,0,0.764647,0.583583,0.273396
-7.84725,-38.3744,-33.9878,0.505714,0,-4.5,1,-0.221774,-0.970615,-0.0933958
-1.41025,-30.6255,-32.4721,0.649689,0,-3.9,0,0.822428,0.24655,-0.512665
3.25087,-30.432,-13.9659,-0.867925,-0.0811784,-3.5,0,-0.46773,0.649264,0.599737
-7.2095,-2.6795,-13.3608,0.4239,0,-4.5,0,0.437523,0.00225149,-0.899204
-1.07913,-17.8254,-27.6632,-0.237069,-0.331727,-0.8,0,0.366601,0.386886,-0.846122
-7.42025,-20.6945,-40.6885,0.083221,0,-1.00691,0,0.66246,-0.440731,-0.605725
-3.14425,-13.1251,-14.4272,-0.0632327,0,-0.221267,0,0.100222,-0.447594,0.888603
0.25925,-16.6677,-36.0939,5.46437,0.757001,-4.5,0,-0.473123,0.72379,-0.502277
-3.8915,-17.6299,-38.1741,1.90859,0,-3.9,0,0.874557,0.470882,0.115849
-11.745,-9.15063,-33.0424,1.31591,0.348425,-4.0756,0,-0.798174,0.601615,-0.031281
-20.5585,-12.602,-21.9325,-1.68552,-0.43893,-3.5,0,-0.800761,-0.0761292,-0.594127
-17.0688,-16.9439,-32.2619,-1.93228,-0.433303,-3.9,0,-0.926856,-0.0973003,-0.362589
-0.165,-32.0595,-17.6103,-1.10827,0,-3.5,0,0.167631,-0.7932,0.585434
-1.854,-31.7474,-36.2,0.274006,0,-3.9,0,0.308737,0.853189,-0.420416
-14.728,-0.68925,-15.4087,0.37926,0,3.8,0,0.511968,0.504387,-0.695329
-17.961,-0.81375,-3.5195,1.15104,0.11321,-3.5,0,-0.980347,-0.178994,-0.0829454
-3.99275,-19.3021,-13.9729,0.215024,0.758019,-4.5,0,-0.159157,0.267725,0.950259
5.77588,-36.1976,-16.3924,-2.41206,-0.111106,-3.5,0,-0.396582,-0.884041,0.247374
-22.7827,-10.1739,-12.4904,0.237394,0,-0.8,0,0.625793,-0.0547198,0.778068
-0.416,-19.7003,-29.9191,-0.0152701,0.539985,-0.7,0,0.13383,0.982238,0.131521
5.145,-24.3525,-20.6405,-0.501257,0,-1.3,0,-0.248178,0.668287,0.701285
-19.7307,-22.0537,-31.3285,-0.818867,-0.176068,-3.5,0,-0.789014,0.464551,-0.402057
-29.857,2.8105,-13.1591,1.23131,0.767987,-4.5,0,0.156528,-0.827338,-0.539455
-11.9392,2.5735,-11.1082,0.424129,0,3.8,0,0.899131,0.418011,-0.129733
-3.12875,1.73225,-9.28638,0.479329,0.090658,-4.5,0,0.720882,0.0873859,0.687527
-25.1882,-5.4285,-18.6462,0.0975329,0,4.5,0,-0.58358,0.202973,-0.78628
-22.9794,-14.8068,-13.0425,0.725706,0.0296003,-0.8,0,0.501457,-0.751723,-0.428315
-26.6931,-2.17725,-15.417,0.210744,0,3.8,0,-0.87187,0.45765,0.174353
-23.7414,-1.749,-6.90938,1.10216,0.236279,-1.2254,0,0.577211,-0.137232,0.804982
-13.645,-6.897,-6.4425,1.06183,0,-4.5,0,0.0701478,-0.762171,0.643564
5.25425,-42.2412,-24.1612,-0.715663,-0.0625432,-3.5,0,-0.492234,0.238715,0.837091
10.1185,-37.8192,-34.0895,-2.0926,-0.758534,-3.5,0,0.282837,0.590408,-0.755924
-9.88425,-37.9055,-35.3245,-0.417144,0,-4.5,1,-0.251055,-0.896548,-0.364929
-19.7641,-4.2355,-19.5514,-0.103868,-0.681274,-0.8,0,0.176892,0.292577,-0.939738
6.26075,-32.7113,-28.432,0.108459,0,-0.9,0,0.548035,-0.770437,-0.325706
-4.18275,2.7665,-9.52862,0.771493,0.284988,-4.5,0,0.209474,0.967813,0.139493
-16.8932,-24.3729,-34.3722,-2.27143,-0.0960809,-3.5,0,0.0149043,0.626976,-0.778896
-6.90575,-6.9985,-7.54313,-0.738748,0,-3.5,0,0.633754,-0.281482,0.720502
-23.0875,-13.6686,-10.9175,0.342552,0.0232434,-0.8,0,0.526128,-0.346961,0.776407
-3.46925,-4.90263,-17.9954,0.676589,0,-3.5,0,0.513312,0.857609,0.0319028
-3.2355,-5.767,-19.4415,-0.0071677,0,-3.5,0,0.80575,0.425996,-0.411454
3.67075,-27.7269,-35.7535,-2.11672,-0.129071,-3.5,0,0.679369,-0.547391,-0.488693
-13.91,-3.5085,-21.4705,0.317607,0,3.8,0,0.629895,0.594322,-0.500014
-4.882,-30.0155,-23.766,-0.156422,0,3.8,1,-0.577356,-0.611272,0.541301
-30.516,4.2125,-8.70225,0.455749,0,-4.5,0,-0.774985,0.261345,0.575409
-23.522,-3.88225,-8.5455,6.88181,0,-4.5,0,0.697263,-0.712401,-0.0794291
-3.324,-25.9023,-33.0415,0.248199,0,-3.9,0,-0.281238,0.0210785,-0.959407
-3.9225,-17.2108,-13.4019,0.00368067,0,3.8,0,0.149257,-0.430543,0.890143
-16.3552,-23.2364,-21.6324,1.15893,0,-3.9,0,-0.654971,-0.584677,0.478713
-15.0104,-16.4389,-14.896,0.821872,0.379756,-3.5,0,-0.504942,0.719418,0.47694
3.8125,-25.9188,-35.887,-1.36671,-0.232871,-3.5,0,0.764236,0.151649,-0.626854
-9.377,-28.654,-30.1938,-0.673846,0,-3.5,0,-0.781317,-0.356253,-0.512472
2.76137,-45.4864,-30.642,0.0193426,0,4.2,0,0.333731,-0.934759,-0.121861
-1.13412,-40.1726,-35.0659,0.0904057,0,-0.8,0,0.0364965,-0.180854,-0.982832
2.0595,-25.1204,-19.9993,-0.181219,0,2.30457,0,0.48539,0.479568,0.731034
5.25437,-36.9394,-22.2465,-0.828811,-0.228933,-0.375101,0,-0.409521,-0.663808,0.62582
2.94125,-19.2785,-17.0075,-2.1246,-0.207948,-3.5,0,0.990938,0.13336,0.016043
-3.14812,-37.1898,-34.8916,0.940851,-0.802987,-1.04861,0,0.0385019,-0.386026,-0.921684
-12.8546,-26.5271,-36.9756,1.40154,0,-3.9,0,-0.66767,-0.72726,0.159087
4.908,-7.636,-20.184,0.820083,0.69126,-4.5,0,0.522251,0.85112,0.053371
-8.01825,-5.59975,-7.3265,-2.51771,0,-3.5,0,0.281425,0.38329,0.879709
-26.769,0.9455,-4.4875,0.75991,0,-3.9,0,-0.487253,-0.0764579,0.869907
-8.24575,-21.6943,-39.6445,-0.329087,-0.764959,-3.10731,0,0.498215,-0.751524,-0.432428
3.4315,-23.2447,-31.7555,-0.852142,-0.71475,-3.5,0,0.436275,0.11584,-0.892326
-8.4545,-30.8445,-27.2225,0.3975,0.485543,-3.5,1,-0.742694,-0.348914,0.571546
-18.2008,-3.6665,-8.8995,0.567082,0,-0.8,0,-0.262087,-0.959936,-0.0991671
-15.6629,-16.7759,-34.5952,1.46672,0.596556,-3.9,0,-0.915207,-0.177236,-0.361917
2.50163,-19.2938,-20.932,-0.165156,0,-3.5,0,0.785788,0.216689,0.579295
-21.9613,-2.29187,-10.742,1.88115,-0.339755,0.66282,0,-0.203198,-0.963876,0.172199
1.36413,-28.2079,-16.9501,-1.02561,0,-4.5,0,0.541625,0.030422,0.84007
2.633,-33.493,-29.19,0.0238582,0,2.8,0,0.739731,-0.314243,-0.59502
-16.5103,-9.11675,-13.0198,-0.111515,0,-3.5,0,0.166088,0.311277,0.935693
-0.317813,-16.9821,-32.7568,0.870331,0,-4.5,0,-0.0375952,0.889174,0.456022
-7.34888,-19.4188,-40.6705,0.204728,0,-0.997889,0,0.555054,0.240971,-0.796146
4.90525,-18.7647,-28.8555,-0.190687,0,-3.5,0,0.642429,0.526594,0.556761
-30.0232,-2.96575,-7.95444,0.261173,0,-3.5,0,-0.602483,0.759835,-0.244263
-21.0928,-27.6441,-32.6816,-0.876301,0,-3.5,0,-0.718983,-0.168398,0.674319
4.58969,-34.1516,-26.8638,-0.102417,0,-0.9,0,0.659674,-0.499827,-0.561251
-13.4584,-15.9402,-36.2248,0.921336,0,-0.4,0,-0.0269156,0.846318,-0.531998
-12.2274,-19.9965,-39.266,0.288341,0,-2.06501,0,-0.543012,0.221665,-0.80994
-17.279,-18.6039,-18.7157,-0.0470614,-0.60551,-0.8,0,-0.780244,-0.591017,-0.204739
-13.3774,-24.6116,-21.5887,0.625925,0,-3.9,0,-0.576794,-0.439536,0.688562
7.31938,-43.2664,-27.1464,-0.798269,0,-3.5,0,0.469388,-0.765872,-0.439449
-12.4171,-12.2606,-34.5532,8.50458,0,-4.5,0,-0.955459,0.246047,-0.162971
-29.7899,-6.31844,-13.8421,0.2016,-0.186901,3.8,0,-0.584004,0.80674,-0.0900577
0.781687,-12.7019,-15.9361,0.121411,0,3.8,0,0.668285,-0.721289,-0.182039
6.97213,-19.034,-25.8878,-0.161544,0,-1.3,0,0.241559,0.544273,-0.803378
-14.597,-9.856,-26.554,0.97464,0,-0.7,0,-0.796323,0.319927,-0.513339
-1.71169,-20.4191,-35.1131,0.380486,0,-4.5,0,-0.388554,-0.255291,-0.885354
-17.3849,-1.17762,-2.27437,1.15822,0,-3.5,0,-0.833328,-0.445058,0.327852
2.75437,-17.3216,-24.8824,0.387653,0,-1.3,0,0.126958,0.900309,-0.416324
-30.0553,-6.46275,-14.8529,0.148806,0,3.8,0,-0.830012,0.537442,0.149118
-16.501,-25.894,-28.243,-0.0601401,0,-3.5,0,-0.472814,-0.712327,0.518687
-16.3749,-14.711,-28.9731,0.62736,0,0.363304,0,-0.208077,0.598166,-0.773887
-3.09375,-34.0499,-22.6664,-0.504944,0,2.78263,0,-0.721469,-0.00888698,0.692389
-26.6956,-7.16819,-18.2875,0.00503766,0,4.07897,0,0.277427,0.0673387,-0.958384
-8.7205,-6.906,-31.914,3.47286,0.029125,-3.9,0,-0.67962,0.729549,-0.0766465
-15.875,-21.0847,-15.05,-0.260707,0,-3.5,0,-0.498324,-0.500425,-0.707989
9.15544,-35.6381,-18.4134,-0.600093,0,-3.5,0,0.657924,-0.687325,0.307768
3.25113,-45.1291,-34.2719,0.492128,0,-1.6,0,-0.169928,-0.887365,0.428613
-9.127,-0.656,-8.459,-0.36308,0,1.9,0,0.631244,0.664969,0.399183
-14.558,-27.0379,-29.6913,0.448779,0,-3.5,0,-0.194708,-0.834857,0.514881
-17.8669,-4.41169,-20.2029,-0.0382138,-0.333594,2.15436,0,-0.574318,0.251663,-0.778989
6.89762,-36.8975,-19.5758,-0.506087,0,-3.5,0,-0.594684,-0.752316,0.283499
-1.6285,-28.7603,-15.4476,-0.916971,-0.0150104,-3.5,0,0.245909,0.326011,0.912823
-18.5451,2.27731,-11.3131,0.738166,0,3.8,0,0.230101,0.9046,0.35882
-3.08506,-30.8944,-20.5735,-0.0808984,0,3.8,0,-0.649885,-0.760019,-0.00444649
-0.615125,-35.2318,-34.5649,0.341659,0,-3.9,0,0.736667,-0.298675,-0.606725
-7.675,-23.7494,-34.914,1.35873,0.0308434,-4.5,0,0.232102,-0.719706,-0.654333
3.71656,-44.0601,-27.4836,-1.8198,-0.596209,-3.5,0,-0.778147,-0.614228,0.131193
-3.50081,-20.9557,-13.1196,0.196103,0.0329246,-4.5,0,-0.0562318,0.402195,0.913826
7.06044,-30.8372,-25.6222,-0.534191,0,-0.9,0,0.879043,-0.466455,-0.0985094
-3.39425,-8.59112,-19.8726,0.503555,0,-3.5,0,0.510093,0.0648203,-0.857673
-25.5312,-14.0401,-16.5706,0.480559,0.307568,-0.7,0,0.413747,-0.909617,0.0375422
2.75606,-32.1198,-28.4535,-0.190224,0,-0.9,0,-0.0268525,0.674602,-0.737693
-11.7889,-18.8726,-38.7674,0.970819,0,-3.9,0,-0.393524,0.713913,-0.579195
0.859125,-45.8924,-31.3505,0.146653,0,4.2,0,0.354727,-0.92239,-0.152857
-5.17825,-10.8891,-11.5465,0.268885,0,-3.9,0,0.558135,-0.0194186,0.829523
-1.67638,-38.0709,-23.7931,-0.962247,0,-1.3,0,0.186054,-0.965042,0.184601
0.187625,-20.202,-34.9531,0.721833,0,-4.5,0,0.331517,-0.4879,-0.807496
-8.14619,-22.8796,-36.0133,0.539134,0,-4.5,0,0.556572,-0.663276,-0.500293
-15.4391,-22.6326,-19.8496,0.403356,0,-3.9,0,-0.41975,-0.756698,0.501217
-18.929,-1.07825,-7.44425,1.1624,0,-0.8,0,-0.40325,0.344217,0.847882
4.71,-42.1373,-25.0304,-0.952564,0,-3.5,0,-0.818605,0.408606,0.403642
-27.4972,-0.933375,-5.746,0.215384,0,-4.27753,0,-0.580862,-0.163649,0.797382
-9.23275,-7.93675,-29.198,0.909256,0,-3.9,0,-0.775889,0.625039,0.0855648
1.37644,-39.3729,-34.4991,0.34634,0,-1.98945,0,-0.221482,0.166837,-0.960787
7.43269,-38.594,-34.9863,0.615861,0,-4.5,0,0.657377,0.443775,-0.609032
0.822375,-23.8229,-16.0016,0.437188,0,-4.5,0,0.985558,0.107449,0.130879
-10.2876,-24.3976,-35.6536,0.463706,0,-3.9,0,0.505987,-0.732087,0.456098
-4.70662,-10.9854,-30.4813,-0.93145,0,-3.5,0,0.788115,0.58604,0.188235
-0.818875,-9.09225,-16.603,0.395849,0,3.8,0,0.195967,0.980521,-0.0132723
0.769875,-12.4482,-18.7633,0.229943,0,-4.5,0,0.79628,-0.414539,0.440563
-1.48875,-26.004,-14.8355,0.554467,0,-4.5,0,-0.0177176,-0.538172,0.842649
-30.0475,-12.336,-14.705,-2.66016,0,-0.7,0,-0.823288,-0.339923,0.454587
1.66225,-22.5745,-31.9645,-0.303631,0,-3.63947,0,0.652911,0.103241,-0.750365
6.38175,-31.0721,-18.105,-0.548492,0,-3.5,0,0.698728,0.659826,0.276421
-15.3006,-1.57362,-15.9117,0.404175,0,3.8,0,0.118332,0.473948,-0.872566
-22.6685,-6.53038,-20.8166,0.23777,0,4.5,0,-0.209338,0.0646689,-0.975703
-2.38981,-17.5786,-32.6151,0.634924,0,-4.5,0,-0.326345,0.944383,-0.0405049
-7.06687,-36.8385,-31.1712,0.639593,0,-4.5,1,-0.404255,-0.492806,0.770533
3.27662,-29.0229,-16.3253,-0.265755,0,-3.5,0,-0.0407097,0.822462,0.567362
7.56913,-30.9933,-24.5912,-0.136623,0,-3.1661,0,0.627136,-0.370548,-0.685124
-31.2826,4.27294,-11.0939,0.850351,0,-4.5,0,-0.952001,0.0494764,0.302071
1.59356,-36.7924,-23.4676,-0.883425,0,2.8,1,0.113961,-0.991504,-0.0627148
-12.0059,-10.327,-32.3697,1.96609,0,-4.25839,0,-0.91687,0.163593,-0.364125
-29.0319,-14.4219,-16.1427,-0.0527842,0,-0.7,0,-0.393763,-0.82714,0.400986
2.62981,-26.2412,-19.2986,-0.145515,0,-1.3,0,0.0313739,0.555812,0.830715
-9.25369,-2.78244,-7.62425,-1.43878,0,1.9,0,0.934892,-0.00712209,0.35486
4.96206,-44.6151,-29.0099,0.394727,0.139389,-2.21705,0,0.0356254,-0.984189,0.173502
-7.89512,-3.99525,-9.70406,1.32427,0,-3.5,0,0.680545,0.176617,0.711101
-25.2894,-6.31262,-8.47556,2.51393,0,1.8,0,0.981473,0.0896741,0.169322
0.14,-13.4235,-15.6108,0.15403,0,3.8,0,0.624992,-0.78028,-0.0234053
-14.9331,-3.187,-21.5633,0.324202,0,3.8,0,0.26435,0.561402,-0.784186
5.48619,-43.6643,-36.4534,0.740224,0,-1.6,0,0.632154,-0.448631,-0.631753
5.5525,-38.1537,-22.6726,-0.578129,0,2.5,0,-0.60433,-0.512293,0.610197
-14.0259,-5.97281,-10.9834,0.33773,0,-1.44033,0,-0.882324,-0.468402,0.0458731
-10.0569,-15.2326,-10.9017,1.58757,0.00933997,-3.9,0,-0.986327,-0.159332,-0.0421075
-17.2165,-19.7685,-27.2545,0.279442,0.671474,-3.5,0,-0.816732,0.214381,0.535715
-9.2015,-24.122,-13.5155,-0.459243,0,0.690828,0,0.10117,0.722672,0.683747
-13.2491,-23.9676,-35.6782,-0.253618,0,-3.9,0,-0.991388,-0.130932,0.00266595
-29.2167,-5.87838,-17.7722,0.104487,0,3.8,0,-0.40613,0.74798,-0.524962
6.92987,-37.4969,-34.1137,0.428571,-0.715651,-3.5,0,0.456327,0.867768,-0.196837
-5.32781,-8.804,-29.4238,1.19678,0,-3.9,0,0.986442,-0.034059,0.160538
-9.3235,-28.7794,-25.4562,-0.251028,0,-2.59237,1,-0.620415,-0.734877,0.273937
-22.6928,3.39663,-12.1748,0.863104,0,-0.4,0,0.0138184,-0.068147,-0.99758
-20.4945,-25.1453,-31.4574,-0.378161,0,-3.5,0,-0.898723,0.0929217,0.428559
0.46525,-27.9126,-32.7556,-0.334365,-0.0249688,-3.30522,0,-0.051425,-0.859734,-0.508147
-8.78556,-7.59381,-30.1993,2.14827,0,-3.9,0,-0.74781,0.661326,0.0585484
0.968562,-11.2635,-13.5329,0.0763682,0,3.8,0,0.77507,-0.187271,0.603486
-16.0729,2.25881,-9.20613,1.56341,0,2.92353,0,-0.891829,0.446719,-0.0712941
-1.26262,-40.2134,-27.8945,-0.167839,0,-1.3,1,0.0980957,-0.830924,0.54767
-31.592,6.1505,-13.612,0.243632,0,-4.5,0,-0.961338,0.212087,-0.175636
9.46431,-41.8278,-31.4092,-0.865589,-0.110035,-3.5,0,0.698118,-0.651263,-0.29747
-8.44888,-6.93644,-21.5823,0.262792,0,4.2,0,0.235387,0.970943,-0.0431512
-3.41537,-38.9466,-31.9785,0.676965,-0.107289,-0.8,0,-0.652319,-0.563574,0.506818
1.30725,-19.8169,-15.2784,-1.59102,-0.616687,-3.5,0,0.341192,-0.0725968,0.937186
-4.3535,-36.0461,-23.7938,-1.22231,-0.0131811,-1.3,1,-0.910444,0.309456,0.274462
-31.0134,-3.616,-8.5155,0.664488,0,-3.5,0,-0.203908,0.897622,-0.390763
2.191,-34.013,-18.884,-0.615319,0,-3.5,0,-0.193767,-0.306937,0.931796
-6.26756,-6.97788,-9.25088,0.20139,0,-3.5,0,0.826988,-0.273934,0.490969
-2.097,-10.0618,-12.1702,0.0455813,0,3.85624,0,0.103966,-0.27465,0.955907
-29.7844,-9.41537,-15.2814,-0.415037,0,3.8,0,-0.921755,-0.383937,-0.054406
-17.594,-13.293,-16.827,0.00346981,-0.575784,-3.5,0,0.230081,-0.880995,0.413413
1.35187,-41.6465,-35.5542,0.991696,0,-1.6,0,-0.407873,0.439216,-0.800455
7.08462,-42.7334,-34.2619,0.046142,0,-2.4255,0,0.729881,-0.661857,-0.170937
8.96762,-25.5986,-22.7661,-0.0924559,0,-2.52864,0,0.785318,0.616511,-0.0564828
1.28,-15.9012,-20.2285,0.282517,0,-4.5,0,0.863075,0.280544,0.419996
-13.224,-25.477,-35.264,-0.195559,0,-3.86542,0,-0.896679,-0.0552571,-0.43922
0.0475,-33.7625,-19.08,-0.875245,0,-3.5,0,-0.337069,-0.616401,0.711642
-26.4419,3.5085,-7.16563,0.517244,0,-4.5,0,-0.196445,0.566098,0.800589
-15.1568,-18.1234,-35.2458,0.322298,0,-0.4,0,-0.965562,-0.223392,0.133362
8.74187,-37.8846,-25.9848,0.218407,-0.0556433,0.360518,0,0.13104,0.587982,-0.798189
-6.625,-23.5678,-12.1135,-0.160557,0,3.8,0,-0.118994,0.684014,0.719698
-29.3347,5.74,-9.592,1.23209,0.453299,-4.5,0,-0.289198,0.752199,0.592082
-20.381,-12.7931,-17.7719,0.0669186,0,-2.01195,0,-0.0620235,-0.994045,-0.0896012
-17.8601,-14.9067,-23.9231,0.231824,0,4.5,0,-0.835426,-0.406491,0.369903
5.17175,-40.8021,-37.9261,0.117218,0,-4.5,0,0.277125,0.0899732,-0.956612
-24.1846,3.63613,-12.2104,1.00601,0.107708,-0.4,0,-0.222736,0.0383444,-0.974124
-3.96725,-10.2024,-20.7114,0.0696545,0,-3.5,0,0.33576,0.608693,-0.718858
-4.38175,-22.8695,-33.6859,0.447998,0,-4.43076,0,0.456171,-0.475602,-0.752138
-27.7803,-11.2064,-10.752,0.0405019,-0.320523,-2.41058,0,0.188774,-0.723546,0.663962
3.54816,-18.4862,-28.8135,-0.26584,0,-3.5,0,0.0816574,0.943797,0.32028
-0.445,-13.5965,-14.3558,0.054358,0,3.8,0,0.184772,-0.813724,0.551101
-8.91187,-37.7811,-35.9449,-0.00372085,0,-4.5,1,-0.214578,-0.868942,-0.445977
4.9655,-11.5098,-22.2388,0.829603,0.0440684,-4.5,0,0.621724,-0.7494,-0.227725
-11.7227,-24.0339,-19.0212,0.348339,0,-4.5,0,-0.652994,-0.739308,0.164386
0.478375,-43.0965,-34.6059,1.15989,0,-1.6,0,-0.928427,-0.134122,-0.346459
-2.883,-9.50975,-19.9186,0.151603,0,-3.5,0,0.373493,0.481835,-0.792678
-21.0966,0.50975,-8.3045,0.705956,0,-0.8,0,0.248938,0.378348,0.891562
-0.95,-17.758,-17.1745,-0.0813652,0,-3.5,0,0.230299,0.342484,0.910861
0.10825,-29.1558,-30.9788,-0.394784,-0.351565,3.8,0,0.316991,-0.855949,-0.408494
4.86806,-25.9709,-18.8402,-0.180111,0,-1.3,0,-0.0559523,0.313194,0.948039
-6.80619,-3.94338,-16.7874,0.387163,0,4.5,0,0.32855,0.910569,0.250837
-12.9599,-3.59938,-19.4161,0.292788,0,3.8,0,0.741028,0.590633,-0.319422
-7.08081,-24.905,-33.685,0.581202,0,-4.5,0,0.162097,-0.634676,-0.755586
-15.0573,-26.5446,-23.1851,0.588569,0,-4.5,0,-0.920802,-0.373997,0.110682
-16.3726,-20.2674,-21.4907,0.552372,0,-3.9,0,-0.990825,0.131981,-0.0290937
2.86862,-44.1105,-28.3709,-0.190443,-0.0933009,2.70932,0,-0.15223,-0.366079,0.918048
-1.01125,-31.5972,-16.0753,-1.49842,0,-3.5,0,0.420559,-0.813275,0.402136
-4.14806,-29.4244,-15.2461,-2.05601,0,-1.22552,0,-0.245423,0.0938591,0.964862
-6.2415,-7.7745,-10.2027,-0.310867,0,-3.5,0,0.662886,-0.379153,0.64562
7.00306,-31.2505,-28.6526,-0.289793,0,-0.9,0,0.732986,-0.52842,-0.428372
-17.3654,2.36669,-12.9091,0.47018,0,3.8,0,-0.203594,0.967065,-0.15276
-1.491,-32.204,-16.785,-1.03002,0,-3.5,0,0.426304,-0.847257,0.316892
3.20725,-35.8461,-28.9419,0.24092,0,2.8,0,0.907247,0.0488672,-0.41775
-8.1055,-23.5046,-13.7179,-0.788404,-0.19747,-0.467358,0,-0.421008,0.182683,0.88847
-24.3242,-14.1919,-11.0871,-0.202478,-0.199683,-0.8,0,-0.31764,-0.757029,0.570974
-14.4832,-22.4115,-17.3575,0.166931,0,-3.9,0,-0.761444,-0.644045,-0.0735499
3.10825,-24.023,-20.9503,-0.321587,0,4.5,0,0.456082,0.251399,0.853691
1.34462,-41.3877,-28.3216,-0.367846,0,-0.8,1,-0.316591,-0.380438,0.868928
-10.9943,-1.904,-12.0405,0.856439,0,-0.428907,0,-0.226966,0.638474,-0.735417
0.936625,-25.0332,-16.4581,0.191216,0,-4.5,0,0.995788,0.000533854,0.0916793
-20.55,-26.157,-31.36,0.285141,0,-3.5,0,-0.845668,-0.10466,0.523348
7.8925,-38.2944,-29.6173,0.173485,0,-3.5,0,-0.160247,0.958622,0.235298
9.69312,-37.2021,-22.1224,-1.33933,0,1.70104,0,0.934098,0.27904,0.222706
8.44375,-27.6378,-28.5592,-0.0221038,0,-0.9,0,0.698016,0.258613,-0.667753
-4.04938,-12.6371,-13.6967,-0.318074,0,-3.9,0,0.594896,-0.554184,0.582218
-8.65512,-28.948,-20.811,-0.618092,-0.204787,-3.1878,1,-0.508885,-0.651271,-0.562923
1.88275,-16.6807,-21.1667,-0.416336,-0.0243555,-3.61151,0,0.888759,0.315502,0.332515
10.6503,-41.486,-23.9757,-0.677625,-0.0395353,-3.5,0,-3.34664e-05,-0.868534,0.49563
-8.85325,-12.5076,-10.1304,0.416778,0,-3.9,0,-0.0848286,0.515874,0.852454
-6.4335,-21.7572,-14.1182,-0.733624,-0.706161,-3.5,0,0.185125,0.0743111,0.979901
-12.0324,-12.1117,-33.1695,3.72252,0,-4.28313,0,-0.841087,0.534949,-0.0800183
-13.2891,0.42875,-13.2972,0.424635,0,3.8,0,0.690035,-0.171898,-0.703067
-19.6012,3.12413,-11.5202,-0.329496,-0.240662,-0.4,0,0.634487,0.581362,-0.509356
-10.8541,-10.328,-9.96288,-0.532355,-0.734547,-3.5,0,0.449029,-0.0399602,0.892623
-24.6328,-6.17294,-12.0159,-0.690096,0,-0.8,0,0.608867,0.426548,0.668833
2.3425,-41.1076,-27.5535,-0.368278,0,-0.8,1,-0.481738,-0.297327,0.824333
-7.36825,-22.6615,-13.1427,-0.529864,0,2.84244,0,-0.119689,0.5194,0.846108
-15.6175,-6.79075,-13.8095,-0.445662,0,-3.5,0,0.00226384,-0.163562,0.986531
-1.4295,-38.2907,-25.0347,-1.25394,0,-1.3,1,0.510785,-0.750234,0.419818
-0.640625,-38.2691,-23.013,-1.853,-0.192048,-3.5,0,-0.0169307,-0.941162,-0.337531
-18.1113,-12.3881,-23.8335,0.0633057,0,4.5,0,-0.815243,0.387142,-0.430697
3.34238,-44.7747,-29.6146,0.027557,0,1.94184,0,0.28091,-0.883679,0.374435
-6.65156,-6.86331,-30.2394,1.89187,0,-3.9,0,0.35241,0.919175,0.175853
-15.364,4.23537,-8.39044,1.25797,0,3.8,0,-0.563003,0.819787,-0.10477
-6.5105,-5.57969,-8.98356,0.11114,0,-3.5,0,0.711471,0.487486,0.506129
5.81987,-34.0939,-15.309,-2.11084,-0.552311,-3.5,0,-0.432307,-0.43578,0.789434
5.47106,-36.2503,-35.1167,0.602259,0,-4.5,0,0.490275,0.850521,-0.190379
0.53375,-12.8591,-23.2022,0.672737,0,-4.5,0,0.221299,-0.209301,-0.952481
6.21275,-41.1217,-37.2282,0.161538,0,-4.5,0,0.446721,-0.087053,-0.890428
-25.9764,-13.7697,-14.5545,0.440011,0,-0.707217,0,0.000605529,-0.991728,0.128357
-8.6745,-0.9035,-12.8496,0.688155,0,-4.5,0,-0.384737,0.568021,-0.72755
-15.1613,-22.281,-14.9248,0.0970408,0,-3.5,0,-0.86423,-0.345103,-0.366074
-16.8681,-19.0563,-30.6328,0.0600548,0,-3.5,0,-0.853187,0.138274,-0.502943
-23.9495,-13.5459,-14.6864,0.467373,0.773654,-0.951179,0,0.0411318,-0.925853,-0.37564
8.52375,-38.6546,-28.7586,0.285575,0,-3.5,0,0.19981,0.913594,0.35415
0.228813,-36.3891,-19.5058,-1.00266,0,-3.5,0,-0.384941,-0.234961,0.892532
-31.515,-10.2981,-12.0829,-2.59508,0,-3.5,0,-0.824237,-0.078285,-0.560807
-20.2204,-11.0993,-13.5067,-0.943149,-0.0521987,-2.40981,0,-0.267954,-0.422953,0.865628
-29.3958,-10.5734,-13.9438,-4.36141,0,-3.5,0,-0.973432,0.00296167,-0.228956
-16.9331,-15.2194,-17.1945,0.156816,0,-0.8,0,-0.398853,0.335736,0.853345
6.72294,-44.3799,-30.231,-0.310585,0,-0.8,0,0.655747,-0.716416,0.23821
-5.8965,-33.1893,-25.7512,-0.227826,0,1.8,1,-0.703896,-0.260796,0.660694
1.212,-36.276,-34.18,0.224902,0,-4.5,0,0.034136,0.710768,-0.702597
-11.7275,-25.3205,-32.3576,0.141195,0,-1.3,0,0.347804,-0.859025,-0.375643
4.07263,-16.9541,-23.299,0.0955519,0,-1.3,0,0.294874,0.946866,0.128431
-11.0947,-2.81144,-13.4544,0.607653,0,-0.454703,0,0.0259319,0.949525,-0.312619
-20.5684,-6.743,-13.5494,-0.190198,0,3.8,0,0.499865,-0.1586,0.851458
-17.8249,-20.0734,-29.8319,-0.128211,-0.855884,-3.5,0,-0.675909,0.736739,-0.0190425
-28.84,-13.0828,-14.8193,-0.747554,0,-0.7,0,-0.31175,-0.664223,0.679426
2.63963,-17.5464,-32.6208,-0.00970475,-0.169828,-3.67794,0,0.0998684,0.9397,0.327094
-16.3608,-0.33525,-16.1205,0.426627,0,3.8,0,0.33542,0.186806,-0.923362
-8.0135,-4.10125,-15.1405,0.497801,0,4.5,0,0.476135,0.879124,0.0208813
-7.62225,-16.5564,-34.1733,1.22986,0,-4.5,0,0.815007,0.474811,-0.332142
-10.6077,-27.455,-28.3376,-1.31834,-0.201351,-2.39593,0,-0.706176,-0.692991,-0.145186
-7.14844,0.718125,-8.9255,2.89785,0.954224,-4.5,0,-0.555493,0.312232,0.770674
-13.3215,-25.6833,-21.3891,0.532141,0,-4.5,0,-0.647783,0.144262,0.748042
-6.0905,-14.9034,-32.5614,0.475858,0,-3.5,0,0.444568,-0.184193,-0.876603
-6.84088,1.081,-11.9782,0.895887,0,-4.5,0,-0.28604,0.75937,-0.584413
4.45787,-21.496,-21.1361,-0.112444,0,-1.3,0,-0.0353106,-0.195828,0.980002
-18.3361,-26.1886,-29.5314,0.0748968,0,-3.5,0,-0.123474,-0.564122,0.816407
-12.4629,-24.2441,-38.9166,0.939866,0,-3.9,0,-0.693928,0.16264,-0.701436
-9.5115,-24.2091,-33.4972,0.373673,0.383343,-3.00599,0,-0.181912,-0.84399,-0.504568
-25.8109,-5.18194,-7.16194,0.609346,0,-0.844039,0,0.7144,-0.445173,0.539864
-18.7095,-22.8129,-32.2361,-0.5965,0,-3.5,0,-0.184979,0.507903,-0.841319
6.762,-39.371,-23.1155,-0.178547,0.0520431,1.09188,0,-0.386626,-0.63033,0.673204
-12.6364,-25.5011,-16.2353,0.157631,0,-3.5,0,-0.573416,-0.744389,-0.342169
-17.0145,-4.12725,-7.824,0.714636,0,-0.8,0,-0.444615,-0.869015,0.217094
-14.5155,-19.8183,-34.5086,0.589001,-0.575224,-1.28965,0,-0.972333,-0.0848915,0.217629
-0.50025,-11.9841,-23.4199,0.363573,0,-4.5,0,-0.127476,0.249614,-0.959918
-12.3383,1.385,-8.31312,1.77206,0,3.8,0,0.810632,0.491662,0.318032
7.01994,-27.4013,-28.9714,-0.407213,0,-0.9,0,0.402434,0.433273,-0.806425
-28.2629,-12.2086,-13.3434,-2.29143,0,-0.7,0,-0.334798,-0.918903,0.208634
-20.6768,1.01663,-13.103,0.388295,0,-0.8,0,-0.179957,0.756254,-0.629043
-26.842,-14.7459,-16.6092,-0.235124,0,-0.7,0,0.371401,-0.923607,0.0949325
-2.96613,-26.9275,-15.3038,-0.453032,-0.411041,-0.0564749,0,0.314641,-0.382656,0.868663
-11.9756,-15.7804,-14.3587,-0.00397843,0,3.8,0,-0.374432,0.0568064,0.925513
-14.151,-26.7256,-25.8174,-1.16811,-0.0548975,-3.5,0,-0.37744,-0.925502,-0.0313855
0.457875,-29.4854,-28.1541,-0.0385168,0,3.8,0,0.560221,-0.656128,-0.505617
-5.91862,-19.1717,-39.8769,0.621844,0,-3.9,0,0.481361,-0.232383,-0.845157
-0.890875,-9.17037,-14.7797,0.188866,0,3.8,0,0.129477,0.976862,-0.170223
8.29681,-29.4454,-26.4856,-0.317761,0.0277141,-2.23187,0,0.677183,-0.714926,-0.174078
-1.15956,-43.1423,-32.8555,0.0760063,0,4.2,0,-0.621297,-0.0250114,-0.783176
-2.92475,-30.5103,-33.5571,0.149466,0,-3.9,0,0.156782,0.489886,-0.857573
-7.38056,-26.529,-32.6365,-0.541318,0,-4.23918,0,-0.117288,-0.447349,-0.886636
-5.05944,-38.7482,-32.9173,0.857491,-0.858273,-1.1513,0,-0.197131,-0.876777,0.438636
1.71919,-10.9722,-18.1502,0.258629,0,2.24837,0,0.865939,-0.491647,0.0918346
-10.448,-27.3197,-37.7386,3.08762,0,-3.9,0,0.675543,-0.683895,0.275551
-13.1531,-13.5332,-14.0118,0.0323405,0,3.8,0,-0.850072,-0.261806,0.456984
0.857875,-42.7034,-35.8923,0.514965,0,-1.6,0,-0.779018,0.316495,-0.54126
-17.7389,-13.2276,-15.7178,-1.37518,-0.587356,-3.5,0,0.199178,-0.977792,-0.0652031
-18.1766,-24.4563,-28.1127,0.297834,0,-3.5,0,-0.34953,-0.491814,0.797464
-15.9921,-21.8905,-14.1574,-0.395762,0,-3.5,0,-0.488142,-0.706395,-0.512566
3.10087,-35.9731,-33.9902,0.27704,0,-4.5,0,-0.177351,0.938291,-0.296912
-5.44362,-4.78581,-17.4072,0.357647,0,3.41209,0,0.339303,0.921017,0.191315
-15.4586,-24.8479,-23.2264,1.04013,0,-4.02323,0,-0.738715,-0.593901,0.318718
-3.35669,-25.1915,-13.8361,0.0810298,0,-0.171406,0,0.447759,-0.522263,0.725778
4.20875,-26.6756,-31.1581,-0.404819,0,-3.5,0,0.88018,-0.425727,-0.209854
-4.236,-0.7855,-10.924,0.580216,0,-4.5,0,0.632617,-0.720441,0.284184
-30.1723,-7.46931,-18.6066,0.0342865,0,3.8,0,-0.749345,0.235553,-0.618868
-24.8364,-12.335,-18.1955,0.680096,0,-1.14694,0,-0.150731,-0.340766,-0.927987
-17.4739,-4.78713,-21.3371,0.362728,0,3.8,0,-0.834068,0.365641,-0.413083
2.28194,-38.9004,-35.0448,0.700961,0,-4.5,0,-0.643391,-0.00510026,-0.765521
-4.8365,1.11375,-12.5103,0.793124,0,-4.5,0,-0.283597,0.546759,-0.787799
-6.60819,-29.4484,-22.0168,-0.322526,0,-2.79643,0,-0.18117,-0.947392,-0.263867
3.1315,-18.8612,-36.103,-0.0314976,0,-4.5,0,0.236113,-0.734008,-0.636776
-16.3843,-2.33025,-18.5015,0.547437,0,3.8,0,-0.167378,0.978681,0.119031
7.58838,-18.4072,-24.8045,0.118102,0,-1.3,0,0.582899,0.772074,-0.25324
2.75225,-10.0185,-18.817,0.541454,0,-4.5,0,0.450157,-0.566628,0.690139
-28.5465,-10.235,-8.14225,-0.517531,0,1.72711,0,0.14761,-0.816892,0.557583
-16.506,-19.0265,-24.9882,-0.234871,-0.138374,1.49029,0,-0.756618,-0.65145,0.0560539
-6.80013,-12.3453,-33.9776,0.6947,-0.104315,-3.86994,0,0.710693,0.121734,-0.69289
-5.475,-10.5974,-24.37,0.211221,0,-0.39357,0,0.678619,0.73449,-0.000527146
-30.0618,6.808,-10.8663,0.818708,0.0750924,-4.5,0,-0.365427,0.604333,0.707986
-5.69319,-7.68363,-31.4286,2.09549,0,-3.9,0,0.771377,0.557137,-0.307532
-12.918,-12.209,-10.5138,-0.387647,-0.335191,-3.5,0,-0.365304,-0.66073,0.655735
5.83625,-29.7778,-18.7013,-0.240002,0,-3.5,0,0.647568,0.624436,0.436733
4.13375,-27.4486,-29.819,-1.0224,-0.908255,-3.5,0,0.330368,-0.718819,-0.611683
-8.64425,-9.49075,-10.73,-0.0339237,0,-3.5,0,0.0765879,-0.518304,0.85176
-14.8534,-21.1749,-16.0382,0.22536,0,-3.5,0,-0.893721,-0.37397,-0.247811
-9.669,-13.4837,-36.5736,1.13271,0,-4.5,0,-0.0293477,-0.256532,-0.96609
2.49775,-44.3797,-37.0967,0.246356,0,-1.6,1,-0.416487,-0.116759,-0.901613
-21.4106,-9.61975,-13.4705,-0.311461,-0.117842,-1.48248,0,0.347853,-0.189184,0.918263
6.60319,-35.8196,-25.7518,-0.204717,0,2.5,0,0.260375,0.264383,-0.928605
-14.841,-5.12531,-11.9241,0.298896,0,3.8,0,-0.743086,-0.559796,0.366675
-6.539,-5.363,-18.8609,0.264521,0.00125278,3.01527,0,-0.162249,0.463229,-0.87126
-10.5775,-25.216,-18.0171,0.477974,0,-3.5,0,-0.724307,-0.667194,-0.173875
-5.34681,-35.7491,-37.2681,0.798969,0,-3.9,0,-0.194892,-0.766994,-0.611341
-31.8685,5.2685,-12.9545,0.0703039,0,-4.5,0,-0.991313,-0.0126347,0.130913
-4.05088,-27.4576,-14.9351,-0.836734,-0.592925,3.8,0,0.472256,-0.430267,0.769315
-9.36913,-22.8289,-13.9434,-0.385271,0,-3.5,0,0.230785,-0.0615434,0.971057
-1.11937,-15.5127,-27.3329,-0.590066,0,-0.8,0,0.317494,0.439961,-0.840019
-20.1356,-23.3498,-30.5374,-0.0752788,0,-3.5,0,-0.966099,0.228026,0.121069
2.30288,-18.3361,-29.1515,-0.339421,0,-3.5,0,-0.0705596,0.99577,0.0588455
1.76825,-32.417,-29.5972,0.0823877,0,2.8,0,0.343174,0.724292,-0.598024
-10.2998,-17.7575,-36.7298,0.620913,0.0637055,-4.20564,0,-0.0455673,0.896581,-0.440529
-12.1838,-16.4596,-36.0373,1.31684,0,-0.4,0,0.314214,0.745916,-0.587264
-24.047,-6.0235,-20.3088,0.109245,0,4.5,0,-0.69422,-0.00315278,-0.719756
-1.5765,-14.3417,-24.3566,0.311102,0,-2.62718,0,0.19377,0.854903,-0.481242
-2.01288,-6.38212,-13.0927,0.280214,0,4.2,0,0.906103,0.401479,-0.133385
-14.3013,-24.529,-13.8715,-0.13849,0,-3.5,0,-0.595998,-0.778027,0.198647
-5.10425,-6.65987,-10.7633,0.229865,0,4.2,0,0.438408,0.00640335,0.898753
3.25025,-36.4763,-21.1223,-0.839487,-0.147845,-3.5,0,0.567076,-0.806184,0.168799
7.95456,-41.976,-34.4646,0.103767,0,-4.5,0,0.805055,-0.511357,-0.300666
1.1775,-20.9325,-33.59,-0.0505523,0,-4.5,0,0.557114,-0.481696,-0.676456
-3.04206,-27.4042,-33.2381,0.626805,0,-3.9,0,-0.119556,0.0505218,-0.991541
-0.335375,-11.0925,-12.1593,0.054801,0,3.8,0,0.367459,-0.224778,0.902468
-15.0981,-8.8325,-24.761,0.148133,0,-0.7,0,-0.864308,-0.172037,-0.472626
-8.69631,-27.522,-14.2447,-0.406161,0,3.8,0,-0.624447,-0.718764,-0.305688
-5.12937,-34.6797,-28.6082,-0.0726063,-0.0655444,0.070788,1,-0.657544,-0.670799,0.343022
-15.6797,-2.53269,-2.12575,0.759349,0,-3.5,0,-0.12268,-0.782128,0.610922
-22.1577,-12.9747,-17.484,0.632922,0,-1.6,0,0.0758899,-0.961157,-0.265365
-12.5634,-24.9646,-20.6928,0.511086,0,-4.5,0,-0.648861,-0.228215,0.725877
8.37237,-40.7593,-23.6833,0.130712,0.398088,-3.5,0,-0.204168,-0.741704,0.638897
-7.9985,-27.9855,-32.0785,-1.38377,-0.915132,-3.5,0,-0.191299,-0.515165,-0.83547
-13.8291,-4.72713,-22.3145,0.417259,0,3.8,0,0.352859,0.699376,-0.621582
0.88225,-18.3825,-28.1632,-0.76051,-0.0799125,-1.54699,0,-0.179732,0.703163,-0.687938
2.51631,-37.3847,-35.502,0.4867,0,-4.5,0,-0.565073,0.359383,-0.742655
-11.5786,-6.72594,-20.5074,-0.00849288,0,4.02647,0,0.422931,0.87691,-0.228382
5.00481,-18.5758,-31.1281,-0.586094,-0.0682407,-3.5,0,0.787784,0.573188,-0.225503
7.52331,-22.2384,-21.8069,-0.437571,-0.451942,-1.3,0,0.555873,0.0399683,0.830306
-29.693,-8.74925,-18.6973,-0.00390456,0,3.8,0,-0.465782,-0.433496,-0.771446
-10.3841,-9.52038,-29.0502,0.776393,0,-3.68239,0,-0.410386,0.852393,0.324052
0.96525,-31.7003,-17.3179,-0.802867,0,-3.5,0,-0.165729,-0.888336,0.428244
6.78675,-28.5446,-29.579,-0.222663,0,-0.9,0,0.105176,0.215173,-0.970896
-13.9334,-11.9948,-13.0501,0.614725,0,-3.5,0,-0.529435,-0.572182,-0.626343
-17.237,-17.3946,-29.4573,0.358485,0,-3.5,0,-0.982809,-0.0678576,-0.1717
-10.265,-8.465,-26.3925,0.377027,0,-3.9,0,0.0128161,0.673013,-0.73952
1.58981,-8.81531,-20.5851,0.78684,0,-4.5,0,-0.629766,0.74885,-0.206444
5.18169,-22.6051,-29.6474,-0.579334,0,-3.5,0,0.822545,-0.111177,-0.557727
-18.7978,-21.2283,-31.771,-1.1829,-0.522419,-3.5,0,-0.3492,0.532159,-0.771275
-11.9417,-6.98156,-8.33012,-0.0989329,0,-4.5,0,0.0863089,-0.840053,0.535595
-11.152,-14.9864,-13.497,-0.197191,0,3.8,0,-0.598984,-0.349962,0.720239
-12.7305,-2.73338,-16.5419,0.346408,0,4.00449,0,0.183841,0.910318,-0.370843
-13.0513,-5.35681,-25.8146,0.317109,0,-0.7,0,0.230814,0.948443,-0.217212
-24.7065,-0.929062,-16.3347,0.30903,0,3.8,0,-0.0984398,0.970544,-0.219897
-16.6401,-21.4389,-24.3745,2.28865,0.645599,-3.9,0,-0.951697,0.285769,-0.112287
3.69138,-8.75525,-22.2288,0.0739117,0,-4.5,0,-0.0787955,0.745252,-0.662111
-17.1801,1.98094,-3.61775,3.06255,0.0288389,-3.5,0,-0.574242,0.605822,0.550659
-7.8075,-24.4434,-12.2301,-0.247983,0,3.8,0,-0.44065,0.699776,0.562264
4.57375,-35.803,-20.842,-1.47264,-0.967812,-3.5,0,0.0650078,-0.914225,0.399959
2.72112,-7.57837,-19.4646,0.986804,0.0300606,-4.5,0,-0.428481,0.8992,0.0885571
0.00175,-38.8549,-34.3379,0.822789,0,-2.20535,0,0.155322,0.13083,-0.979162
-1.2195,-25.1623,-13.8651,0.62539,0,-4.5,0,0.10959,-0.547267,0.829753
-18.5511,-22.6646,-27.1294,0.624886,0.0647467,-3.5,0,-0.637692,-0.0952941,0.764374
-17.1594,-18.1966,-19.6891,0.343692,0.330054,-0.8,0,-0.791379,-0.519253,-0.322639
-26.5021,-11.8489,-18.0194,-0.459245,0,-0.7,0,-0.00254626,0.241576,-0.970379
-14.2996,-6.91937,-13.3789,0.307355,0,-2.11046,0,-0.660011,-0.398002,0.637165
-18.5958,-9.50062,-22.8838,-0.0859232,-0.580127,0.913792,0,-0.282581,-0.128945,-0.950537
0.7875,-21.973,-33.6355,-0.0138054,0.0652175,-4.5,0,0.518611,-0.0767022,-0.851563
-13.7967,-21.403,-12.7541,-0.348147,0,-3.5,0,0.54907,-0.181769,0.815771
-8.50313,-35.4322,-32.7729,0.431037,0,-4.5,0,-0.747336,0.616116,0.248778
-9.02291,-12.1246,-36.088,1.33411,0,-4.5,0,0.511661,0.311587,-0.800697
-2.923,-9.064,-11.2989,0.135795,0,4.2,0,0.126206,-0.509425,0.85121
-10.8734,-4.263,-18.451,0.309191,0,4.5,0,0.236126,0.218695,-0.946793
2.621,-34.7206,-29.3777,0.0646159,0,2.8,0,0.84233,0.209137,-0.496731
-3.54163,-28.3853,-15.2566,-2.1678,-0.871987,3.8,0,0.148992,0.0557271,0.987267
-11.5915,-4.4935,-6.5555,0.211681,0,1.77907,0,0.212562,-0.243309,0.946371
-14.3763,-19.5422,-33.0374,0.163812,0.00138846,-1.3,0,-0.919392,-0.205678,-0.335285
1.49137,-33.041,-18.6766,-0.482275,0,-3.5,0,-0.166597,-0.555806,0.814448
-7.95575,-33.7485,-31.0114,-0.541364,-0.0576922,-4.5,0,-0.991771,0.065852,-0.109791
-14.689,0.81075,-1.96075,0.0285241,-0.0270001,-3.5,0,0.559304,0.80892,0.181182
-2.45125,-13.373,-23.6227,0.428871,0,-0.148315,0,0.477228,0.521216,-0.707522
9.12319,-24.8417,-26.3075,-1.74158,-0.401666,-3.5,0,0.901183,0.0608535,-0.429145
2.66669,-30.1437,-15.6816,-0.601265,-0.0142492,-3.5,0,-0.452168,0.704518,0.546991
5.49188,-36.4157,-33.4448,0.401996,0,-4.5,0,0.50559,0.777715,0.373547
-8.5645,-7.4975,-24.7215,-0.151519,-0.230937,4.2,0,0.539253,0.684016,-0.491252
-0.837125,-18.9128,-16.2425,-0.548765,0.368143,-3.88425,0,0.179672,0.731946,0.657247
-5.91519,-25.632,-11.4914,-0.180312,0,3.8,0,0.454652,-0.184976,0.871249
-26.4451,-4.14419,-17.2083,0.154919,0,3.8,0,-0.662408,0.376145,-0.647866
-13.5244,4.09637,-8.22669,1.24311,0,3.31861,0,0.718351,0.676869,0.160688
2.23831,-16.8045,-23.8819,0.321328,0,-1.3,0,0.456969,0.833037,-0.311814
-13.5822,0.54925,-4.67825,0.454564,0,-3.5,0,0.679852,0.371655,0.632197
5.22625,-30.2036,-29.0799,-0.511012,0,-0.9,0,-0.460502,0.0929027,-0.882784
-20.2224,-8.85425,-22.2051,0.389024,0,-3.5,0,-0.55067,0.0603518,-0.832539
-24.5504,-8.36563,-9.87562,0.84469,0,1.50429,0,0.928913,-0.118869,0.3507
-6.03025,2.03969,-8.41931,0.840976,0,-4.5,0,-0.522176,0.543388,0.657314
-14.9,-14.8051,-31.0607,0.951771,0,-3.9,0,-0.57353,0.756514,0.314246
-5.67675,-17.9713,-32.8332,-0.00318723,0,-2.88662,0,0.569251,0.556025,-0.605632
-3.899,0.2625,-9.4195,0.124845,0,-4.5,0,0.597041,-0.474948,0.646503
-19.8341,-26.4804,-30.2091,0.0301751,0,-3.5,0,-0.705472,-0.320358,0.632202
-11.6201,-6.02275,-6.67088,0.0945328,0,-4.5,0,0.360825,-0.461287,0.810567
-7.1355,-30.8948,-18.5046,-2.11429,-0.354476,-3.5,0,0.0865877,-0.959681,-0.267423
-24.9107,-9.385,-19.4158,-1.65615,0,4.5,0,-0.844311,-0.15068,-0.514233
-20.0417,-2.69631,-16.1175,1.38077,0.0633189,2.45547,0,0.0249501,0.735777,-0.676764
0.50875,-18.513,-31.0842,-0.849154,-0.0796504,-3.5,0,-0.175581,0.750259,0.637403
-11.1737,-10.0553,-27.9825,0.84648,0,-3.5,0,-0.109333,0.990606,-0.0821396
-24.8407,-6.79119,-19.0457,-0.0352292,0,4.5,0,-0.760653,0.0168188,-0.648941
-1.13688,-17.1929,-35.2038,3.39112,0,-4.5,0,-0.708502,0.401196,-0.580574
-3.95513,-39.4772,-34.906,-0.87548,-0.941685,-0.8,0,-0.333793,-0.341849,-0.878477
-4.13056,-36.1943,-36.0544,1.05647,0,-3.9,0,0.150617,-0.848973,-0.506517
-7.353,-8.328,-9.06837,0.134381,0,-3.5,0,0.371923,-0.792034,0.484102
7.01625,-30.7452,-19.1883,-0.296876,0,-3.9,0,0.386408,0.478898,0.788255
-2.56744,-39.3601,-35.2217,-0.312839,0,-0.8,0,-0.17328,-0.230057,-0.957626
5.0005,-29.8776,-15.7653,0.0741461,0,-3.5,0,0.375498,0.926511,0.0240442
-2.96806,-17.7601,-14.1814,0.0555952,0,3.8,0,0.546929,-0.155958,0.822524
-2.199,-32.0604,-19.7559,-0.294553,0,1.23131,0,-0.67348,-0.715872,-0.184263
4.40212,-17.6723,-33.0317,0.320876,0.0158855,-4.5,0,0.478467,0.757958,0.443362
-15.499,-0.63275,-0.485,-0.161706,-0.305135,-3.5,0,-0.113843,-0.265252,0.957435
-7.02797,0.00090625,-12.699,1.46082,0,-4.5,0,-0.206257,0.62384,-0.753845
-13.2291,4.90238,-11.2332,0.358845,0,3.8,0,0.469329,0.767393,-0.43685
-21.8386,-0.615,-14.256,0.4446,-0.365067,2.11769,0,-0.240481,0.654124,-0.71714
-13.2489,-12.7561,-33.3407,2.6327,0,-3.9,0,-0.536897,0.827928,-0.162101
-12.0089,-2.59906,-15.1421,0.39029,0,4.21472,0,0.275487,0.961278,-0.00721066
-4.29663,-32.0798,-24.0632,-0.370722,0,3.56018,0,-0.837543,-0.165086,0.520834
-16.4892,-21.7725,-25.9902,0.426642,0.127967,-3.59575,0,-0.901732,0.326419,0.283427
9.12547,-34.7422,-16.5688,-0.713593,0,-3.5,0,0.743843,-0.400075,0.535386
-16.809,-6.15363,-13.1526,-1.6456,-0.813678,-0.8,0,-0.0654031,-0.307551,0.949281
8.25019,-40.281,-35.0688,0.582825,0,-4.5,0,0.854383,0.11408,-0.506968
-9.028,-16.7747,-8.88275,1.82892,0.215381,-3.9,0,-0.327821,-0.491683,0.80671
7.15963,-31.8779,-17.2307,-0.931769,0,-3.5,0,0.608572,0.791048,0.0623096
0.425156,-22.7831,-15.3265,1.09524,0,-4.5,0,0.918365,0.0911266,0.385099
-20.1443,-25.7485,-34.9015,-2.07778,-0.549431,-3.5,0,-0.268775,0.685873,-0.676267
-14.1853,-10.1135,-30.4025,-1.59358,-0.0179912,-3.5,0,-0.864181,0.244902,-0.439561
2.51556,-44.7164,-33.3391,0.769118,0,-1.6,0,0.0275311,-0.993863,0.107139
8.63587,-21.9865,-25.6941,-0.606402,0.284855,-2.30929,0,0.895424,0.284303,-0.34262
-5.80737,-16.2652,-32.3068,0.714995,0,-4.37104,0,0.489181,0.103702,-0.865995
-19.9099,-24.4576,-28.7374,0.0373162,0,-3.5,0,-0.767103,-0.204546,0.608041
-16.2498,-20.5945,-20.0851,0.425596,0,-3.9,0,-0.992083,0.0969551,0.0798143
-22.69,-5.45425,-12.883,1.37069,0,1.42436,0,-0.0496643,-0.0996052,0.993787
-12.7898,-10.1983,-31.4367,-0.218102,-0.242416,-3.5,0,-0.645064,0.400603,-0.650699
-30.5594,-8.5955,-17.3375,-0.0638828,0,3.8,0,-0.941401,-0.305002,-0.144009
-9.46187,-25.0982,-38.0705,0.802497,0.380561,-3.9,0,0.9794,-0.199654,0.0302249
-13.4584,-3.36713,-20.3364,0.29539,0,3.8,0,0.698935,0.604753,-0.38179
-2.12788,-9.16162,-15.5582,-0.0351187,0,4.06521,0,0.470217,0.882485,-0.0107862
-0.665625,-15.4082,-17.519,-0.383994,0,2.5325,0,0.743751,-0.232177,0.62684
4.8995,-31.4026,-29.4692,0.461664,0.00325426,-0.9,0,-0.418449,0.161442,-0.893777
-16.6453,-3.129,-6.35175,0.912012,0,-3.5,0,-0.535699,-0.694338,0.480543
-10.2344,-6.51444,-19.0909,0.336996,0,4.48656,0,0.105701,0.861882,-0.495971
-8.4865,-35.4482,-37.1945,0.670985,0.431123,-4.5,0,-0.401549,0.67178,-0.622471
-16.9425,-17.8067,-30.5584,-0.0057529,0,-3.5,0,-0.954196,-0.187121,-0.233442
0.2835,-42.9771,-28.8687,0.00680455,0,4.2,1,-0.305559,0.00973239,0.952123
-3.951,-12.941,-31.8184,-0.138663,0,-3.5,0,0.837754,-0.0242093,-0.545511
-21.157,-5.35819,-20.9171,0.220934,0,4.5,0,0.230388,0.223256,-0.947142
-9.02662,-1.65356,-8.26675,0.171987,0,1.06682,0,0.830968,0.0119479,0.556192
2.96169,-36.3396,-30.0786,0.0328417,0,-1.60752,0,0.917699,0.397054,0.013301
-30.1369,2.0495,-10.2461,0.791924,0,-4.5,0,-0.546553,-0.837185,-0.0200423
-19.0352,-24.0051,-33.1027,-1.07735,-0.637484,-3.5,0,-0.102828,0.788215,-0.606748
-22.5483,-5.08056,-20.8662,0.177021,0,4.5,0,-0.0765997,0.0800708,-0.993842
-14.8313,-4.96875,-9.38469,1.09836,0,-1.67266,0,-0.734904,-0.545846,-0.402454
-20.1338,-2.65069,-8.853,0.940666,-0.364157,-0.8,0,-0.257077,-0.959114,0.118374
-0.583375,-45.8187,-32.9803,0.0311286,0,4.2,0,-0.0970223,-0.726911,-0.679843
-29.6605,-9.88906,-17.5827,-0.0856937,0,-0.253832,0,-0.816365,-0.276206,-0.507207
-13.0646,-25.5878,-33.4711,-0.108041,0,-3.5,0,0.81281,-0.550634,-0.190113
10.0366,-40.2505,-29.418,-0.58404,0,-3.5,0,0.972133,0.0798316,0.220418
8.10006,-26.4607,-27.726,-0.243305,0,-0.9,0,0.620782,0.431179,-0.654763
-4.01975,-18.7805,-32.873,-0.0866123,-0.0334905,-2.34001,0,-0.123801,0.789361,-0.601317
-16.0041,-28.5179,-33.8657,-0.36277,0,-3.5,0,-0.308792,-0.781008,-0.542839
0.920563,-37.5395,-20.1318,-1.16931,0,-3.5,0,0.0972496,-0.78191,0.615759
-4.8255,-37.8162,-34.8274,0.743426,-0.416572,-1.61774,0,0.0830344,-0.434386,-0.896891
-1.73094,-10.7788,-21.1359,-0.20024,-0.293785,-3.68606,0,-0.0797963,0.858247,-0.506995
-1.68281,-14.2359,-14.7139,0.210343,0,3.8,0,0.334692,-0.651286,0.681035
4.033,-29.0006,-28.586,-0.419846,0,-0.9,0,-0.18718,-0.531802,-0.825924
2.6595,-27.9361,-31.605,-0.532624,0,-3.5,0,0.537798,-0.842553,-0.029629
-0.554125,-13.4766,-23.5303,0.349302,0,-4.5,0,0.237377,0.386722,-0.891122
-2.67788,-39.6819,-29.3643,0.211715,0,-1.3,0,-0.722203,-0.661861,-0.200905
-9.26388,-27.168,-30.5203,-1.56199,0,-3.5,0,-0.734343,-0.355024,-0.578531
-16.903,-7.4235,-13.4131,-0.332476,-0.123665,-3.14614,0,0.00185536,0.0975117,0.995233
-8.15975,-17.0627,-38.547,0.927542,0.141924,-1.43041,0,-0.173496,0.972229,-0.157064
9.7825,-35.1695,-19.3458,-0.480568,0,-3.5,0,0.948474,-0.206601,0.240233
3.55081,-12.4233,-21.7149,0.502092,0.0845896,-4.5,0,0.617748,-0.781379,-0.0885107
-1.09675,-34.8459,-36.9608,0.408183,0,-3.9,0,0.778924,-0.47163,-0.413331
-0.461563,-22.9716,-13.8674,0.330735,0,-4.5,0,0.565026,0.175599,0.80617
-5.42725,-8.6175,-28.3102,0.468817,0,-3.9,0,0.930965,0.314471,0.185507
-16.6902,-16.9616,-23.0462,0.388525,-0.0418339,0.839818,0,-0.940388,-0.12014,0.318178
-27.9568,2.34212,-6.61719,1.35569,0.451452,-4.5,0,-0.669266,0.470449,0.575118
-13.0196,-13.5829,-34.5119,3.08277,0,-3.9,0,-0.346773,0.318203,-0.882324
-26.4541,-8.57341,-6.63666,0.244643,0,1.8,0,0.152402,-0.428508,0.890592
-21.0004,-11.7234,-14.0474,-0.146595,0,-1.6,0,0.22283,-0.642198,0.733436
-8.8095,-28.6437,-22.8145,-0.0624149,0,-1.6,1,-0.552303,-0.824659,0.122061
-29.143,5.584,-14.1545,0.156489,0,-4.5,0,0.756474,-0.0179662,-0.653777
-19.7326,-13.7082,-22.2421,-1.48553,-0.554128,-3.5,0,-0.604398,-0.622968,-0.496602
-11.3448,-6.80825,-21.5842,0.247129,0,1.58695,0,0.20759,0.96764,0.143456
-0.75525,-27.7362,-15.5894,-0.0773103,0,-4.5,0,0.236577,-0.314795,0.919204
-3.51475,-12.0822,-30.0373,0.110943,0,-3.5,0,0.906151,0.399625,0.138527
-5.29413,-33.4665,-39.2142,2.23952,0.32384,-3.9,0,-0.328804,0.0905325,-0.940049
-4.23419,-14.1106,-14.2922,-0.419893,0,-1.24722,0,0.606803,0.0516027,0.793175
-19.9989,-7.06725,-21.4449,0.55745,0,-3.5,0,-0.280119,0.661352,-0.695807
-3.1415,-31.9667,-37.0756,1.69691,0,-3.9,0,0.19573,0.951015,-0.239291
-17.561,-0.24975,-5.14762,1.57411,0.00571894,-3.5,0,-0.99731,-3.18511e-05,0.0732998
-14.8875,-4.52238,-10.8889,0.547716,0,3.8,0,-0.770148,-0.63201,0.0862329
6.37619,-21.6188,-28.5335,-0.969113,-0.442465,-3.5,0,0.63104,0.245729,-0.735803
-10.2083,-27.3279,-22.6174,0.745332,0,-4.5,1,-0.233394,-0.971897,-0.0307049
8.77662,-39.0971,-27.6949,0.531914,0,-3.5,0,0.387953,0.908583,-0.154821
9.87288,-31.3615,-22.7446,-0.228748,-0.680615,-3.9,0,0.840385,-0.0535317,-0.539339
-25.099,-10.597,-18.3515,0.00378229,-0.22133,0.347251,0,-0.592264,-0.148872,-0.791872
7.2085,-42.1235,-36.6747,0.66802,0.0912752,-4.5,0,0.526265,-0.32063,-0.787554
-11.8027,-11.2948,-33.7212,5.06218,0,-4.5,0,-0.979236,0.125546,0.15917
-19.3241,-7.61987,-14.3418,-0.160781,-0.0520808,-1.86952,0,0.114097,0.0265317,0.993115
-10.9202,-16.1225,-13.5024,-0.768811,0,-0.499291,0,-0.755488,0.172339,0.63209
11.9661,-38.7142,-24.7051,-0.351932,0,-3.5,0,0.797275,0.529459,-0.289873
-15.3684,4.75631,-10.1465,0.492531,0,3.8,0,-0.780586,0.624847,0.0158598
-22.1101,-13.489,-15.4493,0.308893,0,-1.6,0,0.203696,-0.972385,0.113911
-30.7638,-7.5195,-13.8158,0.0214778,0,3.8,0,-0.962452,0.163037,-0.217035
3.0695,-16.186,-35.0755,0.119818,0,-4.5,0,0.261387,0.927695,0.266567
-22.7311,-2.67475,-7.47731,1.84596,0.829235,-0.8,0,0.475316,-0.546141,0.689786
-21.5572,-26.9837,-33.3065,-0.791075,0,-3.5,0,-0.927794,0.146748,0.34302
-17.2104,1.731,-7.28894,3.85438,0,-3.5,0,-0.916914,0.174409,-0.358958
-29.1013,2.02675,-11.5812,1.08004,0,-4.5,0,0.0731063,-0.915081,-0.396589
-16.141,-20.1385,-24.495,0.431279,0.753899,-3.69428,0,-0.985001,0.130087,-0.113363
-25.2819,-6.82175,-10.0122,1.87077,0,1.8,0,0.856102,0.425681,0.293061
-13.0604,-4.89,-21.1981,0.304816,0,3.8,0,0.82015,0.466133,-0.331773
-26.8955,-4.89725,-10.5953,0.469236,0.924743,-4.5,0,-0.388841,0.645071,-0.657789
-2.86737,-4.31975,-13.0079,0.3001,0,4.2,0,0.708943,0.703598,-0.048476
10.8334,-27.2651,-22.6401,1.17727,0,-3.9,0,0.739712,0.199811,0.642574
-10.5777,-18.6754,-40.1119,0.93005,0,-0.4,0,-0.596333,0.771274,-0.222538
-25.8336,-6.47925,-7.2405,-0.217501,-0.00716151,1.8,0,0.82106,0.185584,0.539832
-6.36769,-3.3145,-13.0161,0.127737,-0.0275482,3.05493,0,0.291885,0.35754,-0.887112
-11.007,-19.335,-40.8551,0.493778,0,-0.4,0,-0.772721,0.358102,-0.524086
-11.1766,-5.89225,-23.6635,0.136608,0,-0.7,0,0.186934,0.982224,0.0171071
-5.81969,-4.95006,-15.1051,0.509732,0,4.5,0,0.256497,0.960019,-0.112128
-0.474187,-37.5396,-24.3956,-1.10331,0,-1.3,1,0.45708,-0.888485,0.0408868
-28.9837,7.25875,-11.4645,0.909288,0.209151,-4.5,0,0.659934,0.660319,0.358422
-3.09687,2.56188,-11.4364,0.563265,0.00111703,-4.5,0,0.348707,0.876656,-0.331478
-20.1525,-24.5444,-34.1953,-2.40457,-0.0275739,-3.5,0,-0.168238,0.717958,-0.67545
-9.3035,-1.31712,-7.01237,0.261944,0,1.9,0,0.969517,0.182828,0.163128
-16.0339,-19.5579,-23.0193,0.45845,0,-1.4205,0,-0.981296,-0.192403,-0.00622086
-18.4923,-20.5295,-13.3275,-1.57266,-0.702745,-3.5,0,-0.961317,-0.274354,0.0244721
-16.8853,-11.2154,-27.4955,0.222128,0,4.5,0,-0.462423,0.8788,-0.117797
-19.964,-2.97125,-19.12,0.446507,0,-0.8,0,-0.128733,0.891443,-0.434461
6.28638,-20.3794,-26.2424,-0.622869,-0.329008,-3.03105,0,0.0998929,0.512898,-0.852618
-8.05075,-6.701,-30.417,1.96052,0.163287,-3.9,0,-0.349561,0.907128,0.234363
-5.125,2.52975,-10.6143,0.258115,0,-4.5,0,-0.332594,0.881073,-0.33629
3.62413,-33.0408,-16.2031,-0.539017,0,-3.5,0,-0.527497,-0.848516,0.0420393
-8.607,-18.0459,-41.0107,0.919591,0,-0.4,0,0.277605,0.655042,-0.702748
-18.0648,-16.6677,-17.7255,0.110535,0,-0.8,0,-0.848141,0.108301,0.518581
6.86737,-31.8551,-25.6174,-0.392237,0,-0.9,0,0.925741,-0.232634,-0.298136
-23.3893,-8.43375,-20.5474,-0.173576,-0.0672266,4.5,0,-0.3952,-0.0431165,-0.917583
6.02925,-44.8397,-27.1716,-1.90248,0,-3.5,0,0.447798,-0.829842,-0.332925
0.715625,-35.0331,-33.1351,-0.471924,0,-4.5,0,0.769317,0.570885,-0.286779
-13.4809,-21.6432,-38.4827,-0.153772,0,-3.9,0,-0.622062,-0.292078,-0.72645
1.60706,-12.2168,-23.3606,1.02943,0,-4.5,0,0.237405,-0.467619,-0.851452
0.251437,-12.9372,-17.5344,0.138994,-0.560219,3.8,0,0.830749,-0.55376,0.0566223
-4.8335,-14.1446,-13.1756,0.0191022,0,-3.9,0,0.884049,-0.066109,0.462694
0.459625,-38.6604,-21.6863,-2.59191,-0.764842,-3.5,0,0.398111,-0.916132,0.0470097
-0.404375,-33.8773,-35.2612,0.275143,0,-3.9,0,0.947999,0.0230879,-0.317434
-14.8298,4.16119,-12.2468,0.367844,0,3.8,0,-0.358384,0.709903,-0.6063
-0.165375,-31.7344,-29.8985,-0.144676,0,2.8,0,0.697016,0.546979,-0.463662
4.55681,-29.2459,-17.1176,-0.0865975,0,-3.5,0,0.480282,0.811631,0.332542
-15.492,-20.5109,-31.8331,0.446819,0.781935,-3.5,0,-0.563468,-0.0235529,-0.825802
-16.2252,-25.1535,-27.0343,-0.504243,0,-3.5,0,-0.784094,-0.527314,0.327316
-11.3542,-21.3573,-13.8488,-0.276776,0,-3.5,0,-0.186876,0.0899712,0.978255
-0.175,-9.74562,-17.7013,0.4474,0,3.8,0,0.141695,0.920047,-0.365289
-7.5885,-34.7791,-33.504,0.413449,0,-4.5,0,-0.542374,0.837641,-0.0647205
0.050125,-30.9905,-28.9053,-0.0438755,0,2.8,0,0.832547,0.290424,-0.47172
-1.764,-16.673,-16.6115,0.00883761,0,3.02478,0,0.780903,-0.148368,0.606777
-4.0005,-21.3799,-34.1727,-0.684177,-0.78747,-4.5,0,0.411436,-0.272336,-0.869801
8.61887,-38.9979,-34.2301,-0.901252,0,-3.5,0,0.462335,0.0507028,-0.885255
-15.4675,-24.5675,-33.9647,-1.137,-0.6172,-3.5,0,0.0544787,0.631326,-0.773602
3.61562,-22.8929,-21.5678,-0.246133,0,3.70849,0,0.192149,0.133515,0.972241
3.15575,-36.8647,-24.0364,-0.526576,0,2.8,0,-0.24257,-0.918795,0.311409
-16.8128,-22.9416,-24.5002,3.3431,0,-3.9,0,-0.983604,-0.113794,-0.139909
-29.2679,-5.88394,-12.2174,-0.535166,-0.358307,3.8,0,-0.115315,0.982881,-0.143691
-3.12494,-22.7978,-33.2508,0.343228,0,-4.13898,0,0.0364902,-0.294412,-0.954982
-16.8675,-15.5761,-29.6369,0.475577,0,-3.5,0,-0.756131,0.434533,-0.489333
-14.7829,-21.4741,-32.5631,-0.541879,0,-1.56469,0,-0.9004,-0.110276,-0.420854
-2.47106,-16.5286,-28.6821,-1.14564,-0.197224,-0.7,0,0.832088,0.375512,-0.408191
-10.3675,-13.4119,-10.0279,0.173457,0.35711,-3.9,0,-0.631711,-0.165782,0.75727
3.89037,-36.8718,-31.5256,0.236174,0,-4.5,0,0.634824,0.555031,0.537531
-11.5888,-24.6196,-39.6818,1.15952,0,-3.9,0,-0.140195,0.242013,-0.960091
-5.61938,-18.2432,-14.1509,-0.0347873,0,1.78774,0,0.316352,-0.247413,0.91581
-26.4895,2.25075,-4.83875,0.613186,0,-3.9,0,-0.442845,0.720213,0.534024
2.40575,-11.0324,-23.6366,0.539087,0,-4.5,0,0.0671623,0.102298,-0.992484
-6.8205,-17.4395,-33.856,0.479369,0,-4.5,0,0.707671,0.520738,-0.477529
-17.059,-18.2376,-16.1546,0.938458,0.590478,-0.8,0,-0.957645,0.238812,0.160886
4.86763,-19.9261,-28.2261,-0.277975,0,-3.5,0,0.840584,0.507176,0.190239
-4.6375,-31.5969,-37.7588,2.88877,0,-3.9,0,-0.163944,0.890227,-0.424993
6.86175,-43.9588,-31.8119,-0.289057,0,-0.8,0,0.728944,-0.677242,-0.0999167
-11.2386,-18.366,-12.8864,-0.767195,0,-3.5,0,-0.600027,-0.0340048,0.799257
-7.25175,-34.5892,-30.1478,0.0448731,0,-4.5,1,-0.704528,-0.44497,0.552849
-13.4373,-0.983187,-13.8549,0.395468,0,3.8,0,0.831603,0.465397,-0.303055
3.76725,-35.1415,-18.9103,-0.760702,0,-3.5,0,-0.101291,-0.743434,0.661094
-23.2901,-0.186625,-13.5013,-0.593238,-0.201787,-0.8,0,-0.60684,0.579137,-0.544376
1.79925,-18.2051,-27.4055,-0.544361,0,-1.50351,0,0.358678,0.861671,-0.358989
-0.234375,-29.164,-16.3412,-0.494758,0,-4.08951,0,0.477541,-0.0161781,0.878461
4.03231,-17.962,-30.5056,-0.453847,0,-3.5,0,0.143679,0.983555,0.109434
-15.8897,4.71556,-5.57812,4.65822,0,-3.5,0,-0.349794,0.904517,0.243913
-27.9909,5.81337,-9.599,0.801213,0.164966,-4.5,0,0.269852,0.945057,0.18452
7.76175,-37.1696,-32.4339,-1.73449,0,-3.5,0,-0.0993351,0.989676,0.103311
-4.259,-11.501,-24.8416,-0.613117,-0.108804,2.54849,0,0.721815,0.635493,-0.274102
-12.0098,-17.2935,-37.3259,0.866223,0,-0.4,0,0.200787,0.750965,-0.629076
-2.63937,-15.5276,-27.9463,-0.145988,-0.695665,-1.60412,0,0.702379,0.522562,-0.483314
-30.1992,4.8935,-15.2557,1.12574,0.071868,-4.5,0,0.200969,-0.0463098,-0.978502
-0.631,-10.1831,-20.0154,0.41108,0.494657,-4.37505,0,-0.148192,0.973454,-0.17443
0.87775,-22.5501,-16.9326,-0.319654,0,-4.40206,0,0.931444,-0.320003,0.173236
-9.51769,-17.9502,-38.1031,0.804281,0.479014,-3.39695,0,-0.385271,0.92015,-0.0699257
-5.12988,-19.5869,-36.5484,1.54017,0.185288,-3.9,0,0.866657,-0.486711,0.109623
-8.78275,-29.9667,-16.8889,-2.10747,-0.685969,-3.5,0,-0.588998,-0.293187,0.753076
-5.57131,-27.7096,-13.6099,-0.297701,0,3.8,0,0.55962,-0.719958,0.410471
9.95356,-38.8954,-34.2533,-1.8616,-0.543589,-3.5,0,0.313641,-0.19487,-0.92933
-6.87738,1.7125,-10.0988,0.789038,0,-4.5,0,-0.553159,0.832957,0.0140579
-27.4967,-13.3019,-14.3542,0.183347,0,-0.7,0,-0.275971,-0.716779,0.640365
10.2799,-26.2846,-23.1688,0.998893,0,-3.9,0,0.576173,0.798099,0.176247
5.5115,-17.43,-23.9411,-0.0619014,0,-1.3,0,0.368072,0.912774,0.177104
-18.2559,0.600375,-2.85075,2.06443,0.812525,-3.5,0,-0.967895,0.250969,-0.0138929
-5.33712,-10.7345,-26.9799,-0.0203785,-0.218734,-2.36201,0,0.899257,0.417221,0.131387
-11.5708,-12.0843,-36.6917,3.09296,0,-4.5,0,-0.50882,-0.249876,-0.823811
4.18125,-19.2077,-35.3158,-0.222387,0,-4.5,0,0.451104,-0.802803,-0.389889
9.80612,-33.7539,-22.5946,-1.26215,-0.0359863,-3.9,0,0.732481,-0.239222,-0.637373
-1.76394,-15.2834,-15.9275,0.0608328,0,3.8,0,0.783155,-0.364585,0.503731
9.38219,-35.5389,-23.0748,-0.58039,0,2.39872,0,0.956114,0.241017,-0.166607
-8.89287,-22.7341,-37.9173,-0.00308941,-0.149827,-3.9,0,0.651812,-0.721028,-0.235073
-3.2345,-31.0511,-19.5411,-0.320992,0,-3.5,0,-0.512732,-0.681687,-0.521927
-8.80425,-30.0353,-27.9363,-0.129231,-0.00209808,-3.5,0,-0.871835,-0.47281,0.127885
-11.5478,-26.2571,-40.3045,2.87464,0.615848,-3.9,0,-0.0652153,0.0115778,-0.997804
-21.3526,-28.4141,-35.8807,-1.51382,-0.313857,-3.5,0,-0.502776,0.115918,-0.856609
-15.6524,-19.9516,-25.7202,0.366962,0,-0.9,0,-0.950313,-0.22923,0.210614
-2.71481,-14.8821,-14.5511,0.183475,0,3.8,0,0.530417,0.125738,0.83836
-18.9735,-10.69,-12.284,-1.52297,-0.498056,-3.5,0,-0.221682,-0.0243777,0.974814
-11.8829,-26.9627,-29.0443,-1.56754,-0.843002,-1.3,0,-0.135796,-0.990383,-0.0264826
-5.11688,-30.2236,-32.0412,0.118758,-0.0552675,-3.9,0,-0.780843,0.0431182,-0.623237
-18.7539,-5.89669,-13.7207,-0.815061,-0.0117814,-0.624045,0,-0.117822,-0.312683,0.942522
-28.722,0.407,-8.96825,0.120584,-0.0612775,-4.5,0,-0.880781,-0.404412,-0.246326
1.6645,-36.3159,-19.0292,-0.704082,0,-3.5,0,0.165229,-0.420395,0.89217
6.05438,-33.0296,-26.6756,-0.617943,0,-0.9,0,0.722592,-0.552903,-0.414921
-6.82137,-32.7318,-32.5461,0.0750776,0,-4.5,0,-0.691295,0.507467,-0.514381
2.72425,-23.7354,-35.2998,-1.77855,-0.317766,-3.5,0,0.373526,0.838947,-0.395786
8.35787,-42.5558,-33.058,-1.38147,-0.700066,-3.5,0,0.687997,-0.673381,-0.270588
-14.4943,-6.96344,-8.36131,0.646649,0,-4.5,0,-0.499856,-0.834927,-0.230304
-7.31125,-15.7238,-33.407,1.0069,0,-4.5,0,0.7768,-0.0392775,-0.628522
-21.8104,-7.99337,-21.3533,0.845135,0.577549,4.5,0,-0.383142,0.064144,-0.92146
5.04588,-28.528,-18.8878,-0.143085,0,-2.99267,0,0.617551,0.36088,0.698853
-17.3682,-17.1488,-28.4093,0.804874,0.133355,3.444,0,-0.989444,-0.082762,-0.118958
1.42925,-23.2612,-34.0035,-0.233615,-0.539765,-3.5,0,0.160261,0.76891,-0.618945
-16.7268,-19.4239,-16.743,0.847817,0.196433,-0.8,0,-0.681877,-0.7309,0.0287843
-27.5594,-7.61587,-6.29331,-0.617172,-0.388428,1.8,0,-0.0735898,-0.311022,0.94755
-26.1436,-10.5865,-17.707,-0.158757,0,-0.776053,0,-0.192124,-0.0233776,-0.981092
11.6018,-27.061,-24.8799,2.91002,0.0467181,-3.9,0,0.748758,0.509448,-0.424056
-20.2544,1.84475,-9.236,0.840407,-0.0724564,-0.713143,0,0.560257,0.368246,0.741962
6.93466,-44.1628,-25.0431,-0.946155,0,-3.5,0,0.559925,-0.752509,0.346718
-12.0461,-9.07463,-30.2943,0.326066,-0.00448903,-3.5,0,-0.249152,0.966619,0.0597625
-15.7072,-14.8862,-32.5687,0.196988,-0.0428044,-3.9,0,-0.785551,0.596359,-0.165122
-13.4405,-22.9328,-35.2605,-0.408061,0,-2.65175,0,-0.955734,-0.239376,-0.171088
-31.3945,-12.0459,-11.3647,-1.58259,0,-3.5,0,-0.827342,-0.56164,0.00811208
-11.1371,-26.7909,-24.9279,-0.325558,0,-1.78986,1,-0.335277,-0.940738,-0.050995
-16.8152,2.26869,-13.7506,0.40789,0,3.8,0,-0.230931,0.924331,-0.303781
-0.797375,-31.4388,-31.8526,0.206711,0,-3.9,0,0.853809,0.463773,-0.236485
-1.82031,-18.3727,-28.7444,-0.219167,-0.0710465,-0.7,0,0.729698,0.616437,-0.295882
-4.9995,-15.9279,-12.9042,0.00533743,0,3.8,0,0.511988,-0.275042,0.813769
6.87875,-33.4678,-25.4915,-1.41253,-0.101562,-0.9,0,0.710392,-0.0891661,-0.698135
-4.07888,-4.64038,-19.0432,1.01655,0.0423436,-3.5,0,0.202172,0.924976,-0.321786
-14.1551,-15.351,-35.0852,0.931224,0,-3.9,0,-0.233654,0.592039,-0.771294
-6.91581,-3.904,-10.463,0.638933,0,-4.5,0,0.594775,0.207545,0.776638
-11.1164,-22.1619,-40.8909,-1.57395,-0.0699095,-0.4,0,-0.47562,-0.400013,-0.783438
1.69913,-14.8668,-22.3644,-0.303884,-0.355487,-4.5,0,0.891358,0.24386,-0.382116
-7.60619,-29.1418,-16.086,-0.851137,0,3.19684,0,-0.523369,-0.502714,0.688014
-2.26837,-44.0574,-32.3722,-0.0201919,0,4.2,0,-0.876759,0.206458,-0.43436
-22.4545,-2.62363,-18.4823,0.374407,0,4.5,0,0.221184,0.973309,0.0612185
-16.6825,-3.745,-21.5601,0.330653,0,3.8,0,-0.553822,0.483654,-0.677761
0.85925,-17.425,-32.5378,0.737174,-0.018602,-4.45496,0,0.062737,0.869132,0.490584
-24.0042,-1.00425,-10.9846,0.356937,0,-0.8,0,-0.940058,0.251018,-0.230829
-30.6976,-7.82163,-15.9329,-0.0220361,0,3.8,0,-0.998476,-0.0490476,-0.0253172
-18.5644,-13.7725,-22.7871,-0.274926,-0.275318,-2.2785,0,-0.783385,-0.505718,-0.361328
-12.0606,-19.8787,-13.5844,-0.460062,0,-3.5,0,0.0629254,-0.208739,0.975945
-25.5336,-13.9051,-12.3603,-0.995774,-0.187547,-0.8,0,-0.509727,-0.850413,0.130295
-10.4605,-25.5483,-30.9907,-0.29693,0,-1.3,0,-0.149903,-0.816918,-0.556932
-17.3072,-11.7893,-23.4924,0.135037,0,4.5,0,-0.364898,0.808493,-0.461723
8.23481,-27.0569,-20.6064,-0.0313126,0,-3.7972,0,0.650248,0.026332,0.759265
8.37963,-36.9529,-19.0158,-0.933322,-0.566488,-3.5,0,0.455762,-0.719942,0.523416
-15.835,-11.4349,-23.7395,0.260515,0,1.8,0,-0.505004,0.737513,-0.448381
-8.77369,-8.29219,-26.2889,0.412811,0,-3.9,0,0.00189368,0.946653,-0.322248
-13.2605,-25.4272,-36.451,0.655663,0,-3.9,0,-0.970725,-0.213403,0.110236
-1.94125,-39.2373,-25.524,-0.803167,0,-1.3,0,0.35091,-0.835514,0.422823
-16.6103,-16.4279,-22.0175,1.00112,0,-0.9,0,-0.974103,-0.119711,-0.191814
-12.0741,-9.84013,-9.49887,0.330401,0,-3.5,0,-0.155123,-0.0780418,0.984808
4.69225,-10.6976,-20.2374,-0.00772147,0,-4.5,0,0.59174,-0.573267,0.566753
-15.7551,-15.3035,-30.4836,0.373147,0,-3.86806,0,-0.443258,0.889043,-0.114567
-28.1229,-6.12388,-18.6712,0.100647,0,3.8,0,0.0613012,0.58778,-0.806695
-25.0077,-4.865,-11.9382,-0.0800378,-0.5102,-0.8,0,0.649882,-0.163454,0.74225
1.5265,-10.6248,-14.2892,0.103902,0,3.8,0,0.867916,0.0390623,0.495172
-5.92319,-33.82,-34.301,0.391393,0,-4.5,0,-0.63627,0.699272,-0.325851
-29.3475,-8.81462,-7.30737,0.0165027,-0.206501,0.285349,0,-0.320559,-0.366773,0.873338
2.9425,-39.5181,-36.0814,0.636145,0.517092,-4.5,1,-0.866226,0.0713902,-0.494527
-4.19075,-33.437,-39.1003,3.10508,0,-3.9,0,0.195284,-0.00346713,-0.980741
-13.0789,2.305,-7.67169,1.18677,0,-1.01637,0,0.939917,0.332232,0.0785977
-9.3385,-7.98488,-8.92163,0.417062,0,-3.5,0,-0.229215,-0.792604,0.565013
-7.31163,-14.6298,-34.3726,1.20322,0,-4.5,0,0.89396,-0.301288,-0.331754
8.79463,-20.0977,-23.9651,0.182134,0,-1.3,0,0.872613,0.480745,-0.0862005
-2.38469,-33.2796,-22.2189,-0.671997,0,3.8,0,-0.716004,0.00342176,0.698087
-14.2115,-10.926,-13.7489,0.422289,0,-3.5,0,-0.211354,-0.866887,-0.451482
-15.1086,-5.921,-13.1592,0.0147775,0,3.8,0,-0.400177,-0.572306,0.715768
-25.7826,-13.8453,-18.0849,-0.653945,-0.967095,-0.7,0,0.587793,-0.427553,-0.686802
3.35313,-37.4854,-28.5809,0.145364,0,2.8,0,0.888434,0.354537,-0.291529
-5.85012,-27.3109,-32.123,-0.316022,0,-3.86147,0,-0.230998,-0.288731,-0.929125
-17.1019,-16.6826,-16.7222,0.289415,0,-0.8,0,-0.641749,0.259326,0.72174
-18.5335,-13.3284,-27.5686,0.176219,0,4.5,0,-0.887877,0.120557,-0.444005
-7.19578,-30.3963,-19.9798,-0.87694,0,-3.5,0,-0.118761,-0.912257,-0.392023
3.72494,-33.4899,-17.9552,-0.766522,0,-3.5,0,-0.569446,-0.621545,0.537971
-6.08838,-32.7724,-38.026,2.55633,0,-3.9,0,-0.836792,0.43959,-0.326403
4.76825,-19.5064,-33.9314,-0.21756,-0.0345207,-4.43964,0,0.661273,-0.592782,-0.459704
-18.6525,-13.1935,-25.8667,0.121483,0,4.5,0,-0.980105,0.174891,0.0938448
-6.01197,-37.8769,-31.3697,0.282352,0,-4.5,0,-0.163392,-0.680319,0.714471
-7.52488,-17.6609,-10.1511,-1.08053,-0.0999005,-3.5,0,0.723552,-0.352926,0.593225
-26.154,5.20075,-9.34313,0.91582,0,-4.5,0,0.14548,0.988564,0.0397157
5.42931,-45.2159,-35.0397,0.584699,0,-1.6,0,0.660546,-0.722351,-0.204664
-2.17625,-36.8042,-21.7894,-1.701,-0.0170054,-3.3614,0,-0.570091,-0.499966,0.651944
-8.56363,-13.5651,-9.38375,2.27264,0,-3.9,0,-0.124492,0.567364,0.814003
-17.9061,-20.9796,-11.939,-2.15533,-0.815995,-3.5,0,-0.812052,-0.228699,0.536906
-13.1606,-9.08412,-29.8062,-1.44211,-0.472797,-3.5,0,-0.337796,0.908457,-0.246169
1.66169,-12.0318,-16.1134,0.0835687,0,3.8,0,0.837125,-0.54309,-0.065391
-31.6849,4.62563,-14.6919,0.873571,0.0424357,-4.5,0,-0.777872,-0.173142,-0.6041
1.9685,-42.3943,-28.4989,0.0399992,0,2.04045,1,-0.315618,-0.167187,0.934042
-10.4035,-19.8983,-12.87,-0.583624,0,-3.5,0,-0.560356,-0.327811,0.760619
0.572375,-14.9271,-19.523,0.648765,0,-3.76785,0,0.839527,-0.023619,0.542804
-5.01288,-9.98263,-31.9334,-1.36752,0,-3.57737,0,0.820622,0.522616,-0.231196
-12.1016,-26.9673,-39.8119,3.03378,0.0968542,-3.9,0,-0.471576,-0.533612,-0.70205
-3.93419,-32.5368,-16.7749,-1.92579,0,-3.5,0,-0.356374,-0.9216,-0.153789
-9.68475,-16.5684,-35.589,0.846586,0,-4.5,0,-0.262789,0.432198,-0.86264
-6.57325,-21.7028,-36.3984,0.401217,0,-4.5,0,0.58711,-0.593782,-0.550204
2.07463,-45.4081,-34.8571,0.238676,0,-1.6,0,-0.271443,-0.959904,0.0700189
4.32288,-31.0802,-12.5125,0.402824,0.761769,-3.5,0,-0.301253,0.277927,0.912142
-1.97691,-24.0383,-13.4031,0.884495,0.03552,-4.5,0,0.239974,-0.376289,0.894885
-25.4319,-2.34313,-12.3536,0.295616,0,3.8,0,-0.804466,0.427221,0.412695
-24.6566,-8.55881,-7.75644,0.549368,0,1.8,0,0.950038,0.0142801,0.311806
2.91994,-32.4945,-17.1787,-0.362412,0,-3.5,0,-0.485731,-0.83938,0.243939
-0.017375,-40.5081,-28.3463,-0.513324,0,-0.8,1,-0.222444,-0.496811,0.838867
-19.6108,-12.8451,-14.614,-1.36949,-0.430698,-3.5,0,-0.237797,-0.838291,0.490634
11.1696,-38.3651,-25.8264,-0.159609,0,-3.5,0,0.58883,0.485351,-0.646308
-9.96194,-27.238,-18.5055,-0.824249,0,-3.5,0,-0.873968,0.0334113,0.484834
-26.3596,4.55425,-11.3018,0.605867,0,-4.5,0,0.173889,0.488293,-0.85518
0.705125,-16.5499,-33.6416,1.07038,0,-4.5,0,0.0627895,0.896939,0.437674
-29.5986,-3.19788,-9.14437,0.52743,0,-3.5,0,-0.357517,0.753058,-0.552345
3.94563,-24.9235,-34.3785,-1.76305,0,-3.5,0,0.895363,0.440145,-0.0678072
0.696125,-10.274,-12.6919,0.0858319,0,3.8,0,0.74734,0.185731,0.637955
-4.38163,-19.7701,-38.4155,0.437166,0,-3.9,0,0.642876,-0.747603,-0.166732
-31.2647,-10.1213,-8.748,-1.67225,-0.722886,-3.5,0,-0.877419,-0.306706,0.368872
-7.56975,-10.6377,-33.2382,0.905674,0,-4.14757,0,0.443512,0.367202,-0.817594
-16.0818,-17.1614,-15.7553,0.649236,0,-3.5,0,-0.643408,0.645346,0.411771
-4.44856,-25.6073,-12.7789,-0.110886,0,3.8,0,0.735408,-0.331765,0.590853
3.15406,-17.3278,-37.5138,1.52401,0.298614,-4.5,0,0.312338,-0.104524,-0.944203
-3.72981,-10.36,-12.2011,0.121671,0,-1.70252,0,0.244378,-0.321049,0.91499
9.28144,-28.0209,-26.7855,0.207342,0,-1.87801,0,0.726759,-0.160019,-0.667993
10.8106,-26.5471,-25.2313,3.43509,0.110493,-3.9,0,0.669917,0.658281,-0.343332
7.94763,-36.1217,-17.4702,-0.873379,0,-3.5,0,0.318153,-0.836547,0.446058
-2.04175,-27.832,-15.6248,-0.345717,0,-4.42909,0,0.0666061,-0.0910998,0.993612
-24.094,2.27113,-7.33588,0.388947,0,-4.44895,0,0.903538,0.128213,0.408878
-30.6946,-6.28219,-12.8101,-1.53933,-0.542762,3.8,0,-0.647138,0.651257,-0.396328
3.43656,-16.1787,-36.92,1.2059,0.533574,-4.5,0,0.476909,0.714278,-0.512216
-16.6734,-3.12056,-12.7566,0.154909,0,3.8,0,-0.539886,-0.643951,0.542079
-5.446,-13.4199,-32.6734,-0.443366,0,-3.5,0,0.438557,-0.161173,-0.884133
-8.34775,-3.50312,-14.2349,0.377019,0,1.52757,0,0.437819,0.565458,-0.698979
9.97087,-36.2422,-25.1966,-2.16035,-0.573747,2.5,0,0.509503,0.587504,-0.628686
-17.2414,-18.9918,-28.5036,0.277686,0,-3.5,0,-0.989523,0.144281,0.00531503
-0.741125,-14.4822,-16.2437,0.0829473,0,3.8,0,0.735045,-0.593025,0.328679
-6.20019,-15.7373,-11.5988,0.244584,0,-3.9,0,0.800608,-0.404376,0.442162
-18.655,-3.36637,-12.167,-0.338551,0,3.8,0,0.634544,-0.711093,0.302821
-12.9705,4.66725,-9.55406,0.453342,0,3.8,0,0.475246,0.8416,0.256616
-16.5518,-23.0412,-31.7514,-0.739347,-0.0801663,-3.5,0,0.0240844,0.555378,-0.831249
-0.67725,-19.2054,-35.7846,0.918187,0,-4.5,0,-0.284501,-0.404571,-0.869127
-23.8337,-3.74412,-11.8514,1.58554,0,3.8,0,0.414042,-0.635455,0.651741
-14.5997,-4.03075,-5.67225,0.017819,0,-3.94035,0,-0.0681617,-0.655443,0.752163
-28.273,-5.37275,-13.631,0.150673,0,3.8,0,-0.350002,0.911744,0.214991
-28.1541,-5.11312,-10.1574,0.881195,0.156805,-4.01342,0,0.0148657,0.688782,-0.724816
10.2614,-38.5388,-21.9679,-1.14747,0,-3.5,0,0.464468,0.065952,0.883131
7.384,-25.7641,-19.5252,0.0823383,0,-1.3,0,0.541874,0.209996,0.813802
-28.4469,-7.72862,-19.2959,0.0409009,0,3.8,0,0.121731,-0.0496211,-0.991322
4.57416,-38.7705,-37.0959,0.772584,0.0382709,-4.5,1,0.080109,0.404057,-0.911219
7.16444,-27.8421,-19.9732,-0.181084,0,-3.76431,0,0.291739,-0.127669,0.947939
-14.8472,-10.5907,-15.1337,-0.0116341,0,-2.49357,0,-0.114284,-0.97856,0.171345
-20.44,-29.2525,-32.4315,-1.19196,0,-3.5,0,-0.243093,-0.308089,0.919775
2.61994,-17.8319,-30.6894,-1.66235,-0.141693,-3.5,0,-0.0683536,0.956006,0.285273
-3.90663,-37.0791,-22.862,-1.18698,-0.107483,-1.3,0,-0.558768,-0.342792,0.755164
-1.20475,-18.8533,-30.639,0.287554,0.388353,-0.7,0,0.410498,0.701453,0.582628
-6.03912,-36.2739,-36.7187,0.766133,0.0372664,-4.5,0,0.343753,-0.556921,-0.756091
-11.1537,-26.7935,-36.6718,1.54931,0,-3.9,0,0.338382,-0.752235,0.565367
-17.5561,-25.9339,-34.9994,-3.72582,-0.00622207,-3.5,0,0.253661,0.45263,-0.854858
-5.61387,-20.227,-38.8729,0.314188,-0.0657917,-3.9,0,0.640084,-0.669449,-0.377002
8.06631,-43.0724,-29.9288,-0.674977,0,-3.18485,0,0.465179,-0.883296,-0.0582722
-16.6125,-21.664,-22.693,2.55131,0,-3.9,0,-0.962921,0.254299,0.0900818
-3.60194,-15.2213,-31.4341,0.284128,0,-3.5,0,0.876643,-0.0205658,-0.480701
9.80675,-36.4033,-20.8853,-1.18207,-0.0295608,-3.5,0,0.99483,-0.101094,0.00963258
4.93375,-20.3067,-32.024,-1.74787,-0.20234,-3.5,0,0.905369,-0.304848,-0.295592
3.68769,-29.9896,-27.9857,-0.487531,0,1.65594,0,-0.426075,-0.246439,-0.870476
-0.979125,-9.13912,-12.3864,0.109062,0,3.81997,0,0.573868,0.415117,0.705941
-4.58337,-37.894,-31.6575,0.311574,0,-0.8,0,-0.4098,-0.844976,0.343627
-15.1206,-7.77031,-25.5114,0.355533,0,-0.7,0,-0.946938,-0.0134516,-0.321134
-12.165,-7.6725,-26.8692,0.388797,0,-0.7,0,0.434214,0.214973,-0.874783
-17.5882,-7.93369,-23.8444,-1.26856,-0.0875982,3.8,0,-0.417773,0.10251,-0.90275
-16.4251,-20.2878,-18.4375,0.165903,0,-3.9,0,-0.883258,-0.44505,0.1476
8.54825,-24.8528,-20.663,0.428668,0.709886,-1.3,0,0.729674,0.415935,0.542747
-5.8555,-4.8905,-10.899,0.0845131,0,-3.5,0,0.62012,0.354363,0.699913
-8.57913,-20.4437,-41.9523,0.184191,0,-0.4,0,0.203669,-0.328824,-0.922168
0.0941875,-16.1386,-17.8372,0.0220661,0,-3.5,0,0.54226,0.339841,0.768416
10.9008,-40.3602,-22.0049,-1.30559,0,-3.5,0,0.0452866,-0.413462,0.909395
-28.7266,-12.7665,-18.4776,-0.0617232,-0.157787,-0.7,0,-0.223129,0.169091,-0.960011
-14.6348,-11.4438,-29.0657,0.177655,-0.152932,3.1569,0,-0.611568,0.12922,-0.780569
8.792,-23.1327,-24.5791,-0.76767,0,-2.52472,0,0.962113,-0.24366,0.122347
-15.0917,-11.6097,-16.4524,-0.940949,-0.699213,-1.6,0,0.00166511,-0.663214,0.748428
3.037,-36.6756,-22.7985,-0.76431,0,0.667806,0,0.116003,-0.990136,0.0785713
-18.0476,-20.8275,-27.3604,1.09304,0.00264209,-3.5,0,-0.651175,0.513878,0.558481
-26.2846,-1.80825,-16.4115,0.224549,0,3.8,0,-0.711647,0.598959,-0.367161
-17.4877,-22.3416,-31.7813,-0.697149,0,-3.5,0,0.228576,0.404479,-0.885522
-17.2584,-1.97863,-5.16787,1.78005,0,-1.50264,0,-0.858614,-0.508546,0.0645169
-30.1454,3.67831,-14.6247,0.844375,0,-4.5,0,0.245469,-0.596142,-0.764434
11.1151,-42.1785,-25.8131,-1.86543,-0.0197002,-3.5,0,0.495936,-0.867792,0.0313929
-8.47219,0.006375,-12.1104,1.07575,0,-4.5,0,-0.437386,0.694563,-0.571205
6.23612,-21.1227,-27.5869,-1.09551,-0.965036,-3.5,0,0.390673,0.876621,-0.280908
-5.01531,-3.76481,-13.4279,0.333193,0,4.2,0,0.0150724,0.77892,-0.626942
-30.5907,7.97294,-11.7714,1.02572,0.160007,-4.5,0,-0.428018,0.710024,0.559165
-14.1349,-5.43844,-23.6879,0.529014,0.0365785,0.108935,0,-0.134381,0.94912,-0.284803
-29.5549,-10.3341,-16.4373,-0.369816,0,1.14147,0,-0.999819,-0.017904,-0.00650811
-5.30438,1.25181,-8.01812,0.625348,0,-4.5,0,-0.0880279,-0.158028,0.983503
-0.94675,-30.2444,-30.7669,2.12854,0.0721469,-3.9,0,0.898029,-0.129435,-0.420465
-25.7616,-1.76125,-13.8281,0.256022,0,3.8,0,-0.80196,0.53236,0.271024
5.20194,-19.0734,-26.2177,-0.235818,0,-1.39126,0,0.39236,0.488103,-0.779621
-6.97744,-7.83194,-33.3039,2.82687,0.361778,-3.9,0,0.265552,0.32958,-0.906013
7.62038,-37.9641,-30.8125,-0.427366,0,-3.5,0,-0.259636,0.895551,0.361355
-2.26719,-17.7131,-30.5334,0.343403,0,-1.27591,0,0.716995,0.69705,-0.00624866
-23.2661,-3.46287,-20.6558,0.206915,0,4.5,0,-0.263671,0.515857,-0.815088
-10.0685,-26.698,-39.4745,3.07286,0.0265941,-3.9,0,0.628385,-0.356844,-0.691227
8.4945,-38.178,-19.9403,-2.05493,-0.135749,-3.5,0,0.0209347,-0.75873,0.651068
-14.511,-21.187,-35.0415,-0.758763,-0.63025,-1.3,0,-0.960073,-0.27865,0.0247877
-28.2561,-1.56081,-9.14419,-1.39119,-0.889898,-4.5,0,-0.491306,0.223025,-0.841949
0.373,-41.1701,-34.8634,-0.811853,0,-1.6,0,-0.537512,-0.0280652,-0.842789
-6.38812,-11.4151,-10.5243,0.115376,0,-3.9,0,0.289435,0.163716,0.943093
-10.5258,-28.6787,-18.6847,-1.97445,-0.649892,-3.5,0,-0.94583,-0.268221,0.182932
-2.37275,-45.2672,-30.7648,-0.0975673,0,4.2,0,-0.938491,-0.194666,0.285201
-21.7512,-2.74487,-9.11875,3.8268,-0.22953,-0.8,0,0.102261,-0.994275,-0.0309778
-17.4058,-2.87019,-20.0022,0.593898,0.122271,1.35815,0,-0.466988,0.608994,-0.64113
0.609125,-33.463,-30.8584,0.972829,0,2.8,0,0.616283,0.526798,-0.585388
-7.46506,-8.12319,-27.3188,0.537061,0,-3.9,0,0.0474864,0.904589,0.423631
-5.57275,-25.9785,-32.5043,-0.0290181,0,-4.43949,0,-0.000257786,-0.246028,-0.969263
-17.529,-28.1659,-34.3531,-0.732947,0,-3.5,0,0.66507,-0.666116,-0.337598
-14.2907,-5.45125,-5.976,3.91061,0,-4.5,0,-0.155422,-0.1851,0.970352
-10.9374,-36.5491,-33.5253,1.22927,0.759614,-4.5,1,-0.78408,0.0336179,0.619749
-16.5899,-13.2482,-28.6532,0.256532,0,4.5,0,-0.123197,0.0375218,-0.991673
5.798,-44.154,-24.2171,-1.94919,-0.635048,-3.5,0,0.237506,-0.285416,0.928509
5.40875,-32.0736,-12.8782,-0.041119,0.0114343,-3.5,0,0.291924,-0.57785,0.762148
-30.883,-8.20775,-8.27487,-0.0654031,0,-3.5,0,-0.80081,-0.253264,0.542734
-28.3428,-12.4286,-11.5799,-0.311579,0,-3.37939,0,-0.0245986,-0.969281,0.244722
-15.7922,-4.482,-12.5024,0.119895,0,3.8,0,-0.574616,-0.401497,0.713174
-13.5919,-22.2523,-37.1296,-0.366243,-0.165715,-3.9,0,-0.891226,-0.429751,-0.145018
-28.558,-3.6825,-9.5385,0.898697,0,-4.4825,0,-0.0735627,0.414298,-0.907163
-26.0751,-3.13631,-9.789,0.91742,0,-4.5,0,-0.471398,0.332877,-0.816686
6.33012,-25.8359,-28.5974,-0.670139,-0.738451,-3.17638,0,0.680569,0.219982,-0.69888
3.41038,-21.2494,-32.2504,-0.9142,-0.0702935,-3.5,0,0.283044,-0.555931,-0.781554
-9.71419,-26.8972,-13.3884,-0.348633,0,3.8,0,-0.812785,-0.570491,-0.117986
3.1155,-41.3275,-36.7682,0.508667,0,-4.5,1,-0.709123,0.0844017,-0.700014
-4.89425,-10.976,-25.6525,-0.837662,-0.846519,-1.3,0,0.693424,0.703799,-0.154371
-7.94906,-4.83306,-18.6959,0.274682,0,4.5,0,-0.0272403,0.434924,-0.900055
3.57538,-37.8524,-30.6982,0.314617,0,-4.5,0,0.774555,0.564616,0.285084
3.8895,-34.154,-27.9513,-0.132493,0,1.22422,0,0.704456,-0.308679,-0.639108
-15.878,-10.9761,-14.888,-0.264755,0,-3.5,0,0.416306,-0.908848,0.0261741
-1.89622,-18.7743,-34.7744,1.6368,0,-4.5,0,-0.65583,0.129951,-0.743639
-6.17975,-4.51275,-18.3355,0.342997,0.21479,-0.0708451,0,0.137749,0.851076,-0.506651
-0.82725,-32.7986,-35.8912,0.296728,0,-3.9,0,0.868895,0.385725,-0.310223
-22.0443,-0.784125,-7.49903,0.644895,-0.469431,-0.8,0,0.281022,0.122532,0.951847
-17.3025,-1.6995,-16.3495,0.521617,0,-0.161902,0,-0.242615,0.275723,-0.930115
-9.65384,-1.85022,-12.9451,0.578355,0,-4.5,0,-0.319384,0.665534,-0.67458
-15.3412,-19.5115,-11.9592,-0.709972,0,-3.5,0,0.163128,0.418622,0.893389
4.531,-19.2565,-27.1385,-0.244697,0,-3.5,0,0.688083,0.710082,-0.149414
-13.362,-18.2235,-37.959,0.23027,0,-3.82513,0,-0.230582,0.437559,-0.869122
1.07012,-26.0784,-17.3649,0.100907,0,-4.5,0,0.951836,0.119058,0.282549
-12.5243,-2.31128,-14.0684,0.479544,0,3.8,0,0.597604,0.799672,-0.0582578
-30.3191,-9.07156,-13.4605,-1.09931,0,-1.72907,0,-0.84773,-0.408617,-0.338209
-1.37937,-42.0026,-30.6735,-0.168535,0,4.2,0,-0.953681,-0.186925,0.235694
-32.0993,-3.508,-7.68888,0.403177,0,-3.5,0,-0.104352,0.993422,-0.0471432
-6.61237,-17.8015,-13.2723,-0.358007,0,0.850573,0,0.705299,-0.261045,0.659097
-5.96891,-23.7742,-34.4201,0.789007,0,-4.5,0,0.378891,-0.697731,-0.607957
-13.5398,-27.0403,-34.7052,-0.351684,0,-3.5,0,0.479843,-0.181842,-0.858303
-21.0356,-27.1333,-35.8515,-0.708413,0,-3.5,0,-0.595662,0.434402,-0.675634
1.79681,-17.8958,-19.1565,-0.129523,0,-3.5,0,0.92838,0.321209,0.186911
-0.513594,-32.4489,-33.9836,0.21277,0,-3.9,0,0.849656,0.498721,-0.171352
2.35969,-12.2398,-20.215,0.917604,0,-4.5,0,0.620117,-0.413963,0.666401
1.04578,-16.5935,-18.9286,0.0915352,0,-3.5,0,0.822427,0.493286,0.283341
3.97875,-45.1754,-31.1001,-0.19884,0,-0.8,0,0.00788757,-0.990267,0.138958
8.69675,-37.5698,-31.0042,-0.665719,0,-3.5,0,-0.125634,0.936246,0.328115
-6.837,-33.836,-28.5952,-0.172324,0,-2.73388,1,-0.647838,-0.707191,0.283173
1.71494,-21.4898,-19.6997,-0.312287,0,-1.35459,0,0.887524,-0.182101,0.423249
2.05653,-18.5337,-18.0219,-1.15859,-0.628109,-3.5,0,0.887508,0.443319,-0.125687
2.05869,-29.0334,-16.9111,-0.543266,0,-4.00503,0,-0.0668309,0.549211,0.833007
-6.95431,-15.8769,-9.98372,2.0413,0,-3.9,0,0.86422,-0.255838,0.433211
6.505,-19.152,-22.6047,-0.725168,0,-1.3,0,0.462061,0.632272,0.621878
-5.57256,-12.4563,-11.2637,0.259259,0,-3.9,0,0.690859,-0.0718925,0.719406
0.3445,-21.4005,-14.9835,-0.451629,-0.221741,-4.27633,0,0.621749,-0.0159912,0.783053
-29.8221,-11.0478,-15.5237,-1.40897,0,-0.7,0,-0.969442,0.216047,0.116213
-18.3657,-13.5396,-24.4308,0.0936417,0,4.5,0,-0.986349,0.0828921,0.142284
6.33175,-18.035,-25.4961,0.11574,0,-1.3,0,0.260926,0.728481,-0.63343
-2.73263,-18.9288,-14.122,0.387322,0.0126827,-4.5,0,0.418003,0.4864,0.76726
-1.2235,-40.9122,-28.9729,-0.750825,0,0.734232,0,-0.499449,-0.744939,0.442285
3.73325,-18.6887,-21.8162,0.0338261,0,-1.3,0,0.377391,0.407481,0.831586
-22.2171,-11.3736,-12.9144,0.234186,0,-0.8,0,0.765366,-0.0861265,0.637806
-25.9307,-10.4922,-9.36588,-0.223192,-0.270191,0.18247,0,0.152468,-0.832761,0.532225
-16.9708,-9.42872,-23.189,-0.795071,0,3.8,0,-0.268519,-0.381924,-0.884325
-0.548688,-12.6569,-13.4446,0.0587659,0,3.8,0,0.0346235,-0.753003,0.657105
-23.6152,-6.60369,-12.1944,0.964629,0,-0.8,0,0.329464,0.413726,0.848696
-7.29572,-2.37253,-9.81837,1.16487,0,-4.5,0,0.484979,-0.278558,0.828976
-11.3698,0.36275,-10.3125,0.508743,0,3.8,0,0.903213,0.427789,0.0346967
-15.4765,-9.43831,-12.9599,0.299695,0.534656,-3.5,0,-0.310281,0.396916,0.863819
5.30137,-27.2151,-18.9062,-0.0978371,0,-1.3,0,0.31351,-0.233487,0.920432
-1.85656,-43.4003,-30.701,-0.00731469,0,4.2,0,-0.936641,0.24764,0.247745
-6.29238,-18.0193,-34.5143,1.25385,0,-4.5,0,0.585495,0.798603,0.139389
-22.2365,1.04437,-8.175,0.649558,0,-0.8,0,0.355844,0.393799,0.847524
0.276313,-9.24438,-14.1864,0.177782,0,3.8,0,0.45701,0.870399,0.183159
-9.76969,-16.804,-10.5987,-0.172271,0,-3.65484,0,-0.919919,-0.138063,0.366997
5.94256,-27.198,-29.4368,-1.14171,-0.203779,-3.5,0,0.466299,0.0656223,-0.88219
-15.2122,-21.9981,-18.5746,0.288547,0,-3.9,0,-0.604931,-0.709202,0.362065
-6.48019,-29.6276,-23.8429,0.182314,0,-1.6,1,-0.272834,-0.926002,0.260926
-9.22287,-14.6375,-8.46113,2.78359,0,-3.9,0,-0.389722,0.188268,0.901483
-3.10262,-7.85328,-16.1631,0.343349,0,-3.5,0,0.859614,0.450214,0.241602
4.46081,-37.2836,-23.2455,-0.73674,0,2.5,0,-0.573308,-0.609058,0.548057
-3.38016,-38.67,-30.535,0.116035,0,-0.879099,0,-0.651964,-0.756939,-0.0445632
-4.11088,-32.0511,-35.4056,0.814072,0,-3.9,0,-0.378582,0.923574,-0.0607134
-15.2149,-21.1309,-17.5177,0.270425,0,-3.9,0,-0.783626,-0.480538,0.393718
-16.4103,3.95237,-7.14113,2.91603,0,-3.5,0,-0.528426,0.712085,-0.462278
-3.24863,-11.1414,-23.039,0.285539,0,4.2,0,0.440937,0.807612,-0.391583
-6.98925,-26.5895,-11.4403,-0.232824,0,3.8,0,0.206972,-0.32377,0.92322
-13.8751,-23.5997,-20.4929,0.478363,0,-3.9,0,-0.426478,-0.787915,0.444191
3.543,-37.8525,-25.1681,-0.145757,0,2.76102,1,-0.625976,-0.606992,0.489607
-5.95341,-34.2063,-27.1801,-0.198505,0,1.8,1,-0.681646,-0.699805,0.213615
-18.9711,0.579188,-8.58125,1.64967,-0.0921865,-0.8,0,-0.0846008,0.769222,0.633356
-18.0552,-3.05834,-7.1465,0.850732,0,-0.8,0,-0.386015,-0.711487,0.587179
-10.3142,-9.224,-10.0145,0.159468,0,-3.5,0,0.184956,-0.455523,0.870799
-14.0823,-1.80087,-3.20344,0.475723,0,-3.5,0,0.813907,-0.556481,0.166985
-0.156563,-32.7818,-32.224,0.210485,0,-3.9,0,0.896491,0.401768,-0.18678
-31.415,-10.4105,-10.1796,-0.177802,0,-3.5,0,-0.899064,-0.250979,0.358738
-25.6868,-0.791375,-9.217,-0.0959082,0,-3.9,0,-0.254941,-0.137733,-0.957097
-16.4104,1.77713,-2.3205,0.401292,0,-3.5,0,0.0580868,0.993547,0.0974132
-10.006,-25.1802,-36.5659,0.972487,0,-3.9,0,0.705513,-0.606384,0.366809
-0.923875,-31.0042,-15.1314,-2.65576,-0.269228,-3.5,0,0.662931,-0.0673494,0.745645
5.72975,-34.4642,-25.7962,-0.253991,0,2.5,0,0.482546,-0.190629,-0.854874
-13.0708,-27.631,-22.0747,0.0902105,0.0141149,-4.5,1,-0.135707,-0.985308,0.103693
-3.21172,-15.6923,-30.3113,0.00774829,0,-2.87757,0,0.915702,0.270962,-0.296765
-1.9305,-12.527,-13.621,0.0961324,0,3.8,0,-0.125198,-0.664316,0.736892
-13.3015,3.79075,-12.1375,0.394931,0,3.8,0,0.531056,0.651631,-0.541623
-13.5585,-8.637,-27.7875,0.36736,0.0622761,-2.19849,0,-0.250052,0.495394,-0.831901
-14.1157,-18.4504,-12.8188,-0.196828,0,-3.5,0,0.248528,0.432498,0.866706
-13.947,-17.1498,-13.7593,0.0564262,0,-3.5,0,0.0665975,0.57327,0.816655
-10.5786,-25.4718,-12.836,-0.753177,-0.276956,-1.90804,0,-0.415787,-0.582433,0.698494
2.12956,-28.8822,-28.418,-0.0986508,0,3.8,0,0.106368,-0.838094,-0.535056
-4.72775,-12.3091,-12.0444,0.202366,0,-3.9,0,0.697434,-0.28672,0.656793
-26.5499,-13.3132,-12.8846,-0.210649,0,-0.8,0,-0.474812,-0.874523,0.0988102
-8.15356,-27.774,-16.3481,-0.483377,0,-1.11469,0,-0.8016,-0.480689,0.355494
-12.8348,-26.8762,-38.1217,2.26609,0,-3.9,0,-0.778082,-0.62811,0.00815514
-7.43866,-16.6939,-37.336,0.638219,0,-3.9,0,-0.0815187,0.996448,-0.0211152
-1.83353,-36.0605,-35.7603,0.372585,0,-3.9,0,0.41112,-0.673844,-0.613933
3.67356,-36.3259,-35.0431,0.812472,0,-4.5,0,-0.245033,0.835491,-0.491847
-17.1389,1.46969,-10.177,1.15522,0,3.8,0,-0.421906,0.77974,0.462603
1.14013,-44.4748,-28.3106,-0.241193,0,4.2,0,-0.134989,-0.0956461,0.98622
-17.0199,-15.1637,-22.3036,0.193717,0,4.5,0,-0.851476,-0.521962,0.050441
-11.2071,-14.0538,-35.2477,2.36347,0,-4.5,0,-0.438239,-0.363445,-0.822103
-7.11062,-18.7862,-11.9625,-1.26041,0,-3.5,0,0.927293,-0.09945,0.360884
0.535625,-9.99988,-21.5247,1.38506,0,-4.5,0,-0.465065,0.823013,-0.326134
9.43794,-33.29,-19.3315,-0.561935,0,-3.5,0,0.898567,0.27795,0.33959
5.93162,-30.1564,-17.0511,-0.221802,0,-3.5,0,0.706624,0.706049,0.0466706
-17.5088,-28.4867,-32.7378,-0.0419945,0.170632,-3.5,0,0.198642,-0.969487,0.143654
-8.4235,-29.1137,-24.3692,0.210869,0,-1.6,1,-0.462493,-0.866013,0.190058
0.7545,-27.3237,-16.0392,-0.153785,0,-4.5,0,0.770564,-0.0296712,0.636671
-31.9899,-6.12303,-6.44559,0.369308,0,-3.5,0,-0.241357,-0.633688,0.734974
-6.07891,-13.7919,-10.8654,0.528457,0,-3.9,0,0.751927,-0.103791,0.651024
-7.18831,-29.9377,-25.5101,-0.150017,0,-1.6,1,-0.50749,-0.692876,0.512228
-12.8313,-26.5063,-35.4868,0.0750409,0,-3.9,0,-0.269327,-0.848918,0.454754
-0.513,-22.539,-34.0482,1.36872,0.856925,-4.5,0,0.0659267,-0.166449,-0.983844
2.52444,-42.3857,-36.6509,0.717601,0,-1.6,1,-0.434912,0.339152,-0.834163
-21.0112,-2.77025,-10.2907,1.66136,-0.130839,3.19213,0,-0.323672,-0.872906,0.365064
-16.27,-11.434,-13.484,-0.138014,0,-3.5,0,0.480519,-0.801115,0.356813
-10.6894,-0.20475,-11.082,0.371932,0,-4.5,0,0.128313,0.819303,-0.558819
-16.952,-18.8755,-26.4715,0.185795,0,4.5,0,-0.907741,-0.414461,0.0650238
-8.69128,-6.41962,-19.3457,0.232149,0,4.5,0,0.0316686,0.776477,-0.629349
-1.12269,-45.2145,-29.5591,-0.124555,0,4.2,1,-0.629829,-0.369566,0.683181
-5.98119,-2.14434,-10.564,0.885748,0,-4.5,0,0.632231,-0.392673,0.667901
-3.47166,-13.8527,-30.28,0.188964,0,-3.5,0,0.974826,0.222941,0.0034625
-5.85038,-0.699875,-9.2895,0.971484,0,-4.5,0,0.25591,-0.603792,0.754947
-11.2765,-15.814,-35.0866,0.680752,0,-2.0503,0,-0.0859586,0.29482,-0.951679
-6.54231,-7.65381,-28.4476,0.77671,0,-3.9,0,0.32465,0.848349,0.418219
-11.0766,0.16,-8.91306,0.944792,0,3.42304,0,0.503038,0.86399,0.0217738
7.08625,-31.5649,-14.4417,0.0293487,0.626489,-3.5,0,0.796598,0.298155,0.525867
5.85672,-38.4652,-27.7107,0.553847,0.0945976,1.93542,0,0.140179,0.92694,-0.34804
-16.1921,-18.0653,-32.1001,-0.504986,-0.00745072,-3.9,0,-0.639337,-0.545887,-0.541531
-20.832,-10.8875,-21.3045,0.124934,0,-3.5,0,-0.845604,-0.304261,-0.43861
-10.6418,-27.8656,-20.2384,-0.234575,-0.313724,-3.86152,0,-0.726417,-0.687246,0.00330915
-27.8004,-4.69097,-15.7828,0.161405,0,3.8,0,-0.452366,0.890341,-0.0515545
1.586,-31.2069,-14.9121,-1.59547,-0.308622,-3.5,0,-0.8423,0.0605736,0.535595
-20.0748,-9.23541,-13.3963,-0.224814,0,-3.5,0,0.00464853,0.174252,0.98469
-18.4175,-2.26737,-15.8982,1.09024,0,0.0323236,0,-0.280808,0.606328,-0.743985
-6.14131,-35.0928,-29.7638,0.493059,0,-4.5,1,-0.448207,-0.542861,0.71022
-4.17425,-19.3428,-34.3092,0.233391,0.537185,-4.14183,0,0.488635,0.52049,-0.700233
-24.8031,4.8468,-11.0626,0.412341,0,-0.4,0,-0.247509,0.798825,-0.548287
-3.414,-5.309,-15.5662,0.373262,0,4.2,0,0.467814,0.806912,-0.360615
10.3954,-28.2457,-21.9575,0.808822,0,-3.9,0,0.761835,0.0890336,0.641624
-12.9795,-21.7202,-13.453,-0.460309,-0.017405,-3.5,0,0.351255,0.236564,0.905901
-2.65419,-14.1038,-24.9214,0.850944,0,0.735657,0,0.473238,0.825749,-0.306896
0.81375,-34.8504,-19.1762,-0.80702,0,-3.5,0,-0.31183,-0.126211,0.941718
-10.6554,-7.01587,-8.57213,-0.350659,0,-4.5,0,-0.1783,-0.680291,0.710924
-1.39287,-34.1159,-20.7891,-1.26967,-0.561761,-3.5,0,-0.712226,-0.134275,0.688988
-26.0425,-4.73925,-12.395,-0.550485,0,-0.587445,0,-0.697354,0.712453,0.078155
-26.9828,-10.0802,-8.105,0.0925865,0,1.8,0,0.0908623,-0.901529,0.423072
-23.7342,-10.6919,-11.3681,0.738307,0,-0.8,0,0.722696,0.251431,0.643811
-9.98409,-24.1175,-39.01,0.475335,0,-3.9,0,0.708943,-0.201277,-0.675934
-2.39094,-32.9754,-17.9144,-0.696322,0,-3.5,0,-0.059564,-0.991774,-0.113299
2.40806,-18.0295,-20.8405,-0.0829253,0,-3.5,0,0.761601,0.293364,0.577843
-16.76,-2.55325,-16.9807,0.508638,0,-0.8,0,-0.136799,0.949806,-0.281343
-1.96866,-41.2726,-32.194,-0.0414142,0,-0.8,0,-0.820075,-0.572256,0.000321238
-26.7698,-5.473,-18.1057,0.116708,0,3.8,0,-0.191196,0.49828,-0.845672
-11.7557,-24.4932,-17.6881,0.626896,0,-3.5,0,-0.60769,-0.679907,-0.410414
-19.3218,-21.0339,-29.6268,-0.778382,-0.217965,-3.5,0,-0.819594,0.570408,0.0538594
0.105594,-44.0966,-33.5609,0.542048,0,4.2,0,-0.684473,-0.199742,-0.701142
-6.1165,-31.152,-16.6443,-0.85669,-0.350258,-3.5,0,-0.551522,-0.749061,0.367057
0.0252187,-38.962,-27.1881,-0.439221,0,-0.8,1,0.312494,-0.657529,0.685568
1.43997,-16.1222,-36.769,2.90929,0.0430371,-4.5,0,-0.308226,0.712926,-0.629867
-6.28119,-8.73309,-22.0451,0.210247,0,4.2,0,0.763945,0.468285,-0.443956
-4.79278,-30.6363,-18.4738,-1.02388,0,-3.5,0,-0.388084,-0.825368,-0.410071
-4.70681,-28.4437,-32.6955,0.909917,0,-3.9,0,-0.54856,-0.0350388,-0.835377
-12.1941,-12.9762,-11.9124,-0.0628355,-0.0429954,-3.09274,0,-0.27088,-0.892129,0.361566
-7.93325,-19.954,-11.4295,-0.888098,0,-3.5,0,0.481844,-0.64949,0.588208
-15.1638,-23.5195,-21.311,1.24973,0,-3.9,0,-0.338539,-0.807819,0.482514
-18.341,-15.5139,-19.1964,0.413882,0.0656821,-2.11911,0,-0.949935,-0.301716,0.0811889
-5.60559,-7.44006,-21.11,-1.19287,-0.320953,-3.5,0,0.316099,0.501722,-0.805206
3.86691,-39.6758,-26.4043,0.0249212,0,0.021181,1,-0.64962,-0.331652,0.684106
-4.8445,-2.73525,-12.473,0.417833,0,0.0255641,0,0.895408,0.350299,-0.274835
-11.8589,-27.8482,-38.8646,2.98964,0.175165,-3.9,0,-0.0804095,-0.954605,-0.286815
-4.91034,-15.0537,-32.3571,0.442995,0,-3.5,0,0.28393,-0.152255,-0.94668
-7.7345,-15.0564,-8.27563,2.82029,0.411992,-3.9,0,0.332116,0.040552,0.942366
5.914,-38.215,-36.5425,0.626086,0,-4.5,1,0.374189,0.266453,-0.888248
0.685188,-16.5758,-27.0281,0.0691786,0,-0.8,0,0.530952,0.458654,-0.712549
-5.36613,-9.9285,-29.711,0.460212,0,-3.9,0,0.987832,0.0933034,0.124426
-13.9419,-17.1,-37.6182,0.352553,0,-0.4,0,-0.189745,0.530303,-0.826302
-3.34597,-17.2299,-31.6388,0.598254,0,-1.37235,0,0.47729,0.504972,-0.719164
0.415437,-37.6336,-34.3695,0.542084,0,-3.868,0,-0.148884,0.0739744,-0.986084
-2.2435,-23.5965,-33.414,0.935924,0,-4.49503,0,-0.296272,-0.111306,-0.948596
-6.60325,-34.7865,-37.7048,0.407784,0.0190783,-3.9,0,-0.621445,-0.0382914,-0.782521
-8.44659,0.438156,-10.2304,1.34265,0,-4.5,0,-0.567994,0.750293,0.338295
5.80175,-45.2195,-31.1957,-0.221972,0,-0.8,0,0.388826,-0.914463,0.112119
3.72772,-25.101,-31.8911,-0.298496,-0.0123398,-3.5,0,0.897972,0.24991,-0.362204
9.5985,-29.1392,-20.9835,0.108995,0,-3.9,0,0.731002,0.197679,0.653115
-18.7733,-12.994,-17.785,0.101323,0,-3.5,0,-0.34398,-0.853646,0.391108
7.759,-32.107,-24.359,-0.504185,-0.338895,-0.9,0,0.686445,-0.0738896,-0.723418
-14.7085,-12.9299,-16.9189,-0.321454,-0.123864,-1.6,0,-0.576996,-0.0206492,0.816486
-24.2269,0.907,-10.4544,1.0816,0.124365,-0.8,0,-0.735273,-0.240104,-0.633816
-11.2012,-25.7946,-19.8647,1.13136,0,-4.5,0,-0.559657,-0.14715,0.815555
-8.09,-0.426,-9.004,1.20436,0.0245663,-4.5,0,0.133269,0.290727,0.947479
-24.9339,-11.3472,-10.1228,0.0735011,0,-0.8,0,0.111329,-0.0836016,0.990261
-0.411,-20.108,-15.0162,-0.282782,-0.208663,-3.53687,0,0.393837,0.421686,0.816745
-26.2366,-3.73391,-14.5923,0.170923,0,3.8,0,-0.888818,0.30888,0.338521
-9.86328,-2.81575,-6.17981,0.387522,0,1.9,0,0.655488,-0.404298,0.63787
4.23387,-26.7714,-33.5895,-0.693082,0,-3.5,0,0.965458,-0.259764,-0.0203468
-4.56325,-35.9026,-26.4195,-0.419396,0,-1.09476,1,-0.973847,-0.225594,-0.0270112
-9.82837,-5.30578,-18.2929,0.359847,0,4.5,0,-0.0763674,0.314973,-0.946023
-4.33087,-23.5257,-12.5462,0.303867,0,-4.5,0,0.226162,0.0754607,0.971162
-23.3021,-2.02731,-17.229,0.397124,0,3.8,0,0.270861,0.838521,-0.472776
-4.07872,-34.7044,-24.9098,-0.683111,0,1.04081,1,-0.935167,-0.00734288,0.354131
-2.97356,-35.0145,-38.0336,1.36005,0,-3.9,0,0.348571,-0.493621,-0.796767
6.29734,-37.2827,-35.7227,0.690624,0,-4.5,0,0.745264,0.511378,-0.427873
-5.23094,-33.1518,-35.2385,0.680072,0.0162465,-3.9,0,-0.773443,0.610987,0.168762
-10.5905,-23.6998,-12.662,-1.47909,-0.184004,-3.5,0,0.279774,0.285458,0.916646
-2.30591,-32.1068,-21.3154,-0.46508,0,3.8,0,-0.765207,-0.523482,0.374734
4.38469,-36.9736,-26.9382,0.407447,0,2.76142,0,0.57994,0.356472,-0.732528
-14.5655,-5.98756,-26.2106,0.330047,0,-0.7,0,-0.507456,0.691197,-0.514523
2.63097,-38.2863,-26.7504,-0.335353,0,2.26472,1,-0.424149,-0.657505,0.622724
-26.7812,-1.85637,-9.25619,0.261374,-0.0589312,-4.5,0,-0.136242,0.168213,-0.97629
9.25156,-30.8531,-23.8769,0.0601388,0,-3.9,0,0.62908,-0.490615,-0.602955
2.099,-9.3495,-17.7245,0.321029,0.268468,-0.329152,0,0.437277,0.755558,0.487772
3.99025,-32.6154,-28.8694,-0.0473073,0,-0.9,0,0.133658,-0.264674,-0.955031
-21.055,-12.232,-19.268,0.110243,0,-3.5,0,-0.635289,-0.553564,-0.538493
-5.74066,-30.1785,-19.6652,-0.630237,0,-3.5,0,0.110919,-0.96085,-0.253899
-8.3775,-15.3125,-35.6975,0.97735,0,-4.5,0,0.589563,-0.171877,-0.789223
-7.895,-21.608,-12.845,-0.303168,0,-3.5,0,0.139994,-0.463603,0.874914
4.70952,-38.6376,-29.946,0.569746,0,-0.8,0,0.25941,0.965614,0.0171926
-15.2605,-11.442,-12.904,0.0497198,0,-3.5,0,-0.546888,-0.831745,0.095463
7.99581,-42.9416,-28.3256,-0.349612,-0.115736,-3.5,0,0.223876,-0.972567,-0.0631826
-1.38835,-37.9842,-34.7968,0.332939,0,-0.8,0,0.189438,0.0430389,-0.980949
1.10052,-19.5768,-35.002,0.666948,0,-4.5,0,0.167612,-0.767814,-0.618359
-5.60225,-11.5833,-33.535,-1.51303,-0.331994,-3.5,0,0.338594,0.133212,-0.931455
-19.7669,-0.803062,-15.008,0.965292,0,3.8,0,-0.175197,0.440528,-0.880478
-9.53259,-20.1765,-11.8752,-0.631807,0,-3.5,0,-0.455134,-0.613638,0.645214
1.4257,-17.0511,-25.4935,0.734996,0,-1.20701,0,0.613714,0.726561,-0.308974
1.79684,-45.19,-32.0758,0.483878,0,4.2,0,0.312408,-0.89983,-0.304478
-15.428,-26.338,-28.384,-0.174879,0,-3.5,0,-0.278677,-0.930744,0.236759
-9.97034,-8.59934,-32.8167,1.85205,0,-4.5,0,-0.139544,0.878674,-0.456574
-17.26,-12.501,-13.8885,-1.00793,-0.0263964,-3.5,0,0.418285,-0.682693,0.59914
-4.1289,-7.3359,-10.6882,0.177615,0,4.2,0,-0.0880006,0.0166251,0.995982
-26.933,-12.5642,-18.6145,-0.740382,-0.904306,-0.7,0,0.233367,0.43667,-0.868826
-3.47011,-11.7416,-24.0211,0.160559,0,4.2,0,0.747013,0.428749,-0.50808
-17.3239,-27.9907,-31.3736,0.262296,0,-3.5,0,0.0299346,-0.921661,0.386841
-28.5149,6.5762,-10.5835,0.82695,0.690688,-4.5,0,0.337525,0.818255,0.465333
-26.0155,1.0665,-10.1272,0.141808,0,-4.5,0,-0.125276,-0.626272,-0.769473
-18.948,-2.76672,-18.2246,1.86081,0,-0.8,0,-0.416002,0.877027,0.240347
6.44887,-20.0382,-21.5632,-0.482954,0,-1.3,0,0.40166,0.523635,0.751316
