x,y,z,charge,hbond,hphob,iface,nx,ny,nz
-10.735,74.654,-56.003,-0.0984204,0,4.5,1,-0.360568,0.59245,-0.720412
15.341,64.381,-54.676,0.222735,0,4.5,0,0.243634,-0.821773,0.515103
3.643,63.295,-66.392,-0.960417,-0.0205942,-3.2,0,0.550009,-0.37555,-0.745957
-15.465,87.7735,-64.6965,-0.73911,0,-3.5,0,-0.486093,0.0453567,0.872729
-19.4855,85.9875,-71.9085,0.947109,0.00158256,3.79009,1,-0.413394,0.330143,-0.848593
-14.0435,65.29,-65.1825,-0.0246599,0,4.2,1,-0.222393,-0.954832,-0.197074
-6.44,67.276,-55.818,-0.299419,-0.317352,1.8,0,0.375593,-0.0952642,0.921876
-4.034,72.7865,-52.763,0.0565261,0,4.5,0,0.723298,-0.558798,0.405691
-1.0275,100.366,-64.7645,-0.530325,-0.00198224,-0.4,0,0.93998,0.317217,-0.125741
-12.7675,71.1445,-58.6115,0.195647,0,3.8,0,-0.448274,0.102522,-0.887998
6.5505,84.8285,-50.3945,-0.120341,0,-1.3,0,0.387978,0.449837,0.804437
-19.172,82.469,-89.479,0.322478,0,3.69421,0,-0.84099,-0.0960282,-0.53246
-13.3635,87.451,-89.421,-0.0285233,0,-0.7,0,-0.571068,0.642973,-0.510359
-3.399,51.467,-65.5805,-1.05794,-0.193625,3.8,0,-0.156921,-0.979288,0.127952
-3.4805,89.9415,-81.3425,0.0460525,0,-1.3,0,0.227512,-0.908416,0.35074
-10.4055,58.5545,-67.285,0.0554335,0,-0.9,1,-0.365288,-0.689415,0.625517
-17.323,82.319,-81.049,0.225576,0,2.8,0,-0.857385,-0.230108,-0.46037
-2.9775,99.1805,-73.228,0.252191,0,-0.9,0,0.265563,0.932725,0.243927
-4.39,95.776,-72.5045,0.265117,0,-0.939242,0,-0.881852,0.44027,0.168816
-1.5095,78.3155,-47.5925,0.100092,0,4.5,0,0.124676,-0.539921,0.832431
-5.146,50.769,-67.4355,0.384982,0,-1.6,0,-0.00803753,-0.814228,0.58049
-20.62,68.929,-64.1755,-0.105598,-0.0298116,-1.58984,0,-0.324871,-0.461163,0.825704
-12.3935,68.307,-51.555,0.103252,0,4.5,0,-0.639657,-0.275034,0.717771
-19.978,72.603,-69.3665,0.241945,-0.0163687,3.8,1,-0.038851,-0.328789,-0.943604
-3.63,69.638,-53.5245,0.0479005,0,4.5,0,0.302809,-0.262921,0.916067
4.886,68.528,-70.3145,0.619023,0.283251,-4.5,0,0.574088,-0.803009,0.16
2.36,63.965,-48.833,0.0549962,0,4.5,0,-0.433435,0.237775,0.869251
-7.8465,54.8185,-56.0975,0.136379,0,4.2,0,-0.212143,-0.847508,-0.486544
-8.7605,74.1565,-58.65,0.158287,0,1.99209,1,-0.590073,0.349077,-0.727983
-10.774,78.324,-48.347,0.0899478,0,3.8,0,-0.95819,-0.264497,0.109147
5.2585,83.995,-63.1835,0.22494,0,-0.9,0,0.313402,-0.156799,-0.936586
-15.814,96.142,-82.908,-0.0644913,0,-0.9,0,-0.60687,0.79335,-0.0479958
-9.024,85.6345,-48.1595,0.418901,0.534732,-3.5,0,-0.638606,0.299147,0.709009
-3.1255,88.5645,-59.326,0.14179,0,4.5,0,0.409829,0.474331,0.779134
-17.3405,75.097,-66.93,0.258103,0,3.8,1,0.780524,0.385294,0.49227
-7.526,55.201,-59.1695,-0.773006,-0.032941,-3.9,0,-0.237433,-0.8864,-0.397392
6.044,80.192,-55.307,0.459379,0,-1.6,0,0.787889,-0.110594,0.605805
-1.1555,92.4355,-63.9595,0.0683244,-0.589985,2.8,0,0.982521,-0.131088,0.132168
-16.525,88.648,-83.589,0.136821,0,1.8,0,-0.551835,0.82909,0.0899341
-14.4225,75.6415,-93.34,-1.15525,-0.316092,-4.5,0,0.0476021,-0.911291,-0.409002
-17.5935,86.4445,-89.7065,0.131955,0,4.2,0,-0.263532,0.963832,0.0397249
-17.0925,86.149,-88.824,0.141165,0,4.2,0,-0.183516,0.924029,0.3354
-7.1315,54.0075,-63.4555,-0.40159,0,-3.5,0,-0.0343408,-0.896654,0.441399
-7.635,102.253,-63.4975,0.165349,0,-3.47159,0,0.635572,-0.154078,0.75651
-6.459,92.898,-84.021,0.0565222,0,-1.3,1,-0.0972327,0.872511,-0.478822
-14.629,79.884,-80.312,0.269396,0,2.8,0,0.0508445,-0.99842,-0.0239437
5.586,65.1525,-48.8055,0.0619962,0,4.5,0,0.0744462,0.356671,0.931259
-8.3045,54.25,-55.082,0.104439,0,4.2,0,-0.152539,-0.93096,-0.331732
-1.7855,59.5945,-50.9455,0.507666,0,-1.18089,0,0.37627,0.363676,0.85215
0.388,90.8415,-48.639,0.0443676,0,-0.7,0,0.489857,0.84606,0.210293
-14.268,62.609,-74.401,0.567887,0.748588,-3.5,0,-0.513136,0.0971553,-0.852791
-17.9265,65.2565,-65.876,0.476247,0,-1.3,0,-0.0256951,-0.8291,0.55851
-13.813,93.495,-70.9785,-0.336753,0.032007,-2.98289,0,0.741574,0.66337,0.100043
-9.271,79.266,-51.7815,-0.477532,0,3.88272,0,-0.908319,0.400589,-0.120353
2.191,83.1065,-49.8835,0.322591,0.380105,-0.996337,0,0.185139,-0.634643,0.750301
-5.571,95.3065,-79.9445,0.166043,0,-0.950046,1,-0.0132422,0.281052,-0.959601
-6.129,96.3005,-70.0575,-0.0184609,0,-1.3,0,-0.299122,0.915574,-0.268793
-9.0015,84.054,-92.4595,0.0981177,0,3.8,0,0.650421,0.354517,-0.671766
-17.9345,75.1925,-65.7865,0.397837,0,4.06984,1,0.842338,0.533394,-0.0771814
-23.209,68.263,-64.472,0.350281,0,-1.6,0,0.16186,-0.948431,0.272544
-14.8245,96.4235,-82.1345,-0.245498,0,-0.9,0,-0.313482,0.929839,0.192687
-12.4,85.375,-59.984,-0.303777,0,-0.9,1,-0.683673,-0.693957,0.225865
-18.5835,82.5765,-87.8415,0.691159,0,2.29689,0,-0.635203,0.128094,0.761649
-4.267,95.027,-59.873,0.244101,0,-3.9,0,-0.58072,-0.126951,0.804144
-3.42,55.204,-55.2815,0.652041,0,-3.9,0,-0.223599,-0.652684,0.723884
-1.578,91.0615,-47.4565,0.082511,0,-0.7,0,0.398992,0.849224,0.345867
2.646,72.347,-69.968,0.536592,0,-4.5,0,-0.0190331,0.995842,-0.0890881
-13.8555,71.41,-58.24,0.183241,0,3.8,0,0.0487522,-0.363172,-0.930446
-17.0142,84.3887,-91.9753,0.174292,0,4.2,0,-0.186671,0.334649,-0.923669
0.82525,78.6872,-63.2535,0.0989698,0,3.92636,0,0.238405,0.641462,-0.729171
-6.89925,67.6332,-65.6403,0.255067,0,4.2,0,0.525439,0.732027,-0.433647
11.7633,72.0287,-68.3135,0.229432,0,2.8,0,-0.405077,0.534923,-0.741464
-9.27375,82.322,-50.5013,0.129025,0,3.8,1,-0.813091,0.411433,-0.411833
-0.648,69.889,-66.065,0.467997,0,3.64314,1,-0.787494,0.490021,-0.37381
-19.9097,99.676,-70.1823,-0.471455,0,-0.8,0,-0.282969,0.393268,-0.874796
-9.333,72.45,-60.027,0.353472,0,4.5,1,-0.832306,0.478488,-0.279852
9.05412,88.6492,-62.2235,0.227332,0,4.5,0,0.803454,0.0281789,-0.594699
-19.2435,93.4772,-68.2513,-0.460475,-0.355684,-3.5,0,0.131819,-0.663151,0.736787
7.703,79.333,-63.684,0.214969,0,4.5,0,0.940896,0.0930848,-0.325654
8.7295,73.1527,-61.479,0.168984,0,4.5,0,0.898946,-0.0188927,0.437651
-16.6435,75.8305,-93.2595,-0.124231,-0.0666172,-3.9,0,0.0377382,-0.992348,-0.117561
7.42275,77.0892,-62.2332,0.385047,0,4.5,0,0.981255,-0.076439,-0.176907
-10.2692,99.9433,-63.4487,1.19192,0,-3.9,0,0.473557,-0.389725,0.789847
-11.3103,78.4967,-85.8575,0.831563,0,-4.5,0,-0.537636,0.515709,0.667077
-11.1397,86.336,-77.617,0.143273,0,4.5,1,-0.724154,-0.674865,0.141979
-30.6705,81.083,-65.9962,2.55335,0.0412416,-3.9,0,-0.61218,0.784413,0.0996605
-17.854,78.3965,-95.01,-0.53242,0,4.5,0,-0.879315,0.43278,-0.198761
-19.125,90.745,-66.6505,-1.54911,0,-3.5,0,-0.465638,0.871391,0.154464
-4.466,86.9005,-59.953,0.15566,0,4.5,0,0.0134982,-0.785232,0.619054
0.416,66.3705,-70.8915,0.795025,0,-0.4,0,0.964482,0.190617,-0.182866
17.3239,69.4164,-60.6011,3.33298,0,4.5,0,0.690186,0.21631,0.690546
1.7935,63.636,-69.2185,-0.24503,0,-0.262237,0,0.859678,0.467717,0.205413
-4.746,98.3475,-78.644,-0.0337228,0,-0.9,1,0.434805,0.616471,-0.656436
-11.58,84.7732,-91.9818,0.0994455,0,3.8,0,-0.0157458,0.794335,-0.607276
-17.2275,83.8695,-95.547,0.0383574,0,4.5,0,-0.680009,0.733071,0.0139621
-16.9215,94.63,-83.546,0.235087,0,-0.9,0,-0.817962,0.145534,-0.556559
-4.28775,80.9867,-43.5392,0.0706693,0,4.5,0,-0.510155,-0.229714,0.828838
7.1915,60.007,-58.0615,-0.318698,0,-3.5,0,0.458308,-0.883958,-0.0925921
-13.4815,91.8415,-84.717,0.0823554,0,2.5,0,-0.754939,0.209145,-0.62155
3.0905,57.7645,-61.8355,-0.579172,0,4.2,0,0.803413,-0.506437,0.313128
-8.019,86.67,-51.147,-0.294799,-0.0199504,-3.5,0,-0.413786,0.824686,-0.385583
-7.4975,67.8005,-66.49,0.296931,0,4.2,0,0.683957,0.482832,-0.546878
-18.3145,94.0813,-73.2828,0.467737,0,-0.620904,1,-0.223804,-0.703479,-0.674558
-11.379,57.625,-55.7905,-0.982397,-0.00945276,4.2,1,-0.945119,-0.228179,0.233845
-1.2185,94.407,-65.722,-0.749946,-0.305832,2.53942,0,0.734578,0.36691,-0.570764
-3.27225,70.337,-63.0535,0.298007,0,3.8,1,-0.769098,0.372151,-0.519608
-7.6045,58.1595,-66.447,-0.15339,0,-1.27438,1,-0.83315,-0.550173,0.056312
-21.7139,94.1124,-73.4025,0.0896897,0,-0.7,1,-0.193616,-0.623861,-0.757172
-16.5233,68.0625,-63.0451,0.174713,0,4.2,0,-0.613017,-0.295386,0.732774
6.83213,90.0799,-62.6804,0.310199,0,4.5,0,-0.227572,0.699921,-0.676994
-27.4825,72.5705,-66.3325,0.272362,0,4.5,0,-0.561532,-0.821365,0.100208
-17.3603,99.9548,-72.4317,-0.128959,0,1.8,1,-0.0979564,0.995138,0.0102631
-2.6015,85.641,-65.959,0.00214298,0,2.8,0,-0.331308,-0.806939,-0.488963
-15.9073,89.398,-82.2337,-0.07221,0,3.8,0,-0.724051,0.369405,-0.582487
-17.307,89.151,-81.161,0.15037,0,3.8,0,-0.783561,-0.013894,-0.621159
-5.29225,93.6125,-81.3242,-0.0396646,0,-1.3,1,0.23738,0.888458,-0.392802
-1.6885,77.0135,-62.0595,0.236476,0,2.8,0,-0.570134,-0.451819,0.686153
3.292,88.079,-64.5965,0.542983,0.270102,-0.9,0,0.420651,0.409577,-0.809506
-2.89,70.735,-64.055,0.286977,0,3.8,1,-0.704698,0.399658,-0.586237
-22.211,96.513,-73.2705,-0.569621,-0.0513344,-0.7,0,-0.545938,0.505294,-0.668304
6.1205,90.442,-62.008,0.373746,0,4.5,0,-0.57957,0.643011,-0.500636
-9.1755,89.6048,-60.7085,-0.36329,0,-0.8,1,-0.240683,-0.235825,0.941519
-3.267,55.898,-53.857,0.197202,0,-1.6,0,-0.174354,-0.942224,0.286032
2.75775,88.5537,-54.9505,0.202187,0,-1.6,0,-0.903793,0.414761,0.105505
-8.5685,55.6805,-69.732,-0.84016,-0.705184,-1.55224,1,-0.728041,-0.362904,0.581599
-7.2575,82.994,-48.017,0.258943,0,-3.5,0,-0.0840702,0.155342,0.984277
-2.8,73.521,-51.454,0.124163,0,4.5,0,0.582165,-0.691482,-0.42771
0.191375,53.1376,-66.2809,-1.57256,-0.143817,-1.64167,0,0.322736,-0.932767,0.160586
-2.1535,82.2915,-57.622,0.131896,0,4.5,0,-0.814976,0.316275,0.485576
-9.7145,93.9345,-68.66,0.19531,0,-1.3,0,-0.902901,0.390015,0.180715
-8.87525,59.6087,-64.1722,-0.343343,-0.0857169,-1.3,1,-0.866293,-0.0654068,-0.495235
-4.763,68.1687,-64.6289,0.441046,0,-1.3,1,-0.177154,0.824092,-0.538042
-5.72725,57.24,-52.9793,-0.605161,-0.268035,-1.6,0,-0.3415,0.075102,0.936876
-7.2705,81.7865,-47.523,0.17971,0,3.8,0,0.0559466,0.42055,0.905543
-11.2017,64.4313,-71.5785,0.352474,0,4.2,0,-0.0472298,0.36212,-0.930934
-3.15337,98.8646,-60.6845,0.232044,0,-2.36864,0,0.254024,0.272782,0.927934
-5.2435,57.3575,-72.176,-1.60873,-0.354784,-0.4,0,0.518608,-0.352179,-0.779112
-7.0035,86.7775,-84.803,0.00575151,0,-0.8,0,0.712666,-0.294972,-0.636473
-2.677,55.2085,-70.1195,-1.43107,-0.0973845,-3.5,0,0.562472,-0.510697,-0.650241
-8.15775,54.1901,-69.912,-1.45306,-0.00825086,-1.6,1,-0.806467,-0.437836,0.397379
-3.578,97.1885,-65.4622,-0.140365,0,-1.3,0,0.117113,0.496108,-0.860326
-4.4235,92.024,-60.655,0.0434719,-0.0425366,3.51208,0,0.267826,0.172551,0.94789
-19.284,95.602,-74.9655,1.02042,0.665393,1.3283,1,-0.382988,-0.0522473,-0.922275
2.96,61.595,-49.5725,0.0477713,0,4.5,0,-0.169316,-0.664657,0.727711
-8.969,80.802,-89.819,0.367954,0,3.8,0,0.974721,-0.139868,0.174227
-0.28175,65.606,-55.9132,-0.293959,0,2.8,0,-0.48798,0.307817,-0.816777
-19.7122,90.467,-65.5882,-0.889704,-0.271415,-3.5,0,-0.42943,0.814812,0.389449
-13.1925,84.0212,-79.0577,-0.0882414,0,2.8,1,0.186693,-0.0244248,0.982115
-0.53675,75.884,-53.7045,0.130171,0,4.2,0,0.539387,-0.663077,0.519029
-16.288,81.1545,-79.4693,0.241431,0,2.8,0,-0.420275,-0.806067,0.416682
4.68313,94.6016,-55.7936,0.823837,0,0.234092,0,0.527837,0.831678,0.172337
13.2535,70.4983,-60.9992,-0.385013,0,4.5,0,-0.254537,0.946576,0.198002
-2.7575,64.067,-69.9285,-0.618274,0,-0.4,1,-0.672994,-0.366663,-0.642369
-13.873,102.674,-66.655,0.29096,0,4.2,0,0.0307872,0.846841,0.530955
-1.685,83.027,-59.544,0.142899,0,4.5,0,-0.786386,0.586248,-0.194705
-19.963,98.373,-72.836,-0.47914,-0.966836,-0.7,0,-0.268963,0.951354,-0.150283
2.28525,70.7152,-59.3927,0.244981,0,-1.00309,0,-0.21989,0.239115,0.945766
10.2417,62.486,-53.515,0.0378622,0,-0.7,0,0.320531,-0.772091,0.548758
15.938,71.9185,-61.158,0.512672,0,4.5,0,0.0490724,0.49604,0.866912
-8.54075,86.8167,-59.2467,0.100985,0,4.5,0,-0.187964,-0.343694,0.920078
-1.79775,67.201,-71.098,0.440345,0.000391749,0.308072,0,-0.516135,0.626549,-0.583987
-0.5305,53.0228,-64.05,-0.125517,0,3.8,0,0.339962,-0.907414,0.247034
1.079,90.046,-48.788,-0.359128,-0.881899,1.8,0,0.649224,0.758725,-0.0533313
2.558,95.331,-58.0445,0.602648,0,1.9,0,0.108568,0.831563,-0.544716
-2.77225,91.27,-67.449,0.428587,0,2.8,0,0.0521985,0.179318,-0.982405
-22.6723,100.547,-68.876,1.19703,0.508379,-0.8,0,-0.945867,0.315586,0.075767
-23.9023,95.632,-72.544,0.107728,0,-0.7,0,-0.947451,0.241219,-0.210117
0.505,69.839,-71.309,0.439584,0,-4.5,0,-0.991697,-0.111669,0.063772
6.049,81.7367,-62.2303,-0.263943,0,1.82478,0,0.360867,0.691678,-0.625584
-0.11,85.531,-64.864,0.295385,0,2.8,0,0.630907,-0.767962,0.110408
-20.4745,67.1895,-68.4725,0.307815,0,-1.3,0,-0.827126,0.425563,-0.367094
-2.21462,87.1288,-67.0212,-0.08771,0,2.8,0,-0.299188,-0.314178,-0.900988
-14.3112,80.556,-83.714,-0.481006,-0.911397,-0.7,0,0.364166,-0.852811,0.374293
-0.725375,74.8879,-65.9946,0.0590858,0,2.8,0,-0.402763,-0.881654,-0.245904
10.9715,71.1725,-57.241,0.381916,0,-1.3,0,0.834662,0.348145,0.426773
-7.7155,103.992,-67.4997,0.259425,0,2.8,0,0.133756,0.984906,0.109865
-18.9194,66.4567,-70.7848,-0.0531854,0,-1.3,0,0.0668115,0.814507,-0.576293
-18.651,99.539,-74.4595,0.0715883,0,1.8,1,-0.613221,0.566057,-0.550945
-1.757,97.899,-65.111,-0.556373,-0.474645,-0.4,0,0.661611,-0.343946,-0.666312
-15.6938,102.961,-66.1255,0.285165,0,4.2,0,-0.24036,0.804242,0.543527
-4.604,56.6895,-52.4695,-0.763574,-0.0943122,-1.6,0,-0.05129,-0.549837,0.833696
-2.63088,92.1236,-75.2584,0.231538,0,3.8,0,0.919081,-0.121124,-0.374992
-11.3352,83.1533,-71.3435,0.143994,0,2.8,1,-0.184258,-0.723447,-0.665337
-5.3755,97.811,-79.3325,0.137203,0,-0.9,1,0.107301,0.412939,-0.904416
0.99375,87.2442,-56.0062,-0.159652,0,-0.7,0,-0.717689,0.696309,-0.00875302
-10.6923,83.396,-80.6633,0.300692,0,2.8,1,0.819556,-0.54715,0.170162
5.63,57.9795,-52.591,-0.117164,0,1.8,0,-0.028798,-0.890934,0.453219
-4.14525,53.6735,-58.2925,0.55044,0,-3.9,0,-0.610228,-0.791921,0.021958
6.2955,54.9562,-67.0135,-1.7128,-0.682406,-3.5,0,0.959014,-0.255287,0.122965
10.746,88.952,-60.126,0.201048,0,4.5,0,0.913883,0.281884,-0.292163
-3.0885,51.874,-71.357,0.00249627,0,-1.6,0,0.969152,-0.136532,-0.20519
5.1865,92.7055,-56.721,0.973552,0,-1.59795,0,0.773051,0.2464,-0.584534
-12.4487,61.13,-60.323,0.497339,0,-3.2,1,-0.253091,-0.915961,-0.311385
-1.63525,65.948,-74.39,0.307959,0,2.8,0,-0.205665,0.967278,0.148578
-13.6198,96.4035,-80.6065,-0.354845,0,-0.9,1,-0.363432,0.892865,0.265913
-8.13725,96.698,-78.9928,-0.111223,0,-0.9,1,-0.0743657,0.447744,-0.891064
-6.3045,82.6458,-54.3078,-0.173013,0,-0.8,0,-0.175978,0.565407,-0.80582
2.33875,70.0232,-74.431,0.657921,0.69262,-4.5,0,-0.342417,0.243028,-0.907573
-10.0285,81.748,-53.012,0.449054,0.239696,-0.8,0,-0.887526,0.245526,0.389891
-7.8485,56.8503,-67.753,-0.251863,0,-0.9,1,-0.795803,-0.278815,0.537549
-15.6838,86.335,-88.147,-0.523575,-0.162002,1.53576,0,-0.402694,0.915262,0.0115241
-8.065,97.329,-72.883,0.455243,0,-0.4,0,0.818864,0.245115,0.519018
-5.639,71.31,-59.302,0.268077,0,4.5,1,0.707298,0.69484,-0.130106
-14.6325,84.98,-65.9205,0.197315,0,2.8,1,-0.433304,-0.477283,0.764492
-8.07238,54.93,-69.1796,-1.95963,-0.0781758,-1.6,1,-0.870796,-0.269685,0.411078
-5.81825,67.9125,-64.517,0.28096,0,-1.3,1,0.0351714,0.83665,-0.546607
-6.18025,83.8855,-53.6195,-0.427611,0,4.5,0,-0.650122,0.380937,-0.657441
-14.112,87.551,-88.096,-0.157339,0,-0.7,0,-0.670887,0.736097,-0.0898445
-4.214,89.812,-74.453,0.237023,0,3.8,0,0.472424,-0.848211,0.239485
-21.007,94.498,-74.0845,0.162756,0,-0.7,1,-0.141964,-0.621765,-0.77023
-10.7065,74.0918,-56.935,0.195854,0,3.5978,1,-0.414079,0.729555,-0.544323
-0.2045,87.0963,-58.8565,0.000855328,0,-0.9,0,-0.539495,0.468706,0.699471
-4.24975,65.8907,-69.5123,-0.804101,-0.184315,-1.3,0,-0.660296,0.456561,-0.596289
-10.329,57.9685,-69.0387,0.125314,0,-0.9,1,-0.604618,-0.724915,0.330054
-23.8172,83.5922,-68.7965,-0.556257,-0.102657,2.48926,0,-0.986996,-0.150715,-0.0558955
17.8507,73.8197,-63.6152,0.216958,0,4.5,0,0.0259175,0.987754,0.153852
-0.3665,72.7203,-64.0537,0.266317,0,3.29671,1,-0.768919,0.260146,-0.584027
-11.7847,103.332,-58.801,2.42981,0.0520151,-3.9,0,-0.87687,0.111122,0.467708
-11.6885,68.7905,-65.86,0.592096,0,4.2,1,0.116997,0.856064,-0.503453
-2.7435,89.4585,-67.236,-0.135875,0,2.8,0,-0.0270703,-0.0644925,-0.997551
-9.6315,57.868,-63.1727,0.548986,0.393209,-1.3,1,-0.874748,-0.473906,-0.101142
1.84775,64.6835,-74.0697,0.274273,0,2.8,0,0.840758,0.4092,-0.354515
0.8685,81.106,-48.4982,0.0975562,0,4.5,0,0.682311,0.336148,0.649196
-19.8335,64.069,-68.7165,-0.0627169,0,-1.3,0,-0.5765,-0.671603,0.465399
-16.6645,69.4485,-67.6575,0.167985,-0.459746,4.13643,1,0.325233,0.661575,-0.675679
-2.997,79.5935,-55.529,0.425972,0,4.2,0,0.0403783,0.928223,-0.369827
-17.132,71.4348,-66.96,0.331253,0,3.8,1,0.938531,-0.0173726,-0.344757
-4.6945,90.469,-85.5975,0.0427053,-0.0145961,-1.3,0,-0.113784,-0.157692,-0.980911
-12.6377,89.347,-61.9775,0.249376,0,-0.9,0,-0.564801,0.589611,0.577373
-1.3555,79.277,-63.9255,-0.0542825,0,2.8,0,0.123725,0.958229,-0.257857
-10.797,97.698,-65.366,0.102632,0,4.5,0,0.747087,-0.521676,-0.411965
-4.113,92.547,-84.4232,-0.173351,0,-1.3,1,0.171727,0.858614,-0.483003
-12.379,83.188,-71.096,0.185148,0,2.8,1,-0.310086,-0.795901,-0.519989
-9.66925,70.4195,-50.2455,0.108245,0,4.5,0,-0.137388,0.137167,0.980974
9.8005,88.3303,-58.0355,0.323767,0,4.5,0,0.612492,0.369942,0.698567
-17.728,68.276,-69.008,0.293864,0,-1.3,1,-0.00998023,0.34176,-0.939734
-13.26,95.625,-78.015,0.278711,0,-0.9,1,-0.552363,0.832437,-0.0440738
2.57375,64.9548,-49.433,0.0622357,0,4.5,0,-0.473717,0.682849,0.556156
9.4965,60.284,-60.0397,-0.264632,0,-3.9,0,-0.650448,-0.663782,-0.369202
-3.689,85.6295,-63.4315,0.255752,0,2.8,0,-0.385529,-0.916783,0.104289
-22.267,85.8215,-72.5835,0.23212,0,3.8,1,-0.0493298,0.500366,-0.864407
-17.0912,92.7025,-80.1022,0.409047,0,-0.9,0,-0.932673,-0.189356,0.307028
-14.244,82.7805,-68.364,0.232023,0,2.8,1,-0.234148,-0.964952,-0.1185
-17.2115,87.856,-77.4665,0.229644,0,3.8,0,-0.939575,-0.0719246,0.334702
2.34675,85.0071,-47.5544,0.22098,0,1.8,0,0.713318,-0.39411,0.57953
-7.0065,89.3305,-82.0427,-0.11417,-0.930469,-0.8,0,0.757684,-0.536082,0.372197
3.434,88.462,-62.428,-0.0816779,0,-0.9,0,0.269612,0.961789,-0.0476562
-13.674,103.709,-67.99,0.195404,0,4.2,0,0.207106,0.969297,0.132555
-5.5745,90.573,-78.414,0.351496,0,1.42874,1,0.950689,-0.301786,0.0715168
2.768,94.276,-58.765,1.82311,0,1.9,0,0.413869,0.645415,-0.641991
-10.7975,99.014,-75.26,-0.390925,-0.0651135,-0.0959866,1,0.015429,0.907882,-0.418942
-20.7833,66.1335,-69.4607,0.296846,0,-1.3,0,-0.937116,0.306707,-0.166569
-11.6935,86.12,-75.6413,0.0571561,0,2.89191,1,-0.0550312,-0.769691,-0.63604
-18.421,94.859,-74.84,0.684457,0.551414,1.8,1,-0.252191,-0.637565,-0.72795
-16.3213,102.879,-67.2285,0.501538,0,4.2,0,-0.448991,0.776364,0.442341
-13.0817,88.072,-59.7228,0.25658,0,-0.9,0,-0.687346,0.44171,0.576583
-7.38525,85.8268,-84.4965,0.143012,0,-0.8,0,0.635989,-0.685535,-0.354344
12.823,58.6125,-61.1565,0.0753105,0,-3.9,0,-0.0504542,-0.692604,-0.719552
-14.5705,75.9325,-90.9962,-0.261064,0,-4.5,0,-0.154299,-0.856626,0.492324
-2.4355,94.94,-79.086,0.372373,0.603418,-0.9,1,0.643988,-0.174686,-0.744825
2.402,82.758,-51.117,0.412664,0.540015,-1.3,0,-0.0880438,-0.688185,-0.720173
-5.9305,69.095,-54.218,0.179498,0,4.5,0,0.116947,-0.888161,0.444403
-6.2475,91.3155,-67.4165,0.14653,0,-0.4,0,0.379694,-0.235152,-0.894727
7.76,62.2093,-52.787,-0.670195,-0.640092,-0.53858,0,0.667945,-0.232127,0.707083
-10.123,97.876,-64.011,0.191359,0,4.5,0,0.961391,-0.274075,-0.0246925
-6.4855,55.97,-61.796,-0.2695,0.53837,-3.5,0,0.103977,-0.825833,0.554246
-13.4935,88.914,-87.6275,-0.91788,-0.969414,-0.7,0,-0.833831,0.548874,-0.0588506
0.39325,62.776,-51.943,-0.285069,-0.171416,3.62716,0,-0.568207,0.448446,0.689954
-12.6555,100.855,-69.8805,-0.189644,0,4.2,0,0.44921,-0.559947,-0.696182
-9.805,91.183,-85.2585,0.0307211,0,2.5,1,0.396524,0.0113142,-0.917955
-4.29175,85.851,-45.6833,-0.122729,0,4.5,0,-0.69514,0.0751435,0.714936
-24.499,77.832,-72.4415,-0.092243,0,-0.8,0,-0.569628,0.280068,-0.772713
-2.293,58.788,-50.2533,0.266165,0,-1.6,0,-0.0542923,0.228109,0.972121
-22.4155,92.7865,-67.12,-0.245559,0,-3.5,0,-0.042999,-0.694792,0.717924
2.525,87.0938,-47.987,0.210523,-0.144837,1.8,0,0.934999,0.23612,0.264621
-18.0585,62.4435,-71.0595,-0.136681,-0.0125961,-1.3,0,-0.417733,-0.904599,0.0848486
8.51025,59.8218,-52.7555,0.123319,0,1.8,0,0.812264,0.0996204,0.57472
-8.2885,55.3885,-58.517,-0.942048,-0.144275,-3.9,0,-0.567038,-0.77424,-0.281105
3.679,57.915,-63.094,-0.498489,0,4.2,0,0.908836,-0.373336,0.186109
-24.2205,70.261,-68.4501,0.712502,0,-1.6,0,-0.278716,-0.419195,-0.864056
16.2865,67.8455,-63.587,5.1547,0.0172347,4.30559,0,0.508122,-0.552293,-0.660897
12.9893,63.799,-56.7533,0.475036,0.0916309,-1.25263,0,0.287155,-0.798962,0.528396
-11.9528,104.514,-61.2308,0.607542,0,-3.9,0,-0.78814,0.567552,0.238161
-3.994,55.8025,-54.6345,0.142686,0,0.43621,0,0.18398,-0.804174,0.565204
-15.3258,103.902,-69.5173,0.173689,0,4.2,0,0.233534,0.928778,-0.287806
-18.5025,77.0165,-63.955,0.227411,0,4.5,0,0.703928,0.657348,0.269032
-11.2485,97.6515,-72.443,-0.0263379,0,-0.4,0,-0.133994,0.350282,0.92701
-17.759,81.1065,-94.7195,-0.06006,0,4.5,0,-0.945774,0.19571,0.259246
-2.758,59.8775,-50.111,0.129874,0,4.5,0,0.459523,-0.0522615,0.886627
3.56525,59.8203,-68.9175,-1.526,-0.679779,-0.4,0,0.853567,-0.475169,-0.213631
-5.13025,54.534,-72.7138,0.895554,0,-0.504091,0,0.720931,0.320842,-0.614264
8.25,78.801,-62.1263,0.200184,0,4.5,0,0.921497,-0.376346,-0.0959554
-3.09725,61.1155,-49.8652,0.118052,0,4.5,0,0.512597,0.10875,0.851715
-3.215,59.5855,-74.4985,0.439082,0.243925,-3.5,0,-0.82623,-0.263558,-0.497877
3.858,88.4952,-60.991,0.298108,0,0.494662,0,-0.00583286,0.721815,-0.692062
-5.585,89.8747,-67.0675,-0.120228,0,2.25922,0,0.307376,0.416637,-0.855531
-9.597,84.869,-71.3055,0.237569,0,2.8,0,0.592417,-0.066091,-0.802916
-1.0885,87.717,-44.786,-0.853262,-0.347236,4.5,0,-0.144371,0.627397,0.7652
-4.39825,72.34,-49.5935,0.0646945,0,4.5,0,0.48477,-0.790334,0.374659
-9.4965,80.7725,-47.149,0.112875,0,3.8,0,-0.482444,0.340266,0.807135
-22.6353,93.806,-66.607,0.0479857,0,-3.5,0,-0.148,-0.306422,0.94032
7.30525,70.08,-63.0185,0.26965,0,1.95957,0,0.987576,0.0653512,-0.142906
-1.265,51.315,-57.286,2.1924,0.0472568,-3.9,0,0.0232422,-0.960151,-0.278512
10.5778,80.068,-57.2215,0.146141,0,4.2,0,0.803182,-0.504347,0.317067
-9.85525,58.7962,-62.6118,-0.131582,-0.0327174,-1.3,1,-0.977282,-0.208703,0.0369108
-12.98,96.2235,-61.261,0.176966,0,4.5,0,-0.247665,-0.759116,0.602001
1.63625,87.1695,-64.9425,0.229123,0,1.89768,0,0.505367,-0.436409,-0.744414
-9.8215,98.877,-75.909,0.474353,0,-0.4,0,-0.190224,0.873068,-0.448963
-8.7005,102.128,-59.2675,1.55796,0.253545,-3.9,0,0.649119,-0.708303,0.2774
1.216,87.853,-46.483,-0.151054,-0.0674656,1.9497,0,0.429165,0.37439,0.821979
-3.38375,103.336,-72.019,0.366444,0,2.8,1,0.984746,0.0346167,-0.170522
-10.2282,81.853,-54.01,1.14297,0.787819,-0.8,1,-0.933326,0.222038,-0.282139
-11.9055,62.931,-66.8245,-0.942851,-0.189926,4.2,1,-0.714008,-0.487371,0.502656
-2.56275,99.052,-74.393,-0.0459712,0,-0.9,1,0.475586,0.87138,-0.120474
-5.49225,62.1188,-50.2025,0.0827361,0,4.5,0,-0.653774,0.539834,0.530244
-5.9445,70.1125,-50.865,0.105934,0,4.5,0,0.780874,-0.0819231,0.619293
2.092,88.8595,-53.2545,0.223742,0,-1.6,0,-0.404249,0.314423,-0.858907
-13.5695,94.0088,-72.0498,-0.306015,0,3.8,0,0.511026,0.386213,0.767914
-4.4955,68.4092,-58.7933,0.0696474,0,4.5,0,0.596718,-0.802432,-0.00548237
-5.85625,100.402,-69.8313,0.35834,0,2.8,0,0.45464,-0.858664,-0.236641
-4.155,88.2425,-46.2305,-0.744165,-0.0420135,-3.5,0,-0.471463,0.519522,0.712615
-15.524,82.9725,-97.905,0.00859489,0,4.5,0,0.202653,0.670671,-0.713535
3.13175,83.3648,-52.0062,0.729462,0.0405971,-1.3,0,-0.452962,-0.699902,-0.552234
-3.5435,89.2345,-46.2515,-0.70622,-0.397593,-0.7,0,-0.624574,0.304474,0.719168
-1.545,63.136,-78.0165,-0.130517,0,2.8,0,0.466858,0.344256,-0.814574
-21.9215,77.9195,-63.194,0.22094,0,4.5,0,-0.0164041,0.874519,0.484715
-2.008,85.4425,-43.901,0.0409041,-0.038907,4.5,0,-0.225544,0.576719,0.785191
-3.681,58.323,-73.078,-0.158534,0,-3.5,0,-0.35956,-0.652286,-0.667263
-11.702,92.8795,-64.532,-0.0112239,-0.315666,-3.2,0,0.0398323,0.946574,0.320018
2.28125,88.12,-54.066,0.160711,0,-1.273,0,-0.581577,0.72218,-0.374465
-21.7323,87.8643,-66.4605,-1.66858,-0.823707,-3.5,0,-0.876999,0.476111,0.0647377
3.89525,80.4875,-63.0928,0.21688,0,4.5,0,-0.669758,0.702187,-0.241573
-14.9438,71.181,-57.7745,0.171585,0,3.8,0,-0.472821,-0.480501,-0.738619
-7.0925,96.1315,-69.793,-0.0562068,0,-1.3,0,-0.116045,0.98341,-0.139419
1.50675,54.5037,-68.7048,-0.239146,0,-3.5,0,0.0107047,-0.640168,-0.768161
-21.6758,70.6695,-69.2962,-0.78512,-0.19548,3.8,0,-0.154039,-0.356387,-0.921553
-10.7448,59.2492,-54.8993,0.0552149,-0.0505893,3.88637,0,-0.76445,-0.17288,0.621071
-6.661,60.1903,-53.3095,0.153929,0,4.5,0,-0.555362,-0.362547,0.74842
-15.8792,79.2793,-99.043,-0.156235,0,4.5,0,-0.271163,-0.279265,-0.921131
-5.009,78.2975,-56.8185,0.181895,0,4.2,0,-0.443482,0.315856,-0.838784
-5.96225,69.0742,-51.0923,0.0856415,0,4.5,0,0.771556,-0.483393,0.413561
-13.3153,96.9688,-67.2613,-0.574906,-0.416564,4.5,0,0.578584,-0.399862,-0.710881
0.214,64.756,-56.719,-0.111052,0,1.12728,0,-0.778656,0.518278,-0.353671
4.1315,70.7245,-73.2907,-0.0949928,0,-4.5,0,0.575839,0.737704,-0.352424
6.5785,80.012,-56.188,-0.11784,0,-0.333508,0,0.568126,-0.18513,0.801848
-10.8427,71.3258,-51.9115,0.148595,0,4.5,0,-0.583529,0.486017,0.6506
1.6625,55.451,-69.142,-0.180788,0,-3.5,0,0.171166,-0.0948378,-0.980667
-5.33,92.8303,-84.279,-0.035021,0,-1.3,1,-0.0178166,0.892465,-0.450766
-24.2855,70.4522,-63.2093,0.311766,0,-1.6,0,-0.213021,0.112165,0.970588
-21.4415,87.2415,-65.6025,-1.11436,-0.0799206,-3.5,0,-0.659291,-0.130531,0.740471
-6.161,89.1745,-84.7155,-0.0322427,-0.492734,-1.04732,0,0.217718,-0.593562,-0.77478
8.71675,90.7653,-61.8092,0.257996,0,4.5,0,0.493078,0.818904,-0.293717
-13.446,74.971,-51.6905,0.113994,0,4.5,0,-0.651332,-0.279413,0.705475
-2.579,58.6645,-74.5352,0.156524,0,-3.5,0,-0.320319,-0.663831,-0.675814
18.9005,72.204,-65.5947,0.229614,0,4.5,0,0.419812,0.318262,-0.849981
-9.264,98.9782,-65.7517,-0.363619,-0.825307,2.8,0,0.22786,-0.972968,0.0375887
-11.5728,63.589,-66.1432,-1.02478,-0.918603,4.2,1,-0.563637,-0.685938,0.46022
-0.83775,95.3587,-62.645,0.266833,0,-3.9,0,0.862618,0.217689,-0.45662
-22.989,93.522,-71.8145,0.099922,0,-0.7,0,-0.728218,-0.681144,-0.075774
-7.2225,99.4733,-76.147,0.454052,0,-0.9,0,-0.221024,0.969459,0.106288
-14.5682,81.9128,-78.697,-0.0704635,0,2.8,1,0.19604,-0.225495,0.954317
7.5245,70.3313,-62.0742,0.242327,0,0.557001,0,0.854105,-0.128445,-0.503991
-0.10525,74.4208,-65.1742,0.207344,0,2.8,0,-0.591457,-0.656886,-0.467631
5.2695,77.772,-54.9958,0.40573,0,-1.6,0,0.0881106,-0.529528,0.843704
-24.2022,80.0863,-71.932,-0.966513,-0.604813,-0.8,0,-0.331505,0.784116,-0.524658
1.16825,65.2497,-70.6018,0.0824868,-0.325976,1.12247,0,0.739115,0.67218,-0.0433901
4.44875,69.0358,-74.1943,0.608661,0.000318848,-4.5,0,0.554548,-0.229054,-0.800007
8.2225,67.3313,-54.598,0.148413,0,1.53302,0,0.616862,0.752745,0.229908
-18.3113,66.1702,-65.1777,0.588441,0.0967852,-1.3,0,-0.255589,-0.56268,0.786172
-6.81425,57.4985,-73.562,-1.45791,-0.00351499,-0.4,0,0.46647,0.285184,-0.837302
-15.166,90.3982,-73.6387,0.116082,0,3.93638,1,-0.824007,-0.0765785,-0.561381
-1.8055,91.1407,-60.3465,0.0513409,-0.160257,0.230077,0,-0.224235,-0.478021,0.849243
-1.21675,91.4232,-61.3105,-0.0173609,-0.257067,0.288764,0,0.816641,-0.148239,-0.557784
0.6175,83.415,-48.632,0.0952241,-0.328923,3.14889,0,0.367731,-0.669205,0.645708
4.104,85.456,-50.1048,0.106374,0,-0.655825,0,0.416233,0.538784,0.732436
7.7485,60.0983,-52.1538,0.178594,0,1.8,0,0.46881,0.115149,0.875761
-20.032,81.449,-71.792,-0.824618,-0.134484,4.5,1,-0.0155226,-0.205676,-0.978497
3.83175,56.1925,-65.029,-1.66425,0,-3.5,0,0.27858,-0.311161,0.90861
7.465,64.5167,-49.4072,0.0460194,0,4.5,0,0.698983,0.0966664,0.708575
-16.4195,87.784,-65.039,-0.0648413,0,-3.5,0,-0.0706189,0.128863,0.989145
8.4005,74.709,-64.2965,0.172858,0,4.5,0,0.847002,0.427409,-0.316083
-2.19925,80.318,-43.8768,0.079698,0,4.5,0,0.382562,-0.78999,0.479127
11.7255,70.7085,-59.3862,0.294389,0,-1.3,0,0.529412,0.848365,-0.000161086
2.201,57.1688,-54.0555,0.460719,0,1.9,0,0.396339,-0.872615,0.28541
-17.0168,76.8087,-71.048,0.10327,0,3.8,1,0.342412,0.338436,-0.876479
-7.335,52.673,-69.368,0.153039,-0.00309231,-1.6,1,-0.946791,0.0325349,0.3202
-16.0042,72.2775,-56.1655,0.148225,0,3.8,0,-0.99977,0.021442,-1.90406e-06
-19.5788,97.917,-73.7067,-0.114911,-0.518772,0.291648,0,-0.455759,0.506932,-0.731645
-14.641,76.172,-97.3335,-10.3759,0,4.5,0,0.0235614,-0.753119,-0.657462
-0.99125,97.7054,-74.7868,-0.0368978,0,-0.9,1,0.744738,0.641244,-0.184854
-4.28,82.486,-54.341,0.0467051,0,1.85,0,0.161369,0.0203498,-0.986684
-17.2973,79.531,-97.14,-0.136624,0,4.5,0,-0.92274,-0.0494878,-0.382234
-0.7645,94.3615,-64.6042,-1.0152,-0.0732375,2.8,0,0.953475,0.297641,-0.0479005
-8.7485,59.8638,-59.5025,-1.45673,-0.0161559,3.8,1,-0.561477,-0.762202,-0.322168
-17.2015,88.0675,-84.211,0.171541,0,1.8,0,-0.878171,0.474689,0.0590381
0.895,58.721,-70.388,0.151068,0,-0.4,0,0.483009,-0.844823,-0.230167
-16.3665,80.715,-66.0845,0.172781,0,4.5,1,0.855749,-0.339047,0.390822
-11.2615,59.0872,-69.398,0.0929728,0,-0.9,1,-0.893337,-0.421417,0.156065
1.81525,93.8408,-61.137,1.85536,0.836471,-3.9,0,0.584318,0.325369,-0.743443
2.35,88.4045,-64.6895,0.595012,0.897635,-0.9,0,0.125182,0.538744,-0.833118
-22.484,75.6725,-61.287,0.176108,0,4.5,0,0.233473,0.141335,0.962037
-5.53125,63.9157,-69.2165,-0.201454,-0.191285,-0.830479,0,-0.0248812,0.492097,-0.870185
-1.26275,77.1633,-57.1795,0.198528,0,4.5,1,-0.36493,0.136073,-0.921037
-11.2715,59.2617,-56.4285,-0.382527,-0.968966,4.2,1,-0.974396,-0.224533,0.0117454
-4.03325,51.1678,-72.004,0.113322,0,-1.6,0,0.513639,-0.541551,-0.665505
16.2733,68.141,-55.3773,0.213082,0,4.5,0,0.689566,0.494403,0.529211
-27.449,77.9135,-65.414,0.755174,0,-3.84715,0,0.0538549,0.0737248,0.995823
-4.0465,88.3357,-58.9728,0.135329,0,4.5,0,0.347216,0.06959,0.9352
13.0312,62.4355,-62.5877,-0.351911,0,-3.5,0,-0.562084,-0.699276,-0.441672
-14.4535,89.379,-84.4955,0.132125,0,2.41138,0,-0.48007,0.713663,-0.510115
-10.583,62.2453,-52.4157,0.117888,0,3.8,0,-0.0658335,-0.146515,0.987015
-12.9893,102.403,-65.903,0.552017,0,-0.0228244,0,-0.306142,0.900536,0.308727
-6.43725,94.7692,-62.8473,0.754481,0.816614,-3.9,0,-0.754625,0.587344,0.292522
-17.7763,82.2473,-91.2753,0.182082,-0.398723,4.2,0,-0.913112,-0.0434357,-0.405388
3.62775,58.5628,-58.9818,-0.795631,0,-0.931198,0,0.720613,-0.418559,-0.552743
-3.961,63.297,-56.082,-0.518194,0,4.5,0,0.319627,0.892754,-0.317534
-8.936,56.1775,-64.64,0.367819,0.376168,-3.5,1,-0.938777,0.22597,-0.26007
5.015,57.926,-65.637,-1.3016,-0.788964,-3.5,0,0.722006,0.618743,0.30962
-5.4995,89.159,-74.4195,0.334644,0,3.53796,0,0.493547,-0.768661,0.406905
-7.849,61.87,-53.1058,0.0497902,0,3.8,0,-0.177981,-0.221868,0.958696
-0.59,65.067,-59.791,-0.283078,0,4.2,0,-0.473068,0.563478,0.677274
-14.1882,95.0785,-78.2735,0.243857,0,-0.9,1,-0.55326,0.825881,0.10874
-12.0697,88.523,-60.0568,0.23022,0,-0.9,0,-0.191842,0.798738,0.570275
1.321,71.9815,-67.77,0.399122,0,-4.5,0,-0.205424,0.937825,-0.279797
-10.5363,97.3615,-61.9645,0.234558,0,4.5,0,0.972955,0.067506,0.220911
-12.0255,102.522,-59.4533,1.82931,0.903853,-3.9,0,-0.854724,-0.452558,0.254239
-0.38,54.511,-68.737,-0.551397,0,-3.5,0,-0.0588973,-0.542266,-0.83814
18.353,68.1823,-61.7798,6.74859,0,4.5,0,0.891575,-0.390725,0.228972
-1.449,98.231,-64.153,-0.403204,-0.804893,-0.4,0,0.971074,-0.167795,-0.16988
-1.419,101.054,-64.067,0.389914,0,-0.4,0,0.822616,0.568322,-0.0177041
-22.4865,73.823,-70.7862,0.0421664,-0.967505,-0.8,0,0.35904,-0.832768,-0.421412
5.30625,54.2777,-66.243,-1.46811,0,-3.5,0,0.448197,-0.639347,0.624784
-14.4805,95.884,-80.086,-0.163458,0,-0.9,1,-0.400351,0.85748,0.323183
-18.8075,85.6612,-88.0253,0.16498,0,4.2,0,-0.548784,0.610818,0.570734
-19.5343,63.386,-69.704,-0.0891722,0,-1.3,0,-0.578934,-0.773099,0.25914
-2.8485,96.9335,-78.7965,-0.190827,0,-0.9,1,0.603865,0.47119,-0.642905
-17.1975,65.4275,-65.1865,0.862836,0.714913,-1.3,0,-0.319924,-0.759385,0.566553
-14.4505,77.5265,-97.9665,-1.53908,0,4.5,0,0.34374,-0.409774,-0.844942
-18.104,76.3457,-88.9177,0.269248,0,-3.9,0,-0.095892,-0.885176,0.455267
-23.8095,92.4965,-68.9785,0.621816,0.664396,-3.5,0,-0.710002,-0.647516,-0.276804
-5.5045,71.839,-58.373,0.154924,0,4.5,1,0.596187,0.566659,-0.568734
10.5972,80.2783,-58.755,0.153571,0,4.2,0,0.853885,-0.360173,-0.375707
-7.768,72.6827,-48.351,0.0741519,0,4.5,0,-0.326631,-0.386705,0.862422
-2.36125,91.0875,-46.6922,-0.825146,-0.0141178,-0.7,0,0.0469476,0.808374,0.586794
-3.2505,92.092,-84.818,-0.623247,-0.0116076,-1.3,1,0.412869,0.742548,-0.52741
-13.342,81.6135,-79.1637,-0.0021943,0,2.8,1,0.606786,-0.201458,0.768912
0.1365,57.7695,-49.8035,0.150991,0,-1.6,0,0.0961032,0.10357,0.989968
-30.4823,78.5362,-65.9445,3.15745,0.0592569,-3.9,0,-0.885351,-0.412619,0.214239
-1.57175,83.4005,-42.808,0.0800585,0,4.5,0,-0.0577475,-0.0845367,0.994746
-8.29375,64.9445,-72.3625,0.0989957,0,-0.4,0,0.38577,0.696356,-0.605202
-8.59525,83.536,-70.2497,0.149822,0,2.8,0,0.684999,-0.434191,-0.585025
-11.61,81.8023,-66.925,-0.0151967,0,2.8,1,-0.2292,-0.942387,0.243666
-24.477,68.2595,-63.9435,0.194362,0,-1.6,0,-0.378486,-0.748877,0.543995
-15.7175,102.265,-71.137,0.0518554,0,4.2,1,-0.000671631,0.142969,-0.989727
-5.38075,53.3657,-64.8227,-0.347576,0,-3.5,0,-0.308211,-0.86921,0.386626
-6.2875,92.3555,-71.9125,0.298724,-0.0427994,-0.397922,0,0.523788,-0.478495,0.704762
-4.61475,100.356,-61.298,-0.00585207,0,-0.4,0,-0.457985,0.595309,0.660194
-4.93975,93.3305,-68.898,-0.0578899,0,-1.3,0,0.478782,-0.874284,-0.0799761
-21.4982,78.166,-86.578,1.65153,0.770736,-3.9,0,-0.531735,-0.695424,0.483367
-10.8708,82.369,-93.7757,0.0766563,0,3.8,0,0.464679,0.08051,-0.881811
16.3608,70.559,-67.9053,0.289982,0,2.8,0,0.850517,-0.0372556,-0.524626
-29.6495,76.967,-67.13,0.530723,0,3.14707,0,-0.805533,-0.109795,-0.58229
7.224,90.5465,-55.4815,-0.239647,0,-1.6,0,0.989244,0.00986306,-0.145942
-3.871,90.56,-48.569,0.523167,0,-0.7,0,-0.892432,0.437781,-0.109142
10.8095,66.217,-51.6582,0.0471155,0,-0.7,0,0.319283,0.253854,0.913026
6.8005,92.7685,-55.372,0.121833,0,-1.6,0,0.848525,0.411887,-0.332198
-9.1395,84.767,-90.808,0.148879,0,3.8,1,0.830866,0.555834,-0.0266322
-10.4815,81.8065,-69.8925,-0.0792752,0,2.8,1,-0.183211,-0.899085,-0.397592
-23.1723,95.6898,-73.285,0.0659243,0,-0.7,0,-0.579318,0.310056,-0.753828
-8.89625,104.567,-70.0045,0.204921,0,2.8,0,-0.597371,0.662355,0.452143
-14.8118,62.9987,-73.6235,0.544333,0.158608,-3.5,0,-0.43194,0.599995,-0.673375
-2.6765,95.9109,-72.7041,0.147003,0,-0.9,0,0.448625,-0.41304,0.792549
0.583,89.6428,-59.726,0.312233,0,1.9,0,-0.888128,0.0663477,0.454783
-23.225,79.5605,-72.729,-0.653605,-0.30409,-0.8,0,0.166765,0.407729,-0.897745
-23.718,94.6417,-71.8838,0.103641,0,-0.7,0,-0.961445,-0.24554,0.123831
-5.129,87.8708,-46.7902,-1.14282,-0.609873,-3.5,0,-0.645419,0.679752,0.348383
-8.962,65.3105,-68.7625,0.203688,0,-0.388492,0,0.778157,0.619631,-0.102611
-8.438,85.952,-51.74,0.0745382,0.176806,-3.5,0,-0.397323,0.364444,-0.842208
1.4425,78.5195,-57.0247,0.619224,0,2.72907,0,-0.547021,0.391643,0.739854
-24.117,77.4628,-62.7215,0.22854,0,4.5,0,-0.405494,0.809373,0.424841
-4.7645,64.8333,-69.26,-0.969666,-0.380381,-1.3,0,-0.614446,0.282932,-0.736482
4.71425,58.6787,-57.2723,-0.065723,0,-0.273068,0,0.746181,-0.621464,-0.238738
-7.46625,88.6135,-58.1007,0.109067,0,4.5,0,-0.319374,0.0631908,0.94552
-20.7663,71.3152,-62.3402,0.214304,0,3.8,0,-0.472231,-0.297652,0.8297
-17.1243,83.6827,-86.487,0.414294,0,1.74801,0,-0.749658,0.23744,0.617766
0.4785,86.7805,-58.1405,-0.204,-0.974226,-0.7,0,-0.674055,0.473523,0.566945
-4.3585,88.0502,-77.1025,0.188779,0,4.5,0,0.96315,-0.237326,0.126567
-12.444,60.5752,-57.7472,0.440057,0,-3.2,1,-0.346917,-0.934892,0.075
-9.539,85.045,-59.106,0.210583,0,-0.9,0,0.260081,-0.100063,0.960388
-11.3807,61.8853,-66.83,0.291457,0.803924,-0.9,1,-0.829786,-0.327429,0.451934
-0.1615,59.888,-73.687,0.427461,0,-3.14176,0,0.773874,-0.497054,-0.392499
-6.68475,60.3498,-72.7945,-1.13921,-0.335231,-0.9,0,0.498466,0.551756,-0.668653
-2.86275,90.0403,-74.28,0.185885,0,3.8,0,0.5721,-0.82011,0.0109582
-20.8075,78.3955,-90.51,0.282227,0,-3.9,0,-0.879214,-0.120038,-0.461058
-16.3805,65.95,-55.7125,0.159316,0,3.8,0,-0.872029,-0.403931,0.276414
16.0455,66.7445,-62.8645,3.66084,0.433502,0.42314,0,0.750558,-0.420433,-0.509803
5.054,82.5013,-50.0493,-0.671884,-0.868605,-1.3,0,0.352498,-0.673397,0.649832
-11.76,60.932,-55.117,0.420056,0,3.8,1,-0.777864,-0.577554,0.247707
-11.8105,85.3112,-59.116,0.376949,0,-0.9,1,-0.545697,-0.568553,0.6156
-3.77925,52.4365,-72.0628,0.251765,0,-1.6,0,0.723987,0.0588826,-0.687296
0.2475,73.207,-64.684,0.0574854,0,2.8,1,-0.804529,-0.0991554,-0.585578
-18.93,77.9335,-86.367,1.31646,0,-3.9,0,0.137702,-0.544679,0.827262
5.5575,54.0103,-67.293,-1.39108,-0.38389,-3.5,0,0.517925,-0.809347,-0.276968
7.008,82.866,-60.448,0.603473,0,-0.9,0,0.447331,0.194306,-0.873006
-5.0375,67.536,-65.3855,0.336053,0,-1.3,1,-0.27176,0.857699,-0.436462
-8.43475,59.5962,-73.925,-0.387276,-0.265344,-1.01314,0,0.445126,-0.420725,-0.790477
-4.248,63.3375,-57.1,-0.424545,0,4.5,0,0.274557,0.926278,0.258123
-26.1245,76.1825,-63.9245,0.364878,0,4.5,0,-0.307244,0.643912,0.700699
-10.2212,88.915,-89.0443,0.315362,0,-0.7,1,0.63173,0.736554,-0.241671
-0.514,83.9555,-56.4065,0.0975061,0,4.5,0,-0.743433,0.196081,-0.639422
-28.4713,76.5335,-68.0127,0.43722,0,4.16538,0,-0.442242,-0.0681841,-0.8943
-2.04425,91.9488,-82.8002,0.197868,0,-1.3,1,0.812983,0.51024,-0.280562
-15.987,72.7477,-70.2917,0.208494,0,3.8,1,0.53776,-0.616604,-0.57499
-4.212,85.232,-55.1743,0.113081,0,4.5,0,-0.416853,0.239909,-0.876742
-1.22525,75.8337,-59.0827,0.23564,0,4.5,1,-0.632302,0.710786,-0.308184
6.9715,83.6773,-50.321,0.171317,0,-1.3,0,0.358724,-0.1465,0.921876
-15.6535,98.4208,-75.2602,0.598965,0.245047,3.65329,1,0.057806,0.75439,-0.653876
-19.9,77.456,-63.621,0.22379,0,4.5,0,0.249898,0.794457,0.553524
10.9775,71.072,-58.574,0.187778,0,-1.3,0,0.676924,0.735771,-0.0203878
-21.1467,78.1537,-71.4417,-0.194976,-0.911457,3.8,1,0.431146,0.438194,-0.788733
-0.656,74.889,-62.7335,0.277598,0,2.8,1,-0.94323,-0.32975,-0.0397658
0.7765,87.21,-67.0485,0.330231,0,2.8,0,0.74364,-0.18029,-0.643813
5.78,57.744,-55.225,0.0464504,0,1.8,0,0.197152,-0.910177,-0.364293
-8.9725,105.276,-72.5427,0.254352,0,2.8,1,-0.645663,0.626489,-0.436613
10.5905,72.0285,-67.6908,0.308037,0,2.8,0,-0.720248,0.555964,-0.414907
-17.1305,74.4185,-66.2105,0.275115,0,3.8,1,0.7994,0.589807,0.114404
11.2793,59.6387,-56.966,0.130946,0,-3.9,0,0.0757825,-0.79621,0.600256
-20.2153,95.4467,-74.5915,0.298342,0,-0.7,1,-0.306453,-0.211079,-0.928188
-4.1015,98.5127,-77.8662,-0.200136,0,-0.9,1,0.546639,0.76383,-0.343148
6.9345,90.049,-57.1705,0.961724,0.165488,-1.51445,0,0.835241,0.37201,0.404945
-5.92,87.32,-50.19,-0.0515805,0,-3.5,0,-0.0676121,0.995541,-0.0657847
-23.8263,83.6875,-69.833,-0.138874,-0.0130588,3.45357,0,-0.875727,-0.480288,-0.049249
-17.6935,64.2787,-72.5622,-0.462633,-0.247938,-1.3,0,-0.0940477,0.283572,-0.954328
-10.5682,79.317,-48.9888,0.0972555,0,3.8,0,-0.995395,0.0792782,-0.0538773
-12.8993,68.9098,-66.1325,0.637161,0,4.2,1,0.292318,0.779006,-0.554707
-3.79,55.7822,-71.1028,-0.564208,0,-2.619,0,0.483685,-0.057089,-0.873378
1.88925,59.2448,-71.7053,0.126951,0,-0.4,0,0.416855,-0.828129,-0.374746
-10.4585,76.108,-86.7477,0.669824,0,-4.5,0,0.0225262,-0.999477,0.0231908
-13.394,94.533,-68.902,-0.525081,0,-3.2,0,0.706468,0.682731,-0.186496
-13.387,60.083,-71.922,-0.0340685,0,-3.5,0,-0.680368,-0.720495,0.134115
-12.1695,78.0407,-86.172,0.668453,0.157081,-4.5,0,-0.727943,0.148212,0.669427
13.1678,68.4408,-56.8765,0.427887,0,4.5,0,-0.221406,0.828391,0.514537
10.2325,87.4095,-58.5125,0.228407,0,4.5,0,0.842404,-0.299274,0.448096
-12.5358,97.8688,-67.5443,-0.810908,-0.621337,4.5,0,0.409369,-0.44498,-0.796498
1.188,68.8213,-53.3265,0.121802,0,2.8,0,0.0663635,0.96102,-0.268396
1.35125,71.6992,-72.7253,0.632824,0,-4.5,0,-0.160185,0.885537,-0.436079
-2.55925,61.593,-70.8555,0.0485796,-0.122955,-2.78857,1,-0.603152,0.790526,-0.106191
-10.7987,97.3958,-81.794,0.185363,0,-0.9,1,0.288918,0.956355,-0.0437185
7.94625,80.5545,-63.0737,0.165505,0,4.5,0,0.687193,0.554962,-0.46881
-1.3095,53.3775,-63.1105,-0.0556925,0,3.8,0,0.0262187,-0.97238,0.231928
-15.2525,94.9315,-79.127,0.107067,0,-0.9,1,-0.568557,0.636511,0.52115
-1.502,67.801,-68.6255,0.40617,0,-0.4,1,-0.548191,0.833808,-0.0651963
-22.303,82.0863,-70.4825,-0.243245,0,3.95643,0,-0.398103,-0.166807,-0.902048
-1.9155,90.803,-83.14,0.0751257,-0.362715,-1.3,1,0.976178,-0.148334,-0.158346
-14.7907,83.7913,-73.889,0.1957,0,2.8,1,0.195114,-0.891542,-0.408758
8.86825,74.6545,-63.0762,0.174688,0,4.5,0,0.898638,0.414056,-0.144937
4.76875,69.848,-73.6975,0.538652,0,-4.5,0,0.811966,0.331289,-0.480581
5.122,90.2415,-51.5662,0.168351,0,-1.6,0,0.302604,-0.224008,0.926418
-23.1905,77.665,-63.7255,0.362202,0,4.5,0,-0.200976,0.927972,0.313809
-5.43575,85.6865,-68.7635,0.149,0,3.8,0,0.757001,-0.476604,-0.446988
-14.8003,103.109,-66.9735,0.293835,0,4.2,0,0.0745501,0.862084,0.501252
-2.8675,62.0342,-74.159,-0.224803,0,2.8,0,-0.927892,0.208576,0.309049
-10.0485,78.231,-84.0795,0.371728,0,-4.5,0,-0.267659,0.62639,0.732117
15.5955,70.5472,-68.6235,0.297911,0,2.8,0,0.539136,0.112314,-0.834696
15.5857,71.6458,-66.1745,0.16531,0,3.08073,0,0.263664,0.938948,-0.221037
-19.3347,88.54,-64.7747,-0.739557,0,-3.5,0,-0.101768,0.15854,0.982094
-2.3155,76.0345,-63.3675,-0.0119444,0,2.8,1,-0.654628,-0.679379,0.331521
-23.52,94.585,-66.6107,0.648149,0.681301,-3.5,0,-0.484968,0.231939,0.843214
-12.387,78.0655,-93.286,-0.261277,0,-4.5,0,0.857326,-0.314752,-0.407337
-9.10225,93.539,-67.2028,0.147994,0,-1.3,0,-0.826157,0.501194,0.257427
-11.8577,97.414,-82.203,-0.248749,0,-0.9,1,-0.00731075,0.984007,-0.177981
13.7825,58.3672,-60.2055,0.804622,0.0893162,-3.9,0,0.105318,-0.953037,-0.283952
-17.8242,81.942,-63.9478,0.145564,0,4.5,0,0.419018,0.118496,0.900212
-5.665,103.52,-64.38,-0.68554,-0.408281,-0.4,0,0.101368,0.835057,0.540745
-23.4055,85.862,-67.2265,0.021441,0,3.8,0,-0.661472,0.452074,0.598401
-8.068,95.8045,-73.1725,0.830409,0.0189602,-0.0943163,0,0.833799,0.452644,0.316058
-1.0735,100.09,-61.7845,0.258347,0,-0.4,0,0.892208,0.178504,0.41485
-9.427,95.8685,-80.445,0.170632,0,-0.9,1,0.751961,0.594415,-0.285002
-10.8255,96.9928,-60.9245,0.201092,0,4.5,0,0.716908,-0.146445,0.681614
-10.168,60.2575,-59.255,-0.549823,-0.32333,3.6799,1,-0.18865,-0.910863,-0.367068
-3.00375,63.5272,-56.3213,-0.273476,0,4.5,0,-0.248274,0.866666,-0.432724
-21.6623,98.3175,-67.519,0.304059,-0.75283,-1.22665,0,-0.906696,0.255013,0.335961
-16.7803,100.206,-73.916,0.0503858,0,1.8,1,0.0564239,0.987436,-0.147601
10.574,59.1525,-60.4445,-0.112905,0,-3.9,0,-0.527142,-0.803018,-0.278
15.4715,67.1097,-63.8558,1.93753,0.0534868,2.8,0,0.768841,-0.373965,-0.518684
1.3905,70.1485,-59.1657,0.194818,0,-1.04334,0,0.0134263,0.404741,0.914333
-2.5465,75.9532,-65.234,-0.176776,0,2.8,1,-0.664242,-0.736021,0.130599
2.5305,54.4268,-69.0145,-0.223125,0,-3.5,0,0.0557671,-0.545284,-0.836394
-1.1055,80.4265,-47.7503,0.150461,0,4.5,0,0.57956,-0.112832,0.807081
-11.717,97.4853,-67.106,-0.142319,0,4.5,0,0.60004,-0.467279,-0.649308
5.86575,77.692,-66.5882,0.197225,0,4.5,0,0.644167,-0.341356,-0.684489
-13.626,87.3715,-61.408,0.0741776,0,-0.9,0,-0.927713,-0.0387421,0.37128
-13.904,84.1722,-66.2535,0.287592,0,2.8,1,-0.468779,-0.441649,0.764979
1.625,89.8948,-47.7093,-1.15439,-0.490591,1.8,0,0.50236,0.828504,0.247418
-12.8097,67.7625,-67.8235,1.08982,0.924366,4.2,1,0.207476,0.918717,-0.336024
-12.0492,101.738,-62.1905,0.565624,0,-3.9,0,-0.869867,-0.212484,0.445177
-6.53725,53.7923,-54.3742,0.169226,0,4.2,0,0.260981,-0.95917,0.109007
4.37,57.3693,-57.1188,0.088111,0,1.9,0,0.834045,-0.540655,-0.109824
-11.9625,79.861,-93.848,-1.51724,0,3.8,0,0.785616,-0.162252,-0.597061
-12.9835,60.0197,-70.9415,-0.666704,-0.136029,-3.5,1,-0.624454,-0.642765,0.443746
1.55025,80.1935,-49.0625,0.116479,0,4.5,0,0.906585,-0.0567863,0.418185
7.18675,91.8245,-55.6058,-0.50057,0,-1.6,0,0.905852,0.258472,-0.335595
-13.9108,95.6865,-77.2215,0.191217,0,3.8,1,-0.542743,0.670536,-0.505778
-14.732,80.4445,-79.3232,0.293884,0,2.8,0,-0.0664368,-0.692542,0.718312
5.139,69.718,-72.042,0.717667,0.0733575,-4.5,0,0.967021,0.177585,-0.182576
-4.814,104.186,-70.2357,-0.095585,0,2.8,1,0.576057,0.51277,0.636573
-8.49975,103.838,-66.5677,0.547433,0.35572,-0.364646,0,-0.0991805,0.994956,0.0150229
-5.1015,86.3775,-60.6825,0.13859,0,4.5,0,0.10432,-0.949839,0.294828
0.57675,53.0405,-57.9832,1.7032,0.229567,-3.9,0,0.921737,-0.338957,-0.188439
-16.6575,75.516,-67.622,0.231048,0,3.8,1,0.683041,0.228869,0.693595
-16.1795,62.6903,-59.7185,0.418771,0,-3.2,0,-0.84817,-0.46359,0.256303
10.9377,60.622,-56.283,0.218044,0,-3.9,0,0.284705,-0.466439,0.837483
13.5865,69.8935,-68.7445,-0.190692,0,2.8,0,-0.102377,-0.240791,-0.965163
0.45,71.138,-66.4323,0.646914,0,-4.5,0,-0.824183,0.552397,-0.124818
-13.857,81.464,-95.8175,-0.170609,0,4.5,0,0.922818,0.314176,-0.222934
4.698,72.981,-56.997,0.0303236,-0.730255,-1.3,0,-0.463165,-0.506689,0.727148
-9.28875,58.2233,-61.937,0.191779,0,-1.3,1,-0.710983,-0.508259,0.48598
-12.7163,89.6817,-88.3115,0.0442538,-0.788297,-0.7,0,-0.416865,0.78123,-0.464654
-3.52425,86.5573,-45.1662,-0.127667,0,4.5,0,-0.359322,0.501491,0.787017
-11.1222,58.4823,-68.0885,0.185836,0,-0.9,1,-0.697146,-0.648069,0.306585
-10.7847,83.8262,-79.7357,0.237959,0,2.8,1,0.622315,-0.39794,0.674068
2.0875,91.1815,-60.3205,2.09105,0.545302,-3.40465,0,0.0375179,-0.0709291,-0.996776
-8.6055,78.1485,-84.225,0.565381,0.0115095,-4.5,0,0.120713,0.511188,0.850949
0.74675,95.481,-59.3338,0.974096,0,-3.9,0,0.576544,0.78609,0.222845
-28.7903,81.512,-65.3012,1.62914,0.734027,-3.9,0,0.153916,0.834055,0.529776
-10.421,81.4488,-68.6917,0.00715206,0,2.8,1,-0.0842559,-0.989957,-0.113519
-16.1248,86.56,-89.0362,0.0814744,0,4.2,0,-0.242054,0.90674,0.345299
8.4165,70.3395,-61.3527,0.0962159,0,-1.3,0,0.536968,0.000501092,-0.843602
14.7262,64.1093,-55.8065,0.35567,0,4.5,0,0.114701,-0.974521,0.192748
-10.1595,88.6405,-86.5855,0.209304,0,-0.75,1,0.788306,0.510002,-0.344197
-4.81375,80.3887,-44.318,0.0740537,0,4.5,0,-0.724515,-0.609908,0.321076
2.112,75.8125,-55.5677,0.0718318,0,4.5,0,0.422123,0.0106046,0.906476
-7.71075,91.732,-59.577,-0.515666,-0.635189,-0.8,0,0.122369,0.183697,0.975336
-11.885,79.146,-86.449,0.648998,0,-4.5,0,-0.289212,0.132994,0.947982
-11.817,99.178,-75.7462,-0.848182,-0.276044,3.8,1,0.193881,0.834939,-0.515061
-2.7855,67.733,-57.0135,-0.137355,0,4.5,0,0.517031,-0.727758,-0.450608
-9.644,81.3135,-54.736,0.912782,0.221792,-0.8,0,-0.714068,-0.128891,-0.688109
-29.3875,74.9525,-64.2155,0.236968,0,4.5,0,-0.5018,-0.233699,0.832815
-12.2867,99.6133,-74.6803,-1.16973,-0.311951,3.8,1,-0.155546,0.985385,0.0694364
-23.736,81.7485,-67.02,0.00162237,0,-3.9,0,-0.146644,0.446961,0.882452
-11.183,89.0925,-89.268,0.579212,0,-0.7,0,0.0570986,0.828794,-0.556633
18.617,69.0098,-62.9922,1.72253,0,4.5,0,0.799966,-0.555198,-0.227616
-24.0763,85.6198,-71.1458,0.12907,0,3.8,0,-0.847373,0.363108,-0.387441
-7.048,86.1158,-83.161,0.117457,0,-0.8,0,0.665386,-0.678107,0.312141
-17.909,76.106,-64.5585,0.27838,0,4.5,1,0.890808,0.454377,0.00164565
-11.8675,97.294,-80.9925,-0.193475,0,-0.9,1,-0.0847779,0.952318,0.293091
17.9225,72.0947,-65.7763,0.253101,0,4.5,0,0.225195,0.0598771,-0.972472
-14.7825,70.187,-62.6495,0.170461,0,4.2,0,-0.0711145,0.642334,0.763118
16.9268,65.1665,-56.104,0.304218,0,4.5,0,0.932214,-0.344615,-0.110529
-10.063,99.0425,-63.958,0.413837,0,0.3,0,0.780609,-0.314991,0.539842
-9.18825,69.384,-66.051,0.348962,0,4.2,1,0.0817325,0.986148,-0.144335
-21.8298,97.8015,-68.4532,0.0179167,-0.3966,-2.12073,0,-0.990648,0.119994,-0.0649406
-15.97,104.052,-68.08,0.229072,0,4.2,0,-0.221313,0.90632,0.360006
0.798,82.0667,-56.4925,-0.00582031,0,4.5,0,-0.175999,-0.7367,0.652914
-26.356,77.4935,-65.181,0.371459,0,0.3,0,-0.129617,0.408384,0.903561
-13.251,88.2197,-60.9695,0.189205,0,-0.9,0,-0.645259,0.636705,0.422194
-4.081,53.98,-59.4835,0.154865,0,-3.9,0,-0.512247,-0.625562,-0.588452
3.98825,85.1785,-63.9166,-0.0473447,0,-0.9,0,-0.0248681,-0.631514,-0.774965
-10.6138,78.1152,-53.3073,0.200023,0,4.5,1,-0.441183,0.834377,-0.330413
2.2605,67.163,-68.7097,-0.220134,0,-4.5,0,0.450258,-0.615596,-0.646769
-9.76175,96.7718,-82.056,0.35194,0,-0.9,1,0.849793,0.459091,-0.25901
-18.0977,81.364,-96.1275,-0.00900771,0,4.5,0,-0.970964,0.144771,-0.190449
-9.265,77.5295,-83.6107,0.920027,0.572414,-4.5,0,0.0924948,0.0749826,0.992886
-4.2035,84.5715,-44.519,0.0832215,0,4.5,0,-0.673641,0.464841,0.57457
13.5382,62.052,-64.312,-1.1294,0,-3.5,0,-0.714892,-0.609494,-0.342703
-3.92225,55.1195,-60.29,-0.0236338,0,-3.9,0,-0.444394,-0.797196,-0.408647
-13.999,95.223,-67.8505,-0.978154,0,-3.2,0,0.782225,0.48371,-0.392618
-0.105,64.6693,-58.973,-0.330427,0,4.28627,0,-0.691051,0.635936,0.343561
-15.486,97.5228,-75.8655,0.76089,0.180785,3.8,1,-0.148783,0.286684,-0.946402
-13.7288,96.0622,-84.1858,0.250668,0,-0.9,0,-0.0490395,0.565901,-0.823013
-9.16375,55.0595,-56.2625,0.0480711,0,4.2,0,-0.352301,-0.784076,-0.510987
-19.924,84.602,-67.122,1.95931,0,4.5,0,-0.132231,0.201876,0.970444
17.933,71.729,-60.9673,0.421123,0,4.5,0,0.253892,0.388185,0.885918
9.967,89.1233,-60.9842,0.223245,0,4.5,0,0.801881,0.416981,-0.427917
-4.8405,93.384,-69.922,0.0285828,0,-1.3,0,0.496724,-0.86395,-0.0827993
-0.104,68.4918,-53.4593,-0.0566067,0,2.8,0,-0.224981,0.974092,-0.0229936
-8.649,94.918,-65.901,0.280241,0,-1.3,0,-0.745589,0.395211,0.536569
-8.212,56.1073,-62.549,0.137432,0.36403,-3.5,0,-0.828856,-0.169596,0.533137
8.57775,58.584,-54.9145,0.0222162,0,1.8,0,0.67792,-0.52113,-0.518506
-8.1435,81.1275,-46.9815,0.123105,0,3.8,0,0.0466025,0.424848,0.904064
-5.96375,86.0525,-61.205,0.102636,0,4.5,0,0.431232,-0.901299,-0.0412313
2.2365,87.6485,-47.194,-0.294866,-0.218737,1.8,0,0.832103,0.132962,0.538447
-17.167,78.5105,-97.211,-0.307938,0,4.5,0,-0.766213,-0.302945,-0.566694
-18.61,77.333,-94.875,-0.979973,-0.109692,-3.9,0,-0.896671,0.164096,-0.411161
-1.45125,79.3945,-53.117,0.291816,0,4.35003,0,0.884807,0.268273,-0.38098
7.38325,61.6413,-64.7943,-0.471613,0.805776,-3.2,0,0.655744,-0.663915,-0.359467
-20.5163,80.622,-66.2083,0.204421,0,4.5,0,-0.779739,-0.0590153,0.623317
-1.99975,66.0693,-75.555,0.33184,0,2.8,0,-0.0883641,0.981444,-0.170173
-17.8668,75.9863,-93.0232,-0.58437,-0.729846,-3.9,0,-0.383224,-0.922646,0.0431716
15.8125,69.6585,-57.783,0.365948,0,4.5,0,0.387877,0.819946,0.420998
-18.9097,76.8548,-88.5253,0.668276,0,-3.9,0,-0.157239,-0.932609,0.324833
-9.296,65.651,-71.8145,0.456826,0.196858,0.852594,0,0.0693789,0.611535,-0.78817
-0.02125,90.1608,-66.9642,0.375289,0,2.8,0,0.770674,0.547644,-0.325803
-16.7874,77.5354,-96.9135,-0.966766,0,4.5,0,-0.641717,-0.372155,-0.670596
14.0013,71.8935,-69.022,0.301533,0,2.8,0,0.239443,0.35574,-0.903391
-19.1195,72.9855,-69.8135,0.329109,0,3.8,1,-0.324673,-0.578549,-0.748244
-31.306,80.42,-66.697,1.44477,0.905009,-3.9,0,-0.94453,0.152267,-0.290994
-16.195,67.782,-54.231,0.126534,0,3.8,0,-0.929594,0.146126,0.338381
20.184,72.665,-63.668,0.208535,0,4.5,0,0.91335,0.384872,0.13291
9.5085,84.2182,-59.8645,0.0953018,0,4.2,0,0.53089,0.451452,-0.71718
-0.26625,86.8227,-67.3298,0.265615,0,2.8,0,0.214965,-0.447237,-0.868199
-19.7202,77.2515,-86.875,0.811433,0,-3.9,0,-0.260422,-0.821266,0.507644
-16.7415,82.1348,-78.894,0.31152,0,2.8,0,-0.522667,-0.269651,0.808769
-6.07175,104.181,-73.7825,0.169211,0,2.8,0,0.0755728,-0.0174084,-0.996988
14.6217,69.6785,-68.7158,-0.0344792,0,2.8,0,0.17964,-0.30435,-0.935468
-5.1305,99.471,-60.4975,-0.760337,-0.201765,-3.9,0,-0.41338,0.625204,0.661994
-4.693,103.034,-64.368,0.0982235,-0.70638,-0.4,0,0.279965,0.846809,0.452255
-24.002,95.024,-67.3775,0.727528,0.703195,-3.5,0,-0.883797,0.378764,0.274665
-9.538,55.072,-70.897,0.525842,0.141764,-0.661145,1,-0.588145,-0.597704,0.544827
-3.99225,97.7231,-79.0447,-0.0716756,0,-0.9,1,0.409685,0.684988,-0.602453
-3.3395,89.2917,-83.4975,0.326755,0,-1.3,0,0.429676,-0.84045,0.330186
-13.7952,99.4818,-69.118,-1.24198,0,4.21446,0,0.354946,-0.446494,-0.821375
-5.1455,95.7588,-60.1555,0.203303,0,-3.9,0,-0.666312,-0.0153214,0.745516
-17.3195,74.9725,-64.8815,0.246937,0,3.8,1,0.816595,0.576592,0.0267276
-12.2603,69.4128,-59.9227,-0.343891,0,1.8,0,-0.468863,0.795637,-0.383575
-3.1635,91.2643,-48.677,0.682653,0,-0.7,0,-0.505781,0.834069,-0.220262
2.61775,86.3637,-51.2925,0.411719,0,1.59893,0,0.320977,0.944649,0.0679074
-9.325,82.8542,-53.5415,0.198554,-0.237246,-0.8,0,-0.629597,0.750835,-0.199633
-5.32675,60.9907,-70.993,-0.567997,-0.292595,-2.03913,1,0.00806091,0.756836,-0.653555
10.0223,79.385,-58.1915,0.141713,0,4.2,0,0.636102,-0.771012,0.0302408
-8.1315,56.193,-68.761,-0.614569,-0.113849,-1.20693,1,-0.809608,-0.362755,0.461458
-14.75,103.791,-68.125,0.221433,0,4.2,0,0.199244,0.968829,0.147216
-8.7295,104.197,-64.608,0.369208,0.0681382,-3.9,0,0.504984,0.80611,-0.30851
-15.965,85.1305,-74.9962,0.278114,0,2.8,1,-0.194283,-0.344199,-0.918576
-19.633,67.9482,-64.0005,-1.36184,-0.161853,-1.3,0,-0.231084,-0.438786,0.868371
-21.617,93.1235,-72.5305,0.133092,0,-0.7,0,-0.143767,-0.804895,-0.575739
-9.5575,62.8195,-52.7093,0.119212,0,3.8,0,-0.0304928,-0.0332506,0.998982
0.5045,70.8375,-73.2367,0.738267,0.730855,-4.5,0,-0.784845,0.271225,-0.557186
-15.5525,75.8375,-92.9115,-0.54889,-0.0494393,-3.93207,0,-0.0790196,-0.971787,-0.22223
-22.5798,93.5452,-72.7578,0.116124,0,-0.7,0,-0.405631,-0.728178,-0.552468
-7.4445,59.7928,-73.5155,-1.60359,-0.306713,-0.9,0,0.420598,-0.074148,-0.904212
-8.6625,76.07,-49.5682,0.0117328,0,4.5,0,-0.438405,-0.446709,0.779906
16.5845,70.113,-65.5395,0.496812,0,4.43844,0,0.685563,-0.582134,-0.437176
-11.3,104.474,-60.3908,2.12452,0,-3.9,0,-0.640668,0.716728,0.275399
-7.348,78.2615,-84.2063,0.915029,0.591968,-4.5,0,0.32527,0.352991,0.877266
-5.4795,98.4068,-60.191,-0.804082,-0.333341,-3.9,0,-0.682629,-0.103271,0.723432
-7.08725,89.9112,-84.9163,0.204593,-0.113204,-1.23722,0,-0.122686,-0.0752721,-0.989587
-16.088,65.0375,-56.561,0.211835,0,3.8,0,-0.726727,-0.670984,0.147133
-3.84375,62.8877,-50.2318,0.0538651,0,4.5,0,0.0444923,0.734545,0.6771
-1.5805,57.6305,-72.3913,0.44991,0.0196391,-3.5,0,0.21362,-0.93787,-0.273436
14.292,68.6425,-68.0485,-0.073638,0,2.8,0,-0.0158504,-0.634683,-0.77261
-12.8483,76.6012,-95.2152,-1.5092,-0.131961,4.5,0,0.755091,-0.654328,0.0411402
1.1375,59.9103,-50.7682,-0.477499,-0.182297,4.5,0,0.133753,-0.0845239,0.987404
-18.3465,80.6865,-84.4965,0.32643,0,-0.7,0,-0.637834,-0.301133,0.708863
-14.4785,68.9467,-68.09,-0.644133,-0.378928,4.2,1,0.296019,0.758085,-0.581102
-10.2385,75.8735,-85.641,0.140738,0,-4.5,0,-0.154818,-0.987511,0.0292181
-5.93225,105.765,-71.8605,0.104102,0,2.8,1,0.277095,0.960836,-0.00360751
-15.7067,81.7655,-78.7753,0.0232625,0,2.8,1,-0.198636,-0.492963,0.847072
2.88325,62.4253,-71.0058,-0.45563,-0.0408349,-0.25563,0,0.984794,0.164838,-0.0548469
-4.62825,83.268,-43.9012,0.0703464,0,4.5,0,-0.683497,0.192723,0.704053
-12.9545,76.0553,-51.0952,0.11646,0,4.5,0,-0.694014,0.129039,0.708303
17.0495,71.053,-60.9017,0.971542,0,4.5,0,0.24683,0.232822,0.940675
-30.257,75.1745,-66.9645,0.268173,0,4.5,0,-0.833622,-0.0632603,-0.548701
6.805,72.9163,-56.3305,0.0783755,0,-1.3,0,-0.101803,-0.0506917,0.993512
-18.7188,64.7268,-66.3408,0.197611,0,-1.3,0,-0.098469,-0.808492,0.58021
0.804,80.4665,-62.558,0.223179,0,4.5,0,0.168436,0.653379,-0.738055
-6.0225,100.276,-65.4875,0.330998,0,-0.4,0,-2.01509e-05,-0.538596,0.842564
2.3505,87.739,-49.042,0.0545127,-0.0569599,1.8,0,0.889529,0.359574,-0.281858
-28.2715,74.1913,-68.2045,0.311184,0,4.5,0,-0.441215,-0.593121,-0.673451
5.25325,70.2588,-71.0545,1.33944,0.049817,-4.5,0,0.873555,0.456764,-0.168133
7.9385,62.1813,-61.5375,-1.13496,0,-1.3,0,0.400064,-0.79677,-0.452886
1.86625,93.1785,-55.0397,-0.0274831,0,1.66281,0,-0.702496,0.267059,0.659681
-12.0378,88.9835,-61.233,0.0672383,0,-0.9,0,-0.526246,0.606988,0.595508
7.54,67.8512,-67.0905,-0.650764,-0.621079,-1.3,0,0.0262567,0.0753455,-0.996812
-7.86775,78.185,-88.2487,1.10548,0.216155,-4.5,0,0.66408,-0.258283,-0.701632
-17.656,97.3773,-75.7945,0.222902,0,1.8,1,-0.343875,0.263661,-0.901239
-12.135,72.708,-52.6655,0.0889061,0,4.47148,0,-0.264369,-0.296168,0.91782
-22.3165,100.024,-69.8105,0.90562,0.498444,-0.8,0,-0.765261,-0.0671739,-0.640206
9.2325,86.9277,-61.389,0.180568,0,4.5,0,0.730028,-0.464068,-0.501697
12.9298,71.096,-64.4017,0.118413,0,4.11115,0,-0.587752,0.680944,0.436878
-23.714,75.605,-61.553,0.208216,0,4.5,0,-0.458711,-0.0163296,0.888435
-4.487,72.842,-50.9905,0.0652123,0,4.5,0,0.549961,-0.834221,-0.0402239
-7.8485,54.0415,-66.4945,0.0773424,0,-3.5,0,-0.892591,-0.450512,-0.0178804
-2.88625,92.1397,-72.817,0.19416,0,3.8,0,0.686062,-0.000352543,0.727543
-3.195,92.641,-83.4867,-0.151799,0,-1.3,1,0.432342,0.858083,-0.277083
-6.76587,87.8901,-84.7466,-0.626924,-0.720038,-0.8,0,0.615231,-0.14148,-0.775548
-20.8535,77.1592,-62.9053,0.237511,0,4.5,0,0.221615,0.52795,0.819851
-16.1525,67.3522,-55.243,0.144799,0,3.8,0,-0.934023,0.357158,-0.00633527
-8.1385,55.033,-52.4502,0.12407,0,4.2,0,0.0362431,-0.405977,0.913164
-2.362,75.69,-66.388,0.108179,0,2.8,1,-0.514583,-0.811689,-0.276343
15.6458,61.0202,-63.0061,-0.960791,-0.880992,-3.5,0,0.551646,-0.832331,-0.0539637
-17.649,76.1125,-89.808,0.192213,0,-3.9,0,0.156168,-0.951501,0.265061
-2.10625,81.2722,-60.619,0.165689,0,4.5,0,-0.851813,0.128742,-0.50778
-8.578,56.5575,-59.343,-1.49147,-0.331407,-3.9,0,-0.856712,-0.168028,-0.487658
-3.59625,76.9362,-65.4062,0.132834,0,2.8,1,-0.914941,-0.391666,-0.0973734
-1.32075,52.7077,-64.5995,-0.321243,0,3.8,0,0.418425,-0.878676,0.229887
-1.23075,98.8392,-65.1245,-1.67874,-0.517804,-0.4,0,0.863735,-0.348715,-0.363812
-20.7143,66.1572,-68.315,0.236482,0,-1.3,0,-0.991145,-0.0979578,0.0896437
0.556,73.181,-57.556,0.0623144,0,4.5,0,0.0109265,-0.867507,0.497305
2.775,59.807,-71.3223,0.00789593,0,-0.4,0,0.759064,-0.624844,-0.182733
-1.03725,52.766,-65.6945,-0.452701,-0.0398365,3.55788,0,0.443553,-0.893744,0.0669471
-18.9615,76.5415,-71.0905,-0.414836,0,3.8,1,-0.0421788,0.0870813,-0.995308
-20.7868,88.4405,-65.3102,-1.06498,-0.196502,-3.5,0,-0.640023,0.331052,0.693379
-4.773,75.902,-57.059,0.0936188,0,1.92218,1,0.390182,0.00286725,-0.920733
-15.151,98.6217,-68.8483,-1.27744,-0.290883,4.3814,0,0.244956,-0.38487,-0.889872
9.103,72.545,-56.9714,0.177618,0,-1.3,0,0.663694,0.625327,0.410458
4.76475,62.0358,-65.006,-1.20669,0,-3.2,0,0.0145928,-0.720921,-0.692864
-14.1491,103.023,-69.8479,0.105445,0,4.2,1,0.366323,0.693376,-0.620513
-9.57425,57.8605,-72.9596,0.389208,0,-2.45949,0,-0.508704,-0.331939,-0.794378
-0.19275,90.9636,-49.7011,0.190013,0,-0.7,0,0.47956,0.876561,-0.0407905
15.2377,61.3306,-58.0436,2.11155,0,-3.9,0,0.475033,0.463523,0.74799
-18.7175,78.2389,-67.2335,0.0149706,0,4.5,1,0.753277,-0.175414,0.633879
5.3955,90.8262,-59.7985,0.908545,0,2.16101,0,-0.077796,0.893602,-0.442066
-10.866,59.0455,-57.577,-0.374764,-0.529008,4.2,1,-0.758833,-0.151723,-0.633366
-6.9945,94.0305,-81.3518,0.397647,0,-1.3,1,0.000151896,0.841809,-0.539775
-13.9326,96.5729,-83.2262,-0.150449,0,-0.9,0,-0.268831,0.928453,-0.256332
-14.7175,101.298,-64.6335,0.778472,0.214022,4.2,0,-0.312256,0.442251,0.840779
-1.6885,96.3495,-77.372,-0.158017,0,-0.9,1,0.772145,0.427368,-0.470264
-15.7695,83.165,-93.0879,-0.588387,0,4.43438,0,-0.131434,0.954757,-0.266766
-4.3205,101.566,-69.1008,0.65656,0.0662669,2.8,0,0.958619,-0.18022,-0.220389
-12.3862,93.4024,-68.7178,0.295751,0,-3.2,0,0.639263,0.763451,-0.0921161
-14.1536,73.9235,-56.3252,0.17178,0,3.8,0,-0.310327,0.92712,-0.210107
-16.6004,98.7579,-75.0794,0.289409,0,1.8,1,0.0515407,0.610774,-0.790126
-19.94,78.1385,-86.3985,2.2592,0,-3.9,0,-0.214246,-0.588378,0.779686
-0.0095,79.6465,-51.787,0.277905,0,4.5,0,0.285154,0.016507,-0.95834
-1.68263,80.059,-59.0461,0.218106,0,4.5,0,-0.840254,-0.54219,0.00159681
-17.0771,81.9621,-97.0915,-0.0253446,0,4.5,0,-0.773981,0.242093,-0.585102
5.766,63.5159,-49.1432,0.0703258,0,4.5,0,0.25815,-0.172723,0.95054
-12.2755,102.674,-62.84,0.563037,0,-3.9,0,-0.978928,0.086859,0.184813
13.1325,69.0885,-67.885,-0.492218,0,2.8,0,-0.267886,-0.582585,-0.767354
10.924,62.662,-54.593,0.0980066,0,-0.7,0,0.686949,-0.658396,0.307596
-12.9826,95.9003,-62.3849,0.175489,0,4.5,0,-0.285835,-0.904544,0.316384
8.77812,60.4215,-59.1193,-0.300696,0,-3.9,0,-0.317321,-0.898427,-0.303538
-4.99525,59.1668,-51.6398,0.197593,0,4.5,0,-0.478109,-0.729274,0.48946
-6.547,76.743,-57.807,0.340091,0,1.8,0,0.528313,0.573567,-0.626024
-2.56375,89.929,-83.4262,-0.131904,-0.32151,-1.3,0,0.70877,-0.694856,0.121739
-10.5815,61.3302,-62.7585,0.892632,0,-1.6,1,-0.539112,-0.605876,-0.585041
6.50725,77.7821,-65.6656,0.163576,0,4.5,0,0.692476,-0.286377,-0.662167
-7.636,86.3404,-82.2821,0.19806,0,-0.8,0,0.323921,-0.769977,0.549737
3.64762,94.9794,-57.8181,1.02597,0,1.9,0,0.485497,0.653291,-0.58095
-5.03263,90.1148,-81.1037,-0.0934823,0,-1.3,0,0.0868527,-0.996221,-0.00021836
8.15312,75.6904,-55.6325,0.138164,0,3.8,0,0.503083,-0.348222,0.79098
-14.3027,90.1273,-64.7285,1.20988,0,-3.2,0,-0.608011,0.0390322,0.792968
3.433,82.4395,-51.217,0.644973,0,-1.3,0,-0.326626,-0.784139,-0.527676
-2.54912,96.9668,-72.4181,0.195151,0,-0.9,0,0.438925,-0.088909,0.894114
4.41425,87.3359,-64.2361,0.303951,0,-0.9,0,0.268846,0.42016,-0.866711
-9.21437,95.082,-68.741,0.189877,0,-1.3,0,-0.836769,0.547301,-0.0166845
-21.1904,81.4792,-71.1823,-1.10677,0,4.5,1,-0.407768,-0.208365,-0.888993
-21.0504,84.3886,-66.7366,0.401853,0,3.8,0,0.0872601,-0.163759,0.982634
9.01388,64.5188,-65.963,-0.111247,0,-1.3,0,0.172656,-0.652764,-0.737624
7.82163,67.5711,-53.6253,0.0694418,0,3.8,0,0.751187,0.5766,0.321326
-6.74813,65.1669,-55.4588,0.0168801,0,3.21127,0,0.605636,0.412636,0.680395
3.79275,57.6475,-58.376,-0.275575,0,1.9,0,0.802093,-0.379612,-0.461023
-10.9017,93.089,-70.1448,0.0860865,0,-0.9,0,-0.137733,0.969143,0.20443
-6.87275,87.2268,-48.6888,0.416141,0,-3.5,0,-0.360573,0.881548,0.304728
-3.13275,65.1257,-76.8234,0.186603,0,2.8,0,-0.382085,0.857012,-0.345748
-3.27825,62.5983,-78.1951,0.117427,0,2.8,0,-0.530068,0.0666073,-0.845335
-4.18388,104.344,-72.2076,0.19247,0,2.8,1,0.746449,0.513597,-0.423121
8.82375,71.6865,-56.134,0.148656,0,-1.3,0,0.403798,0.152363,0.902071
0.736625,67.3333,-57.9989,-0.0916544,0,-1.3,0,-0.94702,0.237332,0.216393
1.43875,67.6185,-57.2048,-0.0746601,0,-1.3,0,-0.550466,0.578444,0.601988
-10.2744,67.1851,-53.0616,-0.090215,0,4.5,0,-0.113444,-0.707352,0.697699
-13.5865,83.989,-92.7444,0.253054,0,3.8,0,-0.196476,0.788056,-0.583407
-7.54025,62.0197,-71.4654,-0.584874,0,-0.4,1,0.892369,0.0991263,-0.440286
-30.5853,79.0102,-66.8587,3.2257,0,-3.9,0,-0.827423,-0.386116,-0.407781
-2.9945,93.354,-76.0717,0.204948,0,3.8,0,0.823139,-0.303978,-0.479624
-8.66638,83.6419,-66.8855,0.0448893,0,2.8,0,0.820176,-0.539216,0.1912
15.4073,64.8995,-58.4189,0.795834,0,4.5,0,0.733932,-0.671088,-0.104807
-7.15875,87.1334,-70.5754,0.0819822,0,3.8,0,0.913963,-0.0547756,-0.402083
-18.231,94.3503,-66.833,0.136923,0,-3.5,0,-0.149095,-0.245504,0.957861
3.77875,59.9427,-61.9333,-0.878661,0,4.2,0,0.859673,-0.488067,-0.150839
7.73375,72.5058,-65.1188,0.297469,0,4.5,0,0.784573,-0.447463,-0.42921
2.488,90.759,-54.5018,0.552367,0,-0.438272,0,-0.935848,-0.351731,0.0217644
-27.1572,73.4122,-64.834,0.276804,0,4.5,0,-0.334755,-0.744895,0.577122
-8.26737,103.658,-65.5651,0.764045,0.243288,-3.9,0,0.220868,0.973314,-0.0622732
9.56637,86.1426,-59.1949,-0.0342153,0,4.5,0,0.878713,-0.475647,-0.0402876
6.23525,92.359,-56.2523,0.0157931,0,-1.6,0,0.583996,0.414626,-0.697878
-6.4475,53.458,-65.6395,0.312419,0,-3.5,0,-0.344983,-0.891328,0.294146
-9.3625,87.9141,-86.3203,0.204254,0,-0.8,0,0.700516,0.42616,-0.57242
8.8345,88.9778,-58.1253,0.593883,0,4.5,0,0.42435,0.562174,0.70985
3.78375,60.9627,-68.685,-1.5516,-0.0250931,-0.4,0,0.98337,0.146852,0.106856
-10.372,103.962,-57.873,2.17258,0,-3.9,0,-0.133403,0.187661,0.973133
-12.317,83.6375,-79.376,-0.00184474,0,2.8,1,0.236436,-0.242115,0.940999
-0.82625,63.9716,-57.0518,-0.137518,0,4.5,0,-0.426189,0.895446,-0.128607
6.761,61.818,-50.88,0.0835373,0,4.5,0,0.747468,-0.501208,0.435984
7.90375,81.1309,-61.2951,0.130476,0,4.42416,0,0.809141,0.275191,-0.519192
-15.7508,61.8514,-70.8779,0.543489,0.772057,-1.43402,1,0.0376859,-0.844274,0.534585
-7.4985,86.6022,-59.5734,0.031322,0,4.5,0,0.133465,-0.694584,0.706923
-10.5953,78.6025,-85.1075,0.185346,0,-4.5,0,-0.48137,0.696756,0.531803
-20.5212,67.0881,-67.0484,0.437751,0,-1.3,0,-0.991184,-0.0877256,0.0992937
-2.21312,92.252,-60.0863,0.692895,0,-3.9,0,-0.593065,-0.409086,0.693486
-7.93437,99.0669,-76.8105,0.501846,0,-0.9,0,-0.443907,0.876461,-0.186449
-8.29656,81.4512,-55.275,-0.202297,0,-0.8,0,-0.186257,0.303039,-0.934599
-8.019,57.305,-60.1235,-0.464962,-0.0513323,-3.9,1,-0.955292,-0.162608,-0.246932
-6.07937,86.2136,-66.2354,0.0397541,0,3.8,0,0.4047,-0.650352,0.642853
-2.389,77.7962,-57.2594,0.203058,0,4.2,0,-0.0546238,0.0873576,-0.994678
11.7148,66.2085,-52.4678,-0.00785334,0,-0.7,0,0.751783,0.26793,0.602524
8.3775,79.9023,-62.1598,0.157839,0,4.5,0,0.976978,0.122132,-0.174921
-17.5075,102.79,-69.2256,0.691699,0,4.2,0,-0.65584,0.708205,-0.26138
-4.57725,99.7129,-64.0683,0.65312,0,-0.4,0,-0.971835,-0.227287,0.0622688
2.958,86.1975,-48.177,0.200607,0,1.8,0,0.901232,0.0698953,0.427663
-10.5896,102.52,-67.0029,0.101609,0,-3.9,0,-0.257107,0.876703,-0.406556
-10.2397,86.0109,-75.7426,0.215352,0,4.5,1,-0.0800851,-0.996465,-0.0253635
2.7695,89.2773,-54.258,0.760756,0,-1.6,0,-0.977111,-0.0125739,-0.212358
8.49475,73.6833,-64.3665,0.210023,0,4.5,0,0.914802,-0.129747,-0.382496
-6.81725,68.1001,-64.7424,0.262064,0,3.22272,1,0.363494,0.818009,-0.445795
0.474875,68.261,-59.6516,-0.122367,0,-1.3,0,-0.685957,-0.460371,0.563491
-2.4705,68.1635,-60.0996,-0.0858213,0,3.8,0,0.137986,-0.665762,0.733294
-0.95525,92.4129,-61.4555,0.866643,0,-3.9,0,0.729846,-0.303773,-0.612411
-9.94425,73.3784,-52.1241,0.0604545,0,4.5,0,-0.43924,-0.148399,0.886028
-15.4884,93.435,-78.8092,0.358046,0,1.69398,1,-0.832994,0.234337,0.501206
-9.93388,98.7649,-72.7476,0.0935188,0,-0.4,0,-0.0484063,0.674835,0.736379
-13.6433,85.36,-75.171,-0.219467,0,2.8,1,0.0143958,-0.525541,-0.850646
-1.072,89.7308,-53.0308,0.0760502,0,-0.7,0,-0.420128,0.395415,-0.816786
-8.377,69.3037,-50.4596,0.134393,0,4.5,0,-0.0153165,-0.295335,0.955271
-5.71313,73.6681,-48.0918,0.0850272,0,4.5,0,0.0493197,-0.205672,0.977377
-21.0541,97.0354,-66.2178,0.667854,0.288589,-3.5,0,-0.243016,0.185973,0.952028
-14.784,68.291,-56.7205,0.261752,0,3.8,0,-0.685753,0.549468,-0.477313
-13.554,61.162,-60.084,0.00652415,0,-3.2,0,-0.241123,-0.922613,-0.301072
9.5025,88.037,-61.4465,0.226215,0,4.5,0,0.817798,-0.0939333,-0.567787
-1.631,86.4232,-44.4282,-0.494938,-0.822174,4.5,0,-0.236523,0.494482,0.836388
-0.924875,58.1545,-50.0202,0.27129,0,-1.6,0,-0.0575088,0.24495,0.967829
-7.8325,69.9043,-62.9146,0.262798,0,4.5,1,-0.0880211,0.511592,-0.854708
-15.9834,90.7921,-65.6851,0.128006,0,-3.2,0,-0.609895,-0.110204,0.784782
-21.4641,86.5234,-71.6229,0.33062,0,3.8,1,0.210978,0.489487,-0.846103
-7.40812,91.163,-67.7302,0.113693,0,-0.4,0,0.320921,-0.18846,-0.928166
-11.776,84.606,-79.34,0.328249,0,2.8,1,0.139497,-0.123707,0.982465
-15.4741,68.5911,-54.9997,0.166076,0,3.8,0,-0.807953,0.588556,0.0285099
1.55037,63.7139,-49.6819,0.0241724,0,4.5,0,-0.831889,0.18473,0.523293
3.8995,68.3784,-70.8121,0.911157,0,-4.5,0,0.131661,-0.989835,-0.0537746
4.477,70.3995,-66.4726,0.139044,-0.985096,4.5,0,0.930946,0.171162,-0.322557
-10.7645,69.5163,-64.1462,0.28567,0,4.2,1,0.129808,0.980912,-0.144779
4.674,65.909,-51.4275,0.100408,0,4.5,0,-0.0803658,0.881739,0.464841
-21.5168,71.5563,-63.0288,0.355414,0,3.8,0,-0.511423,0.0567745,0.857452
-10.0999,86.0641,-88.2919,0.416909,0,-0.7,1,0.969507,-0.128439,0.208708
4.44737,94.1919,-54.8027,1.02044,0,-1.6,0,0.134307,0.883387,0.448986
-8.63087,65.8834,-53.6269,0.0576595,0,3.8,0,0.531667,0.366303,0.763644
6.04313,83.2336,-61.5187,0.930393,0,-0.9,0,0.816583,-0.041133,-0.575761
-2.722,92.9915,-66.5782,0.626106,0,2.8,0,0.283385,0.313352,-0.906368
-3.9365,66.6551,-60.4852,-0.179379,-0.227828,-1.3,0,0.562172,0.060136,0.824831
3.065,68.2797,-71.4666,0.382666,0,-4.5,0,0.0165668,-0.998257,0.0566472
-7.917,84.766,-59.8546,0.15423,0,-0.9,0,0.687146,0.0180529,0.726295
-11.3068,92.9553,-84.8164,0.462348,0,2.5,1,-0.159447,0.567129,-0.808048
2.60575,88.815,-48.192,-1.39309,-0.32244,1.8,0,0.93396,0.357022,-0.0159289
-10.9377,60.3511,-75.2489,0.214067,0,-3.5,0,0.0973812,-0.368883,-0.92436
2.53513,71.6729,-59.2264,0.0656582,0,4.5,0,-0.299303,-0.427689,0.852936
2.485,54.98,-59.5255,0.336894,0,1.9,0,0.63729,-0.618796,-0.459296
-8.77337,87.8027,-59.3094,0.0714801,0,4.5,0,-0.647836,0.192068,0.737169
16.1865,69.9463,-66.8043,0.344528,0,2.8,0,0.883148,-0.424661,-0.199279
-2.39975,53.2126,-63.7099,-0.106706,-0.255893,3.8,0,-0.055167,-0.833289,0.550078
-15.6582,66.4818,-63.5112,0.11603,0,4.2,0,-0.861252,-0.202274,0.466187
-7.75925,75.515,-48.9556,0.0856965,0,4.5,0,-0.375378,-0.0567096,0.925135
-9.71712,84.9356,-89.5005,0.211275,0,2.72162,1,0.926883,0.255748,0.274739
6.3815,90.0254,-53.0829,0.708588,0,-1.6,0,0.709156,-0.00451787,0.705037
-5.49,69.6842,-51.9161,0.126848,0,4.5,0,0.912319,-0.315614,0.260885
-7.54925,96.448,-74.0803,1.05974,0.242475,1.38397,0,0.629398,0.164004,0.759579
-8.41313,104.072,-62.2122,0.977494,0,-3.9,0,0.797233,0.575163,-0.183324
-13.4505,89.0579,-62.4893,0.364564,0,-0.9,0,-0.703656,0.594844,0.388625
-7.5925,85.2695,-51.9575,-0.752702,-0.498099,-3.5,0,-0.344152,0.0891754,-0.93467
7.55587,89.1784,-57.5511,1.09818,0.0185271,2.19922,0,0.690712,0.49838,0.523959
-3.62275,85.6923,-44.6343,0.0358491,0,4.5,0,-0.570469,0.414683,0.708945
10.2408,83.3854,-59.4647,0.150107,0,4.2,0,0.899787,0.144919,-0.411561
-6.74963,73.3268,-48.1956,0.0746902,0,4.5,0,0.0240936,-0.342933,0.939051
-20.5417,81.4866,-65.6905,0.21708,0,4.5,0,-0.856338,0.00134784,0.516414
3.742,82.6817,-49.849,0.0359112,-0.0523794,-1.3,0,0.00984883,-0.599995,0.799943
9.77938,67.102,-53.2076,0.0597177,0,-0.7,0,-0.0825562,0.984909,0.152112
-0.3085,58.2952,-72.3583,0.476311,0.519867,-3.5,0,0.64159,-0.71859,-0.26831
-12.0813,96.7115,-60.6565,0.20057,0,4.5,0,0.113639,-0.458436,0.881432
-1.77188,79.1466,-61.7441,0.238837,0,3.86518,0,-0.901219,0.408138,0.145696
-3.65263,53.5244,-71.6817,0.387067,0,-1.6,0,0.79275,0.163444,-0.587225
-10.4233,97.696,-62.9369,0.303093,0,4.5,0,0.942496,0.081546,0.324118
2.4725,53.7137,-66.9137,-0.39921,0,-3.5,0,0.125159,-0.991731,0.0283556
12.882,66.477,-66.372,0.283986,0,2.8,0,-0.0182261,-0.580703,-0.813912
-0.967,84.757,-64.946,0.197807,0,2.8,0,0.243256,-0.964436,0.103389
0.710375,88.2899,-66.376,0.279418,0,2.8,0,0.853577,0.327286,-0.405327
-5.66681,53.7456,-63.8617,-0.708832,0,-3.5,0,-0.176079,-0.843425,0.507574
-21.8274,76.6107,-62.3501,0.283628,0,4.5,0,0.419966,0.358261,0.833833
8.6175,60.5365,-53.5891,0.102468,0,1.8,0,0.921517,0.0592288,0.383794
-1.78463,80.229,-60.559,0.205432,0,4.5,0,-0.904272,-0.379663,-0.195318
-15.7452,94.1352,-84.2728,0.132429,0,-0.9,0,-0.401969,-0.186964,-0.896363
-18.5339,76.4304,-90.548,0.228123,0,-3.9,0,-0.451779,-0.892124,0.00317101
-3.60138,52.1442,-69.8148,0.0330118,0,-1.6,0,0.962696,-0.202244,0.179762
-7.72425,85.9293,-64.2582,-0.0748314,0,1.72135,0,0.943772,-0.267016,0.194928
-6.21756,95.1235,-71.6557,-0.340757,-0.541547,-1.3,0,-0.107418,0.791889,-0.601144
-4.02525,93.2791,-72.5725,0.228166,0,3.8,0,0.713159,-0.217603,0.666373
-5.66337,50.4704,-71.454,0.208774,0,-1.6,0,-0.213325,-0.77303,-0.597426
-19.0334,102.138,-68.413,0.530479,0,-0.8,0,-0.0856809,0.994025,0.0676258
3.18263,86.8041,-49.1155,0.125355,0,1.8,0,0.879696,0.465896,0.0952632
-16.0715,95.6817,-81.7018,-0.211205,0,-0.9,0,-0.539563,0.807364,0.238819
-6.8425,94.824,-72.4155,0.255104,-0.371805,-1.3,0,0.361017,0.915819,-0.175905
8.9305,60.3628,-54.604,-0.345678,0,-3.9,0,0.94519,-0.275512,0.175241
16.607,59.4195,-58.2425,2.77451,0.126595,-3.9,0,0.829636,-0.425621,0.361319
10.2915,70.419,-56.5428,0.254021,0,-1.3,0,0.44925,-0.0657587,0.890983
-23.7479,84.3223,-71.5922,0.103795,0,3.8,0,-0.68855,-0.346372,-0.637123
-20.3479,98.3399,-71.8059,-0.0835439,-0.125973,-0.7,0,-0.0660403,0.98302,-0.1712
-17.3316,95.3369,-75.3712,0.378977,0,2.12296,1,-0.446198,-0.203401,-0.871513
-14.055,64.9932,-71.301,0.258461,0,4.2,1,-0.342323,0.328296,-0.880362
2.92025,83.9273,-53.8613,0.216839,0,-0.7,0,-0.474577,-0.727661,0.495264
4.21,77.3783,-66.152,0.225335,0,4.5,0,-0.341021,-0.28525,-0.895733
7.9075,64.0344,-65.5993,-0.290531,0,-2.3737,0,0.296635,-0.566699,-0.768674
-16.049,96.936,-66.3587,-0.515042,0,4.5,0,-0.808626,-0.338573,0.481136
0.5325,54.12,-68.4575,-0.616893,-0.402656,-3.5,0,0.115179,-0.63591,-0.76312
7.65625,86.5679,-62.7842,0.196498,0,4.5,0,0.306924,-0.770721,-0.558379
-6.42263,99.8655,-66.9106,-0.258876,-0.725437,2.8,0,0.66502,-0.623651,-0.410862
-9.15925,94.5742,-67.7939,0.116146,0,-1.3,0,-0.925562,0.262455,0.272861
-0.18775,61.5513,-51.2482,-0.859779,-0.677521,4.5,0,-0.347583,0.386127,0.854454
-16.0404,75.153,-68.642,0.236778,0,3.8,1,0.923802,0.150496,0.352053
0.5935,83.3449,-53.406,0.240811,0,4.5,0,0.59922,-0.798192,0.0618447
-0.1405,79.1674,-63.3251,0.0596772,0,3.55724,0,0.142682,0.624659,-0.767752
0.04375,88.038,-67.3378,0.257087,0,2.8,0,0.469383,0.101454,-0.877147
2.246,84.3099,-52.7351,0.336737,0.0928074,-0.464386,0,-0.20044,-0.959891,-0.196044
-18.8185,90.1315,-72.965,0.312281,0,4.5,1,-0.456214,0.129122,-0.880452
-5.00075,90.659,-77.2627,0.255265,0,3.8,1,0.776549,-0.333606,-0.53449
0.15225,53.4989,-65.1149,-0.315743,0,3.8,0,0.479532,-0.865064,0.147354
-6.44675,101.011,-64.895,-0.0822255,0,-0.4,0,-0.109993,-0.655574,0.747077
-2.51625,92.0973,-81.2333,0.217369,0,-1.3,1,0.793625,0.263874,0.548206
-1.13912,90.2373,-63.152,0.13848,0,2.8,0,0.880584,0.390552,0.268406
-10.9535,85.7494,-74.8447,0.251052,0,2.8,1,0.359265,-0.902734,-0.236642
-17.168,95.0033,-82.4009,0.13021,0,-0.9,0,-0.841795,0.535665,-0.0666691
-19.201,94.6365,-66.68,0.145614,0,-3.5,0,0.134753,-0.595291,0.79213
4.07475,77.2972,-55.4614,0.536697,0,-0.770233,0,-0.16256,-0.553291,0.816972
-5.659,99.4375,-78.3913,0.298902,0,-0.9,1,0.415361,0.81761,-0.398735
-8.83125,80.7012,-91.0434,0.289658,0,3.8,0,0.98266,-0.177477,-0.0536834
-14.0275,72.1178,-53.2547,0.13607,0,3.8,0,-0.651471,-0.165042,0.740505
-1.97113,64.057,-52.247,0.0208611,0,4.5,0,0.127164,0.550971,0.824779
5.72875,83.865,-50.0434,-0.608253,-0.00979421,-1.3,0,0.382006,-0.0796913,0.920717
-15.539,67.7535,-56.012,0.221172,0,3.8,0,-0.759566,0.592991,-0.267246
-16.483,102.787,-70.6236,0.170245,0,4.2,0,-0.469151,0.557185,-0.685159
6.70363,66.3733,-52.2349,-0.0632816,0,4.19132,0,0.311145,0.689562,0.653983
-2.18712,86.3613,-55.0851,0.125468,0,4.5,0,-0.0825063,0.764578,-0.639229
-13.5653,64.0916,-55.8703,0.576811,0,2.43744,1,-0.512521,-0.829588,0.2216
5.50925,89.4255,-52.4577,0.559685,0,-1.6,0,0.509397,-0.299849,0.806601
-19.6711,82.321,-88.4476,0.409643,0,4.2,0,-0.946859,0.207215,0.24601
-1.383,90.1885,-62.041,-0.689123,-0.183866,4.5,0,0.924529,0.371703,-0.084156
0.064,64.5628,-57.8288,-0.251843,0,4.5,0,-0.640777,0.756559,0.130475
-2.188,67.479,-54.0075,0.0289839,0,2.8,0,-0.828086,-0.138648,0.543185
-8.7125,57.1515,-68.298,-0.0976309,0,-0.9,1,-0.534255,-0.562035,0.631418
-10.263,83.2548,-64.2797,0.0726221,0,-0.9,1,-0.403677,-0.898102,0.174521
-22.025,79.5435,-87.475,2.47543,0.0459108,-3.9,0,-0.964387,0.135043,-0.227422
-9.04175,102.931,-68.2441,0.427328,0,-2.61315,0,-0.519449,0.850853,-0.0788805
-9.49288,83.6771,-84.9275,-0.204691,0,-0.8,0,0.792552,-0.265945,0.548757
-18.2628,88.8083,-65.1705,-1.09293,0,-3.5,0,0.312717,0.362613,0.877907
-6.24,98.9125,-61.673,-0.793532,-0.0733443,-3.9,0,-0.949207,0.307586,0.0663072
-3.0015,68.156,-54.735,-0.01916,0,4.5,0,-0.463254,-0.552312,0.693071
-16.0152,83.6328,-82.2435,-0.343951,0,2.8,0,-0.947569,0.0553091,-0.314728
-20.0409,66.8611,-66.0985,0.167452,0,-1.3,0,-0.842892,-0.401138,0.358639
10.66,68.551,-66.738,0.0864439,0,2.8,0,-0.408688,-0.21061,-0.888041
1.693,80.876,-49.8853,0.125248,0,4.5,0,0.866659,0.0975374,0.489274
8.97637,79.6064,-56.4636,0.146107,0,4.2,0,0.358997,-0.427341,0.829759
-6.98887,83.2684,-53.6662,-0.446448,-0.840203,-0.42011,0,-0.132347,0.767132,-0.627688
-12.5017,101.835,-63.4915,0.679054,0,-3.9,0,-0.89833,0.0986789,0.428096
2.4775,68.1519,-53.0827,0.00508636,0,2.8,0,0.650746,0.75913,-0.0158368
-10.213,85.5155,-80.4705,-0.0261043,0,3.64644,1,0.747866,-0.66378,0.00961487
14.6235,72.2315,-66.6145,0.0180063,0,2.8,0,0.376494,0.910732,0.169763
-24.244,80.344,-66.1003,0.27547,0,-3.9,0,0.260546,0.383731,0.885927
4.23,88.1152,-63.3165,0.12865,0,-0.9,0,0.343374,0.879658,-0.329083
-7.03387,90.1134,-67.6188,0.0400461,0,-0.4,0,0.288518,0.227915,-0.929953
-18.98,79.2168,-92.3897,0.248555,0,-3.9,0,-0.719294,0.473863,-0.508006
-4.48875,94.7586,-79.7278,0.179942,0,-0.9,1,0.414429,0.145883,-0.898313
0.6375,69.4455,-70.3631,0.476299,0,-4.5,0,-0.971797,0.188197,-0.142102
-12.9085,82.5512,-94.3665,0.0372664,0,3.8,0,0.391377,0.313482,-0.86519
-27.1138,77.117,-68.467,0.332435,0,-3.9,0,-0.40893,-0.183872,-0.89385
-8.3005,90.7716,-70.5736,-0.338232,0,-0.9,0,0.610447,-0.145449,0.778588
3.02662,68.1223,-56.8579,-0.231297,0,0.621109,0,-0.591917,0.587033,0.552292
-0.103125,77.0035,-51.9721,0.180323,0,4.5,0,0.830348,-0.269079,-0.487974
-4.43862,93.7561,-80.3629,0.192804,0,-1.3,1,0.517178,0.72647,-0.452513
-6.5115,74.771,-58.759,0.197354,0,1.8,1,0.731827,0.0351702,-0.680582
-1.34713,83.1083,-58.1681,0.12753,0,4.5,0,-0.697275,0.687989,0.20119
-13.278,92.3023,-64.221,0.26756,0,-3.2,0,-0.146983,0.236675,0.960406
-3.46438,57.9473,-51.5165,1.27138,0,-1.6,0,-0.692127,-0.276832,0.666577
0.52225,88.7975,-46.6775,-0.437801,0,1.8,0,0.152476,0.508807,0.84727
-12.3195,84.411,-93.085,0.115589,0,3.8,0,-0.0669588,0.812168,-0.579568
4.01875,82.4999,-52.5766,0.143006,0,-1.54495,0,-0.463841,-0.885025,-0.0397718
4.6835,88.2793,-62.1701,0.197917,0,-0.9,0,-0.105995,0.956268,-0.272612
-22.7532,68.9343,-63.7725,0.627526,0,-1.6,0,0.209258,-0.601941,0.770635
-16.9694,97.5006,-66.7636,-0.877476,0,-0.8,0,-0.353639,-0.6285,0.692768
-13.8197,83.0571,-94.6489,0.0190022,0,4.5,0,0.587709,0.654069,-0.476227
-11.4285,85.1407,-74.0557,0.335536,0,2.8,1,0.552849,-0.807037,-0.207484
10.5784,59.199,-59.243,0.0450278,0,-3.9,0,-0.497885,-0.852027,0.161743
-7.605,62.057,-73.327,-0.713893,-0.00283644,-3.5,0,0.964202,-0.00606837,-0.2651
0.2515,88.248,-53.4912,0.138022,0,-0.7,0,-0.186833,0.502906,-0.843907
-5.57425,97.1434,-64.2865,0.546123,0,-1.3,0,-0.708863,0.617457,0.340968
-13.2347,92.7602,-84.3929,0.00284105,0,1.67121,0,-0.447537,0.312642,-0.837834
5.04588,76.7991,-55.4757,0.277527,0,2.85506,0,-0.220102,-0.18005,0.958716
-2.44675,98.5683,-72.5721,0.378546,0,-0.9,0,0.549911,0.549444,0.629054
-10.491,82.7018,-65.6077,0.202978,0,2.8,1,-0.129757,-0.761032,0.635605
-2.35162,80.8274,-59.2158,0.173269,0,4.5,0,-0.957482,-0.270335,-0.100738
-18.248,100.868,-66.077,0.133679,0,4.2,0,-0.291723,0.6577,0.694499
-30.3709,74.3863,-65.9392,0.230463,0,4.5,0,-0.881694,-0.459624,-0.10659
-3.7395,76.607,-57.035,0.142434,0,4.12643,1,-0.0448386,-0.334111,-0.941466
7.93862,78.0098,-56.1325,0.141745,0,3.8,0,0.46574,0.331818,0.820355
0.2435,55.467,-51.8155,0.28462,0,-1.6,0,0.191909,-0.978506,0.0754816
-13.1357,82.449,-67.9762,-0.107862,0,2.8,1,-0.352728,-0.933998,-0.0568367
-4.36912,53.248,-64.2927,-0.74819,-0.00508049,2.86287,0,-0.272978,-0.691204,0.669119
-7.68612,53.2085,-70.1974,0.15774,0,-1.6,1,-0.953852,-0.278155,0.113122
-15.7175,83.6826,-69.1695,-0.0542262,0,3.56564,1,0.19015,-0.897325,-0.398309
1.1735,91.816,-60.6865,3.37382,0.0655125,-3.9,0,0.152148,-0.341975,-0.92731
-0.096,56.909,-69.8915,-0.163902,0,-3.5,0,0.569642,-0.404069,-0.715707
-1.22812,92.1274,-65.2679,0.133267,-0.511104,2.8,0,0.978256,-0.0517729,-0.200834
-6.6875,68.4118,-54.9851,-1.01824,-0.912095,1.8,0,0.500145,-0.643324,0.579646
-2.25763,87.8334,-52.5182,-0.178085,-0.421179,2.28563,0,-0.378631,0.417943,-0.82581
-24.1481,73.0705,-63.8877,-0.432151,0,4.5,0,-0.14314,-0.334731,0.931378
-7.26075,83.834,-52.3228,-0.582633,-0.0736478,-3.5,0,-0.404409,0.63504,-0.658162
-13.134,88.3716,-88.8303,-0.660379,-0.354829,-0.7,0,-0.723381,0.547799,-0.420281
-2.36275,87.0312,-45.352,-0.445747,-0.408707,4.5,0,-0.365833,0.527883,0.766489
-2.40725,79.0735,-63.4053,0.21404,0,2.8,0,-0.374064,0.915092,0.150606
-18.582,76.8776,-65.3145,0.344782,0,4.5,0,0.770175,0.636809,-0.0361284
-9.194,100.175,-63.564,0.316829,0,-3.9,0,0.435796,-0.529323,0.727942
7.48825,83.5261,-55.2561,-0.507047,0,1.52544,0,0.836693,-0.445065,0.31916
2.987,58.4557,-60.2397,-1.2527,0,2.9193,0,0.875505,-0.456157,-0.159412
-6.95437,85.741,-70.4879,0.153361,0,3.8,0,0.678896,-0.187904,-0.709783
-9.00613,85.9564,-82.3961,0.830071,0,0.96691,1,0.405389,-0.737688,0.539885
5.334,91.203,-51.8158,0.238856,0,-1.6,0,0.472557,0.290991,0.831874
-4.86375,92.9201,-60.468,-0.574988,-0.634948,-0.8,0,0.147408,-0.10977,0.982966
6.93538,86.1816,-62.0667,0.220177,0,4.5,0,0.437813,-0.760751,-0.479143
-16.6579,88.3859,-85.032,0.165082,0,1.8,0,-0.509215,0.697403,-0.504311
-10.8424,75.9339,-88.4604,0.671628,0,-4.5,0,0.245127,-0.950811,-0.189397
3.0525,82.9987,-54.5565,0.234265,0,-0.889766,0,-0.554246,-0.370692,0.745251
-5.36075,52.1914,-66.3285,-0.018164,0,-3.0004,0,-0.403071,-0.604497,0.687108
8.24725,73.8023,-58.5445,0.190918,0,3.8,0,0.980778,0.123933,-0.150715
13.4371,69.6236,-58.7158,0.519989,0,4.5,0,0.0214216,0.952718,0.303099
-2.46025,78.112,-48.2625,0.12656,0,4.5,0,-0.507772,-0.360293,0.782532
-12.6185,94.746,-64.439,0.0829511,0,4.5,0,0.604117,-0.787761,0.12031
-17.302,84.0259,-73.4242,0.698198,0,2.8,1,-0.427397,-0.799733,-0.421614
-24.822,74.2211,-63.349,0.283009,0,4.5,0,-0.304025,-0.358308,0.882714
-2.064,89.967,-60.8377,-0.709842,-0.547541,4.5,0,0.285972,-0.00874711,0.958198
-5.79537,93.1148,-71.1655,-0.349412,0,-1.3,0,0.522773,-0.769953,0.365897
2.404,77.4271,-65.6935,0.304529,0,3.62462,0,0.106843,0.545621,-0.831193
-15.899,66.9116,-69.0795,0.0192262,0,2.34263,1,-0.0870444,0.575899,-0.812874
-13.9999,88.4504,-85.6217,0.01398,-0.362793,1.45527,0,-0.448509,0.729774,-0.516014
-15.9307,91.1421,-77.4499,0.241647,0,3.8,1,-0.842771,0.359216,0.400874
-20.491,88.3867,-68.1979,-0.761381,0,-2.05403,0,-0.79395,0.586105,-0.161629
-19.4729,84.8299,-72.5212,1.06298,0.421881,3.02155,1,-0.487224,0.000286559,-0.873277
0.74775,65.603,-71.8938,0.735391,0,2.8,0,0.833053,0.553165,0.00562131
-8.12313,76.5652,-48.5832,0.0234572,0,3.8,0,-0.162246,-0.685042,0.710207
-5.35313,91.0715,-66.9477,0.246593,0,1.09084,0,0.153959,-0.0827293,-0.984608
-20.2838,65.2383,-68.3323,0.202625,0,-1.3,0,-0.835113,-0.473997,0.279129
-14.6914,77.6875,-89.315,1.14838,0,-4.5,0,-0.423407,-0.643141,0.638041
-22.3795,86.6842,-71.1935,0.213407,0,3.8,0,-0.346749,0.807343,-0.477454
-7.04925,87.9035,-71.3956,-0.0541064,0,-0.9,0,0.9589,-0.262203,0.10845
17.485,67.941,-60.574,5.11357,0,4.5,0,0.754522,-0.235143,0.612703
1.377,92.838,-61.082,3.06571,0,-3.9,0,0.249796,-0.302146,-0.919951
-4.60138,87.3148,-78.0075,0.187251,0,4.5,0,0.857834,-0.495351,-0.136922
4.939,69.32,-69.568,1.28264,0.0444553,-4.5,0,0.781283,-0.417429,0.464057
5.3885,91.7363,-57.1839,1.21444,0,1.25618,0,0.730819,0.508016,-0.455877
-3.76,61.4225,-71.5885,-1.11481,0,-3.5,1,-0.435583,0.899333,-0.038309
5.913,84.3695,-62.5132,0.493218,0,-0.9,0,0.815198,-0.119545,-0.566711
-10.8169,96.8542,-78.0709,-0.119965,-0.0840424,-0.651842,1,-0.316018,0.908162,-0.274544
10.2426,81.2684,-59.3117,0.164727,0,4.2,0,0.803383,-0.0385873,-0.594211
-16.6435,78.786,-85.626,0.299907,0,-0.7,0,0.121996,-0.951686,0.2818
-3.13063,100.974,-61.2303,0.294205,0,-0.4,0,-0.0573291,0.600675,0.797435
-16.6618,73.1655,-65.6612,0.281625,0,3.8,1,0.971438,-0.0194914,-0.236493
8.64462,72.0336,-59.7856,-0.321459,0,-1.3,0,0.688222,0.669891,-0.27856
-0.361875,73.7431,-64.0922,0.346084,0,2.8,1,-0.911144,-0.201204,-0.359628
-7.366,92.226,-68.1879,0.0382187,0,-1.06604,0,0.390672,-0.728033,-0.563333
-3.1695,85.32,-55.706,0.120027,0,4.5,0,-0.349703,0.177865,-0.919822
-3.09462,90.67,-73.163,0.188952,0,3.8,0,0.464342,-0.532382,0.707782
-20.79,78.669,-86.022,2.70913,0,-3.9,0,-0.250837,-0.469631,0.84648
-25.4048,74.929,-70.9967,0.560058,0,-0.8,0,-0.973694,-0.193052,-0.121044
-11.693,84.524,-62.82,-0.134619,0,-0.9,1,-0.686109,-0.725044,-0.059717
-3.09144,88.7016,-52.1052,-0.749078,-0.979618,-0.7,0,-0.472249,0.316003,-0.822875
-18.279,79.184,-85.8541,1.21029,0,-2.27908,0,-0.187645,-0.69159,0.69749
-7.71931,86.6953,-48.3284,0.325838,0,-3.5,0,-0.439934,0.706786,0.553997
-0.55725,74.0606,-61.9806,0.264016,0,4.21496,1,-0.953737,0.228125,-0.195817
-3.219,69.4102,-63.806,0.282421,0,3.8,1,-0.631704,0.427537,-0.646655
-8.12425,77.482,-57.0105,0.282741,0,1.8,0,-0.331017,0.918627,-0.215758
-0.084,81.6965,-56.7945,0.121152,0,4.5,0,-0.235836,-0.490129,0.839139
5.85075,90.6655,-60.7822,0.514506,0,4.5,0,-0.426358,0.876812,-0.222304
1.338,87.793,-57.473,-0.155859,-0.0980356,1.59699,0,-0.923283,0.306468,0.231575
5.285,82.488,-51.78,-0.394242,0,-1.3,0,0.0690333,-0.997293,0.0253244
3.151,88.8071,-63.8732,0.929091,0.211118,-0.9,0,0.31126,0.9194,-0.240458
-19.4006,87.011,-71.7371,1.04594,0,3.91412,1,-0.54066,-0.0274998,-0.840791
-13.9392,95.0785,-71.67,-0.465435,0.158981,2.42087,0,0.817194,0.181437,0.54706
4.39525,90.0539,-60.2747,0.673716,0,1.9,0,0.00978377,0.51978,-0.854244
1.3205,83.139,-60.635,0.201421,0,1.97197,0,-0.27969,-0.223053,-0.933821
3.561,93.2517,-52.3577,0.219189,0,-1.6,0,-0.27658,0.675276,0.683744
-9.00387,99.0606,-73.4147,0.30093,0,-0.4,0,0.452723,0.774049,0.442594
-10.3851,98.6484,-66.2617,0.0188604,-0.0986301,4.14706,0,0.470316,-0.786162,-0.40094
-2.28975,101.641,-63.0173,0.780334,0,-0.4,0,0.456425,0.873607,0.168782
-7.22,87.1687,-79.5843,0.245033,0,4.5,0,0.214253,-0.748459,-0.627618
-9.535,90.4222,-60.1287,-0.188873,0,-0.8,1,-0.33319,-0.671837,0.661528
8.51937,73.4491,-57.3587,0.163147,0,0.358155,0,0.925627,0.298671,0.2324
3.57375,95.2995,-55.6232,0.779704,0,1.9,0,0.258182,0.896935,0.358956
5.34875,60.8257,-61.2461,-1.94319,0,-3.40531,0,0.332728,-0.863941,-0.378017
7.581,66.756,-66.7353,-0.546587,-0.211775,-1.3,0,-0.206459,-0.172961,-0.963047
-14.7984,84.5723,-92.0201,0.253087,0,4.2,0,-0.0412108,0.501226,-0.864334
15.2417,68.5788,-55.4323,0.218416,0,4.5,0,0.105362,0.821471,0.560432
-8.8665,64.11,-74.0345,-1.01337,-0.252098,-3.5,0,0.235451,0.821111,-0.519943
-23.341,84.9035,-66.8545,0.0390338,0,3.8,0,-0.528068,-0.0669183,0.846561
-3.947,74.2308,-48.9275,0.158795,0,4.5,0,0.517323,-0.311751,0.796987
2.86625,76.8016,-55.9911,0.00422344,0,0.847127,0,0.0336669,-0.169253,0.984997
1.121,94.9654,-60.2412,2.09819,0.0754168,-3.9,0,0.681518,0.677109,-0.277589
0.725,55.4865,-69.5755,-0.172075,0,-3.5,0,0.189333,-0.302659,-0.934104
-0.1965,78.478,-64.4615,-0.410082,0,2.8,0,0.413042,0.847278,-0.333941
5.7725,55.4485,-66.089,-1.53543,-0.532664,-3.5,0,0.789939,-0.019164,0.612885
-14.4731,61.2765,-71.7024,0.59991,0,-3.5,0,-0.370758,-0.775802,0.510558
13.5754,72.248,-65.9991,-0.0895537,0,2.8,0,-0.0721828,0.939732,0.334206
8.1345,60.4315,-57.7415,-0.347117,0,-3.69131,0,0.0487285,-0.995159,-0.0853495
-24.1794,76.4362,-61.9967,0.235381,0,4.5,0,-0.448719,0.389638,0.804259
-4.515,58.1514,-72.5205,-0.456573,0,-3.5,0,-0.097648,-0.569417,-0.816229
-16.133,81.0875,-83.51,-0.615532,0,-0.7,0,-0.32967,-0.586611,0.739734
-4.5945,55.8045,-53.5981,-0.619822,-0.724546,-0.732595,0,0.35781,-0.836555,0.414906
-1.1185,92.881,-57.6268,0.605525,0,-3.9,0,-0.496582,-0.112658,0.860648
-7.72388,83.826,-60.3201,0.234239,0,-0.9,0,0.748126,-0.357417,0.55907
-15.0288,87.7978,-85.866,0.729133,0,1.8,0,-0.298094,0.736867,-0.606767
-20.1289,65.3852,-71.228,0.226303,0,-1.3,0,-0.780913,0.264674,-0.565793
-14.6938,80.1291,-84.7314,-0.378253,-0.364251,-0.7,0,0.371441,-0.830011,0.416069
-16.1938,64.3388,-67.3213,0.361011,0,-1.3,1,0.119724,-0.740801,0.660969
-14.158,87.8335,-62.135,0.186167,0,-0.9,0,-0.926127,0.0924586,0.365705
-5.67125,79.9589,-47.0159,0.210911,0,3.8,0,0.167288,-0.558294,0.812602
-5.62775,84.2818,-47.1796,0.77081,0,-3.5,0,-0.543408,-0.14863,0.826206
-5.834,86.2406,-78.4853,0.189468,0,4.5,0,0.425884,-0.797345,-0.427626
14.921,71.3528,-68.6255,0.164907,0,2.8,0,0.414754,0.326676,-0.849271
-6.90688,57.3174,-53.0112,0.228321,0,4.2,0,0.0034343,0.215799,0.976432
15.7762,68.9863,-67.3359,0.289406,0,2.8,0,0.884037,-0.381389,-0.270226
-4.436,101.381,-62.1315,0.352557,0,-0.4,0,-0.601308,0.528464,0.599295
16.2355,68.603,-64.3375,2.64473,0.00285838,4.49382,0,0.71328,-0.55191,-0.432003
-1.02325,80.7073,-52.1069,0.391471,0,4.5,0,0.566721,-0.0399326,-0.822942
-11.7361,95.1615,-84.1468,0.303384,0,-0.9,1,0.363776,0.0719812,-0.928701
-0.5465,82.5945,-43.148,0.0878849,0,4.5,0,0.500268,-0.404164,0.765757
-9.70475,55.7585,-72.6165,0.921784,0,-0.4,0,-0.800292,-0.0894119,-0.592906
-3.6715,51.9263,-64.5687,-1.017,-0.0233654,3.8,0,-0.379617,-0.691444,0.614651
-10.1006,56.9404,-52.8894,0.142625,0,4.2,0,-0.459862,0.5313,0.71151
-5.11,54.997,-54.184,0.257063,0,4.2,0,0.503177,-0.795102,0.338563
-8.87488,61.6985,-53.0578,0.11189,0,3.8,0,0.0697071,-0.410089,0.909378
-17.3529,80.2203,-70.3668,0.106867,0,4.5,1,0.5392,-0.0273818,-0.841732
5.5455,59.2508,-57.588,-0.0437614,0,-3.5,0,0.407383,-0.905675,-0.117437
-8.97038,77.389,-47.1726,0.0682012,0,3.8,0,-0.157651,-0.81675,0.555037
-0.803,62.9005,-52.278,0.0676055,0,2.81176,0,0.0862395,0.446426,0.890655
4.761,58.0728,-51.7368,-0.806326,-0.329641,1.8,0,0.200071,-0.770631,0.605062
4.401,70.795,-72.1982,0.410873,0,-4.5,0,0.623973,0.744889,-0.236216
-17.6929,83.4456,-66.5795,0.512957,0,4.5,0,0.766422,0.341976,0.543737
-1.98438,67.9846,-55.8573,-0.0931786,0,4.5,0,0.827552,-0.257784,-0.498704
-6.8195,76.652,-48.8973,0.0433447,0,4.5,0,0.257626,-0.214176,0.942209
-7.89563,86.7552,-75.7399,0.245442,0,4.5,0,0.471628,-0.791297,0.389122
-8.66463,99.736,-64.7905,-0.281809,-0.73057,1.78842,0,0.423645,-0.694185,0.581921
3.72513,68.2215,-73.8552,0.478943,0,-4.5,0,0.149157,-0.857994,-0.491527
-5.04287,86.6052,-65.8161,-0.0119505,0,3.8,0,-0.0348261,-0.884472,0.465291
-11.715,64.9925,-53.881,0.265571,0,3.8,0,-0.2404,0.10552,0.964921
-5.37,64.8941,-68.3552,-0.295645,-0.447839,-1.13708,0,-0.372248,0.727655,-0.576151
0.118125,92.2839,-57.4491,0.781181,0,-1.35461,0,-0.620083,-0.404876,0.671991
-14.3547,64.2998,-55.0472,0.226318,0,3.8,0,-0.460549,-0.853527,0.243693
-14.154,98.687,-62.8534,0.360871,0,4.5,0,-0.685062,0.587013,0.4314
-12.2987,61.8758,-54.4,0.313704,0,3.8,1,-0.831021,-0.452267,0.323818
-7.34412,52.0317,-71.0846,0.347735,0,-1.6,1,-0.854708,-0.219624,-0.470361
-1.25738,68.0349,-67.6745,0.737229,0,-2.48224,1,-0.627002,0.766737,-0.137777
8.9265,61.757,-53.7585,-0.181681,0,-0.7,0,0.682183,-0.335964,0.649426
1.96037,63.7589,-68.2226,-0.191682,0,-0.4,0,0.854714,0.356157,-0.377645
-5.00675,54.6437,-55.2928,0.431534,0,2.3419,0,0.143996,-0.88617,0.440417
-8.908,59.9315,-74.8015,-0.0430764,0,-3.5,0,0.5116,-0.461405,-0.724824
-11.4436,82.4482,-66.0239,0.163426,0,2.8,1,-0.210694,-0.698982,0.683398
-9.901,81.92,-84.7923,0.10773,0,-0.8,0,0.347023,-0.377542,0.858508
-23.2351,85.9833,-71.8561,0.171586,0,3.8,0,-0.601802,0.510628,-0.614079
-17.0385,83.4447,-96.5104,0.0206502,0,4.5,0,-0.615729,0.604852,-0.505007
3.71638,72.0865,-69.4809,1.28657,0,-4.5,0,0.464088,0.879342,-0.106679
-10.7105,84.5918,-72.0577,0.241675,0,2.8,1,0.529397,-0.31837,-0.786371
-13.4949,70.5771,-64.8129,0.24187,0,4.2,1,0.181392,0.918452,-0.351486
-14.0361,92.3341,-83.6729,-0.128994,0,0.732995,0,-0.682563,-0.146447,-0.716004
15.2385,64.4034,-56.6844,0.465492,0,4.5,0,0.500782,-0.856564,-0.124567
-20.6791,80.5969,-71.1831,-0.679161,-0.785913,4.5,1,-0.0405183,-0.36585,-0.929791
-15.0911,95.4583,-64.003,0.118416,0,4.5,0,-0.667449,-0.362916,0.650234
2.80763,88.7654,-61.56,0.166986,0,0.834764,0,0.284084,0.886932,-0.364209
-13.829,61.7255,-62.091,-0.0969329,0,-3.2,0,-0.24077,-0.888497,-0.390645
-13.3195,68.5889,-59.4562,0.305896,0,1.8,0,-0.654327,0.753933,0.058663
0.147,54.3307,-60.6071,0.130284,0,3.02478,0,0.431329,-0.896423,0.101889
-9.06063,83.9973,-50.7234,0.237317,0,-3.5,0,-0.946349,-0.231674,-0.225277
-1.52363,75.3081,-50.8527,0.211016,0,4.5,0,0.670828,-0.722484,-0.167355
-14.4935,103.559,-69.076,0.179762,0,4.2,0,0.302961,0.904249,-0.300912
-14.6198,69.4539,-56.597,0.196105,0,3.8,0,-0.763508,-0.140714,-0.630282
-19.367,90.766,-68.079,-0.294906,0,-2.19169,0,-0.523754,0.595316,0.609327
-0.421,96.065,-75.3291,0.21585,0,-0.9,0,0.995161,0.040919,-0.0893335
-10.2641,56.1041,-70.37,0.629989,0.282216,-0.9,1,-0.770389,-0.409078,0.489035
15.6593,61.4531,-62.0246,-0.100079,-0.710639,-3.57572,0,0.973856,-0.210973,0.0842365
-8.76725,58.4837,-64.2848,0.327322,0,-1.3,1,-0.809699,-0.17405,-0.560441
-3.37225,70.7241,-58.841,0.15234,0,3.8,1,-0.409456,0.882431,-0.23165
-2.74787,95.16,-66.8503,0.158957,0,-1.3,0,0.815003,0.232028,-0.530974
-20.7105,101.244,-69.763,0.265503,0.00674923,-0.8,0,-0.264966,0.480731,-0.835877
-1.92925,63.6466,-56.8003,-0.230418,0,4.5,0,-0.205477,0.973371,-0.101629
12.7805,61.8418,-61.7134,0.0313416,0,-3.9,0,-0.403144,-0.422752,-0.811638
8.045,75.394,-61.0941,0.272814,0,4.0863,0,0.912824,0.338328,-0.228663
-6.19212,92.9214,-69.9946,-0.163431,0,-1.3,0,0.420085,-0.907477,0.00383939
-11.6789,60.1219,-56.965,0.62323,0,-3.2,1,-0.729185,-0.682832,-0.0450619
1.39688,67.1635,-55.223,-0.271794,0,2.8,0,-0.0479123,0.787909,-0.613925
-0.175375,94.5969,-62.1821,0.382651,0,-3.9,0,0.721642,0.0564237,-0.689963
-27.2974,76.0435,-64.2692,0.358766,0,4.5,0,-0.0871803,0.640505,0.76299
11.7055,67.9173,-66.768,-0.0989004,0,2.8,0,-0.28782,-0.483222,-0.826835
-7.70075,56.0476,-59.9712,-0.973616,-0.822146,-3.9,0,-0.57789,-0.660701,-0.47908
-17.365,95.102,-66.87,0.34671,0,-3.25411,0,-0.204165,0.368698,0.906851
-14.5631,96.1069,-76.3031,0.242817,0,3.8,1,-0.413412,0.343324,-0.843338
-4.78075,103.306,-73.092,0.111503,0,2.8,1,0.350361,-0.250269,-0.902559
-23.9095,69.0759,-63.4531,0.361554,0,-1.6,0,-0.0130364,-0.426428,0.904428
-3.2765,82.0325,-54.156,-0.376974,0,4.49528,0,-0.00192354,-0.0476404,-0.998863
-4.71112,90.74,-59.8535,0.117879,0,4.5,0,0.364983,0.352661,0.861637
-16.5863,85.9486,-87.749,-0.571171,0,1.8,0,-0.380348,0.902809,0.200677
1.441,76.6046,-66.4808,0.301332,0,2.8,0,0.566818,0.326389,-0.756431
-4.0485,86.1012,-60.6785,0.139553,0,4.5,0,-0.109891,-0.927573,0.357117
0.5205,58.0799,-69.6973,0.108554,0,-2.34799,0,0.570714,-0.4468,-0.688952
-10.1167,77.7673,-47.8312,0.0726584,0,3.8,0,-0.604476,-0.696333,0.386949
5.67562,67.122,-66.352,0.445591,0,-1.56643,0,0.0244404,-0.0729071,-0.997039
-15.377,74.1318,-69.5098,0.207645,0,3.8,1,0.98603,0.147036,0.0782664
-1.695,65.5275,-76.4805,0.108687,0,2.8,0,0.190866,0.764673,-0.615505
8.84962,86.8455,-57.1231,0.291316,0,3.0807,0,0.960131,0.0934525,0.263469
3.9075,57.6935,-54.8155,0.0924029,0,1.85,0,0.234497,-0.955375,0.179637
-1.95325,100.037,-61.0345,0.241225,0,-0.4,0,0.340613,0.222654,0.913459
-2.77144,71.4018,-63.0291,0.303583,0,3.8,1,-0.574246,0.596485,-0.560756
-11.6245,71.5123,-52.6577,0.199716,0,4.15196,0,-0.42964,0.135571,0.892766
-3.68187,56.1808,-52.9258,-0.296155,-0.372779,-1.6,0,-0.232926,-0.870025,0.434513
-9.73388,86.9316,-90.1612,0.148959,0,-0.7,1,0.828992,0.00501465,-0.559238
-18.0819,87.9202,-64.7044,-0.179358,0,-3.5,0,0.132393,0.210096,0.968675
-3.2255,93.7735,-59.308,0.345336,0,-3.9,0,-0.558574,-0.459082,0.690825
3.289,59.1808,-64.9443,-0.59016,0,4.2,0,0.946335,0.291489,-0.139589
-8.93775,66.1537,-68.0519,0.264508,0,4.2,0,0.682881,0.295658,-0.668027
-16.2989,81.5072,-66.7895,0.202845,0,4.5,1,0.994128,-0.0801973,-0.0726507
-4.56012,100.047,-66.8561,0.391832,0,1.13245,0,0.123787,-0.894898,-0.42876
-10.6692,96.6457,-62.9022,0.207117,0,4.5,0,0.951011,-0.297783,0.0830837
-20.1115,79.4402,-85.595,2.44794,0.161265,-3.9,0,-0.155391,-0.307628,0.938732
-15.7265,70.9931,-65.2831,0.24464,0,4.2,1,0.49496,0.768187,-0.406083
-12.318,97.1608,-76.5501,-0.038338,0,2.05965,1,-0.274855,0.550918,-0.788
-1.814,71.927,-54.5475,0.0376252,0,4.5,0,0.822867,-0.143969,0.549693
-16.2167,94.0419,-65.3265,0.674563,0.0334755,-3.2,0,-0.571881,0.182729,0.799726
-4.19825,93.6229,-60.187,0.191491,-0.0853256,-3.24903,0,-0.317066,-0.256198,0.913144
10.5951,88.2428,-59.106,0.229542,0,4.5,0,0.961309,0.0189822,0.274816
0.62425,55.2212,-55.986,0.552278,0,1.9,0,0.305849,-0.509314,0.804398
-21.3811,98.6729,-70.676,-0.0260083,0.0817752,-0.757258,0,-0.494287,0.772437,-0.398775
-20.9924,80.1087,-89.1754,1.48922,0.29453,-3.9,0,-0.830775,0.340721,-0.440139
-21.6494,73.0091,-63.4184,0.441322,0,4.5,0,-0.49432,-0.205046,0.844751
13.1302,60.9238,-57.3229,0.84171,0,-3.9,0,0.405458,-0.17806,0.896604
-14.8267,84.6823,-74.7455,-0.0425408,0,2.8,1,0.0873657,-0.604819,-0.791557
15.693,62.512,-65.101,-1.2279,-0.430926,-3.5,0,0.590975,-0.14632,-0.793309
-8.97625,74.0232,-50.6517,0.141062,0,4.5,0,-0.836264,-0.311808,0.451041
-6.32256,72.4593,-48.8848,0.0527486,0,4.5,0,0.0751334,-0.716201,0.693838
-5.695,67.9867,-55.7819,-1.29775,-0.552076,1.8,0,0.302283,-0.546833,0.780768
4.122,81.016,-53.7954,0.253086,0,-1.6,0,-0.0448698,-0.219367,0.97461
-12.7815,61.7202,-69.9761,-0.460635,-0.503159,-0.197542,1,-0.547909,-0.605638,0.57706
10.997,67.0635,-52.273,0.0662166,0,-0.7,0,0.325548,0.851038,0.41201
-19.657,66.9043,-69.313,0.259961,0,-1.3,0,-0.383079,0.727618,-0.569054
-6.5815,89.5663,-58.2528,0.10029,0,4.5,0,0.0763117,0.503958,0.860351
4.6015,82.1708,-50.8855,-0.98303,-0.388424,-1.3,0,0.107674,-0.993919,0.0230708
1.96162,77.833,-64.8245,0.233762,0,2.8,0,-0.192983,0.933465,-0.302324
8.0375,79.2422,-59.721,-0.727041,0,4.2,0,0.764094,-0.478659,-0.432488
-1.668,72.9477,-59.6966,0.180011,0,4.41561,1,-0.94073,0.321126,-0.10911
-18.956,80.8903,-71.0863,-0.659245,-0.0204397,4.5,1,0.358257,-0.300071,-0.884086
-18.7416,87.5131,-72.3324,1.4298,0.821299,4.5,1,-0.586203,-0.100848,-0.803863
1.15988,87.1817,-65.841,0.255834,0,2.8,0,0.915098,-0.106447,-0.388927
-9.968,71.752,-51.6185,0.135372,0,4.5,0,-0.515937,0.487333,0.704497
-25.5484,76.2542,-72.1015,0.216899,0,-0.8,0,-0.958275,0.106976,-0.265077
8.667,67.022,-66.7055,-0.407794,0,-1.3,0,0.219321,0.0561314,-0.974037
-16.8736,72.3645,-67.4281,0.295018,0,3.8,1,0.90349,-0.417523,0.0968556
-0.41475,78.0042,-58.0205,0.243957,0,4.5,0,-0.861193,-0.316156,-0.397984
5.57,69.894,-65.5835,-0.0735577,-0.304586,3.77223,0,0.344051,0.31955,-0.882902
-29.9145,81.251,-65.2629,2.71067,0.0945317,-3.9,0,-0.522256,0.645474,0.557326
-9.54088,59.4444,-63.4234,-0.56966,-0.0240856,-1.3,1,-0.838498,0.000874117,-0.544903
-2.32125,96.0265,-78.834,0.443097,0,-0.9,1,0.621103,0.185629,-0.761428
-1.14663,52.5299,-58.8276,1.4481,0.237059,-3.9,0,0.109134,-0.726805,-0.678118
1.20062,71.8771,-59.3957,-0.122001,0,4.06372,0,0.156272,-0.285146,0.945659
-0.79125,81.8593,-61.0125,0.164985,0,4.5,0,-0.356644,0.550612,-0.75474
-6.10763,72.3321,-59.401,0.173604,0,4.5,1,0.852483,0.511853,-0.106206
-0.18925,73.5577,-56.9524,0.0558856,0,4.5,0,0.376646,-0.737976,0.559936
1.8555,64.9153,-50.8387,0.0100632,0,4.5,0,-0.681467,0.453335,0.574534
14.233,72.593,-62.192,0.380749,0,4.5,0,-0.691327,0.536313,0.484185
-12.928,68.9908,-52.4186,0.118635,0,4.5,0,-0.790545,0.144875,0.595021
1.0945,71.5492,-68.687,0.546154,0,-4.5,0,-0.64494,0.727094,-0.235342
3.8945,89.9865,-51.9234,0.3442,0,-1.6,0,-0.176625,-0.255383,0.95057
-2.4505,90.068,-82.2878,0.207838,0,-1.3,0,0.610772,-0.764583,0.205839
-7.59987,84.5967,-64.7227,0.228073,0,-0.9,0,0.969771,-0.191924,-0.150697
-9.9465,79.592,-46.6348,0.0976539,0,3.8,0,-0.629599,0.253982,0.734233
4.3835,94.9995,-56.793,0.920288,0,1.9,0,0.594436,0.785569,-0.171838
-11.3209,80.1093,-93.0954,0.0399013,0,3.8,0,0.565786,-0.371495,-0.736124
15.2335,60.538,-61.587,0.619522,0,-3.9,0,0.517524,-0.521584,-0.678321
-13.6342,68.4863,-53.049,0.132501,0,3.8,0,-0.506075,0.336322,0.794214
-10.2194,76.955,-90.4784,0.320132,0,-4.5,0,0.565386,-0.712342,-0.415821
-9.27837,81.9231,-88.4678,0.397345,-0.257715,1.66019,0,0.977676,0.0472347,-0.204742
-2.61588,76.6212,-67.4017,0.371505,0,2.8,0,-0.643387,-0.288717,-0.709011
4.359,61.258,-49.9417,0.087732,0,4.5,0,0.111798,-0.696652,0.708644
-9.9235,85.3861,-78.8729,0.10813,0,3.25282,1,0.131177,-0.991007,0.0264199
5.76275,69.6357,-54.5401,-0.0219469,0,3.8,0,-0.20552,0.844453,0.494631
-12.0205,96.8457,-80.095,-0.235407,0,-0.9,1,-0.19197,0.959879,0.204402
-17.435,92.3648,-68.2383,-0.407657,0,0.955777,0,-0.718186,-0.0336417,0.695038
-8.40938,63.2339,-52.3119,0.076817,0,3.8,0,0.027876,-0.0532498,0.998192
-4.09762,102.602,-72.6578,0.344084,0,2.8,1,0.602062,-0.289405,-0.744154
-8.8375,82.4887,-90.533,0.259309,0,3.8,1,0.995108,-0.0228245,0.0961209
-7.551,73.37,-60.9855,0.217177,0,4.5,1,0.0720001,0.896576,-0.436998
17.9797,70.2773,-64.9475,0.514973,0,4.5,0,0.383146,-0.623436,-0.681562
-3.08787,84.8053,-44.0429,0.104101,0,4.5,0,-0.45705,0.456882,0.763128
-6.93162,69.2275,-50.304,0.0918729,0,4.5,0,0.221119,-0.329449,0.917916
-3.9315,99.6338,-60.8257,-0.237655,0,-0.4,0,-0.0168841,0.339094,0.940601
-5.9315,67.0849,-65.7736,0.22862,0,-1.3,0,-0.0293422,0.878524,-0.476797
-9.4675,82.4615,-62.668,-0.00978623,0,-0.9,1,-0.449862,-0.884576,-0.123082
1.98462,77.992,-63.8276,0.255382,0,4.24093,0,-0.206207,0.850627,-0.483645
-0.330625,72.7456,-57.8575,0.0346017,0,4.5,0,0.404922,-0.642925,0.650143
-3.353,97.662,-71.94,0.354125,0,-0.9,0,0.348421,0.214988,0.912351
-12.015,70.4385,-58.9045,-0.00392029,0,3.8,0,-0.468156,0.383959,-0.795868
6.43337,64.5117,-49.0015,0.0566732,0,4.5,0,0.31656,0.0570713,0.946854
-3.43987,79.3497,-48.6121,0.489359,0,4.21092,0,-0.195146,-0.522142,0.830232
-16.9137,90.5182,-66.3197,-0.186314,-0.27377,-3.28288,0,-0.202327,0.0730914,0.976587
-1.28775,87.3132,-53.4448,0.0740184,0,4.5,0,-0.312971,0.598343,-0.737587
-18.1963,76.0466,-63.4577,0.246095,0,4.5,0,0.756299,0.295898,0.583487
-29.739,77.3577,-65.2481,0.848715,0.537349,-0.310194,0,-0.626305,0.0640842,0.77694
-19.2038,98.96,-73.199,-0.0892141,0,1.8,1,-0.805344,0.57029,-0.161834
-17.8344,74.9794,-63.595,0.27369,0,3.8,0,0.670451,0.561601,0.484871
-17.4456,101.155,-69.9524,0.95101,0,4.2,1,-0.421677,0.290571,-0.858928
-22.8611,71.1091,-69.0206,0.233526,-0.481612,1.21239,0,-0.12513,-0.306304,-0.943674
6.55625,88.6295,-53.3058,0.494247,0,-1.53851,0,0.560676,0.0465163,0.826728
1.089,90.2305,-52.3302,0.14087,0,-0.7,0,0.117015,0.950318,-0.288451
11.89,62.6294,-61.7649,-0.113972,0,-3.55038,0,-0.20911,-0.603834,-0.769193
2.733,55.5067,-64.9539,-0.685855,0,-3.5,0,0.505728,-0.35475,0.786379
4.94088,92.4979,-57.7183,0.926281,0,1.9,0,0.858889,0.327609,-0.393677
-7.25825,51.9652,-67.736,0.159591,0,-1.6,0,-0.82638,-0.277365,0.490065
-12.2408,103.455,-62.0252,0.637831,0,-3.9,0,-0.97796,0.204616,-0.0415544
-14.9878,68.142,-61.2266,0.131005,0,1.8,0,-0.797112,0.251875,0.548791
-5.48187,64.0469,-54.0519,-0.166463,0,4.5,0,-0.139016,0.907834,0.395617
-12.0014,59.6408,-70.5365,-0.377727,-0.028083,-3.5,1,-0.725588,-0.589927,0.354272
-1.09938,79.2696,-56.1852,0.196533,0,4.36483,0,0.608228,0.55985,0.562696
-15.606,72.9024,-69.3118,0.219788,0,3.8,1,0.828445,-0.559785,0.0178844
-22.7489,79.1732,-66.4788,0.337002,-0.371257,0.229082,0,0.111043,0.562333,0.819421
3.46806,56.9704,-56.0548,0.374811,0,1.9,0,0.565966,-0.784837,0.252417
-20.39,77.325,-71.763,-0.464622,-0.572811,3.8,0,0.410513,0.127616,-0.902881
-11.7215,74.0875,-56.8241,0.194602,0,3.8,0,-0.0431459,0.744188,-0.666575
-17.9293,80.7958,-64.213,0.161635,0,4.5,0,0.561424,-0.467633,0.682731
-2.04025,94.1379,-74.3609,0.139783,0,0.0770405,0,0.809965,-0.421296,0.408004
-12.47,84.8115,-74.586,0.00928209,0,2.8,1,0.285565,-0.788799,-0.544288
0.725312,62.5967,-76.2241,-0.142604,0,2.8,0,0.821097,0.0369972,-0.569589
-0.496,89.3044,-46.8751,-0.204414,-0.496954,0.357886,0,0.421583,0.532294,0.734119
-4.4525,98.5192,-64.3831,0.179534,0,-0.895476,0,-0.973687,0.210145,-0.0881696
1.92125,86.5016,-64.218,-0.0948836,0,-0.9,0,-0.0318141,-0.745239,-0.666038
4.03375,68.4805,-67.3555,0.539533,0,-4.5,0,0.780489,-0.354438,-0.514986
4.289,78.2972,-54.1595,0.309898,0,-1.6,0,-0.00782212,-0.551781,0.833952
3.55025,79.5405,-66.3213,0.18392,0,4.5,0,-0.686635,0.325896,-0.649864
-19.8865,96.7925,-74.0004,-0.0378798,-0.174041,0.991558,0,-0.394121,0.332445,-0.856825
4.6255,73.374,-66.2623,0.454055,0,4.5,0,-0.398797,0.397427,-0.826446
5.759,86.0275,-63.2747,0.374646,0,-0.9,0,0.637221,-0.490331,-0.59458
-1.65575,91.3415,-81.992,0.257873,0,-1.3,1,0.965685,0.0596384,0.252776
-3.16925,68.6961,-59.0766,-0.0531227,0,3.8,0,0.227359,-0.948103,0.222278
-8.319,76.568,-85.2175,0.190832,0,-4.5,0,0.394128,-0.858107,0.329113
-14.2323,79.457,-86.1732,0.321069,0,-0.7,0,0.222576,-0.852553,0.472878
-7.40225,85.998,-76.9555,0.234958,0,4.5,0,0.273556,-0.829321,0.487231
-0.621375,73.8436,-63.0662,0.25317,0,2.8,1,-0.96043,0.17059,-0.220167
-11.0428,63.5345,-72.2552,0.442859,0,0.377028,0,-0.274968,0.744207,-0.608727
8.8,58.898,-53.488,0.115549,0,1.8,0,0.912686,-0.303421,0.27375
-9.71362,68.9837,-50.2434,0.0993172,0,4.5,0,0.000748437,-0.265144,0.964208
-12.8415,76.9031,-51.8765,0.136289,0,4.5,0,-0.737894,0.633125,0.233805
-3.77962,73.2716,-51.8711,0.129987,0,4.5,0,0.544252,-0.83153,-0.111115
-4.62225,84.5892,-45.9707,0.346613,0,0.219444,0,-0.849259,0.233791,0.473393
-13.008,83.086,-65.9655,0.309281,0,2.8,1,-0.46298,-0.440117,0.769381
14.1838,58.485,-59.1753,1.75487,0,-3.9,0,0.0950515,-0.978288,0.184168
2.66788,57.6616,-60.9116,-1.02818,0,2.95941,0,0.905843,-0.421253,0.044655
-27.485,81.095,-68.379,0.731933,0,-3.9,0,-0.140255,0.928026,-0.345104
-7.83575,57.4725,-65.4435,0.141783,0,-1.3,1,-0.899653,0.0607771,-0.432355
-4.37512,51.7562,-66.4449,-0.295416,-0.663317,2.13199,0,-0.160186,-0.849342,0.502949
-12.2137,93.6015,-84.0283,-0.155166,0,2.5,1,-0.101168,0.387692,-0.91622
-18.3717,73.2578,-70.6814,0.240176,0,3.8,1,-0.252642,-0.57899,-0.775205
2.80175,56.5078,-64.6647,-0.906571,-0.12444,-3.5,0,0.59712,-0.500678,0.626714
-25.3943,76.8552,-64.4037,0.371653,0,4.5,0,-0.357777,0.697978,0.620341
-15.53,65.7085,-62.4125,-0.109218,0.222463,-3.2,0,-0.956434,0.184431,0.226315
-6.20388,88.3597,-83.8614,-1.03757,-0.878588,-0.8,0,0.78217,-0.623002,-0.00885245
-11.86,80.247,-86.5202,0.585947,0,-0.8,0,-0.172324,-0.261729,0.949633
-7.20188,99.4206,-77.9531,0.513762,0,-0.9,1,-0.463392,0.864955,-0.192667
6.648,82.0833,-61.1128,0.000781373,0,-0.9,0,0.559501,0.522624,-0.64329
-1.2105,73.49,-55.9481,-0.00160039,0,4.5,0,0.753724,-0.359326,0.550259
-15.3215,65.1856,-71.0049,0.131923,0,-0.138058,1,0.0525682,0.613225,-0.788157
2.417,73.9762,-65.8595,0.737959,0,2.8,0,0.168849,-0.0222384,-0.985391
-8.90938,54.4275,-53.1215,0.122831,0,4.2,0,-0.123075,-0.875637,0.467025
6.31775,78.176,-55.2,0.284829,0,1.10053,0,0.714903,-0.0775142,0.694914
-11.9913,93.0246,-67.5299,0.159853,0,-3.2,0,0.627789,0.778221,0.0158916
-15.5269,98.25,-64.5126,-0.0470161,-0.273961,4.38897,0,-0.607745,0.00433419,0.794121
-14.1436,78.893,-87.7345,0.333153,0,-2.87479,0,-0.327788,-0.797088,0.507155
-12.7758,85.4616,-65.1198,0.121274,0,1.95946,1,-0.556085,-0.636096,0.534931
-7.33875,86.3555,-78.781,0.227861,0,4.5,0,0.189739,-0.682907,-0.705434
-15.3158,67.6685,-57.4225,0.257214,0,3.8,0,-0.622607,0.621662,-0.475286
-19.5321,80.7026,-90.1816,0.416282,0,-3.9,0,-0.526825,0.613893,-0.58787
0.8715,78.0486,-64.1865,-0.130328,0,2.8,0,0.285688,0.922907,-0.25812
-9.61006,71.3356,-60.2846,0.518633,0,4.5,1,-0.88363,0.347428,-0.313835
-24.5621,68.2034,-65.0058,0.248994,0,-1.6,0,-0.350121,-0.936277,-0.0282985
-11.4187,58.8192,-70.9122,0.614911,-0.00538001,-1.05708,1,-0.815381,-0.567926,0.112313
-11.4222,96.9232,-65.4865,0.0936676,0,4.5,0,0.734842,-0.52048,-0.434865
0.211875,83.5979,-60.5886,0.105813,0,2.00845,0,-0.309005,-0.301602,-0.901972
9.158,84.8682,-57.0375,0.0993155,0,1.45319,0,0.89374,0.166515,0.416534
-0.750375,74.8282,-64.4539,0.014638,0,2.8,1,-0.773548,-0.631527,-0.0528931
6.96975,89.553,-55.9863,1.18215,0.411196,-1.4474,0,0.930623,0.365879,0.00851551
0.939125,76.6094,-55.1029,0.137148,0,4.5,0,0.405135,0.441322,0.800688
-12.8442,62.2931,-56.5757,1.34578,0,-3.2,1,-0.783244,-0.24975,0.569346
14.0988,68.4749,-55.6071,0.216883,0,4.5,0,-0.357556,0.78554,0.505055
-2.08113,63.1689,-71.3164,-0.0902935,0,2.8,1,-0.988847,0.130016,0.0726463
7.40725,80.102,-64.8568,0.174361,0,4.5,0,0.731045,0.556318,-0.395074
-4.8505,73.0716,-48.5802,0.084565,0,4.5,0,0.389202,-0.4801,0.786146
2.08075,88.1208,-55.5955,0.0149565,0,0.642253,0,-0.65814,0.704337,0.266011
-17.0702,76.937,-88.907,0.395228,0,-3.9,0,0.486453,-0.652877,0.580616
-5.64288,71.9064,-49.7031,0.0408944,0,4.5,0,0.29517,-0.776436,0.556796
-8.68462,58.4991,-73.4277,-0.0416829,0,-0.9,0,-0.0154854,-0.20548,-0.978539
1.54587,94.2264,-55.6722,0.641329,0,1.9,0,-0.752339,0.406631,0.518303
-15.5017,72.1354,-55.1634,0.14534,0,3.8,0,-0.765588,-0.178077,0.618194
-17.6143,85.8834,-87.9979,0.0989298,0,4.2,0,-0.151108,0.883835,0.442722
7.2335,59.3455,-55.7277,0.450036,0,1.8,0,0.311394,-0.595096,-0.740874
-18.5872,74.3304,-62.6364,0.192922,0,3.91773,0,0.204616,0.280758,0.937714
-15.6146,73.3962,-55.5978,0.14158,0,3.8,0,-0.709683,0.585969,0.39114
-4.3215,64.1862,-77.1614,0.338535,0,2.8,1,-0.802483,0.462114,-0.377453
-0.8485,83.152,-60.2923,0.134607,0,4.5,0,-0.492087,0.338225,-0.802156
4.65325,83.4893,-49.4333,-0.781594,-0.0979053,-1.3,0,0.32215,-0.00689708,0.946664
3.953,55.719,-68.5996,-0.953391,-0.0372318,-3.5,0,0.30655,0.102867,-0.94628
-29.345,80.5331,-64.5403,2.42616,0.178085,-3.9,0,0.0295435,0.213223,0.976557
2.11875,83.7712,-61.3753,0.176816,0,-0.9,0,-0.439419,-0.424658,-0.791566
-4.20213,88.4885,-49.1302,0.721549,0,-2.90301,0,-0.816033,0.567772,-0.108281
-4.29775,93.567,-67.9898,0.00474807,0,-1.3,0,0.505749,-0.799522,-0.32401
-8.79488,90.053,-84.6354,0.778418,-0.412657,1.1175,1,0.130347,0.105651,-0.985823
-16.875,72.1315,-66.0639,0.28457,0,3.8,1,0.9683,-0.00989719,-0.249596
1.02513,65.3145,-51.7126,-0.271671,0,3.97757,0,-0.486912,-0.0884329,0.868963
-26.209,77.859,-69.4778,0.238011,0,-3.9,0,-0.625715,-0.253573,-0.737687
2.03375,56.0547,-60.7454,-0.418868,0,3.41332,0,0.901778,-0.35762,-0.242702
-12.1706,100.785,-62.9762,0.813987,0,-3.9,0,-0.74555,0.164795,0.645753
-4.97175,58.3013,-52.388,-0.203776,-0.298253,-1.6,0,-0.480112,-0.258901,0.83813
-2.4805,91.738,-83.8115,-0.533205,-0.248088,-1.3,1,0.773523,0.558689,-0.299214
-7.8695,64.439,-68.8343,-0.139491,0,-0.650101,0,0.383005,0.856109,-0.346965
-11.5898,75.8633,-87.5134,0.520838,0,-4.5,0,-0.334434,-0.909122,0.248298
-18.987,83.854,-66.1803,0.682633,0,4.5,0,-0.460298,0.476336,0.749153
-6.656,73.405,-58.0942,-0.200509,0,1.8,1,0.899866,0.183542,-0.395668
-4.26975,64.351,-53.2137,-0.00931319,0,4.5,0,-0.405527,0.829729,0.383534
-2.455,64.664,-71.0345,0.30416,0,-0.4,1,-0.899603,-0.200255,-0.388087
-8.0175,78.0285,-46.641,0.0770976,0,3.8,0,0.399217,-0.468688,0.788009
-11.5094,62.8011,-74.9883,0.192953,0,-3.5,0,-0.0363054,0.756952,-0.652462
-4.97075,86.911,-52.1167,-0.218093,0,4.5,0,-0.295995,0.881388,-0.368161
2.777,92.4922,-52.694,0.249568,0,-1.6,0,-0.712097,0.31056,0.629659
-20.1635,63.8203,-70.9423,0.152244,0,-1.3,0,-0.907699,-0.385602,-0.165508
-7.41113,52.8731,-71.7611,0.454991,0,-0.4,0,-0.722473,-0.673197,-0.157604
-14.2729,73.8057,-53.7505,0.124374,0,3.8,0,-0.939363,0.0607931,0.337493
-5.14687,66.4029,-56.9651,-0.0151527,0,1.8,0,0.911256,-0.0951779,0.400692
-12.0955,95.8855,-65.209,0.0602126,0,4.5,0,0.739657,-0.536547,-0.406234
-1.29775,87.9013,-67.6089,-0.0682686,0,2.8,0,-0.0871486,-0.126386,-0.988146
-20.4522,65.9335,-67.1535,0.450444,0,-1.3,0,-0.900997,-0.29677,0.316437
-25.0275,68.4835,-65.924,0.290054,0,-1.6,0,-0.283267,-0.947906,-0.145717
-30.0809,77.6103,-66.2589,1.10509,0.0413162,1.10457,0,-0.969425,-0.205136,-0.134663
-27.6471,76.045,-68.4985,0.36137,0,4.5,0,-0.36981,0.252271,-0.894203
-9.72612,86.0766,-89.5437,0.207866,0,-0.7,1,0.990565,-0.103625,0.0896844
4.078,61.1496,-64.1555,-0.597115,0,4.2,0,0.565563,-0.687433,-0.455603
0.12525,95.2196,-58.4805,0.787096,0,-3.9,0,0.125499,0.659332,0.741304
-23.6992,78.9704,-65.8811,0.282559,0,3.71492,0,0.19388,0.550697,0.811876
-10.0208,68.7688,-67.2956,0.602663,0,4.2,1,-0.0941215,0.771618,-0.629084
-16.3655,70.7611,-66.0794,0.256784,0,4.17494,1,0.605932,0.586012,-0.537993
-6.287,84.7182,-52.8932,-0.724056,0,0.984228,0,-0.743438,0.213053,-0.633962
-11.3295,59.6445,-67.6712,0.101046,0,-0.9,1,-0.948807,-0.148749,0.278636
-10.701,63.56,-65.171,-0.070536,0,-1.6,1,-0.679798,-0.733354,-0.00816091
-16.1607,99.8658,-72.7785,-0.0989476,0,1.8,0,0.5923,0.781724,0.195163
3.73975,69.7708,-58.3644,-0.320912,-0.151639,-1.3,0,-0.543091,0.62859,0.556711
-1.8075,88.4037,-45.736,-0.408796,-0.166439,1.89906,0,-0.0404708,0.409507,0.911409
-0.581062,90.6156,-47.648,0.152974,-0.10632,-0.7,0,0.421985,0.729276,0.538595
-16.6915,97.8549,-75.7764,0.280407,0,1.8,1,-0.0409382,0.371674,-0.92746
-9.4955,77.209,-89.1472,0.942225,0,-4.5,0,0.65371,-0.648915,-0.389322
-16.3447,63.8968,-60.0709,0.419473,0,-3.2,0,-0.980498,0.194789,0.0261157
-6.77175,103.307,-64.1356,-0.307259,-0.182084,-0.4,0,0.266116,0.607489,0.748425
-9.50375,82.8958,-48.2627,0.179111,0,3.8,0,-0.717154,0.514389,0.470205
0.2215,82.7415,-54.708,0.17896,0,4.5,0,0.247086,-0.897189,0.366061
-19.2917,83.5892,-87.955,0.333368,0,4.2,0,-0.685845,-0.0251952,0.727311
-6.64875,64.4269,-54.2159,-0.114841,0,3.8,0,0.50883,0.71518,0.479176
-1.45225,80.4792,-61.61,0.19014,0,4.5,0,-0.846244,0.253523,-0.468612
-4.79938,99.2084,-63.1785,0.17103,-0.105792,-2.56515,0,-0.898153,0.158568,-0.410094
-7.9505,64.589,-52.7513,0.0471345,0,3.8,0,0.395858,0.503587,0.767917
8.4555,75.068,-58.1222,0.224676,0,3.8,0,0.974066,-0.184122,-0.131512
2.8775,89.892,-60.6903,0.515714,0,1.9,0,0.121525,0.411304,-0.903361
16.2847,70.7012,-60.3015,0.720425,0,4.5,0,0.375926,0.471064,0.797984
-4.11387,80.1214,-45.5701,0.0394428,0,4.5,0,-0.330725,-0.932517,-0.145028
-19.8283,78.682,-91.2474,0.375398,0,-3.9,0,-0.785249,0.195809,-0.587403
-16.5976,72.3785,-63.1302,0.195614,0,3.8,0,0.678039,0.0746393,0.731226
-25.2967,74.8715,-72.2128,0.649555,0.0723462,-0.8,0,-0.815275,-0.17384,-0.552365
-13.9169,75.7631,-52.2846,0.124754,0,4.5,0,-0.91041,0.253935,0.326604
2.18825,74.933,-66.315,0.436399,0,2.8,0,0.381798,-0.275834,-0.882126
-2.84737,91.4351,-60.5042,-0.791538,-0.195234,4.5,0,-0.184347,-0.0241074,0.982566
-21.4709,98.3166,-71.8798,0.369266,-0.0345606,-0.7,0,-0.488443,0.870805,-0.0558772
8.97375,64.3301,-51.618,-0.0708323,0,-0.7,0,0.428979,-0.478005,0.766478
-16.1003,95.4362,-83.7954,0.198267,0,-0.9,0,-0.685627,0.459966,-0.564223
-4.52625,103.507,-66.518,0.535459,0,-0.4,0,0.342065,0.877197,-0.336924
-7.79537,63.7067,-73.0761,-0.666366,-0.81468,-3.5,0,0.801612,0.425979,-0.419476
3.41462,74.1357,-56.5798,0.0461443,0,4.2854,0,-0.0548614,-0.590649,0.805062
1.55025,81.9658,-60.8763,0.263792,0,4.5,0,-0.131876,0.303746,-0.943582
2.542,89.1105,-55.863,0.736501,0,-1.52882,0,-0.875568,0.107969,0.470875
-13.597,62.61,-69.098,-0.0429732,0,4.2,1,-0.377472,-0.743089,0.552571
-18.2691,99.9512,-73.4159,0.00621206,0,1.8,1,-0.379825,0.920807,-0.088592
-1.548,81.8625,-54.4655,0.118691,0,4.5,0,0.287368,-0.546855,-0.786364
-15.2621,92.0111,-77.589,0.273519,0,3.8,1,-0.959323,0.247513,0.135786
-28.1651,77.7934,-68.4352,0.613087,0,-3.9,0,-0.282586,-0.273086,-0.919548
-23.1523,73.062,-69.3565,0.760586,-0.140942,-1.48575,0,0.146446,-0.655204,-0.741122
-10.9663,60.4398,-54.4,0.242809,0,3.8,0,-0.548497,-0.595748,0.586716
-17.7816,78.3139,-67.813,0.173897,0,4.36217,1,0.646138,-0.135553,0.751086
-7.19112,100.315,-65.1625,-0.341855,0,2.8,0,0.290514,-0.402982,0.867875
-2.8635,94.0635,-77.0033,0.177948,0,-0.9,1,0.688379,-0.677487,-0.259126
-16.1795,86.444,-86.945,-1.16254,0,1.8,0,-0.724013,0.626751,-0.288076
4.4925,67.6336,-52.8548,0.0933826,0,3.40857,0,0.128858,0.423736,0.896573
-10.0226,93.4424,-69.6944,0.176226,0,-1.07263,0,-0.660376,0.737394,0.141962
-10.5367,96.7408,-82.8317,0.266555,0,-0.9,1,0.513937,0.619341,-0.593536
-6.42,55.6328,-59.6338,-0.361075,-0.481389,-3.9,0,-0.169215,-0.800441,-0.575031
-13.5527,95.8291,-67.1734,-0.428323,0,4.5,0,0.749505,0.00338126,-0.66199
-9.685,80.431,-53.127,0.356757,0,-0.8,0,-0.981068,-0.18473,-0.0581443
-8.78337,70.3035,-62.2319,0.271597,0,4.5,1,-0.512349,0.524447,-0.680039
-16.0187,76.1944,-68.4586,0.204329,0,3.8,1,0.894481,0.225546,0.386047
1.42275,67.4847,-69.5543,0.113762,0,-1.61573,0,0.601718,-0.573849,-0.555547
-4.784,51.8404,-72.626,0.300164,0,-1.6,0,0.283954,-0.249564,-0.92579
6.721,60.312,-51.996,0.53523,0,1.8,0,0.313606,-0.0856973,0.945678
-1.19425,60.5913,-77.5895,0.121938,0,2.8,0,0.187396,-0.61676,-0.76452
-2.23369,101.959,-64.4604,0.174067,0,-0.4,0,0.680389,0.714485,0.163037
-0.59725,82.5882,-52.8609,0.285138,0,4.5,0,0.543011,-0.813323,-0.208913
-12.8062,98.5258,-73.4422,-0.317491,0,3.8,0,-0.207151,0.680722,0.702642
-1.7915,55.1075,-69.505,-1.44954,-0.704665,-3.5,0,0.343282,-0.711374,-0.613274
4.09525,59.609,-59.7216,-1.05677,0,-2.05157,0,0.485222,-0.743107,-0.460816
0.8085,91.1475,-57.6065,0.792079,0,1.9,0,-0.801257,-0.373348,0.467545
-5.47875,51.0406,-72.2657,0.203755,0,-1.6,0,-0.0648121,-0.676974,-0.733148
5.97137,61.5098,-49.8726,0.0628634,0,4.5,0,0.405927,-0.668315,0.623361
-14.7216,69.2178,-54.4588,0.17571,0,3.8,0,-0.604837,0.610449,0.511395
5.98163,65.8041,-49.6361,0.0595805,0,4.5,0,0.104066,0.862835,0.494657
11.7534,66.9023,-66.3196,0.231865,0,2.8,0,-0.20666,-0.495217,-0.843832
15.1625,61.9791,-59.0144,2.48249,0,-3.9,0,0.694816,0.62498,0.355851
-4.8205,96.07,-80.1355,0.20389,0,-0.9,1,0.0587707,0.0538687,-0.996817
-0.44825,53.3078,-62.157,-0.0299656,0,3.8,0,0.235042,-0.962884,0.132699
-20.1171,89.8384,-72.0334,0.318446,0,4.5,0,-0.653153,0.078564,-0.75314
10.3269,70.8899,-67.128,0.25785,0,2.8,0,-0.981329,0.149113,-0.121488
-6.255,97.925,-74.0279,0.640235,0,-0.9,0,-0.408365,0.172328,0.896405
5.97575,89.2535,-62.5741,0.345773,0,4.5,0,-0.648189,0.535906,-0.540977
-5.4195,103.766,-65.6308,-0.18088,-0.00913378,-0.4,0,0.0820979,0.996159,-0.0304388
-16.6553,75.473,-91.8832,0.0125917,0,-3.9,0,-0.117211,-0.992621,0.0310674
-5.644,105.199,-73.6288,0.298621,0,2.8,1,0.296049,0.623828,-0.723321
-8.30287,88.642,-58.8901,0.0962473,0,4.5,1,-0.795225,0.153441,0.586577
-30.4051,80.585,-67.5639,1.87589,0.167603,-3.9,0,-0.720212,0.360993,-0.592434
-0.089,74.1657,-56.1265,0.0519012,0,4.5,0,0.126621,-0.715075,0.687485
15.783,65.002,-57.4048,0.574196,0,4.5,0,0.63928,-0.726442,-0.252197
16.684,65.8835,-56.951,0.403657,0,4.5,0,0.9584,-0.233411,-0.164282
-10.776,70.762,-50.7912,0.112522,0,4.5,0,-0.53746,0.515509,0.667373
-16.1241,83.3457,-73.4475,0.230292,0,2.8,1,-0.0859581,-0.985591,-0.14568
1.18225,82.4745,-51.0508,0.2199,0,4.5,0,0.426066,-0.402586,-0.81018
-18.1063,92.9717,-72.706,0.193699,0,1.89846,1,-0.268638,-0.367968,-0.890187
-3.6565,90.7175,-67.3525,0.437774,0,2.8,0,-0.160811,-0.0228636,-0.98672
4.48525,57.7195,-55.9109,0.031408,0,1.85101,0,0.587586,-0.798359,-0.131779
12.1952,66.4893,-54.9351,-0.394667,0,3.36424,0,-0.032761,0.899487,0.435718
-15.6853,96.8235,-64.8323,-0.0277158,0,4.5,0,-0.879682,-0.145888,0.452632
-11.299,104.447,-58.6326,3.01739,0.11996,-3.9,0,-0.66837,0.48618,0.562949
-3.254,80.7724,-43.2601,0.0721518,0,4.5,0,-0.0717236,-0.416911,0.906113
-13.6176,90.8857,-64.1726,0.923227,0,-3.2,0,-0.521678,0.111635,0.845807
3.529,70.1488,-74.3909,0.65609,0.0462464,-4.5,0,0.237372,0.524641,-0.817561
4.81588,79.8631,-66.6087,0.184592,0,4.5,0,0.0431802,0.604283,-0.795599
-10.2297,86.2168,-74.0069,0.350783,0,2.8,1,0.491503,-0.870711,0.0169636
-5.2925,83.3235,-54.39,0.00942135,0,1.85,0,-0.271331,0.101494,-0.95712
-15.7511,99.8594,-73.9411,0.0407032,0,1.8,1,0.511975,0.74335,-0.430479
-0.05575,77.3704,-58.8985,0.309633,0,4.5,1,-0.999478,-0.031213,-0.00838729
-5.0545,83.237,-44.978,0.0867454,0,4.5,0,-0.954526,0.209924,0.21169
-10.4956,56.5131,-56.2884,-0.633145,-0.870025,4.2,0,-0.742254,-0.616909,-0.261691
-12.7581,99.0249,-61.1789,0.362732,0,4.5,0,-0.190659,0.626634,0.755632
-2.3785,62.8656,-73.4595,-0.141691,0,2.8,1,-0.938653,0.200573,0.280537
-10.105,73.8087,-58.0433,0.215337,0,3.8,1,-0.494092,0.497357,-0.713099
-17.4902,94.4151,-74.6256,0.328976,0,2.67271,1,-0.578878,-0.666948,-0.469127
-7.2605,67.5546,-54.8991,-0.0907501,-0.153974,1.8,0,0.658892,-0.348499,0.666641
3.40462,75.2698,-65.535,0.621816,0,2.8,0,0.198947,-0.0442992,-0.979008
-16.8186,71.973,-68.8441,0.266116,0,3.8,1,0.631056,-0.775722,0.00492218
3.52163,67.1315,-67.8621,0.1988,0,-3.84959,0,0.729736,-0.344855,-0.59039
-0.5955,51.6835,-55.9635,2.87256,0,-3.9,0,0.416905,-0.823029,0.385764
-6.98775,103.842,-68.3617,0.14852,0,2.8,0,0.324709,0.938554,0.116959
-10.835,104.187,-65.329,0.350468,0.0192352,-3.9,0,-0.222445,0.902814,-0.368028
-13.628,65.1468,-66.3151,0.260733,0,4.2,1,-0.49162,-0.837444,0.238742
-14.322,76.8453,-89.9115,1.02818,0,-4.5,0,-0.344307,-0.68899,0.637766
-8.40981,82.3811,-86.8634,-0.200579,0,-0.8,0,0.993607,0.0610336,-0.0949712
3.96225,58.1376,-67.1335,-1.63735,-0.026787,-3.5,0,0.673395,0.63605,-0.376802
-14.555,88.9255,-64.721,0.235606,0,-0.9,0,-0.653482,0.318653,0.686601
7.64725,76.8122,-61.0332,0.31149,0,4.08615,0,0.964168,0.110518,-0.241175
-6.06238,90.7994,-85.7261,0.392948,0,-1.3,1,-0.191896,-0.136298,-0.971905
-1.75275,92.5715,-66.3303,0.254872,0,2.8,0,0.724302,0.2007,-0.659626
-24.417,84.463,-70.6233,0.0961812,0,3.8,0,-0.989774,-0.091905,-0.109092
0.48025,86.2387,-64.3091,0.0471938,0,2.8,0,0.449668,-0.865448,-0.220902
-15.3871,68.0673,-53.5406,0.132759,0,3.8,0,-0.592985,0.41658,0.689079
10.8341,80.8416,-57.9215,0.15598,0,4.2,0,0.993689,0.0552333,-0.097625
-10.9853,83.8418,-61.4496,-0.259687,0,-0.9,1,-0.679324,-0.721042,0.136447
-15.3582,83.6345,-96.9676,0.0135313,0,4.5,0,0.180404,0.835571,-0.518918
-7.457,79.0289,-87.7184,0.670588,0.447752,-4.5,0,0.759149,0.39389,-0.518212
-5.1425,77.2711,-57.0129,0.159886,0,4.00248,0,-0.11537,0.212073,-0.97042
3.6675,80.043,-64.372,0.194619,0,4.5,0,-0.664515,0.746995,-0.020464
-10.4972,79.3905,-85.8335,0.581036,-0.550071,-2.46378,0,-0.426888,0.302061,0.852365
-21.8174,79.17,-86.3851,2.18223,0.265278,-3.9,0,-0.836561,0.0144945,0.547682
-6.15588,84.9499,-69.4604,0.163501,0,3.8,0,0.7767,-0.52762,-0.344025
-6.09325,86.995,-47.136,-0.00269228,0,-3.5,0,-0.572284,0.567141,0.592319
5.49162,72.4359,-56.6562,-0.544638,-0.339223,1.44132,0,-0.399397,-0.139772,0.906061
-11.8091,87.13,-77.9688,0.147321,0,4.1372,1,-0.533043,-0.79918,0.277808
6.78825,57.9121,-52.1401,0.0568055,0,1.8,0,0.00176355,-0.744767,0.667323
-17.0291,70.4146,-67.061,0.346539,-0.0162793,3.82409,1,0.690807,0.387057,-0.610715
-12.1077,60.5446,-69.9356,-0.580165,-0.419586,-3.5,1,-0.711963,-0.306857,0.631624
-11.9935,77.6052,-52.6312,0.173335,0,4.5,0,-0.578547,0.799546,-0.161272
-9.24175,77.0575,-49.0071,-0.114658,0,4.06426,0,-0.437145,-0.731442,0.523351
-7.69025,82.4518,-61.3913,0.312927,0,-0.9,0,0.500725,-0.796881,0.338016
-6.98375,50.3036,-70.3905,0.187606,0,-1.6,0,-0.578573,-0.73946,-0.34417
10.0153,68.8246,-61.6546,0.2721,0,-1.3,0,0.0357131,0.736351,-0.675657
-1.4825,92.8754,-62.6451,0.331239,0,0.384079,0,0.968586,-0.236319,-0.0774281
-3.101,87.8146,-46.0332,-0.703924,-0.610788,-3.5,0,-0.207135,0.303677,0.929987
-6.49213,64.7264,-68.0107,0.107896,0,-0.9,0,-0.0150443,0.844514,-0.535323
-0.509125,84.4137,-60.6589,0.0431943,0,-0.9,0,-0.720902,-0.332908,-0.607842
-4.7155,86.6175,-53.6987,0.0461498,0,4.5,0,-0.269759,0.864283,-0.424553
-17.3445,81.1741,-93.746,-0.412194,0,4.5,0,-0.962923,0.267845,0.0322136
-10.2314,86.2976,-72.4908,0.315126,0,-0.9,0,0.58238,-0.740865,-0.334593
8.62162,74.4784,-61.5221,0.19917,0,4.5,0,0.899342,0.392072,0.193555
-2.87387,90.6598,-49.9823,0.650453,0,-0.7,0,-0.630941,0.750594,-0.19627
-22.2623,96.7955,-71.08,0.367625,0,-0.7,0,-0.846087,0.52327,0.101612
-29.2141,76.0799,-64.3285,0.307291,0,4.5,0,-0.437581,0.338334,0.833098
-7.64325,75.3913,-59.2445,0.221246,0,1.8,1,-0.165881,0.237279,-0.957174
-15.5759,73.8786,-70.5482,0.191786,0,3.8,1,0.776322,-0.0416033,-0.628962
5.13525,57.6131,-66.8173,-1.75463,-0.310593,-3.5,0,0.742308,0.628319,-0.232798
-7.40763,79.1898,-85.0816,0.373548,0,-4.5,0,0.424608,0.711826,0.559475
13.5211,64.148,-55.7311,0.41799,0,1.81112,0,0.286117,-0.932628,0.21987
-20.5975,85.6019,-71.8919,0.495771,0,3.8,1,-0.0331855,0.297983,-0.953994
14.1095,63.6068,-57.111,0.423863,0,4.5,0,0.451223,-0.696124,0.5584
-13.2522,83.4026,-93.757,0.177812,0,3.87357,0,0.0166022,0.766149,-0.642449
-6.38538,60.7621,-71.1158,-0.924178,-0.0189326,-0.9,1,0.318664,0.76779,-0.555834
9.053,87.2262,-62.3548,0.180421,0,4.5,0,0.779175,-0.423838,-0.461788
-2.69237,101.655,-66.9849,0.277958,0,-0.4,0,0.719744,0.0700849,-0.690693
-1.46137,95.3416,-73.4954,0.283183,0,-0.9,0,0.498678,-0.535997,0.681195
-26.5117,80.2515,-65.3037,0.60069,0,-3.9,0,0.291132,0.325742,0.899519
8.54587,74.5348,-57.199,0.1597,0,3.8,0,0.931005,-0.247206,0.268549
3.002,83.5608,-49.3205,0.342518,-0.0807563,-0.0883782,0,0.302831,-0.646534,0.700205
14.9152,73.2312,-62.5645,0.326169,0,4.5,0,-0.394613,0.90767,0.142883
0.65675,77.0345,-67.2868,0.290916,0,2.8,0,0.535074,0.306489,-0.787249
-17.7792,89.2979,-80.0866,0.182236,0,3.8,0,-0.982242,-0.172816,-0.0730464
-0.31825,87.0293,-44.4297,-1.13918,-0.153588,4.5,0,0.386858,0.449977,0.804898
-12.3717,63.0479,-53.9594,0.255289,0,3.8,0,-0.824376,-0.075539,0.56098
0.443625,90.1534,-47.7601,-0.336131,-0.603137,1.23732,0,0.303499,0.720134,0.623936
-18.6957,68.7172,-63.8003,-0.597736,-0.034716,-0.492361,0,-0.0989181,-0.456699,0.884105
-6.544,95.748,-70.8197,-0.0838332,-0.0136812,-1.3,0,0.0190867,0.871016,-0.490883
-9.9105,82.8335,-60.874,0.0189783,0,-0.9,1,-0.436539,-0.870976,0.225463
-12.8802,79.3538,-95.0084,-0.789546,0,4.026,0,0.871934,0.0390977,-0.488059
-2.5515,51.707,-57.037,1.84858,0.431787,-3.9,0,-0.647817,-0.722692,-0.240934
-14.4661,76.1586,-94.3043,-0.692592,-0.0229482,0.456887,0,0.113481,-0.984447,-0.134111
-25.2253,73.7779,-71.6465,1.2338,0.72191,-0.8,0,-0.816373,-0.557937,-0.149134
-9.71288,81.0006,-85.335,-0.343482,-0.653266,-0.8,0,0.267658,-0.267669,0.925587
-1.18875,99.7399,-65.6492,-1.23691,-0.174849,-0.4,0,0.84522,-0.0155867,-0.534191
-11.9108,103.733,-63.1234,0.553715,0,-3.9,0,-0.861306,0.474701,-0.181135
-17.2642,80.9739,-97.2486,-0.0484751,0,4.5,0,-0.810495,0.138825,-0.569056
-8.9115,77.553,-55.0675,0.197966,0,4.5,1,-0.44432,0.547216,-0.70932
0.24875,52.8397,-55.4173,1.50709,0.833785,-3.9,0,0.625304,-0.238965,0.742894
12.9657,70.3617,-63.2627,0.370273,0,3.78205,0,-0.733355,0.628976,0.258031
9.99675,61.7915,-54.6157,-0.143936,0,-3.50638,0,0.507429,-0.689159,0.517277
-7.3035,57.169,-66.6807,-0.173165,0,-1.34974,1,-0.980238,-0.11499,0.160969
-5.63487,84.9564,-54.4943,0.0403472,0,4.5,0,-0.665745,0.0464016,-0.744735
-3.34037,54.6716,-70.8873,-0.175698,0,-1.6,0,0.842716,-0.0338463,-0.537293
-14.4799,67.3966,-52.9559,0.129897,0,3.8,0,-0.324791,-0.104905,0.93995
-12.0188,95.9993,-61.6003,0.176126,0,4.5,0,0.0304973,-0.875745,0.48181
-7.0635,86.992,-72.5592,0.428149,0,-0.9,0,0.698542,-0.715558,-0.00404444
-1.062,91.351,-63.878,0.268965,0,2.8,0,0.972024,0.167121,0.165047
-22.898,95.248,-69.2829,0.149615,0,-1.47162,0,-0.913393,0.404456,-0.0461388
-11.4117,60.0801,-68.8206,-0.14595,0,-0.9,1,-0.942287,-0.16238,0.292794
-16.2279,70.1043,-62.5891,0.160889,0,4.2,0,-0.104352,0.269633,0.957292
-0.93825,90.5468,-67.2558,0.265251,0,2.8,0,0.427888,0.462296,-0.776656
-9.969,74.8473,-57.2254,0.247325,0,1.8,1,-0.786452,0.426868,-0.446405
-17.3148,93.7204,-73.6246,0.0522133,0,3.8,1,-0.677628,-0.407927,-0.611895
12.0095,60.515,-56.69,0.310566,0,-3.9,0,0.452729,-0.304561,0.838021
7.90925,83.0864,-52.0648,0.161991,0,-1.3,0,0.743923,-0.668034,-0.0176047
-19.8447,92.7305,-71.697,0.202702,0,-0.547982,0,-0.230884,-0.53365,-0.813579
-4.303,63.6151,-76.1042,0.0222994,0,2.8,0,-0.963436,-0.212427,0.163298
-17.9653,74.5211,-71.4749,0.178557,0,3.8,1,0.0708859,-0.157518,-0.984969
-5.6625,76.4659,-57.3849,0.2749,0,1.8,1,0.381054,0.385821,-0.840202
2.0115,71.9715,-70.9795,0.581977,0,-4.5,0,-0.259704,0.963517,-0.0647202
7.994,61.123,-52.7508,0.0645535,0,1.8,0,0.721978,0.183965,0.667011
10.6823,63.4302,-52.7293,0.00950495,0,-0.7,0,0.45538,-0.669147,0.587257
-16.8784,96.0891,-67.2305,-0.106374,0,-3.11802,0,-0.430851,0.0541137,0.900799
0.257,70.5666,-71.95,0.52068,0,-4.5,0,-0.997935,0.0596671,0.02377
-10.178,92.5754,-66.7018,0.120828,0,-1.66536,0,-0.342866,0.932976,0.109543
-14.1245,74.8398,-54.681,0.140022,0,4.5,0,-0.871281,0.436707,-0.223957
7.929,73.8965,-56.395,0.131165,0,1.24986,0,0.515962,-0.0284097,0.85614
6.89675,69.066,-66.494,0.539114,0,-1.3,0,0.0343567,0.658613,-0.751697
-22.1309,86.7083,-66.7964,-0.638083,-0.0361656,2.53829,0,-0.766084,0.394996,0.507043
-19.1739,64.392,-67.9024,-0.149436,0,-1.3,0,-0.431612,-0.801735,0.41344
-13.8865,78.5926,-98.377,-0.290115,0,4.5,0,0.664869,-0.335779,-0.667234
-8.68,83.756,-59.209,0.35463,0,-0.9,0,0.349223,-0.394156,0.850109
-4.596,97.1008,-79.7925,0.207011,0,-0.9,1,0.1076,0.370264,-0.922674
-0.549375,64.2339,-76.5727,-0.283738,0,2.8,0,0.582605,0.439541,-0.683649
-8.96737,55.1851,-65.1006,0.608239,0.86031,-3.5,1,-0.884752,-0.390012,-0.255156
9.54825,72.0359,-58.9717,-0.177472,0,-1.3,0,0.568565,0.772035,-0.284069
-1.368,64.8982,-52.5321,-0.0977092,0,3.55494,0,-0.428998,0.0666973,0.90084
-1.57775,80.559,-45.464,0.101385,0,4.5,0,0.803494,-0.586571,0.101643
-11.5033,58.1855,-56.6835,-1.48694,-0.338505,4.2,1,-0.997081,-0.0416725,-0.0639686
-0.23525,89.6845,-60.891,0.284242,0,-0.9,0,-0.182836,0.9568,0.226063
8.45662,59.6949,-55.6555,-0.250042,0,-0.96418,0,0.542133,-0.758309,-0.36202
-8.41912,82.1711,-62.1442,0.32646,0,-0.9,0,0.0231082,-0.998992,-0.0384827
-12.5837,103.29,-67.4423,0.188064,0,4.2,0,0.202363,0.963708,0.174116
-8.59675,70.3345,-50.4342,0.151318,0,4.5,0,-0.0055119,-0.00311563,0.99998
-11.9185,67.6649,-68.3982,0.85271,0,4.2,1,-0.0313248,0.980915,-0.191898
-0.219,76.0782,-49.3391,0.0997553,0,4.5,0,0.496076,-0.64372,0.582695
-4.12825,88.2394,-50.552,0.810991,-0.61389,-0.924831,0,-0.82247,0.516007,-0.239331
-9.05325,90.4545,-68.227,-0.497686,0,0.0540919,0,0.769367,0.0388885,-0.637622
-18.3075,80.954,-90.7511,0.290412,-0.284521,-0.0633452,0,-0.709499,0.411459,-0.572113
-20.5779,93.9151,-73.0788,0.146787,0,-0.7,1,-0.00899563,-0.768661,-0.639593
4.775,64.0836,-48.9461,0.0809077,0,4.5,0,0.101173,0.0140925,0.994769
-10.6947,105.142,-59.335,2.26793,0.442375,-3.9,0,-0.35391,0.920729,0.164332
-19.1355,79.7735,-91.2197,0.406782,0,-3.9,0,-0.629417,0.549765,-0.549175
-14.0485,98.1839,-75.7769,0.394343,0.683419,3.8,1,-0.237145,0.703875,-0.669568
-2.3845,93.2321,-74.9995,0.192635,0,3.29474,0,0.905912,-0.292863,-0.305866
-0.810875,77.5602,-67.583,0.276799,0,2.8,0,0.174197,0.418762,-0.891232
14.5275,66.0595,-64.72,0.655682,0,-2.29769,0,0.843968,-0.180311,-0.505179
-10.8378,56.901,-55.2183,-0.278091,0,4.2,0,-0.937723,-0.344799,0.0422979
2.8645,64.287,-67.3118,-0.442147,0,-1.79957,0,0.58,-0.0936387,-0.809217
4.88438,68.6401,-53.3153,0.0336193,0,3.8,0,-0.289767,0.675841,0.677697
-0.35,81.6032,-48.0379,0.0959851,0,4.5,0,0.592889,0.111216,0.797567
-1.3965,78.62,-57.5901,0.204937,0,4.5,0,-0.578721,-0.27518,-0.767696
3.43075,86.2746,-50.4159,0.157443,0,1.47849,0,0.514548,0.802878,0.301043
-22.5636,96.6582,-67.9218,0.327421,0,-3.5,0,-0.901166,0.429127,0.0612342
5.31563,93.8379,-56.5409,0.63686,0,0.660179,0,0.834414,0.43609,-0.337016
-13.7116,80.5176,-80.9261,0.296434,0,2.8,0,0.483991,-0.81886,-0.308579
-5.64612,71.3154,-51.4399,-0.0112301,0,4.5,0,0.889528,-0.285834,0.356425
-16.077,87.0573,-81.3548,0.0695101,0,1.8,0,-0.998999,-0.0367156,-0.0255718
-0.82875,94.7968,-76.2828,0.316234,0,-0.9,0,0.804101,-0.5647,-0.185838
2.8985,55.3963,-69.0321,-0.338186,0,-3.5,0,0.310034,-0.0247424,-0.950403
-2.62025,79.7655,-47.782,0.154448,0,4.5,0,-0.478862,-0.67282,0.563918
-19.5055,85.2565,-89.1594,0.176278,0,4.2,0,-0.950901,0.308343,-0.0266729
-3.07488,61.144,-74.9861,-0.190619,0,2.8,0,-0.970123,-0.208641,-0.123819
-17.3745,99.7644,-70.6908,-0.587899,0,3.48856,0,-0.236637,0.796415,-0.55653
-8.71037,85.235,-77.8219,0.206435,0,4.5,0,0.111802,-0.993095,-0.0355457
-19.1108,76.8045,-62.8097,0.186246,0,4.5,0,0.400664,0.511715,0.760011
6.7535,93.4255,-53.4142,0.273075,0,-1.6,0,0.668867,0.471003,0.575129
-19.2979,94.5188,-73.7917,0.672056,0,1.08174,1,-0.0755448,-0.736972,-0.671688
8.10213,57.8899,-54.0448,0.0974057,0,1.8,0,0.509147,-0.84759,-0.149535
-18.159,81.7545,-70.567,-0.138339,0,4.5,1,0.646944,0.0117294,-0.762447
10.1047,67.3095,-66.1902,-0.0343054,0,0.875252,0,0.125349,-0.113622,-0.985585
-9.93175,54.309,-55.067,0.0519024,0,4.2,0,-0.599727,-0.701871,-0.384324
-13.248,64.6235,-64.6655,-0.223436,0,3.83238,1,-0.592595,-0.720724,-0.359706
-20.6185,77.717,-87.3115,2.03696,0.0444763,-3.9,0,-0.400204,-0.854141,0.332084
-4.55925,81.0263,-54.7171,0.101336,0,3.41949,0,0.298625,0.381782,-0.87468
-9.402,93.448,-61.1155,-0.487483,-0.0405536,-0.8,0,-0.27188,0.883378,0.38174
-16.4475,103.87,-69.1704,0.230735,0,4.2,0,-0.460432,0.847686,-0.263495
-9.4275,67.484,-52.5515,0.00508185,0,4.5,0,0.121372,-0.886299,0.446926
-14.9075,78.6488,-88.4827,0.324224,-0.388754,-2.40408,0,-0.284607,-0.727538,0.62425
-6.95262,103.65,-65.1943,-0.846668,-0.266208,-0.4,0,0.0486527,0.993473,0.103172
6.78875,66.054,-66.3245,-0.0448865,-0.0205706,-2.2559,0,-0.0992788,-0.00794382,-0.995028
-5.03825,100.257,-64.807,0.283696,0,-0.4,0,-0.680345,-0.609447,0.407067
-16.7652,86.916,-90.317,0.104068,0,4.2,0,-0.27723,0.94171,-0.190595
-4.43638,88.9577,-76.2809,0.195605,0,4.31776,0,0.949673,-0.290323,0.117616
-8.40812,58.8372,-65.1979,-0.0256385,0,-1.3,1,-0.915172,-0.339669,-0.216993
-8.53975,83.5815,-48.1567,0.255775,0.171839,0.514985,0,-0.302641,0.183085,0.935355
-3.38025,91.1335,-85.8043,-0.59095,-0.451718,-1.3,1,0.325829,0.299892,-0.896605
16.1531,64.353,-55.6157,0.29571,0,4.5,0,0.492047,-0.870538,0.00723472
-2.45,57.862,-73.499,-0.35268,0,-3.5,0,-0.388531,-0.79795,-0.460781
-0.54975,77.8784,-59.9571,0.256468,0,4.5,1,-0.878319,-0.381717,0.287832
-18.7887,101.764,-67.3142,0.372698,0,-0.8,0,-0.0281905,0.843835,0.535861
-20.0678,94.118,-66.9163,0.375503,0,-3.5,0,0.272991,-0.754036,0.597415
4.4855,94.2445,-57.6025,0.931527,0,1.9,0,0.680361,0.417428,-0.602381
3.37438,61.0254,-71.4839,-0.0600771,0,-0.4,0,0.953043,-0.0229697,-0.301963
-5.07675,72.0253,-50.5305,0.0289832,0,4.5,0,0.696821,-0.71713,-0.0128668
-1.8365,80.8325,-52.874,-0.633333,-0.68202,4.27193,0,0.904989,0.00128562,-0.425432
0.223875,85.7783,-57.521,-0.240371,0,-0.781001,0,-0.778962,0.57007,0.261226
-15.3026,62.5906,-70.2205,0.59905,0.146002,-1.3,1,0.0468764,-0.802611,0.594658
15.2703,67.8555,-66.9528,0.410489,0,2.8,0,0.572288,-0.684747,-0.451229
17.8459,73.1012,-62.6668,0.346434,0,4.5,0,0.124436,0.778646,0.615001
-23.3955,94.5284,-72.8809,0.101524,0,-0.7,0,-0.713788,-0.400329,-0.574669
-8.214,72.7854,-61.9779,0.233868,0,4.5,1,-0.347708,0.616491,-0.706426
-24.5187,81.9046,-68.2162,-0.543817,-0.0257461,-3.9,0,-0.527042,0.849791,-0.00906449
-3.678,89.8785,-49.5975,0.718875,0,-0.7,0,-0.881692,0.411496,-0.230848
-10.019,101.003,-63.0194,0.731617,0,-3.9,0,0.386228,-0.621238,0.681829
1.38762,66.1364,-68.9426,-0.389941,0,-4.5,0,0.802144,-0.156582,-0.576235
-16.8167,100.708,-65.1975,0.198979,0,4.2,0,-0.302023,0.416155,0.85767
1.94588,54.2514,-58.3997,0.763491,0,1.9,0,0.437654,-0.899062,-0.0121346
-9.454,60.869,-65.6795,-0.234061,0,-0.9,1,-0.618209,-0.474174,0.626879
-16.1607,81.6389,-98.0201,-0.0397525,0,4.5,0,-0.56343,0.348465,-0.749079
2.3405,64.1575,-72.668,-0.359778,-0.0360824,2.8,0,0.878651,0.417736,-0.231234
-2.41625,59.58,-75.2841,0.26933,0.258767,-0.561431,0,-0.500906,-0.554291,-0.664722
-9.9825,92.989,-68.0605,0.0721546,0,-1.3,0,-0.683841,0.667913,0.293689
-11.5939,82.8605,-83.4721,0.256693,-0.197803,2.8,1,0.397831,-0.909992,0.116817
-7.03788,63.3672,-71.1871,-0.221934,0,-0.4,0,0.923603,0.0690471,-0.377081
-19.6146,73.7606,-62.6486,0.205393,0,4.0362,0,0.127312,0.150068,0.980444
19.2992,69.8634,-62.4355,0.689379,0,4.5,0,0.865441,-0.45823,0.202578
-20.4112,78.9415,-70.82,-0.509034,-0.131121,3.8,1,0.205535,0.249022,-0.946437
-7.16475,92.1745,-84.347,0.283161,0,-1.3,1,-0.127047,0.670387,-0.731054
-2.10613,95.5119,-65.69,-0.171236,0,-1.3,0,0.752491,0.323463,-0.573698
-9.86963,87.4684,-87.1165,0.204535,0,-0.7,1,0.890605,0.0440076,-0.452643
-0.68,59.7197,-76.7343,0.269017,0,2.8,0,0.3275,-0.84867,-0.415336
-26.0404,76.5861,-68.9676,0.0486826,0,-3.58067,0,-0.700847,0.0361977,-0.712392
-18.9675,89.901,-65.0878,-1.03602,0,-3.5,0,0.0743685,0.400501,0.913273
-12.6905,93.6951,-66.254,0.0423952,0,-3.2,0,0.841672,0.539557,0.0215852
-8.34513,76.5119,-58.7805,0.231366,0,1.8,1,-0.379928,0.385346,-0.84093
-8.26475,54.1455,-64.1685,-0.150476,0,-3.5,0,-0.538316,-0.83785,0.0906795
19.2559,73.3727,-63.4266,0.221035,0,4.5,0,0.396205,0.88561,0.242314
-28.1729,75.481,-63.8304,0.255339,0,4.5,0,-0.182631,0.270758,0.945165
1.8005,89.3562,-61.0013,0.33623,0,0.525941,0,0.141063,0.792211,-0.59372
-10.6184,59.562,-66.8811,-0.057426,0,-0.9,1,-0.559195,-0.384288,0.734591
1.68387,68.38,-70.8204,0.348332,0,-4.5,0,0.223393,-0.960926,-0.163454
5.28137,82.4236,-62.6375,0.126617,0,-0.9,0,0.392961,-0.0901745,-0.915123
16.7782,60.0265,-60.2617,2.29629,0.0480482,-3.9,0,0.845924,-0.167989,-0.506155
6.13925,82.3435,-54.4765,-0.057301,0,-1.51026,0,0.614723,-0.610374,0.499559
-9.77025,78.455,-53.8941,0.219681,0,4.5,1,-0.606708,0.557419,-0.566737
-15.181,93.4717,-65.015,0.095984,0,-3.2,0,-0.364601,0.039033,0.930345
-22.1069,69.265,-66.7278,0.0832462,0,3.8,0,-0.13567,-0.900515,-0.413117
16.4675,65.363,-54.7511,0.229356,0,4.5,0,0.773852,-0.260317,0.577397
8.98,77.3525,-57.1273,0.128189,0,3.8,0,0.982589,0.115836,0.14526
-13.2557,79.0335,-86.8398,0.340187,0,-1.5841,0,-0.325471,-0.490938,0.808114
-6.43638,89.9703,-81.0901,0.133693,0,-1.3,0,0.535054,-0.800702,-0.269432
-15.9179,66.4076,-54.796,0.161715,0,3.8,0,-0.854244,-0.306463,0.419938
-9.831,85.576,-90.4688,0.143452,0,3.14939,1,0.817897,0.41805,-0.395322
-6.212,96.6295,-74.391,1.07011,0.788133,3.08241,0,-0.183354,-0.0288614,0.982623
2.661,86.7546,-52.5489,0.347506,0,-1.3,0,0.271172,0.620995,0.735412
0.442,71.5105,-67.416,0.37589,0,-4.5,0,-0.785886,0.595244,-0.167532
-7.74575,86.7664,-73.6657,0.432397,0,-0.9,0,0.515659,-0.826868,-0.224466
-11.2881,87.0539,-91.0334,0.0882346,0,-0.7,0,0.131862,0.200292,-0.970822
-2.46738,89.0249,-60.3874,0.00651008,-0.0884343,4.5,0,0.413195,0.443036,0.795606
-12.1582,87.4734,-59.2277,0.221556,0,-0.9,0,-0.222711,0.383363,0.896344
3.33025,54.8189,-65.493,-0.676316,0,-3.5,0,0.302504,-0.507694,0.806683
-7.56225,87.1458,-49.64,0.374838,0,-3.5,0,-0.300933,0.953159,0.0304526
-7.9925,62.2933,-74.5325,-1.43969,-0.253807,-3.5,0,0.787321,0.0993971,-0.608478
0.69375,53.048,-67.4345,-1.26802,-0.110124,-3.5,0,0.392406,-0.89726,-0.202344
17.6838,67.4801,-62.6439,6.46667,0,4.5,0,0.579675,-0.668067,-0.466544
-6.45025,72.9635,-60.8045,0.219252,0,4.5,1,0.65556,0.683282,-0.321507
-8.80437,55.5936,-57.5216,-0.162802,0,4.2,0,-0.576521,-0.696533,-0.427161
-6.62606,51.2399,-71.7193,0.260741,0,-1.6,0,-0.596445,-0.510874,-0.619081
-9.78425,59.7607,-61.6144,-0.406981,-0.766475,-1.3,1,-0.674828,-0.648835,0.351596
-2.864,56.7347,-51.0214,0.579025,0,-1.6,0,-0.75619,-0.419651,0.502065
-9.60975,89.614,-85.0182,0.531922,0,0.832073,1,0.481603,0.330008,-0.811882
-10.9569,85.3661,-73.0608,0.329721,0,2.8,1,0.647364,-0.706608,-0.2857
-19.0516,81.6001,-87.5029,1.49493,0,1.19565,0,-0.573748,0.681632,0.454083
-8.808,80.4985,-55.0723,0.190858,0,-0.8,0,-0.581476,-0.180071,-0.793385
-21.155,88.686,-66.877,-1.43206,-0.708989,-3.5,0,-0.808295,0.579544,-0.103863
-2.092,84.986,-64.762,0.233981,0,2.8,0,-0.307159,-0.951209,-0.0292301
-7.10775,94.67,-63.7142,0.0964338,0,-1.3,0,-0.567406,0.79274,0.222742
-12.4835,96.479,-78.823,0.204141,0,-0.9,1,-0.468784,0.87772,0.0992418
-3.1445,91.695,-76.5095,0.227115,0,3.8,1,0.80706,-0.259006,-0.530631
-11.5208,101.5,-69.1647,-0.32215,0,4.2,0,0.270864,-0.597959,-0.754373
-12.553,99.8493,-62.7378,0.872454,0.332846,4.5,0,-0.561005,0.683063,0.467651
10.6667,68.517,-62.3755,0.105984,0,1.76038,0,-0.411799,0.878935,-0.240615
-1.70238,53.153,-59.5312,0.789791,0,-3.9,0,0.119792,-0.840249,-0.528802
-2.60912,90.6874,-81.1214,0.300532,0,-1.3,0,0.642886,-0.45058,0.619415
4.4445,86.5745,-51.457,-0.0453419,0,-1.3,0,0.340987,0.738861,0.581216
-12.9093,97.4566,-60.5708,0.233703,0,4.5,0,-0.250467,-0.00422604,0.968116
-24.9435,76.8125,-72.834,0.142786,0,-0.8,0,-0.46884,0.221452,-0.855072
-9.66387,66.701,-71.0641,0.901205,0.721498,4.2,0,0.422255,0.798304,-0.429431
-18.5758,84.9859,-90.8101,0.177106,0,4.2,0,-0.694468,0.434427,-0.573574
-17.35,85.3751,-91.4664,0.171434,0,4.2,0,-0.413001,0.523725,-0.745079
12.5933,58.1914,-59.8138,0.353617,0,-3.9,0,-0.217605,-0.972406,-0.0841111
0.2995,68.1793,-54.3587,-0.205033,0,2.8,0,0.0671589,0.835822,-0.544878
-14.0083,96.6256,-61.4652,0.174749,0,4.5,0,-0.702041,-0.488018,0.51863
-20.3385,101.993,-67.054,0.160421,0,-0.8,0,-0.271216,0.755451,0.596436
2.07175,67.8148,-54.3345,-0.269966,0,2.8,0,0.151523,0.889352,-0.431387
6.716,82.831,-53.2575,-0.0856788,0,-1.3,0,0.545601,-0.817938,-0.182477
1.343,68.8916,-52.132,0.255595,0,2.8,0,0.229654,0.883969,0.407257
-16.5255,78.8565,-88.0372,-0.302185,-0.128092,-3.4611,0,0.360347,-0.790812,0.494738
-16.3154,77.2834,-70.0741,0.136701,0,3.8,1,0.764025,0.599109,-0.239445
-1.32588,75.6605,-62.7127,0.155328,0,2.8,1,-0.757258,-0.630976,0.168612
-13.1198,94.4922,-67.7394,-0.321501,0,-3.2,0,0.799509,0.562506,-0.210647
-10.9137,90.654,-85.7829,0.245841,0,1.03242,1,0.306959,0.324074,-0.894848
-11.8162,77.6139,-54.0787,0.180496,0,4.5,0,-0.488573,0.815287,-0.31081
-11.3585,98.0232,-76.3295,-0.706063,-0.0143051,-0.205195,1,-0.161791,0.636354,-0.754239
-11.5265,62.2151,-52.8283,0.145282,0,3.8,0,-0.636899,-0.155164,0.755172
9.31425,81.728,-56.3218,0.142573,0,4.2,0,0.27514,0.269427,0.92288
-3.1235,66.2812,-70.0985,-0.0604668,0,-0.4,0,-0.697474,0.431222,-0.572345
-20.115,66.3005,-70.6233,0.280711,0,-1.3,0,-0.520986,0.689331,-0.503385
-0.730875,78.9833,-47.9129,0.126331,0,4.5,0,0.501942,-0.245684,0.829273
-17.2075,74.213,-63.0245,0.200712,0,3.8,0,0.616202,0.481255,0.623449
8.77837,85.7907,-54.2832,0.280288,0,-1.3,0,0.987109,-0.153894,0.04395
-8.0285,102.989,-62.3988,0.554893,0,-3.9,0,0.998451,0.035578,0.0427681
11.2467,66.713,-55.55,-0.371684,-0.099785,1.10172,0,0.122392,0.873644,0.470922
15.6208,59.6671,-61.0207,2.45114,0.0563886,-3.9,0,0.404702,-0.459106,-0.790847
-7.607,56.0182,-67.1432,-0.104682,0,-3.5,1,-0.993215,0.114959,-0.0175878
-4.96875,78.5406,-48.8338,0.00480979,-0.308852,4.02082,0,0.315303,-0.48302,0.816869
0.535,90.1665,-58.3952,0.423444,0,1.9,0,-0.878329,-0.329635,0.346235
-3.79925,103.917,-71.1452,0.26973,0,2.8,1,0.79427,0.506579,0.335431
-0.3645,52.9244,-67.8652,-1.62031,-0.265993,-3.5,0,0.0665038,-0.827844,-0.557002
-15.6259,71.8389,-57.416,0.159627,0,3.8,0,-0.831127,-0.0506448,-0.553771
-9.4065,99.3678,-67.066,-0.734776,-0.00761309,-1.47854,0,-0.150948,-0.862174,-0.483602
6.86425,83.1175,-54.4239,-0.303216,0,-1.3,0,0.709365,-0.611764,0.350065
-13.4058,67.8288,-68.7637,0.400783,0,4.2,1,0.283389,0.883727,-0.372447
-1.39675,66.6815,-52.1208,0.00683189,0,2.8,0,-0.620761,0.000200855,0.784
-6.9545,96.8881,-79.0569,0.319991,0,-0.9,1,-0.175364,0.283315,-0.942857
-15.4415,80.381,-83.8425,-0.618224,-0.554144,-0.7,0,-0.00924037,-0.81141,0.584404
-16.7271,85.5279,-84.341,0.25124,0,1.8,0,-0.932306,-0.36106,0.0210147
-3.91775,102.119,-71.5594,0.286401,0,2.8,0,0.822683,-0.540762,-0.17541
-13.0715,74.3438,-56.415,0.170627,0,3.8,0,-0.321869,0.768444,-0.553078
-12.9966,86.4424,-59.7611,0.0490326,0,-0.9,0,-0.817588,-0.293095,0.495626
-2.06212,90.9425,-84.73,-0.979029,-0.694274,-1.3,1,0.916484,0.200237,-0.346355
-8.02687,68.9597,-64.7264,0.273259,0,4.2,1,0.436542,0.889808,-0.13294
-1.48275,92.0354,-58.8949,1.26074,0,-3.9,0,-0.587649,-0.62039,0.519408
-11.551,69.044,-60.559,-0.257696,0,1.8,1,-0.169581,0.916743,-0.361697
-16.9976,72.2265,-70.1579,0.227851,0,3.8,1,0.22987,-0.807675,-0.542974
-8.3665,85.5157,-83.552,0.417024,0,-0.8,0,0.420152,-0.861788,0.284241
-24.2423,84.9662,-69.5192,0.0711793,0,3.8,0,-0.99444,0.0697348,0.0789055
-5.76525,76.948,-49.208,0.115594,0,4.5,0,0.233238,-0.0184841,0.972244
-17.2785,88.8164,-78.4796,0.211209,0,3.8,0,-0.932947,0.1343,0.334026
-10.2245,82.5508,-71.2093,0.268964,0,2.8,0,-0.0598898,-0.743825,-0.665686
-16.8528,92.677,-73.7438,0.10518,0,4.0123,1,-0.793098,-0.336528,-0.507685
-12.386,93.3175,-71.6908,-0.110538,0,-0.9,0,0.0737176,0.845383,0.529049
-6.0655,59.9474,-51.6152,0.131815,0,4.5,0,-0.830274,-0.446232,0.33395
-10.0256,55.6804,-55.6869,0.0469293,0,4.2,0,-0.835099,-0.429051,-0.344274
-3.39225,83.579,-43.4865,0.0726814,0,4.5,0,-0.393567,0.234597,0.888859
-4.31787,68.9755,-54.1814,0.0217892,0,4.5,0,-0.0747846,-0.778637,0.623003
-1.4035,101.102,-62.7405,0.418989,0,-0.4,0,0.807178,0.583424,0.0898868
5.0655,70.7065,-69.2572,0.912772,0,-4.5,0,0.979909,0.184676,0.0753142
-6.54763,53.5932,-64.5795,0.250458,0,-3.5,0,-0.19963,-0.948332,0.246607
-2.30925,61.9113,-78.4847,0.167206,0,2.8,0,0.0874138,-0.112736,-0.989772
-3.0995,79.8952,-45.886,0.061199,0,4.5,0,-0.270771,-0.957141,-0.102785
-14.5183,80.7401,-81.5876,0.172174,0,2.8,0,-0.000806842,-0.861124,-0.508394
-6.99263,76.0766,-58.8134,0.242453,0,1.8,1,0.470966,0.421126,-0.775141
8.5375,77.7541,-58.5143,0.0443464,0,3.8,0,0.925807,-0.0377483,-0.376107
1.436,64.9845,-69.6185,-0.00719166,0,-0.383325,0,0.908782,0.411501,-0.0691557
-24.3615,79.2234,-72.454,-1.48823,-0.0555077,-0.8,0,-0.659455,0.221814,-0.718274
-10.2091,70.5595,-59.7146,0.738572,0,4.454,1,-0.595339,0.602927,-0.531083
-6.826,73.7109,-59.3447,0.130455,0,1.8,1,0.739222,0.578869,-0.344184
-4.08475,86.1977,-62.1702,0.141227,0,3.51971,0,-0.218246,-0.975798,0.0136521
-9.04313,82.8804,-65.4175,0.214992,0,0.81143,0,0.500306,-0.842223,0.200883
13.9745,59.0858,-61.0928,0.558433,0.141086,-3.9,0,0.155916,-0.553593,-0.818062
-19.5499,78.1376,-92.3806,0.120143,0,-3.9,0,-0.880878,0.0290023,-0.472453
4.6175,68.4754,-71.5554,0.615937,0.10779,-4.5,0,0.529151,-0.847143,0.0484575
-1.20088,71.5071,-57.8731,0.00846172,0,3.99631,0,0.783591,-0.288822,0.550061
-2.60888,51.8294,-64.6764,-1.02547,-0.771093,3.8,0,0.224296,-0.779414,0.584983
-10.0855,81.908,-47.861,0.133783,0,3.8,0,-0.752217,0.336795,0.566338
5.42244,93.6827,-53.192,0.602038,0,-1.6,0,0.109219,0.859919,0.498609
-14.9657,81.974,-98.394,-0.00805904,0,4.5,0,0.200198,0.487096,-0.850093
-18.3655,84.9776,-87.3835,0.202021,0,4.2,0,-0.634709,0.268005,0.724788
-12.9628,80.1708,-86.291,0.33911,0,-0.7,0,0.198866,-0.536116,0.820385
-3.76187,95.8999,-79.5491,0.155956,0,-0.9,1,0.457142,0.0466145,-0.888171
-21.1195,78.052,-64.0007,0.202281,0,4.5,0,0.119653,0.896867,0.425808
-15.3022,100.198,-64.9001,0.312518,0,4.2,0,-0.339534,0.215478,0.91558
-10.8945,91.865,-85.437,0.159676,0,2.5,1,0.0660992,0.297895,-0.952307
-2.49863,73.3493,-50.3669,0.0837601,0,4.5,0,0.561101,-0.824841,0.0692985
-17.4115,73.3965,-62.4232,0.180551,0,3.8,0,0.504573,0.176192,0.8452
-7.834,77.2639,-84.2324,0.597367,0.456607,-4.5,0,0.476955,-0.433884,0.764369
-22.8682,74.6369,-72.5792,-1.27075,-0.94648,-0.8,0,0.467381,-0.222587,-0.855576
-3.599,67.7675,-66.565,0.420881,0,-1.3,1,-0.226245,0.858441,-0.460317
-14.1757,67.9344,-58.1348,0.325363,0,3.8,0,-0.626345,0.71333,-0.314406
8.83537,86.8435,-53.8415,0.262102,0,-1.3,0,0.908998,0.35383,0.220289
-0.83775,78.5703,-66.7337,0.0476967,0,2.8,0,0.267541,0.841445,-0.469459
-10.7085,84.8988,-79.4599,0.159642,0,2.8,1,0.436602,-0.544047,0.716514
-13.6322,70.3857,-62.3597,0.173683,0,4.2,1,-0.0254189,0.853438,0.520573
-2.51912,79.8438,-44.7925,0.0790734,0,4.5,0,0.248004,-0.947315,0.202703
-19.0146,77.3941,-66.2334,0.137504,0,4.5,1,0.892453,0.320612,0.317389
-6.90538,68.2132,-50.9194,0.0639737,0,4.5,0,0.332027,-0.828073,0.451723
-17.78,69.632,-68.3717,0.855423,0.255784,2.40886,1,0.380688,0.246257,-0.89131
-11.0802,86.35,-76.4905,0.160238,0,4.5,1,-0.507784,-0.858263,-0.0744324
-4.73,76.0222,-49.0995,0.211561,0,4.5,0,-0.00408957,0.390774,0.920478
0.818375,54.0545,-64.5446,-0.219807,0,3.8,0,0.547951,-0.825082,0.137798
-7.14162,72.4509,-62.1645,0.239799,0,4.5,1,0.289045,0.580851,-0.760964
-19.545,63.011,-71.4865,0.213977,0,-1.3,0,-0.556697,-0.818503,-0.141917
-3.1725,95.2162,-73.235,0.177862,0,-0.9,0,0.546559,-0.478748,0.687076
8.48975,87.5247,-63.24,0.197391,0,4.5,0,0.665609,-0.190569,-0.721559
-3.47012,95.6964,-68.7719,0.436994,0,-1.3,0,0.979822,0.0593217,-0.190868
-17.3955,80.6036,-83.8195,0.168913,0,-0.7,0,-0.432762,-0.169121,0.885503
-9.1625,54.0316,-54.3571,0.0901056,0,4.2,0,-0.132669,-0.990049,-0.0469164
-16.2138,84.6762,-82.585,0.0670208,0,2.28284,0,-0.889969,-0.175508,-0.420893
-0.871875,79.1634,-52.1511,0.38404,0,4.5,0,0.678244,0.201787,-0.706588
-22.8256,81.0081,-70.6533,0.194591,-0.496395,-0.436952,0,-0.0819192,0.462985,-0.882573
-16.7619,82.2249,-68.224,0.20203,0,4.2276,1,0.880878,-0.370043,-0.295165
-0.4595,75.6718,-50.355,0.109774,0,4.5,0,0.59007,-0.802769,-0.085901
2.63738,60.3887,-72.3681,0.0761272,0,-0.4,0,0.627747,-0.376902,-0.681086
-8.05762,60.9906,-73.8288,-0.198197,-0.228049,-2.97522,0,0.790774,-0.0330207,-0.611218
3.9565,80.6095,-65.606,0.169144,0,4.5,0,-0.440287,0.851934,-0.283473
1.0705,79.6691,-51.574,0.179292,0,4.5,0,0.558424,-0.109982,-0.822233
-9.075,56.3771,-73.3336,0.624132,0,-0.4,0,-0.625036,0.0838384,-0.77608
-19.3633,66.617,-65.123,-0.217561,-0.312957,-1.3,0,-0.417174,-0.607695,0.675775
-7.28275,55.7682,-52.3942,0.141078,0,4.2,0,0.0666521,-0.0017188,0.997775
-16.129,83.0205,-78.564,0.0689293,0,2.8,1,-0.27448,0.0329336,0.961029
10.9736,72.1776,-66.5341,0.404111,0,2.8,0,-0.580884,0.70345,0.409551
-0.604375,89.5052,-62.5335,0.267684,0,-0.9,0,0.560205,0.821515,-0.106221
-8.47913,80.7699,-86.1438,-0.507263,-0.904721,-0.8,0,0.893038,0.20744,0.399315
1.413,83.0293,-49.1986,0.0348613,0,2.10313,0,0.458999,-0.538905,0.706329
-7.8895,51.235,-70.134,0.0915428,0,-1.6,1,-0.961889,-0.269087,-0.0486038
-8.23188,57.9696,-61.2154,-0.2505,0,-1.3,1,-0.75342,-0.4931,0.434984
-16.6314,97.7878,-65.6535,-1.00761,-0.162828,4.26212,0,-0.562289,-0.598152,0.571003
0.638625,66.4924,-56.6639,-0.109314,0,-1.3,0,-0.832866,0.548231,-0.0760093
-23.8207,71.872,-63.848,0.116256,0,-1.6,0,-0.10797,0.191309,0.975573
-16.47,74.0185,-64.076,0.221244,0,3.8,1,0.811537,0.540021,0.223127
-8.00875,102.261,-61.4476,0.576126,0,-3.9,0,0.723283,-0.664716,0.187122
7.81738,75.591,-63.5322,0.103985,0,4.5,0,0.770009,0.628481,-0.109995
-13.0354,72.2736,-58.142,0.239681,0,3.8,1,-0.0131368,0.252742,-0.967445
-8.59587,68.798,-66.9697,0.375559,0,4.2,1,0.428986,0.670225,-0.605615
-4.31063,86.8114,-67.7794,0.0866352,0,3.8,0,0.818048,-0.259758,-0.51315
-4.5925,61.8908,-69.9323,-0.257033,0,-0.9,1,0.0806387,0.556872,-0.826674
-16.6666,66.5293,-56.5682,0.149607,0,3.8,0,-0.9765,-0.173249,-0.128188
-10.4664,89.3936,-85.7936,0.233811,0,-0.78697,1,0.670577,0.586332,-0.454469
4.27163,62.383,-48.9403,0.0715177,0,4.5,0,0.146476,-0.40132,0.90415
-3.123,74.2657,-52.5675,0.309348,0,4.46154,0,0.753712,-0.649986,-0.0971413
1.89863,61.8769,-50.0283,-0.301247,-0.304893,4.5,0,-0.500549,-0.328166,0.801098
-14.2572,72.6647,-58.3451,0.175033,0,3.8,0,-0.239784,0.274668,-0.931161
-1.4835,79.2363,-60.443,0.238879,0,4.5,0,-0.937442,-0.270434,0.219245
-1.31537,95.161,-63.9501,-0.30948,0,0.913904,0,0.921508,0.312133,-0.231077
4.1175,76.168,-55.8114,0.0754415,0,3.8,0,-0.300958,-0.105125,0.947825
-17.961,67.3685,-64.3645,-0.193647,-0.114046,0.612087,0,-0.158781,-0.508143,0.84651
-5.18488,87.6223,-68.8494,0.0982365,0,3.8,0,0.69642,0.223135,-0.682063
-3.8615,71.183,-53.561,0.0959114,0,4.5,0,0.47165,-0.0904724,0.877132
0.462125,54.1004,-61.7115,-0.0465818,0,3.8,0,0.516293,-0.836486,0.183665
-3.19963,54.8577,-61.4436,-0.171777,0,3.8,0,-0.565402,-0.81272,0.140735
-7.92625,94.43,-65.096,0.125832,0,-1.3,0,-0.7148,0.534564,0.45089
-16.3335,84.5117,-85.6494,-0.134043,-0.400768,1.8,0,-0.955573,0.0481786,0.290791
-12.9191,84.8209,-91.6755,0.0671645,0,3.8,0,-0.11833,0.786559,-0.606072
5.828,82.6005,-50.8522,-0.430389,0,-1.3,0,0.250385,-0.845106,0.472337
-17.1645,79.871,-66.202,0.195656,0,4.5,1,0.512297,-0.698187,0.500087
-12.5361,97.2464,-82.9369,-0.0577501,0,-0.9,1,-0.16054,0.95301,-0.256901
-12.8266,64.3904,-54.0965,0.23823,0,3.8,0,-0.4174,-0.317883,0.851309
15.1605,65.3832,-53.7645,0.145542,0,4.5,0,0.156304,-0.360752,0.919471
-0.049875,78.208,-48.643,0.130381,0,4.5,0,0.495648,-0.376054,0.78289
-11.4671,77.5906,-84.8388,0.787431,0.0746429,-4.5,0,-0.794722,0.113897,0.596192
-11.9315,59.5537,-74.7915,0.21252,0,-3.5,0,-0.267022,-0.781838,-0.563408
-1.48388,86.0219,-66.7276,-0.0437862,0,2.8,0,-0.0841409,-0.603569,-0.792859
-13.6196,80.6906,-79.7844,0.338903,0,2.8,1,0.472704,-0.721686,0.505687
-16.7619,84.496,-67.4734,0.0133991,0,2.8,1,0.143549,-0.244014,0.959088
-28.47,78.3337,-65.132,1.54769,0.23357,-3.9,0,0.165374,-0.0169372,0.986086
-3.33275,61.1963,-78.1208,0.190633,0,2.8,0,-0.565579,-0.449322,-0.691542
-13.689,80.8033,-96.5656,-0.24659,0,4.5,0,0.933163,0.327011,-0.149233
-11.3035,98.5953,-67.2064,-0.268175,-0.227336,-0.547074,0,0.575471,-0.51395,-0.636151
3.1755,79.526,-65.2904,0.176951,0,4.5,0,-0.870762,0.452979,-0.191267
-14.174,102.082,-65.4863,1.21229,0.125181,4.2,0,-0.0621459,0.815107,0.575967
-16.764,80.23,-69.5437,0.159087,0,4.5,1,0.932515,0.0204279,-0.360552
1.95925,67.7842,-51.6849,0.137017,0,2.8,0,0.2555,0.458697,0.851068
-16.7091,79.0611,-68.3455,0.170536,0,4.5,1,0.937224,-0.31431,0.151066
-4.83313,102.448,-63.2855,0.771754,0.787591,-0.4,0,-0.15921,0.63994,0.75175
-11.6159,81.9936,-80.9395,0.490806,0,2.8,1,0.730361,-0.683017,-0.00773018
-1.56775,81.2477,-43.3747,0.0768698,0,4.5,0,0.530276,-0.562935,0.633965
-1.2175,72.9676,-61.8924,0.166779,0,3.86562,1,-0.662862,0.638838,-0.390513
-10.3524,85.6953,-77.3357,0.194393,0,4.5,1,-0.437609,-0.886399,0.150979
-1.563,83.631,-55.98,0.127634,0,4.5,0,-0.649776,-0.177221,-0.739178
-18.8447,88.878,-72.5321,0.733068,0,4.5,1,-0.471682,-0.178076,-0.8636
-16.5847,77.1489,-68.1549,0.1836,0,3.8,1,0.721794,0.383738,0.575985
-5.4,99.6683,-62.0214,-0.685561,-0.574824,-3.32164,0,-0.823048,0.528143,-0.208943
-13.6283,98.9186,-74.546,-0.73552,-0.408094,3.8,1,-0.345699,0.927934,0.139391
-2.679,76.289,-56.805,0.127478,0,4.2,1,-0.409433,-0.446488,-0.795621
-12.5347,82.1837,-66.7448,0.124845,0,2.8,1,-0.393575,-0.872844,0.288517
-25.0023,69.4909,-67.8581,0.521128,0,-1.6,0,-0.403405,-0.510131,-0.759626
-15.813,76.431,-97.2945,-12.2395,0,4.5,0,-0.446416,-0.621845,-0.643445
-2.89544,65.5456,-75.8119,0.331727,0,2.8,0,-0.417746,0.854409,-0.308989
-15.0355,83.5719,-92.4681,0.341026,0,3.84903,0,-0.188967,0.747011,-0.63739
-21.9545,82.1845,-67.0198,-0.0788074,0,4.01598,0,-0.33804,0.122064,0.933182
10.3746,87.8292,-60.5098,0.209301,0,4.5,0,0.859678,-0.237432,-0.452305
1.3875,55.894,-51.784,0.230106,0,-1.6,0,0.654082,-0.755995,-0.0254613
-19.6157,101.666,-69.8955,0.1332,0,-0.8,0,-0.0855857,0.647719,-0.757057
-5.222,94.6075,-60.5415,0.212108,0,-3.9,0,-0.620282,0.173255,0.765005
-8.98725,84.265,-85.696,0.0417793,0,-0.8,0,0.984008,0.176361,-0.0249889
-9.9015,59.6348,-74.8011,0.0820659,0,-3.5,0,0.0419086,-0.492626,-0.869231
-11.9237,76.6284,-55.0806,0.181424,0,4.5,0,-0.42595,0.529421,-0.733675
-7.27112,79.5711,-86.5879,0.48547,0.0520545,-4.5,0,0.705572,0.705842,-0.0628866
-13.5717,78.2883,-97.3402,-1.06062,0,4.5,0,0.80587,-0.114347,-0.580946
-8.85863,91.2247,-69.8249,-0.332401,0,-0.9,0,0.862046,-0.40235,0.308207
-17.4171,87.0425,-85.096,0.154939,0,1.8,0,-0.932147,0.0244368,-0.361255
-1.74287,91.5845,-50.7101,0.127663,0,-0.7,0,-0.222215,0.951224,-0.213994
-7.99412,104.209,-60.6191,1.43591,0,-3.9,0,0.916838,0.395971,0.0511414
11.4635,64.9844,-52.0359,-0.0182858,0,-0.7,0,0.712483,-0.253108,0.65445
-14.1905,83.0606,-96.24,-0.0151075,0,4.5,0,0.765797,0.590332,-0.255073
-13.5732,83.9116,-71.08,0.281609,0,2.8,1,-0.179486,-0.940593,-0.28822
-20.972,82.903,-71.5001,-0.267716,-0.191727,4.22357,1,-0.0630927,-0.183221,-0.981045
-17.8493,78.1254,-96.0071,-0.221837,0,4.5,0,-0.920027,-0.0621224,-0.3869
-15.903,62.6395,-61.1328,-0.445569,0,-3.2,0,-0.761579,-0.609345,-0.220673
-9.16788,83.0163,-88.1367,0.266584,0,-0.8,0,0.947668,0.181859,-0.262397
-16.707,91.63,-80.4784,0.247499,0,1.56922,0,-0.999837,0.0171268,-0.00566476
-7.456,64.4928,-71.161,0.13436,0,-0.4,0,0.804288,0.581941,-0.120272
-3.90825,75.319,-48.6473,0.122104,0,4.5,0,0.269464,0.077158,0.959915
-4.0755,89.5585,-82.533,0.0403419,0,-1.3,0,0.0504179,-0.953542,0.297011
-4.211,79.2635,-56.7325,0.234043,0,4.2,0,-0.226036,0.622668,-0.749128
2.6715,63.2849,-70.2894,-0.928192,-0.318553,1.56583,0,0.90747,0.341713,0.244399
-22.1495,99.3587,-68.1235,-0.542342,-0.636598,-0.8,0,-0.930496,-0.164984,0.327044
7.9645,72.5435,-56.0505,0.378054,0,-1.3,0,0.241966,0.278326,0.929509
-1.18887,79.6227,-62.7487,0.170867,0,3.64445,0,-0.48708,0.808994,-0.329062
-2.85075,77.1702,-62.5775,0.300495,0,2.8,0,-0.71723,-0.361478,0.595747
12.4465,58.4791,-58.1641,0.210445,0,-3.9,0,-0.173524,-0.8049,0.567473
-9.5055,67.787,-50.9663,0.0808728,0,4.5,0,0.000303258,-0.839981,0.542615
-17.2607,102.229,-70.121,0.446695,0,4.2,0,-0.618099,0.244925,-0.74697
-26.35,72.7895,-67.639,0.500356,0,4.5,0,-0.600257,-0.569727,-0.56134
-6.46037,78.7775,-86.062,0.921574,0,-4.5,0,0.896419,0.440738,0.0467339
-0.06775,78.2828,-51.817,0.232206,0,4.5,0,0.57987,0.0467674,-0.813366
14.9137,58.3955,-60.419,1.61311,0.789188,-3.9,0,0.148392,-0.921645,-0.358539
-4.95,72.3686,-52.1659,-0.0135347,0,4.5,0,0.752256,-0.614688,0.237211
0.718938,62.5098,-50.9398,-0.655395,0,4.5,0,-0.747605,0.290039,0.597464
-10.8966,76.2765,-84.8171,0.621245,0,-4.5,0,-0.558401,-0.689903,0.460675
-6.12887,93.666,-60.3106,-1.15141,-0.38421,-0.8,0,-0.110756,0.399639,0.909957
-13.1962,101.728,-70.4556,-0.047273,0,4.2,0,0.195441,0.0929987,-0.976296
-12.323,60.9141,-75.2458,0.330678,0,-3.5,0,-0.412142,-0.164891,-0.896075
-0.563125,55.8833,-50.6102,0.268623,0,-1.6,0,0.0688566,-0.82238,0.564757
-21.411,98.171,-72.9665,-0.642589,-0.854069,-0.7,0,-0.439771,0.759484,-0.47936
-4.65438,50.2302,-70.9348,0.10943,0,-1.6,0,0.380733,-0.850199,-0.363599
-10.0949,88.0956,-90.4386,0.135757,0,-0.7,0,0.583054,0.426413,-0.691534
-1.1225,97.2969,-75.9115,-0.0856581,0,-0.9,1,0.693043,0.606595,-0.389531
-2.2955,63.4627,-51.26,0.0325871,0,4.5,0,0.290935,0.658785,0.693801
-8.2395,79.8374,-87.457,0.566594,-0.169733,-3.78047,0,0.784362,0.545712,-0.294915
2.19362,91.7353,-54.1802,0.209536,0,-1.6,0,-0.917733,0.0417676,0.394996
-4.46575,77.2789,-49.4309,-0.379072,-0.335763,4.5,0,-0.0183925,-0.0574931,0.998176
-16.3228,80.4256,-98.8645,-0.0639667,0,4.5,0,-0.450461,0.286078,-0.845721
-7.13275,76.8226,-85.5025,0.456515,0.00578234,-4.5,0,0.569877,-0.810498,0.1354
1.43012,54.8835,-60.4779,0.0769395,0,3.14601,0,0.580805,-0.807516,-0.102879
-1.911,51.3097,-56.2868,1.6183,0.756599,-3.9,0,-0.307506,-0.829803,0.465691
-8.12975,95.8934,-69.1028,-0.132653,0,-1.3,0,-0.532801,0.840269,-0.100354
10.5904,81.402,-56.6491,0.137219,0,4.2,0,0.801148,0.162833,0.575888
-4.94338,95.3931,-71.6693,0.266664,-0.20434,-1.3,0,-0.479528,0.746488,-0.461312
7.21575,82.7775,-50.726,0.248139,0,-1.3,0,0.514665,-0.658493,0.549097
-13.9285,87.8514,-87.1124,-0.335391,-0.477669,0.306283,0,-0.716706,0.664022,-0.213088
8.97188,67.1755,-55.3655,0.120933,0,0.188361,0,0.326366,0.873269,0.361781
17.2285,72.5021,-61.7286,0.42962,0,4.5,0,0.102192,0.702116,0.704691
-20.4272,90.7979,-71.332,0.175695,0,4.5,0,-0.902533,-0.0310264,-0.429502
-1.46525,81.8978,-52.8955,0.230781,0,4.5,0,0.736488,-0.527218,-0.423824
-3.50625,51.0687,-70.8382,0.035915,0,-1.6,0,0.810001,-0.58595,0.023683
-15.5642,95.5238,-64.9259,0.0499338,0,4.5,0,-0.777174,-0.135925,0.61443
-7.32544,51.3371,-68.8737,0.365906,0,-1.6,0,-0.923268,-0.232144,0.30608
1.32525,83.9962,-53.7982,0.250535,0,-0.7,0,0.375963,-0.882161,0.283624
-11.4543,82.8678,-80.266,0.268174,0,2.8,1,0.630747,-0.599453,0.492763
-5.30662,80.2327,-55.4286,0.231997,0,2.31173,0,0.0811831,0.504483,-0.859597
-7.89488,68.8794,-66.0411,0.296884,0,4.2,1,0.585474,0.770466,-0.252196
-16.5609,74.1079,-65.1056,0.236118,0,3.8,1,0.871359,0.466741,-0.151284
-15.6951,76.4143,-70.1131,0.171729,0,3.8,1,0.934736,0.188478,-0.30124
-8.59275,101.492,-62.999,0.304825,0,-3.9,0,0.581617,-0.647325,0.492638
-9.88463,60.4536,-60.3766,0.00105708,-0.132393,-1.83568,1,-0.28028,-0.948924,0.144866
-17.5114,71.3181,-68.2764,0.37536,0,3.8,1,0.768232,-0.483577,-0.419491
-1.49513,66.9615,-55.4417,-0.1252,0,3.10251,0,-0.00717586,0.0421599,-0.999085
-15.9579,71.0971,-63.0518,0.179182,0,4.11769,0,0.379321,0.615738,0.690639
-3.74187,64.5051,-75.5759,-0.0315861,0,2.8,1,-0.837332,0.485221,0.251864
-18.5874,76.2299,-94.4486,-1.48317,-0.361191,-3.9,0,-0.769591,-0.581099,-0.264677
-2.1675,57.3405,-50.1081,0.324513,0,-1.6,0,-0.462275,-0.160492,0.872092
-14.1073,96.2962,-62.908,0.170469,0,4.5,0,-0.603131,-0.631361,0.487458
2.17325,56.2269,-63.7805,-0.69068,0,3.84327,0,0.851188,-0.426385,0.306063
2.32225,65.891,-67.9565,-0.673224,-0.334305,-3.94864,0,0.464353,-0.319321,-0.826081
-26.5744,71.9861,-66.7246,0.481426,0,3.02546,0,-0.69959,-0.654764,-0.286108
5.25606,84.9455,-50.2454,-0.34656,0,-1.3,0,0.278025,0.515743,0.810378
-1.55975,71.7002,-55.4965,0.025505,0,4.5,0,0.955987,-0.196235,0.218128
4.53937,89.0364,-52.4282,0.539719,0,-1.6,0,0.0143487,-0.409179,0.912341
-14.4901,102.208,-70.6387,0.0203638,0,4.2,1,0.333356,0.0867587,-0.938801
-29.7709,73.8402,-65.0911,0.210952,0,4.5,0,-0.624844,-0.596931,0.503233
-17.1336,86.2929,-74.7699,0.375363,0,2.8,1,-0.725262,-0.0892186,-0.682668
-12.3184,75.9746,-89.0129,0.418266,0,-4.5,0,-0.153799,-0.983548,0.0947537
2.358,56.4935,-55.239,0.422561,0,1.9,0,0.360126,-0.840009,0.405824
-23.1291,74.7776,-61.6494,0.199819,0,4.5,0,-0.0428548,-0.589427,0.806684
16.1345,65.7008,-61.9355,1.63826,0,-3.5,0,0.959166,-0.282219,0.0187838
-3.13375,100.108,-66.9239,0.112407,0,-0.4,0,0.414629,-0.588561,-0.694031
-2.0765,78.103,-61.619,0.247487,0,3.87501,0,-0.73053,-0.144708,0.667373
-12.1371,75.313,-50.8371,0.115445,0,4.5,0,-0.321297,-0.41947,0.849007
-22.0109,72.9514,-69.3217,0.47418,-0.269509,3.8,0,-0.010227,-0.524407,-0.851406
3.7295,83.3265,-53.1473,0.0567352,0,-1.3,0,-0.826374,-0.558855,0.0691836
12.3485,70.1294,-60.3397,0.168065,0,1.43389,0,0.100776,0.993017,-0.0613214
-15.827,67.597,-62.4775,0.0908969,0,4.2,0,-0.800552,-0.212753,0.560226
-5.44513,59.8059,-50.2033,0.114674,0,4.5,0,-0.438186,-0.677726,0.590492
-24.5553,71.3138,-68.6255,1.07836,0,-0.949296,0,-0.465023,-0.383771,-0.797793
18.852,71.0577,-61.4902,0.605852,0,4.5,0,0.670654,-0.060826,0.739273
5.364,78.5751,-67.2042,0.197321,0,4.5,0,0.216817,-0.0632709,-0.97416
-24.343,77.392,-63.9027,0.31043,0,4.5,0,-0.476206,0.807987,0.346965
-23.0793,73.5439,-72.1448,-0.00860753,-0.577597,-0.8,0,0.524289,-0.743284,-0.415512
-2.83675,88.1708,-67.0435,-0.368344,0,2.8,0,-0.134942,-0.209741,-0.9684
9.846,69.1975,-56.809,-0.0318962,0,-1.3,0,0.291485,0.180393,0.939412
-13.365,65.8984,-71.7341,0.201707,0,4.2,0,-0.26088,0.317553,-0.911648
-8.98862,72.779,-51.341,-0.0750224,0,4.5,0,-0.789982,0.0226724,0.61271
-3.398,53.434,-63.701,-0.269183,-0,3.8,0,-0.252221,-0.803322,0.539498
-2.37775,89.926,-85.2158,0.238018,-0.382687,-1.3,0,0.807109,-0.41738,-0.417575
-18.052,71.6816,-69.4768,0.252982,0,3.8,1,-0.0358424,-0.804168,-0.59332
-19.9271,64.3219,-72.1866,0.469426,0,-1.3,0,-0.72739,-0.149875,-0.669657
-8.248,83.129,-54.09,-0.772609,-0.922354,-0.8,0,-0.153635,0.848497,-0.506408
-0.3135,76.7694,-53.2752,0.173604,0,4.2,0,0.947479,-0.189536,0.257604
-11.8419,69,-62.1256,0.133129,0,2.03909,1,0.0382674,0.973836,0.224005
6.70975,93.516,-54.4326,0.584378,0,-1.6,0,0.730655,0.680417,-0.0563551
-10.0192,98.637,-64.9528,0.150198,-0.635225,3.37656,0,0.750327,-0.661055,-0.00386016
-8.413,94.157,-63.0122,0.123304,0,-0.8,0,-0.271311,0.962481,0.00448467
2.38025,93.122,-60.5729,2.95921,0.0980323,-2.05234,0,0.610709,0.0573585,-0.789775
8.41475,90.4505,-59.1348,0.423378,0,4.5,0,0.359276,0.88778,0.287693
1.12025,61.1445,-50.2643,-1.17175,-0.745957,4.5,0,-0.256968,-0.0806629,0.963048
-9.224,73.2803,-58.8141,0.168124,0,4.30603,1,-0.651274,0.489187,-0.580119
-15.2084,94.9194,-76.5305,0.221323,0,3.8,1,-0.461206,0.503469,-0.730622
-6.4745,77.8945,-85.3495,1.22209,0,-4.5,0,0.914785,-0.110324,0.388583
-17.299,91.4831,-67.6834,-0.271166,0,2.12117,0,-0.974025,0.195772,0.113788
-17.2364,75.9713,-90.833,0.168263,0,-3.9,0,-0.0688686,-0.949114,0.307311
-8.33775,98.5815,-66.8323,-0.301211,-0.0684911,2.8,0,-0.40749,-0.91065,0.0683243
-4.95,65.733,-67.838,-0.0879232,-0.4023,-1.3,0,-0.624705,0.62387,-0.469606
-14.66,79.1195,-99.0069,-0.210714,0,4.5,0,0.275329,-0.30028,-0.91325
-5.44637,85.9252,-54.0706,0.0186292,0,4.5,0,-0.587432,0.54933,-0.594273
3.50163,64.4904,-48.8558,0.0770662,0,4.5,0,-0.0506754,0.386264,0.920995
-9.41,74.69,-58.0638,0.279116,0,1.8,1,-0.651259,0.221465,-0.72582
-9.25237,84.268,-48.4901,0.559726,0.496336,-3.5,0,-0.745172,0.00103154,0.666871
-16.3498,97.5202,-69.0329,-2.12025,-0.00105755,-0.8,0,0.635878,-0.090332,-0.766485
-18.073,84.9694,-73.693,0.815857,0,2.8,1,-0.638924,-0.251037,-0.727156
-16.369,94.5555,-76.267,0.223431,0,3.8,1,-0.584879,0.227102,-0.778679
-4.98163,89.5279,-85.0871,0.267648,0.0366084,-1.3,0,-0.183574,-0.711868,-0.677897
-0.641,82.427,-54.01,0.183408,0,4.5,0,0.524804,-0.851021,0.0185601
-12.8321,94.8199,-84.1103,-0.0858653,0,-0.9,1,0.0693067,-0.0848182,-0.993983
-16.538,82.6253,-97.6235,0.00106501,0,4.5,0,-0.517857,0.402539,-0.754842
-3.73738,60.0046,-49.8231,0.14601,0,4.5,0,0.0287156,-0.418803,0.907623
-5.13088,93.0989,-67.5044,0.0577644,0,-0.88773,0,0.348775,-0.553148,-0.75656
9.00025,81.2083,-60.0025,0.186434,0,4.2,0,0.587945,-0.0845809,-0.804467
-17.4395,79.0768,-70.1608,0.0589082,0,4.5,1,0.717531,-0.0518069,-0.694598
-6.10238,61.384,-50.9204,0.104704,0,4.5,0,-0.910505,0.285441,0.299174
-29.1812,77.635,-68.0612,0.57411,0,-3.9,0,-0.588328,-0.30703,-0.748066
-4.71438,52.5095,-65.5092,-0.955127,0,-3.5,0,-0.511353,-0.712852,0.479959
-1.51813,97.4935,-60.3675,0.377043,0,-3.9,0,0.413761,0.6766,0.60911
-1.96763,84.518,-42.8521,0.0389338,0,4.5,0,-0.195189,0.443599,0.874712
-4.73912,86.0399,-67.1749,0.100593,0,3.8,0,0.509785,-0.859268,0.0421618
-20.2351,81.3519,-88.4985,1.18787,0.508383,-3.9,0,-0.659684,0.689928,-0.298023
-19.4268,81.4425,-89.3305,0.435087,0,-3.9,0,-0.715726,0.376254,-0.588362
-18.592,102.005,-69.3092,0.597577,0,-0.558455,0,-0.247361,0.792631,-0.557269
-24.1584,84.945,-67.8466,0.062774,0,3.8,0,-0.952276,0.0974339,0.289268
-24.5125,80.2832,-70.9681,-0.293425,0,-3.9,0,-0.58062,0.554031,-0.596599
-14.574,87.9542,-63.955,0.052118,0,-1.78106,0,-0.852983,-0.0844406,0.515063
-5.00175,105.028,-71.1305,-0.03393,0,2.8,1,0.501736,0.790647,0.350911
7.70062,79.1699,-56.5536,0.123453,0,4.1572,0,0.286281,-0.0164435,0.958004
3.489,63.3644,-48.5621,0.0725997,0,4.5,0,0.0397195,0.00992433,0.999162
-13.4294,75.8759,-90.2584,0.188079,0,-4.5,0,-0.207315,-0.93341,0.292859
-0.826,88.3808,-53.2675,0.0776452,0,-0.7,0,-0.366053,0.204,-0.907959
-14.698,83.1878,-94.1335,-0.0161478,0,4.10651,0,0.0148196,0.999761,-0.0160943
7.80137,71.125,-55.9385,0.0350503,0,-1.3,0,0.168106,0.145036,0.975041
-13.4186,60.6096,-58.8252,0.303231,0,-3.2,0,-0.4111,-0.911051,-0.0313508
16.5317,73.4755,-64.4593,0.217969,0,4.5,0,-0.239541,0.910882,-0.336026
-18.6279,86.3029,-89.2398,0.124343,0,4.2,0,-0.480437,0.869929,-0.11137
-3.094,88.814,-84.959,1.08596,0.616058,-1.3,0,0.174263,-0.95017,-0.258475
-5.99725,86.185,-52.7415,-0.943256,-0.0764785,-2.1482,0,-0.545189,0.61962,-0.564659
-10.1965,85.6712,-58.495,0.820437,0.73299,-0.9,0,0.252137,-0.0605065,0.965798
-3.20125,78.9366,-64.2807,0.306303,0,2.8,0,-0.731025,0.673252,0.111061
15.6089,67.3931,-54.7158,0.209905,0,4.5,0,0.363751,0.448029,0.816673
8.81775,65.6947,-66.987,0.101058,0,-1.3,0,0.207355,-0.202215,-0.957138
-11.87,78.939,-93.033,-0.422567,0,-4.5,0,0.726002,-0.362272,-0.584535
14.0367,69.7822,-59.6437,0.202711,0,4.5,0,-0.0966425,0.935712,0.339268
-2.5165,91.439,-47.886,0.317276,0,-0.7,0,-0.0894983,0.982078,0.16587
0.7495,90.3929,-50.1334,0.0706418,0,-0.7,0,0.604219,0.787782,0.119664
-16.3616,86.8185,-79.7756,0.192163,0,3.60898,0,-0.996388,-0.0767419,-0.0363497
-0.818,61.7943,-77.9043,-0.137194,0,2.8,0,0.514388,-0.106331,-0.85094
-8.45375,86.8201,-74.6055,0.222647,0,1.69718,0,0.396448,-0.917804,0.0215497
8.43363,84.0056,-56.4484,0.0375245,0,0.701789,0,0.661463,-0.126459,0.739239
-10.052,63.2595,-74.5365,-0.160048,-0.137131,-3.5,0,-0.280034,0.723217,-0.631298
-19.8993,87.6223,-64.894,-0.971695,0,-3.5,0,-0.283294,-0.190784,0.939865
-0.987,66.7673,-72.2635,1.07925,0.65169,2.8,0,-0.332178,0.723051,-0.605685
-4.877,61.2995,-49.468,0.0943412,0,4.5,0,-0.299184,-0.0217834,0.953947
-3.73962,78.0573,-57.4689,0.196668,0,4.2,0,-0.117228,0.171291,-0.978221
7.20475,76.6355,-63.4939,-0.0155287,0,4.5,0,0.982384,0.0860719,-0.165871
-13.6272,61.0775,-71.1575,-0.391582,-0.0306582,-3.5,1,-0.649193,-0.531722,0.543893
-25.0409,81.551,-66.6059,0.180753,0,-3.9,0,0.153954,0.733826,0.661663
-17.4465,64.745,-66.8585,0.216466,0,-1.3,0,0.0910809,-0.765309,0.637186
-15.6213,75.7455,-91.4859,-0.167895,0,-3.9,0,-0.0447448,-0.898833,0.436001
6.42075,78.9961,-55.9485,0.610954,0,-0.525499,0,0.716295,0.200818,0.668277
-5.68313,94.7975,-72.8409,0.361841,-0.941822,-1.3,0,-0.326675,0.942498,0.0705772
8.09,68.7905,-66.788,-0.463185,-0.0772251,-1.3,0,0.246733,0.521826,-0.816591
5.78725,62.3713,-49.3042,0.0663487,0,4.5,0,0.477685,-0.329363,0.814455
-3.61462,87.5804,-52.1189,-0.154392,-0.328433,1.83958,0,-0.515259,0.613519,-0.598418
-1.33263,90.0748,-46.4126,-1.50098,-0.697173,-0.7,0,0.505159,0.486909,0.712554
-10.7507,69.7421,-50.5767,0.112833,0,4.5,0,-0.437108,-0.00023092,0.899409
-3.179,58.8225,-50.756,0.543087,0,0.810976,0,-0.474429,-0.394419,0.786989
6.48475,61.2325,-64.5687,-0.589207,0.552458,-3.2,0,0.231622,-0.96628,-0.112488
5.99188,74.0871,-66.9391,0.278907,0,4.5,0,-0.0423654,0.39642,-0.917091
-6.31025,87.5541,-63.6965,-0.00126919,0,4.5,0,0.0979265,-0.987675,-0.122101
16.0276,60.066,-57.7363,2.91477,0.256598,-3.9,0,0.464344,0.148361,0.87314
-13.078,95.4863,-63.3317,0.142928,0,4.5,0,-0.202714,-0.77638,0.596775
-2.28912,91.1517,-74.2594,0.195673,0,3.8,0,0.964441,-0.263234,0.0236903
-7.937,87.4665,-58.5293,0.113476,0,4.5,0,-0.432723,-0.365982,0.823898
-22.7743,80.1401,-71.7037,-0.870411,-0.222201,-0.8,0,0.298544,0.758037,-0.579871
-8.99463,63.0881,-74.9399,-1.49953,-0.670255,-3.5,0,0.129954,0.312046,-0.941137
2.14881,54.735,-57.4011,0.593396,0,1.9,0,0.583295,-0.659197,0.47458
-3.718,73.2773,-49.645,0.111025,0,4.5,0,0.624106,-0.675334,0.392958
2.68187,62.4765,-48.8099,0.0483735,0,4.5,0,-0.377415,-0.379979,0.844497
-1.91125,93.8623,-58.2373,0.701025,0,-3.9,0,-0.412583,0.112819,0.903907
14.5522,61.0035,-63.677,-1.76679,-0.0555408,-3.5,0,-0.291893,-0.925144,-0.242707
-0.5425,76.3585,-58.4043,0.247371,0,4.5,1,-0.717,0.578002,-0.389647
-3.858,75.1625,-56.4885,-0.136707,0,3.72923,1,0.0246225,0.0553233,-0.998165
0.569,52.6488,-56.5418,2.85342,0.0191724,-3.9,0,0.888458,-0.455621,0.0552491
-7.3735,85.7419,-65.4985,0.0878,0,3.8,0,0.785644,-0.495043,0.371075
11.0475,65.4355,-64.7952,-0.414779,0,1.51906,0,0.356578,-0.56191,-0.746397
15.693,63.661,-64.8372,-0.833584,0,-3.5,0,0.788871,0.32656,-0.520617
4.778,57.904,-53.544,-0.0921352,0,1.8,0,-0.0244216,-0.988175,0.151374
-9.5965,80.036,-92.3435,0.167767,0,3.8,0,0.521033,-0.57644,-0.629478
4.78312,55.2993,-65.5054,-1.29519,0,-3.5,0,0.303588,-0.39851,0.865462
-3.2165,63.8155,-58.2571,-0.279862,0,4.5,0,0.106094,0.964204,0.24301
-12.4987,96.3037,-66.5904,-0.132326,0,4.5,0,0.588524,-0.486959,-0.645377
-11.6059,90.6804,-61.7749,0.1181,0,-0.885419,0,-0.79193,0.327591,0.515297
4.23975,65.3227,-49.2272,0.064734,0,4.5,0,-0.144772,0.74176,0.654854
-23.7482,93.3968,-67.1651,0.4372,0,-3.5,0,-0.713959,-0.410521,0.567217
-23.2874,94.7903,-70.6015,0.0792,0,-0.7,0,-0.969141,-0.0901439,0.229432
8.70725,76.2545,-58.3381,0.190863,0,3.8,0,0.975459,-0.0556911,-0.213022
-21.9062,101.103,-69.4074,1.02979,0.634535,-0.8,0,-0.516478,0.693321,-0.502551
-9.37825,86.2858,-75.1458,0.226087,0,4.5,0,0.310558,-0.90737,0.283254
-10.8725,67.7975,-69.128,0.560117,0.0243972,4.2,1,-0.000921894,0.974677,-0.223616
-17.3102,63.2111,-73.0105,-1.02856,-0.704146,-1.3,0,-0.247582,-0.0788349,-0.965654
-0.8805,85.6445,-61.7215,-0.12375,0,-0.9,0,-0.426043,-0.862962,-0.271631
-6.259,99.8364,-77.3217,0.456128,0,-0.9,0,-0.0497812,0.993408,-0.103259
-4.65212,89.1375,-84.0145,0.176568,0.0379433,-1.3,0,0.0516415,-0.998108,0.0333629
1.8025,70.8298,-73.711,0.493529,0.234012,-4.5,0,-0.192551,0.582928,-0.789379
0.008625,96.2503,-59.7314,0.481917,0,-3.9,0,0.538957,0.828773,0.150534
-10.6515,57.264,-70.1377,0.270318,0,-0.9,1,-0.833163,-0.476886,0.280035
-8.3925,65.2966,-67.7458,0.14539,0,4.2,0,0.556256,0.672228,-0.488558
2.3225,95.3571,-56.0165,0.847866,0,1.9,0,-0.459753,0.826265,0.325442
-5.151,82.2377,-46.3677,-0.380964,0,4.5,0,-0.88649,0.0857137,0.45474
-10.5585,77.122,-83.9616,0.967749,0.0110399,-4.5,0,-0.451605,-0.180733,0.873721
0.520875,84.3337,-44.0921,0.0809699,0,4.5,0,0.879055,0.12737,0.45939
6.5195,62.022,-65.5765,-0.559094,0.0484894,-3.2,0,0.109446,-0.670574,-0.733725
-24.5081,73.5707,-72.5576,1.29317,0.341137,-0.8,0,-0.257151,-0.640968,-0.723211
4.42212,83.3649,-62.8915,0.271395,0,-0.9,0,-0.350866,-0.382825,-0.854598
-9.51575,77.9638,-90.307,0.446486,0,-4.5,0,0.775819,-0.304731,-0.552488
-27.85,74.1202,-64.0537,0.220947,0,4.5,0,-0.299402,-0.534223,0.790546
-25.5912,69.2377,-65.0127,0.337566,0,-1.6,0,-0.859459,-0.451323,0.240079
5.41638,54.741,-68.2384,-1.98202,-0.145182,-3.5,0,0.511075,-0.207253,-0.834175
-3.478,64.8596,-70.0212,-1.0025,-0.482072,-1.18778,0,-0.520537,-0.128083,-0.844178
-3.67625,68.2579,-64.6754,0.308349,0,-1.3,1,-0.289304,0.820821,-0.4925
-3.5685,93.2345,-81.5165,0.00804583,0,-1.3,1,0.408342,0.90219,-0.138959
-0.7425,95.8542,-76.5332,0.3052,0,-0.9,0,0.820161,0.217306,-0.529257
8.35825,74.8915,-60.2604,0.276785,0,3.8,0,0.998477,0.04083,-0.0371032
1.94775,54.7454,-64.8112,-0.29687,0,1.35392,0,0.571717,-0.656487,0.492101
-2.08262,82.1346,-60.043,0.154143,0,4.5,0,-0.796493,0.391284,-0.460973
-6.60569,74.3857,-48.2088,0.0876026,0,4.5,0,-0.23146,0.195098,0.953081
8.20775,90.7979,-60.7023,0.358786,0,4.5,0,0.248469,0.960072,0.128552
-26.5203,81.4642,-66.0185,0.332909,0,-3.9,0,0.0536451,0.929061,0.366017
16.1085,61.1041,-58.4951,3.21942,0,-3.9,0,0.596675,0.66124,0.454688
-29.215,73.3508,-66.2982,0.229669,0,4.5,0,-0.37288,-0.91657,-0.144431
-8.83625,54.978,-63.7215,0.154677,0,-3.5,0,-0.901619,-0.299531,0.312031
-9.735,83.4973,-59.6032,0.281619,0,-0.9,0,-0.390927,-0.624414,0.676228
0.755875,81.966,-49.1294,-0.195606,-0.0970578,4.5,0,0.660609,0.0877508,0.745584
-11.084,57.4442,-57.2863,-1.04412,-0.380358,4.2,1,-0.662464,-0.378273,-0.646569
9.08325,89.8274,-62.1985,0.223281,0,4.5,0,0.801446,0.347233,-0.486942
5.95062,93.4439,-55.8546,0.709619,0,-1.6,0,0.659786,0.538734,-0.523878
-9.65963,55.021,-52.4045,0.100475,0,4.2,0,-0.380106,-0.5244,0.761921
-8.66512,85.2318,-84.9081,-0.415335,0,-0.8,0,0.798681,-0.551251,-0.241311
-1.28488,52.7175,-66.6738,-0.822938,-0.826136,-3.44738,0,0.274431,-0.94301,-0.188201
-14.7107,83.9181,-72.4885,0.294876,0,2.8,1,0.130995,-0.989804,0.0559288
-11.8842,84.5427,-64.9703,0.11246,0,1.37963,1,-0.686862,-0.449877,0.570816
-2.82925,65.6054,-74.7141,0.322978,0,2.8,0,-0.645032,0.69323,0.321506
-13.4455,60.8265,-57.5522,0.320985,0,-3.2,1,-0.649104,-0.633563,0.421024
-7.06163,103.242,-73.2972,-0.0591851,0,2.8,0,-0.24502,-0.455913,-0.855633
-3.36313,81.9895,-43.2612,0.0750466,0,4.5,0,-0.366253,0.0563495,0.928807
-17.2579,87.0557,-83.5819,0.203243,0,1.8,0,-0.946468,-0.148629,0.286545
-9.243,82.781,-70.959,0.274735,0,2.8,0,0.656934,-0.362475,-0.661097
-15.263,96.2115,-83.907,0.196387,0,-0.9,0,-0.31342,0.855549,-0.412071
-15.6641,61.4826,-71.9622,0.630783,0.280038,-2.258,0,-0.312864,-0.94933,0.0298107
-6.66475,85.2925,-66.4043,0.117783,0,3.8,0,0.550231,-0.693378,0.465266
-17.8165,78.0044,-70.453,-0.156716,0,3.8,1,0.458778,0.387382,-0.799661
-7.14937,86.3361,-52.2216,-1.42008,-0.719298,-3.5,0,-0.348217,0.546521,-0.761616
-6.86825,50.3255,-69.1882,0.267478,0,-1.6,0,-0.568234,-0.762905,0.30836
1.107,80.8595,-56.6912,0.276578,0,4.5,0,-0.477159,-0.264212,0.838159
-10.9572,79.1495,-92.1376,0.301232,0,-0.217618,0,0.637957,-0.429691,-0.639044
-14.8997,61.6738,-59.706,0.156726,0,-3.2,0,-0.611876,-0.789849,0.0417923
-5.0295,74.5054,-48.0464,0.0934746,0,4.5,0,0.217294,0.129447,0.967485
-26.3374,71.2459,-66.022,0.43502,0,-1.6,0,-0.957854,-0.269662,0.098986
-0.2245,69.3272,-68.2158,0.532407,0,-4.5,1,-0.811777,0.490631,-0.3167
-5.10213,87.4459,-76.6485,0.206759,0,4.5,0,0.594825,-0.56078,0.575942
-17.4296,81.6755,-79.7825,0.416087,0,2.8,0,-0.8114,-0.562026,0.16049
-16.0784,62.7506,-73.0976,0.0414778,-0.110265,-1.3,0,-0.231463,-0.150385,-0.96115
-1.86913,91.8314,-67.0281,0.284978,0,2.8,0,0.441412,0.432883,-0.785982
-11.9989,69.582,-51.3454,0.113125,0,4.5,0,-0.650309,0.170318,0.740331
-2.502,52.4599,-58.2646,1.42667,0,-3.9,0,-0.322786,-0.849267,-0.417796
-2.381,81.9484,-58.6315,0.146374,0,4.5,0,-0.949756,0.312451,0.0183907
10.1745,61.176,-55.507,-0.294697,0,-3.9,0,0.589907,-0.604279,0.53559
-28.5521,73.6284,-65.0549,0.234396,0,4.5,0,-0.274488,-0.847291,0.454702
-18.3239,84.02,-91.5766,0.127925,0,4.2,0,-0.738563,0.0342356,-0.673315
-19.6725,91.6945,-68.686,-0.215605,0,-2.16094,0,-0.342489,-0.311263,0.886463
2.67762,95.5381,-57.0476,1.02758,0,1.9,0,-0.0902676,0.995033,-0.0419724
-6.53325,87.4196,-58.3182,0.112231,0,4.5,0,0.0821363,-0.612544,0.786157
-3.56075,53.0405,-59.2645,0.185362,0,-3.9,0,-0.462288,-0.802276,-0.37768
-17.3092,83.5026,-80.9516,0.125726,0,2.8,0,-0.967987,0.0434074,-0.24722
-11.0533,77.4922,-54.8247,0.198069,0,4.5,1,-0.258372,0.702049,-0.663604
-16.9211,73.4479,-70.9555,0.200165,0,3.8,1,0.183449,-0.358423,-0.915357
-11.398,101.78,-60.923,0.911046,0.0372109,-3.9,0,-0.588759,-0.758297,0.279908
-11.8024,103.271,-66.2679,0.29382,0,-1.93559,0,-0.243469,0.901812,-0.357013
-9.967,99.5425,-74.25,0.127987,0,-0.4,0,-0.0285359,0.987672,0.153916
-27.739,81.292,-65.7393,1.04796,0,-3.9,0,0.120402,0.856923,0.501185
2.24625,64.4307,-70.5423,-1.19881,-0.314439,2.8,0,0.765543,0.606721,0.214087
-17.3556,83.041,-64.8059,0.143183,0,4.5,0,0.61834,0.610424,0.495013
12.2622,64.713,-53.4782,-0.672007,-0.834374,-0.7,0,0.633772,-0.275237,0.722895
8.24925,69.1376,-61.9861,0.318035,0,-1.3,0,0.587994,0.598605,-0.543999
-28.603,76.786,-64.716,0.422577,0,4.5,0,0.00334591,0.494708,0.869053
-16.165,65.5275,-64.177,0.146964,0.393294,-0.256892,0,-0.746987,-0.548266,0.376052
-8.3715,53.9625,-71.0721,0.00857013,0,-1.50523,1,-0.673726,-0.674295,0.302357
2.78912,76.2206,-65.8984,0.480424,0,2.8,0,0.234432,0.0538349,-0.970641
9.12788,72.8336,-63.2636,0.194218,0,4.5,0,0.902282,-0.291915,-0.317288
-8.35875,58.0589,-67.614,-0.222658,0,-0.9,1,-0.553743,-0.550292,0.624938
-3.66188,63.3324,-51.2095,0.0579121,0,4.5,0,-0.226957,0.890502,0.39433
-8.858,61.2215,-74.9315,-0.0689983,-0.33613,-3.5,0,0.360069,-0.110887,-0.926312
-7.473,68.8603,-63.6707,0.257459,0,4.4242,1,0.210408,0.834725,-0.508884
8.12025,72.2422,-63.9832,0.271275,0,4.5,0,0.809705,-0.421728,-0.408072
9.1615,86.0707,-57.999,-0.0617113,0,4.5,0,0.929452,-0.064936,0.363184
-20.2246,89.5455,-65.4392,-1.99064,-0.353479,-3.5,0,-0.661313,0.514046,0.54628
7.17963,81.3067,-61.9692,0.0669874,0,4.5,0,0.514806,0.724449,-0.45842
-10.4764,80.3333,-48.17,0.111322,0,3.8,0,-0.949277,0.151006,0.275807
-16.5031,93.081,-75.6176,0.211942,0,3.8,1,-0.766265,-0.405139,-0.498699
-2.21625,72.6411,-58.2639,0.144747,0,3.98525,0,-0.772614,0.270858,-0.574199
-14.4086,68.9234,-61.6379,0.138194,0,2.61154,0,-0.410598,0.647068,0.642428
1.6315,73.555,-56.284,0.030406,0,4.5,0,0.0518168,-0.746775,0.663055
-27.4119,76.9309,-65.145,0.476996,0,4.5,0,0.0223705,0.487075,0.873073
19.4028,73.1185,-64.5318,0.215157,0,4.5,0,0.683589,0.515358,-0.516829
-7.61525,65.832,-54.4907,0.0437343,0,2.05002,0,0.710165,0.351876,0.609794
-9.08175,93.2962,-83.4791,0.351155,0,2.5,1,0.386821,0.849408,-0.358991
-14.13,60.6833,-72.7435,-0.106002,0,-3.5,0,-0.65887,-0.745476,-0.100779
-19.7649,85.5925,-66.8131,-0.179144,-0.543916,-3.5,0,-0.208782,-0.404269,0.890492
-21.2665,95.5013,-65.7286,0.250129,0,-3.5,0,-0.214871,0.00967465,0.976595
-9.33875,76.124,-57.8218,0.326048,0,1.8,1,-0.812343,0.453415,-0.36676
-14.3232,94.2315,-64.5359,0.112393,0,4.5,0,-0.203197,-0.367748,0.907454
12.1574,69.6654,-62.1729,0.0891467,-0.373192,4.16868,0,-0.539076,0.840367,-0.0563938
-20.0561,72.1224,-61.9015,0.175296,0,3.8,0,-0.223898,0.0546178,0.973081
9.72138,80.5185,-56.2846,0.144548,0,4.2,0,0.315221,-0.304014,0.899006
2.8135,56.0655,-59.4415,-0.255814,0,1.9,0,0.878204,-0.19661,-0.436007
-15.854,85.9631,-91.554,0.166874,0,4.2,0,0.029328,0.545401,-0.837662
2.5055,62.223,-72.2805,-0.102654,0,1.29033,0,0.859844,-0.0134969,-0.510379
-3.91388,53.8526,-57.0784,1.00501,0,-3.9,0,-0.528221,-0.818674,0.22529
-0.9635,93.82,-63.4631,-0.26875,0,2.25983,0,0.988749,-0.111897,-0.09927
-18.6567,77.1105,-87.3195,0.715806,0,-3.9,0,0.232576,-0.891163,0.389535
-5.67812,87.2225,-79.3429,0.178418,0,4.5,0,0.554918,-0.438886,-0.706715
-17.123,94.417,-80.909,0.0191978,0,-0.9,1,-0.891794,0.370341,0.259906
-23.1065,95.6988,-67.8246,0.50927,0.0498985,-3.5,0,-0.728661,0.682448,0.0576078
-9.97738,92.7635,-59.1403,0.950278,-0.0806019,-0.8,0,-0.306846,0.621548,0.720779
5.4945,69.3812,-70.6052,1.81666,0.788359,-4.5,0,0.971435,-0.233297,0.04343
10.054,86.8705,-60.436,0.175578,0,4.5,0,0.800935,-0.547537,-0.242293
-6.21575,99.126,-74.9837,0.428041,0,-0.9,0,-0.155361,0.855867,0.493309
2.40412,73.1459,-57.3662,0.026133,0,4.5,0,0.0209833,-0.863606,0.50373
-16.0356,92.0423,-79.1113,0.24927,0,0.990812,1,-0.855238,0.202429,0.477065
-9.113,82.1916,-54.7707,0.698122,-0.313049,-0.8,0,-0.356621,0.557874,-0.749399
-29.1152,81.0366,-68.59,0.63811,0,-3.9,0,-0.426601,0.502327,-0.752117
-27.3005,80.5274,-69.4242,0.313278,0,-3.9,0,-0.292454,0.573248,-0.765413
-14.723,83.8568,-70.3447,0.25863,0,2.8,1,-0.124548,-0.966667,-0.223704
-5.56612,91.9146,-59.9654,-0.701718,-0.655225,-0.8,0,0.340799,0.272278,0.899845
3.1545,55.037,-58.2957,0.211167,0,1.9,0,0.836407,-0.541987,0.0816952
0.541125,76.8381,-49.4946,0.107823,0,4.5,0,0.702159,-0.454025,0.548483
-11.9145,60.6447,-56.0723,0.976934,0.265449,-1.5765,1,-0.74778,-0.592453,0.299709
-5.94112,60.765,-50.1176,0.101383,0,4.5,0,-0.823745,-0.0614666,0.563619
-9.7585,54.4987,-72.1842,0.260072,0,-0.4,0,-0.809266,-0.586533,-0.0326804
1.78163,80.0072,-50.5134,0.146219,0,4.5,0,0.960596,-0.277938,-0.00252148
16.4097,68.3313,-56.8148,0.35209,0,4.5,0,0.753342,0.595795,0.278396
1.318,87.7605,-51.523,0.271144,0,-0.7,0,0.967437,0.219154,0.126636
-6.36825,96.0113,-79.5038,0.11101,0,-0.9,1,-0.218532,0.354335,-0.909225
20.0303,71.714,-63.951,0.260479,0,4.5,0,0.980991,-0.160044,-0.109735
-5.06413,87.3145,-64.7927,-0.0403409,0,2.89741,0,-0.395367,-0.889189,0.230277
14.376,61.734,-64.9105,-1.67736,-0.399142,-3.5,0,-0.309965,-0.553969,-0.772684
-21.048,72.403,-69.299,-0.0653894,-0,3.8,1,-0.104887,-0.160165,-0.981502
-8.34925,91.7483,-68.3079,0.08166,0,-0.471986,0,0.717409,-0.571152,-0.398885
-7.0385,87.2155,-51.3065,-0.748313,-0.0219346,-3.5,0,-0.213807,0.922333,-0.321852
-20.5635,71.093,-69.3767,-0.99145,-0.417862,3.8,0,0.0950749,-0.129131,-0.987059
5.77,78.626,-54.355,0.191773,0,-1.6,0,0.671445,-0.234508,0.702971
-5.02037,65.724,-58.0596,-0.0127249,0,1.8,0,0.94712,0.141244,0.28812
4.3795,81.3035,-62.653,-0.0845524,0,2.09996,0,-0.527273,0.49391,-0.691401
-19.6555,80.0645,-70.8256,-0.508195,-0.28553,4.45655,1,0.145885,-0.229052,-0.96242
7.9895,78.5693,-61.1657,0.146311,0,4.5,0,0.954808,-0.296954,0.0126368
-2.08675,68.9899,-59.3579,-0.0586676,0,3.8,0,0.450483,-0.831483,0.325119
3.95513,58.4072,-65.9965,-2.21643,-0.285068,-3.5,0,0.631514,0.775067,0.0214941
17.024,60.6181,-59.3119,2.76388,0.499329,-3.9,0,0.916739,0.337136,0.214308
-14.5935,73.6797,-54.9505,0.144539,0,3.8,0,-0.795746,0.579215,0.176913
13.0813,62.5747,-57.406,0.483575,0,-3.9,0,0.349687,-0.225685,0.909277
-14.5077,92.0206,-64.2595,0.35254,0,-3.2,0,-0.352499,0.0380651,0.935038
-3.697,95.936,-59.6845,0.362937,0,-3.9,0,-0.374347,0.238093,0.896201
-9.30912,79.7214,-53.9692,0.270626,0,-0.8,1,-0.859076,-0.081559,-0.505309
8.05663,71.4934,-62.7955,0.225079,0,4.5,0,0.811324,-0.534188,-0.23748
-0.51025,83.8747,-42.9518,0.0726472,0,4.5,0,0.495861,0.11694,0.860492
-6.2475,56.5681,-73.2999,-0.815672,-0.627777,-0.4,0,0.633925,0.16856,-0.754803
-14.1226,83.1839,-67.0301,0.228404,0,2.8,1,-0.376372,-0.759932,0.529951
6.8325,86.2718,-51.8952,-0.280804,0,-1.3,0,0.409699,0.503527,0.760662
-3.96825,51.0312,-67.5669,-0.0022197,0,-1.6,0,0.504041,-0.832075,0.231501
-15.7887,75.0314,-69.9525,0.202297,0,3.8,1,0.905944,0.184113,-0.381272
4.32387,66.5839,-52.2556,0.198615,0,2.8,0,0.0742038,0.658862,0.748595
-17.0075,63.491,-67.9265,-0.0483669,0,-1.3,0,-0.0486561,-0.820301,0.569859
15.2517,72.8481,-61.577,0.30244,0,4.5,0,-0.138561,0.698851,0.701718
-13.7128,69.5424,-53.7853,0.176711,0,3.8,0,-0.725748,0.233858,0.646993
-14.4235,99.5107,-63.972,0.452657,0,4.33612,0,-0.59498,0.404053,0.694795
-14.4132,83.543,-95.337,0.0149769,0,4.5,0,0.647591,0.761845,-0.0147926
-23.4102,77.6318,-72.5953,-0.0388078,0,-0.8,0,0.0453675,0.111783,-0.992697
-10.4456,97.766,-77.0806,-0.816599,0,-0.4,1,-0.400523,0.749307,-0.527372
-3.7945,64.3623,-59.185,-0.828433,0,-1.3,0,0.586213,0.613144,0.529536
5.08925,56.8589,-65.4,-2.11775,-0.479788,-3.5,0,0.774605,0.0597677,0.629615
-15.9371,96.0143,-70.4481,-1.35408,0.330033,-2.19932,0,0.689416,0.682084,0.243858
-10.9811,61.4021,-53.1881,0.166139,0,3.8,0,-0.293369,-0.676503,0.675484
-10.3907,91.7943,-58.765,0.999444,0.585752,-0.8,0,-0.51877,-0.0722004,0.851859
1.29925,83.3059,-54.6694,0.197838,0,2.45697,0,0.187749,-0.697399,0.691653
-0.942125,86.4965,-54.5899,0.126608,0,4.5,0,-0.206076,0.785117,-0.584059
5.1725,85.0565,-63.2088,0.234411,0,-0.9,0,0.436769,-0.330959,-0.83648
-0.52375,66.3505,-73.932,0.43234,0,2.8,0,-0.183984,0.963681,-0.193568
6.9685,82.4529,-51.9141,0.190147,0,-1.3,0,0.24886,-0.968538,-0.00142763
2.9855,63.5788,-71.692,-1.38942,-0.181851,2.8,0,0.954004,0.272899,-0.124104
-28.1385,75.0095,-68.774,0.30001,0,4.5,0,-0.385633,-0.168446,-0.907145
-15.1897,67.0115,-61.804,-0.0433216,0,4.17124,0,-0.919945,0.0714736,0.385478
7.74762,90.098,-58.1974,0.672102,0,4.5,0,0.523317,0.686167,0.505287
2.87737,68.9256,-74.5971,1.04642,0.52454,-4.5,0,-0.17176,-0.347913,-0.921659
-0.26425,68.318,-69.4676,0.41264,0,-1.53515,0,-0.621453,0.6869,-0.376782
-2.10138,101.208,-61.649,0.334539,0,-0.4,0,0.40905,0.743905,0.528473
-5.081,95.7107,-73.7552,0.409284,0.482002,2.44199,0,-0.620384,0.374565,0.689075
-4.67287,64.3009,-58.0088,-0.290689,0,3.20315,0,0.614767,0.577499,0.537174
-17.4706,76.6424,-95.6156,-1.46113,-0.70108,-2.5101,0,-0.570978,-0.553736,-0.606103
-3.456,90.5813,-60.3816,-0.379333,-0.332837,4.5,0,0.214134,0.164473,0.962858
4.00775,64.6143,-66.8392,-0.159405,0,-3.2,0,0.313344,-0.371992,-0.873749
-5.347,64.396,-57.153,-0.245402,0,1.8,0,0.876519,0.464927,0.124727
-8.103,77.3675,-58.1505,0.204908,0,1.8,0,-0.178926,0.863229,-0.47204
4.16388,65.8969,-67.3451,0.116914,0,-3.2,0,0.450411,-0.121722,-0.884485
-13.3326,76.3725,-93.8311,-0.802329,0,-3.14845,0,0.62082,-0.753825,-0.215246
-6.2445,65.4175,-67.1093,0.22016,0,-0.952025,0,-0.200885,0.653969,-0.729362
1.51975,88.401,-56.6565,0.179816,0,1.9,0,-0.878692,0.316864,0.357069
-1.09225,96.3108,-59.2709,0.413666,0,-3.9,0,0.136694,0.711683,0.689074
-21.016,99.085,-66.983,0.216803,-0.826315,-0.8,0,-0.693483,0.196871,0.693054
-2.63412,70.5654,-54.3413,0.0534958,0,4.5,0,0.697113,-0.0505671,0.715176
-10.466,67.3165,-70.162,0.43118,0,4.2,0,0.324301,0.852453,-0.410065
-29.6294,74.243,-67.0563,0.259542,0,4.5,0,-0.591367,-0.540593,-0.598367
15.7157,69.9713,-59.4442,0.822981,0,4.5,0,0.317819,0.859397,0.400536
-9.469,56.2281,-52.2578,0.129766,0,4.2,0,-0.438106,0.0719024,0.896043
-8.754,82.1465,-85.6513,-0.31003,0,-0.8,0,0.810674,-0.0347907,0.584464
-7.087,80.1129,-46.6387,0.123029,0,3.8,0,0.186512,0.0388792,0.981683
-3.775,79.9724,-44.2588,0.0724527,0,4.5,0,-0.187294,-0.910197,0.369408
-17.9014,79.9396,-96.2164,-0.0586439,0,4.5,0,-0.94442,-0.0716479,-0.320838
1.32987,83.9429,-52.3833,0.294238,0,4.5,0,0.365619,-0.801221,-0.473674
-9.12512,89.9743,-69.7539,-0.353779,0,-0.9,0,0.941873,0.0379521,0.333817
-7.62712,92.7609,-83.6523,0.399373,0,-1.3,1,0.0393656,0.876676,-0.479468
4.27437,78.4311,-66.9378,0.208516,0,4.5,0,-0.443891,-0.181945,-0.877415
-13.098,63.1237,-74.3128,0.479842,0.552898,-3.5,1,-0.131323,0.687025,-0.714669
-8.86662,105.154,-71.2184,0.24735,0,2.8,0,-0.548357,0.795849,0.256766
-0.334625,82.7799,-48.2168,-0.132933,-0.677456,4.5,0,0.749071,-0.304586,0.58832
-26.1215,69.9134,-67.0141,0.452319,0,-1.6,0,-0.932458,-0.290186,-0.215206
-14.8472,86.9603,-87.5598,-0.217536,-0.0299445,-0.417915,0,-0.534389,0.790063,-0.300381
-11.6684,76.5782,-86.2869,0.909009,0.559635,-4.5,0,-0.678772,-0.669246,0.302289
-10.7388,58.0305,-54.9823,-0.283712,0,4.2,1,-0.893647,0.135553,0.427809
-12.762,84.589,-65.662,0.138946,0,2.8,1,-0.409916,-0.338192,0.84711
3.95175,93.6985,-53.5105,0.594846,0,-1.6,0,-0.109763,0.836895,0.536246
-7.34,88.514,-81.431,-0.133716,-0.502918,-0.62312,0,0.946194,-0.278259,-0.165191
-9.3975,87.5407,-89.3597,0.170071,0,-0.7,1,0.98483,0.160566,-0.0657918
-7.59088,56.8921,-61.3778,-0.240748,0.133099,-1.76325,0,-0.940484,-0.295018,0.168685
1.3175,69.74,-73.6384,0.569371,0.298305,-4.5,0,-0.671697,-0.32739,-0.664559
-21.407,75.3275,-70.988,0.294325,0,3.8,1,0.270259,-0.485419,-0.831462
-12.8776,94.8388,-65.9222,-0.0338661,0,4.5,0,0.958871,-0.126502,-0.254095
-17.9492,64.1322,-67.4822,-0.063973,0,-1.3,0,-0.190155,-0.842374,0.504229
-1.48312,60.743,-51.4256,0.522591,-0.148454,4.5,0,0.246227,0.200287,0.948292
-0.9275,76.1585,-52.1955,0.216154,0,4.29276,0,0.630251,-0.750778,-0.197777
-1.16225,77.9557,-60.9956,0.23476,0,4.5,0,-0.746316,-0.339283,0.572625
-11.4473,96.5293,-83.91,1.07399,0.139249,-0.9,1,0.475751,0.540182,-0.694164
-10.4683,55.6447,-71.476,0.858672,0.780432,-0.9,0,-0.932441,-0.358453,-0.0454499
-2.59425,92.6237,-82.0932,0.121418,0,-1.3,1,0.612417,0.790288,0.019749
4.60638,67.0255,-66.5881,0.50656,0,-3.2,0,0.525868,0.0167454,-0.850402
-6.275,77.7637,-48.747,0.0663603,0,3.82606,0,0.464267,-0.515907,0.719928
-16.1318,66.9682,-57.332,0.202223,0,3.8,0,-0.716734,0.538121,-0.44353
9.83675,82.9785,-56.941,0.141945,0,4.2,0,0.624271,0.243004,0.742452
-17.1345,67.1233,-69.1965,0.0526152,0,-1.3,1,0.127372,0.636518,-0.760671
-19.0872,71.4908,-69.0245,0.197606,0.254393,3.8,1,0.108443,-0.378704,-0.919143
8.3685,76.9481,-55.7084,0.140349,0,3.8,0,0.616816,0.221344,0.755344
-1.69662,98.3702,-74.2373,-0.149976,0,-0.9,0,0.689917,0.721461,0.0592362
-1.121,97.6803,-62.3909,0.734309,0.600421,-0.60827,0,0.971259,0.235799,-0.0324754
-9.29675,97.6233,-72.392,0.318194,0,-0.4,0,0.261355,0.385983,0.884709
-1.319,57.8321,-73.7211,0.53172,0.131096,-3.5,0,0.273875,-0.851032,-0.448036
-3.785,89.228,-51.1222,-0.939467,-0.91963,-0.7,0,-0.824561,0.427631,-0.370447
-6.9975,86.2055,-47.1576,0.223544,0,-3.5,0,-0.479012,0.30775,0.822093
-6.63863,77.8231,-87.047,0.949693,0.127185,-4.5,0,0.874125,-0.177479,-0.452114
2.44025,86.0356,-47.0538,0.146256,0,1.8,0,0.849444,-0.0903254,0.51989
-13.3005,76.3956,-96.669,-2.30643,-0.813991,4.5,0,0.64489,-0.534719,-0.54607
-8.49837,83.5137,-86.7914,0.143226,0,-0.8,0,0.914774,0.377809,-0.143001
-7.4925,80.2929,-55.7801,0.109482,0,-0.8,0,-0.222239,0.0486211,-0.973779
10.7576,69.5167,-67.3637,0.0172308,0,2.8,0,-0.720367,-0.330697,-0.60968
-13.511,68.841,-57.2692,0.251966,0,3.8,0,-0.712429,0.277892,-0.644376
-16.1085,71.673,-64.6506,0.237215,0,3.82099,1,0.87401,0.441018,-0.203984
-16.2883,89.3301,-77.2597,0.256445,0,3.8,1,-0.743942,0.408873,0.528557
-22.918,78.138,-64.609,0.351098,0,4.5,0,-0.144023,0.90308,0.404604
-20.9007,73.739,-62.4345,0.226771,0,4.24108,0,-0.0997499,-0.0967306,0.9903
-20.926,99.4455,-70.18,-0.291157,0.0336373,-0.792238,0,-0.246538,0.311396,-0.917743
12.7788,71.5823,-65.2832,-0.186963,0,2.8,0,-0.286688,0.80816,0.514478
-1.58812,70.7681,-64.6631,0.556346,0,3.8,1,-0.360382,0.543366,-0.758207
1.10312,72.5137,-66.2639,-0.296596,0,2.8,0,-0.531968,0.528021,-0.661969
15.5479,66.3791,-53.8775,0.154537,0,4.5,0,0.374765,0.369196,0.850438
0.380937,66.761,-51.4747,-0.230393,0,2.8,0,-0.207125,0.0600196,0.976472
-13.7736,62.3153,-63.2611,0.189071,0,-3.2,0,-0.212959,-0.726478,-0.653359
-3.33,94.7804,-58.824,0.221928,0,-3.9,0,-0.516339,0.047604,0.85506
-19.7862,83.7292,-88.8835,0.26342,0,4.2,0,-0.997654,0.0628481,0.0271381
4.17944,79.4305,-53.8529,0.297604,0,-1.6,0,-0.0777662,-0.0600108,0.995164
-6.66388,99.3045,-78.8244,0.293337,0,-0.9,1,-0.205862,0.805513,-0.55567
-8.95337,79.797,-85.5752,0.124906,-0.282983,-3.45233,0,0.11514,0.366707,0.923184
-2.2555,86.9976,-53.5358,0.058561,0,4.5,0,-0.198299,0.830119,-0.521133
-3.73762,89.592,-85.7556,0.715915,0.102937,-1.3,0,-0.0322105,-0.297206,-0.95427
-9.20725,83.7757,-89.0874,0.23031,0,3.8,0,0.921301,0.335733,0.196183
4.488,70.4758,-57.518,-0.672876,-0.0780078,-0.607665,0,-0.883801,0.23475,0.404708
-15.4309,79.3116,-85.6331,0.244383,0,-0.7,0,0.305416,-0.905857,0.293503
-4.91862,49.7154,-69.8095,0.085546,0,-1.6,0,0.42822,-0.899214,0.0896729
-14.0472,75.84,-96.0922,-2.04182,-0.244453,4.5,0,0.171807,-0.984808,-0.0251932
-12.3249,102.998,-68.5478,0.0611678,0,4.2,0,0.450387,0.888462,-0.0882435
-0.514,83.361,-57.3325,0.0739032,0,4.5,0,-0.897155,0.412398,0.15824
7.307,65.42,-49.8485,0.0427158,0,4.5,0,0.444683,0.702233,0.555991
0.746875,93.9755,-61.412,1.5533,0,-3.9,0,0.457322,-0.0348679,-0.888617
-21.1019,78.7759,-88.7937,2.19397,0,-3.9,0,-0.928676,-0.197715,-0.313799
6.63,80.1032,-65.517,0.179691,0,4.5,0,0.316476,0.749884,-0.580962
-2.574,52.9077,-67.4405,-0.403492,0,-2.54306,0,0.416024,-0.653629,-0.632213
5.075,56.4501,-68.04,-1.42427,-0.0230036,-3.5,0,0.472622,0.441945,-0.762439
-9.4735,85.8859,-85.9099,-0.282615,0,-0.8,0,0.807214,-0.0584579,-0.587357
-9.52063,95.1901,-72.1731,0.433711,0.564108,-0.4,0,-0.298268,0.365042,0.881919
-9.0475,80.9031,-92.3849,0.145994,0,3.8,0,0.845882,-0.195853,-0.49611
7.53475,57.6314,-53.2178,0.101398,0,1.8,0,0.371795,-0.920308,0.121658
-15.6039,79.3519,-87.1779,0.0087437,-0.591781,-0.7,0,0.148216,-0.974327,0.169464
0.261,72.2371,-58.5625,0.017909,0,4.37362,0,0.452278,-0.474824,0.754974
-2.21213,75.0094,-57.067,0.106094,0,4.5,1,-0.676521,0.219219,-0.703038
-2.0365,62.4505,-70.4335,-0.189991,-0.328894,-0.300554,1,-0.94037,0.0687126,-0.33314
-13.1562,75.779,-91.385,-0.466794,-0.366922,-4.5,0,0.296474,-0.955024,-0.0056188
0.915125,77.6672,-66.2174,-0.0269621,0,2.8,0,0.461056,0.737823,-0.492996
1.75863,53.7611,-67.6977,-0.419014,0,-3.5,0,0.143348,-0.925544,-0.350456
8.21325,73.6124,-65.5557,0.210558,0,4.5,0,0.910163,-0.105111,-0.400692
15.8042,69.6872,-68.0742,0.339296,0,2.8,0,0.670125,-0.473016,-0.572004
-6.57419,81.0346,-55.3166,0.0685692,0,-0.8,0,0.107111,0.36429,-0.925106
-6.909,84.4043,-69.8571,0.173066,0,3.8,0,0.599869,-0.572623,-0.558802
6.02712,91.013,-52.7215,0.395772,0,-1.6,0,0.765922,0.0740373,0.638657
-6.18388,54.8161,-58.5755,0.179956,0,-3.9,0,-0.376251,-0.87524,-0.303956
-4.70638,91.6176,-78.285,0.26088,0,0.213569,1,0.791778,-0.608221,-0.0561718
-15.1894,103.33,-70.3409,0.12359,0,4.2,1,0.140764,0.696663,-0.703453
-17.0198,79.6943,-98.3997,-0.0909699,0,4.5,0,-0.804617,-0.0863903,-0.587476
-0.488125,58.7089,-73.9297,0.564106,0.214718,-3.5,0,0.772133,-0.434942,-0.463288
-6.06325,49.7471,-70.3864,0.126509,0,-1.6,0,-0.198977,-0.967786,-0.154268
-16.3924,89.098,-73.5931,0.275427,0,3.84837,1,-0.618011,0.552163,-0.559624
-25.0788,72.068,-63.966,0.122324,0,-1.6,0,-0.504347,-0.0107152,0.863435
-3.16738,92.4881,-60.5731,0.12247,0,-0.295576,0,-0.267985,-0.320364,0.908598
-2.0665,55.7651,-50.8684,0.290483,0,-1.6,0,-0.352521,-0.765708,0.537978
-2.25262,63.7859,-59.3791,-0.391545,0,4.5,0,0.0611276,0.901231,0.429007
-17.0354,86.8555,-64.7946,0.0928902,0,-3.5,0,0.138937,-0.334684,0.932032
5.59888,94.1176,-54.3756,0.990351,0,-1.6,0,0.38341,0.920245,0.0783994
-9.8795,74.36,-51.322,0.215932,0,4.5,0,-0.410565,-0.553665,0.724494
-14.6962,65.2965,-66.4845,0.346685,0,4.2,1,0.0212585,-0.952258,0.304553
5.75675,90.9405,-58.3117,1.36376,0.606283,3.58539,0,0.548327,0.818222,-0.172773
0.6915,88.0833,-58.9944,0.0268131,0,1.31586,0,-0.72372,0.343379,0.598599
-2.58538,51.8504,-66.1966,-1.17648,-0.0314915,3.8,0,0.476576,-0.864502,-0.159725
-8.1295,83.9597,-65.5295,0.228005,0,-0.9,0,0.81377,-0.558515,-0.160747
5.182,71.947,-67.634,0.305242,0,4.5,0,0.815611,-0.205179,-0.541
-16.6684,86.1217,-85.6981,0.0521816,0,1.8,0,-0.968507,-0.0368865,-0.246238
-25.7574,69.132,-66.3884,0.379425,0,-1.6,0,-0.705771,-0.692755,-0.148247
-0.773,65.682,-52.12,-0.206071,0,2.8,0,-0.282886,-0.281727,0.916845
-1.73612,73.0924,-60.7504,0.188816,0,4.06764,1,-0.860508,0.499505,-0.100103
-16.8009,78.1081,-69.4215,0.107772,0,4.09386,1,0.943919,0.302296,-0.132794
13.787,65.7744,-65.8873,0.0802104,0,2.8,0,0.165536,-0.347069,-0.923115
-18.0623,83.7992,-65.5608,0.188352,0,4.5,0,0.172178,0.788842,0.589985
0.828125,69.3142,-72.4488,0.413802,0,-4.5,0,-0.798349,-0.458862,-0.389979
-0.467687,68.3646,-60.3086,-0.126588,0,3.8,0,-0.323475,-0.447444,0.833761
-10.956,96.1875,-61.714,0.162905,0,4.5,0,0.673692,-0.609625,0.417728
-19.067,79.2093,-64.707,0.142592,0,4.5,0,0.118104,-0.555855,0.822847
-0.415,69.425,-59.592,0.0600347,0,3.8,0,-0.13853,-0.534314,0.833857
-9.86975,58.92,-73.7324,0.0356553,0,-3.04774,0,-0.0350285,-0.744557,-0.666639
-11.6228,94.9417,-63.4837,0.0995488,0,4.5,0,0.311595,-0.938986,0.145651
-15.0207,65.8412,-60.1503,0.243493,0,1.8,0,-0.940542,0.3308,0.0771571
-2.252,60.236,-76.4935,0.018523,0,2.8,0,-0.481607,-0.823204,-0.30065
-13.0673,64.5426,-71.8753,0.21687,0,-0.186743,1,-0.109947,0.431443,-0.895415
-2.52069,65.0048,-53.3778,0.125352,0,4.11218,0,-0.393828,0.611248,0.686495
-17.8752,79.9526,-65.4921,0.194717,0,4.5,0,0.49241,-0.784877,0.376167
-10.4866,76.5558,-89.3036,1.02288,0,-4.5,0,0.41322,-0.858054,-0.304947
0.199813,85.4185,-61.8419,-0.445722,0,-0.9,0,-0.365449,-0.716894,-0.593726
1.98125,68.6255,-72.535,0.0929969,0,-4.5,0,-0.433394,-0.854391,-0.28668
-17.1527,88.468,-65.2991,-0.132066,0,-3.5,0,0.141926,0.355332,0.923903
-20.7785,75.7578,-62.6171,0.346612,0,4.5,0,0.30326,0.153275,0.9405
-12.6198,65.6239,-53.9161,0.265868,0,3.8,0,-0.00247551,-0.280423,0.959873
0.545937,56.1439,-55.3121,0.491912,0,1.9,0,0.257844,-0.823744,0.504937
8.70881,67.0349,-53.5598,0.135055,0,-0.0850883,0,0.187535,0.967689,0.16855
-3.618,98.8863,-72.422,0.312379,0,-0.9,0,-0.127386,0.633517,0.76317
-7.4925,54.207,-53.6685,0.161359,0,4.2,0,-0.0842302,-0.954138,0.287274
5.92112,80.6456,-64.3644,0.192175,0,4.5,0,0.192255,0.949907,-0.246405
-0.329062,70.1921,-67.038,0.495329,0,-4.5,1,-0.863469,0.458746,-0.209698
13.0886,69.1093,-57.9056,0.617196,0,4.5,0,-0.0853246,0.808758,0.58192
-3.15066,90.9417,-75.6327,0.230146,0,3.8,0,0.805847,-0.401408,-0.435296
15.8463,65.6974,-59.5036,1.32517,0,4.5,0,0.840635,-0.530403,-0.109569
-25.4591,77.1536,-70.1844,0.435404,0,-0.8,0,-0.917402,0.107377,-0.383203
2.34225,68.4423,-73.7128,0.557048,0,-4.5,0,-0.472369,-0.814769,-0.336184
3.1415,71.7045,-70.9997,0.734827,0,-4.5,0,0.364369,0.882429,-0.29758
-11.213,98.461,-73.093,-0.248868,0,-0.4,0,-0.297529,0.703972,0.644903
-14.6206,64.3471,-56.3881,0.450655,0,3.8,1,-0.530485,-0.804024,0.268571
-3.52262,56.9033,-52.0168,0.865328,-0.0305821,-1.6,0,-0.526655,-0.487654,0.696296
4.3775,60.8221,-62.7309,-0.707119,0,-1.36627,0,0.621205,-0.741533,-0.253444
-5.709,78.858,-47.6823,0.190059,0,3.8,0,0.473353,-0.548535,0.689237
-5.30044,97.5436,-63.3667,0.439574,0,-2.19823,0,-0.923961,0.339031,-0.17707
-9.71606,72.1626,-59.0866,0.588481,0,4.18108,1,-0.676351,0.390963,-0.624257
-2.04069,53.6624,-62.4893,-0.0543835,0,3.8,0,-0.349707,-0.899825,0.260807
-10.8796,104.542,-63.6899,0.438031,0,-3.9,0,-0.339324,0.902202,-0.266255
-17.0772,65.5648,-71.3203,-0.161757,0,-1.3,1,0.215392,0.787395,-0.577594
-22.3123,72.165,-63.6806,0.358904,0,-1.6,0,-0.290399,0.150745,0.944957
-8.09081,68.1791,-52.7946,0.149637,0,4.5,0,0.478533,-0.877143,0.0403316
-1.41663,95.0129,-58.5599,0.853298,0,-3.9,0,-0.143313,0.433457,0.889706
-4.65825,102.494,-68.6134,0.65244,0,2.8,0,0.705879,0.69444,0.139596
-4.9045,100.493,-62.8677,0.385501,0,-0.4,0,-0.997951,0.0130629,0.0626414
10.3425,71.1195,-59.457,-0.0467602,0,-1.3,0,0.464441,0.768658,-0.43984
-3.99281,58.8514,-51.4119,0.494033,0,1.08366,0,-0.420466,-0.620549,0.661911
-27.5719,81.4074,-67.3002,1.00684,0,-3.9,0,-0.0538849,0.993261,-0.102607
-16.4668,85.6953,-81.9501,0.15338,0,1.8,0,-0.986212,0.128736,-0.103989
-4.23356,70.116,-62.4936,0.288411,0,4.5,1,-0.28944,0.495021,-0.819255
-0.7545,56.9318,-49.9936,0.276942,0,-1.6,0,-0.0320434,-0.320124,0.946833
-2.58463,57.4543,-72.2071,0.246098,0,-3.5,0,-0.0200907,-0.863293,-0.504303
-1.10694,91.0857,-65.7,0.363138,-0.0611385,2.8,0,0.861146,0.49925,-0.0958007
-17.0355,85.6295,-80.3712,0.341912,0,2.8,0,-0.943599,0.314526,0.103412
16.7074,67.1231,-57.3177,0.536089,0,4.5,0,0.997469,0.0425228,0.0569874
-2.60206,67.3193,-67.0823,1.03255,0,-0.844384,1,-0.336881,0.848718,-0.407662
2.7325,68.2126,-70.0561,0.59565,0,-4.5,0,0.153367,-0.936993,-0.313884
3.74463,72.3688,-66.6341,0.375662,0,4.5,0,-0.234185,0.627483,-0.742578
-3.94006,66.6816,-67.8113,0.398992,0,-1.3,0,-0.448557,0.796224,-0.405986
-4.92475,87.3203,-59.146,0.134309,0,4.5,0,0.237699,-0.690336,0.683327
-8.68662,104.369,-59.4915,2.21648,0,-3.9,0,0.634309,0.65742,0.406757
-2.69856,68.8274,-54.0456,0.0309041,0,3.7154,0,0.165312,-0.0437595,0.98527
6.40481,85.3042,-61.7806,0.400889,0,-0.9,0,0.772385,-0.313437,-0.55243
1.88869,90.1373,-53.0397,0.236115,0,-1.03331,0,-0.749116,0.484394,-0.451871
-7.5945,54.0575,-65.3027,0.257168,0,-3.5,0,-0.61573,-0.787752,0.017996
-14.6497,67.6438,-69.1502,0.00293219,0,4.2,1,-0.152755,0.677799,-0.719204
4.93381,69.4665,-55.2015,-0.114296,0,3.8,0,-0.5234,0.72254,0.451651
-21.2154,76.0636,-71.7673,0.0769354,0,-0.8,0,0.46322,-0.502596,-0.729949
-2.37637,84.0152,-55.4763,0.140554,0,4.5,0,-0.445995,-0.380393,-0.810179
-26.369,79.1751,-65.2338,0.50053,0,-3.9,0,0.176082,0.0439198,0.983395
-8.94556,81.9601,-91.4596,0.244184,0,3.8,0,0.96496,0.0419716,-0.259019
-1.35344,70.0636,-58.4819,-0.0174737,0,4.00426,0,0.612631,-0.570072,0.54745
-16.4859,83.6496,-72.3544,0.414848,0,2.8,1,-0.00808679,-0.997713,-0.0671107
5.43831,80.4341,-65.396,0.183581,0,4.5,0,0.209828,0.862478,-0.460548
-15.0965,95.68,-81.1915,-0.626672,0,-0.9,0,-0.390844,0.870775,0.298315
-9.32638,69.0792,-64.6103,0.332669,0,4.2,1,0.158627,0.98684,-0.0313893
-14.5325,99.8848,-69.7962,-0.492414,0,4.2,0,0.279007,-0.516414,-0.809612
-7.50806,86.5858,-71.4319,0.175673,0,-0.9,0,0.685219,-0.592458,-0.423637
-12.159,84.6247,-73.5429,0.20874,0,2.8,1,0.507796,-0.818213,-0.269575
-20.1038,98.6902,-70.7204,-1.3262,0.0281666,-2.94611,0,-0.240465,0.740161,-0.627964
-12.7586,78.0829,-94.2562,-0.800353,-0.831919,4.10837,0,0.957357,-0.172479,-0.231771
-7.51363,95.8002,-65.7327,0.195308,0,-1.3,0,-0.690052,0.53815,0.483965
-16.7876,74.5352,-70.9821,0.190735,0,3.8,1,0.48621,0.0275144,-0.873408
-7.812,96.596,-67.133,-0.050991,0,-1.3,0,-0.660061,0.750854,-0.0231644
5.17163,70.8712,-65.6181,0.377864,0,4.5,0,0.550229,-0.373638,-0.746755
-3.5995,86.105,-54.537,0.133224,0,4.5,0,-0.249397,0.775385,-0.580154
-4.62325,100.988,-70.7945,0.327683,0,2.8,0,0.513768,-0.832136,-0.208789
-10.4443,83.5575,-62.3177,-0.481159,0,-0.9,1,-0.672365,-0.739052,-0.0415723
-2.15925,98.041,-75.4967,-0.337803,0,-0.9,1,0.552003,0.763696,-0.334756
-10.9632,99.3497,-62.9482,1.51514,0,0.504426,0,0.772714,-0.0713207,0.630735
-1.03391,90.6445,-52.0899,0.0170841,0,-0.7,0,-0.169049,0.767159,-0.618781
12.256,69.8675,-68.337,-0.296579,0,2.8,0,-0.279293,-0.450307,-0.848068
-3.54275,77.5843,-64.0065,0.109153,0,2.8,0,-0.93711,-0.277116,0.212204
-1.40213,86.0894,-62.5671,0.0126109,0,-0.9,0,-0.136471,-0.985939,0.0964409
-7.2515,105.762,-72.0297,0.0988694,0,2.8,0,-0.155358,0.982803,-0.0998085
-25.2961,81.2432,-68.8185,0.280302,-0.165413,-3.9,0,-0.320309,0.881491,-0.346951
-1.73569,70.6059,-56.0363,0.00358697,0,4.5,0,0.93854,-0.173512,0.29839
-2.8085,97.8307,-65.4411,-0.63146,0,-0.4,0,0.15442,-0.0669922,-0.985731
-0.819687,85.6556,-55.5251,0.106389,0,4.5,0,-0.226687,0.738154,-0.635407
-10.0251,60.382,-62.4917,0.0322104,0,-1.44333,1,-0.816426,-0.354145,-0.456103
-11.7286,78.1449,-51.312,0.128903,0,4.5,0,-0.687866,0.691651,0.220134
-17.9959,79.2521,-66.9305,0.217259,0,4.5,1,0.474664,-0.727734,0.495074
-14.1942,66.0433,-70.9995,0.204501,0,4.2,0,-0.374506,0.565104,-0.735121
10.6256,59.5355,-58.1694,0.145517,0,-3.9,0,-0.314765,-0.889938,0.33005
-10.3055,85.0478,-88.2879,0.696487,0,-0.706067,1,0.972146,0.19847,0.124664
-13.2128,87.359,-78.0957,0.160552,0,3.8,1,0.0926888,-0.919187,0.382759
7.13137,61.3163,-52.0289,0.214118,0,2.28482,0,0.681156,-0.166962,0.712847
-6.37981,88.9901,-82.8181,-0.125565,-0.935956,-0.8,0,0.727226,-0.398332,0.558994
-29.9521,78.403,-67.3476,1.9398,0,-3.9,0,-0.820922,-0.286853,-0.493764
-2.40313,74.3364,-49.5189,0.131273,0,4.5,0,0.536402,-0.413323,0.735824
-4.58025,55.0014,-71.7465,0.364883,0,-1.6,0,0.622914,0.281623,-0.72984
-7.571,71.06,-50.0951,0.0640145,0,4.5,0,-0.129864,-0.333544,0.933747
-15.7797,88.9602,-74.7806,0.317577,0,2.8,1,-0.790342,0.576862,-0.206372
-6.72587,87.8199,-80.2985,0.141748,0,4.5,0,0.577205,-0.58712,-0.56756
4.28306,74.4746,-65.668,0.554136,0,4.5,0,-0.252079,0.25915,-0.932361
-14.874,65.0723,-64.5273,-0.0191983,0,4.2,0,-0.216477,-0.924607,-0.313433
-2.58113,55.9092,-52.3363,1.00811,0,-1.6,0,-0.45911,-0.846068,0.270899
-17.8561,83.0221,-87.0711,0.65221,0,4.2,0,-0.691525,0.155598,0.705395
15.9358,64.9693,-62.6515,0.945822,0,-3.5,0,0.952234,0.0610826,-0.299197
-4.998,80.5823,-46.0807,-0.0181022,0,4.5,0,-0.595375,-0.693217,0.406176
-17.7952,63.518,-68.5615,-0.365157,0,-1.3,0,-0.206712,-0.882949,0.421511
7.5175,78.2552,-63.35,0.291388,0,4.5,0,0.93869,-0.290696,-0.185355
-2.16537,64.355,-72.2011,0.0179474,0,2.8,1,-0.99332,0.0443911,-0.106512
-17.3598,87.705,-73.442,0.562852,0,3.65004,1,-0.714142,0.161652,-0.68108
8.95037,82.6324,-56.6161,0.15108,0,4.2,0,0.339786,0.220906,0.914191
-8.7655,89.019,-69.1575,-0.105374,0,3.8,0,0.648343,0.761307,-0.00792964
-27.7936,80.1513,-65.1294,2.06325,0,-3.9,0,0.248435,0.211938,0.945178
-11.3679,66.922,-53.4212,0.0557616,0,4.15886,0,0.00663782,-0.613132,0.789953
-17.3131,81.7046,-69.6958,0.189729,0,4.5,1,0.868931,0.110075,-0.482537
-12.2107,85.0722,-61.2633,-0.478881,0,-0.9,1,-0.727963,-0.681044,0.0790437
-2.03775,76.1885,-57.6755,0.165601,0,4.48395,1,-0.68296,0.232132,-0.69259
-3.46425,53.205,-68.5745,-0.919185,0,-1.6,0,0.881588,-0.352228,-0.314225
-13.6344,76.8169,-88.9238,0.665743,0,-4.5,0,-0.556575,-0.648409,0.519413
8.89606,87.888,-57.3679,0.445387,0,4.5,0,0.702534,0.239011,0.670313
-3.10766,97.7473,-77.8092,-0.386557,0,-0.9,1,0.595913,0.71599,-0.363657
-9.95825,76.2592,-88.0034,0.723939,0,-4.5,0,0.388096,-0.880527,-0.272127
-11.9499,74.9644,-55.6533,0.0891986,0,4.35384,0,-0.164523,0.60725,-0.77729
-3.06825,85.4975,-64.8252,0.0786142,0,2.8,0,-0.415038,-0.90966,-0.016202
-0.0205,78.5312,-57.0753,0.265608,0,4.5,0,0.439335,0.355242,0.825099
-2.01894,66.0171,-53.3326,-0.0168709,0,2.8,0,-0.84513,0.147875,0.5137
-7.31087,77.4131,-48.0506,0.0511925,0,3.8,0,0.43545,-0.636229,0.636864
11.7607,68.65,-57.276,0.358591,0,-1.3,0,0.251416,0.674779,0.693875
-9.35863,83.3443,-49.8387,0.176165,0,3.8,0,-0.967264,0.14525,-0.208093
0.258875,70.4779,-68.2208,0.596928,0,-4.5,1,-0.829046,0.396243,-0.394555
2.70931,71.9165,-68.5362,1.11911,0,-4.5,0,-0.0652309,0.996407,0.0540101
-10.7461,70.9345,-58.8727,0.950668,0,3.59497,1,-0.365641,0.435265,-0.82271
-29.2981,75.5294,-67.7294,0.326737,0,4.5,0,-0.647084,0.0743235,-0.758787
-10.1105,86.0491,-87.0714,0.451446,0,-0.7,0,0.974229,-0.0593939,-0.2176
-17.5729,79.4944,-94.5555,-0.0568484,0,0.216403,0,-0.994975,0.100067,0.0034486
8.73563,72.8477,-58.3708,-0.0382508,0,-0.693815,0,0.796894,0.576322,-0.181143
-17.0194,85.8099,-66.3945,0.8274,0,-1.87319,1,0.374759,-0.593596,0.712179
-6.55125,62.2837,-70.4454,-0.578591,0,-0.786979,1,0.485419,0.416836,-0.768515
-3.97394,80.0845,-55.3549,0.417581,0,4.2,0,0.207167,0.815778,-0.539989
-14.1967,81.8916,-97.1985,-0.0650897,0,4.5,0,0.82441,0.445858,-0.348653
-4.812,82.0712,-44.3257,0.0669049,0,4.5,0,-0.896002,-0.0087661,0.443963
-16.5864,85.2253,-79.1927,0.265702,0,2.8,0,-0.789748,0.144611,0.596142
-2.4525,65.922,-54.84,0.00196188,0,3.73648,0,-0.721611,0.404817,-0.561605
-18.5815,67.2019,-69.2987,0.181896,0,-1.3,0,-0.00652816,0.654334,-0.756178
-1.90775,55.2507,-54.2456,0.404743,0,-1.6,0,0.00142975,-0.887352,0.46109
0.18875,82.4833,-51.9924,0.226897,0,4.5,0,0.610201,-0.518446,-0.599056
-7.54,62.9285,-72.157,-0.536925,-0.0918279,-2.66251,1,0.981668,-0.0216723,-0.18936
-10.9797,101.825,-59.3954,2.97207,0,-3.9,0,-0.265991,-0.93029,0.252605
-8.98944,99.0849,-75.0983,0.661527,0,-0.863469,0,0.0314449,0.997834,-0.0577775
-1.2445,65.5185,-60.476,-0.268467,0,4.2,0,-0.288238,0.330319,0.898782
-18.8219,76.7136,-92.4893,0.0188024,-0.338111,-3.9,0,-0.752066,-0.651667,-0.0986241
18.6313,70.0619,-64.2074,0.634914,0,4.5,0,0.612578,-0.637656,-0.467058
-15.7088,77.7009,-89.5082,0.936293,0,-3.9,0,0.191082,-0.649336,0.736105
-2.949,79.539,-56.61,0.202383,0,4.2,0,-0.288893,0.70006,-0.653037
-4.08537,69.0527,-63.3081,0.302146,0,-0.330665,1,-0.331113,0.703442,-0.628915
-13.1566,96.8416,-81.4396,-0.521518,0,-0.9,1,-0.369896,0.902636,0.220056
-9.2275,101.707,-62.149,0.724872,0,-3.9,0,0.273304,-0.901306,0.336083
-3.413,98.8825,-76.107,-0.113839,0,-0.9,1,0.437184,0.850337,-0.292913
-7.86325,89.4847,-70.6645,-0.119654,0,-0.9,0,0.544655,0.404982,0.734398
-17.7302,77.1277,-67.6593,0.208911,0,3.8,1,0.578462,0.307846,0.755389
-12.8026,69.3512,-58.4723,-0.476641,0,1.8,0,-0.800261,0.458173,-0.38686
13.724,60.297,-61.576,0.326013,0,-3.9,0,-0.124218,-0.357898,-0.925462
-12.474,61.986,-55.6252,0.867174,0,3.8,1,-0.896578,-0.324076,0.301867
-3.7745,95.648,-71.797,0.230979,0,-1.10511,0,0.87907,-0.188093,0.438016
-9.199,65.0738,-52.9734,0.0966644,0,3.8,0,-0.0460647,0.296775,0.953836
-10.5495,82.8209,-84.0801,0.229103,0,-0.357679,1,0.408096,-0.71818,0.563627
3.35944,75.1595,-56.0942,0.0270391,0,3.98291,0,-0.00451436,-0.181884,0.98331
-19.0618,68.4595,-68.5393,0.921963,0,3.60369,0,-0.305951,0.30946,-0.900349
0.632875,89.3064,-61.5019,0.27269,0,-0.9,0,0.152554,0.911882,-0.381048
-2.93694,73.863,-57.4567,0.121555,0,4.5,1,-0.385151,0.390849,-0.836
-15.1338,86.4531,-78.1091,0.123869,0,3.8,1,0.00596196,-0.8329,0.553391
-10.9544,85.6154,-91.2238,0.071514,0,3.8,0,0.116868,0.59976,-0.7916
-1.0435,76.179,-61.726,0.336275,0,2.8,1,-0.8559,-0.211556,0.471889
-3.34894,102.875,-64.5546,0.234319,0,-0.4,0,0.335427,0.855277,0.394956
-0.60125,65.5575,-75.295,0.184079,0,2.8,0,0.403175,0.781907,-0.47547
-17.3485,84.584,-81.0768,0.265751,0,2.8,0,-0.940975,0.148392,-0.304215
-1.84763,85.1514,-55.9136,0.125877,0,4.5,0,-0.305763,0.300893,-0.903312
-16.2353,98.5772,-71.7947,-0.809663,0,1.8,0,0.896972,0.18789,0.400173
-5.65606,103.27,-67.4181,0.195611,0,2.27923,1,0.332938,0.916992,-0.219724
-4.98712,92.6898,-72.0304,0.160087,0,3.8,0,0.358637,-0.433077,0.826936
1.283,94.4388,-57.357,1.7055,0,1.9,0,-0.724508,0.636203,0.265206
9.72806,60.0078,-58.2982,0.0698914,0,-3.9,0,-0.450768,-0.889636,0.0731861
-9.6885,57.9948,-68.1615,-0.0684264,0,-0.9,1,-0.335155,-0.794903,0.505767
19.6076,70.8124,-63.1053,0.42198,0,4.5,0,0.951167,-0.297822,0.0811422
-19.1751,93.0218,-72.5257,0.246461,0,-0.7,1,-0.331477,-0.463463,-0.821782
-21.8137,78.4051,-87.568,1.67775,0.526362,-3.9,0,-0.835334,-0.467747,-0.288841
-5.97669,74.1499,-57.383,0.206391,0,3.37443,1,0.644911,-0.159608,-0.747406
-23.5534,86.1823,-68.8339,0.0656393,0,3.8,0,-0.79135,0.591347,0.155158
8.27888,64.3124,-50.7583,-0.0214694,0,4.5,0,0.833951,-0.224877,0.503941
-20.9303,89.4448,-70.9166,0.220167,0,4.5,0,-0.958294,0.143881,-0.246922
-5.06469,83.6399,-46.4663,0.240729,0,4.5,0,-0.881443,0.0595824,0.468516
-19.2724,76.8956,-89.8239,0.468307,0,-3.9,0,-0.490063,-0.871394,0.0225914
9.1325,78.6858,-57.2043,0.10737,0,4.2,0,0.850992,-0.35278,0.389049
9.20756,73.5868,-62.2761,0.182056,0,4.5,0,0.969792,0.0601584,0.236399
-17.0979,84.0914,-79.3392,0.321723,0,2.8,0,-0.868963,0.169557,0.464923
-10.7972,96.2883,-64.1684,0.141591,0,4.5,0,0.788673,-0.507339,-0.347278
-17.8368,85.7381,-90.6344,0.166381,0,4.2,0,-0.512823,0.682956,-0.520176
-5.83988,90.0629,-82.0755,-0.244822,0,-1.3,0,0.19016,-0.912456,0.362302
-10.487,81.4726,-93.3359,0.103949,0,3.8,0,0.475798,-0.232209,-0.848348
-31.1807,79.6858,-65.9987,2.92389,0.118828,-3.9,0,-0.910725,-0.122459,0.39444
12.4335,66.0835,-53.6935,-0.229195,0,0.563676,0,0.656396,0.584899,0.476485
-7.533,78.1264,-55.8628,-0.878602,0,1.8,0,-0.421416,0.678369,-0.601851
-2.12506,75.2734,-52.5159,0.412035,0,4.42411,0,0.730976,-0.673233,0.1115
-1.167,54.522,-55.1205,0.979977,0,-3.9,0,0.250658,-0.184924,0.950249
-6.16975,88.9665,-68.6545,0.0491677,0,3.8,0,0.377241,0.713328,-0.590638
-4.24275,89.5875,-67.0727,0.0481596,0,2.8,0,-0.0151754,0.068246,-0.997553
4.51487,63.1017,-65.9406,-0.718973,0,-3.2,0,0.134233,-0.503917,-0.853258
-9.97975,83.6221,-71.7674,0.426754,0,2.8,0,0.272448,-0.30021,-0.914137
-19.777,69.3586,-63.6481,-0.0989305,-0.249525,2.12647,0,-0.221799,-0.493124,0.84121
-18.233,90.4055,-65.8235,-0.765806,-0.760204,-3.5,0,0.161198,0.547546,0.821102
-1.46606,53.6142,-60.5717,0.16685,0,2.33165,0,0.0392926,-0.9819,-0.185279
-1.01338,81.4898,-44.7559,0.127558,0,4.5,0,0.797651,-0.602106,0.0349479
-16.2356,88.4496,-76.1514,0.277252,0,3.10941,1,-0.865152,0.455372,0.210117
4.35,93.0819,-58.3704,1.23918,0,1.9,0,0.668787,0.429342,-0.60695
-12.187,63.583,-72.281,0.212261,0,4.2,1,0.161013,0.652278,-0.740681
-3.343,94.5007,-67.6103,0.245478,0,-1.3,0,0.867102,-0.226323,-0.443748
-16.2689,87.3092,-76.4272,0.220221,0,3.2634,1,-0.804757,-0.573476,-0.153267
-0.33775,85.0315,-56.9765,0.0766714,0,4.5,0,-0.833028,0.428575,-0.349841
-24.1773,75.1811,-72.9442,-0.000174751,-0.196395,-0.8,0,-0.115928,-0.105067,-0.987685
8.53438,69.153,-65.544,-0.248566,0,0.59222,0,0.129396,0.985548,-0.109325
-13.2769,89.1973,-85.2201,-0.64687,-0.709267,2.5,0,-0.615416,0.5319,-0.581675
-2.81437,54.2484,-60.598,0.0778008,0,-2.35938,0,-0.57802,-0.689224,-0.436878
-10.2456,101.552,-61.8273,0.899758,0,-3.9,0,0.220322,-0.905808,0.361897
-4.89544,89.6512,-77.2715,0.230637,0,4.17193,0,0.890436,0.185916,-0.415401
-3.34906,92.7326,-80.3092,0.393615,0,-1.3,1,0.840221,0.502394,0.20403
-10.2509,76.3757,-55.3109,0.465391,0,4.5,1,-0.307774,0.498428,-0.810459
-9.944,105.192,-60.445,1.7452,0,-3.9,0,-0.0562912,0.992138,0.111772
7.08194,90.6867,-59.8397,0.670514,0,4.5,0,0.0688883,0.992859,0.0973896
-17.5899,82.4469,-95.6871,-0.00796786,0,4.5,0,-0.945784,0.323427,-0.0297996
-0.883812,67.6344,-52.0716,0.0889606,0,2.8,0,-0.422855,0.564191,0.709142
-13.7037,98.1846,-61.2595,0.268408,0,4.5,0,-0.729717,0.40712,0.549333
-8.4855,83.0095,-67.6825,0.136232,0,2.8,0,0.746552,-0.501985,0.436659
-3.9535,62.0154,-77.071,0.0304316,0,2.8,0,-0.908256,-0.404379,-0.107467
-16.0131,96.1573,-69.0991,-1.09292,-0.0341911,-2.67979,0,0.666564,0.552876,-0.50002
-6.08413,100.081,-67.8616,0.453022,0,2.8,0,0.324831,-0.935418,-0.139563
9.07975,62.4152,-61.5306,-0.205136,0,-1.3,0,0.163006,-0.868236,-0.468609
-21.1467,88.2361,-70.0436,0.222624,0,4.43617,0,-0.851782,0.509765,-0.120864
10.4585,70.3135,-60.6065,0.37191,0,-1.3,0,0.132487,0.799073,-0.586456
4.957,71.4465,-68.4935,0.44411,0,-4.5,0,0.672834,0.724335,-0.15044
9.36,68.6316,-66.3541,-0.119881,-0.0371449,1.26404,0,-0.07397,0.427312,-0.901073
-15.5084,65.3841,-55.1044,0.208053,0,3.8,0,-0.68449,-0.657256,0.315417
-4.1035,101.891,-70.2215,0.553017,0,2.8,0,0.927498,-0.31227,0.20551
1.32537,88.2214,-64.9594,0.302453,0.290662,0.681296,0,0.64344,0.637619,-0.423588
-11.6016,68.24,-66.85,1.01698,0.114913,4.2,1,-0.0546139,0.875803,-0.479568
-9.0695,71.5897,-50.4958,0.0957042,0,4.5,0,-0.464398,0.250716,0.849397
-0.993187,75.1917,-60.9827,0.356732,0,4.5,1,-0.975662,0.108449,-0.190583
-4.40625,86.5344,-64.8739,0.0137156,0,2.8,0,-0.59987,-0.797465,-0.0648475
-15.7355,101.749,-65.3928,0.590145,0,4.2,0,-0.310343,0.475446,0.823188
-17.9196,80.8594,-91.6751,0.0657684,-0.353105,0.000899179,0,-0.846432,0.405739,-0.344861
3.84663,71.7827,-67.5608,0.590089,0,2.54994,0,-0.0628324,0.891638,-0.448368
-3.596,52.0929,-68.5408,0.00476433,0,-1.6,0,0.904946,-0.343834,-0.250702
-9.88212,61.7195,-74.9759,0.24218,0,-3.5,0,0.111411,0.100553,-0.988674
-11.3764,61.2554,-68.874,-0.638052,0,-0.9,1,-0.895342,-0.224604,0.384599
-6.69456,66.7586,-66.3952,0.197813,0,-1.3,0,0.395057,0.592432,-0.702107
-24.0968,74.4443,-62.5975,0.280503,0,4.5,0,-0.412952,-0.587759,0.695708
-2.77525,90.4792,-51.2392,-0.476632,0,-0.7,0,-0.579659,0.585945,-0.566272
-11.7825,96.7515,-77.4015,-0.114034,0,-0.709777,1,-0.417248,0.792667,-0.444503
1.48431,79.7937,-56.9407,0.81309,0,4.5,0,-0.412853,-0.166808,0.895392
1.44006,84.9646,-46.8321,0.233329,0,1.8,0,0.642649,-0.53556,0.547885
-15.517,93.1575,-76.5082,0.246789,0,3.8,1,-0.842775,-0.292978,-0.451547
-5.76912,94.2936,-80.5525,0.24246,0,-1.3,1,0.243617,0.705579,-0.665439
-1.43725,75.4545,-49.4131,0.105872,0,4.5,0,0.44573,-0.703419,0.553649
14.238,60.2435,-57.6285,2.04807,0,-3.9,0,0.146155,-0.123259,0.981553
-15.909,64.848,-63.177,0.0285869,0.748268,-3.2,0,-0.820012,-0.392551,-0.416515
-16.6395,88.4466,-81.4809,0.0281159,0,3.8,0,-0.893343,-0.227985,-0.387249
-8.58288,65.2275,-70.0774,0.785811,0,-0.4,0,0.639167,0.759675,0.119832
-2.00763,74.336,-51.0699,0.164695,0,4.5,0,0.838239,-0.51623,-0.175676
-1.28762,81.1232,-57.1678,0.155066,0,4.5,0,-0.284973,0.0381762,0.957775
-20.513,79.368,-90.4465,0.519744,0,-3.9,0,-0.797887,0.34506,-0.494277
3.294,88.673,-52.946,0.406973,0,-1.6,0,-0.00814398,-0.240646,0.970579
7.46037,80.8962,-56.1737,0.259645,0,-0.194856,0,0.309307,-0.296654,0.903507
-16.8318,101.987,-66.2704,0.708005,0,1.67441,0,-0.506514,0.652057,0.564149
7.39988,68.5409,-53.4904,0.0508358,0,3.8,0,0.66215,0.499216,0.558874
-14.8871,69.7892,-55.4501,0.190073,0,3.8,0,-0.968512,0.221732,0.113227
1.67581,74.7177,-55.6968,0.0592088,0,4.5,0,0.232097,-0.432405,0.871296
-5.21413,89.7116,-82.8204,-0.238776,-0.177531,-1.20585,0,0.185405,-0.847233,0.497817
0.6545,60.837,-75.1255,0.289776,0,2.8,0,0.81851,-0.53589,-0.207036
-16.0795,76.8525,-90.2718,0.444748,0,-3.9,0,0.255385,-0.771635,0.582545
0.1395,82.3764,-60.6828,0.155439,0,2.82042,0,-0.074826,0.405924,-0.910839
-24.014,73.2903,-70.4595,0.512139,-0.414504,-0.8,0,-0.0536668,-0.967301,-0.247889
0.28025,65.6787,-59.7323,-0.433714,0,4.2,0,-0.710253,0.466887,0.526837
-10.263,84.4644,-81.3601,0.522386,0,2.8,1,0.920131,-0.32624,0.216624
-3.96106,91.74,-77.2524,0.250322,0,3.8,1,0.721471,-0.360117,-0.591435
-8.84444,60.5729,-64.6967,-0.234814,0,-1.19178,1,-0.913828,-0.405914,-0.0123108
-12.1526,85.9388,-90.9169,-0.01551,0,0.154788,0,-0.150774,0.426609,-0.89178
7.802,88.0885,-54.1021,0.620592,0,-1.3,0,0.670591,0.51972,0.529338
-4.30788,63.2959,-69.4118,-0.221018,0,-0.9,0,-0.064938,0.157621,-0.985362
-9.41737,78.843,-84.9053,0.14466,0,-4.5,0,-0.122528,0.706426,0.6971
-21.0539,84.1714,-71.844,0.246339,0,3.8,1,-0.050131,-0.19165,-0.980182
1.3115,94.898,-58.3379,1.59667,0,1.9,0,0.0272989,0.978005,0.206789
-2.29063,93.101,-59.2282,1.25629,0,-3.9,0,-0.626246,-0.500507,0.597753
16.5996,65.749,-58.4484,0.604227,0,4.5,0,0.853548,-0.490277,-0.17631
-17.0042,91.1628,-73.2328,0.224618,0,4.42727,1,-0.449071,-0.193356,-0.872324
-7.36731,61.1069,-72.3201,-1.28519,-0.171787,-0.9,0,0.850824,0.391849,-0.350076
3.94,82.4214,-61.777,0.0993339,0,-0.9,0,-0.547463,-0.167091,-0.819978
3.06231,80.4417,-54.2118,0.363374,0,-1.6,0,-0.63813,-0.0613207,0.767482
-0.455687,76.4973,-60.2127,0.313342,0,4.5,1,-0.954132,0.258865,0.150403
-4.6915,74.1498,-56.9511,0.245208,0,4.5,1,0.19996,0.114978,-0.973035
-18.2215,78.7917,-93.2432,0.635343,0,-3.9,0,-0.788426,0.418186,-0.451116
5.80113,60.2607,-60.2537,-1.95141,-0.00834972,-3.5,0,0.245709,-0.84015,-0.483503
-3.11325,76.9912,-66.6039,0.243732,0,2.8,0,-0.871731,-0.305735,-0.382899
-16.5022,82.5666,-81.8181,-0.182218,0,2.8,0,-0.805935,-0.106956,-0.582262
14.0588,67.1787,-54.6762,0.152028,0,4.5,0,-0.23067,0.61004,0.758052
-16.1518,90.4327,-81.7609,0.113766,0,3.8,0,-0.615917,0.129551,-0.777086
-13.6826,73.4651,-52.932,0.109052,0,4.40024,0,-0.7153,-0.273994,0.642863
-11.1654,77.4981,-91.6816,0.142318,0,-4.5,0,0.589003,-0.490849,-0.641983
-21.6324,100.846,-67.6795,0.0236756,-0.351263,-0.8,0,-0.720662,0.408948,0.559828
-4.36688,70.6143,-59.919,0.235343,0,3.8,1,0.128332,0.972664,0.193533
-9.31137,93.8597,-81.8611,0.138873,0,-1.3,1,0.54251,0.680451,-0.492616
-6.263,102.229,-63.8685,-0.869023,-0.335872,-0.4,0,-0.0660692,-0.157609,0.985289
-18.7354,78.9122,-70.6312,-0.287685,0,4.5,1,0.254542,0.0616761,-0.965093
-18.657,96.5261,-66.7484,-0.128529,0,-3.00829,0,0.420635,-0.0657184,0.904847
-0.56125,94.2615,-58.0496,1.54551,0,-3.9,0,-0.1489,0.428743,0.891071
1.82825,86.4413,-46.1565,0.0289231,0,1.8,0,0.695321,0.0474629,0.71713
16.7774,67.3008,-58.561,0.860995,0,4.5,0,0.996844,-0.0688275,-0.0395643
-20.5509,83.3504,-66.3061,0.457506,0,4.5,0,-0.454782,0.400156,0.795644
-4.05075,50.8584,-69.5527,0.207048,0,-1.6,0,0.808775,-0.574074,0.127759
-5.30325,89.103,-79.1886,0.20904,0,4.5,0,0.936253,-0.0358877,-0.349487
5.2915,88.1431,-63.2694,0.274199,0,2.20516,0,-0.309626,0.654305,-0.68994
0.254,86.2375,-66.2448,0.32381,0,2.8,0,0.574584,-0.719754,-0.389625
-23.2786,82.7107,-70.3197,-0.390159,0,3.8,0,-0.695695,-0.257125,-0.670743
-20.4768,68.2848,-67.558,0.473991,0,-1.3,0,-0.82253,-0.152695,-0.54784
17.9423,73.3603,-64.9799,0.222362,0,4.5,0,0.0675081,0.769576,-0.634977
-6.985,78.8215,-47.2194,0.127413,0,3.8,0,0.496154,-0.427302,0.755807
6.31244,79.082,-66.2466,0.187273,0,4.5,0,0.632317,0.234401,-0.738398
8.08866,89.5566,-63.0842,0.242458,0,4.5,0,0.443537,0.455692,-0.771764
-16.5638,85.7838,-83.2839,0.220997,0,1.8,0,-0.938096,-0.270867,0.215886
-17.5101,66.1022,-70.4993,-0.174732,0,-1.3,1,0.177957,0.823879,-0.538104
-7.80638,84.3876,-66.8426,0.140778,0,3.8,0,0.645365,-0.673024,0.361308
-15.3747,82.9304,-68.1212,0.210957,0,2.8,1,0.148032,-0.966214,-0.210991
-8.82738,82.887,-60.2754,0.242618,0,-0.9,0,0.15107,-0.820438,0.551416
-14.0069,100.726,-69.9797,-0.240031,0,4.2,0,0.245954,-0.475976,-0.844365
-9.394,71.0082,-61.3107,0.325795,0,4.5,1,-0.753991,0.407118,-0.515512
-26.6518,75.1017,-63.3748,0.26682,0,4.5,0,-0.263682,0.133651,0.955306
-19.5685,69.9713,-68.8207,0.638141,0.331276,3.8,0,-0.0602751,-0.430498,-0.900577
-10.9365,92.779,-63.3835,-0.019131,0,-1.8893,0,-0.477391,0.878671,-0.00591057
-17.7091,96.8268,-67.2478,-0.673652,0,-0.837758,0,0.188217,-0.161366,0.96878
-19.1338,98.4831,-72.0208,-0.758701,-0.0153911,-2.29787,1,-0.490821,0.869856,-0.0494559
-15.2268,84.3215,-67.0805,0.58567,0,2.8,1,-0.384791,-0.365163,0.847698
-4.08506,57.099,-71.3936,-0.563058,0,-3.5,0,0.154341,-0.547351,-0.822548
-13.3039,81.0608,-94.81,-0.523306,0,4.5,0,0.771465,0.226664,-0.594529
5.28494,88.349,-52.8486,0.498534,0,-1.41185,0,0.281128,-0.164659,0.945439
-19.4895,77.1326,-91.0178,0.230898,0,-3.9,0,-0.736558,-0.618898,-0.272851
-14.4374,61.7624,-61.0936,-0.349778,0,-3.2,0,-0.39459,-0.889172,-0.231674
-2.6025,60.6662,-77.6162,0.326852,0,2.8,0,-0.215299,-0.792306,-0.570875
-5.86925,103.248,-68.5998,0.109457,0,2.8,1,0.506425,0.84939,0.148561
-6.84088,103.652,-66.5322,0.101878,0,2.8,0,0.128085,0.991033,0.0380423
-4.50612,68.1263,-55.3271,-0.176197,0,4.5,0,-0.225419,-0.802975,0.55174
-17.0364,90.1123,-78.9617,0.221102,0,3.8,0,-0.867386,0.398462,0.298111
-2.833,68.4625,-57.939,-0.124115,0,4.5,0,0.382147,-0.851966,-0.357934
-16.792,88.1306,-80.407,0.149095,0,3.8,0,-0.843797,-0.47184,-0.255684
0.8355,63.671,-75.527,-0.0787402,0,2.8,0,0.681988,0.359573,-0.636868
-6.50875,95.1472,-73.9455,0.913023,0.499611,3.8,0,0.136786,0.707948,0.692892
-4.89106,104.766,-72.9727,0.408885,0,2.8,1,0.722159,0.476148,-0.501766
-6.64437,105.294,-73.2827,0.264255,0,2.8,1,-0.179889,0.730559,-0.658729
-25.1777,75.9683,-63.0871,0.313545,0,4.5,0,-0.663517,0.278425,0.694424
12.7374,65.3712,-65.1658,-0.145965,-0.609332,-2.83859,0,-0.26267,-0.51273,-0.817381
-13.4908,96.8174,-76.4133,0.218809,0,3.8,1,-0.283993,0.47806,-0.831148
-11.6701,83.2477,-93.8515,0.121364,0,3.8,0,0.216954,0.37502,-0.901272
-17.4924,82.79,-79.7981,0.399579,0,2.8,0,-0.937556,0.0657761,0.34156
3.4955,84.341,-62.9863,-0.0690055,0,-0.9,0,-0.297672,-0.623854,-0.722632
-6.41194,93.4567,-82.2234,-0.00756985,0,-1.3,1,0.0532812,0.903858,-0.424501
-11.0939,91.8621,-60.3952,0.619181,0.083595,-0.8,0,-0.925267,0.124162,0.358419
3.55166,54.036,-66.4605,-0.853333,-0.167525,-3.5,0,0.172346,-0.895837,0.409601
-8.1315,67.727,-67.354,0.34643,0,4.2,0,0.484254,0.355502,-0.799448
-9.73756,84.8651,-91.8542,0.117152,0,3.8,0,0.493414,0.739382,-0.458102
-11.038,60.418,-60.223,0.102659,0,-3.2,1,-0.227883,-0.96258,-0.14666
-14.2734,62.1296,-70.6646,0.764563,0.719548,-3.5,1,-0.263819,-0.788819,0.555125
0.265375,68.5254,-52.2223,0.226358,0,2.8,0,-0.324223,0.74189,0.586923
-15.5599,80.5,-80.24,0.383097,0,2.8,0,-0.520263,-0.848938,0.0929026
-19.0181,86.9496,-64.9461,-0.410296,0,-3.5,0,-0.147563,-0.315111,0.937513
10.4972,60.1203,-61.0482,-0.152215,0,-3.9,0,-0.399344,-0.341003,-0.851024
-4.31006,91.6873,-72.3357,0.173858,0,3.8,0,0.348593,-0.116964,0.929948
-17.1162,81.7682,-83.7728,0.00442395,0,-0.7,0,-0.678222,0.158925,0.717466
-7.9425,76.914,-87.18,0.239684,0,-4.5,0,0.519052,-0.717759,-0.464119
-0.395375,93.6201,-61.7559,0.964966,0,-3.9,0,0.609825,-0.474695,-0.634647
-17.9107,82.1216,-86.5796,0.757106,0,-0.7,0,-0.705946,0.623206,0.336532
1.92875,88.9632,-46.9049,-1.41264,-0.246313,1.8,0,0.475863,0.414742,0.775593
-15.849,76.1643,-94.7923,-0.891598,0,-3.9,0,0.0919033,-0.994958,-0.0401449
-15.1021,81.1321,-82.5599,-0.20916,-0.901934,-0.7,0,-0.17095,-0.960452,0.219793
3.84669,92.5378,-59.5131,1.60442,0,1.9,0,0.664081,0.428389,-0.612764
-13.3011,100.98,-64.1014,0.715339,0.691204,4.26618,0,-0.517112,0.409812,0.751432
-0.905937,95.2581,-74.5944,0.289673,0,-0.9,0,0.77792,-0.57662,0.249699
-8.97538,82.4096,-66.8743,0.418594,0,2.8,0,0.827282,-0.493701,0.268074
-7.82312,104.815,-73.2139,0.224727,0,2.8,1,-0.367834,0.290069,-0.883492
-12.6001,95.0082,-72.4356,-0.0374574,0,3.8,0,0.119535,0.130969,0.984154
-2.60125,61.914,-50.8549,0.203586,0,4.5,0,0.608328,0.209904,0.765426
-11.6026,104.824,-62.5342,0.386142,0,-3.9,0,-0.603692,0.753156,-0.261367
-14.5196,68.0804,-60.0299,0.241523,0,1.8,0,-0.769467,0.549767,0.325078
0.51875,58.736,-71.5052,0.196323,0,-0.4,0,0.587627,-0.720818,-0.36758
-23.1973,80.4505,-66.772,0.804358,0,-3.9,0,0.24089,0.31033,0.919602
0.401875,81.0211,-51.6826,0.263534,0,4.5,0,0.434393,-0.0445411,-0.899621
-10.772,102.382,-58.25,2.91459,0,-3.9,0,-0.388875,-0.376536,0.840831
-8.40606,99.526,-67.7978,-0.747302,0,2.8,0,-0.357743,-0.790451,-0.4972
3.104,91.2356,-60.2322,1.30612,0,1.9,0,0.315945,0.131795,-0.939579
14.549,63.0397,-59.1123,1.13885,0,-3.9,0,0.94221,0.0833669,0.324485
-12.1803,88.8318,-89.4164,-0.100086,0,-0.7,0,-0.394954,0.687714,-0.609148
-10.9948,59.9014,-58.1491,0.0460947,-0.281695,0.915447,1,-0.472562,-0.8129,-0.340408
2.57188,69.6455,-58.4453,0.0305343,0,-1.3,0,-0.243865,0.611351,0.752848
-16.1414,90.294,-72.987,0.220852,0,4.5,1,-0.27785,-0.126146,-0.952306
-17.9536,76.1826,-91.5774,0.156528,0,-3.9,0,-0.458989,-0.885963,0.0663189
-15.9378,91.7944,-81.8658,-0.00394648,0,1.8707,0,-0.751617,-0.223267,-0.620664
11.487,58.8501,-58.8857,0.265676,0,-3.9,0,-0.436922,-0.866375,0.241855
9.00237,90.192,-60.314,0.322481,0,4.5,0,0.684754,0.728184,0.0293248
2.12425,58.503,-51.1632,0.143751,-0.293223,0.246026,0,0.449638,-0.350498,0.82157
-18.3538,83.0977,-64.5409,0.144355,0,4.5,0,-0.101288,0.599765,0.79374
12.0669,69.9265,-58.5416,0.456322,0,-1.3,0,0.450616,0.745811,0.490623
-5.90269,85.4538,-67.4191,0.122078,0,3.8,0,0.503156,-0.815899,0.284855
7.52519,74.9472,-55.9608,0.149427,0,3.8,0,0.360378,-0.359974,0.86055
-5.8855,89.2758,-80.0426,0.134802,0,3.53608,0,0.650065,-0.492709,-0.578492
5.959,57.6284,-53.9413,0.164668,0,1.8,0,-0.0788769,-0.990013,0.116841
-4.1685,88.7456,-47.5407,-0.207893,-0.298535,-2.23561,0,-0.859993,0.5011,0.0964938
-3.84994,63.419,-77.6859,0.2246,0,2.8,0,-0.820559,-0.169675,-0.545796
-14.3834,85.5817,-78.9481,0.0460265,0,2.8,1,0.208679,-0.274546,0.938657
0.0573125,89.0927,-67.1937,0.369918,0,2.8,0,0.583536,0.19707,-0.787813
-16.6398,87.8834,-82.4209,0.0748491,0,1.8,0,-0.949217,0.233837,0.210491
9.78894,64.0763,-65.2078,-0.0117785,0,-1.3,0,0.411547,-0.60667,-0.680133
-9.98987,92.6976,-63.9308,0.12947,-0.159232,-2.79701,0,-0.323368,0.865887,-0.381673
-6.0735,98.6363,-79.3753,0.209297,0,-0.9,1,0.0507212,0.37006,-0.927622
-3.40731,64.9736,-54.0199,-0.00721789,0,4.5,0,-0.580776,0.749855,0.316886
-3.41019,80.4006,-47.0987,-0.165349,0,4.41805,0,-0.279929,-0.957803,0.0652149
-7.17281,85.5117,-60.6506,0.010453,0,2.01457,0,0.663031,-0.528327,0.530341
-17.4774,77.7047,-88.2073,1.00839,0,-3.9,0,0.498716,-0.623303,0.602308
-11.0605,85.8581,-78.6676,-0.00988095,0,3.63644,1,-0.495301,-0.73668,0.460411
-4.128,98.0498,-60.1365,0.129032,0,-3.9,0,0.000380073,0.253286,0.967391
-13.217,73.4523,-57.4528,0.216977,0,3.8,0,-0.0552116,0.722918,-0.688724
-3.51763,61.1175,-73.4279,-0.54846,-0.799219,-3.5,0,-0.800277,0.481155,-0.357837
-9.26513,69.3917,-63.1526,0.223159,0,4.24457,1,-0.0884886,0.932565,-0.349989
-6.22475,62.265,-52.311,-0.0297259,0,4.5,0,-0.58039,0.453788,0.676183
-23.7388,86.0604,-69.9961,0.105222,0,3.8,0,-0.788007,0.610901,-0.0764507
4.62862,58.8154,-58.5058,-0.375614,0,-3.5,0,0.474111,-0.775506,-0.416905
-8.88456,78.3374,-89.3493,1.04019,0.40222,-4.5,0,0.805888,-0.166657,-0.568129
-18.9614,80.8043,-63.93,0.150475,0,4.5,0,-0.215049,-0.00637421,0.976582
-0.588,96.4808,-60.764,0.530209,0,-3.9,0,0.732913,0.677186,0.0652432
-9.506,56.8252,-69.677,0.16784,0,-0.9,1,-0.518841,-0.581704,0.626437
-5.99963,71.2083,-62.1199,0.264605,0,4.5,1,0.303198,0.52936,-0.792369
4.73812,71.0076,-70.4167,1.05314,0,-4.5,0,0.645051,0.74296,-0.178661
-2.64375,77.9984,-67.1283,0.419339,0,2.8,0,-0.42503,0.444068,-0.788767
-0.681875,70.567,-65.0601,1.19604,0,-2.73921,1,-0.613138,0.538867,-0.577654
-10.8372,105.175,-61.5991,0.663808,0,-3.9,0,-0.283004,0.955528,0.0829192
-18.8496,77.5638,-71.0283,-1.05919,-0.0330045,3.8,1,0.213652,0.212832,-0.953444
-17.6215,91.5238,-66.3012,-0.0865853,0,-3.2,0,-0.633504,0.493225,0.596155
-8.45781,82.8372,-64.1284,0.29164,0,-0.9,0,0.392781,-0.849156,-0.353068
-21.733,80.9595,-66.8635,0.18324,0,1.27657,0,-0.257841,0.109106,0.960007
2.16234,80.7689,-61.4429,0.670351,0,4.5,0,0.0591289,0.6423,-0.764169
-17.3451,93.5082,-82.1331,0.307245,0,-0.9,0,-0.91691,-0.351281,-0.189414
-30.5127,75.9048,-65.7656,0.302284,0,4.5,0,-0.980999,0.136684,0.137692
0.2835,95.4962,-61.5243,0.532057,0,-3.9,0,0.725477,0.512123,-0.459797
0.073375,90.9942,-59.2565,0.897995,0,-0.539971,0,-0.630441,-0.699662,0.33618
-8.556,81.1675,-87.4635,-0.542193,-0.89239,-0.8,0,0.928464,0.128235,-0.348582
7.46625,87.9958,-63.9619,0.217305,0,4.5,0,0.218321,-0.106497,-0.970049
-3.706,59.6043,-73.6175,-0.57535,-0.0101526,-3.5,0,-0.54364,-0.230978,-0.806911
3.05425,81.6722,-61.1965,0.0347857,0,-0.103716,0,-0.426256,0.0986112,-0.899212
-13.827,87.2664,-76.7979,-0.0399331,0,3.53334,1,0.174416,-0.939644,-0.294361
-8.37162,101.449,-70.926,-0.160803,0,2.8,0,-0.474692,-0.56826,-0.672122
14.0617,72.0486,-64.9385,0.186792,0,4.5,0,-0.31937,0.945708,-0.0603275
3.177,59.5638,-67.8893,-1.01796,-0.000593152,-0.4,0,0.999427,0.0163841,0.0296279
-0.6545,96.2251,-61.8281,0.436704,0,-3.9,0,0.8316,0.34908,-0.431953
-3.07838,54.4606,-69.4329,-1.36143,0,-2.9251,0,0.731308,-0.562326,-0.385976
-15.0662,101.302,-70.5126,-0.0419451,0,4.2,0,0.354985,-0.366906,-0.859864
-5.18113,55.3956,-60.0956,-0.110147,0,-3.9,0,-0.418964,-0.758769,-0.498737
-11.9358,102.985,-60.3599,1.98816,0.316766,-3.9,0,-0.982397,0.139647,0.124073
1.70438,54.575,-63.5074,-0.26923,0,3.8,0,0.787947,-0.614472,0.0395314
-15.7605,84.234,-78.67,-0.0358126,0,2.8,1,-0.0845471,-0.0339589,0.995841
-18.6772,63.1521,-72.2613,0.00699009,-0.309608,-1.3,0,-0.413877,-0.493534,-0.764938
-1.97863,94.2201,-75.8772,0.190274,0,-0.9,0,0.64504,-0.7378,-0.198933
3.90931,71.0782,-58.6829,-0.155662,-0.644312,-1.3,0,-0.594885,0.0517429,0.802144
-3.86725,78.3173,-49.1001,-0.168959,-0.00226094,4.5,0,-0.244789,-0.266547,0.932218
-12.444,70.0236,-62.8411,0.177844,0,4.2,1,0.47502,0.812434,0.338093
8.01575,88.232,-57.0214,1.03722,0,-1.3,0,0.688929,0.581824,0.432271
-9.085,98.551,-76.965,0.15333,0,-0.9,1,-0.351841,0.869039,-0.347822
4.78512,80.8411,-64.0606,0.173686,0,4.5,0,-0.190769,0.947014,-0.258403
-7.74925,55.3085,-57.3462,-0.111409,0,-1.32583,0,-0.249349,-0.962161,-0.109867
8.28613,79.8968,-60.7548,0.0221993,0,4.3396,0,0.949532,-0.194362,-0.246197
-6.55288,87.0303,-83.6507,-0.241623,0,-0.8,0,0.946063,-0.323593,0.0159044
-5.05538,87.2575,-50.9987,-0.12885,-0.601139,-3.5,0,-0.272981,0.903671,-0.329939
-2.30119,56.2234,-70.7148,-1.15007,0,-3.5,0,0.278047,-0.591795,-0.756617
-3.52306,86.7462,-53.4268,0.0792705,0,4.5,0,-0.171372,0.874411,-0.453913
2.57663,93.0561,-54.0475,0.371361,0,-1.6,0,-0.773438,0.452959,0.443421
14.3081,62.259,-57.6305,0.621399,0,-3.9,0,0.641906,0.0727431,0.763325
-10.2827,64.9877,-71.8148,0.648662,0,3.49441,0,-0.360225,0.381674,-0.851213
-15.1355,73.4733,-56.9611,0.163681,0,3.8,0,-0.553229,0.704143,-0.445107
17.4438,69.2582,-64.0263,1.72863,0,4.5,0,0.431284,-0.629182,-0.646625
3.73563,59.7113,-63.2643,-0.562574,0,4.2,0,0.986576,-0.110226,-0.120493
-14.1166,86.3781,-75.6235,-0.488748,0,2.8,1,0.0574066,-0.688832,-0.722645
10.4429,68.3497,-63.4787,0.0406906,0,2.8,0,-0.358135,0.88575,0.295272
-7.34312,83.9661,-63.5355,0.0756258,0,-0.9,0,0.927579,-0.159797,-0.337732
-9.08138,78.7324,-46.1541,0.0862603,0,3.8,0,-0.336763,-0.36314,0.868746
-1.06375,78.1074,-53.3255,0.347415,0,4.2,0,0.901695,0.3972,-0.170816
-9.59375,87.1961,-59.4089,-0.0295079,0,-0.9,0,0.0909965,0.300389,0.949466
-12.425,102.753,-69.658,0.0552124,0,4.2,0,0.208148,0.832596,-0.513282
0.8195,65.8945,-69.8818,0.529505,0,-0.4,0,0.918039,0.123706,-0.376697
-10.1383,62.2209,-64.8413,0.0474191,0.176532,-1.01247,1,-0.803052,-0.59443,-0.0419589
7.77169,66.7903,-52.856,0.0401501,0,2.54742,0,0.200516,0.73944,0.642668
5.729,75.0462,-66.1949,0.23753,0,4.5,0,-0.0866037,0.468302,-0.879314
-6.73406,63.195,-52.9176,-0.097374,0,4.14799,0,0.124046,0.449081,0.884838
-1.04575,84.0116,-59.1672,0.19058,0,0.0963822,0,-0.957575,0.287853,0.0138114
-2.23012,92.4237,-73.9993,0.199637,0,3.8,0,0.985799,-0.00583576,0.167829
0.153625,92.5255,-60.9634,2.81977,0,-3.9,0,0.269965,-0.321423,-0.907638
-10.5355,67.6785,-52.1475,0.0503546,0,4.5,0,-0.109274,-0.888668,0.445341
-16.8668,88.0608,-74.7944,0.586654,0,2.8,1,-0.85105,0.429636,-0.301872
-3.60619,63.8594,-52.2804,0.0598412,0,4.5,0,-0.252587,0.81765,0.517347
-16.242,76.1192,-95.8085,-1.49501,-0.203897,-0.0609158,0,-0.175366,-0.95825,-0.22584
-1.7815,68.2056,-53.2679,0.160786,0,2.8,0,-0.602753,0.596555,0.529916
-16.1616,72.9196,-64.3723,0.225745,0,3.8,1,0.971832,0.164773,0.168501
-11.2114,88.3551,-90.509,0.113095,0,-0.7,0,-0.0398963,0.701864,-0.711193
-8.31306,84.6067,-70.4511,0.128153,0,3.79173,0,0.473782,-0.33784,-0.813262
-11.0403,69.2639,-63.0379,0.18944,0,4.2,1,0.107143,0.979875,0.168419
-13.1511,60.1624,-73.9809,0.466279,0,-3.5,0,-0.678738,-0.624889,-0.385784
8.42225,84.7241,-59.8926,-0.362973,-0.0755443,4.27664,0,0.366837,0.0469601,-0.929099
9.36875,70.1262,-60.8939,-0.00120968,0,-1.3,0,0.319786,0.42937,-0.844617
-10.6839,84.4517,-59.5132,0.0922279,0,-0.9,1,-0.381592,-0.707789,0.594493
-5.23975,99.5798,-65.9249,0.150468,0,-0.4,0,-0.353204,-0.923124,-0.151951
-12.2914,92.2086,-85.3863,0.137708,0,2.5,0,-0.232224,0.446004,-0.86438
-5.08175,88.938,-67.4965,-0.0713164,0,3.8,0,0.473258,0.480211,-0.738528
10.3507,82.1169,-58.4354,0.179825,0,4.2,0,0.989551,0.141835,-0.0259107
-7.78387,54.554,-62.6804,0.302143,0.184134,-3.5,0,-0.43688,-0.683093,0.585251
-8.84547,58.1099,-53.7466,0.606593,0,4.2,0,-0.305072,0.445043,0.841943
9.45994,85.1943,-58.8099,-0.259803,0,4.39027,0,0.952593,0.205649,-0.224221
-13.3807,86.3907,-61.4728,-0.0926187,0,-0.9,0,-0.831663,-0.524917,0.181103
-9.81275,104.688,-58.322,2.36857,0.327488,-3.9,0,0.217836,0.714592,0.66476
7.25819,73.1118,-66.7244,0.250866,0,4.5,0,0.637042,-0.245663,-0.730635
-6.56887,77.3206,-56.9376,0.247126,0,2.36274,0,0.112655,0.769953,-0.628077
-14.9385,92.5638,-83.1257,-0.267266,0,-0.9,0,-0.49381,-0.553247,-0.670872
-12.793,73.8395,-51.9448,0.100441,0,4.5,0,-0.261458,-0.554641,0.789945
-2.749,62.8866,-69.5596,-0.361376,0,-0.4,1,-0.341604,0.251042,-0.905696
-20.8762,87.19,-71.0904,0.511957,0,4.1573,0,-0.35409,0.454251,-0.817481
-22.2746,78.809,-72.0971,-0.643091,0,-0.8,0,0.540047,0.308216,-0.783168
-10.9395,56.1469,-53.9104,0.0848491,0,4.2,0,-0.965184,-0.0397181,0.258537
0.320062,93.6908,-57.5713,2.0449,0,-3.0317,0,-0.464546,0.465769,0.753164
-21.1997,69.283,-67.5693,0.50137,0,3.8,0,-0.431006,-0.754484,-0.494961
-16.6336,83.6164,-70.9764,0.191123,0,2.8,1,0.247666,-0.96604,-0.0736739
-5.56156,58.5471,-72.693,-0.778644,0,-1.89013,0,0.199431,-0.098619,-0.974937
-21.1429,81.7929,-66.4481,0.224557,0,4.5,0,-0.610442,0.00359521,0.792053
-2.24044,79.2989,-65.3564,0.0856138,0,2.8,0,-0.0388707,0.976138,-0.213643
-1.98175,90.1468,-67.3962,0.188633,0,2.8,0,-0.00327572,0.00403169,-0.999987
0.494625,69.9399,-69.0947,0.67812,0,-4.5,1,-0.883359,0.373138,-0.283627
-6.39138,88.2042,-72.9864,0.185079,0,-0.9,0,0.860305,-0.502446,0.0861554
-18.0182,81.7657,-84.5421,0.238864,0,-0.7,0,-0.703242,0.475737,0.528323
-12.3889,65.2909,-71.7186,0.212926,0,4.2,0,0.132722,0.294492,-0.946393
7.64056,65.2371,-66.5034,-0.0437783,0,-1.51452,0,-0.00301024,-0.295223,-0.955424
6.35225,81.474,-55.0728,0.25067,0,-1.6,0,0.580404,-0.347075,0.736661
0.218125,53.7578,-63.2528,-0.133316,0,3.8,0,0.478178,-0.871773,0.106575
-6.984,96.2381,-68.4675,-0.240919,0,-1.3,0,-0.258792,0.942392,-0.211952
-16.3753,86.6656,-78.33,0.18463,0,3.8,1,-0.625663,-0.613091,0.482354
-15.6419,78.0794,-97.9474,-1.42869,0,4.5,0,-0.299629,-0.505811,-0.808936
-1.16325,72.5813,-57.1506,0.0291409,0,4.5,0,0.829513,-0.409837,0.379397
-7.56225,54.6291,-68.1891,-0.5321,-0.249666,-2.48554,1,-0.984546,-0.170754,0.0388779
7.71269,77.8784,-59.96,0.0081074,0,4.00567,0,0.980888,-0.00936789,-0.194348
15.2107,65.1505,-63.9062,0.451894,0.249703,-3.5,0,0.847335,0.191892,-0.495178
3.50525,67.9542,-72.6045,0.0112527,0,-4.5,0,-0.0423954,-0.998545,0.0333306
-18.4979,99.7363,-65.5401,-0.063077,0,-0.8,0,-0.360656,0.0184757,0.932516
-14.4646,95.3937,-69.4488,-1.03622,0.0606972,-3.2,0,0.615069,0.717273,-0.327428
-3.35631,53.0238,-70.4574,0.170448,0,-1.6,0,0.995501,-0.0253512,-0.0912963
-9.4585,85.9291,-71.5031,0.24484,0,0.103185,0,0.435506,-0.569423,-0.697202
-20.62,67.9017,-64.6708,-0.549466,0,-1.46586,0,-0.583205,-0.686822,0.433761
-18.2983,86.4454,-72.8119,0.962803,0.303088,4.01338,1,-0.706106,0.217986,-0.673718
2.30897,85.2657,-63.2372,-0.319649,0,-0.9,0,-0.305621,-0.650573,-0.695234
-3.86519,95.622,-69.892,0.310485,0,-1.3,0,0.982624,-0.0450299,-0.180062
-11.7995,76.9548,-50.2597,0.10973,0,4.5,0,-0.652882,0.158572,0.740676
10.4818,83.5867,-58.1989,0.145887,0,4.2,0,0.946841,0.311779,0.0792867
-9.21631,91.1773,-59.0379,0.406984,-0.443412,-0.8,0,0.0966721,-0.233765,0.967475
1.03469,85.8608,-63.2527,-0.287744,0,-0.9,0,-0.138608,-0.897478,-0.418715
-24.4965,72.498,-69.4155,1.08303,0.809071,4.5,0,-0.329333,-0.555094,-0.763813
-9.35087,103.114,-67.2859,0.849332,0,-3.9,0,-0.454607,0.844698,-0.28252
-10.3176,96.758,-80.597,0.159851,0,-0.9,1,0.541292,0.828481,0.143606
-4.79025,96.9627,-73.2485,0.191449,0,-0.9,0,-0.787766,-0.114379,0.605263
3.34744,80.2274,-62.1716,0.556276,0,4.5,0,-0.536719,0.610817,-0.582096
-26.506,74.9632,-69.1322,0.455188,0,3.81829,0,-0.579481,-0.133366,-0.803999
-22.6725,84.7929,-72.3584,0.174031,0,3.8,0,-0.0481576,-0.206064,-0.977353
5.27625,79.4044,-53.9101,0.202585,0,-1.6,0,0.443243,0.0255564,0.896037
3.54163,82.0849,-53.8146,0.217339,0,-1.6,0,-0.667881,-0.234802,0.70626
-15.1499,86.6168,-90.4875,0.119924,0,4.2,0,0.0603268,0.831027,-0.552951
4.1495,60.0491,-60.6587,-1.39686,0,-3.5,0,0.660088,-0.702768,-0.265331
-6.68394,52.967,-66.6295,0.109456,0,-1.83806,0,-0.609652,-0.652243,0.450449
-6.6975,96.23,-64.7387,0.618962,0,-1.3,0,-0.718825,0.472586,0.509856
-6.62537,90.7531,-59.2513,0.0292293,0,4.5,0,0.133446,0.393261,0.909691
13.428,66.129,-54.005,0.0317008,0,4.5,0,0.0246427,0.321045,0.946743
16.2622,63.9167,-61.4338,0.529012,0,-3.5,0,0.970884,-0.00610033,0.239474
-9.2225,82.1267,-70.0795,0.116608,0,2.8,0,0.474617,-0.772458,-0.421956
-9.62712,102.338,-70.2821,0.220574,0,2.8,0,-0.5275,-0.429064,-0.733245
-8.01525,55.6009,-74.4622,0.141045,0,-0.4,0,-0.0730338,0.0922028,-0.993058
-11.8981,69.749,-64.7852,0.318715,0,4.2,1,0.397109,0.862452,-0.313816
-2.51787,99.2949,-66.1407,-0.894616,-0.456102,-0.4,0,0.274583,-0.348303,-0.896264
13.6469,64.5132,-54.6557,0.108497,-0.0874316,3.67344,0,0.2554,-0.791586,0.555124
-21.5429,79.7561,-70.9859,0.120135,-0.487156,2.56936,1,0.196772,0.187613,-0.962332
11.334,68.0167,-56.5846,0.0672471,0,-1.3,0,0.162984,0.619475,0.76791
11.0231,69.9384,-57.4774,0.267546,0,-1.3,0,0.711499,0.299076,0.635864
-13.1582,88.9115,-86.402,-0.912754,-0.992503,-0.7,0,-0.804722,0.57268,-0.156395
-5.40181,81.946,-54.8599,0.0878735,0,-0.8,0,0.153183,0.377304,-0.913333
1.95219,83.8269,-48.3004,0.173832,0,1.8,0,0.386828,-0.68654,0.615652
-18.6924,96.5031,-75.1612,0.743861,0.0799122,1.8,1,-0.497468,0.104921,-0.861114
1.37238,56.5522,-69.2068,-0.140701,0,-3.5,0,0.314685,-0.0294637,-0.948739
-2.29325,95.6254,-58.9751,0.432954,0,-3.9,0,-0.157372,0.442728,0.882738
-5.80725,98.2139,-62.3995,-1.06476,0,-3.9,0,-0.948065,0.0473538,-0.314532
-11.3985,100.889,-62.1171,0.566311,0,-3.9,0,-0.0119454,-0.541098,0.840875
-12.7087,67.7384,-52.5534,0.108158,0,4.14557,0,-0.299068,-0.532652,0.791732
14.8346,68.9397,-56.9295,0.469045,0,4.5,0,-0.0677362,0.885659,0.45937
-8.03225,73.9882,-59.6349,0.151627,0,4.11238,1,-0.327466,0.674505,-0.661672
16.8173,68.5926,-59.8136,2.63423,0,4.5,0,0.877391,0.143146,0.457924
-14.7723,86.1395,-65.5565,-0.156826,0,-3.36944,1,-0.295327,-0.494504,0.817464
-10.4335,61.8074,-65.8464,0.273441,0.303499,-0.9,1,-0.702967,-0.351158,0.618486
-25.7535,72.3166,-64.9144,0.222978,0,0.777204,0,-0.718553,-0.39265,0.574027
-16.9069,85.3217,-86.5632,-0.81204,-0.162329,3.78145,0,-0.761415,0.462548,0.454198
-4.78156,90.2281,-80.0107,0.161211,0,-1.3,0,0.602329,-0.744423,0.288156
-3.71694,96.4261,-67.8021,0.505553,0,-1.3,0,0.709537,0.671904,-0.212373
-4.08225,71.5219,-61.4741,0.222394,0,3.9229,1,-0.279288,0.938543,-0.202818
-21.6052,87.5383,-67.9799,-0.589911,0,-0.474967,0,-0.650653,0.756977,0.0603041
-5.96644,81.2149,-46.6246,0.0338664,0,3.8,0,-0.451977,0.0847195,0.887998
-12.6276,85.731,-63.6364,0.136745,0,-0.9,1,-0.694017,-0.717619,0.0579998
-11.104,68.4395,-51.0317,0.0979741,0,4.5,0,-0.338293,-0.542935,0.768622
1.85819,66.2599,-51.3589,-0.180484,0,2.8,0,-0.11135,0.262043,0.958611
-6.855,100.704,-70.737,-0.0299974,0,2.8,0,-0.0688966,-0.796726,-0.6004
8.40637,82.0665,-60.4609,0.188028,0,4.2,0,0.366858,0.278187,-0.887709
-15.923,95.0683,-79.8822,-0.0853941,0,-0.9,1,-0.506473,0.772416,0.383221
-7.43813,82.4248,-54.6614,-0.73245,-0.638814,-0.8,0,0.0510236,0.609383,-0.791233
13.753,58.8438,-58.0288,0.840481,0,-3.9,0,0.0675054,-0.636531,0.768291
-6.98419,85.8178,-62.1036,-0.129858,0,2.49198,0,0.807425,-0.473355,-0.352136
2.4365,60.6905,-50.5355,-0.218126,0,4.5,0,-0.0480088,-0.4603,0.886465
-19.0228,81.94,-71.3552,-0.790591,-0.15679,4.5,1,0.34352,-0.25638,-0.903473
12.675,63.3242,-64.0378,-1.26084,0,-3.5,0,-0.612083,-0.719289,-0.328598
-4.1415,64.4993,-54.6457,-0.0961777,0,4.5,0,-0.345891,0.908848,-0.233142
-3.20325,93.8404,-73.3415,0.205798,0,3.8,0,0.706977,0.0462815,0.70572
-4.69063,88.608,-78.2265,0.20219,0,4.5,0,0.916205,0.153085,-0.370315
-4.264,100.7,-67.9681,1.03768,0.227793,2.13837,0,0.555932,-0.611304,-0.563247
-15.2588,89.2171,-83.2304,-0.0435038,0,1.97175,0,-0.649071,0.715102,-0.259493
-27.831,79.2217,-69.041,1.0827,0,-3.9,0,-0.379078,-0.196576,-0.904244
-25.1202,69.7766,-63.7094,0.299071,0,-1.6,0,-0.679932,-0.17494,0.712101
-9.35125,59.4129,-54.3816,0.265331,0,3.8,0,-0.346363,-0.081136,0.934585
-12.9462,102.277,-64.9076,0.747839,0.307388,1.80335,0,-0.733895,0.628823,0.256866
6.26775,67.3217,-52.602,0.0351971,0,3.8,0,0.133617,0.495893,0.858042
-8.54406,85.7395,-59.6624,-0.0423935,0,-0.0755529,0,0.329385,-0.147506,0.932602
-0.808125,93.1289,-65.2411,-1.62755,-0.670205,2.8,0,0.933631,-0.114478,-0.339452
-7.98056,100.89,-64.4472,0.0811591,0,-3.38335,0,0.465717,-0.573904,0.673604
-1.81344,98.5259,-61.2539,0.466259,0,-2.49551,0,0.729902,0.268698,0.628526
-22.8239,73.221,-63.6451,0.190099,0,3.58438,0,-0.157482,-0.388327,0.907966
19.0971,71.2091,-65.4218,0.277984,0,4.5,0,0.629098,-0.381448,-0.677299
8.87369,78.9849,-58.6468,-0.0345447,0,4.11669,0,0.634556,-0.623959,-0.456085
-12.5147,70.2274,-52.6788,0.178412,0,4.5,0,-0.66702,0.364182,0.649966
-3.06013,80.3046,-54.6302,0.164585,0,4.2,0,0.147429,0.490318,-0.858983
-6.26725,95.7366,-63.7983,0.872567,0,-2.21344,0,-0.820508,0.46672,0.330059
5.0795,61.3353,-63.9147,-0.698547,0,-3.2,0,0.107888,-0.918837,-0.379605
-20.5397,100.418,-66.7414,-0.144014,-0.0407467,-0.8,0,-0.56653,0.192347,0.801278
-21.1623,70.0824,-63.3963,0.557192,0,-1.31194,0,-0.146502,-0.540761,0.828321
-21.425,96.9747,-73.7182,-0.822172,-0.602661,-0.7,0,-0.44993,0.390199,-0.80331
14.8649,73.0443,-64.1263,0.31001,0,4.5,0,-0.396164,0.870995,-0.290553
8.12062,73.2312,-59.9424,0.0882745,0,3.86165,0,0.99362,0.0988795,0.0542446
-5.95888,86.2091,-77.1226,0.201346,0,4.5,0,0.44705,-0.79755,0.405042
-1.35469,72.5477,-62.8671,0.293116,0,3.8,1,-0.671966,0.624755,-0.397671
-11.4305,91.958,-62.6029,0.0146112,0,-1.16211,0,-0.887224,0.428034,0.172107
-8.72175,92.9944,-59.5303,-0.963717,-0.931492,-0.8,0,0.0329629,0.708227,0.705215
-0.43225,88.3405,-46.1736,-0.377748,-0.0126195,3.27885,0,0.365824,0.618912,0.695069
19.0781,72.3267,-62.2809,0.308506,0,4.5,0,0.635551,0.414087,0.651619
-26.709,72.559,-65.6019,0.309206,0,4.5,0,-0.552018,-0.683645,0.477394
-21.7456,76.9942,-72.6031,0.0887465,0,-0.8,0,0.391527,0.0217179,-0.91991
-23.6514,83.1124,-67.6556,-0.862062,-0.130336,-0.0631889,0,-0.783986,0.114124,0.610197
4.30131,69.1824,-68.5629,1.08744,0,-4.5,0,0.88867,-0.450464,0.0857143
6.223,63.1614,-66.3562,-0.125729,0,-3.2,0,0.180598,-0.451524,-0.873791
-7.26519,53.4684,-73.4822,0.519875,0.00994211,-0.4,0,-0.203827,-0.642622,-0.738575
-16.9792,93.9605,-79.934,0.31033,0,-0.9,1,-0.801539,0.23079,0.551608
6.03988,59.0509,-51.9289,0.0656444,0,1.8,0,0.24034,-0.303384,0.92206
-10.7177,94.0839,-84.1381,0.241677,0,2.30614,1,0.280601,0.530574,-0.799846
0.956625,71.7408,-71.6807,0.678108,0,-4.5,0,-0.493852,0.869303,-0.0205811
-9.56688,102.866,-69.2135,0.268034,0,2.8,0,-0.464241,0.855949,0.227667
-16.7131,93.3545,-83.5576,0.300301,0,-0.9,0,-0.492506,-0.444173,-0.748431
-18.9463,80.3033,-85.3271,0.791275,0.386098,-2.60705,0,-0.427005,-0.0404848,0.903343
-0.970688,85.3596,-65.978,0.261455,0,2.8,0,0.160428,-0.834452,-0.527212
9.7205,63.379,-63.0939,-0.267763,0,-1.3,0,0.265446,-0.883524,-0.385907
-8.35962,86.8308,-79.7303,0.241053,0,4.5,0,0.435632,-0.791585,-0.428507
15.6365,71.6203,-67.5027,0.396677,0,2.8,0,0.573592,0.757426,-0.311927
3.77725,57.7239,-64.4239,-0.77791,0,-3.5,0,0.86866,-0.0549132,0.492355
-0.95125,74.8777,-55.2041,0.0230185,0,4.33388,0,0.435803,-0.673046,0.597566
11.2249,63.6314,-62.8439,-0.269868,0,-2.93049,0,-0.188183,-0.866285,-0.46275
-14.5235,64.4371,-63.7168,-0.11921,0,-3.2,1,-0.468721,-0.509334,-0.72172
1.63169,90.1611,-51.2977,0.0984472,0,-0.7,0,0.439945,0.874002,0.206323
1.189,84.887,-62.1135,-0.200746,0,-0.9,0,-0.37194,-0.66281,-0.64988
-5.70344,55.7931,-52.6476,0.0769607,0,4.2,0,0.173579,-0.158852,0.971924
9.97706,65.1789,-65.9867,0.00432961,0,-1.3,0,0.540168,-0.521126,-0.660792
-7.81775,56.7226,-73.8106,0.264461,0,-0.4,0,-0.00708201,0.263703,-0.964578
-2.69762,62.0389,-72.322,-0.0885023,-0.00874601,2.4584,1,-0.778397,0.621505,0.088487
-8.32022,87.0249,-85.4642,0.175753,0,-0.8,0,0.53182,-0.0535466,-0.845163
1.32344,87.6734,-54.4022,0.128847,0,-0.7,0,-0.396897,0.854739,-0.334506
2.84031,59.6419,-66.1509,-0.56944,0,4.2,0,0.92751,0.363896,-0.0854663
-3.75625,54.1758,-55.6753,0.498559,0,-3.9,0,-0.309524,-0.696767,0.647079
-6.17088,75.6004,-48.6709,0.104759,0,4.5,0,-0.0699276,0.333329,0.940214
-19.0091,64.6691,-72.5316,0.365309,0,-1.3,0,-0.227499,0.396781,-0.889274
-15.0662,90.9375,-74.611,0.190039,0,3.8,1,-0.98562,-0.022514,-0.167473
0.972875,78.5789,-49.3485,0.129622,0,4.5,0,0.860168,-0.331046,0.387969
-18.973,100.611,-70.1697,0.0464327,0,-0.8,1,-0.0469842,0.413241,-0.909409
3.13994,57.7865,-53.5989,0.0487461,-0.0930326,0.309734,0,0.350848,-0.908262,0.227961
-2.25125,82.1056,-43.0507,0.0742247,0,4.5,0,-0.0585342,-0.108803,0.992338
1.68813,87.6002,-50.4058,0.375993,0,1.8,0,0.870354,0.394849,-0.294242
-5.57156,68.7541,-63.2391,0.331901,0,-0.460992,1,0.010216,0.739011,-0.673616
-25.7584,75.6474,-70.3154,0.391044,0,-0.8,0,-0.947747,-0.0294213,-0.317663
0.159313,66.6771,-55.5788,-0.282767,0,2.32601,0,-0.234814,0.680173,-0.694425
-4.1245,54.367,-62.9425,-0.918084,-0.200425,-1.90422,0,-0.253547,-0.746559,0.615113
1.86637,88.0789,-52.7321,0.182052,0,-0.801772,0,0.618398,-0.0793632,0.781847
-5.90525,54.1294,-73.7428,0.713479,0.442819,-0.4,0,0.542476,-0.0371445,-0.83925
-0.53725,55.7228,-69.6363,-0.556197,0,-3.5,0,0.198536,-0.514954,-0.83391
7.50863,76.0536,-62.4734,0.0517694,0,4.5,0,0.923437,0.367622,-0.110083
-11.8903,103.874,-64.5725,0.372873,0,-3.9,0,-0.71358,0.694909,-0.0889074
2.28606,79.8635,-55.6614,0.702353,0,-1.6,0,-0.847172,-0.0915981,0.523363
-1.2945,68.527,-66.4345,0.13044,0,2.62007,1,-0.730615,0.562711,-0.386728
1.46806,53.954,-65.7949,-0.266727,0,-3.5,0,0.345316,-0.889192,0.300157
-10.3597,95.9977,-72.1803,0.88132,0.440746,-0.4,0,-0.0365926,0.0546518,0.997835
1.92356,57.0998,-52.5549,0.670434,0,-1.6,0,0.65522,-0.743808,0.132048
-12.3566,99.5598,-68.2883,-0.78793,-0.148058,3.00036,0,0.417337,-0.495385,-0.761855
14.5259,63.8766,-65.6776,-1.78182,-0.684787,-3.5,0,0.375478,0.0580684,-0.92501
-11.5971,83.2986,-65.3361,0.163789,0,2.8,1,-0.424716,-0.618152,0.661441
-25.3267,73.9576,-69.9563,0.559373,0.00106193,3.43995,0,-0.767863,-0.483957,-0.419729
-20.7843,80.3067,-85.8645,2.97296,0.243231,-3.9,0,-0.473022,0.35379,0.806897
-6.84637,94.7742,-80.1787,0.141847,0,-1.13722,1,0.0141239,0.671802,-0.740597
-10.7871,83.178,-82.3141,0.340104,0,2.8,1,0.717854,-0.694234,0.0521968
-7.21125,53.3901,-68.601,-0.300922,-0.0589206,-1.6,1,-0.954229,-0.231044,0.18991
-9.01475,82.225,-47.2453,0.131479,0,3.8,0,-0.169592,0.435545,0.884047
1.17325,63.8904,-51.469,-0.0622219,0,4.5,0,-0.818183,0.263046,0.511256
3.5255,93.6469,-58.4721,2.02323,0,1.9,0,0.569558,0.510923,-0.643865
5.9315,72.57,-67.332,0.287106,0,4.5,0,0.0645767,0.222907,-0.972698
2.16775,94.3422,-59.5658,3.12473,0,-3.9,0,0.638887,0.68752,-0.345166
-7.25844,68.5898,-53.7764,0.213656,0,4.5,0,0.538102,-0.822514,0.184166
5.13163,70.7962,-56.504,-0.434908,0,2.91957,0,-0.604889,0.39101,0.6937
-9.99,56.8942,-57.4347,-0.577343,-0.341654,4.2,0,-0.495168,-0.459488,-0.737346
-23.241,95.8789,-71.082,0.0899578,0,-0.7,0,-0.843312,0.450971,0.292317
-8.7535,65.8465,-70.8538,0.992046,0.0710791,2.66995,0,0.723711,0.688971,-0.0395205
-15.1399,61.9765,-73.0841,0.300093,0,-3.5,0,-0.588434,-0.480576,-0.650224
7.59131,58.7166,-52.0359,0.112431,0,1.8,0,0.456604,-0.2406,0.856519
1.52781,64.9429,-72.1417,-0.225911,-0.755247,2.8,0,0.679362,0.733755,0.00847423
1.06438,88.8568,-58.2487,0.32402,0,1.9,0,-0.940881,-0.0790958,0.329372
-4.98138,53.4064,-72.7664,0.772759,0.0538402,-1.44346,0,0.586896,0.0386025,-0.808742
-7.04175,53.8937,-55.4285,0.129736,0,4.2,0,-0.202747,-0.938577,-0.279224
9.1675,68.6774,-64.6147,-0.000177422,0,-1.3,0,0.0393698,0.91958,0.390926
-7.35875,85.578,-78.0527,0.193897,0,4.5,0,0.286643,-0.909794,-0.300184
-21.5925,79.7854,-66.6747,0.0327103,-0.0630516,4.5,0,-0.331363,0.323638,0.88626
-6.922,87.9681,-74.6068,0.209032,0,2.02221,0,0.634956,-0.758355,0.147407
-8.37519,72.3997,-49.6665,0.0421646,0,4.5,0,-0.740411,-0.362917,0.565759
-8.71712,95.0183,-80.0098,0.282749,0,-0.9,1,0.399162,0.618164,-0.677159
-13.4842,70.6834,-63.7682,0.205419,0,4.2,1,0.268724,0.961726,0.0535662
-11.9825,63.0867,-73.3197,0.610324,0,-3.5,1,-0.0133761,0.956276,-0.292161
-12.1377,82.3261,-84.5064,0.516278,-0.297022,1.19653,1,0.399029,-0.833317,0.382569
3.08075,58.013,-51.871,-0.522445,-0.0470035,1.8,0,0.189958,-0.841241,0.506191
-9.6795,101.978,-58.3829,1.87373,0.414494,-3.9,0,0.168504,-0.828966,0.533311
-13.8165,89.0143,-63.58,0.666326,0,-0.9,0,-0.809965,0.395462,0.43309
-15.5027,86.0369,-75.4721,-0.246713,0,2.8,1,-0.155198,-0.580334,-0.799454
-12.8798,93.6478,-64.908,0.092914,-0.153174,-2.23646,0,0.621334,0.449037,0.642114
-8.82012,95.2979,-66.9724,0.128478,0,-1.3,0,-0.836526,0.505691,0.210951
3.577,57.508,-67.9235,-0.967185,0,-3.5,0,0.553466,0.319588,-0.769116
-10.8854,72.8371,-52.3967,0.0660451,0,4.5,0,-0.263295,-0.209184,0.941763
-15.4871,65.3087,-61.0751,-0.336353,0,-3.2,0,-0.888174,0.444329,0.117124
6.15175,59.5084,-58.8184,-0.554427,0,-3.5,0,0.407894,-0.891161,-0.198631
14.4175,69.7227,-58.1143,0.476238,0,4.5,0,-0.164402,0.930577,0.327107
-15.6961,88.8444,-84.8779,0.177925,0,1.8,0,-0.292659,0.823807,-0.485483
0.055125,87.1423,-54.3574,0.118628,0,-0.7,0,-0.443973,0.711127,-0.545148
-21.9292,93.0552,-70.6544,-0.0712163,-0.0773568,-1.02126,0,-0.508528,-0.840666,-0.186225
-0.318188,59.3962,-50.8701,0.329456,0,-1.6,0,-0.0950262,0.356352,0.929507
-3.3345,63.9185,-74.5215,-0.200543,0,2.8,1,-0.793163,0.133525,0.594192
-7.97306,88.8296,-85.0649,-0.481335,-0.683521,-0.8,0,0.140817,0.199358,-0.969756
4.40725,65.5208,-50.1937,0.0890505,0,4.5,0,-0.145367,0.962939,0.227193
14.2265,60.947,-62.245,-0.0883825,-0.345756,-3.5,0,-0.467943,-0.791647,-0.392841
-13.9138,85.6363,-90.9098,0.0290009,0,4.2,0,0.0767028,0.591088,-0.802952
1.58794,89.9504,-56.8198,0.398841,0,1.9,0,-0.820229,-0.215769,0.529781
-0.698875,85.4642,-43.9076,-0.0259402,-0.0429519,4.5,0,0.303647,0.489491,0.817433
-9.12825,104.108,-72.3259,0.241061,0,2.8,0,-0.810821,-0.13995,-0.568316
-6.52563,70.8789,-50.2459,0.0577984,0,4.5,0,0.546188,-0.40733,0.731957
5.95775,55.905,-67.415,-2.56196,-0.648427,-3.5,0,0.927535,0.245865,-0.281476
16.6767,68.5185,-58.0232,0.529481,0,4.5,0,0.928157,0.345874,0.137459
-17.3035,99.6561,-74.6581,0.092586,0,1.8,1,-0.0555611,0.657072,-0.751777
-9.17769,80.6206,-88.8057,0.744848,-0.476375,-0.00519712,0,0.962407,0.173897,-0.208646
-5.4675,100.287,-68.7465,0.839256,0.399873,2.8,0,0.557429,-0.812851,-0.168953
-5.874,92.1125,-85.3167,0.206885,0,-1.3,1,-0.151692,0.622426,-0.767838
-11.256,86.0524,-58.4459,0.877293,0.576056,-0.9,1,-0.26054,-0.0767654,0.962406
1.84238,54.8988,-62.0331,-0.218088,0,3.8,0,0.769863,-0.626425,0.122081
6.502,71.259,-56.2794,-0.252384,0,0.810191,0,-0.234341,0.418518,0.877455
-18.2862,90.8461,-68.0707,-0.265998,0,4.5,0,-0.405014,0.80068,0.441446
-21.1583,93.777,-66.5605,0.322185,0,-3.5,0,0.147366,-0.521417,0.840481
-23.0964,76.1892,-72.7376,-0.130002,-0.0454838,-0.8,0,0.274019,-0.0214212,-0.961486
-13.581,68.5165,-67.243,0.0830323,0.553891,4.2,1,0.463905,0.771752,-0.434961
3.34588,60.7062,-70.0865,-0.894382,-0.429279,-0.4,0,0.987369,-0.0669604,-0.143593
-5.41638,101.27,-63.9033,0.703033,-0.140031,-0.4,0,-0.728733,-0.315851,0.607607
-13.9069,63.4802,-57.0056,0.747313,0,-3.2,1,-0.662103,-0.462437,0.589722
3.71613,68.17,-69.3829,0.51455,0,-4.5,0,0.509302,-0.856007,-0.088669
-1.2965,96.3948,-63.2817,-0.26516,-0.0886851,-1.50447,0,0.954704,0.0717436,-0.288779
14.6892,64.0025,-58.0039,0.603676,0,4.5,0,0.846041,-0.525145,0.0918558
9.4525,82.6346,-60.3645,0.162958,0,4.2,0,0.406777,-0.00835231,-0.913489
8.20963,83.5161,-60.2271,0.205054,0,4.2,0,0.133872,0.181172,-0.974297
0.6625,66.99,-59.9265,-0.395699,0,-0.976382,0,-0.803736,0.0447236,0.593303
5.517,69.061,-66.7085,0.327129,0.57754,-1.3,0,0.311463,0.256057,-0.91511
-13.3044,99.5114,-63.3344,0.858868,0,4.5,0,-0.55397,0.556229,0.619457
-4.69863,98.3555,-73.058,0.29358,0,-0.9,0,-0.685451,0.242797,0.686444
10.3201,67.0882,-55.417,0.0547994,0,-0.7,0,0.211848,0.791398,0.57342
3.714,54.2261,-68.155,-0.686769,-0.556825,-3.5,0,0.256521,-0.775712,-0.576601
-20.0124,75.5806,-71.0658,0.277248,0,3.8,1,0.132885,-0.196724,-0.971412
-5.19088,63.2673,-52.7219,-0.0357991,0,4.5,0,-0.376265,0.73658,0.562027
7.76525,63.0244,-65.0744,-0.557462,0,-3.2,0,0.530824,-0.555694,-0.639867
-12.0202,84.006,-71.9655,0.26265,0,2.8,1,0.119753,-0.760917,-0.637703
-20.8491,65.0037,-70.1496,0.430931,0,-1.3,0,-0.976516,-0.200777,-0.078139
-13.3631,61.6652,-74.4688,0.665383,0.0101092,-3.5,0,-0.539385,-0.166857,-0.825362
7.83663,88.0735,-55.3544,1.03093,0,-1.3,0,0.833708,0.550299,0.0458593
0.20675,71.7316,-65.0766,-0.0223869,0,1.63677,1,-0.730675,0.376255,-0.56969
0.262125,60.8559,-76.5219,0.191353,0,2.8,0,0.766805,-0.236069,-0.596893
-12.1718,85.9562,-79.2726,0.0908918,0,2.8,1,-0.150752,-0.43342,0.888494
-12.5667,96.3948,-84.4547,1.06224,0.752992,-0.9,0,-0.0461137,0.448686,-0.892499
-17.6923,90.0426,-73.212,0.303885,0,4.5,1,-0.204424,0.0953647,-0.974226
11.0594,70.6877,-68.2182,0.0919285,0,2.8,0,-0.525473,-0.160799,-0.835477
11.2721,69.6208,-61.2091,0.409852,0,-1.3,0,-0.149659,0.778328,-0.60976
14.0448,72.8014,-67.786,0.371563,0,2.8,0,0.329782,0.926251,-0.182491
1.5985,64.8634,-68.0614,-0.292288,-0.872931,-4.5,0,0.819885,0.0317728,-0.571645
-9.43087,76.1661,-84.3299,0.840209,0.0858246,-4.5,0,0.144558,-0.827346,0.542773
-7.59487,85.8114,-62.991,-0.43799,0,-0.9,0,0.953371,-0.0652252,-0.294668
-14.4769,64.962,-54.0475,0.16623,0,3.8,0,-0.317965,-0.546871,0.774487
-16.0109,95.3166,-66.0547,-0.1138,0,-3.2,0,-0.815452,0.235196,0.528886
-20.4439,79.606,-65.7726,-0.0514156,0,4.5,0,-0.612202,0.289943,0.735623
-11.1497,102.507,-69.8053,0.0686357,0,4.2,0,0.0968189,0.398972,-0.911837
16.5249,73.3463,-63.0679,0.318685,0,4.5,0,-0.0680367,0.951678,0.299465
-1.15725,52.3006,-55.3985,2.64909,0,-3.9,0,-0.0912127,-0.398283,0.912716
2.87,62.848,-67.2781,-0.463037,0,-0.4,0,0.90731,-0.00768224,-0.420392
-11.9229,90.1974,-86.9632,0.352499,-0.0398648,-0.7,0,-0.194969,0.9359,-0.293391
-6.80725,89.2929,-71.4124,-0.134857,0,-0.9,0,0.831362,-0.0429716,0.554068
12.8474,63.9773,-64.9847,-1.77982,0,-3.5,0,-0.496212,-0.374301,-0.783373
16.0781,68.7744,-65.624,0.812893,0,2.8,0,0.878433,-0.443349,-0.178315
8.77444,61.5912,-60.4584,-0.607821,-0.160757,-3.31864,0,-0.10114,-0.719634,-0.686948
-10.5074,78.7557,-47.3171,0.0934375,0,3.8,0,-0.883581,-0.128316,0.450355
-15.891,97.53,-71.856,-1.31385,0,1.8,0,0.65224,0.465448,0.598282
15.4753,64.659,-60.5056,1.49519,0,4.25589,0,0.908001,-0.25267,0.334205
-14.3883,75.2315,-92.2087,-1.09115,-0.0203762,-4.5,0,0.143126,-0.988777,-0.0428427
3.18931,73.2947,-65.8511,0.488448,0,3.18586,0,-0.0475107,0.358953,-0.932145
-18.3818,63.23,-69.4337,-0.162492,0,-1.3,0,-0.291598,-0.863104,0.412338
-6.0205,75.2844,-57.9347,0.267603,0,1.8,1,0.64802,0.0723246,-0.758182
-6.724,66.2515,-55.5134,0.0950759,0,1.8,0,0.544763,0.0892943,0.833822
-11.6745,67.394,-70.1815,0.397695,0,4.2,0,0.0213017,0.857953,-0.513286
-16.9923,99.0977,-64.792,-1.38931,-0.0170193,4.2,0,-0.342344,-0.0931106,0.93495
-20.0903,98.9252,-66.0078,0.295674,0.108088,-3.27305,0,-0.403314,0.0726107,0.912176
10.923,71.215,-65.7655,0.0966045,0,2.8,0,-0.589308,0.605865,0.534457
-16.7718,79.5856,-84.3679,0.185727,0,-0.7,0,-0.0515878,-0.734188,0.676984
0.54625,59.8754,-72.7748,0.723746,0,-0.727868,0,0.573184,-0.546055,-0.61097
-16.6786,90.0134,-78.0085,0.239573,0,3.8,1,-0.792581,0.275686,0.543886
-5.07463,87.0547,-63.1777,0.172584,0,4.5,0,-0.522829,-0.82959,-0.196037
16.3939,66.936,-60.1995,3.5273,0.39626,4.5,0,0.879944,-0.456165,0.132712
6.047,87.0732,-63.85,0.281172,0,-0.110292,0,0.329754,-0.248471,-0.910782
-9.06456,57.4521,-58.1813,-0.247343,-0.199531,0.966374,1,-0.690629,-0.155069,-0.706389
-20.0304,81.4538,-64.5964,0.155379,0,4.5,0,-0.7877,-0.0555372,0.613551
-2.4015,68.419,-65.1917,-0.0763486,0,3.8,1,-0.409645,0.727721,-0.550104
9.44538,63.291,-64.4229,-0.261815,0,-1.3,0,0.395917,-0.869814,-0.294404
-17.5656,70.5898,-63.0416,0.148209,0,4.10604,0,0.020405,-0.0374492,0.99909
-19.37,100.882,-66.2772,0.105185,0,-0.8,0,-0.232075,0.476516,0.847982
-8.78769,88.7112,-60.2733,-0.169662,0,4.5,1,-0.683837,0.242782,0.688057
-6.77725,54.9416,-74.0793,0.158494,0,-0.4,0,0.27684,-0.0734792,-0.958102
-8.10987,93.7583,-61.2851,-0.0333196,0,-0.8,0,-0.0793279,0.928055,0.363896
-10.7723,92.8522,-60.9665,-0.012747,0,-0.8,0,-0.626052,0.726772,0.282596
-5.41862,88.5699,-58.1815,0.117307,0,4.5,0,0.332683,0.018442,0.942859
11.76,59.1032,-60.8387,0.104973,0,-3.9,0,-0.33606,-0.616756,-0.711811
-8.70794,53.5476,-72.2122,0.0969815,0,-0.4,0,-0.549971,-0.833746,-0.0489814
-15.3077,70.6338,-56.4997,0.170173,0,3.8,0,-0.858482,-0.504174,-0.0939028
-10.1298,57.8859,-54.0717,0.19199,0,4.2,0,-0.60219,0.398742,0.691644
-8.17275,59.2114,-60.5289,-0.639436,-0.423019,-1.01199,1,-0.851157,-0.474422,0.224623
15.9338,58.5815,-60.0151,3.27317,0.355474,-3.9,0,0.577847,-0.768429,-0.274973
-16.0332,84.1568,-92.0371,0.455858,0,4.2,0,-0.0777935,0.452659,-0.888284
-1.53725,64.2994,-59.8606,-0.342005,0,4.2,0,-0.33789,0.759704,0.55559
-9.75225,69.5453,-61.9677,0.195914,0,4.46137,1,-0.474027,0.828214,-0.298931
-5.67169,72.9274,-57.3226,0.357595,0,3.96099,1,0.472301,0.444714,-0.761026
12.1327,72.6675,-67.4219,0.181605,0,2.8,0,-0.226941,0.973834,0.0120133
3.75187,72.537,-57.9735,0.0131467,-0.27353,-0.313859,0,-0.506746,-0.484845,0.712835
4.7375,69.777,-67.6695,0.410155,0,-4.5,0,0.971111,-0.203926,-0.123924
12.8593,67.4462,-55.7184,0.0916357,0,4.5,0,-0.337866,0.686864,0.643478
-16.1618,65.227,-66.2708,0.386379,0,-1.3,1,-0.00923048,-0.945928,0.324246
16.1076,61.5552,-60.2326,1.9783,0.336004,-3.9,0,0.872285,0.471117,-0.131021
0.57725,87.3808,-45.656,-0.684336,-0.68978,3.87338,0,0.545837,0.457401,0.70203
-9.5035,60.7016,-63.3265,-0.183328,0,-1.44676,1,-0.771242,-0.395252,-0.498961
16.3213,63.5581,-62.6532,0.00020106,0,-3.5,0,0.99996,-0.00100012,-0.00891508
-1.889,89.2623,-52.3848,-0.569445,-0.052287,-0.7,0,-0.511163,0.314792,-0.799761
14.8211,71.0886,-61.0067,0.908967,-0.0347103,4.5,0,-0.357399,0.573908,0.736815
7.369,90.8604,-61.7708,0.339473,0,4.5,0,-0.0532619,0.948588,-0.311999
-6.49431,69.7418,-62.7537,0.302155,0,4.5,1,0.137064,0.443859,-0.885552
-22.0474,83.2514,-67.0906,-0.0675588,0,3.87548,0,-0.350372,-0.100684,0.931183
-17.0755,93.1005,-81.2114,0.30028,0,-0.9,0,-0.965785,-0.254579,-0.0494869
-1.35738,88.8702,-60.6814,0.23754,0,-0.9,0,-0.103117,0.469838,0.876709
2.807,57.147,-60.012,-1.16727,0,1.9,0,0.885485,-0.245617,-0.394448
-15.3022,66.5014,-53.7016,0.148408,0,3.8,0,-0.586807,-0.356769,0.726893
-14.8856,95.4166,-84.7827,0.339206,0,-0.9,0,-0.135165,0.190581,-0.972322
-8.75125,54.3701,-73.8404,0.192485,0,-0.4,0,-0.646626,-0.376191,-0.663592
-6.18875,54.6758,-62.884,-0.504295,-0.401219,-3.5,0,0.0660031,-0.740952,0.668306
2.776,71.4743,-72.707,0.129351,0,-4.5,0,0.21352,0.917834,-0.334649
-18.7402,83.868,-72.4668,0.788252,0.132826,2.8,1,-0.167323,-0.706281,-0.687873
-0.10925,89.0563,-64.078,0.169016,0,1.2369,0,0.646502,0.759544,0.0716167
-15.8535,83.8512,-70.1762,-0.0163372,0,2.8,1,0.278532,-0.955093,-0.101076
-13.6262,80.2259,-98.1694,-0.172195,0,4.5,0,0.850622,0.223185,-0.476057
-6.00069,86.6131,-59.8243,0.115719,0,4.5,0,0.221742,-0.837312,0.49974
-1.4625,68.3305,-60.163,-0.113755,0,3.8,0,0.182365,-0.590971,0.785809
-8.3395,68.1285,-51.3387,0.0951129,0,4.5,0,0.238687,-0.844725,0.479029
-0.311063,88.2395,-59.7201,0.0390952,0,-0.9,0,-0.439348,0.418646,0.794801
-14.717,86.8879,-89.154,0.0350256,0,-0.254803,0,-0.38641,0.913681,-0.125994
-18.8034,92.2623,-68.8745,-0.208382,0,4.05302,0,-0.0729707,-0.0604338,0.995501
-4.019,61.3642,-70.5781,-0.360753,-0.468117,-3.5,1,-0.231783,0.859814,-0.454968
-1.48462,91.4951,-62.5267,-0.308758,0,2.8,0,0.999946,-0.00367499,-0.00973738
-8.8715,72.7352,-61.0312,0.271597,0,4.5,1,-0.740916,0.510319,-0.436598
-2.96038,78.335,-62.744,0.551708,0,2.8,0,-0.784343,0.448778,0.428257
-19.336,74.3798,-71.157,0.226793,0,3.8,1,-0.238043,-0.349607,-0.906152
-0.481875,67.5011,-70.8131,0.543209,0.00763337,0.00424093,0,-0.217384,0.838423,-0.499791
-2.58962,67.244,-68.9151,0.179605,0,-0.4,0,-0.550733,0.821043,-0.150275
-12.554,66.8955,-70.964,0.269662,0,4.2,0,-0.0761485,0.702926,-0.707175
13.6625,72.1465,-63.2793,0.384665,0,4.5,0,-0.799631,0.596313,0.070718
15.8641,72.4997,-65.1329,0.249943,0,4.5,0,-0.175449,0.701418,-0.690818
12.9463,72.3986,-68.7204,0.392823,0,2.8,0,-0.245533,0.419276,-0.874026
-4.57788,72.5934,-57.5057,0.305853,0,4.5,1,-0.0500712,0.435962,-0.898571
-1.03212,79.031,-58.9571,0.2462,0,4.5,0,-0.848997,-0.524767,-0.0618367
-17.9435,93.5181,-67.679,0.0236547,0,-3.2,0,-0.502098,-0.657086,0.56226
-16.7663,75.5609,-71.0994,0.165735,0,3.8,1,0.455089,0.0174465,-0.890275
2.20806,78.667,-55.4869,0.44719,0,-1.6,0,-0.854159,0.124314,0.504935
7.57812,69.3717,-64.2507,0.298989,-0.211466,-1.3,0,0.741788,0.670455,-0.0155124
-10.2338,66.1184,-53.6426,0.108862,0,3.8,0,-0.143513,-0.157874,0.976975
0.7265,85.6048,-45.3815,-0.0615127,0,4.30358,0,0.795176,0.0251645,0.605856
11.753,63.823,-53.8431,-0.507456,-0.613549,-0.7,0,0.622058,-0.662492,0.41731
1.3255,72.8193,-58.3963,0.0799104,0,4.5,0,0.0192636,-0.79895,0.601088
-22.1362,74.9936,-71.7258,-0.851879,-0.186966,-0.8,0,0.655286,-0.405551,-0.637283
8.00469,62.6657,-63.4134,-0.682482,0,-2.92433,0,0.504662,-0.857837,-0.0971193
5.61325,73.7527,-55.9502,0.103547,0,3.8,0,-0.0623873,-0.398995,0.914828
-2.86725,83.1233,-54.6315,0.141337,0,4.5,0,-0.350462,-0.462015,-0.81469
-20.9381,73.9519,-70.1367,0.533744,0,3.8,1,0.0600669,-0.594107,-0.80214
-2.93481,65.2736,-60.4455,-0.607378,0,3.22748,0,0.262515,0.428944,0.864345
13.5953,70.8546,-62.0942,0.736267,0,4.5,0,-0.648673,0.673638,0.35417
-14.3189,61.833,-57.7919,0.547747,0,-3.2,1,-0.742682,-0.429691,0.513604
-11.0411,94.1296,-72.2394,0.241931,0.846458,-0.417891,0,-0.225,0.490393,0.841956
-7.93675,102.908,-60.278,1.36557,0,-3.9,0,0.894415,-0.360763,0.264334
-4.60625,87.1008,-45.8049,-1.21074,-0.213071,-3.5,0,-0.492112,0.257945,0.831438
-11.4175,99.2174,-74.0186,-0.544576,0,0.137838,0,-0.0195061,0.925966,0.377103
13.373,67.8323,-67.2458,-0.210769,0,2.8,0,-0.0742745,-0.585226,-0.807461
-13.371,80.9804,-85.1767,0.549678,-0.749788,-0.7,0,0.494676,-0.732817,0.467199
-7.54206,91.3443,-84.7824,0.308899,0,-0.383007,1,-0.264523,0.2123,-0.940721
-3.96388,102.339,-67.5697,0.787568,0,-0.4,0,0.625471,0.570853,-0.531895
8.5505,68.4429,-56.3917,-0.266685,0,3.8,0,0.450886,0.427509,0.783542
-20.5958,92.8477,-67.7834,-0.523529,0,-3.5,0,0.269337,-0.705608,0.65542
9.19525,63.2411,-52.8546,-0.253609,-0.139605,-0.7,0,0.234402,-0.674475,0.700099
-8.06725,104.103,-69.0296,0.0734861,0,2.8,0,-0.259118,0.916462,0.304886
-22.2485,78.495,-65.6275,0.0259561,-0.655998,4.5,0,-0.0848808,0.82746,0.555072
-9.52494,86.3255,-81.2337,0.244669,0,2.47649,1,0.700325,-0.700344,0.138069
7.49538,85.5649,-60.3441,-0.732598,-0.892446,4.5,0,0.493073,-0.490771,-0.718347
-3.52375,101.925,-62.6847,0.693425,0.0316283,-0.4,0,0.166505,0.868474,0.466935
-18.7964,77.6511,-93.491,-0.182194,-0.0567896,-3.9,0,-0.943272,0.0859797,-0.320694
-1.98681,74.0529,-58.3589,0.166611,0,4.5,1,-0.908802,0.148858,-0.389769
11.021,66.1409,-65.6943,-0.089053,0,2.8,0,0.245042,-0.522409,-0.816727
-9.22925,75.0904,-50.105,0.186929,0,4.5,0,-0.563552,-0.390468,0.727973
-14.23,94.8239,-70.4231,-0.554937,0.530257,-3.2,0,0.803422,0.593949,-0.0416859
5.93381,69.2362,-53.3963,0.035777,0,3.8,0,-0.0715966,0.772834,0.630556
-11.2115,84.2014,-63.8244,-0.0875358,0,-0.9,1,-0.709171,-0.681355,0.181193
8.47175,69.6937,-56.4455,-0.318744,0,-1.3,0,0.389059,-0.0484146,0.91994
-16.4714,64.4546,-72.4911,-0.555474,-0.00469495,-1.3,1,0.196213,0.554088,-0.809004
-22.986,77.0388,-62.27,0.259785,0,4.5,0,0.0297432,0.659442,0.751166
-8.09762,55.092,-66.4521,0.190132,0,-3.5,1,-0.940674,-0.0139348,-0.339024
3.46931,56.3783,-57.8826,0.0535035,0,1.9,0,0.876967,-0.474436,-0.0764172
-19.4026,81.1541,-86.177,1.50384,0.557813,-3.9,0,-0.499141,0.767861,0.401556
0.2215,90.6205,-60.238,0.552547,0.0822028,-2.67511,0,-0.249318,-0.0518325,-0.967033
10.2995,64.5407,-51.5522,0.02414,0,-0.7,0,0.1703,-0.323242,0.930867
5.93463,66.2205,-51.423,0.0229226,0,4.5,0,0.0828303,0.893658,0.441039
-13.2886,95.9766,-79.4146,-0.070406,0,-0.9,1,-0.42465,0.851025,0.308916
-14.1243,75.1706,-53.1369,0.125779,0,4.5,0,-0.958252,0.277784,0.0677491
-6.3265,102.261,-72.5185,-0.354148,0,2.8,0,-0.121689,-0.633911,-0.763772
1.04712,75.5707,-67.0837,0.476414,0,2.8,0,0.425184,-0.165301,-0.889884
-2.41719,89.8615,-45.8301,-1.42033,-0.21048,-0.7,0,-0.156907,0.328112,0.931516
-11.41,93.224,-71.142,0.0552514,0,-0.9,0,-0.234921,0.923577,0.303014
-10.3971,69.1356,-65.5518,0.457814,0,4.2,1,-0.148485,0.96194,-0.229398
8.54313,76.3267,-59.6834,0.192782,0,3.8,0,0.950262,0.113476,-0.290043
-7.83425,71.14,-62.579,0.258075,0,4.5,1,-0.278929,0.28269,-0.917761
-12.965,76.881,-53.0855,0.153524,0,4.5,0,-0.700934,0.693516,-0.166515
-10.8885,60.6831,-66.5707,0.649553,0.0466173,-0.9,1,-0.793717,-0.28472,0.537539
-10.9603,74.7301,-51.3506,0.165811,0,4.5,0,-0.146415,-0.628817,0.763644
-8.89475,76.1025,-85.9313,0.132771,0,-4.5,0,0.283621,-0.958488,-0.0293068
-1.72625,69.7426,-65.0008,0.442241,0,3.8,1,-0.574273,0.396675,-0.716142
-3.55319,86.5954,-66.4069,-0.138835,0,3.49032,0,-0.0335584,-0.77256,-0.634054
-16.9045,62.3015,-70.1328,0.240757,0.00777773,-1.3,1,-0.133673,-0.887517,0.440959
-8.66894,83.8072,-91.0148,0.168045,0,3.8,1,0.986265,0.163548,-0.0230986
-13.3108,86.1559,-79.2541,0.134465,0,3.33542,1,0.226346,-0.358257,0.90577
-7.65588,87.2033,-81.4333,0.122905,0,-0.8,0,0.718379,-0.609884,0.334624
-22.0718,96.969,-66.838,0.393149,0.0402896,-3.5,0,-0.732317,0.343335,0.588075
-1.70938,95.1396,-77.6568,0.549723,0.17471,-0.9,1,0.780463,-0.425758,-0.45783
-15.421,65.1804,-58.8891,0.525814,0,-2.19501,0,-0.875816,0.46868,-0.115263
0.272125,82.8001,-44.2038,0.125571,0,4.5,0,0.873255,-0.470497,0.126724
-6.20188,52.2528,-72.8156,0.381978,0,-1.6,0,-0.281529,-0.498073,-0.820161
9.48656,60.2395,-56.4906,-0.653512,0,-3.9,0,0.0569799,-0.976694,0.206934
-6.49738,51.0319,-67.6909,0.523156,0,-1.6,0,-0.449452,-0.663989,0.597588
-2.54588,98.0068,-76.5211,-0.291064,0,-0.9,1,0.61592,0.668175,-0.417355
-13.1542,76.145,-54.4574,0.150124,0,4.5,0,-0.582471,0.64643,-0.492804
4.98431,82.2888,-53.1551,0.0480356,0,-1.6,0,0.163296,-0.892146,0.421201
2.453,90.2393,-55.5801,0.596647,0,0.587602,0,-0.854735,-0.366211,0.367856
-14.9334,86.8887,-76.7454,0.0057916,0,3.66408,1,0.0838633,-0.996406,-0.0119249
-11.2509,92.7344,-68.5475,0.0799819,0,-2.9912,0,0.105982,0.987752,0.114515
15.0382,67.3503,-65.238,0.996103,0.107479,2.8,0,0.77926,-0.576853,-0.244938
-16.769,79.7309,-67.1359,0.183463,0,4.5,1,0.834612,-0.529252,0.152691
-13.4206,79.5131,-96.4497,-0.76687,0,4.5,0,0.956742,0.13901,-0.255579
-16.5747,73.6686,-66.9436,0.26729,0,3.8,1,0.952038,0.133638,0.275254
5.42025,89.6431,-61.1665,0.483095,0,4.5,0,-0.645134,0.576745,-0.501166
-20.7081,102.099,-68.4368,0.112497,0,-0.8,0,-0.347219,0.924177,-0.159173
-7.54556,65.6356,-67.2045,0.16657,0,-0.9,0,0.352192,0.478418,-0.804411
-10.3509,54.7091,-53.8614,0.0855096,0,4.2,0,-0.787052,-0.576063,0.220683
-9.13675,85.3848,-76.7051,0.222956,0,4.5,0,0.0620743,-0.919223,0.388814
6.62675,87.6328,-53.1226,0.246067,0,-1.3,0,0.305151,0.446472,0.841157
-16.083,99.1799,-69.6912,-0.831484,-0.270277,2.75708,0,0.55739,-0.453627,-0.695369
-9.88838,92.9106,-85.2865,0.712386,0,2.5,1,0.219867,0.491971,-0.842391
-2.62375,85.9619,-63.0181,0.181266,0,2.8,0,-0.000457291,-0.962926,0.269766
-20.5654,77.6342,-89.7641,0.436726,0,-3.9,0,-0.837474,-0.546056,-0.0214515
18.1803,69.6479,-61.4926,4.76629,0,4.5,0,0.707295,-0.0776687,0.702639
3.68537,58.9216,-62.1838,-0.634475,0,4.2,0,0.952748,-0.278973,0.120189
-6.5045,105.274,-70.68,-0.0979194,0,2.8,0,0.10399,0.823273,0.55804
11.7601,60.7287,-61.3302,0.10625,0,-3.9,0,-0.173635,-0.206229,-0.962975
1.71962,89.1495,-49.4824,-0.410665,0,1.49232,0,0.889171,0.451921,-0.0717121
15.5844,61.1739,-64.6065,-2.13581,-0.488721,-3.5,0,0.438283,-0.741388,-0.508186
-18.0259,69.5101,-63.3467,0.0290137,0,3.90879,0,-0.210177,-0.384383,0.89893
-1.05344,71.8621,-64.0779,0.487042,0,3.8,1,-0.512537,0.54908,-0.660165
11.7689,69.7901,-63.9276,0.211737,0,2.8,0,-0.582174,0.7316,0.354731
-2.0485,79.5723,-46.8223,0.0939653,0,4.5,0,0.18874,-0.806701,0.56001
-17.4665,82.7131,-92.5051,-0.697949,-0.377033,4.2,0,-0.79204,0.35125,-0.499296
-24.1702,68.5616,-67.3347,0.293498,0,-1.6,0,-0.0830131,-0.874304,-0.478227
-5.3825,60.2103,-72.7132,-0.802129,0,-3.5,0,-0.310376,0.708185,-0.634145
5.03,68.4432,-72.8215,1.2452,0.816741,-4.5,0,0.79306,-0.582964,-0.176661
-20.2434,88.2681,-71.6779,0.525366,0,4.5,1,-0.651612,-0.131557,-0.747057
-25.9877,70.4608,-65.2613,0.430662,0,-1.6,0,-0.915863,-0.111866,0.385592
1.0395,92.4532,-55.6543,-0.632541,0,1.9,0,-0.850817,0.0466765,0.523385
9.09988,76.0092,-56.8052,0.15044,0,3.8,0,0.977536,-0.155168,0.14264
-21.5561,75.1059,-62.1214,0.237768,0,4.5,0,0.369101,-0.186628,0.910458
-5.352,99.5772,-76.2975,0.243475,0,-0.9,0,0.196194,0.980383,0.01889
-0.0865,91.6337,-58.3651,1.43647,0,-3.9,0,-0.664847,-0.562725,0.491243
-9.638,104.015,-65.6168,0.589749,0.539475,-3.9,0,-0.013876,0.892579,-0.450677
-1.98125,67.7858,-70.0739,0.328793,0,-0.4,0,-0.455072,0.856026,-0.245211
-19.6626,65.1598,-66.3769,0.292104,0,-1.3,0,-0.613175,-0.60194,0.511551
-12.3997,87.2961,-76.6946,0.0918267,0,3.4497,1,-0.210532,-0.90878,-0.36027
-17.2258,90.4897,-80.5577,0.179896,0,3.8,0,-0.885065,0.346535,-0.310763
0.967625,77.1233,-50.6403,0.122717,0,4.5,0,0.891307,-0.437787,-0.117957
-8.89219,56.9712,-63.3091,0.183458,0.991459,-1.3,1,-0.964824,-0.241103,0.104801
8.44356,85.0023,-55.4016,0.238777,0,-1.3,0,0.93371,-0.32734,0.145033
5.90581,60.9329,-51.2335,0.238172,0,4.5,0,0.503357,-0.553395,0.663616
-16.3117,84.2132,-74.6148,0.406118,0,2.8,1,-0.258642,-0.580093,-0.772397
-6.28613,86.9869,-65.4579,-0.152942,0,3.8,0,0.366155,-0.76768,0.525925
-4.53475,55.3856,-61.9995,-0.36073,-0.665521,-1.71197,0,-0.3359,-0.881792,0.331081
6.43719,90.9423,-56.8683,0.511814,0.0365411,-1.17385,0,0.83359,0.454876,-0.313395
-3.95362,90.2469,-76.0714,0.235061,0,3.8,0,0.720475,-0.484977,-0.495694
3.60287,68.1008,-55.0269,-0.0776678,0,3.8,0,-0.565093,0.804591,0.182492
-12.917,98.8709,-75.8316,-1.64764,-0.421804,3.8,1,-0.277445,0.616999,-0.736435
-22.0656,95.4059,-73.8332,-0.0249754,0,-0.7,0,-0.41926,-0.0331419,-0.907261
-5.29563,54.0904,-58.6966,0.15018,0,-3.9,0,-0.481806,-0.856037,-0.187254
-3.53338,90.6781,-47.1809,-0.588014,-0.426016,-0.7,0,-0.688785,0.602779,0.402781
0.6105,66.1307,-58.0945,-0.136533,0,-1.3,0,-0.962913,0.263841,0.0564467
4.70981,91.4061,-59.2918,1.36224,0,1.9,0,0.508446,0.567571,-0.647569
-25.723,80.5102,-70.0153,0.155936,0,-3.9,0,-0.47884,0.432069,-0.764217
-0.273813,77.2623,-54.7186,0.203555,0,4.24713,0,0.784989,0.530447,0.320029
-7.28225,58.4635,-73.2386,-1.75879,0,-0.4,0,0.323055,0.170777,-0.930844
-9.03438,85.9308,-79.1959,0.161215,0,4.5,1,0.434372,-0.801512,-0.410973
-11.0871,66.2021,-71.3363,0.598544,0.0556382,4.2,0,-0.0375716,0.490793,-0.870466
-6.79437,68.3411,-52.2054,0.110593,0,4.5,0,0.446458,-0.891561,-0.0761233
-23.2038,92.2118,-68.2166,0.813576,0.292607,-3.5,0,-0.393637,-0.864774,0.311796
-22.5117,97.0496,-72.2195,-0.375149,-0.34052,-0.7,0,-0.730906,0.656938,-0.184958
-22.4505,83.227,-71.4095,0.0019327,0,3.8,0,-0.375543,-0.520382,-0.766922
0.186625,89.5437,-65.5881,0.158299,0,2.8,0,0.837036,0.545572,0.0414953
-7.9995,98.5761,-78.4772,0.343157,0,-0.9,1,-0.461985,0.571291,-0.678378
2.29638,58.4245,-68.951,-0.401783,0,-3.5,0,0.676003,-0.318749,-0.664393
-7.72288,60.1914,-53.6186,0.243841,0,3.8,0,-0.287565,-0.2011,0.936411
-13.2413,71.0536,-53.1727,0.176502,0,3.8,0,-0.531355,-0.11526,0.839272
-5.90125,56.2159,-60.9223,-0.32209,0.183661,-3.66492,0,-0.183777,-0.979456,-0.0830137
3.00956,78.6303,-54.4594,0.324126,0,-1.6,0,-0.497033,-0.303846,0.812795
6.944,89.0429,-63.9333,0.241031,0,4.5,0,-0.212098,0.518227,-0.828526
0.140687,64.0628,-52.5223,-0.172564,0,2.8,0,-0.28849,0.0346691,0.956855
4.56531,86.1552,-64.4375,0.464936,0,-0.9,0,0.337395,-0.291194,-0.895193
-2.74469,72.4381,-61.8479,0.219271,0,3.8,1,-0.527264,0.831163,-0.176522
-11.6839,99.5072,-61.7416,0.498379,0,4.5,0,0.379662,0.566231,0.731601
-8.02806,85.2009,-47.9177,0.712361,0.0242468,-3.5,0,-0.427939,0.0408061,0.902886
4.35175,59.7034,-51.0117,-0.447026,-0.40269,1.8,0,0.211025,-0.435893,0.874909
-4.351,71.0996,-58.185,0.18086,0,4.5,1,0.173608,0.735016,-0.655448
-8.21963,58.608,-58.8926,-0.601427,0,-1.89162,1,-0.849051,-0.146519,-0.507587
-16.765,92.304,-65.678,0.281181,0.25921,-3.2,0,-0.499322,-0.12228,0.857744
-18.1933,83.1643,-71.2763,0.530444,0,2.92193,1,0.42889,-0.788527,-0.44077
-11.287,102.1,-67.9043,-0.779187,0,4.2,0,0.242411,0.962998,-0.117775
1.09763,56.6618,-50.5541,0.259599,0,-1.6,0,0.549771,-0.473184,0.688366
-11.2277,98.0565,-61.0412,0.28851,0,4.5,0,0.45625,0.355758,0.815642
17.2927,67.0632,-61.5215,5.29486,0,4.5,0,0.709683,-0.699931,0.0802988
-12.0188,81.3469,-93.9607,-0.0479669,0,3.8,0,0.464082,-0.0870277,-0.881507
-4.02112,103.426,-65.6244,0.404301,0,-0.4,0,0.345511,0.935949,0.0679821
-10.8357,76.1199,-49.9304,0.103642,0,4.5,0,-0.298836,-0.44418,0.844631
0.796063,74.0176,-65.8136,0.355613,0,2.8,0,-0.338513,-0.441273,-0.831076
-10.9194,89.8583,-88.0661,1.78974,0.851305,-0.7,1,0.554155,0.804359,-0.214285
-0.545438,96.8181,-73.6908,0.404943,0,-0.9,0,0.921669,0.103602,0.373888
-9.287,97.7978,-78.2681,0.0929597,0,-0.9,1,-0.388506,0.687297,-0.613748
-11.1219,59.296,-73.9401,0.432552,0,-3.5,0,-0.170391,-0.859103,-0.482606
2.88412,86.6657,-64.5287,-0.0153782,0,-0.9,0,0.0134505,-0.323082,-0.946275
-14.9431,80.8229,-99.0045,-0.0697742,0,4.5,0,0.0846966,0.296196,-0.951365
-22.3266,85.2496,-66.4854,-0.00305598,0,3.8,0,-0.302275,-0.0379458,0.952465
-8.95988,86.6214,-49.5711,-0.208856,0,-3.5,0,-0.603222,0.781458,0.159517
-6.45038,54.5348,-52.8382,0.14199,0,4.2,0,0.262825,-0.658897,0.704824
7.47531,60.1777,-56.6481,0.251684,0,-3.62093,0,0.317301,-0.904601,-0.284634
-12.8413,93.4595,-69.8853,-0.100628,0,-3.01354,0,0.489859,0.858742,-0.150337
-17.9719,76.2924,-66.7941,0.273866,0,3.8,1,0.816837,0.453464,0.356579
3.91013,91.8276,-51.9473,0.268185,0,-1.6,0,-0.18723,0.204611,0.96077
-16.3248,87.3852,-85.9395,0.210002,0,1.8,0,-0.568578,0.491076,-0.659972
-13.2342,83.9522,-73.4707,0.42431,0,2.8,1,0.223307,-0.932166,-0.284956
-11.8501,62.1631,-68.3018,-0.48884,0,-0.196863,1,-0.713928,-0.600588,0.360001
-8.44256,79.7268,-46.0856,0.0930331,0,3.8,0,-0.00847684,0.238452,0.971117
-5.0795,71.179,-52.7245,0.134193,0,4.5,0,0.782893,-0.279163,0.55601
9.14325,68.3181,-62.6808,-0.026606,0,-1.3,0,0.226614,0.960578,-0.161047
-9.51437,86.1817,-50.8998,0.608325,0.250737,-3.5,0,-0.73307,0.602238,-0.316098
6.79706,76.1936,-64.9171,-0.0276509,0,4.5,0,0.731549,0.293774,-0.61525
-16.7422,66.7665,-64.2582,0.56123,0,-0.932501,0,-0.485,-0.438109,0.756859
-4.80538,91.5144,-85.4954,0.00586187,0,-1.3,1,0.022231,0.387912,-0.921428
-22.35,95.2158,-66.4368,0.51768,0,-3.5,0,-0.534031,0.173792,0.82741
-12.4218,82.0795,-82.1379,0.241153,0,2.8,1,0.54158,-0.807896,-0.232369
-21.9783,96.6282,-69.3451,0.351674,0,-3.5,0,-0.902977,0.427785,-0.0404141
-17.5731,78.5475,-86.7134,0.993636,0,-3.9,0,0.421245,-0.807487,0.412938
16.3768,62.6222,-63.5054,-1.80413,-0.0724017,-3.5,0,0.988411,-0.0603428,-0.139292
-8.13119,103.877,-63.6081,0.340691,0,-3.9,0,0.674537,0.724754,0.14047
-15.0046,62.8868,-58.3524,0.516142,0,-3.2,1,-0.713542,-0.391115,0.58128
-3.31337,53.0503,-57.4231,1.17373,0,-3.9,0,-0.735151,-0.664585,0.133713
-10.755,87.339,-59.209,0.118719,0,-0.9,1,0.118056,0.534437,0.836923
-10.4558,69.331,-60.9948,0.166511,0,3.71547,1,-0.559958,0.776344,-0.289373
-6.23987,78.8498,-55.8312,-0.132817,0,3.23907,0,-0.257096,0.374741,-0.89077
-17.2974,75.6943,-94.4822,-1.59114,-0.0336185,-3.9,0,-0.112161,-0.974427,-0.194708
-9.72488,84.9662,-49.6092,0.498719,0,-3.5,0,-0.994507,0.0229667,0.102121
7.17619,60.9017,-60.8943,-2.7773,-0.358037,-3.5,0,0.355899,-0.812408,-0.461875
1.76556,77.4609,-55.6897,0.189067,0,-1.17137,0,-0.182331,0.14498,0.97249
-3.8585,63.424,-75.2155,-0.187905,0,2.8,0,-0.913827,-0.154668,0.375497
-5.59506,71.8884,-60.8981,0.233554,0,4.5,1,0.634223,0.773063,0.0115725
-16.3181,64.0194,-61.9743,-0.0921648,0.509361,-3.2,0,-0.986307,0.0377428,-0.160542
7.83512,82.2053,-55.98,0.0382278,0,4.2,0,0.531208,-0.0670077,0.844588
-15.7865,73.7072,-68.2151,0.235804,0,3.8,1,0.886783,-0.191712,0.420551
-11.474,92.7681,-66.391,0.164752,0,-3.2,0,0.370563,0.92874,-0.011175
-6.16131,92.6478,-67.9611,0.0169303,0,-0.510521,0,0.431171,-0.791372,-0.433383
8.05637,86.3388,-52.794,0.0484185,0,-1.3,0,0.654538,0.372503,0.657891
-1.12,90.3765,-61.0755,0.156977,-0.0348628,-0.441789,0,0.931502,-0.161821,0.325757
1.14887,78.5211,-50.9897,0.145447,0,4.5,0,0.860282,-0.22719,-0.456398
-7.27588,92.944,-59.8203,-0.63498,-0.305626,-0.8,0,0.0527353,0.565009,0.823398
-12.1826,59.3198,-72.453,0.867962,0.648529,-3.5,0,-0.545281,-0.838129,-0.0144447
8.00875,83.8941,-51.2733,0.205727,0,-1.3,0,0.752367,0.126352,0.646513
1.66669,63.2739,-74.1946,0.249423,0,2.8,0,0.890986,-0.0882209,-0.445378
1.61,91.3012,-55.3237,-0.343362,0,1.9,0,-0.783193,-0.439253,0.440074
-8.73325,76.9717,-56.1409,0.906711,0,1.8,1,-0.665752,0.691661,-0.279964
-8.99625,103.16,-58.1864,2.8338,0.318259,-3.9,0,0.586997,-0.0364209,0.808769
2.08825,67.0464,-56.0376,-0.138962,0,-1.3,0,-0.424537,0.905399,-0.00451358
-2.36459,93.9155,-66.3854,-0.14682,0,1.58017,0,0.577611,0.0388761,-0.815386
-9.3015,104.93,-63.9416,0.307605,0,-3.9,0,0.271957,0.928788,-0.251776
2.7945,61.5883,-67.0781,-0.308535,-0.200756,1.31521,0,0.996515,0.0414869,0.0723644
2.09931,59.1937,-69.9508,-0.252345,-0.0254453,-0.4,0,0.576743,-0.745049,-0.335068
-19.1419,83.6894,-90.1,0.251492,0,4.2,0,-0.848622,-0.10255,-0.518964
-10.1096,101.164,-69.1371,-0.0788235,0,2.8,0,-0.389496,-0.55916,-0.73187
3.943,69.4037,-56.288,-0.133958,0,3.8,0,-0.712234,0.602839,0.359593
-21.9972,68.4055,-64.9236,0.419993,0,-1.6,0,-0.0390914,-0.975436,0.216788
15.5225,58.7414,-58.0566,2.73076,0.469202,-3.9,0,0.189097,-0.783923,0.59136
12.8313,59.5802,-57.6699,0.689974,0,-3.9,0,-0.0205979,-0.530079,0.847698
7.652,74.4372,-66.16,0.210721,0,4.5,0,0.567357,0.452921,-0.687727
-4.83187,89.7586,-59.451,0.153433,0,4.5,0,0.397204,0.468704,0.789016
-15.0925,62.6903,-62.6451,-0.415188,0,-3.2,0,-0.57703,-0.611768,-0.541089
-8.86175,105.235,-61.125,0.781073,0,-3.9,0,0.4943,0.869001,-0.022459
-6.682,84.6953,-47.314,0.464525,0,-3.5,0,-0.309056,-0.190873,0.931693
-19.4483,70.7389,-62.3294,0.157996,0,3.8,0,0.0232717,-0.45658,0.889378
-6.68175,60.9605,-52.5052,0.100049,0,4.5,0,-0.7891,-0.237364,0.56655
-21.8757,73.9615,-62.771,0.324953,0,4.5,0,-0.161679,-0.640739,0.750542
-12.7196,77.5036,-96.5052,-2.03379,-0.112449,4.5,0,0.937111,-0.0192937,-0.348498
-9.82938,82.8962,-92.8365,0.128843,0,3.8,0,0.709204,0.0353381,-0.704117
8.03975,83.9899,-54.1726,0.0986378,0,-1.3,0,0.765365,-0.635014,-0.104758
-13.0427,69.06,-61.1225,0.167435,0,2.09247,1,-0.0754456,0.943008,0.324104
-23.0952,93.5518,-70.3169,0.0806068,0,-2.92375,0,-0.846792,-0.404788,-0.345094
1.12494,58.4224,-50.1574,0.0896028,0,-1.6,0,0.359993,0.187199,0.913981
-8.46169,78.971,-54.8482,0.0744384,0,-0.200587,0,-0.586806,0.0859533,-0.805153
14.3904,66.9518,-66.0634,0.391399,0,2.8,0,0.537389,-0.604563,-0.587976
-24.9028,78.0427,-65.4311,0.268447,0,2.36898,0,-0.0909737,0.565576,0.819663
-26.11,73.8767,-63.6182,0.224173,0,4.5,0,-0.288271,-0.483666,0.826418
-22.7597,87.3679,-69.5928,0.0752664,0,3.8,0,-0.612246,0.784119,-0.101551
3.06862,78.235,-65.5706,0.23596,0,4.5,0,-0.686044,0.206251,-0.697713
-17.0972,87.8791,-78.9985,0.198693,0,3.8,0,-0.867922,-0.494263,-0.0491379
-20.9515,92.2005,-71.4053,0.108576,-0.0661297,-0.929802,0,-0.638055,-0.519055,-0.568742
-4.28894,62.2056,-49.5631,0.0681544,0,4.5,0,0.0689683,0.468179,0.880938
-7.30125,87.072,-64.0062,-0.125928,0,3.8,0,0.712615,-0.681078,-0.168265
-9.701,85.1762,-51.1659,1.01933,0.746882,-3.5,0,-0.904712,-0.0699646,-0.420238
-8.35656,73.8222,-48.8686,0.0779151,0,4.5,0,-0.702947,0.0445648,0.709845
-9.9815,79.2012,-52.5868,0.152316,0,4.5,0,-0.791563,0.593033,-0.147444
-3.84625,93.0246,-77.7684,0.249596,0,3.18555,1,0.890467,-0.436697,-0.12792
-10.4502,84.1402,-92.7477,0.118446,0,3.8,0,0.242667,0.591706,-0.768763
-10.5844,81.7773,-49.299,0.144261,0,3.8,0,-0.917586,0.370299,-0.144619
-7.442,55.8988,-61.1123,-0.192406,0.856724,-3.5204,0,-0.359223,-0.784601,0.505332
-2.56975,102.948,-66.0251,0.226012,0,-0.4,0,0.695237,0.692457,-0.192738
0.530937,75.6744,-54.6427,0.10133,0,4.5,0,0.494159,-0.323919,0.806773
0.89675,79.8435,-48.2902,0.109025,0,4.5,0,0.530248,-0.148771,0.834688
-10.3874,57.0761,-71.9638,0.551289,0,-0.9,0,-0.886563,-0.194115,-0.419911
8.66288,86.0184,-60.5094,-0.00444572,0,4.5,0,0.496091,-0.713555,-0.494705
0.892625,71.1329,-70.1246,1.26909,0.849215,-4.5,0,-0.899462,0.421934,0.113758
-1.56613,56.9772,-71.0359,-0.280564,0,-3.5,0,0.420112,-0.715485,-0.558201
-20.7585,91.2015,-70.083,0.011626,0,4.5,0,-0.911511,-0.323034,0.254551
-6.68119,94.2103,-61.914,0.0789334,-0.10804,-1.14136,0,-0.458643,0.800701,0.385388
-1.38231,81.3713,-46.8325,0.169706,0,4.5,0,0.904812,-0.380047,0.192041
-10.0176,81.73,-66.3585,0.44976,0,2.8,1,0.068708,-0.910147,0.408547
-10.6888,93.5635,-62.5105,0.0955748,0,-0.8,0,-0.589044,0.804315,-0.0781332
-5.78925,95.6375,-61.9885,1.11623,0.0508674,-3.9,0,-0.92408,0.248746,0.290176
-0.657094,63.2592,-77.0231,-0.442892,0,2.8,0,0.636425,0.310893,-0.70591
-14.076,83.297,-79.05,-0.409373,0,2.8,1,0.309261,0.00300167,0.950973
3.40169,83.3154,-61.9683,0.418414,0,-0.9,0,-0.48392,-0.465816,-0.740836
-8.695,83.552,-52.202,0.0103108,-0.45994,-2.08657,0,-0.767912,0.441991,-0.463632
5.34491,80.8328,-54.4893,0.421882,0,-1.6,0,0.569364,-0.163257,0.805712
-0.743,85.3871,-58.2648,0.281257,0,-0.9,0,-0.797005,0.316549,0.514374
-4.87156,62.8834,-51.4137,0.079896,0,4.5,0,-0.498873,0.793001,0.34968
-13.5187,81.6224,-82.7754,0.151737,-0.0568171,1.00318,0,0.492416,-0.869759,-0.0323252
7.632,60.554,-59.1942,-0.920673,-0.228406,-3.57477,0,0.300944,-0.895129,-0.328901
0.23975,89.7725,-53.1608,0.141137,0,-0.7,0,-0.0568402,0.505071,-0.861204
2.42125,81.9668,-50.454,0.17879,-0.239321,-0.724457,0,0.717315,-0.696515,-0.0180417
-9.12988,82.3815,-89.4777,0.335335,0,3.8,0,0.983311,0.00112432,0.18193
-18.1183,91.664,-72.5851,0.224645,0,4.5,1,-0.472943,0.0284265,-0.880634
-14.5013,96.5745,-68.5685,-0.784755,-0.0399615,-2.31557,0,0.579694,0.0225701,-0.814522
0.3005,66.9035,-71.9875,0.484474,0.383616,2.8,0,0.396181,0.786115,-0.474409
2.82528,56.5323,-68.7614,-0.494408,0,-3.5,0,0.359757,0.129507,-0.924015
-1.31641,77.1757,-48.4748,0.113318,0,4.5,0,0.198371,-0.444741,0.873415
-9.81291,75.7673,-56.1394,0.750275,0,3.05742,1,-0.675645,0.529633,-0.512827
-13.2421,67.3547,-69.8693,0.327868,0,4.2,0,-0.111474,0.904848,-0.410883
-10.4798,78.8285,-50.5552,-0.0336772,0,4.3816,0,-0.834824,0.55036,-0.0131582
-4.77875,92.8865,-83.1076,-0.26835,0,-1.3,1,0.160433,0.959286,-0.232446
-6.71722,84.7457,-68.0387,0.134385,0,3.8,0,0.639133,-0.742139,0.201837
-11.0689,95.4811,-62.6856,0.133206,0,4.5,0,0.435683,-0.833917,0.338766
-7.87184,93.4601,-81.9529,0.386173,0,-1.3,1,0.0548534,0.879417,-0.472881
-4.96588,90.0268,-73.4333,0.271098,0,1.40267,0,0.514738,-0.722604,0.461398
7.10894,63.1643,-49.8424,0.0338239,0,4.5,0,0.636285,-0.434436,0.637501
-13.3994,63.7141,-72.7387,-0.000574941,0,-3.5,1,0.0446168,0.865232,-0.499382
7.0195,69.8105,-55.045,-0.00349676,0,3.8,0,0.505755,0.578075,0.640345
7.887,68.1807,-55.1151,-0.0329608,0,3.8,0,0.801514,0.486186,0.348136
-12.9639,90.0908,-63.1208,0.252824,0,-0.9,0,-0.680281,0.502041,0.534015
-5.62506,96.7054,-62.3486,0.559331,-0.0912772,-3.9,0,-0.990719,0.131456,0.0345777
-11.5196,72.062,-58.4789,0.357867,0,3.8,1,-0.207893,0.364125,-0.907851
-26.6772,79.0278,-69.5807,0.385989,0,-3.9,0,-0.464672,-0.174728,-0.868072
-5.179,101.672,-72.2907,0.0382615,0,2.8,0,0.174283,-0.703109,-0.689393
-15.6613,66.0936,-70.2038,0.0421511,0,4.2,1,-0.0766978,0.750391,-0.65653
10.6144,67.0354,-53.9272,-0.0208225,0,-0.7,0,0.213569,0.976863,-0.0112964
-26.1155,81.3365,-67.6465,0.435073,0,-3.9,0,-0.154815,0.977208,-0.145248
-9.47625,94.0029,-62.39,0.0951726,0,-0.8,0,-0.303463,0.949498,-0.0797765
-1.28869,68.1257,-54.7574,-0.0174615,0,2.8,0,0.390822,0.798257,-0.458306
2.45734,90.9105,-52.4929,0.252051,0,-1.6,0,-0.627729,0.365255,0.687419
0.571531,84.1066,-45.7443,0.261593,0,4.5,0,0.905636,-0.422909,0.0311614
1.22469,56.6841,-54.3031,0.58728,0,0.15345,0,0.345424,-0.925746,0.153872
-9.78953,105.033,-62.454,0.63429,0,-3.9,0,0.176676,0.970211,-0.165762
-11.7522,73.0362,-57.7972,0.326512,0,3.8,1,-0.173846,0.631384,-0.755733
-15.942,91.75,-74.6115,0.204675,0,3.8,1,-0.661341,-0.584703,-0.469841
-18.3286,82.582,-90.4626,0.390682,0,4.2,0,-0.795909,-0.127312,-0.591879
-15.74,68.9512,-62.4093,0.151558,0,4.2,0,-0.457852,0.133322,0.878975
-16.1295,83.709,-84.341,0.0988822,0,1.8,0,-0.98616,0.0267864,0.163616
-12.3454,60.5395,-59.1593,0.349398,0,-3.2,1,-0.247734,-0.937717,-0.243547
-9.80706,59.2942,-58.1871,-0.331902,0,3.8,1,-0.429712,-0.441137,-0.787874
-0.320812,76.1001,-67.6028,0.475217,0,2.8,0,-0.0178541,-0.527264,-0.849514
-15.132,63.1965,-69.033,0.43426,0,-1.3,1,-0.0308581,-0.854655,0.518278
9.90844,71.7168,-56.7459,0.297795,0,-1.3,0,0.595897,0.616586,0.514517
-4.8915,79.759,-48.0023,0.808477,0,3.8,0,0.289526,-0.743543,0.602759
-12.6154,81.0964,-80.5381,0.45723,0,2.8,1,0.694244,-0.700038,0.167248
-9.61031,103.863,-70.9222,0.294883,0,2.8,1,-0.950145,0.211807,-0.228827
-9.54625,101.821,-60.381,1.8872,0,-3.9,0,0.229153,-0.971151,0.0659858
-6.88,88.5785,-70.1055,0.0277093,0,1.76908,0,0.781105,0.567749,-0.259876
5.089,92.6489,-52.4984,0.512535,0,-1.6,0,0.380784,0.429472,0.818876
-14.2302,96.4096,-71.9981,-1.35932,-0.37246,1.8,0,0.456831,0.462208,0.760045
-14.1652,86.7924,-64.5555,0.0377985,0,-2.88365,0,-0.641609,-0.671876,0.370027
-20.0412,77.3388,-88.5847,1.17641,0,-3.9,0,-0.508678,-0.860891,0.0106392
-29.026,81.3235,-67.0375,2.40269,0,-3.9,1,-0.149038,0.970956,-0.187169
-7.84925,102.329,-72.1185,-0.374641,0,2.8,0,-0.490977,-0.57968,-0.650317
-4.603,66.089,-59.368,0.447404,-0.762889,-1.3,0,0.779988,0.33163,0.530698
-27.2007,73.8593,-68.0847,0.440843,0,4.5,0,-0.359381,-0.635559,-0.683308
-25.501,71.6728,-67.9001,1.14044,0,4.5,0,-0.702712,-0.337859,-0.626137
-1.4585,97.0791,-72.7167,0.362254,0,-0.9,0,0.585763,0.0464782,0.809148
-9.90531,84.489,-87.239,0.567078,0,-0.8,0,0.858372,0.438957,-0.265544
-6.22953,86.622,-69.5025,0.115925,0,3.8,0,0.706383,-0.00185545,-0.707827
-14.808,70.6651,-64.1914,0.239175,0,4.2,1,0.253627,0.967102,-0.0196652
16.6943,66.9133,-56.0322,0.325376,0,4.5,0,0.949817,0.171064,0.261886
-15.9878,89.0508,-65.5345,-0.342925,0,-3.5,0,-0.310344,0.254513,0.91592
-8.14084,90.2755,-59.2444,0.0414369,-0.787142,-0.348957,0,-0.432841,0.128731,0.892232
3.98841,87.3467,-52.6278,0.191398,0,-1.3,0,0.00140275,0.563855,0.825873
0.396688,86.1579,-56.0674,-0.243227,0,-0.7,0,-0.752363,0.59796,-0.276394
1.97312,82.2907,-55.2884,0.16335,0,-1.6,0,-0.533194,-0.341774,0.773883
-0.965094,78.5997,-54.9941,0.245408,0,4.2,0,0.86032,0.458655,0.222452
-0.246562,80.7864,-62.3779,0.185511,0,4.5,0,-0.119709,0.665033,-0.737157
9.87769,89.4733,-59.3597,0.29549,0,4.5,0,0.605807,0.712962,0.353106
-1.71034,63.8563,-58.1965,-0.28322,0,4.5,0,-0.274085,0.952209,0.13482
-3.70578,91.421,-79.7453,0.472838,0,-1.3,1,0.781987,-0.348342,0.51687
-0.593375,55.7946,-55.4089,0.492589,0,-2.31627,0,0.448541,-0.583525,0.676986
-10.9178,58.1236,-72.0151,0.861248,0,-3.5,0,-0.674848,-0.646051,-0.356649
-1.12878,55.6346,-52.2351,0.649698,0,-1.6,0,0.050359,-0.997703,-0.045303
-24.1572,81.6036,-69.8734,0.0703005,-0.126454,-3.9,0,-0.646854,0.583994,-0.490439
-19.2422,91.1101,-71.9932,0.267166,0,4.5,1,-0.533047,0.108298,-0.839126
-14.9245,66.6856,-58.9552,0.619289,0,3.8,0,-0.867669,0.462661,-0.181923
7.39975,78.3454,-64.956,0.180766,0,4.5,0,0.906088,-0.152865,-0.394507
-21.0097,68.5459,-66.1554,0.133632,0,-1.51991,0,-0.70326,-0.679418,-0.209325
-21.786,98.6595,-69.5796,0.0280042,-0.0626513,-1.05876,0,-0.96669,0.0757704,-0.244479
2.10175,88.7974,-62.9382,0.504592,0,-0.9,0,0.140574,0.973985,-0.177744
-16.7425,83.3932,-94.1984,-0.00710173,0,4.5,0,-0.584581,0.747549,0.315334
-0.264688,80.0692,-57.0679,0.258819,0,4.5,0,0.0858555,0.00101123,0.996307
-11.026,89.01,-60.42,0.049829,0,-0.9,0,-0.0785664,0.493383,0.866257
9.62975,66.6014,-51.9801,0.0524469,0,-0.7,0,-0.0961589,0.66086,0.744324
-7.69094,82.5597,-62.8829,0.444525,0,-0.9,0,0.713549,-0.658026,-0.24052
-24.939,77.7115,-71.4625,0.320164,0,-0.8,0,-0.896942,0.289398,-0.334282
2.42213,72.0001,-66.6938,0.297123,0,-1.33911,0,0.00798773,0.889509,-0.456849
-25.4489,80.0457,-65.9333,0.453445,0,-3.9,0,0.286472,0.262842,0.921329
7.45625,71.2353,-64.7158,0.275513,0,4.5,0,0.895517,-0.211095,-0.391775
-18.6933,79.2357,-66.1301,0.108457,0,4.5,1,0.774802,-0.543227,0.323397
-12.2319,76.8054,-92.0145,0.0476325,-0.276816,-4.5,0,0.702026,-0.57428,-0.421144
-14.1838,64.304,-67.7617,0.0645272,0,4.2,1,-0.226858,-0.740126,0.633048
6.27169,71.6589,-65.8572,0.446443,0,4.5,0,0.495625,-0.453464,-0.740761
3.33737,60.1861,-64.5995,-0.367769,0,4.2,0,0.914117,-0.176356,-0.365086
-9.87447,87.7283,-88.2256,0.223516,0,-0.7,1,0.982632,0.110439,0.149122
-16.8745,82.975,-85.1607,0.23117,0,-0.7,0,-0.76883,0.535514,0.349463
6.92956,58.2691,-55.2609,0.114816,0,1.8,0,0.280913,-0.727869,-0.625536
-12.8564,77.2623,-87.9382,1.21307,0,-4.5,0,-0.650229,-0.537748,0.536684
-22.9083,69.9284,-68.0844,0.444905,0,-1.6,0,-0.00879203,-0.757338,-0.652964
-4.55306,96.985,-66.244,0.505814,0,-1.3,0,0.362752,0.787712,-0.497917
-25.9985,73.1969,-68.6781,0.985938,0,4.5,0,-0.635362,-0.492843,-0.594492
-5.27759,50.2163,-68.5789,0.466867,0,-1.6,0,0.0840991,-0.921089,0.380161
-0.25875,51.8109,-57.8408,3.1014,0.263328,-3.9,0,0.452247,-0.763718,-0.46066
-0.131812,90.9755,-50.9231,0.107189,0,-0.7,0,0.356749,0.929013,-0.0983095
-12.8141,63.5561,-55.1811,0.450253,0,3.8,1,-0.821758,-0.485181,0.298853
-10.2155,67.9515,-67.8815,1.37344,0.294332,4.2,1,0.270731,0.798961,-0.536998
-2.082,80.32,-57.328,0.154926,0,4.5,0,-0.992875,0.0292503,0.115511
-11.7974,76.2784,-90.3082,0.356297,0,-4.5,0,0.378003,-0.893475,-0.242519
-1.952,101.142,-65.5255,-0.491665,-0.181235,-0.4,0,0.829228,0.300066,-0.47153
-16.7722,98.0121,-70.2475,-1.75111,-0.17924,-0.782378,0,0.994847,0.101388,-0.000591841
2.01516,55.7711,-56.5039,0.601293,0,1.9,0,0.544645,-0.610374,0.575157
-16.8574,81.7187,-65.2712,0.183156,0,4.5,0,0.835299,-0.0910635,0.542202
-7.96884,57.0674,-52.7379,0.244709,0,4.2,0,0.0040585,0.394245,0.918996
-9.68538,66.5806,-69.3584,0.525145,0,4.2,0,0.78899,0.606961,-0.0953536
-5.73912,85.7119,-46.8889,0.601601,0,-3.5,0,-0.534272,-0.0771917,0.841781
-1.33753,91.3046,-49.1651,0.457877,0,-0.7,0,0.131253,0.989916,0.0532777
3.10825,67.4853,-52.3247,0.236175,0,2.8,0,0.301069,0.728505,0.615336
-1.96144,65.1046,-73.3223,0.302437,0,2.8,0,-0.799101,0.584882,0.13911
5.26988,76.3093,-65.8242,0.0951045,0,4.5,0,0.100056,-0.286554,-0.952825
-8.83144,59.0482,-66.3571,-0.275664,0,-1.00295,1,-0.523905,-0.663787,0.533771
-2.22438,65.7834,-71.2149,0.591307,0,2.21501,0,-0.831341,0.230631,-0.50565
-3.489,93.8242,-79.2025,0.244453,0.0940978,-1.06984,1,0.823847,-0.167393,-0.541531
-9.9195,96.6271,-79.2306,0.239411,0,-0.9,1,0.239682,0.87789,-0.414561
-15.932,65.1057,-57.7206,0.30149,0,3.8,0,-0.921609,-0.0815995,-0.379445
8.719,71.9155,-61.8275,0.166659,0,4.5,0,0.9634,-0.139566,-0.228869
-4.57225,67.3135,-66.5774,0.560615,0,-1.3,0,-0.340519,0.753808,-0.561979
-8.403,100.12,-69.7186,0.292029,0,2.8,0,-0.330086,-0.768635,-0.547945
10.2655,62.1616,-61.1438,0.363944,0,-3.9,0,-0.152666,-0.52687,-0.836123
-1.29325,86.2961,-59.3137,0.277628,0,-0.9,0,-0.861648,-0.0693442,0.502747
-4.47606,93.8893,-71.3826,0.186913,0,-1.3,0,0.766376,-0.621771,0.161459
-4.16169,88.1642,-67.2934,-0.122771,0,3.31637,0,0.469889,0.0751759,-0.879518
-3.28331,96.4058,-66.3893,0.256013,0,-1.3,0,0.512452,0.63039,-0.583096
-19.6087,78.2653,-64.6693,0.133351,0,4.5,0,0.501077,0.625598,0.597954
-19.8744,75.2778,-62.6322,0.276704,0,4.5,0,0.158453,0.0950177,0.982784
-9.63494,95.2326,-81.4942,0.147932,0,-0.9,1,0.879535,0.316655,-0.355174
-17.434,93.6348,-66.083,0.844491,0.112042,-3.2,0,-0.79517,0.01381,0.606229
-3.45875,78.1562,-66.0688,0.385619,0,2.8,0,-0.882882,0.346702,-0.31673
0.596563,56.1494,-52.8962,0.497603,0,-1.6,0,0.334127,-0.870582,-0.361174
3.00738,69.0605,-57.455,-0.146831,0,-1.3,0,-0.460998,0.684466,0.564789
-16.0374,64.2329,-58.673,0.374788,0,-3.2,0,-0.91437,-0.162446,0.370863
2.34559,89.472,-52.0467,0.153011,0,-1.37703,0,0.765455,-0.225652,0.602628
6.96847,91.8518,-53.9917,-0.143272,0,-1.6,0,0.936851,0.122553,0.327552
-8.70384,92.4601,-84.6712,0.458358,0,2.5,1,0.345094,0.447754,-0.82488
-5.37981,69.4275,-53.2821,0.24637,0,4.5,0,0.509859,-0.732718,0.450741
15.4404,62.6268,-60.6084,0.927191,0,-3.5,0,0.930764,0.127099,0.342818
-2.19956,86.1947,-60.7509,0.165542,0,4.14722,0,-0.247181,-0.937491,0.244973
10.9607,64.1497,-64.3359,-0.197601,0,-1.3,0,0.0790864,-0.747015,-0.660087
0.7395,67.9995,-71.3102,0.300092,0,-3.77588,0,-0.164763,-0.542516,-0.823729
-28.2799,73.5567,-67.078,0.308285,0,4.5,0,-0.400205,-0.807672,-0.433014
-1.54325,75.6198,-64.4888,-0.254451,0,2.8,1,-0.584116,-0.805891,0.0966839
12.1175,63.1115,-56.5406,0.870775,0,-3.9,0,0.640837,-0.509014,0.574659
-6.14506,82.6367,-47.6704,0.0447495,0,1.45005,0,-0.494179,0.18198,0.850101
-15.9576,96.1245,-75.7713,0.442421,0,2.63228,1,-0.260477,0.0855675,-0.961681
6.52959,61.6182,-62.6102,-0.928714,-0.11191,-3.30024,0,0.390192,-0.902579,-0.181938
-14.2867,93.652,-84.1937,-0.0913017,0,-0.9,0,-0.129231,-0.314464,-0.940432
3.10719,65.6574,-50.7496,0.0720449,0,4.5,0,-0.0758808,0.828288,0.55514
-19.6518,95.6924,-66.2412,0.225736,0,-3.5,0,0.282287,-0.159024,0.946058
-1.60875,87.3723,-59.666,0.441768,0,-0.9,0,0.0259999,-0.0714218,0.997107
-3.1035,76.6598,-48.9368,0.10065,0,4.5,0,-0.129842,-0.101218,0.986355
-10.6827,63.6831,-53.0082,0.168655,0,3.8,0,-0.325318,0.270179,0.906185
6.77881,80.6333,-63.5973,0.186982,0,4.5,0,0.387451,0.835236,-0.390209
4.91119,75.2315,-55.3324,0.110732,0,3.8,0,-0.264075,-0.161957,0.950807
-14.5431,71.6226,-54.5664,0.180576,0,3.8,0,-0.801218,-0.0976977,0.590343
7.59169,63.0998,-51.831,-0.63844,-0.493712,-0.134294,0,0.729575,-0.522152,0.441676
-5.51113,87.5044,-48.5807,0.368389,0,-3.5,0,-0.450371,0.891823,-0.0426319
-18.3369,71.9769,-62.5331,0.193486,0,3.8,0,0.230765,-0.055624,0.971418
0.068125,70.4561,-59.0202,0.0790072,0,3.8,0,0.263399,-0.160641,0.951218
8.53028,86.997,-56.0364,0.502036,0,-1.3,0,0.952329,0.255474,0.166741
17.106,71.1305,-66.3572,0.272101,0,4.5,0,0.614178,0.225584,-0.756239
-2.5975,64.1902,-77.9121,0.0610607,0,2.8,0,0.082302,0.534907,-0.840893
-1.34875,82.6215,-56.6235,0.125636,0,4.5,0,-0.965253,0.177197,0.192064
-5.0705,64.417,-55.7175,-0.178119,0,3.51144,0,0.678934,0.679346,0.278457
-1.01303,59.5157,-75.1479,0.209396,0,2.8,0,0.348223,-0.792796,-0.500215
-5.48238,56.0247,-71.868,-0.519793,-0.292171,-0.875566,0,0.65938,0.125282,-0.741298
-6.85781,63.907,-69.6864,-0.219936,0,-0.433583,0,0.51326,0.762749,-0.393419
-0.61125,56.1799,-53.8441,0.339626,0,-1.6,0,0.361911,-0.932049,0.0174735
-15.2603,89.8016,-76.5315,0.299878,0,3.33045,1,-0.882626,0.283317,0.375105
-9.65637,60.7049,-53.7551,0.228093,0,3.8,0,-0.161065,-0.56367,0.810145
-14.1666,69.8173,-65.9848,0.250996,-0.0469675,4.2,1,0.365444,0.785882,-0.498838
-1.70275,85.4275,-63.9255,0.197858,0,2.8,0,0.0388052,-0.903387,0.427066
-13.4389,82.978,-69.367,-0.0401597,0,2.8,1,-0.315418,-0.878448,-0.358943
-2.8095,96.9107,-59.8639,0.488422,0,-3.9,0,-0.0214067,0.500521,0.865459
-8.67813,67.2854,-53.6927,-0.243373,0,4.5,0,0.643396,-0.368462,0.671027
-29.7206,79.592,-68.3878,1.93838,0,-3.9,0,-0.586287,-0.157483,-0.794649
-13.6283,97.7351,-73.1208,0.162942,0,3.71401,0,0.0592287,0.670877,0.7392
-13.019,64.2235,-66.8968,-0.919754,-0.00764981,4.2,1,-0.626913,-0.699211,0.343632
-15.9439,84.0691,-95.5877,0.0276109,0,4.5,0,0.107861,0.994106,-0.0109126
-3.71205,83.9815,-54.8156,0.152705,0,4.5,0,-0.253078,-0.344681,-0.903962
-2.55125,52.917,-55.7796,1.85896,0,-3.9,0,-0.588714,-0.419283,0.691099
-23.0976,68.657,-65.9114,0.526398,0,-1.6,0,0.177777,-0.931889,-0.316194
-16.269,81.433,-81.334,0.0509832,0,2.8,0,-0.612678,-0.747972,-0.255271
-0.331125,77.6309,-55.846,0.213598,0,4.5,0,0.440743,0.718286,0.538341
-16.7447,80.9259,-68.1742,0.249424,0,4.5,1,0.983813,0.0262489,-0.177264
-22.8602,70.6556,-63.1903,0.575501,0,-1.6,0,-0.0524201,0.0263132,0.998278
-7.78747,98.2424,-73.9502,1.40223,0.0211459,-0.865002,0,0.435084,0.465335,0.770821
-1.187,82.374,-55.281,0.137815,0,4.5,0,-0.307786,-0.928049,-0.209747
-9.40738,79.535,-90.376,0.545665,0,3.8,0,0.897423,-0.358754,-0.256763
6.97666,84.1608,-60.453,0.576162,0,-0.9,0,0.632713,-0.0774781,-0.770501
-13.7439,70.4607,-57.4977,0.236994,0,3.8,0,-0.505552,-0.339074,-0.793376
-25.3008,78.9337,-70.3052,0.154603,-0.0284563,-1.42066,0,-0.696569,0.0106494,-0.71741
-3.81641,94.2279,-69.3278,0.132396,0,-1.3,0,0.83716,-0.51416,-0.186552
9.33044,80.0492,-59.8051,0.133919,0,4.2,0,0.575089,-0.478356,-0.663663
-8.67912,86.551,-72.659,0.317435,0,-0.9,0,0.217534,-0.963861,-0.153785
3.36853,84.6872,-49.1048,0.250619,0,1.8,0,0.680663,-0.065234,0.729686
-10.5019,95.1747,-83.0495,-0.060074,0,-0.9,1,0.765739,0.186578,-0.615493
0.731438,54.0708,-56.6845,1.49864,0,-3.6692,0,0.787672,-0.409981,0.45988
-10.4326,77.7262,-49.3038,-0.0202678,0,4.08944,0,-0.874903,-0.166527,0.454767
-2.07425,69.3444,-55.2599,-0.00960616,0,4.5,0,0.945515,0.158058,0.284638
2.83137,62.3574,-68.958,-0.357736,0,-0.4,0,0.883693,0.467957,-0.0101535
-13.4531,66.2329,-53.4406,0.171262,0,3.8,0,-0.00556026,-0.479317,0.877624
-3.02537,66.9877,-55.519,-0.0801527,0,4.5,0,-0.503151,-0.863871,-0.0237853
-17.1199,61.8405,-71.8749,0.503346,0,-1.3,0,-0.383553,-0.865959,-0.320941
-7.847,82.8648,-68.7643,0.373238,0,2.8,0,0.761638,-0.647979,0.00562852
-5.68675,86.6884,-62.1292,0.12829,0,4.5,0,0.136179,-0.90668,-0.399232
-9.7175,92.6393,-65.4054,0.388154,-0.438902,-2.14674,0,-0.239681,0.970798,-0.0102015
-1.3625,64.341,-55.8896,-0.0352328,0,2.8,0,-0.354358,0.65396,-0.668406
5.97681,59.1666,-56.3298,0.188345,0,1.8,0,0.429107,-0.765397,-0.479619
-12.5253,63.8927,-64.9362,-0.010446,-0.615034,3.17453,1,-0.412026,-0.799744,-0.436628
-1.1943,99.5973,-63.2729,0.237337,-0.100193,-0.4,0,0.9996,-0.0168664,0.0227232
-9.906,84.3802,-83.2155,0.11414,0,-0.8,1,0.770417,-0.555931,0.312086
7.02409,69.8003,-65.379,0.459899,-0.449804,-1.3,0,0.428872,0.640501,-0.637045
-4.49331,67.4522,-57.1952,-0.165954,0,2.99106,0,0.423849,-0.901485,-0.0876123
-6.13772,58.7664,-53.0283,0.192104,0,4.5,0,-0.53503,-0.194637,0.822107
6.64,76.383,-55.2645,0.157934,0,3.8,0,0.205548,-0.0561524,0.977035
-17.6124,80.1323,-93.2319,0.192127,0,-1.37906,0,-0.929669,0.286421,-0.231687
-12.311,91.2823,-63.5231,0.1263,0,-2.90747,0,-0.532296,0.517577,0.669906
-0.41725,78.444,-65.591,-0.372057,0,2.8,0,0.382017,0.917863,-0.107657
-17.2751,82.8791,-69.8735,0.0942651,0,3.8,1,0.653522,-0.557622,-0.511826
-7.80113,92.3166,-70.1654,0.319834,0,-1.3,0,0.543556,-0.809415,0.222248
-6.858,99.443,-68.8378,0.170874,0,2.8,0,0.309235,-0.888969,-0.337799
-3.72487,67.9573,-60.2821,0.120604,0,3.8,0,0.394631,-0.561273,0.727488
8.03919,65.4832,-51.1982,-0.0409681,0,4.5,0,0.406243,0.585028,0.701932
-17.4751,102.591,-68.1124,1.2746,0,3.20365,0,-0.502513,0.806874,0.31054
3.34334,61.7521,-65.4135,-0.109325,0.288215,4.2,0,0.67371,-0.480122,-0.561781
-18.2879,98.027,-74.8922,0.103398,0,1.8,1,-0.546584,0.330032,-0.769626
2.43372,56.8466,-62.38,-0.563283,0,4.06122,0,0.837414,-0.530078,0.133249
-14.9853,98.8251,-73.775,0.261647,0,1.9314,0,0.521052,0.845869,0.114064
-5.37956,88.6284,-75.5676,0.225025,0,3.8,0,0.51755,-0.699133,0.49331
5.813,86.26,-51.782,-0.458409,0,-1.3,0,0.246652,0.684917,0.685603
-15.4556,85.4932,-66.364,0.42339,0,1.55131,1,-0.321364,-0.624689,0.711681
-12.9897,90.6143,-85.4542,0.127338,0,2.5,0,-0.67133,0.331345,-0.662968
-18.3978,99.6905,-71.1608,-0.270467,0,-0.123684,1,-0.492494,0.838317,-0.233827
-1.92556,54.2682,-68.3109,-0.586754,-0.155965,-3.5,0,0.196657,-0.660779,-0.72436
-11.7848,61.2965,-61.9303,0.669199,0,-1.6,1,-0.325479,-0.843735,-0.426818
-9.01303,93.4428,-66.136,0.2579,0,-0.805768,0,-0.861288,0.458649,0.218689
-15.6859,69.636,-67.2879,-0.614832,-0.0121373,4.2,1,0.212865,0.758151,-0.616356
-10.4023,100.24,-68.1817,-1.46279,-0.0812382,-3.9,0,0.0134369,-0.715618,-0.698363
-8.79963,93.5381,-63.9264,0.0863496,0,-0.419899,0,-0.581986,0.797848,-0.157258
-16.6475,81.809,-82.7223,0.101847,0,1.01649,0,-0.962236,-0.142069,0.232204
-5.44325,96.9884,-60.6982,-0.0468535,-0.696088,-3.9,0,-0.815808,-0.00404262,0.578309
-6.94231,87.2228,-75.9677,0.252191,0,4.5,0,0.397013,-0.687269,0.608311
-14.8129,97.5229,-63.5128,0.206351,0,4.5,0,-0.863429,0.0558146,0.501373
-13.0946,87.1464,-90.4216,0.0459553,0,-0.7,0,-0.402583,0.580215,-0.70801
-15.3237,91.6387,-76.0034,0.238847,0,3.8,1,-0.967493,-0.228339,-0.10871
-11.2826,61.667,-75.3376,0.310142,0,-3.5,0,-0.112478,0.179122,-0.977376
-13.668,97.9869,-68.5658,-2.37178,-0.649364,4.5,0,0.441279,-0.374721,-0.815388
-9.0665,81.6357,-68.359,0.228928,0,2.8,0,0.582715,-0.806279,0.101777
-14.6906,90.5871,-82.5351,0.0700894,0,2.77897,0,-0.723889,0.11619,-0.680062
1.44081,61.4046,-73.4256,0.433378,0,0.112432,0,0.731602,-0.41692,-0.539385
-1.60656,74.5736,-60.0001,0.24857,0,4.5,1,-0.921714,0.281203,-0.26715
5.55294,64.9258,-66.6858,0.164993,0,-3.2,0,0.161171,-0.0549469,-0.985396
11.1054,62.1543,-56.0007,0.892694,0,-3.9,0,0.664476,-0.434877,0.607745
-2.70913,71.672,-58.4259,0.151465,0,4.5,1,-0.593826,0.532803,-0.602902
-16.0732,68.4664,-68.5459,-0.268771,-0.191943,0.025701,1,0.123014,0.502995,-0.85549
-14.881,63.8309,-72.0321,0.375918,-0.209033,1.57559,1,-0.028244,0.711056,-0.702568
-7.11241,83.8659,-61.5348,0.14361,0,-0.9,0,0.959943,-0.209316,0.18627
0.287844,83.9829,-47.4151,0.820173,0,1.8,0,0.609282,-0.742926,0.277196
-10.581,90.0245,-60.3615,0.128701,0,-0.827545,0,-0.466047,-0.231605,0.853908
-7.70272,89.311,-67.9701,0.119897,0,3.26084,0,0.225342,0.607413,-0.761755
-1.94725,80.429,-54.479,0.107363,-0.0474465,4.2,0,0.782304,0.56933,-0.252714
-6.90963,92.1744,-71.0739,0.253562,0,-1.3,0,0.651593,-0.386557,0.652687
-1.39394,62.3174,-51.5888,0.109584,0,4.5,0,0.398002,0.333652,0.854559
-5.5985,90.8411,-72.5337,0.236693,0,2.45704,0,0.436225,-0.286349,0.85306
-19.8801,82.8691,-65.0276,0.16517,0,4.5,0,-0.518439,0.551565,0.653451
-12.4648,97.1113,-72.5231,0.477075,0,3.02406,0,-0.128283,0.433266,0.89209
8.55469,84.1359,-52.4317,0.307905,0,-1.3,0,0.958637,-0.211511,0.190468
-11.7129,82.1208,-68.7957,-0.448051,0,2.8,1,-0.348158,-0.90742,-0.235319
-20.6561,86.3747,-65.8181,-1.65145,-0.347312,-3.5,0,-0.27739,-0.494157,0.823932
-4.76625,98.5218,-65.6008,0.125405,0,-1.21459,0,-0.286333,0.406189,-0.867769
-1.908,67.0729,-60.7209,-0.19702,0,4.2,0,-0.015349,-0.16712,0.985817
-24.0537,94.359,-68.4366,0.351756,0,-3.5,0,-0.970096,0.161206,-0.181458
2.955,94.564,-54.7206,0.547624,0,1.9,0,-0.321471,0.648075,0.690403
-21.3477,80.8634,-87.6964,3.7479,0.218243,-3.9,0,-0.768343,0.63315,-0.0936503
0.208188,53.923,-59.1357,0.723887,0,0.714114,0,0.494325,-0.758709,-0.424268
-18.4925,98.0286,-66.2757,0.342565,-0.0405138,-3.00432,0,0.0916956,-0.429803,0.898255
-9.52956,64.2379,-72.6747,0.103739,-0.104155,-1.65218,0,-0.27714,0.792057,-0.543911
-16.1395,82.8865,-67.118,0.173639,0,3.3084,1,0.712586,-0.0966098,0.694901
-9.39,81.433,-51.7605,0.169154,0,3.8,0,-0.970168,0.2424,-0.00413138
2.4285,79.1125,-63.0875,0.250633,0,4.5,0,-0.457369,0.66813,-0.586869
-5.7675,96.8055,-68.2715,-0.124521,0,-1.3,0,-0.114446,0.943564,-0.310788
-16.4692,100.402,-71.0865,-0.117682,0,2.65542,0,0.298372,0.522885,-0.798477
-10.3524,80.5404,-50.0006,0.126306,0,3.8,0,-0.94783,0.0687755,-0.311269
-6.24,104.128,-69.8792,-0.372872,0,2.8,0,0.299444,0.762616,0.573367
-4.249,96.483,-71.3955,0.234429,0,-1.04756,0,0.0494569,0.957109,0.285477
-7.10506,97.553,-66.8613,0.007308,0,-1.3,0,-0.121667,0.272554,-0.954417
7.224,88.9901,-54.0382,0.600639,0,-1.6,0,0.92311,0.217757,0.316937
-5.065,99.308,-73.8605,0.392125,0,-0.9,0,-0.245169,0.905171,0.347213
-6.1045,98.2295,-65.923,0.103891,0,-1.3,0,-0.360818,0.188008,0.91349
-18.1555,84.886,-65.981,0.197964,0,-3.5,0,0.0574909,-0.369007,0.927647
-21.6577,92.1963,-69.388,-0.10277,-0.0375393,-3.5,0,-0.442904,-0.893544,-0.0735923
-5.91612,54.701,-56.8771,0.403728,0,3.06963,0,-0.220106,-0.97365,-0.0596569
-11.127,81.0756,-85.7098,0.672057,0,-0.8,1,-0.0836433,-0.558453,0.825308
-3.09538,73.2527,-53.7351,-0.0641212,0,4.5,0,0.681244,-0.304563,0.665693
0.82125,68.8035,-58.346,0.114989,0,-1.3,0,-0.645249,0.19023,0.73991
-29.8146,79.0626,-64.6989,3.52867,0.19898,-3.9,0,-0.488354,-0.150099,0.85964
-9.01769,94.2972,-70.6534,0.587377,0,-1.3,0,-0.653928,0.729403,0.200872
10.0035,70.044,-65.6137,0.276423,0,2.8,0,-0.760991,0.629216,0.158053
-11.7524,62.6118,-63.3239,0.563601,0,-1.6,1,-0.306044,-0.748202,-0.588669
-2.79148,71.4539,-60.0483,0.203268,0,3.8,1,-0.655893,0.720903,0.223837
-15.2135,93.965,-77.5935,0.241794,0,3.8,1,-0.929094,0.306419,-0.207103
-1.51625,69.5397,-57.107,-0.0532503,0,4.5,0,0.929644,-0.368444,-0.00330343
-5.059,66.8597,-58.7957,0.468835,-0.968917,-1.3,0,0.950745,-0.149437,0.271572
0.4825,66.1785,-73.787,0.419694,0,2.8,0,0.606755,0.724885,-0.326175
-4.11928,92.5114,-67.0047,0.530295,0,2.8,0,0.208326,-0.0748275,-0.975193
-8.1795,96.126,-72.099,0.31919,0,-0.645636,0,0.226764,0.853256,0.469609
-19.931,89.5965,-67.86,-1.20723,0,-3.5,0,-0.897086,0.435476,0.0748206
7.12555,90.0926,-54.0203,0.404611,0,-1.6,0,0.901055,0.0719309,0.427697
-11.9087,100.599,-68.758,-0.952611,0,4.2,0,0.445771,-0.520873,-0.727996
-1.87555,65.0852,-55.3955,0.0761515,0,2.8,0,-0.293034,0.319569,-0.901114
-3.83825,102.744,-70.7002,0.243799,0,2.8,0,0.897036,-0.00815245,0.441883
-12.759,63.1765,-67.954,-0.779694,0,4.2,1,-0.545585,-0.655241,0.522491
-1.48812,76.3749,-67.6946,0.34086,0,2.8,0,-0.182285,-0.265734,-0.946656
-7.262,58.3047,-53.2738,0.315344,0,4.2,0,-0.197663,0.247231,0.948581
-4.61387,98.9753,-76.9305,-0.0235761,0,-0.9,1,0.494687,0.83501,-0.240921
2.762,60.6562,-66.4155,-0.358243,0,4.2,0,0.99268,-0.0397995,-0.11403
-0.348104,85.9905,-62.8637,-0.159288,0,-0.0301873,0,-0.118715,-0.991054,-0.0609779
11.7028,63.4313,-54.9872,-0.199873,-0.45296,-0.7,0,0.627351,-0.725652,0.282595
-11.2538,96.4887,-72.2096,1.3573,0.0500781,-0.4,0,-0.0952494,0.0923361,0.991162
-12.6359,62.2643,-62.9406,0.521447,0,-3.2,1,0.0181899,-0.815703,-0.578185
-0.77551,82.1482,-45.6362,0.247233,0,4.5,0,0.809612,-0.553532,-0.19527
-10.7235,63.1688,-73.787,0.29047,0,-3.5,0,-0.282681,0.912721,-0.295014
-10.3689,90.8838,-59.4595,1.12631,0.351585,-0.8,0,-0.410246,-0.630167,0.659233
-8.7205,82.5232,-52.0295,-0.235551,-0.828018,-0.0447616,0,-0.968103,0.249163,0.0263355
-15.2416,91.2626,-64.9179,0.534761,0,-3.2,0,-0.52907,-0.185567,0.82804
-13.8527,90.5541,-84.2559,0.189793,0,2.5,0,-0.781318,0.274322,-0.560615
-18.1111,65.1436,-72.1169,-0.133297,0,-1.3,0,0.0880733,0.645507,-0.75866
-13.8137,86.6124,-63.1742,0.375178,0,-0.9,0,-0.799665,-0.586735,0.127585
-1.97702,74.3057,-54.5168,-0.192723,0,4.2,0,0.681713,-0.572185,0.45593
-0.537875,82.8061,-46.5158,0.406437,0,4.5,0,0.827982,-0.553255,-0.0914052
-1.68061,96.691,-64.7541,-2.55288,-0.738851,-1.3,0,0.838117,0.0531221,-0.542898
