x,y,z,charge,hbond,hphob,iface,nx,ny,nz
-80.369,74.179,-44.172,-0.779088,0,-3.5,0,-0.924495,-0.235099,0.300062
-50.277,75.195,-39.579,-0.609946,0,-3.5,0,0.855477,-0.465629,0.226603
-57.5555,77.4525,-40.5975,0.0585434,0,3.8,0,-0.538179,0.570443,-0.62045
-61.12,81.134,-53.643,-1.91736,-0.549522,-3.5,0,-0.0779339,0.849843,-0.521242
-82.9855,66.535,-41.181,0.564595,0.551876,-0.88925,1,-0.800676,0.00394402,0.599084
-70.653,74.169,-48.578,-1.14618,0,-0.9,0,0.718222,0.619257,0.317298
-68.8725,63.403,-53.968,-0.293045,0,-0.9,0,0.399082,-0.103578,-0.911046
-72.404,64.526,-54.005,-0.152356,0,-0.9,0,-0.600478,-0.0045271,-0.799628
-48.6075,74.859,-43.2525,-1.58092,-0.172024,-0.9,0,0.441398,0.0500756,0.895913
-45.896,75.4175,-45.5035,0.0339194,0,3.55894,0,-0.133293,0.853666,0.503476
-41.241,59.4925,-55.4695,-1.15056,0,1.8,0,0.722405,0.155349,-0.673794
-53.265,51.5295,-46.43,-1.31556,-0.527628,-0.7,0,0.716155,-0.694994,-0.0640717
-53.3465,81.317,-44.801,0.138123,0,-3.81751,0,0.543313,0.200415,-0.815257
-50.6165,52.729,-50.2565,-0.213906,0,-1.6,0,-0.221022,-0.836308,0.501736
-55.701,82.947,-36.231,-1.37554,-0.238528,-3.5,0,-0.981937,0.131961,0.135596
-64.811,65.2825,-55.3095,-0.301293,0,-0.8,0,-0.0564958,-0.908054,0.415026
-58.133,76.3855,-57.693,-0.766873,0,-1.3,0,0.477364,0.760651,-0.439925
-50.134,64.4575,-42.5275,-0.185556,0,-3.5,0,-0.247367,0.0142806,0.968817
-55.5615,57.303,-53.076,-1.4886,0,-3.5,0,0.150522,0.472878,-0.868176
-70.009,53.4965,-43.361,0.187496,0,-4.5,0,-0.858393,-0.000887441,0.512991
-53.486,87.6605,-39.5605,-0.4208,0,-3.5,0,-0.786473,0.355099,-0.505336
-69.178,67.944,-60.958,-1.02307,-0.0411038,-1.6,0,-0.00431895,-0.920461,-0.39081
-81.664,70.098,-40.4495,-0.160168,0,3.8,1,-0.614285,0.784647,-0.0835643
-46.454,56.242,-53.609,-1.37817,-0.00308471,-1.6,0,0.480588,-0.583318,-0.65481
-76.374,57.8295,-40.784,0.290724,0.0667655,-3.99458,0,0.116622,-0.934517,-0.336271
-42.784,75.743,-52.215,0.213627,0,1.8,0,-0.205535,0.8285,-0.520906
-40.1105,76.081,-48.104,-0.420926,0,-3.5,0,0.0667072,0.848548,-0.524896
-71.484,80.6745,-46.16,-2.1323,-0.0994031,-3.5,0,0.744897,0.62657,0.229214
-49.975,73.3025,-43.501,-0.491828,-0.00876758,-0.9,0,0.290711,-0.185532,0.938651
-68.6055,78.4875,-54.492,-0.771914,-0.92982,-0.8,0,-0.78239,0.414172,-0.465111
-81.6455,69.027,-37.4725,-0.0935446,0,3.8,1,-0.839973,0.220882,0.495638
-66.076,73.7625,-34.181,0.000934236,0.0381661,-1.3,0,0.434571,0.879733,0.192919
-54.576,84.906,-36.354,-0.386568,0,-3.5,0,-0.674814,0.62809,0.387464
-50.078,84.5455,-40.922,0.390095,0.291889,-3.5,0,0.316655,0.547307,-0.774716
-86.196,65.8425,-44.48,0.0382073,0,-0.8,0,-0.999849,-0.0166816,0.00488645
-55.8175,66.425,-53.933,-0.15383,0,-1.23752,0,0.205577,-0.0749637,-0.975766
-44.783,56.88,-52.922,-1.48351,-0,-1.6,0,0.316213,-0.848391,-0.424548
-81.3995,67.4355,-38.4915,0.0242858,0,3.8,1,-0.559964,-0.544376,0.624576
-60.717,50.2755,-50.079,-0.583157,-0.607976,-3.5544,0,-0.189883,0.0148377,-0.981695
-72.61,80.191,-37.0935,0.160218,0.131977,-3.5,0,0.528746,-0.402841,0.747092
-73.784,83.12,-37.964,-0.651226,0,-3.5,0,0.419885,0.862563,-0.282281
-60.601,77.0335,-39.251,-0.108529,0,3.8,0,-0.497253,0.838618,-0.222394
-70.8435,56.815,-51.078,0.536532,0.429922,-3.5,0,-0.722083,-0.238103,-0.64954
-65.253,71.025,-31.117,-1.99502,-0.809824,-1.3,0,0.859168,-0.132402,0.494267
-81.428,67.5255,-45.799,0.106138,0.0732314,-0.790654,0,0.342595,0.931885,-0.119244
-87.897,63.4995,-49.152,4.31512,0,-0.7,0,-0.890656,-0.423008,0.166722
-68.2535,77.5455,-43.3255,-0.708447,0,2.8,0,0.247914,0.960235,-0.128401
-87.491,63.8465,-47.727,3.88176,0,-0.7,0,-0.798645,0.0321619,0.600942
-69.6565,67.6185,-42.211,-0.771594,0,-0.9,1,-0.32514,0.401267,0.856311
-74.6225,56.7195,-39.2425,0.453843,0.207557,-4.5,0,0.138158,-0.9715,-0.192613
-71.2595,76.9315,-57.287,-0.600358,0,4.2,0,-0.0840351,0.927093,-0.36529
-76.566,83.226,-44.634,-0.462423,0,-0.8,0,-0.53519,0.675589,-0.5071
-69.2515,80.6825,-51.7425,-1.16316,0,-3.5,0,-0.202597,0.823433,-0.530011
-74.7045,80.6935,-36.637,-0.463818,0,-3.5,0,-0.535776,-0.49101,0.686916
-70.99,75.5155,-62.1685,0.150035,0.516258,-3.5,0,-0.672719,0.631496,0.385566
-55.903,64.676,-40.859,-0.821521,-0.998854,-0.7,0,0.174268,-0.536825,0.8255
-79.3505,69.0908,-48.4715,0.00596693,0,-1.6,0,-0.273588,-0.955187,-0.112992
-56.5037,62.785,-48.2868,-2.27118,-5.04295e-05,-0.9,0,-0.408083,-0.818744,-0.403889
-54.675,85.442,-41.847,0.411121,0,-3.9,0,-0.323724,0.885946,0.332119
-52.4603,76.2197,-35.3262,-0.219444,0,-0.8,0,0.987538,-0.0499492,0.149243
-54.1094,85.879,-39.5265,0.525947,0,-3.5,0,-0.822253,0.445594,-0.354043
-74.4463,75.0105,-34.6328,-0.220218,0,3.8,0,-0.851909,0.513527,-0.102672
-76.4735,64.6835,-52.0095,1.07948,0.731858,-3.9,0,0.185243,0.49422,-0.849371
-64.6008,58.6295,-38.127,0.182015,0.163997,-3.5,0,0.077752,-0.335166,0.938945
-86.8538,66.4775,-49.2463,0.90273,0.0276469,-0.466037,0,-0.676691,0.678857,0.28503
-48.1813,76.7207,-45.3293,-0.178232,0,3.8,0,0.766191,0.129427,0.629445
-54.889,81.948,-46.5805,0.0254706,0,-0.9,1,0.57731,0.743835,-0.336782
-42.2977,71.6732,-53.2245,-0.0514267,0,-1.29145,0,0.706495,0.214587,-0.674402
-73.48,56.656,-46.3265,-0.174191,0,-3.5,0,-0.876238,-0.477602,0.0640554
-66.9335,71.1755,-63.8715,-0.28879,0,-3.5,0,0.441333,-0.556748,-0.703744
-72.748,55.8413,-46.4365,-0.835228,-0.127773,-3.5,0,-0.85932,-0.493573,0.133997
-62.569,73.7345,-59.8365,-0.221115,0.647332,-3.2,0,0.168579,0.571331,-0.803219
-53.781,74.8053,-57.701,-0.254513,0,2.8,0,-0.414515,0.273743,-0.867895
-58.2215,73.0788,-58.7057,-0.467763,0,-1.3,0,-0.259345,0.107558,-0.959777
-53.858,67.3552,-43.8005,-0.192472,0,-0.7,0,0.647064,0.137168,0.749996
-43.5645,76.0157,-51.6437,0.275557,0.198251,1.8,0,0.019976,0.881009,-0.472678
-58.1575,74.4325,-45.2095,0.383406,0,-4.5,0,-0.0195232,-0.312879,0.949592
-52.431,58.602,-50.248,-0.737835,0,-4.5,0,-0.490613,0.499433,-0.714049
-47.4634,78.5766,-52.1745,-0.51933,0,2.8,1,0.0939644,0.992239,-0.0814425
-40.9608,73.2464,-52.8397,-0.180565,0,1.8,0,0.264096,-0.444175,-0.856132
-52.0485,69.804,-55.18,-0.556045,-0.0219909,4.1344,0,0.00266282,-0.699395,-0.71473
-56.5535,64.161,-53.7772,-0.328308,0,-1.6,0,-0.488476,-0.374591,-0.788082
-52.119,68.861,-54.7485,-0.378781,0,4.2,0,-0.000689895,-0.564723,-0.82528
-43.3657,72.4962,-54.8522,-0.522102,0,-1.39487,0,0.926158,0.00991624,-0.377006
-51.4075,86.0983,-40.9674,-2.08698,-0.142389,-3.5,0,0.261892,0.430931,-0.863546
-67.333,78.768,-47.2545,-0.880153,0,3.8,0,-0.636869,0.435996,0.635851
-56.2043,77.7975,-35.545,0.354693,0.000337988,-0.8,0,-0.880295,0.374085,0.291791
-74.7893,77.1267,-38.5685,0.932962,0,3.4954,0,-0.604587,0.130084,0.785846
-75.2812,73.2815,-41.3155,-0.625668,0,1.61727,1,-0.239999,-0.868245,-0.434225
-64.9555,73.4017,-34.975,-0.407244,0,-1.3,0,0.419881,0.874559,0.242583
-75.4297,73.6247,-34.9,-0.228881,0,3.8,0,-0.647076,0.304705,0.69889
-71.0015,78.6702,-45.3638,-1.56811,0,-3.5,0,0.866458,0.459263,0.195776
-38.242,73.347,-47.0565,-0.484075,0,-3.5,0,0.837591,-0.544338,-0.0462237
-54.9795,77.3177,-55.067,-0.582265,0,2.8,1,-0.699128,0.347287,-0.62499
-81.5915,68.1462,-44.8935,0.104723,0,-0.8,1,0.287317,0.902264,-0.321509
-51.1642,66.8367,-53.5655,-0.379516,0,-0.4,0,-0.34063,-0.22078,-0.913908
-46.7098,82.774,-42.047,-2.26212,-0.811823,-3.5,0,0.472356,-0.205967,-0.857005
-75.6062,80.3775,-52.4543,-0.698247,-0.18661,-3.5,0,-0.55128,0.681268,-0.481628
-38.9195,70.1495,-50.57,-0.562998,0,3.8,0,0.761382,0.55108,-0.341479
-69.1055,54.8655,-50.2272,0.198598,0.0208047,-3.5,0,0.0755526,-0.731914,-0.677196
-67.102,51.591,-43.3005,0.460985,0,-4.5,0,0.286348,-0.725038,0.626359
-40.851,62.47,-46.152,-1.53646,-0,-3.5,0,-0.342969,-0.0783766,0.936071
-54.016,73.193,-39.645,-0.227906,0,-1.6,0,0.430407,-0.664822,0.610543
-71.99,69.423,-44.5005,-0.217757,0,1.45603,1,-0.940862,-0.184722,0.283999
-40.351,76.8235,-44.0885,-1.74893,-0.807865,-3.5,0,0.154265,0.563976,0.811254
-84.9812,63.3675,-44.0265,1.50053,0.470104,-0.8,0,-0.77686,-0.624556,0.0801109
-68.4902,82.3986,-49.117,-2.21454,-0.322176,-3.5,0,0.0684324,0.934645,0.348934
-76.558,78.6462,-48.744,-1.93058,0,-3.5,0,-0.246998,0.95781,0.146944
-42.798,58.038,-55.685,-0.563352,-0.64162,1.8,0,0.264996,-0.78887,-0.554492
-79.3317,66.5397,-38.5718,-0.0691103,0,3.8,1,-0.135459,-0.589558,0.796286
-79.4958,77.2243,-50.1512,-1.92631,-0.196114,-3.5,0,-0.726619,0.345549,-0.593819
-49.0435,78.214,-41.646,-0.696359,-0.416618,-3.5,0,0.882179,-0.220496,0.416103
-53.2897,57.3681,-52.1459,-0.706839,0,-3.5,0,0.200426,0.797787,-0.568651
-51.5843,52.169,-52.5518,-0.30328,0,-1.6,0,-0.124074,-0.942107,0.311513
-51.018,58.2178,-47.007,-0.197501,0,-4.5,0,0.802785,-0.177743,0.56916
-56.991,54.176,-51.968,-1.74488,-0,-3.5,0,-0.616639,-0.739095,-0.2711
-52.844,53.0942,-48.8245,-0.58789,0,-3.5,0,0.762804,-0.525135,0.377311
-54.9523,56.6425,-44.133,-0.00203371,0,3.8,0,0.457522,0.020514,0.888962
-73.791,68.914,-60.594,-0.28067,0,-1.6,0,-0.659664,-0.663798,-0.352443
-71.0945,66.8067,-43.5093,-0.407184,0,-0.9,1,-0.719446,0.547145,0.42782
-68.3463,70.0417,-34.7476,-0.596121,0,-1.3,1,-0.246625,-0.969081,-0.00768344
-63.914,73.189,-60.2185,-0.33203,0.362458,-3.32226,0,-0.078488,0.667351,-0.740596
-53.886,51.8843,-44.29,-0.681324,-0.269018,-0.7,0,0.8781,-0.313534,0.361439
-83.6,65.6275,-41.5175,0.63898,0.831543,-0.889927,1,-0.581011,0.0675902,0.811084
-69.7794,73.2384,-64.5231,-0.39382,0,-3.5,0,-0.651549,-0.357671,-0.668996
-52.1975,80.513,-49.4907,-0.218955,0,3.8,1,-0.50404,0.666493,-0.5493
-69.4365,72.136,-31.2985,-1.81844,-0.0107969,-1.3,0,-0.824063,-0.314465,0.471203
-44.1325,58.891,-51.1185,-1.10531,-0.0640243,-1.5396,0,0.5028,-0.564595,0.654542
-54.5802,63.1693,-53.6012,-0.337953,0,-1.6,0,0.172347,-0.406541,-0.89723
-65.5697,81.7988,-51.0853,-0.675447,0,-0.8,0,0.0314049,0.825323,0.563787
-58.103,68.462,-57.396,-0.74056,0,-3.5,0,0.11529,-0.749927,-0.651397
-56.3915,79.161,-36.2835,0.644976,0.787492,-0.8,0,-0.754113,0.361303,0.548429
-75.501,76.4125,-38.8717,0.636951,0,3.8,0,-0.38945,0.454214,0.80126
-66.5042,81.8905,-50.6975,-1.469,-0.195994,-3.5,0,0.312562,0.944911,0.0972055
-56.7707,79.4455,-40.663,0.459337,0.866956,-0.8,0,-0.535077,0.19155,-0.822801
-40.112,75.451,-43.981,-1.90647,0,-3.5,0,0.127572,0.0064452,0.991808
-46.7815,65.7462,-58.9378,-1.85872,0,-3.5,0,0.329368,-0.830236,-0.449693
-55.283,60.9575,-43.462,-0.304086,0,3.8,0,0.466016,-0.112122,0.877643
-62.67,73.8695,-42.1177,0.282408,0,-4.5,0,0.430441,-0.0411506,0.90168
-73.659,61.851,-38.888,0.50065,0.234803,-0.151181,1,0.530222,0.61891,0.579495
-48.8845,54.7935,-54.4095,-0.353644,0,-1.6,0,0.547184,0.319373,-0.773687
-71.598,80.52,-50.3677,-1.09833,0,-3.5,0,-0.524271,0.843218,0.11884
-62.067,77.5993,-59.4782,-2.09169,-0.213557,-3.5,0,0.155091,0.375071,-0.91393
-43.552,58.075,-51.848,-1.41043,-0,-1.6,0,0.628915,-0.470028,0.619305
-71.2615,72.1415,-33.9535,-0.866961,0,3.8,0,-0.647736,-0.735681,0.198018
-40.2086,59.864,-46.9933,-1.81309,0,-3.5,0,-0.769109,-0.578035,0.272664
-72.9585,81.3825,-41.2523,-0.594627,0,-3.5,0,0.803226,0.396309,-0.44471
-62.6268,66.3712,-53.6305,-0.212489,0,4.2,0,-0.332521,-0.939186,-0.0857879
-53.256,86.691,-40.183,-0.0120419,0,-3.5,1,-0.552565,0.476526,-0.683809
-57.1753,61.1253,-46.929,-0.791483,0,3.8,0,0.0409863,-0.240169,-0.969866
-57.716,50.389,-50.464,-1.01664,0,-3.5,0,0.180218,-0.307617,-0.934287
-87.2168,65.6488,-48.7885,1.67841,0.714423,4.2,1,-0.745254,0.444323,0.497166
-77.4405,73.2585,-54.0187,0.0283893,-0.0456237,-0.894505,0,-0.948694,0.0119373,-0.315971
-49.1485,56.899,-53.086,-1.52103,-0.0082858,-1.6,0,-0.319552,0.388269,-0.864369
-65.1375,79.455,-48.7902,-0.359369,0,3.8,0,0.370295,0.894916,0.24901
-47.8447,69.089,-46.1975,-0.379152,0,2.5,0,-0.184772,-0.186397,0.964943
-67.4457,77.315,-42.6973,-0.647703,0,2.8,0,0.487674,0.872882,-0.0158296
-44.902,54.4579,-50.0942,-0.223352,0,-1.6,0,0.867089,-0.482664,-0.123258
-66.958,69.364,-40.129,-0.955967,0,-2.49389,1,-0.890443,-0.452918,0.0444668
-62.2745,63.4318,-39.7018,-0.407331,0,2.8,0,0.333984,-0.521714,0.785028
-46.7837,52.3844,-50.6895,0.163639,0,-1.6,0,0.424235,-0.874632,-0.234614
-73.972,79.7475,-46.743,-1.74417,0,-3.31069,0,-0.300932,0.688282,-0.660082
-49.1222,71.309,-58.4162,-0.525192,0,-0.8,0,-0.078842,-0.125448,-0.988962
-56.0519,63.3115,-53.5344,-0.341328,0,-1.6,0,-0.431362,-0.497121,-0.752859
-68.855,58.2865,-41.5868,-0.233759,0,-4.5,0,0.0351171,-0.771906,0.634766
-73.43,79.0557,-49.2168,-0.808751,-0.0259775,-3.5,0,-0.158646,0.956707,0.244015
-66.3363,76.46,-39.898,-0.175244,0,2.8,0,0.711023,0.70153,0.04798
-67.5228,70.4554,-63.2555,-0.245936,0,-3.5,0,0.0983531,-0.778903,-0.619384
-52.5023,82.131,-35.8114,0.0198411,-0.0681812,-3.5,0,0.106722,-0.333354,0.936742
-42.7755,75.4942,-45.6393,-0.748937,-0.540559,-0.239979,0,-0.462889,0.872866,-0.154401
-52.7935,85.1695,-42.501,0.0457374,0,-3.9,1,0.501948,0.811077,-0.300337
-59.49,65.0135,-39.9245,-1.54839,-0.330514,2.8,0,0.362123,-0.354723,0.861997
-69.2525,68.8015,-54.359,-0.781962,-0.0819604,2.5,0,-0.565359,-0.427378,-0.705491
-39.3635,76.4405,-44.099,-1.84362,-0.370534,-3.5,0,0.0539732,0.460567,0.885982
-51.5115,79.232,-36.1755,-1.45223,-0.00864027,-0.8,0,0.716,-0.0607467,0.695452
-77.7625,73.981,-50.236,-0.58641,0,-0.9,0,-0.979443,-0.133605,-0.15113
-78.637,70.0575,-41.806,-0.314927,0,3.8,1,0.114197,0.662915,-0.739935
-65.649,59.9173,-36.556,-0.216837,0,-4.5,0,0.630465,-0.484495,0.606448
-74.22,82.9665,-39.4255,-0.993192,-0.0214186,-3.5,0,0.305748,0.936234,-0.173162
-73.649,57.3495,-45.4917,-0.108384,0,-3.5,0,-0.811475,-0.543969,0.213557
-51.7948,83.1003,-44.4115,-0.0290077,0,-3.9,1,0.48894,-0.0194302,-0.872101
-63.654,60.5575,-39.234,0.184556,0.0132322,-4.45053,0,0.69865,0.404139,0.59039
-55.324,65.6195,-40.722,0.0162882,-0.0841385,-0.7,0,0.469759,-0.0743737,0.879656
-80.9185,61.3655,-37.325,-0.204847,0,-0.9,1,-0.5021,0.236814,0.831754
-50.072,71.6148,-58.1785,-0.456988,0,-0.8,0,-0.36888,0.015252,-0.929352
-67.6125,81.8552,-48.408,-2.43173,-0.54633,-3.5,0,0.293198,0.539003,0.789627
-62.7342,59.8192,-39.4557,0.0771191,0.600465,-3.5,0,0.670558,0.624512,0.400422
-76.1585,78.965,-39.2885,-0.290215,0,-2.55,0,-0.43769,-0.0473636,0.897878
-57.913,60.31,-41.5573,-0.213196,0,3.8,0,0.0213405,0.169797,0.985248
-64.301,62.441,-39.644,0.164637,-0.0462781,-0.661236,0,0.550202,-0.0526669,0.833369
-78.0185,78.482,-48.1645,-2.04949,-0.000324577,-3.5,0,-0.397014,0.898517,0.187206
-42.122,59.1775,-56.308,-0.296014,-0.0275725,1.8,0,0.569643,-0.408529,-0.713169
-44.619,55.4538,-50.1772,-0.311177,0,-1.6,0,0.994444,-0.0379762,0.0981799
-41.36,58.095,-53.4445,-1.14901,-0.179247,1.8,0,0.476326,-0.668976,0.5706
-74.4843,75.02,-32.5195,-0.227193,0,3.8,0,-0.858066,0.154032,0.489895
-45.4165,84.4325,-40.2785,-1.83925,-0.157856,-3.5,0,0.999343,0.000380915,-0.0362493
-54.0802,80.7265,-46.2895,-0.00511413,0,-0.9,1,0.806978,0.589534,-0.0351625
-84.358,63.486,-46.219,0.810536,0.160535,-0.791409,0,-0.330507,-0.929951,0.161111
-55.9315,54.1695,-42.138,-0.912272,-0.922624,-0.7,0,0.528898,0.369693,0.763934
-49.19,75.304,-56.399,-0.158524,0,-0.8,0,0.330674,0.497015,-0.802266
-83.585,59.688,-42.6615,0.0403905,0,-0.9,0,-0.747966,-0.334785,-0.57312
-68.6685,70.715,-63.4285,-0.206859,0,-3.5,0,-0.314441,-0.720283,-0.61832
-48.426,78.9255,-42.1698,-1.40403,-0.712741,-3.5,0,0.949863,-0.295627,0.101807
-69.8275,76.1472,-62.5115,-0.071399,0.00415288,-3.5,0,-0.0378892,0.901604,0.4309
-42.5455,68.0485,-46.7185,-0.999875,0,3.50889,0,-0.080358,-0.415225,0.906163
-58.906,67.0755,-56.1985,-1.08515,-0.366696,-3.5,0,-0.0365442,-0.860836,-0.507569
-58.2562,83.718,-43.922,1.3658,0.721727,-3.9,0,-0.92692,-0.360245,-0.105085
-81.2793,80.328,-42.985,-0.271957,0,-1.6,0,-0.942982,0.0906317,-0.320266
-59.1343,54.2325,-49.2523,-0.527415,0,-0.959458,0,-0.384011,-0.276687,-0.880897
-62.8312,71.883,-61.1495,-0.281464,0,-3.2,0,0.159243,0.523729,-0.836869
-71.194,68.846,-53.9035,-0.772973,0,1.85627,0,0.488405,-0.311672,-0.815059
-64.009,66.3825,-58.5625,-1.22747,-0.9345,-0.8,0,-0.127126,-0.290616,-0.948357
-78.2525,77.9283,-45.7135,-0.69622,-0.267355,-2.90053,0,-0.567594,0.721829,-0.395979
-68.2852,65.0315,-53.0305,-0.116497,0,-0.9,0,0.715707,-0.049197,-0.696665
-58.8105,78.3893,-53.5065,-0.84455,-0.576155,-2.88289,0,0.466417,0.430886,-0.772523
-67.5545,70.406,-40.3032,-0.967563,0,-0.181464,1,-0.642735,-0.762587,-0.0731578
-69.986,61.328,-38.031,0.267729,0,-0.9,1,-0.519089,0.126292,0.845338
-49.318,58.6235,-51.5277,-0.874064,-0.301571,-2.0832,0,-0.562373,0.350669,-0.748845
-48.881,81.3327,-47.4893,-0.256192,0,3.8,1,0.0663584,0.964149,0.256929
-82.908,70.9735,-48.2255,-0.334045,0,4.2,0,0.156293,0.967699,0.197817
-54.125,76.426,-56.5827,-0.744397,0,2.8,0,-0.633451,0.382738,-0.672496
-82.3932,67.596,-39.2245,0.0690698,0,3.8,1,-0.809705,-0.121744,0.574071
-78.6325,77.5145,-46.7783,-2.45695,-0.417555,-3.5,0,-0.479078,0.876023,-0.0553867
-49.8985,79.1005,-57.0308,-0.161025,0,2.8,0,0.670462,0.548494,-0.499635
-88.0318,65.139,-52.6217,0.0222444,0,-0.7,0,-0.523711,0.0629251,-0.849569
-86.543,64.558,-53.4912,0.599718,0.909882,-0.7,0,-0.37935,0.260925,-0.8877
-46.6675,65.427,-57.7545,-0.951196,-0.0740036,-3.5,0,0.481927,-0.744112,-0.462648
-78.4047,71.7753,-53.4785,-0.197673,0,-0.9,0,-0.870034,0.0460078,-0.49084
-38.1485,75.337,-46.744,-1.60373,-0.567612,-3.5,0,0.883447,0.151548,-0.443345
-51.9195,80.5098,-55.4855,-0.184103,0,2.8,1,0.106766,0.914649,-0.389894
-58.7293,66.753,-54.5765,-0.76702,-0.329672,0.395028,0,0.0736439,-0.911881,-0.403795
-74.633,66.761,-43.299,-0.423678,0,-0.7,1,0.519696,0.414622,0.746997
-65.5762,52.5342,-44.7012,0.558432,0.677082,-4.5,0,0.720955,-0.488682,0.491338
-42.0695,60.1845,-48.645,-0.57806,0,-3.5,0,-0.507008,-0.706743,0.493415
-57.387,73.7955,-45.234,0.483261,0,-4.5,0,-0.410186,0.0212781,0.911754
-55.8442,75.9417,-33.8817,-0.52746,0,-0.8,0,-0.614719,-0.426789,0.663303
-48.553,62.1475,-47.544,-0.699206,0.344748,-3.31869,0,0.286894,-0.926529,0.243384
-74.934,74.0615,-44.461,-0.280666,0,-3.27634,1,0.304026,-0.93378,-0.188739
-76.942,63.961,-52.524,2.74217,0,-3.9,0,0.150677,0.429307,-0.890501
-47.6315,61.6662,-44.3503,-0.488304,0,-3.5,0,-0.00380666,-0.970202,0.242268
-71.7363,68.0315,-61.5655,-0.1743,0,-1.6,0,-0.111629,-0.936371,-0.33279
-58.057,84.398,-43.2,2.46446,0,-3.9,0,-0.885113,0.169144,0.433549
-41.6437,63.5177,-46.373,-1.77191,-0.0691076,-3.5,0,-0.167211,0.344576,0.923746
-40.8758,69.757,-52.1895,-0.35764,0,1.13559,0,0.556525,0.202396,-0.805802
-61.3046,75.4837,-59.5686,-1.67911,-0.0362598,-1.3,0,-0.0979948,-0.136016,-0.985848
-52.107,51.369,-53.972,-0.340205,0,-1.6,0,-0.253885,-0.966051,-0.047831
-68.211,73.3955,-65.97,-1.71417,-0.126434,-3.5,0,-0.0161763,-0.441837,-0.89695
-53.74,75.3075,-33.042,-1.02069,-0.918773,-0.8,0,0.0255344,-0.479579,0.877127
-76.3885,79.215,-52.7145,0.0899148,0,-3.5,0,-0.727691,0.281373,-0.625536
-67.566,80.5305,-48.165,-1.71964,0,-3.5,0,0.183849,0.0692792,0.98051
-57.0073,81.8395,-50.3218,-0.0985853,0,-0.9,0,-0.138927,0.930472,-0.338999
-47.6185,62.445,-43.2545,-0.704878,0,-3.5,0,0.0930599,-0.733986,0.672759
-55.6533,81.772,-36.2448,-0.419565,-0.471724,-2.19946,0,-0.928931,0.0981811,0.356998
-51.3095,78.3508,-36.7645,-1.03765,0.160629,-2.25694,0,0.82056,0.00803283,0.571504
-67.508,69.6745,-39.3447,-0.766597,0,-1.3,1,-0.667507,-0.705649,-0.237683
-51.067,60.989,-45.246,-0.167876,0,-4.5,0,0.623793,-0.536205,0.568654
-83.658,68.459,-52.1645,-0.193138,0,4.2,0,0.0553915,0.217124,-0.974571
-77.051,66.8108,-56.7388,0.590612,0.600066,-0.8,0,-0.251284,-0.77596,0.578569
-81.7787,56.6577,-43.1647,0.37601,0.834354,-3.5,0,-0.791564,-0.501506,-0.349168
-71.3327,76.0605,-47.918,-1.80788,-0.308956,-2.18085,0,0.944139,-0.125927,0.30454
-47.159,60.512,-54.3755,0.790648,0.368112,1.56888,0,-0.778753,0.0774982,-0.622525
-76.8875,66.7442,-57.9437,-0.0380178,-0.265433,-0.8,0,-0.266784,-0.951253,-0.154737
-43.678,67.038,-54.911,-0.172345,0,-1.6,0,0.617149,-0.214257,-0.757114
-53.5755,74.152,-34.9395,0.643253,0.482013,-0.8,0,0.145763,-0.962644,0.228189
-71.6035,71.4805,-39.0677,-1.01084,-0.729549,3.8,1,0.12217,-0.964791,0.23292
-61.261,72.1547,-59.6312,-1.17383,0,-3.2,0,0.785574,0.305688,-0.537985
-45.5662,63.7158,-48.4895,-0.317412,-0.226085,2.8,0,0.254082,-0.735588,0.627975
-65.0443,70.4043,-59.551,-1.79555,-0.008591,-1.73584,0,-0.347953,-0.937162,-0.0256239
-78.773,81.945,-43.953,0.118702,0,-1.6,0,-0.400064,0.754411,-0.520398
-61.8185,64.612,-37.6355,-1.54694,-0.446075,-3.5,0,0.427678,-0.649105,0.62909
-39.3275,58.993,-46.3895,-1.80165,-0.153583,-3.5,0,-0.411761,-0.752851,0.513486
-74.815,83.0618,-36.2858,0.233821,0.682547,-3.5,0,-0.322044,0.638064,0.699401
-41.3475,76.891,-44.152,-1.5421,-0.592404,-3.5,0,-0.26082,0.624006,0.736607
-75.7535,59.0088,-35.2957,0.304239,0,-4.5,1,0.17186,-0.330997,0.92785
-42.3015,59.4499,-50.7238,-1.20593,0,-0.7,0,0.105677,-0.90763,0.406252
-64.601,56.7598,-50.4463,-0.192437,0,-3.5,0,0.552821,-0.149033,-0.819865
-48.2878,52.0672,-49.9927,0.140883,0,-1.6,0,-0.0991493,-0.945252,0.310913
-75.3903,82.9845,-37.244,0.252355,0.615561,-3.5,0,-0.759416,0.630847,0.159123
-75.445,80.7883,-51.4328,-1.41524,-0.281526,-3.5,0,-0.563672,0.78714,0.250368
-59.8302,61.2355,-42.2315,-0.137703,0,3.22797,0,-0.182598,-0.391445,0.901903
-45.5395,77.061,-53.79,-0.045073,0,2.8,0,0.801344,0.552815,-0.228569
-53.7335,79.2475,-41.9865,0.50576,0.580558,-3.9,0,-0.777515,0.474867,-0.412276
-59.7132,49.7233,-50.5498,-1.5777,-0.44597,-3.5,0,-0.195159,-0.358301,-0.91298
-79.659,77.6977,-40.446,0.156655,0,-1.6,0,-0.428606,-0.656443,0.620789
-79.8045,77.543,-43.403,0.127772,0,-1.6,0,-0.950187,-0.168844,-0.261987
-43.5807,70.24,-42.8003,-0.513542,0,3.8,0,0.417777,-0.895996,0.150512
-57.181,71.2533,-60.369,-0.231293,0,-3.5,0,-0.454957,0.163094,-0.875451
-68.7207,71.008,-31.3382,-1.68252,-0.000847381,-1.3,0,-0.658921,-0.652005,0.375118
-62.06,72.8925,-60.276,-0.212346,0,-3.2,0,0.544389,0.502702,-0.671514
-59.0513,71.6085,-43.7088,-0.168566,-0.0100885,-4.00416,0,0.0117534,0.844861,0.534857
-69.922,56.2355,-44.098,-0.128463,0,-3.51995,0,-0.575587,-0.424124,0.699155
-79.144,72.6367,-43.6908,-0.416459,0,-3.5,1,-0.244542,-0.89434,0.374641
-40.7137,74.929,-53.4785,-0.244584,0,1.8,0,0.254938,0.163857,-0.952973
-57.061,70.0847,-60.368,0.0973991,0.668751,-3.5,0,-0.274486,-0.478669,-0.833987
-68.709,58.6838,-35.834,0.484275,0.579846,-4.5,0,-0.310876,-0.432051,0.846575
-45.6618,74.4577,-42.5023,-0.364355,0,3.8,0,-0.611484,0.579017,0.539283
-51.8203,78.01,-57.6775,-0.593227,0,2.8,0,-0.257311,0.268527,-0.928269
-61.1225,65.5795,-37.936,-2.01562,-0.30213,-3.5,0,0.877652,-0.0658878,0.474748
-62.961,72.203,-35.449,-0.203044,0,-1.3,0,0.91175,-0.08269,0.402337
-82.518,64.909,-50.9515,-1.7525,-0.0320023,-0.7,0,0.5631,0.0261589,-0.825975
-49.8517,81.1035,-48.636,-0.22067,0,3.8,1,0.156977,0.933615,-0.322058
-47.897,80.7185,-47.1522,-0.278574,0,3.8,0,0.540585,0.742079,0.39634
-71.439,53.582,-45.845,-1.32566,-0.652078,-3.5,0,-0.605733,-0.733206,0.309024
-68.151,63.9455,-37.6343,-0.305112,0,-0.9,1,-0.172198,0.41516,0.893303
-55.9868,50.9375,-42.0835,-0.284791,0,-0.7,0,0.00163812,-0.485208,0.874397
-61.2805,70.7432,-61.0055,-0.441199,0,-3.2,0,0.809604,0.128661,-0.572703
-52.0382,88.148,-37.2505,-0.00110641,0,-3.5,0,0.395195,0.47091,0.78871
-73.9295,74.0957,-45.0558,-0.385348,0,-0.9,1,-0.267681,-0.960493,0.0761614
-52.2465,73.0705,-41.6755,-0.338079,0,-1.6,0,0.662176,-0.538464,0.521132
-52.086,84.2175,-44.4347,-0.0986818,0,-3.9,1,0.465023,0.49863,-0.73152
-78.261,69.9413,-58.8672,-0.302577,0,-0.8,0,-0.905212,0.242009,-0.349318
-57.396,58.031,-52.265,-1.86112,-0.773496,-3.5,0,-0.587719,0.541693,-0.600962
-57.866,55.7105,-51.7915,-2.15154,-0.488442,-3.5,0,-0.854965,-0.270271,-0.442705
-57.625,79.1225,-45.5735,0.632935,0.462828,-2.93374,0,-0.576937,0.526127,0.624767
-73.291,71.7667,-62.8517,-0.119953,0,-1.6,0,-0.435865,0.454952,-0.776557
-44.118,74.545,-55.764,-0.283575,0,-0.4,0,0.627241,0.664654,-0.405961
-58.2677,55.4255,-42.7588,0.331739,0.611581,-0.7,0,-0.0539415,0.338113,0.939558
-38.103,68.1988,-50.9268,-0.314581,0,3.8,0,0.822951,-0.0536197,-0.565577
-48.8022,65.7182,-58.7873,-1.75529,0,-3.5,0,-0.315401,-0.874932,-0.367445
-57.6948,78.2292,-53.3047,-0.509215,0,-0.9,0,-0.00904703,0.427865,-0.903797
-52.645,57.0078,-45.9427,-0.0124096,0,-4.5,0,0.749137,-0.334399,0.571814
-37.9808,74.3792,-46.268,-0.759729,-0.39539,-3.5,0,0.960239,-0.279051,0.00852949
-59.586,65.6245,-52.005,-0.793552,0,4.13032,0,-0.238909,-0.879497,-0.411592
-50.2142,75.5675,-41.1372,-0.619362,0,-3.5,0,0.823447,-0.561676,0.0803404
-81.8317,65.9512,-47.421,0.420483,0.432839,-0.8,0,0.847607,0.234354,-0.476068
-73.2505,83.8083,-43.52,-1.17149,-0.884978,-0.8,0,0.512084,0.851526,0.112573
-68.3815,60.8175,-36.7645,0.0033576,0,-4.5,1,-0.630247,0.425027,0.649724
-83.276,58.527,-42.244,0.466386,0,-0.9,0,-0.742541,-0.454147,-0.492325
-63.5015,54.8778,-40.8955,-1.02909,-0.0496508,-3.5,0,0.109683,-0.968392,0.224024
-57.762,60.068,-46.9285,-0.835308,0,3.8,0,0.416096,0.187649,-0.889748
-53.753,55.214,-44.702,-0.727307,-0.613642,3.09258,0,0.854637,0.0630107,0.515388
-38.8155,77.0628,-46.1932,-1.52936,0,-3.5,0,0.180132,0.898881,-0.399456
-39.2475,72.2022,-48.1683,-0.460655,0,-3.5,0,0.966733,-0.255561,0.0107564
-80.1925,76.964,-46.7653,-2.1872,-0.516516,-3.5,0,-0.752576,0.53085,-0.389652
-64.4228,67.591,-36.9033,-0.744274,0,-3.5,1,-0.271654,-0.0133965,0.962302
-65.8298,65.6783,-55.6878,-0.42674,0,-0.8,0,-0.57319,-0.808106,0.135712
-82.9325,66.6975,-51.5173,-0.326055,0,4.2,0,0.421773,-0.424141,-0.801381
-81.3095,61.9115,-50.4345,-1.68217,-0.192677,-3.5,0,-0.172188,-0.577409,-0.798092
-38.4803,63.3595,-49.3325,-0.144886,0,-3.5,0,0.831091,0.552908,-0.0598358
-76.875,66.9027,-41.9378,-0.464047,0,3.33251,1,0.859021,0.469311,0.204525
-70.8845,70.1302,-55.5947,-0.773486,-0.018365,3.45283,0,0.0909458,-0.988135,-0.123765
-51.8713,84.594,-42.132,0.0181565,0,-3.68912,1,0.544676,0.756912,-0.361126
-55.1432,77.4005,-33.283,-0.506659,0,-0.8,0,-0.278828,0.246284,0.928224
-66.585,67.5945,-38.992,-0.758159,0,-3.5,1,-0.859426,0.0113043,0.511136
-69.7803,66.9922,-53.9015,-0.892075,0,0.782232,0,-0.211402,0.0817235,-0.973977
-80.0725,76.872,-48.99,-1.76292,-0.187686,-3.5,0,-0.9444,0.325824,-0.0441189
-83.498,62.892,-46.5342,-0.264874,-0.800145,-3.5,0,-0.66139,-0.700041,0.26927
-41.3275,57.6172,-54.334,-1.30374,-0.168648,1.8,0,0.422222,-0.902234,0.0877678
-55.9295,52.8905,-42.0295,-0.813287,-0.0132839,-0.7,0,0.349468,0.0287932,0.936506
-57.201,78.356,-40.2225,0.277683,0.194868,1.13474,0,-0.726164,0.268505,-0.632922
-62.089,59.2822,-40.3325,0.328099,0.290414,-3.5,0,0.719647,0.67198,0.174787
-44.9085,60.7257,-57.9212,-0.257086,0,1.8,0,-0.261657,0.436755,-0.860686
-43.4757,59.3815,-57.808,-0.247317,0,1.8,0,0.222582,-0.477223,-0.850127
-55.3327,61.8775,-51.9767,-0.305633,0,-1.6,0,-0.139349,-0.986128,-0.0901815
-63.4953,66.8757,-52.8745,-0.970653,-0.467105,1.71052,0,-0.399217,-0.897866,-0.185642
-77.0935,71.2775,-59.228,-0.410899,0,-0.8,0,-0.810044,0.346282,-0.473199
-65.7988,79.1233,-57.7905,-0.619543,0,-3.5,0,-0.473763,0.638388,-0.606638
-38.1425,59.3078,-46.075,-1.75377,-0.696021,-3.5,0,0.393173,-0.526265,0.753963
-47.3232,84.6395,-37.3795,-0.435882,0,-3.5,0,0.355887,0.619783,0.699438
-70.25,76.7745,-38.5505,-0.722201,-0.751551,-3.40246,0,0.380227,0.751082,0.539725
-70.5105,74.8857,-65.216,0.135548,0.37151,-3.5,0,-0.519981,-0.0376222,-0.853349
-40.327,67.1633,-51.8022,-0.0940161,0,3.8,0,0.551562,-0.108181,-0.827089
-64.027,81.5315,-54.8778,-1.50208,-0.915059,-0.8,0,0.166359,0.5955,-0.785942
-45.4995,67.478,-58.3742,-2.05707,-0.501728,-3.5,0,0.948999,0.232683,-0.212744
-75.1925,72.5415,-34.796,-0.277986,0,3.8,0,-0.3717,-0.328265,0.868379
-50.6695,61.904,-44.9125,-0.152343,0,-4.00475,0,0.26323,-0.753736,0.602156
-62.52,47.295,-50.1357,0.170576,0,-4.5,0,0.16507,-0.486314,-0.858051
-68.211,74.4137,-66.036,-1.71276,-0.636247,-3.5,0,0.0932157,0.349436,-0.932312
-88.9095,65.1255,-50.3275,0.203586,0,-0.7,0,-0.946244,0.317965,0.0593314
-68.015,58.1463,-36.4232,0.395835,0,-4.5,0,0.148052,-0.77456,0.614929
-55.1927,53.6932,-42.7332,-0.775708,-0.0852338,-0.7,0,0.545723,0.364105,0.754728
-48.9615,66.4177,-59.655,-2.018,-0.322629,-3.5,0,-0.28734,-0.352925,-0.890438
-54.732,62.9295,-42.951,-1.03873,-0.623585,-3.88756,0,0.19275,-0.446312,0.873873
-53.2583,51.6915,-45.434,-1.46835,-0.122559,-0.7,0,0.834664,-0.470987,0.285495
-57.1795,75.0792,-42.8018,-0.571186,-0.87241,-1.6,0,-0.931892,-0.362534,0.012059
-79.1732,77.909,-45.2103,-0.62973,-0.338686,-2.43971,0,-0.69005,0.540026,-0.481874
-45.9077,72.742,-42.0037,-0.352119,0,3.8,0,-0.686688,0.0730009,0.723277
-67.927,51.9852,-42.8493,0.829142,0,-4.5,0,0.0144753,-0.475572,0.879558
-52.224,63.8985,-53.156,-1.49175,-0.804736,-3.5,0,-0.0162269,-0.543393,-0.839322
-67.331,69.631,-62.4125,-0.3802,0,-3.5,0,0.139083,-0.79002,-0.597097
-38.346,76.5005,-44.096,-1.46431,-0.770275,-3.5,0,0.515146,0.336349,0.788349
-75.497,79.184,-53.4805,-0.00221368,0,-3.5,0,-0.309146,0.278001,-0.909475
-57.218,82.51,-48.0233,0.411942,0.201425,-0.9,0,-0.404144,0.854033,0.327558
-65.0583,73.4662,-33.9565,-0.288801,0,-1.3,0,0.47692,0.839619,0.259975
-76.227,82.258,-39.0315,-1.14612,-0.744856,-3.5,0,-0.730303,0.661748,0.16955
-63.6075,46.8717,-49.7605,0.432477,0,-4.5,0,-0.380202,-0.596762,-0.706627
-62.0793,59.4963,-48.7957,-0.255718,0,2.5,0,-0.307353,0.294376,-0.904918
-59.0135,61.7702,-42.0042,-0.0538198,0,3.23866,0,0.0838722,-0.276361,0.957387
-41.691,61.327,-47.451,-1.10382,-0.699181,-3.5,0,-0.504277,-0.614782,0.606422
-79.6012,64.0033,-49.7578,-0.520874,0.0554494,-3.86865,0,-0.0343365,0.996851,0.0714731
-47.1515,55.069,-52.6015,-0.971469,-0.687904,-1.6,0,0.46995,-0.519125,-0.713902
-74.054,71.0137,-62.5158,-0.226714,0,-1.6,0,-0.746669,-0.0374949,-0.664139
-57.7,81.5225,-51.23,-0.218818,0,-0.9,0,-0.298819,0.912839,-0.278266
-68.4805,75.3503,-33.76,-0.161383,0.0601165,1.58841,0,0.663177,0.722479,0.195501
-61.4458,49.3343,-47.0713,-0.327412,-0.0734728,-3.94242,0,0.0159196,-0.253074,0.967316
-63.6,71.4392,-40.6615,-0.459704,0.0681099,-2.41087,0,0.865818,0.473134,0.1628
-56.685,78.969,-37.421,0.21246,0.638736,-0.8,0,-0.906538,0.192456,0.3757
-68.971,51.2385,-47.348,-0.260135,0,-4.5,0,-0.549461,-0.831872,-0.0779844
-52.0165,61.7475,-51.4405,-0.191685,0.375575,-3.5,0,-0.3068,-0.624618,-0.718141
-84.6933,65.9268,-52.1423,-0.186343,-0.369593,1.70997,0,0.236999,0.379915,-0.894145
-45.8015,56.4408,-52.784,-0.941563,0,-1.6,0,0.523781,-0.685181,-0.506143
-70.371,76.5338,-57.5315,-0.622542,0,4.2,0,0.468992,0.720459,-0.510867
-70.0642,73.1133,-31.925,-0.718882,-0.318986,1.54752,0,-0.53702,-0.373089,0.756581
-53.8105,74.5273,-33.8968,-0.0053489,-0.402343,-0.8,0,-0.121703,-0.878026,0.462881
-67.874,65.936,-39.154,-0.675859,0,-0.9,1,-0.308937,0.725485,0.615004
-48.8182,82.9505,-36.25,-1.18999,-0.257921,-3.5,0,0.617877,0.0896074,0.781152
-50.837,68.1357,-54.327,-0.193293,0.331645,0.348526,0,-0.363691,-0.505505,-0.782428
-61.2643,69.805,-60.6572,-1.12282,0,-3.2,0,0.65202,-0.385835,-0.652688
-51.0715,83.442,-43.7245,-0.131617,0,-3.9,1,0.727481,0.358582,-0.58497
-59.2375,57.906,-42.675,-0.0914003,0,-3.41647,0,0.478327,-0.453249,0.752176
-43.813,57.229,-52.4985,-1.41473,-0.37343,-1.6,0,0.611083,-0.786868,0.0861194
-63.202,67.8877,-37.0305,-0.754706,0,-3.5,0,0.377606,0.201728,0.903725
-59.7065,76.7704,-58.5455,-1.03978,0,-1.3,0,0.592989,0.560664,-0.577945
-63.1418,60.6595,-40.211,-0.0332388,0.186771,-3.86582,0,0.820862,0.269493,0.503546
-74.6328,83.8087,-43.357,-1.34459,-0.400927,-0.8,0,-0.0135889,0.979197,0.202454
-41.448,73.447,-43.945,-0.558483,0,0.15,0,0.781266,-0.321601,0.534974
-71.3815,74.5675,-61.5047,-0.193389,0.575137,-3.10448,0,-0.517892,0.854771,0.0339626
-40.7615,77.2412,-46.1548,-2.04779,0,-3.5,0,-0.114773,0.899906,-0.420709
-70.9495,66.4847,-53.9668,-0.438161,0,-0.9,0,0.010192,0.175895,-0.984356
-48.324,79.8305,-41.6403,-1.94088,-0.0968432,-3.5,0,0.885539,-0.253614,0.389231
-62.197,57.112,-38.754,-0.250607,0,-3.5,0,0.646814,-0.382287,0.659915
-68.951,67.182,-54.47,-1.62256,-0,2.5,0,-0.392887,-0.217279,-0.893549
-41.586,75.378,-47.9075,0.0259424,0,-3.5,0,-0.128307,0.967844,-0.216371
-69.55,57.2805,-42.201,-0.625648,0,-4.5,0,-0.0324093,-0.72484,0.688155
-54.9227,83.2685,-39.0255,0.150185,0,-2.14994,0,-0.951868,0.305935,-0.0187178
-75.0328,76.8333,-56.8445,-0.472729,0,-0.8,0,-0.0425917,0.962427,-0.268178
-39.6992,71.0888,-47.7347,-0.400723,0,-3.5,0,0.947081,-0.160651,0.2779
-70.8045,71.219,-34.114,-1.4161,0,3.8,0,-0.6409,-0.662901,0.387052
-70.103,72.2738,-37.9352,-0.0885797,-0.0528287,3.8,1,-0.260605,-0.955632,0.137307
-71.242,69.708,-41.9725,-0.520492,0,3.8,1,-0.3934,-0.717029,0.575418
-45.691,66.3438,-58.8698,-1.77012,-0.191652,-3.5,0,0.768935,-0.357429,-0.530078
-70.6015,77.0445,-48.671,-1.95266,0,-3.5,0,0.639578,-0.540519,0.546606
-61.698,71.9392,-60.6693,-0.676171,0,-3.2,0,0.623375,0.470751,-0.624337
-59.7955,72.3145,-44.4232,-0.332871,-0.734267,-3.5,0,0.343605,0.57374,0.743477
-42.702,66.837,-47.176,-1.44765,0,3.8,0,-0.134259,-0.243244,0.960629
-79.2868,55.8445,-42.7503,0.243351,0.0223982,-3.5,0,0.23638,-0.945434,-0.224229
-68.713,71.794,-30.5233,-1.99141,-0.455215,-1.3,0,-0.422446,-0.148009,0.894222
-67.4865,76.2425,-48.6912,-1.238,0,3.8,0,-0.847426,-0.458769,0.267208
-73.151,63.641,-41.026,-0.198533,0,-0.9,1,0.28062,0.67125,0.686058
-79.9655,61.559,-49.3165,-0.991279,0,-3.5,0,-0.0824436,-0.95204,-0.294656
-68.657,72.7735,-65.1995,-1.34411,0,-3.5,0,-0.0411023,-0.739414,-0.671995
-37.413,59.8338,-46.98,-1.76424,0,-3.5,0,0.930348,-0.356902,0.0841088
-45.202,75.9068,-52.9967,-0.116306,0,0.64234,0,0.755571,0.639835,-0.140443
-57.9217,75.579,-58.4395,-0.609106,0,-1.3,0,0.459336,0.48937,-0.741301
-44.9787,74.8148,-56.3602,-1.5042,-0.308751,-0.4,0,0.592398,0.514148,-0.620255
-39.0955,72.6615,-47.2045,-0.447101,0,-3.5,0,0.812355,-0.583078,0.00998505
-69.1615,59.6872,-36.0703,0.686126,0.696741,-4.5,0,-0.659744,0.27923,0.697688
-76.9277,78.6452,-47.7578,-2.22836,-0.0682113,-3.5,0,-0.251015,0.965097,-0.0747002
-76.214,82.8288,-42.0065,-0.447652,0,-0.8,0,-0.433787,0.736713,0.518732
-69.1155,76.0918,-32.5415,-0.278609,0,3.8,0,0.726282,0.577726,0.372487
-56.57,64.07,-41.5775,-0.709664,-0.272444,0.929215,0,0.260247,-0.592942,0.762031
-47.8935,66.084,-59.436,-1.38775,-0.00823207,-3.5,0,-0.0223683,-0.583211,-0.812013
-59.7285,50.9087,-50.469,-1.67762,-0.0373343,-3.5,0,-0.190979,0.29771,-0.935359
-75.7838,78.8717,-47.9077,-1.09412,-0.072196,-3.5,0,-0.178203,0.972555,-0.149602
-68.22,64.0185,-53.4515,-0.1797,0,-0.9,0,0.684042,0.218552,-0.695932
-79.732,73.401,-43.4258,-0.467571,0,-3.5,1,-0.691484,-0.511303,0.510313
-76.715,73.5222,-41.3348,-0.321168,0,-2.72892,1,-0.211988,-0.891976,-0.3993
-83.7045,59.3512,-41.0265,-0.520685,0,-0.9,1,-0.913356,-0.371054,0.167633
-77.4065,78.8645,-51.5875,-0.418052,0,-3.5,0,-0.719053,0.492342,-0.490472
-60.3737,50.4045,-46.457,-0.879269,0,-3.53228,0,-0.0742242,-0.282224,0.956473
-59.658,73.397,-39.629,-0.175578,0,3.8,0,-0.243364,-0.872145,-0.424426
-68.5955,51.2165,-48.625,0.156909,0,-4.5,0,-0.321363,-0.837112,-0.442683
-52.1635,84.4153,-35.4113,-0.235864,0,-3.5,0,0.176033,0.422744,0.888988
-62.3475,70.1875,-61.8298,-0.131958,0,-3.2,0,0.350345,-0.260037,-0.8998
-74.044,73.2507,-33.1948,-0.291242,0,3.8,0,-0.53341,-0.774624,0.339753
-54.637,50.9577,-50.8587,-1.40844,-0.270787,-3.5,0,-0.0151017,-0.793868,-0.607902
-47.2446,85.2268,-38.3289,-0.866045,-0.109085,-3.5,0,0.247711,0.853515,0.458422
-39.716,59.043,-47.451,-1.48475,-0.0189226,-3.5,0,-0.441152,-0.849934,-0.288092
-46.3465,77.6655,-49.959,-0.0594061,0,-0.611441,1,0.551555,0.828241,-0.0990141
-60.4518,60.4707,-42.6857,-0.248053,0,3.70749,0,-0.145526,0.106825,0.98357
-82.9865,63.8787,-50.8887,-2.09985,-0.756339,-0.7,0,0.317192,-0.448202,-0.835766
-40.8445,75.4775,-48.7993,-0.12567,0,-3.5,0,-0.161967,0.977123,-0.137831
-47.3517,63.483,-42.4195,-0.775262,0,-3.5,0,0.229948,-0.465209,0.854813
-67.4703,69.5635,-35.9053,-0.464561,0,-1.3,1,-0.293391,-0.943691,0.152868
-80.248,68.048,-43.907,-0.358059,0,3.8,1,0.121244,0.902517,-0.413234
-65.8712,48.251,-47.146,0.665896,0.595613,-4.5,0,-0.767097,-0.438343,0.468421
-42.5805,75.0315,-41.996,-0.471654,0,3.8,0,0.45967,0.600297,0.654482
-63.0435,71.515,-37.0235,-0.571294,0,-1.3,0,0.952102,-0.278592,0.126051
-80.3756,58.7794,-37.0916,-0.234386,0,-0.9,1,-0.50953,-0.0510768,0.858935
-48.055,85.6045,-39.77,-1.12836,-0.307298,-3.5,0,-0.176327,0.983296,-0.0451528
-55.449,73.554,-37.403,-0.907868,-0.612264,-0.288651,0,0.207293,-0.932091,0.297045
-79.6515,55.8742,-41.7105,0.580042,0.362931,-3.5,0,-0.0415783,-0.927835,0.370668
-44.1507,70.4218,-41.993,-0.456287,0,3.8,0,0.0675514,-0.783387,0.617852
-85.4477,68.7807,-45.6695,-1.43208,-0.105119,4.2,1,-0.517339,0.780588,0.350776
-62.225,71.185,-61.6425,-0.222022,0,-3.2,0,0.327905,0.409342,-0.851421
-41.3763,59.8693,-49.8495,-0.513613,0,-3.5,0,-0.00236561,-0.975009,0.222154
-44.697,55.342,-51.1955,-0.405221,0,-1.6,0,0.879628,-0.255912,-0.400955
-83.2353,70.3555,-50.2103,-0.276338,0,4.2,0,0.110611,0.801084,-0.588243
-59.994,74.2933,-36.784,-0.269344,0,3.8,0,-0.535192,-0.279454,0.797167
-58.2453,48.8633,-49.418,-1.05178,0,-3.5,0,0.329804,-0.834914,-0.440622
-54.0568,52.9465,-43.5288,-0.397127,0,-0.7,0,0.894412,0.0890083,0.438297
-56.576,73.795,-44.38,0.430639,-0.0183603,-3.06631,0,-0.912419,0.0766584,0.402014
-79.7132,70.4325,-40.2663,-0.223963,0,3.8,1,-0.290279,0.895108,-0.338406
-73.908,83.7207,-44.408,-1.13741,-0.887749,-0.8,0,0.246019,0.85575,-0.455156
-69.108,53.742,-42.709,0.548465,0,-4.5,0,-0.605176,0.264803,0.75076
-60.265,71.1465,-41.514,-0.323598,0,-3.5,0,0.113611,0.831134,0.544343
-42.6338,66.6263,-53.596,0.162846,0,-1.6,0,0.68031,-0.049396,-0.731258
-78.8087,79.177,-44.9575,-0.170248,0,-1.6,0,-0.615981,0.0822532,-0.783455
-86.9215,61.9895,-50.6155,0.386645,0,-0.7,0,-0.312374,-0.949212,-0.0376664
-49.853,76.2412,-40.1735,-0.175472,0,-3.5,0,0.93298,-0.327866,0.148498
-77.4522,57.8722,-40.1548,0.19748,0,-4.21719,0,-0.0621411,-0.986371,-0.152352
-50.4992,61.3022,-46.5625,-0.596465,-0.295458,-4.07827,0,0.644971,-0.676047,0.356332
-84.5038,68.2032,-43.5245,0.0444049,0,-0.8,1,-0.545592,0.748992,0.375953
-46.033,64.9242,-43.1765,-1.92809,-0.795811,-3.5,0,0.879196,0.274621,0.389354
-52.4038,56.4803,-52.9062,-0.649631,0,-1.6,0,0.010782,0.8489,-0.528443
-73.837,78.7535,-53.4595,-0.485027,0,-3.5,0,0.0867738,0.310717,-0.946533
-49.6185,57.5863,-52.4608,-1.54922,-0.440781,-1.6,0,-0.33729,0.629434,-0.700034
-74.969,67.8662,-43.5628,-0.429786,0,-0.7,1,0.518308,0.528957,0.671983
-44.8965,73.7862,-41.5262,-0.387569,0,3.8,0,-0.332067,0.192473,0.92341
-60.48,65.983,-52.983,-0.44538,0,4.2,0,0.0102661,-0.941513,-0.336819
-72.6735,76.7335,-33.6483,-0.23148,0,3.8,0,-0.248376,0.968636,-0.00727132
-55.587,62.25,-48.7315,-0.854367,0,-1.74805,0,-0.603898,-0.775194,-0.185425
-79.203,70.5048,-52.517,-1.4012,-0.173865,-1.6,0,-0.907201,0.263962,-0.327583
-71.1137,78.9863,-39.0563,-0.282187,0,-3.5,0,0.921852,0.240379,0.303984
-56.7935,76.402,-54.9475,-0.535,0,-1.3,1,0.211825,0.821736,-0.529037
-87.219,64.4715,-52.7547,0.667493,0,-0.7,0,-0.425815,0.125028,-0.89613
-74.586,78.9375,-47.7395,-1.12918,0,-3.5,0,-0.128209,0.906647,-0.401937
-76.5407,70.2412,-59.8838,-0.459258,-0.238869,-0.8,0,0.0650899,-0.272877,-0.959844
-81.778,66.996,-47.528,0.11452,0.0286356,3.69058,0,0.868873,-0.291984,-0.399756
-72.5443,72.0405,-44.215,-0.390608,0,3.8,1,-0.90492,-0.345769,-0.248121
-70.5015,54.9515,-49.6,-0.916515,0.512513,-3.5,0,-0.486287,-0.486285,-0.725983
-73.126,82.8503,-45.2253,-0.0123839,0.313762,-0.8,0,0.455467,0.532795,-0.713218
-78.6925,70.75,-40.9275,-0.287774,0,3.8,1,-0.122058,0.840457,-0.527952
-62.312,69.29,-39.224,-1.4554,-0,-3.5,0,0.677587,0.436806,0.591673
-81.8877,62.9525,-38.6082,0.0481231,0,-0.9,1,-0.326471,0.322627,0.888442
-61.3177,70.8477,-41.5552,-0.703901,0,-3.5,0,0.133727,0.800523,0.584192
-44.9333,72.3447,-41.145,-0.389084,0,3.8,0,-0.210413,0.0613247,0.975687
-58.7465,65.4795,-52.7952,-0.451026,0,1.12659,0,-0.3966,-0.80586,-0.439658
-49.4735,80.6028,-38.7265,-1.05905,0,-3.5,0,0.547421,-0.788119,0.281422
-81.334,62.1106,-38.1076,-0.0454631,0,-0.9,1,-0.492072,0.368161,0.788874
-79.2937,57.1562,-44.3162,-0.280832,0,-3.5,0,0.178879,-0.586851,-0.789689
-54.2085,68.368,-43.3825,0.236301,0,-0.7,0,0.529474,0.0111881,0.848252
-49.6285,78.5492,-55.543,-0.367397,0,2.8,0,0.839269,0.538546,-0.0748004
-40.7192,77.4632,-44.8288,-1.94046,-0.698099,-3.5,0,-0.106638,0.967484,0.229353
-42.73,75.5518,-48.2795,0.150325,0,-1.58002,0,0.44798,0.891351,0.0693299
-86.731,63.3215,-47.0513,3.25181,0,-0.7,0,-0.553598,-0.0977877,0.827023
-78.2077,70.3982,-53.3638,-0.587465,-0.409244,-1.24902,0,-0.631634,-0.156086,-0.759392
-69.545,54.5762,-43.8415,0.522221,0,-4.5,0,-0.749273,0.0954663,0.655344
-57.2513,69.5642,-59.4753,-0.0869729,0.694702,-3.5,0,-0.183738,-0.8882,-0.421118
-74.7178,58.7895,-35.9647,-0.0617723,0,-4.5,1,0.577613,-0.444139,0.684912
-49.9618,63.1833,-42.8198,-0.170169,0,-3.5,0,-0.16292,-0.487635,0.857711
-78.66,56.0955,-41.951,0.516223,0.683306,-3.5,0,0.561353,-0.81687,0.132693
-53.038,69.802,-43.605,0.0170871,0,-0.9,0,-0.0370489,-0.23828,0.97049
-70.616,82.162,-49.228,-1.78449,-0.0408309,-3.5,0,-0.580396,0.796173,-0.171023
-62.029,65.7625,-53.0325,-0.337979,0,4.2,0,-0.164,-0.931227,-0.325454
-67.1825,69.1582,-61.49,-0.550339,0,-3.5,0,0.488729,-0.814658,-0.312212
-46.289,81.9222,-40.9077,-1.71607,-0.024404,-3.5,0,0.640878,-0.751416,-0.157003
-69.3627,74.7688,-45.3963,-1.18192,0,3.8,0,0.0353063,0.349397,-0.936309
-37.5855,61.441,-49.498,-0.390285,0,-3.5,0,0.96548,-0.0449109,-0.256576
-70.829,71.032,-40.1255,-0.84863,-0.373792,3.8,1,-0.144338,-0.867523,0.475994
-73.44,75.1615,-31.5275,-0.246009,0,3.8,0,-0.382786,0.219665,0.897342
-43.424,59.4095,-50.527,-1.50252,-0.00835645,-0.7,0,0.182963,-0.820024,0.542296
-48.9458,77.7933,-42.79,-0.223074,-0.270529,-3.5,0,0.968319,-0.221855,0.114625
-45.631,72.183,-56.2965,-0.407862,-0.0349556,-0.458381,0,0.385273,-0.164793,-0.907969
-54.51,55.7135,-44.1005,-0.404874,-0.0776758,1.54556,0,0.468241,0.223928,0.854755
-61.5445,47.791,-50.047,0.19135,0.498929,-4.5,0,0.335483,-0.222719,-0.91534
-67.946,70.9918,-64.0792,-0.277349,0,-3.5,0,0.00358125,-0.583583,-0.812046
-44.9955,69.7057,-55.8792,-1.27139,-0.17004,-1.76773,0,0.340272,-0.0949819,-0.935518
-57.9743,51.7175,-44.9577,-0.243901,0,-1.36287,0,-0.59847,-0.686794,0.41249
-82.509,60.9053,-43.5205,-0.0659277,0,-0.9,0,-0.617247,-0.429306,-0.65932
-49.7402,52.9193,-49.5513,-0.255062,0,-1.6,0,-0.244393,-0.652318,0.717463
-58.632,77.3485,-45.273,0.179614,0,-4.5,0,-0.379709,0.552185,0.742235
-73.0918,56.9803,-39.471,0.493426,0,-4.5,0,0.331307,-0.932875,0.14135
-70.7765,57.6497,-41.0283,0.321618,0,-4.5,0,0.403079,-0.865409,0.297648
-69.0107,65.9372,-54.0015,-0.542524,-0.507065,1.91371,0,0.289236,-0.238381,-0.927101
-75.07,82.8095,-40.1145,-1.73355,0,-3.5,0,-0.189622,0.964696,-0.18277
-54.8485,83.9593,-35.4058,-1.52595,-0.661809,-3.5,0,-0.412384,0.458413,0.787272
-53.8428,87.0765,-37.0327,0.119819,0.338479,-3.5,0,-0.674926,0.450948,0.584056
-83.8845,68.1158,-42.7378,0.643506,0.131732,3.42574,1,-0.606133,0.707137,0.364089
-80.7871,69.2709,-42.0939,-0.136374,0,3.8,1,-0.201543,0.827559,-0.523953
-77.8412,67.7105,-50.149,-0.118618,0,-1.6,0,-0.345035,-0.927958,-0.14087
-74.005,67.982,-44.976,-0.475174,0,-0.7,1,0.456818,0.663939,0.592032
-55.0186,79.2954,-53.4319,-0.329149,0,0.929012,0,0.0244183,0.744233,-0.667473
-47.4905,62.1585,-46.7562,-0.502583,0.220242,-3.5,0,0.379829,-0.915241,-0.134399
-72.784,57.6613,-42.0719,0.543302,0,-4.5,0,-0.372053,-0.907667,-0.194211
-55.987,81.6557,-50.1454,-0.623624,0,-0.9,0,0.511458,0.785469,-0.348495
-80.1656,67.196,-37.9766,-0.040026,0,3.8,1,-0.128123,-0.765464,0.630594
-76.1112,76.6528,-56.6088,-0.582664,0,-0.8,0,-0.196772,0.926376,-0.321105
-71.5835,66.0912,-42.6265,-0.675846,0,-0.9,1,-0.582957,0.719736,0.377017
-49.2789,65.8849,-57.6632,-1.72013,-0.231839,-3.5,0,-0.585964,-0.807621,-0.0662917
-49.9749,75.5443,-57.0445,-0.0679563,0,2.8,0,0.559128,0.183964,-0.808414
-53.8844,70.5902,-56.472,-0.729333,-0.718948,2.8,0,0.21141,-0.653411,-0.726884
-84.8945,67.1721,-43.1231,0.142631,0,-0.8,1,-0.771014,0.444898,0.455635
-64.4509,50.0591,-46.559,0.633092,0,-4.5,0,0.147706,-0.22437,0.963245
-73.5105,66.154,-53.4965,-0.668067,-0.203946,1.17776,0,-0.336649,-0.565623,-0.75282
-64.2151,80.2695,-55.3911,-1.20022,-0.912556,-0.8,0,0.0726883,0.523701,-0.848795
-76.5399,57.9304,-43.0691,0.292435,0,-3.5,0,0.416007,-0.909175,0.0184109
-42.0494,63.2114,-54.7909,0.23261,0,-0.7,0,0.245157,0.334929,-0.909791
-74.7862,83.1602,-42.1889,-0.987506,0,-0.8,0,0.0797321,0.837508,0.540577
-85.9119,62.6925,-52.319,-0.215638,-0.292454,-0.7,0,0.0192706,-0.774642,-0.632106
-77.7513,69.7483,-56.0923,0.00578636,0,-0.8,0,-0.788045,-0.0770574,0.610776
-75.266,78.056,-38.7445,0.120217,0,-3.5,0,-0.679574,-0.147255,0.718676
-70.5701,78.1931,-44.348,-0.761056,0,-3.5,0,0.701133,0.713026,-0.00226394
-71.1911,75.0484,-45.7689,-1.14891,0,3.8,0,0.642715,0.258291,-0.721251
-75.0328,81.7682,-45.5592,-1.04561,0,-0.8,0,0.0517792,0.469881,-0.88121
-71.375,79.006,-44.189,-0.819348,0,-3.5,0,0.684148,0.673242,0.280511
-80.3554,74.8098,-47.1553,-2.62146,-0.526042,-3.5,0,-0.829751,-0.0844325,-0.55171
-73.744,80.2735,-36.5335,-0.0778227,0,-3.5,0,0.0781006,-0.540838,0.837493
-75.9183,66.0445,-41.6522,-0.215777,0,4.2,1,0.604563,0.791054,0.0934797
-77.2442,70.3414,-53.9564,0.152493,-0.00898516,-1.11967,0,-0.717563,-0.439152,-0.5406
-82.355,65.43,-40.136,1.19148,0,-0.9,1,-0.41566,-0.110405,0.902794
-77.0727,81.9047,-42.0933,-0.247683,0,-0.8,0,-0.422693,0.782223,0.457666
-52.7497,71.1815,-57.3737,-1.84661,-0.142464,2.8,0,0.0559435,-0.523514,-0.850178
-56.7455,80.2728,-52.5967,-0.402852,0,-0.9,0,0.164819,0.603022,-0.780512
-42.0462,64.5882,-54.3807,0.10999,0,-0.7,0,0.157033,0.47092,-0.868087
-74.4395,61.2863,-50.9572,0.214949,0,-0.9,0,-0.554316,-0.358902,-0.750948
-49.7892,64.4648,-54.0988,-0.47445,0,2.8,0,-0.606868,-0.381836,-0.697074
-69.6966,58.2775,-38.608,0.623418,0.454936,-4.5,0,-0.59366,-0.765758,0.247353
-77.5947,71.1167,-45.7721,-0.313908,0,-1.6,1,-0.310859,-0.1248,0.942227
-49.0993,80.4299,-40.4721,-0.819857,-0.00930698,-3.66415,0,0.759359,-0.507723,0.40693
-68.1039,76.4644,-38.2114,-0.191524,0,2.8,0,0.0319812,0.919147,0.392615
-42.1035,72.8871,-53.0645,-0.0819791,0,1.8,0,0.541899,-0.178267,-0.82132
-53.2217,78.3441,-35.1455,-0.584996,0,-0.8,0,0.58397,0.431221,0.68777
-55.2284,58.9209,-47.5519,-0.314725,0,-2.20824,0,-0.268159,0.319539,-0.908838
-73.635,73.7083,-60.3544,-0.274062,0,-1.4873,0,-0.422798,0.36543,-0.829279
-66.1345,49.4236,-47.8957,0.232232,0,-4.5,0,-0.978947,-0.190703,0.0727708
-57.6705,72.152,-43.4245,0.895421,0.529104,-4.5,0,-0.488741,0.710784,0.505884
-79.537,69.4045,-51.7235,-0.652784,-0.617972,-1.6,0,-0.911798,-0.39772,-0.102194
-42.4748,60.1675,-57.5368,-0.282655,0,1.8,0,0.767462,-0.109189,-0.631728
-78.1693,57.3737,-43.8095,0.233671,0,-3.5,0,0.322674,-0.778236,-0.538731
-43.4041,58.6619,-56.7298,-0.107506,0,1.8,0,0.359153,-0.675924,-0.643534
-66.324,81.4555,-49.333,-2.4393,-0.119805,-3.5,0,0.742049,0.508699,0.436564
-78.6914,67.4571,-38.0978,-0.150342,0,3.8,1,0.323545,-0.498133,0.804476
-73.6945,75.463,-36.5775,-0.265026,0,3.8,0,-0.634215,0.726908,0.263394
-51.3734,81.495,-36.0794,-0.751189,-0.0115762,-3.5,0,-0.0236325,-0.418527,0.907897
-52.6525,52.652,-45.781,-1.38616,-0.244031,-0.7,0,0.968297,0.0220142,0.24883
-71.34,78.201,-53.551,-1.65406,-0.488742,-3.5,0,0.155411,0.634803,-0.756884
-71.8745,76.3175,-35.5635,-0.311067,0,3.8,0,0.0532815,0.998513,-0.0115599
-73.124,72.2148,-46.8027,-0.628244,0,3.8,1,-0.486594,-0.345998,0.802192
-40.3394,65.849,-51.8191,0.38353,0,3.8,0,0.660842,0.165133,-0.732133
-66.1421,74.0821,-60.2129,-0.506209,0,-0.4,0,0.448955,0.819391,-0.356425
-51.03,51.6856,-53.25,-0.218811,0,-1.6,0,0.044618,-0.986231,0.159243
-79.9437,72.86,-46.115,-2.1354,-0.295208,-3.5,0,-0.748045,-0.660551,0.0640352
-48.3828,77.948,-44.9868,0.528763,0.314521,0.49374,0,0.878697,0.184817,0.440153
-54.3594,58.2581,-48.2734,-0.407371,0,-4.5,0,-0.465064,0.618447,-0.633435
-67.6894,81.5336,-51.1039,-1.97496,-0.0535156,-3.5,0,-0.164104,0.874621,-0.456189
-39.381,65.833,-51.023,0.0597139,0,3.8,0,0.782709,-0.0276723,-0.621772
-46.0159,57.2477,-53.8715,-0.744112,-0.341674,-0.940869,0,0.123952,-0.610788,-0.782032
-80.5875,80.2931,-43.7641,-0.17902,0,-1.6,0,-0.618097,0.139333,-0.773655
-73.8027,76.505,-34.1465,-0.221222,0,3.8,0,-0.508094,0.854443,-0.108477
-65.9325,57.163,-42.0335,0.226022,0,-4.5,0,-0.5926,-0.462204,0.659691
-83.8012,66.0045,-51.5768,-0.33114,0,4.2,0,0.490784,-0.154618,-0.857452
-45.8688,77.5434,-46.8278,-0.300124,0,-0.7,0,0.550067,0.687213,0.474515
-72.3838,71.8155,-45.8925,-0.416658,0,3.8,1,-0.917141,-0.041395,0.396408
-78.7961,61.6069,-50.8991,1.18409,0,-3.9,0,-0.589439,-0.67342,-0.44617
-66.605,66.657,-56.254,-0.573452,0,-0.8,0,-0.851531,-0.444079,-0.278726
-46.6375,59.6545,-55.242,0.454918,0,1.8,0,-0.818886,-0.170946,-0.547908
-72.7253,79.219,-37.3418,-0.0610513,0,-3.5,0,0.462769,-0.185883,0.866771
-65.2735,50.3749,-48.8365,0.621879,0,-4.5,0,-0.520017,0.168813,-0.837308
-42.3594,76.2159,-51.411,0.40334,0.393639,1.8,0,-0.0124615,0.992541,-0.121271
-78.8307,56.5493,-43.366,-0.00529474,0,-3.5,0,0.49503,-0.724041,-0.480323
-66.4617,81.8398,-51.7806,-0.806556,-0.11036,-2.14423,0,-0.420496,0.907157,0.015794
-76.8415,62.616,-37.6727,0.00948212,0,4.2,1,-0.158123,0.288034,0.944475
-54.2832,59.7313,-44.3965,0.127081,0,-4.5,0,0.373258,-0.206013,0.904564
-60.5215,62.1915,-41.3165,-0.100877,0,2.8,0,0.0995845,-0.630736,0.769581
-63.7352,79.3662,-49.8945,0.247521,0,-0.8,0,0.0860814,0.772052,0.629703
-72.6009,79.0344,-42.584,0.139731,0,-3.5,0,0.73313,0.679076,-0.037088
-60.9376,68.6397,-57.4434,-0.0220664,0,-3.2,0,0.286838,-0.883182,-0.371099
-84.1086,65.0895,-51.9427,-0.601714,-0.985754,-0.7,0,0.617476,0.200477,-0.760613
-44.5165,76.159,-47.15,-0.635009,-0.249968,-0.7,0,0.510711,0.712302,0.481456
-65.6927,59.0783,-49.151,-0.225389,0,-3.5,0,0.440752,0.76252,-0.473605
-60.3734,59.3145,-49.388,-0.654755,-0.066444,1.22268,0,-0.210269,0.584787,-0.783461
-41.3025,59.486,-51.369,0.268851,0,-0.7,0,0.302844,-0.922772,0.238281
-72.9674,80.2091,-47.3428,-3.13903,-0.061691,-3.5,0,-0.495899,0.684024,-0.534972
-75.4847,58.6898,-45.178,-0.0526695,0,-3.5,0,-0.0164224,-0.761489,-0.64797
-75.8319,69.588,-45.2656,-0.383637,0,-0.7,1,0.206001,0.740525,0.639676
-54.572,80.7148,-49.1955,-0.918579,0,-0.9,1,0.572308,0.709277,-0.41157
-75.711,79.175,-49.1702,-0.968145,0,-3.5,0,-0.242693,0.934862,0.259101
-46.8455,83.911,-41.805,-1.64384,-0.389977,-3.5,0,0.257567,0.140022,-0.956061
-65.4694,73.827,-39.8792,0.0811444,0,2.8,0,0.741531,0.62487,0.244273
-82.6771,68.865,-51.6446,-0.240664,0,4.2,0,0.577164,0.455051,-0.678093
-55.277,61.8779,-50.8161,-0.180265,0,-1.6,0,-0.238978,-0.969926,0.0461931
-55.9972,57.0211,-43.6101,0.295711,0,3.8,0,0.359282,-0.226421,0.905345
-47.8516,65.3779,-58.2757,-1.09349,0,-3.5,0,-0.0727328,-0.936033,-0.344315
-64.633,57.114,-38.264,0.35869,0.837682,-3.5,0,-0.380695,-0.563588,0.733103
-57.3638,77.2366,-43.3863,-1.78523,-0.589296,-1.6,0,-0.660754,0.60768,0.4406
-64.8726,82.2312,-54.0969,-1.02684,0,-0.8,0,-0.09341,0.827669,-0.553388
-63.0485,72.944,-60.6775,-0.00124202,0.302165,-3.2,0,0.147432,0.586991,-0.796056
-71.8235,59.2472,-51.26,-0.483387,0,-0.9,0,-0.298095,-0.579411,-0.758566
-58.3507,49.126,-46.5457,-1.57011,-0.250658,-3.5,0,0.257423,-0.61063,0.748909
-53.1175,76.4931,-33.2321,-1.4198,-0.91925,-0.8,0,0.551121,0.181936,0.814349
-46.8355,70.8355,-43.673,-0.235546,0,3.8,0,-0.402301,-0.563109,0.721847
-57.28,75.8691,-57.1201,-0.867788,0,-1.3,0,0.664329,0.627687,-0.405803
-76.5495,61.57,-37.2534,0.100028,0,4.2,1,-0.168472,0.646706,0.743901
-78.6464,77.7427,-50.5013,-1.45358,0,-3.5,0,-0.683919,0.532293,-0.498918
-75.8128,70.7925,-39.2033,-0.343288,0,3.8,1,0.553828,-0.623581,-0.551743
-53.1421,59.7349,-44.5677,0.543132,0,-4.5,0,0.226611,-0.234909,0.945233
-82.5253,59.76,-43.1421,-0.389366,0,-0.9,0,-0.513651,-0.284481,-0.809465
-61.3602,71.8766,-42.4744,-0.303831,0,-3.92507,0,0.531931,0.438004,0.724708
-82.4714,69.4801,-50.2074,-0.247544,0,4.2,0,0.648694,0.579633,-0.493175
-77.5475,76.9362,-51.9173,-0.651275,0,-3.5,0,-0.689872,0.084248,-0.719012
-64.1913,50.2578,-49.479,0.279881,0,-4.5,0,-0.511184,0.0808323,-0.855662
-56.9665,52.511,-42.0734,-1.06608,-0.107237,-0.7,0,-0.357217,-0.221579,0.907358
-79.3145,78.77,-39.604,-0.0310863,0,-1.6,0,-0.205526,-0.1783,0.962273
-53.5485,51.732,-48.705,-0.655894,0,-3.5,0,0.756651,-0.622133,0.201069
-63.5942,75.8593,-42.1053,0.302334,0,-4.5,0,0.032905,0.596926,0.801621
-71.7915,72.6995,-62.6,0.329872,0,-1.6,0,-0.332152,0.551052,-0.765518
-39.714,64.9844,-51.5111,0.661044,0.137679,3.11468,0,0.772093,0.381735,-0.508086
-80.6811,60.8521,-46.0415,-0.319564,-0.0514306,-3.5,0,-0.505173,-0.788025,-0.351876
-65.1148,81.3246,-54.6418,-1.4232,-0.455565,-0.8,0,-0.3152,0.446003,-0.837694
-67.8449,75.1529,-61.6395,-0.103675,0,-3.5,0,0.114559,0.886955,0.447423
-62.1344,50.2636,-46.8257,0.302079,0,-4.5,0,-0.0723519,-0.340363,0.937506
-40.145,60.084,-50.1553,-0.380785,0,-3.5,0,0.227878,-0.972547,-0.0471675
-50.1189,66.8165,-54.2679,0.36853,0.293633,-3.5,0,-0.700127,-0.272061,-0.660156
-50.447,85.718,-40.679,-1.223,-0.583766,-3.5,0,0.467643,0.581969,-0.665298
-73.321,72.258,-43.303,-0.409033,0,3.8,1,-0.689394,-0.646086,-0.327578
-60.573,77.2605,-58.877,-0.222843,0.0415582,-1.3,0,0.513366,0.669514,-0.536848
-62.5129,46.3854,-49.0884,0.136568,0,-4.5,0,0.236485,-0.937856,-0.253971
-61.946,56.2163,-49.716,0.114528,0.812272,-0.8,0,-0.413503,-0.445729,-0.79394
-51.3915,74.633,-57.635,0.0520529,0.232073,2.8,0,0.155952,-0.0948173,-0.983203
-59.6255,59.977,-42.192,-0.181069,0,3.8,0,-0.171136,0.237044,0.956307
-69.7021,70.7258,-39.98,-2.12055,-0.310667,3.8,1,-0.15427,-0.92349,0.351237
-49.4129,77.4949,-55.9159,-0.430688,0,2.8,0,0.752959,0.422124,-0.504841
-45.7043,76.2379,-54.5751,-0.163086,0,2.8,0,0.657285,0.582448,-0.478258
-49.2407,61.7793,-46.9017,-0.601754,0,-3.5,0,0.372534,-0.87109,0.320032
-50.167,69.2933,-56.5477,1.10132,0.60957,-0.8,0,-0.772895,-0.426854,-0.469499
-63.4002,73.1,-35.217,-0.133844,0,-1.3,0,0.666423,0.61413,0.422759
-50.629,60.1735,-47.5505,0.0631939,-0.19176,-4.25271,0,0.691236,-0.412171,0.593556
-78.4454,71.2274,-40.0364,-0.266684,0,3.8,1,-0.515444,0.656593,-0.550639
-59.551,61.7043,-49.2915,-1.01056,0,2.5,0,0.463699,-0.206197,-0.861665
-79.138,72.7038,-45.0585,-1.13563,0,-3.40099,1,-0.395967,-0.877445,0.270741
-58.7808,65.0273,-51.507,-0.779983,0,-1.6,0,-0.366315,-0.834146,-0.412327
-43.3589,74.8877,-53.7643,-0.136926,0,0.824807,0,0.456752,0.726415,-0.513517
-75.899,73.474,-59.574,-0.680825,-0.749569,-0.8,0,-0.491872,0.316874,-0.810958
-38.5694,77.2035,-44.9081,-1.83024,-0.620803,-3.5,0,0.244419,0.924297,0.293146
-46.7629,70.1712,-56.7315,-0.983281,0,-0.8,0,0.627956,-0.0464655,-0.77686
-88.6998,64.0015,-50.3957,0.325815,0,-0.7,0,-0.89769,-0.440224,0.0188328
-57.7085,52.2905,-42.979,-0.78213,-0.0508213,-0.7,0,-0.831337,-0.352399,0.429761
-81.015,57.0293,-44.1862,0.207468,0.249569,-3.5,0,-0.450148,-0.300801,-0.840765
-49.1031,85.215,-40.2275,-0.385972,-0.00194121,-3.5,0,0.0829984,0.857254,-0.50816
-58.8515,60.7796,-48.3004,-1.30948,0,2.5,0,0.777806,0.0730383,-0.624246
-82.7141,67.1134,-40.3344,0.407285,0.0143252,3.30619,1,-0.891651,-0.0630247,0.448314
-55.086,57.594,-43.8,-0.0697809,0,3.8,0,0.637081,-0.164113,0.753123
-63.2225,62.6442,-39.88,-0.285538,0,2.8,0,0.312335,-0.261085,0.91339
-52.7194,66.406,-53.1512,-0.759315,-0.0914183,-2.87969,0,0.0815853,-0.204152,-0.975534
-48.0536,80.9156,-41.8631,-0.754374,-0.460088,-3.5,0,0.943537,-0.209823,-0.256342
-71.869,72.5405,-33.173,-0.453417,0,3.8,0,-0.363579,-0.84768,0.386327
-64.0235,82.5574,-52.4533,-0.631457,0,-0.8,0,0.359163,0.93311,-0.0175176
-68.4149,75.549,-56.8963,-2.34674,-0.00810463,-3.5,0,-0.0505766,0.388352,-0.920122
-77.2361,72.4539,-57.1087,0.200797,0,-0.8,0,-0.995387,0.0780583,-0.0557735
-45.9927,66.1758,-57.7504,-1.73451,-0.624807,-3.5,0,0.830618,-0.554508,-0.0509308
-76.848,69.2145,-44.8563,-0.502291,0,-0.7,1,-0.284143,0.674615,0.681291
-47.5472,61.1754,-53.6505,0.0215006,0,0.987644,0,-0.80791,0.0613831,-0.586101
-41.0363,61.6263,-46.753,-1.49674,-0.0203548,-3.5,0,-0.56807,-0.491139,0.660363
-56.5161,68.0871,-55.2786,-0.399102,-0.0804737,-2.60173,0,0.436222,-0.745657,-0.503692
-66.217,76.1274,-43.5371,-0.819659,0,2.8,0,0.38277,0.88865,0.252565
-63.252,64.795,-56.881,0.646244,0.6723,-0.8,0,0.270576,-0.953446,-0.133152
-42.0595,60.1895,-56.0687,0.135255,0,1.8,0,0.805636,0.138983,-0.575877
-73.589,75.9965,-59.6935,-1.32457,-0.32562,-0.8,0,-0.0630387,0.792758,-0.606268
-39.108,62.6025,-45.241,-1.77567,-0.341489,-3.5,0,0.237781,0.363782,0.900624
-52.8035,51.79,-50.8307,-1.68463,-0.292347,-3.5,0,0.564253,-0.819925,-0.0966512
-69.7818,74.3421,-31.6101,-0.453997,0,3.8,0,-0.0457269,-0.0286486,0.998543
-69.6039,73.7669,-60.1621,0.59376,0,-3.5,0,0.222026,0.907089,0.357623
-52.384,78.6066,-35.7417,-1.33652,-0.245932,-0.8,0,0.559795,0.0533691,0.82691
-77.2239,75.8215,-54.0094,-0.0869736,0.626805,-0.8,0,-0.855676,0.473954,0.207811
-51.541,80.724,-54.398,-0.159743,0,2.8,1,0.145476,0.957039,0.250823
-79.8136,76.9475,-44.2489,-0.716316,-0.452763,-3.07287,0,-0.923555,0.359509,0.133418
-64.9027,54.8158,-43.1856,-0.113126,0,-4.1112,0,0.628067,-0.710497,0.317374
-56.2677,57.8309,-49.665,-1.80154,-0.193568,-2.81701,0,0.301011,0.94893,0.0944641
-82.6466,61.8049,-44.3331,0.158232,0,-3.5,0,-0.606658,-0.72855,-0.31809
-62.8175,66.1045,-52.2365,-0.423196,0,4.2,0,-0.42647,-0.833719,-0.350764
-42.974,59.0049,-51.7238,-0.831062,0,-1.16983,0,0.349308,-0.802757,0.483285
-49.0191,72.8262,-57.902,-0.372695,0,-0.8,0,-0.0641156,0.352491,-0.933616
-69.3723,77.0704,-39.1211,-0.214395,0,2.8,0,0.160297,0.854722,0.493716
-75.1338,79.7095,-38.251,-0.0162208,0,-3.5,0,-0.756493,-0.195861,0.623985
-46.918,65.9662,-42.8695,-1.90202,-0.327214,-3.5,0,0.608398,0.638868,0.47085
-73.9996,82.4488,-41.762,-0.75948,-0.63006,-0.8,0,0.534645,0.726054,0.432436
-70.0468,55.2458,-44.565,-0.483488,0,-4.00009,0,-0.567473,-0.0521927,0.821736
-73.1322,58.1662,-43.3795,0.125566,0,-4.5,0,-0.307065,-0.948939,-0.0722943
-67.1215,69.5614,-60.0957,-0.825367,-0.651791,-1.84809,0,0.661583,-0.7314,0.165414
-42.5793,64.7883,-47.36,-0.665556,-0.105972,3.02013,0,-0.037937,0.231841,0.972014
-84.4315,62.7982,-47.4295,0.998076,-0.156685,-2.16784,0,-0.335248,-0.723878,0.603001
-63.4012,49.5294,-46.732,-0.0457632,0,-4.5,0,0.116907,-0.10262,0.987827
-56.7835,84.996,-45.3625,2.14106,0,-3.9,1,-0.301021,0.254354,-0.919071
-44.0835,76.4375,-50.4375,0.178403,0.185829,0.619725,0,0.241065,0.928112,-0.283718
-76.8171,67.9156,-50.6584,-0.470645,-0.519657,3.54609,0,-0.411474,-0.884771,-0.218793
-73.7841,82.2066,-35.949,-0.110251,0,-3.5,0,0.209631,0.367118,0.906245
-59.8211,58.4352,-41.7874,-0.10858,0,0.0393102,0,0.501124,-0.0407824,0.864414
-70.9607,79.705,-46.033,-2.60906,0,-3.5,0,0.89592,0.355137,0.266842
-83.0616,64.891,-40.6058,1.04196,0.555805,-0.9,1,-0.72483,0.171855,0.667148
-51.9779,81.2046,-43.8722,0.327081,0,-3.9,1,0.43786,0.0879703,-0.894729
-56.1702,79.6137,-53.185,-0.286893,0,-0.9,0,0.0219774,0.624229,-0.780932
-74.9003,65.4764,-41.3192,-0.270406,0,4.2,1,0.596774,0.798156,0.082505
-54.8624,82.7441,-45.8451,0.320312,0,-3.9,1,0.45155,0.237091,-0.860169
-79.715,81.6848,-40.8368,-0.208878,0,-1.6,0,-0.211295,0.757568,0.617613
-79.604,70.3059,-49.6435,0.126184,0,-1.6,0,-0.853111,0.25644,-0.454357
-72.3353,76.4175,-32.7573,-0.23087,0,3.8,0,-0.333765,0.832458,0.442283
-63.8694,78.7447,-58.2766,-1.41274,-0.159209,-3.5,0,0.116229,0.685983,-0.718274
-55.8619,50.2455,-42.922,-0.278412,0,-0.7,0,0.12694,-0.949422,0.2872
-53.8493,81.2904,-35.7786,-0.412521,-0.20691,-2.91341,0,0.163916,-0.120349,0.979105
-64.7484,53.3807,-45.3257,0.0373438,0,-4.5,0,0.624736,-0.537533,0.56636
-85.9316,61.8983,-49.9935,1.21907,0,-0.7,0,-0.165571,-0.985491,-0.0373367
-77.499,57.5405,-41.2414,0.239378,0,-3.5,0,0.409898,-0.862665,0.296299
-66.1771,66.6815,-54.1748,-0.548734,0,-0.234937,0,-0.141362,-0.979758,0.14174
-62.556,59.8394,-41.2336,0.0469105,0,-3.5,0,0.830388,0.436776,0.345953
-51.8413,52.4548,-51.0508,-0.7283,0,-1.6,0,0.192743,-0.933329,0.302898
-80.26,77.2305,-45.7015,-1.91524,-0.353568,-3.5,0,-0.54648,0.830974,-0.104126
-74.485,63.3425,-38.5892,-0.0429666,0,4.2,1,0.688822,0.25639,0.678077
-67.9684,79.203,-48.0405,-1.38278,0,-0.507722,0,-0.17669,0.19983,0.963768
-39.2725,74.6685,-51.397,-0.260406,0,1.8,0,0.969326,0.147557,0.196556
-51.1325,79.9516,-56.1476,-0.331175,0,2.8,1,0.269724,0.892092,-0.362521
-57.644,84.0819,-44.906,2.73163,0.118747,-3.9,0,-0.611548,-0.33916,-0.714829
-69.1736,77.4014,-40.3332,-0.368773,0,2.8,0,0.261859,0.9533,0.150495
-55.4325,83.896,-36.481,-1.22463,0,-3.5,0,-0.907225,0.41137,0.0878521
-44.8745,68.787,-44.5947,-1.68775,0,-0.4,0,0.285477,-0.661014,0.693948
-48.288,73.557,-57.6385,-0.475683,0,-0.8,0,0.143531,0.409789,-0.900817
-62.9634,50.4492,-49.9915,0.367249,0,-4.5,0,-0.196845,-0.00786798,-0.980403
-74.9045,59.7793,-35.422,0.139761,0,-4.5,1,0.514437,0.0712264,0.854565
-68.342,53.0814,-49.4786,0.148631,0,-4.5,0,-0.0782488,-0.00414208,-0.996925
-73.019,79.1858,-52.7704,-0.835655,0,-3.5,0,0.245656,0.594029,-0.766017
-54.5451,79.0058,-34.93,-0.246618,0,-0.8,0,-0.0230199,0.687742,0.72559
-57.0728,82.808,-44.4925,1.09979,0.135285,-3.9,0,-0.822724,-0.45286,-0.343575
-60.6649,65.5349,-51.5003,-1.0708,-0.363471,3.15008,0,-0.0327204,-0.840914,-0.540179
-78.6803,65.7071,-39.0176,-0.178954,0,3.90762,1,-0.337414,-0.293647,0.894384
-41.1166,76.4337,-51.3732,-0.122571,0,1.8,0,0.0348742,0.990982,0.129377
-68.6005,77.9095,-55.5855,-0.723243,0,-3.5,0,-0.812265,0.466603,-0.350011
-73.4973,77.6325,-53.6647,-1.72064,-0.707421,-3.5,0,-0.159143,0.489018,-0.857634
-81.8365,60.8025,-38.215,-0.256299,0,-0.9,1,-0.681082,-0.0453107,0.730804
-80.3658,67.7292,-45.042,-0.573009,0.208617,-0.747781,1,-0.0682538,0.979165,-0.191254
-64.794,47.306,-48.6497,0.366332,0.0756663,-4.5,0,-0.741003,-0.567289,-0.359301
-70.56,57.436,-42.0195,0.229261,0,-4.5,0,0.110954,-0.96033,0.255842
-43.8343,74.2125,-41.3885,-0.404685,0,3.8,0,0.0831386,0.0200799,0.996336
-72.5615,65.7435,-42.8215,-0.237639,0,-0.9,1,-0.235172,0.798105,0.554728
-72.9864,80.9816,-43.8311,-0.238485,0,-0.8,0,0.950533,-0.06372,0.304018
-77.9855,67.9717,-48.3187,-0.224955,-0.491955,-1.09739,0,-0.483147,-0.779048,-0.399566
-80.8005,64.29,-49.8727,-2.16646,0,-3.5,0,0.316444,0.910471,-0.266281
-44.3146,59.5003,-50.0671,-0.674994,0,-0.984381,0,0.565101,-0.577536,0.589163
-38.7804,60.6217,-50.6041,-0.132971,0,-3.5,0,0.505739,-0.744119,-0.43648
-45.9445,71.1657,-42.7865,-0.318783,0,3.8,0,-0.615093,-0.553218,0.561793
-59.9629,63.376,-49.8158,-0.284412,0,2.5,0,0.318882,-0.447486,-0.835506
-42.4851,65.601,-53.781,0.0316574,0,-1.04649,0,0.417195,0.445343,-0.792223
-56.5745,78.633,-53.585,-0.202682,0,-0.9,0,-0.188434,0.323172,-0.92739
-75.0194,75.7409,-58.3986,-0.602139,-0.235332,-0.8,0,-0.27022,0.796652,-0.540673
-49.8835,68.0395,-58.4916,-1.75871,-0.0724063,-3.5,0,-0.914471,0.33266,-0.230391
-50.0272,83.4987,-35.7347,-1.35885,-0.0542316,-3.5,0,0.354965,0.469619,0.808367
-61.6409,73.592,-59.3918,-0.576454,0,-2.0917,0,0.530488,0.255498,-0.808272
-45.2345,64.8818,-56.0029,-0.458134,0,2.8,0,0.598854,0.131162,-0.790044
-69.7461,73.7718,-48.9733,-1.06917,0.356443,-1.11881,0,0.26121,0.803482,0.534964
-47.1761,57.7204,-53.9976,-0.694375,-0.839197,-1.6,0,-0.343232,-0.190868,-0.919653
-52.2291,88.9571,-38.4235,0.174034,0,-3.5,0,0.0422671,0.989822,0.135889
-65.3664,62.9615,-37.7971,-0.192645,0.681898,-4.5,0,0.548026,0.161675,0.820688
-54.9375,71.795,-60.1545,0.201556,0.656958,-3.5,0,0.673381,0.135549,-0.726763
-45.8035,60.176,-57.6545,-0.308203,0,1.8,0,-0.730457,-0.141537,-0.668132
-70.0039,81.3516,-50.751,-1.88078,0,-3.5,0,-0.262613,0.770695,-0.580572
-77.5727,79.0645,-50.4465,-0.682464,0,-3.5,0,-0.565193,0.824182,0.035792
-58.6019,69.0827,-41.7764,-0.325018,0,-3.5,0,0.620205,0.165106,0.766868
-65.0635,68.7402,-37.0681,-0.704549,0,-3.5,0,-0.380814,-0.435657,0.815588
-50.5006,75.9651,-37.4656,0.0738614,0,-3.5,0,0.779423,-0.217158,0.587659
-70.675,74.9705,-49.4295,-1.52986,-0.0734611,0.798631,0,0.69494,0.306895,0.650288
-75.6708,83.4662,-42.6348,-0.687312,0,-0.8,0,-0.264948,0.873595,0.40821
-56.74,50.4238,-43.9412,-0.285464,0,-0.7,0,-0.48481,-0.874581,0.00826044
-44.8262,75.7615,-45.4883,-0.288746,0,3.60365,0,0.0659938,0.956157,0.285322
-49.1796,65.6115,-56.6079,-0.725208,0,-3.5,0,-0.698007,-0.683953,-0.212117
-76.6797,58.6247,-35.4709,0.613851,0.504064,-4.5,1,-0.250668,-0.42456,0.870008
-50.923,74.8682,-38.8503,-0.740204,-0.0111841,-3.5,0,0.577628,-0.726171,0.372856
-57.9954,77.5226,-53.9555,-0.510238,0,-1.0337,0,0.374402,0.742589,-0.555325
-67.9642,76.5407,-49.6371,-1.33492,0,3.07186,0,-0.558978,-0.521343,0.644784
-67.1442,58.6435,-51.7775,-1.36594,-0.0813543,-3.5,0,0.424891,0.153733,-0.892095
-73.5977,65.1288,-42.3494,-0.247856,0,2.80467,1,0.12729,0.84971,0.511654
-73.69,64.6059,-41.3165,-0.244742,0,2.32001,1,0.395348,0.701989,0.592377
-48.5247,70.0645,-57.851,-0.478914,0,-0.8,0,-0.0202877,-0.13409,-0.990762
-68.2832,77.285,-40.919,-0.416159,0,2.8,0,0.322948,0.941527,0.0960819
-53.778,67.7395,-54.6715,-0.3608,0,4.2,0,0.391331,-0.50598,-0.768664
-59.1253,69.2503,-57.9974,-0.252159,0,-3.5,0,0.0992824,-0.751835,-0.651833
-76.9494,74.7591,-40.1478,-0.273542,0,0.635002,1,-0.977535,-0.0415057,0.206648
-43.0805,72.3565,-53.8382,0.0713822,0,-1.6,0,0.845145,0.113082,-0.522439
-46.3418,64.4348,-57.0515,-0.397186,0,2.8,0,0.303031,-0.339655,-0.890397
-63.4186,74.4047,-41.5914,0.472742,0.550246,-4.5,0,0.362152,0.225797,0.904357
-66.5017,65.4585,-38.547,-1.0623,-0.38159,-2.2172,1,-0.418266,0.385739,0.82235
-61.7949,78.1586,-57.143,-1.62383,-0.0891475,-1.53375,0,0.493109,0.869147,0.0377856
-53.5644,51.7998,-51.5239,-1.81318,-0.663039,-3.5,0,0.0226128,-0.760905,-0.648469
-65.269,66.4189,-37.7487,-2.10472,-0.40371,-3.5,1,-0.611996,0.0411561,0.789789
-78.1342,72.0527,-45.5886,-0.773749,0,-1.6,1,-0.121188,-0.715382,0.688144
-39.8112,60.39,-52.2271,0.0550045,-0.091901,-2.67811,0,0.833034,-0.551549,-0.0429784
-51.0705,60.8005,-51.253,-1.85695,-0.346881,-3.5,0,-0.462281,-0.334668,-0.821153
-52.6699,53.7028,-55.3389,-0.0650147,0,-1.6,0,-0.608992,-0.0689329,-0.790175
-57.7045,76.1667,-43.065,-1.67259,-0.0641924,-1.6,0,-0.932786,0.0830352,0.350735
-57.9987,81.869,-48.2902,0.538289,0.152944,-0.9,0,-0.839083,0.494892,0.225878
-52.8778,64.8924,-43.356,-0.92063,0,-1.50585,0,0.512043,0.32098,0.796734
-85.8985,66.0065,-47.011,1.43109,0.0152278,4.2,1,-0.870294,-0.172603,0.461299
-64.5659,74.1708,-59.3665,-0.968971,0.012153,-3.42618,0,0.0422226,0.325299,-0.944668
-71.3565,67.5385,-53.983,-0.664298,0,0.691835,0,0.410796,-0.0605254,-0.909716
-57.6375,72.3443,-59.3512,-0.57015,0,-3.5,0,-0.493908,0.482185,-0.723569
-78.3389,61.2332,-47.4186,-0.18987,0,-3.78503,0,-0.158521,-0.978339,-0.133132
-45.0949,58.6964,-49.5506,-0.152068,0,-1.6,0,0.868901,-0.248959,0.42782
-60.8534,67.1243,-39.7229,-0.538225,0,-3.5,0,0.595883,0.106232,0.796014
-75.1565,81.8875,-36.2584,0.199339,0.0706121,-3.5,0,-0.702937,-0.106185,0.703281
-57.4494,48.7985,-47.6177,-0.876138,0,-3.5,0,0.38732,-0.905322,0.174285
-58.3857,76.5442,-40.6484,0.0532252,0,3.8,0,-0.557468,0.491629,-0.668977
-59.147,64.2865,-50.1825,-1.56598,0,2.5,0,0.0749996,-0.816409,-0.572583
-63.8203,82.0752,-53.901,-1.54115,-0.397674,-0.8,0,0.466302,0.781892,-0.413773
-63.0486,70.9857,-39.102,-0.578854,0,-2.5116,0,0.983807,0.174027,-0.0428838
-77.6992,75.5537,-41.0353,-0.195396,0,-1.6,1,-0.756422,-0.4079,0.511314
-41.7115,72.4342,-44.2492,-0.520356,0,-3.5,0,0.734203,-0.312361,0.602807
-85.5075,64.451,-43.9605,0.357498,0.0072018,-0.8,0,-0.846187,-0.393793,0.359018
-61.5861,58.6269,-49.3076,-0.173129,-0.162305,1.15122,0,-0.455359,0.543326,-0.705298
-82.0667,66.5084,-39.6247,0.290769,0,3.279,1,-0.508268,-0.395191,0.765171
-55.6769,76.7201,-54.6599,-0.333929,0,2.8,1,-0.343896,0.651331,-0.67639
-52.1895,80.7766,-48.3565,-0.163592,0,3.8,1,-0.398548,0.912204,0.0950966
-78.047,68.8305,-58.8592,-0.638737,0,-0.8,0,-0.859395,-0.316432,-0.401636
-77.7699,78.2627,-47.042,-1.90466,-0.120226,-3.5,0,-0.624346,0.780845,0.0217562
-51.6821,84.4119,-43.2267,-0.0868474,0,-3.9,1,0.588188,0.782308,-0.205011
-58.4485,74.2176,-40.5281,-0.0378169,0,3.8,0,-0.318602,-0.495991,-0.807766
-82.3372,67.6322,-51.665,-0.243396,0,4.2,0,0.557212,-0.143129,-0.817942
-60.7337,77.5697,-57.6997,-0.820534,0.00164304,-1.3,0,0.439341,0.885255,-0.152654
-41.9333,57.6978,-55.2298,-1.29296,-0.900613,1.8,0,0.183387,-0.825342,-0.534021
-51.7257,61.8811,-44.5015,-0.267365,0,-4.18385,0,0.392926,-0.502517,0.77012
-75.2346,80.5391,-37.6716,-0.311423,0,-3.5,0,-0.792748,-0.387167,0.4708
-79.607,69.842,-41.6128,-0.25115,0,3.8,1,-0.198925,0.800122,-0.565893
-71.82,79.188,-52.6307,-0.623716,0,-3.5,0,0.0340725,0.553745,-0.831989
-56.1562,82.5075,-48.768,0.273203,0,-0.9,0,0.310292,0.943563,-0.11579
-74.4607,64.486,-39.1608,-0.190357,0,4.2,1,0.808237,0.246884,0.534604
-50.4314,78.3195,-53.3235,-0.54174,0,2.8,1,0.548637,0.775073,0.313463
-47.3405,59.1278,-54.3245,0.328114,0,0.698603,0,-0.582167,-0.256206,-0.771648
-56.872,70.113,-42.166,0.772152,0.222294,-4.5,0,-0.0807232,-0.0939582,0.992298
-39.513,70.86,-48.774,-0.68602,0,0.15,0,0.980146,0.072581,0.184515
-51.8993,69.1068,-43.265,-0.178411,0,-0.9,0,-0.175512,-0.340551,0.9237
-48.5345,78.511,-51.909,-0.59355,0,2.8,1,-0.0680408,0.993701,-0.0890424
-78.6686,77.657,-40.2505,0.829759,0,-1.6,0,-0.345074,-0.54046,0.767351
-62.802,66.7375,-37.1208,-1.47088,-0.0237557,-3.5,0,0.278669,0.0897611,0.956183
-61.3022,81.3323,-51.706,-1.76087,0,-3.5,0,0.0810896,0.979314,0.185389
-64.4765,68.3035,-57.7295,-1.52357,0,-0.8,0,-0.484335,0.0648106,-0.872479
-73.6269,66.1415,-43.65,-0.510534,0,-0.819706,1,0.180253,0.724111,0.665711
-70.873,80.741,-51.635,-0.839277,0,-3.5,0,-0.265962,0.884744,-0.382743
-80.8961,69.8816,-41.2825,-0.171634,0,3.8,1,-0.167524,0.875575,-0.453105
-71.4215,76.1965,-58.113,-0.550641,0,4.2,0,0.0802402,0.746376,-0.66067
-53.2474,80.3454,-45.4944,0.109584,0,-0.9,0,0.557904,0.777704,-0.28969
-77.095,65.5188,-37.9372,-0.142241,0,4.2,1,-0.199048,0.100237,0.97485
-55.297,82.6591,-40.4044,0.182528,0,-1.1478,0,-0.992557,0.117907,-0.0304859
-73.7546,76.2893,-55.0947,-0.648184,-0.142747,1.29409,0,-0.0668936,0.952159,-0.298191
-76.4326,78.0021,-52.5096,0.259308,0,-3.5,0,-0.63017,0.11334,-0.768141
-83.7425,60.532,-40.321,-0.392287,0,-0.9,1,-0.831355,-0.114128,0.543897
-68.588,80.1491,-48.0044,-2.07035,0,-3.5,0,0.146258,-0.0897709,0.985165
-80.7253,55.9075,-42.6649,0.520265,0,-3.5,0,-0.407596,-0.906443,0.110577
-58.6898,49.707,-50.6432,-1.76736,-0.0445561,-3.5,0,0.157276,-0.37725,-0.912659
-67.1645,60.8363,-51.757,0.0735598,0.237579,-0.9,0,0.851688,-0.305303,-0.425931
-76.1145,61.1932,-36.3135,0.451461,0.00313588,-4.5,1,-0.285931,0.805041,0.519762
-53.7405,78.9765,-50.57,-0.532035,0,-0.9,1,0.380138,0.852222,-0.359463
-82.555,62.9232,-50.3247,-2.22001,-0.731344,-2.92231,0,-0.103887,-0.510398,-0.85364
-49.3535,58.5454,-48.728,-0.425504,0,-1.6,0,0.260582,-0.134701,0.956009
-67.4791,75.5354,-46.2255,-0.940771,0,3.8,0,-0.859199,0.171081,-0.482191
-56.4329,62.9149,-49.383,-0.969494,0,-1.6,0,-0.628474,-0.776079,-0.0521675
-67.0867,67.16,-40.4334,-0.998596,0,-3.5,1,-0.715282,0.434945,0.546987
-66.0717,72.0855,-63.7836,-0.389291,0,-3.5,0,0.801232,0.0148527,-0.598169
-52.8079,52.1499,-53.2951,-0.237748,0,-1.6,0,-0.401345,-0.908046,0.119896
-67.4241,70.2552,-56.2096,-0.263041,-0.0420662,1.17888,0,-0.273624,-0.681541,-0.678698
-60.8225,74.4617,-59.2549,-1.12769,-0.399458,-1.3,0,0.160769,-0.296135,-0.941519
-79.8484,74.4768,-42.971,-0.381818,0,-3.5,0,-0.700894,-0.121457,0.702849
-72.7476,75.8665,-31.9807,-0.239047,0,3.8,0,-0.270432,0.644656,0.715042
-60.639,69.0305,-58.3485,-0.44095,0,-3.2,0,0.573216,-0.78538,-0.233672
-53.4055,52.4089,-47.8555,-0.672113,-0.33702,-2.37305,0,0.887238,-0.459133,0.0447969
-50.7,74.358,-40.0933,-1.66367,-0.0274569,-3.5,0,0.751436,-0.655456,0.075647
-59.1517,75.7533,-58.8475,-1.3622,-0.0482787,-1.3,0,0.517068,0.439893,-0.734258
-76.9615,76.4112,-39.2038,-1.17942,0,-1.6,0,-0.587369,0.0539047,0.807522
-52.2064,79.776,-46.1241,0.117559,0,1.95934,1,0.133708,0.991019,0.00207336
-84.055,62.6707,-44.1031,0.463082,0.156036,-0.8,0,-0.65513,-0.729464,-0.19669
-73.7483,58.7591,-46.8278,-0.0355787,0,-3.76763,0,-0.750206,-0.463217,-0.471827
-67.2422,61.9185,-36.0392,0.319496,0.117495,-4.5,0,-0.341645,0.619176,0.707035
-78.4656,57.6975,-40.5386,0.132251,0,-2.26524,0,0.405105,-0.900329,0.159051
-77.5527,75.924,-51.9416,-0.660413,0,-3.5,0,-0.831594,0.131127,-0.539683
-60.1144,53.7709,-48.9431,0.0274282,0,-3.77302,0,-0.0367768,0.0402468,-0.998513
-74.413,81.2237,-52.072,-1.65084,-0.762289,-3.5,0,0.0400082,0.950706,-0.307502
-37.7545,62.7113,-48.7306,-0.451887,0,-3.5,0,0.823711,0.56241,-0.0720749
-50.2052,63.7923,-53.0643,-0.700016,0,-2.99782,0,-0.234031,-0.618662,-0.749991
-72.7044,71.3306,-39.7225,-0.558774,-0.0789308,3.8,1,-0.21886,-0.972074,0.0846872
-41.534,68.8429,-46.2573,-1.14314,-0.246187,-0.952088,0,0.111198,-0.285217,0.951991
-74.1095,57.2643,-38.391,0.518498,0,-4.5,0,0.421108,-0.801243,0.425062
-64.4538,64.7322,-37.3675,-2.26431,-0.280463,-3.5,0,-0.267264,-0.36762,0.890745
-66.5023,74.6785,-36.2345,-1.17773,-0.101351,2.8,0,0.725631,0.548151,0.415919
-61.3563,66.3978,-53.9362,-0.166597,0,4.2,0,0.0860738,-0.944404,-0.317319
-52.778,61.4214,-44.1124,-0.554765,-0.0703541,-4.5,0,0.333926,-0.380351,0.862454
-45.8602,83.5155,-41.1019,-1.74135,-0.277938,-3.5,0,0.887716,-0.17571,-0.425543
-78.5994,68.5119,-48.9156,0.122934,0,-1.6,0,-0.556324,-0.825912,-0.0915008
-77.4581,60.8129,-36.7723,0.114612,0,-1.88001,1,-0.258808,0.591023,0.764009
-65.137,60.995,-36.694,0.207988,0,-4.5,0,0.845523,-0.01607,0.533697
-72.659,72.77,-45.3978,-0.434127,0,3.8,1,-0.88868,-0.439476,0.130801
-43.441,75.964,-47.7062,-0.632257,0,-0.7,0,0.430539,0.819372,0.378504
-44.8423,56.3918,-50.6801,-0.293947,0,-1.6,0,0.981804,0.120415,0.146836
-48.2206,67.4378,-45.2081,0.281391,0.261763,-0.51265,0,0.314895,0.640068,0.700824
-55.9352,69.9406,-59.7751,-0.0994703,0.0224649,-3.5,0,0.480186,-0.80303,-0.352936
-39.5175,75.3396,-52.3022,-0.26207,0,1.8,0,0.827198,0.404918,-0.389596
-49.6813,85.8004,-39.2071,-0.457124,0,-3.5,0,0.601445,0.798813,0.0127222
-51.9025,87.133,-40.3115,-0.687264,-0.00939933,-3.5,0,0.180946,0.572012,-0.800038
-69.5125,70.2048,-41.536,-0.985065,0,3.8,1,0.17105,-0.76899,0.615951
-74.2465,58.0322,-44.756,-0.990122,-0.0346746,-3.5,0,-0.428997,-0.901998,0.0485964
-76.63,57.6297,-36.486,0.325833,0.146412,-4.5,1,-0.171243,-0.684848,0.708279
-79.3294,77.1964,-47.4709,-2.35368,-0.337127,-3.5,0,-0.62962,0.776777,0.014003
-79.3568,64.5358,-39.5785,-0.124026,0,-0.9,1,-0.271465,0.114263,0.955642
-42.7915,69.0595,-46.156,-0.895032,0,-0.4,0,0.138146,-0.618075,0.773885
-72.5234,72.9026,-34.3649,-0.416375,0,3.8,0,-0.318984,-0.937194,0.141126
-76.1328,77.0255,-53.9755,-0.322108,0.158275,-2.93838,0,-0.489408,0.821024,-0.293936
-73.2095,68.6514,-59.6371,-0.313698,0,-1.6,0,-0.212265,-0.972948,0.0911856
-79.1984,68.8962,-42.5481,-0.290751,0,3.8,1,0.0815089,0.728086,-0.680623
-73.7091,81.1559,-35.8749,0.0862212,0.0447149,-3.5,0,-0.0560081,-0.31528,0.947344
-59.0508,52.3799,-45.3615,-0.304042,0,-2.21286,0,-0.419585,-0.661355,0.621738
-50.9901,82.2487,-43.6525,-0.0338507,0,-3.9,1,0.441052,-0.062475,-0.895305
-69.5371,70.5599,-34.2762,-1.44033,-0.38414,1.10913,0,-0.393386,-0.877001,0.275892
-56.5111,69.6979,-58.3206,-0.124676,0,-3.5,0,0.446469,-0.863718,-0.233787
-77.6198,70.0283,-59.762,-0.308524,0,-0.8,0,-0.617602,0.103313,-0.779675
-70.1312,76.867,-55.5095,-1.7053,0,2.28673,0,-0.080845,0.964287,-0.25222
-44.9146,56.4281,-51.9436,-0.63136,-0.0849482,-1.6,0,0.739686,-0.60962,-0.285004
-69.9238,71.7832,-36.6058,-0.938787,-0.115275,3.8,1,-0.291139,-0.881514,-0.371713
-47.309,78.4269,-50.0226,-0.169419,0,3.29406,1,0.492486,0.85033,-0.18546
-43.6529,73.5963,-55.9334,-0.355303,0,-0.4,0,0.739884,0.117811,-0.662339
-78.0565,64.1084,-48.1456,0.073524,0,-3.75154,0,-0.373041,0.886091,-0.275105
-56.815,76.399,-35.707,-0.00405922,0,-0.567757,0,-0.854658,0.210404,0.474646
-42.1466,65.876,-47.2096,-0.677006,0,3.8,0,-0.194713,-0.166471,0.96663
-45.3812,77.1225,-50.2578,-0.0599681,0,1.04855,0,0.397942,0.860732,-0.317463
-42.8548,60.384,-49.3496,-1.037,-0.184193,-2.83605,0,-0.150813,-0.745468,0.649256
-39.2491,68.3648,-47.0924,-0.504839,0,3.8,0,0.796202,0.259622,0.546497
-76.4295,82.2946,-45.2304,-0.612392,0,-0.8,0,-0.28272,0.487075,-0.826334
-80.214,70.5902,-37.5843,-0.171585,0,3.8,1,-0.278172,0.737639,0.615231
-55.035,82.6468,-35.2515,-1.4364,-0.383948,-3.5,0,-0.495816,-0.0371359,0.867633
-75.4849,79.3945,-47.097,-0.963106,0,-0.8,0,-0.115459,0.669352,-0.733919
-81.209,66.5695,-46.7324,0.23491,0.541824,0.520279,0,0.591304,-0.100731,-0.800133
-65.9617,75.3014,-39.8613,-0.145075,0,2.8,0,0.880419,0.41635,0.22697
-79.9815,76.1924,-47.8295,-2.24233,-0.931995,-3.5,0,-0.94724,0.105203,-0.302769
-67.4826,68.9366,-55.6105,-0.497564,0,1.12058,0,-0.351349,-0.481146,-0.803151
-57.1459,81.609,-46.5423,0.097832,0,-0.9,0,-0.760436,0.496814,0.418225
-70.7048,77.9051,-39.2355,-0.306209,0,-3.5,0,0.651473,0.552707,0.51971
-62.3336,78.1999,-56.1464,-1.14129,0,-2.69142,0,0.37513,0.861975,-0.340993
-56.015,69.3826,-57.1323,0.246514,0.393705,-3.5,0,0.47833,-0.729903,-0.488306
-69.3995,51.7265,-46.495,0.232917,0,-4.5,0,-0.653599,-0.751164,0.0925244
-38.3042,74.511,-47.5635,-0.552847,0,-3.5,0,0.833045,0.0950075,-0.544986
-51.1879,79.1581,-57.3699,-0.252908,0,2.8,1,0.0549419,0.518212,-0.853486
-46.0045,59.4969,-56.3329,-0.111674,0,1.8,0,-0.850807,-0.359274,-0.383471
-78.6223,72.9825,-48.8237,-0.698694,0,-1.6,0,-0.868693,0.192226,-0.456532
-58.0445,62.5984,-41.9389,0.381829,0.725097,2.8,0,0.270611,-0.33164,0.903761
-69.4859,71.8548,-32.2614,-1.52158,-0.150086,-1.3,0,-0.755603,-0.559954,0.339877
-77.4303,74.4351,-54.225,-0.135708,0,-0.875354,0,-0.999754,0.0189444,-0.0115201
-53.2446,68.7875,-43.7744,0.164923,0.226256,-1.93127,0,0.117598,-0.187849,0.975133
-50.999,80.8747,-49.82,-0.250538,0,3.8,1,0.106872,0.698919,-0.707171
-42.6338,73.9983,-41.7176,-0.44137,0,3.8,0,0.433776,0.0146454,0.900902
-77.7384,61.8418,-37.717,0.0224813,0,1.85118,1,-0.0952581,0.550297,0.829517
-58.3009,80.6032,-48.3391,-0.453849,0,-1.71069,0,-0.783662,0.538063,0.310423
-78.0025,74.549,-56.5725,-1.16585,-0.929742,-0.8,0,-0.903861,-0.29401,-0.310794
-48.75,68.413,-45.9326,0.388064,0,2.5,0,0.345286,0.335359,0.876534
-73.061,73.3682,-44.5135,-0.426071,0,2.9093,1,-0.731015,-0.635823,-0.247682
-83.8026,67.2722,-52.0941,-0.17819,0,4.2,0,0.0423369,-0.138464,-0.989462
-48.1138,71.7311,-58.2005,-0.59175,0,-0.8,0,0.310925,0.0785023,-0.947187
-79.6425,76.4723,-42.6141,-0.0171936,0,-2.54998,0,-0.899897,-0.292593,0.323381
-44.6015,60.3438,-49.2105,-0.525735,0,-1.6,0,0.339186,-0.474384,0.81235
-46.3088,62.0439,-44.1251,-0.0903386,0.100314,-3.5,0,0.608,-0.694153,0.385341
-75.561,73.3975,-43.9712,-0.371927,0,-3.5,1,0.339283,-0.94068,0.00304096
-47.062,66.5854,-59.7625,-2.16454,-0.485412,-3.5,0,0.155023,-0.228846,-0.96104
-57.357,54.8522,-52.929,-2.01419,-0.550846,-3.5,0,-0.628912,-0.386935,-0.674352
-56.8399,53.8633,-50.9751,-0.899939,0,-3.5,0,-0.63057,-0.616783,-0.471127
-54.1377,83.8483,-45.6183,0.547593,0,-3.9,1,0.529574,0.0977366,-0.842614
-65.387,59.2256,-37.6605,0.0694658,0,-4.5,0,0.568177,-0.451826,0.68777
-57.9065,77.2763,-37.602,0.0525191,0,3.8,0,-0.45412,0.75652,0.470587
-48.4599,80.827,-38.3109,-0.543266,0,-3.5,0,0.459459,-0.844388,0.275512
-77.8887,67.2086,-47.3429,-1.36581,-0.977198,-0.7,0,-0.379121,-0.338469,-0.861223
-78.3692,72.1817,-50.21,0.0358799,0,-1.6,0,-0.860299,0.448189,-0.242923
-47.7537,79.7746,-46.4595,-0.253467,0,3.8,0,0.628851,0.461798,0.625531
-64.867,48.556,-46.594,0.447966,0,-4.5,0,-0.087279,-0.333158,0.938823
-55.4335,51.878,-41.9473,-0.359861,0,-0.7,0,0.262375,0.0139855,0.964865
-79.6097,74.9399,-48.2339,-1.91102,-0.719983,-3.5,0,-0.821646,-0.282255,-0.495207
-54.0025,52.596,-52.1738,-0.75246,-0.324993,-2.54165,0,-0.470478,-0.792739,-0.387576
-66.4529,70.3587,-62.4829,-0.303609,0,-3.5,0,0.590615,-0.647402,-0.48171
-58.8401,79.0466,-46.255,0.26224,0.742594,-4.5,0,-0.362536,0.576102,0.73258
-41.4067,71.4725,-44.8372,-1.20221,-0.12045,-3.5,0,0.579761,-0.372963,0.724414
-65.4029,65.2408,-50.8903,-0.432443,0,-1.3,0,0.243158,-0.124179,-0.962005
-54.8923,70.945,-59.3045,-0.382502,0,-3.5,0,0.760894,-0.558274,-0.330712
-70.094,69.513,-62.095,0.343231,0,-1.6,0,0.260063,-0.393071,-0.881965
-52.3208,58.99,-44.9263,0.262805,0,-4.5,0,0.575172,-0.265538,0.773736
-73.0489,65.114,-53.2692,-1.05755,-0.909648,-0.9,0,-0.633029,-0.227545,-0.739931
-70.1862,69.3173,-41.9851,-0.642199,0,3.8,1,0.0338354,-0.681797,0.730759
-82.378,70.6756,-49.2745,-0.336823,0,4.2,0,0.516899,0.774574,-0.364487
-49.7565,61.9329,-45.606,-0.266743,0.558286,-3.57625,0,0.272315,-0.920003,0.281851
-72.6165,76.0785,-58.726,-1.24545,-0.0697235,-0.8,0,0.249438,0.881007,-0.402004
-66.9522,75.1304,-62.597,-0.270868,0,-3.5,0,0.584626,0.81112,-0.0172321
-75.9948,68.5689,-53.1265,0.509982,0.0659879,1.8,0,-0.673117,-0.720742,-0.165664
-63.4975,74.284,-59.4702,-0.891003,0.011099,-3.34726,0,0.0115429,0.318063,-0.947999
-65.14,71.4506,-32.1234,-1.70751,-0.478277,-1.3,0,0.93625,0.105202,0.335213
-77.757,68.1359,-43.1804,-0.43256,0,1.33306,1,0.0786376,0.987541,-0.136304
-70.2718,75.902,-65.0261,0.0472857,0.750953,-3.5,0,-0.310339,0.614779,-0.725077
-80.5694,63.2519,-38.643,0.0991896,0,-0.9,1,-0.0250117,0.626747,0.778821
-46.0386,68.2134,-57.5088,-1.3724,0,-3.5,0,0.649166,0.654321,-0.387875
-73.1813,81.6432,-42.3177,-0.827592,-0.643324,-1.55415,0,0.956077,0.203084,0.211362
-58.9111,79.8704,-47.5261,-0.695507,0,-4.5,0,-0.292054,0.890249,0.349515
-79.6389,57.6893,-37.1637,0.173427,0,-0.9,1,-0.247642,-0.532537,0.809369
-52.0957,60.3298,-44.7438,0.169947,0,-4.5,0,0.524276,-0.303445,0.795648
-54.7113,76.1547,-33.1753,-1.44093,-0.40117,-0.8,0,-0.301021,-0.154532,0.941014
-48.3913,59.3042,-53.673,-0.206353,0,-1.6,0,-0.750405,0.0729068,-0.656945
-77.011,76.7115,-56.1138,0.139959,-0.167727,-0.8,0,-0.316251,0.942522,-0.107872
-57.947,79.3497,-53.0179,-0.632449,0,-0.9,0,0.0453869,0.392873,-0.918472
-51.243,82.8685,-35.5685,-1.01055,-0.911285,-3.5,0,0.0596635,-0.098022,0.993394
-74.7974,82.599,-41.0936,-0.892331,-0.0540733,-2.72316,0,0.228591,0.959199,0.166382
-56.7453,53.7002,-41.643,-1.32437,-0.958509,-0.7,0,0.0143844,0.0966034,0.995219
-54.91,81.1134,-35.7375,-0.282919,0,-0.8,0,-0.368181,-0.0741426,0.926793
-69.9333,71.2982,-63.152,0.0811306,0,-2.55069,0,-0.270656,-0.511475,-0.815561
-76.9286,75.2079,-38.5209,-0.19383,0,3.8,0,-0.75617,0.498362,0.424078
-52.2643,85.8154,-36.4948,0.0553046,0,-3.5,0,0.328315,0.491897,0.806379
-67.6618,51.0581,-44.9159,0.437364,0,-4.5,0,-0.176607,-0.956725,0.231271
-85.7941,64.4991,-46.5774,2.60422,0,-0.756859,0,-0.867836,-0.0783576,0.490632
-62.9355,65.8025,-57.8947,0.253794,-0.146726,-0.8,0,0.625693,-0.512012,-0.588517
-63.9376,55.1621,-43.1374,-0.496797,0,-3.5,0,0.15373,-0.956937,0.24625
-77.3828,71.359,-58.0602,0.377201,0,-0.8,0,-0.892827,0.4205,-0.161367
-63.3575,71.292,-35.8764,-0.449785,0,-1.3,0,0.827775,-0.510368,0.23305
-41.846,70.3725,-53.8115,-0.296881,0,-1.6,0,0.761765,0.130288,-0.634617
-69.3086,55.6948,-43.4891,0.124211,0,-4.5,0,-0.762557,-0.160413,0.626717
-51.0751,69.3824,-55.1984,-0.408016,0,3.09204,0,-0.431134,-0.617851,-0.657558
-78.9333,68.3885,-45.9678,-0.346479,-0.0855814,-0.7,0,-0.578175,0.765295,0.282908
-58.6063,73.0895,-39.3705,-0.168832,0,3.8,0,-0.327874,-0.836437,-0.439172
-64.4279,66.2318,-51.1362,-0.459246,-0.0218054,-1.20702,0,-0.205365,-0.425454,-0.881371
-70.527,70.3035,-41.003,-0.743059,-0.0332587,3.8,1,-0.125901,-0.791434,0.598148
-85.305,67.787,-44.695,-0.753594,0,-0.8,1,-0.707009,0.479301,0.520009
-69.357,71.2978,-33.1731,-1.26706,-0.297551,2.14946,0,-0.585908,-0.699389,0.40935
-48.369,60.4878,-52.7482,0.0140454,0,-1.6,0,-0.768696,0.0538697,-0.637341
-63.236,52.153,-46.411,0.599886,0,-4.5,0,-0.12532,-0.369865,0.920595
-66.9654,66.4849,-39.3558,-0.742737,0,-2.65287,1,-0.685181,0.435081,0.584151
-79.0465,61.2301,-49.8667,0.289573,0,-3.9,0,-0.455102,-0.873396,-0.173383
-74.4061,70.5295,-60.4881,-0.393525,-0.417742,-1.2232,0,-0.650308,-0.436453,-0.621779
-62.9156,69.4516,-61.3259,-0.468016,0,-3.2,0,-0.182175,-0.663131,-0.725995
-70.2119,77.6267,-41.7999,-0.939229,0,2.39538,0,0.294639,0.954627,-0.0433037
-46.4181,72.0965,-42.9562,-0.193459,0,3.8,0,-0.676543,-0.251168,0.692246
-71.4948,62.2886,-53.3257,-0.374493,0,-0.9,0,-0.316289,-0.539507,-0.780316
-72.0126,68.7304,-57.7869,-0.714018,-0.105301,0.0599093,0,0.413287,-0.888768,0.198207
-67.4014,74.5914,-60.8379,-0.15064,0,-3.5,0,0.0431037,0.902632,0.428249
-71.658,79.7077,-45.0994,-1.84459,-0.0366571,-3.5,0,0.727964,0.502863,0.466044
-70.6295,63.4235,-38.799,-0.399462,0,-0.9,1,-0.621501,0.463802,0.631368
-81.5569,64.7282,-49.1095,-1.3194,0,-0.158705,0,0.723359,0.68316,-0.100216
-58.9206,64.1859,-40.987,-0.726901,-0.396419,2.8,0,0.284623,-0.432657,0.855452
-85.6133,65.8298,-46.0461,0.358108,0,-0.8,0,-0.983776,-0.150414,0.0977818
-82.4315,61.8165,-38.9954,-0.274271,0,-0.9,1,-0.663925,-0.0249025,0.747384
-83.4693,61.5425,-40.0913,-0.279211,0,-0.9,1,-0.926096,0.0030567,0.377276
-40.3573,71.8077,-45.5455,-0.777952,0,-3.5,0,0.715294,-0.377093,0.58835
-59.7052,48.2721,-46.8241,-1.64793,-0.0598817,-3.5,0,0.0429799,-0.881376,0.470457
-75.8055,82.4727,-41.1545,-0.662132,-0.0542986,-1.54277,0,-0.408648,0.856256,0.315962
-75.6195,58.2625,-41.3592,0.398352,0,-4.5,0,0.0719548,-0.94593,-0.31629
-39.5622,59.6781,-48.4641,-1.78248,-0.0916376,-3.5,0,-0.223015,-0.921823,-0.317027
-47.2785,52.3338,-49.512,0.144289,0,-1.6,0,0.0945641,-0.955548,0.279259
-56.4938,72.1882,-60.2719,-0.545851,0,-3.5,0,-0.111312,0.537688,-0.835764
-38.8301,68.2161,-51.6707,-0.289023,0,3.8,0,0.554384,-0.35558,-0.752476
-59.3708,79.892,-49.069,-0.600827,-0.115578,-4.00628,0,-0.312685,0.912183,0.26486
-83.8339,63.2786,-50.8358,-0.274376,-0.484093,-0.7,0,0.473313,-0.64256,-0.602571
-50.9281,80.4916,-36.7416,-0.669706,-0.282702,-2.07773,0,0.547912,-0.374269,0.748141
-70.5635,68.5553,-42.7925,-0.466737,0,0.56144,1,-0.516293,-0.390367,0.76227
-47.4103,65.3596,-42.0363,-1.86631,-0.442346,-3.5,0,0.0363301,0.457794,0.888316
-57.8553,55.0633,-50.9933,-1.19781,-0.0321524,-2.12674,0,-0.660599,-0.575612,-0.481954
-86.5415,62.3045,-47.4565,5.54618,0,-0.7,0,-0.261464,-0.737767,0.622363
-78.4297,62.8699,-52.7643,2.32583,0.122202,-3.9,0,-0.462114,-0.117662,-0.87898
-56.26,77.4955,-42.2,-0.527721,-0.00205018,3.8,0,-0.654109,0.756285,0.013196
-56.5255,77.531,-41.1167,-0.327638,0,3.8,0,-0.616919,0.572923,-0.539602
-59.2837,72.7343,-58.2069,-0.541271,0,-3.15275,0,-0.0806696,-0.00384454,-0.996733
-88.8049,64.8952,-51.5122,0.0826943,0,-0.7,0,-0.94739,0.125565,-0.294423
-38.6141,69.7226,-49.5845,-0.476044,0,3.8,0,0.860623,0.414124,0.29636
-40.5441,58.8478,-54.0659,-1.46193,-0.422522,0.721246,0,0.887543,-0.452922,0.0844303
-38.3351,62.3344,-52.874,-1.13216,-0.865591,-0.7,0,0.976938,-0.109352,-0.183394
-44.4326,57.4484,-51.3759,-1.57015,-0.83512,-1.6,0,0.762293,-0.357186,0.539748
-65.1667,73.398,-59.9832,-0.988043,-0.193225,-1.75976,0,0.326282,0.687478,-0.64878
-48.1121,75.6404,-44.9274,-0.801276,0,1.41139,0,0.698481,0.475474,0.534835
-62.2573,55.134,-48.9795,-0.269964,0,-4.5,0,-0.18336,-0.259382,-0.948209
-74.4759,79.0435,-48.7679,-1.08117,0,-3.5,0,-0.055177,0.986885,0.1517
-73.0928,56.2471,-48.6416,-0.200718,0,-3.5,0,-0.872285,-0.268214,-0.408877
-74.2753,64.55,-40.4663,-0.178849,0,4.2,1,0.848574,0.462166,0.257535
-54.605,54.0923,-53.6338,-0.412341,0,-1.6,0,-0.614488,-0.316094,-0.722834
-55.0311,81.9235,-43.6582,0.975839,0,-3.9,0,-0.559768,-0.635629,0.531635
-60.3332,80.1478,-49.79,-0.558949,0,-3.5,0,-0.152467,0.924866,0.348393
-77.5295,79.59,-39.5565,-0.00960597,0,-1.6,0,-0.332488,0.182956,0.925191
-62.7145,46.7188,-47.724,-0.000726052,0,-4.5,0,0.293493,-0.728941,0.618471
-70.4622,78.0006,-40.4311,-0.462103,0,-3.5,0,0.666823,0.739745,-0.0901379
-56.182,56.2007,-53.4401,-1.46788,-0.0354498,-3.5,0,-0.0943523,0.0945384,-0.99104
-76.0971,77.4744,-39.1654,-0.970279,0,-1.89809,0,-0.34509,0.0668992,0.936182
-77.4525,70.7096,-40.7105,-0.34062,0,3.8,1,0.401781,0.370316,-0.837519
-63.4673,76.8522,-46.0454,0.25675,0.144196,1.44049,0,0.227068,0.872583,0.432481
-61.9333,65.59,-51.6118,-0.440527,0,4.2,0,-0.155918,-0.877001,-0.454487
-71.447,78.3695,-41.2415,-0.504184,0,-3.5,0,0.632433,0.726691,-0.268232
-81.982,57.4084,-40.7191,0.158894,0,-0.9,0,-0.584028,-0.794864,0.164631
-74.798,78.4845,-37.812,-0.0344016,0,-3.5,0,-0.679475,-0.160495,0.715929
-44.1325,65.811,-47.2425,-1.62494,0,3.8,0,0.293737,-0.0143767,0.955778
-83.5316,69.718,-51.4396,-0.242077,0,4.2,0,0.0125873,0.748597,-0.662906
-65.9051,61.8029,-36.2849,0.426282,0,-4.5,0,0.439883,0.572877,0.691604
-51.776,58.1665,-46.3185,0.186358,0,-4.5,0,0.723165,-0.33678,0.603003
-41.5829,75.354,-43.5288,-0.851466,0,0.249304,0,0.429691,0.360424,0.827925
-71.3215,67.6318,-44.2578,-0.522062,0,-1.3,1,-0.724843,0.189899,0.662224
-40.8626,76.0981,-47.3574,-0.863309,-0.0857966,-3.5,0,-0.328367,0.817928,-0.472407
-39.7943,63.7344,-53.6625,0.171983,-0.355586,-0.7,0,0.685546,0.520673,-0.508847
-67.047,61.0848,-49.1152,-0.290797,0.168538,-1.02113,0,0.931072,-0.0986286,-0.351251
-86.1363,67.3613,-48.3228,0.459794,-0.0341393,4.2,0,-0.928069,0.372161,0.0135699
-53.485,56.3575,-44.7475,-1.41345,-0.0545467,3.8,0,0.758736,-0.1199,0.640268
-68.662,76.1775,-50.264,-0.941578,0,2.5,0,-0.153831,-0.284709,0.946191
-52.051,57.0336,-51.9985,-0.887805,-0.390822,-2.45266,0,-0.0712216,0.819635,-0.568442
-44.461,75.425,-53.8833,-0.11333,0,-0.4,0,0.536706,0.807069,-0.246143
-73.8388,63.1365,-39.5401,-0.117743,0,4.2,1,0.674005,0.4325,0.598883
-53.7985,69.469,-55.833,-0.291534,0,4.2,0,0.248175,-0.637003,-0.729819
-57.4499,66.8675,-54.5321,-0.642204,0,-2.59108,0,0.145288,-0.692812,-0.706331
-70.1786,68.1332,-53.6919,-1.0753,0,2.5,0,-0.17162,-0.121975,-0.977583
-39.2875,63.3746,-47.602,-1.18239,-0.718132,-3.5,0,0.508628,0.799958,0.318379
-61.9764,64.2776,-38.8809,-1.41585,-0.534071,-3.5,0,0.421203,-0.781456,0.460342
-80.7475,75.0955,-45.0067,-1.32928,0,-3.5,0,-0.967325,-0.130817,0.217184
-53.3768,56.1623,-53.5783,-0.454653,0,-1.6,0,-0.202261,0.694964,-0.690012
-68.822,75.8558,-36.2295,-0.625126,-0.254775,3.04422,0,0.0723331,0.968029,0.240183
-72.7226,68.2659,-61.1464,-0.129686,0,-1.6,0,-0.466133,-0.852161,-0.237785
-55.1775,59.395,-43.8187,-0.15863,0,3.8,0,0.646378,-0.0608142,0.76059
-51.2497,79.052,-53.2685,-0.490366,0,2.8,1,0.431859,0.705235,0.562264
-44.016,72.364,-55.895,-0.939158,-0.0822418,-0.506743,0,0.491907,0.00563118,-0.87063
-69.2159,56.5457,-42.8452,-0.178806,0,-4.5,0,-0.566767,-0.464326,0.680571
-68.5547,70.144,-33.7007,-0.752591,0,-1.3,0,-0.35681,-0.917638,0.175008
-72.474,63.0599,-40.0351,-0.110952,0,0.0988415,1,-0.218462,0.57202,0.790612
-74.6185,65.6939,-42.8211,-0.431098,0,2.06649,1,0.439324,0.703475,0.558675
-77.1148,71.8487,-40.5353,-0.337167,0,3.8,1,-0.117232,0.111903,-0.98678
-57.1367,59.0243,-47.3409,-0.577833,0,3.00622,0,0.169995,0.633914,-0.75449
-69.928,77.0354,-32.8621,-0.256445,0,3.8,0,0.419089,0.903368,0.0910573
-46.319,63.4342,-46.1917,-0.589458,0,-3.5,0,0.68553,-0.62527,-0.372942
-38.9673,75.2659,-44.1097,-1.7731,-0.018547,-3.5,0,0.296605,-0.321237,0.899351
-51.2431,88.4321,-38.1053,0.0749702,0.0085924,-3.5,0,0.754261,0.545305,0.365695
-76.9635,75.287,-57.806,-1.05759,0,-0.8,0,-0.713435,0.223697,-0.664055
-55.93,70.9065,-60.4207,-0.24392,0,-3.5,0,0.319156,-0.223878,-0.920879
-70.422,70.6071,-35.1396,-1.69446,-0.265068,3.8,0,-0.490105,-0.856484,-0.161963
-62.4716,65.7271,-56.2803,0.430476,0.360674,-0.8,0,0.682355,-0.720541,0.123339
-45.362,57.311,-49.6118,-0.102432,0,-1.6,0,0.946625,0.0991288,0.306714
-67.1535,74.549,-33.8706,0.498412,0.844955,-1.3,0,0.562078,0.764748,0.315007
-70.5959,67.2598,-42.5153,-0.610813,0,-0.9,1,-0.747284,0.413097,0.520497
-48.7584,82.3562,-42.098,-0.430006,0,-3.79298,0,0.476651,0.252185,-0.842144
-66.3385,79.2258,-46.749,-0.568639,0,3.8,0,-0.166094,0.707555,0.686862
-68.8962,59.1659,-51.5514,-0.551933,-0.701831,-2.81771,0,-0.0145117,-0.33222,-0.94309
-63.5935,53.656,-45.5395,-0.093096,0,-4.5,0,0.1142,-0.644807,0.755766
-79.0201,61.2858,-48.4291,-0.051241,0,-3.53453,0,-0.122139,-0.987741,-0.0972133
-48.0182,74.0192,-43.4347,-0.705493,-0.363876,0.477345,0,-0.000524029,0.216184,0.976352
-78.5658,73.7462,-42.683,-0.343767,0,-3.5,1,-0.310364,-0.532067,0.787769
-53.0129,80.2499,-54.8925,-0.341111,0,2.8,1,-0.553636,0.830391,-0.0627593
-83.917,63.33,-41.0617,0.342708,0,-0.9,1,-0.975907,-0.0483544,0.212762
-58.9295,57.121,-43.2223,-0.155315,0,1.28117,0,0.236391,-0.222321,0.945882
-73.3045,69.9139,-62.5088,-0.130934,0,-1.6,0,-0.538597,-0.522158,-0.661259
-42.7144,70.8611,-54.317,-0.339463,0,-1.6,0,0.77675,0.209217,-0.594044
-56.7363,61.0745,-42.389,-0.247368,0,3.8,0,0.515425,0.204519,0.832171
-73.5238,75.9766,-35.0773,-0.233333,0,3.8,0,-0.559168,0.777534,-0.287701
-79.8884,79.3357,-43.8559,0.0609613,0,-1.6,0,-0.670888,-0.224104,-0.706886
-72.168,79.7288,-49.6113,-1.12896,0,-3.5,0,-0.520331,0.83018,0.200143
-71.545,81.0452,-39.4641,-0.199894,0,-3.5,0,0.900583,0.404207,-0.159898
-38.245,69.2988,-50.598,-0.392175,0,3.8,0,0.857257,0.431359,-0.28114
-78.7765,69.1589,-52.7694,-1.33013,-0.239188,-1.6,0,-0.506964,-0.549475,-0.664127
-74.4465,60.1514,-48.8997,0.01566,0,-2.43564,0,-0.441511,-0.883656,-0.155628
-75.3073,77.9131,-53.4395,-0.058769,0,-3.5,0,-0.397863,0.258321,-0.880327
-58.421,76.5159,-44.426,-0.12097,-0.280787,-3.07296,0,-0.566357,0.32867,0.755788
-76.3489,74.164,-35.7552,-0.200193,0,3.8,0,-0.492337,0.705389,0.509932
-40.0734,71.0338,-51.3586,-1.4727,-0.633458,1.8,0,0.649474,0.0720766,-0.75696
-71.7536,80.8175,-37.6116,-0.117509,0,-3.5,0,0.845509,0.0404695,0.532425
-76.294,71.1905,-60.1315,-1.16502,-0.234777,-0.8,0,-0.383631,-0.127492,-0.914644
-42.2598,69.7852,-45.3825,-1.74394,-0.874012,-3.5,0,0.240348,-0.653341,0.717898
-50.2246,79.5098,-55.8905,-0.208652,0,2.8,0,0.84098,0.536644,0.0690423
-65.0645,57.8908,-50.4217,-0.27945,0,-3.5,0,0.510694,0.44793,-0.73386
-71.5583,68.8483,-62.6372,-0.146747,0,-1.6,0,0.113731,-0.487207,-0.865849
-58.5669,71.1366,-42.773,0.120198,0.318213,-4.5,0,0.0443529,0.786909,0.615473
-61.831,68.2561,-57.7832,-0.369186,0,-3.2,0,0.627525,-0.765807,-0.140542
-82.5358,70.2667,-47.2253,-0.265826,0,4.2,1,0.380015,0.733843,0.563083
-65.7883,56.6924,-50.7011,-0.135515,0,-3.5,0,0.366713,-0.377353,-0.850368
-81.547,69.6312,-39.2982,-0.0927888,0,3.8,1,-0.857254,0.483972,0.175747
-68.6991,74.0543,-31.8376,-0.93135,-0.314792,-1.3,0,0.346456,0.620697,0.703352
-54.3428,52.6603,-42.4933,-0.343076,0,-0.7,0,0.702923,0.194991,0.684016
-80.8794,57.8507,-37.8501,-0.23515,0,-0.9,1,-0.591379,-0.440044,0.675745
-58.154,61.1797,-47.3204,-1.21678,0,3.06855,0,0.597772,-0.266958,-0.755911
-47.8301,78.2196,-53.4426,-0.639265,0,2.8,1,0.130661,0.931966,-0.338182
-68.0557,68.1578,-60.8546,-1.57401,-0.274066,-1.6,0,0.528793,-0.818537,-0.224446
-78.2434,64.4685,-38.8785,-0.0595513,0,4.2,1,-0.526762,0.121683,0.841258
-60.9655,72.8311,-58.7499,-0.752384,0,-3.2,0,0.566447,0.0581423,-0.822045
-67.854,62.7183,-53.6058,-0.132144,0,-0.9,0,0.558619,-0.0638549,-0.826963
-68.5225,70.9772,-37.6958,-0.701339,0,-1.3,1,-0.745094,-0.666898,-0.00908038
-72.1602,80.3942,-40.8765,-0.425328,0,-3.5,0,0.766755,0.216227,-0.604427
-73.3737,80.4104,-42.4132,-0.720763,0,-2.4424,0,0.979431,0.198429,-0.0366084
-55.9221,67.4707,-54.2359,-0.171942,0,4.2,0,0.198108,-0.46282,-0.864032
-57.4518,78.6915,-39.093,0.273222,-0.325855,-0.68316,0,-0.956594,0.247639,0.153631
-66.2178,70.0921,-30.846,-2.00068,-0.733613,-1.3,0,0.258597,-0.641359,0.722347
-49.9715,71.813,-43.4645,-0.0884228,0.111216,-0.9,0,0.248586,-0.014578,0.9685
-46.6152,83.6963,-37.2901,-0.446257,0,-3.5,0,0.677448,-0.027281,0.735065
-50.869,56.7803,-53.009,-1.36784,-0.359292,-1.6,0,-0.107214,0.686553,-0.719131
-63.3607,55.1325,-42.1007,-0.731353,0,-3.5,0,-0.0224426,-0.999185,-0.0335395
-73.7715,62.308,-52.2347,0.0519446,0,-0.9,0,-0.575255,-0.205945,-0.791624
-71.4303,53.9972,-48.3709,-1.51278,0,-3.5,0,-0.635698,-0.611411,-0.471237
-73.7565,75.0355,-60.2255,-1.71563,0,-0.8,0,-0.243456,0.331062,-0.911662
-74.4082,65.5228,-39.6973,-0.308373,0,4.2,1,0.859696,0.472817,0.193307
-78.4141,68.5039,-51.0795,-0.234293,0,-1.6,0,-0.425525,-0.835644,-0.347313
-83.23,58.0583,-41.2808,0.73449,0.185317,-0.9,0,-0.749054,-0.650896,0.123499
-60.6367,72.32,-43.6553,-0.393011,-0.0861396,-3.5,0,0.641792,0.493658,0.58686
-80.6751,69.311,-36.8504,-0.128465,0,3.8,1,-0.34416,0.255662,0.903433
-71.7414,69.3821,-56.892,-1.01087,0,2.02013,0,0.53572,-0.835406,0.122886
-38.2479,61.6799,-50.4114,0.183154,0,-3.5,0,0.897136,-0.0170565,-0.441424
-54.964,75.193,-56.447,-0.358672,0,2.38026,0,-0.459817,0.488403,-0.74164
-45.9385,71.1035,-56.4292,-0.729545,-0.0242065,-1.19451,0,0.4219,-0.0661561,-0.904226
-79.7845,61.942,-50.3228,-0.552971,0,-3.60459,0,-0.304075,-0.81677,-0.490331
-45.7925,68.2162,-45.1007,-1.62744,-0.357847,-0.4,0,-0.141906,-0.531845,0.834868
-55.0274,57.5736,-49.0736,-1.35504,-0.00865286,-1.22728,0,-0.0708654,0.991884,-0.10557
-39.2895,65.4378,-49.2835,-0.166577,0,3.8,0,0.900626,-0.09647,0.423754
-68.7156,70.195,-35.7972,-0.544266,0,-1.3,1,-0.427103,-0.901134,-0.074435
-78.7124,70.8505,-37.5355,-0.199035,0,3.8,1,-0.487215,0.519467,0.70198
-77.9995,60.747,-50.6815,0.274024,0,-3.9,0,-0.217006,-0.897036,-0.385012
-77.4508,68.6097,-38.5365,-0.271331,0,3.8,1,0.753204,-0.320789,0.574263
-61.5586,66.5519,-55.3856,0.072639,0.411579,1.4252,0,0.484483,-0.85887,-0.166186
-77.7279,73.835,-38.3804,-0.199422,0,3.8,0,-0.817699,0.572652,0.0586283
-52.9507,88.5533,-37.3194,0.411098,0.314518,-3.5,0,-0.207882,0.683167,0.700048
-47.9963,55.5221,-48.6435,0.0812498,0,-1.6,0,-0.461385,0.204433,0.863325
-71.2311,74.3981,-31.5506,-0.337164,0,3.8,0,-0.019426,-0.371749,0.92813
-68.474,68.3227,-55.0067,-1.29788,-0.72713,2.5,0,-0.437713,-0.424012,-0.792857
-58.0692,57.6387,-51.5218,-1.86805,-0.670625,-3.10777,0,-0.557771,0.21523,-0.801603
-43.973,75.3873,-52.4313,0.0197152,0,1.62917,0,0.17911,0.89354,-0.411712
-59.1976,76.8536,-37.6035,-0.113327,0,3.8,0,-0.319876,0.852897,0.412608
-70.9463,71.365,-35.7552,-1.72172,-0.791376,3.8,0,-0.648445,-0.723867,-0.235662
-75.1865,83.5235,-44.7067,-0.727467,0,-0.8,0,-0.104799,0.815894,-0.568625
-57.6815,79.9865,-46.5742,0.0373666,0.53422,-3.59432,0,-0.663651,0.53332,0.524535
-60.914,76.606,-59.5599,0.0240176,0,-1.3,0,0.103293,0.167833,-0.980389
-72.6752,75.1797,-59.8905,-1.18482,-0.5397,-0.8,0,0.378079,0.629732,-0.678597
-66.0359,60.7918,-35.7164,0.298014,0.0386807,-4.5,0,0.487627,-0.150895,0.859913
-58.6012,77.1935,-38.6466,0.00875885,0,3.8,0,-0.457869,0.879099,0.132442
-70.872,64.734,-40.148,-0.615246,0,-0.9,1,-0.503918,0.576288,0.643396
-40.3661,68.7034,-46.4539,-0.705621,0,3.8,0,0.319901,0.0931295,0.942863
-78.2858,74.8956,-50.6857,-0.863642,-0.167711,-2.18257,0,-0.84055,-0.344325,-0.41823
-52.5308,57.6522,-51.0783,-0.628127,0,-3.77283,0,-0.072613,0.835121,-0.545252
-56.3638,62.0882,-52.4132,-0.497483,0,-1.6,0,-0.539227,-0.78318,-0.309617
-41.5259,59.0436,-52.5804,-0.593489,-0.106618,0.112763,0,0.374837,-0.789468,0.486043
-67.3915,57.2245,-51.778,-0.745077,-0.014757,-3.5,0,0.222271,-0.262552,-0.938969
-66.9305,73.1458,-31.275,-1.80411,0,-1.3,0,0.454779,0.740091,0.49542
-77.622,69.6485,-37.5145,-0.246823,0,3.8,1,0.570893,-0.425973,0.701875
-55.3935,85.5855,-44.9125,1.61568,0.00575476,-3.9,1,0.23181,0.73827,-0.63342
-57.2806,50.9194,-45.2404,-0.275727,0,-2.08756,0,-0.502162,-0.718824,0.480755
-50.5839,59.2603,-48.0211,0.0655795,-0.039528,-4.42896,0,0.728465,-0.118774,0.674709
-49.5153,65.6634,-54.6864,-0.339293,0,0.0476598,0,-0.807007,-0.266076,-0.527204
-48.4325,80.9649,-48.493,-0.254193,0,3.8,1,0.432542,0.7842,-0.444902
-49.7364,70.2624,-57.5988,-0.20831,0,-0.8,0,-0.485099,-0.377583,-0.78874
-44.6194,70.0387,-42.9302,-0.51922,0,3.8,0,-0.252773,-0.892352,0.373918
-49.297,52.1792,-50.5389,-0.0228159,0,-1.6,0,-0.150196,-0.967223,0.204746
-58.0876,61.275,-42.0444,-0.133241,0,3.8,0,0.0976217,0.106506,0.989508
-38.5354,62.3527,-51.5728,0.347789,-0.446521,-0.7,0,0.999297,0.0288741,-0.0239287
-53.4736,61.9121,-51.4072,0.260496,0.27579,-3.03757,0,0.0190037,-0.908192,-0.418122
-64.1981,57.6391,-49.8148,-0.0213704,0,-3.5,0,0.566046,0.281421,-0.774851
-76.348,79.749,-51.4902,-0.233001,0,-3.5,0,-0.604366,0.79393,0.0664591
-67.6396,64.7229,-52.2864,0.0905669,0,-1.48087,0,0.727272,0.0583813,-0.683862
-53.6948,81.0845,-42.7865,1.01499,0,-3.9,0,-0.885167,-0.448684,0.123132
-39.6457,72.4755,-51.3397,-0.953468,-0.164248,1.8,0,0.922417,-0.148873,-0.356349
-38.669,66.399,-49.965,-0.254507,0,3.8,0,0.948517,-0.313123,-0.0476306
-85.0131,69.8071,-49.0418,-0.163375,0,4.2,0,-0.716549,0.696929,-0.0290923
-50.1709,65.7644,-42.9235,-0.291438,0,-3.5,0,-0.21559,0.46222,0.860159
-47.682,53.7929,-47.6976,-0.283419,0,-1.6,0,-0.277612,-0.167697,0.945944
-45.7105,58.0495,-48.538,-0.234684,0,-1.6,0,0.467766,-0.0555028,0.882108
-68.6655,77.7495,-42.262,-0.410156,0,2.8,0,0.18381,0.980429,0.0705173
-67.2367,70.933,-30.4571,-2.08767,-0.788619,-1.3,0,-0.118997,-0.430503,0.89471
-57.2216,78.0985,-38.169,0.499533,-0.625316,-0.8,0,-0.765344,0.533113,0.360609
-63.2272,80.4485,-50.8747,-0.534214,0.41182,-0.8,0,-0.0338933,0.578764,0.81479
-81.8025,67.6077,-48.8265,-0.130681,0,4.2,0,0.889901,-0.417761,-0.183172
-59.0462,73.033,-45.053,0.51112,0,-4.5,0,0.202043,0.277241,0.939317
-46.4945,78.37,-51.7173,-0.212175,0,2.8,0,0.506592,0.861488,-0.0346699
-63.5709,63.7979,-39.3285,-0.956719,-0.469759,-2.29552,0,0.3181,-0.627804,0.710405
-79.213,69.254,-50.741,-0.212967,-0.661736,-1.6,0,-0.98059,-0.0797717,-0.179109
-48.6237,52.3994,-53.5066,-0.210831,0,-1.6,0,0.786704,-0.537887,-0.302943
-69.8084,57.2284,-51.8004,0.414001,0.447174,-3.5,0,-0.300717,-0.00502628,-0.9537
-49.6565,74.297,-43.1555,-1.90062,-0.395593,-0.9,0,0.314312,-0.349168,0.882774
-67.2585,60.8478,-35.4405,0.8434,0.832923,-4.5,0,-0.101096,0.0777235,0.991836
-80.2925,80.2647,-40.6183,-0.0840702,0,-1.6,0,-0.667969,0.326691,0.668648
-47.089,53.7119,-52.3046,-0.173293,0,-1.6,0,0.553486,-0.368803,-0.746752
-40.2858,64.9059,-52.5011,0.672916,0,-0.7,0,0.717531,0.557704,-0.417272
-54.5028,56.7395,-52.9582,-1.01788,0,-3.5,0,0.124144,0.5514,-0.824953
-39.9891,74.2351,-53.1301,-0.268777,0,1.8,0,0.478306,-0.192997,-0.856724
-80.939,70.4195,-39.4523,-0.172883,0,3.8,1,-0.435848,0.89409,-0.103148
-41.0732,58.482,-55.4275,-1.73617,-0.0184694,1.8,0,0.756169,-0.23577,-0.610427
-50.5685,77.4508,-37.442,0.279251,0.0682143,-3.5,0,0.864988,0.174668,0.470412
-70.954,54.3913,-44.7033,-0.499972,-0.187769,-3.5,0,-0.491039,-0.189094,0.850367
-77.3085,73.9495,-57.1489,-0.824959,-0.320011,-0.8,0,-0.952518,-0.124796,-0.277732
-43.1152,57.6888,-54.4827,-0.766088,-0.338238,1.8,0,0.0143557,-0.997579,-0.068038
-37.688,76.6168,-45.8235,-1.79299,-0.0591292,-3.5,0,0.82262,0.518281,-0.233841
-79.4384,80.8926,-44.2611,0.402864,0,-1.6,0,-0.511575,0.363366,-0.778624
-46.4707,58.3512,-54.363,0.450549,0,1.13947,0,-0.409186,-0.483166,-0.774027
-64.2846,65.506,-57.9562,-0.502771,-0.883932,-0.8,0,-0.281839,-0.717355,-0.637156
-41.7999,73.9345,-42.4729,-0.507287,0,3.8,0,0.787598,-0.0995654,0.608092
-78.815,68.511,-50.1325,0.070281,0,-1.6,0,-0.542656,-0.838531,0.0488883
-69.758,75.9821,-45.2561,-1.10872,0,2.8,0,0.262802,0.0911409,-0.960536
-51.7686,53.7275,-55.9474,-0.286147,0,-1.6,0,-0.0268468,0.0045642,-0.999629
-79.2811,59.0255,-36.7386,-0.0259851,0,-0.9,1,-0.284914,-0.118377,0.951215
-42.2935,72.576,-42.459,-0.468549,0,3.8,0,0.809842,-0.196691,0.552692
-67.6846,55.03,-50.216,0.175362,0,-3.5,0,0.164362,-0.69046,-0.70445
-79.5837,62.6915,-51.2824,0.843207,0,-3.80572,0,-0.605419,-0.400088,-0.688039
-58.1576,59.0551,-47.897,-0.498049,0,-0.383283,0,0.663682,0.598086,-0.449244
-38.6447,67.6062,-48.2764,-0.404425,0,3.8,0,0.901932,-0.146716,0.406193
-73.6588,64.0847,-52.4717,-0.774644,-0.0609936,-0.9,0,-0.571063,-0.199465,-0.796304
-61.6432,61.8838,-41.7845,-0.265473,0,2.8,0,0.482744,-0.6093,0.629057
-57.7765,81.1675,-47.5845,-0.427405,0,-0.9,0,-0.824127,0.337039,0.455214
-70.7531,69.7367,-54.4663,-0.669371,0,2.5,0,0.151349,-0.761749,-0.629945
-70.6175,71.8246,-38.7691,-0.648974,-0.435874,3.8,1,-0.0535537,-0.90839,0.414679
-70.8965,75.9456,-49.0444,-1.45957,0,-2.62481,0,0.868419,-0.0885165,0.487866
-67.321,72.104,-30.4207,-2.13282,-0.601221,-1.3,0,0.186107,0.240368,0.952674
-67.3764,73.9669,-32.9979,-0.23312,0.126812,-1.3,0,0.47927,0.735715,0.478564
-80.0663,63.9002,-50.8345,-0.329182,0.716508,-3.9,0,-0.408141,0.653736,-0.637221
-40.944,64.7325,-54.2943,-0.0997193,0,-0.7,0,0.479181,0.578814,-0.659818
-65.5564,70.1274,-32.2262,-1.4469,-0.497889,-1.3,0,0.590545,-0.783785,0.192193
-73.2828,59.1856,-48.7634,0.129777,0,-0.9,0,-0.776174,-0.627751,-0.0590103
-84.9165,69.2578,-47.0838,-0.486348,0,4.2,1,-0.620617,0.756261,0.207132
-61.5326,76.7984,-45.3866,0.804025,0.678405,-4.5,0,-0.0621577,0.90188,0.427492
-55.3732,84.109,-41.2395,0.461221,0.0777077,-3.9,0,-0.769861,0.0114119,0.63811
-67.683,78.936,-56.2892,-0.601911,0,-3.5,0,-0.497629,0.592662,-0.633338
-62.8294,67.3491,-58.6763,-0.582807,-0.278251,-2.03112,0,0.387848,-0.680839,-0.621315
-66.7605,79.6917,-55.1912,-0.624619,-0.0229978,-0.981096,0,-0.148208,0.770197,-0.620348
-56.7356,77.6906,-36.7277,0.421851,0.468715,-0.8,0,-0.826686,0.362353,0.430454
-61.7285,56.8095,-39.9305,0.240228,0,-3.5,0,0.70963,-0.483966,0.512057
-83.7915,64.076,-51.893,-0.981217,-0.553033,-0.7,0,0.707443,-0.252401,-0.660165
-80.8815,76.3195,-45.867,-2.61378,-0.0373976,-3.5,0,-0.943597,0.316712,0.0965274
-71.7125,76.9613,-56.1753,-0.734955,0,4.2,0,-0.0805162,0.983994,-0.158975
-83.833,67.287,-41.7756,0.712046,0.279363,1.32178,1,-0.70493,0.225015,0.672638
-65.2835,66.8865,-51.644,-0.685047,0,-1.0086,0,0.197444,-0.729179,-0.65522
-46.1225,55.625,-52.216,-0.520335,0,-1.6,0,0.525415,-0.423264,-0.738096
-47.104,85.8593,-39.3084,-1.84499,-0.830295,-3.5,0,0.030333,0.941284,0.33625
-86.6935,62.2089,-51.8241,0.025576,0,-0.7,0,-0.298964,-0.825727,-0.478326
-79.8936,62.0713,-37.4074,0.130716,0,-0.9,1,-0.0895989,0.6116,0.786077
-81.3008,58.742,-44.4753,-1.16962,-0.945047,-3.5,0,-0.643063,-0.32739,-0.692305
-42.6183,70.9856,-42.1968,-0.487776,0,3.8,0,0.68249,-0.543557,0.488623
-75.1225,76.5878,-55.46,-0.401145,0,-0.8,0,0.0961893,0.994921,0.029677
-46.6039,86.2337,-40.439,-1.47643,-0.313459,-3.5,0,0.194981,0.945451,-0.26097
-65.8536,66.0996,-57.1287,-0.88799,0,-0.8,0,-0.649399,-0.598124,-0.469605
-57.248,56.0455,-53.1185,-2.06774,-0.71421,-3.5,0,-0.664737,0.108297,-0.739186
-75.4808,67.4427,-52.0495,-1.00714,-0.013902,2.53891,0,-0.783967,-0.482447,-0.390692
-86.6618,64.8753,-47.7425,6.30363,0,-0.7,0,-0.690224,0.271444,0.670753
-56.8696,57.2904,-52.8439,-2.02939,-0.296228,-3.5,0,-0.412263,0.313541,-0.855413
-64.6836,56.6567,-39.3521,-0.00473496,-0.553492,-3.5,0,-0.542907,-0.634831,0.549765
-58.2,75.3597,-36.349,-0.206039,0,3.8,0,-0.261428,0.203022,0.94363
-77.316,81.7663,-44.6485,-0.276039,0,-1.6,0,-0.504174,0.54224,-0.67215
-81.7995,58.5449,-43.3146,-0.160204,-0.390539,-2.60338,0,-0.773792,-0.201106,-0.600668
-59.5112,49.3385,-46.2095,-2.50409,-0.749507,-3.5,0,-0.111563,-0.228445,0.967144
-55.6375,50.2969,-44.4501,-0.312075,0,-0.7,0,0.184038,-0.981637,-0.0501927
-69.9905,58.8423,-51.4565,-0.304324,0.036539,-1.1335,0,-0.191719,-0.190786,-0.962728
-49.073,66.6495,-44.12,0.248886,0.685125,-3.5,0,0.142344,0.671129,0.727547
-86.4565,67.301,-46.3745,-1.30181,-0.0910937,4.2,1,-0.987565,-0.0936594,0.12627
-59.0605,57.2029,-51.345,-1.57641,-0.603139,-0.8,0,-0.121277,-0.0513011,-0.991292
-66.4165,76.2907,-40.9108,-0.526505,0,2.8,0,0.792677,0.609642,-0.000542169
-77.0376,70.3599,-55.0871,0.796896,0,-0.811638,0,-0.908506,-0.320134,0.268571
-48.3172,61.743,-45.8165,-0.0547955,0.735831,-3.5,0,0.0367149,-0.997626,-0.0582674
-57.7882,65.8392,-53.5718,-0.350159,0,2.97681,0,-0.311013,-0.649736,-0.693624
-84.8497,61.7495,-50.1645,0.266481,0,-0.7,0,0.043577,-0.96985,-0.239774
-47.5261,56.4774,-54.025,-1.83103,-0.206602,-1.6,0,-0.0981813,-0.166348,-0.981167
-47.3776,81.7884,-38.8203,-0.752944,0,-3.5,0,0.649832,-0.710888,0.268992
-83.5178,62.769,-45.2684,0.430671,0.0145211,-3.04802,0,-0.648092,-0.746955,-0.148444
-86.261,68.1373,-45.7515,-1.23634,-0.206945,4.2,1,-0.835634,0.39772,0.378861
-76.4577,58.0234,-42.0171,0.295325,0,-3.5,0,0.38792,-0.921535,-0.0170501
-55.8597,58.6647,-51.5942,-2.39771,-0.506632,-3.5,0,0.307149,0.949974,-0.0566515
-63.7184,51.2979,-49.8835,0.542359,0,-4.5,0,-0.433816,0.0911297,-0.896381
-51.4077,81.3864,-49.0358,-0.23469,0,3.8,1,-0.234519,0.965922,-0.109526
-52.2585,79.306,-56.9165,-0.499291,0,2.8,1,-0.432125,0.566866,-0.701377
-56.1263,67.7816,-42.0251,0.0145669,0.191003,-0.7,0,0.173218,0.592418,0.786789
-77.7864,78.8479,-45.5839,0.0243321,0,-1.6,0,-0.632441,0.399707,-0.663515
-77.688,67.6482,-56.7438,1.24779,0.420428,-0.8,0,-0.779568,-0.452263,0.433279
-45.8672,82.7285,-40.3394,-1.99134,-0.0139023,-3.5,0,0.904264,-0.42651,0.0199127
-63.407,76.8236,-43.0415,0.456339,0.491456,-4.5,0,0.00378544,0.927886,0.372844
-59.6779,64.7718,-50.916,-2.08235,0,2.5,0,-0.00285565,-0.724853,-0.688898
-57.7915,64.8043,-41.0527,-0.621833,-0.482093,1.04236,0,0.0470206,-0.394428,0.917723
-45.0486,58.1372,-50.6419,-0.893202,-0.420821,-1.6,0,0.850204,-0.246366,0.465249
-64.7184,59.3011,-48.137,0.501563,0,2.5,0,0.119598,0.574193,-0.809937
-51.029,84.2188,-35.7854,-0.342191,-0.186417,-3.5,0,0.316421,0.449024,0.835617
-50.487,70.7193,-43.3325,-0.15151,0,-0.9,0,0.317041,-0.0398616,0.947574
-73.6152,69.7012,-61.5257,-0.0811124,0,-1.6,0,-0.752066,-0.521689,-0.402786
-72.4473,81.2074,-36.4155,0.896358,0.805049,-3.5,0,0.694481,-0.0364236,0.718589
-71.5178,72.1803,-35.3075,-1.07548,-0.732798,3.8,0,-0.55765,-0.820569,0.12527
-67.1715,76.0393,-36.5197,-1.20841,-0.0884992,2.8,0,0.456677,0.792283,0.404639
-45.7615,56.9663,-48.4282,-0.278159,0,-1.6,0,0.452459,0.223035,0.863445
-75.8558,71.7199,-35.1323,-0.257513,0,3.8,0,-0.456364,-0.451897,0.766499
-74.4879,80.0949,-53.122,-1.18481,-0.0672277,-3.5,0,0.150327,0.537589,-0.829699
-80.4456,78.9316,-40.1741,-0.111216,0,-1.6,0,-0.706843,-0.0443913,0.705976
-68.4613,74.8307,-32.764,-0.301549,0,2.48376,0,0.684984,0.523233,0.506975
-72.081,76.6665,-36.7918,-1.08166,0,1.69139,0,0.167419,0.783871,0.597928
-64.5226,63.9321,-38.1756,-1.73404,-0.923763,-3.5,0,0.353894,-0.597216,0.719786
-52.5299,52.2561,-52.0378,-0.713987,-0.238721,-2.12613,0,0.0807556,-0.9849,-0.153132
-77.9436,66.4697,-38.5564,-0.195686,0,4.06445,1,0.0354193,0.156331,0.987069
-73.6524,59.5098,-47.887,0.0059806,0,-3.81626,0,-0.65117,-0.69354,-0.308189
-87.5305,62.6698,-48.275,5.68493,0,-0.7,0,-0.74741,-0.603072,0.278717
-80.8745,75.285,-46.3358,-1.90117,-0.0194455,-3.5,0,-0.952212,0.0357459,-0.303339
-48.0402,70.636,-44.2627,0.21654,0.460224,0.315556,0,0.0740494,-0.702467,0.707853
-72.4795,74.5393,-31.5415,-0.291551,0,3.8,0,-0.141876,-0.337772,0.930474
-50.7099,86.9541,-39.1111,-0.693443,0,-3.5,0,0.85845,0.498568,-0.120394
-73.024,72.6645,-35.662,-0.548748,0,3.8,0,0.12708,-0.95046,0.283685
-75.0456,80.1245,-46.5117,-1.25758,0,-0.8,0,0.0865315,0.586464,-0.80534
-60.3965,57.9212,-40.9668,-0.0660877,0,-3.5,0,0.78313,0.0877682,0.615633
-65.2666,62.6528,-49.2556,-0.52773,0,-1.3,0,0.374886,-0.84133,-0.389389
-40.9782,76.1369,-52.8413,-0.213835,0,1.8,0,0.181833,0.806395,-0.56273
-70.6599,81.5515,-47.993,-2.11416,-0.198194,-3.5,0,-0.49141,0.674621,0.550819
-72.156,54.4421,-45.391,-1.69584,-0.0565836,-3.5,0,-0.673128,-0.401775,0.620867
-50.056,76.406,-38.555,-0.985473,0,-3.5,0,0.949003,-0.172143,0.264122
-57.0974,73.172,-41.7511,0.21557,0,-1.6,0,-0.951786,-0.268448,-0.148456
-45.4688,67.4143,-56.9618,-0.835985,0,-3.5,0,0.977974,-0.047156,-0.203332
-80.2809,70.4785,-48.4315,-0.270893,0,-1.6,0,-0.766063,0.639749,0.0622007
-76.6547,76.6289,-54.833,0.631666,0.492604,-0.8,0,-0.319024,0.947583,0.017619
-53.457,52.8337,-54.1901,-0.148313,0,-1.6,0,-0.688526,-0.592945,-0.417551
-57.1975,82.5824,-49.2735,0.527744,0.696584,-0.9,0,-0.267662,0.90895,-0.319637
-72.8975,82.5851,-36.7705,-0.147318,0,-3.5,0,0.661295,0.679037,0.318743
-53.108,68.9191,-54.8898,-0.324772,0,4.2,0,0.310988,-0.596258,-0.74011
-57.454,79.8459,-40.0034,1.36297,0.435957,-0.8,0,-0.846482,0.284517,-0.450021
-58.8616,73.3031,-36.2226,-0.294628,0,3.8,0,-0.47572,-0.450889,0.755241
-62.5622,81.3112,-51.2765,-1.03151,0,-2.04762,0,0.0854964,0.78451,0.614194
-37.902,68.084,-49.7639,-0.351952,0,3.8,0,0.984894,-0.168499,0.0398911
-48.4994,64.7474,-56.0387,-0.454181,0,-3.5,0,-0.691961,-0.52945,-0.490788
-79.0111,82.1375,-42.7304,0.0316078,0,-1.6,0,-0.278549,0.959975,0.0292834
-71.438,79.4435,-40.1301,-0.309278,0,-3.5,0,0.859559,0.356466,-0.366183
-69.1385,76.3177,-38.18,0.0959245,0,2.8,0,0.0691851,0.903709,0.422521
-67.6944,59.7304,-35.821,0.436578,0.101866,-4.5,0,0.0491572,-0.084505,0.99521
-51.8433,65.4053,-43.8185,-1.06989,0,-3.5,0,-0.0838377,0.332993,0.939195
-75.7972,72.5622,-60.3138,-1.78107,-0.562133,-0.8,0,-0.543262,0.36001,-0.758459
-77.8427,73.6141,-53.0843,0.0342559,0,-0.9,0,-0.935463,0.189327,-0.298435
-37.6763,61.9716,-46.4284,-2.30393,-0.0162452,-3.5,0,0.884726,0.282684,0.370607
-56.0406,78.028,-43.2984,0.0705582,0,-1.10103,0,-0.427406,0.770977,0.472142
-51.9191,62.7325,-52.0385,-0.319585,0,-3.5,0,-0.0458291,-0.598746,-0.799627
-66.303,82.3307,-53.442,-0.626627,0,-0.8,0,-0.439031,0.824417,-0.357194
-40.719,64.1451,-47.161,-0.876801,-0.120789,0.718478,0,0.321007,0.457339,0.829334
-46.4551,53.0779,-48.2615,-0.195341,0,-1.6,0,0.287531,-0.634385,0.717553
-71.9069,76.5755,-34.5304,-0.254125,0,3.8,0,-0.139179,0.94912,-0.282488
-40.252,59.4335,-52.8531,-0.373843,0,-0.7,0,0.762158,-0.645309,0.0518699
-58.0555,54.1982,-49.891,-0.606219,0,-0.942277,0,-0.54717,-0.36255,-0.754429
-60.783,48.8125,-49.7361,-0.0423398,0.408425,-4.5,0,0.27351,-0.407999,-0.87105
-60.3319,71.3092,-42.573,-1.08838,-0.123342,-3.5,0,0.207909,0.871707,0.443735
-55.8484,73.5587,-57.9891,-1.7441,-0.671957,-3.5,0,0.239701,0.709948,-0.662206
-48.343,83.703,-41.604,-0.753288,0.293909,-3.5,1,-0.0463682,0.210916,-0.976404
-72.4045,72.4495,-36.4985,-1.14638,0,3.8,0,-0.147541,-0.926184,0.347008
-75.3682,64.29,-51.7226,0.293618,0.0268824,-1.75593,0,-0.0787022,0.0653161,-0.994756
-64.0395,73.7345,-36.1005,-0.228482,0,-1.3,0,0.339758,0.909131,0.240926
-57.8409,69.1499,-58.4626,-0.268183,0.0180243,-3.5,0,-0.0694526,-0.765436,-0.639754
-76.221,65.454,-51.1175,-0.0190012,0.82965,-3.9,0,-0.483971,0.721569,-0.495086
-50.9168,75.9143,-57.8485,-0.0311963,0,2.8,0,0.466569,-0.0602676,-0.882429
-72.086,69.908,-42.8122,-0.411895,0,3.8,1,-0.712296,-0.638471,0.29153
-38.4388,58.7363,-47.088,-1.99274,-0.353056,-3.5,0,0.308423,-0.950026,-0.0482264
-64.7364,79.1991,-58.0003,-0.753507,0,-3.5,0,-0.0733869,0.839717,-0.538042
-68.3457,61.0456,-52.8424,-0.512425,0,-0.9,0,0.299999,-0.516953,-0.801723
-58.0822,77.7925,-39.6851,0.0592438,0,3.8,0,-0.690621,0.684888,-0.232316
-43.7721,57.7772,-56.0999,-0.319631,0,1.8,0,0.0590252,-0.8976,-0.43684
-81.4163,68.0594,-37.2837,-0.0683707,0,3.8,1,-0.618855,-0.450227,0.643672
-81.756,61.3587,-49.512,-1.25125,0,-3.5,0,-0.107992,-0.864952,-0.490097
-81.8074,64.8599,-50.1469,-1.45712,-0.216621,-0.7,0,0.808639,0.403325,-0.428289
-53.864,73.734,-57.713,-0.402993,0,2.8,0,0.0277605,0.0691613,-0.997219
-71.7934,80.7891,-47.1721,-2.00124,-0.797669,-3.5,0,0.174787,0.981723,-0.0752947
-57.6688,67.1925,-41.6334,-0.236546,0,-1.94292,0,0.233479,0.529262,0.815702
-67.3939,77.0721,-39.4549,-0.0691898,0,2.8,0,0.262334,0.931294,0.252729
-44.5872,59.5939,-57.9188,-0.255703,0,1.8,0,-0.108988,-0.290403,-0.950678
-67.7698,58.0659,-39.5316,0.745529,0.322374,-4.5,0,0.00729807,-0.980902,-0.194368
-75.8521,70.8745,-35.7666,-0.274678,0,3.8,0,-0.0033125,-0.854382,0.519634
-40.9095,65.6701,-47.1063,-0.617939,0,3.8,0,0.388483,-0.333877,0.858841
-72.3185,57.532,-49.4916,-0.0643494,0,-3.5,0,-0.667594,-0.326271,-0.669228
-75.454,58.267,-44.169,-0.00671198,-0.168257,-3.5,0,0.0934278,-0.978231,-0.1853
-55.5851,50.0757,-47.4724,-0.432189,0,-3.5,0,0.535035,-0.842156,0.0671553
-49.8351,66.7992,-57.1064,-1.26687,-0.698576,-3.5,0,-0.96847,-0.241192,0.0623947
-74.1185,83.3415,-36.9879,-0.130033,0.0579553,-3.5,0,0.129256,0.969329,0.209032
-44.2885,63.8375,-48.5288,-0.0387652,-0.619858,2.8,0,-0.331091,-0.792495,0.512182
-57.101,86.2197,-43.948,1.8584,0.304548,-3.9,0,-0.552895,0.831144,0.0592157
-71.784,69.5305,-55.6075,-0.870664,-0.414606,1.8,0,0.733469,-0.678243,-0.0448337
-72.4066,78.4248,-53.6049,-1.96782,0,-3.5,0,0.0176837,0.617809,-0.78613
-60.0214,73.4594,-58.3705,-0.794149,0,-1.3,0,0.191028,-0.330901,-0.924128
-71.4591,75.2294,-58.8105,-0.614684,0,4.2,0,0.477592,0.633121,-0.60915
-69.0075,72.9587,-30.8341,-1.97706,-0.260845,-1.3,0,-0.442662,0.280183,0.851791
-52.8833,57.756,-45.0975,-0.193804,-0.189974,-0.161383,0,0.640179,-0.262557,0.721966
-67.4078,81.0772,-53.601,-1.16102,-0.113288,-0.8,0,-0.565718,0.755297,-0.330892
-77.0039,64.0936,-37.968,-0.0473396,0,4.2,1,-0.170207,0.157675,0.972712
-61.003,51.1335,-45.9555,-0.160306,0,-4.5,0,-0.112271,-0.446815,0.887554
-56.9585,68.9102,-57.0228,-0.101343,0.0111641,-3.5,0,0.455882,-0.748848,-0.481039
-70.735,74.3717,-60.6292,-0.172895,0.0911026,2.83068,0,0.173912,0.942992,0.283763
-83.1322,63.0083,-39.1452,0.143735,0,-0.9,1,-0.695816,0.144654,0.703503
-69.3414,64.3462,-54.4327,-0.242893,0,-0.9,0,0.4494,0.000852767,-0.89333
-54.1795,85.9024,-42.6706,0.203388,0,-3.9,1,0.0426531,0.999084,0.00337177
-80.7337,56.4782,-40.025,0.393702,0,-0.9,0,-0.259773,-0.952176,0.160868
-54.8257,50.9782,-46.1772,-0.524139,0,-2.48439,0,0.409342,-0.901262,0.142007
-73.3571,57.1595,-47.2971,-0.147494,0,-3.5,0,-0.952936,-0.165673,-0.2539
-67.7412,51.997,-49.5835,0.846325,0.736915,-4.5,0,0.126905,-0.375971,-0.9179
-43.498,62.76,-55.5945,0.160291,0,2.31248,0,0.525825,0.35617,-0.772432
-76.909,68.501,-51.7635,-0.23156,-0.487703,1.1,0,-0.499946,-0.73754,-0.45397
-69.178,52.586,-42.8016,0.643814,0,-4.5,0,-0.484979,-0.370621,0.792108
-83.4125,63.6641,-39.8716,0.385379,0,-0.9,1,-0.789185,0.30116,0.535247
-54.9635,69.7605,-42.9695,0.50661,0.164087,-4.5,0,0.42095,-0.211933,0.881978
-49.1043,71.0537,-43.7067,0.469733,0.724177,-0.9,0,0.225029,-0.238244,0.944776
-68.5133,51.3991,-43.47,0.538198,0,-4.5,0,-0.256153,-0.883041,0.393222
-76.4415,57.9668,-44.7962,0.0339259,0,-3.5,0,0.184557,-0.825011,-0.534131
-55.0565,76.1706,-55.6609,-0.492102,0,2.8,1,-0.537203,0.521523,-0.662893
-80.8422,78.9433,-42.557,-0.128614,0,-1.6,0,-0.877226,-0.332707,-0.346094
-80.6786,73.8378,-46.4772,-2.11635,-0.0381021,-3.5,0,-0.921638,-0.349966,-0.16765
-48.8322,69.8785,-45.5791,-0.319928,0,-0.9,0,0.461389,-0.580692,0.670759
-46.3246,64.8255,-44.7229,-0.790242,-0.122313,-3.01949,0,0.952785,0.265046,0.148157
-42.3075,62.3571,-46.5806,-1.93708,-0.711857,-3.5,0,-0.46984,-0.458692,0.754222
-74.11,76.2298,-58.173,-0.914621,-0.220011,-0.8,0,-0.116802,0.944265,-0.307769
-84.1917,63.1434,-43.0251,0.340378,0,-0.8,0,-0.888792,-0.359242,0.284596
-40.06,63.1415,-46.1585,-1.5191,-0.382553,-3.5,0,-0.0684423,0.68937,0.721169
-86.1908,63.4613,-53.2204,0.990613,0.155106,-0.7,0,-0.192408,-0.514561,-0.835587
-56.325,58.3425,-52.5387,-2.30958,0,-3.5,0,-0.0277846,0.751187,-0.659504
-48.816,81.7269,-36.826,-0.957294,-0.301056,-3.5,0,0.49435,-0.623296,0.605905
-54.9886,68.3791,-55.1753,-0.0498747,0.0676974,3.01162,0,0.151183,-0.641252,-0.75229
-78.124,78.0445,-51.31,-0.72448,0,-3.5,0,-0.782763,0.349008,-0.515244
-56.4811,65.3528,-54.2014,-0.343695,0,-1.6,0,-0.146615,-0.222671,-0.963806
-71.9085,55.5604,-49.0674,-0.594535,-0.070213,-3.5,0,-0.549317,-0.424565,-0.719719
-67.1815,76.9685,-41.495,-0.63349,0,2.8,0,0.594211,0.803108,0.0439321
-52.7605,87.0823,-36.8594,0.320631,0,-3.5,0,0.160242,0.31251,0.936301
-49.9538,68.3361,-55.2219,-0.112192,0.756631,-3.33747,0,-0.836343,-0.374758,-0.400108
-65.7295,52.954,-43.4485,0.411656,0,-4.5,0,0.741923,-0.548884,0.385066
-54.2485,54.5699,-43.5728,-0.348361,0,-0.7,0,0.662752,0.29339,0.688972
-68.0715,55.783,-51.127,-0.23216,0,-3.5,0,0.175044,-0.558561,-0.810783
-55.9309,53.5939,-51.4561,-1.03919,-0.395057,-3.5,0,-0.477887,-0.728235,-0.49122
-57.8594,67.5991,-56.6529,-1.87046,-0.421568,-3.5,0,0.309263,-0.714767,-0.627268
-54.8565,84.1348,-37.6328,-0.0652201,0,-3.5,0,-0.972483,0.225177,-0.0597644
-79.498,78.3812,-43.8725,0.166488,0,-1.6,0,-0.869738,0.0307523,-0.492554
-72.9126,58.7214,-50.0049,-0.0488095,0,-0.9,0,-0.707421,-0.625447,-0.329198
-71.1892,70.2124,-62.8196,0.106915,0,-1.6,0,0.0967802,-0.316353,-0.943692
-77.0771,65.3173,-47.5609,-0.364798,-0.489329,-1.6245,0,-0.569278,0.391849,-0.722756
-64.4365,78.3595,-46.9765,-0.178069,0,3.8,0,0.348689,0.699709,0.623556
-85.819,65.0423,-44.976,0.214595,0,-0.8,0,-0.95498,-0.289304,-0.0656955
-43.0037,76.2862,-50.097,0.527955,0.346597,1.12495,0,0.427933,0.903563,-0.0211417
-52.9289,73.5814,-40.2716,-0.676286,-0.100361,-2.83218,0,0.448295,-0.767072,0.458947
-62.2984,65.744,-37.0364,-2.25185,-0.00530652,-3.5,0,0.3332,0.00705484,0.94283
-56.7508,85.9771,-45.0667,1.61982,0.850895,-3.9,1,-0.2085,0.737824,-0.641984
-78.2195,64.8275,-46.999,-0.203298,-0.0647165,-3.22351,0,-0.143541,0.538072,-0.830587
-80.9037,64.6263,-47.5004,-0.414124,0.0781647,-3.1893,0,0.420788,0.804948,-0.418325
-71.6495,80.2665,-48.6761,-1.48815,-0.0452104,-3.5,0,-0.637113,0.735081,-0.231823
-73.7944,75.9955,-32.5959,-0.223795,0,3.8,0,-0.442822,0.770381,0.458717
-68.6291,55.0324,-42.5812,0.288571,0,-4.5,0,-0.506258,-0.00210378,0.862379
-56.6292,74.1768,-43.0835,0.207306,-0.121526,-1.6,0,-0.959298,-0.251184,-0.129051
-58.3918,48.4031,-47.9524,-1.25133,0,-3.5,0,0.301902,-0.953192,0.0167283
-67.3995,75.178,-49.146,-1.32479,0,2.05588,0,-0.892991,0.232887,0.385136
-79.6739,73.6004,-47.8252,-2.64176,-0.754078,-3.5,0,-0.782748,-0.243077,-0.572904
-77.4621,62.4556,-52.8926,1.66487,0.627144,-3.9,0,0.254963,-0.432231,-0.864968
-51.1494,73.3836,-42.9534,-0.357796,0,-0.9,0,0.582703,-0.407882,0.702915
-45.8255,74.7184,-57.4487,-1.72925,-0.17487,-0.4,0,0.431493,0.377561,-0.819306
-52.274,80.3055,-44.3758,0.322844,0,-3.52405,1,0.419399,0.592159,-0.688079
-74.831,65.1673,-51.9334,-0.955612,-0.199556,-1.12674,0,-0.64927,-0.0952941,-0.754564
-84.786,65.9877,-41.944,0.126911,0,-0.8,1,-0.636298,0.100162,0.764913
-71.236,74.8972,-64.4017,0.22309,0.181422,-3.5,0,-0.89306,-0.0743331,-0.443754
-68.7245,57.6082,-51.6478,-0.597669,-0.395955,-3.5,0,-0.0269226,-0.063498,-0.997619
-86.0853,67.5048,-49.8307,0.218537,0,3.52131,0,-0.804265,0.583415,-0.113074
-57.4179,62.5488,-47.7204,-1.17814,0,-0.9,0,0.139197,-0.670673,-0.728576
-65.9744,66.9285,-52.4589,-0.785056,0,-1.08412,0,0.298695,-0.934796,-0.192192
-50.057,80.388,-43.982,-0.0118897,0,-3.5,1,0.313537,0.596605,-0.738754
-51.562,73.9548,-41.4305,-0.678036,-0.579308,-3.5,0,0.59179,-0.776243,0.217328
-67.1676,76.9787,-43.7196,-0.733384,0,2.8,0,0.532829,0.845234,0.0408884
-39.7206,77.282,-45.2905,-1.89414,-0.0700606,-3.5,0,0.117439,0.990973,0.06466
-68.0523,58.4791,-41.0088,0.693497,0.92446,-4.5,0,-0.139871,-0.977197,0.159758
-52.7076,74.5311,-38.3935,-0.584458,-0.198553,-2.97625,0,0.300167,-0.917863,0.259667
-75.4001,59.7941,-46.2848,0.198282,0,-3.78635,0,-0.395176,-0.768084,-0.503867
-86.9719,62.3577,-49.5719,3.08658,0,-0.7,0,-0.563246,-0.817694,0.118867
-76.1507,70.5208,-37.3512,-0.289924,0,3.8,1,0.0498642,-0.855807,0.514886
-68.9091,61.4715,-37.6125,0.0561041,0,-0.9,1,-0.485596,0.200654,0.850844
-79.5314,56.6834,-40.6792,0.471786,0.417195,-3.5,0,0.323356,-0.877792,0.353443
-69.7422,75.1544,-61.5764,0.0956987,0.427895,-3.5,0,-0.0228735,0.761885,0.647308
-74.3575,75.879,-33.525,-0.216182,0,3.8,0,-0.873212,0.485577,-0.0414226
-55.2889,80.8605,-51.3182,-0.57692,0,-0.9,1,0.643849,0.655108,-0.395338
-83.781,70.8694,-49.3466,-0.285353,0,4.2,0,-0.31017,0.909669,-0.27622
-47.9969,85.0455,-41.0635,-1.1903,0,-3.5,0,-0.297118,0.751862,-0.588578
-84.1963,69.5632,-46.4559,-0.257563,0,4.2,1,-0.229713,0.838498,0.494119
-83.9816,70.647,-47.919,-0.250283,0,4.2,0,-0.436159,0.830096,0.347427
-72.934,76.0989,-36.2313,-0.307875,0,3.28361,0,-0.432038,0.837614,0.334285
-62.6139,63.7719,-50.09,0.362173,0.210997,0.565588,0,-0.0856377,-0.537772,-0.83873
-62.352,68.3382,-60.5165,-0.691493,0.290847,-3.2,0,-0.0530163,-0.741174,-0.669216
-68.2131,74.1896,-46.009,-1.04817,0,0.720768,0,-0.515653,0.502622,-0.693882
-69.5863,82.3251,-48.5049,-2.253,-0.898051,-3.5,0,-0.0603906,0.913451,0.402443
-52.55,54.1748,-48.0558,-0.751886,-0.163284,-3.42618,0,0.717779,-0.408736,0.563675
-72.682,60.938,-38.6019,0.98748,0.372666,-4.5,1,0.40146,0.566081,0.719987
-51.2066,77.198,-57.8726,-0.265235,0,2.8,0,0.0153009,0.154008,-0.987951
-44.0305,69.4758,-55.48,-1.0727,-0.883436,-1.6,0,0.530031,-0.180798,-0.82848
-41.0078,74.3948,-44.0649,-0.833002,0,-3.5,0,0.542229,-0.24377,0.804092
-45.413,71.3124,-41.592,-0.381101,0,3.8,0,-0.568406,-0.454951,0.685518
-58.9198,56.1349,-50.9313,-0.950784,-0.240309,-0.976234,0,-0.335645,-0.459246,-0.822457
-76.4959,74.848,-58.9518,-0.379871,0,-0.8,0,-0.63751,0.440709,-0.631947
-69.1145,69.443,-55.5645,-0.546796,0,2.5,0,-0.396096,-0.783761,-0.478358
-78.248,61.654,-51.8052,1.58642,0.151967,-3.9,0,-0.354034,-0.726965,-0.588372
-56.0946,86.2106,-43.9745,2.12291,0.100137,-3.9,1,0.182856,0.982674,0.0302426
-54.0901,85.0634,-45.0665,0.529673,0,-3.9,1,0.414166,0.646549,-0.640657
-69.4494,65.598,-39.9101,-0.814228,0,-0.9,1,-0.441183,0.677272,0.588779
-64.9676,61.8135,-37.6061,0.341228,0.843869,-4.5,0,0.761867,0.374706,0.528351
-69.819,58.3973,-41.237,0.341673,0,-4.5,0,0.283794,-0.866158,0.411377
-47.7542,71.9854,-43.6208,0.167412,0.00331094,-0.844248,0,-0.234577,-0.261855,0.936165
-68.6685,70.653,-41.0592,-1.25559,-0.209326,3.8,1,-0.125039,-0.918318,0.375575
-43.1222,69.3289,-54.5244,-0.413527,0,-1.6,0,0.704692,-0.142341,-0.695088
-77.6315,67.4423,-58.3358,-0.613026,-0.947405,-0.8,0,-0.711453,-0.581052,-0.395238
-65.3848,55.8042,-41.0811,-1.0588,-0.0961434,-3.5,0,-0.813266,-0.255628,0.522736
-54.6805,72.902,-58.221,-0.53743,0.0148355,-1.87559,0,0.378501,0.591921,-0.711594
-51.7755,73.942,-39.646,-1.33351,-0.835817,-3.5,0,0.303789,-0.900447,0.311299
-54.304,73.9372,-36.1106,-1.23375,-0.308438,-0.8,0,-0.0156419,-0.92031,0.390876
-60.4658,55.8548,-41.6486,-0.0107241,0,-3.5,0,0.588985,-0.331277,0.737124
-53.2044,67.3634,-53.7161,-0.363813,0,4.2,0,0.343051,-0.544208,-0.765607
-61.9749,78.3551,-58.8144,-2.12042,-0.111751,-3.5,0,0.301851,0.871448,-0.386607
-47.4106,80.1872,-47.9719,-0.256211,0,3.8,1,0.864879,0.497269,-0.0686105
-65.206,69.5788,-36.4759,-0.774925,0,-1.55803,0,0.211699,-0.729744,0.650121
-46.8764,85.2869,-41.525,-2.42331,-0.344915,-3.5,0,-0.0219281,0.483687,-0.874966
-75.0695,61.3644,-36.0794,0.801646,0.844677,-4.5,1,0.180816,0.718513,0.671598
-71.301,75.6915,-31.0543,-0.277792,0,3.8,0,-0.122413,0.14523,0.981796
-57.1824,80.58,-39.0805,0.00739929,-0.770026,-0.8,0,-0.900957,0.428089,0.0708234
-72.777,62.12,-39.7035,0.164179,0.0123509,2.72575,1,0.112637,0.486408,0.866441
-88.1908,66.087,-49.9562,0.278482,0,-0.7,0,-0.651166,0.661376,0.372243
-43.369,74.048,-54.993,-0.248908,0,-0.4,0,0.837478,0.397988,-0.374481
-38.6391,63.2141,-46.3402,-2.07306,-0.42453,-3.5,0,0.44653,0.854226,0.266287
-44.3377,71.0405,-56.282,-2.26115,-0.58178,-1.6,0,0.304534,-0.140694,-0.942053
-56.709,59.7795,-41.8965,-0.245181,0,3.8,0,0.552541,-0.104497,0.826909
-46.967,75.6217,-45.8465,-0.184815,0,2.54782,0,0.193451,0.729399,0.656166
-85.4201,63.3764,-46.7012,2.41659,0.072835,-0.716865,0,-0.168104,-0.733182,0.658927
-61.0835,68.7825,-59.809,-1.10881,0,-3.2,0,0.751006,-0.512162,-0.416749
-55.4895,72.6871,-59.6481,0.0802217,0.4343,-3.5,0,0.443906,0.725479,-0.525954
-46.2302,54.3462,-47.9337,-0.219454,0,-1.6,0,0.397267,-0.0693603,0.915078
-60.6548,79.831,-48.2513,-0.551933,-0.94206,-4.5,0,-0.257057,0.927846,0.270229
-67.5271,70.0251,-31.8866,-1.6208,-0.212839,-1.3,0,-0.317963,-0.913775,0.252813
-78.1267,73.9622,-51.8065,-0.324121,0,-0.9,0,-0.991382,0.0904066,-0.0948038
-72.2389,57.2023,-40.5151,0.31237,0,-4.5,0,0.0846922,-0.993711,0.0732533
-70.6615,68.472,-58.61,-0.343637,0,-1.6,0,0.268231,-0.861792,0.430542
-55.035,74.805,-35.4705,-0.590769,-0.119058,-0.8,0,-0.407873,-0.807218,0.426659
-78.6835,80.4987,-45.0723,-0.0410667,0,-1.6,0,-0.509271,0.257695,-0.821119
-51.3563,64.5202,-53.6517,-2.17188,-0.0337832,-3.5,0,-0.207954,-0.328619,-0.921284
-57.9365,65.855,-40.6497,-0.654879,-0.0150334,2.70033,0,0.296348,-0.0019076,0.955078
-47.1605,58.9245,-48.2365,0.240451,0,-1.6,0,0.00616055,0.00193339,0.999979
-55.883,68.9303,-42.5395,0.217471,0.287435,-2.06039,0,0.329865,0.0483645,0.942788
-76.0965,67.149,-58.7015,-1.12154,-0.776963,-0.8,0,0.223646,-0.759954,-0.610289
-70.8814,81.1839,-49.9362,-2.24996,-0.2506,-3.5,0,-0.733826,0.669614,-0.114532
-45.4594,76.3572,-46.2627,-0.228686,0,-0.7,0,0.290145,0.612888,0.734972
-69.0176,51.593,-45.3881,0.324746,0,-4.5,0,-0.547324,-0.833608,0.0743881
-81.4726,57.2879,-38.8134,0.000875856,0,-0.9,1,-0.667096,-0.566597,0.483685
-49.039,74.4185,-57.3317,-0.213343,0,-0.8,0,0.0947851,0.434442,-0.895699
-88.2962,64.6364,-49.0308,0.815246,0,-0.7,0,-0.842334,0.0467697,0.536922
-41.1227,65.4985,-53.4085,-0.0676858,0,-0.7,0,0.429671,0.651821,-0.624909
-68.8358,67.9006,-59.7199,-2.07713,-0.848927,-1.6,0,0.0468647,-0.903182,0.426691
-52.7524,80.0361,-46.9652,0.0971043,0,0.580693,1,0.0681812,0.950445,0.303323
-62.7967,64.7353,-50.674,0.0936556,0.315377,-1.3,0,0.0468452,-0.591668,-0.80482
-45.752,84.595,-41.24,-1.48515,-0.757518,-3.5,0,0.754409,0.295342,-0.586208
-40.7831,75.9881,-50.061,-0.16152,0,1.8,0,0.261661,0.927956,0.265387
-64.3556,66.2454,-37.0486,-1.34597,-0.0110399,-3.5,0,-0.23383,-0.0903956,0.968066
-71.6175,58.1548,-39.7289,0.670951,0,-4.5,0,0.3897,-0.714058,0.581598
-60.244,81.2377,-52.9045,-1.57861,0,-3.5,0,0.260629,0.953678,-0.150234
-60.4468,70.1336,-40.7494,-0.508905,0,-3.5,0,0.27626,0.544474,0.791978
-50.0617,66.5415,-58.8078,-2.27929,-0.182824,-3.5,0,-0.85116,-0.34921,-0.391891
-66.4054,73.3325,-32.7788,-0.58984,0,-1.3,0,0.44955,0.792656,0.411828
-78.2536,57.3872,-37.3749,0.39649,0.694567,-3.85185,1,-0.184252,-0.753477,0.631128
-51.1755,78.41,-52.3695,-0.379426,0,2.8,1,0.371226,0.919803,0.127096
-53.2615,63.9205,-42.785,-1.3945,-0.205347,-4.5,0,0.358609,-0.149988,0.921359
-56.0095,61.9793,-43.0353,-0.271479,0,1.18596,0,0.428048,-0.202769,0.880716
-87.8727,62.9178,-50.6105,0.569496,0,-0.7,0,-0.781644,-0.623524,0.0158104
-52.5185,85.7087,-41.2509,-0.366864,0,-3.51829,1,0.287262,0.782179,-0.55288
-62.5093,76.9065,-46.4313,0.230298,0.678229,-3.67389,0,-0.140827,0.83421,0.533162
-71.3483,80.0085,-38.3413,-0.207213,0,-3.5,0,0.960395,0.0493622,0.274235
-42.4809,76.0999,-44.3086,-0.933325,-0.0664894,0.469208,0,-0.252267,0.938392,0.236184
-57.4441,76.6409,-36.5612,-0.00981349,0,3.8,0,-0.499388,0.420556,0.757459
-38.0371,59.6404,-48.2233,-1.65449,-0.475406,-3.5,0,0.579225,-0.698044,-0.420991
-66.246,57.7767,-51.1725,-1.21381,-0.0825987,-3.5,0,0.526531,-0.0659454,-0.847594
-39.9081,75.9648,-51.4302,-0.220641,0,1.8,0,0.664759,0.740533,0.0985168
-37.432,60.7402,-47.6735,-1.27955,0,-3.5,0,0.999777,-0.0149779,-0.0148987
-63.7735,61.5655,-39.629,0.0981663,0,-3.78605,0,0.746458,0.200152,0.634618
-64.2623,67.0525,-52.2535,-0.776021,-0.468627,-0.8,0,-0.192324,-0.976468,-0.0975843
-50.2368,73.1299,-57.5589,-0.142885,0.0608945,2.53682,0,-0.164016,0.18182,-0.969557
-66.5163,74.6001,-61.336,-0.460012,0,-3.5,0,0.687077,0.722288,0.0788985
-38.077,60.1985,-49.671,-0.464291,0,-3.5,0,0.528895,-0.6987,-0.481756
-76.64,59.3218,-45.4906,0.400919,0,-3.5,0,-0.114437,-0.551362,-0.82638
-70.1935,59.3351,-38.3309,0.290445,0,-4.5,0,-0.585675,-0.32138,0.74411
-63.1425,54.5085,-48.7368,-0.102718,0,-4.5,0,-0.11037,-0.0777136,-0.990848
-44.9451,56.1208,-48.9967,-0.289567,0,-1.6,0,0.902627,0.193015,0.38472
-49.3289,79.2515,-40.868,-1.17608,0,-3.5,0,0.802405,-0.230972,0.550272
-42.5418,58.1193,-53.1919,-1.0855,0,1.8,0,0.353604,-0.83999,0.41156
-81.7038,59.8536,-43.761,-1.09743,-0.0380871,-3.5,0,-0.764101,-0.221739,-0.605789
-48.165,66.035,-43.1623,-0.810605,-0.761402,-3.5,0,-0.0629683,0.850961,0.52144
-49.2287,75.763,-42.8768,-0.862317,-0.185189,-2.26298,0,0.803713,-0.232541,0.547696
-59.8145,76.4765,-44.7245,0.145556,0,-4.5,0,-0.0851824,0.563277,0.821866
-70.4106,53.4716,-44.791,0.652954,-0.239699,-4.19866,0,-0.821391,-0.218715,0.526764
-44.4541,57.4336,-53.8889,-1.1968,-0.0863762,0.538533,0,0.227427,-0.917896,-0.325184
-39.5039,59.9994,-45.9455,-2.20366,-0.466229,-3.5,0,-0.375997,-0.332074,0.865074
-59.2592,76.1163,-36.851,-0.180234,0,3.8,0,-0.341056,0.518041,0.78442
-74.7874,67.8577,-57.106,-0.610858,-0.291013,0.708758,0,0.377513,-0.858605,-0.346816
-50.2025,55.6797,-53.539,-0.455463,0,-1.6,0,0.152709,0.665593,-0.730525
-62.7305,52.5239,-50.0127,0.198411,0,-4.5,0,-0.176853,0.370088,-0.912008
-47.5109,70.5228,-57.8325,-0.682081,0,-0.8,0,0.545613,-0.0485199,-0.836632
-59.929,75.5738,-59.4557,-1.64918,-0.611493,-1.3,0,0.375897,0.156059,-0.913426
-54.431,73.5488,-37.1307,-1.31612,-0.251747,-0.8,0,0.313655,-0.945303,0.0895744
-40.8725,70.1295,-45.5057,-2.17965,-0.301614,-3.5,0,0.525323,-0.444095,0.725821
-44.1408,75.1721,-41.6259,-0.422276,0,3.8,0,-0.115948,0.518798,0.846998
-64.806,47.4876,-47.4674,0.342252,0.341905,-4.5,0,-0.446472,-0.771832,0.452702
-51.1065,69.6712,-42.9154,-0.17281,0,-0.9,0,0.140372,-0.164347,0.976364
-54.1025,73.9025,-38.6914,-0.662391,-0.357803,-1.04734,0,0.360695,-0.899391,0.246973
-77.4749,73.396,-37.0592,-0.191838,0,3.8,1,-0.779233,0.435494,0.450712
-85.8128,61.9324,-48.6206,4.44845,0,-0.7,0,-0.165093,-0.934462,0.315475
-77.8907,75.6795,-56.9803,-0.849684,-0.967587,-0.8,0,-0.657704,0.51521,-0.549531
-50.6647,78.407,-38.4673,-0.319684,0.459529,-3.5,0,0.915965,0.155064,0.370085
-56.8952,72.8529,-43.2964,0.379803,0,-4.06204,0,-0.878785,0.417019,0.232017
-39.2777,73.7923,-52.1927,-0.324523,0,1.8,0,0.914726,-0.259592,-0.30966
-73.3045,60.6195,-51.916,-0.328116,0,-0.9,0,-0.469404,-0.478746,-0.741931
-72.8441,63.247,-52.9684,-0.128058,0,-0.9,0,-0.595125,-0.297621,-0.746491
-80.6673,56.1705,-43.7651,0.616233,0.0463769,-3.5,0,-0.108383,-0.794456,-0.597572
-74.0189,68.5684,-46.0607,-0.483898,0,-0.768593,1,0.20544,0.596475,0.775895
-77.2455,67.255,-39.0023,-0.297014,0,3.90285,1,0.524689,0.23636,0.817824
-78.3355,68.8392,-36.9535,-0.205688,0,3.8,1,0.532042,-0.313331,0.78661
-56.0713,60.2972,-42.9884,-0.256755,0,3.8,0,0.654407,0.0103606,0.756072
-77.4577,80.7357,-45.375,0.124672,0,-0.951263,0,-0.512034,0.299285,-0.80514
-59.8269,60.2959,-49.103,-0.976066,0,2.5,0,0.131599,0.0787864,-0.988167
-78.745,66.567,-46.971,-0.221047,-0.963872,-0.7,0,-0.258985,-0.0601224,-0.964008
-62.9754,54.6149,-44.5261,-0.0718168,0,-4.25293,0,-0.0605634,-0.895881,0.440147
-80.1576,57.9536,-44.6876,-0.802507,-0.0764343,-3.5,0,-0.292462,-0.374463,-0.879911
-72.0827,81.2588,-40.363,-0.323647,0,-3.5,0,0.651115,0.652072,-0.388396
-79.8336,56.9604,-38.2725,0.105497,0,-0.9,1,-0.0484136,-0.925359,0.375988
-79.301,77.8235,-49.246,-1.70817,-0.0111957,-3.5,0,-0.650251,0.759685,-0.00727462
-77.8509,76.7181,-39.9901,-0.566352,0,-1.6,0,-0.710142,-0.357243,0.606692
-69.8317,56.1357,-51.5477,0.0623937,0.00358699,-3.5,0,-0.269289,-0.467111,-0.842194
-65.7312,73.1639,-61.4272,-0.550856,0,-3.5,0,0.749912,0.578423,-0.321027
-57.0975,62.7545,-42.3498,0.155246,0.191095,0.846321,0,0.382326,-0.275427,0.882024
-60.7085,54.7799,-42.6546,0.0236412,0,-3.5,0,0.00245266,-0.83199,0.554785
-52.206,72.1141,-42.4709,-0.214718,0,-1.6,0,0.691962,-0.490659,0.529568
-47.8269,64.366,-42.0786,-1.68434,-0.0722728,-3.5,0,0.249898,-0.119819,0.96083
-68.0034,73.2429,-30.7127,-1.91295,-0.223829,-1.3,0,0.0401051,0.533358,0.844939
-57.4919,73.4429,-40.5703,0.0207419,0,-1.6,0,-0.645977,-0.637455,-0.419959
-82.4102,61.1311,-48.5634,-1.52962,0,-3.5,0,-0.239238,-0.968683,-0.066465
-74.4646,58.813,-45.6937,-1.01948,-0.0217142,-3.5,0,-0.624705,-0.682265,-0.379813
-64.1751,82.2213,-51.4847,-0.528079,0,-0.8,0,0.245466,0.748233,0.616355
-75.0896,82.9804,-38.7806,-1.35911,-0.426861,-3.5,0,-0.244887,0.966521,-0.0765955
-61.7733,67.8978,-59.307,-0.603383,0.5013,-3.2,0,0.562408,-0.815996,-0.133596
-55.9922,74.3538,-36.2445,-0.824774,0,1.00875,0,0.00725571,-0.635431,0.772124
-45.8755,63.649,-43.8042,-0.45868,0.178231,-3.5,0,0.960626,0.000252906,0.277846
-56.1724,54.457,-53.1211,-2.19671,-0.341175,-3.5,0,-0.356374,-0.556794,-0.750319
-51.2147,71.6215,-57.4183,-0.789848,-0.685364,2.14762,0,-0.270092,-0.315919,-0.90953
-74.9053,74.5845,-36.4577,-0.151818,0,3.8,0,-0.367206,0.812588,0.452616
-78.4516,74.2138,-49.0143,-1.08678,0,-3.5,0,-0.758471,-0.380358,-0.529197
-58.9206,80.1633,-53.1631,-1.50225,-0.479929,-3.46817,0,0.578944,0.56674,-0.5862
-57.575,67.2941,-55.5319,-2.15819,-0.195757,-3.5,0,0.389542,-0.855161,-0.341991
-57.9352,80.6115,-52.2674,-0.456517,0,-0.9,0,-0.0244457,0.700491,-0.713243
-55.9515,78.4342,-41.2632,-0.224576,-0.00651434,3.8,0,-0.465756,0.441942,-0.766654
-82.0739,66.3851,-49.4861,-0.514308,0,4.2,0,0.996122,0.0245068,-0.0844956
-43.609,68.0658,-55.0213,-0.236726,0,-1.6,0,0.613035,-0.102688,-0.783354
-66.3391,58.8199,-50.4909,-1.65646,-0.800278,-3.5,0,0.675548,0.582726,-0.451736
-72.5424,55.0921,-47.7401,-0.771747,0,-3.5,0,-0.832549,-0.514325,-0.20575
-71.736,57.1942,-41.8913,0.247102,0,-4.5,0,-0.0465911,-0.986584,-0.156466
-69.676,62.732,-53.94,-0.474456,0,-0.9,0,0.130351,-0.420313,-0.897967
-67.608,76.347,-56.971,-1.40735,0,-3.5,0,-0.444921,0.234864,-0.864225
-49.6247,51.7487,-53.6479,-0.207547,0,-1.6,0,0.320055,-0.923886,-0.209763
-69.3364,79.1055,-53.3224,-0.962501,-0.0618635,-1.0717,0,-0.618841,0.21993,-0.7541
-60.775,63.981,-50.3807,-0.456647,-0.397659,2.5,0,0.0412196,-0.47253,-0.88035
-67.1685,74.8645,-64.1882,-0.672615,-0.0311697,-3.5,0,0.666512,0.684094,-0.296273
-66.127,76.7304,-57.9655,-1.15845,0,-3.5,0,-0.625793,0.196456,-0.754843
-66.2866,59.9096,-48.3866,-0.46876,0,-1.80045,0,0.585372,0.386267,-0.712838
-78.82,71.6094,-38.3145,-0.205499,0,3.8,1,-0.890116,0.455091,0.0241823
-62.1015,67.576,-37.8726,-1.04206,-0.0367555,-3.5,0,0.69517,0.342393,0.632065
-82.0531,69.2428,-41.6206,0.113939,0,3.8,1,-0.506461,0.842926,-0.181582
-59.398,62.7946,-41.4217,0.0122518,0.0894122,2.8,0,0.301915,-0.3715,0.877972
-46.818,71.2053,-57.3475,-0.692828,0,-0.8,0,0.66527,-0.102854,-0.739484
-79.1349,63.5508,-38.9668,-0.0228683,0,-0.43693,1,-0.166994,0.516513,0.839838
-66.3343,51.3418,-44.555,0.46702,0.673131,-4.5,0,0.472836,-0.715961,0.51364
-62.2869,78.0085,-47.441,0.0982007,0,-3.26292,0,-0.136183,0.710991,0.689888
-78.3229,62.6576,-38.2896,-0.0135342,0,-0.129142,1,-0.213522,0.449933,0.867161
-67.2675,66.5406,-53.1201,-0.797446,-0.0300366,0.554654,0,0.484732,-0.744073,-0.459771
-49.6691,61.0129,-47.6706,-2.47088,-0.276783,-3.5,0,0.467475,-0.61058,0.639264
-54.224,50.8083,-47.449,-0.451885,0,-3.5,0,0.648614,-0.760759,0.023351
-63.459,72.6683,-41.4811,-0.0975113,0.883552,-4.5,0,0.586971,0.199495,0.784644
-86.5299,66.4398,-47.6743,0.884735,0.629248,4.2,1,-0.928585,0.0790409,0.362604
-77.9309,72.7461,-44.4606,-0.693837,0,-3.5,1,0.102945,-0.928532,0.356695
-63.5033,70.7641,-61.8486,-0.0502859,0,-3.2,0,-0.0826921,0.0116209,-0.996507
-77.0033,56.713,-37.5542,1.10399,0.454641,-4.5,1,-0.263335,-0.939625,0.218539
-55.654,58.3505,-42.984,-0.211569,0,3.8,0,0.519725,-0.151789,0.840741
-63.412,77.3145,-59.5325,-2.26114,-0.0138099,-3.5,0,-0.072632,0.447188,-0.891486
-74.905,75.2255,-59.3465,-1.47658,-0.672273,-0.8,0,-0.429819,0.558882,-0.709159
-57.585,71.5004,-42.6574,0.748511,0,-3.78844,0,-0.45524,0.438694,0.774793
-39.4109,59.9177,-49.4341,-0.616165,0,-3.5,0,-1.14214e-05,-0.953822,-0.300374
-57.0489,75.0271,-35.9888,-0.260764,0,1.13936,0,-0.431245,-0.0626568,0.900057
-76.9943,68.235,-41.3483,-0.451082,0,3.8,1,0.917674,0.365157,-0.156637
-79.3958,56.9071,-39.4059,0.197304,0,-0.9,0,0.287862,-0.946664,0.144784
-62.1155,52.3112,-45.895,0.302025,0,-4.5,0,-0.30983,-0.382179,0.8706
-69.4587,61.0568,-52.9135,-0.73087,0,-0.9,0,0.0172871,-0.559493,-0.828655
-46.6401,69.1793,-56.8564,-0.873058,0,-3.5,0,0.655228,0.360971,-0.663609
-56.6034,73.0307,-58.9529,-0.864191,0,-3.5,0,0.0839588,0.746393,-0.660188
-66.8121,54.816,-42.1683,0.275513,0,-4.5,0,-0.237928,0.024259,0.97098
-71.556,60.2115,-51.7355,-0.87993,0,-0.9,0,-0.177144,-0.560862,-0.808736
-60.8425,70.916,-59.4393,-1.3948,0,-3.2,0,0.83688,0.233443,-0.495112
-58.8951,70.5904,-41.9202,-0.262214,0,-3.5,0,0.522175,0.439398,0.730932
-78.2121,64.2473,-49.7194,1.98172,0,-3.9,0,-0.296378,0.924167,0.240987
-47.8439,78.3059,-45.9735,-0.181512,0,3.8,0,0.699774,0.333576,0.6317
-55.0961,66.7555,-41.1494,1.02507,0.434792,-0.7,0,0.574224,0.445367,0.68696
-72.1718,58.363,-38.8828,1.11366,0,-4.5,0,0.655824,-0.468183,0.592199
-50.9269,56.2961,-48.784,-0.0315614,0,-4.5,0,0.667698,-0.354901,0.654388
-42.4691,67.9979,-53.7834,0.131095,0,-1.6,0,0.69349,-0.115411,-0.711162
-67.9929,80.7898,-51.9373,-1.44591,-0.595494,-2.25287,0,-0.328517,0.858736,-0.393254
-57.6963,64.2855,-51.0866,-0.378269,0,-1.6,0,-0.552014,-0.81381,-0.181641
-73.8158,71.2513,-38.8455,-0.463293,0,3.8,1,0.0609082,-0.99289,-0.102275
-52.7585,77.0038,-34.4673,-1.06688,-0.337696,-0.8,0,0.846072,0.342332,0.40862
-76.7276,70.2305,-40.0719,-0.359999,0,3.8,1,0.732877,-0.143218,-0.665117
-76.742,79.2483,-46.6048,-0.330466,0,-0.8,0,-0.528353,0.618072,-0.58209
-73.5526,72.3745,-61.7609,0.225482,0,-1.6,0,-0.538778,0.5971,-0.594298
-73.6967,67.0795,-44.5906,-0.504558,0,-0.829229,1,0.380633,0.557161,0.738031
-39.752,73.947,-48.963,-0.225883,0,-0.534871,0,0.908768,0.0387003,-0.415503
-47.0998,76.2424,-55.5243,-0.389689,0,2.37736,0,0.32318,0.730893,-0.601125
-66.5804,70.2996,-57.1195,-1.46383,-0.83596,-0.4,0,-0.746443,-0.629636,-0.215362
-65.9705,53.997,-41.9835,0.0300882,0,-4.5,0,0.2911,-0.505657,0.81214
-72.0276,78.8985,-38.0559,-0.0231098,0,-3.5,0,0.725237,-0.0457547,0.686977
-72.5455,70.1836,-43.8223,-0.375782,0,3.8,1,-0.915999,-0.397637,-0.0532032
-52.5798,82.4545,-44.6312,0.129669,0,-3.9,1,0.468976,-0.100774,-0.877443
-81.4707,70.2351,-48.7521,-0.316994,0,1.91909,0,0.446738,0.89409,-0.0320759
-46.4169,84.5076,-38.3314,-0.909068,-0.123834,-3.5,0,0.6698,0.503389,0.545864
-68.3932,67.6438,-41.9193,-0.729066,0,-0.9,1,-0.471532,0.398307,0.786771
-51.7461,76.7458,-36.5251,-0.240681,0,-3.5,0,0.623264,-0.176698,0.761788
-77.3836,71.2903,-56.9193,0.40785,0,-0.8,0,-0.942496,0.279302,0.183555
-51.147,85.115,-41.1003,-0.93241,-0.0593707,-3.5,0,0.364115,0.462916,-0.808164
-66.7899,75.2971,-58.0154,-0.760982,0,-1.07433,0,-0.585821,0.528223,-0.614649
-77.1743,60.7438,-47.6115,0.055484,0,-3.9,0,-0.377943,-0.925797,-0.0076306
-68.7015,74.128,-57.6924,-0.745164,0,4.2,0,0.00255894,0.712668,-0.701497
-71.838,61.0895,-52.6735,-0.477965,0,-0.9,0,-0.284254,-0.498364,-0.819044
-55.0793,79.2106,-40.8145,-0.0747574,-0.219021,1.71567,0,-0.359869,0.445693,-0.819665
-52.7962,60.016,-49.1565,0.230954,0,-4.5,0,-0.711702,-0.105564,-0.694504
-73.4125,73.4434,-45.7458,-0.376471,0,-0.9,1,-0.431823,-0.761496,0.483377
-57.1175,58.2845,-48.7055,-0.54576,0,-0.8,0,0.445812,0.881595,-0.155056
-59.5596,76.6569,-39.9646,-0.0408136,0,3.8,0,-0.368358,0.722388,-0.585208
-54.4572,57.7584,-51.9215,-1.38931,0,-3.5,0,0.316233,0.852469,-0.416286
-66.7086,61.8424,-50.1839,-0.227949,0.0626655,-1.20165,0,0.803912,-0.552522,-0.2201
-63.8942,70.0847,-37.0482,-0.823611,0,-1.3,0,0.793161,-0.441455,0.419538
-55.0502,82.9476,-38.0163,-0.00504736,0,-2.96781,0,-0.91763,0.38466,-0.0999578
-44.1493,64.1488,-55.762,-0.211171,0,2.8,0,0.456699,0.315744,-0.831704
-62.0247,53.625,-45.2132,0.321657,0,-4.5,0,-0.311814,-0.58583,0.748048
-64.2191,72.2222,-61.1714,-1.31701,-0.00207407,-3.5,0,0.283774,0.584898,-0.759846
-66.9504,62.8078,-37.1965,-0.106208,0,-3.84087,0,0.126912,0.572614,0.809943
-43.0375,63.0882,-46.8937,-1.41181,-0.00148297,-3.5,0,-0.524902,-0.211396,0.824494
-46.6556,75.7265,-56.6826,-1.66046,0,-0.4,0,0.202541,0.813675,-0.544895
-67.5508,55.7499,-42.3275,0.329003,0,-4.5,0,-0.103307,0.0181458,0.994484
-80.7872,68.7997,-43.0385,-0.253559,0,3.8,1,-0.0059728,0.852809,-0.522189
-70.8164,58.86,-39.0845,0.429964,0.034928,-4.5,0,-0.206149,-0.782021,0.588172
-65.198,54.7955,-41.5365,-0.144667,-0.117173,-3.5,0,-0.163218,-0.849777,0.501238
-66.597,68.713,-56.3401,-0.535028,0,0.886749,0,-0.773274,-0.124325,-0.621764
-55.3677,75.2651,-34.4537,-0.480163,0,-0.8,0,-0.481139,-0.736821,0.474973
-68.3747,75.7508,-45.5784,-1.01867,0,2.8,0,-0.377225,0.12013,-0.918298
-54.173,70.6414,-42.9604,0.11444,0,-3.35451,0,0.296122,-0.598588,0.744314
-48.8619,83.9149,-36.8433,0.00191881,0,-3.5,0,0.289416,0.460545,0.839129
-80.0665,73.382,-45.182,-1.50723,-0.00114736,-3.5,1,-0.792347,-0.58813,0.16214
-71.2394,56.3181,-49.7581,-0.2761,0,-3.5,0,-0.676064,-0.401312,-0.61797
-81.9125,68.6425,-38.9338,-0.00674868,0,3.8,1,-0.925163,0.156717,0.345706
-61.1428,69.1994,-40.1228,-1.25997,-0.241921,-3.5,0,0.416999,0.452824,0.788075
-50.4007,52.0795,-52.2975,0.188456,0,-1.6,0,-0.00330419,-0.963593,0.267353
-59.0863,75.5462,-40.506,-0.00957126,0,3.8,0,-0.463467,0.121631,-0.877727
-58.0344,64.3008,-50.0247,-0.776797,0,-1.14238,0,-0.245844,-0.863271,-0.440822
-76.4513,72.8578,-44.8345,-0.476721,0,-3.5,1,0.324485,-0.859818,0.394237
-60.9996,75.7639,-39.6414,-0.119612,0,3.8,0,-0.904758,0.271271,-0.328367
-71.0402,68.5307,-43.8252,-0.129827,0,-0.255234,1,-0.815421,-0.333265,0.47331
-65.5106,49.4917,-46.6896,0.418149,0,-4.5,0,-0.353307,-0.264354,0.89738
-67.7747,74.7143,-57.5404,-0.85472,0,-0.4,0,-0.333175,0.55744,-0.760431
-76.5892,67.7422,-56.2492,1.30467,0.571144,-0.8,0,-0.347487,-0.352412,0.868941
-76.5176,69.8163,-39.1562,-0.34163,0,3.8,1,0.823519,-0.567166,-0.0117787
-58.163,51.3923,-50.2795,-1.58015,0,-3.5,0,-0.129374,0.217837,-0.967372
-75.2577,62.0529,-50.8667,0.536473,0,-3.9,0,-0.0228809,-0.545113,-0.83805
-51.5835,54.9147,-48.3172,-1.29833,0.272657,-4.03951,0,0.616087,-0.265075,0.741736
-63.2253,60.3041,-48.0129,0.398227,0,2.5,0,-0.291384,0.131278,-0.947556
-65.7283,69.0682,-57.3473,-0.915817,-0.0815168,-0.721599,0,-0.502109,-0.407057,-0.763014
-74.4549,71.8521,-35.4142,-0.369549,0,3.8,0,0.340039,-0.761847,0.551329
-50.1274,78.3971,-54.2884,-0.677009,0,2.8,1,0.693485,0.662303,0.283606
-44.8954,77.1024,-47.4892,-0.321435,0,-0.7,0,0.532752,0.748072,0.395681
-55.5273,85.8226,-43.1917,2.22404,0,-3.9,1,0.0527763,0.968067,0.245075
-77.3535,70.8635,-36.9305,-0.226372,0,3.8,1,-0.145109,-0.155599,0.977104
-51.0751,55.1744,-54.4101,-0.120653,0,-1.6,0,0.172205,0.671335,-0.720871
-71.9645,63.3498,-54.2045,-0.0883048,0,-0.9,0,-0.578572,-0.372948,-0.725372
-60.3411,75.0642,-44.5504,0.806022,0,-4.5,0,0.345941,0.0380988,0.937482
-56.5693,59.9784,-47.0542,-0.558635,0,3.8,0,-0.184479,0.15964,-0.969785
-39.3783,72.7692,-46.1623,-0.520222,0,-3.5,0,0.711605,-0.596049,0.371945
-56.1056,51.9873,-50.6348,-0.43177,0,-3.5,0,-0.379721,-0.0576012,-0.923306
-76.4753,79.0331,-49.8304,-0.882858,0,-3.5,0,-0.253818,0.916686,0.308648
-71.204,57.19,-43.8845,-0.0170366,0,-4.03307,0,-0.395756,-0.745895,0.535741
-67.5627,74.1712,-47.45,-1.39834,0,-0.510196,0,-0.806236,0.583221,-0.0991834
-52.779,88.5405,-39.534,0.0224425,0,-3.5,0,-0.357779,0.675357,-0.644893
-64.3203,58.4955,-48.8905,0.592679,0,-0.602272,0,0.261873,0.701067,-0.663271
-44.0894,67.5218,-47.0706,-1.50656,0,3.8,0,0.217875,-0.394584,0.892656
-59.3114,70.2645,-58.6119,-0.250016,0,-3.5,0,0.0636072,-0.259061,-0.963764
-62.9516,72.9061,-36.5956,-0.217718,0,-1.3,0,0.912987,0.384605,0.136137
-54.8851,79.8181,-35.6831,0.366876,0,-0.8,0,-0.420824,0.418038,0.805079
-50.1587,77.2097,-39.1634,-0.158954,0,-3.5,0,0.919183,0.283033,0.273851
-75.8227,73.5523,-42.6854,-0.582648,0,-3.5,1,-0.127846,-0.991632,-0.0179156
-79.6904,71.269,-48.6073,-0.23223,0,-1.6,0,-0.890874,0.432266,-0.139603
-55.3358,58.1245,-50.6797,-2.03724,-0.286707,-3.5,0,0.207837,0.94498,0.252618
-53.6346,79.2627,-43.2384,0.898656,0.657418,-3.9,0,-0.925573,0.339545,0.167404
-76.1645,69.5867,-54.6105,0.678583,0,-0.8,0,-0.818268,-0.57388,-0.0331587
-57.3374,83.3435,-43.059,2.73542,0.0168465,-3.9,0,-0.643097,-0.623837,0.444131
-77.9775,68.739,-45.3769,-1.17263,-0.269534,-0.865254,1,-0.486104,0.652267,0.581594
-66.7674,52.4847,-42.8986,0.600641,0,-4.5,0,0.441451,-0.547949,0.710544
-45.1684,54.2238,-49.0291,-0.223766,0,-1.6,0,0.87526,-0.310255,0.371027
-62.0001,49.222,-50.042,0.590039,0,-4.5,0,0.0365926,-0.0310313,-0.998848
-69.212,54.1512,-49.4841,-0.355226,0.508127,-3.65676,0,-0.110511,-0.496965,-0.860705
-59.1404,75.0704,-36.5998,-0.231918,0,3.8,0,-0.324812,0.16559,0.93117
-47.7955,57.6944,-48.7223,0.216795,0,-1.6,0,-0.118966,-0.113698,0.986367
-66.7393,62.8042,-51.3371,-0.143812,0,-1.24032,0,0.821695,-0.362533,-0.439758
-47.5024,74.8607,-44.1411,-0.664558,0,-0.9,0,0.322362,0.721887,0.612341
-72.9992,55.9689,-47.4366,-0.436392,0,-3.5,0,-0.896305,-0.443403,-0.00555262
-68.5677,77.1275,-56.576,-1.92964,-0.810506,-3.5,0,-0.447866,0.506342,-0.736908
-47.7954,79.826,-49.0601,-0.21467,0,3.8,1,0.638048,0.563351,-0.524909
-66.7378,74.2062,-63.4,-0.118096,-0.0419287,-3.5,0,0.904139,0.307124,-0.296997
-39.3988,66.9294,-51.1632,-0.130688,0,3.8,0,0.654651,-0.241539,-0.716304
-67.9276,66.6816,-54.2256,-2.39055,-0.0765574,2.5,0,0.00114064,-0.758088,-0.652151
-74.397,68.7775,-59.4225,-0.40018,-0.511787,-0.906355,0,-0.309279,-0.808175,-0.501198
-64.435,51.2866,-49.0244,1.17183,0,-4.5,0,-0.59967,0.276747,-0.75087
-68.596,65.0615,-38.603,-0.723182,0,-0.9,1,-0.364279,0.591244,0.719535
-80.9082,59.7923,-45.0899,-1.42581,-0.286225,-3.5,0,-0.616899,-0.375035,-0.691942
-50.9935,79.8321,-45.1234,0.0733836,0,2.50932,1,0.11832,0.975426,-0.185859
-57.4557,63.436,-49.2136,-0.738719,0,-0.9,0,-0.238596,-0.86592,-0.439607
-50.0743,53.4852,-55.2454,-0.222808,0,-1.6,0,0.443594,-0.061092,-0.894143
-60.3564,80.6092,-50.6891,-1.00554,0,-3.5,0,0.0295648,0.843475,0.536355
-81.4791,61.1794,-45.0781,-0.272083,-0.0285384,-3.5,0,-0.685416,-0.628402,-0.367854
-87.9672,66.0711,-51.9287,0.0338518,0,-0.7,0,-0.309913,0.71929,-0.621753
-74.8938,71.5459,-39.4958,-0.273214,0,3.8,1,0.141126,-0.832268,-0.53611
-64.57,60.5122,-38.147,0.353288,0,-4.5,0,0.798326,0.0917401,0.595196
-57.8548,75.3456,-44.3833,-0.225918,0,-1.85552,0,-0.547865,-0.54478,0.634869
-82.665,68.201,-40.021,0.160093,0,3.8,1,-0.872876,0.364714,0.324146
-49.1546,77.9062,-54.0807,-0.501581,0,2.8,1,0.358612,0.930666,-0.0725161
-80.4635,64.2045,-48.6645,-1.44699,0,-3.5,0,0.295995,0.948708,-0.111085
-48.1691,81.257,-39.8446,-0.889929,-0.572976,-3.5,0,0.511022,-0.858513,0.0425629
-53.5757,88.4424,-38.3346,0.416015,0.0643843,-3.5,0,-0.757036,0.651357,-0.0512929
-69.684,77.1363,-54.503,-1.00851,0,-3.5,0,-0.460899,0.782128,-0.419343
-64.9364,70.2711,-60.6543,-1.38657,0,-3.27463,0,-0.316935,-0.84874,-0.42331
-55.5617,82.1644,-37.3996,-0.430046,-0.22879,-2.82763,0,-0.862037,0.48262,0.154824
-65.7341,74.1981,-37.2769,-0.716189,-0.0578585,1.1333,0,0.666436,0.734866,0.125832
-42.5503,75.7538,-46.7195,-0.450977,-0.884589,-3.5,0,-0.214843,0.964933,-0.150819
-49.9212,76.7171,-56.6851,-0.262979,0,2.8,0,0.691997,0.146823,-0.706812
-40.1253,64.7445,-48.2392,-0.256207,0,3.8,0,0.757087,0.184671,0.626671
-57.0674,72.5786,-39.2268,-0.182988,0,3.8,0,-0.112382,-0.96631,-0.231549
-78.6104,72.651,-37.8794,-0.199213,0,3.8,1,-0.854087,0.294753,0.428552
-49.5254,77.9342,-52.7892,-0.901263,0,2.8,1,0.0230099,0.988931,-0.146583
-64.5378,65.1849,-56.306,0.111374,0,-0.8,0,-0.142467,-0.983976,0.107213
-78.4727,76.1695,-50.874,-2.05734,-0.0201347,-3.5,0,-0.679066,-0.0275528,-0.73356
-63.7104,68.2848,-58.545,-1.11117,0,-3.2,0,-0.659955,-0.198463,-0.724618
-77.8665,68.9843,-42.0599,-0.386739,0,3.8,1,0.512927,0.666699,-0.540757
-55.6678,78.8585,-35.374,0.307561,0.0677359,-0.8,0,-0.649124,0.524348,0.551086
-58.6898,68.0088,-41.3965,-0.353516,0,-3.5,0,0.630307,0.292998,0.718933
-76.5929,67.0123,-40.6781,-0.463142,0,4.2,1,0.848149,0.419796,-0.323133
-59.9035,80.6849,-54.3478,-1.98114,-0.0399877,-3.5,0,0.333244,0.60099,-0.726471
-66.3194,64.4705,-38.0644,-0.812808,0,-2.41223,0,-0.108235,0.24152,0.964341
-40.9383,72.4735,-52.1188,-0.3579,-0.205477,1.8,0,0.529284,-0.356474,-0.769925
-60.4031,79.4017,-46.7751,-1.25996,-0.253219,-4.5,0,-0.389643,0.70138,0.596862
-65.7365,71.6226,-62.8741,-0.408365,0,-3.5,0,0.815016,-0.179146,-0.55105
-39.5985,69.6652,-51.6404,-0.433309,0,3.8,0,0.568365,0.350684,-0.7443
-75.1801,73.7231,-45.4946,-0.423065,0,-2.08995,1,0.419242,-0.77753,0.468704
-54.5605,79.982,-50.2832,-0.947713,0,-0.9,1,0.663323,0.669311,-0.334703
-57.4949,74.0414,-58.6566,-0.507598,0,-1.3,0,0.459013,0.300251,-0.836156
-65.4832,57.9794,-38.8174,0.314095,0.300303,-3.5,0,-0.490324,-0.602734,0.629519
-45.5902,75.566,-55.4044,-0.534781,-0.0543096,-0.4,0,0.488624,0.78812,-0.374318
-71.0909,58.0974,-50.8061,-0.130986,0.299366,-2.32963,0,-0.538269,-0.308262,-0.784373
-52.0329,67.6631,-53.653,-0.365406,0,3.22977,0,-0.131954,-0.428734,-0.893742
-76.0882,65.5564,-48.8807,-0.574731,0,-3.52302,0,-0.859941,0.457591,-0.226079
-53.4976,53.7471,-54.6174,0.0714349,0,-1.6,0,-0.661301,-0.14375,-0.736217
-58.0061,70.0899,-42.2452,0.015925,0,-3.60489,0,0.21604,0.224491,0.950227
-60.9185,52.2206,-45.5615,-0.0373548,0,-4.5,0,-0.104333,-0.484599,0.868492
-75.4284,68.2262,-58.9263,-1.3018,-0.806679,-0.8,0,0.35821,-0.728318,-0.584156
-52.1399,80.8073,-36.285,-0.420106,0,-1.97642,0,0.24594,-0.13653,0.959621
-59.438,74.3652,-45.0375,0.992094,0,-4.5,0,0.293218,-0.215739,0.931386
-50.7271,61.8333,-52.0892,-0.694098,0,-3.5,0,-0.311092,-0.464646,-0.829051
-73.2708,79.334,-48.0202,-1.81663,0,-3.5,0,-0.43923,0.8486,-0.294881
-66.3542,68.0072,-57.369,-0.709653,0,-0.8,0,-0.730865,0.0464775,-0.680938
-63.0798,79.1162,-55.5139,-0.78693,0,-3.5,0,0.504269,0.725802,-0.467894
-38.9555,68.6973,-48.51,-0.459057,0,3.8,0,0.828139,0.355194,0.433616
-57.7681,58.1094,-42.8094,-0.0971179,0,3.8,0,0.079716,-0.479073,0.874148
-45.807,85.294,-39.3765,-1.62368,-0.126423,-3.5,0,0.791979,0.518094,0.323028
-45.7023,65.2962,-46.0033,-1.89389,-0.496872,2.8,0,0.718003,0.0663095,0.692874
-57.6388,51.5946,-43.8864,-0.338848,0,-0.7,0,-0.79974,-0.57373,0.176775
-63.2375,47.9345,-47.1037,-0.402952,0,-4.5,0,0.1472,-0.436341,0.887659
-53.9905,86.8223,-38.7036,0.281102,0,-3.5,0,-0.877892,0.408806,-0.249364
-84.7486,63.4999,-45.2054,1.40848,0.565888,-0.8,0,-0.633174,-0.772814,-0.0430017
-70.1335,56.9804,-43.3489,-0.484289,0,-3.90907,0,-0.400189,-0.825453,0.39809
-55.0542,74.2004,-57.1379,-0.822127,-0.415315,-0.587479,0,-0.101832,0.582827,-0.80619
-75.784,66.5105,-51.0085,-0.427909,0,3.8,0,-0.946218,-0.194195,-0.258767
-75.2179,69.6698,-59.4306,-0.516766,-0.303201,-0.8,0,-0.0921981,-0.399066,-0.912275
-48.8543,63.0703,-42.7848,0.0311073,0,-3.5,0,-0.172193,-0.524533,0.833796
-84.1846,60.3576,-41.8779,0.103254,0,-0.9,0,-0.998345,-0.0535349,-0.0210245
-39.9317,75.0267,-50.0101,-0.0392664,0,1.28871,0,0.949275,0.299864,0.0946495
-39.6689,67.0676,-46.7274,-0.533142,0,3.8,0,0.571574,-0.307121,0.760907
-56.226,81.1945,-37.871,-0.708107,-0.0546377,-0.8,0,-0.810729,0.537847,0.231167
-75.9323,67.3177,-50.3083,-1.49023,0,3.8,0,-0.742573,-0.669737,-0.00616039
-48.8858,52.2108,-52.1359,0.0540439,0,-1.6,0,0.36115,-0.923719,-0.127725
-48.2179,53.5649,-53.1271,-0.0280087,0,-1.6,0,0.835207,-0.242275,-0.493692
-77.2389,73.1967,-40.4221,-0.260673,0,3.8,1,-0.779225,-0.124381,-0.614278
-70.4203,65.3599,-54.3899,-0.122609,0,-0.9,0,0.0291841,0.251459,-0.967428
-63.5678,50.7839,-46.7088,0.892727,0,-4.5,0,0.11209,-0.168159,0.979366
-54.5926,71.43,-41.7031,0.171317,0,-1.6,0,0.063409,-0.76268,0.643661
-69.629,64.4682,-39.1405,-0.953794,0,-0.9,1,-0.525925,0.592945,0.60977
-52.5296,75.2211,-57.9056,-0.251737,0,2.8,0,-0.0585346,-0.0143918,-0.998182
-62.928,66.1245,-55.1665,0.225162,0.164502,-0.8,0,0.186133,-0.928964,0.319968
-49.9715,79.4266,-39.6792,-1.24176,0,-3.85408,0,0.849008,-0.279003,0.448713
-57.5913,74.8031,-41.5491,0.019205,0,3.8,0,-0.797117,-0.256351,-0.546707
-41.5552,66.705,-52.5848,0.0365714,0,0.776975,0,0.647743,0.162265,-0.744378
-45.8794,61.0326,-56.4939,0.0341242,0,1.8,0,-0.759054,0.248096,-0.601901
-70.199,59.9655,-52.099,-0.625288,0,-0.9,0,-0.0941375,-0.59274,-0.799873
-55.5525,64.024,-42.036,-1.0214,-0.0306045,-0.7,0,0.28479,-0.50828,0.81274
-55.7178,80.607,-44.715,0.313943,0,-3.09081,0,-0.458511,0.1002,0.883022
-50.7163,79.853,-54.484,-0.0930834,0,2.8,1,0.678235,0.672288,0.296693
-50.8606,79.5924,-38.1356,-1.07921,-0.676148,-2.63693,0,0.857426,-0.292537,0.423371
-72.4311,81.1106,-45.274,-0.78441,0.105762,-2.10902,0,0.832282,0.550005,0.0692904
-73.814,73.7949,-32.2792,-0.273169,0,3.8,0,-0.511933,-0.526637,0.678659
-67.3476,76.3278,-47.42,-1.10266,0,3.8,0,-0.987856,-0.154227,0.0188522
-77.9497,72.8118,-50.9975,-0.155956,0,-1.02664,0,-0.972267,0.232355,-0.0265972
-74.2111,73.0291,-41.9217,-0.666611,0,-3.5,1,-0.534189,-0.822501,-0.195277
-80.7512,56.4806,-41.5403,0.20945,0,-3.5,0,-0.418867,-0.8708,0.257405
-54.6138,60.3812,-47.7505,0.208193,0,-4.5,0,-0.522813,-0.349861,-0.777344
-60.1522,71.3872,-58.6751,-0.645958,0,-3.34587,0,0.401522,0.191141,-0.895682
-79.3964,72.172,-47.515,-0.955413,-0.304322,-3.28626,0,-0.984691,-0.170842,-0.0346042
-70.7145,72.3893,-32.953,-0.580071,0,3.8,0,-0.436309,-0.682783,0.586039
-56.6917,72.6091,-40.7859,0.256595,0,-1.6,0,-0.484874,-0.859953,0.159302
-45.4271,55.3763,-48.3599,-0.257222,0,-1.6,0,0.539524,0.0351315,0.841237
-45.0745,73.812,-56.6632,-0.727345,0,-0.4,0,0.490107,-0.141911,-0.860033
-70.2798,52.8171,-45.6342,1.16739,0.0669947,-4.5,0,-0.709851,-0.691839,0.132177
-66.9617,58.231,-40.674,0.568522,0.571609,-4.5,0,-0.240776,-0.949765,0.199933
-55.4043,70.3538,-57.4485,-0.258306,0,-3.5,0,0.618034,-0.700691,-0.356464
-71.7297,73.5816,-32.1161,-0.36096,0,3.8,0,-0.21013,-0.621649,0.754585
-54.8256,82.1959,-41.5647,0.635131,0,-3.9,0,-0.782532,-0.546694,-0.297943
-47.1349,68.1725,-45.6025,-0.534651,0,0.921482,0,-0.235556,0.0582236,0.970115
-60.2608,57.1451,-41.9222,0.125814,0,-3.5,0,0.782155,-0.209738,0.586722
-76.0718,80.1694,-39.1366,-0.653711,0,-3.28245,0,-0.691969,-0.0780193,0.717699
-47.3215,61.9275,-47.9175,-0.585149,0,-1.6,0,0.453755,-0.657011,0.602033
-78.1816,81.6235,-41.5904,0.00371454,0,-1.6,0,0.0185273,0.869342,0.493864
-50.3274,52.2347,-51.1784,0.0634694,0,-1.6,0,-0.0975885,-0.972573,0.211137
-82.3532,68.2366,-45.5558,0.161782,0,-0.8,1,0.540062,0.833311,0.118005
-60.4686,78.9693,-54.9031,-1.65148,-0.00373238,-3.5,0,0.325032,0.456629,-0.828157
-40.6501,63.4441,-54.6758,-0.126421,0,-0.7,0,0.305351,0.375585,-0.875041
-84.6765,68.5655,-44.887,-0.492084,0,-0.8,1,-0.29949,0.846399,0.440357
-52.2644,80.1505,-53.8001,-0.0661398,0,2.8,1,0.0608061,0.744096,0.6653
-72.5997,76.7816,-54.7449,-1.18928,-0.0320878,-2.56008,0,-0.182232,0.847847,-0.497943
-72.925,58.2537,-48.405,0.0949895,0,-3.36093,0,-0.923427,-0.226647,-0.309699
-64.8712,62.9981,-38.8069,-0.283268,0.0862763,-4.26301,0,0.851375,-0.0663147,0.520349
-77.5681,82.5252,-43.4708,-0.179823,0,-1.42219,0,-0.465423,0.880349,0.0914731
-78.804,69.733,-36.915,-0.194857,0,3.8,1,0.0536657,0.183778,0.981502
-69.5483,73.5616,-58.8494,0.693536,0.27722,1.32634,0,0.252652,0.947239,-0.197242
-63.1586,72.2308,-39.1593,-0.134169,0,-1.3,0,0.85353,0.204298,-0.479321
-75.9679,75.7776,-58.0034,-0.55182,0,-0.8,0,-0.317143,0.750169,-0.58023
-39.1564,62.3304,-54.0588,-0.915061,-0.424392,-0.7,0,0.788079,0.0253041,-0.615054
-80.2874,60.8106,-47.0516,-0.272474,0,-3.5,0,-0.0859967,-0.965269,-0.246699
-55.8679,85.1607,-41.8486,0.963474,0.66314,-3.9,0,-0.379091,0.669584,0.638708
-61.3262,68.1045,-56.5816,-0.0300384,0,-1.62019,0,0.427998,-0.676519,-0.599282
-53.227,76.24,-57.342,-0.646935,0,2.8,0,-0.471572,0.299938,-0.829251
-75.8349,66.7292,-49.1114,-1.74117,0,-1.96958,0,-0.909105,-0.320666,-0.265898
-51.5353,59.6181,-50.6527,-1.04249,0,-3.5,0,-0.684169,0.0326264,-0.728593
-50.581,80.1425,-46.2715,0.0374365,0,3.8,1,-0.0706467,0.897204,0.435929
-70.3937,52.9787,-47.2697,-0.0604982,0.337044,-4.5,0,-0.675043,-0.727543,-0.12247
-69.7981,55.3686,-50.8237,0.0330137,0,-3.5,0,-0.300768,-0.691228,-0.657071
-73.4235,81.9208,-40.4277,-0.559767,0,-3.5,0,0.528652,0.833322,-0.161558
-57.26,50.93,-42.7133,-0.275998,0,-0.7,0,-0.692933,-0.562761,0.450714
-53.0594,55.1754,-46.6782,-0.379727,0,-4.5,0,0.851551,-0.241728,0.46522
-57.5792,76.5267,-41.5741,-0.106485,-0.0724186,0.553295,0,-0.79219,0.410647,-0.451446
-66.1868,73.4649,-62.7975,-0.25484,0,-3.5,0,0.899677,0.360225,-0.246615
-69.0166,71.2266,-36.6964,-0.731621,0,1.22369,1,-0.594146,-0.660321,-0.459311
-68.106,79.598,-54.849,-1.48584,-0.536835,-0.8,0,-0.625228,0.543907,-0.559692
-55.4839,77.8274,-53.9614,-0.382376,0,1.12007,1,-0.333641,0.491528,-0.804415
-48.7492,76.6338,-44.2724,-0.309283,-0.341772,-2.49355,0,0.912584,0.163713,0.374684
-61.9515,59.9109,-42.2465,0.0459508,0,-3.5,0,0.571041,0.282679,0.770717
-43.8799,75.283,-45.875,-0.250578,-0.177021,2.99558,0,0.139998,0.98572,0.093579
-76.2135,74.8418,-37.3266,-0.145777,0,3.8,0,-0.460568,0.738278,0.492771
-50.06,54.1783,-49.3371,-0.588392,-0.793587,-3.16502,0,-0.0188659,-0.160204,0.986904
-37.7716,62.4061,-47.6644,-1.12499,-0.036884,-3.5,0,0.866473,0.496981,0.047259
-71.065,66.209,-41.7635,-0.79139,0,-0.9,1,-0.589259,0.621888,0.51578
-56.7266,71.9609,-41.9767,0.146423,0,-1.6,0,-0.614644,-0.367262,0.698091
-75.4999,64.2768,-38.3522,-0.0722946,0,4.2,1,0.39998,0.188284,0.896976
-69.3037,76.9443,-45.241,-0.948307,0,2.8,0,0.177854,0.517473,-0.837012
-76.6415,66.5973,-47.4875,-0.88459,-0.0265648,-1.3,0,-0.673611,-0.360217,-0.645362
-65.2546,66.8336,-57.9711,-1.54107,-0.340364,-0.8,0,-0.537496,-0.0460116,-0.84201
-54.8426,62.2412,-52.9656,-0.347641,0,-1.6,0,0.0910432,-0.781625,-0.617069
-60.8558,75.7364,-37.4585,-0.215681,0,3.8,0,-0.612401,0.28441,0.737615
-56.6722,84.172,-41.9474,1.91638,0.409194,-3.9,0,-0.569261,-0.126912,0.812302
-71.7969,77.8785,-38.0316,-0.306558,-0.427684,-3.5,0,0.59375,0.432393,0.678599
-55.299,82.036,-48.381,-0.552611,0,-0.9,1,0.566739,0.79528,-0.21526
-58.6432,53.2458,-44.1274,-0.105572,-0.133931,-0.7,0,-0.678775,-0.552322,0.483946
-53.5308,83.3747,-44.9169,0.81234,0,-3.9,1,0.429379,0.0865556,-0.898967
-71.9682,57.7359,-42.9936,0.764547,0,-4.5,0,-0.269471,-0.962869,0.0164012
-71.1068,55.9094,-44.7589,-1.12117,-0.222332,-3.5,0,-0.441544,-0.262746,0.857907
-45.1706,77.3274,-49.1916,-0.15708,0,-0.7,0,0.372303,0.913821,-0.162241
-69.9251,78.219,-48.2316,-1.73733,0,-3.5,0,0.314929,-0.444833,0.838417
-42.9367,73.7231,-53.9085,-0.177597,0,1.21668,0,0.786185,0.0320356,-0.61716
-51.0629,56.99,-47.6312,-0.683728,0,-4.5,0,0.754012,-0.362404,0.54784
-47.6888,82.6641,-37.1978,-0.380549,0,-3.5,0,0.632173,-0.384278,0.672821
-60.5482,73.6533,-44.2355,0.657463,0,-4.5,0,0.684315,0.140357,0.715551
-85.9197,68.5342,-47.3795,-0.760279,-0.731836,4.2,1,-0.826453,0.562762,0.0165798
-75.9611,83.6461,-43.7914,-0.629591,0,-0.8,0,-0.324805,0.945751,-0.00747065
-71.7951,73.5563,-61.9588,0.189816,0,-1.6,0,-0.627928,0.477984,-0.614197
-64.7815,71.371,-61.9193,-0.93147,-0.00173043,-3.46967,0,0.329455,-0.409254,-0.850865
-55.5171,60.167,-47.2356,-0.26947,0,-2.56715,0,-0.282938,0.0886978,-0.955028
-39.549,73.2698,-45.2863,-0.6938,0,-3.5,0,0.570571,-0.456428,0.682731
-49.4695,83.4883,-41.8643,0.354087,0.474647,-3.5,1,0.180766,0.569093,-0.802158
-62.7993,72.0439,-38.1908,-0.126646,0,-1.3,0,0.958411,-0.277138,0.0681388
-56.9709,49.2318,-48.5969,-0.773485,0,-3.5,0,0.533077,-0.823816,-0.192758
-39.0253,73.5399,-48.1106,-0.437068,0,-3.5,0,0.843407,-0.200139,-0.498608
-65.0022,50.9946,-46.2115,0.523513,0.0527941,-4.5,0,0.382331,-0.385016,0.839991
-45.5817,54.3257,-51.2728,-0.176301,0,-1.6,0,0.665114,-0.45337,-0.593363
-51.2578,53.7808,-49.1,-1.9888,-0.310871,-3.5,0,0.259926,-0.636847,0.725854
-77.1042,57.5706,-44.0904,0.113406,0,-3.5,0,0.194091,-0.916802,-0.349002
-42.8076,70.5674,-44.4178,-0.736684,-0.0632666,-1.72023,0,0.444628,-0.713953,0.540903
-76.1112,60.2214,-49.1284,0.0190914,0,-3.9,0,-0.149962,-0.973281,-0.173886
-77.7041,57.2055,-42.6181,0.293583,0,-3.5,0,0.552799,-0.828104,-0.093038
-46.7507,66.7493,-45.8612,-0.577961,0,2.5,0,0.452531,0.102098,0.885885
-56.3924,79.0091,-44.1559,0.242948,0,-0.9,0,-0.4864,0.479399,0.730474
-77.8009,73.2847,-43.2088,-0.402358,0,-3.5,1,0.0860478,-0.873457,0.479238
-67.1075,59.9975,-50.5868,-0.414528,0.865849,-0.9,0,0.977046,0.0654486,-0.202726
-76.926,81.255,-40.4235,-0.45671,-0.0556462,-3.10328,0,-0.60399,0.631954,0.485624
-63.173,62.006,-48.1596,0.0204805,0,2.5,0,-0.387982,-0.420485,-0.82016
-81.1219,70.2844,-38.0471,-0.145386,0,3.8,1,-0.705102,0.663276,0.250789
-66.0608,50.6312,-48.2684,0.817706,0.0323186,-4.5,0,-0.611839,-0.243103,-0.752698
-53.2324,64.9114,-53.2092,-0.841821,0,-3.23997,0,0.0551083,-0.0933648,-0.994106
-58.7692,50.2785,-46.3235,-1.56906,0,-3.5,0,-0.0701769,-0.200192,0.97724
-57.057,53.0747,-50.3115,-0.339461,0,-3.5,0,-0.485789,-0.174862,-0.856407
-46.6104,78.101,-48.6985,-0.121374,0,-0.7,1,0.645922,0.755872,-0.106969
-65.1675,72.436,-32.6908,-0.57149,0,-1.3,0,0.735739,0.467512,0.490021
-41.063,66.9408,-46.5285,-0.684376,0,3.8,0,-0.0928124,-0.257845,0.961718
-69.3561,58.5318,-36.9464,0.580661,0,-4.5,0,-0.763595,-0.504722,0.402714
-64.7103,76.0222,-59.4315,-2.63621,-0.00693023,-3.5,0,-0.210085,0.0573392,-0.976
-72.9863,80.1052,-52.2469,-1.30817,-0.00175677,-3.5,0,0.254588,0.614005,-0.747116
-58.3185,80.9939,-50.0136,-0.39066,0,-2.12467,0,-0.618045,0.782508,0.0755044
-74.3104,71.188,-46.9533,0.154576,0,-1.6,1,0.10528,0.19747,0.974639
-62.342,79.6852,-49.8459,-0.195074,-0.0997694,-1.41577,0,-0.241199,0.80803,0.537505
-61.2795,62.8187,-40.6255,-0.180861,0,2.8,0,0.404531,-0.516927,0.754414
-62.7715,57.5003,-49.5177,-0.362734,0.0824765,-3.13411,0,-0.237888,0.27771,-0.930745
-60.6417,65.4229,-39.4485,-0.989422,-0.0538754,1.20312,0,0.669648,-0.159758,0.725293
-82.1444,57.3787,-42.3058,0.335459,0.191724,-3.26012,0,-0.735256,-0.649891,-0.192459
-48.7819,65.088,-42.5182,-0.689481,-0.392535,-3.5,0,-0.196649,0.279931,0.939663
-49.5298,79.6346,-44.6347,0.627182,0,-3.5,0,0.457269,0.783874,-0.420055
-67.6571,75.1259,-35.1989,-0.311789,-0.267439,1.59795,0,0.542151,0.783563,0.303482
-78.0157,68.6127,-56.935,0.0361741,0,-0.8,0,-0.838408,-0.276887,0.469474
-76.226,68.7326,-43.8742,-0.449836,0,-0.7,1,0.0308393,0.823174,0.566951
-68.1984,57.5993,-37.7425,0.672291,0.00362418,-4.5,0,-0.0217738,-0.992125,0.123346
-67.9615,66.6242,-40.6061,-0.617387,0,-0.9,1,-0.391785,0.747555,0.536345
-38.9169,61.3254,-51.8267,0.121455,-0.85205,-1.06251,0,0.793212,-0.557191,-0.245669
-79.0515,63.997,-48.604,-0.121177,0,-3.5,0,-0.0167022,0.974407,-0.224171
-72.9772,71.7803,-42.1646,-0.328644,0,3.8,1,-0.807039,-0.588308,-0.0507988
-45.8609,83.7107,-39.039,-0.983826,0,-3.5,0,0.9378,-0.154344,0.310981
-54.1505,78.368,-55.5595,-0.805825,0,2.8,1,-0.745557,0.463283,-0.479077
-70.0713,62.6408,-37.9975,-0.131844,0,-0.9,1,-0.502666,0.171373,0.847324
-68.5809,73.9914,-60.4243,0.440526,0,-3.5,0,-0.141115,0.883299,0.447067
-51.1221,65.7814,-53.5524,-1.2538,-0.555571,-2.39181,0,-0.337435,-0.0198725,-0.941139
-64.1749,72.5231,-34.1436,-0.281715,0,-1.3,0,0.678384,0.467814,0.56652
-69.4784,73.909,-65.382,-1.06545,-0.318547,-3.5,0,-0.542167,-0.270848,-0.795422
-61.4235,61.076,-42.5725,-0.290651,0,2.8,0,0.17197,-0.448731,0.876964
-64.9174,61.0274,-47.4793,-0.486692,0,2.28106,0,0.138661,0.0215698,-0.990105
-79.7032,71.0057,-38.5768,-0.199829,0,3.8,1,-0.431813,0.901923,-0.0084781
-57.0141,63.423,-52.0376,-0.318509,0,-1.6,0,-0.854059,-0.49878,-0.147652
-59.4425,51.3914,-46.319,-0.802189,0,-3.87911,0,-0.239449,-0.448373,0.861177
-45.533,64.0755,-46.3695,-0.906399,0,2.65176,0,0.897069,-0.409939,0.164978
-78.7969,76.657,-41.5261,0.836783,0,-1.6,1,-0.596761,-0.596407,0.536819
-47.0575,55.6631,-48.1867,-0.107064,0,-1.6,0,-0.194557,0.25081,0.948284
-56.5214,82.1122,-45.2584,0.30336,0,-3.0394,0,-0.956284,-0.0738785,0.282955
-49.1018,62.3676,-43.9335,-0.0511237,0,-3.5,0,-0.122773,-0.895994,0.426757
-53.0194,84.6645,-44.229,0.27774,0,-3.9,1,0.516437,0.665607,-0.538758
-53.6608,50.8428,-50.249,-1.71349,-0.691472,-3.5,0,0.538366,-0.83968,-0.071408
-79.9693,81.4369,-43.3391,0.0826146,0,-1.6,0,-0.579033,0.69226,-0.430694
-50.0584,85.1899,-37.7824,0.042874,0,-3.5,0,0.365034,0.704571,0.608547
-72.7308,56.2135,-45.4605,-0.320814,-0.455215,-3.5,0,-0.734588,-0.442789,0.514119
-59.5197,78.3232,-54.6551,-0.901359,-0.141615,-1.88487,0,0.612159,0.570786,-0.547234
-47.2994,56.67,-48.5552,0.291193,0,-1.6,0,-0.242163,0.106462,0.964377
-48.4794,60.7797,-48.6154,-1.09106,0,-2.82209,0,0.236272,-0.373021,0.897235
-65.4009,80.8265,-50.5882,-0.775409,0,-0.8,0,0.427153,0.550126,0.717566
-39.085,63.8088,-48.5517,-0.251897,0,-3.5,0,0.752197,0.554262,0.356363
-74.8954,70.9686,-36.7993,-0.366181,0,3.8,1,0.398674,-0.892979,0.208922
-69.486,52.0206,-44.1431,1.09907,0,-4.5,0,-0.764048,-0.604306,0.225932
-55.833,82.9314,-46.0611,0.364187,0,-3.9,0,-0.307907,0.532693,-0.788309
-73.6275,72.886,-34.028,-0.350498,0,3.8,0,-0.11984,-0.909017,0.399158
-56.2816,62.4216,-50.7718,-0.292606,0,-1.6,0,-0.637632,-0.758707,0.133374
-50.8242,79.985,-50.3836,-0.223654,0,3.8,1,0.00962851,0.600538,-0.799538
-72.5582,74.1277,-60.6821,-0.147763,0,-1.6,0,-0.256028,0.675347,-0.691633
-52.0586,55.9279,-54.2389,-0.327368,0,-1.6,0,0.0677007,0.721323,-0.689282
-63.3739,65.1072,-37.1081,-1.51286,-0.0338374,-3.5,0,0.0637321,-0.638955,0.7666
-77.4306,74.7881,-53.1095,-0.131455,0,-0.9,0,-0.930234,0.32005,-0.179537
-49.4697,69.9473,-44.1899,-0.227237,0.0885079,-0.9,0,0.591744,-0.393267,0.70369
-49.4202,80.6387,-46.8612,-0.138251,0,3.8,1,0.0265127,0.736405,0.676021
-85.3376,62.3231,-51.2109,0.219851,-0.0418854,-0.7,0,0.270428,-0.866418,-0.419748
-58.1861,53.9646,-42.2895,0.0747332,-0.447413,-0.7,0,-0.527686,-0.109509,0.842351
-57.1559,85.5339,-42.5238,2.62228,0.272125,-3.9,0,-0.435998,0.576037,0.691438
-75.8313,66.8056,-42.7763,-0.200425,0,-0.7,1,0.481994,0.507879,0.713962
-60.0962,48.3761,-48.9575,-0.583851,-0.015439,-3.55051,0,0.21037,-0.908989,-0.359837
-53.2484,63.0256,-52.868,-0.425447,0,-1.6,0,0.309528,-0.486192,-0.817196
-49.262,69.2023,-57.8121,-0.438462,0.114784,-2.55433,0,-0.592991,0.287389,-0.752176
-75.1046,76.7777,-54.0457,-0.495313,0.0810532,-2.56722,0,0.0310114,0.81593,-0.577318
-54.651,86.0062,-37.4105,0.0699559,0,-3.5,0,-0.859235,0.414354,0.300043
-65.3544,78.8866,-46.8237,-0.369251,0,3.8,0,0.343599,0.688275,0.638919
-58.3751,72.5919,-37.0065,-0.302892,0,3.8,0,-0.18235,-0.879845,0.438886
-85.6389,65.6249,-43.0761,0.00776649,0,-0.8,1,-0.897472,-0.0416299,0.439102
-70.2434,68.3,-60.1109,-0.104642,-0.0237418,-1.6,0,-0.0991059,-0.979213,0.176973
-43.961,77.081,-48.8047,-0.240267,0,-0.7,0,0.516193,0.853187,0.0749434
-53.566,80.0185,-35.519,0.17394,0,-0.8,0,0.222625,0.258753,0.939939
-75.1396,79.5416,-50.0067,-0.786277,-0.0420788,-3.5,0,-0.21713,0.823989,0.523351
-67.7872,59.8843,-51.8041,-0.110726,-0.0729989,-1.19921,0,0.498499,-0.109336,-0.859967
-78.5242,71.603,-52.2982,-0.611037,0,-1.05296,0,-0.918472,0.368157,-0.144466
-63.4367,63.1161,-49.1925,0.187689,0,2.01596,0,-0.0771743,-0.773039,-0.629647
-74.275,60.0376,-50.4306,0.152853,0,-0.9,0,-0.622183,-0.674236,-0.397861
-61.6896,54.7261,-43.6146,0.574507,0,-4.09782,0,-0.278897,-0.865033,0.417054
-71.4622,78.287,-42.8775,-0.142658,0,-3.5,0,0.582905,0.80349,0.120936
-45.5805,63.0522,-45.348,-0.250595,0.54166,-3.5,0,0.838467,-0.486893,-0.244762
-76.2156,80.9967,-46.328,-1.20847,0,-0.8,0,-0.265901,0.492599,-0.828639
-72.2865,54.2526,-46.678,-1.3137,0,-3.5,0,-0.824037,-0.566372,-0.0136532
-47.6137,69.0718,-57.9582,-0.943165,0,-3.20184,0,0.289637,0.542965,-0.788225
-78.4378,69.9729,-57.5846,-0.197589,0,-0.8,0,-0.975211,0.191163,0.111444
-53.278,83.2868,-35.2596,-0.892672,0,-3.5,0,0.0490731,-0.0204724,0.998585
-59.6134,68.6151,-57.0259,-0.362432,0,-3.5,0,-0.120846,-0.737841,-0.664068
-72.0099,59.4016,-38.4259,0.779314,0,-4.5,0,0.423824,-0.219247,0.878808
-56.9459,77.2701,-53.9471,-0.306994,0,-1.3,1,-0.064853,0.574247,-0.816109
-47.3155,74.7949,-57.3645,-1.48586,-0.789658,-0.4,0,-0.0758647,0.368293,-0.926609
-59.4222,66.1955,-53.9541,-0.439712,0,4.2,0,-0.0647459,-0.87133,-0.486408
-74.5204,62.5252,-51.4344,0.127051,0,-0.9,0,-0.443952,-0.336939,-0.830288
-61.5252,60.6495,-48.676,-0.573875,0,2.5,0,-0.338809,-0.0458431,-0.939738
-76.7866,69.1574,-55.951,0.229759,0,-0.8,0,-0.576403,-0.438888,0.689302
-62.789,73.228,-37.544,-0.252922,0,-1.3,0,0.777169,0.486571,0.399071
-74.4407,80.7737,-50.7029,-2.44884,-0.0921074,-3.5,0,-0.014133,0.779605,0.626112
-81.2635,68.694,-49.4595,-0.222398,0,4.2,0,0.672383,0.17053,-0.720292
-74.7911,68.6667,-44.8232,-0.475787,0,-0.7,1,0.535461,0.673858,0.509113
-59.1025,58.5832,-50.9452,-1.1876,0,-0.8,0,-0.106752,0.601386,-0.791795
-75.7211,65.5834,-38.3123,-0.204466,0,4.2,1,0.443555,0.42274,0.790285
-60.8898,78.0656,-56.0783,-0.799213,0,-1.3,0,0.310453,0.844592,-0.436214
-64.0434,73.6341,-37.2209,-0.437417,0,-1.3,0,0.374342,0.924669,0.0696798
-52.9379,55.0168,-54.7862,0.0851244,0,-1.6,0,-0.350791,0.454283,-0.818885
-39.729,73.7286,-50.6299,-0.0693586,0,1.8,0,0.987037,-0.00819304,0.160283
-47.3012,60.5499,-48.5546,-0.259839,0,-1.6,0,0.146478,-0.0623453,0.987247
-49.3321,59.9697,-48.552,-1.27927,-0.0433402,-1.89613,0,0.243947,-0.250981,0.936749
-61.709,79.0231,-48.3577,-0.104294,-0.0777333,-0.437771,0,-0.422989,0.761403,0.491269
-65.0339,74.6879,-41.1208,-0.0462866,0,2.8,0,0.576861,0.592483,0.562313
-71.1495,60.9886,-38.7234,0.272522,0,-2.80181,1,-0.314877,0.237252,0.919002
-48.9614,55.7441,-49.2264,-0.339457,0,-1.6,0,-0.316104,0.0261986,0.948363
-52.4586,70.373,-56.3961,-1.89212,-0.634712,2.8,0,0.0985934,-0.738327,-0.667197
-74.5699,82.7602,-45.2293,-0.596601,0,-0.8,0,-0.0343123,0.469237,-0.882405
-75.205,75.5923,-37.8825,0.100057,0,3.8,0,-0.478598,0.612187,0.629421
-63.3332,70.1113,-38.194,-0.710116,0,-2.76274,0,0.90929,0.064827,0.411082
-54.5848,78.6466,-43.7889,0.846965,0,-0.9,0,-0.324956,0.670486,0.666972
-73.7327,60.9991,-37.1717,0.777664,0.60893,-4.5,1,0.660897,0.497739,0.561668
-39.1504,76.3401,-47.1153,-1.00781,0,-3.5,0,0.338369,0.730079,-0.59371
-46.8679,61.8671,-55.0109,-0.18515,0.446081,2.33746,0,-0.766852,-0.290399,-0.57237
-76.6755,76.3963,-52.8446,-0.380795,0.141877,-3.00967,0,-0.81543,0.430127,-0.387383
-49.6918,68.1028,-56.8741,-0.537546,0.337381,-2.20399,0,-0.996577,-0.000367417,-0.0826735
-40.1292,60.1366,-51.2655,0.125343,0,-2.25817,0,0.590055,-0.807362,-0.00149354
-67.0059,82.3698,-49.6324,-2.22354,-0.491995,-3.5,0,0.356512,0.924518,0.134779
-74.7949,74.1549,-33.9147,-0.234408,0,3.8,0,-0.942811,-0.0418511,0.330691
-70.6921,74.4129,-59.2453,-0.238039,0,4.2,0,0.435475,0.855634,-0.279736
-62.8747,80.3809,-54.7173,-0.0480158,-0.0887164,-0.8,0,0.461909,0.545852,-0.699061
-75.876,67.158,-56.706,0.354681,0,-0.8,0,0.326541,-0.921922,0.2084
-67.978,69.7481,-37.2935,-0.600576,0,-1.3,1,-0.653767,-0.75634,-0.0231835
-62.0539,50.9004,-50.0499,0.747574,0,-4.5,0,0.0155087,0.0748441,-0.997075
-56.0713,75.6893,-55.9001,-0.565155,0,-1.3,0,0.164798,0.750022,-0.640554
-45.8095,70.2353,-43.756,-0.577111,0,3.8,0,-0.33292,-0.692763,0.639722
-70.0062,66.3486,-41.1485,-1.01333,0,-0.9,1,-0.365388,0.677144,0.638724
-63.5465,65.5556,-51.2385,-0.283152,0.0102459,-0.46655,0,-0.244147,-0.612733,-0.751631
-64.5048,69.836,-58.2801,-1.85312,0,-0.4,0,-0.562284,-0.630356,-0.535246
-70.3349,68.5092,-61.7945,-0.14214,0,-1.6,0,0.141039,-0.828367,-0.542141
-64.2914,63.3821,-50.0365,0.222829,0.235825,-1.3,0,0.352648,-0.701448,-0.619363
-46.5863,62.0024,-45.3499,-0.121766,0,-3.5,0,0.478972,-0.818378,-0.317558
-40.5215,61.8491,-55.2601,-0.284361,0,-0.7,0,0.523365,-0.111559,-0.844774
-38.6519,62.875,-50.4924,0.582267,0,-3.5,0,0.937114,0.303293,-0.172717
-71.2716,77.2347,-33.1406,-0.240754,0,3.8,0,-0.156638,0.986595,0.0457607
-51.8035,73.2712,-57.3305,-0.154787,0.0125087,2.8,0,0.0450196,-0.10254,-0.99371
-75.5161,56.5229,-37.9242,0.143609,0,-4.5,0,0.180583,-0.933774,0.30896
-39.5559,72.2536,-49.1266,-1.16422,-0.0414441,-1.98621,0,0.983753,0.0629862,-0.168115
-59.4137,73.3443,-38.2741,-0.250741,0,3.8,0,-0.481856,-0.868987,0.112588
-56.6246,74.3521,-57.3741,-1.13701,0,-1.3,0,0.44293,0.621297,-0.646377
-41.3117,70.8539,-52.2701,-0.395389,-0.0188688,-1.50831,0,0.739991,0.115088,-0.662697
-80.0914,65.6046,-39.5029,0.148185,0,-0.478469,1,-0.173972,-0.276963,0.945
-39.8829,60.9055,-53.8812,-0.547074,0,-0.7,0,0.806598,-0.449888,-0.383406
-49.9084,82.0164,-35.483,-2.25832,-0.183865,-3.5,0,0.311375,-0.41782,0.853506
-46.8919,72.8998,-57.2369,-0.815331,-0.0553382,-0.566986,0,0.428856,0.0229889,-0.903081
-80.438,67.553,-46.6265,-0.0840046,0.321781,-0.7,0,0.11725,0.614795,-0.779923
-72.5307,70.9956,-63.2043,-0.0242414,0,-1.6,0,-0.209212,-0.0563489,-0.976246
-53.5438,53.3165,-44.7954,-1.15539,-0.780648,-0.7,0,0.891115,0.0608616,0.449678
-78.2919,72.9333,-39.0213,-0.217957,0,3.8,1,-0.828575,0.39299,-0.398776
-74.9434,74.4024,-35.3807,-0.213349,0,3.8,0,-0.642107,0.74662,0.173943
-72.8051,73.1868,-32.8358,-0.343122,0,3.8,0,-0.199052,-0.844817,0.49665
-80.2538,75.5874,-43.9943,-0.819279,0,-3.5,0,-0.881245,0.129623,0.454538
-50.6278,68.6369,-43.6022,-0.179812,0,-0.9,0,0.357651,-0.344898,0.867831
-73.2162,71.7673,-37.3001,-1.16743,-0.138152,3.8,0,0.307451,-0.883731,0.352836
-48.8386,73.0481,-43.7505,-0.38822,-0.502897,-0.9,0,-0.00781033,-0.134471,0.990887
-67.1667,62.6194,-52.76,-0.176896,0,-0.9,0,0.814029,-0.135362,-0.564831
-62.4855,75.9599,-42.46,0.0362497,0,-4.5,0,0.564315,0.615737,0.549924
-37.6502,75.2558,-44.8956,-2.09573,-0.351124,-3.5,0,0.888918,-0.304018,0.342634
-78.4003,69.6302,-46.1368,-0.323645,0,-1.6,1,-0.640008,0.231091,0.732794
-60.661,77.8027,-46.3254,-0.154264,-0.017479,-4.5,0,-0.3223,0.583453,0.745456
-56.913,63.5384,-50.6225,-0.83793,0,-1.6,0,-0.719411,-0.690531,-0.0749315
-60.9911,48.3978,-47.3176,-0.434498,-0.790353,-3.51765,0,-0.0197028,-0.61348,0.789465
-56.25,80.1624,-36.9371,-0.0410827,0.0867871,-0.8,0,-0.850364,0.251169,0.46238
-60.5513,55.2556,-49.3576,0.0417986,0,-0.8,0,-0.200521,-0.485597,-0.850874
-85.1957,64.6934,-53.3886,0.621501,0,-0.7,0,0.427155,0.212959,-0.878742
-53.1961,66.1807,-43.8138,-0.760572,0.0747746,-0.734013,0,0.484648,0.351102,0.801152
-69.3988,52.2301,-48.9422,0.408189,0,-4.5,0,-0.579585,-0.478402,-0.659707
-56.4418,75.7033,-35.0446,-0.206071,0,-0.8,0,-0.668928,-0.492591,0.556677
-50.2881,57.8314,-48.3228,-0.709827,0,-4.5,0,0.666307,-0.235025,0.707671
-74.6421,66.2708,-52.8245,-0.450775,-0.0269994,1.37256,0,-0.663309,-0.511441,-0.546304
-53.4649,58.0214,-50.1369,-0.75047,0,-4.01905,0,-0.31174,0.887431,-0.339535
-47.15,70.0208,-45.1056,-0.506107,-0.703886,-0.4,0,-0.371743,-0.622949,0.688289
-64.1613,71.2934,-34.3472,-0.378754,0,-1.3,0,0.849525,-0.34615,0.398105
-77.2204,71.9424,-36.5219,-0.206066,0,3.8,1,-0.637026,-0.259344,0.725905
-61.4084,68.2166,-39.3422,-0.563356,0,-3.5,0,0.614411,0.319359,0.721463
-50.4852,52.2869,-54.8725,-0.192396,0,-1.6,0,0.304845,-0.68261,-0.664163
-43.4688,73.0867,-41.6729,-0.390416,0,3.8,0,0.349872,-0.0995984,0.931488
-73.1643,77.6561,-37.1779,-0.133385,0,-3.5,0,-0.080929,0.185021,0.979397
-80.7798,65.2554,-46.6351,0.181222,0.822113,-0.77589,0,0.291799,0.356294,-0.887642
-58.4089,59.0852,-41.8699,-0.179069,0,3.8,0,0.0911075,-0.407739,0.908542
-48.4688,79.7934,-43.3068,-1.60125,-0.110065,-3.5,0,0.869947,0.220364,-0.441171
-50.6007,54.5578,-55.1668,-0.277863,0,-1.6,0,0.1929,0.627764,-0.754124
-57.4975,77.825,-44.632,0.156489,-0.455576,-3.17022,0,-0.609103,0.503556,0.612719
-71.294,63.8871,-39.8065,-0.40649,0,-0.9,1,-0.546996,0.489404,0.679175
-39.3399,71.1129,-50.1431,-1.47738,0,3.02175,0,0.930606,0.295422,-0.216096
-47.4217,81.6345,-41.4598,-1.72659,-0.355613,-3.5,0,0.461164,-0.511358,-0.725149
-66.1339,73.8307,-35.4671,-0.410965,0,-1.3,0,0.464623,0.865071,0.189148
-69.9775,58.4375,-39.5605,0.365034,0.314899,-4.5,0,-0.047276,-0.994555,0.092868
-39.4504,66.22,-48.2124,-0.401845,0,3.8,0,0.77981,-0.438745,0.446541
-46.6628,82.5608,-38.7383,-0.96783,0,-3.5,0,0.720939,-0.577841,0.382553
-73.434,83.1616,-42.6102,-1.85585,-0.959843,-0.8,0,0.53862,0.578923,0.612158
-71.0129,75.8398,-63.5264,0.0115362,0,-3.5,0,-0.736673,0.676222,-0.00607666
-79.7218,68.0181,-36.9323,-0.120788,0,3.8,1,0.0548214,-0.455111,0.888745
-70.3198,79.8521,-47.5392,-1.7418,0,-3.5,0,0.523863,0.106285,0.845146
-65.9349,61.7952,-48.2041,-0.579634,0,-1.3,0,0.55456,-0.52209,-0.647985
-60.8569,61.7916,-49.4737,-0.470155,0,2.5,0,0.0605261,-0.367779,-0.927941
-43.1016,64.0531,-55.0436,0.179009,0,2.8,0,0.453151,0.348649,-0.820425
-48.3056,52.8787,-48.8649,0.0371602,0,-1.6,0,-0.331499,-0.603573,0.725126
-54.23,80.2314,-44.4798,0.554002,0.177932,-2.52536,0,-0.618506,-0.0883498,0.780797
-81.5864,63.676,-50.7715,-1.87478,-0.580553,-2.31121,0,0.142029,0.136509,-0.980405
-72.7269,79.7512,-41.5771,-0.504947,0,-3.5,0,0.746137,0.454854,-0.486196
-80.4315,77.8375,-41.4669,0.0306002,0,-1.6,0,-0.835365,-0.521516,0.173743
-66.0642,81.4242,-54.169,-0.70366,0,-0.8,0,-0.265578,0.599288,-0.755197
-74.841,71.708,-60.9146,-0.786252,-0.388571,-0.858455,0,-0.672053,0.0428198,-0.739264
-87.2034,66.6913,-50.702,0.208304,0,-0.7,0,-0.517084,0.830426,-0.207402
-74.5433,73.3027,-60.0385,-0.676108,-0.54716,-1.07564,0,-0.39411,0.402808,-0.826089
-66.5792,65.8677,-51.6049,-0.0476032,0,-1.6,0,0.559661,-0.380767,-0.736068
-39.3974,75.241,-48.4836,-0.405758,0,-3.5,0,0.667077,0.550992,-0.501415
-56.356,66.1988,-40.544,0.526935,0.0482305,-0.7,0,0.0111851,0.238336,0.971118
-53.3866,84.8409,-35.8936,-0.178918,0,-3.5,0,-0.171931,0.488882,0.855239
-68.4404,75.2952,-65.0677,-1.4376,-0.314725,-3.5,0,0.358024,0.765019,-0.535317
-76.5835,56.8074,-38.8621,0.943023,0,-4.5,0,-0.198079,-0.958078,-0.207007
-72.4467,69.3479,-62.5662,-0.0400257,0,-1.6,0,-0.371175,-0.541185,-0.754551
-77.9399,78.664,-49.4491,-1.2717,0,-3.5,0,-0.412621,0.910181,0.0362672
-73.4001,68.8822,-58.5591,-0.581935,0,-1.15301,0,0.0799797,-0.984609,-0.1554
-47.4562,52.2996,-51.5655,0.0578603,0,-1.6,0,0.324999,-0.889872,-0.320162
-54.6835,82.174,-42.6312,1.06459,0,-3.9,0,-0.585245,-0.783671,0.208204
-72.7519,67.9802,-56.8039,-1.75705,-0.27843,1.8,0,0.394217,-0.864848,-0.310855
-72.5174,80.4253,-51.2767,-1.04435,-0.425835,-3.5,0,0.00929005,0.997734,0.0666328
-80.9036,79.5174,-41.5751,-0.0583175,0,-1.6,0,-0.963602,0.00448347,0.267302
-78.8299,71.9352,-46.3478,-0.878039,-0.0916184,-1.77993,1,-0.648926,-0.578154,0.494605
-74.5247,73.1417,-46.3694,-0.581336,0,-0.9,1,0.0592451,-0.653269,0.754804
-52.3209,77.2325,-35.6441,-0.421406,0,-0.8,0,0.84203,-0.000413626,0.539431
-74.2623,79.354,-37.2697,-0.0578658,0,-3.5,0,-0.473526,-0.341196,0.812009
-83.3226,69.123,-45.9734,-0.163482,0,4.2,1,0.345657,0.813213,0.468194
-86.2627,65.6669,-52.2856,0.321167,0,-0.7,0,-0.151961,0.711852,-0.685693
-76.268,60.2673,-35.4253,0.44318,0,-4.5,1,-0.29042,0.362721,0.885489
-65.907,70.43,-58.9,-1.51189,-0.0244186,-3.32067,0,0.173851,-0.957043,-0.232046
-64.718,64.2032,-50.9725,0.100449,0.254265,-1.3,0,0.1549,-0.272808,-0.949517
-74.9587,70.0475,-46.2057,0.0686424,0,-1.6,1,0.324739,0.470533,0.820453
-65.7744,57.7413,-40.4515,0.333406,-0.113994,-3.57931,0,-0.647725,-0.711166,0.273303
-56.367,81.3319,-51.8473,-0.275317,0,-0.9,0,0.181122,0.812812,-0.553653
-49.4569,60.9759,-51.8671,-0.964757,-0.0191382,-3.5,0,-0.428586,-0.365504,-0.826269
-51.0326,70.3941,-56.5703,-0.708618,0,0.723529,0,-0.406409,-0.668309,-0.623053
-50.142,80.8941,-37.7228,-0.53727,-0.296437,-3.62003,0,0.453263,-0.774815,0.440697
-66.339,69.2383,-37.4425,-0.9611,0,-1.38424,1,-0.228261,-0.911437,0.342315
-67.0226,72.7864,-64.4405,-0.839948,-0.862239,-3.5,0,0.495142,-0.323893,-0.806181
-64.8165,54.1362,-44.2308,-0.255814,0,-4.5,0,0.496176,-0.706417,0.504761
-80.4199,81.4821,-41.9656,-0.0944695,0,-1.6,0,-0.757677,0.63481,0.151468
-48.3613,77.4082,-54.9762,-0.496969,0,2.8,0,0.268956,0.753977,-0.599318
-65.0166,70.0287,-34.0316,-0.477304,0,-1.3,0,0.425935,-0.903899,0.0393237
-83.7992,61.9673,-41.2912,0.0379759,0,-0.9,1,-0.964351,-0.132991,0.228782
-45.1995,62.6738,-49.3647,0.069534,0,2.8,0,0.0918049,-0.356987,0.929587
-77.2194,73.4645,-55.4646,-0.123262,0.22129,-0.8,0,-0.965261,-0.261284,-0.00126176
-65.5996,79.9427,-49.7327,-0.767897,-0.111592,2.82998,0,0.476835,0.695877,0.537013
-71.0022,74.2663,-46.9399,-1.16545,0,3.8,0,0.873831,0.486212,-0.00417589
-54.7718,55.2501,-53.3756,-1.03957,-0.072105,-3.5,0,-0.274939,0.210026,-0.938242
-67.0332,53.9011,-49.0945,0.0147115,0,-3.75983,0,0.384482,-0.266026,-0.883971
-51.6143,56.1375,-47.413,-0.228696,0,-4.5,0,0.712552,-0.40628,0.572019
-66.6224,77.9195,-46.0648,-0.556451,0,3.8,0,-0.280906,0.592731,0.754825
-38.7699,74.1754,-45.2687,-1.49145,-0.0695801,-3.5,0,0.614972,-0.60744,0.502819
-69.8827,78.1171,-53.3016,0.0339957,0,-3.5,0,-0.255693,0.533528,-0.806207
-67.9556,62.2289,-37.1901,-0.0765939,0,-2.7403,1,-0.465279,0.34568,0.814874
-57.5298,68.8502,-42.5034,-0.0670182,0.0265031,-3.7408,0,0.256892,0.158557,0.953345
-39.677,69.7428,-48.1645,-0.528748,0,3.8,0,0.904442,0.197339,0.378209
-76.8411,72.906,-35.6596,-0.205031,0,3.8,0,-0.689822,0.0556388,0.721838
-75.9615,56.9247,-39.7508,1.10951,0.727804,-4.5,0,-0.148318,-0.849388,-0.506499
-38.7924,63.6883,-52.1354,1.34057,0.0246181,-0.7,0,0.843481,0.476505,-0.247956
-75.7783,81.8012,-38.0245,-1.08736,-0.0496685,-3.5,0,-0.921361,0.0856849,0.379146
-65.8152,75.6907,-41.8466,-0.71679,0,2.8,0,0.551567,0.812119,0.19036
-64.3814,52.1689,-46.1989,0.274785,0,-4.5,0,0.449083,-0.353312,0.820667
-65.6217,75.1286,-59.1474,-1.03262,-0.0608025,-3.16506,0,-0.340596,0.474841,-0.811493
-71.2008,74.0139,-62.9357,0.0371266,0,-3.5,0,-0.93829,-0.0103151,-0.345696
-51.049,80.7667,-43.8501,0.144278,0,-3.66057,1,0.185825,0.521404,-0.832831
-67.1292,73.5319,-65.296,-1.75713,-0.779366,-3.5,0,0.796308,-0.0469305,-0.603068
-51.2055,74.9965,-37.3623,0.272521,0.650509,-3.5,0,0.577935,-0.685748,0.442427
-75.0902,57.5614,-36.8141,-0.117297,0,-4.5,1,0.385125,-0.672115,0.632408
-59.2129,77.1302,-57.1531,-1.04477,0,-1.3,0,0.455203,0.813751,-0.361386
-49.0229,76.5961,-41.699,-0.432575,0,-3.5,0,0.896559,-0.347159,0.27507
-51.2147,62.5979,-43.8062,-0.36129,0,-3.5,0,0.0803749,-0.6462,0.758924
-72.2639,67.7698,-55.0583,-0.684017,0,1.8,0,0.508778,-0.643833,-0.57151
-66.76,68.2355,-40.2357,-1.14425,0,-3.5,1,-0.895804,0.0747501,0.438118
-56.2083,61.7905,-47.341,-0.748651,0,0.468289,0,-0.419677,-0.466,-0.778919
-66.7269,59.3773,-49.6629,-0.627937,-0.139484,-3.5,0,0.755058,0.576362,-0.312561
-64.4197,79.4738,-56.3425,-0.734545,0,-3.5,0,0.0750999,0.925515,-0.37119
-54.1693,71.5635,-57.7643,-0.54577,0,-1.70529,0,0.657547,-0.260446,-0.706965
-75.744,68.1363,-55.532,0.0599888,0.119871,0.476929,0,-0.588342,-0.716918,0.374008
-54.3966,64.9895,-41.8329,-0.72217,0,-0.7,0,0.602252,-0.284401,0.745928
-81.2876,61.0506,-47.9002,-0.837759,0,-3.5,0,-0.0555663,-0.991972,-0.113594
-67.3712,51.0793,-48.2943,0.371826,0.0107743,-4.5,0,-0.0402224,-0.898235,-0.437671
-56.9453,55.1667,-42.4671,0.304928,-0.176396,-0.7,0,0.106353,0.522001,0.846289
-66.2597,50.4566,-46.1828,0.30687,0,-4.5,0,-0.238009,-0.871598,0.428565
-82.7001,60.2021,-39.3266,-0.537875,0,-0.9,1,-0.734126,-0.171649,0.65696
-80.8928,66.2726,-39.5098,0.399773,0,2.24314,1,-0.287118,-0.439456,0.851142
-82.1079,68.4928,-46.8286,0.16859,0,4.2,0,0.547703,0.630073,0.550481
-40.6819,68.2521,-52.3374,-0.238914,0,3.8,0,0.530345,-0.083873,-0.843623
-55.3779,84.5389,-45.6941,1.14441,0,-3.9,1,-0.0680618,0.22828,-0.971214
-68.8769,73.3757,-48.003,-0.838318,0.133843,-1.3,0,-0.338165,0.918647,0.204285
-46.5396,77.3586,-54.4952,-0.145984,0,2.8,0,0.412195,0.754237,-0.511099
-69.0014,69.1933,-42.3714,-0.788154,-0.130105,1.40413,1,-0.248094,-0.27414,0.929137
-42.0828,75.4128,-49.4053,0.331319,0,1.34095,0,0.193237,0.952092,0.237024
-53.5115,85.7872,-41.1475,-0.0810057,0,-3.52734,0,-0.513869,0.811796,-0.277356
-54.3683,81.7264,-45.4082,0.165552,0,-3.77664,0,0.759431,0.231353,-0.608063
-63.9134,46.3022,-48.4504,0.78707,0.849847,-4.5,0,-0.349001,-0.90974,0.22488
-70.0774,73.2988,-47.2262,-1.02649,0,-0.61758,0,0.380359,0.924761,-0.0119778
-63.1486,76.7364,-44.5081,0.857843,0.67865,-4.5,0,0.126896,0.975163,0.181532
-44.1956,62.2486,-56.6778,-0.1237,0,1.8,0,0.162359,0.563753,-0.809828
-79.5413,59.7552,-45.3659,-0.747107,-0.0929984,-3.5,0,-0.16439,-0.550579,-0.818437
-66.5876,58.9159,-36.908,-0.191159,0,-4.5,0,0.439114,-0.663003,0.606305
-85.7683,66.9237,-51.1551,0.203542,0,1.66603,0,-0.547668,0.516875,-0.657952
-70.3169,76.6048,-34.5153,-0.260862,0,3.8,0,0.168086,0.924247,-0.342803
-70.874,76.609,-31.7274,-0.254692,0,3.8,0,0.0115022,0.775692,0.631007
-62.617,76.68,-59.444,-2.63909,-0.68135,-3.5,0,0.0351032,-0.0701806,-0.996916
-74.6457,72.2335,-46.8604,-0.457766,0,-1.21004,1,0.164473,-0.264625,0.950222
-50.9952,85.0731,-36.8436,-0.067485,0,-3.5,0,0.480523,0.597546,0.6419
-46.5345,63.7798,-47.7692,-0.814011,-0.0135267,2.8,0,0.536791,-0.766729,0.352111
-76.8529,70.4294,-45.7832,-0.110609,0,-1.6,1,-0.0556772,0.37411,0.925712
-63.3382,55.7767,-39.6045,-0.772591,-0.0711486,-3.5,0,0.229678,-0.720939,0.653831
-60.1468,67.3013,-55.722,-0.486165,-0.0884201,2.89199,0,0.112617,-0.810368,-0.574997
-58.5098,62.6684,-48.6019,-0.898059,0,2.22951,0,0.462591,-0.509264,-0.725713
-72.3809,57.538,-44.4575,0.278,0,-3.5,0,-0.384223,-0.771108,0.507706
-60.7635,76.5443,-38.3382,-0.155721,0,3.8,0,-0.611188,0.736792,0.289112
-56.0137,77.3268,-33.9861,-0.298654,0,-0.8,0,-0.788209,0.239742,0.566789
-69.4779,60.1854,-37.4176,0.048262,0,-4.5,1,-0.717409,0.221063,0.660648
-43.9914,71.4981,-41.2756,-0.404869,0,3.8,0,0.259459,-0.224927,0.939196
-66.7846,76.2317,-38.3432,-0.422865,0,2.8,0,0.708349,0.65915,0.252512
-49.7164,82.0024,-43.0767,-0.306032,0,-3.9,1,0.518826,0.380769,-0.765398
-64.3692,62.0021,-47.8252,-0.271082,0,2.5,0,-0.0153573,-0.556648,-0.830607
-46.4886,63.7149,-42.8815,-1.29077,-0.348604,-3.5,0,0.604465,-0.299751,0.738086
-70.4666,76.2976,-37.262,-0.868423,-0.349599,-3.5,0,0.25977,0.881676,0.393913
-49.6875,66.109,-55.658,-0.426567,0,-3.5,0,-0.93107,-0.349025,-0.106252
-51.4614,88.6542,-39.6176,0.388016,0.856343,-3.5,0,0.490673,0.717668,-0.494159
-84.1844,61.8247,-48.2436,-0.511293,-0.119964,-3.37848,0,-0.251982,-0.943796,0.213903
-77.6095,73.88,-42.0067,-0.244909,0,-3.5,1,-0.492445,-0.774187,0.397658
-66.5318,78.9271,-56.8075,-0.610189,0,-3.5,0,-0.367069,0.792285,-0.487386
-64.9626,70.2452,-35.2859,-0.897046,0,-1.3,0,0.524097,-0.821281,0.225433
-71.3751,71.8074,-37.0923,-0.907044,-0.208972,3.8,1,-0.0353754,-0.991627,0.124194
-57.8681,85.0915,-44.3986,2.79676,0,-3.9,0,-0.846913,0.354679,-0.396157
-54.2821,57.9212,-44.5752,-0.243535,-0.0263979,-0.142765,0,0.435959,-0.0366302,0.899221
-43.8291,68.6154,-46.1431,-0.916798,0,-0.4,0,0.303542,-0.614315,0.72834
-76.4415,71.9403,-46.009,-0.311224,0,-1.6,1,0.372471,-0.198544,0.906557
-65.8266,74.3234,-38.8501,-0.230755,-0.0247662,-0.970408,0,0.676261,0.733048,0.0728755
-46.9079,78.7056,-47.2854,-0.249171,0,3.8,0,0.838153,0.465813,0.283756
-63.8662,48.2496,-49.9041,-0.307968,0,-4.5,0,-0.368182,-0.0381257,-0.928972
-57.9378,72.2926,-38.2629,-0.262866,0,3.8,0,-0.076801,-0.996255,-0.0397106
-41.845,76.8555,-45.6287,-1.93633,-0.443101,-3.5,0,-0.617281,0.77134,-0.154917
-58.0604,72.4214,-44.5438,0.564964,0.524558,-4.5,0,-0.369493,0.701551,0.609345
-62.8729,78.7476,-57.7861,-2.00243,-0.492527,-3.5,0,0.281846,0.903891,-0.321783
-46.8916,73.658,-42.8988,-0.351102,0,3.8,0,-0.476015,0.267045,0.837912
-50.4922,74.9973,-42.3327,-0.629005,-0.110348,-1.95568,0,0.71069,-0.598341,0.37001
-83.0072,68.6116,-41.4528,0.828389,0.685757,3.8,1,-0.747472,0.602473,0.279843
-52.3951,52.6482,-49.8169,-0.886713,0,-3.5,0,0.701613,-0.607607,0.372228
-45.8927,77.2604,-52.5633,-0.167407,0,2.8,0,0.693747,0.702971,-0.156675
-39.7421,61.74,-45.406,-2.71829,-0.341784,-3.5,0,-0.364794,-0.100221,0.925679
-44.3662,69.8097,-44.0481,-0.725753,0,2.95459,0,0.349164,-0.846802,0.401262
-72.1427,66.5465,-44.1608,-0.472192,0,-0.9,1,-0.279954,0.700379,0.656578
-69.0515,75.9846,-34.7539,-0.245262,0,3.8,0,0.501352,0.860825,-0.0873364
-79.076,70.9201,-50.5574,0.372765,0,-1.6,0,-0.912438,0.353308,-0.206471
-56.7686,49.3319,-46.7848,-0.518791,0,-3.5,0,0.328072,-0.792118,0.514703
-85.8686,68.7174,-49.2826,-0.0609727,0,4.2,0,-0.88658,0.416152,-0.201973
-79.0186,64.1229,-52.0589,3.16246,0.391776,-3.9,0,-0.532043,0.471593,-0.703229
-82.2064,66.3844,-50.8068,-0.448232,0,4.2,0,0.779585,-0.226012,-0.584094
-65.7748,53.5776,-47.8381,0.137406,0,-4.01252,0,0.182169,-0.231262,-0.955684
-61.7351,57.3783,-50.5194,0.425115,-0.0602764,-0.8,0,-0.675255,0.130788,-0.725896
-52.8987,53.0314,-47.178,-1.02385,-0.313467,-0.7,0,0.971809,-0.235101,0.0177343
-59.3547,54.9597,-42.723,-0.336077,0.416452,-0.990755,0,-0.039745,-0.397882,0.916575
-47.1292,77.5795,-46.3514,-0.270445,0,1.968,0,0.52763,0.34382,0.776784
-49.5836,68.0573,-44.8529,-0.125349,0.297432,-2.77237,0,0.680011,0.171633,0.712831
-48.6257,85.4244,-38.0218,-0.281222,0,-3.5,0,0.0808639,0.917579,0.389242
-61.6948,59.2135,-41.486,0.209043,0,-3.5,0,0.48859,0.686434,0.538598
-63.636,66.486,-54.3187,-0.230831,0,1.18879,0,-0.0570426,-0.948875,0.310454
-64.6965,77.6664,-58.9989,-1.45678,0,-3.5,0,-0.40606,0.364875,-0.837843
-44.0784,75.849,-44.4352,-0.419928,0,3.8,0,-0.177456,0.97262,-0.150065
-78.7213,75.2566,-42.279,-0.115772,0,-3.5,1,-0.643741,-0.257562,0.720596
-67.6245,50.7033,-46.7982,-0.094188,0,-4.5,0,-0.330521,-0.943511,0.0232873
-42.3535,71.4376,-43.4734,-0.524677,0,3.8,0,0.791651,-0.557532,0.249895
-75.5153,61.1235,-50.2925,0.201338,0,-2.04419,0,-0.111147,-0.734114,-0.669867
-59.1339,80.8893,-51.4552,-0.609661,0,-3.27238,0,-0.0170205,0.999759,0.0138576
-68.6664,72.0088,-64.3814,-0.277049,-0.00897658,-3.5,0,-0.341889,-0.547604,-0.763703
-61.3719,66.6763,-38.7622,-1.60626,-0.708659,-3.5,0,0.858648,0.286876,0.424766
-68.9499,80.2041,-53.361,-1.5212,-0.327042,-0.8,0,-0.489539,0.708613,-0.508153
-60.6746,56.568,-51.1675,-0.828272,-0.811405,-0.8,0,-0.295965,-0.363862,-0.883181
-55.7276,55.4065,-43.5318,-0.146418,-0.299442,2.13687,0,0.427505,0.391547,0.814819
-37.8536,60.4636,-46.1164,-1.96935,-0.249901,-3.5,0,0.623548,-0.0785453,0.77783
-67.4976,69.768,-41.6114,-1.00089,0,-3.5,1,-0.707286,-0.415493,0.571937
-54.8522,78.2203,-42.2908,-0.243314,-0.696412,3.8,0,-0.517837,0.814511,-0.261568
-77.8676,78.276,-39.74,0.680263,0,-1.6,0,-0.304857,-0.0432424,0.951416
-73.0436,57.9414,-38.2262,0.653028,0,-4.5,0,0.557016,-0.589384,0.585115
-57.3084,58.736,-50.7373,-0.978479,-0.021091,-0.903765,0,0.0668358,0.986995,-0.146201
-40.6297,60.2106,-54.4857,-0.530243,-0.176149,0.636832,0,0.802596,-0.0911426,-0.589518
-78.2053,72.7318,-52.5778,-0.114735,0,-0.9,0,-0.946787,0.240215,-0.214223
-81.8699,65.4095,-48.364,-0.444324,0,4.2,0,0.961575,0.235141,-0.141713
-70.3023,61.6578,-53.2975,-0.65669,0,-0.9,0,-0.10051,-0.533157,-0.840025
-74.3033,73.4831,-43.39,-0.789176,0,2.55834,1,-0.291926,-0.884852,-0.363065
-69.9975,75.5174,-31.3179,-0.318232,0,3.8,0,0.401449,0.166131,0.900688
-62.6107,71.4759,-41.7224,-0.290267,0.186994,-3.75492,0,0.465185,0.473875,0.747694
-63.4918,57.5666,-38.0126,0.950989,0.190743,-3.5,0,0.058939,-0.251411,0.966084
-70.954,77.1904,-54.2329,-1.21244,-0.958472,-3.5,0,0.00935793,0.876141,-0.481964
-79.6546,75.873,-50.0783,-2.35291,-0.651109,-3.5,0,-0.823112,-0.31883,-0.46993
-68.4305,70.7999,-57.1207,-1.29514,-0.0421424,4.2,0,0.294273,-0.953885,-0.0592123
-67.0223,67.1612,-55.2907,-0.71649,-0.183632,1.1479,0,-0.741473,-0.492067,-0.456167
-49.2295,59.7114,-51.6808,-0.838303,-0.71073,-3.5,0,-0.654495,-0.044158,-0.754775
-70.409,53.5238,-48.9248,-0.86702,0.0174481,-3.58437,0,-0.521445,-0.541959,-0.659071
-77.4024,60.6724,-49.2417,0.406018,0,-3.9,0,-0.336717,-0.937029,0.0927305
-71.2868,62.4788,-39.2438,0.0611193,0,-0.9,1,-0.563852,0.237891,0.790872
-48.8519,78.74,-50.5084,-0.154727,0,2.86961,1,0.144495,0.855172,-0.497798
-48.5648,55.5544,-53.7014,-0.756097,-0.105262,-1.6,0,0.2785,0.125448,-0.952208
-85.8092,66.8585,-44.9596,-0.547221,0,-0.8,1,-0.962576,0.134584,0.235232
-73.7311,81.1671,-45.8016,-0.869375,0.162673,-1.59317,0,-0.0513267,0.575601,-0.816119
-84.5911,63.25,-52.4829,-1.03136,-0.945405,-0.7,0,0.52281,-0.614608,-0.590701
-66.0391,71.9463,-30.8223,-2.05838,-0.773175,-1.3,0,0.55167,0.304796,0.776376
-44.2923,64.1582,-47.1991,-0.746274,-0.592107,-1.95547,0,0.132833,-0.671251,0.729231
-77.1553,71.795,-54.9476,0.454114,0.35224,-0.857337,0,-0.98085,0.0194654,-0.193791
-72.2859,70.7738,-44.9119,-0.355665,0,3.8,1,-0.990158,-0.115953,0.0783649
-56.0769,50.7466,-50.5554,-0.516732,0,-3.5,0,-0.0467497,-0.537897,-0.841713
-65.5799,79.9211,-55.0406,-0.550402,-0.850958,-0.8,0,-0.226138,0.666381,-0.710491
-78.0949,75.7819,-55.5018,0.636437,-0.0269429,-0.8,0,-0.938158,0.283238,0.199087
-70.9724,72.342,-63.2136,-0.000400296,0,-1.70237,0,-0.453625,-0.0495433,-0.889814
-53.0973,62.3804,-43.3392,-2.06183,-0.27244,-4.5,0,0.225514,-0.477322,0.849298
-67.6863,57.5412,-42.2878,0.524844,0.091502,-4.5,0,-0.151904,-0.483822,0.861883
-69.0361,81.1636,-47.7605,-2.55309,-0.173052,-3.5,0,0.159308,0.323157,0.93284
-69.6294,76.3331,-63.6819,-0.479516,0,-3.5,0,0.14671,0.987052,-0.0648414
-62.4971,75.2051,-59.1689,-1.35564,-0.733035,-3.12381,0,0.0184912,0.0517659,-0.998488
-54.884,85.274,-38.5945,0.197081,0,-3.5,0,-0.947691,0.27429,-0.163238
-56.6439,58.2541,-42.8484,-0.122473,0,3.8,0,0.305248,-0.366232,0.879032
-54.4894,50.9572,-44.8716,-0.47028,0,-0.7,0,0.54426,-0.837189,0.0538141
-55.1346,69.4212,-56.4378,0.649946,0.499133,-3.5,0,0.393677,-0.64775,-0.652256
-50.8537,83.6985,-42.3446,0.0850241,0,-3.55571,1,0.562335,0.682926,-0.466254
-64.533,55.2475,-40.2001,-1.3605,-0.551969,-3.5,0,-0.389672,-0.679977,0.621118
-51.2864,86.604,-37.5869,-0.10412,0,-3.5,0,0.666033,0.361324,0.652568
-55.9234,83.0303,-42.2834,1.13479,0,-3.9,0,-0.627454,-0.655048,0.420967
-53.0775,79.7445,-49.6715,-0.286515,0,3.3112,1,-0.0675566,0.821173,-0.566667
-68.6592,77.1295,-49.0687,-1.30259,0,-2.47631,0,-0.220429,-0.748071,0.62594
-72.1595,70.6635,-41.3446,-0.455615,0,3.8,1,-0.538924,-0.780681,0.316383
-48.9266,79.4176,-45.5485,0.207673,0,3.8,0,0.500057,0.750309,0.432412
-56.0093,82.2409,-47.1254,-0.0304878,0,-0.9,0,-0.0511481,0.998646,-0.00952505
-45.0896,76.4574,-51.4401,-0.0524782,0.000173732,2.08565,0,0.541593,0.786669,-0.296359
-77.0323,68.4571,-59.3997,-1.19641,-0.36649,-0.8,0,-0.122846,-0.403455,-0.906716
-60.8102,58.315,-50.9029,-1.34047,-0.954752,-0.8,0,-0.418158,0.543313,-0.72798
-39.0839,64.7795,-50.3123,-0.0360033,0,3.8,0,0.97798,0.18367,-0.0990993
-69.6915,76.4564,-56.7747,-1.63477,-0.349517,-3.5,0,0.202073,0.734309,-0.648041
-43.2589,60.9482,-57.6581,-0.19744,0,1.8,0,0.295097,0.378864,-0.877143
-76.1916,62.9992,-51.8824,2.19193,0,-3.9,0,0.443825,-0.277474,-0.852073
-49.1736,53.197,-54.5871,-0.188936,0,-1.6,0,0.652433,-0.312584,-0.690379
-62.0785,58.7469,-38.7692,0.511485,0.438482,-3.5,0,0.639289,0.399121,0.657277
-54.5286,51.2428,-42.7021,-0.322226,0,-0.7,0,0.744916,-0.459621,0.483578
-70.5618,69.8711,-57.5138,-1.03836,0,-1.6,0,0.346,-0.838181,0.421589
-56.6424,80.3069,-45.4916,0.211903,0,-0.9,0,-0.735241,0.291141,0.612093
-59.062,74.4385,-59.0475,-0.495816,-0.10926,-1.3,0,0.152884,-0.172384,-0.973093
-54.3656,61.3495,-43.7681,-0.400535,0,-1.93305,0,0.280263,-0.338821,0.898138
-61.1877,58.1462,-40.1553,0.115331,0,-3.5,0,0.84898,0.18648,0.494428
-67.3623,70.852,-57.9048,-0.874038,-0.688833,0.224316,0,-0.176909,-0.955968,0.234154
-66.4063,63.8844,-51.5958,-0.0165308,0,-1.3,0,0.589704,-0.100659,-0.801322
-66.0104,76.7654,-44.88,-0.380818,0,3.56702,0,0.138582,0.854231,0.501084
-60.5032,69.8659,-59.2996,-0.973619,0,-3.2,0,0.767159,-0.173103,-0.617658
-40.0814,69.5849,-46.8684,-0.669168,0,3.8,0,0.749886,0.0615523,0.658697
-73.7405,79.619,-50.0705,-1.29095,-0.818779,-3.5,0,-0.0189555,0.749228,0.662041
-66.4959,68.7276,-38.6208,-0.829265,0,-3.11181,1,-0.760041,-0.555109,0.337923
-48.6609,58.0434,-52.9174,-0.89994,0,-1.6,0,-0.693558,0.17411,-0.699044
-72.4885,82.3122,-44.0817,1.76417,-0.0779323,-0.8,0,0.963533,0.256135,0.0774536
-52.6125,75.0189,-34.2946,0.134741,-0.145402,-0.8,0,0.84277,-0.395002,0.365667
-43.3004,70.992,-55.6548,-2.42578,-0.0530616,-1.6,0,0.7995,0.00729964,-0.600622
-68.9345,82.2316,-50.2169,-1.76159,0,-3.5,0,-0.125929,0.885398,-0.447451
-46.0395,65.8824,-56.7655,-0.770989,-0.395745,-3.5,0,0.874491,-0.220403,-0.432074
-61.4482,46.9959,-48.8428,0.644527,0.206715,-4.5,0,0.663367,-0.747838,-0.0261152
-48.599,78.7503,-43.8063,-0.0528429,0.651488,-3.5,0,0.994659,0.100135,-0.0250267
-65.345,82.6969,-52.7511,-0.633302,0,-0.8,0,-0.156686,0.987648,-0.000449655
-84.6926,68.3845,-51.7471,-0.143148,0,4.2,0,-0.561976,0.330796,-0.758127
-48.1606,62.1888,-53.2155,-0.496596,0,1.54204,0,-0.660404,-0.43579,-0.611517
-65.0166,66.309,-54.2549,-0.423584,-0.0652303,-0.8,0,-0.0774109,-0.851269,0.518988
-45.3094,67.3818,-46.2707,-1.03277,-0.241088,2.53275,0,0.489091,-0.459361,0.74147
-65.031,51.8925,-48.4675,0.808945,0.289133,-4.5,0,-0.272192,0.20299,-0.940588
-76.9363,67.6471,-49.3971,-0.331958,0,-1.6,0,-0.473096,-0.87051,-0.135623
-49.7362,77.4587,-40.4027,-0.205169,0,-3.5,0,0.912682,0.0355636,0.407119
-79.207,68.648,-47.243,-0.197334,0,-1.16895,0,-0.962631,-0.260314,0.0746835
-53.1693,78.1995,-56.4053,-1.04929,0,2.8,1,-0.639573,0.295259,-0.709767
-66.7524,52.1478,-48.8326,0.58902,0.472593,-4.5,0,0.401438,-0.160934,-0.901636
-61.231,56.4231,-40.788,0.255321,0,-3.5,0,0.656487,-0.410023,0.633172
-54.4646,61.769,-49.6908,-0.272719,0,-1.6,0,-0.403479,-0.874227,-0.27006
-62.1219,74.9352,-41.8421,-0.0814892,0,-4.5,0,0.398863,0.146002,0.905313
-67.868,68.8815,-59.126,-1.43939,-0.00438013,-1.6,0,0.533442,-0.661336,0.527328
-70.2175,75.8581,-36.2141,-0.434941,0,3.8,0,0.175738,0.983774,-0.0361334
-72.6405,79.8458,-44.0272,-0.726048,0,-3.5,0,0.747714,0.524532,0.407173
-50.2026,55.2758,-49.4636,-0.610229,-0.330916,-2.47183,0,0.142515,-0.0382693,0.989053
-41.6772,69.147,-53.1463,-0.152286,0,-1.6,0,0.737098,-0.00579675,-0.675761
-72.4433,81.9723,-38.2495,-0.0502668,0,-3.5,0,0.657092,0.750315,-0.072503
-80.1095,69.189,-49.26,-0.189944,0,2.9397,0,-0.420804,-0.651187,-0.63157
-76.7456,73.4748,-43.1029,-0.249546,0,-3.5,1,0.0970979,-0.939639,0.328101
-76.5717,68.3737,-39.98,-0.367794,0,3.8,1,0.977779,0.184041,-0.100388
-59.7619,55.483,-49.9676,-0.447826,0,-0.8,0,-0.352749,-0.658574,-0.664717
-58.3413,71.0767,-59.024,-0.0207022,0,-3.5,0,-0.564435,-0.0536765,-0.82373
-66.6781,56.3106,-42.3693,0.33228,0,-4.5,0,-0.340855,-0.0129304,0.940027
-49.5311,56.9144,-48.9691,-0.195366,0,-1.6,0,0.0793545,-0.234677,0.968829
-63.6999,59.2849,-38.5582,0.188984,0,-3.5,0,0.433739,0.290138,0.853047
-42.9482,62.1712,-48.0678,-0.814626,0,-3.5,0,-0.647432,-0.513716,0.562964
-39.9949,71.591,-46.7164,-0.321412,0,-3.5,0,0.889583,-0.31051,0.335002
-70.8675,77.2405,-47.331,-3.25362,-0.0649883,-3.5,0,0.927001,-0.329348,0.179442
-71.6343,68.3438,-59.8054,0.262896,0,-1.6,0,-0.0622064,-0.989723,0.128759
-61.0495,74.2333,-37.4837,-0.265871,0,3.8,0,-0.886418,-0.27782,0.370243
-57.2289,64.3232,-52.7743,-0.124202,0,-1.6,0,-0.683133,-0.568916,-0.457892
-81.5713,68.2142,-50.6595,-0.251398,0,4.2,0,0.941505,0.0296871,-0.335687
-75.532,67.904,-54.073,0.0273344,0,1.8,0,-0.792998,-0.598967,-0.111324
-64.819,75.7689,-42.5513,-0.0486815,0,-4.5,0,-0.0993262,0.876985,0.470141
-61.7264,62.8456,-50.0737,0.108573,0,2.5,0,-0.269963,-0.471665,-0.839436
-59.4528,56.2891,-42.967,-0.190806,0,-3.5,0,0.487288,0.0802237,0.869549
-55.8992,58.15,-47.9702,-0.869748,0,-0.573572,0,0.0524238,0.717174,-0.69492
-67.2008,77.6001,-56.962,-0.634587,0,-3.5,0,-0.512722,0.242396,-0.823626
-65.8065,77.8004,-58.1595,-0.977092,0,-3.5,0,-0.587784,0.239269,-0.772826
-61.0907,53.5529,-44.6729,-0.0605334,0,-4.5,0,-0.303017,-0.695247,0.651777
-53.2096,79.5406,-53.1771,-0.0951408,0,2.8,1,-0.180422,0.979171,0.0931285
-73.905,67.6282,-55.7576,-0.735734,0,1.8,0,0.0884406,-0.978616,-0.185711
-50.2619,78.1957,-57.2753,-0.0741891,0,2.8,0,0.705037,0.121323,-0.698716
-66.6302,79.9519,-48.2027,-1.00507,0,3.8,0,0.294464,0.69117,0.659981
-69.3381,73.6264,-46.2281,-0.99931,0,3.8,0,0.11159,0.816899,-0.565883
-82.8429,61.7421,-46.7861,-0.780999,-0.0076199,-3.5,0,-0.524405,-0.829497,0.192182
-73.9563,76.8232,-37.6809,0.157228,0,-3.5,0,-0.655796,0.206485,0.726151
-59.2203,66.7201,-40.2246,-1.05806,-0.741251,2.8,0,0.47599,0.194243,0.857731
-54.7407,50.6763,-48.8041,-0.357331,0,-3.5,0,0.407306,-0.907389,-0.103662
-62.4659,51.2917,-46.4134,0.62098,0,-4.5,0,-0.253845,-0.332726,0.908216
-49.499,79.9391,-49.5608,-0.152738,0,3.8,1,0.335,0.607582,-0.720152
-44.0451,65.8918,-54.7109,-0.276309,0,-0.095155,0,0.586388,0.14347,-0.797223
-78.9733,67.9949,-44.084,-0.185676,-0.483184,-0.7,1,-0.0987297,0.975519,-0.196506
-61.7092,53.4605,-49.1961,0.140901,0,-4.5,0,-0.0338413,0.211829,-0.976721
-87.5376,63.3924,-52.0897,0.20208,0,-0.7,0,-0.621911,-0.503237,-0.599982
-82.305,58.0518,-39.9378,-0.226475,0,-0.9,1,-0.747573,-0.472401,0.466874
-77.2086,69.4114,-53.1818,-0.0334335,-0.00673152,-1.53209,0,-0.455452,-0.725986,-0.515275
-65.0085,76.264,-44.1394,-0.199568,0,-3.84971,0,-0.120742,0.928716,0.350582
-82.8327,68.6052,-43.8799,0.49477,0,2.47774,1,-0.0250349,0.998448,-0.0497484
-68.4205,75.4518,-62.4418,0.0171577,0,-3.5,0,0.324058,0.930306,0.171806
-73.541,57.79,-41.2212,1.00409,0,-4.5,0,-0.242785,-0.919411,-0.309417
-54.6702,66.3648,-53.9431,-0.31256,0,-0.130185,0,0.19075,-0.26952,-0.943914
-70.0134,74.9593,-57.6963,-0.693511,0,4.2,0,0.444825,0.488187,-0.750868
-47.1177,63.4519,-56.2469,-0.296564,0,2.8,0,-0.419873,-0.515684,-0.746845
-52.5563,71.0955,-43.0889,-0.144533,0,-0.9,0,0.284712,-0.338683,0.89679
-64.3268,81.0004,-50.9193,-0.359495,0,-0.8,0,0.181468,0.500217,0.846671
-52.4629,61.0313,-50.0614,-0.569211,0.588417,-3.5,0,-0.554901,-0.614136,-0.561178
-61.0588,51.6019,-49.7002,0.110179,0,-4.5,0,0.0435668,0.322147,-0.945687
-53.5851,60.9519,-48.7178,-0.165825,0,-4.5,0,-0.540614,-0.468494,-0.698749
-78.6959,60.6409,-45.835,-0.397979,0,-3.5,0,0.00582203,-0.739244,-0.673412
-43.4837,69.6349,-45.3522,-0.619879,0,-0.4,0,0.39952,-0.708378,0.58188
-68.4501,73.6322,-58.8553,1.17038,0,-0.4,0,-0.361142,0.915603,-0.176772
-61.5549,79.8523,-54.5761,-1.48932,-0.664028,-3.5,0,0.102282,0.62167,-0.776573
-56.1659,50.3382,-45.815,-0.348352,0,-1.45128,0,0.219889,-0.963429,0.153147
-50.683,80.8171,-47.5236,-0.125033,0,3.8,1,-0.181257,0.895949,0.405489
-63.0338,58.9493,-48.6166,-0.118683,0,2.5,0,-0.235449,0.426274,-0.873415
-71.6739,75.8721,-46.7384,-1.44762,0,-3.5,0,0.983478,-0.135772,-0.119737
-76.9308,61.6504,-51.4696,1.48596,0.0251985,-3.9,0,0.336185,-0.672767,-0.659063
-63.5755,78.7135,-48.3346,0.529569,0.551808,3.8,0,0.190651,0.888574,0.41724
-69.1084,69.6052,-58.5901,-0.245715,0,-1.6,0,0.240922,-0.73413,0.63483
-59.7192,53.5401,-44.5282,-0.346976,0,-4.5,0,-0.151582,-0.713825,0.683722
-68.0132,53.6371,-42.416,0.783784,0,-4.5,0,-0.145311,-0.148233,0.978219
-52.6485,74.8668,-36.6003,-0.424477,0.735416,-2.3772,0,0.710003,-0.658144,0.250485
-45.4645,58.1024,-55.21,-0.353595,0,-0.144223,0,-0.442156,-0.769525,-0.460792
-45.3037,66.2232,-55.5272,-0.55988,0,-3.5,0,0.692084,-0.00505671,-0.721799
-56.4897,73.1286,-36.835,-0.400978,0,3.8,0,0.364956,-0.789788,0.492992
-74.8128,67.326,-54.5317,-0.0844711,0,1.8,0,-0.34216,-0.858408,-0.382182
-45.9396,53.3751,-50.8696,0.0837171,0,-1.6,0,0.736198,-0.532389,-0.41782
-53.8594,80.2923,-41.3912,0.748186,0.175478,-1.92952,0,-0.800435,0.0310527,-0.598614
-76.9339,73.2098,-58.2972,-0.362876,0,-0.8,0,-0.901516,0.162287,-0.401163
-73.1937,70.7099,-46.506,-0.327301,0,3.8,1,-0.423638,0.177433,0.888284
-68.5735,70.4469,-38.9608,-0.576182,0,-1.3,1,-0.557951,-0.823894,0.0994416
-49.0125,63.7581,-55.1989,-0.187975,0,2.8,0,-0.705469,-0.4701,-0.530395
-66.0387,54.8453,-49.5019,0.0342771,0,-3.5,0,0.265364,-0.603049,-0.752272
-65.9556,70.258,-61.0246,-0.780491,-0.0488799,-3.5,0,0.445197,-0.877113,-0.180202
-69.5385,70.09,-56.6525,-0.995316,-0.0644226,3.7244,0,0.197468,-0.96679,-0.162242
-57.216,56.4099,-43.2745,0.229562,0.000223391,3.60442,0,0.167788,0.122411,0.978194
-77.2631,64.5885,-49.2652,0.581192,0,-3.9,0,-0.476335,0.87655,0.069024
-55.4427,70.6681,-42.2659,0.363495,0.00229135,-3.30106,0,0.244422,-0.382424,0.891072
-45.338,75.0599,-43.7949,-0.201619,0,3.8,0,-0.34794,0.891026,0.291564
-67.1745,74.2532,-59.8186,-0.297776,0,-0.4,0,-0.257335,0.960791,-0.103249
-55.7563,73.1052,-38.9016,-0.236043,0,-1.6,0,0.311197,-0.904054,0.292989
-75.0929,57.4897,-40.2056,1.10965,0,-4.5,0,0.0136107,-0.814065,-0.580614
-72.2809,64.7037,-41.4836,-0.193081,0,-0.9,1,-0.3856,0.664917,0.639686
-75.6511,60.1051,-47.5913,0.0680626,0,-3.9,0,-0.391162,-0.900083,-0.191945
-47.4696,64.8939,-57.0921,-0.654223,0,-3.03664,0,-0.314675,-0.76994,-0.555132
-84.0079,64.3354,-41.9342,0.245489,0,-0.87382,1,-0.834235,-0.0774593,0.545941
-51.6688,63.9062,-43.3216,-0.562063,-0.0260817,-3.98093,0,-0.15484,0.0410343,0.987087
-65.5663,67.3173,-38.1599,-1.21091,0,-3.5,1,-0.690874,-0.0488953,0.72132
-62.079,55.0909,-41.4948,-0.097332,0,-3.5,0,0.191783,-0.907291,0.374223
-55.9893,82.5277,-43.2976,1.7025,0,-3.9,0,-0.45104,-0.825158,0.340114
-51.9541,52.3448,-55.2763,-0.229225,0,-1.6,0,-0.367477,-0.5311,-0.763475
-84.8388,69.325,-50.2903,-0.145711,0,4.2,0,-0.646272,0.629454,-0.431417
-75.1919,70.7418,-38.1345,-0.356486,0,3.8,1,0.440105,-0.890868,-0.112523
-49.2342,63.0219,-53.2245,-0.468572,0,2.8,0,-0.495075,-0.522925,-0.693866
-54.1034,85.4628,-43.9156,0.908667,0,-3.9,1,0.378131,0.895294,-0.23551
-67.6087,77.1105,-45.8226,-0.823272,0,3.8,0,-0.538455,0.808509,-0.237444
-61.197,73.819,-38.999,-0.220599,0,3.8,0,-0.76282,-0.635229,-0.120785
-40.9216,60.0404,-48.04,-0.71229,0,-3.5,0,-0.342924,-0.90879,0.237704
-52.5451,67.2999,-44.2746,-0.119277,0.155337,-0.9,0,0.106371,-0.119723,0.987093
-79.2029,70.3933,-47.2176,-0.160538,0,-1.6,1,-0.74643,0.10385,0.657311
-79.1212,60.5436,-36.5131,0.183149,0,-0.9,1,-0.201867,0.228125,0.952475
-62.4318,67.076,-57.2197,-0.43968,-0.39803,-0.8,0,0.777671,-0.431329,-0.457366
-56.1841,81.619,-39.5842,-0.0256635,0,-0.8,0,-0.824601,0.529372,-0.199498
-52.5617,78.7161,-51.3263,-0.215558,0,3.29609,1,0.156397,0.97921,-0.129182
-80.6635,68.8193,-47.8203,-0.183221,0,4.2,0,0.464634,-0.478413,0.745142
-58.5078,76.8978,-56.1971,-1.1054,0,-1.3,1,0.517649,0.803315,-0.29449
-68.0635,77.5665,-48.0155,-1.19898,0,3.8,0,-0.70169,-0.189596,0.686792
-62.5674,61.5739,-40.6792,-0.101411,0,2.8,0,0.663265,-0.318805,0.677084
-44.914,58.4266,-56.6022,-0.256886,0,1.8,0,-0.325579,-0.739122,-0.589659
-75.5229,66.4005,-39.4604,-0.309913,0,4.2,1,0.683108,0.721573,0.112681
-72.579,69.3941,-46.0883,-0.296825,0,2.17044,1,-0.717558,0.192889,0.669257
-66.801,69.8932,-34.3798,-0.653884,0,-1.3,1,-0.00796383,-0.992391,0.12287
-70.9149,79.7288,-52.6424,-0.662887,0,-3.5,0,-0.174628,0.582377,-0.793941
-42.0487,61.6911,-55.5284,0.0652108,0,-0.7,0,0.498176,0.378195,-0.780249
-45.6321,52.6272,-49.4661,-0.224446,0,-1.6,0,0.643612,-0.761556,0.0761252
-77.9624,58.7459,-45.0814,0.0503971,0,-3.5,0,-0.0462111,-0.533569,-0.844493
-64.7848,77.4977,-46.0884,-0.177999,0,3.8,0,0.211299,0.76775,0.604907
-72.1274,65.9768,-54.016,-0.300083,0,1.8,0,-0.186625,-0.0587841,-0.980671
-57.7226,73.758,-35.9992,-0.299026,0,3.8,0,-0.0116757,-0.250632,0.968012
-74.6334,58.5247,-42.9749,-0.118128,0,-3.79855,0,-0.00681794,-0.997891,0.0645525
-63.6403,69.0899,-59.6162,-1.83554,0,-3.2,0,-0.691181,-0.667166,-0.277776
-67.14,69.9102,-58.7855,-0.754193,0,-1.6,0,0.0523921,-0.895599,0.441765
-44.0102,75.873,-42.8419,-0.436364,0,3.8,0,-0.255392,0.927361,0.273453
-50.7795,58.4131,-51.1588,-0.643634,-0.0836325,-4.07386,0,-0.381396,0.397632,-0.834521
-48.54,76.248,-55.9345,-0.118733,0,2.8,0,0.243032,0.556169,-0.79474
-50.4313,67.1547,-43.9977,-0.225735,0,-3.09033,0,0.109587,0.284749,0.952317
-62.4562,70.4656,-40.1758,-1.70598,-0.108657,-3.5,0,0.574985,0.639204,0.510696
-69.794,76.1614,-49.9756,-1.45943,-0.0712727,-1.95168,0,0.34843,-0.413742,0.841079
-45.4157,68.759,-56.2683,-0.631911,0,-3.5,0,0.643245,0.149905,-0.750843
-73.6685,76.3605,-56.374,-0.523969,0,1.71952,0,-0.00678462,0.997386,-0.0719323
-78.7916,80.3242,-40.2855,0.0990811,0,-1.6,0,-0.162079,0.427611,0.889314
-56.4387,49.9356,-49.2322,-0.655807,0,-3.5,0,0.460187,-0.770371,-0.441313
-53.8218,59.19,-48.3807,-0.0112698,0,-4.5,0,-0.630686,0.232405,-0.740421
-45.7446,62.641,-56.3972,-0.247118,0,2.67973,0,-0.140229,-0.0584235,-0.988394
-81.6008,64.2227,-39.4263,0.284334,0,-0.9,1,-0.224294,0.403089,0.887249
-66.6126,58.2536,-38.3879,0.281525,0,-4.5,0,0.127043,-0.943539,0.305931
-77.116,60.5182,-46.232,0.0758636,0,-3.85305,0,-0.293987,-0.809881,-0.507606
-66.6217,55.8899,-50.6841,0.127503,0,-3.5,0,0.33284,-0.510001,-0.793169
-70.8758,63.944,-54.701,0.0013109,0,-0.9,0,-0.111747,-0.212116,-0.970834
-63.7282,68.9506,-37.2274,-0.707024,0,-3.5,0,0.549891,0.19032,0.813264
-53.4185,72.0736,-41.2456,-0.0394898,0,-1.6,0,0.463532,-0.670509,0.579272
-54.5251,79.5943,-52.0745,-0.498731,0,-0.9,1,0.419171,0.886928,-0.194048
-46.7907,65.8897,-43.859,-1.43865,0,-3.5,0,0.684843,0.694697,0.219969
-65.8506,48.4751,-48.536,0.881604,0.126671,-4.5,0,-0.815237,-0.346846,-0.463774
-74.9784,62.001,-37.7248,0.354387,0,4.2,1,0.346577,0.590495,0.728835
-83.5678,61.8902,-49.5299,-1.01935,-0.56992,-2.61542,0,0.047953,-0.833685,-0.550154
-76.8379,68.0581,-42.6338,-0.41011,0,-0.529074,1,0.663152,0.700585,0.263457
-45.5201,59.9557,-48.7115,-0.17087,0,-1.6,0,0.460255,-0.0833775,0.883863
-73.503,72.0083,-40.5741,-0.300481,0,3.8,1,-0.426394,-0.827329,-0.365671
-55.0583,52.8633,-51.504,-0.802266,-0.122621,-3.5,0,-0.473402,-0.521803,-0.709656
-59.2954,52.3286,-49.3976,-0.836273,0,-4.04077,0,-0.27793,0.30669,-0.910328
-46.2134,61.8353,-48.7765,-0.464968,0,-1.6,0,0.413023,-0.0646313,0.908424
-66.909,69.9567,-32.9891,-1.33002,-0.0788502,-1.3,0,-0.00501066,-0.998587,0.0529011
-51.4573,59.8643,-45.9471,0.585036,0,-4.5,0,0.827881,-0.301997,0.472663
-54.4128,72.2546,-40.3679,0.165005,0,-1.6,0,0.0579011,-0.832797,0.550543
-54.4205,78.351,-33.6348,-0.354554,0,-0.8,0,0.0954217,0.731834,0.674769
-81.3313,59.4967,-38.0734,-0.575432,0,-0.9,1,-0.693906,-0.0703388,0.716622
-43.7706,61.585,-49.2923,-0.560221,0,-2.77395,0,-0.119317,-0.248928,0.961144
-46.8631,67.9879,-59.4318,-2.68096,-0.428841,-3.5,0,0.424546,0.558516,-0.712615
-60.7168,64.0543,-40.5661,-0.568277,-0.000742409,2.8,0,0.401584,-0.507628,0.762263
-83.7406,61.427,-42.8561,0.319466,0,-0.9,0,-0.892085,-0.276483,-0.357409
-69.84,77.5056,-43.7669,-0.707204,0,0.337137,0,0.216209,0.972424,-0.0874335
-48.8765,68.1364,-59.292,-2.09407,-0.313337,-3.5,0,-0.255528,0.424657,-0.868546
-48.6174,54.1754,-48.6709,-0.165336,0,-1.6,0,-0.501529,0.0879841,0.860655
-58.7006,59.3981,-49.3324,-0.790638,0,-0.8,0,0.39572,0.787525,-0.472451
-70.407,77.1565,-45.8475,-1.15463,0,-0.565934,0,0.86476,0.0507974,-0.49961
-73.6288,59.3397,-37.0101,0.526205,0,-4.5,1,0.699713,-0.240738,0.672641
-42.0796,75.0676,-53.416,-0.19004,0,1.8,0,0.0685911,0.281734,-0.957038
-68.5434,74.6793,-49.9739,-1.07895,0,1.57533,0,-0.218253,0.447009,0.867496
-61.3524,75.9884,-44.2349,0.855688,0,-4.5,0,0.454305,0.68578,0.568607
-79.2925,65.1419,-46.9707,-0.0512215,-0.29623,-0.7,0,-0.0600375,0.478672,-0.875939
-55.1441,64.3347,-53.9768,-0.3309,0,-1.6,0,0.173688,-0.193792,-0.965545
-50.7992,78.6166,-51.2819,-0.238653,0,3.8,1,0.197231,0.813262,-0.547453
-60.7302,74.6292,-40.5084,-0.0960947,0,3.8,0,-0.450978,-0.113676,-0.885266
-62.0681,73.5685,-38.2749,-0.248594,0,-1.3,0,0.916503,0.386035,-0.104879
-63.9932,55.8779,-49.0911,0.0201884,0,-3.5,0,0.216701,-0.38344,-0.897783
-55.425,80.895,-40.5365,0.313059,0,-0.8,0,-0.529913,0.24277,-0.812561
-72.765,68.1553,-45.242,-0.293009,0,-1.3,1,-0.398322,0.417655,0.816641
-61.6585,74.0235,-42.2174,-0.0654742,0,-4.5,0,0.672844,0.185759,0.716083
-53.5158,80.5175,-47.9233,-0.322227,0,2.60956,1,0.522565,0.849056,-0.0776537
-75.6274,72.0956,-40.137,-0.272687,0,3.8,1,0.173636,-0.590035,-0.788485
-62.3363,81.1568,-53.2625,-0.593687,-0.539165,-1.82478,0,0.304642,0.918607,-0.251703
-78.3313,64.8785,-50.9945,2.51005,0,-3.9,0,-0.348822,0.930373,-0.112822
-54.2972,66.7493,-42.5536,-0.239666,0,-0.7,0,0.719153,0.367998,0.589404
-54.595,84.717,-39.965,0.216818,0,-3.5,0,-0.873922,0.46825,0.13039
-68.544,69.8231,-62.1608,-0.210186,0,-2.5583,0,-0.0215323,-0.664734,-0.74677
-78.1856,57.4148,-38.9319,0.239527,0,-1.1855,0,0.0443988,-0.98738,-0.152019
-77.9128,59.0733,-36.3578,0.26579,0.561395,-4.5,1,-0.404604,-0.149308,0.902221
-64.1045,73.191,-40.5365,-0.105726,0,-0.713317,0,0.777217,0.561804,0.28339
-59.6188,68.8814,-40.538,-0.348336,0,-3.5,0,0.56618,0.314809,0.761798
-63.9162,53.5161,-48.6785,0.170804,0,-3.72743,0,-0.258655,0.0596524,-0.964126
-53.7926,77.3607,-33.3768,-0.971055,0,-0.8,0,0.336555,0.385646,0.859074
-51.0596,63.264,-52.5529,-0.896565,-0.054147,-3.5,0,-0.215695,-0.492318,-0.843267
-74.123,68.3545,-57.7195,-1.02434,-0.230665,0.198676,0,0.221214,-0.906969,-0.358429
-65.3051,55.8226,-49.809,0.0679596,0,-3.5,0,0.437957,-0.528904,-0.726948
-78.8834,61.9614,-37.6452,0.0195671,0,-0.9,1,0.151551,0.650353,0.744361
-66.35,75.1835,-38.433,-0.575989,-0.0573254,2.8,0,0.900514,0.423707,0.097708
-54.2813,63.9084,-42.5384,-1.05301,-0.922342,-4.47375,0,0.215591,-0.448773,0.86725
-78.7704,67.7506,-47.1329,-0.600395,-0.408175,-0.7,0,-0.482134,-0.46469,-0.742704
-43.1345,65.762,-47.4445,-0.848508,0,3.8,0,-0.0153984,-0.079381,0.996725
-50.4856,86.4023,-39.9347,-2.00375,-0.671247,-3.5,0,0.627376,0.659325,-0.414355
-73.7127,59.5571,-49.6876,-0.0139221,0,-0.9,0,-0.674689,-0.737674,0.0251233
-63.8252,73.65,-38.2637,-0.0730936,0,-1.3,0,0.366535,0.921555,-0.128021
-53.3437,54.2167,-46.042,-0.676178,-0.0084923,-0.7,0,0.95062,0.104855,0.292107
