x,y,z,charge,hbond,hphob,iface,nx,ny,nz
-37.309,-28.115,-24.409,-0.0185564,0,1.8,0,0.941538,-0.275801,0.193495
-33.254,-12.98,-24.815,-0.138877,0,4.2,1,0.352939,-0.017201,0.935488
-22.669,-3.181,-24.853,-0.00877798,0,4.5,1,-0.117133,0.264946,0.957123
-38.551,-12.14,-19.702,0.0202748,0,-0.7,1,0.905217,0.227742,0.358771
-37.255,-5.089,-38.427,0.145958,0,2.8,0,-0.45873,0.729098,-0.507921
-65.225,-27.749,-28.948,-9.94213,0,-4.5,0,-0.715076,-0.391234,-0.579312
-52.0535,-28.2185,-26.791,0.351578,0,-4.5,0,-0.59063,-0.0139123,0.806822
-31.3575,-1.7715,-40.8305,0.21375,0,-0.9,0,-0.0370246,0.0143301,-0.999212
-38.875,-8.253,-22.717,0.256803,0.659621,-3.2,1,0.288168,0.843896,0.452547
-25.3905,-13.9575,-30.6025,-1.19042,0,-3.2,0,0.519421,-0.310214,-0.796222
-32.9025,-24.3735,-24.8215,0.431616,-0.360533,-3.47414,1,0.354215,0.934446,0.0366536
-56.8135,-23.195,-19.532,0.200991,0,-4.5,0,-0.30926,-0.533736,0.787073
-28.516,0.835,-34.979,-0.00102368,-0.995739,-3.5,0,0.152394,0.847019,-0.50925
-52.553,-23.787,-17.241,0.0386219,0,-3.5,0,0.5675,-0.510716,0.645843
-25.5715,-16.3345,-29.7125,-0.0127182,0,-3.2,0,0.814504,-0.392811,-0.426946
-59.3405,-18.8405,-24.89,-1.00374,-0.0319595,4.2,0,-0.586825,0.643185,0.491883
-41.253,-12.233,-44.259,-1.65557,-0.645144,-3.5,0,-0.970591,0.237468,-0.0395151
-59.396,-20.0045,-19.689,0.806669,0,-4.5,0,0.276886,0.648242,0.709307
-26.142,0.06,-30.131,-0.0726561,0,4.10529,0,0.222318,0.940519,-0.256902
-48.0865,-24.9785,-18.445,0.389193,0,-4.5,0,-0.308701,0.346512,0.885795
-32.6985,-26.072,-30.9805,-1.39027,-0.0352787,-3.5,0,0.516099,-0.82097,-0.244233
-64.937,-24.73,-27.246,-1.11771,-0.330971,-4.5,0,-0.874067,0.436656,-0.212929
-58.228,-11.421,-26.132,0.301439,-0,-3.5,0,-0.555443,-0.0854807,0.827149
-45.282,-4.5555,-24.9895,0.512132,0.0951602,-4.5,0,0.812356,0.560203,-0.162022
-38.781,-27.217,-22.0695,-0.223323,-0.0684085,-3.5,0,-0.0309246,-0.8834,0.467598
-55.3075,-23.9125,-17.731,0.318454,0.461437,-3.5,0,-0.82475,-0.548978,0.135682
-30.524,-24.7645,-31.212,-0.159701,0,-3.5,0,0.423206,-0.689528,-0.587748
-37.005,-8.897,-24.34,-0.113547,0,-3.2,1,0.293673,0.681201,-0.670613
-33.975,-0.622,-40.47,0.915553,0,-0.9,0,-0.146083,-0.00158127,-0.989271
-40.4985,-15.909,-16.5155,-1.27166,-0.806427,-3.5,0,0.87376,-0.408823,0.263454
-34.5025,-25.7275,-29.6835,-1.2265,0,-3.5,0,-0.538448,-0.683549,0.492782
-29.7465,-27.7655,-22.985,0.307276,0,-4.5,0,-0.0294698,-0.701279,0.712277
-45.397,-21.551,-36.867,-0.138844,0,-0.7,0,0.171864,-0.690399,-0.702718
-62.099,-10.303,-30.115,0.402777,0.641656,-4.5,0,-0.606176,0.318266,-0.728874
-31.7192,-13.431,-26.5695,0.0116443,0,4.2,1,0.846351,-0.357724,0.394618
-41.888,-7.627,-19.5535,-0.533833,-0.911427,-0.7,0,-0.61117,0.686079,0.394674
-38.674,-16.994,-19.988,-0.0209937,-0.430244,-0.7,0,-0.00483924,-0.540927,0.841056
-51.754,-8.0395,-29.745,0.13445,0.621903,-3.5,0,-0.316352,0.93528,0.15866
-50.618,-22.255,-20.461,0.438059,0,-3.57557,0,0.928824,0.023475,0.369778
-37.303,-22.196,-47.015,0.100304,0,-1.6,0,-0.513136,-0.674856,-0.53034
-35.894,-22.96,-28.927,0.125306,0,-3.5,0,-0.224053,-0.968675,-0.107093
-43.79,-16.777,-17.6025,-1.56418,-0.0109113,-3.5,0,-0.331634,-0.937934,0.101488
-41.691,-25.324,-19.26,-1.53176,-0.330558,-3.5,0,0.512617,-0.232584,0.826516
-39.388,0.1405,-38.272,0.0942425,0,-3.5,0,-0.994314,0.0664998,-0.0831658
-40.117,-7.076,-23.4695,-1.16736,-0.268163,-3.47651,1,0.516241,0.229052,0.825245
-42.446,-9.3195,-38.3025,-0.653766,-0.907451,-0.711406,0,-0.766133,-0.387917,-0.512407
-50.235,-20.583,-20.5185,-0.0545615,0.420991,-3.99284,0,0.754941,-0.411871,0.51032
-22.635,-13.6035,-37.439,-1.04721,-0.199639,-3.5,0,0.230074,-0.951837,-0.202661
-20.0155,-6.386,-31.9815,-0.541834,-0.549663,3.52782,0,0.914563,-0.172867,0.365639
-20.804,-8.317,-38.904,-0.202992,0,-3.5,0,0.297314,0.858995,-0.416811
-24.988,2.0375,-42.306,2.81669,0.0615944,-4.5,0,0.835014,0.033866,-0.549186
-45.368,-19.2215,-22.505,-0.226201,0,2.8,0,0.232111,-0.0662117,0.970433
-19.593,-3.7,-35.495,-0.296886,-0.603283,1.30761,0,0.878224,0.0957105,-0.468575
-32.379,-27.553,-27.084,0.153926,0,-4.5,0,-0.415276,-0.542975,-0.729879
-41.476,-9.6505,-45.291,0.331014,0.461909,-4.5,0,-0.981675,0.0952115,0.165073
-27.58,-12.0585,-39.4075,0.0661593,0.414653,-0.919616,0,0.566902,-0.398609,-0.720925
-38.4575,-6.389,-24.3875,-1.87477,-0.217239,-3.5,1,0.872705,-0.0697865,0.483235
-26.334,-10.4172,-28.221,0.125347,0,3.8,1,-0.151009,-0.405255,0.901646
-41.4825,-26.6963,-28.583,-1.03027,-0.472353,1.8,0,-0.344043,-0.0274322,-0.938553
-33.5304,-2.99025,-26.7025,0.143731,0,4.5,1,-0.662563,0.486764,0.569272
-45.4045,-17.6015,-37.6225,-0.255567,0,-0.7,0,-0.709118,-0.0307176,-0.70442
-20.2389,-8.40225,-33.6823,0.306208,0,1.8,0,0.754149,-0.54594,0.364977
-31.0658,-23.8485,-25.6515,1.06192,0.959692,-4.5,1,-0.708295,0.66496,0.236952
-29.937,-0.212,-29.7195,0.715575,0,-1.31802,0,-0.417179,0.879836,0.227708
-60.1297,-11.6388,-30.4918,0.154137,0,-4.5,0,-0.470181,-0.157992,-0.868313
-52.2072,-27.2397,-22.2563,0.220116,0,-4.5,0,-0.605368,-0.795717,0.0190922
-22.9185,-12.515,-30.7232,-0.110456,0,-0.8,0,0.382941,-0.84552,0.372093
-66.8193,-22.9328,-24.2962,-1.27975,0,-3.5,0,-0.873926,-0.310885,-0.373636
-37.213,-22.3865,-45.9975,0.227998,0,-1.6,0,-0.635567,-0.77177,0.0206633
-54.2578,-13.9773,-23.8135,0.0759189,0,-0.4,0,-0.603334,0.789299,0.113995
-43.8475,-12.287,-40.74,-0.144183,0,-0.7,0,-0.466885,0.6126,-0.637762
-29.905,-11.78,-26.8008,-0.0202492,0,4.5,1,0.450741,-0.754289,0.477368
-43.516,-28.382,-24.827,0.426794,0,-4.5,0,0.478229,-0.877234,0.0419241
-30.179,-1.7995,-27.305,0.334813,0,4.5,1,0.221663,0.769223,0.599301
-57.1908,-17.1187,-25.527,0.887036,0.0161873,4.2,0,-0.718456,0.489094,0.494578
-57.4352,-21.4223,-33.1315,0.134313,0,3.3717,0,-0.518459,-0.0817515,-0.851185
-26.4871,-3.27675,-42.5457,0.158945,0,-0.7,0,0.675113,0.256532,-0.691674
-23.2115,-12.9035,-38.3465,-0.869342,-0.799064,-3.5,0,-0.2362,-0.664522,-0.708957
-31.8472,-0.692,-29.6275,0.18379,0,4.5,0,0.125311,0.944431,-0.303886
-29.589,-25.6553,-21.1857,-0.601604,0,-1.6,0,0.163956,-0.837098,0.521906
-49.5853,-19.2345,-35.5255,0.759593,0.710316,-0.7,0,-0.550411,-0.16833,-0.817749
-56.2185,-25.1015,-34.5795,-1.31419,-0.181023,-3.5,0,-0.0875655,0.597202,-0.797297
-59.7285,-20.744,-22.3563,0.508436,0,-4.5,0,-0.716465,0.36057,-0.597216
-29.4837,-23.2824,-19.6448,0.198389,0,-1.6,0,0.221629,0.162025,0.961576
-35.61,-21.836,-40.314,-0.727432,-0.0129914,-3.5,0,-0.209016,-0.968273,-0.13697
-35.353,-18.335,-25.794,0.83094,0,1.8,1,0.629405,-0.233042,0.74131
-54.9425,-27.8685,-26.729,0.0368822,0,-0.4,0,0.195199,-0.347726,0.917052
-46.6642,-14.349,-37.7492,-0.318269,-0.638469,-0.721947,0,-0.649576,-0.00469313,-0.760282
-46.5942,-13.344,-37.8563,-0.384107,0.179964,-0.8,0,-0.60105,-0.240398,-0.762199
-51.5255,-13.8165,-21.082,-0.654483,-0.0570707,-0.435018,0,-0.276891,0.321537,0.905508
-53.343,-11.911,-36.3155,0.135628,0,-1.6,0,-0.75738,-0.100447,-0.645202
-56.129,-11.765,-33.7165,-0.360353,0,3.8,0,-0.674036,-0.100358,-0.73185
-45.364,-14.22,-14.005,-0.920773,-0,-3.5,0,-0.944524,-0.267538,-0.190522
-50.0775,-10.6287,-18.7138,0.410157,0,-1.6,0,-0.65015,-0.397251,-0.647686
-50.324,-30.5863,-30.0723,0.366027,0,-4.5,0,-0.176433,-0.402462,-0.898274
-39.9285,-2.704,-28.5395,-0.475484,0,-3.5,0,-0.497921,0.775168,0.38883
-61.567,-30.056,-27.7,0.147374,0,-4.5,0,-0.186341,-0.737655,0.648954
-32.277,-12.6045,-25.077,-0.11787,0,4.2,1,0.427937,0.00326196,0.903803
-24.3555,-3.48625,-24.8538,-0.0188636,0,4.5,1,-0.0825506,0.0692209,0.99418
-35.1631,-26.0289,-24.8403,0.227267,0,-3.5,0,0.0415906,-0.978833,-0.200389
-40.1195,-0.31725,-33.5622,0.196259,0,-1.6,0,-0.912801,0.340391,0.225674
-38.7752,-13.9213,-17.9132,-0.625903,-0.934843,-0.7,0,0.783514,-0.341139,0.519356
-37.2313,-1.739,-28.804,0.471435,0.542112,-3.5,0,0.0800871,0.811122,0.579368
-50.2892,-25.5158,-35.1872,0.158992,0,-3.5,0,-0.337762,-0.133619,-0.931699
-39.1765,-0.645,-37.558,0.0540651,0,-3.5,0,-0.97319,-0.170125,-0.154787
-20.059,-10.0705,-36.9357,0.114316,0,-3.5,0,0.863603,-0.168234,0.475276
-53.0826,-7.351,-35.0949,0.225603,0,1.8,0,-0.73062,0.0429872,-0.68143
-42.7175,-3.5,-28.364,-1.41797,-0.0218405,-0.8,0,-0.0553196,0.82714,0.559266
-25.802,-17.9355,-31.7165,0.083296,0,-1.6,0,0.94424,0.280376,0.172629
-49.7907,-31.474,-29.8967,0.776348,0.692084,-4.5,0,-0.512183,-0.312284,-0.800092
-54.9318,-24.4445,-33.6355,-0.395063,0,-3.5,0,-0.196394,0.647721,-0.73613
-26.075,0.3075,-42.3865,1.30864,0,-4.5,0,0.54917,-0.743625,-0.381358
-46.324,-0.6595,-34.0423,0.0192682,0,3.8,0,0.372054,0.375302,-0.848955
-37.8755,-20.809,-40.2345,0.0936274,0,3.8,0,0.0244823,-0.996599,0.0786788
-40.618,-4.71,-38.66,0.0181669,0,-0.7,0,0.646013,0.249189,-0.721506
-44.658,-5.4195,-24.899,-0.33803,0.000925844,4.17053,0,0.596047,0.795475,-0.109302
-34.8405,-2.4795,-28.5037,0.266393,0,0.282659,0,-0.491429,0.298353,0.81822
-45.8525,-10.635,-39.9175,-0.752275,-0.913786,-0.8,0,0.31843,0.15121,-0.935809
-40.2905,-14.83,-16.949,-1.29234,-0.213431,-3.5,0,0.878883,-0.142226,0.455341
-42.0265,-3.133,-29.4565,-0.741928,0,-0.903378,0,-0.00491844,0.840193,0.542264
-36.141,-24.4635,-19.2612,-0.874153,-0.0187316,-0.4,0,-0.620622,-0.331404,0.710634
-22.5295,-8.2335,-28.3145,-0.0129017,0,3.8,0,0.6237,0.450392,0.638863
-56.443,-29.4745,-31.7978,0.0463696,0,-4.5,0,0.663362,-0.744401,0.07628
-50.7702,-10.388,-13.9963,-0.00566942,0,-1.6,0,-0.0736224,-0.465978,0.881728
-43.1772,-23.7887,-19.6782,-1.09595,0,-3.5,0,-0.387942,0.730732,0.561723
-25.896,-20.789,-26.7695,-1.40272,-0.0118603,-3.5,0,0.920661,0.0483589,-0.387356
-56.3285,-14.3763,-33.587,0.351413,0,4.2,0,-0.287821,0.320284,-0.902539
-33.9253,-21.1735,-37.922,0.558258,0.718734,-3.5,0,0.493484,-0.867403,-0.0639217
-38.2655,-8.30325,-44.7752,0.570748,0,-4.5,0,0.094797,0.990718,-0.0974266
-53.786,-29.8275,-27.374,0.108007,0,-0.4,0,-0.100421,-0.729216,0.676875
-40.346,-9.793,-15.45,0.421495,0.80363,-0.7,0,0.829823,0.29266,0.475125
-36.1515,-7.55625,-41.9212,-0.0972409,0,2.8,0,-0.615177,0.231021,-0.753782
-44.739,-16.2915,-17.6185,-1.66288,-0.0126206,-3.5,0,-0.644016,-0.735014,0.212127
-51.242,-12.681,-21.185,0.185284,0,-0.4,0,-0.0818793,0.237292,0.967982
-46.6608,-7.57625,-34.8288,-0.374177,-0.0106018,2.8,0,-0.483271,0.83883,-0.250628
-49.4528,-5.897,-13.6252,0.937212,0.888965,-0.8,0,-0.455986,0.875688,0.158892
-28.6367,-16.5305,-34.2777,-0.366194,0,-0.993362,0,0.833782,0.221004,-0.50593
-53.9897,-13.5358,-25.0018,-0.0573006,0.471812,0.625668,0,-0.8077,0.407882,0.425737
-21.9444,-7.52362,-37.8765,3.74124,0.660274,-3.5,0,0.471503,0.648839,-0.597238
-56.085,-25.932,-24.016,-0.74164,-0.0431691,-3.5,0,0.349108,-0.81677,0.459359
-29.1392,-11.149,-26.561,-0.0372263,0,4.5,1,0.652927,-0.588007,0.477424
-45.6515,-14.2277,-12.9655,-1.8673,-0.0831663,-3.5,0,-0.939171,-0.185555,0.289009
-23.0063,0.3925,-34.2788,1.20334,0,-3.9,0,-0.0289896,0.653056,-0.756755
-24.1325,-0.214,-29.7575,0.549355,-0.00809847,4.5,0,0.150961,0.98206,0.113
-28.939,-16.327,-35.457,-0.302059,0,2.8,0,0.980688,0.192757,-0.0330948
-31.008,2.47187,-42.0199,-0.896709,-0.697344,-1.6,0,0.0281379,0.00971521,-0.999557
-38.8501,-22.5695,-21.871,1.08418,0.747487,-3.5,0,0.0475928,0.785272,0.61732
-44.201,-16.0895,-14.8755,-0.301055,0,-3.5,0,-0.817399,-0.542485,-0.193827
-61.6763,-27.8107,-31.0257,-0.0747821,0,-4.5,0,-0.367935,0.231666,-0.900531
-31.0063,6.28713,-38.6369,0.336094,0,-1.6,0,-0.169531,0.838945,0.517137
-26.7388,-19.8025,-33.6166,0.00145492,0,-1.6,0,0.653306,-0.189716,-0.732939
-52.0834,-9.7135,-17.6119,0.503535,0,-1.6,0,-0.827109,-0.122072,-0.548625
-35.003,-0.157,-40.462,0.977495,0.0872302,-3.5,0,0.00705253,-0.094181,-0.99553
-47.071,-3.5835,-26.6905,0.372617,0,-4.5,0,-0.0620319,0.997737,-0.0259248
-30.8692,-27.6385,-23.5105,-0.370918,0,-4.5,0,-0.20364,-0.69957,0.684933
-51.0765,-8.36,-26.552,-0.0427111,0,-0.7,0,-0.326566,0.884869,-0.332208
-43.426,-29.2043,-28.8318,0.146253,0,4.2,0,0.777088,-0.618059,-0.118902
-23.1475,-13.179,-32.1765,-0.856152,-0.95623,-0.8,0,-0.101803,-0.994435,0.027125
-32.0488,-24.5444,-18.8962,0.288367,0,-0.4,0,0.363941,-0.0115942,0.93135
-31.8522,-28.9035,-25.613,-0.991017,-0.014439,-4.5,0,-0.137781,-0.953482,-0.268119
-28.042,-27.304,-26.281,-0.59302,-0.885822,-3.55983,0,0.566859,-0.809625,-0.152244
-44.7453,-6.03525,-35.4043,0.418886,0.204024,1.82178,0,-0.787213,0.616038,-0.0281627
-44.2192,-2.89375,-33.126,0.0859464,0,3.8,0,0.366907,0.0281311,-0.929832
-38.576,-6.63925,-26.4498,-0.938341,-0.395816,-3.5,1,0.821984,-0.500239,0.27222
-32.4635,-20.1448,-39.3848,-0.113522,0,-3.5,0,0.488339,-0.832084,-0.262987
-39.387,-27.8078,-27.227,-0.144305,-0.582712,1.8,0,0.56806,-0.381907,-0.729009
-33.859,-22.558,-25.832,-0.438229,-0.00288454,-3.5,1,0.639616,0.678709,0.360896
-29.006,-23.367,-31.1833,-0.60222,-0.923842,-3.5,0,0.38596,-0.476977,-0.789637
-38.5345,-6.5105,-39.7155,-0.129685,0,1.00054,0,-0.499743,0.602217,-0.622569
-39.2415,-0.0125,-40.987,0.745656,0.291028,-3.5,0,-0.901636,-0.423809,-0.0862449
-43.2655,-28.0875,-23.1935,-0.0435227,0,-4.5,0,0.128223,-0.862946,0.488756
-24.2255,-3.51775,-38.7192,0.223413,0,-1.35382,0,0.265278,0.63832,-0.722617
-43.261,-21.2285,-36.8117,0.278182,-0.00483639,-2.9532,0,0.15892,-0.937934,-0.308261
-33.096,-21.9645,-28.4305,-0.0366279,-0.0830912,-3.5,1,0.135218,0.441976,0.886777
-57.818,-17.2525,-34.2355,-0.449594,0,4.2,0,-0.453082,-0.00215005,-0.891466
-53.6715,-16.5295,-35.757,0.0596492,0,3.8,0,-0.558489,-0.00216222,-0.829509
-33.4963,-19.0865,-27.2967,0.300878,0,1.8,1,0.292984,-0.616771,0.730585
-51.359,-9.18,-18.735,0.149245,0,-1.6,0,-0.560999,0.156127,-0.81296
-51.5452,-7.31725,-25.1905,-0.0442549,0,-0.7,0,-0.533365,0.764397,-0.362242
-28.2537,6.12,-41.2347,0.628802,0,-1.6,0,0.434482,0.798337,-0.416993
-45.801,-24.9655,-20.6135,0.259266,0,-4.5,0,0.214893,0.896229,0.388065
-27.7812,-25.251,-21.47,-0.706706,0,-1.6,0,0.823649,-0.56208,0.0752944
-25.757,-1.7985,-36.1932,1.08294,0,-3.5,0,0.335375,0.728478,-0.597364
-43.306,-3.0775,-29.0592,-0.550615,-0.260357,-0.541734,0,0.191073,0.69039,0.697748
-49.6613,-3.90275,-21.9265,0.217619,0,-4.5,0,-0.763833,0.641681,-0.0693192
-45.506,-24.6995,-32.2873,0.336328,0,-0.8,0,-0.0144016,-0.555393,-0.831463
-46.361,-17.244,-37.0245,-0.403139,0,-0.7,0,-0.390281,-0.0373268,-0.919939
-63.2168,-21.8813,-23.3223,-0.624977,0,-3.54353,0,0.369416,0.927321,0.0600549
-44.542,-6.487,-16.338,-0.00614198,0,-0.4,0,0.0318526,0.366416,-0.929906
-51.7223,-28.5753,-31.4085,-0.860406,-0.751162,-0.507054,0,0.375946,-0.677128,-0.632584
-45.654,-13.497,-16.5982,-0.567476,-0.922347,-0.977227,0,-0.53034,-0.81048,0.248721
-49.1768,-16.009,-18.777,-0.243943,0,-4.5,0,-0.00653833,0.133769,0.990991
-35.5296,-16.9164,-21.4025,-0.134825,0,-0.7,1,0.694226,-0.660067,0.286987
-21.8568,5.69775,-38.907,-4.39845,0,-3.5,0,0.975691,0.21641,-0.0345357
-32.1333,1.5965,-41.8515,-0.882331,-0.513008,-1.6,0,-0.500048,-0.0984265,-0.860386
-55.5067,-9.115,-34.036,0.0982911,0,3.8,0,-0.247495,0.532407,-0.809499
-50.797,-26.3305,-19.5805,0.503355,0,-4.5,0,-0.35192,-0.557575,0.75184
-38.1,-5.719,-25.3605,-1.54688,-0.0917619,-3.5,1,0.933429,-0.275045,0.230347
-48.893,-7.536,-21.893,-0.607334,-0.986315,-0.7,0,-0.57104,0.100669,0.814726
-32.378,-20.6845,-35.8085,-0.108073,0,2.8,0,-0.109557,-0.985566,-0.129064
-31.286,-3.7725,-41.2975,-0.733015,0,-0.717776,0,-0.00275643,0.683681,-0.729775
-35.8575,-20.49,-25.088,-0.0274364,0,1.37625,1,0.846639,0.318491,0.42634
-37.663,-27.442,-21.461,-0.921059,-0.314054,-3.5,0,-0.0627447,-0.889851,0.451915
-38.269,-11.5463,-26.9688,0.0997167,0,2.5,1,-0.179937,0.972739,0.146291
-31.879,-24.4305,-25.257,1.18689,0.614134,-4.5,1,-0.20652,0.958889,0.194631
-21.862,-10.3947,-28.152,-0.0440443,0,3.8,0,0.95118,-0.229716,0.206124
-21.909,-8.2055,-38.7925,1.7612,0,-3.5,0,0.403357,0.645676,-0.648387
-63.9432,-19.5245,-27.7015,-0.103555,0,-0.7,0,-0.924096,0.22134,0.311537
-41.4258,-16.7,-16.125,-1.45905,-0.00313989,-3.5,0,0.394194,-0.889048,0.232818
-39.9775,-6.955,-19.4942,-0.0182939,0.687138,-0.7,0,0.39658,0.906976,-0.141838
-28.0745,-15.1125,-33.5545,-0.615959,-0.0825807,0.525519,0,0.670435,-0.221605,-0.708102
-40.3628,-29.7575,-24.4848,0.0567854,0,1.8,0,-0.539223,-0.823545,0.176102
-43.3887,-8.8595,-38.0848,-1.07637,-0.913887,-0.7,0,-0.0437317,-0.726241,-0.686048
-31.71,6.4365,-40.5653,0.252871,0,-1.6,0,-0.725654,0.676183,-0.12729
-39.8312,-4.85225,-24.0037,-2.10619,-0.394443,-3.5,0,0.285033,0.407406,0.867627
-37.686,-15.6535,-18.989,0.271507,0.894267,-0.7,0,0.464596,-0.180662,0.866898
-44.7233,-29.09,-32.0965,0.183449,0,4.2,0,0.190955,-0.720854,-0.666262
-25.4217,-18.537,-32.633,-0.0957061,0,-1.6,0,0.955749,0.0902636,-0.279994
-20.2868,-4.608,-26.629,-0.0460008,0,4.5,0,0.963212,-0.267077,0.0298813
-49.5325,-14.563,-20.06,0.887394,0.323425,-4.5,0,-0.449235,0.798713,0.400306
-28.6035,-14.0918,-35.5505,-0.570462,0,2.8,0,0.650593,-0.740015,0.170606
-59.5385,-20.5123,-30.9482,-0.399286,0,-0.7,0,-0.614277,0.272486,-0.740551
-50.049,-23.0345,-20.907,0.281174,0,-4.5,0,0.547827,0.514774,0.659465
-34.9982,0.54325,-31.217,0.310548,0,-3.9,0,-0.517398,0.655409,0.550217
-36.747,-18.065,-22.566,-0.158338,0,-0.7,0,0.765773,-0.606742,0.213203
-24.8363,-12.6335,-35.8628,0.123795,0,-0.8,0,-0.0191741,-0.991199,-0.130985
-46.4885,-25.501,-32.1652,0.183239,0,-1.31965,0,0.506399,0.0216362,-0.862028
-29.9865,1.84175,-41.6585,-0.425817,-0.0916344,-1.72762,0,0.113502,-0.355669,-0.927694
-57.1522,-7.96025,-27.2585,-0.984102,-0.896765,-3.5,0,-0.283152,0.943564,0.17179
-34.84,-14.179,-22.097,-0.699178,0,-0.7,1,0.948396,0.2782,0.152149
-58.3148,-8.135,-27.3848,0.359944,0.68031,-4.5,0,0.0436816,0.994144,0.0988396
-32.607,-19.9055,-44.7702,0.125109,0,-1.6,0,0.909988,-0.383482,0.157685
-46.38,-13.8638,-18.751,-0.0645425,0,-0.8,0,-0.289249,-0.801738,0.523022
-61.046,-23.552,-22.7628,-0.398598,0,-3.5,0,-0.289751,-0.75164,0.592522
-26.9935,0.463,-29.7868,-0.0360109,-0.210814,0.437076,0,0.121784,0.992555,-0.00153379
-27.649,-26.909,-24.551,2.68061,0,-4.5,0,0.935641,-0.154324,0.317428
-44.8363,-5.05975,-25.8538,-0.246258,0,-3.43922,0,0.619017,0.767381,0.167166
-23.5455,-10.9307,-26.907,-0.0921242,0,3.8,0,0.103719,-0.413888,0.9044
-33.1355,-5.2775,-25.2148,-0.103872,0,4.5,1,-0.499358,-0.360379,0.787888
-41.041,-2.38125,-29.9897,-1.63852,-0.127396,-3.5,0,-0.397183,0.863045,0.312089
-51.595,-7.27625,-35.6823,0.742388,0.356478,1.8,0,-0.0963409,0.365176,-0.92594
-53.6,-20.977,-34.851,-0.0937141,0,4.2,0,0.107416,-0.232096,-0.966744
-22.461,3.935,-38.0985,-0.000721665,0,-3.5,0,0.850231,-0.101692,0.516495
-42.104,-15.261,-13.089,-0.407743,0,-3.5,0,0.689042,-0.213482,0.692566
-30.232,5.45775,-37.2578,0.321107,0,-1.6,0,0.165592,0.448978,0.878065
-57.6145,-8.421,-28.04,-0.289161,-0.0859565,-4.00148,0,-0.0707671,0.90161,-0.426721
-44.7835,-15.9438,-40.4285,0.00255135,-0.276635,-1.96997,0,-0.646783,0.0728906,-0.759183
-32.4198,-26.4963,-19.593,-0.0220996,0,-0.4,0,0.457683,-0.795932,0.396255
-25.069,-11.647,-37.89,-0.0294674,-0.229368,-2.09216,0,0.032893,-0.624196,-0.780575
-59.5752,-18.0615,-33.0312,-0.0480407,0,4.2,0,-0.562192,-0.499486,-0.659131
-43.5658,-16.5495,-13.119,0.12662,0.575264,-3.5,0,-0.305903,-0.59115,0.746301
-31.3617,-9.018,-43.0452,-1.05058,-0.0582372,-3.5,0,-0.16076,0.112906,-0.980514
-40.4385,-2.3375,-35.0428,-0.0437173,0,-1.6,0,-0.924276,0.34959,-0.153301
-46.692,-28.5718,-19.3225,0.358058,0,-4.5,0,0.106026,-0.620545,0.77697
-37.6452,1.30575,-32.856,0.422617,0,-1.6,0,0.0147253,0.692188,0.721567
-36.1045,-22.7987,-38.0135,0.0429598,0,-0.7,0,0.434515,-0.67033,-0.601543
-53.871,-29.666,-31.219,-0.588041,-0,-0.4,0,-0.249181,-0.801367,-0.543801
-43.573,-17.066,-14.051,0.123078,0.735607,-3.5,0,-0.231537,-0.972818,-0.00391243
-35.229,-22.956,-45.589,0.0597266,0,-1.6,0,0.261419,-0.958466,0.114027
-26.2525,-25.9,-26.627,-0.947457,-0.349891,-3.5,0,0.969686,-0.241499,0.0372564
-44.207,-22.833,-35.759,0.563434,-0.161457,-0.8,0,0.0359422,-0.721987,-0.690972
-23.3695,3.4125,-37.196,3.62053,0,-3.5,0,0.344688,-0.326944,0.879942
-42.632,-25.5125,-18.975,-1.57268,-0.111979,-3.5,0,-0.0250918,-0.445874,0.894744
-38.121,-18.9605,-20.6325,-1.17646,-0.258249,-0.7,0,0.0268451,-0.748105,0.663037
-42.632,-24.3575,-18.975,-1.40364,-0.342115,-3.5,0,0.0419004,0.363034,0.930833
-49.6927,-4.72725,-20.5193,0.853735,0.175528,-4.5,0,-0.847546,-0.170063,0.502738
-28.1485,0.981,-42.7665,0.453116,0,-4.5,0,-0.713204,-0.394562,-0.579362
-62.498,-18.36,-20.754,0.626701,0.663166,-4.5,0,-0.121419,0.953438,-0.276068
-54.3698,-19.03,-18.996,0.00591675,0,-3.5,0,-0.580932,0.579668,0.571404
-30.7615,-0.884,-40.704,0.155193,0,-0.9,0,0.233339,0.142295,-0.961928
-59.1343,-9.771,-32.51,0.0459202,0,3.8,0,-0.908134,0.283968,-0.307659
-36.358,-27.3937,-32.0913,-0.237317,0,-4.5,0,0.342993,-0.437721,0.831117
-23.835,0.102,-30.772,0.772092,0,-0.383467,0,-0.11166,0.882851,0.456187
-29.826,-16.2645,-40.6562,0.219913,0.243374,-3.5,0,0.889986,-0.093681,-0.446261
-28.519,-3.099,-43.3355,0.122331,0,-0.7,0,-0.384096,0.188657,-0.903814
-62.1768,-18.4877,-27.107,-0.0440884,0,-0.7,0,-0.111314,0.903084,0.414788
-29.411,-21.1262,-26.6507,-0.340777,-0.06231,-3.5,1,-0.608076,0.705977,0.363096
-23.518,6.415,-37.563,-0.199497,0,-3.5,0,-0.0593214,0.588185,0.806548
-23.518,6.832,-39.7935,0.133539,0,-3.5,0,-0.0760012,0.83845,-0.539653
-36.1847,-2.26325,-28.7407,0.766931,0,-3.87133,0,0.0784706,0.540917,0.837407
-23.518,7.056,-38.5975,-0.38622,0,-3.5,0,0.0898873,0.97658,0.19548
-50.072,-9.7245,-22.117,0.736026,-0.177844,-0.7,0,-0.55568,0.189621,0.809483
-61.558,-8.645,-28.1895,0.700423,0.663053,-4.5,0,-0.825613,0.548566,0.132056
-49.6795,-28.3315,-34.359,-0.324104,0,-3.5,0,-0.651203,-0.533365,-0.539867
-40.0827,-1.9245,-29.5228,-1.08907,-0.233572,-3.5,0,-0.228262,0.868954,0.439107
-27.0987,-25.748,-28.1493,-1.33412,-0.271437,-3.5,0,0.539913,-0.366673,-0.757657
-63.0595,-19.6912,-18.8668,0.311582,0,-4.5,0,-0.384669,0.427657,0.818009
-56.0887,-26.1943,-34.971,-1.02918,0,-3.5,0,-0.00963852,0.133697,-0.990975
-36.389,-23.098,-19.773,-0.886549,-0.923622,-0.4,0,-0.656433,0.450692,0.604957
-49.6565,-4.8355,-23.3015,0.805652,0.844554,-4.5,0,-0.905965,0.397629,-0.145322
-23.5408,-0.449,-28.7345,0.552004,0.0584858,4.5,0,0.344652,0.902837,0.2571
-51.2127,-32.17,-26.897,0.78533,0,-4.5,0,-0.814364,-0.484831,0.318983
-41.803,-3.271,-25.447,-1.52387,-0.272587,-3.5,0,-0.666611,0.721467,0.187389
-43.7985,-8.652,-12.6995,0.141544,-0.0821898,-0.605393,0,0.697844,-0.249069,0.67155
-54.183,-28.688,-32.86,-0.64699,0,-3.5,0,0.436984,-0.840744,-0.31968
-28.7843,5.03875,-38.3327,0.260853,-0.18927,-2.65715,0,0.347685,0.433055,0.831612
-23.725,-5.401,-26.739,-0.0850131,0,4.5,1,-0.151765,-0.939399,0.307402
-38.638,-0.6265,-40.396,0.479706,0.125283,-3.5,0,-0.716481,-0.685623,-0.128747
-53.4702,-12.5843,-24.483,0.414313,0.150532,-0.4,0,-0.855824,0.198745,0.477562
-44.5145,-20.3535,-22.183,-0.387774,0,2.8,0,-0.0211111,0.182521,0.982975
-42.455,-8.88125,-17.8697,-0.884064,-0.474198,-2.09097,0,-0.50711,0.840695,-0.189927
-43.6795,-5.4995,-23.6575,-1.07112,0.613949,-3.51335,0,0.247256,0.925947,-0.285458
-26.18,-18.2285,-30.4648,-0.0854895,0,-1.6,0,0.917897,-0.054611,0.393044
-64.644,-24.812,-24.3795,-1.01443,-0.0667776,-3.5,0,-0.627448,-0.778659,0.000491212
-58.877,-30.0075,-28.1295,0.669138,0,-4.5,0,0.464182,-0.49495,0.734547
-61.1413,-18.5435,-27.5877,-0.579665,-0.152435,-0.7,0,-0.0527612,0.921279,0.385308
-44.314,-16.4175,-13.7855,-0.0592665,0.422049,-3.5,0,-0.783433,-0.595693,0.17715
-40.9995,-25.8738,-33.8995,0.363025,0,-4.5,0,-0.708829,-0.259643,-0.655855
-46.907,-28.347,-33.7305,0.153519,0,-3.5,0,0.581653,-0.587078,-0.563044
-27.6195,-23.631,-22.9252,6.99217,0,-2.63174,0,0.982963,0.0581885,0.174352
-25.805,-3.53925,-25.3822,-0.00187394,0,4.5,1,-0.429119,-0.225794,0.874571
-65.635,-26.7885,-28.4373,-2.32485,-0.308943,-4.5,0,-0.931644,-0.133077,-0.338127
-39.0093,-26.029,-30.3302,0.524417,0,-4.5,0,0.474441,-0.830661,0.291391
-37.5215,2.94575,-41.679,0.80145,0.612231,-3.5,0,0.165495,0.857754,-0.486692
-39.3423,0.939,-41.3853,0.242096,0,-3.5,0,-0.949039,0.10571,-0.296901
-39.431,-13.9255,-17.1455,-1.02441,-0.553144,-0.7,0,0.559006,-0.456687,0.692062
-31.2375,-4.4525,-23.8678,-0.0757957,0,4.5,1,-0.384371,-0.195387,0.902265
-33.1118,-27.7173,-24.3115,-1.34714,-0.457586,-4.5,0,-0.820424,-0.431398,0.375234
-32.9055,-20.4212,-38.2115,0.0829154,0,-3.5,0,0.386509,-0.911607,-0.139944
-32.514,-12.766,-45.178,-0.921788,-0.579021,-3.5,0,0.691556,0.691101,-0.210069
-36.2547,3.269,-39.991,-0.808315,-0.692927,-3.5,0,0.386965,0.845473,-0.368013
-20.849,-10.8193,-36.566,0.824488,0,-3.5,0,0.807487,-0.402342,0.431376
-25.905,-6.6285,-28.065,-0.181288,0,3.90466,1,0.248922,-0.115517,0.96161
-27.8105,-19.877,-24.967,-1.17759,-0.0246568,-3.5,0,-0.475786,0.7671,0.430331
-36.8765,-23.1667,-28.6265,0.433578,0,-4.09829,0,0.38079,-0.922977,0.0557818
-34.7475,-3.132,-43.7417,0.462293,0.641408,-0.8,0,-0.197728,0.941353,-0.273419
-47.717,-19.5065,-20.0315,0.297595,0,-4.5,0,0.430617,-0.731999,0.527964
-45.7293,-32.561,-29.7645,0.675387,0.390265,-4.5,0,0.688341,-0.488117,-0.53659
-61.7103,-9.4905,-29.3283,0.434001,0.404351,-4.5,0,-0.608324,0.631448,-0.480848
-25.9333,-0.074,-33.3223,0.768458,0,-3.72176,0,0.195514,0.952181,-0.234788
-63.662,-21.755,-19.966,0.108385,0,-4.5,0,-0.98243,-0.0605516,0.176534
-53.8391,-10.9909,-24.8424,-0.115627,0,-3.5,0,-0.378293,0.21634,0.900051
-19.494,-1.457,-34.047,-1.1326,-0.0522965,-1.6,0,0.9402,0.24298,0.238714
-40.5218,-2.17175,-33.7385,0.0360322,0,-1.6,0,-0.93515,0.3234,0.144591
-61.8225,-25.749,-24.187,-0.693609,-0.163366,-3.5,0,-0.39285,-0.676325,0.6231
-31.896,-1.63275,-26.4755,0.0514985,0,4.5,0,-0.133327,0.744494,0.654181
-39.9755,-20.756,-43.2495,0.0858698,0,3.8,0,-0.461408,-0.676236,-0.574288
-63.7195,-19.801,-29.9015,-0.111658,0,-0.7,0,-0.702029,0.0240379,-0.711743
-49.2347,-13.6978,-21.024,0.517106,0.568842,-3.14809,0,-0.403041,0.429265,0.808263
-43.5195,-25.3732,-30.479,0.136642,0,4.2,0,0.815706,-0.403438,0.414562
-48.984,-14.71,-37.3695,-0.0706636,0,-1.6,0,-0.0658551,-0.591811,-0.803382
-46.128,-26.115,-18.4385,0.451502,0.600625,-4.5,0,0.408037,-0.271162,0.871767
-35.0665,-23.6637,-33.954,-0.52928,0,-2.07347,0,0.780415,-0.104342,-0.616494
-19.9955,-5.2145,-32.3535,-0.443724,-0.598117,2.8,0,0.826787,0.24723,0.505273
-41.5855,-6.591,-14.518,-1.18968,-0.729211,-0.4,0,0.61572,0.784172,0.0772173
-48.1055,-7.376,-17.2165,-0.152412,0,-1.58014,0,0.0340181,0.773065,-0.633414
-55.0547,-25.9,-24.4242,-0.243749,0,-3.54316,0,0.083528,-0.8892,0.449829
-50.1562,-33.06,-28.8005,0.332035,0,-4.5,0,-0.338457,-0.912214,-0.230895
-44.339,-31.8388,-28.4412,0.564662,0.613517,-4.5,0,0.966311,-0.247474,-0.070704
-44.2948,-3.83575,-21.0193,-0.0548204,0.7018,-4.5,0,0.809173,0.571226,0.137622
-20.9452,-4.558,-25.5345,-0.0341752,0,4.5,1,0.607936,-0.494205,0.62143
-40.186,-12.5778,-45.8575,-0.342585,-0.170103,-4.05277,0,-0.739502,-0.304678,-0.600257
-52.0877,-10.3783,-23.3625,0.164589,0,-0.558546,0,-0.7576,0.408031,0.509464
-20.0535,-2.3045,-36.0475,0.245188,-0.425449,-1.6,0,0.790363,0.361837,-0.494369
-30.384,-5.11,-41.8775,0.0482153,0,-2.00392,0,0.0822822,-0.0913271,-0.992416
-37.63,-9.95275,-21.0467,-0.30883,0,-1.99048,1,0.544835,0.259276,0.797453
-37.8605,-10.7102,-27.8218,0.228645,0,0.647722,1,-0.422623,0.451656,0.785746
-39.3058,-11.004,-16.8988,-0.378632,-0.366247,-0.7,0,0.71212,0.121184,0.69152
-53.424,-24.276,-17.1165,0.312009,0,-3.5,0,0.255481,-0.805709,0.53438
-25.4505,-16.7428,-28.7183,-0.00350932,0,-3.2,0,0.705136,-0.68806,0.171338
-41.048,-10.646,-45.2665,0.0204151,0.00969411,-4.5,0,-0.924117,-0.259502,0.280477
-35.3335,-8.82775,-22.7415,0.0981583,0,-3.2,1,0.71343,0.654668,0.249857
-39.1605,-8.1205,-44.3395,0.509561,0,-4.5,0,0.0637349,0.991574,0.112781
-44.4033,-29.5245,-30.1085,0.216808,0,4.2,0,0.610078,-0.746253,-0.266293
-27.7862,0.197,-42.2165,0.324277,0,-4.5,0,-0.829849,-0.328638,-0.450942
-32.6835,5.046,-39.2943,0.286553,0,-1.6,0,-0.90039,0.434541,-0.0217245
-32.051,-0.93375,-30.7593,0.641726,0,2.23102,0,0.184074,0.973092,0.138593
-35.505,-22.541,-19.738,-1.0852,-0.266082,-0.4,0,-0.124038,0.937355,0.325545
-35.9738,-5.2215,-43.1317,-0.736242,-0.849818,-0.8,0,-0.993622,0.0811872,-0.0782522
-34.5045,-3.65825,-40.4552,0.42656,0.197159,-0.8,0,-0.857878,0.466313,-0.215866
-32.0308,2.59275,-41.8413,-0.857818,-0.0775607,-1.6,0,-0.566563,0.141983,-0.811694
-38.7118,-14.2,-47.4305,0.766438,0.648665,-3.5,0,-0.498298,-0.0724566,-0.863973
-55.167,-22.3025,-18.381,0.0832577,0,-3.5,0,-0.974368,0.126178,0.186241
-32.2962,-18.227,-46.977,-0.958067,-0.151374,-1.6,0,0.699466,-0.29622,-0.650385
-43.0698,-17.1973,-41.9482,-0.339749,0.0607458,-3.2,0,-0.417319,0.154084,-0.895602
-27.157,0.33525,-28.591,-0.74038,-0.89246,4.5,0,-0.219438,0.897815,0.381806
-50.004,-28.117,-21.4977,1.29076,0.481867,-4.5,0,-0.529654,-0.834048,0.15437
-39.8447,-16.343,-19.2873,0.316855,0,-2.10052,0,0.363609,-0.773078,0.519749
-37.4165,3.06675,-40.4543,-0.317705,-0.0688482,-3.5,0,-0.132392,0.970167,-0.203095
-47.926,-20.36,-37.3877,-0.0931782,0,-0.7,0,-0.626613,-0.255899,-0.73612
-59.8459,-10.8124,-26.6254,0.188593,0,-4.5,0,-0.35036,-0.141668,0.925839
-37.7255,-29.2375,-34.505,0.310346,0.390976,-4.5,0,0.210683,-0.641155,-0.737925
-30.2345,3.2285,-41.8893,-0.00490677,-0.472125,-1.6,0,-0.0310916,-0.0970981,-0.994789
-45.6875,-17.7612,-21.028,0.54468,0.436546,-4.5,0,0.532245,-0.653225,0.538529
-51.2537,-6.9875,-23.0448,0.00357461,0,-0.7,0,-0.635301,0.595624,0.491554
-57.4512,-27.6147,-26.6157,-0.457177,0,-3.5,0,0.0782307,-0.907973,0.411661
-37.055,-21.2775,-47.568,0.125262,0,-1.6,0,-0.513034,-0.103409,-0.852116
-32.031,-24.319,-24.2447,0.401165,0.0657958,-2.59157,1,-0.208215,0.915653,-0.343839
-38.5477,-26.8008,-21.1515,-0.616673,-0.590173,-3.5,0,-0.0424191,-0.755372,0.653922
-26.6642,-3.924,-26.053,0.00498858,0,4.5,1,-0.233154,-0.531077,0.814614
-40.1515,-8.17375,-44.8978,0.424264,0,-4.5,0,-0.344243,0.928411,0.139821
-38.8018,-26.0058,-20.4975,-0.147462,-0.077091,-3.5,0,0.0396859,-0.329697,0.943252
-28.3368,-20.1045,-34.7402,-0.072147,0,-1.6,0,0.479226,-0.460121,-0.747416
-33.6823,-5.6415,-26.0865,-0.0856556,0,4.5,1,-0.64465,-0.607017,0.464711
-38.9598,0.29625,-42.0788,0.558107,0.32249,-3.5,0,-0.591021,-0.389391,-0.706448
-28.1007,5.5635,-38.9958,-0.055772,-0.174263,-2.35521,0,0.0689648,0.666897,0.741952
-28.273,-20.8395,-34.0105,0.0773637,0,-1.6,0,0.0290812,-0.772594,-0.634234
-28.5895,-27.4575,-27.2685,-0.202305,-0.381102,-3.93012,0,0.261165,-0.729939,-0.63165
-36.1188,-18.48,-24.8533,0.307772,0,1.8,1,0.83408,-0.267457,0.48247
-40.1027,-21.173,-42.3213,0.0804193,0,3.8,0,-0.398971,-0.870694,-0.287601
-23.171,-9.5705,-26.7652,-0.0642971,0,3.8,1,0.0552156,0.262462,0.963361
-64.8777,-28.3908,-28.1035,-7.88071,0,-4.5,0,-0.633646,-0.7728,-0.0356883
-39.0835,-5.86675,-38.3005,-0.820598,0,-0.8,0,-0.0628742,0.6942,-0.717031
-31.5095,-3.391,-24.175,-0.0544214,0,4.5,1,-0.576571,0.296088,0.76151
-26.3265,6.0015,-39.4865,-0.397831,0,-3.5,0,-0.0894921,0.944717,-0.315438
-37.8775,-5.894,-40.2062,0.150521,0,2.8,0,-0.611559,0.536098,-0.581889
-51.4613,-6.83075,-24.1455,-0.00680193,0,-0.7,0,-0.674131,0.735855,-0.0637635
-29.5718,-7.992,-26.04,-0.0377044,0,4.5,1,0.145453,0.38963,0.909413
-22.423,3.77175,-40.4875,10.153,0,-3.5,0,0.656173,0.0514284,-0.752856
-57.0583,-19.3015,-34.5682,-1.28263,-0.514553,4.2,0,-0.43404,-0.430557,-0.791347
-48.437,-11.424,-15.414,-0.460303,-0.0321399,-0.838379,0,-0.203331,-0.585941,0.784429
-38.0957,-29.2895,-32.4955,0.318748,0,-4.5,0,0.204157,-0.705876,0.678277
-45.047,-32.6375,-27.6275,0.345002,0,-4.5,0,0.577501,-0.798306,0.170881
-28.3805,-25.4545,-20.648,-0.955256,0,-1.6,0,0.315334,-0.813484,0.488681
-24.2935,-3.90675,-39.7385,-1.15268,-0.601029,-0.7,0,0.717763,0.624766,-0.307382
-30.6238,-22.9692,-25.9753,0.803999,0.553548,-3.98882,1,-0.764479,0.469971,0.441247
-29.9435,-16.728,-39.1475,-0.292677,-0.0738886,-3.5,0,0.980561,0.0514421,-0.189352
-56.6107,-16.6105,-34.4275,0.0296023,0.131193,4.2,0,-0.128323,0.196156,-0.97214
-48.6413,-9.00975,-19.3275,-0.117226,-0.260752,-2.14639,0,-0.421926,0.847012,-0.32334
-25.546,-12.713,-32.57,-0.0125301,0,2.8,0,0.488012,-0.859186,0.153765
-33.1353,-24.9355,-27.6535,-0.384425,-0.258923,-3.5,0,-0.563169,-0.80653,-0.179863
-30.368,-23.7065,-31.5515,0.0335806,-0.0331933,-3.5,0,0.35132,-0.402971,-0.845097
-60.841,-8.6625,-27.1203,0.336186,0,-4.5,0,-0.633197,0.34627,0.692213
-31.6723,-11.4773,-25.585,-0.0875801,0,4.34303,1,0.457644,-0.157726,0.875034
-47.6423,-10.5057,-10.8628,-1.18318,-0.400964,-0.8,0,-0.0835454,-0.80339,0.589563
-58.3575,-21.3043,-32.4487,0.202439,0,3.00074,0,-0.455332,0.223556,-0.861798
-49.7858,-27.0578,-24.1033,0.228836,-0.109011,-4.5,0,-0.142172,-0.96187,0.233654
-49.682,-11.303,-15.458,-0.0808411,0,-1.28845,0,-0.11511,-0.724679,0.679405
-32.9857,-0.081,-28.5378,-1.05146,-0.486108,4.5,0,0.0079067,0.957853,0.287149
-57.36,-9.7005,-33.655,0.0248458,0,3.8,0,-0.237116,0.452472,-0.859677
-50.857,-23.157,-35.2895,-0.982904,-0.0274183,-3.5,0,-0.0311098,0.0013008,-0.999515
-40.0363,-4.32725,-37.895,-0.0911853,-0.478895,-1.18253,0,0.393396,0.289147,-0.872716
-49.3855,-7.31,-34.299,-0.13069,-0.0352348,1.96157,0,0.770335,0.59439,-0.230834
-47.339,-32.637,-26.7665,0.43917,0,-4.5,0,0.0495853,-0.822602,0.566452
-31.4685,-0.338,-28.6465,0.445415,0.630378,4.5,0,0.103961,0.986162,0.129142
-29.6965,-17.9207,-39.8887,-1.52467,-0.809605,-3.5,0,0.914946,0.0181044,-0.403171
-35.6575,-23.4375,-18.6488,-0.992309,-0.180057,-0.4,0,-0.399303,0.298201,0.866968
-58.222,-27.0455,-23.7145,-0.962313,0,-3.5,0,0.180709,-0.924963,0.334346
-35.004,-3.69975,-44.5765,0.829547,0.673341,-0.8,0,-0.232226,0.368881,-0.899999
-47.0262,-9.9395,-39.798,-0.890888,-0.401561,-0.8,0,-0.12193,0.144338,-0.981988
-60.3018,-30.695,-32.2752,0.460037,0.189544,-4.5,0,-0.641312,-0.47648,-0.601403
-24.5392,0.2895,-31.5037,0.624454,0,-3.9,0,-0.301895,0.892754,0.33444
-26.7815,-25.5263,-25.8248,-1.27563,0,-3.5,0,0.88715,-0.0816669,0.454198
-34.0905,0.5055,-30.7495,0.220939,0,-3.9,0,0.00194952,0.877243,0.480042
-39.115,-9.295,-17.359,-0.258181,0,-0.7,0,0.685765,0.459708,0.564265
-35.2225,-28.3615,-34.1665,0.655317,0.737229,-4.5,0,0.70246,-0.661837,-0.261766
-28.8032,-27.0965,-22.8765,2.98161,0,-4.5,0,0.454452,-0.377785,0.806692
-31.9242,-13.727,-45.651,-1.78554,-0.0838114,-3.5,0,0.931997,0.217332,-0.290082
-65.0352,-21.115,-24.968,-1.11258,-0.0650889,-3.5,0,-0.187695,0.860847,-0.472984
-61.7185,-9.67,-28.202,0.330387,0.0405542,-4.5,0,-0.876536,0.261734,0.403955
-54.357,-24.5905,-17.7967,0.861448,0.102655,-3.5,0,-0.293514,-0.950889,0.0982814
-47.1852,-25.6045,-18.232,0.259803,0,-4.5,0,0.102721,0.0938344,0.990274
-37.033,-28.4685,-34.5715,0.292066,0.0790887,-4.5,0,0.22083,-0.482384,-0.847667
-54.628,-28.6255,-33.9685,-1.06885,-0.198133,-3.5,0,0.474894,-0.58231,-0.659841
-56.461,-29.674,-29.0515,-0.00517774,0,-0.4,0,-0.162626,-0.954791,0.248851
-45.48,-11.6792,-39.6348,0.055869,-0.405172,-0.8,0,-0.00874234,-0.00117061,-0.999961
-55.9953,-8.196,-25.9508,-1.58623,-0.0524298,-3.5,0,-0.112382,0.769925,0.62816
-25.4638,-12.876,-31.1623,-0.178314,0,-2.69517,0,0.33692,-0.814362,-0.472545
-32.316,2.457,-34.448,2.22502,0.0940376,-3.9,0,0.861246,0.503075,0.0719101
-19.2372,-4.96225,-35.3783,-0.98529,-0.00153187,1.8,0,0.79814,-0.0642992,-0.599032
-40.7347,-2.81125,-25.645,-1.69531,-0.277535,-3.5,0,-0.0155767,0.999467,0.0286882
-21.693,-2.466,-29.9005,0.249979,0,-0.659416,0,0.982619,0.162665,-0.0894456
-22.881,5.75588,-40.3934,0.588148,0,-3.5,0,0.511761,0.313973,-0.799701
-22.7215,-1.78025,-26.3787,0.0594637,0,4.5,1,0.335152,0.800246,0.497272
-41.2,-26.862,-21.364,-0.67055,-0.637936,-3.5,0,-0.0113046,-0.797871,0.602722
-44.22,-20.3285,-41.881,0.261101,0,-3.2,0,-0.352181,-0.56146,-0.74882
-62.835,-22.512,-29.049,-1.33954,-0.557816,-3.5,0,-0.604752,0.0959013,-0.790619
-59.879,-14.165,-32.1175,0.0844396,0,4.2,0,-0.958528,0.170574,-0.228318
-41.851,-3.77525,-36.2805,-0.263438,0,-1.11919,0,-0.350844,0.896979,0.268954
-39.2707,-8.53425,-21.5495,-0.216844,0,-0.7,1,0.337567,0.939847,0.0523081
-48.1883,-0.709,-31.3385,-0.00112922,0,3.8,0,-0.693687,0.501809,0.516708
-63.5075,-28.8205,-27.8015,-1.40384,0,-4.5,0,-0.498325,-0.853407,0.152866
-41.1445,-5.793,-22.025,-2.14182,-0.269903,-3.5,0,0.682324,0.563281,0.465992
-27.2285,-0.336,-27.8067,-0.537141,-0.497608,4.5,0,-0.378738,0.480864,0.790776
-39.171,-21.855,-35.149,0.166624,-0.767058,-0.7,0,-0.932811,-0.359552,0.0242256
-34.2217,-12.683,-45.958,-0.126771,-0.0378003,-3.5,0,0.308432,0.652877,-0.691824
-31.7495,-19.7997,-38.513,-0.292076,-0.112061,-3.5,0,0.39436,-0.869638,-0.297002
-40.99,-9.1225,-46.0515,0.451171,0.0909076,-4.5,0,-0.653663,0.734982,-0.180351
-31.6915,-28.7013,-24.335,-1.06239,-0.760806,-4.5,0,-0.000512275,-0.874766,0.484546
-63.6415,-23.22,-28.886,-1.34818,-0.0277514,-3.5,0,-0.657785,0.18847,-0.729245
-45.9965,-7.95925,-37.2477,0.0483156,0,-0.793061,0,-0.381337,0.919516,0.0952499
-37.1375,-18.4638,-20.7533,-1.13083,-0.269065,-0.7,0,0.593497,-0.632576,0.497603
-28.5702,-0.12675,-28.3283,0.150641,0,-3.5,0,-0.180306,0.647355,0.740555
-42.0737,-16.7925,-42.4372,-0.230426,0,3.8,0,-0.645758,0.302917,-0.700884
-61.759,-19.9217,-18.7833,-0.306285,0,-4.5,0,0.241718,0.513648,0.823249
-22.499,-13.0942,-35.9863,-0.894375,-0.298912,-2.40375,0,0.339881,-0.925322,0.168109
-45.049,-18.393,-40.671,-0.494988,0,-3.2,0,-0.975831,0.117595,-0.184186
-36.89,-26.8595,-20.93,-0.818352,-0.0398018,-3.5,0,0.14787,-0.576554,0.803567
-41.1418,-22.6752,-20.6268,-0.185109,0,-3.5,0,0.0927827,0.754215,0.650039
-61.3013,-18.9487,-26.4575,-0.0430018,0,-0.7,0,-0.158048,0.769586,0.618675
-35.4533,-16.377,-20.3347,-0.187413,0,-0.7,0,0.663542,-0.381088,0.643804
-46.3475,0.35625,-33.0622,0.0152386,0,3.8,0,0.220874,0.90254,-0.369643
-51.31,-25.7652,-34.7005,0.601824,0.339863,-3.5,0,-0.259877,-0.260878,-0.929735
-34.1012,-21.1875,-40.2687,-1.29249,-0.588709,-3.5,0,0.692689,-0.705942,-0.147744
-33.844,-20.884,-35.0505,-0.150613,0,1.05,0,0.438383,-0.898371,0.0273721
-37.043,-23.6658,-29.8005,0.497915,0,-4.5,0,0.470723,-0.688349,0.551902
-21.7062,-5.43425,-26.1375,-0.0587113,0,4.5,0,0.318512,-0.886336,0.336094
-24.9125,-6.56925,-40.7465,0.488943,0,-0.7,0,0.636458,-0.392804,-0.663797
-29.8105,-17.563,-29.4333,-0.288576,-0.453126,-1.74495,1,0.161657,0.0385483,0.986094
-54.8498,-20.3398,-16.8855,-1.04312,-0.0228766,-3.5,0,-0.711419,0.634911,0.301283
-27.6292,-7.58825,-26.5422,-0.0271308,0,4.5,1,0.378309,0.203631,0.903004
-24.3615,-13.7847,-28.1597,-0.434841,0.176084,-3.2,0,0.831637,-0.218946,0.510335
-45.296,-22.3635,-35.8995,0.459015,0.477868,-0.8,0,-0.0317048,-0.813409,-0.580827
-38.39,-2.25275,-27.9065,0.0122938,0.0608361,-3.5,0,-0.00552608,0.936712,0.350057
-47.733,-16.214,-36.765,-1.05444,-0.569552,-0.7,0,-0.224244,-0.0162953,-0.974397
-48.444,-7.97475,-33.254,-0.70896,-0.0521986,2.46882,0,0.321465,0.942252,0.0939214
-37.4825,-17.014,-20.1175,-0.205767,-0.435672,-0.7,0,0.221937,-0.459966,0.859753
-39.1035,-2.2225,-29.0195,-0.107905,-0.0361717,-3.5,0,-0.20496,0.95013,0.235042
-40.4157,-19.6903,-43.3778,0.0740428,0,3.8,0,-0.510809,-0.424657,-0.747489
-44.9755,-32.3815,-29.022,0.623014,0.625035,-4.5,0,0.675873,-0.53214,-0.509925
-44.2653,-4.57875,-22.7285,-0.758536,-0.694619,-3.5,0,0.652187,0.689076,-0.315952
-38.874,-29.2925,-34.0757,0.437087,0.0244836,-4.5,0,-0.453527,-0.767342,-0.453321
-32.543,-18.7633,-26.934,0.01996,0,1.8,1,0.327947,-0.620416,0.712414
-18.663,-4.37925,-34.1235,-1.45534,-0.170334,1.8,0,0.984307,0.176057,0.0119618
-47.7695,-11.0293,-11.7882,-1.03432,-0.938381,-0.8,0,-0.151963,-0.947659,0.280802
-44.992,-6.163,-38.4958,-0.0359712,0,-0.7,0,-0.912494,0.152344,-0.379667
-46.38,-3.28225,-23.5545,0.418996,0,-4.5,0,0.222781,0.955383,-0.19394
-36.7352,0.40325,-41.4445,0.0658887,0,-3.5,0,0.701419,-0.263055,-0.662429
-33.9302,2.10025,-32.0768,0.489805,0,-3.9,0,-0.0920029,0.711787,0.696344
-23.1828,-5.5835,-38.452,0.181113,-0.0879303,-1.51578,0,0.842973,-0.143544,-0.518451
-46.868,-8.11975,-9.712,-0.124991,0,-0.8,0,0.141925,0.23512,0.961549
-36.641,-22.146,-21.602,0.0346569,0,-3.5,0,-0.0524977,0.876656,0.478246
-31.061,2.83425,-37.284,1.77687,0.0149242,-1.56136,0,0.148578,0.198638,0.968745
-27.004,0.47,-40.6963,0.0907099,-0.695952,-4.5,0,0.69063,-0.634262,0.347479
-39.939,-28.102,-31.991,0.52512,0.541579,-4.5,0,-0.616972,-0.639176,0.45913
-27.9228,1.009,-32.737,-0.156358,0,-3.5,0,0.262605,0.941396,0.21169
-54.317,-25.7255,-23.689,-0.0064323,0,-4.5,0,-0.176598,-0.923567,0.340348
-45.3855,-0.017,-29.3692,-0.0323429,0,3.8,0,0.139802,0.725158,0.674241
-66.976,-21.604,-24.514,-1.60554,-0.13262,-3.5,0,-0.893805,0.347867,-0.283022
-22.8335,4.726,-40.456,2.46857,0,-3.5,0,0.466281,0.187801,-0.864473
-21.849,-13.031,-36.9715,-1.19628,0,-3.5,0,0.700697,-0.712867,0.0290677
-37.6693,-10.9742,-21.17,-0.426852,0.327108,-1.37616,1,0.668982,0.119777,0.733564
-37.8307,-6.0035,-27.0513,-0.370636,0,-3.5,1,0.706591,-0.493376,0.507257
-44.8025,-15.095,-12.561,-1.27376,-0.866044,-3.5,0,-0.454588,-0.707137,0.541578
-28.564,-19.6535,-27.2493,-1.45986,0,-3.5,0,-0.284105,0.903043,0.322178
-27.877,1.22,-33.9355,-0.534289,-0.0597942,-3.5,0,0.315482,0.936464,-0.153318
-20.1895,-0.95525,-35.454,-0.666636,-0.697261,-1.6,0,0.512845,0.577163,-0.63551
-24.782,-5.1105,-26.6318,-0.0854361,0,4.5,1,-0.198057,-0.839295,0.506317
-27.4977,-23.4095,-30.351,-1.93774,-0.187345,-3.5,0,0.825419,-0.19923,-0.528195
-52.899,-9.6775,-16.6472,0.157267,0,-1.6,0,-0.896971,-0.05422,-0.438752
-47.7985,-3.82875,-27.7505,0.759284,0.148229,-4.5,0,-0.455388,0.867504,-0.200147
-45.855,-18.555,-21.923,-0.0433577,0.82883,-4.5,0,0.47088,-0.532465,0.703387
-48.1025,-16.3505,-18.8818,0.00325264,0,-4.5,0,0.214598,0.014604,0.976593
-25.8193,1.29075,-43.4103,6.71636,0,-4.5,0,0.62693,-0.280836,-0.726698
-45.9678,-15.089,-39.6818,-0.730796,-0.965663,-0.7,0,-0.843888,-0.185906,-0.503282
-47.617,-1.583,-30.553,0.0143972,0,3.8,0,-0.798145,0.21868,0.561377
-28.0292,-24.6122,-22.8318,7.28188,0,-1.6,0,0.904409,-0.425893,0.0256687
-44.2448,-27.4175,-32.5098,0.203505,0,4.2,0,0.367091,-0.0339818,-0.929564
-63.5938,-28.1905,-26.7895,-0.741374,0,-4.5,0,-0.296787,-0.565584,0.769436
-38.4945,-8.28325,-40.9475,0.35597,0,2.60477,0,-0.10648,0.717893,-0.687962
-31.707,-28.3452,-26.4877,-0.102789,0,-4.5,0,-0.164936,-0.787633,-0.593659
-42.9075,-4.9205,-27.2725,-1.01291,-0.159235,2.27655,0,-0.443298,0.780694,0.440458
-60.5465,-21.7545,-32.347,-0.154849,0,-0.7,0,-0.553419,0.610239,-0.566865
-56.2565,-10.2128,-24.951,-1.67756,0,-3.5,0,-0.0966395,0.114006,0.988769
-58.815,-13.381,-32.835,0.0713068,0,4.2,0,-0.576277,0.43068,-0.694564
-60.5885,-15.9782,-32.289,0.0340451,0,4.2,0,-0.878028,0.339645,-0.337207
-24.496,-4.44875,-40.7965,-0.553629,-0.598917,-0.7,0,0.759439,0.160751,-0.630405
-63.491,-23.123,-19.721,0.20071,0.517982,-4.5,0,-0.823574,-0.528721,0.205376
-35.4805,-5.3075,-28.0273,-0.0563949,0,-1.58369,1,0.00769339,-0.363198,0.93168
-34.8025,-6.825,-42.963,-0.284749,-0.705408,-0.8,0,-0.401658,-0.430609,-0.808236
-52.7005,-29.638,-31.5505,-0.948674,-0.299858,-0.4,0,0.25874,-0.698477,-0.667221
-56.383,-9.5985,-34.0165,0.0364219,0,3.8,0,-0.392552,0.457768,-0.797716
-61.6027,-19.156,-21.5158,0.319266,0.301807,-4.5,0,-0.0918365,0.595004,-0.798459
-29.243,2.83,-41.855,0.18495,0,-1.6,0,-0.201569,-0.247082,-0.947798
-28.112,-5.12325,-42.7405,-0.0345107,0,-0.7,0,-0.0366088,-0.204476,-0.978187
-49.5669,-6.06225,-21.9956,0.526596,0,-4.5,0,-0.820802,-0.188366,0.539261
-21.4661,-12.8501,-33.2202,-0.305129,0,-0.8,0,0.503362,-0.864072,0.00260895
-38.7282,-9.8245,-28.1488,0.83823,0,2.5,1,0.122084,0.055445,0.99097
-35.4427,-25.5837,-25.771,0.338591,0,-3.5,0,-0.00885855,-0.808045,-0.589054
-26.595,-8.66,-39.977,0.620588,-0.635345,-0.8,0,0.285704,-0.317081,-0.904341
-54.17,-21.696,-34.356,-0.109586,0,4.2,0,-0.254864,-0.64785,-0.717868
-27.1877,-18.5877,-33.7036,0.0706664,0,-1.6,0,0.435954,0.193824,-0.87885
-50.8549,-18.5785,-18.7359,-0.787951,0.0123453,-4.01633,0,0.0744787,0.140057,0.987338
-28.7025,-14.5028,-38.1175,0.0106962,0,2.8,0,0.254884,-0.817584,-0.516324
-32.8305,-6.23138,-43.3231,-0.0533415,0,-0.8,0,0.327826,-0.49134,-0.806917
-29.1505,-16.4416,-37.459,0.0272722,0,2.8,0,0.82849,-0.0374271,-0.558752
-48.2384,-8.53988,-37.2453,0.0686552,0,-0.8,0,-0.383634,0.92282,0.0350552
-30.8431,-21.4252,-32.9697,0.47177,0.537826,-3.5,0,0.158974,-0.683336,-0.712586
-38.9805,-23.8496,-35.5506,0.135045,0,-0.7,0,-0.866813,-0.337638,-0.366927
-56.4235,-28.677,-27.765,-0.508195,0,-0.4,0,-0.299285,-0.73022,0.614172
-62.0115,-18.2396,-28.5109,-0.0782344,-0.0642534,-0.7,0,-0.249883,0.94331,0.218461
-34.046,2.918,-35.696,2.71547,0,-3.9,0,-0.314986,0.895972,-0.313078
-50.0073,-6.9845,-16.7463,0.508801,0,-1.6,0,-0.10161,0.782612,-0.614161
-28.9263,0.32875,-37.0802,0.704439,0,-0.9,0,0.5323,0.735924,0.418416
-49.0197,-32.1114,-26.0204,0.928021,0,-4.5,0,-0.0167179,-0.53617,0.843945
-35.3464,-3.70863,-42.7784,0.399357,-0.32819,-0.8,0,-0.702442,0.687132,0.185539
-30.5072,-19.9194,-28.4071,-0.761962,-0.624869,-1.6,1,-0.00839869,0.19876,0.980012
-28.1491,-0.30025,-40.9311,-0.0359595,0,-3.33703,0,-0.805325,0.0650847,-0.58925
-42.9115,-17.039,-18.6222,-0.725464,0,-3.5,0,-0.283394,-0.958516,0.0305918
-45.1175,-28.334,-22.8945,0.794068,0,-4.5,0,0.35416,-0.808774,0.469527
-29.4049,-19.9255,-37.2433,-0.02679,0,2.8,0,0.616586,-0.67271,-0.409002
-37.5127,1.847,-34.3025,0.840048,0,-1.6,0,0.0787995,0.962272,0.260429
-48.7821,-21.0336,-21.2366,-2.06591,-0.0408008,-3.5,0,0.392383,-0.234393,0.889436
-55.0262,-21.3135,-17.8818,-0.0664915,0,-3.5,0,-0.976786,0.184555,0.108756
-36.233,-20.138,-47.8925,0.243605,0,-1.6,0,-0.437858,0.0388712,-0.898203
-53.8957,-8.54225,-28.9816,-0.28206,0,-3.5,0,-0.118576,0.9548,-0.272574
-51.4528,-8.4545,-17.9316,0.250639,0,-1.6,0,-0.497281,0.653798,-0.570316
-30.3403,-3.90788,-42.1031,-0.0157953,0,-0.7,0,-0.361309,0.384554,-0.849455
-40.7253,-20.6887,-34.7744,-0.838253,0,-3.2,0,0.108824,-0.980598,0.163047
-30.0182,-8.68525,-25.3272,-0.0689076,0,4.5,1,-0.0165616,0.470928,0.882016
-27.4884,-10.8704,-28.1816,0.203199,0,-2.47152,1,0.272246,-0.227373,0.934978
-25.7915,-4.79075,-26.3805,-0.0498578,0,4.5,1,-0.292483,-0.689804,0.662287
-58.2664,-11.0879,-33.0775,0.045967,0,3.8,0,-0.457189,-0.345651,-0.819453
-43.857,-24.8335,-19.313,-0.786434,-0.570641,-3.5,0,-0.376805,0.289511,0.879887
-51.5521,-31.3905,-27.5234,1.00074,0,-4.5,0,-0.85878,-0.479747,0.179832
-41.759,-20.9072,-36.8452,0.676246,0,-3.2,0,-0.00900937,-0.97198,-0.234889
-59.374,-23.655,-20.528,0.546312,0,-4.5,0,0.0658418,-0.95211,0.298581
-46.4728,-23.105,-21.4797,0.481269,0.868785,-4.5,0,0.279318,0.431951,0.857555
-42.418,-5.33588,-23.9669,-1.17837,-0.211689,-3.5,0,-0.344891,0.925671,0.155513
-51.8635,-21.2384,-16.7879,0.154553,0,-3.5,0,0.680745,-0.0828387,0.727821
-61.0255,-31.2099,-28.3826,0.170138,0,-4.5,0,-0.326347,-0.817967,0.473737
-57.7115,-15.4726,-26.3886,0.351683,0,-4.5,0,-0.541115,-0.159231,0.825736
-44.0132,-7.7285,-39.406,0.088727,0,-0.7,0,-0.570493,-0.309697,-0.760674
-37.7253,-27.3865,-25.7283,0.207921,0,1.8,0,0.861485,-0.211871,-0.461471
-52.7139,-11.2911,-22.7604,0.187956,0,-0.4,0,-0.663446,0.59998,0.447061
-55.5126,-8.57769,-33.0602,0.0334638,0,3.8,0,-0.283537,0.878159,-0.385285
-27.1887,-19.5427,-27.6912,-1.14988,-0.901454,-3.5,0,0.32038,0.944216,0.0762368
-39.0277,-21.414,-38.3496,0.656562,-0.994099,-0.7,0,-0.315278,-0.650085,-0.691368
-29.1881,-5.08913,-42.1671,0.0556524,0,-1.03195,0,-0.36523,-0.0702515,-0.928263
-40.1315,-1.6525,-30.5445,-0.895489,-0.156027,-3.5,0,-0.313346,0.944088,0.102527
-38.829,-11.9625,-47.7962,0.598429,0.182747,-4.5,0,0.010211,-0.467741,-0.883807
-29.5881,-3.27594,-42.3824,0.0338834,0,-0.7,0,-0.654136,0.289624,-0.698731
-31.8213,-23.1427,-22.9158,0.795419,0,-1.6,1,-0.709987,0.615412,-0.342326
-56.3134,-15.7345,-25.1235,-0.106144,0,-4.5,0,-0.840053,0.170588,0.514986
-42.1258,-25.7165,-28.3867,0.190197,0,-4.5,0,0.0553692,-0.299772,-0.952403
-22.2815,-1.54925,-36.963,1.02207,0,-1.6,0,0.215267,0.898544,-0.382464
-37.968,-6.93113,-27.4686,-0.24446,0,-1.9506,1,0.417944,-0.399878,0.815733
-39.443,-0.591,-32.6025,0.241988,0,-1.6,0,-0.756613,0.325717,0.566961
-35.2555,-12.8305,-22.0045,-0.460404,0.383897,-3.2,1,0.93859,0.20501,0.277524
-49.6227,-21.0042,-34.7277,0.718232,0,0.956442,0,-0.281803,-0.150106,-0.947658
-50.5641,-11.9653,-21.5539,0.631282,0.00388529,-0.433695,0,-0.131626,0.316048,0.939568
-45.1221,-2.09525,-28.9982,-0.0127327,0,3.8,0,0.130232,0.224011,0.965846
-44.4181,-0.76375,-29.2432,-0.0943261,0,3.8,0,0.433828,0.351221,0.829721
-22.6196,-1.30575,-27.2844,0.131086,0,4.5,0,0.444218,0.845363,0.296702
-46.1782,-18.9625,-37.648,-0.0970762,0,-0.7,0,-0.43395,0.314733,-0.844174
-33.972,-3.72587,-44.3095,0.70184,0.482437,-0.8,0,0.356084,0.485299,-0.798554
-39.6035,-2.5265,-27.4795,-0.24936,0,-3.5,0,-0.447069,0.872048,0.199151
-40.1979,-17.068,-19.9615,-0.0649819,0,-3.00757,0,0.18016,-0.740758,0.647163
-41.0181,-15.7829,-15.4832,-0.717719,-0.0165499,-3.5,0,0.833037,-0.322505,0.449489
-26.344,4.248,-42.14,0.49307,0,-4.5,0,0.291298,0.737936,-0.608766
-34.0653,-10.4323,-25.3673,-0.114129,0,4.2,1,0.509921,0.666564,0.543758
-29.5136,4.50125,-37.647,0.555623,0,-1.6,0,0.485052,0.177638,0.856253
-34.8507,-0.33825,-30.0907,0.0591498,-0.132698,-2.57254,0,-0.48946,0.760189,0.427249
-40.1485,-9.177,-26.2015,-0.0203359,0,4.2,1,0.987814,0.0249501,-0.153628
-59.317,-7.94187,-27.9851,0.183708,0,-4.5,0,0.127739,0.986956,-0.0979867
-52.4755,-5.4395,-33.5035,0.0223529,0,1.8,0,-0.434001,0.897898,0.0736396
-63.9164,-21.0298,-28.2101,-0.233883,0,-0.7,0,-0.991707,-0.126211,0.024241
-28.7922,-11.2747,-27.498,0.102753,0,4.5,1,0.583536,-0.416037,0.697423
-32.5491,-21.7193,-32.9652,-0.192141,0,-3.5,0,0.0551387,-0.578073,-0.81412
-48.466,-8.6015,-36.2327,0.046817,0,-0.8,0,-0.172433,0.96519,-0.196661
-49.0246,-11.7714,-19.0483,0.240815,0,-0.8,0,-0.762912,-0.452216,-0.462024
-46.7944,-28.8155,-32.5974,0.220396,0,-1.9761,0,0.259821,-0.940015,-0.221053
-43.4188,-25.2122,-29.3043,-0.203257,0,-4.5,0,0.717899,-0.532041,-0.448948
-48.289,-4.57375,-29.0225,0.0288508,-0.438151,-4.5,0,-0.709375,0.704107,0.0319449
-20.9608,-8.11537,-37.9356,1.39957,0.0874061,-3.5,0,0.425672,0.776402,-0.46476
-45.4435,-14.736,-18.7725,-0.681625,-0.79274,-3.5,0,-0.580991,-0.332328,0.742972
-44.3621,-28.9522,-24.8482,0.381553,0,-4.5,0,0.34042,-0.893484,0.292919
-26.8503,-20.4576,-31.1404,-0.0184781,0,-1.6,0,0.741785,-0.61351,0.27085
-50.591,-6.355,-24.394,0.0893367,0,-0.7,0,-0.59062,0.77715,-0.217269
-38.9545,-10.9593,-27.7927,0.0264194,0,2.5,1,0.344137,0.550848,0.760353
-34.0445,-24.2209,-33.0751,-1.66743,0,-3.5,0,0.556769,-0.155835,-0.815919
-44.8506,-3.64037,-22.1751,0.181447,0.454931,-4.5,0,0.606351,0.718215,-0.341328
-23.48,-1.59063,-37.1794,0.94895,0,-1.6,0,-0.233837,0.878619,-0.416352
-41.305,-3.731,-38.636,-0.0102989,0,-0.7,0,0.428696,0.724233,-0.540099
-32.0742,-16.0753,-44.1775,-0.0504337,0,-0.4,0,0.893684,-0.448357,0.0174644
-31.6424,-25.4159,-19.411,-0.0627887,0,-0.4,0,0.569213,-0.46759,0.676281
-33.4642,-11.2315,-43.7352,-0.0138959,0,-4.5,0,0.820068,0.217963,-0.529132
-29.5394,-20.5235,-34.5201,-0.0704701,0,2.19361,0,0.209404,-0.910273,-0.357145
-26.0548,-13.202,-37.3755,-0.0795174,0,2.8,0,0.574004,-0.780121,-0.248858
-43.8198,-7.38675,-16.219,0.659504,0,-0.4,0,0.0478944,0.292277,-0.955134
-35.6867,-12.676,-46.983,0.390001,0,-3.5,0,0.433521,0.411974,-0.801459
-38.8134,-25.5674,-29.1795,0.0232737,0,-4.5,0,0.687759,-0.707365,0.163163
-47.8927,-32.2706,-30.8424,0.396816,0,-4.5,0,-0.126128,-0.275535,-0.952981
-27.499,-22.9608,-23.7635,0.97205,0,-3.5,0,0.69171,0.293234,0.659963
-50.2849,-10.6841,-21.8124,0.942773,0.65608,-0.7,0,-0.41374,0.267121,0.870325
-34.0757,-12.4073,-24.5829,-0.197304,0,4.2,1,0.619206,0.0608677,0.782866
-40.5184,-3.55325,-27.8762,-0.63836,0,-3.5,0,-0.533919,0.827167,0.175285
-60.4364,-23.5594,-21.1536,0.0506352,0,-4.5,0,-0.159568,-0.97982,0.120375
-30.6047,-5.3465,-24.0661,-0.0801071,0,4.5,1,0.0336822,-0.640196,0.767473
-39.1645,1.52125,-35.7965,0.466146,0,-1.6,0,-0.71413,0.678782,-0.171093
-53.2202,-25.0117,-34.474,0.031564,0.237901,-3.5,0,-0.17779,0.159682,-0.971026
-57.0723,-29.1338,-28.4422,-0.33727,-0.180639,-1.17289,0,-0.0329959,-0.780141,0.624733
-49.702,-12.3042,-17.3943,0.0491845,0,-1.0641,0,-0.706868,-0.703138,-0.0770328
-47.4351,-8.73312,-39.3126,-0.222999,0,-0.8,0,-0.120188,0.553806,-0.823926
-34.2775,-0.78225,-28.215,-0.999245,-0.223078,4.5,0,-0.495851,0.627771,0.60003
-36.2905,-13.3617,-20.0415,-0.305876,-0.924011,-0.7,0,0.403349,0.381217,0.831855
-24.1129,-12.5929,-37.7524,-1.13531,-0.0629491,-3.5,0,-0.455556,-0.598474,-0.659013
-52.6634,-29.048,-27.0076,0.176387,0,-1.16136,0,-0.410427,-0.217487,0.885579
-28.858,1.4065,-33.486,-0.752732,-0.222296,-3.5,0,-0.227493,0.970214,0.0832566
-55.59,-11.481,-25.5853,-1.35194,0,-3.5,0,-0.10881,-0.486327,0.866975
-53.6365,-7.63487,-33.849,0.259537,0,1.8,0,-0.965894,0.214809,-0.144589
-58.8374,-19.583,-21.5574,0.945173,0,-4.5,0,-0.0426344,0.966867,-0.251697
-46.283,-13.5227,-17.4125,-0.518735,0,-0.8,0,-0.295988,-0.910701,0.288122
-56.414,-13.1882,-33.4753,0.00287426,0,4.17529,0,-0.509094,0.0417453,-0.859698
-21.5115,-1.9005,-29.0885,0.169836,0.00899123,4.5,0,0.886517,0.41796,-0.19849
-24.82,-5.83938,-27.6605,-0.190663,0,4.5,1,0.00207219,-0.677387,0.735624
-43.5064,-21.0755,-37.8686,0.264849,0,-2.92221,0,0.00517348,-0.999627,-0.0268229
-23.589,-2.76588,-38.2811,0.579842,0,-1.6,0,-0.0853405,0.536526,-0.839558
-26.9681,-13.0844,-38.9775,0.17396,0,2.8,0,0.484394,-0.376041,-0.789909
-36.2469,-26.5877,-23.0094,-0.531625,-0.267616,-3.5,0,0.528444,-0.826253,-0.195071
-37.0615,-10.4338,-26.8826,0.0793748,0,3.56227,1,-0.683648,0.661019,0.309322
-21.55,-12.1392,-35.8172,-0.17342,-0.0120218,-2.94958,0,0.781159,-0.622955,-0.041442
-58.895,-27.7323,-26.5968,-0.213118,0,-3.5,0,0.0510786,-0.8787,0.474634
-41.1441,-3.38212,-35.2474,-0.992043,0,-1.6,0,-0.632009,0.774869,-0.011908
-46.2492,-29.0429,-20.4592,0.478661,0,-4.5,0,0.487411,-0.859196,0.155603
-43.7977,-9.61425,-18.1975,-1.26762,0,-3.5,0,-0.0964821,0.993952,-0.0524465
-27.7862,4.43162,-38.277,-0.454705,0,-3.5,0,-0.0854316,0.272835,0.95826
-50.9768,-26.7685,-20.5194,1.13865,0,-4.5,0,-0.450126,-0.765137,0.460382
-58.912,-28.366,-27.3895,-0.101691,0,-4.5,0,0.231243,-0.601142,0.764955
-31.206,-22.5395,-23.762,0.4468,0,-1.6,1,-0.744259,0.429949,-0.5111
-43.2275,-14.2238,-12.17,-0.485137,0,-3.5,0,0.397905,-0.102971,0.911629
-49.074,-30.3995,-30.2472,0.23822,0,-4.5,0,-0.23891,-0.211951,-0.947628
-33.212,-12.782,-46.1382,-0.877778,-0.32488,-3.5,0,0.245418,0.717222,-0.652198
-59.638,-26.8831,-23.5326,-1.92349,-0.0369888,-3.5,0,-0.212205,-0.836959,0.50445
-54.8563,-14.267,-24.9708,-0.69902,-0.115037,1.17416,0,-0.378222,0.847724,0.371904
-49.3064,-12.7972,-37.6704,-0.238581,0,-1.6,0,0.158118,-0.105577,-0.98176
-34.7331,-24.0835,-29.1409,-0.853768,0,-3.5,0,-0.776013,-0.592643,0.215819
-61.9162,-25.115,-30.1737,-0.557827,0,-3.35066,0,-0.695848,-0.0433028,-0.716883
-33.297,-20.2545,-47.129,0.190591,0,-1.6,0,0.829494,-0.16655,-0.533105
-35.251,-21.823,-24.8285,0.337651,0,-3.5,1,0.759381,0.593044,0.267657
-30.2156,-21.8905,-26.0882,0.474364,0.546073,-3.5,1,-0.686016,0.634277,0.356476
-44.144,-22.3655,-21.3475,-0.0360207,0,2.8,0,-0.172123,0.247269,0.953537
-57.2301,-18.8164,-24.037,-0.165052,-0.368598,1.16352,0,-0.546901,0.604498,0.579209
-50.4139,-22.0931,-34.8445,-0.559535,-0.26589,-2.28608,0,0.029302,0.253059,-0.967007
-23.6562,-9.55825,-39.7455,-0.046523,0,-1.15995,0,0.0218772,0.151758,-0.988176
-47.606,-8.39075,-35.6603,-0.671872,-0.267471,2.8,0,-0.287697,0.929777,-0.229661
-31.2675,0.226625,-32.337,0.552085,0,-3.9,0,0.165526,0.791574,0.588228
-42.1546,-28.0408,-26.5816,0.0307597,0,0.520632,0,-0.286814,-0.955803,-0.0646466
-53.8133,-8.4315,-31.2428,-0.419176,-0.0392406,2.82466,0,-0.23109,0.888923,0.395491
-39.7389,-15.9744,-44.4124,0.0397704,0.332917,-3.5,0,-0.652885,-0.30142,-0.694901
-47.7421,-4.70775,-31.1499,-0.105459,0,3.8,0,-0.743619,-0.219904,-0.631406
-56.1623,-24.1975,-21.4242,0.791001,0.135256,-4.5,0,-0.100412,-0.792241,0.601891
-33.6984,-19.4226,-40.8579,0.0180096,0,-3.5,0,0.686808,-0.481887,-0.544132
-32.152,-7.55562,-27.5343,-0.112566,0,4.5,1,-0.828624,-0.1882,0.527222
-34.827,-17.2276,-47.3672,0.231003,0,-3.5,0,-0.0843689,-0.210417,-0.973964
-29.5613,-15.3875,-39.5003,0.233425,0.644289,-3.5,0,0.984834,-0.14653,-0.0929052
-51.9272,-20.5707,-34.239,-0.074189,0,2.98345,0,0.0848626,0.0050046,-0.99638
-57.5035,-14.4172,-33.5665,0.0909948,0,4.2,0,-0.135474,0.394429,-0.908885
-28.696,-9.93925,-42.1577,-0.177336,0,-3.5,0,0.658499,-0.0963145,-0.746393
-61.2509,-20.9046,-25.2244,0.301134,0,-3.5,0,-0.0925957,0.443323,0.891566
-44.8864,-12.829,-12.4733,-1.15469,-0.787677,-3.5,0,-0.485673,0.0718833,0.87118
-63.4254,-18.6201,-27.9949,-0.0554692,0,-0.7,0,-0.575406,0.807294,0.131088
-31.8293,-23.8095,-26.298,0.511407,0.844445,-4.5,1,-0.21047,0.704957,0.677302
-36.2975,-26.266,-24.2884,0.180111,0,-3.5,0,0.460876,-0.855205,-0.237102
-45.688,-30.1752,-25.9445,0.672546,0.811071,-4.5,0,0.557375,-0.45897,0.691866
-33.6661,-20.9062,-33.9367,-0.381839,-0.117637,3.0504,0,0.165347,-0.920518,-0.353987
-46.0098,-8.1205,-18.6114,-0.29739,-0.319163,-0.8,0,0.365477,0.916779,-0.161068
-23.4048,-8.337,-39.4691,0.727848,0,-1.40944,0,0.305663,0.336978,-0.890514
-20.1965,-9.047,-34.5573,0.342381,0,1.8,0,0.848203,-0.486893,0.208535
-49.183,-3.82625,-22.9002,0.539284,0,-4.5,0,-0.721894,0.678581,-0.135636
-25.8845,-19.873,-25.8965,-1.38028,-0.728462,-3.5,0,0.809919,0.576003,-0.110692
-63.1693,-19.2501,-26.8008,-0.0214198,0,-0.7,0,-0.588602,0.497212,0.637439
-62.2433,-28.8997,-30.96,-0.0345396,0,-4.5,0,-0.567484,-0.0275335,-0.822924
-52.3968,-6.56825,-35.3592,0.196368,0,1.8,0,-0.348666,0.276277,-0.895602
-37.2215,-27.1435,-24.728,0.0899311,0,1.8,0,0.9189,-0.319414,-0.231513
-48.7769,-8.00275,-32.1725,-0.551765,0,1.8,0,0.505605,0.828087,-0.242148
-40.525,-14.5865,-44.4033,-1.10008,0.0120332,-3.5,0,-0.74485,-0.451432,-0.491333
-44.7566,-27.359,-22.1825,0.34713,0,-4.5,0,0.607967,-0.702486,0.369986
-26.7125,-8.7275,-27.059,-0.0391729,0,4.5,1,0.333004,-0.0558678,0.941269
-38.6725,-5.17812,-24.2905,-1.60599,-0.0347704,-3.5,1,0.664631,0.279402,0.692964
-36.1935,-22.5042,-20.6028,-0.223475,-0.38108,-1.89637,0,-0.189185,0.906599,0.37721
-58.3525,-8.886,-32.5319,0.0221082,0,3.8,0,-0.463532,0.784288,-0.412348
-35.6141,-3.4505,-28.3429,0.646903,0,1.01613,1,-0.0315179,0.558284,0.829051
-37.6872,-1.4385,-40.4408,0.292068,0.0244817,-3.5,0,-0.16615,-0.833075,-0.527617
-34.9814,-26.542,-32.1606,-0.201774,0,-4.5,0,0.411349,-0.76234,0.499629
-47.7006,-7.48375,-10.1692,-0.0463575,0,-0.8,0,-0.255564,0.518223,0.816169
-25.6419,3.58713,-37.6382,1.43646,0,-3.5,0,-0.366246,-0.327417,0.871012
-50.8255,-32.7645,-27.7275,0.937614,0,-4.5,0,-0.668898,-0.743297,-0.00923192
-32.4227,-26.7078,-21.9125,-0.255202,-0.39738,-0.921166,0,-0.0677866,-0.994758,0.0765647
-39.8075,-7.97,-23.0386,-0.362531,0.791846,-3.2,1,0.349799,0.765534,0.539998
-26.5055,-14.675,-30.8805,-0.800653,0,-3.2,0,0.697558,-0.247406,-0.67246
-37.067,-21.225,-42.5305,0.145222,0,3.5887,0,-0.0650251,-0.939162,0.337264
-57.4825,-13.0413,-33.0291,0.0751604,0,3.90795,0,-0.315746,0.261864,-0.911993
-63.8711,-21.2159,-20.8722,-0.0760212,0,-4.5,0,-0.98179,-0.0823402,0.171196
-51.0115,-14.696,-36.968,0.146883,0,-1.6,0,-0.0235773,-0.513438,-0.857803
-41.2825,-11.1562,-41.9605,-0.219091,-0.89283,-1.08675,0,-0.820267,0.193008,-0.538433
-33.5295,-20.2245,-40.2135,-0.35408,0,-3.5,0,0.673229,-0.583898,-0.45368
-30.7544,-19.4689,-38.3755,-0.487616,-0.585795,-3.5,0,0.304322,-0.819071,-0.486324
-59.3665,-19.9074,-24.5114,-1.89803,-0.844345,4.2,0,-0.777593,0.242526,0.580113
-36.6035,-27.2623,-21.877,-1.03394,-0.728756,-3.5,0,0.535054,-0.811669,0.234331
-41.0574,-9.59325,-47.6594,0.509337,0.0243095,-4.5,0,-0.514503,0.655949,-0.552284
-30.1549,-18.5987,-28.792,-1.04217,-0.0486957,-1.6,1,0.25236,0.406218,0.878238
-48.6895,-27.3162,-24.943,0.328155,-0.350875,-4.5,0,-0.238934,-0.883958,0.401907
-44.9265,-29.4853,-25.771,0.313876,0.30766,-4.5,0,0.452506,-0.861136,0.231698
-28.0379,-11.7525,-28.0357,0.133545,0,-3.2,1,0.312418,0.120853,0.942226
-22.6488,-1.219,-35.7293,1.86106,0,-1.6,0,-0.13515,0.920982,-0.365412
-52.6415,-21.5434,-34.4847,-0.3489,-0.0425303,3.10915,0,-0.13232,0.0293937,-0.990771
-32.5516,-23.035,-26.8816,0.0484003,0.0505262,-3.5,1,0.260248,0.743397,0.616142
-60.1456,-26.5702,-31.076,-0.258246,-0.278648,-2.81,0,-0.474754,-0.106218,-0.873685
-60.3961,-26.9287,-25.4643,-0.612227,-0.303279,-4.00686,0,-0.133555,-0.900666,0.413478
-49.0332,-13.0658,-16.8202,-0.186449,0,-0.8,0,-0.558946,-0.795509,0.233978
-44.9379,-3.72038,-20.2064,0.217996,0,-4.5,0,0.634946,0.429922,0.641881
-59.1935,-21.7787,-24.0238,-0.314302,0,-3.99646,0,-0.780719,0.616719,0.100674
-34.8019,-22.5029,-33.4697,-1.18768,-0.483558,-1.81749,0,0.815482,-0.134071,-0.563041
-34.066,-24.1278,-18.7171,-0.577274,-0.451953,-0.4,0,0.0640577,0.187786,0.980119
-47.4271,-9.68175,-9.93762,-0.379858,0,-0.8,0,0.0443,-0.476934,0.877822
-45.803,-11.5165,-14.0343,0.14817,0,-3.5,0,-0.749017,-0.616994,0.241438
-48.7214,-9.42025,-10.1984,-0.187762,0,-0.8,0,-0.468753,-0.47231,0.746454
-46.4055,-21.4463,-37.1645,-0.955397,-0.366518,-0.7,0,-0.164097,-0.555329,-0.81528
-48.322,-32.6155,-26.5565,0.587509,0,-4.5,0,0.0768797,-0.826397,0.557815
-63.2261,-27.7509,-29.93,-1.36116,0,-4.5,0,-0.550475,0.0375374,-0.834007
-32.966,-17.0519,-42.79,-0.218507,-0.258784,1.4803,0,0.849567,-0.484653,-0.208201
-38.2537,-1.32512,-31.8709,0.345795,0,-1.6,0,-0.0685893,0.695227,0.71551
-58.181,-27.3575,-32.7295,-0.421831,-0.44866,-3.5,0,-0.77791,0.0180817,-0.628115
-45.4487,-32.2253,-26.5041,0.494585,0,-4.5,0,0.422477,-0.633515,0.648206
-57.0348,-25.125,-22.1405,-1.11884,-0.172023,-3.77251,0,0.197571,-0.579999,0.790296
-36.6758,-5.48263,-40.5303,0.459495,0,2.07529,0,-0.538809,0.757707,-0.368191
-44.5083,-10.4537,-38.0016,-0.0314774,-0.243992,-0.726222,0,0.527487,0.401996,-0.748437
-38.5429,1.80813,-33.4827,0.289113,0,-1.6,0,-0.177439,0.87975,0.441083
-39.3063,-22.807,-35.8181,-0.43555,-0.238324,-0.7,0,-0.900347,-0.434997,0.0123656
-52.1623,-9.47812,-23.8171,-0.0282236,0,-0.7,0,-0.881598,0.1709,0.439976
-41.7541,-15.7577,-41.3069,-0.101144,0,3.8,0,-0.61226,0.37168,-0.697848
-35.009,-21.0492,-47.9239,0.187456,0,-1.6,0,0.0649991,-0.469597,-0.880485
-61.9999,-21.2915,-21.9417,-0.020014,0,-4.5,0,-0.0617364,0.425334,-0.902928
-42.1893,-9.46775,-39.5845,-0.801925,-0.491782,-0.752854,0,-0.962845,-0.0490384,-0.265564
-35.8294,-6.266,-42.1247,-0.0764922,-0.100459,2.4255,0,-0.845974,-0.143493,-0.513554
-53.5875,-24.5648,-18.4925,0.671598,0,-3.5,0,0.0211486,-0.997582,0.0662023
-54.5522,-8.1905,-28.044,-1.33457,-0.0521796,-3.5,0,0.0602187,0.960166,-0.272865
-25.7001,4.91638,-37.7012,0.290123,-0.323902,-3.5,0,-0.307538,0.267228,0.913242
-43.3564,-16.6359,-15.159,-0.187127,0,-3.5,0,-0.318079,-0.904085,-0.285405
-45.3413,-24.1254,-21.6806,0.17708,0.515475,-4.5,0,0.165038,0.495814,0.852602
-31.899,-16.601,-41.9863,0.0915375,0,-1.95013,0,0.60811,-0.474937,-0.636111
-51.2939,-15.693,-36.3369,-0.00743586,0,2.64669,0,0.0460767,-0.370132,-0.927836
-45.278,-27.3657,-32.9118,0.195039,0,4.2,0,0.403007,0.00638523,-0.915175
-30.1528,-6.16125,-42.0913,0.187768,0,-3.5,0,-0.114478,0.248344,-0.961884
-45.49,-7.57475,-36.2495,0.209925,0,1.02142,0,-0.648057,0.739335,-0.182772
-23.9879,-4.93412,-25.7166,-0.0568396,0,4.5,1,-0.263096,-0.76687,0.585398
-38.2804,-16.9964,-44.7603,0.0945656,0,0.81378,0,-0.551966,-0.383352,-0.740523
-29.3158,-4.12,-23.85,-0.0459773,0,4.5,1,0.39069,-0.193704,0.899911
-33.4772,-13.6292,-46.7955,-0.901541,-0.9563,-3.5,0,0.323087,0.377059,-0.86801
-27.8442,-19.473,-28.499,-0.768869,-0.298758,-2.80017,0,0.309774,0.85762,0.410521
-26.7699,-7.42112,-40.9699,0.533955,-0.124627,-2.87912,0,0.562651,-0.630682,-0.534474
-49.3192,-25.7167,-19.1383,0.520831,0,-4.5,0,-0.280575,-0.196094,0.939587
-46.0624,-19.82,-22.0369,-0.147556,0,2.8,0,0.38652,-0.119431,0.914515
-36.0687,-4.56425,-27.1418,-0.12023,0,-3.5,1,0.267689,-0.0122458,0.963427
-42.0433,-14.2469,-41.2451,-0.0662927,0,-2.02951,0,-0.60727,-0.316815,-0.728595
-43.7959,-5.38363,-34.5534,0.239337,0.0237935,-0.484505,0,-0.64505,0.763737,-0.0248349
-34.0192,-2.96813,-41.37,0.257227,0,-0.8,0,-0.46843,0.736609,-0.487833
-34.7397,1.1515,-31.9734,0.766968,0,-3.9,0,-0.387137,0.72234,0.573018
-40.254,-8.25225,-21.7009,-0.424159,0,-0.7,1,0.597115,0.802145,-0.00419883
-31.259,0.1485,-34.8256,1.05374,0,-3.25704,0,0.443732,0.894656,0.0518802
-23.1,-13.2087,-34.6135,-0.160746,0,-0.8,0,0.150949,-0.986712,0.0601149
-51.2936,-5.31775,-33.1629,-0.0317962,0,1.8,0,0.154964,0.973024,0.170912
-31.6435,-26.3438,-20.9393,-0.476898,-0.381331,-1.6,0,0.351229,-0.87686,0.32826
-42.3101,-4.13125,-34.208,-0.983228,-0.676591,-1.6,0,-0.471967,0.881415,-0.0188231
-50.1398,-27.6077,-22.5165,1.06152,0.364064,-4.5,0,-0.342985,-0.836442,-0.427465
-47.0112,-1.80562,-29.5413,0.0561175,0,3.8,0,-0.664168,0.225696,0.7127
-45.2195,-3.00575,-21.3114,0.44399,0.0137623,-4.5,0,0.447285,0.89432,-0.0113552
-36.6624,-4.18237,-38.2195,0.00686231,0,-2.02933,0,-0.480362,0.26893,-0.834823
-35.2376,-11.6418,-22.2135,-0.593376,0.117686,-3.2,1,0.817273,0.208942,0.537036
-39.5024,-8.602,-43.4355,0.38783,0,-4.5,0,-0.193633,0.928149,0.317878
-38.4367,1.16625,-42.3893,0.227141,0,-3.5,0,-0.410055,0.0992173,-0.906648
-31.2501,-23.0775,-32.0662,0.366813,0.0673163,-3.5,0,0.225614,-0.350141,-0.90912
-42.5354,-8.08212,-16.7816,-0.429137,0,-0.4,0,-0.261374,0.657218,-0.706929
-38.041,-17.9209,-20.1672,-1.23266,-0.605609,-0.7,0,0.00287558,-0.358381,0.933571
-26.595,1.00888,-39.6582,-0.109239,-0.791912,-4.5,0,0.638079,-0.680601,0.360051
-53.907,-15.118,-34.987,0.165862,0,3.8,0,-0.525778,0.127281,-0.841045
-44.7723,-15.319,-13.7355,-0.720035,-0.0501397,-3.5,0,-0.823514,-0.564031,0.0607715
-28.9465,-17.9545,-37.7342,-0.045586,0,2.8,0,0.86204,0.152311,-0.483413
-35.7369,1.2685,-40.5243,0.330193,0,-3.5,0,0.443506,0.313888,-0.83951
-53.9465,-27.777,-33.679,-1.18078,0,-3.5,0,0.537182,-0.530469,-0.655773
-25.5627,-0.507,-34.2837,0.830405,0,-3.69286,0,0.186538,0.861171,-0.472852
-56.3768,-16.452,-23.0315,-0.718114,-0.398484,-0.8,0,-0.94138,0.208329,0.265336
-37.8522,-20.9685,-41.8275,0.0645555,0,3.8,0,0.0280119,-0.991359,0.128152
-55.7585,-13.8632,-25.8835,-0.304906,-0.140093,-0.970153,0,-0.0467753,0.52611,0.849129
-42.0998,-7.03875,-20.4039,-0.682354,-0.181547,-2.24443,0,-0.209332,0.730714,0.649798
-41.0312,-24.7852,-19.9009,-1.22343,-0.0981899,-3.5,0,0.428745,-0.0525975,0.901893
-47.8327,-26.2595,-34.9098,0.552558,0.232907,-3.5,0,0.592938,0.28335,-0.753749
-60.2957,-18.5173,-31.3664,0.0975569,0.0337184,1.47337,0,-0.698834,-0.37664,-0.60809
-31.9624,-0.542125,-31.6774,0.781103,0,-3.75067,0,0.15787,0.751259,0.640849
-34.7324,-18.3824,-47.4804,0.724747,0,-1.6,0,0.0257049,0.257659,-0.965894
-35.3415,-6.11375,-43.4523,-0.608636,-0.983204,-0.8,0,-0.517603,-0.536729,-0.666341
-50.4976,-14.1395,-20.8094,0.0782405,0.258634,-2.03225,0,-0.129312,0.58527,0.800461
-43.7996,-23.3091,-21.1699,-0.31518,0,-0.808775,0,-0.328871,0.479843,0.813385
-32.7803,-0.396375,-29.9864,-0.435229,0,3.09272,0,0.423081,0.905564,-0.0309183
-63.9958,-23.4277,-21.6501,-0.883116,0,-3.5,0,-0.0407748,-0.369573,0.928307
-45.4369,-13.019,-13.3965,-0.97313,-0.235037,-3.5,0,-0.981078,-0.119475,0.152355
-42.227,-27.95,-22.7743,-1.09107,-0.127301,-3.5,0,-0.249237,-0.882562,0.398705
-24.2348,-14.6652,-28.9083,-0.489847,0.266856,-3.2,0,0.884387,-0.424248,0.194613
-28.3295,-9.95325,-26.7407,-0.0024232,0,4.5,1,0.645206,-0.460387,0.609716
-31.1308,0.117625,-40.8606,-0.0542273,-0.0792251,-1.14209,0,0.292232,-0.392584,-0.872054
-58.0168,-19.7192,-22.1602,0.301434,0,-4.5,0,-0.225491,0.973816,-0.0289304
-59.6263,-8.49575,-29.1299,-0.033033,0,-4.5,0,0.0335911,0.837324,-0.545674
-46.5317,-16.147,-37.2006,-0.248388,-0.943251,-0.7,0,-0.510935,-0.221014,-0.830722
-40.7645,-28.7617,-26.4608,0.227936,0,1.8,0,-0.513607,-0.828095,-0.224649
-44.7421,-4.73187,-23.9597,0.0889645,0.921125,-4.5,0,0.682733,0.653221,-0.32738
-32.646,-23.9104,-23.05,0.415069,0,-1.6,1,-0.0451729,0.94226,-0.331823
-58.078,-29.2455,-33.9145,0.0805821,0.00505539,-4.5,0,-0.164335,0.078676,-0.983262
-36.0635,-3.111,-38.5438,-0.552451,-0.374687,-3.5,0,-0.480718,-0.279231,-0.831228
-58.3314,-8.5755,-31.4309,0.00611802,0,3.8,0,-0.400802,0.907427,-0.126233
-56.758,-15.205,-34.02,0.358914,0,4.2,0,-0.196757,0.401618,-0.894421
-37.8575,-15.5153,-46.9985,0.509798,0,-3.5,0,-0.485828,-0.53507,-0.691138
-40.7715,-2.99725,-32.8955,-0.173885,0,-1.21601,0,-0.553851,0.829826,-0.0680971
-34.988,-13.584,-23.1467,-0.285688,0.356566,-2.01574,1,0.913487,0.192294,0.358558
-46.4403,0.23225,-31.8258,0.0129819,0,3.8,0,-0.125892,0.992025,-0.00617291
-37.6684,0.179,-42.1802,0.584363,0,-3.5,0,0.263402,-0.48181,-0.83575
-50.587,-6.12213,-31.6221,-0.192376,-0.395597,-1.6531,0,0.180123,0.907295,0.379962
-51.7574,-24.4755,-19.1842,0.419815,0.264495,-3.89525,0,0.0785636,-0.599619,0.79642
-45.932,0.530875,-30.462,-0.00196992,0,3.8,0,-0.129028,0.942154,0.309352
-60.1091,-20.6929,-25.1635,-0.271322,-0.912604,4.2,0,-0.464224,0.2065,0.861309
-45.8068,-1.11437,-28.9492,-0.0168806,0,3.8,0,-0.154677,0.218115,0.963587
-43.7246,-2.36175,-32.1488,0.128582,0,3.8,0,0.753883,0.410484,-0.512995
-40.2637,-29.7665,-25.628,0.127177,0,1.8,0,-0.468548,-0.828542,-0.306564
-40.3545,-21.657,-36.086,0.17346,-0.82527,-0.916868,0,-0.503298,-0.793936,0.34111
-48.2594,-33.2065,-30.1345,0.538303,0,-4.5,0,-0.240737,-0.841011,-0.484507
-49.9045,-4.87687,-21.5308,0.459127,0,-4.5,0,-0.990801,0.0392287,0.129518
-35.6651,-9.59525,-21.9595,0.0482225,0,-3.2,1,0.572016,0.188042,0.798397
-50.0809,-13.2131,-21.2821,0.343693,0,-0.4,0,-0.0391186,0.250431,0.967344
-42.8052,-3.3345,-32.1965,0.401356,0,-0.8,0,0.0833355,0.929592,-0.359047
-40.5901,-24.7979,-33.779,0.925475,0,-4.5,0,-0.388227,0.108221,-0.915187
-51.889,-11.7983,-38.4618,0.0766035,0,-1.6,0,-0.259775,-0.00766712,-0.965639
-62.2873,-26.9517,-30.1745,-0.486385,0,-4.5,0,-0.439502,0.273604,-0.855558
-42.2065,-9.086,-13.5835,-0.235374,0,-0.882551,0,0.51305,-0.0461271,0.857118
-28.4614,-18.8109,-34.8596,-0.25514,0,0.274524,0,0.909426,0.0355088,-0.414348
-54.8213,-21.7535,-16.0917,-1.02934,-0.856243,-3.5,0,-0.697128,-0.251,0.671574
-41.222,-17.005,-43.7825,-0.0436453,0,3.8,0,-0.670177,0.202285,-0.714104
-54.7979,-20.7008,-34.9053,-0.106777,0,4.2,0,-0.287748,-0.267915,-0.919469
-45.6608,-6.996,-35.0755,0.673797,0.0569123,2.8,0,-0.671399,0.706453,-0.223936
-39.9528,-7.85012,-25.9694,-0.59961,0,4.2,1,0.915667,-0.378063,-0.136464
-24.7173,0.100875,-28.8344,-0.7088,-0.535544,4.5,0,0.38617,0.914563,0.120193
-41.5607,-15.9005,-14.3013,-0.107719,0,-3.5,0,0.867824,-0.350745,0.351938
-36.2286,1.52912,-34.0936,1.55729,0.27962,-2.87571,0,-0.136912,0.931447,0.337138
-28.8144,-18.6135,-29.1125,-1.09178,-0.682803,-1.6,0,0.190083,0.434994,0.880141
-44.6661,-31.6344,-27.0508,0.63073,0,-4.5,0,0.853148,-0.222356,0.471908
-60.695,-19.9085,-19.2405,0.220383,0,-4.5,0,0.284456,0.560965,0.777433
-47.7455,-28.9886,-31.9659,0.166709,0.0505323,-3.5,0,0.0403889,-0.99535,-0.0874504
-39.833,-21.0471,-35.2752,0.497986,-0.412031,-2.13331,0,-0.513849,-0.804695,0.297364
-22.4802,-1.00787,-28.6401,0.668418,0.456818,4.5,0,0.541998,0.805708,0.238902
-29.6208,-10.1997,-42.6185,-0.464805,-0.323163,-3.5,0,0.317008,-0.212562,-0.924296
-22.2009,-12.854,-38.0881,-1.10929,-0.677926,-3.5,0,0.432463,-0.680465,-0.59156
-43.8501,-19.5784,-22.2572,-0.396051,0,3.58223,0,-0.286836,-0.0579471,0.956226
-50.2625,-7.38387,-35.2601,0.355574,0,1.8,0,0.466388,0.510856,-0.722155
-46.8479,-1.50412,-34.3208,0.0176032,0,3.8,0,0.00301654,0.097941,-0.995188
-47.568,-24.3132,-34.0724,0.39209,0,-3.5,0,0.605694,-0.195917,-0.771201
-24.609,-10.517,-39.732,-0.508504,-0.184299,-2.32728,0,-0.059432,-0.411957,-0.909263
-25.0045,-4.29125,-25.395,-0.0314151,0,4.5,1,-0.253335,-0.622332,0.740624
-51.833,-23.107,-18.3305,0.79805,0,-3.5,0,0.706629,-0.468003,0.530706
-45.4451,-5.37162,-33.0166,0.0294791,0.485133,3.26918,0,-0.611846,0.110336,-0.783243
-60.7795,-8.2055,-29.0018,0.448956,0.448923,-4.5,0,-0.289714,0.760764,-0.580779
-48.4272,-20.7826,-35.5747,0.137361,0,-0.7,0,-0.706521,-0.357546,-0.610729
-45.0897,-19.4919,-41.0364,0.430495,0,-3.2,0,-0.936604,-0.217953,-0.274354
-37.0965,-20.7625,-39.4305,0.29171,0,-1.35386,0,-0.308229,-0.882408,-0.355458
-33.7308,-20.7399,-38.9883,0.1114,0,-3.5,0,0.53035,-0.835413,-0.144268
-39.7365,-6.518,-39.0219,-1.03966,0,-0.8,0,-0.109254,0.678209,-0.726703
-45.0667,-6.18162,-34.185,0.674254,0.878458,2.8,0,-0.675008,0.68339,-0.278106
-28.9802,-6.04063,-42.5718,-0.39366,0,-3.5,0,-0.301365,0.229648,-0.925441
-56.1965,-14.3722,-25.1213,-0.136819,-0.0372215,-1.05553,0,-0.555384,0.548601,0.624969
-38.9144,-1.20987,-38.5935,0.142782,0,-3.5,0,-0.869245,-0.368756,-0.329291
-29.7985,-21.1485,-32.9865,1.0537,0.0204718,-2.54992,0,-0.0583197,-0.785547,-0.616048
-36.7115,-1.9105,-39.5065,0.362127,0,-3.5,0,-0.0869335,-0.746537,-0.65964
-36.3276,-9.33463,-27.1705,0.112791,0,0.858731,1,-0.256912,0.586759,0.767926
-38.4805,-13.001,-47.2598,0.515733,0.802665,-3.5,0,-0.306538,-0.168863,-0.93676
-59.0885,-10.8335,-32.4309,0.0769773,0,3.8,0,-0.828433,-0.212522,-0.518202
-36.2814,-11.2367,-47.0371,1.27534,0.110677,-4.5,0,0.576975,-0.0239306,-0.816411
-49.736,-6.01788,-30.8909,-0.837776,-0.515415,-4.5,0,-0.178446,0.888883,-0.421953
-51.5846,-30.3685,-30.0145,-0.253371,-0.068652,-3.99274,0,-0.0456149,-0.738024,-0.67323
-26.7537,4.55825,-37.782,-0.629938,-0.0541368,-3.5,0,-0.328605,0.084354,0.940693
-41.8448,-3.24956,-31.8043,0.0674961,0,-0.8,0,-0.197281,0.941747,-0.272384
-35.2761,-14.9882,-48.0946,0.307677,0,-3.5,0,0.198939,0.181236,-0.963108
-50.9533,-7.56287,-30.3904,-0.419995,-0.889998,-1.43395,0,-0.569622,0.72406,0.388932
-61.12,-30.98,-31.1495,1.10831,0.366768,-4.5,0,-0.818145,-0.318526,-0.478728
-43.5532,-15.3285,-12.659,-0.576358,-0.0102936,-3.5,0,0.10559,-0.477081,0.872493
-35.1147,2.13212,-38.2555,0.0203351,-0.282547,-2.40629,0,0.206396,0.944544,0.255417
-36.6302,-16.4182,-47.2926,0.553682,0,-3.5,0,-0.44579,-0.535127,-0.717573
-31.6213,-17.8139,-46.1253,-1.19828,-0.347478,-1.6,0,0.981888,-0.0635176,-0.1785
-46.239,-32.9927,-28.6985,0.163681,0,-4.5,0,0.398025,-0.916448,-0.0412179
-47.332,-4.459,-32.072,-0.0688255,0,3.8,0,-0.747655,-0.481001,-0.457875
-29.8158,-21.486,-24.121,0.0642167,0,-2.36707,1,-0.387939,0.872189,-0.297977
-26.8589,-2.82075,-25.9853,0.0371797,0,4.5,1,-0.260821,0.33234,0.906379
-23.5811,-13.4201,-37.1118,-1.41589,-0.202185,-3.5,0,-0.292613,-0.942973,-0.158683
-49.94,-21.4424,-21.032,-0.332689,0,-3.5,0,0.45448,-0.323347,0.829997
-44.2897,-26.5632,-21.0245,-0.356555,-0.400348,-3.5,0,0.380034,-0.866278,0.324249
-62.2537,-18.5879,-19.6728,0.298253,0.0934892,-4.5,0,-0.0919571,0.845603,0.525831
-40.0438,-1.72462,-32.7127,0.086566,0,-1.77145,0,-0.850427,0.352292,0.390723
-63.605,-20.7671,-29.4689,-0.215327,0,-0.7,0,-0.802404,-0.352498,-0.481553
-33.9974,-14.0056,-24.6414,-0.0713511,0,4.2,1,0.710888,-0.11086,0.694513
-41.0303,-7.04588,-19.7323,-0.177165,0,-0.7,0,-0.0961577,0.995062,0.0245986
-40.39,-26.8531,-33.7784,0.523234,0.0966243,-4.5,0,-0.526622,-0.228141,-0.818914
-63.774,-25.2465,-23.7325,-0.583037,0,-3.5,0,-0.0458934,-0.910403,0.411169
-49.309,-18.2575,-19.123,-0.0347236,0,-4.48483,0,0.145534,-0.374399,0.915776
-20.908,-2.457,-28.104,0.0338649,0,4.5,0,0.900655,0.432469,-0.042334
-30.945,1.30375,-41.857,-0.9429,0,-1.6,0,0.130062,-0.403132,-0.905852
-44.9427,-11.0183,-12.484,-0.0288808,-0.0366375,-3.38867,0,0.0768281,-0.133419,0.988077
-34.3269,-26.1364,-19.305,0.183161,0,-0.4,0,-0.397295,-0.607432,0.687883
-41.7909,-14.0136,-13.2349,0.19193,0,-3.5,0,0.677846,-0.177031,0.713572
-54.5892,-28.9762,-31.9452,-0.473367,-0.380113,-2.20849,0,0.0432889,-0.951179,-0.305588
-31.1625,-14.7013,-43.7863,-0.053945,0,-0.4,0,0.921188,-0.0756924,-0.381686
-61.3428,-12.9058,-29.7085,0.607944,0.572673,-4.5,0,-0.579879,-0.583925,-0.56813
-23.0443,4.70563,-37.3085,0.622652,0,-3.5,0,0.611472,0.0240485,0.790901
-22.1057,-10.0192,-39.9419,0.0799728,0,-3.5,0,0.086373,0.0154136,-0.996144
-39.6702,-15.5972,-18.118,-0.255111,0,-3.5,0,0.573448,-0.498404,0.650193
-48.1317,-8.36362,-38.4891,-0.0182106,0,-0.8,0,-0.518379,0.817641,-0.250493
-41.4545,-7.22563,-16.0697,-1.04864,0,-0.4,0,0.47998,0.737041,-0.475804
-50.7189,-18.6321,-35.0921,0.157111,0.421295,1.78409,0,-0.19494,-0.347203,-0.917305
-42.4803,-15.247,-40.8165,0.0862251,0,-0.7,0,-0.147879,0.0382431,-0.988266
-39.8091,-29.4669,-23.6349,-0.0309812,0,1.8,0,0.0308394,-0.752339,0.658054
-48.7257,-22.89,-21.2915,-0.12041,-0.035349,-4.4326,0,0.20932,0.503265,0.838397
-64.8473,-26.2957,-29.304,-1.26372,0,-4.5,0,-0.518182,0.220634,-0.826322
-41.9325,-9.4435,-40.8275,-1.0866,-0.119513,-0.8,0,-0.856214,0.231764,-0.461717
-21.0506,-11.1366,-35.5892,0.261975,0,-2.12492,0,0.974819,-0.212553,-0.0674485
-41.846,-21.2852,-34.6333,-0.168124,-0.455165,-2.00077,0,0.660893,-0.648909,-0.377011
-37.8868,-21.4044,-45.4235,0.722572,0,-1.6,0,-0.848196,-0.519239,-0.104663
-43.3952,-12.6067,-12.4768,-0.383602,0,-3.5,0,0.126165,0.124481,0.984168
-41.5726,-3.35725,-37.2726,-0.137938,0,-0.7,0,-0.0871521,0.996164,-0.0078396
-25.366,3.147,-42.0913,2.0042,0,-4.5,0,0.697657,0.360758,-0.618973
-37.644,2.072,-35.42,0.996082,0,-1.6,0,-0.179583,0.982338,0.0525493
-38.8435,-1.86875,-30.742,-0.309703,-0.176622,-3.1851,0,0.0111011,0.969892,0.243284
-48.1565,-28.0779,-19.4002,0.0656344,0,-4.5,0,-0.34701,-0.50972,0.787254
-29.0441,6.385,-39.8215,0.539874,0,-1.6,0,0.327968,0.916128,0.230535
-40.9185,-25.8045,-28.855,-0.00854761,-0.00234738,1.8,0,-0.734357,-0.38356,-0.560002
-39.5117,-9.10425,-47.376,-0.0929952,0,-4.5,0,0.101791,0.769081,-0.630994
-65.637,-27.4441,-27.5796,-2.59975,-0.715473,-4.5,0,-0.920911,-0.376576,0.10057
-55.3138,-8.6315,-28.7967,-1.00172,-0.200903,-3.5,0,-0.0562872,0.899426,-0.433434
-47.0317,-3.4255,-24.8005,0.996355,0,-4.5,0,0.0866673,0.98776,-0.12969
-51.0622,-16.7983,-19.0128,0.20849,0.00552738,-4.5,0,-0.654616,0.273687,0.704679
-29.3525,0.647,-30.86,0.365327,0,-3.5,0,-0.410692,0.886943,0.21134
-30.416,4.236,-42.082,0.445437,0,-1.6,0,-0.244829,-0.11022,-0.963281
-52.1065,-12.1416,-21.4317,0.142971,0,-0.4,0,-0.324589,0.391721,0.860928
-35.769,1.15638,-33.0364,1.13163,0,-2.58394,0,-0.255397,0.837283,0.483456
-45.5148,-29.6187,-30.8285,0.234597,0,4.2,0,0.117405,-0.84103,-0.528095
-23.442,-4.39275,-38.9285,-0.189315,-0.141656,-0.810841,0,0.723026,0.24019,-0.647721
-29.3235,-26.5734,-27.6637,-0.121612,-0.0291921,-3.63044,0,-0.0697057,-0.336892,-0.93896
-58.9665,-12.3461,-31.883,0.160623,0,3.94521,0,-0.79764,-0.0181396,-0.602861
-36.3797,-19.6082,-24.7202,-0.240969,0,1.8,1,0.863103,0.0170114,0.504741
-38,-20.2955,-45.9888,0.536792,0,-1.6,0,-0.838227,0.136118,-0.52806
-64.0567,-25.8145,-25.5648,-0.587473,-0.248749,-3.99141,0,-0.536648,-0.610233,0.582773
-34.7195,-21.3752,-34.4675,-0.854375,-0.724846,2.99422,0,0.719885,-0.667703,-0.189576
-32.3708,-14.4642,-26.1278,-0.0390042,0,4.2,1,0.760312,-0.374461,0.530759
-41.3978,-17.7318,-20.3913,-0.170957,0,0.408321,0,-0.0210948,-0.748957,0.662282
-27.2725,-21.8388,-28.3662,-1.05159,-0.28714,-3.5,0,0.859417,-0.000217722,-0.511275
-47.918,-22.2127,-35.4712,0.134047,-0.994355,-0.7,0,-0.501739,-0.669042,-0.548307
-58.5654,-18.9209,-32.8667,-0.0899045,0,4.2,0,-0.575212,-0.587991,-0.568681
-36.371,-25.7546,-20.5317,-0.104426,-0.0261303,-1.97746,0,0.11482,-0.626239,0.77113
-63.775,-26.3778,-29.6276,-1.20508,0,-4.5,0,-0.366853,0.293018,-0.882926
-60.1975,-24.94,-32.2311,-0.823657,-0.326989,-0.7,0,-0.47867,-0.550963,-0.683604
-44.0964,-3.68175,-38.1281,0.0124581,0,-0.7,0,-0.723539,0.689651,0.0295212
-36.4842,-25.8838,-25.5536,0.279776,0,-3.5,0,0.25744,-0.827058,-0.4997
-60.1423,-19.4697,-25.3854,-0.485162,-0.711714,3.75218,0,-0.482868,0.487374,0.727534
-56.4803,-22.2095,-19.4177,0.356812,0,-4.5,0,-0.0845361,0.0405828,0.995594
-31.6,-22.081,-32.5755,0.242928,0.359148,-3.5,0,0.156667,-0.532303,-0.831931
-34.2557,-16.4937,-22.637,-0.0834782,0,-0.7,1,0.806379,-0.568035,0.164589
-58.1179,-17.9077,-26.1987,0.222658,0,4.2,0,-0.710679,0.55507,0.432242
-61.564,-20.397,-21.739,0.176701,0,-4.5,0,-0.131315,0.211133,-0.968597
-60.625,-21.0278,-30.8162,-0.285285,0,-0.7,0,-0.445936,0.535975,-0.716849
-38.6918,1.80963,-34.7616,0.623525,0,-1.6,0,-0.419381,0.907203,0.0332
-49.7253,-5.74525,-24.3426,0.565858,0,-2.84301,0,-0.836491,0.492398,-0.240475
-50.682,-28.0952,-31.9058,-0.930724,0,-3.5,0,-0.0648131,-0.89081,-0.449731
-62.1763,-22.6985,-18.2655,0.203609,0,-4.5,0,-0.198841,-0.162772,0.96642
-55.1955,-9.2175,-25.3435,-0.736931,0,-3.5,0,0.153626,0.462645,0.873131
-49.173,-28.7775,-32.1969,-0.218007,-0.232934,-3.5,0,-0.328838,-0.944319,-0.0112586
-34.7207,-20.3827,-42.4931,-0.177803,-0.401317,-3.06531,0,0.753821,-0.655612,-0.043896
-19.2605,-4.436,-33.1015,-0.809319,-0.0488051,1.8,0,0.736965,0.215237,0.640746
-58.5191,-20.6197,-19.5489,0.949648,0,-4.5,0,0.224994,0.39347,0.89138
-37.7838,-27.433,-31.6159,0.139168,0,-4.5,0,0.198489,-0.377615,0.904438
-48.2565,-8.55762,-9.87537,-0.139176,0,-0.8,0,-0.440272,0.154606,0.884453
-21.8476,-13.044,-32.1856,0.198157,-0.440474,-0.8,0,0.400887,-0.88351,0.242279
-47.798,-22.38,-21.631,-0.374624,0,-4.5,0,0.203472,0.276322,0.939279
-34.4035,-21.4338,-44.8203,0.220305,0,-1.6,0,0.583633,-0.653224,0.482359
-36.3467,-1.30275,-29.608,0.358709,0,-3.9,0,-0.323224,0.878752,0.351172
-33.865,-21.6982,-32.9544,-0.789491,0,0.962921,0,0.383772,-0.483722,-0.786595
-47.6989,0.009375,-32.5574,0.00990128,0,3.8,0,-0.540323,0.841423,-0.00763585
-56.9004,-26.2431,-23.3408,-1.70059,-0.149788,-3.5,0,0.467472,-0.747332,0.472192
-34.1036,-19.7973,-43.0872,-0.17671,0,-0.00658819,0,0.704297,-0.603089,0.374498
-51.3652,-29.1928,-25.8818,0.194743,0,-4.5,0,-0.467393,-0.170393,0.867473
-25.6353,-1.30775,-26.7582,-0.0620829,0,4.5,1,-0.169415,0.597676,0.783634
-37.5288,-14.1015,-47.4873,0.793992,0,-3.5,0,-0.238265,0.0586378,-0.969428
-39.8486,-7.94525,-27.1388,-0.129307,0,-2.29826,1,0.67606,-0.630554,0.381242
-27.8614,-24.9929,-28.7103,-0.289578,-0.248692,-3.5,0,0.382674,-0.579025,-0.719924
-27.0314,-18.7639,-29.6281,-0.288662,-0.159152,-2.61468,0,0.525198,0.0912745,0.846071
-43.6997,-3.60812,-39.1292,0.0354023,0,-0.7,0,-0.503402,0.706311,-0.497705
-32.8435,-24.944,-32.2025,-0.81819,0,-3.5,0,0.520487,-0.387421,-0.76092
-54.248,-26.1315,-25.2235,-0.618686,-0.532986,1.8,0,0.0435717,-0.916849,0.39685
-32.3415,-11.3749,-42.5433,-0.47531,-0.143186,-1.69597,0,0.483646,0.006605,-0.875239
-31.7558,5.66962,-41.4945,0.257951,0,-1.6,0,-0.758821,0.359702,-0.542959
-54.8667,-26.2138,-34.8465,-0.447304,0,-3.5,0,0.32317,0.00527549,-0.946326
-44.93,0.805375,-31.3734,0.000369719,0,3.8,0,0.0932235,0.979882,-0.17647
-51.2604,-19.5849,-34.3783,0.154744,0,1.8,0,-0.252336,-0.343014,-0.904803
-47.2007,-31.5053,-25.7875,0.979843,0.204799,-4.5,0,0.148005,-0.446538,0.882439
-45.8634,-5.75225,-20.2414,-0.56155,0,-4.5,0,0.0446372,-0.317981,0.947046
-25.7484,-7.41512,-40.4292,0.649716,0,-0.775685,0,0.362459,-0.532762,-0.764714
-41.5316,-4.32438,-39.4596,0.0399708,0,-0.7,0,0.54502,0.417944,-0.726827
-60.682,-19.669,-30.5969,0.13461,0,-0.7,0,-0.416965,-0.183256,-0.890257
-30.9389,-0.679,-30.2281,0.639238,0,-3.5,0,-0.330498,0.943521,0.0232267
-52.9414,-10.0267,-15.4906,0.0995041,0,-1.6,0,-0.94198,-0.305978,0.138026
-21.903,-3.94388,-24.8315,-0.0227012,0,4.5,1,0.275364,-0.0457162,0.960253
-47.3909,-12.2074,-38.1777,0.562984,-0.0287626,-0.8,0,-0.410274,-0.61031,-0.677641
-38.8973,-16.0575,-45.033,0.178912,0,-3.5,0,-0.640511,-0.513138,-0.571345
-30.9671,-23.659,-24.5316,0.784395,0.221496,-2.84443,1,-0.747117,0.572215,-0.338212
-45.475,-0.784,-33.3493,0.0223507,0,3.8,0,0.575999,0.404418,-0.710403
-18.8865,-5.54612,-34.2784,-1.11127,-0.645578,1.8,0,0.928693,-0.355678,-0.104988
-23.3417,-3.93112,-25.0245,-0.0248503,0,4.5,1,-0.132676,-0.188441,0.973081
-32.9816,-23.8598,-25.8365,-0.434388,-0.543068,-3.5,1,0.507996,0.730818,0.4559
-54.3092,-24.2017,-20.728,0.84471,0.0144936,-4.5,0,-0.408318,-0.838612,0.360563
-47.068,-8.069,-18.339,-0.781666,0,-0.8,0,-0.14636,0.86381,-0.482089
-41.1292,-18.3158,-44.0132,0.0348838,0,3.8,0,-0.530797,-0.279943,-0.799929
-44.2397,-1.56362,-32.8891,0.0198335,0,3.8,0,0.701199,0.321536,-0.636345
-62.222,-18.3137,-29.7215,0.880612,0.172168,-0.7,0,-0.602055,0.698019,-0.387685
-62.7225,-19.918,-21.6318,-0.179879,0,-4.5,0,-0.192963,0.397737,-0.896978
-42.3018,-24.6201,-31.9104,0.31421,0,-4.1143,0,-0.449809,-0.626184,-0.63684
-54.1657,-12.2679,-35.6161,-0.925653,0,3.0691,0,-0.618306,0.0111759,-0.785858
-46.2281,-16.9409,-19.5906,0.133511,0,-4.5,0,0.374283,-0.383522,0.844288
-29.737,-24.185,-30.8895,-0.355611,-0.398257,-3.5,0,0.383019,-0.63773,-0.668279
-38.1294,-5.70512,-38.849,-0.113725,0,1.46576,0,-0.441416,0.798773,-0.408794
-29.7731,-16.0085,-38.3307,-0.0591939,0,1.58176,0,0.944784,-0.121063,-0.30451
-36.4598,-23.554,-27.743,-0.0396557,0,-3.5,0,0.0191909,-0.81114,-0.584538
-36.007,0.27475,-40.6976,0.502595,0,-3.5,0,0.394726,-0.145928,-0.907136
-22.773,-5.59125,-26.2845,-0.0687213,0,4.5,1,-0.0614042,-0.978965,0.194567
-31.8927,-6.393,-42.6444,0.538135,0,-1.33624,0,0.439184,-0.206968,-0.874232
-31.744,-12.592,-42.4775,-0.615693,0.000725042,-0.440071,0,0.429929,0.36464,-0.825953
-46.247,-7.596,-17.5335,-1.15276,-0.0178211,-0.8,0,0.293587,0.86005,-0.417278
-29.8678,-11.0405,-25.6877,-0.0682981,0,4.5,1,0.278823,-0.630009,0.724808
-33.3736,-26.6586,-23.9871,-0.0674766,-0.150112,-4.5,0,-0.608788,-0.727865,0.315577
-31.1973,-16.2938,-28.0349,0.00993207,0,1.8,1,0.752419,-0.0488354,0.656872
-36.0742,0.17575,-32.098,0.451241,0,-2.74909,0,-0.384972,0.541708,0.747227
-36.154,-21.9756,-47.363,0.17226,0,-1.6,0,0.0855424,-0.674769,-0.733055
-49.3954,-29.1822,-30.812,0.0827902,-0.16679,-4.31474,0,-0.241736,-0.76345,-0.598922
-61.3841,-23.4147,-18.6425,0.306053,0,-4.5,0,0.142298,-0.618415,0.772861
-46.3526,-9.11987,-9.99687,-0.264055,0,-0.8,0,0.524406,-0.326082,0.786555
-40.8758,-7.43975,-15.0642,-1.67218,-0.245587,-0.4,0,0.915523,0.350627,0.197175
-28.801,-7.5345,-43.0775,-1.29186,-0.293633,-3.5,0,-0.0656733,0.00703646,-0.997816
-57.2707,-18.096,-34.841,-1.35446,-0.481601,4.2,0,-0.424243,0.041769,-0.904585
-61.8806,-19.8321,-26.0859,0.233997,0.0627195,-1.01524,0,-0.257367,0.550509,0.794168
-43.1172,-11.1853,-38.2552,-0.572981,0,-0.7,0,-0.236958,0.696679,-0.677118
-41.191,-5.13338,-23.5257,-1.19925,-0.653014,-3.5,0,0.104504,0.818618,0.56475
-47.4033,-29.1898,-20.1575,0.383381,0,-4.5,0,-0.220347,-0.872501,0.436107
-20.194,-5.3875,-31.016,-1.36019,-0.398086,3.8,0,0.892374,0.348551,0.286673
-60.5656,-26.743,-24.2774,-1.86523,-0.0100977,-3.5,0,-0.377129,-0.878054,0.29461
-52.8853,-26.0265,-34.3925,0.415615,0.654717,-3.5,0,0.037912,-0.364801,-0.930313
-50.965,-30.737,-26.024,0.402606,0,-4.5,0,-0.581959,-0.188531,0.791062
-38.7815,-20.688,-43.7899,0.213141,0,1.50587,0,-0.601107,-0.647493,-0.468425
-23.5522,-1.076,-26.5273,0.0529462,0,4.5,0,0.250187,0.770914,0.585746
-50.7248,-20.9725,-34.5529,0.045472,0,1.8,0,-0.165149,0.160337,-0.973148
-24.4191,-7.37225,-39.7829,0.46662,0,-0.8,0,0.562443,-0.118782,-0.818259
-58.9375,-20.2645,-31.836,-0.0679316,0,1.20372,0,-0.623262,-0.0595218,-0.779745
-30.8936,-2.38425,-24.3805,-0.0141675,0,4.5,1,-0.190556,0.783161,0.591902
-39.0154,-27.4019,-31.4258,0.503156,0,-4.5,0,-0.0179189,-0.344152,0.938743
-22.511,-5.071,-25.2679,-0.047686,0,4.5,1,0.00922068,-0.656159,0.754566
-30.7715,-17.2115,-29.1733,0.0102617,0.289359,-0.364099,1,0.529575,-0.218158,0.81973
-45.0885,-27.4417,-20.4041,0.449565,0.482293,-4.5,0,0.761858,-0.583856,0.280507
-50.6116,-21.6367,-19.6001,0.39468,0,-3.5,0,0.976054,-0.107321,0.189208
-36.3795,-17.2475,-20.499,-0.195792,0,-0.7,0,0.48647,-0.557189,0.672969
-45.1387,-26.0594,-32.2004,0.25014,0,4.2,0,0.222803,0.229125,-0.947555
-24.5521,-11.5014,-27.3517,-0.123226,0,3.8,1,0.143667,-0.655206,0.741664
-33.676,-26.2255,-23.11,0.168374,0.761757,-3.58886,0,-0.313642,-0.948749,0.0387894
-61.355,-17.55,-29.7775,0.298686,0.0507672,-0.7,0,-0.445362,0.895333,0.00562435
-41.978,-5.1945,-22.196,-1.86708,-0.797155,-3.5,0,0.269078,0.91089,0.312851
-25.9175,-2.55562,-39.2075,1.1099,-0.0153252,-0.7,0,0.452456,0.89093,0.0390928
-25.0238,-0.14125,-30.385,0.467783,0,-0.426863,0,0.0744245,0.997208,-0.00615773
-57.7326,-8.8475,-29.8592,-0.0748719,0,3.8,0,0.00522683,0.999498,0.0312525
-54.6125,-22.2291,-33.4198,-0.00834645,0,4.2,0,-0.320668,-0.375536,-0.869566
-35.2878,-27.6558,-32.9357,0.245206,0,-4.5,0,0.785889,-0.496073,0.369175
-43.1263,-3.31238,-37.0802,-0.0299763,0,-0.7,0,-0.309562,0.870841,0.381847
-27.8422,-12.7389,-27.8468,-0.253226,0,-3.2,1,0.0793614,0.0470935,0.995733
-33.2865,-7.099,-43.0765,0.0157586,0,-0.8,0,0.17817,-0.395929,-0.900831
-52.3764,-24.0053,-18.2313,0.697739,0,-3.5,0,0.628422,-0.677676,0.381891
-29.5665,-2.856,-24.3059,-0.0110999,0,4.5,1,0.503272,0.659018,0.55894
-38.1721,-16.1511,-45.9174,0.20472,0,-3.5,0,-0.536533,-0.676845,-0.503997
-41.5542,-7.00712,-39.8377,0.252096,0,-0.750973,0,0.273973,0.532783,-0.800675
-32.8387,-28.6089,-24.8113,-1.23684,-0.338995,-4.5,0,-0.595408,-0.749464,0.289469
-37.5872,-19.5434,-22.7463,-0.308357,-0.251582,3.26062,0,0.684115,-0.359498,0.634624
-46.1699,-14.0089,-38.8068,-1.05339,-0.725536,-0.7,0,-0.88254,0.00940663,-0.470144
-44.1224,-4.258,-28.1885,-0.651996,-0.272245,2.44561,0,0.0744315,0.67739,0.731849
-58.6139,-8.61287,-28.8694,0.0333591,0,-4.5,0,0.143746,0.9346,-0.325362
-40.213,-9.07312,-16.968,-0.290269,0,-0.7,0,0.570969,0.637853,0.516854
-41.249,-9.147,-14.28,-0.397011,0,-3.5,0,0.787062,0.0618551,0.613765
-32.866,-19.4611,-46.2406,0.309431,-0.448944,-1.6,0,0.889856,-0.340572,-0.303592
-40.655,-3.30375,-37.7436,-0.34129,-0.468852,-1.6,0,-0.0395795,0.81468,-0.578559
-34.8198,-10.1362,-45.969,0.443376,0,-4.5,0,0.790727,0.399081,-0.464203
-30.004,-8.20362,-42.7091,-0.404675,-0.713909,-3.5,0,-0.00663226,0.152719,-0.988247
-19.4083,-6.07375,-33.1572,-0.262778,-0.544709,1.8,0,0.919913,-0.142301,0.36539
-33.4855,-23.1852,-19.295,0.00643785,0.0496261,-0.4,0,0.123542,0.68096,0.721825
-38.7562,-4.15637,-37.6611,-0.343968,-0.41958,-1.6,0,-0.09547,-0.00735976,-0.995405
-58.056,-29.042,-28.1908,-0.00952033,-0.114727,-3.75364,0,0.316854,-0.647636,0.692943
-54.2141,-8.8505,-30.2865,-0.348309,0,0.70043,0,-0.113832,0.981835,0.151796
-48.6872,-6.48056,-16.6308,0.257329,0,-1.6,0,0.063071,0.845135,-0.530819
-48.0191,-3.15738,-31.2418,-0.0218932,0,3.8,0,-0.980403,-0.191352,-0.0468451
-40.6765,-7.335,-22.636,-1.45906,-0.917616,-3.49916,1,0.852948,0.347413,0.389595
-39.4335,-26.551,-34.1885,0.645454,0,-4.5,0,-0.459025,-0.10287,-0.882448
-32.7854,-3.01388,-41.4965,0.0367853,0,-0.8,0,0.269036,0.748949,-0.605553
-41.2966,-11.4285,-46.8826,0.351148,0,-4.5,0,-0.77837,-0.579565,-0.241338
-47.2412,-2.86687,-34.1545,-0.00214669,0,3.8,0,-0.19326,-0.513472,-0.836061
-42.584,-5.044,-25.8395,-0.880898,0,0.409681,0,-0.592226,0.800582,0.0913066
-44.918,-8.1135,-16.5352,0.0139526,-0.138189,-0.600946,0,0.175798,0.466913,-0.866653
-51.4725,-10.187,-18.2865,0.51724,0,-1.6,0,-0.519117,-0.432405,-0.737254
-49.17,-32.2023,-30.445,0.722477,0.656042,-4.5,0,-0.514802,-0.217157,-0.82935
-55.256,-19.9132,-19.8167,-0.161344,0,-3.95221,0,-0.589857,0.409401,0.696031
-64.356,-24.3615,-21.943,-1.16987,-0.0600113,-3.5,0,0.213875,-0.61917,0.75557
-50.2267,-32.108,-25.9604,0.66922,0,-4.5,0,-0.252742,-0.438054,0.862687
-41.095,-13.3645,-15.0764,-0.118796,0,-3.5,0,0.920257,-0.172492,0.351245
-62.5028,-10.3527,-28.9708,0.340031,0.643371,-4.5,0,-0.976786,0.16963,0.130825
-56.9868,-16.0618,-25.8045,0.390876,0,-4.5,0,-0.742338,0.150762,0.652844
-57.5552,-24.7167,-33.6165,-0.756921,-0.577655,-3.5,0,-0.310829,0.545008,-0.778686
-38.4685,-8.77375,-20.5187,-0.150769,0,-0.7,1,0.832545,0.552103,0.0452988
-57.64,-20.0995,-19.7545,0.233818,0,-4.5,0,0.136405,0.544588,0.827537
-60.0848,-23.6319,-19.6465,0.789168,0.666353,-4.5,0,0.19879,-0.927602,0.316286
-49.4444,-10.4831,-21.201,0.329505,0.68125,-1.24014,0,-0.885337,0.204708,0.417459
-55.9864,-15.3009,-24.0946,-0.43026,0,-0.8,0,-0.930507,0.313376,0.189611
-40.3138,-2.47813,-31.9686,-0.689889,-0.0525676,-2.95832,0,-0.76815,0.639672,-0.0276653
-43.28,-7.59975,-40.3865,0.531196,0.272043,-0.7,0,-0.585893,-0.250167,-0.770809
-56.4656,-20.4061,-19.9964,0.244206,0,-4.5,0,-0.0240309,0.425392,0.90469
-24.982,5.66675,-37.8483,0.791183,0,-3.5,0,-0.321913,0.568067,0.757411
-40.974,-10.8068,-48.0822,0.510722,0,-4.5,0,-0.714655,-0.127435,-0.687771
-32.0368,1.69325,-33.7982,1.81016,0,-3.9,0,0.759566,0.611928,0.220463
-27.5409,-19.3945,-34.2715,-0.0420496,0,-1.6,0,0.609825,0.0495467,-0.790986
-58.6717,-9.87775,-33.3919,0.0255073,0,3.8,0,-0.567711,0.0629614,-0.820817
-45.0325,-5.413,-37.664,0.0162652,0,-0.7,0,-0.934882,0.349535,0.0618169
-34.1963,-20.5625,-41.2812,-1.725,0,-3.5,0,0.772875,-0.458143,-0.439054
-21.7566,-7.83875,-29.0527,-0.0397756,0,3.8,0,0.858997,0.116784,0.498483
-29.5702,-24.9281,-28.5304,0.240869,0,-3.5,0,-0.0455863,-0.879125,-0.474406
-46.3522,-32.9507,-27.2868,-0.0717822,0,-4.5,0,0.148604,-0.886144,0.438938
-37.013,-14.9095,-19.7016,0.190497,-0.246053,-0.7,0,0.448822,0.154074,0.880239
-52.7244,-8.87175,-14.9705,0.14387,0,-1.6,0,-0.857642,0.0739524,0.508902
-48.7065,-33.0515,-28.0182,0.594274,0,-4.5,0,-0.0263759,-0.9837,0.177875
-61.7555,-19.3995,-30.4772,0.578384,0.0621895,-0.7,0,-0.345993,0.039339,-0.937412
-60.3565,-17.2542,-32.6345,0.0017807,0,4.2,0,-0.766636,-0.19858,-0.610602
-58.2244,-12.3767,-32.5579,0.115641,0,3.99805,0,-0.477902,0.0635667,-0.87611
-43.6494,-24.5874,-32.1265,0.235277,0,-0.8,0,0.258451,-0.658558,-0.706756
-23.6968,-12.4722,-28.9554,-0.170444,0.267828,0.744028,0,0.720349,-0.599743,0.348432
-38.3923,1.67163,-36.938,0.272678,0,-1.6,0,-0.524669,0.833603,-0.172707
-48.7116,-15.632,-36.6786,-0.32586,-0.36331,-1.12454,0,-0.21547,-0.282254,-0.934829
-22.26,-11.2605,-28.638,-0.0530844,0,3.8,0,0.731273,-0.611217,0.302742
-22.4165,6.16612,-37.9266,-5.60182,0,-3.5,0,0.715627,0.425061,0.554257
-40.4588,-21.7486,-22.5759,0.096763,0,-3.5,0,0.113317,0.57774,0.808317
-37.702,-27.3002,-34.8495,0.0916038,0,-4.5,0,-0.198066,-0.177149,-0.964048
-38.3425,-9.484,-47.4175,0.406018,0,-4.5,0,0.1659,0.70508,-0.689448
-38.8671,-7.36188,-23.689,-0.359792,0.459106,-3.33721,1,0.678041,0.442174,0.587148
-39.6295,-9.96575,-16.473,0.439748,0.483514,-0.7,0,0.762037,0.182804,0.621194
-52.9964,-11.325,-24.1379,0.0942906,0,-0.4,0,-0.835453,0.334494,0.436041
-38.6331,-28.0955,-34.7295,-0.165666,0,-4.5,0,-0.298913,-0.166647,-0.939617
-33.1533,3.21925,-34.4035,1.82913,0.644871,-3.9,0,0.246568,0.940993,0.23181
-27.175,0.463625,-34.3589,0.142404,-0.0577754,-3.5,0,0.484334,0.829477,-0.278189
-26.1401,-10.027,-39.8551,-0.541782,-0.292158,-0.8,0,0.0947661,-0.308649,-0.946443
-29.0513,-15.5755,-34.3389,-0.387581,0,-0.189048,0,0.918908,-0.0142805,-0.394213
-58.4115,-31.07,-30.8167,0.359836,0,-4.5,0,0.459423,-0.840167,0.288185
-59.0336,-24.6585,-33.0807,-1.03805,-0.956567,-0.7,0,-0.307788,-0.0529689,-0.949979
-61.225,-18.01,-30.8043,0.411885,0.572483,-0.7,0,-0.670255,0.304331,-0.676861
-25.333,-5.41313,-41.4219,0.423843,0,-0.7,0,0.665733,-0.0957407,-0.740022
-55.781,-8.202,-31.565,-0.0895993,0,3.8,0,-0.0941017,0.988112,0.121571
-36.898,-19.9625,-23.4985,-1.13693,0,3.8,0,0.796726,0.179846,0.576961
-37.5581,-22.421,-21.9889,0.37412,0,-3.5,0,-0.263817,0.74212,0.616165
-21.2075,-8.82987,-32.8181,0.486303,0,-0.510569,0,0.820894,-0.333862,0.463325
-21.754,-9.20475,-28.6478,-0.0248332,0,3.8,0,0.947268,0.165624,0.27432
-26.6666,-24.5177,-26.073,-0.0595459,-0.176768,-3.5,0,0.968285,-0.134754,0.210393
-30.3776,-28.4357,-24.1345,-0.172091,0,-4.5,0,0.0588608,-0.946797,0.316404
-51.2163,-11.1628,-14.7195,0.00808717,0,-1.6,0,-0.201488,-0.799748,0.565514
-38.7312,1.242,-38.0812,0.304908,0,-3.32346,0,-0.798869,0.595459,0.0850702
-48.4684,-10.7172,-14.3997,-0.986832,-0.084843,-1.6,0,-0.307988,-0.830055,0.464922
-37.3314,-9.13813,-42.8811,0.163306,0.838939,-4.5,0,-0.145281,0.9879,0.0542785
-24.9545,-3.434,-41.038,0.221485,-0.0896978,-0.7,0,0.756439,0.477215,-0.447287
-50.1406,-5.79975,-23.0678,0.339579,0.471837,-2.74591,0,-0.890037,0.410656,0.197977
-56.9658,-8.77862,-28.9107,-0.3852,0,-3.5,0,0.0208057,0.968543,-0.247976
-50.1813,-9.18844,-18.8344,0.250248,0,-1.6,0,-0.352412,0.40286,-0.844695
-25.8195,-0.077875,-27.3521,-1.16102,-0.0781742,4.5,0,-0.0555761,0.700071,0.711907
-45.8517,-3.27025,-22.4865,0.206618,0,-4.5,0,0.422805,0.865821,-0.267562
-66.1233,-21.4608,-25.0783,-1.70872,-0.755529,-3.5,0,-0.558944,0.369383,-0.742386
-53.1768,-30.1982,-30.595,-1.61989,-0.261486,-0.4,0,-0.208774,-0.940507,-0.268068
-42.763,-8.115,-13.067,0.0872498,0,-0.4,0,0.544285,-0.0652889,0.836356
-39.8735,-28.946,-27.0578,-0.0027942,0,1.8,0,0.0597304,-0.707853,-0.70383
-55.0255,-22.2122,-17.3377,-0.176662,-0.305411,-3.5,0,-0.936498,0.000313039,0.350674
-42.5028,-8.58263,-19.3627,-0.96222,-0.985946,-0.7,0,-0.590298,0.678683,0.436963
-48.2327,-31.0385,-25.4228,1.62739,0.78293,-4.5,0,-0.0460094,-0.0330461,0.998394
-30.1475,-27.9745,-27.1789,0.113041,0,-4.5,0,0.0366632,-0.733877,-0.678292
-43.8232,-7.50488,-11.3494,-1.60216,-0.547486,-0.8,0,0.753051,-0.163781,0.637252
-42.439,-16.5499,-13.5372,0.169165,0.0603695,-3.5,0,0.478916,-0.677126,0.558694
-49.502,-13.8783,-37.9092,0.0526198,0,-1.6,0,0.0222712,-0.297857,-0.954351
-46.2612,-15.3258,-38.1041,-0.617384,-0.983704,-0.7,0,-0.797736,-0.245312,-0.550854
-50.408,-25.3102,-19.13,0.417374,0,-4.5,0,-0.00449797,-0.0336751,0.999423
-31.1601,-13.4552,-27.7755,0.267377,0,0.0980238,1,0.695697,-0.41097,0.589159
-27.1075,-23.7415,-28.87,-0.574341,0,-3.5,0,0.875108,-0.139084,-0.46351
-49.7705,-11.561,-18.2125,0.307208,0,-1.6,0,-0.650487,-0.514752,-0.558477
-40.2463,-22.33,-33.2719,0.116862,0,-4.5,0,-0.491458,-0.107622,-0.864226
-43.8399,-5.2805,-26.832,-0.550863,0,4.2,0,0.111431,0.919144,0.377832
-27.436,-16.037,-33.3232,-0.241011,0,-1.6,0,0.672616,0.258779,-0.693269
-32.4636,-13.8131,-46.5294,-1.26336,-0.303809,-3.5,0,0.680299,0.229972,-0.695921
-56.9038,-13.5744,-25.7289,-0.0331923,0,-4.5,0,-0.0941214,0.128617,0.987218
-44.557,-14.5555,-15.7773,-0.847815,-0.178275,-3.5,0,-0.894945,-0.439584,0.0764126
-46.5076,-4.73244,-32.7619,-0.0479854,0,3.8,0,-0.408294,-0.41286,-0.814151
-48.6768,-2.01225,-31.7822,-0.0267779,0,3.8,0,-0.939182,-0.100128,0.328499
-24.2178,2.46925,-37.8307,2.59377,0,-3.5,0,-0.0564482,-0.793426,0.606043
-43.619,-28.3923,-31.9025,0.182186,0,4.2,0,0.666971,-0.396816,-0.630624
-23.1286,2.36175,-40.8019,5.58892,0,-3.5,0,0.652743,-0.268252,-0.708496
-41.0401,-11.6865,-14.425,-0.00362859,0,-3.5,0,0.91106,0.0700001,0.406287
-26.0518,-19.3944,-30.6366,-0.144878,0,-1.6,0,0.854062,-0.241686,0.460615
-49.591,-9.201,-10.999,-0.0820617,0,-0.8,0,-0.884104,-0.0687705,0.462201
-40.9304,-11.8741,-45.4512,-0.257003,-0.0329608,-4.46333,0,-0.960779,-0.254242,-0.110749
-48.0785,-1.3425,-33.8374,0.00408919,0,3.8,0,-0.708791,0.225957,-0.668251
-53.5163,-10.9335,-35.77,0.245119,0.127163,-0.819888,0,-0.724408,0.38056,-0.574811
-27.7945,-17.74,-29.703,-0.165161,-0.159438,-2.88633,0,0.0196176,-0.244255,0.969512
-48.7252,-8.86881,-20.8259,-0.956865,-0.1631,-3.5,0,-0.733668,0.515298,0.442943
-39.2808,0.508,-37.0003,0.16494,0,-1.6,0,-0.940153,0.294467,-0.17147
-37.4292,-11.216,-47.988,0.834715,0.789287,-4.5,0,0.352041,-0.139322,-0.925557
-61.7011,-11.4691,-30.1637,0.284274,0,-4.5,0,-0.616674,-0.235911,-0.751038
-55.019,-29.8785,-27.9799,0.0980532,0,-0.4,0,-0.263538,-0.897387,0.353898
-60.4557,-9.78075,-26.6745,-0.28927,0,-4.5,0,-0.387292,0.0261849,0.921585
-22.3043,-0.346,-34.5537,0.622441,0,-3.9,0,0.0131509,0.705152,-0.708934
-33.0654,-11.3914,-25.3585,-0.106012,0,4.2,1,0.237115,0.355051,0.904276
-41.3675,-13.3123,-44.6185,-2.00351,-0.136181,-3.5,0,-0.861358,-0.238057,-0.448766
-35.3727,-23.5662,-35.2775,-0.0833963,0,-0.7,0,0.948601,-0.180714,-0.259804
-36.8139,-8.3375,-41.4907,-0.0714377,0,2.8,0,-0.47321,0.603982,-0.64131
-49.4383,-6.461,-27.4907,0.492527,0,-4.5,0,-0.960789,0.244516,0.130756
-30.0107,6.84062,-39.729,0.318689,0,-1.6,0,0.0876985,0.970791,0.223323
-43.47,-7.27225,-12.496,-0.496368,-0.0495271,-0.421201,0,0.697179,0.165965,0.697422
-26.4874,-16.0825,-30.8081,-0.156947,0,-3.01206,0,0.839725,0.00923424,-0.542933
-55.0674,-10.6059,-25.0392,-0.59204,0,-3.5,0,0.000912012,-0.0963654,0.995346
-45.6398,-12.0297,-12.642,-0.256537,-0.875869,-3.33543,0,-0.617637,-0.512632,0.596433
-51.194,-14.9972,-20.0635,0.208758,0.740486,-4.5,0,-0.486296,0.475417,0.73314
-50.9412,-11.2936,-15.8666,0.31752,0,-1.6,0,-0.412987,-0.892276,0.182443
-60.2815,-28.1911,-31.4137,0.0412929,0,-4.5,0,-0.431582,0.276471,-0.858662
-39.4225,-21.346,-41.1292,0.0891939,0,3.8,0,0.0374063,-0.988244,0.148236
-26.7079,-13.8968,-33.9666,-0.689018,-0.198866,2.8,0,0.46771,-0.79593,-0.384374
-36.4245,2.294,-40.8685,-0.276712,-0.0195634,-3.5,0,0.696702,0.372425,-0.613112
-49.4523,-11.7633,-21.1518,0.401766,0.212554,-0.654827,0,-0.671873,-0.0436207,0.739381
-60.419,-7.917,-27.7606,0.41831,0.016147,-4.5,0,-0.222827,0.964846,0.139354
-32.5098,-5.18075,-43.941,0.0146191,0,-0.8,0,0.539784,-0.150584,-0.828226
-33.0801,2.52787,-37.69,0.603869,-0.102728,-0.9,0,-0.701905,0.710958,0.0432319
-60.3705,-21.966,-24.8335,-0.173719,0,-3.5,0,-0.12395,0.638603,0.759488
-27.2455,-1.90125,-38.7885,0.196757,-0.898663,-0.7,0,0.653724,0.719257,0.23519
-27.4685,-8.377,-40.627,0.454982,-0.0533116,-3.28253,0,0.73267,-0.416983,-0.537885
-38.3106,-14.5374,-18.7731,0.262234,0.209469,-0.7,0,0.663636,-0.0341401,0.747276
-53.2267,-8.611,-29.8885,-0.306458,-0.0943136,-0.874062,0,-0.316346,0.941263,0.118106
-56.025,-12.2921,-26.0519,-0.589383,0,-4.02033,0,0.113609,-0.204366,0.972279
-49.9505,-6.354,-34.7535,-0.0144152,0,1.8,0,0.697734,0.508916,-0.504154
-42.7235,-3.165,-38.6681,0.0131352,0,-0.7,0,0.0524109,0.95216,-0.301073
-31.1472,-5.71425,-42.3534,0.199743,0,-2.14401,0,0.383903,0.0761069,-0.920232
-55.6301,-10.5107,-34.3716,-0.0404477,0,3.8,0,-0.428777,0.0738168,-0.90039
-62.396,-22.04,-23.9245,-0.153253,0,-3.5,0,0.279118,0.911887,0.300923
-42.3343,-10.7767,-38.8166,-0.605152,-0.35111,-0.737264,0,-0.833814,0.46715,-0.294152
-62.3629,-29.3953,-27.0068,-0.209002,0,-4.5,0,-0.39409,-0.692864,0.603848
-38.2591,-0.66425,-41.3473,0.679346,0.790541,-3.5,0,-0.24122,-0.809462,-0.535336
-33.379,-20.4066,-44.167,0.115266,0,-1.6,0,0.613625,-0.544403,0.571917
-47.7873,-18.4685,-19.095,-0.188732,0,-4.5,0,0.230351,-0.415731,0.879833
-27.911,-1.753,-37.997,0.651745,-0.656759,-0.7,0,0.890065,0.446608,-0.0912492
-43.8446,-2.24738,-29.2623,-0.229423,0,3.8,0,0.420126,0.409334,0.809901
-48.819,-5.16,-19.8678,0.612151,0.431717,-4.5,0,-0.303933,-0.299814,0.904288
-40.9764,-9.79838,-42.1331,-0.406113,-0.352079,-1.15942,0,-0.818548,0.351596,-0.454268
-61.1424,-10.5295,-27.2763,-0.0664983,0,-4.5,0,-0.657037,0.00515694,0.753841
-42.5622,-6.13175,-14.1032,-0.180067,0,-0.4,0,0.607576,0.765365,0.212294
-58.703,-16.574,-27.3783,0.0912964,0,-4.5,0,-0.802152,0.0633968,0.593745
-26.7673,-6.70662,-42.1305,-0.130954,0,-0.7,0,0.57263,-0.232261,-0.786225
-33.685,0.001,-29.5845,-0.45226,-0.202407,4.5,0,-0.0899225,0.959771,0.265996
-51.4209,-11.212,-22.0116,0.605188,0,-0.677191,0,-0.433017,0.47661,0.765075
-63.3269,-28.7831,-29.7243,-0.960235,0,-4.5,0,-0.756278,-0.504142,-0.416995
-42.0078,-24.6986,-29.1944,0.184112,0,-4.5,0,-0.100118,-0.865898,-0.490099
-38.6036,-11.2618,-18.8732,-0.215747,0,-0.7,1,0.999885,0.00944299,0.0118349
-34.3073,-10.229,-44.8758,0.20891,0,-4.5,0,0.795573,0.346659,-0.496882
-57.8035,-31.2708,-32.8223,0.473854,0.00578834,-4.5,0,0.367341,-0.868064,-0.333954
-45.3314,-6.79887,-20.0915,-0.407379,0,-3.5,0,0.0290618,0.239157,0.970546
-27.3165,-24.194,-21.92,2.47313,0,-1.6,0,0.986448,-0.163547,0.0131627
-35.326,-2.333,-39.2655,0.374815,0.0363375,-3.5,0,-0.447674,-0.435994,-0.780703
-20.8405,-9.72475,-35.5933,1.41139,0,1.8,0,0.907802,-0.413632,0.0693065
-28.8785,-8.942,-25.4867,-0.0717419,0,4.5,1,0.50668,0.161407,0.84689
-27.819,2.512,-43.426,0.568562,0,-4.5,0,-0.552099,0.0759592,-0.830312
-55.5164,-15.7564,-21.6205,-0.052024,0,-0.8,0,-0.647276,0.284428,0.707202
-48.5296,-19.7386,-36.418,0.0294481,0,-0.7,0,-0.774582,-0.236117,-0.586747
-57.3025,-30.1794,-33.6497,0.375906,0,-4.5,0,0.346158,-0.506565,-0.789663
-20.8151,-4.19387,-32.4764,-0.052466,-0.0152239,1.97013,0,0.700401,0.432582,0.567724
-23.0415,-10.7379,-39.9634,-0.010084,0,-3.5,0,-0.0708648,-0.425781,-0.902047
-27.9044,-22.2524,-31.1807,-0.233081,-0.0777403,-2.51884,0,0.832873,-0.374637,-0.407394
-62.9546,-19.1204,-30.034,0.032523,0.0339086,-0.7,0,-0.475573,0.410702,-0.777916
-29.3253,-21.6122,-21.3218,0.350383,0,-1.6,0,0.442301,0.829644,0.340676
-51.6666,-6.92887,-14.5421,0.286346,0,-1.6,0,-0.59409,0.730935,0.335845
-39.4815,-3.91075,-24.5693,-1.35954,-0.0134879,-3.5,0,0.514622,0.656604,0.551394
-40.5109,-13.7431,-16.4616,-0.77888,0,-1.90402,0,0.713656,-0.276029,0.643819
-53.113,-6.185,-33.2928,0.0616574,0,1.8,0,-0.826979,0.463504,0.318229
-24.3768,-13.1368,-34.3823,0.239594,0,-0.8,0,-0.0190161,-0.999768,0.0101098
-27.2523,-26.6725,-25.7145,-1.07147,-0.323237,-3.5,0,0.834218,-0.469021,0.29
-25.1143,6.31075,-38.7725,0.428413,0,-3.5,0,-0.355248,0.921357,0.157798
-19.7415,-9.04925,-37.9193,-1.77355,0,-3.5,0,0.931997,0.334556,-0.13948
-20.3333,-9.207,-39.5653,-1.59175,0,-3.5,0,0.534506,0.415345,-0.736065
-55.0464,-24.5943,-21.4573,1.20352,0.720707,-4.5,0,-0.181432,-0.865432,0.467023
-50.6891,-6.64388,-14.2936,0.626147,0,-1.6,0,-0.468509,0.834789,0.289183
-36.0262,-19.026,-47.9015,0.229288,0,-1.6,0,-0.397866,0.348425,-0.848706
-48.3973,-12.1023,-19.8368,0.367822,0,-0.8,0,-0.944189,-0.329329,0.00701568
-51.9689,-6.02225,-32.0446,-0.0984341,0,1.8,0,-0.434617,0.611788,0.660926
-20.6266,-12.1624,-34.3259,-0.101405,0,-0.8,0,0.865133,-0.456134,-0.208535
-46.653,-7.036,-10.6355,-0.0253177,-0.107969,-0.8,0,0.0979559,0.577675,0.810368
-28.1989,-11.2594,-41.8635,0.349908,0,-3.5,0,0.744928,-0.213049,-0.632212
-45.442,-3.392,-28.2765,0.376936,0,3.8,0,0.175789,0.627461,0.758545
-34.8926,-19.9147,-48.1404,0.252824,0,-1.6,0,0.236488,0.0533559,-0.970168
-38.1004,-8.9355,-21.6289,-0.131403,0,-1.04283,1,0.418684,0.799881,0.429993
-23.1688,0.76425,-31.2655,0.467462,0,-3.9,0,-0.0174054,0.857449,0.514274
-42.6152,-24.628,-30.2703,0.103715,0,-4.5,0,0.170522,-0.915101,0.365392
-28.5168,-21.3395,-23.4907,-0.154225,-0.0218637,-1.99403,0,0.31875,0.811343,0.490021
-52.2019,-16.2519,-36.2959,0.0042758,0,3.8,0,-0.210098,-0.162494,-0.964082
-51.8151,-22.644,-35.119,-1.23118,-0.335703,-3.5,0,-0.302087,0.109142,-0.947012
-26.8849,-1.98812,-26.9244,0.0881738,0,4.5,1,-0.369396,0.589019,0.718752
-48.4325,-17.4885,-18.887,-0.318714,0,-4.5,0,0.199896,-0.137358,0.970141
-58.0774,-18.4025,-24.7909,-0.723238,-0.108136,4.2,0,-0.532931,0.710558,0.459447
-32.9735,-6.693,-28.1957,-0.427962,0,4.5,1,-0.436101,-0.602179,0.668727
-36.2051,-22.6429,-46.4889,0.186935,0,-1.6,0,-0.0273461,-0.938714,-0.343612
-47.25,-7.65325,-33.7325,-1.47607,-0.33073,2.8,0,-0.346911,0.93578,0.0629987
-56.0856,-18.4359,-34.9474,-1.11278,-0.0598745,4.2,0,0.08688,-0.0534023,-0.994786
-47.3615,-27.6152,-35.1862,0.944654,0.224748,-3.5,0,0.672681,0.00284092,-0.739927
-23.7006,-13.1264,-35.781,-0.399276,0,-0.8,0,-0.204784,-0.978092,0.0373997
-28.1768,-26.1822,-23.29,3.90787,0,-4.5,0,0.859249,-0.190299,0.474845
-46.3975,-27.0245,-18.909,0.484398,0.0619996,-4.5,0,0.245708,-0.364303,0.898282
-33.8537,-15.3819,-22.8984,-0.127466,0,-0.7,1,0.997709,0.0512348,0.0441694
-60.7959,-22.4394,-23.8196,-0.157049,0,-3.5,0,-0.0148566,0.982782,0.184173
-46.4118,-2.49225,-28.887,0.152782,0.255447,-0.350367,0,-0.317746,0.422763,0.84871
-32.4787,-4.176,-25.0235,-0.067561,0,4.5,1,-0.604252,0.111609,0.788938
-64.9659,-27.5445,-26.6549,-1.78729,-0.0471071,-4.5,0,-0.420759,-0.621936,0.660422
-48.0125,-26.1995,-18.4415,-0.0980786,0,-4.5,0,-0.422212,-0.129824,0.897153
-37.6507,-29.7208,-33.5676,0.896629,0.796798,-4.5,0,0.0978709,-0.995193,0.00340225
-32.5283,-9.1755,-27.4495,0.100467,0,4.5,1,-0.722727,0.52249,0.452405
-33.1543,-24.7722,-18.6781,0.0946637,0,-0.4,0,-0.0264095,0.0571483,0.998016
-28.5979,-8.59387,-42.5425,-0.676257,-0.590386,-3.5,0,0.415683,-0.296244,-0.859911
-63.5177,-21.9954,-28.4713,-0.700906,-0.114789,-1.11671,0,-0.836597,-0.0894751,-0.540463
-59.624,-14.5224,-27.3468,0.464891,0,-4.5,0,-0.752603,-0.526653,0.395254
-32.3546,4.74388,-40.2484,0.375875,0,-1.6,0,-0.919129,0.180797,-0.350021
-60.1852,-27.519,-26.3178,-0.149851,0,-4.5,0,0.0675704,-0.717513,0.69326
-32.6655,0.61725,-41.1987,-0.00988773,-0.610831,-1.34672,0,-0.347512,-0.25919,-0.901141
-38.7668,-15.7393,-18.6912,0.22018,0.382185,-0.7,0,0.200356,-0.568364,0.79801
-44.218,-18.557,-22.281,-0.168954,0,3.8,0,-0.161187,-0.338035,0.927227
-40.5329,-9.26275,-43.3545,0.153003,0,-4.5,0,-0.740977,0.639762,0.204101
-45.0285,-19.1285,-39.2626,-0.480999,0,-3.2,0,-0.981493,-0.0927956,-0.167512
-46.733,-32.0105,-30.9118,0.83166,0.244748,-4.5,0,0.305191,-0.0837637,-0.9486
-35.6424,-9.92762,-46.7456,0.714496,0,-4.5,0,0.607693,0.202816,-0.767838
-40.094,-27.277,-21.73,-0.264523,-0.0696214,-3.5,0,0.0507681,-0.801264,0.596153
-38.4948,-10.763,-17.946,-0.270063,-0.248944,-0.7,0,0.942264,0.114461,0.314701
-43.2024,-8.38262,-39.2884,-0.400149,-0.887853,-0.7,0,-0.450781,-0.735404,-0.505942
-45.0031,-6.46088,-36.7796,0.181116,0,-0.7,0,-0.9343,0.338663,0.111319
-49.2105,-27.1795,-23.2892,0.656977,0.0765028,-4.5,0,-0.230488,-0.917137,-0.32517
-32.752,-15.074,-46.5095,-0.112227,-0.0702823,-3.5,0,0.742661,0.0730629,-0.665669
-25.2555,1.12425,-41.9635,1.63589,0.0600274,-4.5,0,0.772657,-0.624411,-0.114509
-23.5432,-0.905875,-34.8747,1.42105,0,-2.73549,0,-0.144929,0.714882,-0.68406
-27.8132,-4.06738,-43.5131,0.107338,0,-0.7,0,0.147704,-0.201767,-0.968232
-37.7654,-21.385,-46.6232,0.210916,0,-1.6,0,-0.913284,-0.1376,-0.383378
-48.0589,-28.4104,-25.5359,0.241718,0,-4.5,0,-0.382522,-0.48214,0.788174
-39.5466,-26.2904,-28.2244,-0.244327,-0.230757,1.8,0,0.710889,-0.569985,-0.412012
-36.8611,-20.9974,-41.1385,-0.312858,-0.125559,-0.199389,0,-0.220291,-0.975423,0.00462705
-65.3333,-25.4513,-26.4233,-1.49198,-0.490025,-4.5,0,-0.898172,0.220814,0.380167
-41.4135,-25.7605,-32.6273,1.23114,0,-4.5,0,-0.813288,-0.347032,-0.467045
-22.0025,-9.03675,-39.5858,0.29169,0,-3.5,0,0.0921495,0.512603,-0.853667
-24.5446,3.22625,-37.01,1.49969,0,-3.5,0,-0.268561,-0.381743,0.884391
-47.2943,-14.5344,-19.1362,0.347481,0,-3.11804,0,-0.0228156,-0.474425,0.88
-64.5691,-23.5004,-27.1816,-0.668377,-0.000331786,-3.5,0,-0.865863,0.193267,-0.461443
-53.2542,-24.531,-19.7208,0.793816,0.0323481,-4.28757,0,-0.364541,-0.900613,0.236657
-60.5213,-25.9947,-23.0007,-2.08456,-0.74806,-3.5,0,-0.474975,-0.478615,0.738462
-48.0527,-18.889,-37.1032,-0.152947,0,-0.7,0,-0.526847,0.106352,-0.84328
-44.211,-6.9985,-20.4438,-1.06561,-0.000289336,-3.5,0,0.22725,0.28534,0.931095
-26.7564,5.79825,-38.5311,-1.4255,-0.573081,-3.5,0,-0.27702,0.727748,0.62741
-25.6461,-19.2359,-31.8612,-0.0576825,0,-1.6,0,0.938785,-0.27336,0.20966
-59.7057,-13.5542,-26.7235,0.582627,0,-4.5,0,-0.544573,-0.188326,0.817297
-62.9244,-20.4736,-25.7221,0.155096,0.226225,-3.20245,0,-0.227262,0.802644,0.551466
-41.1188,-2.62462,-31.1602,-0.832467,-0.912308,-3.5,0,-0.414096,0.845044,-0.338268
-36.374,-4.99662,-39.422,0.61427,0,1.76983,0,-0.601762,0.703867,-0.37743
-56.63,-11.4685,-25.312,-1.53462,-0.739353,-3.5,0,0.0371282,-0.398429,0.916448
-39.7355,-22.145,-37.405,-0.538198,-0.683401,-0.7,0,-0.675463,-0.620993,-0.39764
-40.3332,-23.449,-20.3932,-0.158159,0,-3.5,0,0.45078,0.486225,0.748587
-52.856,-7.843,-31.282,-1.0563,-0,1.8,0,-0.420735,0.818474,0.391257
-57.9105,-19.7612,-32.565,-0.0622559,0,4.2,0,-0.696985,-0.261774,-0.667597
-50.7751,-21.4771,-17.9923,0.367898,0,-3.5,0,0.871724,-0.149981,0.466479
-37.7704,-5.01225,-26.0624,-0.486201,0,-3.5,1,0.81734,0.0576518,0.573264
-59.3638,-18.9942,-31.9975,-0.0790018,0,4.2,0,-0.573423,-0.519548,-0.633448
-49.5047,-8.0475,-12.0845,0.130359,0,-0.8,0,-0.873811,0.171268,0.455106
-47.302,-0.13425,-33.714,0.0158686,0,3.8,0,-0.315808,0.638157,-0.702154
-30.2324,-22.3239,-24.8118,0.404607,0.189937,-2.46002,1,-0.819627,0.552461,-0.151655
-45.9031,-10.8279,-11.9471,-0.351041,-0.856465,-0.8,0,0.198259,-0.64662,0.736598
-39.2293,-30.0696,-25.0969,0.0525836,0,1.8,0,0.139948,-0.986116,0.0893867
-49.3025,-18.215,-35.6717,0.0822956,0.177813,-0.7,0,-0.568926,-0.0948261,-0.816903
-25.9264,-11.4558,-28.0699,0.0375959,0,-0.985317,1,-0.245911,-0.111218,0.962891
-28.7013,-14.4975,-34.3792,-0.568302,0,2.8,0,0.707107,-0.593607,-0.384226
-51.4001,-7.00525,-31.4141,-0.278674,-0.0913485,1.8,0,-0.551119,0.589771,0.590286
-38.5938,-2.5765,-26.8813,-0.188937,0,-3.5,0,0.214052,0.809259,0.547067
-53.7846,-19.992,-16.4097,-0.975642,-0.870353,-3.5,0,0.0525853,0.783656,0.618966
-39.297,-14.8547,-46.6738,0.351163,0,-3.5,0,-0.678995,-0.510735,-0.527366
-52.8647,-11.3516,-37.2728,0.282408,0,-1.6,0,-0.792948,0.176873,-0.583051
-33.836,-21.2664,-47.4225,0.0906654,0,-1.6,0,0.621986,-0.529307,-0.577034
-24.922,6.09188,-39.7897,0.686924,0,-3.5,0,-0.281819,0.825501,-0.489005
-26.0795,-0.03925,-31.375,0.507081,0,-3.56833,0,0.152477,0.987261,0.0454694
-33.637,-17.011,-47.412,-0.0708684,-0.0954116,-2.55043,0,0.234028,-0.0507116,-0.970906
-26.636,-19.959,-24.1367,-1.46391,-0.0365651,-3.5,0,0.284758,0.545233,0.788437
-34.2884,-14.695,-23.7955,-0.100481,0,-0.7,1,0.959347,0.148648,0.239911
-59.2156,-27.2498,-31.664,-0.275359,0,-4.5,0,-0.62153,0.152896,-0.768325
-30.5591,-21.4825,-21.7051,0.482883,0,-1.6,0,-0.420151,0.882914,0.209609
-22.4662,-1.98863,-38.023,0.545132,0,-1.6,0,0.286217,0.590858,-0.754299
-60.5595,-13.333,-29.0989,1.14798,0.847336,-4.5,0,-0.573185,-0.812243,-0.108262
-46.8191,-3.3815,-28.0945,1.65267,0.670316,-4.5,0,-0.296352,0.897044,0.327853
-31.3544,-1.16587,-27.6111,0.506124,0.0930342,4.5,0,0.150754,0.819721,0.552567
-19.529,-7.2945,-35.7282,0.0314296,0,1.8,0,0.892162,0.192467,-0.408661
-65.6797,-26.386,-26.544,-1.8857,-0.268571,-4.5,0,-0.740902,-0.190063,0.644159
-29.0133,-19.7682,-35.6068,-0.314748,0,2.8,0,0.728984,-0.631615,-0.263902
-30.86,-13.7445,-41.1673,-0.0687856,0,-3.20775,0,0.788681,-0.219883,-0.574137
-33.7905,-26.4409,-30.5699,-2.19211,-0.233365,-3.5,0,-0.156214,-0.981774,0.108247
-41.0951,-25.9469,-20.2537,-0.798918,0,-3.5,0,0.232574,-0.615,0.753448
-35.8526,-5.34075,-41.5614,0.105459,-0.809409,-0.8,0,-0.816199,0.502396,-0.285338
-34.1084,-19.4357,-41.7887,-0.349297,0,1.02252,0,0.833711,-0.533068,-0.144099
-40.6414,-1.1715,-34.1534,0.0759343,0,-1.6,0,-0.976763,0.212839,0.0251836
-30.4233,-21.3315,-27.282,0.390574,0.328197,-3.5,1,-0.491011,0.638811,0.592308
-24.9836,-15.7099,-28.8085,-0.0281948,0,-3.2,0,0.875625,-0.436555,0.206642
-25.9025,-22.1003,-25.8016,-1.16731,0,-3.5,0,0.955009,-0.295413,0.0262455
-56.8063,-9.11575,-25.5212,-1.36382,-0.0253869,-3.5,0,-0.278865,0.502988,0.818069
-33.8677,-14.782,-25.3621,0.0376032,0,4.2,1,0.702947,-0.295049,0.647156
-35.202,-22.2703,-34.7635,-0.354849,0,-0.7,0,0.899433,-0.433614,-0.0547662
-29.7125,0.746625,-33.6138,-1.27638,-0.566415,-3.5,0,-0.321915,0.9467,-0.0113702
-47.2531,-8.37062,-36.7339,-0.0919012,0,-0.572383,0,-0.287455,0.957088,0.0367842
-39.4487,-17.6108,-20.4907,-0.353521,0,-0.7,0,-0.0780853,-0.567324,0.819784
-25.9573,-16.0659,-27.6465,0.152422,0,-3.2,0,0.3734,-0.432126,0.820877
-43.62,-27.092,-22.414,-0.846473,-0.00958007,-3.53305,0,0.00260698,-0.784291,0.620388
-28.7297,-17.5947,-35.2534,-0.598385,0,2.8,0,0.96736,0.181547,-0.176794
-57.127,-14.717,-25.892,0.0870968,0,-4.5,0,-0.562745,-0.0572563,0.824645
-49.3601,-10.9856,-19.8102,0.187174,0,-0.8,0,-0.935467,-0.285432,-0.208401
-49.655,-12.1565,-16.169,-0.078351,0,-0.8,0,-0.478011,-0.741983,0.47007
-28.4772,2.40875,-38.1145,0.308482,-0.207116,-4.5,0,0.42821,0.0522568,0.902167
-33.9897,-6.063,-43.7803,-0.54357,-0.625679,-0.8,0,0.0056185,-0.544837,-0.838523
-59.295,-9.67175,-30.7038,0.0952072,0,3.8,0,-0.763771,0.564105,-0.313751
-48.5581,-8.07862,-34.4692,-0.735083,-0.416874,2.8,0,0.198544,0.916641,-0.346915
-31.777,-17.685,-26.6836,-0.0729187,0,1.8,1,0.733252,-0.109714,0.671048
-52.607,-19.3102,-34.6538,0.0215503,0,4.0483,0,-0.0228884,-0.362673,-0.931636
-46.8553,-3.71712,-19.3307,0.743381,0.727304,-4.5,0,-0.167861,0.224733,0.959853
-37.4116,-2.86512,-37.9875,-0.712182,0,-3.5,0,-0.298193,-0.451319,-0.841066
-49.137,-9.13163,-37.6689,0.247256,0,-0.903063,0,-0.597762,0.725389,-0.341309
-49.4695,-8.587,-18.2155,-0.0406714,0,-1.6,0,-0.129893,0.765819,-0.629801
-40.39,-5.70425,-38.678,0.0390899,0,-0.714098,0,0.401906,0.384996,-0.830813
-47.5168,-3.28325,-29.5236,0.221946,0.0962761,-2.1752,0,-0.79495,0.435098,0.422781
-37.157,-28.153,-32.174,-0.0853892,0,-4.5,0,0.284488,-0.502885,0.816194
-26.6984,1.91513,-38.7118,0.504668,-0.0271876,-4.44572,0,0.359976,-0.271911,0.892458
-51.5441,-30.441,-27.0309,0.610074,0,-4.5,0,-0.80173,-0.323492,0.502576
-36.8022,-6.40688,-41.1538,0.590352,0,2.8,0,-0.631207,0.279537,-0.723489
-53.812,-22.735,-16.2913,-0.458158,-0.323812,-3.5,0,-0.0892793,-0.38043,0.92049
-35.3196,-20.8878,-26.0455,0.270716,0,1.7358,1,0.872134,0.217302,0.438364
-41.492,-8.15725,-13.8185,-1.06811,-0.00418346,-0.56032,0,0.745542,-0.00779966,0.666414
-53.4128,-18.8368,-18.7745,0.145434,0,-3.5,0,-0.259244,0.775864,0.575176
-44.4702,-28.9566,-26.7896,0.282099,0,-0.0845074,0,0.682952,-0.689942,0.23991
-32.7575,-3.91462,-43.6416,0.159295,0,-0.8,0,0.486041,0.572519,-0.660292
-42.4221,-4.14962,-39.9072,0.0716543,0,-0.7,0,0.259855,0.453776,-0.852387
-35.8944,-21.2411,-23.7259,0.00332333,0,-3.5,0,0.624846,0.67542,0.391631
-28.4265,-27.8848,-23.482,3.24923,0,-4.5,0,0.578171,-0.609631,0.542281
-30.3599,-3.66213,-23.6548,-0.0490944,0,4.5,1,-0.0367888,0.248957,0.967815
-54.7282,-23.8759,-16.792,0.639729,0.811596,-3.5,0,-0.487662,-0.45527,0.744926
-42.323,-4.14975,-27.5737,-1.11556,-0.0549919,-1.00447,0,-0.364347,0.769588,0.52439
-24.3105,5.6155,-40.4852,0.968724,0,-3.5,0,-0.0118603,0.504046,-0.863595
-48.2677,-7.33413,-31.0476,-0.676363,-0.0736495,-2.81705,0,0.260211,0.575573,-0.775246
-30.9352,-10.9906,-42.4126,-0.496553,-0.637185,-3.5,0,0.071835,-0.198312,-0.977503
-32.9782,1.80813,-32.2902,1.12301,0,-3.9,0,0.508606,0.541643,0.669286
-47.8451,-13.2475,-16.3499,-0.804394,0,-0.8,0,-0.271247,-0.794472,0.543359
-54.4075,-8.21725,-26.6717,-1.14876,0,-3.5,0,0.209578,0.853893,0.476386
-33.7321,-9.18137,-42.8899,-0.26996,0,-1.64623,0,0.328346,0.368614,-0.869663
-29.358,-19.2522,-28.3515,-1.56152,-0.0358511,-1.6,1,-0.126129,0.650221,0.749202
-28.2257,-28.1038,-24.8263,0.90386,0,-4.5,0,0.614813,-0.788671,0.00158267
-33.8664,-26.1604,-31.739,-1.23106,-0.324393,-3.5,0,0.232075,-0.910867,-0.341265
-30.3269,-17.5095,-40.7171,-0.765641,-0.19167,-3.5,0,0.728592,-0.278006,-0.625993
-41.2812,-3.4745,-33.7977,-0.769525,-0.281593,-1.45402,0,-0.650298,0.746083,-0.143083
-36.5036,-25.1489,-26.2975,0.186662,0,-3.5,0,0.084615,-0.730703,-0.677431
-29.6016,-17.3197,-38.1686,-0.307465,-0.0729039,1.71847,0,0.888933,0.1813,-0.420629
-29.549,-0.9565,-40.2505,0.00356923,0,-0.879572,0,-0.230491,0.371915,-0.899196
-36.523,2.02225,-35.0561,0.939434,0,-1.6,0,0.0357394,0.941018,0.336464
-65.9381,-20.6905,-23.9867,-1.90024,-0.285854,-3.5,0,-0.360853,0.932325,0.0235766
-52.837,-9.99125,-35.638,0.800587,0.772571,2.72941,0,-0.62102,0.390785,-0.679427
-33.124,-2.05975,-26.8955,0.0268939,0,4.5,1,-0.604816,0.482939,0.63322
-21.9214,2.44112,-39.1655,5.90765,0,-3.5,0,0.839114,-0.538104,0.0795653
-28.6625,-18.9991,-36.8059,-0.0939141,0,2.8,0,0.934401,-0.272657,-0.229243
-46.839,-13.1938,-15.9035,-1.06297,-0.888552,-0.8,0,-0.211663,-0.858203,0.46764
-41.6674,-23.7999,-19.7831,-0.981835,-0.242349,-3.5,0,0.246724,0.494207,0.833598
-44.3239,-5.312,-33.4224,0.218369,0.683266,3.8,0,-0.441818,0.572738,-0.690485
-34.2355,-5.51625,-27.1786,-0.00314497,0,4.5,1,-0.616065,-0.505037,0.604484
-43.795,-29.2619,-31.224,0.170461,0,4.2,0,0.682644,-0.711021,-0.168659
-65.3343,-23.6605,-21.826,-1.77492,-0.710667,-3.5,0,-0.490727,-0.229379,0.840579
-27.4725,-7.7365,-42.528,-1.12437,-0.427467,-3.5,0,0.661787,-0.428393,-0.615238
-30.6187,-15.759,-41.4953,0.0136184,0,-3.5,0,0.64158,-0.230488,-0.731608
-47.6149,-29.3713,-21.2479,1.17386,0.692423,-4.5,0,-0.239043,-0.964579,-0.111559
-49.818,-8.70162,-21.9721,-0.395195,-0.875242,-0.7,0,-0.478604,0.183126,0.858722
-33.6225,-9.96125,-26.2703,-0.0261053,0,4.2,1,0.131532,0.853212,0.504707
-43.5779,-4.63963,-40.1281,0.0871443,0,-0.7,0,-0.50762,0.236859,-0.828384
-42.7663,-6.5615,-15.7215,-0.47168,0,-0.4,0,0.315327,0.648997,-0.692366
-21.1926,-5.30937,-27.0404,-0.0756857,0,4.5,0,0.521837,-0.849333,-0.0794941
-52.6345,-17.6009,-35.964,0.000296337,0,3.8,0,-0.199524,-0.412051,-0.889047
-60.237,-31.6712,-31.0579,1.05006,0.592271,-4.5,0,-0.385857,-0.909591,-0.154141
-41.2583,-24.8224,-30.0713,0.494061,0,-4.5,0,-0.56811,-0.818858,0.0819863
-19.773,-10.8175,-37.705,-0.236121,0,-3.5,0,0.875382,-0.452438,0.170314
-47.7075,-23.4279,-20.9315,0.158454,0.121932,-4.5,0,0.239515,0.743163,0.624773
-48.6748,-1.01612,-32.2134,-0.00761436,0,3.8,0,-0.943327,0.32195,-0.0805108
-32.9206,1.77863,-40.7264,-0.545289,-0.384167,-1.6,0,-0.747021,0.352375,-0.563729
-56.507,-16.6903,-24.6362,-0.14853,-0.959349,-0.8,0,-0.849529,0.381164,0.364712
-49.245,-33.0298,-29.2785,0.418448,0.171734,-4.5,0,-0.423713,-0.814667,-0.39596
-39.8732,-10.4487,-48.6091,0.595962,0.132599,-4.5,0,-0.0803027,0.230168,-0.969832
-30.8955,6.81763,-41.0156,0.2667,0,-1.6,0,-0.23494,0.911814,-0.336748
-54.1652,-8.97787,-34.2131,0.523752,0,3.8,0,-0.401309,0.589708,-0.700854
-21.0562,-3.34425,-28.5713,-0.0269775,0,4.5,0,0.94626,0.0172314,-0.322947
-35.325,-17.3664,-25.4336,0.0408102,0,1.36871,1,0.679582,-0.511141,0.526216
-50.9043,-27.464,-21.5566,0.851248,0.0217726,-4.5,0,-0.451344,-0.872634,0.186546
-25.3305,-13.4082,-33.9393,0.657907,0.718558,2.8,0,0.329842,-0.943231,-0.0389878
-27.9421,-5.98875,-27.1341,-0.0382655,0,4.5,1,0.495109,-0.101128,0.862926
-26.0809,3.1945,-43.0511,1.4444,0,-4.5,0,0.528928,0.490355,-0.692667
-28.446,-25.681,-28.254,-0.190818,0,-3.5,0,-0.0624115,-0.528076,-0.846901
-47.547,-6.74575,-15.8981,0.50892,0.49908,-0.859556,0,0.146873,0.886607,-0.438585
-32.8478,-26.016,-18.6734,-0.0110728,0,-0.4,0,0.177053,-0.49477,0.850797
-23.0485,1.64375,-39.8336,5.17727,0,-3.5,0,0.319028,-0.927673,-0.194021
-57.9873,-26.4172,-22.729,-1.77135,-0.13899,-3.5,0,0.142666,-0.704092,0.69563
-26.1805,-18.6575,-33.3824,-0.0496075,0,-1.6,0,0.625963,0.105734,-0.772651
-26.5579,-24.5375,-27.5876,-0.394552,0,-3.5,0,0.959289,-0.0775812,-0.271563
-22.3627,-10.452,-27.2135,-0.0673114,0,3.8,0,0.604724,-0.487322,0.629941
-25.797,-6.2005,-41.8283,0.291521,0,-0.7,0,0.557301,-0.422259,-0.714922
-52.0892,-18.5989,-35.3121,0.0171937,0,3.8,0,-0.0592993,-0.571205,-0.818662
-25.0846,-1.28163,-35.1394,0.985895,0,-3.06875,0,0.164471,0.788553,-0.592565
-53.5565,-17.01,-21.3137,0.485798,0,-0.94379,0,-0.138409,0.199964,0.969978
-34.8237,-25.9123,-23.8805,0.772003,0.0569279,-3.5,0,-0.0286877,-0.997728,-0.0609649
-28.0265,-17.972,-33.926,-0.0872683,0,-1.6,0,0.636414,0.221,-0.739011
-30.3381,-20.7006,-33.7895,0.213494,0,1.48809,0,0.142555,-0.956737,-0.25364
-22.0285,-4.90225,-36.983,0.703688,0,-1.6,0,0.640279,-0.306403,-0.704386
-65.1709,-24.7805,-22.4678,-1.69565,-0.054004,-3.5,0,-0.41859,-0.830207,0.368156
-36.1867,-27.842,-34.985,0.379848,0.0879794,-4.5,0,0.198315,-0.458513,-0.866278
-24.2845,-12.7828,-33.0298,-0.175089,-0.438772,1.02717,0,-0.0429234,-0.993515,0.105285
-44.5568,-13.9674,-11.8871,-1.79987,0,-3.5,0,-0.212027,-0.0839699,0.97365
-48.0074,-29.4906,-30.8687,0.170527,0.00362443,-4.33989,0,-0.0649098,-0.626271,-0.776898
-22.081,-9.13025,-27.3557,-0.0616627,0,3.8,0,0.71904,0.351449,0.599554
-21.784,0.359,-33.8495,0.525877,0,-3.9,0,0.37819,0.875421,-0.301015
-46.8278,-11.3734,-39.746,-0.623921,-0.983561,-0.8,0,-0.222023,-0.283274,-0.932985
-31.789,-16.023,-27.273,0.00878434,0,1.8,1,0.757118,0.178925,0.628298
-50.0945,-6.05737,-33.8016,-0.0672361,0,1.8,0,0.736187,0.675962,0.0332209
-27.7787,-0.01575,-35.7425,0.929406,0.42961,-3.5,0,0.237569,0.87346,-0.425005
-22.4165,6.53013,-39.3264,-2.97436,0,-3.5,0,0.709521,0.619618,-0.33564
-23.326,1.7855,-38.7277,5.15186,0,-3.5,0,0.170339,-0.889204,0.424618
-36.8645,-5.6015,-27.3557,-0.187472,0,-3.5,1,0.448404,-0.372399,0.812559
-40.7183,-8.7895,-15.9213,-0.123492,-0.0830403,-0.667479,0,0.920249,0.36974,0.128193
-60.3649,-9.45138,-29.6305,-0.00367038,0,-4.5,0,-0.23469,0.549446,-0.801891
-40.3348,-7.2705,-39.476,-0.340835,0,-0.8,0,0.100566,0.690519,-0.716289
-58.0015,-22.3205,-32.886,0.412256,0.0488147,-0.7,0,-0.122686,0.107548,-0.986601
-47.5976,-10.8321,-13.1955,-0.0514657,-0.856002,-0.8,0,-0.513906,-0.856531,0.0474999
-57.819,-22.3927,-19.2048,0.425096,0,-4.5,0,0.205028,-0.259854,0.943631
-26.9534,0.558875,-43.2386,1.97725,0,-4.5,0,-0.0834414,-0.517565,-0.851566
-54.834,-25.1873,-23.0233,0.272133,0,-4.5,0,-0.10937,-0.900365,0.421166
-26.2311,-12.5285,-38.2128,-0.0338696,0,2.8,0,0.609615,-0.404423,-0.681771
-30.0907,0.293375,-40.2445,0.124503,0,-1.54861,0,0.278645,-0.115846,-0.953382
-37.0725,-0.425,-40.959,0.475805,0,-3.5,0,0.379814,-0.60177,-0.702577
-41.0504,-8.74025,-44.5231,0.78413,0.680663,-4.5,0,-0.797822,0.592367,0.112166
-35.0542,-21.6197,-41.1344,-1.37383,-0.292367,-3.5,0,0.277496,-0.917726,-0.284208
-21.0103,-12.1213,-31.6702,1.5148,0.684534,-0.8,0,0.866805,-0.182542,0.464033
-35.507,-23.4753,-29.7502,-0.634077,0,-3.5,0,-0.30518,-0.788302,0.534271
-44.4065,-20.7768,-38.8262,0.0908576,0,-2.56106,0,-0.575379,-0.786665,-0.223826
-27.926,6.12437,-39.8234,0.227144,0,-1.71447,0,0.257904,0.963894,0.0662823
-20.3795,-6.33675,-30.5492,-1.5432,-0.0328587,3.8,0,0.808317,-0.358964,0.466657
-38.0844,-29.1851,-23.9032,-0.0312297,0,1.8,0,0.513711,-0.655551,0.553492
-39.6183,1.08138,-33.2692,0.143095,0,-1.6,0,-0.721306,0.558433,0.40972
-45.7401,-22.5649,-21.9412,0.0297851,0.503651,-4.07804,0,-0.0952137,0.183505,0.978397
-64.0305,-20.8228,-25.3857,-0.113498,0,-3.5,0,-0.435165,0.884713,-0.167077
-50.4268,-20.4035,-19.3372,-0.134604,0.0689116,-3.57398,0,0.920221,-0.254613,0.297264
-38.8374,0.521625,-32.573,0.252752,0,-1.6,0,-0.335509,0.477908,0.811811
-27.689,-22.9415,-21.387,-0.741294,0,-1.6,0,0.870449,0.419063,0.258273
-46.3975,-28.8452,-22.61,0.616857,0,-4.5,0,0.165602,-0.984192,-0.0627841
-28.9675,-16.8298,-29.0133,-0.0783899,0.777997,-3.2,1,-0.0829561,-0.482081,0.87219
-48.5516,-4.5635,-30.0697,-0.18265,-0.788464,-3.97909,0,-0.826468,0.505003,-0.248844
-32.0578,-22.281,-27.8645,0.197753,0,-3.5,1,-0.306196,0.657416,0.688511
-26.805,2.627,-43.745,1.7053,0,-4.5,0,0.0305672,0.228973,-0.972953
-26.482,-20.1975,-27.4077,-2.2822,-0.383744,-3.5,0,0.721302,0.581854,-0.375725
-47.9551,-3.76137,-20.0592,0.438565,0.0731286,-4.5,0,-0.297824,0.635154,0.712657
-25.2353,0.14925,-32.3729,0.644469,0,-3.9,0,-0.261314,0.964375,-0.0411832
-42.33,-10.566,-40.9075,-1.05698,-0.970606,-0.8,0,-0.846474,0.190546,-0.497166
-30.4993,-19.088,-40.052,-1.3599,0,-3.5,0,0.427247,-0.744409,-0.513143
-34.5775,-22.9484,-18.9452,-1.07294,-0.457527,-0.4,0,0.16777,0.725473,0.667489
-33.6489,-11.8844,-44.7314,0.0407401,-0.0308257,-4.13815,0,0.638764,0.600813,-0.480629
-19.9785,-8.30937,-36.939,0.299892,0,0.326362,0,0.960769,0.195343,-0.196886
-37.8555,-19.2518,-21.6936,-1.25752,-0.684481,-0.7,0,0.472097,-0.823304,0.315112
-40.3187,-11.6372,-48.213,0.942953,0.341144,-4.5,0,-0.238762,-0.550782,-0.79977
-28.9451,-26.0346,-22.3089,0.4585,0,-3.08552,0,0.558452,-0.696517,0.45055
-60.8122,-23.5524,-32.9582,-0.257494,0,-0.7,0,-0.44972,-0.224018,-0.86462
-43.9803,-25.9795,-19.804,-0.556627,-0.907188,-3.5,0,0.176825,-0.649254,0.739731
-33.2664,-10.1313,-43.2948,-0.116093,0,-4.39842,0,0.589355,0.305722,-0.747793
-60.6851,-13.0671,-27.6864,0.530922,0,-4.5,0,-0.764319,-0.500579,0.406494
-61.3288,-26.4645,-30.5637,-0.295771,0,-4.5,0,-0.538721,0.0858371,-0.8381
-54.772,-29.2505,-27.1285,0.0605664,0,-0.4,0,-0.111688,-0.514612,0.850118
-24.5101,1.75738,-39.6787,5.13416,0,-3.61567,0,-0.0573809,-0.978085,0.200145
-49.157,-26.0037,-35.4393,0.141257,0.0290427,-3.5,0,0.0182681,0.11357,-0.993362
-44.3379,-28.527,-23.5871,0.510388,0,-4.5,0,0.242494,-0.929644,0.277413
-25.944,0.7205,-28.7358,-1.02219,-0.0536278,4.5,0,0.123895,0.99206,-0.0216015
-58.1615,-26.0198,-33.6715,-1.22519,-0.551226,-3.5,0,-0.756714,-0.110664,-0.644311
-34.4871,-25.1906,-26.2295,-0.639519,-0.215905,-3.5,0,-0.250045,-0.862587,-0.439796
-57.0952,-8.47675,-30.8134,-0.0815048,0,3.8,0,-0.0847415,0.983779,0.158108
-57.4065,-12.5635,-25.6715,-0.0761222,-0.39585,-3.96725,0,-0.234082,-0.147519,0.96096
-19.6303,-7.9855,-34.8014,0.21156,0,1.8,0,0.921734,-0.385246,0.0446295
-24.3714,2.00588,-41.284,5.44838,0.803861,-4.5,0,0.649438,-0.537494,-0.537895
-40.007,-22.6696,-21.4912,0.315835,0.198002,-3.5,0,0.222246,0.738308,0.636796
-57.2881,-25.8981,-34.7337,-2.21733,-0.1674,-3.5,0,-0.490091,0.0919649,-0.866806
-54.5518,-16.0655,-34.9535,0.297988,0.426032,4.0835,0,-0.402565,0.0338824,-0.914764
-57.395,-19.8342,-33.7072,-0.599794,-0.51523,4.2,0,-0.611213,-0.476778,-0.631745
-53.1676,-6.18862,-34.5026,0.0922656,0,1.8,0,-0.732256,0.562604,-0.383767
-52.2815,-30.3551,-27.9013,0.215044,0,-4.5,0,-0.546417,-0.706357,0.449987
-21.4825,-6.58,-29.793,-0.423589,-0.585608,3.8,0,0.748326,-0.316385,0.583017
-30.4235,-9.49275,-43.118,-1.45522,-0.389294,-3.5,0,0.103919,-0.127149,-0.986425
-28.6852,-1.2235,-41.153,-0.000747218,0,-0.7,0,-0.515176,0.604458,-0.607638
-51.2439,-9.29562,-13.8039,0.236566,0,-1.6,0,-0.433268,-0.315273,0.844323
-46.2444,-11.9481,-14.8606,-0.240407,-0.153652,-3.07664,0,-0.412214,-0.533342,0.738665
-59.034,-31.2725,-33.3421,0.85006,0.836222,-4.5,0,-0.405638,-0.617221,-0.674164
-57.8605,-28.1645,-27.445,-0.697735,0,-3.5,0,0.0346356,-0.764843,0.643285
-41.0057,-19.91,-42.4481,0.0244177,0,3.8,0,-0.654059,-0.56928,-0.498123
-39.4585,-1.27762,-36.7556,-0.51611,-0.776816,-1.74726,0,-0.86489,0.207079,-0.457258
-36.6857,-15.9703,-19.7455,-0.0276025,0,-0.7,0,0.383439,-0.232721,0.893765
-57.1634,-19.5583,-22.8143,-0.0220228,0,-4.5,0,-0.501434,0.827783,0.251671
-49.9149,-6.77712,-32.1116,-0.324453,-0.119039,0.70095,0,0.706091,0.673342,-0.219196
-50.0132,-32.949,-27.0531,1.03758,0,-4.5,0,-0.169085,-0.908791,0.381456
-38.0185,-1.7315,-39.193,0.261743,0,-3.5,0,-0.550034,-0.701634,-0.45296
-42.049,-7.10975,-13.6145,-0.842468,-0.0182377,-0.4,0,0.637328,0.320037,0.700992
-46.6356,-0.27825,-29.5574,-0.00218998,0,3.8,0,-0.607899,0.511984,0.606903
-52.0975,-7.7075,-24.393,-0.0724761,0,-0.7,0,-0.904216,0.408906,0.123243
-34.9466,-24.9483,-18.8761,-0.654378,-0.0511057,-0.4,0,-0.275871,-0.309712,0.909931
-38.2325,-20.9879,-38.958,0.446567,-0.139952,2.94784,0,-0.10566,-0.851542,-0.51353
-41.981,-17.0214,-17.6003,-1.10544,-0.0148101,-3.5,0,0.08446,-0.972893,0.215281
-26.6136,-19.4994,-25.2162,-1.914,-0.760669,-3.5,0,0.261952,0.953438,0.149454
-50.5399,-8.02475,-17.7033,0.247433,0,-1.6,0,-0.154348,0.722161,-0.674285
-41.4103,-28.3245,-27.4772,-1.35094,0,1.8,0,-0.252752,-0.920329,-0.298514
-54.337,-10.3715,-34.663,0.41331,0.0727809,3.8,0,-0.437765,0.318112,-0.840932
-52.0856,-10.6713,-14.9786,0.133261,0,-1.6,0,-0.641122,-0.596786,0.482502
-58.4757,-19.398,-23.7454,-0.44418,-0.394558,4.2,0,-0.434193,0.749626,0.499538
-21.7885,-8.97075,-31.8034,0.622166,0,1.67588,0,0.946853,-0.19562,0.255348
-48.9149,-24.1362,-19.5955,1.02252,0.913998,-4.5,0,-0.0997519,0.484681,0.868984
-36.3295,-21.8509,-38.8647,0.0583207,-0.00845032,-2.91914,0,-0.110571,-0.806932,-0.580202
-45.8946,-7.23,-16.4107,0.00253585,-0.441068,-0.766203,0,0.183154,0.569694,-0.801189
-47.876,-17.2693,-37.026,-1.89032,-0.0859018,-0.7,0,-0.275167,0.0179626,-0.961228
-45.9061,-3.14162,-20.031,0.234401,0,-4.5,0,0.162251,0.813085,0.559077
-47.4641,-21.2536,-21.8331,-1.02898,-0.249637,-3.5,0,0.25015,0.0404716,0.967361
-65.1797,-21.1313,-22.8415,-0.738697,0,-3.5,0,-0.0824732,0.93081,0.356077
-60.6912,-17.2986,-31.4317,0.0820912,0,4.2,0,-0.985083,0.157471,-0.0693889
-38.6365,-5.1435,-37.7725,-0.0198222,-0.411513,-1.39002,0,-0.0969675,0.468457,-0.878149
-20.1423,-3.24825,-36.7443,0.273409,0,-1.6,0,0.780772,0.111265,-0.61483
-45.6468,-31.351,-25.9018,1.01502,0.66858,-4.5,0,0.377434,-0.287942,0.880133
-26.6833,-23.368,-24.2755,0.198332,0,-3.5,0,0.864531,-0.173025,0.471856
-47.733,-25.288,-34.308,0.448294,0,-3.5,0,0.600705,0.215949,-0.769753
-41.3685,-14.144,-14.4635,0.103,0,-3.5,0,0.94052,-0.165567,0.296664
-32.8185,-15.8814,-26.195,-0.0629714,0,2.28005,1,0.658189,-0.00573862,0.75283
-41.2012,-21.9627,-33.3655,0.166023,-0.0107509,-4.29532,0,0.356978,-0.270512,-0.894086
-42.4359,-11.9274,-41.0093,-0.215677,-0.416413,-0.76598,0,-0.605714,0.345267,-0.716869
-39.4813,-1.43375,-31.7488,-0.0885661,0,-1.82552,0,-0.499668,0.759282,0.416921
-47.113,-7.8895,-38.544,-0.00368487,0,-0.8,0,-0.180409,0.934218,-0.307715
-49.9109,-7.87113,-27.1616,0.179775,0,-2.28684,0,-0.68758,0.717494,-0.111516
-33.4556,-22.4365,-27.5938,-0.161136,-0.355761,-3.5,1,0.489741,0.71702,0.496021
-49.2938,-5.37787,-28.1908,-0.220141,0,-4.5,0,-0.858623,0.490126,-0.150141
-45.3695,-26.3444,-19.4811,0.108694,0.432613,-4.5,0,0.607734,-0.307953,0.732
-40.0575,-12.2554,-16.0933,-0.392431,-0.0594056,-0.7,0,0.70562,-0.11458,0.699265
-41.2287,-14.758,-15.3065,-0.133629,0.274994,-3.5,0,0.920148,-0.0366323,0.389854
-58.9473,-19.4055,-20.4893,0.636829,0.0877925,-4.5,0,0.0956351,0.93577,0.339394
-42.6527,-23.0068,-20.9029,-0.561199,0,-3.2338,0,-0.0944907,0.638149,0.764093
-47.3802,-6.199,-14.12,0.960642,0,-0.46154,0,-0.0740346,0.976434,-0.202722
-33.086,-12.2945,-43.713,0.109305,-0.20078,-1.45597,0,0.768059,0.519299,-0.374719
-63.9441,-19.5536,-28.8314,-0.114961,0,-0.7,0,-0.911557,0.350898,-0.214323
-42.0373,-27.3041,-21.947,-1.13049,-0.863683,-3.5,0,-0.137262,-0.781124,0.609101
-35.1275,-13.6949,-21.0597,-1.79721,-0.942649,-0.7,1,0.841113,0.288333,0.457594
-20.4042,-10.218,-39.718,-0.762042,0,-3.5,0,0.576872,-0.259396,-0.774553
-31.948,-19.3595,-39.909,-0.484035,-0.639218,-3.5,0,0.351079,-0.738131,-0.576113
-26.5109,-13.9466,-32.931,-1.41758,-0.0889363,2.8,0,0.74055,-0.670997,0.036733
-49.25,-3.8155,-20.5004,0.624505,0.206616,-4.5,0,-0.626599,0.598024,0.499741
-40.2215,-20.987,-33.9595,-0.0812733,0,-3.2,0,-0.272245,-0.775325,-0.569871
-37.3495,1.914,-42.3879,0.603856,0.197805,-3.5,0,0.340016,0.233208,-0.911045
-58.6706,-30.1397,-33.8319,0.576741,0,-4.5,0,-0.194703,-0.233824,-0.952584
-66.0573,-21.6073,-22.5763,-1.55374,-0.603964,-3.5,0,-0.463807,0.489325,0.738542
-51.7781,-20.238,-17.0174,0.061281,0,-3.5,0,0.519636,0.482689,0.704975
-27.7339,-20.8885,-23.9797,-1.28823,-0.20058,-3.5,0,-0.235874,0.567701,0.78872
-28.0532,-9.32675,-41.3055,0.125339,0,-3.5,0,0.8314,-0.211555,-0.513827
-27.8213,-6.547,-42.8096,-0.764727,-0.507799,-3.097,0,0.255876,0.0682694,-0.964296
-31.1572,-22.5618,-19.6012,0.417058,0.145262,-1.36094,0,-0.0588199,0.705051,0.706713
-30.8141,-9.72313,-25.0693,-0.0894123,0,4.5,1,-0.0761525,-0.0800616,0.993877
-31.812,-25.1514,-31.0287,-0.775726,0,-3.5,0,0.472848,-0.825273,-0.308772
-28.7505,-14.8705,-36.333,-0.303522,0,2.8,0,0.849468,-0.49511,0.1824
-64.197,-28.1905,-29.2213,-14.0084,0,-4.5,0,-0.496748,-0.492456,-0.714652
-45.6753,-28.0833,-19.4182,0.866809,0.715421,-4.5,0,0.705816,-0.467744,0.532014
-29.616,-20.44,-27.8495,-0.689999,-0.69882,-2.19747,1,-0.505951,0.58084,0.637683
-62.8694,-23.3293,-18.9234,0.671677,0.357618,-4.5,0,-0.48564,-0.6391,0.59641
-28.4776,3.69475,-42.5973,0.405395,0,-1.6,0,-0.304839,0.125251,-0.944132
-29.5681,-9.96212,-25.2022,-0.0766845,0,4.5,1,0.450543,-0.241476,0.859477
-40.4969,-15.5615,-43.7566,-0.293363,-0.190083,-1.58863,0,-0.767712,-0.130782,-0.627307
-28.6208,-6.847,-26.5415,-0.0269251,0,4.5,1,0.36506,0.0830463,0.927273
-45.6748,-3.203,-33.2137,0.118684,0,3.8,0,0.0791353,-0.457427,-0.885719
-59.7293,-12.1064,-26.7442,0.493408,0,-4.5,0,-0.45322,-0.100183,0.885751
-49.266,-20.212,-35.44,0.536811,0,-0.7,0,-0.538061,-0.396322,-0.743921
-49.9903,-6.98838,-22.5303,-0.0862486,0,-0.7,0,-0.555432,0.134102,0.820678
-47.8577,-31.178,-30.6056,0.150627,0,-4.5,0,-0.119575,0.11123,-0.986575
-49.607,-7.10825,-33.3054,-0.245476,0,1.8,0,0.753384,0.653088,0.076737
-52.6875,-8.37912,-28.9478,0.467167,0.0779007,-3.5,0,-0.120445,0.991226,-0.054434
-45.411,-15.8141,-18.8826,-0.374548,-0.284988,-4.11923,0,-0.507962,-0.592827,0.624924
-57.7531,-8.82081,-26.5106,-0.503128,0.407303,-3.94106,0,-0.329827,0.62582,0.706798
-44.4966,-23.46,-34.6891,0.23429,0,-0.8,0,-0.249607,-0.811075,-0.529012
-21.2976,-2.14875,-36.9024,1.11292,0,-1.6,0,0.532698,0.57516,-0.620825
-29.6577,1.18875,-40.8255,-0.20855,0,-2.91467,0,0.132212,-0.702975,-0.698817
-30.2471,-1.83525,-40.9344,0.0500343,0,-0.9,0,-0.0155237,0.312355,-0.949839
-34.5346,-20.5665,-43.8346,-0.280612,0,-1.6,0,0.541401,-0.720597,0.433157
-36.3198,-8.42725,-44.408,0.342226,0,-4.5,0,0.277102,0.96076,-0.0124475
-37.5834,-9.60925,-27.8444,0.399773,0,-0.4,1,-0.405926,0.102881,0.908097
-58.6939,-10.2764,-26.3088,0.330523,-0.659385,-3.70273,0,-0.35502,0.053799,0.93331
-33.8501,-23.305,-24.9953,0.205987,-0.171523,-3.5,1,0.722401,0.615393,0.315322
-48.708,-9.83337,-12.8595,-0.171127,0,-1.35002,0,-0.581326,-0.779036,0.234868
-48.5412,-23.8151,-34.4765,0.458219,0,-3.5,0,0.221656,-0.103426,-0.969625
-49.7065,-10.0402,-14.0468,0.0771976,0,-1.6,0,-0.109794,-0.699641,0.706008
-37.8346,-25.4241,-30.6544,0.745484,0,-4.5,0,0.461186,-0.683614,0.565667
-44.6341,-30.1794,-27.5846,0.309732,0,-4.5,0,0.908653,-0.155992,0.387318
-51.9933,-8.40444,-16.9989,0.334261,0,-1.6,0,-0.65891,0.518336,-0.545129
-41.5658,-24.7615,-33.2041,0.540274,0,-2.79563,0,-0.586869,-0.360847,-0.724827
-45.209,-18.5176,-38.1157,-0.298762,0,-0.7,0,-0.728377,0.252018,-0.637145
-49.8727,-26.8489,-19.7539,0.650921,0,-4.5,0,-0.428277,-0.646362,0.631502
-48.8747,-19.884,-20.1865,0.325798,0.887232,-4.5,0,0.307369,-0.635167,0.708581
-57.6925,-16.5824,-26.4918,0.505328,0,-1.58945,0,-0.714114,0.181678,0.676043
-39.7668,-10.0074,-25.5028,0.156956,0,-0.938684,1,0.553873,0.388645,-0.736328
-49.2231,-14.4508,-19.0592,0.226857,0,-0.8,0,-0.570876,0.458247,0.681257
-27.1569,-1.19806,-36.6769,1.22485,0.749263,-3.5,0,0.610458,0.490066,-0.622235
-27.1004,-17.4396,-33.4558,0.147767,0,-1.6,0,0.529468,0.262732,-0.80662
-45.1,-5.622,-13.088,0.026759,0,-0.8,0,-0.0752564,0.983039,0.167245
-43.5595,-28.33,-29.921,0.195059,0,4.2,0,0.928086,-0.320104,-0.190234
-32.0556,1.22388,-34.69,2.96992,0,-3.9,0,0.881374,0.459147,-0.111194
-54.6086,-12.8682,-25.9101,-0.234747,0,-0.362448,0,-0.461186,0.052568,0.885745
-60.4407,-21.4474,-22.2469,0.29985,0,-4.5,0,-0.429396,0.513837,-0.742691
-25.5474,4.41875,-41.3154,0.734647,0,-4.02057,0,0.402791,0.572876,-0.713844
-37.4234,-7.83575,-27.7464,-0.147379,0,-0.4,1,-0.0287179,0.0221572,0.999342
-50.3771,-17.4447,-18.6593,0.251258,0.0582466,-4.5,0,-0.042027,-0.0354977,0.998486
-39.6984,-8.4185,-17.7188,-0.809066,-0.568501,-0.7,0,0.517927,0.627699,0.581158
-53.3139,-12.9395,-35.8013,-0.101215,-0.0101886,-1.13513,0,-0.701231,-0.280875,-0.655275
-44.5363,-24.5138,-33.0846,0.279662,0,-0.8,0,-0.0177748,-0.852526,-0.522383
-40.4359,-13.7953,-45.2371,-0.66468,-0.0598443,-3.5,0,-0.706836,-0.345821,-0.617083
-20.2872,-9.27556,-36.3005,0.68293,0,-2.07162,0,0.866928,-0.370277,0.333663
-42.5605,-10.9953,-40.0046,-0.899072,-0.795393,-0.782322,0,-0.835983,0.508344,-0.206683
-40.5641,-2.87,-36.1756,-0.963504,0,-1.6,0,-0.695317,0.695214,-0.182242
-27.6815,-0.2975,-36.877,0.753547,0.775912,-3.5,0,0.636918,0.740235,-0.215378
-35.2317,-22.0851,-44.4462,0.202752,0,-1.6,0,0.403154,-0.759943,0.509856
-24.5687,0.149875,-33.7716,0.871052,0,-3.9,0,-0.301686,0.764996,-0.569005
-51.647,-16.2432,-20.2105,-0.39347,-0.0817464,-4.08812,0,-0.699841,0.149815,0.698411
-35.1147,-23.9011,-28.0294,-0.892637,0,-3.5,0,-0.614941,-0.708438,-0.346358
-34.6978,-3.59919,-41.8264,0.126763,0,-0.8,0,-0.6373,0.767374,0.0706123
-27.6949,-1.68562,-27.7612,0.181192,0,-2.10906,1,-0.224879,0.523046,0.822102
-28.5716,-12.1337,-40.7933,0.302258,0,-3.5,0,0.657405,-0.689117,-0.304856
-57.1889,-10.6764,-33.5089,0.0293364,0,3.8,0,-0.348843,-0.245284,-0.904514
-49.6454,-27.9312,-25.5062,-0.880016,-0.143914,-4.5,0,-0.0888556,-0.459682,0.883627
-36.3628,-10.0394,-26.0472,-0.0880618,0,-0.0447146,1,-0.381738,0.922859,0.051067
-59.2871,-21.0625,-19.0112,0.55102,0,-4.5,0,0.323087,0.318176,0.891279
-45.7723,-2.34259,-33.7416,0.0437756,0,3.8,0,0.422362,-0.116964,-0.898849
-33.2685,-23.5699,-21.9064,0.586646,0,-2.30927,1,-0.0945018,0.933704,-0.34535
-27.8066,-25.8803,-24.692,1.50762,0,-3.73172,0,0.899625,-0.122687,0.419075
-26.4031,-0.297,-35.3674,1.27193,0,-3.5,0,0.512126,0.742245,-0.432202
-47.6239,-5.80513,-20.6693,-0.31216,0,-4.5,0,-0.147692,-0.530553,0.834686
-21.9727,-12.7291,-34.7885,-0.226576,0,-0.8,0,0.43576,-0.896342,-0.0817604
-52.7277,-27.3088,-26.9193,0.763351,0.322894,-0.4,0,-0.234647,-0.392028,0.889525
-31.6205,-10.0304,-42.8344,-1.04695,-0.504063,-3.5,0,2.01643e-05,-0.101068,-0.99488
-26.7529,-0.34575,-41.6748,0.536224,0,-4.5,0,0.866269,-0.498816,0.0275768
-43.3605,-27.6968,-30.7951,0.189544,0,4.2,0,0.981107,-0.181868,0.065974
-48.7855,-28.2725,-20.458,0.528485,0,-4.5,0,-0.529082,-0.750839,0.395364
-47.0154,-18.2425,-37.1068,-0.244989,0,-0.7,0,-0.182471,0.215067,-0.959401
-49.569,-5.699,-26.634,0.285056,0,-4.5,0,-0.988856,0.13959,-0.0517607
-36.6278,-8.774,-22.2044,0.128467,0,-3.2,1,0.232225,0.743882,0.626667
-39.1411,0.228625,-39.4259,0.471355,0,-3.5,0,-0.978915,-0.182235,-0.0922785
-21.5977,-2.04866,-27.1054,0.065484,0,4.5,1,0.665429,0.708773,0.234191
-63.3211,-23.1366,-20.9447,-0.233859,0,-4.5,0,-0.65237,-0.742103,0.153938
-48.2287,-14.9471,-19.0195,0.353947,0,-2.47269,0,0.114295,-0.065467,0.991287
-58.9282,-8.9685,-29.9897,0.00657057,0,-1.2398,0,-0.32139,0.898192,-0.299934
-50.6344,-7.38056,-25.8053,0.0271562,0,-0.7,0,-0.468946,0.70374,-0.533703
-62.4688,-29.716,-30.3563,-0.0368253,0,-4.5,0,-0.616309,-0.637957,-0.461708
-48.6781,-11.8664,-37.9616,0.0662298,0,-0.8,0,-0.170855,-0.495027,-0.851914
-23.8426,-6.54844,-39.3068,0.113955,-0.502321,-0.7,0,0.808024,-0.15108,-0.569449
-38.6678,-2.24181,-38.0894,-0.491659,-0.271908,-1.80395,0,-0.642635,-0.268924,-0.717426
-40.7065,-27.386,-28.8575,-0.320996,-0.112092,1.8,0,0.0617822,-0.557215,-0.828066
-47.4365,-23.0674,-34.7242,0.596441,-0.500519,-1.77083,0,0.0153171,-0.690383,-0.723282
-48.5674,-13.649,-20.2309,0.699409,0.411209,-2.70613,0,-0.875423,0.376442,0.303194
-39.6533,-7.69112,-40.3169,0.291147,0,-0.8,0,-0.143962,0.743706,-0.652822
-48.7248,-10.0761,-11.0208,-0.45378,0,-0.8,0,-0.63671,-0.750866,0.175502
-32.1286,-2.44138,-40.8889,0.103456,0,-0.9,0,-0.0123999,0.254203,-0.967071
-35.8862,-0.771875,-31.2577,0.532422,0,-3.9,0,-0.593013,0.672726,0.442464
-54.1471,-26.8603,-34.334,-0.550973,0,-3.5,0,0.398479,-0.280605,-0.873198
-38.7806,-7.2105,-25.1355,-1.10956,-0.834295,-3.5,1,0.857457,-0.498793,-0.126385
-42.4628,-28.0783,-24.3411,0.222947,0,-0.757759,0,0.0249069,-0.998731,0.0437726
-49.8516,-19.4714,-19.3197,-0.511052,0.760453,-4.5,0,0.456496,-0.388965,0.800199
-42.8123,-3.03881,-31.2118,0.344983,0,-0.8,0,0.265733,0.817977,-0.510196
-43.6641,-8.98763,-16.9329,-0.34432,0,-3.5,0,-0.274413,0.718764,-0.638808
-42.2038,-8.39325,-40.5098,-0.140025,0,-0.786133,0,-0.504397,-0.0755468,-0.860161
-46.7168,-20.0059,-37.8062,-0.122144,0,-0.7,0,-0.345442,-0.0400966,-0.937583
-48.3205,-6.256,-15.2195,0.81152,0.0494112,-1.11108,0,0.121219,0.965655,-0.229818
-19.4718,-6.61831,-34.5194,0.0617171,-0.215396,1.8,0,0.982751,-0.113989,-0.145623
-46.753,-2.81225,-21.548,-0.269915,0,-4.5,0,-0.00853609,0.999407,0.0333607
-23.233,-7.2625,-38.6905,1.86436,0,-3.5,0,0.593774,0.40462,-0.695496
-37.782,-8.2545,-23.8025,0.272204,0.00431685,-3.2,1,0.35438,0.933482,-0.0550064
-33.3957,-20.567,-36.3457,0.0893595,0.197002,-0.117103,0,0.239232,-0.969221,-0.0581186
-47.9891,-13.0503,-37.5769,-0.467429,-0.0471859,-0.8,0,-0.144553,-0.314351,-0.938237
-30.6295,-25.5212,-27.7152,0.972383,0,-4.5,0,-0.0368992,-0.51285,-0.857685
-54.4062,-29.8167,-30.0505,0.0695826,-0.0163449,-0.4,0,-0.260526,-0.932697,-0.249403
-20.5716,-11.4983,-33.204,-0.0324255,0,-0.8,0,0.960103,-0.213603,0.180487
-36.4365,-17.6846,-21.6218,-0.437803,0,-0.7,0,0.648961,-0.748568,0.135998
-56.4528,-18.9096,-22.4159,-0.0565536,0.185776,-0.8,0,-0.769764,0.568727,0.28985
-37.6475,-26.114,-31.4326,0.839983,0,-4.5,0,0.248945,-0.425279,0.870152
-24.9732,-12.7805,-37.1881,-0.192221,0,-3.5,0,0.00420036,-0.933918,-0.357464
-38.569,-3.78988,-25.9349,-0.887151,0,-3.5,0,0.458379,0.587519,0.666866
-35.6061,-26.3676,-21.4923,-0.238548,-0.780926,-3.12033,0,0.193504,-0.967373,0.163539
-38.2246,-21.1212,-42.8467,0.192264,0,0.562056,0,-0.152602,-0.988177,-0.0148195
-32.2475,-13.575,-25.5549,-0.0665579,0,4.2,1,0.674945,-0.370452,0.638133
-53.541,-30.0018,-28.9565,-0.152589,-0.12558,-0.4,0,-0.227381,-0.972527,0.0498979
-43.8459,-5.6385,-15.8156,-0.0397545,0,-0.4,0,0.241376,0.796891,-0.553807
-27.4198,-2.75375,-43.1626,0.16102,0,-0.7,0,0.347032,0.413248,-0.8419
-49.1043,-7.89,-17.545,-0.350684,0,-1.6,0,-0.0543913,0.644751,-0.762455
-41.0392,-20.5562,-39.1048,0.231873,0,-3.2,0,0.0978948,-0.989296,-0.108211
-28.6243,-12.4372,-39.7732,0.221184,0.0595995,-3.5,0,0.560895,-0.684618,-0.465505
-39.6753,0.855125,-34.711,0.433742,0,-1.6,0,-0.879893,0.46703,-0.0875881
-28.9428,-15.3519,-37.3164,-0.0946952,0,2.8,0,0.842533,-0.43692,-0.315023
-61.6021,-30.4483,-30.0115,0.841959,0,-4.5,0,-0.671961,-0.722422,-0.163014
-55.4851,-14.4008,-23.6902,-0.140251,0,-0.8,0,-0.533091,0.819653,0.20972
-59.0467,-14.4375,-33.201,0.0431377,0,4.2,0,-0.497672,0.355498,-0.791166
-41.8633,-4.071,-24.6455,-1.91795,-0.32211,-3.5,0,-0.71094,0.598657,0.369018
-54.0577,-8.14081,-33.0389,0.193656,0,1.8,0,-0.576615,0.790437,-0.2067
-59.9341,-19.7275,-22.0216,0.83727,0.207572,-4.5,0,-0.200468,0.686281,-0.699164
-42.991,-9.91981,-13.1888,0.017764,0,-3.5,0,0.472543,0.0448632,0.880165
-23.3374,-8.25444,-27.7218,-0.0324244,0,3.8,1,0.216231,0.461522,0.860373
-56.9999,-29.874,-30.6944,-0.0638992,0,-4.5,0,0.601373,-0.765898,0.227488
-20.3773,-4.522,-36.2511,0.141448,-0.0226732,1.34575,0,0.572276,-0.287663,-0.767952
-44.3051,-25.3547,-32.0845,0.237968,0,4.2,0,0.189564,-0.368201,-0.910216
-30.8657,4.24337,-37.3132,0.821484,0,-1.6,0,-0.0818891,0.148035,0.985586
-47.7482,-11.3264,-39.2131,-0.497089,-0.368133,-0.8,0,-0.456404,-0.500015,-0.735989
-38.3326,-12.7743,-18.5159,-0.755941,-0.0204029,-0.7,0,0.979047,0.0783907,0.187939
-27.0805,3.11625,-38.4411,0.502576,0,-3.57831,0,-0.0273524,-0.253103,0.967053
-49.4603,-8.42062,-35.6156,0.39995,0,1.77173,0,0.288085,0.806834,-0.515777
-44.7547,-17.8609,-38.7535,-0.428623,0,-3.2,0,-0.976563,-0.0490231,-0.209573
-61.4777,-21.8005,-30.7485,-0.332036,0,-0.7,0,-0.763168,0.363499,-0.534268
-34.8683,-6.60175,-27.9963,-0.0214888,0,3.33038,1,0.0350846,-0.353477,0.934785
-26.242,-20.1475,-32.5052,-0.00885278,0,-1.6,0,0.828609,-0.505104,-0.241407
-28.9835,0.727625,-32.2826,-0.210444,-0.0126206,-3.5,0,-0.275502,0.942431,0.189531
-31.1751,-12.1339,-26.585,0.0272479,0,4.41921,1,0.550651,-0.556413,0.622245
-45.2195,-28.8181,-24.2411,0.925995,0,-4.5,0,0.0946916,-0.95262,0.289049
-44.9638,-16.8053,-20.1899,0.195372,0,-4.5,0,0.125901,-0.792787,0.596353
-51.9352,-22.6152,-17.2558,0.596988,0,-3.5,0,0.754944,-0.402438,0.517787
-48.9725,-29.4036,-33.62,0.65257,0.271082,-3.5,0,-0.452039,-0.883068,-0.125901
-34.402,-13.9959,-47.1445,0.362983,-0.421445,-3.5,0,0.250485,0.538406,-0.804597
-62.9026,-25.8251,-24.7808,-0.302089,0.022705,-4.03041,0,-0.194925,-0.793557,0.57643
-51.0121,-31.7775,-29.0479,0.764493,0,-4.5,0,-0.624368,-0.570745,-0.533305
-42.6562,-24.2122,-32.9753,0.23364,0,-0.8,0,-0.0098787,-0.906812,-0.42142
-33.5801,-19.1038,-47.2854,0.541432,0,-1.6,0,0.489605,-0.0397309,-0.871038
-23.8436,-2.17981,-25.736,0.0342638,0,4.5,1,-0.0351294,0.60544,0.795115
-51.0685,-29.5583,-30.387,-0.450702,0,-2.35863,0,0.106357,-0.542695,-0.833169
-21.3819,-1.29625,-35.8728,0.720899,-0.104539,-1.6,0,0.163717,0.782743,-0.600425
-27.073,-21.4042,-31.9744,-0.0661122,0,-1.6,0,0.709994,-0.704159,-0.00829864
-34.1765,-2.74962,-27.7973,0.352453,0,4.5,1,-0.644689,0.377432,0.664771
-37.7243,0.046375,-32.3138,0.454556,0,-1.6,0,-0.0524499,0.323475,0.944782
-21.1707,-10.8643,-32.0003,0.409384,0.0794275,-0.8,0,0.889728,0.215511,0.402416
-37.7005,-13.2992,-19.7841,0.181909,-0.722332,-0.7,0,0.61217,0.373654,0.696872
-45.6249,-23.5101,-33.8749,0.487911,0,-0.8,0,-0.177979,-0.78586,-0.592239
-34.4371,-7.1345,-28.7619,0.676675,0,-0.4,1,0.297817,-0.175921,0.938273
-44.3262,-20.6276,-40.4941,0.283884,0,-3.2,0,-0.622012,-0.761214,-0.18345
-27.8121,-3.87438,-25.752,-0.0198816,0,4.5,1,0.504648,-0.22719,0.832896
-32.1936,-7.63469,-42.5627,0.766355,0.0457609,-2.99397,0,0.0438016,0.0330183,-0.998494
-22.8757,2.72163,-37.9284,7.29004,0,-3.5,0,0.630075,-0.407448,0.661054
-45.2289,-8.84694,-11.1634,-0.666056,-0.0423833,-0.8,0,0.619954,-0.407317,0.670634
-61.7834,-21.6429,-24.6634,0.360657,0,-3.5,0,0.201935,0.726247,0.657105
-27.0667,-1.83806,-39.9335,-0.48606,-0.552722,-0.7,0,0.809174,0.568666,0.147836
-47.1442,-11.3196,-14.7625,-0.466799,-0.852888,-1.0095,0,-0.333924,-0.787253,0.51839
-27.4452,3.70506,-42.8026,0.495108,0,-4.24325,0,-0.0474027,0.635035,-0.771028
-44.3128,-8.43331,-19.8323,-0.397496,0,-3.5,0,0.202028,0.521373,0.829069
-43.4537,-28.6664,-27.7184,0.159646,0,4.2,0,0.664285,-0.685906,0.297082
-52.5908,-9.608,-24.8968,-0.142362,0,-0.7,0,-0.731594,0.386963,0.561275
-45.8312,-28.401,-21.4014,0.492908,0,-4.5,0,0.731575,-0.675311,0.0935549
-45.3037,-14.4781,-17.4112,-1.08986,0,-3.5,0,-0.829518,-0.459214,0.31784
-28.1089,-22.3863,-22.8929,0.815988,0,-1.6,0,0.814609,0.529497,0.236738
-26.3311,-17.2475,-32.275,0.32715,0,-1.6,0,0.8248,0.458367,-0.331065
-32.5356,3.37769,-39.7803,0.703273,0,-1.6,0,-0.881104,0.232903,-0.411597
-48.3781,-2.30425,-33.2129,-0.0218263,0,3.8,0,-0.863993,-0.382183,-0.3278
-29.6255,6.59044,-41.0465,0.528753,0,-1.6,0,0.204967,0.914239,-0.349506
-26.8218,-13.892,-27.5712,-0.572,0,-3.2,1,-0.0922579,0.139006,0.985985
-42.274,-16.6279,-14.9435,-0.160582,0,-3.5,0,0.351085,-0.935863,0.0299792
-24.3336,-12.3357,-28.0825,-0.201822,0.0302473,-1.3304,0,0.345862,-0.152356,0.925833
-47.5239,-8.53837,-19.1769,-0.117511,0,-0.896141,0,-0.375962,0.923815,0.0722428
-43.2827,-9.77975,-37.6436,-1.19081,0,-0.7,0,-0.307712,0.0172446,-0.951323
-53.9765,-28.383,-26.9364,0.318482,0,-0.4,0,0.0580387,-0.27099,0.960831
-61.5643,-28.8853,-26.5767,-0.143888,0,-4.5,0,0.10434,-0.512181,0.852516
-22.5409,-11.8171,-38.9555,-0.0792254,0,-3.5,0,-0.0530643,-0.607451,-0.792583
-34.4147,-23.2962,-22.7014,0.683989,0,-3.5,1,0.576973,0.816388,0.0247342
-29.999,-13.141,-40.9285,-0.0130639,0,-3.5,0,0.669679,-0.56566,-0.481206
-31.1294,0.751813,-33.5781,0.71285,-0.0541009,-3.7815,0,0.291362,0.95538,0.0485551
-61.1899,-29.294,-31.2021,0.420249,0,-4.5,0,-0.53694,-0.120903,-0.834912
-59.6357,-18.7768,-26.3598,-0.301639,-0.0163128,4.01982,0,-0.35436,0.886162,0.298574
-35.7174,-15.0311,-20.0992,-0.687001,-0.110533,-0.7,0,0.577834,0.0635488,0.813676
-46.4997,-6.51963,-20.7025,-0.374716,0,-3.5,0,-0.33072,-0.113103,0.936927
-31.3258,-22.4176,-27.0572,0.501195,0.471114,-3.5,1,-0.511884,0.59434,0.62027
-43.4764,-4.94688,-22.097,-2.49189,-0.789716,-3.5,0,0.458233,0.887416,-0.0501446
-55.9964,-23.7684,-20.4622,0.520429,0.0746123,-4.5,0,-0.217604,-0.89065,0.399239
-30.2691,5.55119,-42.0441,0.539782,0,-1.6,0,-0.197899,0.371755,-0.906992
-36.3548,-11.0835,-21.671,-0.916673,0,-3.2,1,0.45008,0.232197,0.862272
-34.7176,2.14344,-33.3866,2.16685,0,-3.9,0,-0.460409,0.801755,0.381067
-21.3884,-8.10388,-30.7153,0.270326,0,3.8,0,0.94681,-0.258399,0.191783
-43.4593,-16.3288,-16.1795,-1.37183,-0.0777005,-3.5,0,-0.277653,-0.952808,0.122744
-35.1052,-10.0667,-22.9745,0.0261816,0,-3.2,1,0.94918,0.216211,0.228714
-33.5819,-23.7681,-23.8454,0.729774,0,-3.5,1,0.574204,0.818708,-0.00279366
-40.3554,-21.0833,-37.6457,0.903469,-0.208282,-1.91301,0,-0.338368,-0.862009,-0.377422
-29.4976,-14.3933,-39.2082,0.100974,0.0376729,2.41854,0,0.790922,-0.416471,-0.448325
-52.0211,-8.38538,-14.1329,0.19897,0,-1.6,0,-0.742357,0.105601,0.66163
-45.628,-3.93625,-27.2891,0.220036,0,-4.5,0,0.409989,0.869864,0.274309
-31.9527,-14.75,-45.0482,-0.372466,0,-1.76204,0,0.929031,-0.0471898,-0.366981
-52.4804,-14.6833,-36.5303,0.0392479,0,-1.6,0,-0.513311,-0.341829,-0.787188
-32.0715,-14.8835,-27.2938,0.0195598,0,2.97654,1,0.817553,-0.117547,0.563729
-21.4158,-5.098,-28.9325,-0.188633,-0.929931,3.83462,0,0.930549,-0.286002,0.22865
-26.5459,5.13356,-40.7141,-0.025665,0,-3.69763,0,0.188016,0.807389,-0.559261
-59.2361,-16.2155,-33.6497,0.000336013,0,4.2,0,-0.607978,0.0334989,-0.793247
-32.3172,-9.37981,-26.2738,-0.0530025,0,4.5,1,-0.528742,0.6727,0.517597
-28.5696,-22.9916,-20.1268,-0.563439,0,-1.6,0,0.570311,0.436832,0.695646
-20.2765,-0.293,-34.5283,-1.76581,-0.165091,-1.6,0,0.555685,0.780846,-0.285472
-57.0023,-11.6791,-33.1906,0.0540361,0,3.8,0,-0.408719,-0.170014,-0.896685
-53.7943,-25.2527,-22.1501,0.643357,0,-4.5,0,-0.383163,-0.85946,0.338399
-34.4613,2.81875,-34.5051,3.50728,0,-3.9,0,-0.436869,0.867216,0.238919
-32.9634,-1.70269,-40.634,0.485384,0,-0.9,0,-0.14868,0.276171,-0.949539
-43.5835,-5.6855,-25.4096,-0.620112,0,4.2,0,-0.155913,0.97982,0.125075
-32.2685,3.3735,-37.1725,0.645,0,-2.88462,0,-0.189878,0.676362,0.711675
-32.4409,-0.492188,-40.9032,0.329069,0,-0.9,0,-0.123358,-0.0661095,-0.990158
-28.8107,0.397687,-40.3681,-0.844102,0,-4.5,0,-0.41099,-0.348927,-0.842221
-43.7072,-9.27881,-19.1644,-0.537339,0,-3.5,0,-0.231112,0.871149,0.433228
-38.3301,-10.7397,-19.9207,-0.116528,0,-0.7,1,0.906154,0.117548,0.406286
-49.261,-4.82669,-25.148,0.881266,0,-4.5,0,-0.904062,0.405891,-0.133882
-35.7139,-1.35994,-40.0702,0.998766,0.539266,-3.5,0,-0.0512494,-0.497674,-0.865849
-23.8349,-12.8449,-30.9854,-0.230794,-0.544886,-0.8,0,0.201548,-0.977832,0.056765
-26.7525,-12.312,-27.936,-0.0385261,0,-3.2,1,0.0234612,0.184004,0.982646
-46.6421,-5.86147,-11.5723,0.227187,0,-0.8,0,0.00327444,0.882544,0.470218
-44.3993,-18.8784,-41.8775,0.185119,0,-3.2,0,-0.593884,0.10399,-0.797802
-47.1483,-0.34575,-31.0301,0.0130216,0,3.8,0,-0.543202,0.785053,0.297696
-51.2567,-27.1283,-33.444,0.247316,0,-3.5,0,-0.178394,-0.611899,-0.770555
-26.1196,-13.0273,-35.9717,0.0647307,0,2.8,0,0.41104,-0.911563,0.00990611
-40.6878,-19.4109,-22.2052,-0.0700905,0,3.8,0,0.0575955,-0.63481,0.770518
-27.2946,5.07944,-41.5112,0.433946,0,-2.77848,0,0.354489,0.704917,-0.614353
-59.0806,-31.4395,-31.9705,0.493903,0.0787379,-4.5,0,0.01349,-0.997483,-0.0696144
-25.0614,-2.91506,-38.1042,0.92382,0.150692,-1.39596,0,0.152499,0.905108,-0.396892
-49.2034,-6.73094,-12.1764,0.550469,0,-0.8,0,-0.7403,0.471314,0.479394
-52.434,-14.9835,-20.68,-1.30924,-0.0253029,-0.8,0,-0.401716,0.267118,0.875941
-29.6629,1.35544,-37.2673,0.801498,0,-1.6,0,0.396806,0.406554,0.822957
-43.6791,-16.3338,-41.3298,-0.300491,0.539657,-3.2,0,-0.324715,0.44542,-0.834363
-57.482,-27.8062,-33.7747,-0.78801,-0.394255,-3.88008,0,-0.569063,-0.101508,-0.816005
-55.6524,-8.95613,-30.021,-0.231914,0,0.151994,0,-0.0108985,0.997109,0.075198
-26.877,-1.554,-41.42,0.224095,0,-0.7,0,0.839314,0.366848,-0.401216
-32.7677,-6.54844,-27.1879,-0.151764,0,4.5,1,-0.587637,-0.734447,0.339515
-42.8665,-4.316,-35.7171,-0.170165,-0.067384,-0.775068,0,-0.518619,0.826144,0.220273
-51.0028,-7.89563,-36.2294,1.00127,0.792887,1.8,0,-0.0590237,0.582622,-0.810597
-37.8484,-1.71581,-29.604,0.675784,0.479095,-3.5,0,-0.244667,0.964473,0.0996534
-23.0885,-13.0119,-33.4155,-0.701037,-0.0930518,-0.8,0,0.0557734,-0.998424,0.00616718
-64.0458,-20.4538,-19.3449,0.982372,0.890276,-4.5,0,-0.91902,0.126214,0.373459
-29.7914,-15.8646,-28.4077,0.0139733,0.745226,-3.2,1,-0.0132398,-0.340223,0.940252
-21.4148,-1.88681,-30.8541,0.386412,0,-3.9,0,0.870926,0.0407017,0.489725
-28.81,-2.70581,-26.3834,0.0711031,0,4.5,1,0.132103,0.769346,0.625024
-45.6786,-7.89213,-10.4251,-0.645473,-0.904041,-0.8,0,0.461428,0.0802162,0.883544
-59.9843,-22.4761,-33.1385,-0.150551,0,-0.7,0,-0.193394,0.301577,-0.933622
-42.3517,-18.3888,-21.0266,-0.15042,0,3.8,0,-0.163291,-0.578372,0.799263
-40.4678,-27.3493,-32.6425,0.944847,0.825916,-4.5,0,-0.819064,-0.55156,-0.157845
-43.0196,-20.3874,-41.4566,0.287506,0,-3.2,0,0.070966,-0.75818,-0.648172
-37.0201,-23.8371,-37.216,-0.0263501,0,-0.7,0,0.14628,-0.674383,-0.723747
-25.5826,-2.78369,-40.1664,0.399701,0,-0.7,0,0.593643,0.802827,-0.0552943
-30.038,-14.8842,-40.6647,0.320549,0.537966,-3.5,0,0.821571,0.0580117,-0.567147
-53.3779,-8.093,-26.6666,-0.225557,0,-3.5,0,-0.0506212,0.973216,0.224252
-34.2113,-16.2878,-25.2935,-0.0741486,0,1.8,1,0.643426,-0.357069,0.67713
-57.8814,-23.2029,-19.9819,0.697326,0,-4.5,0,0.0465029,-0.789758,0.611654
-46.3415,-9.99212,-10.8759,-1.19688,-0.602764,-0.8,0,0.448359,-0.653574,0.609767
-35.918,-8.491,-43.306,0.0806848,0,-4.5,0,-0.166019,0.95457,-0.247455
-26.4738,-11.2689,-38.83,-0.106354,-0.00163553,-0.8,0,0.291478,-0.612131,-0.735076
-40.1078,-8.91075,-42.4888,-0.0443089,0,-0.8,0,-0.420825,0.890794,-0.17144
-33.317,-3.175,-42.5719,0.150417,0,-0.8,0,0.0584962,0.97962,-0.192153
-33.067,-27.7015,-25.9759,-0.895847,-0.601578,-4.5,0,-0.774164,-0.504257,-0.382615
-46.1043,-7.78162,-19.8416,-0.101975,0,-3.5,0,-0.063726,0.716384,0.69479
-35.9408,-12.7373,-20.8293,-0.287602,-0.198177,-0.7,1,0.587785,0.474575,0.6552
-44.2516,-6.58831,-39.2101,0.313399,0,-0.7,0,-0.683951,0.0210122,-0.729225
-39.6074,-12.7662,-46.8561,0.195474,0.290137,-3.71241,0,-0.556908,-0.640195,-0.529153
-46.9703,-7.31094,-30.8176,-0.651873,0,3.3823,0,-0.194864,0.56557,-0.801348
-59.3301,-14.2706,-30.4394,0.395631,0,-1.8902,0,-0.975492,-0.129276,0.178051
-24.2073,-13.5557,-30.1394,-0.389267,0.197739,-3.2,0,0.77738,-0.463045,-0.425757
-47.8237,-12.5118,-15.6058,-0.965039,-0.279584,-0.8,0,-0.261774,-0.524755,0.810004
-37.5979,-24.6351,-29.8845,0.364479,0,-4.5,0,0.64351,-0.56708,0.514117
-54.073,-15.3369,-21.3793,0.0281248,0,-0.8,0,-0.325094,0.434859,0.839768
-58.2655,-23.636,-20.9945,0.494224,0,-4.5,0,0.0114009,-0.86224,0.506372
-49.1157,-7.79844,-11.1058,0.00867094,0,-0.8,0,-0.757159,0.360498,0.544749
-36.7977,-22.4185,-45.0633,0.393998,0,-1.6,0,-0.346386,-0.908526,0.233663
-30.0755,-2.86912,-41.3657,-0.0690192,0,-0.7,0,-0.479675,0.467438,-0.742572
-60.1614,-17.8464,-28.3578,-1.11854,-0.937007,-0.7,0,-0.396002,0.783753,0.478449
-61.4239,-24.7742,-23.4152,-1.11653,-0.0711937,-3.5,0,-0.252059,-0.432238,0.865816
-44.9714,-9.09663,-17.3134,-0.495593,-0.567737,-1.82939,0,0.512674,0.749788,-0.41831
-28.8547,3.68406,-37.9264,0.444857,0,-1.6,0,0.363443,0.107928,0.925344
-55.6934,-7.51013,-27.4159,-1.86892,-0.143786,-3.5,0,0.0311949,0.987155,-0.156689
-59.421,-21.176,-32.135,-0.0897113,0,-0.7,0,-0.32635,0.62879,-0.705775
-50.8225,-19.6569,-18.3432,-0.198837,-0.388018,-3.5,0,0.536705,0.349972,0.767768
-35.1819,-1.25188,-28.9301,-0.154616,-0.327863,-0.0921773,0,-0.474398,0.429786,0.768265
-35.0622,-21.5194,-38.4939,0.161196,0.0197068,-3.5,0,0.476663,-0.870486,-0.122661
-29.2326,-21.3825,-25.1765,-0.333734,0,-3.5,1,-0.606402,0.774891,0.178385
-55.6442,-12.2496,-34.6599,-1.82252,-0.100361,3.8,0,-0.612993,-0.0753552,-0.786486
-33.425,-22.9023,-32.7504,-1.23277,-0.0331677,-3.5,0,0.36834,-0.130619,-0.92047
-40.2955,-26.827,-29.9915,0.0795045,0,-0.0607075,0,-0.0511288,-0.998434,-0.0226843
-55.5575,-23.3681,-19.1892,0.290242,0,-3.64401,0,-0.762555,-0.350892,0.543493
-37.0308,-25.6458,-35.2591,0.313001,0,-2.39533,0,0.157887,-0.312229,-0.936795
-62.0798,-23.5137,-29.9968,-0.873466,0,-2.14716,0,-0.827236,-0.00279754,-0.561848
-46.2706,-5.5295,-31.7814,-0.224598,0,3.8,0,-0.682558,-0.426888,-0.593196
-54.0918,-14.2115,-22.5865,0.25071,0,-0.567242,0,-0.631201,0.648347,0.425714
-32.0571,-20.6544,-37.1904,-0.0120971,0,2.8,0,0.0437073,-0.947303,-0.317342
-28.2461,0.343,-29.4543,0.211617,0,-3.5,0,-0.193899,0.935894,0.294117
-40.7265,-26.9498,-31.5742,0.755584,0,-4.5,0,-0.327044,-0.736093,0.592629
-53.4509,-12.8975,-23.5222,0.273282,0,-0.4,0,-0.899773,0.429556,0.0767518
-51.4146,-9.62106,-22.5841,0.131906,0,-0.7,0,-0.585016,0.158249,0.795433
-60.6432,-10.5044,-30.3878,-0.00626942,0,-4.5,0,-0.362936,0.385903,-0.848149
-53.3091,-25.9696,-24.1572,-0.218488,0,-4.5,0,-0.184577,-0.9621,0.200735
-32.3805,-23.0807,-19.0845,0.889251,0.772434,-0.4,0,0.0471934,0.539296,0.840793
-39.6102,-28.152,-23.0049,-0.234695,0,-2.80505,0,0.198993,-0.62832,0.752074
-55.2512,-17.463,-34.6101,-0.132809,-0.0577564,4.18635,0,-0.0315804,-0.0476791,-0.998363
-47.78,-27.088,-18.846,-0.00612683,0,-4.5,0,-0.138865,-0.438465,0.887955
-52.9128,-13.6851,-21.7678,-0.21188,0,-0.402412,0,-0.499068,0.304769,0.811201
-30.551,-28.4282,-25.6353,0.0344082,0,-4.5,0,0.174459,-0.970985,-0.16356
-59.5229,-15.4191,-33.0388,0.0359565,0,4.2,0,-0.806963,0.312796,-0.500969
-45.5588,-3.759,-24.3956,0.542024,0.13822,-4.5,0,0.578249,0.798743,-0.166247
-39.7586,-14.412,-45.8265,0.0939845,0,-3.5,0,-0.79711,-0.266665,-0.541761
-52.5094,-13.2358,-37.296,0.0805005,0,-1.6,0,-0.674651,-0.323832,-0.663309
-44.1948,-24.4335,-20.7711,-0.958411,-0.113034,-3.5,0,-0.43247,0.620492,0.654186
-29.1161,-14.1026,-28.1283,-0.169569,0,-3.2,1,-0.207737,-0.0653607,0.975999
-55.9899,-27.5615,-34.7122,-1.56678,-0.0531177,-3.5,0,-0.0557259,-0.373219,-0.926068
-31.9186,-16.9632,-45.3711,-1.23615,-0.19158,-1.6,0,0.98419,-0.0218902,0.175756
-22.5339,-0.24125,-30.278,0.718455,0.377568,4.5,0,0.551187,0.718688,0.423888
-41.8365,-20.1154,-41.4638,-0.0862468,0,-1.54215,0,-0.190902,-0.664192,-0.722776
-37.2133,-12.5772,-47.3008,0.73746,0.468285,-4.45654,0,0.144319,-0.0392199,-0.988754
-35.8226,-23.3137,-36.6949,0.0181052,0,-0.7,0,0.78376,-0.459968,-0.417313
-37.7479,-29.1874,-25.1294,0.00204605,0,1.8,0,0.836225,-0.484185,-0.257473
-59.7584,-30.7014,-28.1268,0.845689,0,-4.5,0,0.354102,-0.697506,0.622975
-43.9631,-16.3601,-19.3122,-0.964946,0,-3.5,0,-0.361092,-0.925851,0.111407
-43.7007,-26.3998,-29.8289,0.270067,0,4.2,0,0.993854,0.0662796,0.0886596
-46.5094,-11.1464,-12.9399,0.159247,-0.295418,-0.8,0,-0.368004,-0.917633,0.150078
-39.3753,-23.1679,-34.2603,0.400768,-0.0753223,-2.97324,0,-0.833836,0.0353055,-0.550882
-61.881,-11.1649,-27.8666,-0.0931742,0,-4.5,0,-0.731496,-0.170909,0.660078
-47.9852,-27.4595,-23.9328,1.46494,0,-4.5,0,-0.56145,-0.826744,0.0356204
-64.0465,-24.444,-28.606,-1.37649,-0.227591,-3.63986,0,-0.743545,0.287003,-0.603962
-47.8461,-21.1609,-36.6505,-0.583049,-0.11065,-0.7,0,-0.607402,-0.489596,-0.625586
-54.3499,-11.8636,-25.2691,-0.140517,0,-3.5,0,-0.561474,-0.178561,0.807999
-53.8199,-21.113,-15.5454,-1.33158,-0.0683916,-3.5,0,-0.167578,0.243354,0.955352
-52.2832,-30.6521,-28.9988,0.0270956,0,-4.5,0,-0.538484,-0.837939,-0.0888431
-31.8503,6.10269,-39.5381,0.328935,0,-1.6,0,-0.67866,0.730165,0.0792516
-43.1942,-7.98763,-20.2252,-0.820862,-0.260301,-2.76301,0,-0.0922879,0.506727,0.857152
-48.8903,-22.0965,-34.7057,0.435421,-0.936665,-0.7,0,-0.257321,-0.236874,-0.936844
-56.1846,-27.2216,-25.9417,0.0896381,0,-3.5,0,0.13881,-0.761882,0.632667
-55.1316,-29.9365,-29.3179,0.239476,0,-0.4,0,-0.139934,-0.978615,-0.150772
-27.3468,-13.5876,-35.2422,-0.542587,-0.0829014,2.8,0,0.376372,-0.919267,-0.115292
-59.455,-8.50562,-26.6985,0.514406,0.0600395,-4.5,0,-0.109353,0.622094,0.775268
-50.4896,-11.974,-38.0065,0.204851,0,-1.6,0,0.0851325,-0.110172,-0.99026
-30.7894,-27.1858,-27.4688,0.4581,0,-4.5,0,-0.0778629,-0.36422,-0.928052
-39.599,-8.74125,-25.0176,-0.15465,0,3.64107,1,0.635398,0.0223594,-0.771861
-64.1542,-21.0086,-24.2131,-0.55342,0,-3.5,0,0.189248,0.952205,0.239773
-41.8532,-20.9501,-38.0571,0.501359,0,-3.2,0,0.174922,-0.984416,0.0181198
-61.447,-23.1873,-21.6662,-0.234485,0,-4.5,0,-0.261732,-0.964987,0.0172153
-40.788,-8.27175,-41.2995,-0.135323,0,-0.8,0,-0.26004,0.695946,-0.669357
-58.6931,-12.741,-26.3757,1.07418,0,-4.5,0,-0.398155,-0.00802595,0.917283
-29.1283,-4.21263,-42.7536,0.0439491,0,-0.7,0,-0.459614,-0.253951,-0.851037
-31.7568,-21.0702,-33.6357,-0.0013889,0.013432,2.59013,0,0.101394,-0.850901,-0.515448
-37.2961,-16.9792,-45.6771,0.967465,0.0322042,-3.5,0,-0.667097,-0.451969,-0.592204
-37.9118,-8.63925,-45.7477,0.559199,0,-4.5,0,0.0939755,0.915719,-0.390675
-38.5795,-10.6698,-48.1442,0.747032,0.16269,-4.5,0,0.218586,0.144662,-0.965035
-28.2651,-24.5684,-30.1969,-1.74946,-0.0641002,-3.5,0,0.371359,-0.766858,-0.523471
-54.3859,-23.9826,-19.3278,0.656971,0,-3.5,0,-0.419287,-0.906118,-0.0561058
-34.2842,2.20225,-36.4204,1.55256,0,-3.9,0,-0.241883,0.923348,-0.298198
-49.1338,-4.28531,-27.1238,0.108803,0,-4.5,0,-0.745072,0.653814,-0.131892
-41.4917,-28.3615,-25.4036,0.641765,0,1.8,0,-0.513858,-0.85499,-0.0703061
-46.8898,-33.3218,-30.0212,0.864899,0.0603769,-4.5,0,0.276602,-0.846886,-0.454175
-45.8025,-4.5495,-19.4821,0.333109,0.0827811,-4.5,0,0.324414,-0.121654,0.93806
-47.7705,-8.254,-32.5177,-1.07468,-0.0120679,1.83734,0,-0.0188352,0.993409,-0.113062
-65.6719,-25.7754,-27.9169,-1.98522,-0.164033,-4.5,0,-0.832078,0.433192,-0.346396
-46.5029,-22.4449,-36.4577,-0.669291,-0.934389,-0.7,0,-0.0776697,-0.798162,-0.597415
-59.7454,-15.1958,-31.3069,0.113488,0,4.2,0,-0.916665,0.299068,0.265109
-46.002,-22.8043,-34.644,1.14085,-0.225177,-0.7,0,-0.0250311,-0.870052,-0.492324
-39.078,1.6565,-40.019,-0.00982231,0,-3.5,0,-0.952382,0.269551,0.142515
-25.2541,2.47,-38.5079,2.69542,0,-3.5,0,-0.0906378,-0.751025,0.654024
-45.4859,-13.4196,-15.1144,-0.348527,0,-3.5,0,-0.822855,-0.544999,0.160891
-39.0615,-11.3135,-26.0725,0.248204,0,-2.47634,1,0.284011,0.822681,-0.492477
-61.4837,-26.6544,-25.1623,-0.088352,-0.0570423,-3.96268,0,-0.281016,-0.789279,0.545957
-35.377,-22.0987,-22.4065,0.0921454,0,-3.5,0,0.542321,0.791213,0.282613
-33.5156,-18.8071,-43.135,-0.739967,0,0.984635,0,0.893048,-0.37973,0.241393
-38.3081,2.64412,-39.4114,-0.264867,0,-3.5,0,-0.642357,0.723,0.25426
-27.8067,-20.872,-30.063,-0.321203,0,-1.6,0,0.931163,-0.362253,0.0413327
-36.6423,-18.4638,-23.5909,0.0821263,0,0.239262,0,0.853705,-0.331041,0.401994
-33.1423,2.45475,-33.113,1.56538,0,-3.9,0,0.269123,0.852806,0.447542
-48.7498,-27.6276,-35.4214,0.480031,0.203838,-3.5,0,-0.168359,-0.221374,-0.960546
-20.446,-0.84825,-33.1418,-1.19216,-0.451753,-2.52436,0,0.797623,0.485949,0.357282
-55.3444,-21.1124,-19.4202,0.521029,0,-4.1936,0,-0.701273,0.25912,0.664133
-29.1231,-1.432,-27.8008,0.512354,0,-3.5,0,0.0434117,0.593111,0.803949
-46.7346,-19.2534,-21.1839,0.196074,0.145683,-4.5,0,0.656394,-0.575954,0.487262
-56.6324,-18.0984,-23.6286,0.685008,-0.509598,-0.8,0,-0.881959,0.305492,0.358918
-44.9979,-16.9026,-39.5799,0.004046,0.012396,-1.74268,0,-0.946048,-0.199432,-0.255384
-46.9801,-5.12937,-19.8251,0.198619,0,-4.5,0,-0.150774,-0.434017,0.888199
-32.1766,1.0185,-32.5615,1.38885,0,-3.9,0,0.561088,0.582288,0.58832
-52.1457,-10.6199,-16.6684,0.443724,0,-1.6,0,-0.652573,-0.728085,-0.20986
-32.0558,-6.51306,-26.4556,-0.119524,0,4.5,1,-0.49678,-0.635,0.591595
-22.1402,-4.17894,-37.7291,0.538639,0,-1.6,0,0.730648,-0.258332,-0.631995
-47.1255,-5.7785,-12.6458,0.667149,0,-0.8,0,-0.0654636,0.997852,-0.00229361
-35.8106,-21.1671,-42.4161,-0.0910882,-0.362395,-2.31449,0,0.342302,-0.939589,-0.00109694
-32.9299,-17.2691,-26.0351,-0.0364142,0,1.8,1,0.322435,-0.282729,0.903382
-53.2123,-22.4181,-33.9317,-0.42555,0,2.4672,0,-0.390748,-0.315003,-0.864921
-22.7134,-3.43263,-38.4181,0.385223,0,-1.6,0,0.384237,0.129345,-0.914129
-44.359,-4.95059,-39.0564,0.0304045,0,-0.7,0,-0.84533,0.258676,-0.467445
-46.6828,-24.1742,-20.4594,0.176841,0,-4.5,0,0.509737,0.741101,0.436963
-26.5548,-22.5205,-27.887,-0.553706,0,-3.5,0,0.880835,-0.00473264,-0.4734
-30.4398,-23.9599,-19.6389,1.04665,0,-1.6,0,0.269752,-0.101627,0.957552
-52.3246,-8.22388,-25.7757,-0.115347,0,-0.832768,0,-0.477593,0.878334,-0.0208345
-37.2952,-21.9977,-43.8262,0.309366,0,-1.6,0,-0.308666,-0.906221,0.288944
-44.6555,-30.3629,-29.1203,0.289318,0.024916,-1.95709,0,0.771642,-0.514796,-0.37357
-55.0296,-14.288,-34.4389,0.110857,-0.0852923,4.08997,0,-0.462867,0.0905224,-0.881793
-48.5081,-9.80825,-39.41,-0.168509,0,-0.8,0,-0.565386,0.213878,-0.796615
-44.9956,-10.7597,-39.1126,-0.488564,-0.859347,-0.8,0,0.504095,0.411858,-0.759119
-38.6981,-23.1173,-37.3402,-1.08701,-0.706854,-0.7,0,-0.524272,-0.589644,-0.614377
-41.3584,-6.18044,-39.2563,-0.122925,0,-0.7,0,0.454773,0.247678,-0.855475
-61.3254,-22.1784,-22.8021,-0.0709122,0,-4.0291,0,-0.0435951,0.908325,-0.415987
-32.358,-26.18,-27.662,0.0124801,0,-4.5,0,-0.341994,-0.580804,-0.73872
-34.9068,-16.2105,-47.8721,0.22176,0,-3.5,0,0.0329604,-0.383438,-0.922978
-32.891,2.976,-36.212,0.979786,0.0868274,-3.9,0,0.112041,0.986913,-0.115976
-59.0762,-15.4104,-29.955,0.230295,0,2.34532,0,-0.9758,0.108098,0.190078
-34.8558,-4.13306,-27.2505,0.0633614,0,4.5,1,-0.525473,0.141022,0.839041
-20.7434,-3.631,-27.5403,-0.0318203,0,4.5,0,0.980828,0.0648802,-0.183759
-40.3143,-6.06012,-23.2324,-1.13361,-0.638095,-3.5,1,0.557861,0.248404,0.791888
-26.4968,-13.868,-31.4947,-0.551799,0,-2.93266,0,0.754444,-0.497948,-0.427624
-24.546,-0.680375,-27.1435,-0.0629597,0,4.5,0,0.200119,0.829825,0.520905
-37.7597,-7.55594,-40.706,0.123865,0,2.8,0,-0.433052,0.365304,-0.824026
-52.2838,-26.0162,-24.0545,-0.0212582,0,-1.34528,0,-0.365088,-0.929187,0.0576445
-41.7626,-3.89913,-26.6898,-1.3603,-0.712993,-3.5,0,-0.610621,0.790335,-0.0501329
-39.1699,-7.90588,-19.485,0.942677,0.334122,-0.7,0,0.652088,0.746037,-0.134945
-63.0575,-26.8815,-26.1427,-0.470734,0,-4.5,0,-0.250115,-0.547213,0.798749
-38.5044,-8.99756,-42.2294,0.104266,0.422051,-2.6599,0,0.0580018,0.978136,-0.199712
-54.5384,-8.12663,-32.0638,-0.0980498,0,3.8,0,-0.1971,0.976457,0.0876569
-41.8114,-10.2414,-46.7107,1.48977,0.883915,-4.5,0,-0.99838,0.0274129,-0.0498528
-36.833,3.35225,-38.6035,-1.2113,-0.0752644,-3.5,0,0.00947935,0.943285,0.331849
-53.5703,-18.0238,-20.7424,0.418407,0,-3.5,0,-0.224258,0.613055,0.757543
-25.0204,-8.27744,-39.9234,0.404165,0,-0.8,0,0.186893,-0.0965236,-0.977627
-30.8752,-13.1528,-42.4232,-0.0878286,0.263485,-2.63323,0,0.754965,-0.125486,-0.643646
-48.1519,-13.6209,-17.5359,-0.23914,0,-0.8,0,-0.218692,-0.929799,0.296053
-46.5497,-7.96319,-32.2953,-0.572615,0,2.8,0,-0.544524,0.836779,-0.0573946
-44.3224,-5.28681,-20.7579,-1.50409,0,-3.5,0,0.506052,0.24762,0.826194
-30.7459,-0.290062,-31.3416,0.505391,0,-3.5,0,-0.325289,0.891867,0.314263
-38.7489,-21.7654,-22.7549,0.104674,0.879159,-3.5,0,0.0392696,0.523707,0.850993
-54.1071,-19.5282,-34.7026,-0.0982951,0,4.2,0,0.0172,0.0394131,-0.999075
-33.3652,-26.8272,-20.0947,0.0904359,0,-0.4,0,-0.0743142,-0.979034,0.189656
-48.0396,-29.4443,-33.0441,0.856485,0.774592,-3.5,0,0.216243,-0.976145,0.0194999
-19.441,-3.17512,-34.33,-0.528337,-0.656436,1.45054,0,0.950525,0.310525,-0.00871445
-30.5763,-26.8188,-22.2763,-1.01153,-0.041758,-3.11061,0,0.108656,-0.792743,0.599793
-31.8542,5.4965,-38.0593,0.416061,0,-1.6,0,-0.523911,0.566979,0.63565
-43.5076,-13.7147,-41.365,-0.138474,0,-0.7,0,-0.325069,-0.0316981,-0.945159
-63.339,-24.3626,-22.9879,-1.50521,0,-3.5,0,0.244644,-0.680978,0.690231
-26.2344,-17.1391,-30.3582,-0.0664691,0,-1.6,0,0.988722,-0.124016,-0.0839542
-39.6502,-17.0093,-44.1535,0.0406881,0,3.8,0,-0.401807,-0.0986999,-0.91039
-48.1161,-28.9177,-34.6486,0.651977,0.0038347,-3.5,0,0.263233,-0.698091,-0.665866
-47.798,-14.1535,-37.379,-0.278194,-0.109109,-1.36332,0,-0.133625,-0.226213,-0.964869
-35.0918,-9.73462,-25.8555,-0.0743729,0,4.2,1,0.0825296,0.935231,0.344285
-50.1599,-28.041,-33.1415,-0.0770111,0,-3.5,0,-0.532061,-0.774898,-0.341239
-44.9238,-14.3007,-40.2972,-0.767018,-0.226285,-0.7,0,-0.609745,0.0376065,-0.791705
-35.1164,-27.2335,-34.4058,0.478637,0,-4.5,0,0.802137,-0.0778469,-0.592044
-39.5779,-18.6898,-21.2493,-0.614033,-0.0839649,-0.7,0,-0.173681,-0.686058,0.706512
-39.3687,-24.7913,-34.4538,0.701869,0,-1.01595,0,-0.635791,-0.0925635,-0.766291
-35.9869,-13.8996,-47.8571,0.485818,0,-3.5,0,0.0800173,0.368191,-0.9263
-26.4408,-5.85969,-27.4783,-0.137606,0,4.5,1,0.256276,-0.217141,0.941898
-57.0776,-19.3649,-20.9414,-0.0368564,-0.127556,-4.5,0,-0.211729,0.932815,0.291595
-29.744,2.727,-37.1879,0.880008,0,-1.6,0,0.297827,0.0752481,0.951649
-43.084,-21.5928,-39.6376,0.704855,0.586691,-3.2,0,-0.122151,-0.983437,-0.133907
-37.9755,-24.1084,-28.3469,-0.425437,-0.38049,0.0549262,0,0.727419,-0.685734,-0.0251295
-52.1108,-17.0947,-20.6575,-0.179594,-0.152082,-3.06732,0,-0.563619,0.398539,0.723533
-52.2233,-23.881,-34.5817,-1.01229,-0.884396,-3.5,0,-0.376678,-0.062628,-0.924225
-43.4393,-11.2428,-12.3734,-0.112784,0,-3.5,0,0.305924,0.0988254,0.946913
-49.9629,-30.659,-25.8996,0.97478,0,-4.5,0,-0.0931375,-0.0663794,0.993438
-37.2413,-1.73438,-30.7948,0.504282,0,-3.54619,0,-0.284732,0.927016,0.244066
-33.1422,-8.53763,-28.6688,0.267664,0,4.35186,1,-0.372903,0.291132,0.881014
-21.671,-11.2727,-39.3555,0.0835978,0,-3.5,0,0.278592,-0.594588,-0.754222
-36.624,-15.5162,-48.1816,0.2718,0,-3.5,0,-0.298604,-0.192975,-0.934664
-38.6489,-25.4951,-27.4161,-0.0502661,0,2.23648,0,0.806059,-0.413213,-0.423702
-47.6056,-7.63769,-21.0029,-0.33351,0,-3.5,0,-0.477193,0.276733,0.83409
-41.0979,-25.5824,-30.9837,0.832359,0,-4.5,0,-0.628798,-0.596113,0.499262
-59.5289,-22.6031,-18.8559,0.43926,0.0616024,-4.5,0,0.291837,-0.220002,0.930822
-56.9519,-30.625,-32.4441,-0.00943333,0,-4.5,0,0.71657,-0.697058,0.0252383
-34.6898,-11.5575,-23.9545,-0.348662,0.0562555,-3.2,1,0.865703,0.191656,0.462414
-60.905,-18.9804,-20.3493,0.584923,0.119784,-4.5,0,0.333735,0.914323,0.22942
-35.0233,-26.064,-20.3424,0.762056,0,-0.4,0,-0.401053,-0.799982,0.446302
-33.8854,-26.5151,-21.7954,0.311171,0.0261504,-1.93959,0,-0.164663,-0.981087,-0.101755
-28.6628,-2.08175,-42.7137,0.105647,0,-0.7,0,-0.472095,0.569554,-0.672855
-36.9612,2.09687,-37.4535,-0.0698423,-0.722505,-3.5,0,-0.266772,0.936383,0.228076
-34.0373,-18.0788,-26.4136,0.144595,0,1.8,1,0.285789,-0.460321,0.840494
-30.9768,-14.9123,-28.4891,0.0726662,0,1.50184,1,0.396651,-0.0688325,0.915385
-43.6252,-15.2437,-40.9081,-0.081714,0,-0.7,0,-0.2846,0.0500039,-0.957341
-31.8179,-13.8364,-44.1684,-0.183459,0,-0.4,0,0.81499,0.482646,-0.320694
-44.5028,-17.5355,-41.4603,-0.423334,0.0348099,-3.2,0,-0.64311,0.227018,-0.73135
-25.7126,1.36188,-40.2955,1.5194,0,-4.5,0,0.448161,-0.830747,0.330169
-43.2181,-28.0406,-25.9464,0.30301,0,-4.5,0,0.326227,-0.945096,-0.0192279
-35.7865,-17.551,-24.2432,0.238226,0,-0.7,1,0.726263,-0.670285,0.152513
-37.8692,-10.7145,-25.5634,-0.153399,0,-3.2,1,-0.288615,0.770528,-0.56832
-65.8934,-23.4489,-25.2494,-0.926428,0,-3.5,0,-0.797993,-0.426802,-0.425497
-47.1435,-24.3674,-18.9566,0.42611,0,-4.5,0,0.204684,0.781312,0.589623
-26.9125,-4.47725,-26.9818,-0.00740946,0,4.5,1,-0.0190915,-0.628679,0.77743
-66.1891,-24.0427,-23.4713,-1.97555,-0.0813815,-3.5,0,-0.770446,-0.634243,0.0644114
-34.1871,1.08131,-40.2757,0.519446,0,-0.9,0,-0.125847,0.293437,-0.947659
-55.9076,-23.8426,-32.9511,0.123487,0.438128,-1.73018,0,-0.0974674,0.37756,-0.920841
-27.5713,-15.207,-27.5273,-0.231064,0,-3.2,1,-0.164891,-0.17485,0.97069
-35.1335,-4.44438,-41.2709,0.300213,0,-0.8,0,-0.793365,0.604476,0.0719775
-44.7162,-12.6659,-40.3391,-0.150852,0,-0.7,0,-0.433838,0.373677,-0.819848
-42.3664,-12.7931,-12.8127,0.102439,0,-3.5,0,0.474211,0.0660998,0.877926
-61.692,-21.3174,-18.419,-0.17091,0,-4.5,0,0.0964477,0.14073,0.985339
-59.2744,-18.2814,-27.4163,-0.345699,-0.13718,3.50391,0,-0.548336,0.64338,0.534219
-40.5959,-16.2693,-18.1036,-0.913969,0,-3.5,0,0.6397,-0.712735,0.287737
-24.008,1.2645,-32.8242,0.716641,0,-3.9,0,-0.190987,0.977809,-0.0860983
-54.3904,-19.9544,-18.3106,0.0671984,-0.0663795,-3.5,0,-0.702989,0.574759,0.418878
-32.4842,-18.7405,-44.931,-0.25605,-0.587055,-1.6,0,0.90339,-0.258229,0.342351
-58.4803,-17.846,-33.604,-0.286274,0,4.2,0,-0.608128,-0.262038,-0.749344
-34.4033,-1.87238,-40.3565,0.499852,0.74034,-3.5,0,-0.519057,-0.0208093,-0.854486
-46.7246,-18.4251,-19.8117,0.404141,0,-4.5,0,0.662484,-0.504048,0.554121
-55.6696,-15.0127,-22.5779,-0.147094,0,-0.8,0,-0.676673,0.615619,0.40389
-45.2878,-9.01819,-18.6999,0.256039,-0.751165,-1.24758,0,0.497875,0.822378,0.275345
-58.4897,-23.5133,-32.8979,-0.187461,0.0595771,-0.7,0,0.0616271,0.0560327,-0.996525
-45.7366,-6.83537,-32.9465,-0.182487,-0.691973,2.80967,0,-0.836332,0.525323,-0.156793
-35.1409,-17.2245,-22.8734,0.0281773,0,-0.7,1,0.63598,-0.756844,0.15072
-29.9154,-22.0243,-20.109,0.286967,0,-1.6,0,0.0193636,0.791331,0.611081
-48.659,-5.7445,-12.9333,1.05164,0.335667,-0.8,0,-0.194984,0.97801,0.0740053
-39.6374,-2.80306,-37.621,-2.79728,-0.128705,-1.6,0,-0.382869,0.361699,-0.85005
-49.8978,-8.81044,-12.8002,0.277337,0,-1.44043,0,-0.741305,-0.48189,0.467172
-57.6225,-10.1926,-25.3311,-1.95223,-0.437092,-3.5,0,-0.492679,0.105028,0.86385
-27.1175,-9.78344,-27.4767,-0.0231229,0,4.5,1,0.233068,-0.572668,0.785958
-29.0553,5.42875,-42.3086,0.615066,0,-1.6,0,0.09678,0.456622,-0.884381
-36.7931,-10.0387,-47.4174,0.954028,0,-4.5,0,0.384529,0.373178,-0.84432
-20.6925,-7.5175,-32.017,0.0783063,-0.0101715,3.68263,0,0.756301,-0.518345,0.399158
-32.3256,-2.82219,-25.6186,-0.0134014,0,4.5,1,-0.533815,0.585078,0.610512
-31.591,-18.5705,-40.7805,-0.610941,-0.0412926,-3.5,0,0.253582,-0.59609,-0.761822
-24.2185,-11.4178,-38.5725,0.0202542,-0.195982,-2.94205,0,-0.274406,-0.696753,-0.66275
-30.8205,-21.4395,-23.1733,0.22056,0,-1.6,1,-0.566123,0.801855,-0.191137
-28.0889,-8.62263,-26.1623,-0.0452255,0,4.5,1,0.465973,-0.0091771,0.884752
-34.165,-24.7996,-28.6003,-0.54631,0,-3.5,0,-0.672208,-0.739044,0.0441669
-28.0942,0.865562,-30.6774,0.285645,0,-3.5,0,0.122245,0.984223,0.127908
-45.4892,-7.53694,-38.1266,-0.0143358,0,-0.7,0,-0.639813,0.596805,-0.484214
-58.9171,-15.5052,-27.1072,0.216002,0,-4.5,0,-0.770598,-0.301091,0.561714
-48.2503,-6.22456,-11.1657,0.0982715,0,-0.8,0,-0.339695,0.745316,0.573683
-43.2129,-26.6271,-28.8587,0.136761,0,4.2,0,0.840921,0.00469992,-0.541138
-33.4276,0.724375,-31.623,1.08142,0,-3.9,0,0.411589,0.630308,0.65826
-59.5244,-10.9745,-31.2202,0.14661,0,3.8,0,-0.83393,-0.0152105,-0.55166
-45.2096,-4.14787,-32.9458,0.344009,0.355102,3.8,0,-0.161583,-0.00192714,-0.986857
-58.3568,-25.6052,-22.2555,-1.72046,-0.848569,-3.5,0,-0.147363,-0.418267,0.896291
-36.2355,-8.66556,-45.8231,1.14161,0,-4.5,0,0.352557,0.842055,-0.408224
-49.9663,-9.06006,-37.0131,0.58071,0,-1.5652,0,-0.180702,0.735054,-0.653485
-21.8731,-10.5259,-30.9879,0.25705,0,-0.8,0,0.931661,0.0595638,0.358412
-45.4085,-25.152,-19.0645,0.0380258,0.696457,-4.5,0,0.395288,0.536095,0.745889
-40.8202,-7.24687,-20.9587,-0.56019,0.0709236,-2.13667,1,0.6463,0.748147,0.150238
-27.0583,-19.9251,-29.2779,-0.468767,0,-1.6,0,0.991111,0.00629464,0.13289
-46.7778,-24.0246,-33.3838,0.410271,0,-2.6891,0,0.44831,-0.56002,-0.696704
-42.1869,-23.2874,-34.0147,-0.188981,0,-0.8,0,0.506461,-0.458873,-0.730023
-33.0154,-0.877625,-27.6276,-0.905002,-0.213517,4.5,0,-0.21444,0.666066,0.714403
-30.0327,-0.33675,-28.4702,0.555114,0.565023,2.58594,0,-0.120698,0.872352,0.473745
-55.7423,-29.2349,-30.8009,0.128476,0,-0.4,0,0.147369,-0.978545,-0.143985
-27.702,-14.283,-38.375,0.0115911,0,2.8,0,0.449305,-0.708994,-0.543556
-30.3314,-21.0655,-35.6982,0.0912419,0,2.8,0,0.226672,-0.970745,-0.0792071
-25.6881,-14.3821,-27.5266,-0.499164,0,-3.2,0,0.344158,-0.0917792,0.934415
-51.6115,-8.45837,-27.7285,-0.00353299,0,-3.5,0,-0.0941797,0.995035,0.0321748
-21.6376,-3.38188,-31.2671,0.172779,0,1.30193,0,0.942084,0.0963461,0.321239
-45.511,-20.1984,-38.2071,-0.0461645,0,-0.7,0,-0.437926,-0.482382,-0.758635
-54.6618,-16.9179,-21.038,0.0443866,0,-0.8,0,-0.213941,0.242066,0.946379
-40.58,-3.44975,-24.3668,-1.93672,-0.541049,-3.5,0,-0.0297831,0.674942,0.737269
-22.2561,-11.7922,-30.2537,0.0792765,0.130597,0.328293,0,0.756821,-0.521313,0.394279
-26.9764,-26.7781,-27.2794,-1.47931,-0.114948,-3.5,0,0.527857,-0.766779,-0.365262
-37.1465,-21.314,-22.9314,-0.221165,-0.247377,2.4556,0,0.165572,0.43733,0.883928
-34.7429,-15.6389,-21.4248,-0.356733,0,-0.7,1,0.881531,-0.0796427,0.46536
-35.567,2.83525,-39.1095,-0.822277,-0.00853224,-3.5,0,0.567356,0.783008,-0.254964
-58.0761,-15.713,-34.302,0.0114969,0,4.2,0,-0.220474,0.25108,-0.942523
-38.6193,-12.5476,-16.9443,-1.89267,-0.296035,-0.7,0,0.751122,-0.144721,0.644105
-32.0799,-20.9554,-28.3646,-0.0449607,0,-3.5,1,-0.183713,0.210583,0.960158
-28.6864,-17.0875,-36.648,-0.137694,0,2.8,0,0.968118,0.128139,-0.215241
-37.4118,-12.1656,-20.8036,0.152355,0.504308,-0.7,1,0.490194,0.441724,0.751392
-40.4459,-7.35663,-18.2471,-0.0651991,-0.485399,-0.7,0,0.386196,0.796063,0.465978
-28.1249,-19.7803,-26.0885,-1.45365,-0.0469873,-3.5,1,-0.389948,0.890494,0.234439
-48.7398,-6.11775,-21.039,-0.0831363,0,-4.5,0,-0.577222,-0.459003,0.675375
-35.3213,-3.902,-39.2949,0.388851,0.727893,-1.20329,0,-0.736673,0.446696,-0.507716
-33.4087,-9.57581,-27.7971,0.16353,0,4.25438,1,-0.217805,0.865755,0.450588
-39.412,-20.6299,-39.5729,0.324965,0,3.8,0,-0.115391,-0.991296,-0.063376
-34.4804,-21.3769,-36.7484,0.548891,0.418923,-3.5,0,0.609373,-0.792437,-0.0265888
-24.851,-14.9805,-29.9365,-0.750628,0,-3.2,0,0.659286,-0.406846,-0.632311
-47.9878,-3.15225,-21.3423,-0.193219,0,-4.5,0,-0.32241,0.93838,0.124479
-36.0163,-8.67138,-23.6437,0.249279,0,-3.2,1,0.490325,0.812146,-0.316228
-49.3574,-10.5953,-38.57,0.0883169,0,-0.8,0,-0.488239,0.018328,-0.872518
-27.8875,0.2835,-37.8395,0.597709,-0.0691688,-4.14821,0,0.812135,0.131282,0.568508
-37.0608,-9.82631,-25.0385,-0.463691,0,-3.2,1,0.10329,0.645908,-0.756396
-29.2306,-12.0548,-42.2692,1.13284,0.682183,-3.5,0,0.440977,-0.490327,-0.751744
-31.8495,3.9915,-41.5971,0.0834006,0,-1.6,0,-0.562054,0.0833123,-0.822894
-49.2236,-9.81575,-19.8481,-0.0885874,-0.386644,-1.9411,0,-0.862622,0.415023,-0.289205
-39.9337,-28.4778,-33.6016,0.633478,0.202886,-4.5,0,-0.784951,-0.477498,-0.394775
-51.1547,-5.63212,-34.9167,0.0533802,0,1.8,0,0.137089,0.779848,-0.610773
-32.9313,3.965,-38.9045,0.32256,0,-1.6,0,-0.927133,0.342482,0.152089
-61.4691,-23.9307,-19.8948,0.434827,0.13742,-4.5,0,-0.12556,-0.991949,-0.016488
-57.4408,-21.4115,-19.4939,0.580012,0,-4.5,0,0.160928,0.24208,0.956817
-39.7264,-8.5985,-46.2231,-0.0268837,0,-4.5,0,-0.158635,0.930496,-0.33017
-49.021,-28.592,-21.5825,0.874021,0.393321,-4.5,0,-0.378577,-0.882189,-0.280041
-20.7756,-3.32888,-25.8314,-0.00861624,0,4.5,1,0.848875,0.347981,0.397895
-34.6314,-16.24,-24.2049,0.0423157,0,-0.7,1,0.841972,-0.536026,-0.0613087
-32.0998,-10.2966,-25.46,-0.105272,0,4.5,1,-0.344685,0.268032,0.899639
-26.6776,-21.7505,-24.114,-2.29831,-0.626643,-3.5,0,0.578495,-0.0453656,0.814424
-30.4271,-25.3115,-20.1016,0.233617,0,-1.6,0,0.314349,-0.676694,0.665786
-49.0716,-3.75231,-24.6493,0.497776,0,-4.5,0,-0.765965,0.599022,-0.233387
-65.1062,-24.508,-25.7844,-0.648574,-0.616569,-4.29197,0,-0.964403,-0.252636,-0.0781166
-53.8789,-18.0006,-34.8034,0.0527776,0,3.87521,0,-0.336575,-0.280179,-0.899009
-36.543,-24.5107,-30.5253,-0.231172,0,-4.35901,0,0.144112,-0.606747,0.781723
-44.3975,-15.7717,-16.255,-0.975082,-0.869009,-3.5,0,-0.790786,-0.587398,0.172108
-27.4115,-20.9719,-33.5116,0.0677692,0,-1.6,0,0.515788,-0.625748,-0.585152
-46.2431,-8.96062,-39.0821,-0.540059,0,-0.8,0,0.285443,0.454504,-0.84377
-31.7953,-5.50238,-24.9056,-0.0944616,0,4.5,1,-0.401138,-0.560416,0.724584
-59.9797,-24.4442,-22.47,-0.700512,-0.350692,-3.91367,0,-0.4639,-0.530724,0.709315
-52.941,-8.50463,-34.9733,0.56088,0,1.8,0,-0.644756,0.171898,-0.744809
-25.5592,-2.39975,-25.5071,0.0286623,0,4.5,1,-0.279786,0.528995,0.801177
-52.7401,-21.4551,-16.0984,-1.06612,-0.000799266,-3.5,0,0.439346,-0.119136,0.890383
-37.0257,-3.78669,-27.0092,-0.14004,0,-3.5,1,0.518344,0.391757,0.760162
-49.9286,-15.3818,-36.2677,0.124078,0,-1.17416,0,-0.121264,-0.536764,-0.834972
-34.9395,-22.8216,-21.2974,-0.134683,0,-0.4,0,0.370853,0.92829,-0.0273163
-28.4966,-24.6591,-19.9444,-0.887254,0,-1.6,0,0.520505,-0.295001,0.80128
-40.9874,-28.5726,-23.0145,-0.838603,0,-0.303419,0,-0.242097,-0.78561,0.569391
-63.4285,-19.2594,-20.5053,0.633346,0,-4.5,0,-0.775282,0.608347,-0.169859
-36.4549,-28.7397,-33.3805,0.323477,0.0842264,-4.5,0,0.535221,-0.832874,0.14092
-41.2819,-12.8387,-13.4688,0.0182939,0,-3.5,0,0.848565,-0.0403292,0.527553
-59.1647,-16.259,-28.5042,0.0423252,0,-3.88434,0,-0.934569,0.184356,0.304292
-51.6547,-8.08684,-22.8251,-0.045392,0,-0.7,0,-0.723946,0.250054,0.642942
-37.98,-24.7109,-36.445,0.077878,0,-0.7,0,-0.228289,-0.693525,-0.683306
-61.8614,-27.6078,-26.2384,0.246077,0,-4.5,0,-0.125605,-0.521661,0.843856
-44.0202,-17.7278,-21.4589,-0.0321358,0,3.8,0,-0.181003,-0.64419,0.74314
-41.4751,-17.2119,-18.783,-0.408437,0,-3.5,0,0.2122,-0.930684,0.297991
-22.4316,-6.18756,-37.2103,1.32859,0,-1.05032,0,0.723706,0.129631,-0.677824
-35.9355,-21.7285,-43.6232,0.356121,0,-1.6,0,0.360974,-0.772144,0.522964
-42.7389,-5.87275,-20.9661,-1.11889,0,-3.5,1,0.252559,0.515271,0.818968
-26.5438,-2.42219,-37.4047,1.12636,0.0487038,-1.82866,0,0.360958,0.885693,-0.291988
-62.4432,-23.3442,-22.3153,-0.485655,0,-3.5,0,0.127043,-0.834264,0.536529
-36.189,-25.8324,-31.6888,0.017415,-0.446822,-3.73605,0,0.0730098,-0.583356,0.808929
-50.5183,-7.67769,-13.1169,0.290778,0,-1.41416,0,-0.646556,0.25116,0.720336
-37.7964,-27.755,-23.1736,-0.166569,-0.105266,-0.694085,0,0.545752,-0.787976,0.28504
-21.8148,0.4465,-32.0223,0.418564,0,-3.9,0,0.579739,0.775828,0.248986
-44.3153,-21.3293,-36.9415,0.302609,0,-0.7,0,0.00779456,-0.846624,-0.532134
-63.1795,-21.5343,-18.8559,0.373625,0.100864,-4.5,0,-0.706793,-0.0549935,0.70528
-35.7212,-8.10475,-27.7283,0.105334,0,-0.4,1,0.296742,0.170621,0.939592
-39.9056,-10.8593,-26.7149,-0.0213741,0,-1.21933,1,0.806565,0.586041,0.0775219
-25.4911,-21.1891,-25.4114,-2.39105,0,-3.5,0,0.962326,0.0693692,0.262899
-41.1263,-3.43275,-28.7127,-0.824387,-0.0907753,-1.39095,0,-0.294409,0.84508,0.446277
-43.834,-5.56938,-12.8619,-0.0977878,0,-0.4,0,0.428773,0.771962,0.469285
-58.3336,-24.3971,-21.8804,-0.732655,-0.64374,-3.70117,0,-0.0978953,-0.669979,0.735897
-55.8937,-19.9428,-34.4002,-0.399135,-0.575906,4.2,0,-0.191183,-0.290677,-0.937526
-30.6903,-7.39975,-42.407,0.110662,-0.251325,-3.5,0,0.0193508,0.162155,-0.986575
-27.4795,-14.4271,-37.3102,-0.204064,0,2.8,0,0.557161,-0.813766,0.165397
-27.0341,0.345062,-32.8767,0.475127,0,-3.5,0,0.443342,0.896147,0.0191703
-32.6572,-16.5021,-46.8426,-0.78917,-0.759804,-1.6,0,0.762239,0.169049,-0.624831
-36.7584,-0.650375,-32.0789,0.659307,0,-2.78895,0,-0.293385,0.536153,0.791495
-19.5592,-7.36737,-33.3051,0.00915068,0,1.8,0,0.861173,-0.390248,0.325712
-39.1472,-29.0446,-32.5449,0.539139,0,-4.5,0,-0.273877,-0.76438,0.583708
-21.4079,-4.35012,-29.8347,-0.339166,-0.356285,4.00433,0,0.967366,0.252091,0.0255741
-45.6771,-28.6269,-32.4806,0.188669,0,4.2,0,0.252046,-0.629375,-0.735092
-33.981,-5.03562,-44.375,0.0186995,-0.709227,-0.8,0,0.091368,-0.25884,-0.961589
-21.9691,4.48275,-39.0474,-0.454643,0,-3.5,0,0.998973,-0.0242237,-0.0382865
-33.8983,-20.5855,-28.2218,0.10889,0.760798,1.8,1,0.52012,-0.118037,0.845897
-27.5682,-22.462,-29.2696,-0.895039,-0.0121461,-3.5,0,0.956743,0.153821,-0.246943
-66.807,-22.445,-23.0303,-1.69212,-0.735337,-3.5,0,-0.905299,0.0528536,0.421474
-50.4395,-15.3894,-19.0984,0.826033,0.0979482,-4.5,0,-0.44426,0.489152,0.750575
-40.6676,-10.9862,-15.2163,0.518149,0.104064,-1.10146,0,0.818578,-0.0420608,0.572854
-36.1217,-17.9071,-46.9606,0.798493,0,-2.51979,0,-0.605833,0.104441,-0.788707
-23.8271,-5.29475,-40.2885,-1.24805,-0.0265855,-0.7,0,0.823809,-0.000482033,-0.566867
-36.241,-6.52925,-28.037,-0.111683,0,-0.4,1,0.199172,-0.0646457,0.97783
-65.5178,-22.6408,-26.0366,-0.63463,0,-3.5,0,-0.71638,0.258231,-0.648163
-29.3561,-18.8661,-38.4482,-0.0678464,0,2.8,0,0.798916,-0.374179,-0.470875
-34.5592,-22.154,-46.0644,0.179237,0,-1.6,0,0.577785,-0.794927,-0.185085
-51.1681,-11.3194,-17.2153,0.496032,0,-1.6,0,-0.622621,-0.74113,-0.251137
-38.9525,-29.7173,-26.3042,0.0468138,0,1.8,0,0.309594,-0.760311,-0.571033
-37.1968,-24.6241,-20.2713,0.207305,0,-3.5,0,-0.299429,-0.156029,0.941274
-37.5213,-26.3343,-25.9361,0.332775,0,1.8,0,0.664596,-0.433124,-0.608864
-42.6732,-6.39175,-40.3225,1.17813,0.618466,-0.7,0,0.0956801,0.172914,-0.980279
-37.902,-8.6255,-43.7207,0.488538,0.864269,-4.5,0,0.0715402,0.939789,0.334183
-48.1883,-5.81637,-30.7995,-1.28127,-0.00400202,-4.5,0,-0.200585,0.0921608,-0.975332
-28.5653,-4.13013,-24.5147,-0.0381735,0,4.5,1,0.786592,0.29497,0.542463
-54.7786,-25.2527,-34.4825,-0.440392,0,-3.5,0,0.0724436,0.427691,-0.901018
-43.2784,-23.6239,-34.6104,-0.796148,-0.12659,-0.8,0,0.236714,-0.795818,-0.557351
-39.9959,-26.3888,-20.4233,-0.150127,0,-3.5,0,0.0606911,-0.523122,0.850094
-40.7954,-20.6651,-22.918,-0.0178709,0,3.31922,0,0.190706,-0.040571,0.980808
-47.4258,-3.43587,-32.7617,-0.0260665,0,3.8,0,-0.595231,-0.607881,-0.525529
-38.8641,2.28288,-41.5985,0.721481,0,-3.5,0,-0.672845,0.638444,-0.373723
-39.8525,-3.07625,-26.4613,-1.12996,0,-3.5,0,-0.131817,0.966295,0.221128
-32.907,-17.4757,-44.0116,-0.0638578,-0.0869163,-1.11114,0,0.878675,-0.293179,0.376797
-35.6859,-4.42294,-44.0204,1.01797,-0.00981231,-0.8,0,-0.829096,0.108237,-0.548529
-20.7325,-1.416,-31.6885,0.0333594,0,-3.9,0,0.865507,0.122168,0.48577
-53.0773,-14.769,-35.6123,0.0574899,0,1.55022,0,-0.666888,-0.0282039,-0.744624
-29.1138,-21.2385,-22.636,0.113026,0,-1.6,0,0.235365,0.960396,0.149139
-44.4123,-9.4955,-12.3442,0.00790625,0,-3.25681,0,0.548042,-0.253696,0.79705
-38.433,-25.4893,-35.1185,0.291962,0,-1.17231,0,-0.511376,-0.399047,-0.761089
-52.1045,-18.3714,-19.3018,-0.540435,-0.361643,-3.5,0,-0.277515,0.498595,0.821212
-35.0904,-11.6977,-45.8846,0.586076,0,-4.5,0,0.697646,0.152891,-0.699938
-37.6919,-22.3045,-38.1377,-0.209031,0,-0.7,0,-0.197474,-0.581008,-0.789578
-33.6587,-15.4969,-47.7936,0.129573,0,-3.5,0,0.414734,0.0587162,-0.908046
-32.1866,-19.6133,-28.1632,-0.0770568,0,-0.2893,1,0.250665,-0.396588,0.883111
-61.2461,-25.0578,-31.0847,-0.412092,0,-0.7,0,-0.720192,-0.36301,-0.591225
-62.0706,-12.0356,-28.9006,0.428326,0,-4.5,0,-0.859417,-0.505361,0.077545
-46.1589,-3.45637,-25.8438,0.11863,0,-4.5,0,0.395276,0.915803,-0.0711422
-30.3188,-20.641,-37.151,0.115069,0,2.8,0,0.379229,-0.821203,-0.426393
-21.8342,-2.28675,-25.3844,0.0167663,0,4.5,1,0.336186,0.686838,0.644385
-25.9715,-2.53813,-41.4509,0.238515,0,-0.7,0,0.727011,0.598966,-0.335702
-25.6374,-8.03625,-27.6817,-0.0410689,0,3.8,1,0.292738,0.263578,0.919147
-52.0624,-26.46,-25.6434,-0.142652,0,-1.62542,0,-0.310546,-0.828594,0.465825
-56.0416,-25.0874,-22.6507,-0.309942,-0.19618,-3.97661,0,0.200646,-0.818963,0.537625
-37.6253,-24.3622,-26.8406,-0.0661011,-0.123554,0.707473,0,0.309498,-0.665397,-0.679307
-55.9253,-29.2108,-33.5662,-1.48477,-0.371112,-3.5,0,0.327587,-0.783327,-0.528286
-35.2824,-9.94987,-24.4991,-0.231714,0,-1.83026,1,0.532384,0.83748,-0.123269
-49.0695,-29.9619,-25.944,1.15762,0.00348369,-4.5,0,-0.0595484,0.0243932,0.997927
-53.0013,-7.2625,-32.4715,0.286918,0,1.8,0,-0.708336,0.515865,0.481812
-28.6992,1.43194,-41.7009,0.38188,0,-4.5,0,-0.666971,-0.430146,-0.608378
-42.6375,-18.9626,-42.1461,-0.168978,0,-3.2,0,-0.196766,-0.164688,-0.96652
-35.3639,-22.3664,-36.1822,0.150015,0,-0.7,0,0.864868,-0.46429,-0.190888
-59.4499,-14.3985,-28.9046,1.25911,0,-4.5,0,-0.885791,-0.450085,-0.113124
-53.0561,-19.6546,-17.7977,0.241688,0,-3.5,0,-0.0792854,0.881909,0.464704
-46.0155,-12.627,-39.2438,0.292629,-0.387315,-0.7629,0,-0.630765,-0.31211,-0.710439
-29.8245,-12.4487,-27.7623,0.333603,0,-3.2,1,0.242105,-0.473152,0.847061
-40.7555,-10.8537,-43.8791,-0.857011,0,-4.38172,0,-0.99424,0.0856721,0.0644051
-32.3294,-23.7588,-32.2643,-0.699229,0,-3.5,0,0.344589,-0.331246,-0.87837
-29.6432,0.358125,-35.4512,0.484777,-0.367292,-3.5,0,-0.0224586,0.992696,-0.118533
-38.5104,-8.3875,-24.5083,0.110568,0.101945,-3.2,1,0.543046,0.493247,-0.679565
-42.3288,-19.71,-21.9538,-0.225518,0,3.8,0,0.053575,-0.307608,0.950004
-42.0025,-11.031,-13.355,0.0446133,0,-3.5,0,0.625896,0.178567,0.759189
-30.3605,-24.8081,-29.9856,-0.112636,0,-3.5,0,0.215672,-0.963595,-0.158017
-42.4061,-26.3641,-20.2821,-1.50971,0,-3.5,0,0.0609181,-0.853992,0.516707
-46.7581,-15.8396,-19.403,0.473172,0,-4.5,0,0.0445776,-0.127136,0.990883
-35.0411,-19.4781,-26.3232,0.644754,0,1.8,1,0.73572,-0.161654,0.657711
-47.8889,-3.67916,-25.9106,0.542353,0,-4.5,0,-0.312861,0.936329,-0.159391
-41.8672,-18.574,-42.6534,-0.127914,0,3.8,0,-0.686721,-0.287436,-0.667679
-38.8307,-7.84525,-27.8163,-0.149545,0,-0.490004,1,0.387173,-0.413032,0.824319
-32.0053,1.7045,-36.1447,1.77494,0.507441,-2.07553,0,0.688203,0.51798,0.508009
-29.5459,-22.1494,-32.314,0.551489,0.0653776,-3.5,0,0.195948,-0.643805,-0.739675
-54.0035,-23.9,-33.532,-0.0846285,0,-3.5,0,-0.342394,0.316353,-0.884696
-30.693,-6.556,-25.7465,-0.0927863,0,4.5,1,-0.0289456,-0.493546,0.869238
-50.9257,-27.0079,-24.8955,-0.920638,0,-4.5,0,-0.425115,-0.823216,0.376288
-50.516,-23.0325,-19.423,0.249755,0,-3.5,0,0.68392,0.331638,0.649822
-32.7982,-18.241,-41.4821,-0.039052,0,-3.25885,0,0.57431,-0.575941,-0.581773
-50.1191,-17.09,-35.6914,-0.222398,-0.000287014,-0.514233,0,-0.107568,-0.321186,-0.940887
-38.4581,-27.7182,-26.7505,0.137433,0,1.8,0,0.667083,-0.27047,-0.694151
-30.4459,0.67425,-36.5648,0.678736,0.132593,-0.9,0,0.195912,0.792716,0.577252
-24.0125,-6.754,-27.9235,-0.0946038,0,3.8,1,0.162258,-0.0831901,0.983235
-60.0931,-31.4094,-29.6092,0.630375,0,-4.5,0,0.132203,-0.96734,0.216277
-35.2306,-9.34163,-44.4222,0.89714,0,-4.5,0,0.566299,0.727339,-0.387665
-53.3787,-12.5767,-22.3875,-0.0066636,0,-0.4,0,-0.79076,0.419728,0.445565
-49.5956,-6.26659,-25.7246,0.504694,0,-4.5,0,-0.872306,0.419289,-0.251554
-31.5317,-4.29647,-42.6489,0.0593024,0,-0.8,0,0.565005,0.431251,-0.703414
-56.9822,-26.9131,-24.8691,-0.558897,0,-3.5,0,0.309092,-0.892138,0.329473
-45.7103,-21.1115,-22.0865,0.00758008,0,2.8,0,-0.0424547,0.148912,0.987939
-51.1879,-26.8086,-23.525,0.346398,0,-4.5,0,-0.369599,-0.89524,-0.248879
-46.6691,-28.7573,-24.5562,1.06475,0,-4.5,0,-0.315292,-0.856874,0.407871
-58.2623,-14.1298,-26.1929,0.367435,0,-4.5,0,-0.418644,-0.205987,0.884481
-20.9316,-11.6812,-37.8921,0.13647,0,-3.5,0,0.759864,-0.64124,-0.106857
-52.9108,-25.9972,-21.9107,0.459478,0,-4.5,0,-0.636747,-0.76828,0.0655673
-31.5796,-8.27953,-26.4097,-0.0512994,0,4.5,1,-0.607863,0.299917,0.735222
-56.6825,-8.757,-32.4248,0.00752831,0,3.8,0,-0.19779,0.906701,-0.372522
-37.3465,-2.82987,-27.9279,0.258262,0,-3.5,0,0.400849,0.648424,0.647199
-50.1017,-24.3894,-34.9781,0.125567,0,-3.5,0,0.0381766,0.05767,-0.997606
-44.6312,-0.533063,-32.2752,0.0127952,0,3.8,0,0.572768,0.656833,-0.490415
-51.1705,-27.9456,-25.836,-0.237515,0,-4.5,0,-0.573266,-0.238476,0.783898
-31.4574,-22.4177,-21.4479,1.37689,0,-1.6,0,-0.487804,0.872573,-0.0257374
-30.4662,-2.21816,-25.8846,0.059658,0,4.5,1,0.275075,0.898876,0.341109
-47.3399,-25.8783,-33.5349,0.460282,0,-3.5,0,0.849315,0.132197,-0.511066
-48.0303,-27.9669,-22.826,0.965057,0.0379564,-4.5,0,-0.432201,-0.79474,-0.426134
-47.2482,-30.0383,-25.7266,0.755061,0.672184,-4.5,0,-0.0364617,-0.140918,0.98935
-46.557,-27.418,-33.5422,0.0986172,0,-2.81121,0,0.661571,0.0832993,-0.745242
-27.2397,-15.3702,-32.1479,-0.53653,0,-1.6,0,0.929128,-0.0989465,-0.356273
-50.1689,-26.7192,-34.5492,0.402592,0,-3.5,0,-0.541862,-0.446841,-0.711842
-42.2765,-13.1671,-41.7277,-0.233618,0,-2.67385,0,-0.65039,0.0525757,-0.757779
-31.3131,-18.1847,-28.1716,-0.0269036,0,1.32325,1,0.692092,-0.0436798,0.720486
-59.7585,-29.2127,-32.5565,-0.146924,0,-4.5,0,-0.668534,0.270462,-0.692757
-47.2103,-33.3829,-28.3946,0.0792191,0,-4.5,0,0.0222598,-0.989864,0.140266
-43.5888,-11.5482,-39.1235,-0.227028,-0.127793,-0.715787,0,-0.175617,0.90097,-0.396752
-34.6935,-22.4229,-23.8664,0.412179,0,-3.5,1,0.74206,0.656127,0.137277
-43.0811,-17.0422,-20.5094,-0.174132,0,1.15679,0,-0.273047,-0.838663,0.471264
-37.5415,-23.3713,-20.7341,0.227119,0,-3.5,0,-0.288428,0.621992,0.727967
-33.358,-22.928,-20.4928,0.238616,0,-0.4,0,-0.0687582,0.997549,0.0129733
-34.5885,-25.3592,-33.0988,-0.21491,0.416677,-4.16944,0,0.77123,-0.310013,-0.555964
-37.6377,-18.3548,-45.1204,0.410513,0,-1.6,0,-0.664149,0.126517,-0.736817
-45.9799,-6.84725,-31.3374,-0.922406,0,3.35558,0,-0.776506,0.0801272,-0.624995
-60.2996,-29.2081,-27.429,0.722706,0,-4.5,0,0.22728,-0.485016,0.844455
-62.4297,-29.6624,-28.7495,0.0522139,0,-4.5,0,-0.664035,-0.74211,0.0912682
-48.7822,-13.6692,-18.5625,0.127316,0,-0.8,0,-0.897499,-0.41634,0.145452
-20.5176,-5.59688,-35.9274,0.552117,0,1.8,0,0.639608,-0.0675059,-0.765732
-59.2223,-26.1216,-31.9967,-0.985063,-0.918322,-0.7,0,-0.651393,-0.356326,-0.669864
-32.1273,-20.9296,-34.7402,0.0439036,0,2.8,0,0.00179297,-0.993747,-0.111643
-29.3377,-28.3351,-25.9991,0.100659,0,-4.5,0,0.279519,-0.934779,-0.219222
-35.1165,2.3265,-35.853,2.46418,0.214576,-3.9,0,-0.193458,0.980823,-0.023672
-59.059,-20.1936,-23.2888,-0.0591315,0,2.48279,0,-0.726092,0.668847,-0.159481
-41.3896,-20.8167,-40.543,0.0661128,0,3.8,0,-0.0348869,-0.982977,-0.180388
-35.7674,-25.2648,-34.763,0.34716,0,-4.32555,0,0.697137,-0.333314,-0.634746
-34.9587,-9.14369,-27.8274,0.24469,0,3.65185,1,0.289118,0.675965,0.677851
-33.5707,2.09713,-39.1995,0.420179,0,-1.6,0,-0.46879,0.845331,-0.256225
-51.9859,-26.227,-20.7911,0.696486,0,-4.5,0,-0.542226,-0.666332,0.511853
-29.6664,5.9465,-38.5599,0.361035,0,-1.6,0,0.303501,0.726153,0.616919
-47.8592,-3.22094,-23.9218,0.605032,0,-4.5,0,-0.181067,0.975059,-0.128354
-32.7875,-25.6185,-28.7157,-0.295543,-0.732951,-3.5,0,-0.00728261,-0.974926,0.222411
-33.4946,-20.9561,-45.6068,0.37073,0,-1.6,0,0.783984,-0.619117,0.0454333
-53.9511,-9.52841,-25.6042,-0.44315,0,-3.5,0,-0.110188,0.539705,0.834612
-42.5456,-27.9295,-28.2186,-0.213934,-0.648028,1.8,0,0.401685,-0.702843,-0.587078
-52.4895,-28.0502,-32.8993,-0.0214375,0,-3.5,0,0.187416,-0.733599,-0.653229
-21.6988,-9.26863,-29.8623,0.0736474,0,3.8,0,0.984786,-0.171618,0.0272711
-43.8983,-0.396719,-30.7164,-0.0490172,0,3.8,0,0.758541,0.646462,0.0818703
-42.1275,-2.415,-30.284,-0.212996,-0.348992,-2.4211,0,0.403701,0.902081,0.15256
-24.7135,-2.16038,-36.7182,1.13105,0,-1.6,0,-0.150134,0.900322,-0.40851
-45.5582,-16.3382,-38.3783,0.0907614,-0.816171,-0.7,0,-0.810333,-0.409741,-0.418894
-50.6738,-8.03306,-28.5026,0.209824,0,-3.5,0,-0.567539,0.775213,0.277388
-46.4795,-30.683,-30.3213,0.289691,0,-4.5,0,0.393673,-0.160473,-0.905136
-31.1181,-24.9139,-28.6994,0.282741,0,-3.5,0,0.21882,-0.925743,-0.308411
-51.1072,-13.3224,-37.7635,0.162047,0,-1.6,0,-0.115324,-0.451145,-0.884968
-31.8813,-27.0781,-23.1628,-0.424507,-0.098577,-4.05309,0,-0.323461,-0.750618,0.576147
-46.8541,-29.3335,-30.8898,0.224265,0,4.2,0,0.0215965,-0.802798,-0.59586
-51.455,-10.571,-37.7756,0.461108,0,-1.6,0,-0.302844,0.484762,-0.820543
-45.6128,-5.85947,-15.2988,0.32586,0,-0.4,0,-0.260317,0.822165,-0.50624
-43.2166,-4.50153,-33.5328,0.109439,0.187814,1.33724,0,-0.291146,0.746666,-0.5981
-41.5047,-7.88387,-17.3789,-0.766629,-0.815863,-0.652735,0,-0.140068,0.974083,0.177604
-40.7421,-23.5207,-33.4871,0.478323,0,-4.5,0,-0.144667,0.102437,-0.984164
-28.5863,-13.2933,-39.1406,0.0135746,0,2.8,0,0.434267,-0.442954,-0.784349
-26.3196,-23.2184,-26.3568,-0.318184,0,-3.5,0,0.966091,-0.25419,0.045352
-55.3886,-18.5546,-20.8681,-1.45091,-0.481029,-4.5,0,-0.521872,0.60168,0.604674
-61.6768,-23.8208,-32.2323,-0.282242,0,-0.7,0,-0.821394,-0.0494666,-0.568212
-44.0106,-5.18913,-14.3706,0.0561252,0,-0.4,0,0.0389778,0.998686,-0.0332825
-60.0649,-17.1634,-29.8636,-0.0193019,0,4.2,0,-0.707112,0.673742,0.214627
-31.1822,-15.2204,-42.2252,0.134984,0,-0.4,0,0.872491,-0.286386,-0.395906
-20.4877,-2.89563,-33.0614,0.0174922,0,-2.26297,0,0.798947,0.0774105,0.596398
-63.9102,-21.0782,-26.8295,0.108217,0,-1.3458,0,-0.893488,0.419898,-0.159261
-37.0698,-19.6771,-46.6308,0.532889,0,-1.6,0,-0.749582,0.304533,-0.587696
-51.6663,-9.31481,-36.5115,1.23372,0.112934,1.8,0,-0.554822,0.490885,-0.671717
-33.9727,-4.10781,-26.0945,-0.031846,0,4.5,1,-0.738847,0.21491,0.638686
-22.6011,-6.68006,-28.8189,-0.0638131,0,3.8,0,0.602791,0.0097047,0.79784
-59.7272,-12.797,-30.6573,0.283813,0.179422,-1.11965,0,-0.84054,-0.200758,-0.503178
-33.9124,-26.1188,-25.3419,0.00288935,0,-4.23564,0,-0.584328,-0.766188,-0.267425
-47.5268,-20.0998,-21.571,-0.452971,-0.561328,-3.5,0,0.440405,-0.56699,0.696108
-39.1817,-19.3236,-44.1081,0.160663,0,-0.961653,0,-0.593383,-0.195644,-0.780782
-27.0674,-24.4237,-24.9574,0.807039,0,-3.5,0,0.88699,-0.30329,0.348229
-55.854,-17.3019,-22.0654,0.268774,0,-0.8,0,-0.823675,0.130962,0.551733
-49.7014,-6.32609,-15.154,0.953345,0,-1.42594,0,-0.193699,0.967349,-0.163456
-24.1731,4.54025,-36.9992,2.06876,0,-3.5,0,-0.067814,0.193992,0.978656
-44.1979,-4.68581,-37.0243,0.00881827,0,-0.7,0,-0.733961,0.569041,0.3708
-35.1558,-25.5578,-30.8437,-2.20038,-0.552137,-3.5,0,-0.530799,-0.667112,0.522698
-41.0975,-15.2305,-42.4787,-0.405577,0,-2.79863,0,-0.88816,0.0991671,-0.448707
-54.1061,-26.8209,-26.3143,0.651542,0.0198783,-0.188503,0,0.124592,-0.648013,0.751369
-27.7605,-1.40072,-42.4044,0.15426,0,-0.7,0,-0.152589,0.346164,-0.925682
-22.7342,-5.52712,-27.6938,-0.145091,0,4.5,0,0.314736,-0.843334,0.435579
-44.8805,-6.56028,-10.9426,-1.66505,-0.0450972,-0.8,0,0.337928,0.618574,0.709345
-38.4806,-9.28716,-18.988,-0.208297,0,-0.7,0,0.915608,0.328388,0.232
-44.8389,-9.09463,-38.7451,-0.229173,-0.784411,-0.785678,0,0.163855,-0.189731,-0.968067
-27.3253,-10.4686,-40.005,0.283141,-0.215291,-2.17411,0,0.679444,-0.298965,-0.670057
-27.5783,-0.246031,-39.4877,-0.0260929,-0.562593,-4.5,0,0.950028,-0.0777604,0.302323
-39.953,-9.61887,-27.3406,0.132899,0,2.71172,1,0.832278,0.0122316,0.554223
-51.2526,-6.57844,-16.0901,0.221838,0,-1.6,0,-0.411851,0.810217,-0.417045
-21.317,-3.26038,-37.478,0.742433,0,-1.6,0,0.597747,-0.110246,-0.794068
-58.6179,-27.2546,-24.9816,-0.701555,0,-3.5,0,-0.0574276,-0.96838,0.242781
-24.1473,3.984,-40.8327,3.86177,0,-4.05091,0,0.347762,0.215335,-0.91252
-26.5872,-16.9695,-28.495,-0.00923994,0,-3.2,0,0.136868,-0.686243,0.714379
-35.1805,-24.8115,-27.1642,-0.670611,0,-3.5,0,-0.309886,-0.761746,-0.568959
-52.622,-8.15156,-15.9552,0.149764,0,-1.6,0,-0.899915,0.430988,-0.0663574
-20.8687,-7.19722,-36.7513,0.903785,0,1.8,0,0.535389,0.50238,-0.67895
-20.7832,-9.94594,-34.0404,0.435657,0,1.62997,0,0.994684,-0.0617375,0.0824107
-63.27,-25.0002,-29.2253,-1.34796,-0.0460742,-4.45085,0,-0.504869,0.168303,-0.846629
-34.6324,-21.0932,-27.2198,0.292218,-0.259645,-3.5,1,0.800516,0.361762,0.477811
-55.6865,-21.714,-33.3451,0.194314,0,4.2,0,-0.318633,-0.411752,-0.853776
-41.7567,-21.768,-22.3423,0.117953,0,0.529653,0,0.257864,0.505142,0.823612
-57.7029,-29.9391,-29.6965,0.120746,0,-4.5,0,0.410049,-0.829396,0.379425
-43.0441,-20.5026,-21.9432,-0.304283,0,2.8,0,0.0112684,0.254129,0.967105
-42.045,-21.5069,-35.8019,0.0789263,-0.915944,-0.8,0,0.299339,-0.868948,-0.394113
-64.1885,-21.3395,-21.884,-0.207737,0,-4.07166,0,-0.497229,0.864962,0.0678502
-41.4285,-13.6383,-43.1515,-1.90464,-0.0498834,-3.5,0,-0.954185,-0.120784,-0.273754
-34.4546,-8.07753,-42.7919,-0.533087,0,-0.8,0,0.0379364,0.235675,-0.971091
-39.4594,-24.6022,-20.4526,-0.145126,0,-3.5,0,0.195809,0.189428,0.962173
-50.1585,-6.4555,-29.29,-1.42399,-0.0701934,-4.5,0,-0.8092,0.554326,0.194727
-39.9323,-0.753875,-35.3284,0.163989,0,-1.6,0,-0.917377,0.298273,-0.263539
-25.9011,-4.56991,-42.0276,0.199547,0,-0.7,0,0.589405,-0.0507893,-0.80624
-28.9438,-5.83025,-25.9737,-0.0690333,0,4.5,1,0.574467,-0.51969,0.632384
-42.3609,-26.0436,-31.5481,0.204447,0,-4.5,0,0.390264,-0.809242,-0.439115
-61.9965,-21.084,-30.1625,-0.247575,0,-0.7,0,-0.49336,-0.102762,-0.863733
-56.9119,-23.7257,-32.9875,0.595121,0.782969,-0.874691,0,-0.0397826,0.298322,-0.953636
-42.8605,-5.20917,-23.0463,-1.62924,-0.0498965,-3.5,0,-0.0521774,0.983003,-0.17602
-41.3836,-28.4485,-24.3796,-0.00413973,0,1.8,0,-0.548855,-0.833202,0.0673267
-49.209,-6.90475,-31.3962,-0.648216,-0.539373,-4.5,0,0.451153,0.528444,-0.719172
-54.0776,-13.6821,-35.0298,-0.248345,-0.768808,3.8,0,-0.520726,-0.178523,-0.834849
-55.695,-15.9159,-34.6314,0.807964,0.744432,4.2,0,-0.286909,0.106894,-0.951975
-28.361,-15.766,-27.909,0.245806,0,-3.2,1,-0.251884,-0.396582,0.882767
-24.5786,-10.0347,-26.9573,-0.0680337,0,3.8,1,-0.23107,-0.0575399,0.971234
-38.8605,-20.4094,-22.9116,-0.299408,-0.647043,3.8,0,0.0637081,-0.420799,0.904914
-23.9476,-9.12968,-27.346,-0.0260042,0,3.8,1,-0.120085,0.461259,0.879102
-50.3528,-20.1026,-34.7273,0.441516,0.209246,-0.666777,0,-0.409517,-0.260228,-0.874401
