t,q1_cmd,q3_cmd,h1_true,h2_true,h3_true,h1_meas,h2_meas,h3_meas,q12_true,q23_true,q2_true,fault_active,fault_type,fault_id
0.0,2.2e-05,1.4e-05,0.12,0.1,0.08,0.11950543932482607,0.10071812131302924,0.08006687894755694,3.758510343207797e-05,3.7585103432077986e-05,8.769857467484863e-05,0,normal,-1
1.0,2.2e-05,1.4e-05,0.11899100718485811,0.09990035215975795,0.07770487376226005,0.11880711385912417,0.10090838329652997,0.07701844681946624,3.672071820829318e-05,3.959433078323299e-05,8.643142457321964e-05,0,normal,-1
2.0,2.2e-05,1.4e-05,0.11803287544048488,0.09963037628048144,0.07561046368686974,0.1186768380711295,0.0989731484186559,0.07574045497487791,3.605281293698681e-05,4.118949461102893e-05,8.525865796462132e-05,0,normal,-1
3.0,2.2e-05,1.4e-05,0.11711374514936407,0.09922593627004424,0.07368692674316715,0.11721073235893037,0.09914612514214675,0.072972752630178,3.5545065997464654e-05,4.2472006320662346e-05,8.416717746981068e-05,0,normal,-1
4.0,2.2e-05,1.4e-05,0.11622399543220596,0.09871504579495538,0.07191080886545419,0.11668411088202589,0.09879335251746786,0.07256993321357989,3.5166633770923866e-05,4.351134177205443e-05,8.314662556416248e-05,0,normal,-1
5.0,2.2e-05,1.4e-05,0.11535590225080387,0.09811988790792564,0.07026321297106,0.1156444541464325,0.09831151890832421,0.06945670074478447,3.4891462638676746e-05,4.4357329317044035e-05,8.218859269151508e-05,0,normal,-1
6.0,2.2e-05,1.4e-05,0.114503328045274,0.09745820256783151,0.0687286071959694,0.1141850962220885,0.0979045620985981,0.06855237857096155,3.4697713220365366e-05,4.504696194312514e-05,8.128610483106018e-05,0,normal,-1
7.0,2.2e-05,1.4e-05,0.11366146797691937,0.09674423881995842,0.06729404547823485,0.11393244408712451,0.09634160201584764,0.06687795705496707,3.4567292775316756e-05,4.560839896458347e-05,8.043329499769696e-05,0,normal,-1
8.0,2.2e-05,1.4e-05,0.11282661420874486,0.09598948851646005,0.06594860355616351,0.11266831648316195,0.09613734019884514,0.06577215882887483,3.448535720994434e-05,4.606351904181513e-05,7.962516466973522e-05,0,normal,-1
9.0,2.2e-05,1.4e-05,0.11199594677602376,0.09520326597564402,0.06468295425035037,0.11183475221794428,0.09471808685655529,0.06483432544036888,3.443981170524052e-05,4.642963124752275e-05,7.885740203506697e-05,0,normal,-1
10.0,2.2e-05,1.4e-05,0.11116738157377445,0.09439310516416452,0.06348908569700892,0.11121596523310968,0.09545109446401481,0.06400467298220941,3.442093391184453e-05,4.672058115011128e-05,7.812626780244301e-05,0,normal,-1
11.0,2.2e-05,1.4e-05,0.11033940473116714,0.09356514878906795,0.06236003712674099,0.10957643952790767,0.09266823771096395,0.0630016869081316,3.442091291209968e-05,4.694762450788621e-05,7.74284782834496e-05,0,normal,-1
12.0,2.2e-05,1.4e-05,0.10951097884836854,0.09272437244702106,0.06128974744019519,0.11010706190041937,0.09166046800016676,0.061592103348728215,3.4433582203133835e-05,4.711995791044517e-05,7.67611473299187e-05,0,normal,-1
13.0,2.2e-05,1.4e-05,0.1086814214683072,0.09187484929197744,0.060272880706701136,0.10834587663072015,0.0912013169695006,0.05993632966409679,3.44540535490169e-05,4.724521399163343e-05,7.612170653224239e-05,0,normal,-1
14.0,2.2e-05,1.4e-05,0.10785034979218912,0.09101987739977388,0.059304741772028616,0.10835048450201885,0.0907634738763929,0.05865271117043031,3.44785429799618e-05,4.732973124431306e-05,7.550787551295088e-05,0,normal,-1
15.0,2.2e-05,1.4e-05,0.10701759295968633,0.09016216583355074,0.05838115260658896,0.10708575352161288,0.09023398044471798,0.05898530489759024,3.450409437694617e-05,4.7378861597201394e-05,7.491760306691779e-05,0,normal,-1
16.0,2.2e-05,1.4e-05,0.10618316338369616,0.08930390151636941,0.05749840765155216,0.10694917992351055,0.08955495110023985,0.05854911665244838,3.452848134820039e-05,4.739710584687394e-05,7.434905456564274e-05,0,normal,-1
17.0,2.2e-05,1.4e-05,0.10534719336252307,0.0884468844321397,0.056653180818887816,0.10501720865562716,0.08846698775136844,0.05527787741104678,3.4550001741980244e-05,4.738832001254325e-05,7.380056569950015e-05,0,normal,-1
18.0,2.2e-05,1.4e-05,0.10450992071000696,0.08759256273019776,0.05584250110329357,0.104354023281772,0.08779655120931237,0.055435226130510155,3.4567424388141555e-05,4.735578478741005e-05,7.327063785083653e-05,0,normal,-1
19.0,2.2e-05,1.4e-05,0.10367164876420987,0.08674212125379212,0.05506368852237305,0.10384053332748928,0.08691596086142848,0.055471830438198505,3.457985522115191e-05,4.730233673599637e-05,7.275790601140126e-05,0,normal,-1
20.0,2.2e-05,1.4e-05,0.102832731069693,0.08589651794693011,0.05431432667911625,0.1017289955205931,0.08491290941238736,0.053638440344426205,3.458668248454871e-05,4.723042804832737e-05,7.226112881955885e-05,0,normal,-1
21.0,2.2e-05,1.4e-05,0.10199355788570853,0.08505651747477935,0.05359223678860818,0.1024075186064879,0.08447237115043489,0.05353032721147256,3.458752720714145e-05,4.7142179345312856e-05,7.177917845993512e-05,0,normal,-1
22.0,2.2e-05,1.4e-05,0.10115453272263329,0.08422274669506577,0.05289543293983287,0.1019253479199786,0.08430156032221636,0.052159445556875864,3.4582161741266974e-05,4.7039460298345366e-05,7.131101690461056e-05,0,normal,-1
23.0,2.2e-05,1.4e-05,0.10031607537400629,0.08339569152755279,0.0522221238123079,0.1008794787706388,0.08299024560982468,0.052628467083082026,3.457051564328631e-05,4.6923889809596744e-05,7.085570223396036e-05,0,normal,-1
24.0,2.2e-05,1.4e-05,0.09947860398852638,0.08257574246996875,0.05157067336796793,0.09985598881068251,0.0823554357513621,0.05141502161728743,3.455261082434673e-05,4.679690204289726e-05,7.041236678488873e-05,0,normal,-1
25.0,2.2e-05,1.4e-05,0.09864253097608988,0.08176320791971023,0.05093958766266986,0.09856954202953228,0.08173950484188346,0.051931432516475313,3.452854393278418e-05,4.6659767959080925e-05,6.998021205107739e-05,0,normal,-1
26.0,2.2e-05,1.4e-05,0.09780826423596914,0.08095831443764288,0.05032751362525856,0.09844921534949899,0.08133656763753451,0.050342444506423056,3.449848770823701e-05,4.651359718383786e-05,6.955851137643119e-05,0,normal,-1
27.0,2.2e-05,1.4e-05,0.09697619540392838,0.08016124102410328,0.0497332053675326,0.09751321071491435,0.08068037375995012,0.04974706267206964,3.446264438135597e-05,4.635938971227836e-05,6.91465899204281e-05,0,normal,-1
28.0,2.2e-05,1.4e-05,0.0961467016547947,0.07937211765982403,0.04915552383238012,0.09634301207708335,0.07985144106977893,0.04939360646706179,3.442124949406643e-05,4.619803518787372e-05,6.874382699702833e-05,0,normal,-1
29.0,2.2e-05,1.4e-05,0.09532014599043724,0.0785910275792641,0.04859343342675368,0.09532270314685173,0.07851163533963282,0.04882026860081522,3.4374570420850074e-05,4.603031685943641e-05,6.834965620090013e-05,0,normal,-1
30.0,2.2e-05,1.4e-05,0.09449687103959387,0.07781803008879515,0.04804597616763444,0.09431598760351341,0.07924968866340128,0.04740501060833719,3.4322877123528195e-05,4.585694835637695e-05,6.796354947178701e-05,0,normal,-1
31.0,2.2e-05,1.4e-05,0.09367720107075748,0.07705315770760762,0.04751227297924418,0.09306208497301226,0.07721616810048887,0.04696551740548872,3.4266447595658366e-05,4.56785701410822e-05,6.75850197875134e-05,0,normal,-1
32.0,2.2e-05,1.4e-05,0.09286144323955405,0.07629641475703372,0.04699152430153028,0.09347455788596462,0.0762617336383441,0.046915724808983636,3.420557106345947e-05,4.549574730294162e-05,6.721362334601906e-05,0,normal,-1
33.0,2.2e-05,1.4e-05,0.09204988458367999,0.07554779370210159,0.046482988602569365,0.0909638626403374,0.07533347989280473,0.04649552775595931,3.4140528454428554e-05,4.5308998154783335e-05,6.684894582769285e-05,0,normal,-1
34.0,2.2e-05,1.4e-05,0.09124279293972438,0.07480727510789081,0.04598598082478808,0.09105771926679823,0.07520036611841488,0.04485189747001058,3.407159367417481e-05,4.511879495070887e-05,6.649060252797742e-05,0,normal,-1
35.0,2.2e-05,1.4e-05,0.09044041898795059,0.07407482198982245,0.04549987842172295,0.09052260902278793,0.07451823035633376,0.04576157497183434,3.3999041856672775e-05,4.492555413238665e-05,6.613824394181932e-05,0,normal,-1
36.0,2.2e-05,1.4e-05,0.08964299522644509,0.07335039060799431,0.04502410520256396,0.09007293581875146,0.07340817471177816,0.045371603574072876,3.3923137375697074e-05,4.4729656725223774e-05,6.579154524681796e-05,0,normal,-1
37.0,2.2e-05,1.4e-05,0.08885073650798629,0.07263393356702863,0.044558125063426234,0.0897315671262422,0.07247222868907269,0.04455448868217307,3.3844131327686955e-05,4.453145524487657e-05,6.54502026532208e-05,0,normal,-1
38.0,2.2e-05,1.4e-05,0.08806384143124459,0.07192539530563474,0.044101447158796055,0.0885605033192205,0.07166871877308194,0.04417132586164736,3.376226779622593e-05,4.4331265552739526e-05,6.511393803904303e-05,0,normal,-1
39.0,2.2e-05,1.4e-05,0.08728249242833656,0.07122471411743025,0.04365362249031704,0.08713673171528734,0.07169593481188632,0.043374333333468185,3.3677781958673204e-05,4.4129370534897284e-05,6.478249731967809e-05,0,normal,-1
40.0,2.2e-05,1.4e-05,0.08650685705242167,0.07053182772407471,0.043214231846918943,0.08687092083136624,0.0715847972694007,0.043021572592338915,3.359089566414987e-05,4.3926033647431296e-05,6.445564227667811e-05,0,normal,-1
41.0,2.2e-05,1.4e-05,0.08573708849900855,0.06984667284882419,0.04278288553205372,0.0851062883405487,0.06953592201349199,0.042098284009659925,3.3501818431300436e-05,4.3721498439076075e-05,6.413315093834531e-05,0,normal,-1
42.0,2.2e-05,1.4e-05,0.08497332590762995,0.06916918191682142,0.04235922862913761,0.0856882951709743,0.06854329830818047,0.042051767370620066,3.341075123906656e-05,4.351598120938655e-05,6.381482211796905e-05,0,normal,-1
43.0,2.2e-05,1.4e-05,0.08421569507855284,0.06849928650578994,0.04194293370762251,0.08413745741613814,0.06807792806999223,0.04169123658456044,3.331788364094257e-05,4.330967918191224e-05,6.350047055560622e-05,0,normal,-1
44.0,2.2e-05,1.4e-05,0.08346431035820183,0.06783691899955174,0.04153369420647777,0.0831274307832083,0.06826224095497592,0.0420452678729672,3.322339396335319e-05,4.3102776866280915e-05,6.318992240557318e-05,0,normal,-1
45.0,2.2e-05,1.4e-05,0.08271927486938095,0.06718201210734116,0.04113122482099676,0.08239974481916484,0.06680207736331224,0.04091508535994104,3.312744999857964e-05,4.2895445068317895e-05,6.288301592513663e-05,0,normal,-1
46.0,2.2e-05,1.4e-05,0.0819806798885234,0.06653449719605826,0.040735265781446914,0.0819499992247132,0.06664220957735187,0.04057336417667854,3.303021004980436e-05,4.268783565931668e-05,6.257960515772486e-05,0,normal,-1
47.0,2.2e-05,1.4e-05,0.08124860600091077,0.06589430634992385,0.04034557700284542,0.0810522135396258,0.06654185531728364,0.04091928978155633,3.293182188929893e-05,4.248008770286197e-05,6.227955589035261e-05,0,normal,-1
48.0,2.2e-05,1.4e-05,0.08052312534127737,0.06526137260545133,0.039961933150495135,0.08166808031493465,0.06479288491643388,0.03962869929753458,3.283242481506453e-05,4.22723314661312e-05,6.198274218863103e-05,0,normal,-1
49.0,2.2e-05,1.4e-05,0.07980430171000297,0.06463562980485364,0.039584123663804864,0.07944521113606266,0.06458711908538861,0.0392251656935907,3.273214985308034e-05,4.2064688062014167e-05,6.16890466840822e-05,0,normal,-1
50.0,2.2e-05,1.4e-05,0.07909218966658875,0.06401701208800804,0.03921195556696967,0.07910849353816723,0.06399151988734514,0.03934367758577857,3.2631119238087936e-05,4.1857266420467335e-05,6.139836304248942e-05,0,normal,-1
51.0,2.2e-05,1.4e-05,0.07838683443103357,0.06340545505413014,0.03884525171736094,0.07840085937882639,0.06367033049047864,0.03935601206489757,3.252944494069093e-05,4.165016545084404e-05,6.111059490467792e-05,0,normal,-1
52.0,2.2e-05,1.4e-05,0.07768827513040961,0.0628008949981268,0.03848384551418695,0.07770241119177948,0.06315598442139465,0.038946118093351585,3.242723289926848e-05,4.1443477643045825e-05,6.082565199028208e-05,0,normal,-1
53.0,2.2e-05,1.4e-05,0.07699654509453183,0.062203268736953435,0.03812758059908764,0.07702421802550818,0.06135302614797761,0.03790988921955425,3.232458345730811e-05,4.123728900587109e-05,6.0543450047342756e-05,0,normal,-1
54.0,2.2e-05,1.4e-05,0.0763116716420689,0.061612513561288884,0.03777631140007918,0.07607089021297392,0.062023741827482125,0.03737195857098663,3.222159110847343e-05,4.1031678384518516e-05,6.0263911467650455e-05,0,normal,-1
55.0,2.2e-05,1.4e-05,0.07563367372045636,0.061028568988411615,0.037429905011944806,0.0753419699702243,0.06076747513774626,0.03696404470244403,3.211833989224513e-05,4.082671715905901e-05,5.9986966984823877e-05,0,normal,-1
56.0,2.2e-05,1.4e-05,0.0749625646250313,0.060451375850796345,0.037088237217021355,0.07453148437399566,0.05979358619775362,0.03700493696186128,3.201490723868747e-05,4.062247171185913e-05,5.9712552696815764e-05,0,normal,-1
57.0,2.2e-05,1.4e-05,0.07429835398730585,0.05988087486993714,0.03675119089035384,0.07355426668068005,0.05990523120878587,0.03689617492623281,3.191136764568367e-05,4.041900343707063e-05,5.94406089287184e-05,0,normal,-1
58.0,2.2e-05,1.4e-05,0.0736410477821048,0.059317006649218275,0.03641865599756812,0.07374920119865941,0.059358486266942484,0.037694589112429636,3.1807792650513194e-05,4.021636859821326e-05,5.9171080354293043e-05,0,normal,-1
59.0,2.2e-05,1.4e-05,0.07299064774077998,0.05875971215792174,0.03609052998789423,0.07348283591612792,0.05926374552909483,0.03606316898882607,3.170424959036949e-05,4.0014618266745756e-05,5.890391644004816e-05,0,normal,-1
60.0,2.2e-05,1.4e-05,0.07234714831247231,0.0582089361372664,0.035766718211085416,0.072075606241966,0.057822830369558785,0.035663182990458585,3.160079433114212e-05,3.981380083039065e-05,5.863907191776938e-05,0,normal,-1
61.0,2.2e-05,1.4e-05,0.07171054026969428,0.05766462421008257,0.03544713152168325,0.0714312327501724,0.05825986824466754,0.035011434734374215,3.1497478361330684e-05,3.961396147278155e-05,5.837650495046432e-05,0,normal,-1
62.0,2.2e-05,1.4e-05,0.07108081243389218,0.0571267211472944,0.03513168574219477,0.07092257101923086,0.05737620775276793,0.035627806169213606,3.1394352609266754e-05,3.9415141008665656e-05,5.811617678308786e-05,0,normal,-1
63.0,2.2e-05,1.4e-05,0.07045795167578245,0.05659517086750728,0.03482030166312509,0.07022763180516299,0.05634451527967352,0.034383515531097995,3.129146743203475e-05,3.9217375761821744e-05,5.7858051827636916e-05,0,normal,-1
64.0,2.2e-05,1.4e-05,0.06984194260115108,0.05606991680418251,0.034512905064652426,0.0691238077266386,0.05619026084200178,0.03494226623778402,3.118887183101505e-05,3.9020697753711284e-05,5.7602097766535856e-05,0,normal,-1
65.0,2.2e-05,1.4e-05,0.06923276389719023,0.05555090664742925,0.034209426106236285,0.0699153179132087,0.055865809400198196,0.03371002657612973,3.108660388760916e-05,3.882513945352343e-05,5.734828512694468e-05,0,normal,-1
66.0,2.2e-05,1.4e-05,0.06863039035056187,0.055038090508031524,0.03390979836870495,0.0688498902943406,0.05545699542496071,0.03366435043421121,3.09846949715114e-05,3.8630732977577764e-05,5.7096586549202366e-05,0,normal,-1
67.0,2.2e-05,1.4e-05,0.06803479599678214,0.054531417049763393,0.033613959068835096,0.06767894848318312,0.05455876553968343,0.03404715584040842,3.0883177650394526e-05,3.843750632011561e-05,5.6846977025693006e-05,0,normal,-1
68.0,2.2e-05,1.4e-05,0.0674459541822907,0.05403083340611539,0.03332184907668338,0.06759454006306062,0.054089185129643315,0.03347148662880331,3.078208587251381e-05,3.8245483147117404e-05,5.659943397715375e-05,0,normal,-1
69.0,2.2e-05,1.4e-05,0.06686383756152856,0.05353628518432118,0.033033412914751814,0.06664460892522069,0.054101654152715874,0.033227953755677664,3.06814549770201e-05,3.8054682683530866e-05,5.6353937314072475e-05,0,normal,-1
70.0,2.2e-05,1.4e-05,0.06628841603360079,0.05304771947067849,0.032748597855337694,0.06618259731691345,0.05327272688844768,0.03210221124076789,3.0581315858418e-05,3.786512323939737e-05,5.61104687256884e-05,0,normal,-1
71.0,2.2e-05,1.4e-05,0.0657196539327331,0.052565089336970815,0.03246735199094746,0.06590163584852265,0.0521140153217627,0.032338870417877294,3.04816864121374e-05,3.7676828213430085e-05,5.5869010065560564e-05,0,normal,-1
72.0,2.2e-05,1.4e-05,0.06515751488658025,0.05208834709315819,0.03218962588153646,0.06563399713256753,0.05158829009031424,0.03253459948562271,3.0382584807500946e-05,3.748981830603165e-05,5.5629544785115334e-05,0,normal,-1
73.0,2.2e-05,1.4e-05,0.06460196261064169,0.051617443122728264,0.03191537293615844,0.06536172467526233,0.05183769304799564,0.031800600247805566,3.0284031773697192e-05,3.730410998023944e-05,5.5392058305648843e-05,0,normal,-1
74.0,2.2e-05,1.4e-05,0.06405296090826151,0.051152325882696276,0.03164454941296556,0.06490491563273604,0.05136215205779279,0.03137174666377108,3.0186050638096464e-05,3.711971534925908e-05,5.5156538066340634e-05,0,normal,-1
75.0,2.2e-05,1.4e-05,0.06351047343135675,0.050692942288656784,0.03137711425275288,0.06338604407764128,0.050520859248813,0.031667292522843164,3.0088666631660237e-05,3.693664259014298e-05,5.4922973426710576e-05,0,normal,-1
76.0,2.2e-05,1.4e-05,0.06297445970968392,0.050239244214429,0.031113026123207963,0.06272458541411717,0.050485407305396676,0.031027521268291548,2.9991894586051837e-05,3.675490492735798e-05,5.4691353113933535e-05,0,normal,-1
77.0,2.2e-05,1.4e-05,0.06244487644019899,0.04979118677139306,0.03085224376300386,0.062494675191160004,0.05008352692839585,0.031569140396266585,2.9895742317044084e-05,3.6574518760587214e-05,5.446166551701908e-05,0,normal,-1
78.0,2.2e-05,1.4e-05,0.06192168080430542,0.04934872305956561,0.030594728200475648,0.06198585241044958,0.04883630464155551,0.03094334398432259,2.9800220660700855e-05,3.639549649183594e-05,5.4233900650214416e-05,0,normal,-1
79.0,2.2e-05,1.4e-05,0.061404830497097725,0.04891180411851654,0.03034044278122727,0.061037719550875294,0.049808681910322054,0.029829635655252013,2.9705343613093356e-05,3.621784634645489e-05,5.40080502157005e-05,0,normal,-1
80.0,2.2e-05,1.4e-05,0.06089428372736142,0.048480378927368985,0.03008935316813153,0.06058404608324404,0.04824791906424047,0.030115178816474405,2.961112837824769e-05,3.6041572266293546e-05,5.378410764229364e-05,0,normal,-1
81.0,2.2e-05,1.4e-05,0.06038999771342654,0.04805439701657832,0.029841425973421404,0.060796634573636966,0.04825100096501396,0.03058042091206322,2.951759049143042e-05,3.586667772069584e-05,5.356206689657138e-05,0,normal,-1
82.0,2.2e-05,1.4e-05,0.05989192542087239,0.0476338142823269,0.029596625551576394,0.06071282592774277,0.04689611501192338,0.02894970336749888,2.942473289492608e-05,3.569317461967161e-05,5.334191960622951e-05,0,normal,-1
83.0,2.2e-05,1.4e-05,0.05940001981755892,0.04721858582724788,0.029354917554893292,0.05928676939336933,0.04650800640969053,0.029103869982941476,2.9332559479248472e-05,3.552107286404719e-05,5.3123658231454015e-05,0,normal,-1
84.0,2.2e-05,1.4e-05,0.058914234640684175,0.04680866465207285,0.0291162696142011,0.05859025203518651,0.04636971048133501,0.02914318308992033,2.9241077603870816e-05,3.5350378305118004e-05,5.290727670339937e-05,0,normal,-1
85.0,2.2e-05,1.4e-05,0.05843452439462142,0.04640400165936133,0.028880651336960887,0.05829283879130932,0.04565471700535651,0.02845859553590608,2.9150298143190417e-05,3.518109264891851e-05,5.269277045508944e-05,0,normal,-1
86.0,2.2e-05,1.4e-05,0.05796084399640978,0.04600454629550813,0.02864803394208197,0.057463278316424754,0.04556654441669419,0.028161412543982675,2.906023432820329e-05,3.5013214370394454e-05,5.248013611952504e-05,0,normal,-1
87.0,2.2e-05,1.4e-05,0.05749314512912297,0.045610253209615176,0.02841838640812839,0.05735670924422832,0.045609105278433475,0.028133064195673234,2.8970889217603842e-05,3.4846749287740094e-05,5.226936801325081e-05,0,normal,-1
88.0,2.2e-05,1.4e-05,0.057031378139030336,0.04522107899700856,0.028191677185575678,0.05724260020976421,0.04501067539171435,0.027531589422615924,2.8882261840085904e-05,3.468170567813998e-05,5.2060459672066625e-05,0,normal,-1
89.0,2.2e-05,1.4e-05,0.056575494310212866,0.04483697813463764,0.027967876500975403,0.056534822829418185,0.04507542888408372,0.028790831504591025,2.87943549070513e-05,3.451808781767656e-05,5.1853405973482336e-05,0,normal,-1
90.0,2.2e-05,1.4e-05,0.05612544585400864,0.04445790300045721,0.027746956347727662,0.05674273465253944,0.044734838063916545,0.02756861176337116,2.8707174831948274e-05,3.43558959128647e-05,5.164820315710743e-05,0,normal,-1
91.0,2.2e-05,1.4e-05,0.05568118585361043,0.04408380397665218,0.027528890424549916,0.05575662986972065,0.043866687373809006,0.027194084648832714,2.8620731589764006e-05,3.419512617336113e-05,5.1444848795923e-05,0,normal,-1
92.0,2.2e-05,1.4e-05,0.05524266563475376,0.043714634372449365,0.02731365116413646,0.05548322539842087,0.04321448827807496,0.027784635808482255,2.8535029422081976e-05,3.4035778909399993e-05,5.124333903657871e-05,0,normal,-1
93.0,2.2e-05,1.4e-05,0.05480983417313923,0.04335035165263369,0.027101208899854796,0.05473545540693448,0.043700548673972925,0.027319661333650155,2.8450064488298565e-05,3.387786077830593e-05,5.104366778763298e-05,0,normal,-1
94.0,2.2e-05,1.4e-05,0.05438264133253861,0.04299091146668649,0.02689153544068956,0.05504047418581879,0.042472584764786644,0.026972203046555385,2.8365836209864624e-05,3.37213749344272e-05,5.084583005711494e-05,0,normal,-1
95.0,2.2e-05,1.4e-05,0.05396103800676132,0.04263626738576735,0.02668460423523369,0.05334986520565803,0.04274029513364119,0.026472229018992325,2.8282347825137258e-05,3.356632049612369e-05,5.0649822131641264e-05,0,normal,-1
96.0,2.2e-05,1.4e-05,0.053544976118378274,0.042286370905138364,0.02648039037020578,0.05339318044822816,0.04235654637419087,0.025609881792450915,2.819960644089845e-05,3.341269245576235e-05,5.0455641601419e-05,0,normal,-1
97.0,2.2e-05,1.4e-05,0.05313440696406276,0.04194117460136642,0.026278868609134427,0.05254756262622266,0.04232336628680674,0.025843343047117814,2.811761704415878e-05,3.32604870205373e-05,5.026328551084743e-05,0,normal,-1
98.0,2.2e-05,1.4e-05,0.05272927904124748,0.04160063635391173,0.02608001071136926,0.053142415794753324,0.040885389709041216,0.02634206999638463,2.8036374414176645e-05,3.3109709004823037e-05,5.0072747775308055e-05,0,normal,-1
99.0,2.2e-05,1.4e-05,0.05232954151353246,0.04126471281576631,0.025883789478902203,0.05275470265834397,0.04176378409857478,0.025413961333175774,2.7955875600320923e-05,3.2960360694770705e-05,4.988402302263421e-05,0,normal,-1
100.0,2.2e-05,1.4e-05,0.051935144640553925,0.04093335859761791,0.025690179276057438,0.05167726084404729,0.04137976026507089,0.025563203954550567,2.7876121534113325e-05,3.2812440351800404e-05,4.969710711139644e-05,0,normal,-1
101.0,2.2e-05,1.4e-05,0.05154603977798432,0.040606526267850024,0.025499156029491397,0.05237509643713606,0.04073831772586222,0.02523031928348489,2.7797117085190784e-05,3.2665942121355484e-05,4.951199715587369e-05,0,normal,-1
102.0,2.2e-05,1.4e-05,0.05116217837295285,0.040284168297013596,0.025310695995734874,0.051013547075133225,0.04029357735926322,0.024765408124407123,2.771886735932299e-05,3.2520859391841395e-05,4.932869034991664e-05,0,normal,-1
103.0,2.2e-05,1.4e-05,0.05078350905398303,0.03996624274173429,0.025124772117143715,0.05009182049400884,0.04036870894869578,0.02484623899214123,2.7641366720311658e-05,3.237719495503095e-05,4.914718040536977e-05,0,normal,-1
104.0,2.2e-05,1.4e-05,0.050409980796027085,0.0396527071916046,0.024941357859018427,0.050269378543608995,0.03849721146580891,0.025300341506215147,2.7564610449407206e-05,3.22349503809022e-05,4.8967461255922936e-05,0,normal,-1
105.0,2.2e-05,1.4e-05,0.05004154371637427,0.03934351723298227,0.02476042820617624,0.05022155397134481,0.03992547847512545,0.024537253163801478,2.7488597755704894e-05,3.20941232025641e-05,4.878952804532312e-05,0,normal,-1
106.0,2.2e-05,1.4e-05,0.04967814907003239,0.03903862645787891,0.0245819596574572,0.04956095306256885,0.038871305599741675,0.025071456430544932,2.7413331813948198e-05,3.195470684339611e-05,4.861337714609653e-05,0,normal,-1
107.0,2.2e-05,1.4e-05,0.049319748613432975,0.038737987709319396,0.02440592942499165,0.05045250891336658,0.038935969253789206,0.025164535096952732,2.733881738809033e-05,3.1816692800142465e-05,4.843900538883769e-05,0,normal,-1
108.0,2.2e-05,1.4e-05,0.04896629151602125,0.03844155916480187,0.02423231148956976,0.04939398484141122,0.037643208200578794,0.023658185141972744,2.726504897173903e-05,3.168008178330659e-05,4.8266406143240636e-05,0,normal,-1
109.0,2.2e-05,1.4e-05,0.04861772694347403,0.03814929934519826,0.024061079814746953,0.04948336666283544,0.03791249347243216,0.023996674624489026,2.7192020486190686e-05,3.1544874732273656e-05,4.80955724701364e-05,0,normal,-1
110.0,2.2e-05,1.4e-05,0.048274005236830474,0.03786116481027036,0.023892209860456853,0.048966947958375945,0.03798641692079837,0.024237452826051612,2.7119729810763122e-05,3.14110685271168e-05,4.792649863660604e-05,0,normal,-1
111.0,2.2e-05,1.4e-05,0.04793507789991639,0.03757711018305278,0.023725678568018695,0.04709218556073201,0.03669853033164894,0.023466394420756435,2.7048178788552674e-05,3.1278655946716886e-05,4.775918012458109e-05,0,normal,-1
112.0,2.2e-05,1.4e-05,0.04760089718379122,0.03729708897049639,0.023561463826760207,0.047412017880458644,0.03796332810396715,0.023873340271575942,2.697737166073523e-05,3.1147627119130183e-05,4.759361311538632e-05,0,normal,-1
113.0,2.2e-05,1.4e-05,0.04727141306073898,0.0370210595711529,0.02339954054087868,0.04590717021730256,0.037457695424695174,0.023457234568011468,2.6907303240504137e-05,3.101798078770326e-05,4.742979051734252e-05,0,normal,-1
114.0,2.2e-05,1.4e-05,0.04694657518859624,0.036748981454815186,0.023239883117821616,0.04662337682064276,0.037422945147423094,0.022711429703897636,2.6837966402177782e-05,3.0889717281621883e-05,4.726770444162837e-05,0,normal,-1
115.0,2.2e-05,1.4e-05,0.04662633441449734,0.03648081219437521,0.02308246743638239,0.0471838865423892,0.036806872706252075,0.023184327249249764,2.6769357957404695e-05,3.0762832882336254e-05,4.7107348199606086e-05,0,normal,-1
116.0,2.2e-05,1.4e-05,0.04631064276157229,0.036216507491577794,0.022927270831457184,0.045889037213602574,0.03641745025969106,0.023339728120100694,2.6701478655502418e-05,3.063731978776275e-05,4.6948716310402254e-05,0,normal,-1
117.0,2.2e-05,1.4e-05,0.045999453155689374,0.03595602172072257,0.022774271737612296,0.04568110893670629,0.03576290145071131,0.022593305657903916,2.6634332150714335e-05,3.0513167072708872e-05,4.679180415746513e-05,0,normal,-1
118.0,2.2e-05,1.4e-05,0.045692716568302025,0.035699313641230475,0.02262344591890292,0.045855783652065205,0.03580564637972844,0.021926942099573705,2.6567913646820626e-05,3.0390371648985142e-05,4.6636604118991017e-05,0,normal,-1
119.0,2.2e-05,1.4e-05,0.04539038339163832,0.03544634371636671,0.022474768229726487,0.045784041642233486,0.03547647572449109,0.022817257722917428,2.6502215196918622e-05,3.0268933244704415e-05,4.6483107340941015e-05,0,normal,-1
120.0,2.2e-05,1.4e-05,0.04509240520382671,0.035197070600141156,0.022328214961792457,0.04491424851176068,0.03597290062048859,0.022789056274619513,2.6437232716899815e-05,3.0148847597343508e-05,4.633130615465965e-05,0,normal,-1
121.0,2.2e-05,1.4e-05,0.04479873476325864,0.03495145114758809,0.022183763839852436,0.044670828675538565,0.03444301851456374,0.0218937452273467,2.6372966013363798e-05,3.0030106392085668e-05,4.6181194094953126e-05,0,normal,-1
122.0,2.2e-05,1.4e-05,0.04450932583412042,0.03470944076415287,0.022041393790999172,0.04491381668537174,0.03470821243156732,0.021803631482748123,2.630941812853238e-05,2.9912697869095524e-05,4.603276568140436e-05,0,normal,-1
123.0,2.2e-05,1.4e-05,0.04422413055575357,0.03447099869878131,0.021901081427066777,0.04435115989818565,0.03445777367680089,0.022157481205633933,2.6246584717285874e-05,2.9796617202893033e-05,4.5886012751549315e-05,0,normal,-1
124.0,2.2e-05,1.4e-05,0.04394310025421908,0.034236086471408037,0.02176280208219199,0.04380045686866213,0.03428452275423694,0.02195725063733718,2.6184457174199924e-05,2.9681863536158032e-05,4.574092551072588e-05,0,normal,-1
125.0,2.2e-05,1.4e-05,0.04366618742229456,0.03400466390349085,0.021626532480902,0.043823439168422004,0.03367852717890345,0.02245625384499216,2.612303062778406e-05,2.9568432130234698e-05,4.5597495322100275e-05,0,normal,-1
126.0,2.2e-05,1.4e-05,0.043393345730126015,0.033776689095100405,0.021492250756826644,0.04343140648420119,0.034047842420479014,0.021145843549645705,2.6062304031783702e-05,2.945631424175388e-05,4.545571474809081e-05,0,normal,-1
127.0,2.2e-05,1.4e-05,0.043124529923246134,0.03355211863028988,0.021359936316245096,0.04325184638499562,0.033797809189257934,0.02102089124459638,2.6002279793204403e-05,2.9345497460523845e-05,4.5315577427317104e-05,0,normal,-1
128.0,2.2e-05,1.4e-05,0.04285969346620287,0.03333091234560113,0.021229566649648954,0.0438603090571042,0.03279108695652069,0.021554567133321566,2.5942954113021564e-05,2.9235975256462607e-05,4.517707470126803e-05,0,normal,-1
129.0,2.2e-05,1.4e-05,0.04259878878845675,0.03311303288702401,0.021101117620295803,0.042446184826619056,0.03228512242340573,0.02157413646694964,2.588431785521877e-05,2.9127746207345786e-05,4.504019588967169e-05,0,normal,-1
130.0,2.2e-05,1.4e-05,0.042341769449670844,0.03289844134065861,0.020974566416149188,0.04207188802069761,0.03321253329383093,0.0210633821675169,2.582636542364705e-05,2.9020805186416687e-05,4.490493142312713e-05,0,normal,-1
131.0,2.2e-05,1.4e-05,0.042088590177908905,0.03268709715316531,0.02084989160765037,0.04279540557496379,0.03217206359166607,0.0207799670652096,2.5769094965164947e-05,2.891514312762106e-05,4.4771272925574626e-05,0,normal,-1
132.0,2.2e-05,1.4e-05,0.04183920682080626,0.03247895823056124,0.020727073081715706,0.04148635649876697,0.032632874428613706,0.02123391830854071,2.5712508209550198e-05,2.881074715853891e-05,4.463921316432431e-05,0,normal,-1
133.0,2.2e-05,1.4e-05,0.0415935743189079,0.03227398506090799,0.02060608926979791,0.042453519056746526,0.03214288105742822,0.020818896361817132,2.565660204452354e-05,2.8707609017779368e-05,4.450874307616237e-05,0,normal,-1
134.0,2.2e-05,1.4e-05,0.041351646355410936,0.03207214147685332,0.020486916626519212,0.04125454745230496,0.032177464486850736,0.02075386083544972,2.56013669280037e-05,2.8605726727856412e-05,4.437985117866332e-05,0,normal,-1
135.0,2.2e-05,1.4e-05,0.041113377683589136,0.03187338993129421,0.02036953283554366,0.04115029744261127,0.03136377818126004,0.02010985070117562,2.554679656865211e-05,2.850509488472285e-05,4.4252527020990524e-05,0,normal,-1
136.0,2.2e-05,1.4e-05,0.040878724210758444,0.03167769132300863,0.02025391693272215,0.04124553835132888,0.031238159392324175,0.020348272840484863,2.549288832061885e-05,2.840570422881141e-05,4.4126761336835525e-05,0,normal,-1
137.0,2.2e-05,1.4e-05,0.04064764298399492,0.031485005025657264,0.02014004928662593,0.04125419783170147,0.03184826201147406,0.02075223345495837,2.543964316324632e-05,2.8307541641040838e-05,4.400254604358302e-05,0,normal,-1
138.0,2.2e-05,1.4e-05,0.04042009056084813,0.031295292217714224,0.02002790934812294,0.04091858988668208,0.030078624585596216,0.02050088534170029,2.5387058840524127e-05,2.821059706643891e-05,4.38798717968711e-05,0,normal,-1
139.0,2.2e-05,1.4e-05,0.0401960220201918,0.03110851795060426,0.019917474242858123,0.040094204342563916,0.03159109209167686,0.019630035006737115,2.53351255659629e-05,2.8114867937899427e-05,4.3758726429820767e-05,0,normal,-1
140.0,2.2e-05,1.4e-05,0.03997539341371729,0.030924646146280314,0.01980872217895065,0.03979217899596837,0.03122470220852877,0.019419323051639296,2.5283836358306235e-05,2.8020348706974164e-05,4.3639098671259904e-05,0,normal,-1
141.0,2.2e-05,1.4e-05,0.039758161927864834,0.030743639260333796,0.01970163268230036,0.03993189825089233,0.03113449146014482,0.018904200996596735,2.5233187770336355e-05,2.7927030071592964e-05,4.35209784220322e-05,0,normal,-1
142.0,2.2e-05,1.4e-05,0.03954428588353853,0.030565458282574422,0.0195961865961971,0.039611645419654215,0.030200982036019914,0.01948651492473407,2.5183179924530918e-05,2.783489891758551e-05,4.3404356774236354e-05,0,normal,-1
143.0,2.2e-05,1.4e-05,0.039333723573926095,0.030390065122347192,0.019492364461375443,0.039012587020310914,0.030059156251470303,0.019908171953073775,2.5133811564343382e-05,2.774394335860994e-05,4.328922423176134e-05,0,normal,-1
144.0,2.2e-05,1.4e-05,0.03912643162134876,0.030217426024189833,0.019390144186102652,0.039331795658769014,0.029821949146311102,0.018542806450497946,2.5085072918740525e-05,2.7654160099120237e-05,4.3175568111647785e-05,0,normal,-1
145.0,2.2e-05,1.4e-05,0.038922367461108144,0.03004750647736741,0.019289504525574038,0.039419427271188884,0.029963362551423182,0.019007422814249157,2.5036956304702363e-05,2.7565543598105763e-05,4.30633763896845e-05,0,normal,-1
146.0,2.2e-05,1.4e-05,0.03872148963936951,0.029880270594080306,0.019190425514140182,0.03880474299185644,0.03045803483280029,0.018660011366970812,2.4989457449229803e-05,2.747808468009244e-05,4.295263819695373e-05,0,normal,-1
147.0,2.2e-05,1.4e-05,0.038523757813161745,0.02971568110946418,0.019092888465306938,0.03930575767168723,0.03016790089512776,0.019289790082435282,2.4942575523300843e-05,2.7391770480239396e-05,4.284334383866039e-05,0,normal,-1
148.0,2.2e-05,1.4e-05,0.03832913206297189,0.029553700797880764,0.018996875005207418,0.0385342831276091,0.029931204991126163,0.018424684764694107,2.4896310190787644e-05,2.7306587472404967e-05,4.2735483725478425e-05,0,normal,-1
149.0,2.2e-05,1.4e-05,0.03813757074749711,0.029394296931312548,0.018902364021152928,0.03805966424709398,0.028801022475421965,0.018850177821683183,2.4850652228558266e-05,2.7222531206895408e-05,4.2629044937291296e-05,0,normal,-1
150.0,2.2e-05,1.4e-05,0.03794903274704938,0.029237436668913135,0.018809334822926266,0.03799914019201509,0.030091724058927627,0.018334582824326238,2.4805593203769977e-05,2.7139596341613937e-05,4.252401475879818e-05,0,normal,-1
151.0,2.2e-05,1.4e-05,0.03776347803046205,0.02908308587090984,0.018717767964734133,0.037483423096877924,0.028402753184990456,0.019391304751810827,2.476112798346416e-05,2.7057774009496838e-05,4.242038161772723e-05,0,normal,-1
152.0,2.2e-05,1.4e-05,0.03758086764925371,0.028931209110441856,0.01862764523721867,0.03706521866519021,0.029296610417796985,0.01860782198760574,2.471725474063329e-05,2.6977051793950726e-05,4.231813509378371e-05,0,normal,-1
153.0,2.2e-05,1.4e-05,0.03740116342452648,0.028781770320525594,0.018538949223915177,0.03763942768019298,0.029000851239315992,0.01786657930562709,2.4673973610300195e-05,2.689741511178699e-05,4.22172654312043e-05,0,normal,-1
154.0,2.2e-05,1.4e-05,0.03722432570471175,0.02863473746172704,0.01845166009406791,0.03679770054593129,0.028016331137984126,0.01823732698537535,2.4631276799599655e-05,2.6818857556437773e-05,4.211775988966532e-05,0,normal,-1
155.0,2.2e-05,1.4e-05,0.037050314860742915,0.0284900794527875,0.01836575771426612,0.03687116887457802,0.028003225027277735,0.018726090865902652,2.458915507565697e-05,2.674137418000882e-05,4.201960512825074e-05,0,normal,-1
156.0,2.2e-05,1.4e-05,0.03687909233080286,0.028347763982053013,0.01828122316320449,0.03683449230395038,0.02787353707220989,0.01896115639744192,2.454760240693374e-05,2.666495661194499e-05,4.1922788939479605e-05,0,normal,-1
157.0,2.2e-05,1.4e-05,0.03671062060358438,0.028207757540619282,0.018198038709478604,0.036903172690675584,0.027662695252614774,0.018950473902489155,2.4506615920264286e-05,2.6589593086038914e-05,4.182730024101309e-05,0,normal,-1
158.0,2.2e-05,1.4e-05,0.03654486313805212,0.028070025588301982,0.018116187697305868,0.03677544413135759,0.028193706011793634,0.017995218840212733,2.4466195572952323e-05,2.6515268769462577e-05,4.173312896061823e-05,0,normal,-1
159.0,2.2e-05,1.4e-05,0.0363817825098541,0.02793453641901311,0.018035651879934438,0.03640889428126798,0.028410682654552936,0.018232570166332847,2.4426335907955595e-05,2.6441974449049842e-05,4.164026297267029e-05,0,normal,-1
160.0,2.2e-05,1.4e-05,0.03622134065584309,0.027801260692589813,0.01795641174229458,0.03525568682881905,0.02731741185441907,0.018609895151137784,2.4387027042354008e-05,2.6369705554997254e-05,4.1548688451992276e-05,0,normal,-1
161.0,2.2e-05,1.4e-05,0.036063500515350566,0.027670167991828018,0.017878448886274965,0.03596020416618052,0.02781014172281869,0.017957938668181645,2.4348262007819874e-05,2.6298454400656765e-05,4.145839262475938e-05,0,normal,-1
162.0,2.2e-05,1.4e-05,0.035908226042362414,0.02754122679120098,0.017801746053702525,0.03552045633740886,0.027257874556916705,0.018618372699073824,2.431003683888682e-05,2.62282100695223e-05,4.136936381080635e-05,0,normal,-1
163.0,2.2e-05,1.4e-05,0.03575548220466848,0.027414404458611603,0.017726287125130864,0.03569980842863547,0.028752902151222608,0.018699972151578946,2.4272350594029608e-05,2.615895837946174e-05,4.128159143778049e-05,0,normal,-1
164.0,2.2e-05,1.4e-05,0.03560523393451726,0.02728966944595574,0.01765205560240963,0.036100897015852604,0.027920096946632993,0.01755520267976387,2.4235200658465312e-05,2.6090686863272665e-05,4.119506428571822e-05,0,normal,-1
165.0,2.2e-05,1.4e-05,0.035457444900867933,0.027166993896619092,0.017579032800923197,0.03585985704650534,0.027588951770090426,0.017950633768762284,2.4198577134453676e-05,2.6023390788119683e-05,4.110976836975799e-05,0,normal,-1
166.0,2.2e-05,1.4e-05,0.035312079562576204,0.02704634933850717,0.017507200839760543,0.03542224469660387,0.027427911218742274,0.0172687181867437,2.4162472083510907e-05,2.5957063330883017e-05,4.102569041872299e-05,0,normal,-1
167.0,2.2e-05,1.4e-05,0.03516910335396578,0.026927706278503005,0.01743654292501987,0.03542198325267209,0.027333971172125524,0.01805485391184641,2.4126880408251845e-05,2.589169461397266e-05,4.0942818219140223e-05,0,normal,-1
168.0,2.2e-05,1.4e-05,0.03502848268482836,0.026811034202467096,0.017367043349808625,0.03428427858446101,0.026368620862288205,0.017776831975864448,2.409179987477359e-05,2.5827271669786827e-05,4.086114062974627e-05,0,normal,-1
169.0,2.2e-05,1.4e-05,0.03489018463603515,0.026696302210976644,0.017298687051887654,0.03498761836888129,0.027076017310039932,0.01714431538047199,2.4057229754207626e-05,2.5763779884108106e-05,4.078064707424804e-05,0,normal,-1
170.0,2.2e-05,1.4e-05,0.03475417502335443,0.026583483102616632,0.01723145677234082,0.035066430412828906,0.02574389186942272,0.017276096271880925,2.40231619847503e-05,2.5701212495912353e-05,4.070132419442028e-05,0,normal,-1
171.0,2.2e-05,1.4e-05,0.03462041981364163,0.026472550419991872,0.01716533511320269,0.03426735617059824,0.025851948382828564,0.017841823722255557,2.3989587554025805e-05,2.5639563794049488e-05,4.06231582611825e-05,0,normal,-1
172.0,2.2e-05,1.4e-05,0.03448888592513256,0.026363476733728155,0.017100305733123624,0.034691379726087115,0.02647443418500724,0.016826245427287494,2.3956500203645687e-05,2.557882511208635e-05,4.0546136592418265e-05,0,normal,-1
173.0,2.2e-05,1.4e-05,0.034359541209398596,0.026256233678445033,0.01703635332238157,0.03416912808374408,0.02644304474723872,0.018022816459886886,2.392389637007969e-05,2.551898488007457e-05,4.0470247537013155e-05,0,normal,-1
174.0,2.2e-05,1.4e-05,0.03423235443548186,0.026150791985719984,0.01697346357982589,0.03473260781116022,0.026048263404983448,0.016754942365263936,2.3891775131864536e-05,2.5460028671726035e-05,4.039548046053298e-05,0,normal,-1
175.0,2.2e-05,1.4e-05,0.034107294012671464,0.026047124172178627,0.01691162133441052,0.03466150340570241,0.026539602309882972,0.016749430362665466,2.3860132358679198e-05,2.540194552464903e-05,4.0321823518382185e-05,0,normal,-1
176.0,2.2e-05,1.4e-05,0.03398432750250073,0.02594520560979985,0.01685080979960455,0.03371693595567221,0.025671121215681835,0.01739032713139832,2.3828958381038158e-05,2.5344730514758175e-05,4.024926275740193e-05,0,normal,-1
177.0,2.2e-05,1.4e-05,0.03386342330091769,0.02584501094583422,0.016791013073657806,0.03459488459549012,0.026503666092502407,0.016612640059701398,2.379824576443095e-05,2.5288376335928816e-05,4.017778509170601e-05,0,normal,-1
178.0,2.2e-05,1.4e-05,0.03374455069254772,0.025746513973668807,0.016732216229161937,0.033649510544164984,0.0259475089477493,0.01712623628220506,2.37679895979415e-05,2.523287296940262e-05,4.010737842142229e-05,0,normal,-1
179.0,2.2e-05,1.4e-05,0.033627679850693495,0.025649687632827142,0.016674405313050436,0.03465865212977706,0.025829306027287714,0.017143533148653384,2.373818751152531e-05,2.5178207656830308e-05,4.003803164475051e-05,0,normal,-1
180.0,2.2e-05,1.4e-05,0.03351278157511624,0.025554504559493037,0.016617566960007414,0.033267004467684165,0.025192636327109573,0.016521006124678585,2.370883848204078e-05,2.512436619154538e-05,3.996973420478541e-05,0,normal,-1
181.0,2.2e-05,1.4e-05,0.033399825556060365,0.02546094077368141,0.01656168580740706,0.03343170371308064,0.024841063384561695,0.01673365179404506,2.367993475390062e-05,2.5071341742672844e-05,3.990247298291799e-05,0,normal,-1
182.0,2.2e-05,1.4e-05,0.033288781632968514,0.025368973033197018,0.016506746352269123,0.03339537634209386,0.025755341478486765,0.016300730872238326,2.365146762928382e-05,2.5019128580494148e-05,3.983623452102933e-05,0,normal,-1
183.0,2.2e-05,1.4e-05,0.03317962050721296,0.02527857728104301,0.01645273403544263,0.03280422248327998,0.025056963381573535,0.01696842335050071,2.3623430850552505e-05,2.4967718360379784e-05,3.977100633249533e-05,0,normal,-1
184.0,2.2e-05,1.4e-05,0.03307231372210995,0.02518972868511008,0.016399635213497563,0.032209623957974415,0.024107042661310946,0.01608878832243142,2.3595820526808862e-05,2.4917100194182617e-05,3.970677687946012e-05,0,normal,-1
185.0,2.2e-05,1.4e-05,0.032966833662919706,0.02510240163817647,0.01634743715872485,0.03256703168956343,0.025296324694180722,0.01649282884064965,2.3568635148681485e-05,2.4867260627431943e-05,3.964353558356633e-05,0,normal,-1
186.0,2.2e-05,1.4e-05,0.03286315279145663,0.02501657137432582,0.01629612691990379,0.03340295562617622,0.024800249536980196,0.016972792008134018,2.3541872029530346e-05,2.4818187538672863e-05,3.95812714528691e-05,0,normal,-1
187.0,2.2e-05,1.4e-05,0.03276124254848614,0.02493221633480428,0.016245689661124923,0.03259690924472275,0.02491065584816332,0.016402835060282207,2.351552209764387e-05,2.47698758982624e-05,3.951997106073369e-05,0,normal,-1
188.0,2.2e-05,1.4e-05,0.0326610750299679,0.024849314584399783,0.016196111179529456,0.03249772172648506,0.02477408367460954,0.01575595201041558,2.348957776954212e-05,2.4722319124483466e-05,3.9459621596989534e-05,0,normal,-1
189.0,2.2e-05,1.4e-05,0.03256262312549388,0.024767843487658498,0.01614737812863266,0.033321024077215156,0.023768487381772046,0.016658862990602985,2.3464033655354075e-05,2.4675508287342595e-05,3.9400211148298264e-05,0,normal,-1
190.0,2.2e-05,1.4e-05,0.03246586051826659,0.0246877797089299,0.016099478018291993,0.032712629414362884,0.024706340039596854,0.0154353711228201,2.34388865717864e-05,2.4629432088725403e-05,3.934172870785619e-05,0,normal,-1
191.0,2.2e-05,1.4e-05,0.032370761661385736,0.024609099261923343,0.01605239917952366,0.03272191584069243,0.025073210220405748,0.016316388798966137,2.3414135444189003e-05,2.4584076964979885e-05,3.9284164141814776e-05,0,normal,-1
192.0,2.2e-05,1.4e-05,0.032277300595763204,0.02453178001993645,0.016006128989706447,0.03270202492545662,0.024275298811982253,0.015858244184568524,2.338977574308474e-05,2.453943323647076e-05,3.9227506023355585e-05,0,normal,-1
193.0,2.2e-05,1.4e-05,0.032185450790273074,0.02445580209753651,0.015960653609022414,0.03173174180568976,0.0249696335582262,0.01633377661485956,2.3365798648138885e-05,2.4495496076640854e-05,3.917174130242613e-05,0,normal,-1
194.0,2.2e-05,1.4e-05,0.032095186453364614,0.024381145006085736,0.01591595997902275,0.032157549548959836,0.024388683020747672,0.016423691373768992,2.3342197315252944e-05,2.445225856299399e-05,3.911685775293421e-05,0,normal,-1
195.0,2.2e-05,1.4e-05,0.03200648253765556,0.0243077876274622,0.01587203583803865,0.03208159098338378,0.024430968292023833,0.016702340152029743,2.3318966934595912e-05,2.4409711599905567e-05,3.90628440003715e-05,0,normal,-1
196.0,2.2e-05,1.4e-05,0.031919314739932134,0.024235708214059837,0.015828869721181315,0.031839881433401884,0.024428714849638586,0.016023407097748806,2.329610474168186e-05,2.436784390193346e-05,3.900968953035809e-05,0,normal,-1
197.0,2.2e-05,1.4e-05,0.03183365943961247,0.0241648845179882,0.015786450868287023,0.031287143534792686,0.023954439404863838,0.01662172204944613,2.3273609738589452e-05,2.4326642299045165e-05,3.8957384583354386e-05,0,normal,-1
198.0,2.2e-05,1.4e-05,0.03174949240261845,0.024095296555804693,0.0157447672633268,0.03198138228022149,0.025209341889409407,0.016087485774241607,2.325147653488159e-05,2.428609859541665e-05,3.89059177396153e-05,0,normal,-1
199.0,2.2e-05,1.4e-05,0.03166678910309411,0.02402692595813553,0.015703806101438667,0.03083755768820691,0.02429038660913729,0.016249632929921008,2.3229696805053538e-05,2.424620798636795e-05,3.885527648827261e-05,0,normal,-1
200.0,2.2e-05,1.4e-05,0.03158552573286804,0.023959753753459205,0.015663555345448422,0.031116992350277234,0.02371570381531656,0.015060445964607741,2.320826418432893e-05,2.420696358394868e-05,3.880544915086953e-05,0,normal,-1
201.0,2.2e-05,1.4e-05,0.03150567917788627,0.02389376040698691,0.01562400369577824,0.031101010105523356,0.024221191949472733,0.015803402969170724,2.3187174183719833e-05,2.4168356502379114e-05,3.875642485194846e-05,0,normal,-1
202.0,2.2e-05,1.4e-05,0.03142722701821227,0.02382892582066252,0.015585140590446649,0.031221161174365623,0.02399755144053172,0.016539810750788638,2.3166424199373834e-05,2.4130375844163874e-05,3.8708193526492035e-05,0,normal,-1
203.0,2.2e-05,1.4e-05,0.031350147468725977,0.023765229457766674,0.01554695611589817,0.03177069376686186,0.02381377224856807,0.015680836938035063,2.3146013240946647e-05,2.4093009000182108e-05,3.8660745816269744e-05,0,normal,-1
204.0,2.2e-05,1.4e-05,0.031274418155924896,0.023702652957767092,0.015509439146478942,0.03210275837180216,0.023741018235020537,0.015226163790499504,2.3125936077838706e-05,2.4056248209538092e-05,3.861407076007647e-05,0,normal,-1
205.0,2.2e-05,1.4e-05,0.031200016452101697,0.023641179458067506,0.015472577833845546,0.03206116411438343,0.023972582083288247,0.015603584225129492,2.3106184768641988e-05,2.4020088882475968e-05,3.8568156396050916e-05,0,normal,-1
206.0,2.2e-05,1.4e-05,0.031126920401634617,0.023580791546223334,0.015436361046170594,0.031530050090867845,0.02294456163008089,0.015483004972920048,2.3086753199950176e-05,2.3984524491424155e-05,3.852299155383378e-05,0,normal,-1
207.0,2.2e-05,1.4e-05,0.03105510869285841,0.023521471308024407,0.015400778330958546,0.03127495562673356,0.023169708932490957,0.015376512169259962,2.3067636978364197e-05,2.3949546683729024e-05,3.847856581503126e-05,0,normal,-1
208.0,2.2e-05,1.4e-05,0.03098456065806437,0.023463200327494944,0.0153658199150457,0.02981628622465199,0.022835433030023427,0.015118461238223038,2.3048833438349537e-05,2.3915145270144503e-05,3.8434869519651856e-05,0,normal,-1
209.0,2.2e-05,1.4e-05,0.030915256254350276,0.023405959726958407,0.015331476675754485,0.03148031607735104,0.02276491712109278,0.015183903396928225,2.30303415589683e-05,2.3881308315765185e-05,3.8391893736226206e-05,0,normal,-1
210.0,2.2e-05,1.4e-05,0.03084717507705682,0.023349732273837187,0.015297738635455025,0.032161648360494385,0.022133089492436274,0.015037898324845684,2.3012157223454937e-05,2.3848027479567547e-05,3.8349628380668505e-05,0,normal,-1
211.0,2.2e-05,1.4e-05,0.03078029627952306,0.023294502597001505,0.01526459481733138,0.031006734495852378,0.023172198231795067,0.014673532753464615,2.299427275179327e-05,2.3815298576622134e-05,3.830806203070842e-05,0,normal,-1
212.0,2.2e-05,1.4e-05,0.03071459962904015,0.02324025485821794,0.01523203488823093,0.030831619286421665,0.023015848157483167,0.015394523521126675,2.297668208973424e-05,2.3783115710943393e-05,3.826718398425399e-05,0,normal,-1
213.0,2.2e-05,1.4e-05,0.030650065487075197,0.02318697277412406,0.015200049137499077,0.03099941340050147,0.022646437089120057,0.01589156925994244,2.295938075169199e-05,2.3751471329206028e-05,3.8226984238635495e-05,0,normal,-1
214.0,2.2e-05,1.4e-05,0.030586674809271297,0.023134639616228424,0.015168628476979239,0.030950989102007668,0.02295507477516881,0.01450612310269806,2.2942365827329233e-05,2.3720356211226013e-05,3.8187453496139674e-05,0,normal,-1
215.0,2.2e-05,1.4e-05,0.030524409145447493,0.023083238210910576,0.015137764441012854,0.030591867312871085,0.02386894766990905,0.014592564959518245,2.292563598786763e-05,2.3689759460902423e-05,3.8148583169366775e-05,0,normal,-1
216.0,2.2e-05,1.4e-05,0.030463250131527585,0.02303275202024312,0.015107448410042024,0.030276342198504114,0.023446727041020205,0.014777340409744728,2.2909189042745366e-05,2.3659671269815305e-05,3.8110364407134973e-05,0,normal,-1
217.0,2.2e-05,1.4e-05,0.03040317864262272,0.022983166997357203,0.015077670292200605,0.03058405824745737,0.02187605593059816,0.014901962824712152,2.2893017768053077e-05,2.3630087669719316e-05,3.807278643009442e-05,0,normal,-1
218.0,2.2e-05,1.4e-05,0.030344176041713935,0.02293446887156292,0.015048420455147388,0.029658281436941283,0.022796475593564413,0.01479167992593669,2.2877116007969766e-05,2.360100361739436e-05,3.803583896428419e-05,0,normal,-1
219.0,2.2e-05,1.4e-05,0.03028622423831659,0.022886642976082935,0.015019689836037131,0.02934501096666895,0.023466667031312633,0.015170655587283166,2.2861479036013558e-05,2.357241256612728e-05,3.7999512384462746e-05,0,normal,-1
220.0,2.2e-05,1.4e-05,0.03022930568719517,0.022839674250696575,0.014991469939595641,0.030909775007555925,0.022862893591108734,0.014753402749974259,2.284610355449631e-05,2.3544306464656824e-05,3.7963797716414594e-05,0,normal,-1
221.0,2.2e-05,1.4e-05,0.030173403388363298,0.022793547241739827,0.014963752838119772,0.0299443727231954,0.022916660776290586,0.015256515385623603,2.2830987699797594e-05,2.351667574969923e-05,3.792868664152713e-05,0,normal,-1
222.0,2.2e-05,1.4e-05,0.030118500795133903,0.022748246296019466,0.014936531031162941,0.030476478533354383,0.022851176379818528,0.014703812855668514,2.2816130604934985e-05,2.348950984135995e-05,3.78941713232252e-05,0,normal,-1
223.0,2.2e-05,1.4e-05,0.030064580732288623,0.022703757891039917,0.01490979577385072,0.03084187772701344,0.02220887550519347,0.013315698286847998,2.2801527118223433e-05,2.346280316290676e-05,3.7860242288005245e-05,0,normal,-1
224.0,2.2e-05,1.4e-05,0.030011626004266177,0.02266006935698705,0.014883538001551913,0.03062176617907008,0.022974284835313746,0.015554890029015353,2.27871707131583e-05,2.3436551851693e-05,3.782688959448289e-05,0,normal,-1
225.0,2.2e-05,1.4e-05,0.029959619949686357,0.022617167607896678,0.01485774921719254,0.029682923595357454,0.023114702305499526,0.015126257624367397,2.2773056312346147e-05,2.341075051706405e-05,3.779410396136488e-05,0,normal,-1
226.0,2.2e-05,1.4e-05,0.029908546404794328,0.022575039211067988,0.014832421438685192,0.030070923419549617,0.022328516014167563,0.013158286056666423,2.275918012818737e-05,2.3385392417039778e-05,3.776187670485032e-05,0,normal,-1
227.0,2.2e-05,1.4e-05,0.02985838970346064,0.02253367038706356,0.014807547198929037,0.029275346214464273,0.022654043635718327,0.014699625015668214,2.2745539667278913e-05,2.3360469452138963e-05,3.7730199742522435e-05,0,normal,-1
228.0,2.2e-05,1.4e-05,0.029809134677181225,0.02249304700970934,0.014783119545809813,0.029756848126472564,0.022203780004537026,0.015110872241809977,2.2732133734624962e-05,2.3335972159525545e-05,3.7699065597108155e-05,0,normal,-1
229.0,2.2e-05,1.4e-05,0.029760766317364924,0.022453155324021992,0.01475913152261148,0.03028377479286909,0.02266867435447377,0.014686122855735699,2.2718960796695742e-05,2.331189158222102e-05,3.76684667370577e-05,0,normal,-1
230.0,2.2e-05,1.4e-05,0.029713268899689033,0.022413983862152164,0.01473557479784976,0.029729282019870365,0.023153748786103292,0.015210214278017865,2.2706014638665767e-05,2.3288224256688348e-05,3.7638393827522454e-05,0,normal,-1
231.0,2.2e-05,1.4e-05,0.029666627073254327,0.022375521079825593,0.014712441359464454,0.028240942424390965,0.02296967098553383,0.014829921967377462,2.2693289724671e-05,2.3264966082256554e-05,3.76088378897327e-05,0,normal,-1
232.0,2.2e-05,1.4e-05,0.029620825946084808,0.02233775511313653,0.014689723671337166,0.028495194242563138,0.021509840073110898,0.013511582406539265,2.2680781712119246e-05,2.3242111711227375e-05,3.757979050387339e-05,0,normal,-1
233.0,2.2e-05,1.4e-05,0.02957585107792836,0.022300673793192716,0.014667414662485528,0.029175058292643552,0.021939091600326557,0.013443762244239831,2.2668487421428184e-05,2.3219654582273828e-05,3.755124379860185e-05,0,normal,-1
234.0,2.2e-05,1.4e-05,0.029531688480256755,0.022264264646115375,0.014645507727063203,0.030198309309906197,0.022014545308189918,0.015202918203173817,2.2656404839538728e-05,2.3197586915593032e-05,3.75231904542298e-05,0,normal,-1
235.0,2.2e-05,1.4e-05,0.02948832461626566,0.022228514893039217,0.014623996724359885,0.029587867246847338,0.022619363560340805,0.01549811809077307,2.264453312327128e-05,2.317589970832111e-05,3.749562370579413e-05,0,normal,-1
236.0,2.2e-05,1.4e-05,0.02944574590568764,0.022193412505729426,0.014602875213241532,0.029516382467693746,0.02216794855639195,0.014273828522101975,2.2632870182675648e-05,2.3154585507907605e-05,3.7468536363869546e-05,0,normal,-1
237.0,2.2e-05,1.4e-05,0.02940393819679005,0.022158947388301823,0.01458213561261131,0.028745954605004932,0.022175842988582026,0.014804851953483869,2.262141000877577e-05,2.313364150626901e-05,3.7441919736108965e-05,0,normal,-1
238.0,2.2e-05,1.4e-05,0.029362887768233426,0.022125109173088013,0.014561770776789875,0.029436103593967547,0.021579369454163073,0.014605945385679364,2.2610147671616626e-05,2.3113063786684146e-05,3.741576564683697e-05,0,normal,-1
239.0,2.2e-05,1.4e-05,0.02932258130669241,0.022091887224114714,0.014541773978592121,0.028184995150800973,0.02279900713894528,0.014431488582724606,2.2599079283028942e-05,2.309284735059217e-05,3.739006641815296e-05,0,normal,-1
240.0,2.2e-05,1.4e-05,0.02928300590677011,0.02205927063728021,0.01452213890919725,0.029453921998413537,0.02228668336757974,0.014173702259507284,2.2588201999154574e-05,2.3072986114024247e-05,3.736481487244926e-05,0,normal,-1
241.0,2.2e-05,1.4e-05,0.02924414907099811,0.02202724824035433,0.014502859678148777,0.02983376925680744,0.021164345426527755,0.014612384092654702,2.257751402324958e-05,2.3053472903788328e-05,3.734000433500065e-05,0,normal,-1
242.0,2.2e-05,1.4e-05,0.029205998709836454,0.021995808592978467,0.014483930813354522,0.028797205046336618,0.02264325697514974,0.01410565548325489,2.2567014608359548e-05,2.3034299453866584e-05,3.7315628636461114e-05,0,normal,-1
243.0,2.2e-05,1.4e-05,0.02916854273037538,0.02196494086275811,0.014465346623579185,0.02971074076922311,0.02146646802423098,0.01440092793845106,2.255670204426044e-05,2.3015458724554804e-05,3.72916812935225e-05,0,normal,-1
244.0,2.2e-05,1.4e-05,0.02913176846488368,0.021934636098343993,0.01444710029009021,0.02877182077403135,0.02212631844189891,0.01392891799124891,2.2546570766159342e-05,2.299694825859686e-05,3.7268154337030064e-05,0,normal,-1
245.0,2.2e-05,1.4e-05,0.02909566363584493,0.021904885111881676,0.014429185386116287,0.0291693510124713,0.02158038986131948,0.01355642265935292,2.2536616176892495e-05,2.297876461061954e-05,3.7245040269147886e-05,0,normal,-1
246.0,2.2e-05,1.4e-05,0.02906021633351786,0.021875678477008973,0.014411595861664328,0.02899224825689122,0.021708205918733407,0.014467957859517754,2.2526834617427627e-05,2.296090336391456e-05,3.7222332046080685e-05,0,normal,-1
247.0,2.2e-05,1.4e-05,0.0290254150147447,0.02184700653129979,0.014394326041709878,0.029072348775489153,0.022629270980646078,0.014299599791899124,2.2517223363520664e-05,2.2943359133760572e-05,3.7200023077921664e-05,0,normal,-1
248.0,2.2e-05,1.4e-05,0.028991248502951202,0.021818859376264144,0.014377370626197122,0.029754725370518244,0.021747029278214737,0.014638555451067365,2.250778062795531e-05,2.292612556440215e-05,3.7178107230752607e-05,0,normal,-1
249.0,2.2e-05,1.4e-05,0.02895770598814663,0.021791226877348132,0.014360724690038889,0.029398313972176036,0.021731493017955787,0.014485712264270168,2.2498505562679483e-05,2.290919532620093e-05,3.715657882866719e-05,0,normal,-1
250.0,2.2e-05,1.4e-05,0.02892477685844465,0.02176409902066363,0.014344383422088222,0.028585916134871735,0.02175003231126739,0.014429778528625528,2.248939743608417e-05,2.2892561065957173e-05,3.7135432317837876e-05,0,normal,-1
251.0,2.2e-05,1.4e-05,0.028892449891150838,0.021737467677151002,0.014328340851534725,0.027509968777972918,0.021888234181623053,0.014115214748368549,2.2480451591087677e-05,2.2876220097448987e-05,3.7114660617939716e-05,0,normal,-1
252.0,2.2e-05,1.4e-05,0.028860714071157208,0.021711324845438872,0.014312591124617281,0.029308115760022322,0.02229295941873896,0.014177660794055368,2.247166348517478e-05,2.2860169731851744e-05,3.7094256772962255e-05,0,normal,-1
253.0,2.2e-05,1.4e-05,0.028829558733532632,0.02168566227128909,0.014297128756062205,0.029211513497251606,0.02216957437009146,0.01457252898534865,2.246302951342908e-05,2.2844406301051146e-05,3.70742142782596e-05,0,normal,-1
254.0,2.2e-05,1.4e-05,0.0287989735413368,0.021660471491795015,0.014281948595794094,0.028881729305194087,0.021887459257894544,0.013881946476576623,2.245454690621112e-05,2.282892527453575e-05,3.705452703924923e-05,0,normal,-1
255.0,2.2e-05,1.4e-05,0.02876894848562024,0.021635743835381523,0.014267045828935832,0.028489853101132362,0.02221752357243491,0.014576885315604145,2.244621373095385e-05,2.2813721256981996e-05,3.703518937311153e-05,0,normal,-1
256.0,2.2e-05,1.4e-05,0.028739473885424312,0.02161147042180501,0.014252415975808582,0.02953867780508606,0.021690948745196344,0.014408584801471508,2.243802889387476e-05,2.2798787985978982e-05,3.701619601042611e-05,0,normal,-1
257.0,2.2e-05,1.4e-05,0.02871054038225084,0.02158764217363786,0.014238054883428367,0.027816934449693534,0.02203200548212983,0.014039675383631019,2.2429992114816978e-05,2.278411836086876e-05,3.6997542085698566e-05,0,normal,-1
258.0,2.2e-05,1.4e-05,0.02868213835734433,0.021564251063168415,0.014223957815231298,0.028289949186361296,0.022004835919451026,0.013981425995627662,2.2422101047007912e-05,2.276970778662507e-05,3.697922195558888e-05,0,normal,-1
259.0,2.2e-05,1.4e-05,0.02865425788949244,0.021541290255676356,0.014210119364187083,0.027921085246249682,0.021753462835749172,0.014209055364696715,2.2414350981273083e-05,2.2755554539665043e-05,3.696122908446387e-05,0,normal,-1
260.0,2.2e-05,1.4e-05,0.028626889415814896,0.021518752617728884,0.014196534514636447,0.02881254296247398,0.021666780725984266,0.013926245950281104,2.2406738234790246e-05,2.2741655811695532e-05,3.6943557424375344e-05,0,normal,-1
261.0,2.2e-05,1.4e-05,0.028600023665838307,0.0214966308300947,0.014183198550174443,0.02836675240663754,0.02188911982287232,0.014482753038555026,2.239925987112615e-05,2.272800802523898e-05,3.6926201296866036e-05,0,normal,-1
262.0,2.2e-05,1.4e-05,0.028573651661496172,0.02147491738774403,0.014170107053650472,0.029629246851349954,0.021445548029734265,0.0145707727032223,2.2391913701683947e-05,2.2714606831677633e-05,3.6909155394344224e-05,0,normal,-1
263.0,2.2e-05,1.4e-05,0.02854776471712889,0.021453604599848602,0.014157255907168272,0.02855666793329482,0.02236219157419032,0.014418032339603737,2.2384698287083105e-05,2.2701447109411267e-05,3.689241478140653e-05,0,normal,-1
264.0,2.2e-05,1.4e-05,0.028522354439483744,0.021432684589781658,0.014144641292085914,0.028402950937187497,0.02162912127845288,0.014431428046388868,2.2377612938473973e-05,2.268852296212439e-05,3.687597489611028e-05,0,normal,-1
265.0,2.2e-05,1.4e-05,0.028497412683128987,0.021412149388670778,0.01413225961991953,0.028783762883450935,0.021848925832428066,0.013386858646347618,2.2370657500712225e-05,2.2675827970471954e-05,3.685983146108815e-05,0,normal,-1
266.0,2.2e-05,1.4e-05,0.028472930847209414,0.02139199245304692,0.014120106426258924,0.02810683244172477,0.020744019389093062,0.014890515934842537,2.236382884607386e-05,2.266335927977337e-05,3.6843979041461854e-05,0,normal,-1
267.0,2.2e-05,1.4e-05,0.028448900290116236,0.02137220781155574,0.0141081770064901,0.027906945666220838,0.021759984745054518,0.014772749492720358,2.2357122872715196e-05,2.2651115288731287e-05,3.6828411872492486e-05,0,normal,-1
268.0,2.2e-05,1.4e-05,0.028425312683194558,0.021352789224649445,0.01409646700140712,0.02869281566990157,0.02166440506526517,0.014230192656601949,2.2350536390072574e-05,2.2639093428670058e-05,3.6813124623988085e-05,0,normal,-1
269.0,2.2e-05,1.4e-05,0.028402159957829163,0.021333730285485877,0.014084972319092249,0.028157650760524407,0.02162465828884199,0.013954622159597193,2.2344066877293198e-05,2.2627290440578935e-05,3.6798112299585296e-05,0,normal,-1
270.0,2.2e-05,1.4e-05,0.028379434305444522,0.021315024419928507,0.014073689134915942,0.028867421577573257,0.022277353710365565,0.013489132715314281,2.2337712484356296e-05,2.2615702373594493e-05,3.678337023782009e-05,0,normal,-1
271.0,2.2e-05,1.4e-05,0.028357128177504784,0.02129666488654644,0.014062613891536856,0.028524518157408578,0.021529610181369892,0.014072200835347057,2.233147203314125e-05,2.2604324583572875e-05,3.6768894113157256e-05,0,normal,-1
272.0,2.2e-05,1.4e-05,0.02833523428551377,0.02127864477661442,0.01405174329890184,0.028393444800523807,0.02159767731269107,0.014085058480530823,2.2325345018444367e-05,2.2593151731748167e-05,3.6754679936979794e-05,0,normal,-1
273.0,2.2e-05,1.4e-05,0.02831374556259521,0.021260957094690183,0.014041074274588417,0.028347970746000064,0.021490921955978272,0.014206333904227939,2.231933142065568e-05,2.258217800278414e-05,3.6740723980487665e-05,0,normal,-1
274.0,2.2e-05,1.4e-05,0.02829265450537102,0.02124359617832811,0.01403060290674246,0.02824949934709318,0.021718475670570985,0.01418525238733891,2.2313428417786786e-05,2.2571400948072264e-05,3.672702141813853e-05,0,normal,-1
275.0,2.2e-05,1.4e-05,0.028271953559574577,0.021226556908140168,0.014020325045298848,0.028475717820845646,0.020791626750710945,0.013388906656352324,2.2307632242892007e-05,2.256081933211221e-05,3.671356709998282e-05,0,normal,-1
276.0,2.2e-05,1.4e-05,0.028251635457949068,0.02120983390471933,0.014010236862548316,0.02805302246606756,0.02050836526960389,0.014266838403443357,2.2301939989779426e-05,2.2550430999930426e-05,3.670035628562303e-05,0,normal,-1
277.0,2.2e-05,1.4e-05,0.02823169316428118,0.02119342163568051,0.014000334770177945,0.027252840814086292,0.021289702843507924,0.013678447106485478,2.2296349356074473e-05,2.2540233172799636e-05,3.6687384536586516e-05,0,normal,-1
278.0,2.2e-05,1.4e-05,0.028212119873401102,0.021177314415660543,0.013990615419271163,0.028251019921466544,0.02179830453867992,0.014031871793391205,2.2290858644097387e-05,2.2530222447037108e-05,3.667464771716139e-05,0,normal,-1
279.0,2.2e-05,1.4e-05,0.028192909011182515,0.02116150640631822,0.013981075700307738,0.02796261044570908,0.020610321939975546,0.013774475488608585,2.2285466761698642e-05,2.2520394792874574e-05,3.66621419951997e-05,0,normal,-1
280.0,2.2e-05,1.4e-05,0.028174054234542608,0.021145991616334257,0.013971712743163786,0.02748559393954936,0.02135915393374415,0.01374082750568524,2.2280173223053994e-05,2.2510745553396864e-05,3.6649863842888695e-05,0,normal,-1
281.0,2.2e-05,1.4e-05,0.028155549429827044,0.021130763904760572,0.013962523914613452,0.02854589190908372,0.02113282445159204,0.01360472449829968,2.227497814154921e-05,2.2501269452723582e-05,3.66378100342134e-05,0,normal,-1
282.0,2.2e-05,1.4e-05,0.028137388256958027,0.02111581795539548,0.013953506102078628,0.027947265291505808,0.020237759078548453,0.013859630035313179,2.2269879962405856e-05,2.24919632496471e-05,3.6625976705633874e-05,0,normal,-1
283.0,2.2e-05,1.4e-05,0.028119564070674195,0.021101149494723418,0.013944655570743045,0.02724694682142811,0.02123419566001495,0.013560610450939418,2.226487499018477e-05,2.2482826308953725e-05,3.661435916768304e-05,0,normal,-1
284.0,2.2e-05,1.4e-05,0.02810207051329253,0.021086753960363445,0.013935968919240715,0.028064687775336827,0.020751118296123007,0.014141425366954365,2.225996043946366e-05,2.2473857012639836e-05,3.66029531589729e-05,0,normal,-1
285.0,2.2e-05,1.4e-05,0.0280849014326394,0.021072626647295034,0.01392744296181348,0.02774751856504613,0.020330788345884206,0.01468693994503815,2.2255134073701807e-05,2.2465053173160603e-05,3.659175469231866e-05,0,normal,-1
286.0,2.2e-05,1.4e-05,0.02806805088205056,0.021058762707858055,0.01391907472831101,0.027217277266210125,0.022012744751600862,0.014367663124145624,2.2250394205936335e-05,2.245641203245449e-05,3.6580760055394746e-05,0,normal,-1
287.0,2.2e-05,1.4e-05,0.02805151312037115,0.021045157151752786,0.013910861464190809,0.028207606446875276,0.020937351127139795,0.014293712941818726,2.2245739699444754e-05,2.2447930261025794e-05,3.656996581136461e-05,0,normal,-1
288.0,2.2e-05,1.4e-05,0.028035282611955703,0.021031804846039906,0.013902800630518207,0.027510003066546846,0.021565035059931077,0.013584901001764415,2.224116996837542e-05,2.243960395708286e-05,3.655936879948503e-05,0,normal,-1
289.0,2.2e-05,1.4e-05,0.028019354026668122,0.021018700515140508,0.01389488990396636,0.028378539426378187,0.020707999044285018,0.013987573920954633,2.223668497834645e-05,2.2431428645729465e-05,3.654896613568595e-05,0,normal,-1
290.0,2.2e-05,1.4e-05,0.02800372214809949,0.021005838934921698,0.013887127033153195,0.027554977427654226,0.02157392091966687,0.014374013064391473,2.223228479291262e-05,2.2423399810147275e-05,3.653875502412858e-05,0,normal,-1
291.0,2.2e-05,1.4e-05,0.027988381256594034,0.020993216276044117,0.013879508858125085,0.028476904451964533,0.020961646945024004,0.014020281026934197,2.2227966459084866e-05,2.24155165531035e-05,3.6528731467194825e-05,0,normal,-1
292.0,2.2e-05,1.4e-05,0.02797332573655356,0.02098082881441686,0.013872032262698763,0.028186037483206965,0.02117648251652694,0.013982517908712523,2.2223727018759916e-05,2.240777807014682e-05,3.651889151756025e-05,0,normal,-1
293.0,2.2e-05,1.4e-05,0.027958550189923475,0.02096867262184652,0.013864694378396644,0.028012855138170485,0.021327016482763445,0.01398808509164862,2.2219564180883735e-05,2.2400182840578594e-05,3.650923154697037e-05,0,normal,-1
294.0,2.2e-05,1.4e-05,0.02794404940209745,0.020956743634132396,0.013857492532601124,0.027566131708903065,0.020784139385474062,0.013881528023569692,2.2215476159715952e-05,2.2392728815473936e-05,3.6499748178572506e-05,0,normal,-1
295.0,2.2e-05,1.4e-05,0.02792981834191742,0.020945037651066485,0.013850424248554576,0.02838222365861454,0.02046990046491699,0.013438372845419566,2.221146167536444e-05,2.2385413416915515e-05,3.6490438287413596e-05,0,normal,-1
296.0,2.2e-05,1.4e-05,0.027915852161673575,0.02093355033643348,0.013843487245359352,0.02816762992449294,0.021117334931038186,0.013457540282055898,2.2207519954293826e-05,2.2378233537273397e-05,3.648129900091768e-05,0,normal,-1
297.0,2.2e-05,1.4e-05,0.027902146197104356,0.020922277218010786,0.013836679437977784,0.027720946567182506,0.020583420066521023,0.014716084297750604,2.220365072980876e-05,2.2371185538529046e-05,3.6472327699343626e-05,0,normal,-1
298.0,2.2e-05,1.4e-05,0.027888695967396477,0.020911213687568497,0.013829998937232182,0.02817901461764489,0.02069578250770576,0.013773255391368222,2.219985424251272e-05,2.2364265251640945e-05,3.6463522016223663e-05,0,normal,-1
299.0,2.2e-05,1.4e-05,0.027875496979343224,0.020900355417971608,0.013823443741643774,0.027362705914823402,0.021196645454067003,0.013580884388543631,2.219613026549448e-05,2.2357469121579653e-05,3.6454879432445656e-05,0,normal,-1
300.0,2.2e-05,1.4e-05,0.02786254424574124,0.02088969942845271,0.013817010964466985,0.027222661318669517,0.020959861666529377,0.013150286322024238,2.2192475642314526e-05,2.235079711303916e-05,3.644639625672101e-05,0,normal,-1
301.0,2.2e-05,1.4e-05,0.027849832997968473,0.02087924253961182,0.01381069796512049,0.027802049764891184,0.02061199000592586,0.014367717856811095,2.2188887877824053e-05,2.2344248485582853e-05,3.643806911693804e-05,0,normal,-1
302.0,2.2e-05,1.4e-05,0.02783735864252232,0.020868981418126535,0.013804502298960226,0.027872917030335627,0.02048945611084039,0.014002730683951279,2.21853649984291e-05,2.2337821942726527e-05,3.642989489440559e-05,0,normal,-1
303.0,2.2e-05,1.4e-05,0.027825116750665693,0.020858912597975423,0.013798421701302464,0.028039070046976738,0.020854014210452094,0.013921825536291382,2.2181905502296666e-05,2.2331515690024368e-05,3.642187070318899e-05,0,normal,-1
304.0,2.2e-05,1.4e-05,0.027813103058427047,0.02084903248043804,0.013792454087423807,0.027845626468923912,0.02227355012441121,0.013679967754787387,2.2178508359772968e-05,2.232532743444945e-05,3.641399389049147e-05,0,normal,-1
305.0,2.2e-05,1.4e-05,0.02780131346660035,0.02083933733409491,0.013786597552561196,0.02842167020136737,0.020230829582943408,0.013484172616040105,2.217517301378107e-05,2.231925438381151e-05,3.6406262037019514e-05,0,normal,-1
306.0,2.2e-05,1.4e-05,0.027789744040745103,0.02082982329482754,0.013780850371911905,0.027144492215209336,0.020733925632573345,0.013907986961165,2.217189938019856e-05,2.231329324621037e-05,3.6398672957332755e-05,0,normal,-1
307.0,2.2e-05,1.4e-05,0.02777839101118633,0.02082048636581842,0.013775211000633543,0.028062554143375003,0.02064907883936824,0.012763290547395549,2.216868784821569e-05,2.2307440229522935e-05,3.639122470017886e-05,0,normal,-1
308.0,2.2e-05,1.4e-05,0.02776725057829853,0.020811322833244928,0.013769677766646999,0.027880072096531067,0.02090449085112925,0.013717810869485005,2.216553830811754e-05,2.2301692185660374e-05,3.638391514295718e-05,0,normal,-1
309.0,2.2e-05,1.4e-05,0.027756318450939895,0.020802330287308404,0.013764248128777464,0.028434423932101577,0.0210211898907084,0.013908710491465304,2.2162447788401433e-05,2.2296049403904658e-05,3.637674101131667e-05,0,normal,-1
310.0,2.2e-05,1.4e-05,0.027745590548575907,0.02079350609849069,0.013758919793709443,0.02780804851354786,0.02069677478481202,0.013450210944329527,2.215941400124153e-05,2.2290511431533132e-05,3.636969935437518e-05,0,normal,-1
311.0,2.2e-05,1.4e-05,0.02773506294993829,0.020784847484408075,0.01375369065122603,0.027893214838169193,0.02063666732298817,0.013415226855772242,2.2156435154630136e-05,2.228507728147502e-05,3.636278745953847e-05,0,normal,-1
312.0,2.2e-05,1.4e-05,0.02772473188299139,0.020776351530511723,0.013748558758653403,0.028605373859138375,0.021455743147657313,0.013241157499241651,2.2153509903767934e-05,2.22797454891634e-05,3.63560028322617e-05,0,normal,-1
313.0,2.2e-05,1.4e-05,0.02771459372493217,0.020768015190087672,0.01374352234086083,0.02811273920338077,0.020683499103464082,0.013693144571633072,2.2150637351397736e-05,2.2274514112020273e-05,3.634934319634508e-05,0,normal,-1
314.0,2.2e-05,1.4e-05,0.027704645002190203,0.020759835284256845,0.013738579790260665,0.02800892286748076,0.02094060615135135,0.013899726051038133,2.2147817048121675e-05,2.2269380728972644e-05,3.6342806494216705e-05,0,normal,-1
315.0,2.2e-05,1.4e-05,0.027694882390427687,0.020751808501975028,0.013733729666808345,0.027499815837757853,0.01974672857906292,0.014351673478063206,2.214504899270237e-05,2.2264342439997937e-05,3.633639088720316e-05,0,normal,-1
316.0,2.2e-05,1.4e-05,0.02768530271453944,0.020743931400032892,0.013728970698002397,0.027754777716227436,0.020076930154545418,0.014383314509290875,2.2142333632348388e-05,2.225939586569721e-05,3.633009475578827e-05,0,normal,-1
317.0,2.2e-05,1.4e-05,0.027675902844439423,0.02073620062542135,0.013724301614312243,0.026849696447638124,0.020852748155894257,0.014181804582535694,2.21396713420431e-05,2.2254537760929984e-05,3.632391648207487e-05,0,normal,-1
318.0,2.2e-05,1.4e-05,0.027666679137363426,0.020728614133972968,0.013719720257493549,0.027244816440070246,0.020348695582952187,0.013780539257684264,2.2137059590638385e-05,2.2249768364715495e-05,3.631785326963744e-05,0,normal,-1
319.0,2.2e-05,1.4e-05,0.027657628066122156,0.020721169842574858,0.013715224575298777,0.02798112473803299,0.020641146399104592,0.013355116508622285,2.2134496091973557e-05,2.224508768511026e-05,3.631190245938753e-05,0,normal,-1
320.0,2.2e-05,1.4e-05,0.027648746269142006,0.02071386547458147,0.013710812718669372,0.026759161972468,0.021147008038848822,0.013977971161129577,2.2131979131595977e-05,2.224049509915603e-05,3.630606165845362e-05,0,normal,-1
321.0,2.2e-05,1.4e-05,0.027640030521324056,0.020706698619685042,0.013706482996596532,0.02768647650925851,0.021038974041744252,0.01371063497110864,2.212950742507765e-05,2.223598951902046e-05,3.630032868069926e-05,0,normal,-1
322.0,2.2e-05,1.4e-05,0.027631477734044077,0.020699666733915607,0.013702233876121206,0.027640394876984435,0.02072570362516716,0.014014646702809025,2.2127080118286598e-05,2.22315693915597e-05,3.629470154695504e-05,0,normal,-1
323.0,2.2e-05,1.4e-05,0.02762308495515252,0.020692767139640994,0.013698063982334094,0.027817634347322342,0.019776046998443382,0.014622548918243477,2.212469678764457e-05,2.222723269790688e-05,3.6289178485240406e-05,0,normal,-1
324.0,2.2e-05,1.4e-05,0.027614849368974518,0.020685997025566824,0.013693972098375647,0.02676670054287874,0.02120604561083968,0.01377688268820821,2.212235744037177e-05,2.2222976953085455e-05,3.628375793097564e-05,0,normal,-1
325.0,2.2e-05,1.4e-05,0.0276067682963099,0.020679353446736513,0.013689957165436068,0.02659133779995355,0.020688690161412567,0.013151884121516699,2.2120062514718793e-05,2.2218799205645947e-05,3.627843852718434e-05,0,normal,-1
326.0,2.2e-05,1.4e-05,0.02759883917732542,0.02067283336091098,0.013686018255757394,0.02815362022342079,0.020670306830994953,0.012945928252730252,2.211781279478115e-05,2.2214696138079586e-05,3.627321908890917e-05,0,normal,-1
327.0,2.2e-05,1.4e-05,0.027591059051574735,0.02066643475380446,0.013682153744586204,0.027646418944365942,0.020833998960511572,0.014287499469504665,2.2115606783448425e-05,2.221066717239948e-05,3.6268097505893915e-05,0,normal,-1
328.0,2.2e-05,1.4e-05,0.027583424821991154,0.020660156095304152,0.013678361719926566,0.02778850586095152,0.020571967087527555,0.01404392161621166,2.2113441991317325e-05,2.2206712956258735e-05,3.626307128512835e-05,0,normal,-1
329.0,2.2e-05,1.4e-05,0.027575933591375324,0.020653995569851098,0.013674640534100434,0.028384249350007416,0.01978147360278626,0.012917805139270553,2.2111316702908018e-05,2.2202833262562257e-05,3.625813828187194e-05,0,normal,-1
330.0,2.2e-05,1.4e-05,0.02756858258853398,0.020647951225564388,0.013670988690212932,0.027655501612379427,0.021251654420755283,0.013669402827885377,2.2109229620890642e-05,2.2199027406554187e-05,3.6253296549413145e-05,0,normal,-1
331.0,2.2e-05,1.4e-05,0.02756136916827994,0.020642020974241185,0.013667404842152361,0.02657929472603267,0.020212549629365553,0.012918249074705698,2.2107179866309167e-05,2.2195294245440805e-05,3.6248544339253735e-05,0,normal,-1
332.0,2.2e-05,1.4e-05,0.0275542908114321,0.02063620259135671,0.013663887794590192,0.0273982466307495,0.019911138758244493,0.01333396953943472,2.210516697879401e-05,2.219163217803532e-05,3.624388010128485e-05,0,normal,-1
333.0,2.2e-05,1.4e-05,0.027547345124815447,0.020630493716064256,0.013660436502981073,0.027956532294164834,0.021203085334153618,0.01385801340499489,2.2103190916763896e-05,2.2188039144423995e-05,3.62393024839551e-05,0,normal,-1
334.0,2.2e-05,1.4e-05,0.027540529841261045,0.02062489185119517,0.013657050073562823,0.02732782443323071,0.020651949525386633,0.013751527966319548,2.21012520576173e-05,2.2184512625652335e-05,3.623481033443093e-05,0,normal,-1
335.0,2.2e-05,1.4e-05,0.027533842819606042,0.020619394363258867,0.013653727763356436,0.02738240687436172,0.02087072072680073,0.01430977479867553,2.209935119791334e-05,2.2181049643430053e-05,3.623040269874959e-05,0,normal,-1
336.0,2.2e-05,1.4e-05,0.02752728182646919,0.020613998952547268,0.013650468633152769,0.02722650309442761,0.020017423009901163,0.012929912831948118,2.2097488453461247e-05,2.2177648061042728e-05,3.6226078361506935e-05,0,normal,-1
337.0,2.2e-05,1.4e-05,0.027520844136938,0.02060870453718134,0.013647270903364253,0.02825478191279592,0.020841187890182022,0.012495988758388744,2.2095661207803046e-05,2.2174309017955184e-05,3.62218349908951e-05,0,normal,-1
338.0,2.2e-05,1.4e-05,0.027514527230880322,0.02060350973422693,0.013644133068352248,0.028136178348694346,0.020952932566855428,0.014473185663128227,2.2093867651989373e-05,2.2171032737878053e-05,3.621767061705168e-05,0,normal,-1
339.0,2.2e-05,1.4e-05,0.027508328712466616,0.020598413006689943,0.013641053778508114,0.02660342750158783,0.021678981675355424,0.013722225457794066,2.209210642130845e-05,2.2167818950111874e-05,3.62135834757928e-05,0,normal,-1
340.0,2.2e-05,1.4e-05,0.027502246303197926,0.02059341267822786,0.013638031829284187,0.02845438973176783,0.02024254723218398,0.013763870617887591,2.2090376560821357e-05,2.2164666930107244e-05,3.620957199420788e-05,0,normal,-1
341.0,2.2e-05,1.4e-05,0.02749627784190587,0.02058850693314973,0.013635066161193778,0.027109236603129677,0.019751179446093108,0.01374116864916933,2.208867752553927e-05,2.216157549915603e-05,3.620563479080083e-05,0,normal,-1
342.0,2.2e-05,1.4e-05,0.027490421284752663,0.02058369381641617,0.013632155859811177,0.02850424081445147,0.020012175167675065,0.013125076735253125,2.2087009180591726e-05,2.215854302410075e-05,3.620177067562479e-05,0,normal,-1
343.0,2.2e-05,1.4e-05,0.027484674705231093,0.020578971233639373,0.013629300155771651,0.026827707546722795,0.020285006732268993,0.012636372442301579,2.2085371801386238e-05,2.2155567417061406e-05,3.6197978650410506e-05,0,normal,-1
344.0,2.2e-05,1.4e-05,0.027479036294164528,0.020574336951083103,0.013626498424771438,0.028029844688881773,0.02176423359348292,0.013323668587055535,2.2083766073759413e-05,2.215264613517865e-05,3.619425790868873e-05,0,normal,-1
345.0,2.2e-05,1.4e-05,0.027473504336317234,0.020569788645840095,0.013623750150425619,0.027190289348287086,0.020271938736780525,0.013017723431960122,2.2082192976463666e-05,2.2149776319595536e-05,3.619060778657383e-05,0,normal,-1
346.0,2.2e-05,1.4e-05,0.027468076674981176,0.020565325069102386,0.013621054068424485,0.027390216171737914,0.02117443390792725,0.01276005220849823,2.2080651064369245e-05,2.2146958015038577e-05,3.6187026625991164e-05,0,normal,-1
347.0,2.2e-05,1.4e-05,0.027462751042893075,0.020560945346773784,0.01361840868788962,0.027904438098658974,0.0208429081018376,0.01350562681382575,2.2079138115612612e-05,2.2144192224831915e-05,3.618351246681743e-05,0,normal,-1
348.0,2.2e-05,1.4e-05,0.027457525353402075,0.02055664831622529,0.013615812768438032,0.027087697179049623,0.020081083614711833,0.01313932383591935,2.2077652658058347e-05,2.214147909267377e-05,3.618006368059757e-05,0,normal,-1
349.0,2.2e-05,1.4e-05,0.027452397629922846,0.020552432672571883,0.013613265210090162,0.02761005397013928,0.020821550117146186,0.014198804619906722,2.2076193622715246e-05,2.2138818311057364e-05,3.61766788244533e-05,0,normal,-1
350.0,2.2e-05,1.4e-05,0.027447366005935593,0.020548296968672528,0.013610765053269903,0.02760109811363427,0.02040010179911346,0.014152859576590257,2.2074760343885156e-05,2.2136209121001687e-05,3.617335664119743e-05,0,normal,-1
351.0,2.2e-05,1.4e-05,0.02744242872498603,0.020544239615130168,0.013608311478804586,0.028038061766515847,0.02008705443755395,0.013946591659176912,2.2073352559304156e-05,2.213365031179784e-05,3.617009605944274e-05,0,normal,-1
352.0,2.2e-05,1.4e-05,0.02743758414068541,0.020540258880291724,0.013605903807924986,0.028120912734079323,0.02140838404009121,0.013373374603734082,2.2071970410276623e-05,2.2131140220770537e-05,3.616689619370582e-05,0,normal,-1
353.0,2.2e-05,1.4e-05,0.027432830716710505,0.020536352890248098,0.013603541502265318,0.02837233790902228,0.020067819710944353,0.014214033144636762,2.2070614441802312e-05,2.212867673305387e-05,3.6163756344505797e-05,0,normal,-1
354.0,2.2e-05,1.4e-05,0.02742816702680361,0.02053251962883417,0.013601224163863244,0.027580102109424746,0.02054983293552241,0.01264520288599732,2.2069285602696286e-05,2.2126257281380114e-05,3.616067599845839e-05,0,normal,-1
355.0,2.2e-05,1.4e-05,0.027423591587577126,0.020528757299215356,0.013598951268373438,0.0276279524279608,0.021027898024146372,0.01438731550747532,2.206798439947719e-05,2.21238798489421e-05,3.6157654473691814e-05,0,normal,-1
356.0,2.2e-05,1.4e-05,0.027419102385102433,0.020525065364189386,0.013596721403320335,0.027134805449579205,0.02032357632315394,0.01374775575237424,2.2066708473651668e-05,2.2121545846619824e-05,3.615468990701497e-05,0,normal,-1
357.0,2.2e-05,1.4e-05,0.027414697571203423,0.020521443030364718,0.013594533382859434,0.02703125666149783,0.02092198602871303,0.013531653279585224,2.2065456141410708e-05,2.2119255914758826e-05,3.6151780735689084e-05,0,normal,-1
358.0,2.2e-05,1.4e-05,0.027410375416387484,0.020517889328150615,0.013592386180993142,0.02674979044679702,0.020587705961482197,0.013679971185019011,2.2064226190472813e-05,2.2117010157117228e-05,3.614892560876905e-05,0,normal,-1
359.0,2.2e-05,1.4e-05,0.027406134295158667,0.020514403143005292,0.013590278908332483,0.027292992555118967,0.020115439550825523,0.01381789777856289,2.2063017806703078e-05,2.2114808227597406e-05,3.6146123356305696e-05,0,normal,-1
360.0,2.2e-05,1.4e-05,0.02740197268601766,0.020510983215435884,0.013588210812097106,0.027480173881839827,0.021481707699636764,0.01384319481401332,2.206183057423232e-05,2.2112649330024307e-05,3.6143372989434616e-05,0,normal,-1
361.0,2.2e-05,1.4e-05,0.027397889171461805,0.020507628140998487,0.013586181276115284,0.027407997693524564,0.020987568047065343,0.013674340793416973,2.20606644755702e-05,2.2110532217937005e-05,3.6140673700460696e-05,0,normal,-1
362.0,2.2e-05,1.4e-05,0.0273938824379851,0.020504336370298117,0.013584189820823912,0.027680543498984744,0.02132556472704023,0.014263524900408364,2.205951989171267e-05,2.210845519439253e-05,3.613802486293862e-05,0,normal,-1
363.0,2.2e-05,1.4e-05,0.02738995127607819,0.020501106208988738,0.013582236103268513,0.02671185329469778,0.020982464502562106,0.013808754148087068,2.205839760224351e-05,2.210641611178146e-05,3.613542603174935e-05,0,normal,-1
364.0,2.2e-05,1.4e-05,0.02738609457693042,0.020497935824873876,0.013580319911850176,0.028252396645020553,0.02059334043977526,0.013637909510920415,2.2057298768780775e-05,2.2104412391391225e-05,3.613287693618448e-05,0,normal,-1
365.0,2.2e-05,1.4e-05,0.027382310894897458,0.02049482419872151,0.013578440466042008,0.02753586546167358,0.020407609843045897,0.012785925037533119,2.2056222712066986e-05,2.210244366142845e-05,3.613037654833321e-05,0,normal,-1
366.0,2.2e-05,1.4e-05,0.02737859850699763,0.020491771010405006,0.013576596505637006,0.02792520034583309,0.0197520858650206,0.01287228574571929,2.2055167189104014e-05,2.210051143346627e-05,3.612792320157541e-05,0,normal,-1
367.0,2.2e-05,1.4e-05,0.027374955884129235,0.020488775594356815,0.01357478705273734,0.027547579648309155,0.020302337224185344,0.013389561052432693,2.2054130820034726e-05,2.20986162162174e-05,3.612551560429363e-05,0,normal,-1
368.0,2.2e-05,1.4e-05,0.027371381596201262,0.020485837137457018,0.01357301126307812,0.026933124180996068,0.02082019192465619,0.01355877468871539,2.205311261953794e-05,2.2096758068982207e-05,3.6123152642174026e-05,0,normal,-1
369.0,2.2e-05,1.4e-05,0.027367874312133365,0.020482954679033345,0.013571268426027404,0.027204941669105517,0.02021286700940985,0.013451985012994761,2.205211199692947e-05,2.2094936601454995e-05,3.612083337827939e-05,0,normal,-1
370.0,2.2e-05,1.4e-05,0.02736443279985587,0.020480127110861165,0.0135695579645862,0.025715292117105975,0.020247931547861687,0.013442393352102481,2.2051128756258127e-05,2.2093150973541398e-05,3.611855705311867e-05,0,normal,-1
371.0,2.2e-05,1.4e-05,0.02736105592630977,0.020477353177163492,0.013567879435388463,0.027467981775828196,0.02077459538130475,0.014110066801945678,2.2050163096396815e-05,2.2091399895186676e-05,3.611632308471304e-05,0,normal,-1
372.0,2.2e-05,1.4e-05,0.027357742657446747,0.020474631474610986,0.013566232528701089,0.027323089627502118,0.02076569852922054,0.014219025061169345,2.2049215611129016e-05,2.2089681626214257e-05,3.611413106865878e-05,0,normal,-1
373.0,2.2e-05,1.4e-05,0.027354492058229138,0.020471960452321934,0.013564617068423926,0.027960999314132193,0.01973920043015769,0.013159516585416706,2.2048287289230375e-05,2.2087993976173667e-05,3.611198077818689e-05,0,normal,-1
374.0,2.2e-05,1.4e-05,0.027351303178307505,0.020469338662841233,0.013563032828062184,0.02647332305466593,0.020002152328625764,0.01259134812844779,2.2047378929396884e-05,2.20863349997711e-05,3.61098719192445e-05,0,normal,-1
375.0,2.2e-05,1.4e-05,0.027348174381673227,0.020466766231453572,0.013561478452516594,0.027308881755132134,0.019983074972480856,0.013880592932680302,2.2046487712701874e-05,2.2084707070773585e-05,3.610780269509681e-05,0,normal,-1
376.0,2.2e-05,1.4e-05,0.027345104452665626,0.020464242423549828,0.01355995324012926,0.027192400674912628,0.019851604558319882,0.013037604525794833,2.2045612870603235e-05,2.2083110143350768e-05,3.6105772178414174e-05,0,normal,-1
377.0,2.2e-05,1.4e-05,0.027342092306151113,0.020461766281271786,0.013558456676009667,0.02671049859316456,0.020883757508421173,0.013070695543162768,2.204475420115354e-05,2.208154351577068e-05,3.610377969019612e-05,0,normal,-1
378.0,2.2e-05,1.4e-05,0.027339136871521803,0.020459336877103558,0.013556988245699364,0.026605057076935824,0.02075319828265363,0.013289568249434294,2.2043911476998572e-05,2.2080006533815632e-05,3.610182455174594e-05,0,normal,-1
379.0,2.2e-05,1.4e-05,0.027336237093754923,0.020456953310595067,0.01355554743722752,0.026748483982097372,0.021049529411136678,0.014350338292260323,2.20430844523208e-05,2.207849858227902e-05,3.609990608741496e-05,0,normal,-1
380.0,2.2e-05,1.4e-05,0.02733339193459676,0.020454614704457256,0.013554133743497931,0.02782533578976844,0.02004634889918154,0.014257725691864597,2.204227287099072e-05,2.207701907492221e-05,3.609802362778888e-05,0,normal,-1
381.0,2.2e-05,1.4e-05,0.02733060037345892,0.02045232020147527,0.013552746664144211,0.027823247896769807,0.02009256995067539,0.013736581302488969,2.2041476472948656e-05,2.2075567446585994e-05,3.6096176512166714e-05,0,normal,-1
382.0,2.2e-05,1.4e-05,0.027327861406733954,0.020450068965255832,0.01355138570470693,0.026607888401230115,0.01974535316379104,0.013434080044441622,2.2040694991911727e-05,2.2074143155717053e-05,3.609436408747375e-05,0,normal,-1
383.0,2.2e-05,1.4e-05,0.027323274921312757,0.020162438787245225,0.013548134946931,0.027239909067927965,0.021248902836086814,0.014259589248729953,2.2489646013698344e-05,2.1614381990912307e-05,3.609003460136957e-05,1,proc_leak2,0
384.0,2.2e-05,1.4e-05,0.027192339716214264,0.018190173917404413,0.013409063697093592,0.027429033777097635,0.0181744837712242,0.013815020973646452,2.521588734709801e-05,1.8376598626541148e-05,3.590432516718819e-05,1,proc_leak2,0
385.0,2.2e-05,1.4e-05,0.026916921200876524,0.016658370385660905,0.013098865272930396,0.02707975114838894,0.016062841891760295,0.012539572576586956,2.691806013033461e-05,1.5856070292552983e-05,3.548659901440236e-05,1,proc_leak2,0
386.0,2.2e-05,1.4e-05,0.02655021615981811,0.015448871678577754,0.012676503255093952,0.02579097749786886,0.014644666612120886,0.013347477758495999,2.8001967134452694e-05,1.399349586370425e-05,3.490979332419805e-05,1,proc_leak2,0
387.0,2.2e-05,1.4e-05,0.026125425620226846,0.014472911089908839,0.01219140050697097,0.0258245884350404,0.014112930609911636,0.011892252440001633,2.868868080455115e-05,1.2694394648586735e-05,3.423531600466359e-05,1,proc_leak2,0
388.0,2.2e-05,1.4e-05,0.02566418607284034,0.0136643607990271,0.011681855774831733,0.02494631827427669,0.013326736813539252,0.011437665253435392,2.9113083978513455e-05,1.1833355182236658e-05,3.3512240308292925e-05,1,proc_leak2,0
389.0,2.2e-05,1.4e-05,0.025180915736573037,0.012975911750851072,0.011174629937834954,0.02568912127618356,0.013159304542888786,0.011083582642124088,2.9360923717068472e-05,1.1279545071364998e-05,3.277661625249893e-05,1,proc_leak2,0
390.0,2.2e-05,1.4e-05,0.024685416538077792,0.012375193317832022,0.010686320020351893,0.025983069432713276,0.013036572528815783,0.010602925815929436,2.948721225366005e-05,1.092192742823429e-05,3.205247937549591e-05,1,proc_leak2,0
391.0,2.2e-05,1.4e-05,0.024184524522704986,0.011840701309378787,0.010225853880874653,0.024159589028376054,0.011886969237247169,0.009650258323922807,2.9527426592977184e-05,1.0679883125301698e-05,3.135431613669045e-05,1,proc_leak2,0
392.0,2.2e-05,1.4e-05,0.023683151324254588,0.011358261754250127,0.009797033679130651,0.022610310104518683,0.011504177774202706,0.010792074467218268,2.9504772497149592e-05,1.0501079058927175e-05,3.068985538975807e-05,1,proc_leak2,0
393.0,2.2e-05,1.4e-05,0.02318493513387128,0.01091838714249208,0.009400556110209986,0.02359421659446063,0.010755103559180792,0.00859963026865123,2.943485718883473e-05,1.0354102639637532e-05,3.0062446063541933e-05,1,proc_leak2,0
394.0,2.2e-05,1.4e-05,0.022692642856615153,0.010514508680276285,0.00903538879939075,0.023471060873522267,0.011149150396805172,0.008987474146842252,2.9328586279314025e-05,1.0221213011512242e-05,2.9472770626390522e-05,1,proc_leak2,0
395.0,2.2e-05,1.4e-05,0.022208420055290768,0.010141867488312273,0.008699628379939619,0.022947756176572756,0.010262568092619773,0.007988211091633265,2.919391616263267e-05,1.0092979376902408e-05,2.891997360286892e-05,1,proc_leak2,0
396.0,2.2e-05,1.4e-05,0.021733949563462085,0.009796842068174931,0.00839100602039231,0.021816269731228972,0.00966292252360486,0.009019168128203008,2.903690370213605e-05,9.964788594194162e-06,2.8402368506666412e-05,1,proc_leak2,0
397.0,2.2e-05,1.4e-05,0.021270555508086344,0.009476546543679376,0.008107171894278564,0.021535463093911883,0.010796816530095163,0.00788803274197148,2.8862336031132216e-05,9.83471759820678e-06,2.791786688792954e-05,1,proc_leak2,0
398.0,2.2e-05,1.4e-05,0.02081927441990007,0.009178591499870629,0.007845847000843101,0.020866701132941836,0.00879313326499355,0.00803121959727447,2.8674112296765515e-05,9.702288877131642e-06,2.7464231993031485e-05,1,proc_leak2,0
399.0,2.2e-05,1.4e-05,0.02038090514682194,0.008900943454215725,0.007604897018702574,0.020741183065927177,0.009221088307184997,0.007278172565475214,2.8475474610130067e-05,9.56777674452978e-06,2.7039223169019265e-05,1,proc_leak2,0
400.0,2.2e-05,1.4e-05,0.019956047840660556,0.0086418332327283,0.0073823662816674095,0.0204267549889439,0.008248298552471662,0.007076047651959525,2.826916352118455e-05,9.431790375497794e-06,2.664068185289073e-05,1,proc_leak2,0
401.0,2.2e-05,1.4e-05,0.019545134954798912,0.0083996983569124,0.0071764850493797406,0.019168346172809814,0.008402973001756128,0.006905468522394854,2.8057520877331985e-05,9.295052573151309e-06,2.626657418997136e-05,1,proc_leak2,0
402.0,2.2e-05,1.4e-05,0.019148452274841722,0.008173154643611446,0.006985662887064383,0.01885519832784025,0.0077476758894944936,0.006905697297863223,2.7842543387576087e-05,9.158325051472683e-06,2.5915008366516025e-05,1,proc_leak2,0
403.0,2.2e-05,1.4e-05,0.018766164616780944,0.007960956100063124,0.006808480314742148,0.018595329880078705,0.008537821090457648,0.006988167367903576,2.7625956778957234e-05,9.022287385624071e-06,2.5584246725254208e-05,1,proc_leak2,0
404.0,2.2e-05,1.4e-05,0.018398327769239053,0.007761990816155564,0.0066436712797317155,0.018283177996161533,0.00764747964030049,0.0066556381938324876,2.7409227491306522e-05,8.887583782822488e-06,2.5272698104690915e-05,1,proc_leak2,0
405.0,2.2e-05,1.4e-05,0.01804490907083046,0.007575250589231848,0.006490111668054731,0.01814077438711711,0.007683524819319656,0.00594564849567318,2.7193619065366663e-05,8.75474341603351e-06,2.497891822204168e-05,1,proc_leak2,0
406.0,2.2e-05,1.4e-05,0.017705796558995294,0.007399830770494658,0.006346801230643845,0.018265126116231104,0.00804549050930511,0.007022004770197463,2.6980195988416708e-05,8.624243877508487e-06,2.4701594618802204e-05,1,proc_leak2,0
407.0,2.2e-05,1.4e-05,0.017380814010231695,0.007234909416454146,0.006212852610274152,0.01672752898549097,0.007909922862630505,0.006192957788732794,2.676986240658879e-05,8.496464931611576e-06,2.443954222661579e-05,1,proc_leak2,0
408.0,2.2e-05,1.4e-05,0.01706972942663556,0.007079744182038582,0.00608747651689441,0.0175289824454938,0.007304041826229271,0.005889166501999914,2.6563370226617968e-05,8.371729195600105e-06,2.4191689014642917e-05,1,proc_leak2,0
409.0,2.2e-05,1.4e-05,0.016772265249559885,0.006933661079644883,0.0059699705313985465,0.016673759686571723,0.00644322727653251,0.006043183123951284,2.6361340818126766e-05,8.250296407022918e-06,2.3957066325983935e-05,1,proc_leak2,0
410.0,2.2e-05,1.4e-05,0.016488106730765298,0.006796045572875455,0.0058597102166189265,0.015055046519753108,0.005867874197774298,0.005895487090031408,2.6164282212666856e-05,8.13235752307479e-06,2.3734801891006176e-05,1,proc_leak2,0
411.0,2.2e-05,1.4e-05,0.016216908119025254,0.0066663414572192894,0.0057561355610953055,0.01601755339229957,0.006554805073473364,0.005908959106529402,2.5972593718315442e-05,8.018083490150825e-06,2.3524101695337495e-05,1,proc_leak2,0
412.0,2.2e-05,1.4e-05,0.015958301003344128,0.006544034967760814,0.005658749678954507,0.015821857791105252,0.006160218333721647,0.005722321211681851,2.578659416490128e-05,7.907557810030041e-06,2.3324255114265242e-05,1,proc_leak2,0
413.0,2.2e-05,1.4e-05,0.01571189732126737,0.006428663314492072,0.0055671015029578165,0.015986002382953616,0.006716248317173251,0.006023570696414993,2.5606510585524004e-05,7.800886736281175e-06,2.3134606205668568e-05,1,proc_leak2,0
414.0,2.2e-05,1.4e-05,0.015477297445243423,0.006319792614743162,0.00548079196820617,0.01577207715028685,0.005581756602527485,0.005209153883999461,2.5432516218178148e-05,7.698070775603509e-06,2.2954572055244348e-05,1,proc_leak2,0
415.0,2.2e-05,1.4e-05,0.015254090982316058,0.006217033690569412,0.00539945342482465,0.015250908199511025,0.006556585303357463,0.005358747588482811,2.5264707214425603e-05,7.5991663575739705e-06,2.2783604924502012e-05,1,proc_leak2,0
416.0,2.2e-05,1.4e-05,0.015041864147389328,0.00612001674485307,0.005322761135514139,0.014634642098169295,0.005137657819039887,0.005402963728629873,2.5103145733870508e-05,7.50411608377878e-06,2.262122034829373e-05,1,proc_leak2,0
417.0,2.2e-05,1.4e-05,0.014840199377770747,0.006028410233396489,0.005250411831607493,0.015316582953601025,0.0060108135445700196,0.0054802885617483785,2.4947831385622327e-05,7.4129335026803246e-06,2.2466955571841088e-05,1,proc_leak2,0
418.0,2.2e-05,1.4e-05,0.01464868146902262,0.005941896560592069,0.005182136833952499,0.01431011628893234,0.006591111802123101,0.006228940822917297,2.4798742541755353e-05,7.32552721734116e-06,2.2320400331143825e-05,1,proc_leak2,0
419.0,2.2e-05,1.4e-05,0.014466896898585732,0.005860189349473433,0.005117683063781903,0.01387267321948261,0.005836116588517494,0.00516285467551516,2.4655810017294098e-05,7.241871579292478e-06,2.2181158995549907e-05,1,proc_leak2,0
420.0,2.2e-05,1.4e-05,0.014294438390196082,0.005783013856063208,0.005056824274567805,0.013973692143438661,0.005758833423645943,0.004806721131025314,2.451895058306683e-05,7.161858873238381e-06,2.2048876889955182e-05,1,proc_leak2,0
421.0,2.2e-05,1.4e-05,0.014130904451073668,0.005710119714620351,0.00499934670846236,0.013861602278213743,0.006477323428836459,0.00533168746330711,2.4388047636192006e-05,7.085430048412816e-06,2.192321130350557e-05,1,proc_leak2,0
422.0,2.2e-05,1.4e-05,0.013975902398473622,0.005641267488768914,0.004945056709829126,0.013918846125277579,0.0046571461760345784,0.005595797944325071,2.4262974527915223e-05,7.012471728148011e-06,2.1803849705259676e-05,1,proc_leak2,0
423.0,2.2e-05,1.4e-05,0.013829048234392873,0.005576236232140259,0.004893771488441868,0.013605071520283694,0.00562710199645636,0.004651339194353985,2.4143583357552926e-05,6.942899234246796e-06,2.1690491081481406e-05,1,proc_leak2,0
424.0,2.2e-05,1.4e-05,0.013689968408911651,0.005514815717103156,0.004845323001683231,0.013507782893123715,0.006328629435816102,0.005094968323762588,2.402971878586634e-05,6.876598685072447e-06,2.1582855759510198e-05,1,proc_leak2,0
425.0,2.2e-05,1.4e-05,0.013558299940726357,0.005456809698910192,0.004799553004077939,0.013929111874369744,0.0050212743842562016,0.004697588946024878,2.3921213572056904e-05,6.813468637147431e-06,2.1480675657577556e-05,1,proc_leak2,0
426.0,2.2e-05,1.4e-05,0.013433691289444116,0.005402032232954779,0.00475631417548958,0.013831941664398025,0.005546694973099519,0.005597726571177668,2.3817895425036085e-05,6.7533960223640045e-06,2.1383697814064275e-05,1,proc_leak2,0
427.0,2.2e-05,1.4e-05,0.01331580253572759,0.005350308390147671,0.004715467870009119,0.0135822287924,0.00562154447443178,0.005003559469859331,2.3719586473853227e-05,6.696271770054306e-06,2.1291680302102432e-05,1,proc_leak2,0
428.0,2.2e-05,1.4e-05,0.013204305749970545,0.005301472511217909,0.004676884089810352,0.013049583456264556,0.005494365577546892,0.0043147453495831056,2.362610668983733e-05,6.641982338192308e-06,2.120439300301208e-05,1,proc_leak2,0
429.0,2.2e-05,1.4e-05,0.013098885011609874,0.0052553685445608485,0.0046404399466224025,0.012765256306229968,0.005458758726110046,0.00454968298785881,2.3537273739764483e-05,6.590420072316204e-06,2.112161489063714e-05,1,proc_leak2,0
430.0,2.2e-05,1.4e-05,0.012999236646087013,0.0052118478192016374,0.004606020426571497,0.012883349671220559,0.005996591765078453,0.004615723594543916,2.3452907018546077e-05,6.541467755500451e-06,2.104313645276603e-05,1,proc_leak2,0
431.0,2.2e-05,1.4e-05,0.012905068849857154,0.005170771402125398,0.0045735153599656695,0.012831721419039797,0.004417258754692997,0.005281261820275765,2.337282390572841e-05,6.495028003775347e-06,2.0968753412551246e-05,1,proc_leak2,0
432.0,2.2e-05,1.4e-05,0.01281610214350368,0.0051320048485809415,0.004542823113954771,0.013236825684248516,0.005564633769614773,0.004340726880847883,2.329684871683256e-05,6.4509754518301886e-06,2.0898275731011488e-05,1,proc_leak2,0
433.0,2.2e-05,1.4e-05,0.012732068374746029,0.00509542501161978,0.004513843827140343,0.012591959469381757,0.005801856375591852,0.0044818496371667,2.322480126985661e-05,6.409231016444294e-06,2.0831512615593193e-05,1,proc_leak2,0
434.0,2.2e-05,1.4e-05,0.012652711681148008,0.005060909439199859,0.0044864880390742745,0.012050350100464964,0.005701796306820695,0.004972130158725217,2.315651476265981e-05,6.369657159821893e-06,2.0768292830671534e-05,1,proc_leak2,0
435.0,2.2e-05,1.4e-05,0.012577786715673738,0.005028349479111307,0.004460664468143338,0.012159149416353408,0.005001739950413949,0.003630414331300017,2.3091813503769634e-05,6.3321976986422e-06,2.070843694339011e-05,1,proc_leak2,0
436.0,2.2e-05,1.4e-05,0.012507060251495165,0.004997633261029101,0.0044362945021098775,0.013389152967203461,0.005023522167598874,0.005127661258678372,2.303054161739578e-05,6.296703837721969e-06,2.0651791226037498e-05,1,proc_leak2,0
437.0,2.2e-05,1.4e-05,0.012440308723934552,0.004968664650279152,0.004413294836741461,0.011973978328547451,0.0046603000702969315,0.0060619875092539095,2.297253064445509e-05,6.263136647862172e-06,2.0598187760447535e-05,1,proc_leak2,0
438.0,2.2e-05,1.4e-05,0.012377320175312592,0.004941342620902678,0.004391595325745678,0.011745421770527396,0.0051990326049975895,0.0045366906505607835,2.2917634402858447e-05,6.231352257056989e-06,2.0547486255660033e-05,1,proc_leak2,0
439.0,2.2e-05,1.4e-05,0.01231789179330874,0.004915580214719036,0.004371121637536785,0.012172057041535327,0.004928613880833259,0.004648042462036133,2.2865696390421788e-05,6.201306170762476e-06,2.049953394566597e-05,1,proc_leak2,0
440.0,2.2e-05,1.4e-05,0.012261831273078807,0.004891288782270052,0.004351808882341036,0.01314236381230734,0.004733256023608014,0.004878849138079693,2.281657636918396e-05,6.172887840531876e-06,2.0454197670172803e-05,1,proc_leak2,0
441.0,2.2e-05,1.4e-05,0.012208955459713665,0.0048683869503561095,0.004333593204495126,0.01225717583542839,0.0044765033540331,0.004410189627314142,2.2770134715300717e-05,6.146019187868925e-06,2.0411344480306837e-05,1,proc_leak2,0
442.0,2.2e-05,1.4e-05,0.012159090115218383,0.0048467993475263685,0.0043164125550239855,0.0123054144124067,0.0047567242256660956,0.004312423570539812,2.2726234212988795e-05,6.120643751112159e-06,2.037084363041688e-05,1,proc_leak2,0
443.0,2.2e-05,1.4e-05,0.012112070390286332,0.004826448640032519,0.004300213441101336,0.01132378903219774,0.005953703726552623,0.00413754521850455,2.268475337013668e-05,6.096642073380011e-06,2.0332582713482323e-05,1,proc_leak2,0
444.0,2.2e-05,1.4e-05,0.012067738869656962,0.004807270402912632,0.004284937307775029,0.011318325647829048,0.004381865141253075,0.004754860236920409,2.264556046431807e-05,6.073996310153566e-06,2.0296435718984646e-05,1,proc_leak2,0
445.0,2.2e-05,1.4e-05,0.01202594715276309,0.004789194727842481,0.004270536660794908,0.012024761792386943,0.004111806850470947,0.0037955701587765347,2.2608544784593997e-05,6.052590899086455e-06,2.026230128824218e-05,1,proc_leak2,0
446.0,2.2e-05,1.4e-05,0.011986553856596714,0.00477216166777647,0.004256960945155329,0.011757748068521666,0.0047552133846149305,0.004292440343455851,2.2573589636580876e-05,6.032384059406069e-06,2.0230069484441795e-05,1,proc_leak2,0
447.0,2.2e-05,1.4e-05,0.011949425094455212,0.004756113369116667,0.004244163303585959,0.012144255539818502,0.004174265419761777,0.0046451953679894275,2.254058548006489e-05,6.013323293201936e-06,2.019963790962964e-05,1,proc_leak2,0
448.0,2.2e-05,1.4e-05,0.011914434505818073,0.004740990416073148,0.004232103568603456,0.011363196725992042,0.003594898993496626,0.004458202346977093,2.2509435864696024e-05,5.9953061481862014e-06,2.017091898943623e-05,1,proc_leak2,0
449.0,2.2e-05,1.4e-05,0.011881461550227977,0.004726745007682573,0.004220736204068807,0.012407986052689016,0.0044676441852724265,0.004137188806597133,2.2480034226688065e-05,5.978328680897994e-06,2.014381138679488e-05,1,proc_leak2,0
450.0,2.2e-05,1.4e-05,0.01185039289109971,0.004713324463789451,0.004210024826726418,0.012529129787930603,0.004244872945875387,0.003777540998237879,2.2452292024596915e-05,5.9623032432975225e-06,2.011823468378437e-05,1,proc_leak2,0
451.0,2.2e-05,1.4e-05,0.01182359129090295,0.004922390818487204,0.004208359381027108,0.011050138644390643,0.004849953489574175,0.004334587261275239,2.2078170027601225e-05,7.101652518300333e-06,2.01142549992085e-05,0,normal,-1
452.0,2.2e-05,1.4e-05,0.011865242837690604,0.005765112237466395,0.004372135736908147,0.011987811600643954,0.005655871955675269,0.004258554612599209,2.075727401551168e-05,9.91910863875531e-06,2.050191175170929e-05,0,normal,-1
453.0,2.2e-05,1.4e-05,0.011980456106072157,0.006407781145776963,0.004628223913762359,0.011840844307051483,0.006702233879440199,0.004225397495846737,1.983958612964419e-05,1.1211319566030374e-05,2.1093795073937876e-05,0,normal,-1
454.0,2.2e-05,1.4e-05,0.012147360058604199,0.006933254035257721,0.0049086003730165455,0.012868663267600196,0.006204930426777058,0.0042755244418055185,1.919069401144754e-05,1.1958483911910353e-05,2.1723328995829913e-05,0,normal,-1
455.0,2.2e-05,1.4e-05,0.012350778207715539,0.007381928765307378,0.005187786515821853,0.012463692900988282,0.007171058824819768,0.004465697693160921,1.8733920407009667e-05,1.2448962019608765e-05,2.2332564117406703e-05,0,normal,-1
456.0,2.2e-05,1.4e-05,0.01257972773039261,0.007777279107747464,0.005455440149113595,0.013056353695096955,0.007503666216119277,0.0051275430241175465,1.841756094369371e-05,1.2806097349552963e-05,2.290142146364463e-05,0,normal,-1
457.0,2.2e-05,1.4e-05,0.012826141739631008,0.00813401109885879,0.005707824301549812,0.012788006594469284,0.007900147875413328,0.005203282050802473,1.8204795286380547e-05,1.3090699976224635e-05,2.34251747635401e-05,0,normal,-1
458.0,2.2e-05,1.4e-05,0.01308405350746419,0.008461750729149117,0.0059442546917740655,0.013241148101683258,0.00916959930967918,0.0058331616020570205,1.8068826465433505e-05,1.3334758344712311e-05,2.3905412725108412e-05,0,normal,-1
459.0,2.2e-05,1.4e-05,0.013349033096653976,0.008766996511670963,0.006165438305301411,0.0144154464606257,0.00953119589522624,0.0058002657277869685,1.79899529757729e-05,1.355556192978713e-05,2.4346106624983535e-05,0,normal,-1
460.0,2.2e-05,1.4e-05,0.01361778427924794,0.009054250051503596,0.00637265354385958,0.014655964760030584,0.009098819374094272,0.006145347069529535,1.7953594335787988e-05,1.3762504297107857e-05,2.475185177718169e-05,0,normal,-1
461.0,2.2e-05,1.4e-05,0.013887852186028544,0.009326704278058255,0.006567341958254982,0.01303963510332394,0.00949967150142484,0.006083795224288229,1.7948899660863824e-05,1.3960633200981421e-05,2.51270993388158e-05,0,normal,-1
462.0,2.2e-05,1.4e-05,0.014157409552458046,0.00958667622684389,0.006750910614784396,0.014348031402469305,0.009889603858724564,0.0074140262724662264,1.796774989404013e-05,1.4152589752797407e-05,2.5475852187594088e-05,0,normal,-1
463.0,2.2e-05,1.4e-05,0.01442509928688991,0.009835885708817004,0.00692464447092382,0.014545743876571262,0.010194676799919462,0.006397372547168614,1.800403658756684e-05,1.4339692852877687e-05,2.580157883048389e-05,0,normal,-1
464.0,2.2e-05,1.4e-05,0.014689920132544278,0.010075634413838448,0.0070896772001066595,0.014153027663138059,0.010490066425378626,0.007673679377768961,1.805315010970745e-05,1.4522538687168427e-05,2.6107228628559067e-05,0,normal,-1
465.0,2.2e-05,1.4e-05,0.014951139423953179,0.010306929656768412,0.007246987337552959,0.01456713620011403,0.009721442867238342,0.007333660979662633,1.811159364263108e-05,1.4701355239937093e-05,2.6395281181636738e-05,0,normal,-1
466.0,2.2e-05,1.4e-05,0.015208226766479992,0.010530568541900145,0.007397410354599096,0.015300695824036578,0.01078095382173886,0.008018248586918277,1.817669815226417e-05,1.4876196727841687e-05,2.6667812746276134e-05,0,normal,-1
467.0,2.2e-05,1.4e-05,0.015460810336559404,0.01074718817916691,0.007541655621257843,0.0159388117372917,0.011191268497802867,0.006774443766016234,1.8246439658764847e-05,1.5047032120329683e-05,2.692656101540794e-05,0,normal,-1
468.0,2.2e-05,1.4e-05,0.01570863345913234,0.010957313919097472,0.007680324016886443,0.015970189997581073,0.010179103040872333,0.008103702731014404,1.8319257674691485e-05,1.5213821044463792e-05,2.7172982727986064e-05,0,normal,-1
469.0,2.2e-05,1.4e-05,0.015951534026390952,0.011161379143897856,0.007813923213920479,0.015742166782326483,0.011094846193085274,0.0077007481885520805,1.8393972373042543e-05,1.5376524550305966e-05,2.7408300748858678e-05,0,normal,-1
470.0,2.2e-05,1.4e-05,0.016189415656320722,0.011359752761376045,0.007942886516820765,0.015658832900992053,0.01042585937667426,0.007565725865470554,1.8469671074378462e-05,1.55351246079788e-05,2.7633552503326725e-05,0,normal,-1
471.0,2.2e-05,1.4e-05,0.016422237981190895,0.01155274933858269,0.008067579717256131,0.015375592421716362,0.010521075336671255,0.007586827029683229,1.8545665849591453e-05,1.5689630355541763e-05,2.78496136213336e-05,0,normal,-1
472.0,2.2e-05,1.4e-05,0.01664999908042401,0.011740642618153751,0.008188318541852108,0.017420004480891167,0.011545275931351547,0.007688525366676062,1.8621430279199095e-05,1.584006799724476e-05,2.805723735467514e-05,0,normal,-1
473.0,2.2e-05,1.4e-05,0.016872728012940083,0.011923672647055473,0.008305374630366985,0.016594355076600995,0.012339595403625754,0.008611060842074905,1.8696568631788074e-05,1.5986482587321744e-05,2.8257071791221064e-05,0,normal,-1
474.0,2.2e-05,1.4e-05,0.0170904772501511,0.01210205456905462,0.008418979490772785,0.016660761684258715,0.01268747690594878,0.008599670646086445,1.8770782370780572e-05,1.61289478556167e-05,2.8449672235087597e-05,0,normal,-1
475.0,2.2e-05,1.4e-05,0.0173033158511924,0.012275978494930237,0.008529340748095521,0.017472129444694045,0.012345554692029356,0.008558028852753351,1.8843855554198805e-05,1.626752953998946e-05,2.8635533185893487e-05,0,normal,-1
476.0,2.2e-05,1.4e-05,0.017511325597045706,0.012445619334108617,0.00863663581991853,0.01746837787237394,0.011847184435877818,0.009114276536840094,1.891562752762309e-05,1.640232067648582e-05,2.8815081024618477e-05,0,normal,-1
477.0,2.2e-05,1.4e-05,0.017714596948405777,0.012611137111294317,0.008741021819913724,0.01770626785074924,0.013041605241313314,0.008765231198099214,1.898598365149556e-05,1.6533420192470586e-05,2.8988693584272912e-05,0,normal,-1
478.0,2.2e-05,1.4e-05,0.017913227421910302,0.01277267529539969,0.008842642957744385,0.01824181215763616,0.012450736663148767,0.008587488222772326,1.9054854441839687e-05,1.666091366261975e-05,2.9156714641255962e-05,0,normal,-1
479.0,2.2e-05,1.4e-05,0.018107317472429225,0.012930371786717666,0.008941622550306675,0.01786420865426678,0.01288730502975636,0.008905591221644815,1.912218679108587e-05,1.6784913942769593e-05,2.931944250393215e-05,0,normal,-1
480.0,2.2e-05,1.4e-05,0.018296970413594838,0.013084353066047544,0.0090380743971615,0.017768125161888897,0.012994817452454219,0.008135264974731195,1.9187954254999683e-05,1.6905524391179322e-05,2.9477150411705544e-05,0,normal,-1
481.0,2.2e-05,1.4e-05,0.01848229166424021,0.01323473456272457,0.009132104700225881,0.01841102194816131,0.013833211085176144,0.009108287059068416,1.925215450785321e-05,1.7022836204581402e-05,2.9630090814412227e-05,0,normal,-1
482.0,2.2e-05,1.4e-05,0.018663385043980203,0.01338163039764699,0.009223804943946588,0.018696178040229283,0.014102089893839504,0.008505534988031704,1.9314784342047608e-05,1.7136963775586583e-05,2.9778484845625323e-05,0,normal,-1
483.0,2.2e-05,1.4e-05,0.0188403546836629,0.013525145585540622,0.009313262095519722,0.018296137757306298,0.013782367445171905,0.009414229725977524,1.937585737505757e-05,1.724800726655564e-05,2.992253985441535e-05,0,normal,-1
484.0,2.2e-05,1.4e-05,0.01901330457382124,0.013665376790369011,0.00940055902360762,0.018460738767286756,0.014121431347756112,0.009073796201657287,1.943540159607714e-05,1.7356053943851713e-05,3.0062450721981887e-05,0,normal,-1
485.0,2.2e-05,1.4e-05,0.01918233509968756,0.013802421478248133,0.009485767570084014,0.018658643742474345,0.013774748892491173,0.009655461404824818,1.9493436303266534e-05,1.7461211265013893e-05,3.0198389404945702e-05,0,normal,-1
486.0,2.2e-05,1.4e-05,0.019347545621749642,0.013936370251359995,0.009568956962554,0.019755456227187114,0.013385855316273105,0.009673217449912798,1.954999076115796e-05,1.756357410708154e-05,3.0330519027310045e-05,0,normal,-1
487.0,2.2e-05,1.4e-05,0.0195090347055904,0.014067306173522934,0.009650195040156987,0.020201240655273477,0.014000201058817476,0.010026184584162028,1.960510570430543e-05,1.7663221494730326e-05,3.0458996220667096e-05,0,normal,-1
488.0,2.2e-05,1.4e-05,0.019666896665430113,0.014195313830649,0.00972954119777749,0.020303636824100177,0.014755625275913675,0.009447841834374292,1.9658810716476713e-05,1.7760249226995113e-05,3.058396036604698e-05,0,normal,-1
489.0,2.2e-05,1.4e-05,0.019821223734752667,0.01432047368651404,0.009807052132611491,0.019364662070212126,0.014227831763676708,0.009820096436114246,1.971113840972131e-05,1.7854747021317463e-05,3.070554311398845e-05,0,normal,-1
490.0,2.2e-05,1.4e-05,0.019972107338582894,0.014442858980275959,0.009882784920219573,0.01962525654604752,0.014193435964389307,0.010082542896454905,1.9762132224128434e-05,1.7946786648587057e-05,3.0823873485661554e-05,0,normal,-1
491.0,2.2e-05,1.4e-05,0.02011963527629588,0.014562542987488797,0.009956791346322894,0.019481027361838224,0.01439522078253758,0.010136179246312722,1.981182834932258e-05,1.8036447818759385e-05,3.093906925640767e-05,0,normal,-1
492.0,2.2e-05,1.4e-05,0.02026389197573225,0.014679598554279446,0.010029118844820686,0.021182215597438554,0.014182442191116437,0.00971152508251067,1.9860257121801182e-05,1.8123815349933666e-05,3.1051238743460316e-05,0,normal,-1
493.0,2.2e-05,1.4e-05,0.020404960970822106,0.014794092278891472,0.010099815690088233,0.020162847293681757,0.015203655922238051,0.010343004563515282,1.9907457834903094e-05,1.8208957796105478e-05,3.116048909779342e-05,0,normal,-1
494.0,2.2e-05,1.4e-05,0.02054292384071988,0.01490608727089697,0.010168928910164802,0.02052415007472011,0.015665318405174076,0.010089918497905108,1.9953471893375643e-05,1.829193727671387e-05,3.126692321872147e-05,0,normal,-1
495.0,2.2e-05,1.4e-05,0.020677857729695073,0.015015649407777061,0.010236499566287164,0.020439891380143495,0.014606150894335097,0.009825468649922998,1.9998327384901795e-05,1.8372830799964234e-05,3.1370632688929235e-05,0,normal,-1
496.0,2.2e-05,1.4e-05,0.020809838312485,0.015122840520556177,0.010302568573096018,0.020893581468200383,0.01539388107241077,0.009324536774566903,2.0042056482295338e-05,1.8451705834231317e-05,3.147170693623568e-05,0,normal,-1
497.0,2.2e-05,1.4e-05,0.020938940370200176,0.015227717217154551,0.010367177767902302,0.02041463094649989,0.014507545619659347,0.010714130108508585,2.0084698497759893e-05,1.85286163104422e-05,3.157023497300252e-05,0,normal,-1
498.0,2.2e-05,1.4e-05,0.02106523555804241,0.01533033642659089,0.010430365670233163,0.020755048148536813,0.015805895155389986,0.011175971854759657,2.012628618132724e-05,1.860362154159934e-05,3.166629903864479e-05,0,normal,-1
499.0,2.2e-05,1.4e-05,0.021188792244033,0.015430756002154654,0.010492167222100718,0.02073273644817946,0.015350655005562952,0.010040628859930949,2.016684446898799e-05,1.8676787804993918e-05,3.175997437653751e-05,0,normal,-1
500.0,2.2e-05,1.4e-05,0.02130967794218127,0.015529029353017875,0.010552618232408538,0.02012710201575746,0.015104345254101922,0.010072060144042869,2.020640421128383e-05,1.874816978456507e-05,3.185133610427186e-05,0,normal,-1
501.0,2.2e-05,1.4e-05,0.021427959191168203,0.01562520583265475,0.010611755118736585,0.021555192222258074,0.015330694550752961,0.011178800700161886,2.0245001240269714e-05,1.8817812062656698e-05,3.194045888219357e-05,0,normal,-1
502.0,2.2e-05,1.4e-05,0.021543699081612397,0.015719336772192644,0.010669610331050336,0.02191270582627004,0.015553078133425496,0.011112233194943604,2.028266152749525e-05,1.8885769192457148e-05,3.2027410104573195e-05,0,normal,-1
503.0,2.2e-05,1.4e-05,0.021656958371368273,0.015811473087379953,0.010726214366512356,0.022141946634908823,0.01596206805590843,0.011180614142720527,2.0319407387487043e-05,1.8952097350222746e-05,3.2112253062775976e-05,0,normal,-1
504.0,2.2e-05,1.4e-05,0.021767797152049163,0.015901661724595353,0.010781598672175277,0.022547327961780408,0.01538072312929464,0.010928138605960655,2.0355266579239817e-05,1.9016842364560282e-05,3.219505137665705e-05,0,normal,-1
505.0,2.2e-05,1.4e-05,0.02187627461545596,0.01598994627082662,0.010835795198200961,0.02235114215550905,0.015736794472797296,0.010992475954075893,2.0390270808350235e-05,1.9080041890983768e-05,3.2275868365772035e-05,0,normal,-1
506.0,2.2e-05,1.4e-05,0.02198244674484667,0.016076372517527755,0.01088883220219081,0.021946317483354474,0.015489735050377535,0.010569785192017279,2.0424442093334874e-05,1.9141743587063304e-05,3.2354760859172184e-05,0,normal,-1
507.0,2.2e-05,1.4e-05,0.022086367538539643,0.016160985808800342,0.010940736400653232,0.022357854371795435,0.016579435083061752,0.01204914443998571,2.0457799547726198e-05,1.9201996151344438e-05,3.243178249936319e-05,0,normal,-1
508.0,2.2e-05,1.4e-05,0.02218809043227923,0.016243828061038506,0.010991535376228137,0.02192252693040289,0.016387654905888924,0.010761685874950532,2.0490367000263193e-05,1.9260839465441945e-05,3.2506987371945445e-05,0,normal,-1
509.0,2.2e-05,1.4e-05,0.022287668193991757,0.016324938047741083,0.011041257373215279,0.02268399723409424,0.016597880917114703,0.010587848144909198,2.052217229461778e-05,1.931830565559792e-05,3.258042972930484e-05,0,normal,-1
510.0,2.2e-05,1.4e-05,0.022385150990381776,0.01640435602593513,0.011089927825465843,0.022241500021265494,0.0161737299084751,0.011493910513267395,2.0553235996523648e-05,1.9374433995746734e-05,3.265215890694879e-05,0,normal,-1
511.0,2.2e-05,1.4e-05,0.02248058682227283,0.016482122851257525,0.011137570103541373,0.021318054919818974,0.017363649680529024,0.01092508769537436,2.0583573722771103e-05,1.942926786260067e-05,3.272222050250045e-05,0,normal,-1
512.0,2.2e-05,1.4e-05,0.022574023188294386,0.016558276468363713,0.011184208306632326,0.022558249046895375,0.01620161305997643,0.010909634957760289,2.0613205047302648e-05,1.948284328324311e-05,3.279066053288678e-05,0,normal,-1
513.0,2.2e-05,1.4e-05,0.02266550711042842,0.016632851894785666,0.011229867288041461,0.02269611171111874,0.016169457301763925,0.01192991756321609,2.0642153550230148e-05,1.953518898663529e-05,3.2857525490178505e-05,0,normal,-1
514.0,2.2e-05,1.4e-05,0.022755084065958848,0.016705883786332185,0.011274570744353856,0.022167533805653276,0.017046754904852805,0.011033743711832172,2.0670440589174448e-05,1.958633459279743e-05,3.2922859569312796e-05,0,normal,-1
515.0,2.2e-05,1.4e-05,0.022842796879934388,0.016777409044226674,0.011318339277002196,0.023079882850881486,0.01616169907608906,0.01198746468824339,2.0698078983608774e-05,1.9636318794483843e-05,3.2986701887464245e-05,0,normal,-1
516.0,2.2e-05,1.4e-05,0.022928687760671983,0.016847462425027437,0.0113611938255727,0.023522184352124574,0.017379728232778013,0.011536646299273126,2.0725084026542464e-05,1.968517522697441e-05,3.304909154580362e-05,0,normal,-1
517.0,2.2e-05,1.4e-05,0.023012798518454034,0.01691607615899173,0.01140315599445486,0.022434748431163686,0.017089182723194075,0.010810137544352472,2.0751474494443555e-05,1.973293128406341e-05,3.31100681212664e-05,0,normal,-1
518.0,2.2e-05,1.4e-05,0.023095170399944246,0.016983280353561822,0.011444247755587585,0.023473150404693024,0.01716373342066374,0.011466032722770258,2.0777271662951403e-05,1.9779609461769367e-05,3.316967124839617e-05,0,normal,-1
519.0,2.2e-05,1.4e-05,0.023175842331625007,0.01704910711926583,0.011484488371246332,0.02360953473160473,0.017575902231071534,0.011326416036577181,2.080248931064149e-05,1.982524026109427e-05,3.322793618380293e-05,0,normal,-1
520.0,2.2e-05,1.4e-05,0.023254851799675916,0.017113588635795887,0.011523895896411316,0.02277965952143715,0.017717281507795894,0.011376266921219116,2.082713854064389e-05,1.9869856002704475e-05,3.3284896029418375e-05,0,normal,-1
521.0,2.2e-05,1.4e-05,0.02333223596121004,0.017176754875446763,0.011562488982607215,0.023110689123016843,0.01728895564430709,0.011653098394536694,2.085123353784211e-05,1.9913483586330214e-05,3.334058436515312e-05,0,normal,-1
522.0,2.2e-05,1.4e-05,0.02340803163991506,0.017238633635667296,0.011600286860099462,0.02286143152734721,0.017391886997954124,0.01062269401740624,2.0874791492037188e-05,1.9956144654013394e-05,3.3395035232145544e-05,0,normal,-1
523.0,2.2e-05,1.4e-05,0.02348227492726176,0.017299251493923928,0.011637308633701294,0.023192917383879588,0.01698773566804683,0.011645994474381822,2.0897830297509786e-05,1.9997858587939984e-05,3.3448282129681565e-05,0,normal,-1
524.0,2.2e-05,1.4e-05,0.023554999601972635,0.017358637470586896,0.011673570553216595,0.02352999702155994,0.016255332020907894,0.012111695966163153,2.0920359702071032e-05,2.0038653809767238e-05,3.350035411522e-05,0,normal,-1
525.0,2.2e-05,1.4e-05,0.023626238655095715,0.01741681967591582,0.011709088585581973,0.024209347909913942,0.017207361195964138,0.011899085827860985,2.0942389580404483e-05,2.00785572781627e-05,3.355127953507406e-05,0,normal,-1
526.0,2.2e-05,1.4e-05,0.023696024805609686,0.017473824328771953,0.011743879213459325,0.023376566425184264,0.016621800335344623,0.011462569713221588,2.096393245743753e-05,2.0117591391236713e-05,3.360108718216648e-05,0,normal,-1
527.0,2.2e-05,1.4e-05,0.023764390493527854,0.01752967577638235,0.011777959421585143,0.022987054014744955,0.017414194390802565,0.012372789561857193,2.098500345249963e-05,2.015577410004479e-05,3.3649806282835456e-05,0,normal,-1
528.0,2.2e-05,1.4e-05,0.023831367476988108,0.01758439745346568,0.011811345991183605,0.0222591407148927,0.018243666274624468,0.011968631982157243,2.1005617979517676e-05,2.0193121870674368e-05,3.369746549668698e-05,0,normal,-1
529.0,2.2e-05,1.4e-05,0.02389698542414895,0.017638015119078882,0.011844053090535756,0.023562257470689237,0.017550745316903087,0.012126144536411606,2.1025783947042474e-05,2.02296595621394e-05,3.3744089497539073e-05,0,normal,-1
530.0,2.2e-05,1.4e-05,0.02396127336973888,0.01769055365549806,0.011876094717786114,0.02330454777060728,0.017953630790835222,0.01192202687762183,2.104550961265271e-05,2.0265410523561325e-05,3.378970248431497e-05,0,normal,-1
531.0,2.2e-05,1.4e-05,0.024024260121183576,0.017742036318801356,0.011907485317103837,0.02411704856165059,0.01758989628208445,0.012699797594752291,2.1064805520342716e-05,2.0300394241292436e-05,3.383432906702494e-05,0,normal,-1
532.0,2.2e-05,1.4e-05,0.024085974252657277,0.017792484755307016,0.01193823976724701,0.024200678670052184,0.017906724877411708,0.01294203305844935,2.108368445449807e-05,2.0334626428745975e-05,3.387799425502627e-05,0,normal,-1
533.0,2.2e-05,1.4e-05,0.02414644392493286,0.017841919432318314,0.01196837306653685,0.02335297202691896,0.01775153008692335,0.011074417603356486,2.110216040983365e-05,2.036812035775212e-05,3.392072301515284e-05,0,normal,-1
534.0,2.2e-05,1.4e-05,0.024205695512237172,0.01789036279875734,0.011997897988308106,0.024386839145734043,0.018427824789722644,0.01129267348144961,2.1120241007585767e-05,2.0400896413923834e-05,3.3962536960597694e-05,0,normal,-1
535.0,2.2e-05,1.4e-05,0.024263754544740578,0.01793783717969809,0.012026826672447876,0.024157959475862443,0.017985710391713504,0.011893868032887582,2.1137932617161992e-05,2.0432975655740823e-05,3.4003456627757625e-05,0,normal,-1
536.0,2.2e-05,1.4e-05,0.02432064637206905,0.017984363471075206,0.012055171664526144,0.02419405161133061,0.017038289726859435,0.01177531018094634,2.1155243649341344e-05,2.0464375770596408e-05,3.40435029555452e-05,0,normal,-1
537.0,2.2e-05,1.4e-05,0.024376396148984902,0.01802996118531034,0.012082945885761708,0.02411610447268675,0.01756740164008596,0.01287143393359764,2.1172184449278293e-05,2.0495111237505375e-05,3.4082697246042e-05,0,normal,-1
538.0,2.2e-05,1.4e-05,0.024431028827724164,0.018074648470254504,0.012110162619403564,0.024911232831608697,0.017922535731108497,0.01204034217967029,2.1188767246085767e-05,2.0525193412421323e-05,3.4121061148566585e-05,0,normal,-1
539.0,2.2e-05,1.4e-05,0.02448456831412478,0.018118444078507764,0.012136834062265924,0.024781855708934587,0.017612553127888158,0.012011240310475518,2.1205001462157484e-05,2.0554636427511765e-05,3.4158614624690526e-05,0,normal,-1
540.0,2.2e-05,1.4e-05,0.02453703709638388,0.01816136816608868,0.012162970722084615,0.024630644996845485,0.01823886133534183,0.011321933908878345,2.1220891778730942e-05,2.0583459579596797e-05,3.419537511535399e-05,0,normal,-1
541.0,2.2e-05,1.4e-05,0.024588457459241427,0.018203439724603587,0.012188583391663354,0.02516392032701465,0.01797960675650676,0.012220009384537016,2.123644444423171e-05,2.0611679516920366e-05,3.423136033095576e-05,0,normal,-1
542.0,2.2e-05,1.4e-05,0.024638851524920576,0.018244676557545858,0.012213683188294125,0.024656215355242983,0.017325349225774,0.012544401726628315,2.1251667376834484e-05,2.0639310154580953e-05,3.4266588309258636e-05,0,normal,-1
543.0,2.2e-05,1.4e-05,0.02468824125312768,0.01828509528029594,0.01223828155375717,0.02475758336787804,0.018630383561602806,0.012595647448645943,2.1266570159596767e-05,2.066636269721613e-05,3.430107741770085e-05,0,normal,-1
544.0,2.2e-05,1.4e-05,0.02473664835980057,0.018324711514545768,0.012262390113222454,0.025004299966938294,0.018187107678209174,0.011625684552332318,2.128116357848032e-05,2.0692846232895763e-05,3.433484615816679e-05,0,normal,-1
545.0,2.2e-05,1.4e-05,0.024784093219772287,0.018363542405767184,0.01228601881720892,0.024648888896818533,0.018023174267992284,0.012360387681207162,2.1295453625006643e-05,2.0718775207696216e-05,3.4367910571473953e-05,0,normal,-1
546.0,2.2e-05,1.4e-05,0.024830595376364686,0.018401605447984932,0.012309176812710192,0.024229588616226733,0.018429710514406707,0.013169247025237885,2.1309444305784203e-05,2.074416591156958e-05,3.440028547004127e-05,0,normal,-1
547.0,2.2e-05,1.4e-05,0.024876174256252447,0.018438917050912,0.012331873567897753,0.025757395297454987,0.018372189053721257,0.013076583519435409,2.132314120685802e-05,2.0769032122182834e-05,3.4431986016937135e-05,0,normal,-1
548.0,2.2e-05,1.4e-05,0.024920849151005064,0.01847549260473446,0.012354118831286,0.02539235725283869,0.017893535730320292,0.012740266395086557,2.133655135152317e-05,2.0793385303173016e-05,3.446302767027548e-05,0,normal,-1
549.0,2.2e-05,1.4e-05,0.02496463921708687,0.018511346480111473,0.012375922631732246,0.024314916651518022,0.018381961510359493,0.012833759417211153,2.1349683196667024e-05,2.0817234620830923e-05,3.4493426184846796e-05,0,normal,-1
550.0,2.2e-05,1.4e-05,0.025007563384554853,0.0185464922454008,0.012397295120934706,0.02451595810905432,0.01793036840600144,0.011816822263274438,2.1362546119335328e-05,2.0840587594770194e-05,3.4523197394453784e-05,0,normal,-1
551.0,2.2e-05,1.4e-05,0.025049639330519003,0.018580945009040194,0.012418244845816174,0.024516815399416834,0.019577707304575788,0.011845383751314461,2.1375144848975677e-05,2.0863456998513908e-05,3.455235481102663e-05,0,normal,-1
552.0,2.2e-05,1.4e-05,0.025090884059065933,0.01861472008609976,0.012438779733389626,0.024329052659970665,0.01857217157618987,0.012244872263890967,2.1387482641455183e-05,2.0885856913055356e-05,3.458091100605379e-05,0,normal,-1
553.0,2.2e-05,1.4e-05,0.025131314484378,0.018647831849600293,0.012458907997444776,0.025312353122137525,0.0187944311534169,0.020986675773137065,2.139956414181418e-05,2.0907799251127522e-05,3.4608878876068e-05,1,sens_noise_burst,1
554.0,2.2e-05,1.4e-05,0.025170947408936856,0.018680293798224563,0.012478638094277263,0.025922014014745597,0.019222913970775756,0.008942289951452468,2.1411395233189047e-05,2.0929293960408833e-05,3.4636271582080363e-05,1,sens_noise_burst,1
555.0,2.2e-05,1.4e-05,0.025209799523523476,0.018712118556317343,0.012497978722688659,0.025403368191160524,0.01943593339954797,0.01564577614329253,2.142298303401521e-05,2.0950349035967427e-05,3.46631025507216e-05,1,sens_noise_burst,1
556.0,2.2e-05,1.4e-05,0.02524788738909112,0.018743317917627414,0.012516938792552028,0.026027474309098585,0.018568074257169467,0.00688609107870197,2.143433579349788e-05,2.0970970658563347e-05,3.468938543183443e-05,1,sens_noise_burst,1
557.0,2.2e-05,1.4e-05,0.025285226662224658,0.018773904627265563,0.012535526118402392,0.025076086378038206,0.01952301759771275,0.01245796917048365,2.144545867947876e-05,2.0991168400973385e-05,3.471513229084644e-05,1,sens_noise_burst,1
558.0,2.2e-05,1.4e-05,0.02532183211834011,0.018803892269406954,0.012553747485959386,0.02545330708635467,0.017701575565276073,0.014229140432651576,2.1456354010172528e-05,2.1010954912722758e-05,3.474035370869392e-05,1,sens_noise_burst,1
559.0,2.2e-05,1.4e-05,0.025357718457912567,0.01883329359887803,0.01257160993651522,0.024894414059580375,0.019405550729506463,0.009463281739761074,2.1467025332898996e-05,2.103034094920979e-05,3.4765060564835783e-05,1,sens_noise_burst,1
560.0,2.2e-05,1.4e-05,0.025392900289884508,0.018862120620860855,0.012589120721709653,0.025403644379862214,0.01981440398324834,0.01645403626363196,2.1477477262995266e-05,2.104933559229003e-05,3.478926397530886e-05,1,sens_noise_burst,1
561.0,2.2e-05,1.4e-05,0.02542739213166583,0.018890384590893095,0.012606287303529971,0.025964432415841714,0.019122413236983046,0.013367694814080603,2.1487715481638802e-05,2.106794625968635e-05,3.481297529351325e-05,1,sens_noise_burst,1
562.0,2.2e-05,1.4e-05,0.025461208409133837,0.01891809601486803,0.012623117354311004,0.025817977965915055,0.019181594175094883,0.011696992622587127,2.1497746733827304e-05,2.1086178713851017e-05,3.4836206111009726e-05,1,sens_noise_burst,1
563.0,2.2e-05,1.4e-05,0.025494363256444847,0.018945265117321423,0.012639618416683825,0.02600452983769118,0.01921232902975295,0.016716097278417403,2.150757772885096e-05,2.1104038422999398e-05,3.485896778941037e-05,1,sens_noise_burst,1
564.0,2.2e-05,1.4e-05,0.02552686967074433,0.018971903731770812,0.012655796504548195,0.025323009964945575,0.018495033330310093,0.017486538648700596,2.1517210651048092e-05,2.1121536063297762e-05,3.4881269534726725e-05,1,sens_noise_burst,1
565.0,2.2e-05,1.4e-05,0.02555874038540927,0.018998023347606786,0.012671657551965643,0.02601506374588125,0.018729982117347097,0.0176453607959081,2.1526647807172976e-05,2.113868181504526e-05,3.490312040105975e-05,1,sens_noise_burst,1
566.0,2.2e-05,1.4e-05,0.025589988072432904,0.01902363477840463,0.01268720769908873,0.026315092837888927,0.018958747882856564,0.012350771835247475,2.1535892502141748e-05,2.1155484335420938e-05,3.492452968580955e-05,1,sens_noise_burst,1
567.0,2.2e-05,1.4e-05,0.025620625329845888,0.019048748194760632,0.012702453269388151,0.025902405636537836,0.01966446006165873,0.01476743564761844,2.1544948962699862e-05,2.1171950858834644e-05,3.494550689877653e-05,1,sens_noise_burst,1
568.0,2.2e-05,1.4e-05,0.025650664681716298,0.019073373124292095,0.012717400769652736,0.024955613347947544,0.019500481190377734,0.013066581156876535,2.1553822335817522e-05,2.1188087203730478e-05,3.496606176269891e-05,1,sens_noise_burst,1
569.0,2.2e-05,1.4e-05,0.025680118578149634,0.019097518451637336,0.012732056889989444,0.02582128400813336,0.019508078458921052,0.00569919234957978,2.1562518687199245e-05,2.1203897779000773e-05,3.4986204213801265e-05,1,sens_noise_burst,1
570.0,2.2e-05,1.4e-05,0.025708999081705475,0.01912119314583301,0.012746427974962104,0.025831135955206044,0.01942196584003379,0.0149116893617007,2.157104329564391e-05,2.1219387680820434e-05,3.5005943676137444e-05,1,sens_noise_burst,1
571.0,2.2e-05,1.4e-05,0.02573731724841414,0.019144407614648556,0.01276051901388288,0.0254012802078095,0.019273784998334927,0.003529843805678742,2.1579397425603214e-05,2.12345666225916e-05,3.502528767842846e-05,1,sens_noise_burst,1
572.0,2.2e-05,1.4e-05,0.02576508403349047,0.01916717171599782,0.012774335124390352,0.025249688647417955,0.019227156546942722,0.009110326865287535,2.158758307011558e-05,2.1249443148902013e-05,3.5044243895233916e-05,1,sens_noise_burst,1
573.0,2.2e-05,1.4e-05,0.025792310336501267,0.01918949474853202,0.012787881590013258,0.025386135527660822,0.018917665313778427,0.015101452571642863,2.1595603038800376e-05,2.1264024562920754e-05,3.506282019890434e-05,1,sens_noise_burst,1
574.0,2.2e-05,1.4e-05,0.025819006998552236,0.019211385458659164,0.012801163855224382,0.02639345659846818,0.018917218728036613,0.010569964707956254,2.1603460940454137e-05,2.1278316951624853e-05,3.5081024653130664e-05,1,sens_noise_burst,1
575.0,2.2e-05,1.4e-05,0.02584518480228802,0.01923285204054407,0.012814187525440546,0.025911685027298504,0.019465117353158014,0.013320288181104197,2.1611161181840712e-05,2.129232519080037e-05,3.509886551330119e-05,1,sens_noise_burst,1
576.0,2.2e-05,1.4e-05,0.025870854471892184,0.019253902136108347,0.01282695836702261,0.02670631102323582,0.020021650150014076,0.019445669471202444,2.1618708966566063e-05,2.1306052949762043e-05,3.511635122686894e-05,1,sens_noise_burst,1
577.0,2.2e-05,1.4e-05,0.025896026483227367,0.019274543276304876,0.01283948198738887,0.024997535861164825,0.019257616715092317,0.01408986386637659,2.162610926337304e-05,2.1319503956675805e-05,3.5133489996064886e-05,1,sens_noise_burst,1
578.0,2.2e-05,1.4e-05,0.025920710366911504,0.019294784425630207,0.0128517626917804,0.026131955513988437,0.019963445752139587,0.012148148587752665,2.163336314779976e-05,2.1332686448388998e-05,3.515028821592199e-05,1,sens_noise_burst,1
579.0,2.2e-05,1.4e-05,0.025944915504190008,0.019314634201618157,0.012863804797730452,0.026744997699823077,0.019516595339873974,0.011456186400680898,2.1640472013411697e-05,2.134560803667575e-05,3.516675227603781e-05,1,sens_noise_burst,1
580.0,2.2e-05,1.4e-05,0.02596865124331313,0.019334100716734814,0.012875612786121838,0.02688434602804332,0.01882644030469493,0.01846917250054054,2.164743801915782e-05,2.1358275199909184e-05,3.51828887675839e-05,1,sens_noise_burst,1
581.0,2.2e-05,1.4e-05,0.025991926887943786,0.019353191607796902,0.012887191280656813,0.025722364292154017,0.019179111958441426,0.021616394593593467,2.165426402137313e-05,2.137069336981275e-05,3.519870445541689e-05,1,sens_noise_burst,1
582.0,2.2e-05,1.4e-05,0.026014751697157577,0.019371914035971785,0.01289854504785709,0.026810421217724888,0.019846318170068843,0.01442650228254384,2.1660953572843344e-05,2.1382866935201113e-05,3.521420627830315e-05,1,sens_noise_burst,1
583.0,2.2e-05,1.4e-05,0.02603713488544277,0.01939027468677746,0.012909678997063826,0.026584108699211687,0.019380908236089223,0.005818649784124057,2.1667510921933976e-05,2.139479924551416e-05,3.522940134915327e-05,1,sens_noise_burst,1
584.0,2.2e-05,1.4e-05,0.02605908560487292,0.01940827981232525,0.012920598150133864,0.026650256499429818,0.01918639661995883,0.013787266331649829,2.1673940913899966e-05,2.1406492733839e-05,3.5244296913934455e-05,1,sens_noise_burst,1
585.0,2.2e-05,1.4e-05,0.026080612341832732,0.019425936603082006,0.01293130663919593,0.026187659435425958,0.019533110577039946,0.01214989575760741,2.168024577304052e-05,2.1417952834227675e-05,3.525889898563224e-05,1,sens_noise_burst,1
586.0,2.2e-05,1.4e-05,0.026101723074167586,0.0194432527738608,0.012941807991438094,0.02660680559389825,0.019418596695103808,0.001502707283669755,2.1686426036838548e-05,2.1429186822464367e-05,3.527321273545799e-05,1,sens_noise_burst,1
587.0,2.2e-05,1.4e-05,0.02612242578942233,0.019460235505258428,0.012952105942965288,0.02657999584761565,0.01933751471742615,0.014030067187361802,2.1692483125522188e-05,2.1440200727695836e-05,3.528724360367068e-05,1,sens_noise_burst,1
588.0,2.2e-05,1.4e-05,0.026142728443167215,0.019476891566204767,0.012962204358476913,0.025841531514400405,0.01870913752344129,0.015114684298229313,2.1698419073601e-05,2.145099967032385e-05,3.5300997190097244e-05,1,sens_noise_burst,1
589.0,2.2e-05,1.4e-05,0.02616263895899788,0.019493227313962774,0.012972107231266848,0.024811654121550772,0.01938439143657823,0.015411590156656198,2.1704236529123054e-05,2.1461587864857034e-05,3.531447925425961e-05,1,sens_noise_burst,1
590.0,2.2e-05,1.4e-05,0.026182165228535365,0.01950924869412849,0.01298181868322344,0.0267531898870585,0.01930292539476826,0.011654164777662193,2.1709938752981923e-05,2.1471968622607603e-05,3.5327695715511015e-05,1,sens_noise_burst,1
591.0,2.2e-05,1.4e-05,0.026201315111426097,0.019524961240631043,0.012991342964829513,0.02673461539519952,0.019774438067683524,0.01690871754986909,2.1715529618270797e-05,2.1482144354240193e-05,3.5340652653180866e-05,1,sens_noise_burst,1
592.0,2.2e-05,1.4e-05,0.026220096371323224,0.01954037022499449,0.013000684347497899,0.026596356628876418,0.019742034888260148,0.01029954569270571,2.172101326290952e-05,2.149211699436189e-05,3.5353356160338626e-05,1,sens_noise_burst,1
593.0,2.2e-05,1.4e-05,0.026238516024385348,0.019555482117566303,0.01300984605100918,0.026041386841182596,0.01951631274796894,0.011761049561041495,2.1726390655293916e-05,2.150189216448317e-05,3.536581088639027e-05,1,sens_noise_burst,1
594.0,2.2e-05,1.4e-05,0.02625658082819027,0.01957030345203169,0.01301883106485343,0.026058627520888018,0.020637360363134693,0.007869752666662405,2.1731662238145356e-05,2.1511475952411422e-05,3.5378021155978735e-05,1,sens_noise_burst,1
595.0,2.2e-05,1.4e-05,0.026274297552684296,0.01958484031776341,0.013027642555067623,0.025492573935514844,0.019902511378533834,0.00788688257798598,2.1736829194179455e-05,2.1520873411056736e-05,3.538999152245012e-05,1,sens_noise_burst,1
596.0,2.2e-05,1.4e-05,0.026291672947491348,0.019599098445168602,0.01303628380564538,0.027108501809520055,0.019846635291615358,0.006246288835002711,2.1741893253533838e-05,2.1530088797280986e-05,3.540172668821587e-05,1,sens_noise_burst,1
597.0,2.2e-05,1.4e-05,0.026308713741912945,0.019613083205688792,0.01304475821853696,0.026272223354699635,0.01862449960608089,0.014740446517700685,2.1746856693200156e-05,2.1539125573999243e-05,3.541323150481619e-05,1,sens_noise_burst,1
598.0,2.2e-05,1.4e-05,0.026325426644928217,0.019626799611799885,0.013053069313649274,0.02675359897824278,0.018658325875355486,0.018487387045311533,2.1751722336493732e-05,2.1547986412167936e-05,3.542451097299176e-05,1,sens_noise_burst,1
599.0,2.2e-05,1.4e-05,0.0263418183451939,0.019640252317012174,0.013061220728845873,0.026174484327421317,0.020062232941704887,0.008504956680226399,2.175649355255878e-05,2.155667319266501e-05,3.543557024276292e-05,1,sens_noise_burst,1
600.0,2.2e-05,1.4e-05,0.026357895475633594,0.01965344569842689,0.013069216160483873,0.0251891786956584,0.019034746653480195,0.022170267936339215,2.176117406445856e-05,2.1565187240642995e-05,3.5446414532877634e-05,1,sens_noise_burst,1
601.0,2.2e-05,1.4e-05,0.026373664020070346,0.019666385191459985,0.0130770583862789,0.026777906075117236,0.01922222692278524,0.017861578583142836,2.1765764820525077e-05,2.1573533111281294e-05,3.545704780632591e-05,1,sens_noise_burst,1
602.0,2.2e-05,1.4e-05,0.02638912965867512,0.01967907646836125,0.013084749852366824,0.027005832050309736,0.019245309558190416,0.008110107704573185,2.1770265890389333e-05,2.1581716278853225e-05,3.5467473568141866e-05,1,sens_noise_burst,1
603.0,2.2e-05,1.4e-05,0.026404298104442527,0.019691524774047734,0.013092293191313715,0.027343255971611316,0.020043333273590033,0.02080588443052704,2.177467808883624e-05,2.1589741201590843e-05,3.547769556815264e-05,1,sens_noise_burst,1
604.0,2.2e-05,1.4e-05,0.0264191750609691,0.019703735037089304,0.01309969114628669,0.026372264441111577,0.01999954526455019,0.01505856496200797,2.1779002726632775e-05,2.1597611629417967e-05,3.548771769812353e-05,1,sens_noise_burst,1
605.0,2.2e-05,1.4e-05,0.02643376622245327,0.019715711869708615,0.013106946571053909,0.026204524955243214,0.019902197678754983,0.002273195845442508,2.1783241610078615e-05,2.1605330605537586e-05,3.549754399177471e-05,1,sens_noise_burst,1
606.0,2.2e-05,1.4e-05,0.026448077273695376,0.019727459567781117,0.013114062429984575,0.02653375979063815,0.01996798836917552,0.017588014990718083,2.1787397040586006e-05,2.1612900467934544e-05,3.550717862480568e-05,1,sens_noise_burst,1
607.0,2.2e-05,1.4e-05,0.02646211389009767,0.019738982110835076,0.01312104179804894,0.025951174399803007,0.019196071920492663,0.010624308028887827,2.179147181428725e-05,2.162032285079736e-05,3.551662591492651e-05,1,sens_noise_burst,1
608.0,2.2e-05,1.4e-05,0.026475881737664318,0.019750283162051546,0.013127887860818295,0.02604689609112619,0.019727030470762474,0.005884610566140313,2.1795469221668096e-05,2.1627598685862168e-05,3.5525890321895516e-05,1,sens_noise_burst,1
609.0,2.2e-05,1.4e-05,0.026489386160679328,0.019761366779194173,0.013134603397420654,0.026804053669349737,0.02088854527039602,0.013350505390959982,2.179939138951038e-05,2.163473020819597e-05,3.553497574814463e-05,1,sens_noise_burst,1
610.0,2.2e-05,1.4e-05,0.026502631895632994,0.01977223801185791,0.013141190328365268,0.026393327178214368,0.019342100754928846,0.0041242254804229085,2.180323785126424e-05,2.1641722666656007e-05,3.5543884928189545e-05,1,sens_noise_burst,1
611.0,2.2e-05,1.4e-05,0.026515623734789332,0.01978290145648649,0.013147650788932947,0.026258507290944925,0.018909434219696396,0.016489981709060877,2.1807008964117165e-05,2.16485802109663e-05,3.55526208815389e-05,1,sens_noise_burst,1
612.0,2.2e-05,1.4e-05,0.02652836647167055,0.019793361426132673,0.013153987021111922,0.026730286044763598,0.019237483112232785,0.012637939887302878,2.1810705545131534e-05,2.1655306346838544e-05,3.556118676641231e-05,1,sens_noise_burst,1
613.0,2.2e-05,1.4e-05,0.02654086490074798,0.019803621951191563,0.013160201373074502,0.026373335110718897,0.019407982163575463,0.01669724277466107,2.181432886918754e-05,2.1661903939256226e-05,3.556958587901518e-05,1,sens_noise_burst,1
614.0,2.2e-05,1.4e-05,0.02655312381744207,0.019813686779400583,0.013166296299177078,0.02776362729621714,0.019620058709420064,0.008720093503584658,2.1817880668638425e-05,2.1668375213641346e-05,3.557782165352856e-05,1,sens_noise_burst,1
615.0,2.2e-05,1.4e-05,0.026565148018122372,0.019823559375839486,0.013172274359960127,0.026424752046480496,0.01996778451846913,0.019164350888597123,2.1821363132987933e-05,2.1674721756958978e-05,3.5585897662105515e-05,1,sens_noise_burst,1
616.0,2.2e-05,1.4e-05,0.026576942300107567,0.019833242922930348,0.013178138222148203,0.02735852886432569,0.02001147152785418,0.013171673419526575,2.1824778908588774e-05,2.1680944518762196e-05,3.559381761487357e-05,1,sens_noise_burst,1
617.0,2.2e-05,1.4e-05,0.026588511444054275,0.019842740361147172,0.013183890629281533,0.026944127597445706,0.019722838912402296,0.010209195975164191,2.182813100400248e-05,2.168704392629696e-05,3.5601585320289714e-05,1,sens_noise_burst,1
618.0,2.2e-05,1.4e-05,0.02659985969562964,0.019852055552714257,0.013189533550819487,0.02709173168060313,0.019893727493344178,0.012030948234857189,2.1831420068845714e-05,2.1693023165013938e-05,3.560920353656739e-05,1,sens_noise_burst,1
619.0,2.2e-05,1.4e-05,0.026610990987958716,0.019861192740665758,0.013195068563858676,0.02679483787843276,0.0197386844081555,0.013432711361786562,2.1834645630346197e-05,2.16988866731968e-05,3.561667448811365e-05,1,sens_noise_burst,1
620.0,2.2e-05,1.4e-05,0.02662190931909885,0.019870155772672905,0.013200497445320947,0.02655316014485173,0.019338132928799313,0.017213370119762764,2.1837807959847008e-05,2.1704637913992565e-05,3.562400066525748e-05,1,sens_noise_burst,1
621.0,2.2e-05,1.4e-05,0.026632618697871133,0.01987894823972406,0.013205822076391295,0.026637958896740567,0.019933225137618176,0.012747041295309687,2.1840907760435326e-05,2.171027975795153e-05,3.5631184695153016e-05,1,sens_noise_burst,1
622.0,2.2e-05,1.4e-05,0.026643123143860404,0.019887573476124708,0.013211044442517856,0.026345655667015966,0.02037811606167535,0.011143744210671176,2.1843946166650102e-05,2.1715814483958903e-05,3.563822934174454e-05,1,sens_noise_burst,1
623.0,2.2e-05,1.4e-05,0.026653426687415244,0.01989603455949748,0.013216166633411908,0.02684357800977292,0.020552229807806598,0.01319410936475945,2.1846924744207994e-05,2.172124378011711e-05,3.564513750573778e-05,1,sens_noise_burst,1
624.0,2.2e-05,1.4e-05,0.02666353336964799,0.019904334310782125,0.013221190843047874,0.027153092923742888,0.019302227904714895,0.015188426327233549,2.1849845489746917e-05,2.1726568744581038e-05,3.565191222457691e-05,1,sens_noise_burst,1
625.0,2.2e-05,1.4e-05,0.026673447242434707,0.019912475294235538,0.013226119369663319,0.025459073758391043,0.020156182123962956,0.014892050449338775,2.1852710830585843e-05,2.1731789886348175e-05,3.565855667242706e-05,1,sens_noise_burst,1
626.0,2.2e-05,1.4e-05,0.026683172339738437,0.019920459883075753,0.013230954568229944,0.02605273839634025,0.01977411839635257,0.018283596703355793,2.185552347208821e-05,2.1736907309877115e-05,3.5665074096102624e-05,1,sens_noise_burst,1
627.0,2.2e-05,1.4e-05,0.026692712138361586,0.019928291463060504,0.013235697968705225,0.02609633884453956,0.01969478474623758,0.005158849018601756,2.1858283581696577e-05,2.174192410283189e-05,3.567146662691882e-05,1,sens_noise_burst,1
628.0,2.2e-05,1.4e-05,0.02670206988614793,0.019935973665817914,0.013240350826252804,0.027028811821510956,0.019621732364941507,0.008284163705050439,2.186099055931249e-05,2.1746844194139132e-05,3.567773602310399e-05,1,sens_noise_burst,1
629.0,2.2e-05,1.4e-05,0.02671124890181904,0.019943509760391557,0.01324491458814332,0.027024070042796347,0.020234001106778497,0.012616641070467676,2.186364450491514e-05,2.175167060724848e-05,3.568388429914718e-05,1,sens_noise_burst,1
630.0,2.2e-05,1.4e-05,0.02672025252405982,0.019950902778764188,0.013249390805893557,0.02651388116511941,0.01949594394366678,0.018918070463582775,2.1866245933166512e-05,2.1756405807664978e-05,3.56899136073064e-05,1,sens_noise_burst,1
631.0,2.2e-05,1.4e-05,0.026729084111518517,0.019958155515857737,0.013253781135266436,0.027481645614055798,0.019042918667753386,0.011749093825799101,2.186879577317215e-05,2.176105170367289e-05,3.5695826237562346e-05,1,sens_noise_burst,1
632.0,2.2e-05,1.4e-05,0.02673774704280673,0.019965270529533324,0.013258087336271035,0.02654749040546763,0.01964038682964341,0.012177732828212792,2.1871295368256703e-05,2.1765609647021192e-05,3.570162461757763e-05,1,sens_noise_burst,1
633.0,2.2e-05,1.4e-05,0.02674624471649938,0.019972250140591247,0.013262311273162571,0.02701586130242467,0.02058394829804649,0.01870016127647521,2.1873746475753605e-05,2.1770080433572637e-05,3.570731131266121e-05,1,sens_noise_burst,1
634.0,2.2e-05,1.4e-05,0.026754580551134746,0.019979096432770994,0.013266454914442406,0.027152694130927198,0.019775978569927556,0.025705733516290373,2.1876151266808075e-05,2.1774464303917672e-05,3.571288902573781e-05,1,sens_noise_burst,1
635.0,2.2e-05,1.4e-05,0.026762757974978364,0.01998581127611335,0.013270520315932,0.026680744795438447,0.020052428692084803,0.020236995368995255,2.1878512271958386e-05,2.177876100928446e-05,3.571836057454304e-05,1,sens_noise_burst,1
636.0,2.2e-05,1.4e-05,0.026770779945931758,0.019992397399408213,0.013274508835942153,0.027289867003452966,0.019830058313512016,-0.0012634884032543068,2.188082987516815e-05,2.1782972823164766e-05,3.572372783556899e-05,1,sens_noise_burst,1
637.0,2.2e-05,1.4e-05,0.026778649106964175,0.019998858010176587,0.013278421402277411,0.026592253403900437,0.02054089840370059,0.0021564721663576356,2.1883103179126606e-05,2.178710349011852e-05,3.5728992104062295e-05,1,sens_noise_burst,1
638.0,2.2e-05,1.4e-05,0.026786368195408757,0.020005195931251874,0.013282259161832738,0.026774976918056758,0.020240662837591798,0.01661861769637901,2.188533205966793e-05,2.1791155772414013e-05,3.573415496832513e-05,1,sens_noise_burst,1
639.0,2.2e-05,1.4e-05,0.02679393997695389,0.020011413763178405,0.013286023366909889,0.026847366449025446,0.02122211869765932,0.017978298120786416,2.1887516796827137e-05,2.179513189841341e-05,3.573921815664107e-05,1,sens_noise_burst,1
640.0,2.2e-05,1.4e-05,0.02680136724564321,0.020017513884211413,0.013289715375217418,0.02717726781140665,0.020356597481944853,-0.0026993970106769984,2.1889658074639967e-05,2.179903356314825e-05,3.574418353722256e-05,1,sens_noise_burst,1
641.0,2.2e-05,1.4e-05,0.02680865282387561,0.020023498450317048,0.013293336649870674,0.027525157326440335,0.019330495447173825,0.007211593593270069,2.1891756980954913e-05,2.1802861928864483e-05,3.574905311816338e-05,1,sens_noise_burst,1
642.0,2.2e-05,1.4e-05,0.02681579956240522,0.02002936939517239,0.013296888759391797,0.02643391647354195,0.02001424074031579,0.01708646724836859,2.1893815007256943e-05,2.1806617625538692e-05,3.5753829047395867e-05,1,sens_noise_burst,1
643.0,2.2e-05,1.4e-05,0.026822810340341435,0.020035128430165413,0.013300373377709725,0.02612998025941665,0.020788633075470662,0.02054866729272277,2.1895834048502304e-05,2.1810300751366316e-05,3.575851361265255e-05,1,sens_noise_burst,1
644.0,2.2e-05,1.4e-05,0.02682968806514888,0.02004077704439503,0.013303792284160188,0.027159134044530003,0.019140838206776534,0.010426994099244573,2.1897816402963242e-05,2.1813910873222788e-05,3.576310924143191e-05,1,sens_noise_burst,1
645.0,2.2e-05,1.4e-05,0.026836435388916155,0.02004631713940649,0.01330714689957287,0.025785364110397987,0.020955200412161472,0.014600237050382887,2.189976329094373e-05,2.18174488054843e-05,3.57676178775039e-05,1,sens_noise_burst,1
646.0,2.2e-05,1.4e-05,0.026843054431762405,0.020051751618976658,0.01331043784533759,0.02686578807825474,0.0199971953942066,0.010359873439853175,2.1901673458269873e-05,2.182091827718702e-05,3.5772040388759844e-05,1,sens_noise_burst,1
647.0,2.2e-05,1.4e-05,0.02684954743199274,0.020057082965737216,0.013313665994620826,0.02713676280170038,0.01970903047743737,0.013260837619321024,2.1903546520610773e-05,2.182432192540911e-05,3.577637798032184e-05,1,sens_noise_burst,1
648.0,2.2e-05,1.4e-05,0.026855916664713042,0.020062313448953484,0.013316832329390592,0.025976377685834294,0.01963510413501633,0.016204511786205644,2.1905382496900826e-05,2.1827661863721598e-05,3.578063200228516e-05,1,sens_noise_burst,1
649.0,2.2e-05,1.4e-05,0.02686216444075404,0.020067445126985,0.013319937938636528,0.02643950638714583,0.019929613379420466,0.007431649113019821,2.1907181803466523e-05,2.1830939689519305e-05,3.578480394727123e-05,1,sens_noise_burst,1
650.0,2.2e-05,1.4e-05,0.02686829310667133,0.02007247984728552,0.013322984018369897,0.026711775068419305,0.02005783034864165,0.012097488020918002,2.1908945253866934e-05,2.1834156484461868e-05,3.578889545037741e-05,1,sens_noise_burst,1
651.0,2.2e-05,1.4e-05,0.02687430504474536,0.020077419246403026,0.01332597187162359,0.026813462503331404,0.019660179869471404,0.015078595572746921,2.1910674058743967e-05,2.1837312814891423e-05,3.579290828913109e-05,1,sens_noise_burst,1
652.0,2.2e-05,1.4e-05,0.026880202672981444,0.02008226474997972,0.013328902908452121,0.02687635433697016,0.019872374969673232,0.008245719786527292,2.191236982568197e-05,2.1840408732227915e-05,3.5796844383447685e-05,1,sens_noise_burst,1
653.0,2.2e-05,1.4e-05,0.026885988445109747,0.02008701757275202,0.013331778645931627,0.02708381035120705,0.020813794584900618,0.013159524102406577,2.1914034559075854e-05,2.1843443773342567e-05,3.580070579559256e-05,1,sens_noise_burst,1
654.0,2.2e-05,1.4e-05,0.026891664768689434,0.020091678901989166,0.013334600574238019,0.02723597815305204,0.0196276577759237,0.019190972066715342,2.1915670232433537e-05,2.18464174739411e-05,3.580449455035072e-05,1,sens_noise_burst,1
655.0,2.2e-05,1.4e-05,0.026897233448149534,0.02009625112469913,0.013337369253751537,0.02610468825538539,0.0200527680740964,0.023059188914755765,2.1917275913533347e-05,2.1849332811524708e-05,3.5808211423040465e-05,1,sens_noise_burst,1
656.0,2.2e-05,1.4e-05,0.02690269626220312,0.02010073653756506,0.013340085258178737,0.027524856420352694,0.02047413627963397,0.015837795720285364,2.191885077440502e-05,2.1852192594007925e-05,3.581185720610965e-05,1,sens_noise_burst,1
657.0,2.2e-05,1.4e-05,0.026908055065327917,0.02010513715753181,0.013342749325945159,0.026762837913473586,0.020886600256487173,0.011627494220668713,2.1920394559940174e-05,2.185499890918845e-05,3.581543291233146e-05,1,sens_noise_burst,1
658.0,2.2e-05,1.4e-05,0.02691331175397579,0.02010945479974663,0.013345362304070452,0.02670291945731894,0.019944752188490067,0.010335658053125172,2.1921907407684994e-05,2.1857753341883054e-05,3.581893969939263e-05,1,sens_noise_burst,1
659.0,2.2e-05,1.4e-05,0.02691846826657274,0.020113691077559163,0.013347925148168375,0.027472775903686214,0.020197986314837647,0.004359294257432086,2.1923389847703913e-05,2.1860456974288763e-05,3.582237886984352e-05,1,sens_noise_burst,1
660.0,2.2e-05,1.4e-05,0.026923526583518917,0.02011784740252146,0.013350438922446792,0.0266529057125867,0.01954195486772839,0.015045258646518329,2.1924842802451572e-05,2.186311038632504e-05,3.5825751871052055e-05,1,sens_noise_burst,1
661.0,2.2e-05,1.4e-05,0.026928488727188605,0.020121924984387952,0.013352904799707672,0.026488792226203692,0.02020900037232397,0.0132894379470124,2.1926267586652675e-05,2.1865713655957756e-05,3.582906029516119e-05,0,normal,-1
662.0,2.2e-05,1.4e-05,0.02693335676193023,0.020125924831115492,0.013355324061347098,0.025988160832920534,0.020301440867076147,0.014498498038480101,2.1927665907189177e-05,2.1868266359505532e-05,3.583230587904981e-05,0,normal,-1
663.0,2.2e-05,1.4e-05,0.02693813279292648,0.020129847751426365,0.013357698095488306,0.027566978011039207,0.020249643877455887,0.013330009667718714,2.1929039857030592e-05,2.187076757908183e-05,3.583549050179242e-05,0,normal,-1
664.0,2.2e-05,1.4e-05,0.026942818568540045,0.02013369523748386,0.013360027750112174,0.026049676883992543,0.019944813192221363,0.012837888912607802,2.193038985333276e-05,2.187321837243063e-05,3.5838615317005266e-05,0,normal,-1
665.0,2.2e-05,1.4e-05,0.026947415445831537,0.02013746952085343,0.01336231328498944,0.0262883558222056,0.02023522155894519,0.013766780636301787,2.193171449232945e-05,2.18756219397654e-05,3.58416806887221e-05,0,normal,-1
666.0,2.2e-05,1.4e-05,0.026951924917704203,0.020141172429391757,0.013364555218904329,0.025887157164545944,0.019301270669028935,0.01261966689112438,2.1933013239281204e-05,2.1877980409789842e-05,3.584468732790153e-05,0,normal,-1
667.0,2.2e-05,1.4e-05,0.026956348524267343,0.02014480559655771,0.013366754180635102,0.026756113475529888,0.020622220936865086,0.01359012902819981,2.1934285948486827e-05,2.1880295418696837e-05,3.584763609246637e-05,0,normal,-1
668.0,2.2e-05,1.4e-05,0.026960687852836295,0.020148370461412372,0.013368910908954068,0.026026021288376586,0.019433510724137067,0.013711643814620601,2.1935532863166432e-05,2.1882568110467176e-05,3.5850527987256005e-05,0,normal,-1
669.0,2.2e-05,1.4e-05,0.026964944537932453,0.020151868268619016,0.013371026252627581,0.02755130864639823,0.0195940318221798,0.0134234053623237,2.193675461535153e-05,2.1884799137152413e-05,3.585336416398203e-05,0,normal,-1
670.0,2.2e-05,1.4e-05,0.026969120261283248,0.020155300068443113,0.01337310117041604,0.026624800590105933,0.0193483536710191,0.01340512688448974,2.1937952225781793e-05,2.1886988659142862e-05,3.585614592118703e-05,0,normal,-1
671.0,2.2e-05,1.4e-05,0.026973216751822165,0.02015866671675234,0.013375136731073888,0.026389142922184326,0.019785600780852525,0.012940487860189628,2.1939127103808206e-05,2.1889136345421224e-05,3.5858874704206515e-05,0,normal,-1
672.0,2.2e-05,1.4e-05,0.02697723578568873,0.020161968875016572,0.013377134113349613,0.027165530436680532,0.020222215600235367,0.012143361693222283,2.1940281047301923e-05,2.1891241373802006e-05,3.5861552105133503e-05,0,normal,-1
673.0,2.2e-05,1.4e-05,0.026981179100024698,0.02016520720206061,0.013379094465655574,0.026442276281169883,0.020727380478334837,0.013869020635768827,2.1941415795180573e-05,2.1893302966838065e-05,3.586417967470043e-05,0,normal,-1
674.0,2.2e-05,1.4e-05,0.026985047840181593,0.020168383569604112,0.01338101801164038,0.02692185699425981,0.021013473090517012,0.01319133709665361,2.1942530181349386e-05,2.1895323795050264e-05,3.58667577235953e-05,0,normal,-1
675.0,2.2e-05,1.4e-05,0.026988843153211595,0.02017149974469233,0.013382905015431976,0.027443725946870695,0.020860254460636916,0.013686268627407986,2.194362321109558e-05,2.1897306293631585e-05,3.5869286616457806e-05,0,normal,-1
676.0,2.2e-05,1.4e-05,0.026992566271393813,0.020174557229675625,0.013384755907723884,0.02659040497383208,0.020209705842270203,0.013865628243160802,2.1944694452979726e-05,2.189925220120759e-05,3.5871766940823514e-05,0,normal,-1
677.0,2.2e-05,1.4e-05,0.026996218478665405,0.020177557338354506,0.013386571230561814,0.0268105434829993,0.019794411289722758,0.013532557705604463,2.1945743862135077e-05,2.1901162771999424e-05,3.5874199433071005e-05,0,normal,-1
678.0,2.2e-05,1.4e-05,0.026999801110621575,0.020180501195979646,0.01338835163734367,0.02662943545368201,0.019987134706787237,0.013482289270801367,2.194677178017279e-05,2.1903038776059732e-05,3.587658497838034e-05,0,normal,-1
679.0,2.2e-05,1.4e-05,0.02700331555451558,0.02018338973925187,0.013390097892819542,0.02684709144032823,0.020122479365249676,0.012756759098462939,2.194777893509287e-05,2.1904880499496186e-05,3.58789246106943e-05,0,normal,-1
680.0,2.2e-05,1.4e-05,0.02700676324925871,0.020186223716322154,0.01339181087309171,0.028535885304375314,0.020421270432977475,0.013259472810120375,2.1948766441200627e-05,2.190668774468319e-05,3.588121951268227e-05,0,normal,-1
681.0,2.2e-05,1.4e-05,0.027010145685420317,0.020189003686791638,0.013393491565614644,0.025944137553011736,0.02010932494386442,0.013155008431697948,2.194973579902822e-05,2.1908459830462147e-05,3.588347101570667e-05,0,normal,-1
682.0,2.2e-05,1.4e-05,0.027013464405227793,0.020191730021711603,0.013395141069195005,0.027470082132978402,0.020496578421477694,0.013195986658202067,2.1950688895260567e-05,2.1910195592329895e-05,3.588568059979175e-05,0,normal,-1
683.0,2.2e-05,1.4e-05,0.02701672067461249,0.020194403629072804,0.013396760061851868,0.027045937324441646,0.01946270633864528,0.01468331351355211,2.1951626307874297e-05,2.191189540957033e-05,3.5887849180834385e-05,0,normal,-1
684.0,2.2e-05,1.4e-05,0.027019915303977324,0.020197026336134006,0.013398348515498053,0.02667170996242791,0.020019417080047248,0.012682903036776178,2.1952546403019157e-05,2.191356228063248e-05,3.5889976728648795e-05,0,normal,-1
685.0,2.2e-05,1.4e-05,0.02702304925802257,0.020199599556653507,0.013399906679266733,0.027531742131327298,0.019917369411025176,0.013921764274420542,2.195344846048337e-05,2.1915198089809332e-05,3.589206358418732e-05,0,normal,-1
686.0,2.2e-05,1.4e-05,0.027026123557064213,0.02020212452007082,0.013401434915211395,0.02765156433041083,0.01996039542516221,0.013246484906814609,2.195433214609174e-05,2.1916804241732667e-05,3.589411023940547e-05,0,normal,-1
687.0,2.2e-05,1.4e-05,0.02702913927694808,0.020204602271698527,0.013402933698165758,0.026579607669022003,0.020223166400955277,0.01289704285021345,2.1955197511176857e-05,2.1918381662106503e-05,3.5896117337036046e-05,0,normal,-1
688.0,2.2e-05,1.4e-05,0.02703209754904981,0.02020703367272228,0.013404403615743778,0.02698837286594197,0.020259973975578476,0.01320579335003242,2.1956044992501862e-05,2.1919930797894996e-05,3.589808567055318e-05,0,normal,-1
689.0,2.2e-05,1.4e-05,0.027034999560274883,0.020209419400200792,0.01340584536833964,0.026730332929392687,0.020332602608055098,0.012879409637064684,2.1956875412188165e-05,2.1921451617500537e-05,3.590001618413892e-05,0,normal,-1
690.0,2.2e-05,1.4e-05,0.027037846553058596,0.020211759947065856,0.013407259769127766,0.02726381887867168,0.020137982844024564,0.013253336377034425,2.1957689977647452e-05,2.192294361093243e-05,3.5901909972651945e-05,0,normal,-1
691.0,2.2e-05,1.4e-05,0.02704063982536608,0.02021405562212232,0.013408647744062807,0.027130520027050124,0.020520369283665525,0.012338192906498008,2.1958490281517833e-05,2.192440578996611e-05,3.5903768281598386e-05,0,normal,-1
692.0,2.2e-05,1.4e-05,0.02704338069190316,0.0202163066360378,0.013410010268888672,0.027035049837020524,0.02010066082042222,0.012933854665671037,2.1959278100927684e-05,2.192583692825606e-05,3.5905592422774746e-05,0,normal,-1
693.0,2.2e-05,1.4e-05,0.027046069932973746,0.020218514314481986,0.013411347477463064,0.02726199081288491,0.0196820530232117,0.013571308483893213,2.196005256016729e-05,2.192723895141202e-05,3.590738258058284e-05,0,normal,-1
694.0,2.2e-05,1.4e-05,0.0270487082235558,0.020220680143786016,0.013412659359824872,0.027304805684489727,0.020604383277478586,0.012744911796034118,2.1960812355882906e-05,2.1928614274795012e-05,3.5909138746770906e-05,0,normal,-1
695.0,2.2e-05,1.4e-05,0.02705129635369607,0.02022280530283281,0.013413946112263047,0.027795222414662583,0.019739866021073568,0.013099553677575244,2.1961556864315743e-05,2.1929964485797132e-05,3.591086118907127e-05,0,normal,-1
696.0,2.2e-05,1.4e-05,0.027053835172310546,0.020224890789737673,0.013415208045247904,0.026623451310675283,0.02094807198222803,0.0138248039736164,2.19622858471036e-05,2.1931290696372648e-05,3.591255032790129e-05,0,normal,-1
697.0,2.2e-05,1.4e-05,0.02705632558718446,0.020226937421848282,0.013416445583431113,0.027024429182553798,0.019643445369734527,0.013888569331663474,2.1962999451213967e-05,2.193259354319688e-05,3.5914206736330687e-05,0,normal,-1
698.0,2.2e-05,1.4e-05,0.027058768564972302,0.020228945835744697,0.013417659265645697,0.028283752770671917,0.019779615960543277,0.013370830343432127,2.1963698208881038e-05,2.193387318781689e-05,3.5915831140050844e-05,0,normal,-1
699.0,2.2e-05,1.4e-05,0.027061165131197808,0.020230916487239348,0.013418849744906038,0.026743469375416964,0.020466922131162406,0.01330806260051468,2.196438303754681e-05,2.1935129316794248e-05,3.59174244173462e-05,0,normal,-1
700.0,2.2e-05,1.4e-05,0.02706351637025396,0.02023284965137705,0.013420017788407877,0.027680247027695126,0.020529259514306324,0.0127972371613518,2.1965055239805654e-05,2.1936361141840243e-05,3.591898759906738e-05,0,normal,-1
701.0,2.2e-05,1.4e-05,0.027065823425402986,0.020234745422434988,0.013421164277528302,0.026577473690855734,0.020189151798842314,0.013439957108550575,2.196571650335212e-05,2.1937567399943165e-05,3.592052186860619e-05,0,normal,-1
702.0,2.2e-05,1.4e-05,0.02706808731699493,0.020236604115229342,0.013422289913344406,0.027432488236636746,0.020406510448369823,0.0140930734752021,2.196636796348243e-05,2.1938747473534968e-05,3.592202816781236e-05,0,normal,-1
703.0,2.2e-05,1.4e-05,0.027070308495555286,0.02023842724278035,0.013423394496113489,0.026984496818891385,0.020868320832611247,0.01352981176203059,2.1967007912913382e-05,2.1939904123823644e-05,3.592350623292997e-05,0,normal,-1
704.0,2.2e-05,1.4e-05,0.027072487537946374,0.020240215985760163,0.013424478050667793,0.027278637206633337,0.020896530310690636,0.013364094673651494,2.1967635381943512e-05,2.1941039214937936e-05,3.5924956100670474e-05,0,normal,-1
705.0,2.2e-05,1.4e-05,0.027074625094053797,0.020241971321491376,0.013425540735715145,0.02693006823258281,0.019576003436978136,0.01245635933466577,2.196824984525688e-05,2.194215406778803e-05,3.592637798679659e-05,0,normal,-1
706.0,2.2e-05,1.4e-05,0.02707672187539079,0.02024369404931798,0.013426582825296195,0.02772641393581255,0.02081328591522976,0.013133584586950782,2.1968851162752565e-05,2.1943249530894614e-05,3.592777226127896e-05,0,normal,-1
707.0,2.2e-05,1.4e-05,0.027078778655098213,0.020245384790605336,0.013427604708784426,0.027061202917166106,0.019825357863995714,0.013256179711108138,2.196943957948998e-05,2.1944325980516572e-05,3.592913944826841e-05,0,normal,-1
708.0,2.2e-05,1.4e-05,0.027080796267944556,0.02024704398874019,0.01342860689088614,0.026998364664588437,0.020488273086235277,0.013575445084381021,2.1970015725637587e-05,2.1945383320772216e-05,3.593048022607006e-05,0,normal,-1
709.0,2.2e-05,1.4e-05,0.027082775610325942,0.020248671909130662,0.01342958999164047,0.027322361592662773,0.021111646800093486,0.013267846906322453,2.1970580616424888e-05,2.1946420983754214e-05,3.593179542711903e-05,0,normal,-1
710.0,2.2e-05,1.4e-05,0.02708471764026612,0.020250268639206266,0.013430554746419375,0.026731575946291823,0.020202822818522634,0.01351054736041843,2.1971135652097265e-05,2.194743792963825e-05,3.593308603795764e-05,0,normal,-1
711.0,2.2e-05,1.4e-05,0.027086623373795166,0.020251834096430086,0.013431502000055669,0.02591804770359387,0.01985376962208902,0.012972775984314136,2.1971682599174108e-05,2.1948432669125097e-05,3.593435319135927e-05,0,normal,-1
712.0,2.2e-05,1.4e-05,0.027088493446620256,0.02025336899341407,0.01343243199789736,0.026338542655892225,0.020058854244235744,0.014004277529369504,2.1972221334650246e-05,2.1949405957048958e-05,3.5935597217993416e-05,0,normal,-1
713.0,2.2e-05,1.4e-05,0.0270903281791601,0.020254874686699436,0.013433344494115729,0.02673228503189226,0.019765876121573826,0.013077804389352854,2.197275019380782e-05,2.195036037432125e-05,3.593681779144194e-05,0,normal,-1
714.0,2.2e-05,1.4e-05,0.027092128046132327,0.02025635215383161,0.01343423950701343,0.02795284521345338,0.020536334768123044,0.012952785995901925,2.1973268369202255e-05,2.19512974666661e-05,3.5938014938575246e-05,0,normal,-1
715.0,2.2e-05,1.4e-05,0.027093893586073278,0.020257802196887838,0.013435117171030051,0.02823520694258351,0.020030735707577362,0.013826324671741667,2.1973775438029442e-05,2.195221831037554e-05,3.593918884154854e-05,0,normal,-1
716.0,2.2e-05,1.4e-05,0.027095625401338,0.020259225442477193,0.013435977736742098,0.026424245355836172,0.019451391976424485,0.013448760712083774,2.1974271362078346e-05,2.1953123512418027e-05,3.594033983777716e-05,0,normal,-1
717.0,2.2e-05,1.4e-05,0.027097324158100254,0.020260622341740562,0.01343682157086301,0.02717988281024596,0.019929009908012416,0.013569320621436828,2.197475648768645e-05,2.195401321054133e-05,3.5941468419913345e-05,0,normal,-1
718.0,2.2e-05,1.4e-05,0.027098990586352508,0.02026199317035066,0.013437649156243152,0.02676015660353352,0.01993907496817828,0.014015517554754406,2.1975231545698046e-05,2.1954887073370285e-05,3.59425752358245e-05,0,normal,-1
719.0,2.2e-05,1.4e-05,0.027100625479905945,0.020263338028512018,0.013438461091869813,0.027228410629475626,0.020560893044428766,0.013618445722351182,2.197569765142522e-05,2.195574430049941e-05,3.5943661088572764e-05,0,normal,-1
720.0,2.2e-05,1.4e-05,0.027102229696390454,0.020264656840960984,0.013439258092867213,0.026461548846927384,0.020574242816828285,0.012610889817497995,2.1976156304611013e-05,2.1956583622580247e-05,3.5944726936395946e-05,0,normal,-1
721.0,2.2e-05,1.4e-05,0.027103804092221198,0.020265949500356182,0.013440040885254669,0.027285157813497874,0.02037755931571098,0.013723963470692751,2.197660905446083e-05,2.1957403701299708e-05,3.594577375195328e-05,0,normal,-1
722.0,2.2e-05,1.4e-05,0.027105348961503368,0.020267217099146823,0.013440809299977164,0.026707254501946824,0.020527211707870443,0.012397135105339093,2.197705461844165e-05,2.1958206567726597e-05,3.594680131084273e-05,0,normal,-1
723.0,2.2e-05,1.4e-05,0.027106864579926716,0.020268460730204628,0.01344156315317151,0.026512152279362745,0.02029212703266207,0.013963788080799292,2.1977491683847147e-05,2.1958994277083896e-05,3.5947809368855885e-05,0,normal,-1
724.0,2.2e-05,1.4e-05,0.027108351332614196,0.020269681215647872,0.013442302448960948,0.026781176633949758,0.020720829482001837,0.013574580078900347,2.1977919548982918e-05,2.195976814651354e-05,3.5948797933146635e-05,0,normal,-1
725.0,2.2e-05,1.4e-05,0.027109809670285867,0.02027087920428644,0.01344302730821243,0.026102917809758958,0.019784131138287454,0.013991860704743139,2.197833789608467e-05,2.196052902649432e-05,3.594976716693624e-05,0,normal,-1
726.0,2.2e-05,1.4e-05,0.02711124010925887,0.020272055171621853,0.01344373796853662,0.02744998775597408,0.021028499542911517,0.013657154573317098,2.1978746791279476e-05,2.1961277300929383e-05,3.595071738949271e-05,0,normal,-1
727.0,2.2e-05,1.4e-05,0.027112643231447454,0.020273209419847244,0.0134444347842879,0.026684942885469628,0.01950904550228376,0.013451239119817236,2.197914668454956e-05,2.196201288722934e-05,3.595164907611152e-05,0,normal,-1
728.0,2.2e-05,1.4e-05,0.02711401968436296,0.02027434207784738,0.01344511822656436,0.02786345712242892,0.01967063511454233,0.014095945016923163,2.1979538409698425e-05,2.196273523639126e-05,3.59525628580974e-05,0,normal,-1
729.0,2.2e-05,1.4e-05,0.027115370181113815,0.020275453101198646,0.013445788883207804,0.027535717625395934,0.020647543340465792,0.012849910706398716,2.19799231843191e-05,2.196344333307346e-05,3.595345952274735e-05,0,normal,-1
730.0,2.2e-05,1.4e-05,0.027116695500405557,0.020276542272169046,0.01344644745880375,0.02773662437061085,0.020339368610386294,0.013028916215747971,2.1980302609764073e-05,2.196413569566573e-05,3.595434001333462e-05,0,normal,-1
731.0,2.2e-05,1.4e-05,0.027117996264718298,0.020277609687806154,0.013447094416152846,0.0269174705472512,0.020154456966080776,0.013262084555840143,2.198067753051435e-05,2.1964811737581918e-05,3.595520494977191e-05,0,normal,-1
732.0,2.2e-05,1.4e-05,0.02711927256024947,0.020278656590924437,0.013447729364030466,0.02778712631985754,0.020796631535938786,0.013710013011715903,2.1981046088513755e-05,2.1965474087530525e-05,3.595605381016055e-05,0,normal,-1
733.0,2.2e-05,1.4e-05,0.02712052462851073,0.02027968385280236,0.013448352173326456,0.02778593270668952,0.021075641219572918,0.014577116182006924,2.1981407272279763e-05,2.1966124355123322e-05,3.5956886423038066e-05,0,normal,-1
734.0,2.2e-05,1.4e-05,0.027121752784343957,0.02028069215936845,0.013448962842316512,0.026928924582058783,0.020157571900625927,0.012586600152316415,2.1981760485986333e-05,2.196676364697386e-05,3.5957702787228005e-05,0,normal,-1
735.0,2.2e-05,1.4e-05,0.027122957409750677,0.020281682024839487,0.013449561486665419,0.027162152790918548,0.020719032514993446,0.013919166800751642,2.198210551760334e-05,2.1967392604774715e-05,3.5958503058456704e-05,0,normal,-1
736.0,2.2e-05,1.4e-05,0.02712413895389204,0.020282653791720492,0.013450148339427046,0.027859149563776085,0.020407151280005663,0.013195521622687672,2.1982442538864983e-05,2.1968011405368278e-05,3.595928754933609e-05,0,normal,-1
737.0,2.2e-05,1.4e-05,0.027125297933088828,0.020283607630804727,0.013450723751044344,0.02721327754440697,0.019525596417717856,0.013570728118184137,2.198277210524029e-05,2.1968619760814182e-05,3.596005672934765e-05,0,normal,-1
738.0,2.2e-05,1.4e-05,0.027126434930821456,0.020284543541173705,0.013451288189349354,0.026776403280256756,0.02035328311505911,0.013087824913313135,2.198309515590559e-05,2.1969216918453363e-05,3.5960811224827345e-05,0,normal,-1
739.0,2.2e-05,1.4e-05,0.027127550597729973,0.02028546135019718,0.013451842239563198,0.02767985340570184,0.02075980352143571,0.013100367606784413,2.198341301371869e-05,2.196980166096862e-05,3.59615518189514e-05,0,normal,-1
740.0,2.2e-05,1.4e-05,0.02712864564508189,0.020286360727924814,0.013452386593732449,0.027744954407918465,0.020047170999177345,0.013079795472699652,2.1983727351580728e-05,2.1970372346555147e-05,3.5962279437603094e-05,0,normal,-1
741.0,2.2e-05,1.4e-05,0.027129720381625113,0.020287242204688555,0.013452921302819132,0.026688548521487117,0.02098866514383818,0.013579065740425444,2.198403781368161e-05,2.197092974684597e-05,3.5962994149687064e-05,0,normal,-1
742.0,2.2e-05,1.4e-05,0.027130774844491532,0.02028810687895448,0.013453445989852608,0.027360950010307448,0.02037083240189129,0.013722387275513514,2.198434269524138e-05,2.1971476234405447e-05,3.5963695452114626e-05,0,normal,-1
743.0,2.2e-05,1.4e-05,0.02713180922559229,0.02028895548691964,0.013453960536035425,0.02715096985336288,0.02077957914384132,0.013122882854115116,2.19846411221545e-05,2.1972013184295468e-05,3.596438318688885e-05,0,normal,-1
744.0,2.2e-05,1.4e-05,0.0271328237854216,0.020289788594113234,0.013454464940700277,0.027709688478472782,0.02032357909565819,0.012960978850034806,2.1984932604683883e-05,2.1972541507250907e-05,3.59650573538962e-05,0,normal,-1
745.0,2.2e-05,1.4e-05,0.027133818853056733,0.0202906065953966,0.013454959321309997,0.02676942651879641,0.020324920865425825,0.01290905424107656,2.198521703743337e-05,2.1973061649740232e-05,3.596571811089139e-05,0,normal,-1
746.0,2.2e-05,1.4e-05,0.02713479482615803,0.02029140971496322,0.013455443913457555,0.02780835015482261,0.020575279107567852,0.012521243044904677,2.198549469932191e-05,2.1973573594023076e-05,3.596636577348318e-05,0,normal,-1
747.0,2.2e-05,1.4e-05,0.027135752170968894,0.02029219800633874,0.013455919070866063,0.027611733039927557,0.019592105099248178,0.013233126155253627,2.198576625355953e-05,2.1974076858205127e-05,3.59670008151211e-05,0,normal,-1
748.0,2.2e-05,1.4e-05,0.0271366914223158,0.02029297135238093,0.013456385265388771,0.026956531976639754,0.020018918098401832,0.013542573086133809,2.1986032747625022e-05,2.1974570496290254e-05,3.596762386708282e-05,0,normal,-1
749.0,2.2e-05,1.4e-05,0.02713761318360829,0.020293729465279724,0.013456843087009071,0.026869803377362663,0.02081627420906159,0.01367199882923688,2.1986295613244704e-05,2.1975053098229652e-05,3.596823571846245e-05,0,normal,-1
750.0,2.2e-05,1.4e-05,0.027138518056900467,0.02029447204035844,0.013457293130860488,0.02655507157790422,0.020335641154509376,0.013442506624463137,2.1986556306988972e-05,2.1975523218700833e-05,3.59688371651721e-05,0,normal,-1
751.0,2.2e-05,1.4e-05,0.02713940608224264,0.020295199985943473,0.013457735092719816,0.027864178171161054,0.020065510686120124,0.013868444529238933,2.198681343427926e-05,2.197598280710497e-05,3.59694278011744e-05,0,normal,-1
752.0,2.2e-05,1.4e-05,0.0271402772978217,0.02029591419161618,0.013458168673870455,0.026661265796728898,0.020448986744369273,0.013519384045421969,2.1987065627716408e-05,2.1976433773690765e-05,3.5970007227807975e-05,0,normal,-1
753.0,2.2e-05,1.4e-05,0.02714113185357417,0.020296615284402193,0.013458593762327473,0.027053447087400297,0.02122142443527781,0.014084898070803382,2.198731212117013e-05,2.1976877306550663e-05,3.597057529596432e-05,0,normal,-1
754.0,2.2e-05,1.4e-05,0.027141969969226108,0.020297303721467926,0.013459010364892476,0.028110561807428863,0.019329857630952317,0.014896671325956403,2.198755253345983e-05,2.1977314129839372e-05,3.59711320152707e-05,0,normal,-1
755.0,2.2e-05,1.4e-05,0.0271427919342931,0.020297979790120563,0.013459418607153611,0.02755571939145702,0.0203134938648892,0.013347875092049944,2.1987786868332036e-05,2.197774450382299e-05,3.5971677554077655e-05,0,normal,-1
756.0,2.2e-05,1.4e-05,0.02714359810808026,0.02029864360780806,0.013459818733485562,0.027310757343477644,0.020110527734934016,0.014906428525809534,2.1988015514439367e-05,2.1978168224925996e-05,3.59722122394472e-05,0,normal,-1
757.0,2.2e-05,1.4e-05,0.027144388919682242,0.020299295122119143,0.013460211107049555,0.027283399662223134,0.01981291549229499,0.012811366854994502,2.198823924532105e-05,2.1978584625775954e-05,3.597273655714186e-05,0,normal,-1
758.0,2.2e-05,1.4e-05,0.027145164867983216,0.02029993411078331,0.013460596209793355,0.027054715478626243,0.021258834187451846,0.013987438236702045,2.198845921938469e-05,2.1978992575246087e-05,3.597325115161422e-05,0,normal,-1
759.0,2.2e-05,1.4e-05,0.02714592652165689,0.020300560181670844,0.013460974642451265,0.026459962430835,0.020151456335664644,0.012961481470277154,2.198867697988886e-05,2.1979390478495015e-05,3.597375682599719e-05,0,normal,-1
760.0,2.2e-05,1.4e-05,0.027146674296982892,0.02030117326083717,0.013461346765871528,0.02744858529571517,0.02082948979593352,0.013871151865244818,2.1988893314240363e-05,2.197977763746515e-05,3.59742540628344e-05,0,normal,-1
761.0,2.2e-05,1.4e-05,0.027147408075969087,0.02030177442834381,0.013461712085710214,0.026587553022685548,0.019675409016624287,0.012548216256577632,2.1989106298325735e-05,2.198015658235619e-05,3.597474220193952e-05,0,normal,-1
762.0,2.2e-05,1.4e-05,0.027148127901427226,0.02030236439399556,0.013462070373544986,0.028240589776030493,0.01958040638190022,0.01299789135340644,2.1989314861016324e-05,2.1980528821037612e-05,3.597522093847191e-05,0,normal,-1
763.0,2.2e-05,1.4e-05,0.027148833893184735,0.02030294368469832,0.013462421530347908,0.02634128437321943,0.019194283817485426,0.013011984651015362,2.198951834865449e-05,2.1980895359517962e-05,3.5975690140490526e-05,0,normal,-1
764.0,2.2e-05,1.4e-05,0.02714952624175574,0.020303512658396364,0.013462765576255007,0.027015274297537854,0.020756192705384886,0.013176847060108073,2.1989716492484377e-05,2.198125674081917e-05,3.597614983527287e-05,0,normal,-1
765.0,2.2e-05,1.4e-05,0.027150205208341067,0.02030407150407238,0.013463102650566288,0.027177696679993806,0.02145145212078241,0.013087969833478706,2.198990940863345e-05,2.1981613045016564e-05,3.5976600209304684e-05,0,normal,-1
766.0,2.2e-05,1.4e-05,0.027150871124828228,0.020304620241747454,0.013463433011745725,0.02685702883602179,0.02080336813707795,0.013241489282508779,2.1990097598095402e-05,2.1981963889277092e-05,3.5977041608270274e-05,1,sens_stuck,2
767.0,2.2e-05,1.4e-05,0.02715152439379144,0.020305158722481058,0.01346375703742126,0.027180063980596643,0.02080336813707795,0.014501085273012988,2.199028194671444e-05,2.198230842789591e-05,3.5977474537043386e-05,1,sens_stuck,2
768.0,2.2e-05,1.4e-05,0.027152165488491628,0.020305686628371077,0.013464075224384814,0.027513296153740017,0.02080336813707795,0.012770794737160172,2.199046372517039e-05,2.1982645352330956e-05,3.597789965967868e-05,1,sens_stuck,2
769.0,2.2e-05,1.4e-05,0.027152794946964938,0.020306203485548582,0.01346438817904632,0.02790033752927776,0.02080336813707795,0.013025080503708384,2.1990644558601735e-05,2.1982972927447002e-05,3.597831778664972e-05,1,sens_stuck,2
770.0,2.2e-05,1.4e-05,0.027153412911813665,0.020306709674245735,0.013464695874886298,0.02724381462719732,0.02080336813707795,0.013688523693910538,2.199082406541187e-05,2.198329180710559e-05,3.597872888276932e-05,1,sens_stuck,2
771.0,2.2e-05,1.4e-05,0.027154019251255723,0.020307206160519738,0.01346499784877756,0.027166538345950998,0.02080336813707795,0.014241686644037289,2.1991000482580688e-05,2.1983604287627027e-05,3.5979132329529254e-05,1,sens_stuck,2
772.0,2.2e-05,1.4e-05,0.027154613993388803,0.020307693546791888,0.013465293900276993,0.027355982383686365,0.02080336813707795,0.0131312037811302,2.199117288786647e-05,2.1983911659043757e-05,3.5979527859392897e-05,1,sens_stuck,2
773.0,2.2e-05,1.4e-05,0.027155197237634588,0.020308172267501815,0.013465583948245742,0.027197307767370595,0.02080336813707795,0.013271516098024625,2.1991340743356647e-05,2.1984214749808443e-05,3.59799153642202e-05,1,sens_stuck,2
774.0,2.2e-05,1.4e-05,0.02715576915473876,0.02030864258910747,0.013465868030849214,0.026797346192698905,0.02080336813707795,0.013031771155949667,2.1991503895451745e-05,2.198451392682806e-05,3.5980294895258736e-05,1,sens_stuck,2
775.0,2.2e-05,1.4e-05,0.027156329986770988,0.020309104610085144,0.013466146305557076,0.027176706665224114,0.02080336813707795,0.01264088991443984,2.1991662574850376e-05,2.198480909549652e-05,3.598066666313517e-05,1,sens_stuck,2
776.0,2.2e-05,1.4e-05,0.027156880047124937,0.020309558260929457,0.013466419049143254,0.02780279964282626,0.02080336813707795,0.014519487302872116,2.1991817396535447e-05,2.198509969972579e-05,3.598103103784735e-05,1,sens_stuck,2
777.0,2.2e-05,1.4e-05,0.02715741972051826,0.02031000330415336,0.013466686657685936,0.0272289748497799,0.02080336813707795,0.01360534783283686,2.1991969359761436e-05,2.19853847219758e-05,3.598138854875685e-05,1,sens_stuck,2
778.0,2.2e-05,1.4e-05,0.027157949462992614,0.020310439334288128,0.013466949646567566,0.02717716692984963,0.02080336813707795,0.013264934890112458,2.1992119848042283e-05,2.198566268328246e-05,3.598173988458191e-05,1,sens_stuck,2
779.0,2.2e-05,1.4e-05,0.02715846973497245,0.020310865924881953,0.013467208542442856,0.027109473712115778,0.02080336813707795,0.013261724176786617,2.1992270285586978e-05,2.1985932052938722e-05,3.598208574906924e-05,1,sens_stuck,2
780.0,2.2e-05,1.4e-05,0.027158980440619845,0.02031128385790852,0.013467462979117361,0.027467426105674375,0.02080336813707795,0.013464740979890973,2.1992419262783852e-05,2.198619467554077e-05,3.598242565317665e-05,1,sens_stuck,2
781.0,2.2e-05,1.4e-05,0.027159481479297583,0.020311693912763846,0.013467712587539574,0.027387629877912465,0.02080336813707795,0.014165628714365235,2.199256536649172e-05,2.19864523960379e-05,3.598275910406093e-05,1,sens_stuck,2
782.0,2.2e-05,1.4e-05,0.0271599728656948,0.02031209660595931,0.013467957188333903,0.027405663247969912,0.02080336813707795,0.01315644528931062,2.199270779093919e-05,2.1986706332366327e-05,3.598308586227764e-05,1,sens_stuck,2
783.0,2.2e-05,1.4e-05,0.027160454686376675,0.02031249228678818,0.013468196721582367,0.027013811222157815,0.02080336813707795,0.014289213084587431,2.1992846114310318e-05,2.198695714194252e-05,3.598340584796672e-05,1,sens_stuck,2
784.0,2.2e-05,1.4e-05,0.027160927099784425,0.02031288113732561,0.013468431246824595,0.025994002874660426,0.02080336813707795,0.013026423248012672,2.199298029873148e-05,2.198720502169086e-05,3.598371914084512e-05,1,sens_stuck,2
785.0,2.2e-05,1.4e-05,0.027161390336235318,0.020313263172428635,0.013468660943057832,0.02686260719806738,0.02080336813707795,0.013817735032631884,2.1993110690259202e-05,2.1987449708070253e-05,3.5984025980199796e-05,1,sens_stuck,2
786.0,2.2e-05,1.4e-05,0.027161844697922665,0.02031363823973618,0.013468886108736934,0.027156488215593196,0.02080336813707795,0.012706577285478929,2.1993238018869067e-05,2.1987690477099655e-05,3.5984326764881287e-05,1,sens_stuck,2
787.0,2.2e-05,1.4e-05,0.02716229055891582,0.020314006019669047,0.013469107161774364,0.02671543937162344,0.02080336813707795,0.012313605962353143,2.1993363398445404e-05,2.198792614438245e-05,3.598462205329749e-05,1,sens_stuck,2
788.0,2.2e-05,1.4e-05,0.027162728365160173,0.020314366025429922,0.013469324639540203,0.0275182715793623,0.02080336813707795,0.01374812931614905,2.1993488326771338e-05,2.1988155065129103e-05,3.5984912563407964e-05,1,sens_stuck,2
789.0,2.2e-05,1.4e-05,0.027163158422071877,0.02031471806912984,0.013469538856209296,0.02672344831476389,0.02080336813707795,0.013161408509383726,2.1993613595973765e-05,2.198837643317496e-05,3.5985198715002944e-05,1,sens_stuck,2
790.0,2.2e-05,1.4e-05,0.027163580498702995,0.020315063128735718,0.013469749264862545,0.026059500875447235,0.02080336813707795,0.012727117214782362,2.19937372648563e-05,2.1988592697876096e-05,3.598547977761802e-05,1,sens_stuck,2
791.0,2.2e-05,1.4e-05,0.027163994522495963,0.020315401824809134,0.013469955577744984,0.02759125143503252,0.02080336813707795,0.013306794065766762,2.1993858220490013e-05,2.1988805318221248e-05,3.598575536699553e-05,1,sens_stuck,2
792.0,2.2e-05,1.4e-05,0.027164400500692246,0.020315734594923366,0.013470157638737323,0.027057262313837475,0.02080336813707795,0.012985655000806834,2.199397577193054e-05,2.1989015247830738e-05,3.5986025274721976e-05,1,sens_stuck,2
793.0,2.2e-05,1.4e-05,0.027164798513001062,0.02031606170977585,0.013470355411519946,0.02717785909370633,0.02080336813707795,0.01378918452239509,2.19940896125619e-05,2.1989222979869272e-05,3.5986289452410964e-05,1,sens_stuck,2
794.0,2.2e-05,1.4e-05,0.02716518871159939,0.02031638327318819,0.013470548979572923,0.02627957398634519,0.02080336813707795,0.013560732833132666,2.1994199820085743e-05,2.1989428547068558e-05,3.598654801169712e-05,1,sens_stuck,2
795.0,2.2e-05,1.4e-05,0.02716557132113197,0.020316699222106167,0.013470738546176003,0.026993898552753904,0.02080336813707795,0.013029044461183914,2.199430685651154e-05,2.1989631521749048e-05,3.598680122423037e-05,1,sens_stuck,2
796.0,2.2e-05,1.4e-05,0.02716594663871131,0.02031700932659972,0.013470924434408615,0.02710077228291555,0.02080336813707795,0.013453417869842905,2.1994411568147618e-05,2.1989831015840985e-05,3.5987049521670645e-05,1,sens_stuck,2
797.0,2.2e-05,1.4e-05,0.02716631503391766,0.020317313189862966,0.013471107087149872,0.027210142016425843,0.02080336813707795,0.013610904145421475,2.1994515185592774e-05,2.1990025680904314e-05,3.5987293495682814e-05,1,sens_stuck,2
798.0,2.2e-05,1.4e-05,0.02716667694067649,0.02031761026601215,0.01347128705398616,0.02762940070202976,0.02080336813707795,0.013888281731589078,2.1994619282108334e-05,2.199021375775642e-05,3.5987533880444234e-05,1,sens_stuck,2
799.0,2.2e-05,1.4e-05,0.02716703220355435,0.020317901292613905,0.013471463937479299,0.02685391178609189,0.02080336813707795,0.01304996869301579,2.19947224238349e-05,2.199039706935433e-05,3.598777014516716e-05,1,sens_stuck,2
800.0,2.6e-05,1.8e-05,0.027167720857949697,0.020318187062658557,0.013471977505915682,0.027059995073451,0.02080336813707795,0.013234927722920441,2.1995369308765967e-05,2.199003122807839e-05,3.598845611392245e-05,1,sens_stuck,2
801.0,2.6e-05,1.8e-05,0.027421955197038123,0.020343885871060507,0.013715142025100206,0.02828499653342375,0.02080336813707795,0.013593510796376697,2.2359297677531175e-05,2.1637962827583097e-05,3.631179318085357e-05,1,sens_stuck,2
802.0,2.6e-05,1.8e-05,0.027655422397933952,0.02040939981443432,0.013919471445546637,0.02758847980572195,0.02080336813707795,0.01369618674231096,2.26230207337072e-05,2.1410198984392338e-05,3.658128135853039e-05,1,sens_stuck,2
803.0,2.6e-05,1.8e-05,0.027873732565040187,0.020502081045040164,0.014095202107185864,0.028607143259205072,0.02080336813707795,0.014311030203901674,2.2818292884452193e-05,2.1272768346844867e-05,3.6811472942285734e-05,1,sens_stuck,2
804.0,2.6e-05,1.8e-05,0.028080691552301786,0.02061299092736994,0.01424972291864416,0.027208264622844817,0.02080336813707795,0.014350751216724189,2.296646752420115e-05,2.120024400784857e-05,3.7012698658063454e-05,1,sens_stuck,2
805.0,2.6e-05,1.8e-05,0.028278923437242656,0.020735835183870684,0.01438837558018123,0.028198176620390328,0.02080336813707795,0.015222192802194204,2.3082101496877817e-05,2.1173893518382336e-05,3.719233323586278e-05,1,sens_stuck,2
806.0,2.6e-05,1.8e-05,0.028470243911184412,0.020866198264583764,0.014515013829902413,0.029099942488072413,0.02080336813707795,0.013857685744296959,2.317517965649235e-05,2.1180105263912482e-05,3.7355647492436245e-05,1,sens_stuck,2
807.0,2.6e-05,1.8e-05,0.028655913088115118,0.021000994282944045,0.014632418452000284,0.029016101180715348,0.02080336813707795,0.014030712861071179,2.3252574589641533e-05,2.120908409364298e-05,3.75064187191793e-05,1,sens_stuck,2
808.0,2.6e-05,1.8e-05,0.028836808973330946,0.021138073774812968,0.014742601646404865,0.029610673875278375,0.02080336813707795,0.01480172371140319,2.3319027950189558e-05,2.1253822888452824e-05,3.764736693425014e-05,1,sens_stuck,2
809.0,2.6e-05,1.8e-05,0.02901354574478658,0.021275946919523468,0.014847025044731833,0.028838202241989585,0.02080336813707795,0.014284350253825144,2.337781170738579e-05,2.1309331520727786e-05,3.778046179906261e-05,1,sens_stuck,2
810.0,2.6e-05,1.8e-05,0.029186554128061218,0.021413590881881692,0.014946753589213952,0.029263078549175304,0.02080336813707795,0.015534379889341275,2.343117453317593e-05,2.137207644698352e-05,3.790713648588945e-05,1,sens_stuck,2
811.0,2.6e-05,1.8e-05,0.029356141144404452,0.021550303910820693,0.015042573310360513,0.028177079068551866,0.02080336813707795,0.014368244849670142,2.3480670677867957e-05,2.1439543553249996e-05,3.802844873133059e-05,1,sens_stuck,2
812.0,2.6e-05,1.8e-05,0.029522526820079567,0.021685613835123598,0.015135066402808435,0.028823644205807082,0.02080336813707795,0.01529128498598123,2.3527363599719584e-05,2.1509957374185673e-05,3.814518336347589e-05,1,sens_stuck,2
813.0,2.6e-05,1.8e-05,0.029685871909990485,0.021819208256009713,0.01522466889258351,0.02995860597258101,0.02080336813707795,0.014463608601648324,2.3571978856429725e-05,2.158206441278312e-05,3.825793013213331e-05,1,sens_stuck,2
814.0,2.6e-05,1.8e-05,0.029846297876992015,0.02195088334045247,0.015311713622373678,0.029538318102825693,0.02080336813707795,0.015423915153518876,2.361501470558215e-05,2.1654972535825143e-05,3.836714120478304e-05,1,sens_stuck,2
815.0,2.6e-05,1.8e-05,0.030003897628993696,0.022080515620071187,0.015396454467471654,0.030437916911571297,0.02080336813707795,0.01423523065853298,2.365680278596866e-05,2.172806036742374e-05,3.8473163888531316e-05,1,sens_stuck,2
816.0,2.6e-05,1.8e-05,0.030158746635918235,0.022208032720953397,0.015479091568703628,0.030012737660559792,0.02080336813707795,0.016429977938580538,2.369757002820746e-05,2.180088464869501e-05,3.8576273864022034e-05,1,sens_stuck,2
817.0,2.6e-05,1.8e-05,0.03031090769843968,0.022333400221646028,0.015559783152179135,0.030591641059877304,0.02080336813707795,0.015743985140858317,2.3737466337014347e-05,2.1873136968678853e-05,3.8676691077239244e-05,1,sens_stuck,2
818.0,2.6e-05,1.8e-05,0.030460434823009783,0.022456610627870792,0.01563865576323382,0.030042219892386746,0.02080336813707795,0.015729517223623053,2.3776587445448457e-05,2.1944607264634254e-05,3.8774593328180416e-05,1,sens_stuck,2
819.0,2.6e-05,1.8e-05,0.0306073782641082,0.022577669655665402,0.01571581652036477,0.030086144085119792,0.02080336813707795,0.016562718029190272,2.3815003221321045e-05,2.2015140486777602e-05,3.887013208923824e-05,1,sens_stuck,2
820.0,2.6e-05,1.8e-05,0.03075178278103791,0.02269659983975721,0.015791350881551067,0.031303711461901106,0.02080336813707795,0.015150425858822043,2.3852749977906917e-05,2.2084644991849342e-05,3.8963430175621815e-05,1,sens_stuck,2
821.0,2.6e-05,1.8e-05,0.030893692188670916,0.022813427948926955,0.01586533411470937,0.031185396523689624,0.02080336813707795,0.015284325845217701,2.388985608540988e-05,2.215305314620214e-05,3.9054596286735946e-05,1,sens_stuck,2
822.0,2.6e-05,1.8e-05,0.031033149090953886,0.022928185087616956,0.015937831779426464,0.031043639739223708,0.02080336813707795,0.016718870370358904,2.3926341498099832e-05,2.2220320314165383e-05,3.914372582688701e-05,1,sens_stuck,2
823.0,2.6e-05,1.8e-05,0.03117019385944434,0.023040908899044046,0.016008898334888076,0.03159934438786869,0.02080336813707795,0.01694857223670878,2.396221307231437e-05,2.2286430179987653e-05,3.9230899404926595e-05,1,sens_stuck,2
824.0,2.6e-05,1.8e-05,0.0313048671554886,0.0231516361913903,0.016078584258375234,0.0317606884505828,0.02080336813707795,0.015571293640395318,2.3997479231289927e-05,2.2351371415032237e-05,3.9316191746298094e-05,1,sens_stuck,2
825.0,2.6e-05,1.8e-05,0.031437209722606156,0.023260403170606195,0.016146936172501396,0.03201849201387175,0.02080336813707795,0.01543597657995121,2.4032149308392313e-05,2.2415137764692372e-05,3.9399671949801045e-05,1,sens_stuck,2
826.0,2.6e-05,1.8e-05,0.03156726078556423,0.0233672494557359,0.016213993651598715,0.03140850784681331,0.02080336813707795,0.0166978951662446,2.406622530120656e-05,2.24777392981994e-05,3.948139969248047e-05,1,sens_stuck,2
827.0,2.6e-05,1.8e-05,0.031695059486097514,0.023472213791538885,0.01627979350535944,0.031326335510740336,0.02080336813707795,0.016683358220127162,2.40997103114968e-05,2.2539188753223276e-05,3.956143056081574e-05,1,sens_stuck,2
828.0,2.6e-05,1.8e-05,0.031820645306213556,0.02357533256206081,0.016344371471576025,0.031849899486700285,0.02080336813707795,0.015482591751462136,2.4132611332903796e-05,2.2599496537381566e-05,3.963981816979457e-05,1,sens_stuck,2
829.0,2.6e-05,1.8e-05,0.03194405742875416,0.023676641415056463,0.016407760944294275,0.032126727127074255,0.02080336813707795,0.01676087856501407,2.416493591714027e-05,2.2658675279258383e-05,3.971661266601878e-05,1,sens_stuck,2
830.0,2.6e-05,1.8e-05,0.03206533371560132,0.02377617790712715,0.016469990806015626,0.03140571492413947,0.02080336813707795,0.016294471848180996,2.419668681997905e-05,2.271674728753457e-05,3.979185816355816e-05,1,sens_stuck,2
831.0,2.6e-05,1.8e-05,0.03218451191088382,0.023873977968732075,0.01653108898585958,0.031075465032957893,0.02080336813707795,0.016030095918933618,2.422786894058291e-05,2.2773733436532753e-05,3.9865597109821e-05,1,sens_stuck,2
832.0,2.6e-05,1.8e-05,0.03230162981491093,0.02397007530949237,0.01659108318293314,0.03251083464153194,0.02080336813707795,0.017052618328580852,2.4258490427615724e-05,2.2829651155528668e-05,3.993787118814455e-05,1,sens_stuck,2
833.0,2.6e-05,1.8e-05,0.03241672511971029,0.02406450185370277,0.01665000052529587,0.033038346691834294,0.02080336813707795,0.01676281864335254,2.428856178790015e-05,2.2884515678249258e-05,4.0008720930578304e-05,1,sens_stuck,2
834.0,2.6e-05,1.8e-05,0.0325298341227363,0.024157291087987375,0.016707864821265482,0.03259852826113206,0.02080336813707795,0.01681215073275335,2.431808914430544e-05,2.2938349462659703e-05,4.007818244614919e-05,1,sens_stuck,2
835.0,2.6e-05,1.8e-05,0.032640992380062885,0.024248476229846633,0.016764698315951527,0.03251723721795491,0.023443735461674556,0.01660810111262242,2.434707786823861e-05,2.299117660351986e-05,4.0146289575737234e-05,0,normal,-1
836.0,2.6e-05,1.8e-05,0.03275023534803563,0.02433808852914931,0.01682052339423806,0.03284798008195501,0.023684942293672247,0.016630569305560738,2.4375535975883253e-05,2.3043017610743853e-05,4.021307595888754e-05,0,normal,-1
837.0,2.6e-05,1.8e-05,0.03285759838235749,0.024426157271511373,0.016875362589302344,0.03296910553000029,0.02421562297983368,0.01658702881864157,2.440347410802984e-05,2.309388945140658e-05,4.0278575056850625e-05,0,normal,-1
838.0,2.6e-05,1.8e-05,0.03296311647063835,0.02451271048269729,0.016929238026716066,0.03246057495488634,0.0244843678462226,0.017830162411179486,2.4430904112215187e-05,2.3143807519741984e-05,4.034281950251407e-05,0,normal,-1
839.0,2.6e-05,1.8e-05,0.03306682293457254,0.024597778193211097,0.016982168805724625,0.033209934394705896,0.023758944091610452,0.017135017004850643,2.445783245040004e-05,2.319279461938437e-05,4.0405838002010974e-05,0,normal,-1
840.0,2.6e-05,1.8e-05,0.033168750451875846,0.02468138982396789,0.017034173286978295,0.03376844533822077,0.02463521131422615,0.017468271836816845,2.4484265475410834e-05,2.3240873444013433e-05,4.0467658092154526e-05,0,normal,-1
841.0,2.6e-05,1.8e-05,0.03326893154475283,0.024763573071392438,0.017085270133772406,0.033476330199465616,0.025158435401755642,0.017445355648779252,2.4510211743075396e-05,2.3288063317716614e-05,4.0528307392742325e-05,0,normal,-1
842.0,2.6e-05,1.8e-05,0.03336739857600478,0.024844353920807343,0.017135478303798544,0.03330204354236064,0.02528980950990411,0.017358424443148644,2.453568197719202e-05,2.333438026990572e-05,4.058781360421604e-05,0,normal,-1
843.0,2.6e-05,1.8e-05,0.0334641836489908,0.02492375690557666,0.017184816850494302,0.033848734976040615,0.02465811733090696,0.017120037772475335,2.456068854370389e-05,2.3379837766130395e-05,4.0646204280016375e-05,0,normal,-1
844.0,2.6e-05,1.8e-05,0.03355931735191314,0.0250018082065705,0.01723330250573425,0.03387090559029208,0.024198416327146234,0.01665017911935593,2.458523918846106e-05,2.3424455055805806e-05,4.070350398057002e-05,0,normal,-1
845.0,2.6e-05,1.8e-05,0.03365282926439123,0.025078534363142828,0.01728095075579477,0.03314557422186986,0.026355720747939123,0.0166902981110957,2.4609339638945563e-05,2.346825356421325e-05,4.0759735570297774e-05,0,normal,-1
846.0,2.6e-05,1.8e-05,0.03374474879838454,0.0251539604074816,0.017327777427117403,0.03440366324379819,0.024393220049569023,0.016564383111734974,2.4632997495762798e-05,2.3511251695073233e-05,4.0814922103174625e-05,0,normal,-1
847.0,2.6e-05,1.8e-05,0.033835105195538444,0.025228109892257662,0.017373798673907523,0.034253943893408634,0.025240448969823668,0.0182047626213343,2.465622218145611e-05,2.3553464925027635e-05,4.086908681279924e-05,0,normal,-1
848.0,2.6e-05,1.8e-05,0.033923927527184296,0.025301004890624767,0.017419030978134336,0.034103013584314675,0.026118983106266685,0.017232584084598313,2.4679024933442418e-05,2.359490583551933e-05,4.092225311704964e-05,0,normal,-1
849.0,2.6e-05,1.8e-05,0.03401124417665893,0.02537266727286883,0.017463490183238353,0.034253826239751005,0.02518543283914387,0.017364039529705003,2.4701416232040262e-05,2.3635587494174538e-05,4.0974443489035566e-05,0,normal,-1
850.0,2.6e-05,1.8e-05,0.03409708186856303,0.02544312097363182,0.017507189757974786,0.034218314436707954,0.025457307663966238,0.017210190981216133,2.4723401180476386e-05,2.3675529426483535e-05,4.102567743440905e-05,0,normal,-1
851.0,2.6e-05,1.8e-05,0.034181466988588684,0.02551238895728165,0.01755014320429588,0.03381952925280877,0.02527907171312214,0.01760380797718373,2.474498574473783e-05,2.371474946156697e-05,4.107597433262658e-05,0,normal,-1
852.0,2.6e-05,1.8e-05,0.03426442576272372,0.02558049290996915,0.017592364340126853,0.034594862581475705,0.02560462464771471,0.01723076384121319,2.4766177445374183e-05,2.375326287365803e-05,4.112535377271684e-05,0,normal,-1
853.0,2.6e-05,1.8e-05,0.03434598425684159,0.02564745324074456,0.01763386729855508,0.0343743034927212,0.025921269312649355,0.017186623230827733,2.478698534975493e-05,2.3791082410616112e-05,4.117383555546518e-05,0,normal,-1
854.0,2.6e-05,1.8e-05,0.03442616837125813,0.025713289095490983,0.017674666517678454,0.034998574372293756,0.025835867292777766,0.01719743017012486,2.4807420039294394e-05,2.3828218353793356e-05,4.1221439684666175e-05,0,normal,-1
855.0,2.6e-05,1.8e-05,0.03450500307037781,0.025778020210045795,0.017714775356170633,0.034250954740862635,0.025291065586546233,0.017790293661117597,2.482748987294065e-05,2.386468333162857e-05,4.126818475764995e-05,0,normal,-1
856.0,2.6e-05,1.8e-05,0.034582511960919056,0.0258416678316518,0.017754205389560008,0.034207610897572335,0.026265567943078487,0.0184916344292488,2.4847199088396357e-05,2.3900494706382702e-05,4.131408715851677e-05,0,normal,-1
857.0,2.6e-05,1.8e-05,0.03465871845814697,0.025904252150565757,0.017792968421178723,0.034227548069567584,0.02653469796658004,0.018072239708059178,2.4866553123363845e-05,2.393566778625708e-05,4.135916341121131e-05,0,normal,-1
858.0,2.6e-05,1.8e-05,0.03473364583524909,0.025965792254556478,0.017831076540797377,0.035263751585258865,0.02523127638310072,0.017456158509304032,2.4885558746218272e-05,2.3970215691441595e-05,4.140343025015171e-05,0,normal,-1
859.0,2.6e-05,1.8e-05,0.034807317223335466,0.026026306128904823,0.017868542124625013,0.03479498825715283,0.02543900831639449,0.017752604097305807,2.49042240517914e-05,2.4004149373603963e-05,4.1446904622386456e-05,0,normal,-1
860.0,2.6e-05,1.8e-05,0.03487975561053891,0.026085810658698125,0.017905377833661532,0.03461372645586371,0.026108931417700182,0.018086154990528767,2.4922558452904034e-05,2.4037477640093283e-05,4.1489603687822234e-05,0,normal,-1
861.0,2.6e-05,1.8e-05,0.034950983220138586,0.026144323112257145,0.01794159551834449,0.03432528084046723,0.026301757576407698,0.018668198368905396,2.494056969557596e-05,2.40702109548969e-05,4.153154355357627e-05,0,normal,-1
862.0,2.6e-05,1.8e-05,0.035021020952170544,0.02620186237480491,0.01797720528264115,0.03630282485103253,0.02677566949321692,0.01844653729354497,2.4958261330398992e-05,2.410236460876216e-05,4.157273820020224e-05,0,normal,-1
863.0,2.6e-05,1.8e-05,0.03508988952385685,0.026258446438440847,0.018012217413091364,0.03514535857478021,0.026454760800522788,0.017553644269182787,2.497563788993393e-05,2.4133952194335777e-05,4.161320172324857e-05,0,normal,-1
864.0,2.6e-05,1.8e-05,0.03515760952988843,0.026314092343590518,0.018046642450051536,0.03484990408611439,0.02607470831958828,0.018502380347899826,2.4992705053727062e-05,2.4164985431000063e-05,4.165294841740564e-05,0,normal,-1
865.0,2.6e-05,1.8e-05,0.03522420144242507,0.026368816179005595,0.018080491187694607,0.03499592786216838,0.027062720319118258,0.018325960874040616,2.500946964503335e-05,2.419547417981879e-05,4.169199277802135e-05,0,normal,-1
866.0,2.6e-05,1.8e-05,0.03528968561109539,0.02642263308176387,0.01811377467401007,0.03588097181230061,0.026495065090168923,0.018803829840099828,2.5025939627749125e-05,2.4225426457680092e-05,4.173034950260997e-05,0,normal,-1
867.0,2.6e-05,1.8e-05,0.03535408205263949,0.026475557740869574,0.01814650384337528,0.03521615868658921,0.026915278161478942,0.018409903943791602,2.504212309667319e-05,2.425484971892873e-05,4.1768033069494826e-05,0,normal,-1
868.0,2.6e-05,1.8e-05,0.035417409446213875,0.026527606700408945,0.018178687805129906,0.03488504114309777,0.02613678602933139,0.018124979231317336,2.5058023616033523e-05,2.4283756698899556e-05,4.180505577331023e-05,0,normal,-1
869.0,2.6e-05,1.8e-05,0.03547968607042595,0.026578796218950457,0.01821033544301628,0.03543936214642404,0.026796112170949432,0.018160196813008803,2.507364456933649e-05,2.431215995187969e-05,4.184142957429513e-05,0,normal,-1
870.0,2.6e-05,1.8e-05,0.03554093011202867,0.026629141700307,0.018241455886157203,0.03636277767802731,0.026972014897631166,0.018625699069177312,2.508899039612246e-05,2.4340070345523417e-05,4.187716664225722e-05,0,normal,-1
871.0,2.6e-05,1.8e-05,0.03560115965367533,0.026678657727216563,0.01827205848588659,0.03623071814265054,0.027952233647290704,0.01827489976831241,2.5104066524562025e-05,2.4367497155301338e-05,4.1912279330956993e-05,0,normal,-1
872.0,2.6e-05,1.8e-05,0.03566039267391963,0.026727358061342257,0.018302152815749477,0.0363271373807484,0.026353586707143366,0.01871202692026398,2.5118879369023707e-05,2.43944480754681e-05,4.194678017918089e-05,0,normal,-1
873.0,2.6e-05,1.8e-05,0.035718647046418035,0.026775255645263885,0.018331748670086592,0.03538564725317204,0.02712319416554012,0.018554256880163853,2.5133436323875808e-05,2.4420929234382597e-05,4.198068191019275e-05,0,normal,-1
874.0,2.6e-05,1.8e-05,0.03577593998967374,0.02682236389666836,0.01836085511952495,0.03505936468352183,0.02728476728853422,0.017673977417754835,2.5147743171130804e-05,2.4446948438346925e-05,4.201399635217876e-05,0,normal,-1
875.0,2.6e-05,1.8e-05,0.035832287642270526,0.02686869761866812,0.018389479818820918,0.03564611529847427,0.02717200997087282,0.0172360376703116,2.5161802211826663e-05,2.4472517476524713e-05,4.204673365223279e-05,0,normal,-1
876.0,2.6e-05,1.8e-05,0.03588770603361886,0.026914270885671786,0.018417630607593903,0.03568329596072597,0.026737311784441355,0.01826283676287182,2.5175616603566988e-05,2.449764674659991e-05,4.2078904113021557e-05,0,normal,-1
877.0,2.6e-05,1.8e-05,0.03594221110550377,0.026959097064213147,0.018445315518929903,0.03594700396091658,0.026885213931977094,0.019119676495284694,2.5189190359446632e-05,2.4522345281527338e-05,4.2110518203400006e-05,0,normal,-1
878.0,2.6e-05,1.8e-05,0.03599581871208477,0.02700318881295117,0.018472542779381502,0.03645823413416098,0.027113182427182768,0.01805599572179651,2.5202528346092673e-05,2.454662075812255e-05,4.2141586559171915e-05,0,normal,-1
879.0,2.6e-05,1.8e-05,0.03604854461989597,0.027046558082669998,0.018499320808967885,0.035770604593011776,0.02730803506904693,0.01884109096264372,2.52156362818261e-05,2.4570479505213723e-05,4.2172119983853726e-05,0,normal,-1
880.0,2.6e-05,1.8e-05,0.036100404504887114,0.027089216123567687,0.018525658215994688,0.035716930570189515,0.027855900649073,0.018292492915711493,2.5228520720592276e-05,2.4593926529281493e-05,4.2202129443539905e-05,0,normal,-1
881.0,2.6e-05,1.8e-05,0.03615141337789824,0.027131174827502526,0.018551562819879176,0.0356061117642128,0.027482274946427427,0.018053195690689968,2.524118636854358e-05,2.4616968849199374e-05,4.223162495544712e-05,0,normal,-1
882.0,2.6e-05,1.8e-05,0.03620158533175886,0.027172447238118,0.018577041253364738,0.03656850068202023,0.026607180889564295,0.018933829613607765,2.5253635022111985e-05,2.4639616789128285e-05,4.226061514005658e-05,0,normal,-1
883.0,2.6e-05,1.8e-05,0.03625093439156262,0.027213045720111934,0.018602100348601165,0.03645784050676028,0.026344533124793724,0.019916228449828263,2.5265869322900903e-05,2.4661879358243336e-05,4.22891088025489e-05,0,normal,-1
884.0,2.6e-05,1.8e-05,0.03629947450921771,0.02725298202835301,0.01862674710586582,0.03674937626265086,0.027285198575385004,0.018456821378958967,2.5277892651651868e-05,2.4683764401831323e-05,4.231711489768328e-05,0,normal,-1
885.0,2.6e-05,1.8e-05,0.03634721956344681,0.02729226730788078,0.018650988693563627,0.035707363267978964,0.027298833769543236,0.018419348973222085,2.5289709126740467e-05,2.4705278607747964e-05,4.234464253033458e-05,0,normal,-1
886.0,2.6e-05,1.8e-05,0.03639418335978713,0.027330912093905646,0.018674832448227076,0.036155861924098566,0.027668442621839765,0.01894662219620047,2.530132360276317e-05,2.4726427512553624e-05,4.2371700956034974e-05,0,normal,-1
887.0,2.6e-05,1.8e-05,0.0364403796305904,0.027368926311808876,0.01869828587451622,0.03708566348484389,0.027374275600073102,0.018531781625926138,2.5312741669210324e-05,2.4747215507342537e-05,4.239829958151907e-05,0,normal,-1
888.0,2.6e-05,1.8e-05,0.03648582175335656,0.027406319938233663,0.018721356167051433,0.03668874923415418,0.02689377583310067,0.018768465678427177,2.532396833448029e-05,2.4767647467737894e-05,4.242444742348438e-05,0,normal,-1
889.0,2.6e-05,1.8e-05,0.036530522095057257,0.027443104457087062,0.018744049129461298,0.03712169796026703,0.027113845735034788,0.018891486352471957,2.5335005083976416e-05,2.4787732367057358e-05,4.245015188675007e-05,0,normal,-1
890.0,2.6e-05,1.8e-05,0.036574492899333656,0.027479290874889917,0.018766370643330244,0.03705733511364947,0.027272642145525765,0.018009663352751254,2.5345853889551842e-05,2.4807478344151037e-05,4.2475420432392225e-05,0,normal,-1
891.0,2.6e-05,1.8e-05,0.03661774635350499,0.02751488966230068,0.018788326743971722,0.03698578953406797,0.026940264120963897,0.018211724506499095,2.5356517383369955e-05,2.4826892516934354e-05,4.2500260664047153e-05,0,normal,-1
892.0,2.6e-05,1.8e-05,0.0366602945843191,0.027549910764888403,0.01880992361290632,0.036354824673917555,0.02720173788479656,0.019285663339461502,2.5366998835771435e-05,2.4845981013411375e-05,4.2524680319757704e-05,0,normal,-1
893.0,2.6e-05,1.8e-05,0.0367021496579525,0.027584363603132735,0.01883116757786175,0.03664549004477676,0.027590459729181692,0.018768588321380578,2.5377302154169772e-05,2.486474897635084e-05,4.254868727235276e-05,0,normal,-1
894.0,2.6e-05,1.8e-05,0.036743323580010354,0.027618257072423928,0.018852065112772872,0.03690232396688069,0.02734414759235111,0.01918905458100014,2.538743188201289e-05,2.4883200567733915e-05,4.2572289529831e-05,0,normal,-1
895.0,2.6e-05,1.8e-05,0.036783828279206295,0.027651599582349418,0.018872622809803962,0.037958567038372554,0.02781507646360551,0.018725009278316915,2.539739312048374e-05,2.490133906838005e-05,4.2595495204175444e-05,0,normal,-1
896.0,2.6e-05,1.8e-05,0.036823674983521695,0.027684400494450093,0.018892846334242645,0.0371946970634883,0.027952412700316003,0.017936917259098614,2.5407188662111072e-05,2.491917040039199e-05,4.261831133305753e-05,0,normal,-1
897.0,2.6e-05,1.8e-05,0.03686287432791274,0.0277166698109302,0.018912740629041018,0.03681586592323022,0.027971984523446396,0.01993850513875847,2.5416819577663743e-05,2.4936702387749603e-05,4.2640744113989676e-05,0,normal,-1
898.0,2.6e-05,1.8e-05,0.03690143693324917,0.027748416969161742,0.01893231083582722,0.03699459293563137,0.02780069543886637,0.019102584517861444,2.542628769803848e-05,2.4953941740929105e-05,4.266279994485544e-05,0,normal,-1
899.0,2.6e-05,1.8e-05,0.0369393733709037,0.027779650954417798,0.018951562223751117,0.03715598062620439,0.027499616686063922,0.019031633328258846,2.5435595407248332e-05,2.4970894321678768e-05,4.2684485343822356e-05,0,normal,-1
900.0,2.6e-05,1.8e-05,0.03697669416275206,0.0278103802998725,0.018970500189484294,0.03688067587376192,0.027246243688911233,0.019119793489604957,2.544474564154472e-05,2.498756514662723e-05,4.270580694960161e-05,0,normal,-1
901.0,2.6e-05,1.8e-05,0.03701340978117296,0.027840613086601056,0.018989130257220085,0.03738015866361467,0.02827605173445198,0.018634954389904642,2.545374188859081e-05,2.5003958390719593e-05,4.272677152171253e-05,0,normal,-1
902.0,2.6e-05,1.8e-05,0.03704953064904809,0.02787035694357973,0.019007458078673548,0.0376006333489723,0.02800434835323901,0.01908818301242655,2.5462588186683642e-05,2.5020077390488895e-05,4.274738594075102e-05,0,normal,-1
903.0,2.6e-05,1.8e-05,0.03708506711433526,0.027899619108387664,0.01902548938982626,0.03831725518261746,0.028302006831132043,0.01832141711679706,2.5471289004604594e-05,2.503592479381237e-05,4.2767657160044635e-05,0,normal,-1
904.0,2.6e-05,1.8e-05,0.03712002882859113,0.027928407850843467,0.01904322897629252,0.037884221012441405,0.02757055551103836,0.019211506237307094,2.5479846406528298e-05,2.505150602792739e-05,4.278759104369876e-05,0,normal,-1
905.0,2.6e-05,1.8e-05,0.037154424980885885,0.02795673188059409,0.01906068108403678,0.0373127591253985,0.02797837466070403,0.01937043178781654,2.5488261201184556e-05,2.506682787794331e-05,4.2807192830844776e-05,0,normal,-1
906.0,2.6e-05,1.8e-05,0.03718826475983058,0.027984599404336192,0.019077850145026887,0.03688131468906435,0.02721986027849054,0.018254569876877146,2.5496534889848845e-05,2.5081896134134972e-05,4.28264679519873e-05,0,normal,-1
907.0,2.6e-05,1.8e-05,0.03722155731435692,0.028012018239234462,0.019094740703063807,0.036620446628785934,0.028125606639797296,0.01923061962716572,2.550466945392646e-05,2.5096715859546356e-05,4.284542194577092e-05,0,normal,-1
908.0,2.6e-05,1.8e-05,0.03725431175371728,0.028038995812921623,0.019111357413781626,0.03775452789537278,0.027541978282606825,0.019317137599877587,2.5512667354282633e-05,2.5111291392679436e-05,4.28640604591555e-05,0,normal,-1
909.0,2.6e-05,1.8e-05,0.03728653714748469,0.028065539163498424,0.019127705044647527,0.03790411997736233,0.027536803413026476,0.01923592203986523,2.5520531530611158e-05,2.512562635005696e-05,4.2882389247595846e-05,0,normal,-1
910.0,2.6e-05,1.8e-05,0.037318242525552825,0.02809165493953365,0.01914378847496183,0.03806892398761597,0.028041956225358832,0.019108296289455488,2.552826540083964e-05,2.5139723628664593e-05,4.29004141752254e-05,0,normal,-1
911.0,2.6e-05,1.8e-05,0.03734943687807057,0.028117349400223153,0.019159612695745884,0.037513718507284216,0.027890358303937195,0.01900219722032381,2.5535872860259127e-05,2.515358540865772e-05,4.29181412149177e-05,0,normal,-1
912.0,2.6e-05,1.8e-05,0.03738012878062387,0.028142629282852313,0.019175182184185034,0.03739763420219339,0.028013088622438304,0.019255799701328763,2.5543356563431527e-05,2.5167215250660278e-05,4.2935575748127344e-05,0,normal,-1
913.0,2.6e-05,1.8e-05,0.03741032614911711,0.02816750230034566,0.019190500520555757,0.037379086064501854,0.027818586725236433,0.018139051475173338,2.5550716899657142e-05,2.5180619327373985e-05,4.295272213777829e-05,0,normal,-1
914.0,2.6e-05,1.8e-05,0.03744003690962034,0.02819197568356769,0.019205571471524942,0.0378612996987811,0.02853087643760388,0.01944247265027663,2.5557954936155412e-05,2.5193802855166654e-05,4.296958494248536e-05,0,normal,-1
915.0,2.6e-05,1.8e-05,0.03746926895733901,0.02821605632712935,0.019220398902664342,0.03644576476595788,0.028538688123982026,0.01932320220568711,2.5565072159040905e-05,2.520677042393199e-05,4.298616881863682e-05,0,normal,-1
916.0,2.6e-05,1.8e-05,0.037498030156613876,0.02823975078938801,0.019234986778450574,0.03663326905739452,0.02840935500942907,0.019904468298510204,2.5572070472800933e-05,2.5219525999124828e-05,4.300247852050718e-05,0,normal,-1
917.0,2.6e-05,1.8e-05,0.03752632834092109,0.02826306529244748,0.019249339162265122,0.03629155972825755,0.02846526051734213,0.020007727728132915,2.557895219980263e-05,2.523207292370249e-05,4.3018518900374106e-05,0,normal,-1
918.0,2.6e-05,1.8e-05,0.03755417131287211,0.028286005722158003,0.01926346021639434,0.03733686936790038,0.028081456407655993,0.01869155578494052,2.5585720079828094e-05,2.524441391997642e-05,4.3034294908639076e-05,0,normal,-1
919.0,2.6e-05,1.8e-05,0.037581566844213765,0.02830857762811626,0.01927735420202943,0.0375232561338411,0.029306456911768024,0.019210901416390164,2.5592377269636347e-05,2.5256551091377556e-05,4.304981159395132e-05,0,normal,-1
920.0,2.6e-05,1.8e-05,0.037608522644467464,0.028330786297742914,0.019291025426505813,0.03821011266006993,0.02894909393413625,0.01972342985844044,2.5598927197088717e-05,2.5268486101411357e-05,4.3065074044443674e-05,0,normal,-1
921.0,2.6e-05,1.8e-05,0.037635045795378706,0.02835263804166557,0.01930447731059631,0.037660021904562704,0.028288657236090614,0.018973390835311296,2.56053710080574e-05,2.5280223273477708e-05,4.308008634724527e-05,0,normal,-1
922.0,2.6e-05,1.8e-05,0.03766114306577203,0.02837413942712668,0.019317712926644675,0.03792915408917587,0.02855982825442402,0.0194165266603347,2.561170906059957e-05,2.529176776308934e-05,4.309485219074044e-05,0,normal,-1
923.0,2.6e-05,1.8e-05,0.0376868212438746,0.028395296616700063,0.019330735511635656,0.03762956166639925,0.027646623787966965,0.019478064620714594,2.561794229571517e-05,2.5303123917273715e-05,4.310937543757308e-05,0,normal,-1
924.0,2.6e-05,1.8e-05,0.037712087095079457,0.028416115481671476,0.019343548391075147,0.03746888739911665,0.02789370669706096,0.01954800579181363,2.5624072022187114e-05,2.531429554111668e-05,4.312366003971814e-05,0,normal,-1
925.0,2.6e-05,1.8e-05,0.03773694736194548,0.028436601602038626,0.019356154978990178,0.03719076994300109,0.02881945905335009,0.018717053290286716,2.5630099916187236e-05,2.5325285899258036e-05,4.313771003855163e-05,0,normal,-1
926.0,2.6e-05,1.8e-05,0.03776140876419743,0.02845676026651118,0.01936855877792892,0.037889661311192424,0.02930461596750138,0.019204974978271946,2.5636028020904007e-05,2.53360977173191e-05,4.3151529564924234e-05,0,normal,-1
927.0,2.6e-05,1.8e-05,0.03778547799872593,0.02847659647251075,0.019380763378960685,0.037770804724267915,0.029192564394298893,0.019264525042507332,2.5641858746191372e-05,2.5346733183265024e-05,4.316512283923819e-05,0,normal,-1
928.0,2.6e-05,1.8e-05,0.03780916173958748,0.028496114926170903,0.01939277246167592,0.03728158870860489,0.028325295524410914,0.020071909051780808,2.5647594868237447e-05,2.5357193948704378e-05,4.31784941715271e-05,0,normal,-1
929.0,2.6e-05,1.8e-05,0.037832466613757235,0.028515320099449657,0.019404589753551655,0.03755400449598101,0.02858249952403938,0.019772468021410337,2.5653239417246563e-05,2.5367481266209064e-05,4.319164791631536e-05,0,normal,-1
930.0,2.6e-05,1.8e-05,0.03785539867885359,0.02853421741591433,0.019416218171136774,0.03732161660472139,0.028089871766402458,0.018965480661747053,2.5658793326341862e-05,2.5377598835530687e-05,4.3204587517261954e-05,0,normal,-1
931.0,2.6e-05,1.8e-05,0.03787796369632034,0.028552812579834465,0.019427660287971243,0.03745340291441747,0.028371366624060364,0.019908642457639916,2.5664256733044705e-05,2.5387551214697394e-05,4.321731602916798e-05,0,normal,-1
932.0,2.6e-05,1.8e-05,0.037900167458940315,0.028571110917746237,0.019438918841547317,0.038522739004409196,0.029255010604576536,0.0191760736859981,2.566963033659854e-05,2.539734219807423e-05,4.322983668241965e-05,0,normal,-1
933.0,2.6e-05,1.8e-05,0.03792201574409275,0.028589117502397125,0.01944999664984491,0.03811043478059398,0.028550597979333923,0.019129769589432292,2.5674915162614373e-05,2.5406975106404696e-05,4.3242152790105055e-05,0,normal,-1
934.0,2.6e-05,1.8e-05,0.03794351431375333,0.028606837152745923,0.01946089661133161,0.038207398139242135,0.028235727488533275,0.019505454551898414,2.5680112562764897e-05,2.541645278793199e-05,4.325426774805231e-05,0,normal,-1
935.0,2.6e-05,1.8e-05,0.037964668914494175,0.028624274433962746,0.019471621704962652,0.03749081113051746,0.02851403178438779,0.02046095056726064,2.5685224214495303e-05,2.5425777619469862e-05,4.3266185034871054e-05,0,normal,-1
936.0,2.6e-05,1.8e-05,0.03798548527748384,0.028641433657429008,0.019482174990180946,0.037699124914030324,0.02801157337379367,0.019197182048328872,2.5690252120750258e-05,2.5434951507425078e-05,4.327790821199675e-05,0,normal,-1
937.0,2.6e-05,1.8e-05,0.03800596911848731,0.028658318880737447,0.019492559606917065,0.03861728388882565,0.029296710465517507,0.019607002750319766,2.569519860971595e-05,2.5443975888773383e-05,4.328944092373789e-05,0,normal,-1
938.0,2.6e-05,1.8e-05,0.03802612613786602,0.0286749339076921,0.019502778775589237,0.03768541288639211,0.029180313137966596,0.01996416520159929,2.5700066334576725e-05,2.5452851731990458e-05,4.3300786897325534e-05,0,normal,-1
939.0,2.6e-05,1.8e-05,0.03804596176768426,0.028691282869205706,0.019512835379701138,0.03773494023504605,0.02928568256497702,0.019673150319544898,2.570485712773633e-05,2.5461580922611358e-05,4.331194947971874e-05,0,normal,-1
940.0,2.6e-05,1.8e-05,0.03806548087583316,0.02870737084899691,0.019522731497423444,0.038399603821325366,0.02770179731194251,0.018713919027530133,2.5709570735729877e-05,2.5470167778802267e-05,4.332293111851154e-05,0,normal,-1
941.0,2.6e-05,1.8e-05,0.038084688381049156,0.028723202523642695,0.019532469397132428,0.03867367603268368,0.02863144858737818,0.01905080372309439,2.571420753358604e-05,2.5478615782488523e-05,4.333373446751985e-05,0,normal,-1
942.0,2.6e-05,1.8e-05,0.038103589194974134,0.02873878234352491,0.019542051424071446,0.038721439304483726,0.028664254475359724,0.019464204917995838,2.5718768196232913e-05,2.548692798873252e-05,4.334436226093747e-05,0,normal,-1
943.0,2.6e-05,1.8e-05,0.03812218822082592,0.028754114536022432,0.01955147999810543,0.03823368282623742,0.02984576318134209,0.018819833986626833,2.572325369203982e-05,2.5495107034138015e-05,4.335481731085786e-05,0,normal,-1
944.0,2.6e-05,1.8e-05,0.0381404903533983,0.028769203105511156,0.01956075761372091,0.03783196494281424,0.028130932864189943,0.019526578540271518,2.572766528258569e-05,2.5503155137671274e-05,4.3365102507291517e-05,0,normal,-1
945.0,2.6e-05,1.8e-05,0.03815850047906099,0.028784051833364015,0.019569886840025977,0.03833965855987517,0.028936849132429405,0.01970784903032843,2.5732004522439925e-05,2.5511074101445676e-05,4.337522081818624e-05,0,normal,-1
946.0,2.6e-05,1.8e-05,0.03817622347575965,0.02879866427795096,0.019578870320750327,0.03843314302568114,0.02867532485091789,0.019170804182949093,2.573627325895541e-05,2.5518865311470943e-05,4.3385175289449906e-05,0,normal,-1
947.0,2.6e-05,1.8e-05,0.038193664213015906,0.02881304377463897,0.01958771077424522,0.03808584910329523,0.02911786446710073,0.019218127439893287,2.574047363207289e-05,2.55265297383685e-05,4.339496904497556e-05,0,normal,-1
948.0,2.6e-05,1.8e-05,0.03821082754768775,0.028827193445747277,0.01959641098642049,0.03809557931483647,0.028571012155042756,0.01973961227263634,2.574460805466379e-05,2.5534067961591426e-05,4.340460527884677e-05,0,normal,-1
949.0,2.6e-05,1.8e-05,0.03822771792582594,0.028841117105477,0.019604973158532716,0.038610247306777826,0.028387257887574527,0.01984200283069183,2.5748677425120036e-05,2.554148232308706e-05,4.3414086533232716e-05,0,normal,-1
950.0,2.6e-05,1.8e-05,0.038244339434779916,0.028854819092286318,0.019613399010729782,0.03922824391536431,0.02902450218637989,0.02043181872561613,2.5752681429921194e-05,2.5548776549973996e-05,4.342341481382527e-05,0,normal,-1
951.0,2.6e-05,1.8e-05,0.03826069622501657,0.028868303374735237,0.019621690449146887,0.0374242132319158,0.029104846179037504,0.019765080984509673,2.5756620348971857e-05,2.555595359520275e-05,4.3432592328803993e-05,0,normal,-1
952.0,2.6e-05,1.8e-05,0.038276792445214744,0.028881573723155737,0.01962984945064998,0.03829833467325026,0.028682510596354648,0.020234003178403064,2.5760494730817417e-05,2.5563016035194805e-05,4.344162136116225e-05,0,normal,-1
953.0,2.6e-05,1.8e-05,0.038292632242265284,0.028894633709651767,0.01963787806283578,0.037504009902307296,0.02927697780662755,0.019887879521528762,2.5764305392452516e-05,2.5569966070487986e-05,4.345050426870678e-05,0,normal,-1
954.0,2.6e-05,1.8e-05,0.03830821976127101,0.028907486708099246,0.01964577840403176,0.03834549235055713,0.029317346780775057,0.019088856427311833,2.5768053419139525e-05,2.5576805526353262e-05,4.345924348405993e-05,0,normal,-1
955.0,2.6e-05,1.8e-05,0.03832355914554671,0.028920135894146066,0.019653552663296162,0.038170440943252344,0.029291097119243315,0.018672787398561368,2.5771740164236682e-05,2.5583535853384114e-05,4.346784151466423e-05,0,normal,-1
956.0,2.6e-05,1.8e-05,0.03833865453661915,0.028932584245212098,0.019661203100417985,0.03935899510432936,0.02898451088650839,0.019595009219934297,2.5775367249035717e-05,2.5590158128059658e-05,4.347630094278933e-05,0,normal,-1
957.0,2.6e-05,1.8e-05,0.03835351007422711,0.028944834540489173,0.019668732045916987,0.03862548402797437,0.029439680988516466,0.019961740373924893,2.5778936562608204e-05,2.5596673053282192e-05,4.3484624425541126e-05,0,normal,-1
958.0,2.6e-05,1.8e-05,0.0383681298961268,0.028956889361396843,0.019676141900720614,0.03783768090056263,0.029692334993069745,0.01943133860593554,2.5782450260769365e-05,2.560308095996424e-05,4.349281469451567e-05,0,normal,-1
959.0,2.6e-05,1.8e-05,0.03838251781857706,0.028968751817127162,0.019683434614029778,0.039164129627792685,0.028392219081728003,0.020456427370921276,2.5785909334642613e-05,2.5609383528097168e-05,4.350087397884777e-05,0,normal,-1
960.0,2.6e-05,1.8e-05,0.038396677243424354,0.028980425710693654,0.019690611548134875,0.03762624697392899,0.028802174605150572,0.02035763486254796,2.578931325684798e-05,2.5615584200440398e-05,4.350880385639888e-05,0,normal,-1
961.0,2.6e-05,1.8e-05,0.038410611653019934,0.028991914465465948,0.019697674268543956,0.0387594545054295,0.02897883765155298,0.01954986831335502,2.5792662129980168e-05,2.5621685611781948e-05,4.351660612719331e-05,0,normal,-1
962.0,2.6e-05,1.8e-05,0.03842432453427311,0.02900322132606024,0.019704624409347338,0.039333773278785726,0.02887067205133573,0.020344443066345187,2.5795956307190693e-05,2.562769005238798e-05,4.352428266457512e-05,0,normal,-1
963.0,2.6e-05,1.8e-05,0.03843781937865131,0.029014349358339287,0.01971146367321762,0.03864152761005829,0.029009176692009378,0.020068731887122205,2.5799196392032812e-05,2.563359946850059e-05,4.353183541519695e-05,0,normal,-1
964.0,2.6e-05,1.8e-05,0.03845109968218004,0.029025301449412406,0.019718193831409665,0.03881676465499007,0.0288192635732309,0.019856548277862623,2.580238323831431e-05,2.5639415462813688e-05,4.353926639901116e-05,0,normal,-1
965.0,2.6e-05,1.8e-05,0.038464168945442884,0.02903608030763547,0.019724816723760624,0.03874052945316958,0.02800582877785272,0.019839567694355627,2.5805517949958166e-05,2.5645139294927768e-05,4.3546577709263206e-05,0,normal,-1
966.0,2.6e-05,1.8e-05,0.03847703067358154,0.029046688462610923,0.019731334258689906,0.03842103785748946,0.0286553255046198,0.02036477214579933,2.5808601880870587e-05,2.565077188178456e-05,4.355377151248708e-05,0,normal,-1
967.0,2.6e-05,1.8e-05,0.03848968837629577,0.029057128265187755,0.01973774841319921,0.03864578079043867,0.027914266846169936,0.020414605047684435,2.5811636634816117e-05,2.565631379808204e-05,4.3560850048502795e-05,0,normal,-1
968.0,2.6e-05,1.8e-05,0.038502145567843454,0.029067401887461528,0.019744061232872506,0.03776538349333183,0.029935067359689222,0.020002177750235807,2.5814624065299424e-05,2.56617652766705e-05,4.356781563041573e-05,0,normal,-1
969.0,2.6e-05,1.8e-05,0.03851440567222942,0.029077511538793906,0.019750274676950313,0.03881465610989164,0.028869903645768646,0.01984828290278356,2.5817565850265922e-05,2.566712671932206e-05,4.35746704737127e-05,0,normal,-1
970.0,2.6e-05,1.8e-05,0.038526471565909194,0.02908746047515329,0.019756389883180108,0.03819693711495806,0.028434085376225743,0.019883702366290786,2.5820461486237442e-05,2.5672401096357344e-05,4.358141588554885e-05,0,normal,-1
971.0,2.6e-05,1.8e-05,0.03853834612720886,0.029097251755412848,0.019762408062626923,0.03897859617879162,0.02791318223780818,0.02016170726307354,2.5823310741821936e-05,2.567759100283466e-05,4.358805325229411e-05,0,normal,-1
972.0,2.6e-05,1.8e-05,0.038550032267365905,0.029106888221552385,0.019768330531519742,0.038405843438931234,0.029563312649776838,0.01999279261009173,2.5826113727076723e-05,2.5682698588006398e-05,4.359458407462153e-05,0,normal,-1
973.0,2.6e-05,1.8e-05,0.038561532908215505,0.0291163725517517,0.019774158673954188,0.03852601112234849,0.029267999019190003,0.019987081230844986,2.582887079021751e-05,2.568772568011022e-05,4.3601009926337806e-05,0,normal,-1
974.0,2.6e-05,1.8e-05,0.03857285098219052,0.029125707260390588,0.019779893941892543,0.03848257741123959,0.02811806261047687,0.019281048874813873,2.583158251749538e-05,2.5692673786746172e-05,4.360733245436673e-05,0,normal,-1
975.0,2.6e-05,1.8e-05,0.038583989432321525,0.029134894698048835,0.019785537855163744,0.038194965846678315,0.028892051786952887,0.018987749872057126,2.583424973308009e-05,2.5697544095237193e-05,4.3613553378734604e-05,0,normal,-1
976.0,2.6e-05,1.8e-05,0.03859495121223678,0.02914393705150621,0.01979109200146337,0.03887714586869209,0.0291583689271374,0.020072630826834834,2.583687349894955e-05,2.5702337472973658e-05,4.361967449255767e-05,0,normal,-1
977.0,2.6e-05,1.8e-05,0.03860573928616223,0.02915283634374249,0.01979655803635367,0.03849305767075377,0.029066446869343954,0.019808711627905314,2.583945511478505e-05,2.570705446774265e-05,4.3625697662031366e-05,0,normal,-1
978.0,2.6e-05,1.8e-05,0.03861635662892154,0.029161594433937434,0.019801937683263524,0.03811065184866118,0.02924019839826294,0.02028062257015276,2.5841996117872112e-05,2.5711695308042206e-05,4.3631624826421366e-05,0,normal,-1
979.0,2.6e-05,1.8e-05,0.03862680622593605,0.029170213017470796,0.019807232733488483,0.038412526345376785,0.02934261794813031,0.019694195128420196,2.584449828300634e-05,2.5716259903380948e-05,4.363745799805616e-05,0,normal,-1
980.0,2.6e-05,1.8e-05,0.0386370908258254,0.029178694182991467,0.01981244464503903,0.03856160211117892,0.029171750887084267,0.02008490224461077,2.5846962523218202e-05,2.572074916025302e-05,4.3643198820489344e-05,0,normal,-1
981.0,2.6e-05,1.8e-05,0.038647212730465196,0.029187040852425863,0.019817574214409973,0.03886081976220449,0.02847375835968746,0.02028755801490075,2.5849388002226942e-05,2.5725166035933343e-05,4.36488482073118e-05,0,normal,-1
982.0,2.6e-05,1.8e-05,0.03865717434755173,0.029195255566632994,0.019822622461506893,0.03877163801264141,0.02978450450934416,0.020032867897739618,2.585177454902956e-05,2.5729512655339333e-05,4.365440731706651e-05,0,normal,-1
983.0,2.6e-05,1.8e-05,0.03866697810196013,0.02920334071181262,0.0198275904759614,0.03844572953636774,0.029193083910065323,0.020279383666998142,2.5854122227236782e-05,2.5733790833428395e-05,4.365987738390909e-05,0,normal,-1
984.0,2.6e-05,1.8e-05,0.03867662643480375,0.029211298521678395,0.019832479415585448,0.03882739671676258,0.029029887803416032,0.01947725869435208,2.5856431330712867e-05,2.5738002080611406e-05,4.366525971588345e-05,0,normal,-1
985.0,2.6e-05,1.8e-05,0.038686121803434156,0.029219131077457845,0.01983729050637131,0.039816787154270984,0.029226516663017458,0.01950068583060174,2.5858702383475447e-05,2.5742147603045558e-05,4.367055569490186e-05,0,normal,-1
986.0,2.6e-05,1.8e-05,0.03869546668144114,0.029226840307892372,0.01984202504249161,0.038569205919203535,0.029392417968822422,0.019164118948229537,2.5860936139600527e-05,2.5746228302914324e-05,4.36757667767271e-05,0,normal,-1
987.0,2.6e-05,1.8e-05,0.03870466355865271,0.029234427989237262,0.01984668438629931,0.0373017853143829,0.02858325751640997,0.02019936511007619,2.5863133583132416e-05,2.5750244778695088e-05,4.368089449095615e-05,0,normal,-1
988.0,2.6e-05,1.8e-05,0.03871371494113508,0.029241895745261676,0.019851269968327697,0.03814906109591018,0.029070590900729037,0.02056337371058105,2.5865295927998398e-05,2.575419732541476e-05,4.36859404410056e-05,0,normal,-1
989.0,2.6e-05,1.8e-05,0.03872262335119271,0.02924924504724866,0.01985578328729041,0.038401176857662984,0.02920869597795687,0.020513545008013844,2.5867424617927782e-05,2.575808593489375e-05,4.3690906304098626e-05,0,normal,-1
990.0,2.6e-05,1.8e-05,0.03873139132710868,0.029256477214587188,0.01986022590965831,0.03932874106963779,0.029423224434019367,0.020343887485487325,2.5869521325212375e-05,2.5761910297369963e-05,4.3695793830788e-05,0,normal,-1
991.0,2.6e-05,1.8e-05,0.03874002110261021,0.029263594131896067,0.0198645989523871,0.039357693944664866,0.030166383993722106,0.01939262583399427,2.5871586534178404e-05,2.576567149365755e-05,4.370060427596616e-05,0,normal,-1
992.0,2.6e-05,1.8e-05,0.03874851455498621,0.029270598336298952,0.019868903009941267,0.038508047343859035,0.02920121017261182,0.018060314201665997,2.5873619351731954e-05,2.5769372213759807e-05,4.370533831890257e-05,0,normal,-1
993.0,2.6e-05,1.8e-05,0.038756873673941226,0.029277491999649515,0.01987313889937948,0.03887166418126447,0.029431839745930725,0.019035310616130896,2.5875619536903308e-05,2.5773014340163495e-05,4.370999688296196e-05,0,normal,-1
994.0,2.6e-05,1.8e-05,0.03876510047051783,0.029284277149927363,0.019877307506823687,0.03871553877893213,0.02946713984594994,0.0202281248042151,2.5877587074144797e-05,2.5776599462141993e-05,4.3714580966663925e-05,0,normal,-1
995.0,2.6e-05,1.8e-05,0.03877319697709657,0.029290955671238055,0.019881409787459104,0.038149834070044845,0.029068189523254625,0.019489565015686047,2.5879522173243437e-05,2.5780128875998175e-05,4.371909164366002e-05,0,normal,-1
996.0,2.6e-05,1.8e-05,0.03878116524739603,0.029297529303813075,0.019885446765534217,0.03882637913466281,0.029457254502312666,0.020522362643123068,2.5881425269237995e-05,2.5783603585296456e-05,4.3723530062712555e-05,0,normal,-1
997.0,2.6e-05,1.8e-05,0.03878900735647274,0.02930399964400985,0.019889419534360787,0.03897433627561375,0.029005961580160885,0.020035852064533816,2.5883297022340082e-05,2.5787024301084693e-05,4.3727897447674955e-05,0,normal,-1
998.0,2.6e-05,1.8e-05,0.03879672540072129,0.029310368144311753,0.019893329256313843,0.038265091616197774,0.030245703532760657,0.020773838937500677,2.5885138317859503e-05,2.5790391442106274e-05,4.373219509747367e-05,0,normal,-1
999.0,2.6e-05,1.8e-05,0.03880432149787423,0.029316636113328083,0.01989717716283168,0.038923879383179004,0.030046159146952203,0.019850498945191315,2.588695026613339e-05,2.5793705135002646e-05,4.3736424386091654e-05,0,normal,-1
1000.0,2.6e-05,1.8e-05,0.038811797787002125,0.029322804715794088,0.01990096455441587,0.03937832279318845,0.029374920628018383,0.019479161842329014,2.5888734202458914e-05,2.5796965214506654e-05,4.3740586762553074e-05,0,normal,-1
1001.0,2.6e-05,1.8e-05,0.038819156428513545,0.029328874972570952,0.019904692800631254,0.037963103507400085,0.029291964402321295,0.0203645242956565,2.5890491687029377e-05,2.5800171223626498e-05,4.374468375090952e-05,0,normal,-1
1002.0,2.6e-05,1.8e-05,0.03882639931418391,0.029334848407008486,0.01990836287361629,0.03892304318564407,0.029180860810502064,0.020573597305328244,2.5892223227749577e-05,2.5803323936938e-05,4.3748716437670754e-05,0,normal,-1
1003.0,2.6e-05,1.8e-05,0.038833527950811034,0.029340727280459004,0.01991197516981454,0.03922842831298968,0.029571786473328684,0.020017737828156325,2.5893927800708502e-05,2.5806425926095225e-05,4.3752685276170536e-05,0,normal,-1
1004.0,2.6e-05,1.8e-05,0.03884054397171485,0.02934651347594233,0.01991553032403819,0.039356534691503714,0.028422973358307017,0.02021797796688874,2.5895605070695006e-05,2.580947891735308e-05,4.37565909811583e-05,0,normal,-1
1005.0,2.6e-05,1.8e-05,0.03884744903602453,0.02935220873928308,0.01991902904126133,0.0382919355086604,0.02919820170123023,0.019701832564087314,2.5897254924787727e-05,2.5812484352163245e-05,4.3760434343922836e-05,0,normal,-1
1006.0,2.6e-05,1.8e-05,0.03885424482864568,0.029357814679184767,0.0199224720965669,0.03866104772395897,0.02917741818671798,0.021111474818650774,2.589887747213619e-05,2.581544338754353e-05,4.376421623221132e-05,0,normal,-1
1007.0,2.6e-05,1.8e-05,0.038860933060260436,0.029363332767229796,0.0199258603351467,0.038881340326116696,0.02937955750263687,0.019918686760478446,2.5900473043891306e-05,2.5818356896264592e-05,4.3767937590207895e-05,0,normal,-1
1008.0,2.6e-05,1.8e-05,0.0388675154673274,0.02936876433787947,0.019929194672301368,0.039398150014485954,0.029401993926360965,0.019559693916099127,2.5902042193139252e-05,2.582122546702833e-05,4.377159943851389e-05,0,normal,-1
1009.0,2.6e-05,1.8e-05,0.03887399381208167,0.02937411058847398,0.019932476093440406,0.03985889370749375,0.029014640242689727,0.019557294651712367,2.590358569483882e-05,2.5824049404638524e-05,4.377520287412925e-05,0,normal,-1
1010.0,2.6e-05,1.8e-05,0.03888036988253483,0.029379372579232416,0.01993570565408217,0.038995213638881074,0.029656314674523638,0.02074983691951425,2.5905104545761944e-05,2.5826828730163764e-05,4.3778749070435434e-05,0,normal,-1
1011.0,2.6e-05,1.8e-05,0.03888664549247495,0.02938455123325277,0.01993888447985385,0.03953018026387798,0.0301754413359381,0.021048168846818364,2.5906599964437264e-05,2.5829563181092947e-05,4.3782239277179385e-05,0,normal,-1
1012.0,2.6e-05,1.8e-05,0.03889282248146659,0.02938964733651191,0.019942013766491518,0.038806201054929296,0.029582122755644105,0.020101244304469437,2.590807339109643e-05,2.5832252211483234e-05,4.378567482045882e-05,0,normal,-1
1013.0,2.6e-05,1.8e-05,0.03889890252108136,0.029394661968846266,0.01994509446878132,0.03872401115964387,0.02950267478992982,0.020014735701309763,2.5909525636056503e-05,2.5834896006459698e-05,4.378905676124685e-05,0,normal,-1
1014.0,2.6e-05,1.8e-05,0.03890488680955181,0.02939959716460449,0.019948126817291946,0.03944824318564323,0.029500689777804154,0.01957747564661764,2.5910955563273213e-05,2.5837497045406305e-05,4.3792385365047344e-05,0,normal,-1
1015.0,2.6e-05,1.8e-05,0.03891077667153112,0.02940445459174556,0.01995111127636121,0.03973075338890046,0.029580931447438206,0.020468996679478678,2.5912362708549253e-05,2.5840056986241873e-05,4.379566115366697e-05,0,normal,-1
1016.0,2.6e-05,1.8e-05,0.03891657346680872,0.029409235773905577,0.01995404839048755,0.03985933191160552,0.02885418728805065,0.020506129277358155,2.5913746852300897e-05,2.5842577179251724e-05,4.3798884736539716e-05,0,normal,-1
1017.0,2.6e-05,1.8e-05,0.03892227858470743,0.029413942103061738,0.019956938775260686,0.03856479809100091,0.029026675792489114,0.02128734008566078,2.5915107994596486e-05,2.5845058696958766e-05,4.380205680074866e-05,0,normal,-1
1018.0,2.6e-05,1.8e-05,0.03892789344408358,0.02941857483953233,0.019959783117361574,0.038427349028265785,0.02944181267166723,0.0195817352488349,2.591644635509784e-05,2.5847502334275256e-05,4.380517811100541e-05,0,normal,-1
1019.0,2.6e-05,1.8e-05,0.03893341949332694,0.02942313511197672,0.019962582174562444,0.03977141549041149,0.029749987392154148,0.019486384455214993,2.5917762373004515e-05,2.5849908608647826e-05,4.3808249509631e-05,0,normal,-1
1020.0,2.6e-05,1.8e-05,0.038938858210360736,0.029427623917395382,0.019965336775726775,0.03787813519607761,0.029644589940326795,0.02071620650304087,2.591905670700091e-05,2.5852277760196238e-05,4.381127191653788e-05,0,normal,-1
1021.0,2.6e-05,1.8e-05,0.03894421110264167,0.02943204212112988,0.019968047820809312,0.03883959880432663,0.02947113199933083,0.020351562893575946,2.592033023520613e-05,2.5854609751845847e-05,4.381424632921312e-05,0,normal,-1
1022.0,2.6e-05,1.8e-05,0.03894947970715991,0.029436390456862856,0.019970716280856053,0.03864033989481819,0.02799939470859559,0.02046107678959636,2.5921584055126367e-05,2.5856904269454076e-05,4.381717382270266e-05,0,normal,-1
1023.0,2.6e-05,1.8e-05,0.038954665590439044,0.029440669526618064,0.019973343198004263,0.03965990432748662,0.029657115914549944,0.01989487263381887,2.5922819483609484e-05,2.5859160721930828e-05,4.3820055549596624e-05,0,normal,-1
1024.0,2.6e-05,1.8e-05,0.03895977025922629,0.029444879999194606,0.019975929542308223,0.0390299497558139,0.02961453815029038,0.018924978785798248,2.5924037664811358e-05,2.586137870784926e-05,4.382289258296887e-05,0,normal,-1
1025.0,2.6e-05,1.8e-05,0.038964794705820684,0.02944902360700439,0.019978475487836638,0.03923473764062996,0.030077422425980195,0.02056929698279674,2.5925237592963204e-05,2.5863560364981782e-05,4.382568512242152e-05,0,normal,-1
1026.0,2.6e-05,1.8e-05,0.03896973997387626,0.029453101891017335,0.019980981318997667,0.03906055953006639,0.030212860582271156,0.01997857247628738,2.5926418593174255e-05,2.5865707418180025e-05,4.3828433488385115e-05,0,normal,-1
1027.0,2.6e-05,1.8e-05,0.03897460716805193,0.02945711620100186,0.01998344743796434,0.03884736121245031,0.029012221512518855,0.0195341755666961,2.5927580334166943e-05,2.5867821169763526e-05,4.383113813022673e-05,0,normal,-1
1028.0,2.6e-05,1.8e-05,0.03897939742571394,0.02946106775948405,0.01998587431890674,0.03927295335229387,0.029460074815589293,0.019808919085741592,2.5928722702538777e-05,2.5869902649504823e-05,4.383379957602416e-05,0,normal,-1
1029.0,2.6e-05,1.8e-05,0.03898411191693589,0.02946495766174768,0.019988262507991975,0.03851561985746443,0.029024060963426954,0.019977808462072474,2.5929845802712626e-05,2.5871952614753936e-05,4.3836418432546836e-05,0,normal,-1
1030.0,2.6e-05,1.8e-05,0.038988751844498744,0.0294687868758342,0.019990612623384196,0.03846817076724505,0.029035664688038334,0.020710510853109296,2.5930949956889624e-05,2.5873971550557305e-05,4.3838995385237894e-05,0,normal,-1
1031.0,2.6e-05,1.8e-05,0.038993318443890805,0.029472556242542733,0.019992925355244585,0.0387780110940146,0.029869778015630205,0.020156045371495332,2.5932035705004283e-05,2.5875959669771532e-05,4.384153119819727e-05,0,normal,-1
1032.0,2.6e-05,1.8e-05,0.038997812983307734,0.029476266475430085,0.01999520146573137,0.03890081482568251,0.0295423000392113,0.01975148249695573,2.593310380468204e-05,2.5877916913172118e-05,4.384402671416578e-05,0,normal,-1
1033.0,2.6e-05,1.8e-05,0.03900223676365255,0.02947991816081074,0.01999744178899981,0.03863778474009165,0.029929762735471713,0.020718663483308666,2.5934155231198924e-05,2.587984294955728e-05,4.3846482854510275e-05,0,normal,-1
1034.0,2.6e-05,1.8e-05,0.03900659111853559,0.029483511757756865,0.019999647231202202,0.039062484967436785,0.028859065927952888,0.019276066789780322,2.5935191177443113e-05,2.5881737175846775e-05,4.384890061920957e-05,0,normal,-1
1035.0,2.6e-05,1.8e-05,0.03901087737875467,0.029487047675538246,0.020001818714134194,0.04011760786532822,0.029433987493858418,0.019073465483386155,2.593621290006663e-05,2.5883598899725886e-05,4.385128102506737e-05,0,normal,-1
1036.0,2.6e-05,1.8e-05,0.03899670808770746,0.028385087991956298,0.019984985174826175,0.03886174342334098,0.028126294597047553,0.02048326569852324,2.73773620095709e-05,2.4358080018333444e-05,4.383282451242948e-05,1,proc_leak2,3
1037.0,2.6e-05,1.8e-05,0.03880223481432895,0.025844165759220987,0.01976813088547286,0.03925447983987031,0.0252130205982987,0.020083066827820423,3.025317063549514e-05,2.071623747697872e-05,4.359436393695394e-05,1,proc_leak2,3
1038.0,2.6e-05,1.8e-05,0.03845092736828458,0.02380837015229992,0.019354190281884957,0.038299881012552425,0.022882777596302747,0.019162001046610744,3.2159494729852776e-05,1.773718220595227e-05,4.313552069141922e-05,1,proc_leak2,3
1039.0,2.6e-05,1.8e-05,0.037994741860715456,0.02216129290989559,0.018799795404646158,0.03858011426380657,0.02266049898938894,0.019018989766794333,3.344171296890022e-05,1.5408740759412423e-05,4.251323006561455e-05,1,proc_leak2,3
1040.0,2.6e-05,1.8e-05,0.037468030196703604,0.02080967744078661,0.018156313964414486,0.036892948959068576,0.020348172073738686,0.018286839970517835,3.4301789630512414e-05,1.368986373427858e-05,4.1779321582702613e-05,1,proc_leak2,3
1041.0,2.6e-05,1.8e-05,0.03689427764445503,0.019678826631217124,0.017467710996674046,0.037345184781448264,0.019185818659969787,0.016754328551799428,3.487064289580878e-05,1.2497020424847143e-05,4.097939481981463e-05,1,proc_leak2,3
1042.0,2.6e-05,1.8e-05,0.036289766249056395,0.018711101924731223,0.01676840543342112,0.03646750781099644,0.01891072680969456,0.016359739407729276,3.5236575011708156e-05,1.1713946327955208e-05,4.015072803272986e-05,1,proc_leak2,3
1043.0,2.6e-05,1.8e-05,0.03566590289099636,0.01786434194210912,0.01608253136267401,0.035873426603885414,0.017985511192954304,0.016764667179169364,3.545927033854199e-05,1.121841543385966e-05,3.932101728267917e-05,1,proc_leak2,3
1044.0,2.6e-05,1.8e-05,0.03503081545909251,0.01710915247281235,0.015425053080264126,0.03439916080721704,0.017136771253750932,0.015388532373542853,3.5578686035981425e-05,1.0906480105628315e-05,3.850887888566003e-05,1,proc_leak2,3
1045.0,2.6e-05,1.8e-05,0.03439044116884883,0.016425636331326765,0.014803945500835443,0.034158320305217114,0.015907746261966157,0.014702261079415177,3.56214836199148e-05,1.0702488810518002e-05,3.772561083083106e-05,1,proc_leak2,3
1046.0,2.6e-05,1.8e-05,0.033749249385533815,0.015800383911118203,0.014222477518217026,0.034431428686090185,0.016840693353318094,0.014134471998288796,3.56056774431961e-05,1.055702061868764e-05,3.6977297679067196e-05,1,proc_leak2,3
1047.0,2.6e-05,1.8e-05,0.03311070582405494,0.015224185609468055,0.013681030042828437,0.032346096632893395,0.015718579083016708,0.014856834355882385,3.5543785614319436e-05,1.0440122795393237e-05,3.6266608143820676e-05,1,proc_leak2,3
1048.0,2.6e-05,1.8e-05,0.03247756626899627,0.014690481391120966,0.013178345395167039,0.03227383568963561,0.01561534453528813,0.013088139006970012,3.544484982467959e-05,1.0334659629916108e-05,3.559409739831267e-05,1,proc_leak2,3
1049.0,2.6e-05,1.8e-05,0.03185206318864669,0.014194376058486356,0.012712316387374068,0.03207998102833017,0.013458652600826836,0.012030526055975712,3.531568712877444e-05,1.02313654362457e-05,3.495907139569597e-05,1,proc_leak2,3
1050.0,2.6e-05,1.8e-05,0.031236026509059024,0.013732035959240252,0.012280458449568632,0.0322195053303367,0.013609940836697518,0.012883747957971937,3.5161653267655083e-05,1.0125602335818146e-05,3.436013263106866e-05,1,proc_leak2,3
1051.0,2.6e-05,1.8e-05,0.030630964544171004,0.013300324376010978,0.01188018167453058,0.031235311431161976,0.01280450269526325,0.011909091130276285,3.4987108716747074e-05,1.0015364161674972e-05,3.3795516060951355e-05,1,proc_leak2,3
1052.0,2.6e-05,1.8e-05,0.03003811981708754,0.01289658478729892,0.011508939713422104,0.030723862725541427,0.01231746395536949,0.012297614017020349,3.479570235279107e-05,9.900108426581361e-06,3.326328976768495e-05,1,proc_leak2,3
1053.0,2.6e-05,1.8e-05,0.029458509447873423,0.012518509612047332,0.011164308635221533,0.02922497869722158,0.012758518273126906,0.011928451735437268,3.4590548830628126e-05,9.780077882878021e-06,3.276147590651142e-05,1,proc_leak2,3
1054.0,2.6e-05,1.8e-05,0.028892958338264503,0.01216405148691226,0.010844027561977656,0.028988597025482232,0.012452989510825475,0.011073401283021955,3.4374353066271836e-05,9.655875406506697e-06,3.228812663740973e-05,1,proc_leak2,3
1055.0,2.6e-05,1.8e-05,0.02834212188706727,0.01183137929131249,0.010546009215737555,0.02796964248711106,0.012040641997530896,0.010251607143298015,3.4149476877740775e-05,9.528287316092477e-06,3.1841360429205554e-05,1,proc_leak2,3
1056.0,2.6e-05,1.8e-05,0.027806507854747115,0.011518838421873656,0.010268343175166346,0.027651828463408152,0.01259464025668446,0.010787374413991408,3.391799916537999e-05,9.398137063558432e-06,3.141938853915115e-05,1,proc_leak2,3
1057.0,2.6e-05,1.8e-05,0.027286494410931752,0.011224925809644343,0.010009289638161053,0.027341386488888095,0.011908067110856183,0.009513007464903224,3.368175638897313e-05,9.26621897346527e-06,3.10205268690512e-05,1,proc_leak2,3
1058.0,2.6e-05,1.8e-05,0.026782343451131316,0.010948277248489147,0.009767268024410075,0.026402355546504445,0.010460510743309052,0.009769689351273871,3.344236480910137e-05,9.133293136385856e-06,3.064319848401495e-05,1,proc_leak2,3
1059.0,2.6e-05,1.8e-05,0.026294217023837108,0.010687643880724093,0.00954084878666175,0.026952119374122407,0.010899236886257218,0.009575809483403032,3.3201257118433914e-05,9.000023949068767e-06,3.0285939322597994e-05,1,proc_leak2,3
1060.0,2.6e-05,1.8e-05,0.025822185965506745,0.010441891867474058,0.009328736724549954,0.025842921486495644,0.010655389193621525,0.009242279921265934,3.295968647806354e-05,8.867038629385537e-06,2.9947388721302288e-05,1,proc_leak2,3
1061.0,2.6e-05,1.8e-05,0.02536624425205068,0.010209979001331165,0.00912976525857767,0.025181688709308175,0.010613530485888293,0.009392077432372605,3.271876108884352e-05,8.734853008389146e-06,2.9626295286942983e-05,1,proc_leak2,3
1062.0,2.6e-05,1.8e-05,0.024926315338495524,0.009990959517801665,0.00894287770777472,0.02448346248679535,0.010417500677729109,0.00954894798633652,3.247944045588299e-05,8.603959228507726e-06,2.932150025271637e-05,1,proc_leak2,3
1063.0,2.6e-05,1.8e-05,0.02450226425254544,0.009783961510809855,0.0087671248216021,0.025128694007428797,0.010634492648244027,0.0077588515216375845,3.2242567504066236e-05,8.47473946691709e-06,2.9031945268947837e-05,1,proc_leak2,3
1064.0,2.6e-05,1.8e-05,0.02409390249216903,0.009588194307392805,0.008601645535551953,0.02441829236150736,0.010139074728628603,0.008288444811837499,3.200886096859922e-05,8.347569278099046e-06,2.8756651378366254e-05,1,proc_leak2,3
1065.0,2.6e-05,1.8e-05,0.023700998338512847,0.009402925995786156,0.008445667922301659,0.02355123282259341,0.01013852035060085,0.009110045935392516,3.177894657963778e-05,8.222715624801639e-06,2.849472973576407e-05,1,proc_leak2,3
1066.0,2.6e-05,1.8e-05,0.02332328031685884,0.009227494067064449,0.008298489130969155,0.022715802665049273,0.009412127949487778,0.008588827275027463,3.155334490027131e-05,8.10046150822796e-06,2.8245356221388194e-05,1,proc_leak2,3
1067.0,2.6e-05,1.8e-05,0.02296044637625504,0.009061281067380047,0.008159480735105425,0.0233529972227835,0.008244143586291379,0.007310945353537478,3.133250459341638e-05,7.98097494478094e-06,2.8007787469051627e-05,1,proc_leak2,3
1068.0,2.6e-05,1.8e-05,0.02261216583815764,0.008903729996283832,0.008028066648922276,0.022526395030448215,0.00938812967200342,0.007839627756255635,3.111678390167003e-05,7.86446778560644e-06,2.7781329548711125e-05,1,proc_leak2,3
1069.0,2.6e-05,1.8e-05,0.022278087807940855,0.008754316840984018,0.007903733601557616,0.022748423954064376,0.008336574337842864,0.008484663760283345,3.090648784540384e-05,7.751025439718648e-06,2.7565361252603713e-05,1,proc_leak2,3
1070.0,2.6e-05,1.8e-05,0.021957841807177095,0.008612570761648546,0.007786006656434481,0.021959901177716533,0.00829357321097269,0.008182665925953387,3.070184334022588e-05,7.640803353017262e-06,2.7359296554120284e-05,1,proc_leak2,3
1071.0,2.6e-05,1.8e-05,0.021651045405497067,0.008478044375009477,0.007674463992435271,0.022353669760910373,0.008244672075056442,0.008771584032292013,3.0503039336849688e-05,7.533823038934568e-06,2.7162614368001146e-05,1,proc_leak2,3
1072.0,2.6e-05,1.8e-05,0.02135730402341354,0.008350336397652522,0.00756871154323111,0.021324569652976036,0.008190417407516066,0.007461941318000186,3.0310198569833756e-05,7.4301902208148865e-06,2.6974817707320142e-05,1,proc_leak2,3
1073.0,2.6e-05,1.8e-05,0.021076217472266515,0.008229062961105408,0.007468399188407926,0.021863215330949926,0.008389030399550718,0.006712851260008219,3.0123416430284454e-05,7.329884282385945e-06,2.6795465309920653e-05,1,proc_leak2,3
1074.0,2.6e-05,1.8e-05,0.02080737959323172,0.008113878316412623,0.007373197909921318,0.02120220510156783,0.008663965117645653,0.007932324117365571,2.9942735048493595e-05,7.23296194316643e-06,2.662413380119653e-05,1,proc_leak2,3
1075.0,2.6e-05,1.8e-05,0.020550383305731237,0.008004451623071847,0.007282813346288052,0.0198725617869694,0.008488999106281795,0.007611665462935868,2.9768175063473375e-05,7.139380558969594e-06,2.6460444242027395e-05,1,proc_leak2,3
1076.0,2.6e-05,1.8e-05,0.020304820638563186,0.00790048146525004,0.0071969689414655424,0.020152026000119245,0.008290329003276942,0.00764592943921886,2.959971764205622e-05,7.049148642208269e-06,2.6304033912968832e-05,1,proc_leak2,3
1077.0,2.6e-05,1.8e-05,0.020070286086788416,0.007801681358975929,0.00711541367158704,0.020843401137070346,0.007774888087718586,0.006694042662535734,2.9437324761853812e-05,6.962216550470982e-06,2.6154572058419058e-05,1,proc_leak2,3
1078.0,2.6e-05,1.8e-05,0.01984637730738657,0.007707785622502308,0.007037913306618819,0.019980741367512128,0.00842401858754116,0.006456296377831603,2.9280932496878323e-05,6.878547914747897e-06,2.6011745606008838e-05,1,proc_leak2,3
1079.0,2.6e-05,1.8e-05,0.019632696843875787,0.007618544832470407,0.006964250765359704,0.01936587215382898,0.0075492388791919265,0.00768375568168643,2.9130458027116303e-05,6.798095214702658e-06,2.5875261159651148e-05,1,proc_leak2,3
1080.0,2.6e-05,1.8e-05,0.019428853502656992,0.007533722622853701,0.00689422592402861,0.019470650580356394,0.007796317312671431,0.006812103214043341,2.898580487587443e-05,6.720783498329183e-06,2.5744845928539998e-05,1,proc_leak2,3
1081.0,2.6e-05,1.8e-05,0.019234462691032614,0.00745310046975244,0.006827648703935975,0.019806852430508576,0.006720145778378218,0.0058949305757854155,2.8846857305666095e-05,6.646571230578105e-06,2.56202359688391e-05,1,proc_leak2,3
1082.0,2.6e-05,1.8e-05,0.01904914832796422,0.007376466599099878,0.006764346433273813,0.019235229356724587,0.006607131549919086,0.007506325051633432,2.871349605800635e-05,6.575353340515372e-06,2.5501190901643748e-05,1,proc_leak2,3
1083.0,2.6e-05,1.8e-05,0.018872542130998784,0.007303628240622058,0.006704150964102306,0.018775190444867813,0.007205854683602985,0.006609641335298267,2.8585582483222007e-05,6.507094512541152e-06,2.5387470637833687e-05,1,proc_leak2,3
1084.0,2.6e-05,1.8e-05,0.018704285849426724,0.007234394700718712,0.006646911762487326,0.017856672365596467,0.007551508108975286,0.006956684739532541,2.8462982127941974e-05,6.441668641987048e-06,2.527886079359603e-05,1,proc_leak2,3
1085.0,2.6e-05,1.8e-05,0.018544029837812552,0.007168594764334437,0.0065924788735061005,0.019381876641101282,0.007500971506374265,0.006392224736630272,2.8345541626681016e-05,6.379045195088924e-06,2.5175141190093246e-05,1,proc_leak2,3
1086.0,2.6e-05,1.8e-05,0.018391435411381888,0.007106056112402203,0.006540719752955834,0.01792648579837984,0.0054964073392308145,0.006008367460737771,2.823311726759079e-05,6.319085198065931e-06,2.5076118431879926e-05,1,proc_leak2,3
1087.0,2.6e-05,1.8e-05,0.018246172985980556,0.007046625751854112,0.006491499812653866,0.018774468443050807,0.007496332434102898,0.006119495503224252,2.8125547465619563e-05,6.261761360639017e-06,2.498158940077507e-05,1,proc_leak2,3
1088.0,2.6e-05,1.8e-05,0.018107924411013342,0.006990147558112967,0.006444701331817826,0.017331999057630665,0.006548566012125935,0.00660826084411801,2.8022683930595572e-05,6.206928214155401e-06,2.4891377957805033e-05,1,proc_leak2,3
1089.0,2.6e-05,1.8e-05,0.017976380876222817,0.00693648415080124,0.006400202898842691,0.017698443486982535,0.007659685301151509,0.006983577346301188,2.7924361863970624e-05,6.154560698241283e-06,2.4805295932299188e-05,1,proc_leak2,3
1090.0,2.6e-05,1.8e-05,0.017851245135945125,0.0068854938136478526,0.00635789920361966,0.0174166196250447,0.007486001936884027,0.006052983147763568,2.783043203754661e-05,6.104511650862112e-06,2.472318170538709e-05,1,proc_leak2,3
1091.0,2.6e-05,1.8e-05,0.017732229322739594,0.006837052680728383,0.006317680331241805,0.018158803064642962,0.006375285650158609,0.00562096438711679,2.774073028199755e-05,6.056757200758175e-06,2.464486055316452e-05,1,proc_leak2,3
1092.0,2.6e-05,1.8e-05,0.017619057000388374,0.006791032050025445,0.006279451451587685,0.017328646792866168,0.00711518959253127,0.006308724525898543,2.7655109081217426e-05,6.011153036552629e-06,2.457018322383325e-05,1,proc_leak2,3
1093.0,2.6e-05,1.8e-05,0.01751146101496202,0.006747319724478191,0.0062431129651338395,0.017794144577635874,0.00693063103207338,0.005684089749569122,2.7573407979962393e-05,5.967673904127992e-06,2.449898761667586e-05,1,proc_leak2,3
1094.0,2.6e-05,1.8e-05,0.0174091852800386,0.006705799084788304,0.006208578797912724,0.01827976255192224,0.005765249247442971,0.00664149923332622,2.7495482787958442e-05,5.9261845484760244e-06,2.4431134817558793e-05,1,proc_leak2,3
1095.0,2.6e-05,1.8e-05,0.01731198284772295,0.006666367772385832,0.006175759012379627,0.017373484785536904,0.0065117015102005025,0.005895437021877597,2.7421179478665962e-05,5.886652523867725e-06,2.43664753284539e-05,1,proc_leak2,3
1096.0,2.6e-05,1.8e-05,0.01721961724276921,0.006628920827334782,0.006144574571296914,0.016774408788584275,0.006047245405871543,0.006385744541588557,2.7350357752961198e-05,5.848960998029197e-06,2.4304878319698347e-05,1,proc_leak2,3
1097.0,2.6e-05,1.8e-05,0.017131861026377985,0.0065933638009129485,0.006114945038135648,0.016973597694608055,0.006559305833438015,0.005496781590866098,2.728287257656434e-05,5.813060644143174e-06,2.4246207663803533e-05,1,proc_leak2,3
1098.0,2.6e-05,1.8e-05,0.017048496399319,0.006559603370411602,0.006086796674155077,0.016544372194390453,0.006791393886513955,0.0057684647238070265,2.7218587259771352e-05,5.778865162814488e-06,2.419033812620073e-05,1,proc_leak2,3
1099.0,2.6e-05,1.8e-05,0.0169693145952369,0.006527551110362879,0.006060058645953299,0.01738832805722727,0.006494296067760624,0.006834632121406611,2.7157368032701954e-05,5.7462968724368446e-06,2.4137148093854382e-05,1,proc_leak2,3
1100.0,2.6e-05,1.8e-05,0.016894115452868064,0.0064971253082513475,0.006034661037007031,0.01724227569955418,0.0070366632794937305,0.0064350687713714445,2.7099081310896278e-05,5.715310700786838e-06,2.408651578738158e-05,1,proc_leak2,3
1101.0,2.6e-05,1.8e-05,0.016822707905617636,0.006468242254378669,0.00601054242016934,0.01697414720069714,0.006856310444382857,0.006281905802482365,2.704360585939513e-05,5.685794112511754e-06,2.403833453445226e-05,1,proc_leak2,3
1102.0,2.6e-05,1.8e-05,0.016754908408433487,0.006440830933175302,0.005987636224048311,0.016224516013161418,0.006733027597678546,0.006533233668646582,2.6990811774239694e-05,5.657742367327941e-06,2.3992485725900863e-05,1,proc_leak2,3
1103.0,2.6e-05,1.8e-05,0.016690542430410037,0.006414812774803219,0.0059658888311912486,0.015591372094551924,0.00608219447134686,0.005814164768811139,2.694058902538734e-05,5.631020865278398e-06,2.3948875139619072e-05,1,proc_leak2,3
1104.0,2.6e-05,1.8e-05,0.016629442178160037,0.006390124397753437,0.005945238644471843,0.016450717327932258,0.006105015842284536,0.006524049919737122,2.6892814904090628e-05,5.60563738800375e-06,2.3907391175162425e-05,1,proc_leak2,3
1105.0,2.6e-05,1.8e-05,0.01657144824172856,0.006366695516746637,0.005925635910899032,0.01640678879307962,0.006317854465149246,0.0047261982466076605,2.6847385244580583e-05,5.581480276792891e-06,2.3867944720943426e-05,1,proc_leak2,3
1106.0,2.6e-05,1.8e-05,0.01651640786885406,0.00634446552082271,0.00590702740302203,0.016026635559712364,0.005268079650632997,0.005571433159108637,2.6804190566516837e-05,5.558518609890374e-06,2.3830438528733204e-05,1,proc_leak2,3
1107.0,2.6e-05,1.8e-05,0.016464175393931368,0.006323375346052052,0.005889363577546125,0.016015066708749217,0.007014378294451399,0.007147378679000565,2.676312741407125e-05,5.53670653304928e-06,2.3794781688810038e-05,1,proc_leak2,3
1108.0,2.6e-05,1.8e-05,0.016414612215291707,0.0063033644729743035,0.00587260108497528,0.01622499347977022,0.005357568350884769,0.0066918239346513584,2.6724102427123024e-05,5.515947753663646e-06,2.3760894829685043e-05,1,proc_leak2,3
1109.0,2.6e-05,1.8e-05,0.016367585404578253,0.006284384073851093,0.005856690592236731,0.01675970883403941,0.006858777460051595,0.005701448140703094,2.668701325348944e-05,5.4962574533391e-06,2.3728685596898427e-05,1,proc_leak2,3
1110.0,2.6e-05,1.8e-05,0.016322969150554444,0.006266376975130383,0.005841594818407416,0.015276857171333294,0.005725141438599983,0.005598297904160416,2.6651777023953812e-05,5.477518899433998e-06,2.3698085210667385e-05,1,proc_leak2,3
1111.0,2.6e-05,1.8e-05,0.016280642772740248,0.006249297895920182,0.005827269910090964,0.01603108698162855,0.005512509570009444,0.006498596512379634,2.6618301060352346e-05,5.459732657840429e-06,2.3669010849976923e-05,1,proc_leak2,3
1112.0,2.6e-05,1.8e-05,0.01624049164208748,0.0062330997158156105,0.005813677760858479,0.016689503264910487,0.006456766060696628,0.005589635825334796,2.658650233739735e-05,5.442849577430199e-06,2.3641390664963272e-05,1,proc_leak2,3
1113.0,2.6e-05,1.8e-05,0.016202406826793574,0.006217734677091452,0.005800784737007,0.015112203616442858,0.006657765655435676,0.00565636153649894,2.6556305527647484e-05,5.4267861730535325e-06,2.3615161296217712e-05,1,proc_leak2,3
1114.0,2.6e-05,1.8e-05,0.016166283892285003,0.006203165828103308,0.005788551078263953,0.01608558281540929,0.006170271964906434,0.006207205824666844,2.6527626262243695e-05,5.4115680731792835e-06,2.3590246365015776e-05,1,proc_leak2,3
1115.0,2.6e-05,1.8e-05,0.01613202427042479,0.0061893479939580005,0.0057769480714557715,0.016147664003262237,0.006170975410276076,0.005778284684783228,2.6500398313221677e-05,5.397094711618228e-06,2.356659147381341e-05,1,proc_leak2,3
1116.0,2.6e-05,1.8e-05,0.01609953357648767,0.0061762450515387615,0.005765942145172481,0.016151142914183864,0.0055666384965502875,0.0063524960411770175,2.647454843985429e-05,5.383355355395286e-06,2.3544131879357797e-05,1,proc_leak2,3
1117.0,2.6e-05,1.8e-05,0.016068722009284102,0.006163822670159138,0.005755501334552445,0.01697728079033051,0.006215653081902341,0.005674718521921263,2.6450006618545002e-05,5.370340080159904e-06,2.3522805685147405e-05,1,proc_leak2,3
1118.0,2.6e-05,1.8e-05,0.016039504691429153,0.0061520418086448815,0.005745601069806163,0.016025500491591616,0.005747417750372999,0.0051404922460240084,2.6426715239257768e-05,5.3579587778982e-06,2.3502565724810235e-05,1,proc_leak2,3
1119.0,2.6e-05,1.8e-05,0.01601222199667879,0.006255003501963594,0.005738176702752162,0.015667028560502408,0.006179889872112606,0.0053742805825167704,2.625208290248078e-05,6.041896265403922e-06,2.3487376010299395e-05,0,normal,-1
1120.0,2.6e-05,1.8e-05,0.016049014332775318,0.007386009529944755,0.005927698975110591,0.015824004449452173,0.007367660575419247,0.004201120260729381,2.4736316525172624e-05,1.014905863166859e-05,2.3872099280733185e-05,0,normal,-1
1121.0,2.6e-05,1.8e-05,0.016171483922804444,0.008256240267334432,0.006255818494115105,0.016191496611480834,0.008729882072688579,0.005108150743665973,2.3644650343643443e-05,1.1886706469246538e-05,2.4523904223985996e-05,0,normal,-1
1122.0,2.6e-05,1.8e-05,0.016356881615828347,0.00897583200171749,0.00662551207923787,0.015897672914729908,0.0095183594464184,0.006595631120185825,2.28328337344246e-05,1.2884401296318762e-05,2.5238135435760115e-05,0,normal,-1
1123.0,2.6e-05,1.8e-05,0.016589218098864118,0.009594833279654208,0.007001288445569287,0.01581666898165716,0.009953437511080937,0.006841355858586254,2.2226726896923763e-05,1.3534668770276063e-05,2.594397557391966e-05,0,normal,-1
1124.0,2.6e-05,1.8e-05,0.016856518914622486,0.010142311894264745,0.00736766962792563,0.01645255641683201,0.010162351521071165,0.0073791238085982895,2.1777003243373687e-05,1.3999233284578993e-05,2.661415079782773e-05,0,normal,-1
1125.0,2.6e-05,1.8e-05,0.01714961206069992,0.010636856667406694,0.007717985486873836,0.01700655594155403,0.009764991277180573,0.008821938753444412,2.1447818978606824e-05,1.4358471688289004e-05,2.7239524385294926e-05,0,normal,-1
1126.0,2.6e-05,1.8e-05,0.017461403053372668,0.011090987454239469,0.008049862126198258,0.018288078942688208,0.011774334934013102,0.007459233465762361,2.1212147335853956e-05,1.4656082838542051e-05,2.781901589000675e-05,0,normal,-1
1127.0,2.6e-05,1.8e-05,0.01778637844502333,0.011513422072113236,0.008363084423378681,0.017466830146446257,0.011182772036376014,0.00818394100629865,2.1049262565025543e-05,1.491692491116782e-05,2.835507380161053e-05,0,normal,-1
1128.0,2.6e-05,1.8e-05,0.018120242721012727,0.011910383130135956,0.008658497261579247,0.017817258040397018,0.01148945241103425,0.009197560317686863,2.09431325885792e-05,1.5155434756809104e-05,2.8851526991369206e-05,0,normal,-1
1129.0,2.6e-05,1.8e-05,0.018459645038610698,0.01228640424742558,0.008937419235231678,0.017768955450628163,0.012040308369547992,0.009867694397144952,2.088129171203226e-05,1.5380036065669018e-05,2.9312550391201087e-05,0,normal,-1
1130.0,2.6e-05,1.8e-05,0.018801970623342594,0.012644849650456267,0.009201326890439343,0.01947200505515462,0.012227184928253249,0.009579853286534903,2.0854010850599147e-05,1.5595605136881202e-05,2.9742178208615752e-05,0,normal,-1
1131.0,2.6e-05,1.8e-05,0.019145179794837906,0.01298826001194896,0.009451687238022824,0.019329178596047485,0.013038049068310683,0.009118431730245126,2.0853670135134774e-05,1.5804910887694082e-05,3.0144092417736487e-05,0,normal,-1
1132.0,2.6e-05,1.8e-05,0.01948768333018641,0.013318586916716774,0.009689874407827783,0.01989043511156548,0.013039751109329806,0.009434005141431124,2.0874281254121962e-05,1.600947288101164e-05,3.052155215285991e-05,0,normal,-1
1133.0,2.6e-05,1.8e-05,0.019828248474688427,0.013637349698644566,0.009917135358535296,0.0200632063314238,0.01421937922431836,0.009407443439861645,2.0911134889085528e-05,1.6210064135301808e-05,3.087739560097105e-05,0,normal,-1
1134.0,2.6e-05,1.8e-05,0.02016592127481172,0.013945753620952918,0.010134576191197092,0.01980983901889151,0.013244729468799508,0.008973947461137331,2.096050766864569e-05,1.640704373793504e-05,3.121406551331156e-05,0,normal,-1
1135.0,2.6e-05,1.8e-05,0.020499968448773366,0.014244767881669307,0.010343167864383595,0.02060381464659483,0.013921844459391942,0.01008053195904858,2.1019451145443685e-05,1.6600536510032575e-05,3.153365618107279e-05,0,normal,-1
1136.0,2.6e-05,1.8e-05,0.020829833959470957,0.014535180141653831,0.01054375572973971,0.020335622995001745,0.0132242388007742,0.010683428478042654,2.1085634646840945e-05,1.6790541654822164e-05,3.183795829423922e-05,0,normal,-1
1137.0,2.6e-05,1.8e-05,0.021155097973332513,0.014817644469905349,0.010737072955782658,0.021391856412719377,0.014877394672753999,0.01009969246813657,2.1157197731601116e-05,1.697701172720081e-05,3.212850323035658e-05,0,normal,-1
1138.0,2.6e-05,1.8e-05,0.021475454120706124,0.015092705127165458,0.010923753355073965,0.02207446084761447,0.015908559970638968,0.010816804967007425,2.123267121470505e-05,1.715987766758162e-05,3.240660118016237e-05,0,normal,-1
1139.0,2.6e-05,1.8e-05,0.021790681535555426,0.015360825247663835,0.01110434650764628,0.023082798375255408,0.015049633679250584,0.011728453002016203,2.131088006925943e-05,1.7339077436960708e-05,3.267337852980769e-05,0,normal,-1
1140.0,2.6e-05,1.8e-05,0.022100630004127673,0.015622401118616649,0.011279327883265895,0.02165792352339261,0.015353917753312813,0.011874607601208379,2.1390892048753245e-05,1.7514563904342423e-05,3.292980449443052e-05,0,normal,-1
1141.0,2.6e-05,1.8e-05,0.022405205923661107,0.015877775561486448,0.011449109069410808,0.023022636703634976,0.015607954565955378,0.011576792171045774,2.147196920035795e-05,1.768631028983396e-05,3.3176715444947476e-05,0,normal,-1
1142.0,2.6e-05,1.8e-05,0.02270435725593059,0.01612724916386534,0.011614052279831925,0.02314365763264177,0.016582902961110313,0.011655135310935164,2.1553521725201956e-05,1.7854302627463452e-05,3.341484337952943e-05,0,normal,-1
1143.0,2.6e-05,1.8e-05,0.022998069371632263,0.016371087628446617,0.011774469218873247,0.02241624899544135,0.016869992029043154,0.011912717525098874,2.163508665304321e-05,1.8018555755248153e-05,3.36448201327342e-05,0,normal,-1
1144.0,2.6e-05,1.8e-05,0.023286353894224412,0.01660952816369335,0.011930635532703866,0.023408539081789286,0.015763277277267104,0.012056114574827423,2.1716296990943692e-05,1.8179096355761176e-05,3.386720299704545e-05,0,normal,-1
1145.0,2.6e-05,1.8e-05,0.023569244135611962,0.016842781930914704,0.012082797401780643,0.024250765913795772,0.017008544304690485,0.01124007207530358,2.1796868546701306e-05,1.833595449552046e-05,3.4082487828977324e-05,0,normal,-1
1146.0,2.6e-05,1.8e-05,0.02384679076357581,0.017071043818253077,0.012231166445842073,0.023532604210448886,0.017902855631473133,0.012567242521233583,2.187657556022046e-05,1.8489191939296158e-05,3.4291104965724935e-05,0,normal,-1
1147.0,2.6e-05,1.8e-05,0.024119057111629413,0.017294489965810678,0.012375934744029867,0.024339828530514585,0.016892963762073235,0.011880012748839796,2.1955245993690643e-05,1.8638867788168418e-05,3.449344306417589e-05,0,normal,-1
1148.0,2.6e-05,1.8e-05,0.02438611716034866,0.017513279770796576,0.012517276662966094,0.024306944209738883,0.017229818543284398,0.01299506858412853,2.2032754037996313e-05,1.8785039034089936e-05,3.4689853614915046e-05,0,normal,-1
1149.0,2.6e-05,1.8e-05,0.02464805159566207,0.01772756554224865,0.012655342736281112,0.024824656925117643,0.017167777603955433,0.013429145213977929,2.2108997510622157e-05,1.892779018351321e-05,3.4880644202488484e-05,0,normal,-1
1150.0,2.6e-05,1.8e-05,0.024904946977273454,0.017937486377802556,0.012790272495415728,0.02454093178667823,0.017612600952549403,0.012673466687134224,2.2183905811687634e-05,1.9067197249222194e-05,3.506609783201258e-05,0,normal,-1
1151.0,2.6e-05,1.8e-05,0.025156894699567785,0.018143169270861206,0.012922195526066245,0.025202816073009934,0.01733276979880098,0.013407569612400088,2.225743593679207e-05,1.9203328293354712e-05,3.524647547606649e-05,0,normal,-1
1152.0,2.6e-05,1.8e-05,0.025403987338986283,0.01834473884454768,0.0130512242985134,0.025644508274042497,0.018511798606320913,0.012864981994078968,2.2329550816332767e-05,1.933627470366237e-05,3.5422007306341086e-05,0,normal,-1
1153.0,2.6e-05,1.8e-05,0.025646319571958814,0.01854231063086914,0.013177464253604896,0.025376658385433164,0.018172896317164025,0.013215423403793142,2.2400231238249437e-05,1.946612003761736e-05,3.559290741725193e-05,0,normal,-1
1154.0,2.6e-05,1.8e-05,0.02588398812361668,0.01873599004666717,0.01330101617307339,0.025471353864560953,0.018805037746570028,0.013488629413753752,2.246947707827438e-05,1.9592934303969787e-05,3.575937769099079e-05,0,normal,-1
1155.0,2.6e-05,1.8e-05,0.026117088303590993,0.018925881924453596,0.013421968642948463,0.026084725049399488,0.018659809277766184,0.012491735379925742,2.2537286637286946e-05,1.9716805088534768e-05,3.592159825781391e-05,0,normal,-1
1156.0,2.6e-05,1.8e-05,0.02634571499870915,0.019112086104911184,0.013540404094049545,0.026095161901182648,0.018795114389367974,0.013718380564607485,2.2603665101632034e-05,1.983781852400055e-05,3.6079736262807345e-05,0,normal,-1
1157.0,2.6e-05,1.8e-05,0.02656996381369759,0.019294693536033247,0.013656403431239358,0.026588204529306294,0.02023263895191216,0.014040824780192274,2.2668632297780734e-05,1.995604436459796e-05,3.623395249034377e-05,0,normal,-1
1158.0,2.6e-05,1.8e-05,0.026789928536633957,0.019473793176716294,0.013770040544973234,0.026412090115401226,0.01907567571263592,0.013812191675176954,2.2732207828139005e-05,2.0071558382080745e-05,3.638439442827978e-05,0,normal,-1
1159.0,2.6e-05,1.8e-05,0.027005700365610553,0.019649473640649607,0.013881381942710191,0.02745390830468904,0.01942224638630011,0.014018621395874807,2.2794407341219504e-05,2.0184445813766026e-05,3.653119621923531e-05,0,normal,-1
1160.0,2.6e-05,1.8e-05,0.027217370309328665,0.019821816414498046,0.013990493620882965,0.027353038048478297,0.019588560653151725,0.013871274990116852,2.2855256784811592e-05,2.029477744540749e-05,3.667448807719675e-05,0,normal,-1
1161.0,2.6e-05,1.8e-05,0.027425028509520902,0.019990897679393833,0.014097439773706418,0.026720327544147413,0.020230319455850264,0.013974412857609681,2.2914788430040874e-05,2.0402615489062022e-05,3.681439480644205e-05,0,normal,-1
1162.0,2.6e-05,1.8e-05,0.027628761256586507,0.020156796133065705,0.01420227675080082,0.028357028703066986,0.019702108960141768,0.01414511410469317,2.297302419370426e-05,2.0508037765913478e-05,3.695102816253547e-05,0,normal,-1
1163.0,2.6e-05,1.8e-05,0.02782865343784192,0.02031958658672833,0.01430505912680002,0.02741253660230724,0.020817899296419307,0.014216265056255617,2.3029989357962264e-05,2.0611116019023723e-05,3.708449506643309e-05,0,normal,-1
1164.0,2.6e-05,1.8e-05,0.028024789453682915,0.0204793377066103,0.014405841909051666,0.02785582345163511,0.020911655778974737,0.01462629493264765,2.308571739840963e-05,2.0711908535264472e-05,3.721490063741148e-05,0,normal,-1
1165.0,2.6e-05,1.8e-05,0.02821725138107667,0.020636116808248294,0.014504676809945877,0.02879263380143006,0.020799040367848447,0.015438388518688603,2.314023978155831e-05,2.0810475005633492e-05,3.73423435144954e-05,0,normal,-1
1166.0,2.6e-05,1.8e-05,0.028406117716504007,0.020789993100416754,0.014601609959844466,0.028009215704800375,0.020355427857114694,0.015193938397131814,2.319357915207299e-05,2.0906885898787077e-05,3.746691311436702e-05,0,normal,-1
1167.0,2.6e-05,1.8e-05,0.028591466096897663,0.020941031097816854,0.014696687708060862,0.029622290938154123,0.02058232005667324,0.01433602642447222,2.324576358941723e-05,2.100120144908965e-05,3.7588697275611395e-05,0,normal,-1
1168.0,2.6e-05,1.8e-05,0.028773373455034192,0.021089290328344744,0.014789956959362248,0.027610146628234765,0.01974079690242842,0.014899378451637623,2.3296827239011092e-05,2.109347089783878e-05,3.7707782779675175e-05,0,normal,-1
1169.0,2.6e-05,1.8e-05,0.028951913767416557,0.021234831073410305,0.014881460748273234,0.02750758670732084,0.020629768769859877,0.014529863362841504,2.33467981711208e-05,2.118374973429118e-05,3.7824249806407164e-05,0,normal,-1
1170.0,2.6e-05,1.8e-05,0.029127158066224373,0.021377714462876247,0.014971238401099122,0.029238995138931776,0.022063472131320767,0.014238490168382523,2.3395698335200104e-05,2.1272099501352513e-05,3.793817229921425e-05,0,normal,-1
1171.0,2.6e-05,1.8e-05,0.02929917667399412,0.021517997312391467,0.015059329922998197,0.02858139610527868,0.021656191100169045,0.015322687886693756,2.3443554778845265e-05,2.135857193371377e-05,3.8049623653029746e-05,0,normal,-1
1172.0,2.6e-05,1.8e-05,0.029468039191562226,0.021655732220480364,0.015145775964411445,0.029508604063937353,0.02252475162887747,0.016411072941303433,2.3490399442782023e-05,2.1443209421135162e-05,3.815867672845309e-05,0,normal,-1
1173.0,2.6e-05,1.8e-05,0.02963381237111235,0.021790972904659086,0.015230613742396246,0.029212502472650868,0.02193932318056618,0.015199236476060403,2.353625792675053e-05,2.1526060678836454e-05,3.826539878227444e-05,0,normal,-1
1174.0,2.6e-05,1.8e-05,0.02979656024946557,0.02192377400529284,0.015313877345509173,0.029646114538408628,0.02176344121251443,0.015713819851658553,2.358115005673829e-05,2.1607179845455072e-05,3.8369851970558357e-05,0,normal,-1
1175.0,2.6e-05,1.8e-05,0.029956346211348395,0.022054186442332382,0.015395601575818669,0.03010097576173259,0.02199820482594651,0.016116879144371446,2.3625099974500407e-05,2.1686612605282473e-05,3.8472098256997306e-05,0,normal,-1
1176.0,2.6e-05,1.8e-05,0.030113233032102095,0.022182257368933863,0.015475822012466812,0.030163095022550317,0.022202267954533495,0.015929455991226322,2.366813623927534e-05,2.1764396203386407e-05,3.857219953067928e-05,0,normal,-1
1177.0,2.6e-05,1.8e-05,0.030267281305707355,0.022308034085323433,0.015554572047091224,0.030140481843987044,0.021415929727533815,0.01622873061626727,2.3710283626944598e-05,2.1840570749969365e-05,3.867021395678147e-05,0,normal,-1
1178.0,2.6e-05,1.8e-05,0.03041854870269171,0.02243156590278438,0.01563188152599782,0.03018112466513248,0.022527534844752745,0.01587460222854541,2.375155929877141e-05,2.1915184391220357e-05,3.876619437275702e-05,0,normal,-1
1179.0,2.6e-05,1.8e-05,0.03056709221051986,0.022552899131214662,0.01570778080007211,0.030460625547223015,0.023004895244451127,0.015782977674386224,2.3791983641081394e-05,2.19882786494364e-05,3.88601933932055e-05,0,normal,-1
1180.0,2.6e-05,1.8e-05,0.030712968295145093,0.022672076783667464,0.01578230099030002,0.030370595353448885,0.023006835370876572,0.015108741706015841,2.3831580921933983e-05,2.2059887666013377e-05,3.895226376740463e-05,0,normal,-1
1181.0,2.6e-05,1.8e-05,0.030856232287836877,0.02278914010457496,0.015855472842594778,0.03144594415296253,0.02230240524095128,0.01525542361696688,2.38703760985904e-05,2.2130042612886767e-05,3.904245699416696e-05,0,normal,-1
1182.0,2.6e-05,1.8e-05,0.03099693641216044,0.022904133354296728,0.015927323116366937,0.030464855247635158,0.022953569791353705,0.01690839659743183,2.3908384838441718e-05,2.2198785118232417e-05,3.913081892525742e-05,0,normal,-1
1183.0,2.6e-05,1.8e-05,0.031135131831669386,0.02301709917155818,0.0159978782502006,0.031272645362229706,0.022966926110224245,0.01612344249658589,2.3945623459182987e-05,2.226615395880772e-05,3.921739434508347e-05,0,normal,-1
1184.0,2.6e-05,1.8e-05,0.031270869261545195,0.023128077338186552,0.01606716538945156,0.031436888447645674,0.02355964916167792,0.015918394953965513,2.3982111648699073e-05,2.233218154957213e-05,3.9302228260126604e-05,0,normal,-1
1185.0,2.6e-05,1.8e-05,0.03140419892347305,0.02323710489608469,0.016135212300732206,0.030515861524732377,0.02306374432345012,0.01689368972988547,2.4017872206806634e-05,2.2396894378349352e-05,3.938536581228862e-05,0,normal,-1
1186.0,2.6e-05,1.8e-05,0.031535169007256954,0.023344219888933815,0.01620204456678419,0.03169466484928113,0.023625701252043316,0.016859467933359136,2.40529232760885e-05,2.246032340270443e-05,3.946684888056682e-05,0,normal,-1
1187.0,2.6e-05,1.8e-05,0.03166382548525373,0.023449461839600415,0.016267685257881286,0.03223082889520435,0.022451772936853406,0.016410188384933806,2.4087277409864843e-05,2.2522505267398327e-05,3.954671573370147e-05,0,normal,-1
1188.0,2.6e-05,1.8e-05,0.031790213874039776,0.02355286791093932,0.016332157969974382,0.031680344532991844,0.02326900414551716,0.016625121637615918,2.4120949816823374e-05,2.258347149023452e-05,3.9625004768673494e-05,0,normal,-1
1189.0,2.6e-05,1.8e-05,0.031914379305099806,0.023654472802303417,0.01639548692493926,0.03225160798621781,0.024174491662326814,0.015648405041103354,2.4153958601138542e-05,2.264324823186782e-05,3.97017546462346e-05,0,normal,-1
1190.0,2.6e-05,1.8e-05,0.032036366362402126,0.023754309153526623,0.016457696672635306,0.032003127660151766,0.02330297632615761,0.01594668772852468,2.4186323920292114e-05,2.2701857473570648e-05,3.9777003943406964e-05,0,normal,-1
1191.0,2.6e-05,1.8e-05,0.032156217324231164,0.023852411753023134,0.016518808940986427,0.03223686272243237,0.024478308965553218,0.01598260566769209,2.421805927620059e-05,2.27593285010735e-05,3.985078736949313e-05,0,normal,-1
1192.0,2.6e-05,1.8e-05,0.03227397301312973,0.023948815611939477,0.016578844129230042,0.03270136305873193,0.023682155319927515,0.01651920578715713,2.424917560579885e-05,2.281569253313896e-05,3.992313761336799e-05,0,normal,-1
1193.0,2.6e-05,1.8e-05,0.032389673927704664,0.024043553581287423,0.016637823203335345,0.03230638226151852,0.022507123751230006,0.016766272206090452,2.427968641288727e-05,2.287097610631237e-05,3.999408765207994e-05,0,normal,-1
1194.0,2.6e-05,1.8e-05,0.032503360240585394,0.024136656379467235,0.016695767682659474,0.03278616173942745,0.02448145243862165,0.01733509875301792,2.4309607712147427e-05,2.2925201208123034e-05,4.00636707438986e-05,0,normal,-1
1195.0,2.6e-05,1.8e-05,0.03261507162869801,0.024228153010811625,0.01675269933231326,0.03183905435831242,0.02368739182897953,0.0162862787383348,2.433895716374371e-05,2.297838645814141e-05,4.0131920068817194e-05,0,normal,-1
1196.0,2.6e-05,1.8e-05,0.03272484563678401,0.02431807464956573,0.016808637264840713,0.0327750148705542,0.024506494511543703,0.017523996918491977,2.436774606665954e-05,2.303055755638359e-05,4.019886527462257e-05,0,normal,-1
1197.0,2.6e-05,1.8e-05,0.03283271857315456,0.02440645260186766,0.0168635995007355,0.031946487214057746,0.025020058576036543,0.01679086790786163,2.4395983646574626e-05,2.3081741707227522e-05,4.0264534379546844e-05,0,normal,-1
1198.0,2.6e-05,1.8e-05,0.03293872647841149,0.02449331629164353,0.01691760456715615,0.032730800285535336,0.024630162209587803,0.01646491945391724,2.4423681383276245e-05,2.3131962098447086e-05,4.0328955700306176e-05,0,normal,-1
1199.0,2.6e-05,1.8e-05,0.0330429051182801,0.024578693296243855,0.016970671477275417,0.032701240330639064,0.024543136778718482,0.01653768130029727,2.445085293837546e-05,2.3181238041083542e-05,4.039215783394474e-05,0,normal,-1
1200.0,2.6e-05,1.8e-05,0.03314528992884121,0.02466260948266613,0.017022819631124217,0.03335234725057661,0.024863231081633203,0.017340515534983066,2.447751387037168e-05,2.3229585377145852e-05,4.045416954650064e-05,0,normal,-1
1201.0,2.6e-05,1.8e-05,0.03324591470130448,0.024745092130287277,0.017074066498632738,0.033034585951031106,0.024369873580791332,0.016711760329614654,2.450367523119924e-05,2.3277024775839018e-05,4.0515017031287975e-05,0,normal,-1
1202.0,2.6e-05,1.8e-05,0.033344811754955295,0.024826169518040984,0.017124427931859042,0.0342745892261377,0.02571728466807514,0.0173036128772218,2.4529344436362985e-05,2.3323580593793976e-05,4.057472430606356e-05,0,normal,-1
1203.0,2.6e-05,1.8e-05,0.033442013162804485,0.024905868319178875,0.017173920199475456,0.03324541100317338,0.026099128144853274,0.0169049068294729,2.4554530795658954e-05,2.3369273835335405e-05,4.063331564292005e-05,0,normal,-1
1204.0,2.6e-05,1.8e-05,0.03353755076644856,0.024984213608276497,0.01722255999514253,0.03300723836019556,0.025608965593522198,0.017209820710396912,2.4579245516410973e-05,2.3414122191593655e-05,4.0690815583040514e-05,0,normal,-1
1205.0,2.6e-05,1.8e-05,0.03363145617606966,0.025061228861233294,0.01727036443750903,0.0325888176194768,0.02448965633410015,0.017030425335156852,2.4603501695927804e-05,2.3458140079223934e-05,4.074724894141006e-05,0,normal,-1
1206.0,2.6e-05,1.8e-05,0.033723760234295685,0.025136937242143227,0.017317350124708777,0.0337111312445742,0.02528678170073101,0.017178144554002975,2.462731170025897e-05,2.350134203143791e-05,4.080263969756433e-05,0,normal,-1
1207.0,2.6e-05,1.8e-05,0.033814491893557654,0.025211364187751197,0.017363531203202505,0.03364690782506139,0.02455035444276777,0.01744369582845837,2.465068185905862e-05,2.3543749475490158e-05,4.085700873550929e-05,0,normal,-1
1208.0,2.6e-05,1.8e-05,0.03390367968666868,0.02528453413791162,0.017408921856833452,0.0342885568823149,0.02474030904706584,0.016974715844258054,2.4673619280515143e-05,2.3585382054084118e-05,4.0910376794552434e-05,0,normal,-1
1209.0,2.6e-05,1.8e-05,0.03399135195273156,0.025356470146270942,0.017453536641870358,0.03442810631827314,0.025216062872603164,0.017559995572802092,2.4696132728707276e-05,2.362625656516119e-05,4.096276486855022e-05,0,normal,-1
1210.0,2.6e-05,1.8e-05,0.03407753683611204,0.025427193882994775,0.017497390485086573,0.034462182886702955,0.025533225070170897,0.018248048322606854,2.4718232612073598e-05,2.3666386999308793e-05,4.1014194207069985e-05,0,normal,-1
1211.0,2.6e-05,1.8e-05,0.03416226226544206,0.025496725686931117,0.01754049864618385,0.03370165489456345,0.025415220967851735,0.016812221684822895,2.4739930873253972e-05,2.370578470209457e-05,4.1064686274788745e-05,0,normal,-1
1212.0,2.6e-05,1.8e-05,0.03424555496457278,0.025565086899658265,0.017582874998903878,0.03362397640662624,0.025801274413570267,0.017371120109686836,2.4761236244603018e-05,2.3744464428032146e-05,4.1114260745447206e-05,0,normal,-1
1213.0,2.6e-05,1.8e-05,0.03432744032466087,0.025632300113517414,0.01762453183365677,0.034115692814890554,0.02600200800410176,0.017078107625438148,2.478215372790437e-05,2.3782444978242184e-05,4.116293528678555e-05,0,normal,-1
1214.0,2.6e-05,1.8e-05,0.03440794355146645,0.02569838672155789,0.017665481747711462,0.033953016808042705,0.02595717227967869,0.018048065339600978,2.4802689733375724e-05,2.3819742738172486e-05,4.1210727781264494e-05,0,normal,-1
1215.0,2.6e-05,1.8e-05,0.034487089686882605,0.025763366920325388,0.01770573766063049,0.034554092233836986,0.025894128021843613,0.017415455531551608,2.4822852101389747e-05,2.3856371682860115e-05,4.125765634664303e-05,0,normal,-1
1216.0,2.6e-05,1.8e-05,0.034564903608935375,0.025827259709861956,0.017745312814269987,0.034414927921573885,0.025803162482953532,0.01892284438187056,2.484265009775233e-05,2.389234339970552e-05,4.130373933844596e-05,0,normal,-1
1217.0,2.6e-05,1.8e-05,0.03464140999747683,0.025890082977910282,0.01778422071209775,0.034998345508132245,0.02686357088671721,0.01772686541725528,2.4862094240952922e-05,2.3927667323808872e-05,4.134899528186451e-05,0,normal,-1
1218.0,2.6e-05,1.8e-05,0.034716632336377444,0.025951855836886268,0.01782247340011458,0.03445353935566926,0.02615442853718012,0.018207207379320276,2.4881191565358375e-05,2.396235673455468e-05,4.139344087823837e-05,0,normal,-1
1219.0,2.6e-05,1.8e-05,0.034790593020349335,0.026012598329816145,0.017860081670702837,0.03386413646827719,0.026481151793893275,0.017854998480749555,2.4899946204394506e-05,2.3996427998068612e-05,4.1437091254792835e-05,0,normal,-1
1220.0,2.6e-05,1.8e-05,0.034863314308460416,0.02607232942142876,0.01789705661579694,0.035205843025401466,0.025667584595042855,0.0176557879881891,2.4918363600782852e-05,2.4029895314116264e-05,4.14799617758923e-05,0,normal,-1
1221.0,2.6e-05,1.8e-05,0.03493481832191362,0.026131067042466927,0.01793340960722496,0.0362212215414286,0.025590360003725172,0.017446805878396348,2.4936450436457047e-05,2.406277082893844e-05,4.152206802194941e-05,0,normal,-1
1222.0,2.6e-05,1.8e-05,0.035005127044046874,0.026188828089687394,0.017969152296708604,0.035324288063310866,0.026459528770407546,0.017735193410822067,2.4954214628882208e-05,2.40950646525316e-05,4.1563425791204603e-05,0,normal,-1
1223.0,2.6e-05,1.8e-05,0.03507426231678184,0.026245628434718594,0.018004296609553154,0.034295161360213135,0.026411009106117562,0.017961041448653504,2.4971665310064746e-05,2.412678489718606e-05,4.1604051094205015e-05,0,normal,-1
1224.0,2.6e-05,1.8e-05,0.03514224515154437,0.026301484545957942,0.018038853559116177,0.034398265906096404,0.026912776548341823,0.017613684562685163,2.498880955735548e-05,2.4157941796904128e-05,4.164395878715556e-05,0,normal,-1
1225.0,2.6e-05,1.8e-05,0.03520909533835411,0.026356414324564616,0.018072832608947074,0.03601022127815192,0.026127626818376912,0.018146790077727584,2.5005650668718455e-05,2.418854984775851e-05,4.168316184455006e-05,0,normal,-1
1226.0,2.6e-05,1.8e-05,0.03527483252003006,0.026410434783464012,0.01810624343911317,0.03520621030919839,0.02605700941997968,0.017500061765370046,2.5022192968026065e-05,2.4218621823592455e-05,4.172167340543116e-05,0,normal,-1
1227.0,2.6e-05,1.8e-05,0.03533947622349652,0.02646356204283173,0.01813909597246976,0.03533389475771255,0.026873644470296238,0.018457101792514932,2.50384418526536e-05,2.4248168744913644e-05,4.175950680505336e-05,0,normal,-1
1228.0,2.6e-05,1.8e-05,0.03540304585978315,0.026515811330093588,0.018171400374660113,0.03511558374043812,0.02717642921119039,0.018159323615522513,2.5054403790572086e-05,2.4277199892165843e-05,4.179667557616364e-05,0,normal,-1
1229.0,2.6e-05,1.8e-05,0.0354655607240249,0.026567196979925604,0.018203167054115482,0.035961680463864,0.02577478989938397,0.01827006893871174,2.5070086317626067e-05,2.4305722818295708e-05,4.183319345028006e-05,0,normal,-1
1230.0,2.6e-05,1.8e-05,0.03552703983496564,0.026617732816978316,0.01823440638503978,0.035632164386209725,0.027418157772433054,0.01865797403461701,2.5085497270225297e-05,2.433374431814148e-05,4.1869074040930906e-05,0,normal,-1
1231.0,2.6e-05,1.8e-05,0.035587500939829424,0.026667434431887464,0.018265127028392475,0.034984878628819646,0.0257146288881469,0.01802992495227284,2.5100640182851043e-05,2.4361276167796672e-05,4.190432892023921e-05,0,normal,-1
1232.0,2.6e-05,1.8e-05,0.03564696133644701,0.02671631729829243,0.01829533732118341,0.035395534979136965,0.02739539265865031,0.01879981527189823,2.5115518105405156e-05,2.4388330359890652e-05,4.193896922176237e-05,0,normal,-1
1233.0,2.6e-05,1.8e-05,0.03570543824202735,0.02676439607337782,0.01832504584222973,0.03556040689454541,0.025924440374196556,0.01833966581922427,2.5130135106203736e-05,2.4414917274618238e-05,4.1973006291904815e-05,0,normal,-1
1234.0,2.6e-05,1.8e-05,0.03576294877654051,0.02681168464423692,0.018354261380817777,0.035525263879999165,0.026614714137879657,0.018110530088638856,2.5144496180931268e-05,2.4441045802948384e-05,4.2006451654823924e-05,0,normal,-1
1235.0,2.6e-05,1.8e-05,0.03581950996271767,0.02685819612787165,0.01838299293670309,0.03619071831574015,0.026697583842652008,0.018043427074628835,2.5158607250458914e-05,2.4466723356400172e-05,4.20393170133479e-05,0,normal,-1
1236.0,2.6e-05,1.8e-05,0.03587513872605112,0.026903942871192615,0.018411249720110413,0.03543877355147066,0.02698636201928898,0.018769522619579662,2.517247515879927e-05,2.4491955876312493e-05,4.207161424989508e-05,0,normal,-1
1237.0,2.6e-05,1.8e-05,0.03592985157497628,0.026948937204572743,0.018439040605351655,0.03571485740071567,0.02636632068661153,0.018145637075648875,2.5186106166105603e-05,2.4516749715167874e-05,4.210335480359371e-05,0,normal,-1
1238.0,2.6e-05,1.8e-05,0.03598366384435701,0.026993193133900622,0.018466372873871494,0.03680493761027326,0.02594294017855761,0.018292028038362666,2.519950251931485e-05,2.454111587940486e-05,4.2134548239517864e-05,0,normal,-1
1239.0,2.6e-05,1.8e-05,0.036036590687277575,0.0270367241259752,0.01849325386151867,0.03690630760971168,0.026569678576075423,0.019070177453184286,2.5212666954487568e-05,2.456506445583023e-05,4.21652041349106e-05,0,normal,-1
1240.0,2.6e-05,1.8e-05,0.03608864717924835,0.027079542974358675,0.01851969109326456,0.037039243909003775,0.027541053000686478,0.019273487077554715,2.522560302945734e-05,2.4588604231746044e-05,4.2195332233841565e-05,0,normal,-1
1241.0,2.6e-05,1.8e-05,0.036139848314485426,0.02712166180891054,0.018545692276547926,0.03634904316851537,0.02712939896683688,0.01892089715805072,2.5238315103464522e-05,2.461174272598014e-05,4.222494244025402e-05,0,normal,-1
1242.0,2.6e-05,1.8e-05,0.03619020900591066,0.027163092095787593,0.0185712653012749,0.03660996592603983,0.027218877867313328,0.018474713904052385,2.5250808335493197e-05,2.463448619618482e-05,4.225404481862023e-05,0,normal,-1
1243.0,2.6e-05,1.8e-05,0.03623974408515162,0.02720384463744394,0.01859641823981901,0.03584085046501971,0.027001888829749018,0.018286726434818358,2.526308868271037e-05,2.465683964576653e-05,4.228264959459991e-05,0,normal,-1
1244.0,2.6e-05,1.8e-05,0.036288468068102,0.027243930124773514,0.018621158947980002,0.035938376563477446,0.027270997726452105,0.019239552122259116,2.5275161799940624e-05,2.467880819163031e-05,4.2310766702352505e-05,0,normal,-1
1245.0,2.6e-05,1.8e-05,0.03633639438896814,0.027283360855789706,0.018645493794185907,0.035592059437113854,0.02766529663202811,0.019322005168306847,2.52870295708187e-05,2.4700401338747504e-05,4.2338404343874904e-05,0,normal,-1
1246.0,2.6e-05,1.8e-05,0.03638353628746618,0.027322148735442957,0.018669429135472655,0.0366323772730824,0.028205721512837643,0.018771757516008875,2.5298694147613708e-05,2.472162799625264e-05,4.236557067036948e-05,0,normal,-1
1247.0,2.6e-05,1.8e-05,0.036429906944120016,0.027360305075471197,0.018692971502207258,0.03678901253479348,0.027220591840491325,0.01867229207257911,2.5310158418832614e-05,2.4742495932035206e-05,4.2392273992783184e-05,0,normal,-1
1248.0,2.6e-05,1.8e-05,0.036475519471895854,0.027397840616002957,0.018716127583116953,0.03677420506193982,0.02725058403136125,0.018629345152762822,2.5321425965956718e-05,2.476301183093051e-05,4.2418522765246055e-05,0,normal,-1
1249.0,2.6e-05,1.8e-05,0.036520386916202144,0.027434765525557375,0.01873890422528919,0.03635711258785227,0.02722080198609682,0.018944665657581482,2.533250106215376e-05,2.478318130023953e-05,4.2444325585534426e-05,0,normal,-1
1250.0,2.6e-05,1.8e-05,0.03656452225488963,0.027471089401044188,0.018761308434171637,0.036375498686167754,0.02805278610445924,0.01860227882649431,2.5343388671067872e-05,2.4803008874976078e-05,4.2469691195538416e-05,0,normal,-1
1251.0,2.6e-05,1.8e-05,0.036607938359209585,0.027506821361181103,0.018783347306775302,0.03708495259583498,0.02791351077886562,0.018509012444726455,2.535409426117896e-05,2.4822498250796403e-05,4.2494628406173455e-05,0,normal,-1
1252.0,2.6e-05,1.8e-05,0.03665064726938661,0.027541971708395376,0.01880502681949176,0.036147318353539036,0.02704608050381698,0.017989546275804215,2.5364620482552718e-05,2.484165637378152e-05,4.2519144727667084e-05,0,normal,-1
1253.0,2.6e-05,1.8e-05,0.03669266050932865,0.027576551155665565,0.018826352374289024,0.03679667185391231,0.027976981664339474,0.018646050016604715,2.5374968687033512e-05,2.4860491554395857e-05,4.2543246991260536e-05,0,normal,-1
1254.0,2.6e-05,1.8e-05,0.03673398957985554,0.027610569827262517,0.01884732957370196,0.03735047078608518,0.027473334341275572,0.01873224700346227,2.538514100739152e-05,2.487901094476003e-05,4.25669422269977e-05,0,normal,-1
1255.0,2.6e-05,1.8e-05,0.03677464592617623,0.027644037355336493,0.018867964158040165,0.03704315194127491,0.02733978223660484,0.019143272416504518,2.5395140176332012e-05,2.4897220770026405e-05,4.259023759297036e-05,0,normal,-1
1256.0,2.6e-05,1.8e-05,0.036814640937888735,0.027676962879917152,0.01888826200538797,0.037020706146203786,0.027649889912593317,0.019287382680693126,2.54049695254816e-05,2.4915126332606564e-05,4.2613140375639864e-05,0,normal,-1
1257.0,2.6e-05,1.8e-05,0.036853985948980206,0.02770935504891357,0.018908229131604434,0.03711289163565521,0.02786386819752493,0.0191161994190337,2.5414632984434512e-05,2.4932732016194674e-05,4.2635657990163434e-05,0,normal,-1
1258.0,2.6e-05,1.8e-05,0.036892692237826874,0.027741222018114218,0.018927871690323346,0.037132310752262324,0.027426244145146404,0.019083883954900186,2.5424135079855605e-05,2.4950041289595593e-05,4.265779798072453e-05,0,normal,-1
1259.0,2.6e-05,1.8e-05,0.036930770801586695,0.02777257195456619,0.018947195601980417,0.03686569916048506,0.027348641346330683,0.01843319250245328,2.5433479922392695e-05,2.4967057947139834e-05,4.2679567603048576e-05,0,normal,-1
1260.0,2.6e-05,1.8e-05,0.03696823167016128,0.027803414591666593,0.018966205416192622,0.03613089856339794,0.028775542692674027,0.018422197538665624,2.5442668096884742e-05,2.4983789914303985e-05,4.270097254515319e-05,0,normal,-1
1261.0,2.6e-05,1.8e-05,0.037005085146131336,0.027833758496310392,0.018984906337899555,0.03607359927321678,0.02792180700323967,0.019388072423859995,2.5451702181389616e-05,2.5000242511881244e-05,4.2722019211561e-05,0,normal,-1
1262.0,2.6e-05,1.8e-05,0.03704134140806372,0.02786361195167018,0.019003303576375412,0.037178775973071745,0.02808812721657906,0.01922112254218013,2.546058496900628e-05,2.5016420630534258e-05,4.2742713989937274e-05,0,normal,-1
1263.0,2.6e-05,1.8e-05,0.03674918301689761,0.027880217182086615,0.01902105852169901,0.036633292122757746,0.028114933357938653,0.01877625544176625,2.502863949247682e-05,2.5014797510683497e-05,4.276267676559899e-05,1,act_q1_loss,4
1264.0,2.6e-05,1.8e-05,0.03643760147183906,0.027867692519913285,0.01903615102343638,0.03734753602677171,0.02787603389251311,0.01901371389236632,2.4603044711832342e-05,2.4975777044551723e-05,4.2779638697529074e-05,1,act_q1_loss,4
1265.0,2.6e-05,1.8e-05,0.03615220217380407,0.027832504799176778,0.01904675313771689,0.036226349023737614,0.027451769628826752,0.019180616550183514,2.4241222431318824e-05,2.4910945613369133e-05,4.279155002046346e-05,1,act_q1_loss,4
1266.0,2.6e-05,1.8e-05,0.0358890991789124,0.02777995188660968,0.0190518323396637,0.036972423154280974,0.02836602958314448,0.019882087838168045,2.393251536194902e-05,2.4829106706442102e-05,4.2797255256273025e-05,1,act_q1_loss,4
1267.0,2.6e-05,1.8e-05,0.035645058931361745,0.02771417481778209,0.019050915644315273,0.03523215780124176,0.02836871792619137,0.018909850845577544,2.366799963474645e-05,2.473667968706205e-05,4.2796225630459305e-05,1,act_q1_loss,4
1268.0,2.6e-05,1.8e-05,0.03541739055567287,0.027638407183908316,0.01904391455584249,0.03614455191099239,0.028097215351968272,0.018657702206896973,2.3440246447392014e-05,2.463830763882831e-05,4.2788361239589265e-05,1,act_q1_loss,4
1269.0,2.6e-05,1.8e-05,0.03520385341209746,0.027555170389595877,0.0190309987310571,0.035461850678664586,0.0271334585302126,0.019587032951531587,2.324310175611964e-05,2.4537304101834635e-05,4.277384897348341e-05,1,act_q1_loss,4
1270.0,2.6e-05,1.8e-05,0.03500258317791616,0.02746642095423545,0.01901250782343396,0.0356904266531975,0.027777787830500913,0.018849640045494893,2.307150212238067e-05,2.4435973323253787e-05,4.275306395019302e-05,1,act_q1_loss,4
1271.0,2.6e-05,1.8e-05,0.03481201941462886,0.027373686089805237,0.018988877405952866,0.034399348586118206,0.027682086244278432,0.019314168168033934,2.2921264349920622e-05,2.433589544187476e-05,4.272648705491123e-05,1,act_q1_loss,4
1272.0,2.6e-05,1.8e-05,0.0346308565711352,0.027278150652807264,0.01896059659651547,0.03425026502733533,0.027475994291187533,0.019139238743267752,2.278895180615684e-05,2.4238099721389096e-05,4.269465816230181e-05,1,act_q1_loss,4
1273.0,2.6e-05,1.8e-05,0.03445799768099171,0.027180736089072628,0.018928172432115902,0.03420246951458845,0.026585624763981262,0.01931550337687658,2.267173440124131e-05,2.4143220088011613e-05,4.265813687069278e-05,1,act_q1_loss,4
1274.0,2.6e-05,1.8e-05,0.034292515671466434,0.027082162630353238,0.018892106026220643,0.035059718527235245,0.027583817145810006,0.01917030991208683,2.2567269573431058e-05,2.405161279546745e-05,4.261747633481833e-05,1,act_q1_loss,4
1275.0,2.6e-05,1.8e-05,0.03413362813482133,0.026982987883708363,0.018852880200632506,0.03439964368526791,0.02759940547364373,0.019098507636647243,2.2473629484722997e-05,2.3963425587152892e-05,4.257320984760731e-05,1,act_q1_loss,4
1276.0,2.6e-05,1.8e-05,0.03398066746845207,0.02688365079985357,0.018810947198759777,0.034624558410092085,0.026784228945546915,0.018957658440739426,2.238920457132073e-05,2.387867669600761e-05,4.2525837343835664e-05,1,act_q1_loss,4
1277.0,2.6e-05,1.8e-05,0.03383306570392463,0.026784492173836244,0.0187667255079012,0.033302683493660626,0.02702405085721626,0.01852148107888017,2.2312661104789875e-05,2.3797287558634154e-05,4.2475822027108616e-05,1,act_q1_loss,4
1278.0,2.6e-05,1.8e-05,0.03369033628325545,0.02668577852158564,0.018720597070749277,0.034536000715491504,0.02661239680579456,0.018451193481345662,2.2242884790922733e-05,2.3719120899297133e-05,4.242358732106108e-05,1,act_q1_loss,4
1279.0,2.6e-05,1.8e-05,0.03355205834861961,0.026587722063792542,0.01867290565924719,0.034194354962054155,0.02695012900645201,0.019589908896525014,2.2178931454646442e-05,2.364401218672176e-05,4.236951503461783e-05,1,act_q1_loss,4
1280.0,2.6e-05,1.8e-05,0.033417873397416774,0.026490482888093123,0.018623960158099917,0.03312220499676997,0.026126869855754135,0.018755368333257874,2.212002365402325e-05,2.3571767720408244e-05,4.2313949020144756e-05,1,act_q1_loss,4
1281.0,2.6e-05,1.8e-05,0.03328746551438576,0.026394192807734775,0.018574034324561166,0.032930483130703944,0.026576494082267366,0.018077809884940156,2.2065485215969583e-05,2.3502200620016808e-05,4.225719479443307e-05,1,act_q1_loss,4
1282.0,2.6e-05,1.8e-05,0.03316056351611571,0.026298950844043968,0.018523370094058036,0.03314266084958655,0.02705256198463566,0.018677058289169945,2.20147547398051e-05,2.343511936246552e-05,4.219952315017969e-05,1,act_q1_loss,4
1283.0,2.6e-05,1.8e-05,0.033036931384021605,0.02620483326884499,0.01847217992120193,0.033324988400350426,0.026084481897766815,0.018363103018033757,2.1967356556289483e-05,2.337033956216137e-05,4.214117266124083e-05,1,act_q1_loss,4
1284.0,2.6e-05,1.8e-05,0.03291635865089566,0.026111902893444332,0.018420650286784582,0.03283475381369007,0.02637456288740022,0.018456033293175675,2.1922872053184592e-05,2.330769302426972e-05,4.20823535139243e-05,1,act_q1_loss,4
1285.0,2.6e-05,1.8e-05,0.03279866402415433,0.0260202042624491,0.018368942587194802,0.033122529425271136,0.025895112350264798,0.017464772434160277,2.1880954501318354e-05,2.324701947877537e-05,4.202324835668625e-05,1,act_q1_loss,4
1286.0,2.6e-05,1.8e-05,0.03268368793597966,0.02592977055532664,0.018317196341223724,0.032104780457188904,0.025872096807561928,0.018594964808121305,2.1841307022023293e-05,2.3188172456890974e-05,4.196401579749686e-05,1,act_q1_loss,4
1287.0,2.6e-05,1.8e-05,0.03257128625066085,0.025840628245883384,0.01826553370011599,0.03324321352510316,0.025625494615167027,0.01902042606210595,2.1803665659550048e-05,2.3131019820938344e-05,4.19047954160589e-05,1,act_q1_loss,4
1288.0,2.6e-05,1.8e-05,0.032461332542628854,0.025752794725352482,0.018214058966003015,0.03306269048192345,0.025177502239145097,0.01843863964339168,2.1767807494322086e-05,2.3075441147557105e-05,4.184570707818901e-05,1,act_q1_loss,4
1289.0,2.6e-05,1.8e-05,0.032353716089707725,0.02566628016383898,0.018162859483208487,0.032804978300909664,0.024596084420343434,0.01820985392387129,2.1733544909102178e-05,2.3021329447151676e-05,4.178685181964176e-05,1,act_q1_loss,4
1290.0,2.6e-05,1.8e-05,0.032248335788406635,0.025581090960625427,0.018112011632559523,0.03173751223681778,0.026189833584262388,0.018614868067799765,2.1700710510852917e-05,2.2968587485954616e-05,4.172831861375447e-05,1,act_q1_loss,4
1291.0,2.6e-05,1.8e-05,0.032145100054425654,0.025497229570107676,0.018061581299388597,0.03263641421861777,0.026001130422300706,0.018177300124458142,2.1669157529732147e-05,2.291712697214531e-05,4.1670184820331923e-05,1,act_q1_loss,4
1292.0,2.6e-05,1.8e-05,0.032043928497369256,0.02541469403616399,0.01801162150734719,0.03149400975665315,0.025536899824816335,0.017799230812862936,2.1638763561346345e-05,2.2866871645579073e-05,4.161251336405126e-05,1,act_q1_loss,4
1293.0,2.6e-05,1.8e-05,0.03194474822590291,0.025333479869854268,0.01796217639660207,0.03264421084445278,0.025614188970855083,0.01802093949615891,2.1609421707311553e-05,2.281775420418822e-05,4.1555357228840304e-05,1,act_q1_loss,4
1294.0,2.6e-05,1.8e-05,0.031847491815202994,0.02525358036256578,0.017913284532007752,0.03122323221219689,0.025362038142705823,0.017247505577851128,2.1581036901008063e-05,2.2769711792290536e-05,4.1498763214560515e-05,1,act_q1_loss,4
1295.0,2.6e-05,1.8e-05,0.03175209752268883,0.02517498661746755,0.01786497845190421,0.031654561542171146,0.025170902457359836,0.016973576425843375,2.1553526334630013e-05,2.2722686829467812e-05,4.144277136496988e-05,1,act_q1_loss,4
1296.0,2.6e-05,1.8e-05,0.031658510086048815,0.02509768830925104,0.017817282009101036,0.03208135632622004,0.025019378599955452,0.017181525582591645,2.1526819638274028e-05,2.2676632417362928e-05,4.138741182764339e-05,1,act_q1_loss,4
1297.0,2.6e-05,1.8e-05,0.03156667843198091,0.025021673931077994,0.017770214262083053,0.031047498854246878,0.025504148748190382,0.018068830376142625,2.1500854818071183e-05,2.263150678457912e-05,4.133270930786101e-05,1,act_q1_loss,4
1298.0,2.6e-05,1.8e-05,0.03147655470231906,0.024946930541254186,0.017723791678342846,0.030523526192274573,0.02474681863196993,0.017759751918226634,2.1475577145779675e-05,2.2587269515484907e-05,4.1278685594051135e-05,1,act_q1_loss,4
1299.0,2.6e-05,1.8e-05,0.03138809427976667,0.02487344384405274,0.017678027958276422,0.031128277437102548,0.0242071596509952,0.017002354945260912,2.1450939130381835e-05,2.254388198257241e-05,4.122535932957746e-05,1,act_q1_loss,4
1300.0,2.6e-05,1.8e-05,0.031301256118210136,0.024801199449268573,0.017632931457485276,0.031062453303308504,0.024779137479128716,0.01775151195920956,2.142689904397462e-05,2.2501313401569206e-05,4.1172742979545575e-05,1,act_q1_loss,4
1301.0,2.6e-05,1.8e-05,0.03121600191421006,0.02473018284300079,0.0175885067856166,0.030985526476525135,0.025862650144230268,0.0184150064756841,2.140341964821633e-05,2.245953835868316e-05,4.112084465761384e-05,1,act_q1_loss,4
1302.0,2.6e-05,1.8e-05,0.031132295321332364,0.024660378521597963,0.01754475759748947,0.031193789327802448,0.025113793992200664,0.01794759187942037,2.1380468362476073e-05,2.241853110958948e-05,4.1069671363518885e-05,1,act_q1_loss,4
1303.0,2.6e-05,1.8e-05,0.03105010192742827,0.024591769967745623,0.01750168667073261,0.03101065401990437,0.024735838943631534,0.01777004827725665,2.1358017299747292e-05,2.2378265425064186e-05,4.101922906577952e-05,1,act_q1_loss,4
1304.0,2.6e-05,1.8e-05,0.030969389226195146,0.024524340188984046,0.01745929511212282,0.030994097366140498,0.02444656688336054,0.017766883393142023,2.133604236020107e-05,2.2338716701477326e-05,4.096952176300407e-05,1,act_q1_loss,4
1305.0,2.6e-05,1.8e-05,0.03089012637508278,0.024458073506609068,0.01741758003422844,0.030449118858937384,0.024466313149687818,0.017442853309728234,2.1314519891520787e-05,2.2299868496051458e-05,4.092054874180763e-05,1,act_q1_loss,4
1306.0,2.6e-05,1.8e-05,0.03081228385945214,0.024392953986105824,0.017376537612753307,0.03058075480789816,0.02475500960062364,0.017899657037729638,2.1293428742553346e-05,2.2261705264481312e-05,4.087230814396072e-05,1,act_q1_loss,4
1307.0,2.6e-05,1.8e-05,0.030735833421186336,0.024328964884975476,0.01733616405509339,0.030940746639259435,0.024094039133973486,0.017511675426940484,2.1272751078542838e-05,2.2224209957076802e-05,4.08247981002793e-05,1,act_q1_loss,4
1308.0,2.6e-05,1.8e-05,0.030660748058567583,0.02426608865319967,0.017296455599754294,0.030180903875747445,0.0243576256073293,0.017671013417139704,2.1252472400169034e-05,2.2187364012675183e-05,4.077801673020868e-05,1,act_q1_loss,4
1309.0,2.6e-05,1.8e-05,0.030587001885079384,0.024204307547565133,0.017257407813275435,0.030003163989332057,0.02381236384243402,0.01720645880453049,2.123258030591917e-05,2.2151149451718076e-05,4.0731961312373285e-05,1,act_q1_loss,4
1310.0,2.6e-05,1.8e-05,0.03051456953078956,0.02414360583357033,0.017219013289010366,0.03047903729601798,0.02411441711429827,0.016663022254325786,2.1213059842040437e-05,2.211555607728097e-05,4.068662556146526e-05,1,act_q1_loss,4
1311.0,2.6e-05,1.8e-05,0.030443426416776987,0.02408396777511698,0.017181264254478957,0.031554026174608965,0.024016161821950124,0.017646481584059882,2.1193897300348744e-05,2.2080574156251116e-05,4.064200269299112e-05,1,act_q1_loss,4
1312.0,2.6e-05,1.8e-05,0.030373548887481228,0.024025376919184747,0.017144153402828374,0.031452949399987155,0.023822185062239352,0.017353441307004846,2.1175081640095678e-05,2.2046191947982386e-05,4.059808640614868e-05,1,act_q1_loss,4
1313.0,2.6e-05,1.8e-05,0.03030491421015179,0.023967816098273965,0.01710767388970742,0.029110649277034644,0.023629654401276616,0.017128295637410203,2.115660449689776e-05,2.201239570050185e-05,4.055487088388634e-05,1,act_q1_loss,4
1314.0,2.6e-05,1.8e-05,0.03023750048590948,0.023911267695484354,0.017071819086309663,0.029998669654416606,0.024749484973649233,0.01704564784173482,2.1138459604552726e-05,2.197917046121684e-05,4.051235050351483e-05,1,act_q1_loss,4
1315.0,2.6e-05,1.8e-05,0.030481273899802402,0.02386929805389486,0.017036977121978585,0.030393004334487075,0.023872876038872014,0.017361033174203094,2.1610577917958173e-05,2.1967714766518398e-05,4.047098845534635e-05,0,normal,-1
1316.0,2.6e-05,1.8e-05,0.030757930237111306,0.023860467060381238,0.017005690612139423,0.030677683349838374,0.022621974286732512,0.017996727505316588,2.2072191080606343e-05,2.2003785358256336e-05,4.043381114945585e-05,0,normal,-1
1317.0,2.6e-05,1.8e-05,0.031006989300407545,0.023875762948697477,0.01698013679001388,0.03096420817566427,0.02405160939942108,0.016538617471173335,2.24431009371251e-05,2.206925161486315e-05,4.040342053240486e-05,0,normal,-1
1318.0,2.6e-05,1.8e-05,0.031233681794360875,0.02390844587392665,0.016961325566211084,0.030912897301452035,0.023664647116903904,0.016812993550641087,2.2746341761525308e-05,2.2151501113345926e-05,4.038103412846681e-05,0,normal,-1
1319.0,2.6e-05,1.8e-05,0.031441953228783154,0.023953744119497376,0.01694953445273129,0.03132406818077546,0.02399723713820759,0.016603725289153187,2.299798221164355e-05,2.2242332098568763e-05,4.0366995717004765e-05,0,normal,-1
1320.0,2.6e-05,1.8e-05,0.03163483983363445,0.02400823731186186,0.01694459522196199,0.03103569779770393,0.02466217262983687,0.017256639059804166,2.3209527985675228e-05,2.233649856387092e-05,4.036111365471699e-05,0,normal,-1
1321.0,2.6e-05,1.8e-05,0.031814718551864185,0.02406944521983816,0.01694608268454968,0.03098941954500513,0.023782487876024702,0.015582976299445472,2.338940242904171e-05,2.2430723184785995e-05,4.036288514374607e-05,0,normal,-1
1322.0,2.6e-05,1.8e-05,0.03198348174460732,0.024135542893181712,0.016953440895667832,0.03140874145333346,0.02442137832886234,0.017907798818994947,2.3543908276959745e-05,2.2523015523868033e-05,4.037164723946391e-05,0,normal,-1
1323.0,2.6e-05,1.8e-05,0.03214265414011935,0.02420517601947981,0.016966057597607723,0.032122353778249846,0.02452968447882006,0.016983278950550837,2.3677836780774805e-05,2.2612240321862606e-05,4.038666667749161e-05,0,normal,-1
1324.0,2.6e-05,1.8e-05,0.03229347785543386,0.0242773295182662,0.01698331339964417,0.03259840919613242,0.023794932691460328,0.016863247977664822,2.3794885781420044e-05,2.2697818099775833e-05,4.0407199650742825e-05,0,normal,-1
1325.0,2.6e-05,1.8e-05,0.03243697932176516,0.024351228375712172,0.01700461345618684,0.03360014307548401,0.024869918223293964,0.017127981524605342,2.3897965620981522e-05,2.2779510639956978e-05,4.043253057194034e-05,0,normal,-1
1326.0,2.6e-05,1.8e-05,0.03257400816455186,0.024426284319327928,0.017029399239682216,0.03222242078207005,0.024399313601114844,0.017531154260773445,2.3989373285599954e-05,2.2857313642366986e-05,4.046198690258016e-05,0,normal,-1
1327.0,2.6e-05,1.8e-05,0.0327052805083463,0.0245020362077371,0.017057161446163996,0.03318197073700516,0.02514442723390435,0.016816227268123138,2.407096905902687e-05,2.293134087138019e-05,4.049495508222369e-05,0,normal,-1
1328.0,2.6e-05,1.8e-05,0.032831397108963246,0.024578129318261074,0.017087438937422917,0.0327892250311778,0.024543731709473895,0.017167353263928663,2.414425005240121e-05,2.3001792168858514e-05,4.0530879642144017e-05,0,normal,-1
1329.0,2.6e-05,1.8e-05,0.03295287054018569,0.024654281811743353,0.017119820547884697,0.03275442680823562,0.025014595086717748,0.01854953006104905,2.4210450616775787e-05,2.306889828294504e-05,4.056926555697724e-05,0,normal,-1
1330.0,2.6e-05,1.8e-05,0.033070138596399866,0.024730270346863318,0.017153942608898364,0.033399717816405175,0.02457480826425628,0.016786145483256427,2.427059072625274e-05,2.313290255864881e-05,4.060967538080391e-05,0,normal,-1
1331.0,2.6e-05,1.8e-05,0.033183574219664974,0.024805921191289153,0.017189484428290148,0.03310148029755677,0.025946517971352313,0.0172496492436592,2.432550901215103e-05,2.3194054441691425e-05,4.065172387447989e-05,0,normal,-1
1332.0,2.6e-05,1.8e-05,0.03329350362805316,0.024881089959658063,0.01722616585344507,0.03289900987000056,0.025042478468253547,0.01771784622020363,2.4375922592305764e-05,2.325258264086027e-05,4.0695075043775294e-05,0,normal,-1
1333.0,2.6e-05,1.8e-05,0.03340020550777061,0.024955665537251346,0.01726374280467576,0.03302611822612988,0.025401266303475896,0.017055926913680824,2.4422423041084948e-05,2.3308708382217984e-05,4.073943673832419e-05,0,normal,-1
1334.0,2.6e-05,1.8e-05,0.033503922470194215,0.025029558882248646,0.017302003209219097,0.03300584194559931,0.02441143398625524,0.01728113118982191,2.4465511417989436e-05,2.336263496049671e-05,4.078455571080682e-05,0,normal,-1
1335.0,2.6e-05,1.8e-05,0.033604869511227584,0.025102695266336003,0.017340763115197298,0.03305589220441107,0.025400032589672297,0.01663418154916455,2.45056232580439e-05,2.341454231240126e-05,4.083021288664606e-05,0,normal,-1
1336.0,2.6e-05,1.8e-05,0.03370323162844822,0.02517501862533646,0.017379864490757638,0.03392000097765561,0.02603385630941035,0.016569237604546042,2.4543120030586773e-05,2.3464597308148534e-05,4.087622062290566e-05,0,normal,-1
1337.0,2.6e-05,1.8e-05,0.03379917121866894,0.02524648501771838,0.017419171459959765,0.03389253027549639,0.02577912890923743,0.017619216142038617,2.4578310188976376e-05,2.3512949861971946e-05,4.092241813257877e-05,0,normal,-1
1338.0,2.6e-05,1.8e-05,0.033892834404633816,0.02531705744933045,0.017458566365659407,0.033325941755365754,0.024525543413020167,0.016794244299884374,2.4611466390830668e-05,2.355973136990006e-05,4.09686667254594e-05,0,normal,-1
1339.0,2.6e-05,1.8e-05,0.03398434951091313,0.025386708310312617,0.017497948894854926,0.03322928216743852,0.025377891488823037,0.01676465987412463,2.464282031912775e-05,2.36050599455415e-05,4.101484866305815e-05,0,normal,-1
1340.0,2.6e-05,1.8e-05,0.0340738281346052,0.025455419017129024,0.01753723465490998,0.034539503866414904,0.025874503508056382,0.017158966156005127,2.4672565184544094e-05,2.3649042218919895e-05,4.106086537390239e-05,0,normal,-1
1341.0,2.6e-05,1.8e-05,0.03416137185449607,0.025523174700990175,0.0175763507108847,0.034054883635336895,0.02553280273250819,0.017303225691704616,2.4700873291169855e-05,2.3691772244159574e-05,4.110663212479263e-05,0,normal,-1
1342.0,2.6e-05,1.8e-05,0.03424707285593825,0.02558996397797385,0.01761523476195677,0.03416915336430978,0.024995430837455455,0.018349822061119805,2.4727897489846993e-05,2.3733332551197244e-05,4.1152076977292414e-05,0,normal,-1
1343.0,2.6e-05,1.8e-05,0.03433101199076921,0.02565578136492515,0.01765383510691608,0.03423713409418834,0.026266782932981434,0.01853979728551384,2.4753765159357425e-05,2.3773797931666214e-05,4.119714067151625e-05,0,normal,-1
1344.0,2.6e-05,1.8e-05,0.03441326130192726,0.02572062534208278,0.017692108887713685,0.034336061908371275,0.025728765822453762,0.018234586571770937,2.4778584768217402e-05,2.3813235273792555e-05,4.1241774504099825e-05,0,normal,-1
1345.0,2.6e-05,1.8e-05,0.034493887561966856,0.025784495801515577,0.017730019360122994,0.034027512188028984,0.025637303612473458,0.017665167445986327,2.4802454693521662e-05,2.385170392253855e-05,4.1285937088111544e-05,0,normal,-1
1346.0,2.6e-05,1.8e-05,0.03457295235105,0.02584739407799193,0.017767535704290145,0.03514011689430137,0.0249786955396675,0.018370743329608065,2.48254633782058e-05,2.3889256092463504e-05,4.132959408872831e-05,0,normal,-1
1347.0,2.6e-05,1.8e-05,0.03465051056476614,0.025909324726723283,0.01780463313169757,0.03517801660612464,0.025334871354195997,0.01737807710744728,2.484768476362824e-05,2.3925939411857086e-05,4.1372718305849096e-05,0,normal,-1
1348.0,2.6e-05,1.8e-05,0.03472661133869761,0.02597029489496193,0.017841292120068332,0.034787396910063786,0.025432747336093763,0.0179494682572196,2.4869180586700855e-05,2.3961797177930634e-05,4.1415288745089405e-05,0,normal,-1
1349.0,2.6e-05,1.8e-05,0.03480130092564225,0.02603031212667159,0.017877496416831153,0.03349405165161145,0.025535890327852175,0.018149054407558037,2.489000765063956e-05,2.3996868112681907e-05,4.1457288267822264e-05,0,normal,-1
1350.0,2.6e-05,1.8e-05,0.03487462286282065,0.02608938427218046,0.01791323286962589,0.03488607531723363,0.026109787347542046,0.017931133517668087,2.4910218227347946e-05,2.4031186526370986e-05,4.149870337275724e-05,0,normal,-1
1351.0,2.6e-05,1.8e-05,0.034946617624018315,0.026147519952954733,0.017948491387123122,0.03495921635910814,0.026164199656661127,0.01770085754219343,2.4929858938681602e-05,2.4064783100244605e-05,4.153952413034173e-05,0,normal,-1
1352.0,2.6e-05,1.8e-05,0.035017321193578886,0.026204730251394984,0.01798326503262382,0.03532022787677006,0.025153603511725967,0.01799209869097748,2.4948966379959178e-05,2.4097687261068127e-05,4.1579744271777194e-05,0,normal,-1
1353.0,2.6e-05,1.8e-05,0.035086767226499095,0.026261026764560966,0.018017548989706235,0.035322557853390904,0.02494819765355453,0.017383103111182383,2.4967572975914456e-05,2.4129925863821865e-05,4.161935997552555e-05,0,normal,-1
1354.0,2.6e-05,1.8e-05,0.03515498802552481,0.026316420839882892,0.018051339958183425,0.035756031762721005,0.026179800814924235,0.01814443007506896,2.4985709464737235e-05,2.4161522982548033e-05,4.165836915794758e-05,0,normal,-1
1355.0,2.6e-05,1.8e-05,0.03522201454277684,0.02637092357550248,0.018084636151013942,0.03511454251854573,0.02679658066575617,0.018342281148349106,2.500340491214192e-05,2.4192499940404557e-05,4.169677146118364e-05,0,normal,-1
1356.0,2.6e-05,1.8e-05,0.03528787617605733,0.0264245461069592,0.018117437255728012,0.034103108292743135,0.0254698599396115,0.018582029242241244,2.5020686030573567e-05,2.422287580738838e-05,4.173456820060775e-05,0,normal,-1
1357.0,2.6e-05,1.8e-05,0.03535259942982504,0.026477301346672647,0.0181497442791428,0.03625360913631296,0.026604021734291806,0.017519321611503574,2.5037572849803554e-05,2.4252670178637406e-05,4.1771762178632474e-05,0,normal,-1
1358.0,2.6e-05,1.8e-05,0.03541620921824237,0.02652920262431391,0.01818155920579532,0.036390577063743025,0.026596665157692035,0.018360538404416996,2.5054082496518508e-05,2.4281901695229825e-05,4.180835728567616e-05,0,normal,-1
1359.0,2.6e-05,1.8e-05,0.035478729821169425,0.02658026275162766,0.018212884744193237,0.0357623547756526,0.02590261831972254,0.018386914935554513,2.5070231870803945e-05,2.431058706450974e-05,4.184435820438939e-05,0,normal,-1
1360.0,2.6e-05,1.8e-05,0.035540184890627734,0.026630494020671636,0.01824372432070171,0.03473850583834636,0.027114224719491067,0.0185841627205347,2.508603766095274e-05,2.4338741081828282e-05,4.187977039984366e-05,0,normal,-1
1361.0,2.6e-05,1.8e-05,0.035600597450800256,0.026679908203816653,0.0182740820795434,0.03601960673293768,0.027496530201930634,0.01910224271180424,2.5101516346486834e-05,2.4366376645075246e-05,4.191460011694187e-05,0,normal,-1
1362.0,2.6e-05,1.8e-05,0.035659989492662955,0.026728517161339792,0.018303962743247616,0.035633948163594706,0.027261415841257745,0.01829020666868077,2.5116682776712726e-05,2.4393505850096384e-05,4.194885421808729e-05,0,normal,-1
1363.0,2.6e-05,1.8e-05,0.035718380926873634,0.02677633440899573,0.018333371116827996,0.03510554527071618,0.025756388104141607,0.019428944630959195,2.51315465033641e-05,2.4420142981817107e-05,4.1982539613863405e-05,0,normal,-1
1364.0,2.6e-05,1.8e-05,0.03577579100233718,0.02682337329671078,0.018362312296043164,0.03613577338598851,0.026606319062969164,0.018593500496230844,2.5146116347933413e-05,2.444630157302235e-05,4.201566350204407e-05,0,normal,-1
1365.0,2.6e-05,1.8e-05,0.03583223869290615,0.02686964654927832,0.018390791750635745,0.037152776312963584,0.026967963665937615,0.018751215064676915,2.51604015923578e-05,2.4471993628180816e-05,4.204823346256796e-05,0,normal,-1
1366.0,2.6e-05,1.8e-05,0.03588774269706767,0.026915166266975474,0.018418815324213616,0.035962940404527154,0.026399525769738735,0.01868730664746282,2.5174411977447894e-05,2.449722963498435e-05,4.20802574569031e-05,0,normal,-1
1367.0,2.6e-05,1.8e-05,0.03594232143794336,0.026959943925563105,0.018446389234249915,0.03593406867989166,0.026442388718888734,0.019228931700095056,2.5188157702667385e-05,2.4522018574269804e-05,4.2111743827610824e-05,0,normal,-1
1368.0,2.6e-05,1.8e-05,0.03599599301081814,0.02700399046578759,0.018473520040193526,0.0354520972178814,0.02659077647920513,0.01883804944152762,2.5201649226996986e-05,2.4546368104071118e-05,4.2142701261596004e-05,0,normal,-1
1369.0,2.6e-05,1.8e-05,0.03604877415764397,0.027047318028067556,0.018500213914521477,0.03584143834947648,0.027333206437129484,0.018637051905127263,2.5214893403388432e-05,2.457028810877045e-05,4.2173137959064255e-05,0,normal,-1
1370.0,2.6e-05,1.8e-05,0.03610068059115506,0.02708993950934271,0.018526476638861367,0.03703437454254765,0.02686045057055167,0.01776762147548312,2.522789456317292e-05,2.4593790059033972e-05,4.220306163191071e-05,0,normal,-1
1371.0,2.6e-05,1.8e-05,0.0361517278968882,0.027131867175578712,0.01855231422362708,0.036007990309777596,0.026661879133157224,0.018208292351720796,2.524065772652392e-05,2.461688412659587e-05,4.223248021169323e-05,0,normal,-1
1372.0,2.6e-05,1.8e-05,0.03620193153332043,0.027173112672118697,0.018577732921246787,0.035929050051713186,0.02746767232339677,0.01864713521490134,2.5253188586877516e-05,2.4639579188037783e-05,4.226140186485564e-05,0,normal,-1
1373.0,2.6e-05,1.8e-05,0.03625130683186909,0.027213687023683288,0.018602739226162956,0.03599407859386208,0.027057700540148246,0.018607632878909004,2.526549350976109e-05,2.4661882832307353e-05,4.228983499287807e-05,0,normal,-1
1374.0,2.6e-05,1.8e-05,0.036299868996891756,0.02725360063437059,0.018627339874832324,0.036464232729744535,0.027594825423218516,0.01872501313834579,2.5277579531703485e-05,2.4683801367854725e-05,4.231778823245173e-05,0,normal,-1
1375.0,2.6e-05,1.8e-05,0.03634763308654666,0.027292863324838715,0.018651541826679042,0.0358020022369206,0.026492099723774906,0.019503319411543235,2.528945428056833e-05,2.4705339909784972e-05,4.2345270434055204e-05,0,normal,-1
1376.0,2.6e-05,1.8e-05,0.03639461316494527,0.027331485956575627,0.018675351367654584,0.036629702981586916,0.028546954217748204,0.01773064438895879,2.53011225241404e-05,2.4726505986181533e-05,4.237228964528087e-05,0,normal,-1
1377.0,2.6e-05,1.8e-05,0.03644082238959076,0.027369480296475644,0.018698774068457078,0.03603579158020825,0.02785929934859736,0.01905124251553654,2.5312586488166454e-05,2.4747309395112176e-05,4.239885306695603e-05,0,normal,-1
1378.0,2.6e-05,1.8e-05,0.036486273880299805,0.027406857467597256,0.018721815702344848,0.03681485712461415,0.027654939558628137,0.018100189420275217,2.5323849234703763e-05,2.476775867863921e-05,4.24249680965352e-05,0,normal,-1
1379.0,2.6e-05,1.8e-05,0.03653098068206771,0.02744362803814819,0.018744482222756792,0.037390567531819144,0.027082231838757926,0.019151414751274198,2.53349144846657e-05,2.4787861287991856e-05,4.245064230293098e-05,0,normal,-1
1380.0,2.6e-05,1.8e-05,0.036574955765068404,0.02747980202148542,0.018766779763312418,0.03631525738954047,0.027795986434591195,0.01926445002339735,2.5345786616649983e-05,2.4807623589116218e-05,4.247588342677913e-05,0,normal,-1
1381.0,2.6e-05,1.8e-05,0.036618212024654415,0.02751538887611514,0.018788714637811822,0.036789438991782386,0.027780350170471042,0.017656450723421053,2.5356470665840428e-05,2.4827050867951274e-05,4.250069938071553e-05,0,normal,-1
1382.0,2.6e-05,1.8e-05,0.03666076228135691,0.027550397505692804,0.01881029334023569,0.037094893188142665,0.027648250927313434,0.019317480338021463,2.536697232297751e-05,2.4846147335443517e-05,4.252509824966403e-05,0,normal,-1
1383.0,2.6e-05,1.8e-05,0.036702619081171076,0.027584836680930924,0.0188315222792843,0.03705025568587984,0.026870882180171165,0.018197203273734263,2.537729706831999e-05,2.486491710859106e-05,4.2549087991234716e-05,0,normal,-1
1384.0,2.6e-05,1.8e-05,0.036743793847729606,0.027618716793432207,0.018852406620261455,0.03701139698830204,0.027822337735215308,0.01927435442859548,2.5387446553348643e-05,2.4883368344165077e-05,4.2572675129226916e-05,0,normal,-1
1385.0,2.6e-05,1.8e-05,0.036784297813578705,0.02765204795789429,0.01887295148209441,0.037441993933428376,0.02786045889336323,0.01900045719393236,2.5397422542586906e-05,2.49015088353838e-05,4.25958661091143e-05,0,normal,-1
1386.0,2.6e-05,1.8e-05,0.036824142175690376,0.027684839768969797,0.01889316215139706,0.035607655439539525,0.027811349322398364,0.019109974707017783,2.5407227467622042e-05,2.491934536628917e-05,4.261866754030457e-05,0,normal,-1
1387.0,2.6e-05,1.8e-05,0.03686333807658834,0.027717101343383014,0.018913044057927313,0.03679052831149066,0.028238901508698035,0.019163116858269585,2.541686434121563e-05,2.4936883810659003e-05,4.264108616863571e-05,0,normal,-1
1388.0,2.6e-05,1.8e-05,0.03690189660434806,0.027748841319929912,0.01893260277458711,0.03643194516148329,0.02872041420458913,0.018049667251813492,2.542633675638358e-05,2.495412913596972e-05,4.2663128876621975e-05,0,normal,-1
1389.0,2.6e-05,1.8e-05,0.036939828792596725,0.02778006785947813,0.01895184401742241,0.03714372960807921,0.028503721618523385,0.01908568468870704,2.543564888553136e-05,2.497108540716802e-05,4.2684802683706476e-05,0,normal,-1
1390.0,2.6e-05,1.8e-05,0.03697714562051326,0.027810788644966992,0.018970773645623204,0.03766652929319099,0.02777609560552168,0.017905015958724235,2.5444805479641305e-05,2.4987755790259566e-05,4.270611474651989e-05,0,normal,-1
1391.0,2.6e-05,1.8e-05,0.037013857743022106,0.02784101148018101,0.018989397254842205,0.03714978396023026,0.02771230292616804,0.019058644150977813,2.5453810662393803e-05,2.5004143975831897e-05,4.272707190161784e-05,0,normal,-1
1392.0,2.6e-05,1.8e-05,0.03704997488504706,0.02787074558099332,0.019007719260965693,0.03677930605372031,0.028117922275750343,0.018854675092401924,2.5462665300473242e-05,2.5020257293564974e-05,4.2747679636568814e-05,0,normal,-1
1393.0,2.6e-05,1.8e-05,0.03708550671454872,0.027899999712127657,0.019025744189173036,0.037398015852897835,0.0261236240039863,0.01929740143491037,2.5471370803217576e-05,2.503610225449103e-05,4.2767943542549694e-05,0,normal,-1
1394.0,2.6e-05,1.8e-05,0.03712046286272253,0.02792878221475701,0.019043476693180614,0.03831548849580147,0.02843466809656448,0.019955656926616508,2.54799291115007e-05,2.50516845661122e-05,4.2787869336168145e-05,0,normal,-1
1395.0,2.6e-05,1.8e-05,0.03715485291811578,0.02795710102025651,0.019060921546301127,0.03705374868013476,0.02736497822609227,0.018850572436488383,2.5488342669730333e-05,2.5067009167517703e-05,4.280746284958147e-05,0,normal,-1
1396.0,2.6e-05,1.8e-05,0.037188686426627614,0.027984963650203445,0.019078083641443595,0.037119010853773504,0.02824766267012742,0.019449904086246476,2.5496614425142642e-05,2.5082080232283878e-05,4.282673003068416e-05,0,normal,-1
1397.0,2.6e-05,1.8e-05,0.03722197289150903,0.028012377216377254,0.01909496799111335,0.03746197510186865,0.028010940229756677,0.01876560108021831,2.550474782713814e-05,2.509690117123706e-05,4.2845676943300305e-05,0,normal,-1
1398.0,2.6e-05,1.8e-05,0.03725472177336288,0.028039348420759523,0.019111579727412044,0.037209002000493804,0.027942338556440214,0.019051720766148916,2.551274682665667e-05,2.5111474635085037e-05,4.286430976738036e-05,0,normal,-1
1399.0,2.6e-05,1.8e-05,0.037286942360108224,0.028065883853130358,0.01912792389417886,0.037783340144067735,0.02780506129283297,0.019659244717435128,2.552061528382223e-05,2.5125803227372894e-05,4.288263456620369e-05,0,normal,-1
1400.0,2.6e-05,1.8e-05,0.037318643108353075,0.02809199144109618,0.019144004406717128,0.036748060288493346,0.028258905652766286,0.01867390763745804,2.5528354051166108e-05,2.513989300319835e-05,4.290065612147408e-05,0,normal,-1
1401.0,2.6e-05,1.8e-05,0.037349832327526686,0.028117678919100334,0.019159825129807455,0.037084540037866424,0.027102837234657375,0.0199359150455952,2.5535964041797406e-05,2.5153749796905724e-05,4.291837914378208e-05,0,normal,-1
1402.0,2.6e-05,1.8e-05,0.03738051831357737,0.028142953619889038,0.01917539006448711,0.0361832578386932,0.027639171483263995,0.018135465156746265,2.5543446702522234e-05,2.5167378668529402e-05,4.2935808482194225e-05,0,normal,-1
1403.0,2.6e-05,1.8e-05,0.03741070932910015,0.028167822523660162,0.019190703315331653,0.037458877696719746,0.02827500088120206,0.019725182389902143,2.5550803917721205e-05,2.5180784021206714e-05,4.2952949087686105e-05,0,normal,-1
1404.0,2.6e-05,1.8e-05,0.037440413603336775,0.028192292258063224,0.019205769090454905,0.03756239335704341,0.02803172509717088,0.019204360389823167,2.5558038008801877e-05,2.5193969603349742e-05,4.296980601327115e-05,0,normal,-1
1405.0,2.6e-05,1.8e-05,0.03746963933217568,0.028216369098199377,0.019220591701508957,0.0371111881275416,0.027922529623639843,0.019166832344948703,2.5565151733682598e-05,2.5206938510716406e-05,4.298638441413361e-05,0,normal,-1
1406.0,2.6e-05,1.8e-05,0.03749839467815201,0.028240058966621434,0.01923517556368418,0.03707229343144543,0.027909402746355748,0.01909299821726042,2.5572148286306094e-05,2.521969318838483e-05,4.3002689547765145e-05,0,normal,-1
1407.0,2.6e-05,1.8e-05,0.03752668776877577,0.02826336743730896,0.019249525192935203,0.03767018202166767,0.028283920908575115,0.01988058443587865,2.55790312883847e-05,2.5232235442080977e-05,4.301872677100526e-05,0,normal,-1
1408.0,2.6e-05,1.8e-05,0.03755452627154742,0.028286300705746874,0.019263644513620115,0.038918030279049075,0.028573163983657748,0.019718947730537395,2.5585802863377655e-05,2.5244568765623572e-05,4.303450076683138e-05,0,normal,-1
1409.0,2.6e-05,1.8e-05,0.03758191729208371,0.02830886576013454,0.01927753671046792,0.036941489392497,0.0276192086303521,0.01962622990700276,2.5592463261761924e-05,2.5256698783412946e-05,4.305001538061241e-05,0,normal,-1
1410.0,2.6e-05,1.8e-05,0.037608867963165774,0.02833106912663275,0.019291205157460533,0.037845829448495336,0.02818825642662165,0.018958921923619393,2.5599013407199904e-05,2.5268630193791116e-05,4.3065274658684585e-05,0,normal,-1
1411.0,2.6e-05,1.8e-05,0.03763538539243644,0.028352917026751544,0.019304653320307705,0.037537724550772096,0.02848855804161894,0.01991578446528747,2.5605454606490693e-05,2.528036712774443e-05,4.308028273941273e-05,0,normal,-1
1412.0,2.6e-05,1.8e-05,0.0376614766624002,0.02837441537735022,0.019317884756446992,0.03640071132368884,0.02792245570137407,0.019907092896312102,2.561178854913593e-05,2.52919131505633e-05,4.309504385327043e-05,0,normal,-1
1413.0,2.6e-05,1.8e-05,0.037687148830423255,0.02839556979063733,0.01933090311504377,0.03814128920241258,0.028619817169447125,0.019292708600298462,2.5618017306929894e-05,2.5303271263426084e-05,4.310956232292411e-05,0,normal,-1
1414.0,2.6e-05,1.8e-05,0.03771240892873347,0.02841638557417068,0.019343712136991237,0.03778116317666888,0.02779722797402819,0.020057851275433664,2.5624143333572717e-05,2.5314443904910458e-05,4.312384256332063e-05,0,normal,-1
1415.0,2.6e-05,1.8e-05,0.0377372639644204,0.02843686773085733,0.01935631565491041,0.03737001826620255,0.02887424364160198,0.019537560926585065,2.5630169464305666e-05,2.5325432952435045e-05,4.3137889081777943e-05,0,normal,-1
1416.0,2.6e-05,1.8e-05,0.037761720913226354,0.028457020973659562,0.01936871758278149,0.03770918925279755,0.028207308668578936,0.018769488728843514,2.5636098886755016e-05,2.5336239758584937e-05,4.315170646652861e-05,0,normal,-1
1417.0,2.6e-05,1.8e-05,0.03778578626452297,0.02847685076344971,0.01938092116990618,0.03747582305870484,0.028111398977326934,0.019576207183692088,2.5641933084535697e-05,2.5346867637859454e-05,4.3165298556044305e-05,0,normal,-1
1418.0,2.6e-05,1.8e-05,0.03780946607178727,0.028496363136838218,0.019392929102868283,0.038500402034377254,0.028744610619635243,0.0195171725098126,2.5647672145856073e-05,2.5357321480932574e-05,4.3178668553946306e-05,0,normal,-1
1419.0,2.6e-05,1.8e-05,0.03783276642633215,0.02851556371089397,0.019404744251858105,0.03741131168596619,0.028187326543577473,0.01919618289632866,2.5653316787441527e-05,2.5367605327082434e-05,4.319181986076918e-05,0,normal,-1
1420.0,2.6e-05,1.8e-05,0.03785569340187941,0.028534457837934426,0.019416369569871906,0.037039180813677616,0.02864709564121907,0.01908048738914581,2.5658868064522293e-05,2.5377722721903002e-05,4.320475596168025e-05,0,normal,-1
1421.0,2.6e-05,1.8e-05,0.037878253054559774,0.02855305060552561,0.01942780809271189,0.03785386544189657,0.02811730971062823,0.01890079981774908,2.566432737049972e-05,2.5387676718539223e-05,4.321748042652575e-05,0,normal,-1
1422.0,2.6e-05,1.8e-05,0.03790045142291287,0.028571346836482114,0.019439062938986226,0.03754949520598216,0.02881740294465495,0.019119436586235578,2.5669696436630826e-05,2.539746987886647e-05,4.322999690988027e-05,0,normal,-1
1423.0,2.6e-05,1.8e-05,0.037922294527887264,0.028589351088867093,0.01945013731010903,0.03880341309984518,0.028567192510151683,0.020161871756657554,2.5674977331730457e-05,2.5407104274616566e-05,4.3242309151099486e-05,0,normal,-1
1424.0,2.6e-05,1.8e-05,0.03794378837284042,0.02860706765599228,0.019461034490300375,0.037842644146064745,0.02825722163798567,0.02009501127385342,2.568017246189008e-05,2.5416581488452585e-05,4.3254420974375533e-05,0,normal,-1
1425.0,2.6e-05,1.8e-05,0.03796493894353874,0.02862450056641797,0.019471757846586283,0.038629875275682984,0.02918409271902113,0.019494890903241878,2.568528457021246e-05,2.542590261499386e-05,4.3266336288795146e-05,0,normal,-1
1426.0,2.6e-05,1.8e-05,0.037985751976184125,0.02864165411716162,0.019482310446446736,0.03792440914821295,0.02745186200358002,0.019114236972120942,2.5690315684679267e-05,2.54350695330273e-05,4.3278058663721235e-05,0,normal,-1
1427.0,2.6e-05,1.8e-05,0.03800623260919556,0.028658533619790375,0.019492694503311918,0.03728124860849858,0.02835651156832448,0.01924681130950417,2.5695265614888422e-05,2.544408670939294e-05,4.3289590713697e-05,0,normal,-1
1428.0,2.6e-05,1.8e-05,0.03802638602030776,0.028675143986135132,0.01950291240827171,0.03920526405328257,0.028452105912345742,0.0197433075358599,2.5700134773142358e-05,2.5452957800767463e-05,4.330093524517024e-05,0,normal,-1
1429.0,2.6e-05,1.8e-05,0.03804621737942877,0.02869148988964593,0.019512966633197668,0.0377227358543504,0.028473790996552395,0.019787952456674814,2.5704923887425575e-05,2.5461686013488067e-05,4.331209514884217e-05,0,normal,-1
1430.0,2.6e-05,1.8e-05,0.038065731845947554,0.028707575771880565,0.019522859726196943,0.03782797552798373,0.02932251683226727,0.020293236089217008,2.5709633988516827e-05,2.5470274119819083e-05,4.33230733946372e-05,0,normal,-1
1431.0,2.6e-05,1.8e-05,0.03808493456873394,0.02872340584250459,0.01953259431161229,0.03873915856081178,0.028434967946560457,0.019482719723962955,2.5714266409739e-05,2.5478724458849687e-05,4.333387303172637e-05,0,normal,-1
1432.0,2.6e-05,1.8e-05,0.038103830686138665,0.02873898407929132,0.019542173090022052,0.038738934597025536,0.02925573858425325,0.01880995912984198,2.57188227867226e-05,2.548703893735141e-05,4.334449718855371e-05,0,normal,-1
1433.0,2.6e-05,1.8e-05,0.038122425325993324,0.028754314228121813,0.019551598838240185,0.03842438027080347,0.028672318079317756,0.020074791660136312,2.5723305057182305e-05,2.549521903059707e-05,4.33549490728652e-05,0,normal,-1
1434.0,2.6e-05,1.8e-05,0.038140723605610403,0.0287693998029849,0.019560874409316236,0.03840420404810018,0.028373458513117573,0.02005172097049931,2.5727715460705884e-05,2.5503265783142463e-05,4.3365231971740274e-05,0,normal,-1
1435.0,2.6e-05,1.8e-05,0.038158730621698514,0.028784244109608413,0.019570002715758268,0.03915614520779238,0.028093238854162268,0.019554539336836558,2.573205649228114e-05,2.5511179865510405e-05,4.337534923303291e-05,0,normal,-1
1436.0,2.6e-05,1.8e-05,0.03817645100865789,0.028798851247156216,0.01957898600691082,0.03903178628993534,0.02879222341562795,0.019766132645557266,2.573632892147569e-05,2.5518963961121404e-05,4.338530346479545e-05,0,normal,-1
1437.0,2.6e-05,1.8e-05,0.038193889088119076,0.02881322572057,0.01958782613128909,0.03868889310812709,0.028427549521830277,0.019076714786305144,2.574053253094672e-05,2.552662186404792e-05,4.3395096826829066e-05,0,normal,-1
1438.0,2.6e-05,1.8e-05,0.038211049236695896,0.028827371675773143,0.01959652511279583,0.03832746573795319,0.028905168302273385,0.019197637009834848,2.5744667670861394e-05,2.5534156622771264e-05,4.340473166941555e-05,0,normal,-1
1439.0,2.6e-05,1.8e-05,0.038227935827200216,0.02884129305338699,0.019605085047072653,0.03714222300633434,0.028428460219992544,0.02029080896073794,2.574873496698383e-05,2.5541570897303757e-05,4.341421041842718e-05,0,normal,-1
1440.0,2.6e-05,1.8e-05,0.038244553228641946,0.028854993588730872,0.019613508101500067,0.03845387424655437,0.02977474610883472,0.019603693947337367,2.575273532047031e-05,2.5548866959888577e-05,4.3423535575330735e-05,0,normal,-1
1441.0,2.6e-05,1.8e-05,0.03826090580622906,0.028868476811822086,0.019621796515197458,0.03804927248123592,0.028714161981654822,0.019772690806889454,2.575666990767544e-05,2.5556046695668535e-05,4.3432709717194173e-05,0,normal,-1
1442.0,2.6e-05,1.8e-05,0.03827699792136755,0.02888174604737591,0.019629952599023087,0.039213310362112744,0.02884371221719052,0.01916359752373477,2.5760540179968624e-05,2.5563111603325142e-05,4.344173549669582e-05,0,normal,-1
1443.0,2.6e-05,1.8e-05,0.03829283393166148,0.028894804414805592,0.0196379787355741,0.03825210744187593,0.029225093314328588,0.01995344875494246,2.576434786356071e-05,2.5570062795689002e-05,4.3450615642135875e-05,0,normal,-1
1444.0,2.6e-05,1.8e-05,0.03830841819091294,0.028907654828222357,0.019645877379186518,0.038219977777294974,0.02833739237383085,0.019358222174190042,2.576809495933996e-05,2.5576901000322525e-05,4.345935295745018e-05,0,normal,-1
1445.0,2.6e-05,1.8e-05,0.03832375504000536,0.028920300017666017,0.019653651040837564,0.0381970741191927,0.028714938383584715,0.020022663592529032,2.5771783701130827e-05,2.5583626610223722e-05,4.3467950305530186e-05,0,normal,-1
1446.0,2.6e-05,1.8e-05,0.038338848382282256,0.02893274348895433,0.01966130159564532,0.03866630367136807,0.029290224675076665,0.019912650583945625,2.5775414658653666e-05,2.5590241964627883e-05,4.3476409842604876e-05,0,normal,-1
1447.0,2.6e-05,1.8e-05,0.038353701832362405,0.028944989142986523,0.019668830541892925,0.038217885515290005,0.028753034158867173,0.019353714756008444,2.5778987464134376e-05,2.5596750463924968e-05,4.34847333053395e-05,0,normal,-1
1448.0,2.6e-05,1.8e-05,0.03836831906969546,0.02895704053719455,0.01967623955524677,0.038738969440356194,0.02859610658954736,0.01981402547931247,2.5782502308883918e-05,2.5603154785239563e-05,4.349292262382828e-05,0,normal,-1
1449.0,2.6e-05,1.8e-05,0.038382703776357274,0.028968901044753116,0.019683530380449392,0.03911328820542601,0.028761312170488357,0.019010199890778966,2.578595963966951e-05,2.560945725237262e-05,4.350097980178888e-05,0,normal,-1
1450.0,2.6e-05,1.8e-05,0.03839685963704994,0.028980573854579694,0.01969070483131945,0.03851409676203608,0.029150993195480458,0.0186634220712205,2.5789360158550627e-05,2.5615659836336785e-05,4.350890691655433e-05,0,normal,-1
1451.0,2.6e-05,1.8e-05,0.038410790339101726,0.02899206197133451,0.01969776479075174,0.03884071998591392,0.029388185412524918,0.020005126313393597,2.5792704822723307e-05,2.5621764155868e-05,4.3516706119067556e-05,0,normal,-1
1452.0,2.6e-05,1.8e-05,0.03842449957246716,0.029003368215420544,0.0197047122107172,0.03881492266817187,0.02850956224922873,0.01969448781138519,2.579599484437296e-05,2.5627771477914474e-05,4.352437963387796e-05,0,normal,-1
1453.0,2.6e-05,1.8e-05,0.03843799102972695,0.029014495222983543,0.01971154911226289,0.038837099421954985,0.029515884721013772,0.01996209818243377,2.5799231690534896e-05,2.563368271810395e-05,4.353192975914036e-05,0,normal,-1
1454.0,2.6e-05,1.8e-05,0.03845126840608802,0.029025445445912013,0.019718277585512003,0.03772984242956434,0.029566253181545116,0.019740468214553848,2.5802417082962437e-05,2.5639498441189788e-05,4.353935886661577e-05,0,normal,-1
1455.0,2.6e-05,1.8e-05,0.038464335399383535,0.029036221151837207,0.01972489978966388,0.03812469451789304,0.029025281614195732,0.019452260644363978,2.5805552998002043e-05,2.564521886147643e-05,4.354666940167418e-05,0,normal,-1
1456.0,2.6e-05,1.8e-05,0.03847719549229675,0.029046824918347067,0.01973141759770953,0.03871848527050749,0.030247360423706415,0.019953268279085095,2.5808640692202567e-05,2.565084501281138e-05,4.355386349118295e-05,0,normal,-1
1457.0,2.6e-05,1.8e-05,0.03848985167105787,0.029057260232426333,0.019737832151939055,0.03876249250805994,0.029488148003410836,0.019611185781369087,2.5811679497727817e-05,2.565638018468267e-05,4.356094245333906e-05,0,normal,-1
1458.0,2.6e-05,1.8e-05,0.038502307006216215,0.029067530205163637,0.019744144799347444,0.03861019396575456,0.02900718915799145,0.02029100745951808,2.58146693763826e-05,2.5661826863721322e-05,4.356790783041647e-05,0,normal,-1
1459.0,2.6e-05,1.8e-05,0.038514564579673075,0.029077637773586237,0.019750356959178664,0.037328224268146394,0.02940362831456621,0.020207926041454282,2.581761054333893e-05,2.566718719461164e-05,4.357476124250733e-05,0,normal,-1
1460.0,2.6e-05,1.8e-05,0.03852662748209608,0.02908758570672732,0.019756470118633542,0.03806763558800222,0.028492976684233833,0.019763205879706064,2.5820503455158385e-05,2.5672462994777883e-05,4.35815043827676e-05,0,normal,-1
1461.0,2.6e-05,1.8e-05,0.038538498812919264,0.029097376605626002,0.019762485832869797,0.03757333375117047,0.028322574069854868,0.019295661289205752,2.5823348809663275e-05,2.5677655754786424e-05,4.3588139017402844e-05,0,normal,-1
1462.0,2.6e-05,1.8e-05,0.038550181680343,0.029107012903327328,0.019768405725002002,0.03942447247920977,0.029124611481340094,0.019956561713865437,2.5826147545814318e-05,2.5682766638730227e-05,4.3594666985655966e-05,0,normal,-1
1463.0,2.6e-05,1.8e-05,0.03856167920133405,0.02911649686488226,0.019774231486101624,0.03779970690986317,0.028755699454293435,0.0203586853980151,2.5828900843595002e-05,2.5687796484596223e-05,4.3601090199797045e-05,0,normal,-1
1464.0,2.6e-05,1.8e-05,0.03857299450162553,0.029125830587347704,0.019779964875196985,0.03865598446940472,0.028930269623695565,0.020710463531108603,2.583161012390191e-05,2.569274580461632e-05,4.360741064511498e-05,0,normal,-1
1465.0,2.6e-05,1.8e-05,0.03858413071571694,0.02913501599978648,0.019785607719273294,0.039014931768939075,0.029169307648931705,0.018778265295036203,2.5834277048440897e-05,2.5697614785602324e-05,4.3613630379911e-05,0,normal,-1
1466.0,2.6e-05,1.8e-05,0.038595090970759714,0.029144054900142456,0.019791161886912285,0.03816654334429447,0.02943219080832678,0.020700601788056317,2.583690344719812e-05,2.5702403376152852e-05,4.361975150644457e-05,0,normal,-1
1467.0,2.6e-05,1.8e-05,0.038605877946701395,0.029152949939102835,0.01979662857718729,0.03797631079428793,0.028606445805590235,0.019856746863928326,2.5839489372522467e-05,2.570711361539484e-05,4.3625775387420134e-05,0,normal,-1
1468.0,2.6e-05,1.8e-05,0.038616494126430034,0.029161704027307007,0.01980200873646156,0.03855236980583851,0.029785917178552283,0.0198499690928447,2.5842034251994515e-05,2.571174824439201e-05,4.363170310572281e-05,0,normal,-1
1469.0,2.6e-05,1.8e-05,0.038626942068504866,0.029170319771284085,0.019807303482274153,0.037534575877417715,0.02976415183759174,0.020350929142522286,2.5844538032189668e-05,2.5716309348842216e-05,4.3637535931567824e-05,0,normal,-1
1470.0,2.6e-05,1.8e-05,0.0386372243460299,0.029178799621907794,0.01981251400016582,0.03858795232651647,0.02933919594897112,0.019708948409200507,2.584700089206081e-05,2.5720798705228404e-05,4.3643275208764315e-05,0,normal,-1
1471.0,2.6e-05,1.8e-05,0.03864734354665386,0.029187145874396466,0.019817641543679005,0.03832087550662602,0.029879375750525454,0.019621497868796665,2.5849423242828544e-05,2.5725217781142995e-05,4.364892235469522e-05,0,normal,-1
1472.0,2.6e-05,1.8e-05,0.03865730227257024,0.029195360668313044,0.019822687434357833,0.03885605005682085,0.029095998230053304,0.019541308088331318,2.5851805727877007e-05,2.5729567735597975e-05,4.3654478860299015e-05,0,normal,-1
1473.0,2.6e-05,1.8e-05,0.038667103140517266,0.029203445987565087,0.01982765306174812,0.03765720651919087,0.028687814840769005,0.020272168244230622,2.585414922265512e-05,2.5733849419321314e-05,4.3659946290053325e-05,0,normal,-1
1474.0,2.6e-05,1.8e-05,0.03867674878177789,0.029211403660404766,0.01983253988339738,0.03900227118026163,0.029457984518427852,0.01990455496083409,2.5856454834582918e-05,2.57380633750402e-05,4.3665326281960356e-05,0,normal,-1
1475.0,2.6e-05,1.8e-05,0.03868624184217984,0.029219235359428858,0.019837349424854798,0.039182703277007756,0.029612053131448164,0.020330595295745445,2.5858723902962953e-05,2.5742209837751594e-05,4.367062054753391e-05,0,normal,-1
1476.0,2.6e-05,1.8e-05,0.03869558498209557,0.02922694260157876,0.019842083279671262,0.038262766095661,0.029378459370263985,0.019647983992902,2.5860957998896005e-05,2.574628873498024e-05,4.3675830871788076e-05,0,normal,-1
1477.0,2.6e-05,1.8e-05,0.03870478083069763,0.029234526851643267,0.01984674303511535,0.03889464039475696,0.02914676652129642,0.01962003767439183,2.5863158721404617e-05,2.575029993085517e-05,4.368095903148098e-05,0,normal,-1
1478.0,2.6e-05,1.8e-05,0.03871383151260374,0.029241990571315508,0.019851329511676882,0.03868925080531134,0.02926609165033932,0.019727690681359756,2.5865325618771367e-05,2.5754245707541025e-05,4.368600595835688e-05,0,normal,-1
1479.0,2.6e-05,1.8e-05,0.0387227390850404,0.029249336224147902,0.01985584347522285,0.03951946066529203,0.029292776570955435,0.01938994451282133,2.58674581447532e-05,2.5758128422734337e-05,4.369097252317662e-05,0,normal,-1
1480.0,2.6e-05,1.8e-05,0.038731505668412096,0.029256566025382486,0.019860285832229884,0.03911430457601959,0.029189625625932428,0.020754046051095026,2.5869556178382096e-05,2.5761949899080905e-05,4.369585975054063e-05,0,normal,-1
1481.0,2.6e-05,1.8e-05,0.038740133402950724,0.02926368204395539,0.019864657557932,0.03870444509592362,0.029450076529742873,0.020323941708324904,2.5871619825371554e-05,2.5765711662921405e-05,4.370066873978551e-05,0,normal,-1
1482.0,2.6e-05,1.8e-05,0.03874862444871557,0.02927068620249687,0.019868959696320607,0.03789057528578246,0.02905183669374536,0.020784685050316914,2.5873649418026033e-05,2.576941494454699e-05,4.3705400664962114e-05,0,normal,-1
1483.0,2.6e-05,1.8e-05,0.03875698098559331,0.029277580277331284,0.0198731933601445,0.03808588840860842,0.029699743758986562,0.01974284056780224,2.587564551515505e-05,2.577306067844363e-05,4.371005677481524e-05,0,normal,-1
1484.0,2.6e-05,1.8e-05,0.03876520521329806,0.02928436589847711,0.019877359730909868,0.038532733450616675,0.029956045127590644,0.019269526029992837,2.587760890199157e-05,2.577664950352565e-05,4.3714638392765106e-05,0,normal,-1
1485.0,2.6e-05,1.8e-05,0.038773299351371276,0.029291044549646917,0.019881460058880293,0.038355323814544325,0.02994703347810179,0.01949384375196428,2.5879540590114713e-05,2.5780181763359007e-05,4.371914691689025e-05,0,normal,-1
1486.0,2.6e-05,1.8e-05,0.038781265639181856,0.029297617568247412,0.019885495663076746,0.03845042794137056,0.029293011123017527,0.019737217632416714,2.5881441817376435e-05,2.5783657506374352e-05,4.372358381991202e-05,0,normal,-1
1487.0,2.6e-05,1.8e-05,0.03878910633592608,0.02930408614537939,0.019889467931277587,0.03935967724943861,0.029893713311067695,0.020766576527867554,2.588331404783194e-05,2.5787076486070274e-05,4.372795064918049e-05,0,normal,-1
1488.0,2.6e-05,1.8e-05,0.0387968236755679,0.029310451427184907,0.019893378247165718,0.038892167359944226,0.029716300807581295,0.019322924135676225,2.5885158771925424e-05,2.5790438399746436e-05,4.373224894658424e-05,0,normal,-1
1489.0,2.6e-05,1.8e-05,0.03880441939280996,0.02931671556274653,0.01989722723072461,0.03931506693304191,0.029409605976185395,0.01976401447360822,2.5886975430224368e-05,2.5793745363311865e-05,4.373647941372742e-05,0,normal,-1
1490.0,2.6e-05,1.8e-05,0.03881189516523003,0.029322880704333195,0.01990101545512098,0.03882342344230377,0.029809859414652817,0.02045802745133341,2.5888763381089976e-05,2.57969995596844e-05,4.3740642700175555e-05,0,normal,-1
1491.0,2.6e-05,1.8e-05,0.038819252740499854,0.029328948759211944,0.019904743638305668,0.03875775152500288,0.028628843865111896,0.02028052935503779,2.5890522412773517e-05,2.5800202636798265e-05,4.374473961403166e-05,0,normal,-1
1492.0,2.6e-05,1.8e-05,0.038826493890768976,0.029334921495597147,0.01990841256801563,0.038485698585724586,0.02975239165365362,0.020463250105105482,2.589225253653642e-05,2.5803355955629833e-05,4.374877103946906e-05,0,normal,-1
1493.0,2.6e-05,1.8e-05,0.03883362041266474,0.02934080054265051,0.019912023101773965,0.03823916663336281,0.028893917302263743,0.02048669991526434,2.589395398657465e-05,2.58064605904024e-05,4.3752737936709125e-05,0,normal,-1
1494.0,2.6e-05,1.8e-05,0.03884063412729232,0.02934658739048109,0.019915576166889905,0.03891698158602896,0.028685202515375305,0.01948058914314176,2.5895627219946827e-05,2.5809517328781887e-05,4.3756641342000434e-05,0,normal,-1
1495.0,2.6e-05,1.8e-05,0.0388475368802347,0.029352283390145256,0.019919072760458807,0.039552903395571104,0.029422258345293533,0.02042276105453329,2.5897272916506048e-05,2.5812526672063962e-05,4.376048236759952e-05,0,normal,-1
1496.0,2.6e-05,1.8e-05,0.03885433054155268,0.02935788975364674,0.01992251394936217,0.038823331861627876,0.028771759683815123,0.019790989652244555,2.589889197883516e-05,2.581548883535285e-05,4.3764262201752934e-05,0,normal,-1
1497.0,2.6e-05,1.8e-05,0.03886101700578486,0.029363407553936596,0.01992590087026762,0.03923663522362215,0.02956047128801351,0.020236321287271403,2.590048553218543e-05,2.5818403747732102e-05,4.3767982108680645e-05,0,normal,-1
1498.0,2.6e-05,1.8e-05,0.038867598191947676,0.029368837724913215,0.019929234729628924,0.038375292758195824,0.029854045170741198,0.02108439157837465,2.5902054924418218e-05,2.5821271052427298e-05,4.377164342856075e-05,0,normal,-1
1499.0,2.6e-05,1.8e-05,0.03887407602245338,0.029374181108690584,0.019932516769692436,0.03871219094235304,0.02939202008227923,0.01954100732426166,2.590360163276323e-05,2.582409021809127e-05,4.377524754018749e-05,0,normal,-1
1500.0,2.6e-05,1.8e-05,0.038880451969044785,0.029379439460068088,0.019935747541407346,0.038871053021460336,0.02939145947639154,0.020085380859744505,2.590512527539757e-05,2.5826862906649065e-05,4.3778795062630715e-05,0,normal,-1
1501.0,2.6e-05,1.8e-05,0.038886727369342844,0.029384614726249734,0.01993892741881381,0.03900148825811816,0.02914637986252137,0.01975793932069955,2.590662502540523e-05,2.58295912840063e-05,4.3782286420308405e-05,0,normal,-1
1502.0,2.6e-05,1.8e-05,0.03889290365404027,0.029389708571786934,0.019942056952641327,0.038873544028655616,0.029715668249561785,0.020964048084514884,2.5908100568156626e-05,2.5832276886939188e-05,4.3785722231259724e-05,0,normal,-1
1503.0,2.6e-05,1.8e-05,0.038898982282269186,0.0293947225280013,0.01994513676441689,0.03888943939229579,0.028512919135510108,0.02010952289640294,2.5909551809389705e-05,2.5834920972464656e-05,4.3789103190834035e-05,0,normal,-1
1504.0,2.6e-05,1.8e-05,0.03890496474160105,0.029399657992984614,0.019948167546464963,0.034429868116505974,0.02871932820773533,0.019629267224121266,2.591097887514627e-05,2.5837524518006286e-05,4.3792430071669334e-05,1,sens_bias,5
1505.0,2.6e-05,1.8e-05,0.03891085254804672,0.029404516231598832,0.01995115006190749,0.03479976004458274,0.02879042242931799,0.020045415202941966,2.5912382111711523e-05,2.5840088221552937e-05,4.379570372367205e-05,1,sens_bias,5
1506.0,2.6e-05,1.8e-05,0.03891664724605643,0.0294092983754761,0.019954085144663892,0.03475656259868402,0.03003483126863997,0.019803296131928116,2.5913762085556587e-05,2.5842612501810414e-05,4.379892507399808e-05,1,sens_bias,5
1507.0,2.6e-05,1.8e-05,0.038922350408519775,0.029414005423018738,0.019956973699451076,0.0343628147021947,0.028984489574299502,0.020200089357822228,2.5915119583283988e-05,2.5845097498346393e-05,4.3802095127035045e-05,1,sens_bias,5
1508.0,2.6e-05,1.8e-05,0.03892796363676573,0.029418638239399247,0.01995981670178342,0.03414975080249204,0.02944891886636505,0.019351428253277313,2.591645561157601e-05,2.584754307172891e-05,4.3805214964385856e-05,1,sens_bias,5
1509.0,2.6e-05,1.8e-05,0.038933488560562654,0.02942319755656031,0.019962615197972787,0.03418852277832307,0.029258353741423673,0.019814303911457665,2.5917771397145504e-05,2.5849948803658276e-05,4.38082857448532e-05,1,sens_bias,5
1510.0,2.6e-05,1.8e-05,0.03893892683667774,0.029427683976440643,0.019965370302809256,0.035426152971063704,0.029243235801259274,0.02017875631725729,2.5919068380330854e-05,2.5852314004667593e-05,4.381130870188058e-05,1,sens_bias,5
1511.0,2.6e-05,1.8e-05,0.03894427979299186,0.029432098758989566,0.019968082629912162,0.0347458113784951,0.028591017600055425,0.020152938612444195,2.5920346656510015e-05,2.585463956873109e-05,4.381428451857334e-05,1,sens_bias,5
1512.0,2.6e-05,1.8e-05,0.038949548462573695,0.029436443728797047,0.019970752352973273,0.03504631659635799,0.029736804366514488,0.019109724435278943,2.5921605150069552e-05,2.5856927761379245e-05,4.38172133950819e-05,1,sens_bias,5
1513.0,2.6e-05,1.8e-05,0.038954734006195264,0.02944072035986098,0.019973379874546573,0.03500274971297579,0.02864966272289258,0.01918865246653579,2.5922843437167212e-05,2.585918005580856e-05,4.3820095782405116e-05,1,sens_bias,5
1514.0,2.6e-05,1.8e-05,0.03895983761640694,0.0294449299976779,0.019975965668905308,0.03464339730586102,0.029110352743662866,0.019637347778133335,2.5924061312342042e-05,2.586139765112987e-05,4.382293220994253e-05,1,sens_bias,5
1515.0,2.6e-05,1.8e-05,0.038964860517537406,0.02944907385924298,0.019978510282042,0.03477305900565652,0.029189516229396695,0.020649669540647612,2.5925258788460564e-05,2.586358147250415e-05,4.382572328547418e-05,1,sens_bias,5
1516.0,2.6e-05,1.8e-05,0.03896980396569373,0.02945315303305005,0.01998101433166844,0.03481479604828767,0.029944276698501842,0.020593848195362495,2.5926436096665665e-05,2.5865732171272206e-05,4.3828469695141546e-05,1,sens_bias,5
1517.0,2.6e-05,1.8e-05,0.0389746692487613,0.029457168479091574,0.019983478507215695,0.03385797252722291,0.0294255863137056,0.020795563200391005,2.5927593686327934e-05,2.5867850125078757e-05,4.383117220342963e-05,1,sens_bias,5
1518.0,2.6e-05,1.8e-05,0.038979457686403846,0.029461121028858662,0.019985903569834096,0.034830673784121684,0.029947060824230202,0.01980788479453581,2.5928732224999576e-05,2.586993543799101e-05,4.3833831653150174e-05,1,sens_bias,5
1519.0,2.6e-05,1.8e-05,0.03898417063006345,0.02946501138534107,0.019988290352393252,0.03428252070772609,0.02897292421230472,0.019201377992593454,2.5929852598370687e-05,2.5871987940611955e-05,4.3836448965425816e-05,1,sens_bias,5
1520.0,2.6e-05,1.8e-05,0.03898880946296055,0.029468840123027196,0.019990639759482034,0.034257534860746,0.029923364611277276,0.02050330217244769,2.5930955910227697e-05,2.5874007190188417e-05,4.383902513967531e-05,1,sens_bias,5
1521.0,2.6e-05,1.8e-05,0.038993375600093895,0.029472607687904086,0.019992952767408596,0.03477339132840886,0.029346719896450338,0.020167477302860923,2.5932043482413618e-05,2.5875992470713802e-05,4.384156125359962e-05,1,sens_bias,5
1522.0,2.6e-05,1.8e-05,0.038997870308780665,0.029476314794662773,0.019995230137209875,0.036026611759094,0.029520486398719556,0.01887459118610805,2.5933116069481023e-05,2.587794372675722e-05,4.384405814852319e-05,1,sens_bias,5
1523.0,2.6e-05,1.8e-05,0.03900229438011275,0.029479963140456845,0.019997471894257504,0.033794339717685175,0.029110805461252054,0.019338423614199705,2.5934172439454777e-05,2.587986324735028e-05,4.384651585896111e-05,1,sens_bias,5
1524.0,2.6e-05,1.8e-05,0.03900664873656152,0.02948355406869643,0.019999678296771496,0.033624495888609086,0.02974148579888352,0.01948015663159869,2.5935212021123848e-05,2.588175252031056e-05,4.384893467457355e-05,1,sens_bias,5
1525.0,2.6e-05,1.8e-05,0.039010934342899276,0.029487088780857273,0.02000184968792976,0.03469832243713167,0.030334102781753608,0.020081836959158435,2.59362344942004e-05,2.5883612723336284e-05,4.385131497798203e-05,1,sens_bias,5
1526.0,2.6e-05,1.8e-05,0.0390151521985345,0.029490568353651773,0.02000398648353406,0.03365241493100052,0.030052680724634195,0.019840984654558528,2.5937239755451172e-05,2.588544476438746e-05,4.385365723122756e-05,1,sens_bias,5
1527.0,2.6e-05,1.8e-05,0.039019303337511864,0.029493993739028973,0.020006089172009994,0.03458347417543833,0.02999086212192438,0.020036081990950423,2.5938227918654034e-05,2.588724928179285e-05,4.385596197575304e-05,1,sens_bias,5
1528.0,2.6e-05,1.8e-05,0.03902338882851222,0.029497365764174555,0.02000815831440699,0.03361601124737333,0.029456115146175334,0.02018927960990588,2.593919931455669e-05,2.5889026644352285e-05,4.385822983238675e-05,1,sens_bias,5
1529.0,2.6e-05,1.8e-05,0.03902740977485264,0.029500685131510863,0.020010194544398337,0.034888026779914295,0.029870740496007086,0.019750845328855966,2.594015449083749e-05,2.58907769514345e-05,4.386046150132677e-05,1,sens_bias,5
1530.0,2.6e-05,1.8e-05,0.03903136731448635,0.029503952418696872,0.020012198568281146,0.03463770143032607,0.029184772639030618,0.02071427431741147,2.5941094212068283e-05,2.589250003307065e-05,4.386265776212624e-05,1,sens_bias,5
1531.0,2.6e-05,1.8e-05,0.039035262620002786,0.029507168078628212,0.02001417116497637,0.034207413336423076,0.029544677666902688,0.01988189069624609,2.5942019459679097e-05,2.5894195450043567e-05,4.3864819473679566e-05,1,sens_bias,5
1532.0,2.6e-05,1.8e-05,0.03903909689862758,0.029510332439437164,0.02001611318602881,0.03528254647139196,0.029166465077131488,0.020566143878262968,2.594293143192452e-05,2.589586249397264e-05,4.386694757420942e-05,1,sens_bias,5
1533.0,2.6e-05,1.8e-05,0.039042871339232774,0.02951344582177912,0.02001802547091346,0.03477365823426443,0.02949307359392568,0.020277516702227747,2.5943831312063115e-05,2.5897500462831224e-05,4.386904298845233e-05,1,sens_bias,5
1534.0,2.6e-05,1.8e-05,0.03904658663693294,0.029516509582109062,0.02001990809054069,0.0349967046477387,0.030524007858565613,0.01891553347844142,2.5944718201135273e-05,2.5899111115103108e-05,4.387110579878744e-05,1,sens_bias,5
1535.0,2.6e-05,1.8e-05,0.039050243479009664,0.029519525035266683,0.02002176112464809,0.03409914481191147,0.029536686750102917,0.019923683741023022,2.5945591246268683e-05,2.5900696139965283e-05,4.387313609717703e-05,1,sens_bias,5
1536.0,2.6e-05,1.8e-05,0.0390538426348089,0.029522493273276464,0.02002358479889367,0.034876105617501235,0.029324755161125912,0.02000467974873447,2.594645000965949e-05,2.5902256723355313e-05,4.3875134135362366e-05,1,sens_bias,5
1537.0,2.6e-05,1.8e-05,0.03905738491080284,0.02952541526624579,0.020025379412498934,0.034122601535635524,0.028790673477517882,0.020214006074091892,2.5947294270007305e-05,2.590379378434456e-05,4.387710024555888e-05,1,sens_bias,5
1538.0,2.6e-05,1.8e-05,0.03906087115058995,0.02952829186236496,0.020027145338248873,0.03588419686993437,0.02980322818533842,0.019975910050835398,2.5948124022478146e-05,2.590530797522715e-05,4.387903484044026e-05,1,sens_bias,5
1539.0,2.6e-05,1.8e-05,0.03906430223489491,0.029531123787907187,0.02002888302249198,0.035162697860665254,0.02890390884431609,0.020100655278732234,2.5948939478669203e-05,2.590679968160496e-05,4.388093841312347e-05,1,sens_bias,5
1540.0,2.6e-05,1.8e-05,0.03906767908156866,0.029533911647228593,0.020030592985140247,0.03479514906520643,0.029891955958823723,0.020007448745636685,2.5949741066575362e-05,2.5908269022468947e-05,4.3882811537154423e-05,1,sens_bias,5
1541.0,2.6e-05,1.8e-05,0.039071002645588396,0.029536655922768214,0.02003227581966915,0.03525274025117142,0.029527669708417324,0.02007100263783404,2.5950529430557578e-05,2.590971585027696e-05,4.388465486649465e-05,1,sens_bias,5
1542.0,2.6e-05,1.8e-05,0.03907427391905753,0.029539356975047996,0.020033932193117672,0.0347896809979423,0.029089806772078845,0.0200461293261672,2.5951305431312728e-05,2.5911139751027987e-05,4.388646913550858e-05,1,sens_bias,5
1543.0,2.6e-05,1.8e-05,0.03907749393120575,0.0295420150426728,0.02003556284608828,0.034624019454422963,0.029025135402222204,0.019676081007303014,2.5952070145845e-05,2.5912540044332934e-05,4.388825515895152e-05,1,sens_bias,5
1544.0,2.6e-05,1.8e-05,0.03908066374685385,0.029544630245730487,0.020037168590293617,0.03479307242281322,0.029949143368068764,0.01989188047091834,2.5952824860722686e-05,2.5913915791458787e-05,4.389001382927155e-05,1,sens_bias,5
1545.0,2.6e-05,1.8e-05,0.03908378410687921,0.02954720337697508,0.02003874973588573,0.03382178863576296,0.029907194220781988,0.01922503308954245,2.5953569506227625e-05,2.591526765398002e-05,4.389174548942639e-05,1,sens_bias,5
1546.0,2.6e-05,1.8e-05,0.03908685547339976,0.029549735791982723,0.020040306167321994,0.03450146145179265,0.029712513279921377,0.020365971963781346,2.595430286749864e-05,2.591659764029678e-05,4.389345001607873e-05,1,sens_bias,5
1547.0,2.6e-05,1.8e-05,0.039089878447584,0.02955222850145736,0.02004183800452838,0.03483825033648578,0.030314496102020146,0.019674785227849562,2.5955024388253168e-05,2.591790696755986e-05,4.3895127543718905e-05,1,sens_bias,5
1548.0,2.6e-05,1.8e-05,0.039092853669872925,0.029554682396375646,0.020043345441901454,0.03436193167413525,0.030143951870953752,0.020989096801561958,2.5955733728593763e-05,2.5919196588019877e-05,4.389677828831545e-05,1,sens_bias,5
1549.0,2.6e-05,1.8e-05,0.03909578181998003,0.02955709824798696,0.0200448287483084,0.03577773867192776,0.029334584507770142,0.020377793671577858,2.5956430764976424e-05,2.592046718910167e-05,4.3898402547300884e-05,1,sens_bias,5
1550.0,2.6e-05,1.8e-05,0.039098663616891335,0.029559476707813406,0.02004628826708701,0.034553748017929584,0.02939102962109179,0.01936363903576029,2.5957115590180513e-05,2.5921719193475317e-05,4.390000069955821e-05,1,sens_bias,5
1551.0,2.6e-05,1.8e-05,0.03910149981886534,0.0295618183076498,0.020047724416045694,0.0348633844259892,0.02986268053073163,0.019679914927990837,2.5957788513280094e-05,2.592295275912413e-05,4.390157320540804e-05,1,sens_bias,5
1552.0,2.6e-05,1.8e-05,0.03910429122343306,0.029564123459563694,0.020049137687463463,0.035734008685568946,0.029531035679796543,0.020008290908465624,2.5958450059616837e-05,2.592416777940969e-05,4.390312060659655e-05,1,sens_bias,5
1553.0,2.6e-05,1.8e-05,0.03910703866739803,0.02956639245589534,0.020050528648089944,0.03514038490137357,0.02985642170107324,0.020857894543680342,2.5959100970774354e-05,2.5925363883134037e-05,4.3904643526284e-05,1,sens_bias,5
1554.0,2.6e-05,1.8e-05,0.039109743026836265,0.029568625469257724,0.02005189793914538,0.03581968292806236,0.029912632019451085,0.02050536215575294,2.5959742204553716e-05,2.5926540434598967e-05,4.390614266903389e-05,1,sens_bias,5
1555.0,2.6e-05,1.8e-05,0.03911240521709629,0.02957082255253655,0.020053246276320612,0.034828709693261385,0.029263702199529444,0.01947231571133091,2.596037493495006e-05,2.5927696533662302e-05,4.3907618820802745e-05,1,sens_bias,5
1556.0,2.6e-05,1.8e-05,0.03911502606427835,0.029572983921790037,0.020054574245112193,0.033994787366660374,0.02985639484792682,0.01929395357394543,2.5960999992454733e-05,2.592883167987153e-05,4.3909072624875564e-05,1,sens_bias,5
1557.0,2.6e-05,1.8e-05,0.03911760589535955,0.029575110851224898,0.020055881650812027,0.03351226281506888,0.029389933738266764,0.01950132898628175,2.5961616089090423e-05,2.5929947876607115e-05,4.3910503870324314e-05,1,sens_bias,5
1558.0,2.6e-05,1.8e-05,0.039120145148750375,0.029577204332097297,0.020057168489766526,0.03413134161360007,0.030409213826834713,0.018835379064203323,2.596222247346787e-05,2.59310464813032e-05,4.391191255535535e-05,1,sens_bias,5
1559.0,2.6e-05,1.8e-05,0.0391226443217635,0.02957926519816408,0.02005843486208166,0.03486605198148367,0.029567761172872544,0.02018561969224662,2.596281868861843e-05,2.593212849532744e-05,4.3913298791719195e-05,1,sens_bias,5
1560.0,2.6e-05,1.8e-05,0.03912510395276057,0.029581294165284683,0.020059680943079562,0.03522904453030074,0.028944762864388945,0.019857662406574952,2.5963404493806222e-05,2.5933194656863857e-05,4.3914662773449404e-05,1,sens_bias,5
1561.0,2.6e-05,1.8e-05,0.03912752462115215,0.029583291831421128,0.02006090698329853,0.03526257723934825,0.03002341957323039,0.020119273872552804,2.5963979864502307e-05,2.5934245440972352e-05,4.391600477685048e-05,1,sens_bias,5
1562.0,2.6e-05,1.8e-05,0.03912990694739774,0.029585258676638013,0.020062113308493022,0.034098615552591555,0.029244824956647552,0.02021002967608834,2.5964544992360283e-05,2.5935281059645702e-05,4.3917325160486515e-05,1,sens_bias,5
1563.0,2.6e-05,1.8e-05,0.03913225159300582,0.029587195063102544,0.020063300319633662,0.03442763720340617,0.03019905698447143,0.02001207262161936,2.596510028519297e-05,2.5936301461864105e-05,4.391862436517042e-05,1,sens_bias,5
1564.0,2.6e-05,1.8e-05,0.03913455926053376,0.029589101235084497,0.020064468492907248,0.034994721685510106,0.030303243023548553,0.01932586711814449,2.5965646366950553e-05,2.593730633364736e-05,4.391990291395368e-05,1,sens_bias,5
1565.0,2.6e-05,1.8e-05,0.03913683069358793,0.029590977318956244,0.020065618379716734,0.033660740632384084,0.028980737701654463,0.019700172596145104,2.5966184077699693e-05,2.5938295098104754e-05,4.392116141211668e-05,1,sens_bias,5
1566.0,2.6e-05,1.8e-05,0.0391390666768236,0.029592823323192744,0.020066750606681238,0.0343193242063998,0.02933574459436306,0.020000168797717488,2.5966714473603593e-05,2.593926691548242e-05,4.3922400547159545e-05,1,sens_bias,5
1567.0,2.6e-05,1.8e-05,0.03914126801906418,0.029594639175548536,0.02006786584875474,0.03488610176445629,0.03070157022386167,0.019604828335766395,2.596723875338302e-05,2.5940220770419424e-05,4.3923621059375144e-05,1,sens_bias,5
1568.0,2.6e-05,1.8e-05,0.03914343510443937,0.029596425707264187,0.020068964116063036,0.034860744488543656,0.029739021359815664,0.0202318423877274,2.5967756309340195e-05,2.594115778275364e-05,4.392482296139699e-05,1,sens_bias,5
1569.0,2.6e-05,1.8e-05,0.039145568189390224,0.02959818399494393,0.020070045228376132,0.03524328369562658,0.02961716175664852,0.020056052490650324,2.5968266026481835e-05,2.5942079665289302e-05,4.392600605752389e-05,1,sens_bias,5
1570.0,2.6e-05,1.8e-05,0.039147667647571036,0.02959991483266565,0.020071109200851835,0.03482787194718135,0.029711977414133343,0.02055040734063745,2.5968767333518106e-05,2.594298747997758e-05,4.3927170365862336e-05,1,sens_bias,5
1571.0,2.6e-05,1.8e-05,0.039149733895108584,0.029601618898243122,0.02007215612440179,0.034618256541383424,0.02961473276030016,0.020479552728586852,2.596925987506385e-05,2.5943882027213293e-05,4.392831598738722e-05,1,sens_bias,5
1572.0,2.6e-05,1.8e-05,0.03915176739060212,0.02960329675322601,0.02007318616569148,0.03432793234348762,0.029863857415021327,0.019367258170324253,2.5969743511616537e-05,2.594476384588495e-05,4.392944310593121e-05,1,sens_bias,5
1573.0,2.6e-05,1.8e-05,0.03915376863512335,0.029604948842899863,0.02007419956714023,0.03493506742868571,0.029504709059647104,0.019945807403754266,2.5970218319535346e-05,2.594563321342253e-05,4.393055198817479e-05,1,sens_bias,5
1574.0,2.6e-05,1.8e-05,0.03915573817221646,0.029606575496286123,0.020075196646921197,0.03464013310116419,0.029576075611752572,0.020146153051609408,2.5970684591021306e-05,2.59464901458433e-05,4.3931642983636634e-05,1,sens_bias,5
1575.0,2.6e-05,1.8e-05,0.03915767658789812,0.029608176926142118,0.020076177798961387,0.0351702703320942,0.03026679288794444,0.02109228279065712,2.5971142834098582e-05,2.594733439779565e-05,4.3932716524664734e-05,1,sens_bias,5
1576.0,2.6e-05,1.8e-05,0.039159584510657444,0.02960975322896106,0.02007714349294164,0.03410690039123416,0.0292114130105867,0.019455839943723144,2.5971593772596608e-05,2.5948165462601082e-05,4.393377312642773e-05,1,sens_bias,5
1577.0,2.6e-05,1.8e-05,0.03916146261145605,0.029611304384972056,0.02007809427429664,0.03568614931462997,0.02944212557016606,0.020254725433039675,2.5972038346133277e-05,2.594898257229416e-05,4.3934813386906856e-05,1,sens_bias,5
1578.0,2.6e-05,1.8e-05,0.039163311603727984,0.029612830258140103,0.020079030764214897,0.034436651839204024,0.02928698924694931,0.02035182505992652,2.5972477710098494e-05,2.594978469766031e-05,4.3935837986888246e-05,1,sens_bias,5
1579.0,2.6e-05,1.8e-05,0.039165132038059866,0.02961433104674626,0.02007995333335566,0.03459141694339033,0.030242212972417276,0.02013131158189336,2.5972912343795077e-05,2.5950571605500424e-05,4.393684733298631e-05,1,sens_bias,5
1580.0,2.6e-05,1.8e-05,0.03916692401926708,0.02961580789879199,0.02008086165428777,0.03515541209569707,0.02944045857490528,0.020268121616645,2.5973340829038468e-05,2.595134530504771e-05,4.3937841068035174e-05,1,sens_bias,5
1581.0,2.6e-05,1.8e-05,0.039168687808577754,0.029617261594441644,0.020081755657001155,0.035122209705817545,0.029300675532673244,0.02036103269855177,2.597376246054587e-05,2.5952106954413098e-05,4.3938819116503086e-05,1,sens_bias,5
1582.0,2.6e-05,1.8e-05,0.03917042371582291,0.0296186927880464,0.0200826353555674,0.035070654971445896,0.02897429686224392,0.02038849302105918,2.597417677022143e-05,2.5952857425933986e-05,4.393978149483153e-05,1,sens_bias,5
1583.0,2.6e-05,1.8e-05,0.0391721320944748,0.02962010201908233,0.02008350084023656,0.03449824512562912,0.029699092203605986,0.019951449760435773,2.5974583505517873e-05,2.5953597331858144e-05,4.394072830277922e-05,1,sens_bias,5
1584.0,2.6e-05,1.8e-05,0.0391738133416469,0.029621489712150388,0.020084352277437153,0.03372352664286685,0.03014136023280061,0.02020107011415011,2.5974982629418594e-05,2.5954327024383917e-05,4.394165972341342e-05,1,sens_bias,5
1585.0,2.6e-05,1.8e-05,0.03917546789809393,0.02962285617697644,0.02008518990977616,0.03471671360613461,0.029156906706617462,0.019728612113198724,2.597537432042069e-05,2.5955046595698692e-05,4.3942576023101566e-05,1,sens_bias,5
1586.0,2.6e-05,1.8e-05,0.03917709624821185,0.029624201608411227,0.020086014056039037,0.03952402554176947,0.029621911697983044,0.0202433688102145,2.5975758972518925e-05,2.5955755878015817e-05,4.394347755150337e-05,0,normal,-1
1587.0,2.6e-05,1.8e-05,0.03917869892003784,0.029625526086430397,0.02008682511118969,0.03939199028690512,0.029338405513429824,0.020668938423948617,2.5976137195190535e-05,2.5956454443610005e-05,4.3944364741563326e-05,0,normal,-1
1588.0,2.6e-05,1.8e-05,0.03918027648525033,0.029626829576134484,0.0200876235463705,0.039650279760133,0.02891155150144617,0.020974182949602935,2.5976509813380832e-05,2.595714160485106e-05,4.394523810950359e-05,0,normal,-1
1589.0,2.6e-05,1.8e-05,0.03918182955916898,0.029628111927748918,0.020088409908902316,0.03899036370049159,0.029940534320488956,0.02064837139892659,2.597687786748943e-05,2.595781641423587e-05,4.394609825481724e-05,0,normal,-1
1590.0,2.6e-05,1.8e-05,0.03918335872696045,0.029629373037635333,0.020089184705382717,0.03878155481056544,0.030083745938984757,0.020255405148533478,2.5977242294139148e-05,2.5958478042513717e-05,4.394694573239515e-05,0,normal,-1
1591.0,2.6e-05,1.8e-05,0.03918486391063575,0.029630614230115954,0.02008994739866454,0.038576755812789146,0.02994981063025053,0.020441436767192525,2.5977601187070258e-05,2.595912902312164e-05,4.3947779955451805e-05,0,normal,-1
1592.0,2.6e-05,1.8e-05,0.03918634536780891,0.029631836079714775,0.02009069798953351,0.03946900546136329,0.029342216563800365,0.01988330604990342,2.5977954115685576e-05,2.595977013738148e-05,4.39486009256014e-05,0,normal,-1
1593.0,2.6e-05,1.8e-05,0.039187803490456,0.02963303884998734,0.020091436698005692,0.039294713827137465,0.029456594271909452,0.019321107398765126,2.5978301254808454e-05,2.5960401445254425e-05,4.3949408884225864e-05,0,normal,-1
1594.0,2.6e-05,1.8e-05,0.03918923865915011,0.029634222811705142,0.020092163732362802,0.03915808568351723,0.030315522198785656,0.020948719580688335,2.5978642753937955e-05,2.5961023032463653e-05,4.3950204059843626e-05,0,normal,-1
1595.0,2.6e-05,1.8e-05,0.03919065124563712,0.029635388237595196,0.02009287929310393,0.03914839482283535,0.02966129859498691,0.01993046246448132,2.5978978747903414e-05,2.5961634997960105e-05,4.395098667243349e-05,0,normal,-1
1596.0,2.6e-05,1.8e-05,0.03919204161260774,0.02963653540297882,0.02009358357253365,0.039046304075296016,0.029456889889420242,0.0194694386592315,2.5979309355687456e-05,2.5962237455350474e-05,4.3951756932985515e-05,0,normal,-1
1597.0,2.6e-05,1.8e-05,0.039193410115324824,0.02963766458261905,0.02009427675719741,0.03898513597626105,0.029054176921061423,0.02035568846206412,2.597963468692495e-05,2.5962830525294838e-05,4.3952515046165956e-05,0,normal,-1
1598.0,2.6e-05,1.8e-05,0.03919475710243716,0.029638776049185647,0.02009495902908464,0.03952323888741873,0.028676611222851266,0.01958513363663033,2.597995484509665e-05,2.5963414331781834e-05,4.395326121163411e-05,0,normal,-1
1599.0,2.6e-05,1.8e-05,0.03919608291547499,0.02963987007454366,0.020095630564762018,0.03880382088989926,0.029664057185295634,0.019624437962684618,2.5980269925092418e-05,2.5963989005060396e-05,4.395399562309542e-05,0,normal,-1
1600.0,2.1e-05,1.5e-05,0.03919740691581427,0.02964094693128768,0.020096302951420984,0.03995558106544178,0.029930322227993373,0.020265243783487742,2.5980605874903726e-05,2.59645391560479e-05,4.395473095292145e-05,0,normal,-1
1601.0,2.1e-05,1.5e-05,0.03887951716908212,0.029620052474263508,0.01991184121322746,0.03963604640819229,0.028944270522702754,0.018927430193911538,2.5573707402807834e-05,2.6186072210041318e-05,4.375253810417473e-05,0,normal,-1
1602.0,2.1e-05,1.5e-05,0.0385859415437353,0.0295628821448457,0.019751750204337337,0.0394456471972418,0.030113313009484752,0.019875637256020397,2.5245132827188098e-05,2.632451084487586e-05,4.357629815788146e-05,0,normal,-1
1603.0,2.1e-05,1.5e-05,0.03831213188021322,0.02947885086309317,0.01960982536591134,0.038929896722695645,0.029593240415102806,0.01946849384382646,2.4978236623133018e-05,2.6402064482099635e-05,4.341945866806707e-05,0,normal,-1
1604.0,2.1e-05,1.5e-05,0.038054439483468004,0.029375097267382962,0.019481455133823374,0.037762711634531126,0.029828129964445536,0.018958472761712513,2.4759630437599804e-05,2.643497174535242e-05,4.327710865637297e-05,0,normal,-1
1605.0,2.1e-05,1.5e-05,0.03781001145927795,0.029257033043460737,0.019363242049291473,0.03827913122186466,0.029912840149693212,0.018525803920883627,2.4578730062108604e-05,2.643517061605927e-05,4.314560654498652e-05,0,normal,-1
1606.0,2.1e-05,1.5e-05,0.03757662294703917,0.02912875393433103,0.019252686637275637,0.037523546219388554,0.029510161723851815,0.01820921504025668,2.4427236522079237e-05,2.641148207362882e-05,4.3022259214671716e-05,0,normal,-1
1607.0,2.1e-05,1.5e-05,0.03735253854559864,0.028993358602309432,0.019147951688503716,0.03741126793652145,0.030161455222700858,0.019315993822231394,2.4298674814779576e-05,2.6370452804908853e-05,4.2905078713706726e-05,0,normal,-1
1608.0,2.1e-05,1.5e-05,0.037136402853290514,0.028853189667125675,0.01904768964823255,0.037368557374675065,0.02881419841316519,0.018747334486075046,2.4188011777845544e-05,2.6316954180422537e-05,4.2792602017191956e-05,0,normal,-1
1609.0,2.1e-05,1.5e-05,0.03692715924628255,0.0287100071213277,0.018950921489015466,0.036815981501055466,0.028608018354141562,0.018974053501601446,2.4091365442618878e-05,2.6254594576597023e-05,4.2683763776299874e-05,0,normal,-1
1610.0,2.1e-05,1.5e-05,0.03672397697010742,0.028565139211652175,0.018856934169788547,0.03672340151570731,0.028263875111776925,0.019085011501194044,2.4005729077768316e-05,2.618606382251658e-05,4.2577786898982094e-05,0,normal,-1
1611.0,2.1e-05,1.5e-05,0.036526202438078935,0.028419581340556842,0.018765214755109314,0.03689568528841724,0.029145955523179418,0.018882432171433358,2.3928787293972517e-05,2.6113353301775126e-05,4.2474112305340754e-05,0,normal,-1
1612.0,2.1e-05,1.5e-05,0.03633331880436005,0.028274076742670767,0.018675397643373032,0.036808002030165446,0.028616880980354906,0.018577682672112704,2.3858759089718754e-05,2.603793198665358e-05,4.237234214247068e-05,0,normal,-1
1613.0,2.1e-05,1.5e-05,0.036144911945189505,0.028129183256745356,0.018587221784064367,0.03653989100423257,0.027773647793506547,0.02010832009612607,2.3794262937149094e-05,2.5960890253194394e-05,4.227219331755072e-05,0,normal,-1
1614.0,2.1e-05,1.5e-05,0.035960651118088736,0.027985310697202143,0.018500507246621178,0.03722880528753035,0.028356119977008366,0.018391943990483606,2.3734242027249618e-05,2.5883018319381432e-05,4.217347229806512e-05,0,normal,-1
1615.0,2.1e-05,1.5e-05,0.03578026562236225,0.027842765571839553,0.018415127518385723,0.036844910555698746,0.028052133303842847,0.01821168200187326,2.3677869489641992e-05,2.580490129784555e-05,4.207604460215535e-05,0,normal,-1
1616.0,2.1e-05,1.5e-05,0.03560353483934298,0.027701769677329603,0.01833099845291641,0.03565389217884445,0.02688704122718791,0.019639234513000724,2.3624510088535785e-05,2.572695693475528e-05,4.1979822882743064e-05,0,normal,-1
1617.0,2.1e-05,1.5e-05,0.03543027541868218,0.027562483959534777,0.018248064168599486,0.03549951213502365,0.02827678023619877,0.017891545777860732,2.3573668495643603e-05,2.5649485349093097e-05,4.1884751318837e-05,0,normal,-1
1618.0,2.1e-05,1.5e-05,0.035260331831270295,0.027425025911263404,0.01816628696707482,0.035476024946839047,0.02718641964156138,0.018773814566943037,2.3524951174060417e-05,2.5572705158155014e-05,4.179079439829589e-05,0,normal,-1
1619.0,2.1e-05,1.5e-05,0.03509357466329194,0.02728947219448864,0.018085646355469064,0.0354185576335698,0.026707610147286558,0.01889973062050331,2.3478061367508915e-05,2.549675717932833e-05,4.169793603191992e-05,0,normal,-1
1620.0,2.1e-05,1.5e-05,0.03492988901868993,0.027155879780003202,0.018006127049646978,0.035739934306631665,0.027514189620551563,0.01771742444049111,2.343275102387513e-05,2.5421749248439237e-05,4.16061659168321e-05,0,normal,-1
1621.0,2.1e-05,1.5e-05,0.03476917658681234,0.027024281661479313,0.017927721957200788,0.03442741089234547,0.027418656918946363,0.017586260955593284,2.3388831060275807e-05,2.5347745561146078e-05,4.1515483057786633e-05,0,normal,-1
1622.0,2.1e-05,1.5e-05,0.034611350852008844,0.026894695221854798,0.01785042783117489,0.03431087308320631,0.027279567230314158,0.01839559330534522,2.3346152155527486e-05,2.527478376442622e-05,4.142589082727723e-05,0,normal,-1
1623.0,2.1e-05,1.5e-05,0.034456332103782794,0.0267671307535628,0.01777424105595305,0.03440330848762097,0.027300819756817984,0.01775908226734429,2.3304584737101383e-05,2.5202892395944793e-05,4.133739211219322e-05,0,normal,-1
1624.0,2.1e-05,1.5e-05,0.03430404994702831,0.026641586724012494,0.017699160511435906,0.03582192966921048,0.027115856368017603,0.017209473745320763,2.3264030226253862e-05,2.5132080062078223e-05,4.12499926454348e-05,0,normal,-1
1625.0,2.1e-05,1.5e-05,0.03415444055456944,0.026518054421738445,0.0176251853415522,0.034823960373899406,0.02690560401936205,0.01846402516966278,2.3224410118108897e-05,2.506234483985317e-05,4.116369842915169e-05,0,normal,-1
1626.0,2.1e-05,1.5e-05,0.034007443439027396,0.026396522950634396,0.017552313073840496,0.033215843453193054,0.026118637871328464,0.0166816145916619,2.318565366635529e-05,2.499368384247722e-05,4.107851353558059e-05,0,normal,-1
1627.0,2.1e-05,1.5e-05,0.033863002266074915,0.026276977605147706,0.017480540696227783,0.03392767964803554,0.025998883998048363,0.017167681115060573,2.314770169694198e-05,2.492608937941995e-05,4.099444134823582e-05,0,normal,-1
1628.0,2.1e-05,1.5e-05,0.03372106577770165,0.026159398708947488,0.01740986479212867,0.03280609847286982,0.026855744238817068,0.017516043146978865,2.311050991216429e-05,2.485954705164088e-05,4.091148471255554e-05,0,normal,-1
1629.0,2.1e-05,1.5e-05,0.033581584980447894,0.026043765541458937,0.017340280589593325,0.03380176477538259,0.02576710678242648,0.01743630984300569,2.3074038714855882e-05,2.479404261350238e-05,4.0829644810141606e-05,0,normal,-1
1630.0,2.1e-05,1.5e-05,0.03344451269769061,0.025930056605168658,0.017271782387974784,0.03335434903030397,0.025585978467758203,0.017033624754898277,2.3038252163022493e-05,2.4729561753270877e-05,4.0748921644813124e-05,0,normal,-1
1631.0,2.1e-05,1.5e-05,0.0333098038907782,0.02581824893481659,0.017204364057975364,0.03398133751595141,0.025525216230325134,0.01714988777440972,2.3003119563430533e-05,2.4666088393197845e-05,4.066931462178378e-05,0,normal,-1
1632.0,2.1e-05,1.5e-05,0.03317741619307675,0.025708318132750867,0.017138017998521386,0.03385520306931214,0.025621146732907378,0.017635687787928123,2.2968616288251623e-05,2.460360622105826e-05,4.059082130656941e-05,0,normal,-1
1633.0,2.1e-05,1.5e-05,0.03304730846482721,0.025600240564584764,0.017072734373706325,0.03391227459950648,0.026181051867129535,0.017085005766493914,2.2934718222161013e-05,2.454210295133907e-05,4.051343650221959e-05,0,normal,-1
1634.0,2.1e-05,1.5e-05,0.032919440907733806,0.025493991639695582,0.01700850364630046,0.03311218610894521,0.025733068224238407,0.016770139433464896,2.2901404601029953e-05,2.4481564246376993e-05,4.043715523560026e-05,0,normal,-1
1635.0,2.1e-05,1.5e-05,0.03279377508335958,0.02538954574693452,0.01694531664580805,0.03314154476589917,0.02510835136129909,0.01657136766648853,2.2868658169870284e-05,2.4421973504832996e-05,4.036197284195477e-05,0,normal,-1
1636.0,2.1e-05,1.5e-05,0.03267027391707184,0.025286876263733757,0.016883164545897455,0.033281303787536395,0.025872692926746474,0.01676488122014186,2.28364652048117e-05,2.436331188599394e-05,4.028788494216952e-05,0,normal,-1
1637.0,2.1e-05,1.5e-05,0.032548901384540585,0.02518595719191205,0.01682203684130937,0.03289861071505059,0.025037349672749343,0.018002509861598757,2.28048125231e-05,2.430556360596825e-05,4.021488502842947e-05,0,normal,-1
1638.0,2.1e-05,1.5e-05,0.03242962157890581,0.025086765001471157,0.016761920214996843,0.032052562990201976,0.024766618441766676,0.017206735711349785,2.2773683184266975e-05,2.4248720315889945e-05,4.014296308980401e-05,0,normal,-1
1639.0,2.1e-05,1.5e-05,0.03231239958212653,0.02498927548479935,0.016702801890260324,0.031875749142557266,0.025387770915796748,0.01665234272506625,2.2743062705854143e-05,2.41927717082909e-05,4.007210960413548e-05,0,normal,-1
1640.0,2.1e-05,1.5e-05,0.03219720168856873,0.02489346329124971,0.016644669938868872,0.03247948861635017,0.025351884272097166,0.016790471260327407,2.2712940154886093e-05,2.4137704366102492e-05,4.000231591524391e-05,0,normal,-1
1641.0,2.1e-05,1.5e-05,0.032083995405005346,0.024799301927140083,0.01658751328106014,0.03128483981027294,0.025378028951456154,0.016766597610877076,2.2683308174262838e-05,2.4083501731474153e-05,3.993357424291694e-05,0,normal,-1
1642.0,2.1e-05,1.5e-05,0.031972749165940124,0.02470676446988004,0.01653132108138614,0.032829370494965926,0.024433253525117632,0.0165207947408355,2.2654161451091405e-05,2.40301460132081e-05,3.98658769641695e-05,0,normal,-1
1643.0,2.1e-05,1.5e-05,0.03186343066019939,0.02461582767998222,0.01647607937545722,0.03142049254176731,0.024525789762319252,0.016779980014186038,2.2625487700792204e-05,2.3977629204014518e-05,3.9799212542432374e-05,0,normal,-1
1644.0,2.1e-05,1.5e-05,0.031756008089108716,0.024526468662591894,0.016421774029779547,0.032383403555992736,0.02380294131395441,0.016453451266911032,2.259727480856345e-05,2.3925943895796497e-05,3.9733569077984254e-05,0,normal,-1
1645.0,2.1e-05,1.5e-05,0.03165045069175108,0.024438663528317788,0.016368391840416,0.03156488083476535,0.023527336803442087,0.016051907337528055,2.2569513750358472e-05,2.3875079682796437e-05,3.9668935639287246e-05,0,normal,-1
1646.0,2.1e-05,1.5e-05,0.031546728719504334,0.02435238745797407,0.016315920475649587,0.030796439401142236,0.02384429624402243,0.01652122244690019,2.2542198472740086e-05,2.3825023313641124e-05,3.9605302204225136e-05,0,normal,-1
1647.0,2.1e-05,1.5e-05,0.03144481341091811,0.024267614759623527,0.016264348431787527,0.03158760749604253,0.023962873123196893,0.016554439834333832,2.2515325783524402e-05,2.377575881581306e-05,3.95426596163585e-05,0,normal,-1
1648.0,2.1e-05,1.5e-05,0.031344675786727234,0.024184321624027567,0.016213662922698498,0.03120009373238875,0.024294211300092884,0.01655079250163265,2.2488889150418324e-05,2.3727274714814487e-05,3.94809970246749e-05,0,normal,-1
1649.0,2.1e-05,1.5e-05,0.031246286409239998,0.024102486639598214,0.01616384955540351,0.030593849563034643,0.023892232858438524,0.017072275204487824,2.24628774944204e-05,2.367956533661124e-05,3.942030147725132e-05,0,normal,-1
1650.0,2.1e-05,1.5e-05,0.03114961672293157,0.02402208763180502,0.016114894775713758,0.031702242347760805,0.02311090872254282,0.016015271534725244,2.2437282249961795e-05,2.3632622491197162e-05,3.936056089472772e-05,0,normal,-1
1651.0,2.1e-05,1.5e-05,0.031054639079984153,0.02394310159157041,0.01606678591924022,0.031120237147682295,0.02419291907027513,0.015585724230919562,2.2412097534180946e-05,2.3586435266229314e-05,3.930176414238826e-05,0,normal,-1
1652.0,2.1e-05,1.5e-05,0.030961326740287,0.02386550467526968,0.01601951121139363,0.030935822990864597,0.023815038253776455,0.016053994323390983,2.2387320163349236e-05,2.3540990003406678e-05,3.924390104004648e-05,0,normal,-1
1653.0,2.1e-05,1.5e-05,0.03086965353262107,0.023789272951398092,0.015973059214818418,0.03174263375436676,0.024099243152139797,0.01644152860303509,2.2362947954438864e-05,2.349627222863439e-05,3.918696169383655e-05,0,normal,-1
1654.0,2.1e-05,1.5e-05,0.030779592307151448,0.02371438584026104,0.015927416307331525,0.030044684235942427,0.024045221119292994,0.016335946706081246,2.233897184673913e-05,2.3452275626255918e-05,3.9130933402542784e-05,0,normal,-1
1655.0,2.1e-05,1.5e-05,0.0306911162917607,0.023640823070492877,0.01588256895534921,0.03147365261980848,0.022656860480120476,0.015621920567037362,2.231538282899464e-05,2.3408994097586245e-05,3.907580343677353e-05,0,normal,-1
1656.0,2.1e-05,1.5e-05,0.030604199558199423,0.023568563591919302,0.01583850450912654,0.03097239657208551,0.024010558406224843,0.0167149593703738,2.2292174402024973e-05,2.3366418919804946e-05,3.902156002133189e-05,0,normal,-1
1657.0,2.1e-05,1.5e-05,0.03051881700883135,0.023497585603565692,0.015795211181682867,0.03072819655819051,0.023025192738261854,0.015786326659190674,2.226934252771563e-05,2.3324538798579228e-05,3.8968192318667126e-05,0,normal,-1
1658.0,2.1e-05,1.5e-05,0.03043494437374092,0.02342786655982419,0.015752678044306308,0.029166070827958898,0.02347249761318827,0.01607254434812538,2.2246885628163023e-05,2.3283339864118697e-05,3.891569043231174e-05,0,normal,-1
1659.0,2.1e-05,1.5e-05,0.03035255729934107,0.023359385151375426,0.015710893591983636,0.03061510165262345,0.023676541681538453,0.015526713018755696,2.2224800002589662e-05,2.324281084169815e-05,3.886404364121319e-05,0,normal,-1
1660.0,2.1e-05,1.5e-05,0.030271630655233278,0.023292122849301763,0.01566984464276473,0.030112527440717293,0.02375354284841453,0.015400898922007382,2.220307625867539e-05,2.320294710342037e-05,3.881323903342925e-05,0,normal,-1
1661.0,2.1e-05,1.5e-05,0.030192140018331273,0.02322606060602034,0.015629518721987697,0.03101063178449923,0.023562577532005885,0.015311694640676688,2.2181706901191032e-05,2.316374206282296e-05,3.8763264450952186e-05,0,normal,-1
1662.0,2.1e-05,1.5e-05,0.030114061731912348,0.02316117869897061,0.015589904170204722,0.030083650729380906,0.023241166691931412,0.015822900310673644,2.2160686685722097e-05,2.3125186756344096e-05,3.8714108631287656e-05,0,normal,-1
1663.0,2.1e-05,1.5e-05,0.030037372905617327,0.02309745673061433,0.01555099014318207,0.02932141682287387,0.02328062772031063,0.015667372479127518,2.2140012630367036e-05,2.308726982567483e-05,3.866576121564449e-05,0,normal,-1
1664.0,2.1e-05,1.5e-05,0.029962051371359495,0.023034873722285545,0.015512766544317476,0.029687785304335232,0.023820167047167592,0.014664362851017746,2.211968380672272e-05,2.304997774823743e-05,3.861821267274799e-05,0,normal,-1
1665.0,2.1e-05,1.5e-05,0.0298880744370485,0.022973410811243645,0.015475222091623102,0.029661432546201533,0.02325384128284036,0.015417597751380999,2.209969504807359e-05,2.3013301928324805e-05,3.857145189702433e-05,0,normal,-1
1666.0,2.1e-05,1.5e-05,0.029815419036016297,0.022913050961188102,0.015438344534433917,0.030002220699016556,0.022479023143096813,0.01521637983608287,2.208003763269585e-05,2.297723796139348e-05,3.8525466471561486e-05,0,normal,-1
1667.0,2.1e-05,1.5e-05,0.029744062828605082,0.02285377650427092,0.01540212240269378,0.02959286469348994,0.022438375104441362,0.01525933382042616,2.206070496743861e-05,2.2941779192176804e-05,3.848024484784595e-05,0,normal,-1
1668.0,2.1e-05,1.5e-05,0.029673984182991275,0.022795569167826414,0.015366544984995364,0.030240958853598142,0.02330834158485513,0.015464219891644504,2.2041692524648024e-05,2.290691677379832e-05,3.843577632580724e-05,0,normal,-1
1669.0,2.1e-05,1.5e-05,0.029605162175185544,0.022738410074371204,0.015331602328580154,0.02998776939009523,0.022611509693346347,0.015573510185551531,2.202299785189833e-05,2.2872639653103302e-05,3.839205106092977e-05,0,normal,-1
1670.0,2.1e-05,1.5e-05,0.02953757651385794,0.022682279901235097,0.015297285124867801,0.029255043831625305,0.023265151179656378,0.015088349022099587,2.2004620204465626e-05,2.283893498051901e-05,3.834905992765065e-05,0,normal,-1
1671.0,2.1e-05,1.5e-05,0.029471206255944026,0.022627161655903963,0.015263582728277814,0.030436510258865825,0.022863086324925064,0.015855191021236215,2.198655403172652e-05,2.2805795465540994e-05,3.8306792039156357e-05,0,normal,-1
1672.0,2.1e-05,1.5e-05,0.029406030264173884,0.022573039720600315,0.015230483842934977,0.029547144355308506,0.022319175050241825,0.01499831500470495,2.1968791229234445e-05,2.2773216873144165e-05,3.8265235602202726e-05,0,normal,-1
1673.0,2.1e-05,1.5e-05,0.029342028085215972,0.022519897880608288,0.015197977914991095,0.028842820638763107,0.021905692745672712,0.015245754157560888,2.195132571422168e-05,2.274119282296937e-05,3.822437966522693e-05,0,normal,-1
1674.0,2.1e-05,1.5e-05,0.02927917991800559,0.022467719381235738,0.015166055089755867,0.028989212447225902,0.0224320528086451,0.0151791359635332,2.1934153291912777e-05,2.2709714930747286e-05,3.818421407098685e-05,0,normal,-1
1675.0,2.1e-05,1.5e-05,0.029217466613744893,0.022416486927814238,0.015134706211696878,0.02991980296958594,0.02242260970289499,0.01458597775429432,2.1917271663613927e-05,2.2678772796181044e-05,3.8144729462667766e-05,0,normal,-1
1676.0,2.1e-05,1.5e-05,0.02915686962620505,0.02236618279078311,0.015103922749063711,0.029817321248018353,0.022413184507751677,0.015404456266238927,2.190068018486007e-05,2.2648354272810304e-05,3.810591719470202e-05,0,normal,-1
1677.0,2.1e-05,1.5e-05,0.029097369856228187,0.022316791296923825,0.015073695016180487,0.029552376980421853,0.02174221492461504,0.015756714724692387,2.18843739869521e-05,2.26184521243489e-05,3.806776709324517e-05,0,normal,-1
1678.0,2.1e-05,1.5e-05,0.029038947935457693,0.02226829825746153,0.015044012586177193,0.02856490943591318,0.022115565711617657,0.014905295785257839,2.186834534335474e-05,2.2589062520037335e-05,3.8030267971839265e-05,0,normal,-1
1679.0,2.1e-05,1.5e-05,0.02898158512844436,0.022220688944438568,0.01501486571696324,0.028612294182010792,0.022373318875988098,0.01570862107529097,2.1852588388305333e-05,2.2560179658039904e-05,3.7993409432392504e-05,0,normal,-1
1680.0,2.1e-05,1.5e-05,0.02892526329846042,0.022173948149466733,0.014986245306252055,0.02869108480409635,0.021726188867220796,0.015314942925050335,2.1837098974078998e-05,2.2531795916480758e-05,3.795718181388682e-05,0,normal,-1
1681.0,2.1e-05,1.5e-05,0.028869964907499518,0.022128060183727274,0.014958142891561083,0.0296618326119978,0.021940926182224214,0.014351150367880256,2.182187467770542e-05,2.2503901843464444e-05,3.792157619758044e-05,0,normal,-1
1682.0,2.1e-05,1.5e-05,0.028815673011327297,0.022083008888327493,0.014930550642751254,0.02881539822350536,0.022517483643135397,0.0155378377067779,2.1806914782603296e-05,2.247648617559117e-05,3.788658440256683e-05,0,normal,-1
1683.0,2.1e-05,1.5e-05,0.028762370446048888,0.022038779379231616,0.014903460114197017,0.029106440869142387,0.021831147917161505,0.01520566934107608,2.1792216138599525e-05,2.244954053712289e-05,3.7852197405945576e-05,0,normal,-1
1684.0,2.1e-05,1.5e-05,0.02871003948114815,0.021995358845754463,0.01487686168243241,0.02794128955871533,0.022492711818494646,0.015242072750058592,2.17777712964189e-05,2.2423061602728634e-05,3.781840462560111e-05,0,normal,-1
1685.0,2.1e-05,1.5e-05,0.028658662948257627,0.021952734049285903,0.014850746314247,0.02749113232719956,0.02188252980234569,0.0148648176869628,2.176357438455758e-05,2.2397044396555272e-05,3.778519616409419e-05,0,normal,-1
1686.0,2.1e-05,1.5e-05,0.02860822422606398,0.02191089132499602,0.01482510555861705,0.02857292224450049,0.02208102385296709,0.014423072393901493,2.174962108792317e-05,2.2371482298919748e-05,3.7752562802998236e-05,0,normal,-1
1687.0,2.1e-05,1.5e-05,0.028558707240307974,0.021869816581835125,0.014799931546705527,0.028823153923014082,0.02259630997899711,0.014515593987858328,2.173590865340702e-05,2.234636703809534e-05,3.7720496007305844e-05,0,normal,-1
1688.0,2.1e-05,1.5e-05,0.02851009646378447,0.021829495302533745,0.0147752169918621,0.028591731807295483,0.022326908893629874,0.01416379690466628,2.172243589520893e-05,2.2321688682520406e-05,3.768898792968098e-05,0,normal,-1
1689.0,2.1e-05,1.5e-05,0.028462376642990245,0.021789913126148665,0.014750954771505457,0.028660768916021807,0.022464870520962913,0.014142576569441904,2.1709201807564334e-05,2.2297437218325316e-05,3.76580308808492e-05,0,normal,-1
1690.0,2.1e-05,1.5e-05,0.028415531718832973,0.02175105820347713,0.014727136247850664,0.02832290461874126,0.02130034987934817,0.01368984514402914,2.1696199974571902e-05,2.2273608948031043e-05,3.762761518613513e-05,0,normal,-1
1691.0,2.1e-05,1.5e-05,0.028369545936770012,0.021712918795014132,0.01470375297941341,0.028478465534824804,0.021820488946211785,0.015138398360965125,2.168342427469659e-05,2.2250199996573293e-05,3.75977313668637e-05,0,normal,-1
1692.0,2.1e-05,1.5e-05,0.028324404055564585,0.021675482751805267,0.014680797075349606,0.028547278271843862,0.02207251384936462,0.015396472647155292,2.167087006853043e-05,2.2227204923233516e-05,3.7568370595887715e-05,0,normal,-1
1693.0,2.1e-05,1.5e-05,0.028280091331427514,0.02163873754753029,0.014658261172026819,0.028104026869089645,0.021994922340833136,0.014357786312539374,2.165853412547185e-05,2.2204616802695812e-05,3.753952467142218e-05,0,normal,-1
1694.0,2.1e-05,1.5e-05,0.028236593518017213,0.021602670278503103,0.014636138433024271,0.02759628621314706,0.02164266130519718,0.014491216558391817,2.1646414628140167e-05,2.2182427218630988e-05,3.7511186020627064e-05,0,normal,-1
1695.0,2.1e-05,1.5e-05,0.02819389685869496,0.021567267679873877,0.014614422537404487,0.028046625286157357,0.022232499610576408,0.014806579077075464,2.1634511137497203e-05,2.216062630213546e-05,3.748334768801998e-05,0,normal,-1
1696.0,2.1e-05,1.5e-05,0.028151987315592694,0.021532517780817537,0.014593106491996076,0.028795636661720164,0.021522950209958727,0.015111461843744504,2.1622820634233613e-05,2.2139207261147304e-05,3.745600181449588e-05,0,normal,-1
1697.0,2.1e-05,1.5e-05,0.028110850412404922,0.021498410295747127,0.014572182360990078,0.026930233204343165,0.02168478458852035,0.014495630644172095,2.1611336615761954e-05,2.2118167453199192e-05,3.7429139287737625e-05,0,normal,-1
1698.0,2.1e-05,1.5e-05,0.028070472164749803,0.021464934544135814,0.014551642735098343,0.027749243320302493,0.021679371943783526,0.014789736520500328,2.160005400963635e-05,2.209750273347499e-05,3.7402751626944304e-05,0,normal,-1
1699.0,2.1e-05,1.5e-05,0.02803083903844445,0.02143207951160428,0.014531480680484354,0.028029531829511147,0.02145802925765915,0.015046660293576286,2.1588969009653402e-05,2.2077207627769926e-05,3.737683092051017e-05,0,normal,-1
1700.0,2.1e-05,1.5e-05,0.027991937949504938,0.02139983384992071,0.014511689738763213,0.02727201927402048,0.021405331430202762,0.014219089962853053,2.15780790795157e-05,2.205727532718573e-05,3.7351369829033285e-05,0,normal,-1
1701.0,2.1e-05,1.5e-05,0.02795375626414629,0.021368185877000824,0.01449226392700165,0.028749948532547198,0.02203855482237529,0.014493493474365722,2.1567382956326866e-05,2.2037697683114304e-05,3.7326361588213826e-05,0,normal,-1
1702.0,2.1e-05,1.5e-05,0.02791628174405043,0.02133712369240786,0.014473197654161973,0.02782345726441109,0.021774101068056575,0.013992739454780564,2.1556880375036135e-05,2.201846552177021e-05,3.73017999039701e-05,0,normal,-1
1703.0,2.1e-05,1.5e-05,0.027879501610185292,0.021306637200470345,0.01445448426960614,0.028038176184842094,0.022279113368370233,0.014595052395528083,2.1546567220487492e-05,2.1999574218897977e-05,3.727767708309351e-05,0,normal,-1
1704.0,2.1e-05,1.5e-05,0.027843402974316697,0.021276717218421563,0.014436116710096807,0.027448981908407964,0.02129915316466918,0.013244279027220845,2.1536437688494005e-05,2.1981021247976497e-05,3.725398486437776e-05,0,normal,-1
1705.0,2.1e-05,1.5e-05,0.027807973402647793,0.021247354176250333,0.014418088409083986,0.02750261552424107,0.020869393815654308,0.014138276888897785,2.1526487339993617e-05,2.196280263687887e-05,3.7230715591733073e-05,0,normal,-1
1706.0,2.1e-05,1.5e-05,0.02777320086700732,0.0212185382083213,0.014400393227326554,0.027714389543884797,0.021035667740041022,0.014211070329603668,2.1516712874143002e-05,2.1944913221464807e-05,3.7207862127361205e-05,0,normal,-1
1707.0,2.1e-05,1.5e-05,0.02773907374484959,0.021190259153374916,0.014383025452892243,0.027500412450823308,0.02092678668302192,0.013763604837127564,2.1507112131223925e-05,2.192734664140858e-05,3.71854178541825e-05,0,normal,-1
1708.0,2.1e-05,1.5e-05,0.027705580819254498,0.021162506554527456,0.014365979801157646,0.027428684945414044,0.021632819450388155,0.01447338307701716,2.1497684095413635e-05,2.1910095336260325e-05,3.716337667817194e-05,0,normal,-1
1709.0,2.1e-05,1.5e-05,0.027672711220782287,0.02113526978198407,0.014349251325835382,0.02721103638107175,0.020642433180143322,0.013835915014663013,2.1488428600183768e-05,2.1893150883203042e-05,3.714173291545727e-05,0,normal,-1
1710.0,2.1e-05,1.5e-05,0.027640453538545766,0.021108539955742234,0.014332834037488735,0.027937475368597933,0.020626033499467105,0.013918037538553115,2.1479341707337754e-05,2.1876509328914455e-05,3.71204795052016e-05,0,normal,-1
1711.0,2.1e-05,1.5e-05,0.0276087962908794,0.021082308967478217,0.014316721614164103,0.026866088438523113,0.02101894758352904,0.014265174811099648,2.1470418082246848e-05,2.1860168479206247e-05,3.709960892708316e-05,0,normal,-1
1712.0,2.1e-05,1.5e-05,0.027577728409900776,0.0210565683516154,0.014300908188583138,0.028160884715449544,0.019778853802527467,0.014157076302173006,2.1461653646371536e-05,2.1844124808178854e-05,3.7079114221270255e-05,0,normal,-1
1713.0,2.1e-05,1.5e-05,0.027547239191752074,0.021031309379985354,0.0142853882765534,0.027732042146058525,0.02088281535833985,0.014863596489134458,2.1453045342438147e-05,2.182837372269418e-05,3.7058988897854334e-05,0,normal,-1
1714.0,2.1e-05,1.5e-05,0.02751731829660004,0.02100652306182784,0.014270156776968346,0.027398805923394488,0.02090452204817009,0.014679027959127447,2.144459113675124e-05,2.1812909559070653e-05,3.703922693880345e-05,0,normal,-1
1715.0,2.1e-05,1.5e-05,0.027487955748636,0.020982200143790798,0.014255208971807334,0.027784127270989317,0.019700134861310982,0.013781082197435332,2.143629002139657e-05,2.179772557996673e-05,3.701982279984081e-05,0,normal,-1
1716.0,2.1e-05,1.5e-05,0.027459141924571363,0.020958331134005043,0.01424054050858464,0.026793379648685424,0.021701610816088342,0.014059411536085004,2.142814195769853e-05,2.178281403893202e-05,3.7000771389449575e-05,0,normal,-1
1717.0,2.1e-05,1.5e-05,0.027430866861767985,0.020934907789204357,0.014226146327604263,0.027340561781548107,0.020573554766398088,0.014011507875450083,2.142014428553912e-05,2.1768170330915224e-05,3.698206667620427e-05,0,normal,-1
1718.0,2.1e-05,1.5e-05,0.027403120302673688,0.020911923069992556,0.014212020706764575,0.026848963950662354,0.021298298222026227,0.013931600186298373,2.141229186562554e-05,2.1753792858247013e-05,3.696370174518419e-05,0,normal,-1
1719.0,2.1e-05,1.5e-05,0.027375892379437584,0.02088936958918493,0.014198158355768707,0.027338399052130476,0.022052410771810763,0.014581364251160203,2.1404580764899964e-05,2.1739678742765608e-05,3.694567022002568e-05,0,normal,-1
1720.0,2.1e-05,1.5e-05,0.027349173549864096,0.020867239724957683,0.01418455432733488,0.027024243366652205,0.0207992299725398,0.013220201680899938,2.1397007966554335e-05,2.172582415018804e-05,3.6927966149265796e-05,0,normal,-1
1721.0,2.1e-05,1.5e-05,0.027322954597412942,0.020845525620847925,0.01417120401719639,0.026737922243229045,0.020331311180517554,0.014423626132674868,2.1389571371879807e-05,2.1712224287463393e-05,3.691058400791332e-05,0,normal,-1
1722.0,2.1e-05,1.5e-05,0.027297226631199146,0.020824219185753688,0.014158103164101625,0.026767307565261887,0.021170453083632565,0.013861476320783815,2.1382269802027653e-05,2.1698873400278842e-05,3.689351869895852e-05,0,normal,-1
1723.0,2.1e-05,1.5e-05,0.027271981085993047,0.02080331209393391,0.014145247849814047,0.027413817182870902,0.020893338238760464,0.013521613358936176,2.1375102999684493e-05,2.1685764770712473e-05,3.6876765554823585e-05,0,normal,-1
1724.0,2.1e-05,1.5e-05,0.027247209486094416,0.020782796287795707,0.014132634134513425,0.026858163893335413,0.020939051119047494,0.01385393247034652,2.136807040942711e-05,2.167289212843164e-05,3.686031986328729e-05,0,normal,-1
1725.0,2.1e-05,1.5e-05,0.027222902731908263,0.02076266554777625,0.014120256932873214,0.026597382853428792,0.02052813732010996,0.0144479215516468,2.1361167402312364e-05,2.1660254044859015e-05,3.684417540144664e-05,0,normal,-1
1726.0,2.1e-05,1.5e-05,0.027199051994637378,0.020742913551069032,0.014108111408671966,0.027243528324437796,0.020210861236247733,0.01413523831743802,2.1354389959587217e-05,2.1647848505608814e-05,3.682832625312893e-05,0,normal,-1
1727.0,2.1e-05,1.5e-05,0.027175648749085426,0.020723533737075802,0.014096193052306605,0.027356466052482892,0.020923987733876916,0.013578955604101946,2.134773495076852e-05,2.1635672562844398e-05,3.681276691125855e-05,0,normal,-1
1728.0,2.1e-05,1.5e-05,0.027152684760786732,0.020704519333571998,0.01408449766144293,0.027071404772252578,0.02049558639006911,0.013621886846599852,2.1341200070638745e-05,2.162372240725034e-05,3.679749225389959e-05,0,normal,-1
1729.0,2.1e-05,1.5e-05,0.027130152086006262,0.020685863356706764,0.014073021341015592,0.026463239813570096,0.020909335249951685,0.01453873707880443,2.1334783840664572e-05,2.1611993366006267e-05,3.6782497545470686e-05,0,normal,-1
1730.0,2.1e-05,1.5e-05,0.027108043071739654,0.02066755861100292,0.014061760503228118,0.02766342606425152,0.02040633063913929,0.014353244808828396,2.1328485610346483e-05,2.160047990088067e-05,3.676777843791143e-05,0,normal,-1
1731.0,2.1e-05,1.5e-05,0.027086350353984136,0.02064959769295626,0.01405071186491369,0.02704560971492484,0.019879784095337864,0.013678775299059129,2.132230554967546e-05,2.158917561664416e-05,3.675333096834996e-05,0,normal,-1
1732.0,2.1e-05,1.5e-05,0.02706506633393074,0.020631974113125714,0.014039871634794815,0.02776124721681423,0.020040439795220584,0.013884594435190424,2.131624192347001e-05,2.157807642607348e-05,3.673915049679162e-05,0,normal,-1
1733.0,2.1e-05,1.5e-05,0.02704418303871016,0.020614682645848457,0.014029235274906663,0.026976286751281577,0.02090257309452129,0.013465015883168636,2.131029027837509e-05,2.1567181519715568e-05,3.6725231392858194e-05,0,normal,-1
1734.0,2.1e-05,1.5e-05,0.02702369283164286,0.02059771773860414,0.01401879862967886,0.027475917615554433,0.02104197570853232,0.014545621460405996,2.1304447253367332e-05,2.1556488918690132e-05,3.671156851266459e-05,0,normal,-1
1735.0,2.1e-05,1.5e-05,0.027003588335459135,0.020581073645484702,0.014008557819500035,0.026159945865475542,0.020540802206193857,0.01361833872363422,2.1298710232835087e-05,2.15459958651474e-05,3.669815706069032e-05,0,normal,-1
1736.0,2.1e-05,1.5e-05,0.026983862432299097,0.02056474442719435,0.013998509240717818,0.026787616038748106,0.02026221852556522,0.014125435361281208,2.129307734773343e-05,2.1535698820591132e-05,3.6684992590760185e-05,0,normal,-1
1737.0,2.1e-05,1.5e-05,0.02696450826371271,0.020548723951049577,0.013988649565638833,0.026724807816290056,0.020532484444620358,0.01329288220562183,2.1287547476682754e-05,2.152559346430039e-05,3.66720710069855e-05,0,normal,-1
1738.0,2.1e-05,1.5e-05,0.026945519230659753,0.02053300589097916,0.013978975742528713,0.027813224642184834,0.020019023665616614,0.014112268677560543,2.1282120247012977e-05,2.151567469184622e-05,3.6659388564666834e-05,0,normal,-1
1739.0,2.1e-05,1.5e-05,0.02692688898619204,0.020517583742829776,0.013969484984397805,0.026627839081755728,0.020109399184186652,0.013908700569668433,2.1276795998203384e-05,2.1505936657248085e-05,3.6646941856450126e-05,0,normal,-1
1740.0,2.1e-05,1.5e-05,0.026908610861608423,0.020502452056417975,0.013960173876605654,0.026276091811923488,0.020514631656255528,0.013949596871663066,2.127157278454538e-05,2.1496376261977364e-05,3.66347266422054e-05,0,normal,-1
1741.0,2.1e-05,1.5e-05,0.026890677916423238,0.020487606375126387,0.013951038434437442,0.026608596002438922,0.021011524356941102,0.014563063214140902,2.1266446555663198e-05,2.1486992967531347e-05,3.662273792345333e-05,0,normal,-1
1742.0,2.1e-05,1.5e-05,0.026873083519544004,0.020473041919464564,0.013942075033551887,0.026482715602255614,0.02059285474053407,0.014714315206551132,2.1261414306127686e-05,2.1477785106611536e-05,3.661097116405971e-05,0,normal,-1
1743.0,2.1e-05,1.5e-05,0.02685582127166613,0.02045875373022427,0.013933280298733171,0.026827109762789448,0.02084103140016482,0.014786077854570921,2.1256473710075277e-05,2.1468750299285685e-05,3.6599422145159744e-05,0,normal,-1
1744.0,2.1e-05,1.5e-05,0.0268388850052729,0.020444736668479485,0.013924651103890946,0.02632699230811348,0.02035349661500645,0.014363802513504364,2.125162312211452e-05,2.1459885451651825e-05,3.658808696592195e-05,0,normal,-1
1745.0,2.1e-05,1.5e-05,0.026822268784635492,0.020430985415586394,0.013916184572060324,0.026330706883391036,0.02078759507148095,0.013524468193885312,2.124686157818787e-05,2.145118675458151e-05,3.6576962044280485e-05,0,normal,-1
1746.0,2.1e-05,1.5e-05,0.026805966905812963,0.02041749447318339,0.01390787807540189,0.027165802596795536,0.020240228647196865,0.014135503884529742,2.1242188796390357e-05,2.1442649682539302e-05,3.656604411763716e-05,0,normal,-1
1747.0,2.1e-05,1.5e-05,0.02678997389664692,0.020404258163202193,0.013899729235193519,0.025646129398614385,0.021240374594896822,0.013116590901307405,2.1237605177718793e-05,2.1434268992506104e-05,3.65553302435231e-05,0,normal,-1
1748.0,2.1e-05,1.5e-05,0.026774284102140503,0.0203912715149981,0.013891735277844871,0.027118007022954665,0.020556704639346595,0.01451555877652666,2.1233109641666766e-05,2.1426041246637393e-05,3.654481695318024e-05,0,normal,-1
1749.0,2.1e-05,1.5e-05,0.026758891448828762,0.020378530815474,0.013883892649932299,0.027226773613257614,0.020415814336612825,0.014125877537893624,2.122869831749261e-05,2.141796635790946e-05,3.653449974447702e-05,0,normal,-1
1750.0,2.1e-05,1.5e-05,0.026743790159699316,0.020366032024693934,0.013876198149307187,0.02720948015867841,0.02178964479388026,0.013973376143670703,2.122436836732015e-05,2.1410043117339038e-05,3.652437456929406e-05,0,normal,-1
1751.0,2.1e-05,1.5e-05,0.02672897466561811,0.020353770932381107,0.013868648800533573,0.02588681934418371,0.0214896952678331,0.014669962706254971,2.1220117579457374e-05,2.1402269655731727e-05,3.651443767040233e-05,0,normal,-1
1752.0,2.1e-05,1.5e-05,0.026714439605329404,0.02034174315791791,0.013861241854888146,0.025961000936310537,0.019832749138407504,0.014752843477304621,2.121594436911939e-05,2.1394643442590915e-05,3.650468558206243e-05,0,normal,-1
1753.0,2.1e-05,1.5e-05,0.026700179825455805,0.02032994415034592,0.013853974790360254,0.02662051306043829,0.02087838623988499,0.013868425978055482,2.1211847779115366e-05,2.1387161285091284e-05,3.64951151305987e-05,0,normal,-1
1754.0,2.1e-05,1.5e-05,0.026686190380498232,0.02031836918836588,0.013846845311651897,0.026699710290036316,0.021400025688653613,0.014122353763449608,2.1207827480500972e-05,2.137981932711458e-05,3.648572343494905e-05,0,normal,-1
1755.0,2.1e-05,1.5e-05,0.02667246653283593,0.020307013380337732,0.013839851350177727,0.02587411318021744,0.02050377666425311,0.013998441467576854,2.1203883773197135e-05,2.1372613048344404e-05,3.6476507907191255e-05,0,normal,-1
1756.0,2.1e-05,1.5e-05,0.026659003621904497,0.020295871942507038,0.013832990861441073,0.027198382186005687,0.01962535882328453,0.013345402996110178,2.1200016905163105e-05,2.1365538058234133e-05,3.6467465985960994e-05,0,normal,-1
1757.0,2.1e-05,1.5e-05,0.026645796418256845,0.02028494160936488,0.01382626080999886,0.02747607450931355,0.020039309795776127,0.013443297624734708,2.1196223646245513e-05,2.1358594106841883e-05,3.64585937983306e-05,0,normal,-1
1758.0,2.1e-05,1.5e-05,0.02663283983970098,0.020274219097526934,0.013819658282855501,0.026303901953469985,0.019739032133829566,0.012756849099166516,2.11925010383682e-05,2.1351780709389852e-05,3.6449887626674e-05,0,normal,-1
1759.0,2.1e-05,1.5e-05,0.026620129018690916,0.02026370090367002,0.013813180616494876,0.026432738541647266,0.02064129266980103,0.013070857919811192,2.1188846844983235e-05,2.134509660141539e-05,3.644134407659224e-05,0,normal,-1
1760.0,2.1e-05,1.5e-05,0.02660765927526786,0.020253383359609665,0.013806825355932284,0.02749383179071436,0.02066324833682702,0.014066529145384891,2.1185259414856588e-05,2.133853989652855e-05,3.6432960023426836e-05,0,normal,-1
1761.0,2.1e-05,1.5e-05,0.02659542611706021,0.02024326263230012,0.013800590254714452,0.026746505455755132,0.019762905924837714,0.013800994486175213,2.1181737682625918e-05,2.1332108085551013e-05,3.642473261271438e-05,0,normal,-1
1762.0,2.1e-05,1.5e-05,0.02658342523928355,0.020233334723834342,0.013794473274919537,0.02672723823549529,0.020606384614354958,0.013896242456953513,2.1178281169330253e-05,2.132579803570667e-05,3.641665926062157e-05,0,normal,-1
1763.0,2.1e-05,1.5e-05,0.02657165252474065,0.020223595471444006,0.013788472587157109,0.026654115994029746,0.01974627059963443,0.013378476547806788,2.1174889982912512e-05,2.1319605989861823e-05,3.6408737654361355e-05,0,normal,-1
1764.0,2.1e-05,1.5e-05,0.02656010404363898,0.020214040547881854,0.01378258657028763,0.025544984341612165,0.02042247719952977,0.01372267233675737,2.1171564817753014e-05,2.131352756691006e-05,3.6400965752220264e-05,0,normal,-1
1765.0,2.1e-05,1.5e-05,0.026548775636695325,0.020204666355301187,0.013776813162684034,0.026027612480509332,0.019920703579798336,0.0139623521123239,2.1168304768295234e-05,2.130756031789972e-05,3.639334092707233e-05,0,normal,-1
1766.0,2.1e-05,1.5e-05,0.026537662759681075,0.02019547039678575,0.013771149605161952,0.027186845554615667,0.020763116359518746,0.01347054577045336,2.116510644849259e-05,2.1301704771073422e-05,3.638585962624849e-05,0,normal,-1
1767.0,2.1e-05,1.5e-05,0.026526761134424554,0.020186449833947948,0.013765593471320038,0.025940861152377464,0.020145937719590334,0.014129284359856617,2.1161967483560303e-05,2.129596033535784e-05,3.637851873215519e-05,0,normal,-1
1768.0,2.1e-05,1.5e-05,0.02651606665343755,0.020177601665695388,0.013760142528971621,0.02705404951040463,0.020581771125138756,0.013892484880272903,2.1158886053244965e-05,2.1290325825244502e-05,3.637131537970924e-05,0,normal,-1
1769.0,2.1e-05,1.5e-05,0.02650557537991531,0.020168922728230863,0.013754794740144703,0.02681312925185172,0.019502563528297184,0.014412142415560193,2.1155860892286464e-05,2.1284799460048988e-05,3.6364246956702286e-05,0,normal,-1
1770.0,2.1e-05,1.5e-05,0.026495283547736552,0.02016040969505238,0.013749548261081964,0.026042899794133437,0.020725686198886012,0.013541340364801277,2.1152891290856397e-05,2.1279378863213995e-05,3.63573111041493e-05,0,normal,-1
1771.0,2.1e-05,1.5e-05,0.02648518756146345,0.020152059076953128,0.013744401442240756,0.026859935301041776,0.019605432579549942,0.014366832622040209,2.1149977094974196e-05,2.1274061061654502e-05,3.635050571662163e-05,0,normal,-1
1772.0,2.1e-05,1.5e-05,0.026475283996341643,0.020143867222021498,0.01373935282829311,0.026730807393392852,0.020315303046886828,0.013936115234632682,2.114711870690143e-05,2.1268842485142993e-05,3.6343828942565246e-05,0,normal,-1
1773.0,2.1e-05,1.5e-05,0.026465569580070212,0.020135830354252936,0.013734401129936121,0.027415951834548972,0.02081348206793895,0.013650249545674635,2.114431699057517e-05,2.1263719076679538e-05,3.63372791473137e-05,0,normal,-1
1774.0,2.1e-05,1.5e-05,0.026456040614294078,0.02012794582152217,0.01372954432064614,0.02653239864990896,0.020045212252557797,0.013866164389299388,2.1141570220848434e-05,2.1258689865790787e-05,3.6330853718269255e-05,0,normal,-1
1775.0,2.1e-05,1.5e-05,0.026446693236265976,0.020120211561771104,0.013724780033080506,0.026521183017553074,0.020729808519696025,0.013464450315829678,2.1138875410790464e-05,2.1253755426617536e-05,3.632454958867754e-05,0,normal,-1
1776.0,2.1e-05,1.5e-05,0.026437523815885794,0.020112625198542754,0.013720106196855804,0.02587676817312927,0.020178719654658537,0.013197646516944259,2.1136230485594483e-05,2.1248915316485045e-05,3.631836408145779e-05,0,normal,-1
1777.0,2.1e-05,1.5e-05,0.02642852887983733,0.020105184192293714,0.013715520924782473,0.02739133517659117,0.02065626737951326,0.013879336188391217,2.113363390358082e-05,2.1244168515403324e-05,3.631229475903082e-05,0,normal,-1
1778.0,2.1e-05,1.5e-05,0.026419705111588313,0.020097885840394156,0.0137110225128648,0.02531291093411379,0.020873876238190835,0.013425830296316825,2.113108465656663e-05,2.1239513425454303e-05,3.630633942360199e-05,0,normal,-1
1779.0,2.1e-05,1.5e-05,0.026411049351390378,0.02009072727712784,0.013706609440300927,0.026471152237793425,0.020415487080203864,0.01386561363069476,2.112858227021661e-05,2.1234947870215234e-05,3.630049611743138e-05,0,normal,-1
1780.0,2.1e-05,1.5e-05,0.026402558596279085,0.0200837054736921,0.01370228036948284,0.026585104798076773,0.02068251882998873,0.014449794998581528,2.1126126804375757e-05,2.123046909421712e-05,3.629476312309176e-05,0,normal,-1
1781.0,2.1e-05,1.5e-05,0.026394230000073914,0.020076817238197858,0.013698034145996386,0.026608935376637582,0.02120879169244492,0.013470926665120522,2.1123718853384453e-05,2.1226073762436005e-05,3.628913896371476e-05,0,normal,-1
1782.0,2.1e-05,1.5e-05,0.026386060839964545,0.020070059286804373,0.01369386974680943,0.02660935236603635,0.020758652142514416,0.013169428420384433,2.11213593715653e-05,2.122175816441519e-05,3.628362233458458e-05,0,normal,-1
1783.0,2.1e-05,1.5e-05,0.0263780479046076,0.020063429567470755,0.013689785323443697,0.02633843853547971,0.019581036210121777,0.014261256810117851,2.1119046436538024e-05,2.1217522009983145e-05,3.627821083550332e-05,0,normal,-1
1784.0,2.1e-05,1.5e-05,0.02637018789214891,0.02005692642396959,0.013685778814497188,0.027182310375660334,0.020276915328593458,0.013873983588401646,2.1116777311428032e-05,2.1213366021267225e-05,3.627290178174515e-05,0,normal,-1
1785.0,2.1e-05,1.5e-05,0.026362477712393674,0.020050547900027468,0.0136818484337831,0.026936962033669774,0.020212740801385767,0.013545019123130133,2.1114550113773438e-05,2.1209289962178654e-05,3.6267692850897474e-05,0,normal,-1
1786.0,2.1e-05,1.5e-05,0.02635491442053028,0.0200442918743018,0.013677992569858117,0.026849429281972592,0.01962836723004603,0.013686166654618382,2.111236347937412e-05,2.120529302960622e-05,3.626258195000764e-05,0,normal,-1
1787.0,2.1e-05,1.5e-05,0.0263474952171303,0.02003815606038084,0.013674209786022412,0.02756890182944132,0.01989645716548603,0.013858195846778897,2.111021656259186e-05,2.1201373852901242e-05,3.6257567215805075e-05,0,normal,-1
1788.0,2.1e-05,1.5e-05,0.026340217448148483,0.02003213800678368,0.013670498820319638,0.025992477813707875,0.01902349324541156,0.014706088862239283,2.1108109036635158e-05,2.119753049339305e-05,3.625264701491312e-05,0,normal,-1
1789.0,2.1e-05,1.5e-05,0.026333078604922767,0.020026235096960245,0.013666858585536937,0.02622674882277532,0.019189017961966662,0.013402822126528845,2.1106041093829248e-05,2.1193760443933753e-05,3.624781994405112e-05,0,normal,-1
1790.0,2.1e-05,1.5e-05,0.02632607632417428,0.020020444549291295,0.013663288169204937,0.02641807587446134,0.020362183821312475,0.014536249337469474,2.1104013445871735e-05,2.1190060628470593e-05,3.6243084830226914e-05,0,normal,-1
1791.0,2.1e-05,1.5e-05,0.026319208359851996,0.0200147634771812,0.01365978678987932,0.02564123090393839,0.01988730568976107,0.013629696309671714,2.1102027176382932e-05,2.1186427574688146e-05,3.623844067292932e-05,0,normal,-1
1792.0,2.1e-05,1.5e-05,0.026312471982260405,0.020009190189234017,0.013656352857450009,0.02691640992149081,0.01990635305007584,0.013131749249575511,2.1100080559207347e-05,2.1182861148073648e-05,3.623388539764304e-05,0,normal,-1
1793.0,2.1e-05,1.5e-05,0.02630586434355474,0.02000372342049387,0.013652984536138803,0.026094601129410103,0.01989259477116543,0.013614620471789428,2.10981709557401e-05,2.1179362334115895e-05,3.622941660219376e-05,1,sens_stuck,6
1794.0,2.1e-05,1.5e-05,0.026299382803000444,0.019998361592155494,0.013649680266629145,0.02635164240322237,0.01975881129779288,0.013614620471789428,2.1096296598322667e-05,2.1175931133826845e-05,3.62250322494431e-05,1,sens_stuck,6
1795.0,2.1e-05,1.5e-05,0.02629302485581214,0.0199931029576603,0.013646438657729095,0.026493084387201743,0.019607501049110368,0.013614620471789428,2.109445622693936e-05,2.1172566987324444e-05,3.622073052378651e-05,1,sens_stuck,6
1796.0,2.1e-05,1.5e-05,0.026286788133153625,0.019987945602696393,0.013643258486371346,0.026278386834285048,0.020318872874822716,0.013614620471789428,2.1092649089463734e-05,2.1169268773395806e-05,3.6216509831329254e-05,1,sens_stuck,6
1797.0,2.1e-05,1.5e-05,0.02628067040213787,0.019982887445198542,0.013640138697613215,0.025788658991358522,0.01989688754998118,0.013614620471789428,2.1090874941892256e-05,2.116603480908616e-05,3.621236880005421e-05,1,sens_stuck,6
1798.0,2.1e-05,1.5e-05,0.026274669565827018,0.01997792623534822,0.013637078404636646,0.026433775671797676,0.020633548441585884,0.013614620471789428,2.1089134048565827e-05,2.1162862849312706e-05,3.6208306279981645e-05,1,sens_stuck,6
1799.0,2.1e-05,1.5e-05,0.026268783663232393,0.019973059555573557,0.013634076888748209,0.025700442554466338,0.019435784475529537,0.013614620471789428,2.1087427182379527e-05,2.115975008650168e-05,3.620432134332137e-05,1,sens_stuck,6
1800.0,2.1e-05,1.5e-05,0.02626301085742613,0.019968284845952426,0.013631133580906863,0.02627681867771032,0.020270564525931494,0.013614620471789428,2.10857555625216e-05,2.1156693223485995e-05,3.6200413260088956e-05,1,sens_stuck,6
1801.0,2.1e-05,1.5e-05,0.02625734888770379,0.01996360058862511,0.013628247205318682,0.02604800158955016,0.0203634322631649,0.013614620471789428,2.1084117953106914e-05,2.1153691880371608e-05,3.6196580360925364e-05,1,sens_stuck,6
1802.0,2.1e-05,1.5e-05,0.026251795272586868,0.019959005889294824,0.01362541608895827,0.02654350481337598,0.01982245154235133,0.013614620471789428,2.1082511703321397e-05,2.115074738105894e-05,3.619282044771132e-05,1,sens_stuck,6
1803.0,2.1e-05,1.5e-05,0.026246347745179012,0.019954499505217875,0.01362263885343657,0.02651172207718513,0.019547827499611977,0.013614620471789428,2.108093510461372e-05,2.114785997581356e-05,3.6189131712320557e-05,1,sens_stuck,6
1804.0,2.1e-05,1.5e-05,0.02624100416663537,0.01995008002312437,0.013619914283141391,0.02609383069278489,0.020512001714497328,0.013614620471789428,2.1079386948022685e-05,2.1145029357900586e-05,3.618551256169584e-05,1,sens_stuck,6
1805.0,2.1e-05,1.5e-05,0.02623576252616258,0.01994574585921822,0.013617241325237383,0.026547692645879934,0.020417014169584212,0.013614620471789428,2.1077866524380832e-05,2.1142254663212595e-05,3.618196161798959e-05,1,sens_stuck,6
1806.0,2.1e-05,1.5e-05,0.026230620941018797,0.019941495259177155,0.013614619089666054,0.026575670906816354,0.02041733934630128,0.013614620471789428,2.107637362450758e-05,2.1139534469919344e-05,3.617847771869782e-05,1,sens_stuck,6
1807.0,2.1e-05,1.5e-05,0.02622557765651366,0.019937326298152702,0.01361204684914577,0.026550959227065133,0.02034556518320447,0.013614620471789428,2.1074908539392315e-05,2.1136866798138686e-05,3.617505991678765e-05,1,sens_stuck,6
1808.0,2.1e-05,1.5e-05,0.026220631046008313,0.019933236880770196,0.013609524039171745,0.02549583274227476,0.020144582967911454,0.013614620471789428,2.1073472060367714e-05,2.113424910962729e-05,3.617170748081839e-05,1,sens_stuck,6
1809.0,2.1e-05,1.5e-05,0.026215779610311997,0.01992922474241847,0.013607050257078231,0.02493094324352546,0.01982818212096896,0.013614620471789428,2.107206547610024e-05,2.1131678311212098e-05,3.61684198938105e-05,1,sens_stuck,6
1810.0,2.1e-05,1.5e-05,0.026211021547155485,0.019925288379342477,0.013604624589222243,0.026173185541971733,0.02064502004487758,0.013614620471789428,2.1070688292245424e-05,2.1129153433674817e-05,3.6165195959079885e-05,1,sens_stuck,6
1811.0,2.1e-05,1.5e-05,0.026206354672683008,0.019921427236703676,0.013602245481290942,0.025074820950420525,0.020901607301907116,0.013614620471789428,2.1069337784042766e-05,2.1126676164231614e-05,3.616203362755403e-05,1,sens_stuck,6
1812.0,2.1e-05,1.5e-05,0.026201777030299297,0.019917640369733626,0.013599911698370725,0.026353218578686114,0.020479901866013426,0.013614620471789428,2.1068012260511774e-05,2.1124247004703017e-05,3.615893127372496e-05,1,sens_stuck,6
1813.0,2.1e-05,1.5e-05,0.026197286784842642,0.019913926660479687,0.0135976221639689,0.025434190929303747,0.020801540914035934,0.013614620471789428,2.1066710524047277e-05,2.1121865902366438e-05,3.6155887481842324e-05,1,sens_stuck,6
1814.0,2.1e-05,1.5e-05,0.026192882222584906,0.019910284817805046,0.013595375960013683,0.026402034522084124,0.019093013696816562,0.013614620471789428,2.1065431870588627e-05,2.1119532249638473e-05,3.615290104602666e-05,1,sens_stuck,6
1815.0,2.1e-05,1.5e-05,0.02618856175123151,0.019906713377388693,0.013593172326854204,0.025595809275221364,0.019926650067591443,0.013614620471789428,2.106417608978015e-05,2.1117244883775727e-05,3.6149970970377135e-05,1,sens_stuck,6
1816.0,2.1e-05,1.5e-05,0.026184323899921445,0.019903210701725443,0.013591010663260496,0.025158356288415215,0.01970095875550443,0.013614620471789428,2.1062943465123293e-05,2.1115002086593695e-05,3.614709646907394e-05,1,sens_stuck,6
1817.0,2.1e-05,1.5e-05,0.02618016731922726,0.019899774980125916,0.013588890526423508,0.025169450810839482,0.01936675736461826,0.013614620471789428,2.1061734774120722e-05,2.1112801584202617e-05,3.6144276966475665e-05,1,sens_stuck,6
1818.0,2.1e-05,1.5e-05,0.02617609078115507,0.019896404228716552,0.013586811631955098,0.02626813065949091,0.018869048682015555,0.013614620471789428,2.106055128841212e-05,2.111064054675876e-05,3.6141512097211693e-05,1,sens_stuck,6
1819.0,2.1e-05,1.5e-05,0.02617209291394186,0.019893096863395698,0.013584773439376719,0.02513481322486044,0.020313308023194837,0.013614620471789428,2.105939336833273e-05,2.1108517240329992e-05,3.6138801154919334e-05,1,sens_stuck,6
1820.0,2.1e-05,1.5e-05,0.026168171797847365,0.019889852587940147,0.013582774514756462,0.026461943638802877,0.020368174410331088,0.013614620471789428,2.1058258295361625e-05,2.1106433579956373e-05,3.613614224429134e-05,1,sens_stuck,6
1821.0,2.1e-05,1.5e-05,0.026164325727786222,0.01988667073282172,0.01358081372758213,0.0262643535694474,0.019499583508053992,0.013614620471789428,2.1057144336408316e-05,2.1104390348789577e-05,3.6133533872876186e-05,1,sens_stuck,6
1822.0,2.1e-05,1.5e-05,0.026160553119702303,0.01988355044189606,0.01357889011018612,0.026869659088087146,0.01966277972670051,0.013614620471789428,2.105605027394289e-05,2.110238774521349e-05,3.613097476422513e-05,1,sens_stuck,6
1823.0,2.1e-05,1.5e-05,0.02615685250550257,0.0198804906832248,0.013577002849872743,0.026832813703870105,0.01950025179914128,0.013614620471789428,2.1054975379494595e-05,2.110042541384705e-05,3.612846384751317e-05,1,sens_stuck,6
1824.0,2.1e-05,1.5e-05,0.02615322253305709,0.01987749024907555,0.013575151288918228,0.0268854857136642,0.019402795058332818,0.013614620471789428,2.105391941378574e-05,2.1098502445288195e-05,3.612600025762637e-05,1,sens_stuck,6
1825.0,2.1e-05,1.5e-05,0.026149661966199004,0.019874547755921883,0.013573334924570718,0.025552842990670777,0.01978948257689245,0.013614620471789428,2.1052882626858812e-05,2.1096617375873212e-05,3.6123583335244854e-05,1,sens_stuck,6
1826.0,2.1e-05,1.5e-05,0.026146169684724573,0.01987166164444337,0.013571553409050275,0.025913278097266165,0.020918401168184955,0.013614620471789428,2.1051865758196872e-05,2.1094768187450772e-05,3.612121262692153e-05,1,sens_stuck,6
1827.0,2.1e-05,1.5e-05,0.02614274468439313,0.019868830179525544,0.013569806549548874,0.026532959926715248,0.01973288346391307,0.013614620471789428,2.105087003683713e-05,2.1092952307169148e-05,3.6118887885156845e-05,1,sens_stuck,6
1828.0,2.1e-05,1.5e-05,0.02613938594645814,0.01986605173211625,0.013568094104283822,0.025880171833549525,0.019976930706227657,0.013614620471789428,2.104989648970741e-05,2.1091167420725197e-05,3.6116608797029076e-05,1,sens_stuck,6
1829.0,2.1e-05,1.5e-05,0.0261360918419748,0.019863326077440832,0.01356641484708542,0.026197427259924147,0.020022761710992463,0.013614620471789428,2.1048942763962352e-05,2.1089415212908666e-05,3.611437373912357e-05,1,sens_stuck,6
1830.0,2.1e-05,1.5e-05,0.02613286085431394,0.019860652829606636,0.013564767698368261,0.02545286729182052,0.019728260183828568,0.013614620471789428,2.104800696505791e-05,2.1087696853607055e-05,3.6112181282577324e-05,1,sens_stuck,6
1831.0,2.1e-05,1.5e-05,0.026129691606098848,0.01985803136513066,0.013563151773977515,0.02637802796621417,0.020152590160250738,0.013614620471789428,2.1047087830387962e-05,2.1086012787682952e-05,3.6110030258179654e-05,1,sens_stuck,6
1832.0,2.1e-05,1.5e-05,0.026126582831460434,0.019855460882128577,0.013561566342096158,0.026136896210789066,0.01986651358509637,0.013614620471789428,2.104618458355832e-05,2.1084362905991963e-05,3.610791969909704e-05,1,sens_stuck,6
1833.0,2.1e-05,1.5e-05,0.026123533376037213,0.01985294040031473,0.013560010823244966,0.025570397291233546,0.020138022330715932,0.013614620471789428,2.104529693449894e-05,2.1082746545163215e-05,3.610584884094438e-05,1,sens_stuck,6
1834.0,2.1e-05,1.5e-05,0.026120542196975308,0.019850468761002125,0.013558484790282526,0.026770507248589873,0.019737972725765558,0.013614620471789428,2.1044425079570546e-05,2.1081162487393024e-05,3.610381712185267e-05,1,sens_stuck,6
1835.0,2.1e-05,1.5e-05,0.026117608362928455,0.019848044627102452,0.013556987968405227,0.025530500955184564,0.019299811797083864,0.013614620471789428,2.104356970166569e-05,2.1079608960251195e-05,3.610182418253324e-05,1,sens_stuck,6
1836.0,2.1e-05,1.5e-05,0.026114731054058007,0.01984566648312606,0.01355552023514726,0.026400881997983648,0.019879981628047518,0.013614620471789428,2.1042731970304263e-05,2.1078083636498806e-05,3.6099869866338676e-05,1,sens_stuck,6
1837.0,2.1e-05,1.5e-05,0.026111909519116384,0.01984333272787652,0.013554081553291278,0.026680447626395747,0.02011993221664665,0.013614620471789428,2.1041913314117945e-05,2.1076583901650307e-05,3.609795412998245e-05,1,sens_stuck,6
1838.0,2.1e-05,1.5e-05,0.02610914245684317,0.01984104301871252,0.013552671000797318,0.026088540657173247,0.019313719918067643,0.013614620471789428,2.104111212635977e-05,2.1075110732078885e-05,3.60960757517303e-05,1,sens_stuck,6
1839.0,2.1e-05,1.5e-05,0.026106428488311868,0.01983879725426712,0.013551287508019328,0.02606335890193853,0.019099376615151438,0.013614620471789428,2.1040326264653042e-05,2.1073665756032432e-05,3.609423331289864e-05,1,sens_stuck,6
1840.0,2.1e-05,1.5e-05,0.026103766405557886,0.019836595018017572,0.013549930253517181,0.02662726154446227,0.019956608821485956,0.013614620471789428,2.1039554402238357e-05,2.1072249657931438e-05,3.6092425724972195e-05,1,sens_stuck,6
1841.0,2.1e-05,1.5e-05,0.02610115510847686,0.019834435712580784,0.013548598566150672,0.02678738963311612,0.019739970182728522,0.013614620471789428,2.1038795696781973e-05,2.1070862567219494e-05,3.6090652099298416e-05,1,sens_stuck,6
1842.0,2.1e-05,1.5e-05,0.02609859360482463,0.019832318559713315,0.01354729192507952,0.026055342839897473,0.019722796359162294,0.013614620471789428,2.1038049790470182e-05,2.1069504058175036e-05,3.6088911747146034e-05,1,sens_stuck,6
1843.0,2.1e-05,1.5e-05,0.026096081010217258,0.019830242600311382,0.01354600995976337,0.02576613578962959,0.019675129164361097,0.013614620471789428,2.103731681009895e-05,2.1068173149734343e-05,3.6087204179760605e-05,1,sens_stuck,6
1844.0,2.1e-05,1.5e-05,0.02609361654813101,0.01982820669441085,0.013544752449961794,0.02550949320243838,0.019388562738687685,0.013614620471789428,2.1036597367159034e-05,2.1066868305325442e-05,3.608552910841723e-05,1,sens_stuck,6
1845.0,2.1e-05,1.5e-05,0.026091199549902376,0.01982620952118724,0.013543519325734285,0.02573895558919796,0.02063428261478936,0.013614620471789428,2.1035892557916517e-05,2.1065587432711983e-05,3.6083886444470514e-05,1,sens_stuck,6
1846.0,2.1e-05,1.5e-05,0.026088829450974942,0.019824249587058872,0.013542310661573454,0.026871135585250255,0.018674990983959527,0.013614620471789428,2.1035203943582763e-05,2.1064327907267447e-05,3.6082276291585996e-05,1,sens_stuck,6
1847.0,2.1e-05,1.5e-05,0.02608650530443182,0.01982232628142481,0.013541125913950148,0.025170342300498406,0.019801916813918862,0.013614620471789428,2.1034530961089463e-05,2.1063089620363632e-05,3.608069792999215e-05,1,sens_stuck,6
1848.0,2.1e-05,1.5e-05,0.026084225836789675,0.01982043976475091,0.013539964005301993,0.025722853852696622,0.019726071237124443,0.013614620471789428,2.1033871204327606e-05,2.1061874651640008e-05,3.6079149928202616e-05,1,sens_stuck,6
1849.0,2.1e-05,1.5e-05,0.02608198997851625,0.019818589804401772,0.013538824160213377,0.025361796694702152,0.020113756445231147,0.013614620471789428,2.1033223269343524e-05,2.106068391530329e-05,3.607763125697963e-05,1,sens_stuck,6
1850.0,2.1e-05,1.5e-05,0.02607979676486857,0.019816775984801433,0.013537705751858958,0.02558006919506813,0.020000120867958143,0.013614620471789428,2.103258623511864e-05,2.1059517769720964e-05,3.607614108482525e-05,1,sens_stuck,6
1851.0,2.1e-05,1.5e-05,0.026077645335892945,0.019814997707433387,0.013536608302003659,0.026113197456850614,0.01996136834513145,0.013614620471789428,2.1031959663648927e-05,2.1058376017260034e-05,3.607467877802972e-05,1,sens_stuck,6
1852.0,2.1e-05,1.5e-05,0.026075534936424977,0.019813254190840575,0.013535531481002673,0.02601917447193936,0.019255501270844955,0.013614620471789428,2.1031343600020363e-05,2.105725790413535e-05,3.607324390071726e-05,1,sens_stuck,6
1853.0,2.1e-05,1.5e-05,0.02607346491608955,0.019811544470625397,0.013534475107801461,0.02584549759269633,0.019221887632893005,0.013614620471789428,2.1030738572480616e-05,2.1056162120267314e-05,3.607183621488955e-05,1,sens_stuck,6
1854.0,2.1e-05,1.5e-05,0.026071434729300836,0.019809867399449708,0.01353343914993575,0.0260928217073709,0.020056161379861815,0.013614620471789428,2.103014559250708e-05,2.105508679914832e-05,3.6070455680466856e-05,1,sens_stuck,6
1855.0,2.1e-05,1.5e-05,0.026069443935262296,0.0198082216470348,0.01353242372353154,0.02615835449666558,0.019622237113575792,0.013614620471789428,2.1029566154870728e-05,2.105402951771661e-05,3.606910245532699e-05,1,sens_stuck,6
1856.0,2.1e-05,1.5e-05,0.026067491930464804,0.019806606280584685,0.013531428674024033,0.025257155411743257,0.019712485430062748,0.013614620471789428,2.1029000813693756e-05,2.105298897322164e-05,3.606777633654898e-05,1,sens_stuck,6
1857.0,2.1e-05,1.5e-05,0.026065577550465693,0.01980502163627683,0.013530452949202873,0.026116451369741746,0.02031753657446211,0.013614620471789428,2.1028447049912835e-05,2.105196749725326e-05,3.606647592474854e-05,1,sens_stuck,6
1858.0,2.1e-05,1.5e-05,0.0260636998334603,0.019803467655543878,0.013529495798528662,0.025652210004528123,0.020037008265918043,0.013614620471789428,2.1027903347471256e-05,2.105096625346919e-05,3.6065200222360455e-05,1,sens_stuck,6
1859.0,2.1e-05,1.5e-05,0.026061857924691872,0.01980194408468057,0.013528556626183524,0.02571419079810339,0.018968819667402735,0.013614620471789428,2.1027368697668242e-05,2.1049985818725945e-05,3.606394843785178e-05,1,sens_stuck,6
1860.0,2.1e-05,1.5e-05,0.02606005107155447,0.019800450485409994,0.013527634983417433,0.025747371489241812,0.0203443459023683,0.013614620471789428,2.1026842573257562e-05,2.1049026213503053e-05,3.6062719975561816e-05,1,sens_stuck,6
1861.0,2.1e-05,1.5e-05,0.026058278623592987,0.0197989862348836,0.013526730568548214,0.02539716781817844,0.01953402275831923,0.013614620471789428,2.102632492851096e-05,2.1048086901773303e-05,3.606151443574005e-05,1,sens_stuck,6
1862.0,2.1e-05,1.5e-05,0.026056540032503125,0.019797550525681204,0.013525843226961548,0.025109417266616172,0.019623459638316635,0.013614620471789428,2.102581619927859e-05,2.1047166790881064e-05,3.60603316145821e-05,1,sens_stuck,6
1863.0,2.1e-05,1.5e-05,0.026054834852131423,0.019796142365810974,0.013524972951110964,0.02596954060314643,0.01968639810341972,0.013614620471789428,2.1025317303046484e-05,2.104626423142813e-05,3.605917150426374e-05,1,sens_stuck,6
1864.0,2.1e-05,1.5e-05,0.026053162738475237,0.019794760578709443,0.013524119880517846,0.026263317849410356,0.020879083595414814,0.013614620471789428,2.1024829638990598e-05,2.1045377017166238e-05,3.605803429297311e-05,1,sens_stuck,6
1865.0,2.1e-05,1.5e-05,0.02605152333706323,0.01979340404758358,0.013523284125235647,0.025781165558870618,0.02024027935165696,0.013614620471789428,2.1024354488414782e-05,2.104450309119413e-05,3.6056920129593776e-05,1,sens_stuck,6
1866.0,2.1e-05,1.5e-05,0.02604991567257888,0.019792073045212258,0.013522464807003082,0.025340058464412073,0.020733728823774666,0.013614620471789428,2.1023889755612766e-05,2.1043644386873452e-05,3.605582784537976e-05,1,sens_stuck,6
1867.0,2.1e-05,1.5e-05,0.026048338845825553,0.01979076772011899,0.013521661152330533,0.02620566641422031,0.019970755230940714,0.013614620471789428,2.1023433681273522e-05,2.1042802453476446e-05,3.605475641108608e-05,1,sens_stuck,6
1868.0,2.1e-05,1.5e-05,0.02604679209057482,0.019789487963679984,0.013520872585128466,0.026648721858397423,0.019789430535952984,0.013614620471789428,2.102298516126661e-05,2.1041978077591727e-05,3.6053705060493864e-05,1,sens_stuck,6
1869.0,2.1e-05,1.5e-05,0.026045274740526238,0.019788233481341715,0.013520098675088224,0.025975629865867555,0.020321116939631574,0.013614620471789428,2.1022543571573853e-05,2.104117148913759e-05,3.605267322162993e-05,1,sens_stuck,6
1870.0,2.1e-05,1.5e-05,0.02604378622930733,0.019787003792620925,0.01351933913768203,0.02690059391393665,0.0199231909958952,0.013614620471789428,2.1022108768342775e-05,2.104038236125104e-05,3.6051660516798325e-05,1,sens_stuck,6
1871.0,2.1e-05,1.5e-05,0.02604232609047359,0.019785798231104625,0.013518593834162984,0.025866899957649906,0.01971448324342128,0.013614620471789428,2.102168108793749e-05,2.1039609810183787e-05,3.6050666762610106e-05,1,sens_stuck,6
1872.0,2.1e-05,1.5e-05,0.0260408939575085,0.019784615944450103,0.013517862771565062,0.026159370273261467,0.019370646171529834,0.013614620471789428,2.102126134698726e-05,2.1038852395204836e-05,3.6049691970011645e-05,1,sens_stuck,6
1873.0,2.1e-05,1.5e-05,0.026039489563823497,0.019783455894384905,0.013517146102703124,0.025961605495823395,0.020264250471251025,0.013614620471789428,2.10208508424323e-05,2.103810811850884e-05,3.6048736344311335e-05,1,sens_stuck,6
1874.0,2.1e-05,1.5e-05,0.026038112714471484,0.019782316918068032,0.013516444081830885,0.026420686259270673,0.020398037701718597,0.013614620471789428,2.102045120095115e-05,2.1037374602575822e-05,3.6047800226075625e-05,1,sens_stuck,6
1875.0,2.1e-05,1.5e-05,0.02603676268961018,0.019781199025984016,0.013515756128080397,0.02625810080620745,0.019681435979254498,0.013614620471789428,2.102006119613459e-05,2.1036652841284623e-05,3.604688284222914e-05,1,sens_stuck,6
1876.0,2.1e-05,1.5e-05,0.026035438622322066,0.019780102584696216,0.01351508141682412,0.02648791124612126,0.017818909504780912,0.013614620471789428,2.101967875609875e-05,2.103594483566502e-05,3.6045983094522995e-05,1,sens_stuck,6
1877.0,2.1e-05,1.5e-05,0.02603413981655425,0.01977902761703202,0.013514419381795529,0.026106150523575743,0.020055694902694755,0.013614620471789428,2.101930267341555e-05,2.1035251576133428e-05,3.6045100229116556e-05,1,sens_stuck,6
1878.0,2.1e-05,1.5e-05,0.02603286567439724,0.01977797395857172,0.013513769601557465,0.026485429734074615,0.01924073046350135,0.013614620471789428,2.1018932220076934e-05,2.1034573495667336e-05,3.6044233685217e-05,1,sens_stuck,6
1879.0,2.1e-05,1.5e-05,0.026031615696084986,0.01977694125764848,0.01351313179950213,0.026489174816970062,0.01937752025770841,0.013614620471789428,2.1018567147539985e-05,2.1033910469710407e-05,3.6043383095105484e-05,1,sens_stuck,6
1880.0,2.1e-05,1.5e-05,0.02603038947999484,0.019775928975348373,0.013512505843851087,0.025925748143809837,0.01946425794831731,0.013614620471789428,2.1018207686769805e-05,2.1033261816083502e-05,3.6042548284162095e-05,1,sens_stuck,6
1881.0,2.1e-05,1.5e-05,0.026029186722647583,0.01977493638551035,0.013511891747655264,0.025807470858741764,0.01994945400955341,0.013614620471789428,2.1017854548280546e-05,2.103262629490146e-05,3.6041729270889346e-05,1,sens_stuck,6
1882.0,2.1e-05,1.5e-05,0.02602800721870742,0.019773962574726255,0.013511289668794954,0.025064719105613396,0.02037085101952412,0.013614620471789428,2.101750892217433e-05,2.1032002108495037e-05,3.6040926266934505e-05,1,sens_stuck,6
1883.0,2.1e-05,1.5e-05,0.02602685086067605,0.019773006443004264,0.01351069990950026,0.02659020084221476,0.019247754794192058,0.013614620471789428,2.1017172476548633e-05,2.1031386903256163e-05,3.604013967647096e-05,1,sens_stuck,6
1884.0,2.1e-05,1.5e-05,0.026025717222130325,0.019772067610051722,0.013510122262142255,0.02616191782140079,0.02092290213234465,0.013614620471789428,2.1016845134328222e-05,2.1030780390026933e-05,3.603936922363975e-05,1,sens_stuck,6
1885.0,2.1e-05,1.5e-05,0.026024605457655434,0.01977114663749047,0.013509555850422185,0.02556896672436469,0.0202345919881281,0.013614620471789428,2.1016524531565436e-05,2.103018498426029e-05,3.603861374065168e-05,1,sens_stuck,6
1886.0,2.1e-05,1.5e-05,0.026023514925843774,0.01977024366822886,0.013509000109456333,0.026299355654702247,0.020091940383887803,0.013614620471789428,2.1016209350590713e-05,2.102960187552825e-05,3.603787247497989e-05,1,sens_stuck,6
1887.0,2.1e-05,1.5e-05,0.026022445082029083,0.019769358656617615,0.013508454618541495,0.026889122432349845,0.019385971185134288,0.013614620471789428,2.1015898753078888e-05,2.1029031694716535e-05,3.603714486633677e-05,1,sens_stuck,6
1888.0,2.1e-05,1.5e-05,0.026021395478286434,0.019768491368449815,0.01350791910115497,0.026315675322906247,0.020140162030789523,0.013614620471789428,2.101559238008722e-05,2.1028474513943457e-05,3.603643054669589e-05,1,sens_stuck,6
1889.0,2.1e-05,1.5e-05,0.026020365763432245,0.01976764138096091,0.013507393424954564,0.02637987792500087,0.01976485117610447,0.013614620471789428,2.1015290352091624e-05,2.1027929846483706e-05,3.603572934031282e-05,1,sens_stuck,6
1890.0,2.1e-05,1.5e-05,0.026019355683024274,0.019766808082828716,0.013506877601778593,0.026567218644342014,0.020934307346468724,0.013614620471789428,2.101499326902135e-05,2.1027396646697194e-05,3.60350412637448e-05,1,sens_stuck,6
1891.0,2.1e-05,1.5e-05,0.026018365079361616,0.01976599067417341,0.013506371787645877,0.026242505261416457,0.020645465698701085,0.013614620471789428,2.1014702210292046e-05,2.1026873309962484e-05,3.603436652586943e-05,1,sens_stuck,6
1892.0,2.1e-05,1.5e-05,0.026017393891484705,0.019765188166557538,0.01350587628275574,0.026575772316658086,0.0199099743500659,0.013614620471789428,2.10144187348367e-05,2.102635767261388e-05,3.6033705527902226e-05,1,sens_stuck,6
1893.0,2.1e-05,1.5e-05,0.026016441953592446,0.019764399821339523,0.013505391215027116,0.025730761091522746,0.02013724474505319,0.013614620471789428,2.101414380566785e-05,2.1025848279702245e-05,3.6033058441246375e-05,1,sens_stuck,6
1894.0,2.1e-05,1.5e-05,0.026015508489937517,0.01976362625157806,0.01350491574582749,0.025925536397435955,0.01901174226399599,0.013614620471789428,2.1013875089088287e-05,2.1025347570068236e-05,3.603242414787497e-05,1,sens_stuck,6
1895.0,2.1e-05,1.5e-05,0.026014592888238118,0.01976286773763221,0.01350444928505707,0.025253611868850785,0.020297626823727277,0.01386757802932696,2.1013611085141856e-05,2.1024857006464686e-05,3.603180186122832e-05,0,normal,-1
1896.0,2.1e-05,1.5e-05,0.026013694644561238,0.01976212434249608,0.013503991406288,0.02585386363182649,0.019752964454736233,0.013452996794617169,2.101335084120251e-05,2.102437741171541e-05,3.603119101303363e-05,0,normal,-1
1897.0,2.1e-05,1.5e-05,0.02601281335054918,0.019761395939489383,0.01350354182674337,0.025919693235062446,0.019556993642120227,0.01275817203602585,2.1013093884004222e-05,2.1023909048782445e-05,3.6030591226615394e-05,0,normal,-1
1898.0,2.1e-05,1.5e-05,0.026011948693419537,0.01976068221225746,0.013503100407297231,0.025791478142538776,0.019892456669925115,0.013250762885525125,2.1012840219671397e-05,2.102345162070089e-05,3.6030002316912794e-05,0,normal,-1
1899.0,2.1e-05,1.5e-05,0.026011100455965212,0.019759982654771246,0.013502667152474578,0.02586906671809272,0.020138964346852698,0.013437205979362642,2.1012590333748293e-05,2.1023004270518006e-05,3.602942429049625e-05,0,normal,-1
1900.0,2.1e-05,1.5e-05,0.026010268516554413,0.019759296571327307,0.013502242210451355,0.02515655830692838,0.020205811200927834,0.01350044795933362,2.101234519122701e-05,2.1022565581236514e-05,3.602885734558304e-05,0,normal,-1
1901.0,2.1e-05,1.5e-05,0.026009452849130647,0.01975862307654781,0.013501825873054468,0.025978614535745407,0.019162699231929325,0.013877360835090401,2.1012106236573976e-05,2.1022133575761088e-05,3.602830187205207e-05,0,normal,-1
1902.0,2.1e-05,1.5e-05,0.02600865345121765,0.019757961251931657,0.013501418462731174,0.026514957499444734,0.019033619269662023,0.013535095664177325,2.101187500962178e-05,2.1021706169738188e-05,3.6027758300649926e-05,0,normal,-1
1903.0,2.1e-05,1.5e-05,0.026007869714655095,0.019757311516710615,0.013501019343673067,0.026456256398414344,0.01961783641530944,0.014702656803015544,2.1011649783803616e-05,2.1021285135928016e-05,3.602722578359374e-05,0,normal,-1
1904.0,2.1e-05,1.5e-05,0.02600710102345434,0.019756674327841818,0.013500627860406242,0.02596181638294105,0.01985689711765844,0.013542204643626763,2.1011428755905765e-05,2.102087234364715e-05,3.6026703446800894e-05,0,normal,-1
1905.0,2.1e-05,1.5e-05,0.026006346904220767,0.01975604984769538,0.013500243575873103,0.026374474893934272,0.0189516511781821,0.013324759526902557,2.1011210857456576e-05,2.102046880046568e-05,3.602619070755731e-05,0,normal,-1
1906.0,2.1e-05,1.5e-05,0.02600560697807786,0.01975543804820852,0.013499866196096734,0.025896734158686655,0.019974611638072723,0.013530005682980522,2.1010995498893694e-05,2.102007495368082e-05,3.6025687174019986e-05,0,normal,-1
1907.0,2.1e-05,1.5e-05,0.026004880960667196,0.01975483871088555,0.01349949557018089,0.02631152257002888,0.019939761544697662,0.01292849896796488,2.101078256958977e-05,2.1019690690261156e-05,3.6025192645231623e-05,0,normal,-1
1908.0,2.1e-05,1.5e-05,0.026004168662148462,0.019754251426797886,0.013499131690310012,0.026219572591105713,0.019041253741638658,0.013780297756351898,2.1010572437877123e-05,2.1019315336794667e-05,3.602470711113449e-05,0,normal,-1
1909.0,2.1e-05,1.5e-05,0.026003469987199435,0.019753675596584034,0.013498774691749203,0.02595554408378765,0.02022418604769746,0.013632083348643539,2.1010365951071557e-05,2.101894765944037e-05,3.602423075258353e-05,0,normal,-1
1910.0,2.1e-05,1.5e-05,0.026002784935015982,0.01975311043044961,0.013498424852844252,0.02509577571101192,0.01919453188340647,0.013627716643895832,2.1010164435494833e-05,2.101858586388299e-05,3.602376394135878e-05,0,normal,-1
1911.0,2.1e-05,1.5e-05,0.026002113587979166,0.019752554972808187,0.013498082577228749,0.024923166415290847,0.018703268334921676,0.013747427917210822,2.1009969636026526e-05,2.101822766658899e-05,3.602330721643444e-05,0,normal,-1
1912.0,2.1e-05,1.5e-05,0.026001455569338385,0.019752009283137202,0.01349774754174248,0.02627919939158127,0.01904439468482784,0.013063606979225015,2.1009780819584054e-05,2.1017873710682344e-05,3.602286014696832e-05,0,normal,-1
1913.0,2.1e-05,1.5e-05,0.026000810246036503,0.019751473996872663,0.013497419014152188,0.025506958531487323,0.019073534822662056,0.013610462646476891,2.1009595854060125e-05,2.1017526294488434e-05,3.602242175621405e-05,0,normal,-1
1914.0,2.1e-05,1.5e-05,0.026000177166665216,0.01975094936790177,0.013497096542686052,0.026361380622211165,0.019802426796357655,0.013452315740104191,2.1009413553982412e-05,2.1017186604078017e-05,3.602199144162843e-05,0,normal,-1
1915.0,2.1e-05,1.5e-05,0.025999555973380543,0.019750435459194304,0.013496779818067454,0.026997054738087452,0.020509046433135978,0.013176719694574499,2.1009233212042805e-05,2.1016855265335763e-05,3.602156879078657e-05,0,normal,-1
1916.0,2.1e-05,1.5e-05,0.025998946401902808,0.019749932142802625,0.013496468673514986,0.02638693671856627,0.020114684950122978,0.01332454914574513,2.100905459911902e-05,2.1016532343912604e-05,3.6021153581394136e-05,0,normal,-1
1917.0,2.1e-05,1.5e-05,0.025998348281516655,0.01974943909986168,0.013496163084742442,0.025887664103257803,0.020382091728285832,0.013143981221669128,2.100887796429534e-05,2.101621734518136e-05,3.602074578129899e-05,0,normal,-1
1918.0,2.1e-05,1.5e-05,0.025997761535071048,0.019748955820588984,0.013495863169958825,0.02648653667436416,0.020136949749599602,0.014226092343933001,2.100870403488271e-05,2.1015909214195548e-05,3.602034554850219e-05,0,normal,-1
1919.0,2.1e-05,1.5e-05,0.025997186178979264,0.019748481604284645,0.013495569189868344,0.02678803461945425,0.01915991645497494,0.01403625001701762,2.100853401643795e-05,2.1015606335650946e-05,3.601995323116845e-05,0,normal,-1
1920.0,2.1e-05,1.5e-05,0.025996622323218886,0.019748015559331342,0.013495281547670417,0.025979800891458238,0.01936532785931165,0.013400384359963515,2.100836959278147e-05,2.101530653384895e-05,3.601956936763596e-05,0,normal,-1
1921.0,2.1e-05,1.5e-05,0.02599606984869858,0.01974755730562134,0.01349500028214265,0.026604461839618895,0.01973990769316264,0.012752637378529623,2.100821120282809e-05,2.101500910497892e-05,3.601919400992518e-05,0,normal,-1
1922.0,2.1e-05,1.5e-05,0.025995528114290175,0.019747107614595086,0.013494724606509733,0.026125715793373857,0.019878397427181616,0.013488473170412517,2.1008056472088595e-05,2.1014716667780336e-05,3.6018826108309425e-05,0,normal,-1
1923.0,2.1e-05,1.5e-05,0.02599499668175181,0.019746666828583996,0.013494454048296077,0.026235123556088816,0.019401635684810938,0.013048940291940102,2.1007904088436552e-05,2.101443059179326e-05,3.601846503246756e-05,0,normal,-1
1924.0,2.1e-05,1.5e-05,0.025994475206909954,0.019746235095765716,0.013494188279075935,0.025463002406743224,0.019188769156228556,0.013272481056444102,2.1007753224234616e-05,2.101415167824846e-05,3.6018110344294885e-05,0,normal,-1
1925.0,2.1e-05,1.5e-05,0.025993963438389403,0.019745812372925046,0.013493927112479497,0.025872353206722775,0.01883969996715207,0.013651522347567818,2.1007603529576583e-05,2.1013880168017283e-05,3.601776179525255e-05,0,normal,-1
1926.0,2.1e-05,1.5e-05,0.02599346121761326,0.019745398425453947,0.013493670504192874,0.025600152020336185,0.01983729681085147,0.013443274344590783,2.1007455132304736e-05,2.1013615741573655e-05,3.601741932637726e-05,0,normal,-1
1927.0,2.1e-05,1.5e-05,0.02599296847880295,0.019744992827351527,0.013493418551958116,0.02584544973034744,0.01997143041197063,0.013770467154270397,2.1007308638026836e-05,2.101335751895892e-05,3.6017083068290654e-05,0,normal,-1
1928.0,2.1e-05,1.5e-05,0.025992485248978223,0.019744594961224066,0.013493171495573199,0.025650515542206688,0.020571699127882714,0.01324352434538976,2.100716513013242e-05,2.1013104059749292e-05,3.601675334120798e-05,0,normal,-1
1929.0,2.1e-05,1.5e-05,0.02599201164795713,0.019744204018284993,0.013492929716892027,0.026366691243093973,0.019334779353371512,0.013257996727792947,2.1007026169808105e-05,2.1012853363024926e-05,3.601643065494644e-05,0,normal,-1
1930.0,2.1e-05,1.5e-05,0.025991547746181533,0.019743819307891368,0.013492693516430697,0.025458054343921305,0.01960313308289248,0.01380600395265673,2.100689303665135e-05,2.101260376303827e-05,3.601611541077986e-05,0,normal,-1
1931.0,2.1e-05,1.5e-05,0.02599109298362374,0.019743441524319522,0.013492462199702706,0.025632475408962147,0.019209724094803052,0.012426549146054146,2.1006763622071234e-05,2.10123575939573e-05,3.601580668199754e-05,0,normal,-1
1932.0,2.1e-05,1.5e-05,0.025990646906627682,0.019743071141758748,0.01349223523526723,0.02613177783642477,0.019559722297229975,0.015079686229025058,2.10066363662587e-05,2.1012116546109987e-05,3.6015503759466155e-05,0,normal,-1
1933.0,2.1e-05,1.5e-05,0.025990209178248902,0.019742708389241935,0.01349201227191881,0.025813900512101723,0.020101515108290887,0.013303608351102024,2.1006510317735787e-05,2.1011881594915934e-05,3.601520617458312e-05,0,normal,-1
1934.0,2.1e-05,1.5e-05,0.02598977955380244,0.019742353303789182,0.013491793100300877,0.025679213226347183,0.01983577086255271,0.013248047175953919,2.1006385002920812e-05,2.1011653154685044e-05,3.601491364805316e-05,0,normal,-1
1935.0,2.1e-05,1.5e-05,0.025989357880862825,0.019742005730407797,0.01349157765290574,0.02659080505246493,0.01992066312686177,0.012668384829059798,2.1006260426142956e-05,2.1011431078584947e-05,3.601462608989648e-05,0,normal,-1
1936.0,2.1e-05,1.5e-05,0.025988944099264097,0.0197416653220923,0.013491366004074596,0.025839292388741858,0.01974021608423963,0.013432273130561211,2.1006137069656534e-05,2.101121465861092e-05,3.6014343599456644e-05,0,normal,-1
1937.0,2.1e-05,1.5e-05,0.025988538241099784,0.019741331539824415,0.013491158369997522,0.026694751941479654,0.019448531375854377,0.01344640201247641,2.100601589365489e-05,2.1011002625558187e-05,3.601406646540796e-05,0,normal,-1
1938.0,2.1e-05,1.5e-05,0.025988140430722926,0.01974100365257307,0.013490955108713482,0.025470208415340118,0.020084329772209322,0.01311282409083695,2.100589833628357e-05,2.1010793148995836e-05,3.6013795165762474e-05,0,normal,-1
1939.0,2.1e-05,1.5e-05,0.0259877508436723,0.01974068082671605,0.013490756655570646,0.0245420171202244,0.01924165105401411,0.013776643883147704,2.100578609425636e-05,2.101058409602984e-05,3.6013530281732325e-05,0,normal,-1
1940.0,2.1e-05,1.5e-05,0.025987369091383224,0.01974036346674058,0.01349056255598516,0.026017385478564935,0.020080509115307663,0.013233064027507483,2.1005677834332296e-05,2.1010376910671473e-05,3.6013271206699645e-05,0,normal,-1
1941.0,2.1e-05,1.5e-05,0.025986994683297484,0.01974005220961641,0.013490372191388055,0.026046145121150215,0.019472777424530248,0.013795662108646167,2.100557166089611e-05,2.1010173703411047e-05,3.601301711514414e-05,0,normal,-1
1942.0,2.1e-05,1.5e-05,0.02598662728439703,0.01973974736132566,0.013490185184919594,0.026742717871575755,0.01977053290799031,0.013700282517899181,2.1005466496280843e-05,2.1009975622163706e-05,3.601276750414775e-05,0,normal,-1
1943.0,2.1e-05,1.5e-05,0.025986266651526497,0.01973944903520219,0.013490001301480361,0.025492390033593493,0.019184273479664636,0.01344780736753968,2.1005361741141673e-05,2.10097832527668e-05,3.601252205999629e-05,0,normal,-1
1944.0,2.1e-05,1.5e-05,0.025985912633393234,0.01973915715193159,0.01348982044773128,0.026072384442001786,0.01888907944114152,0.01270914042353998,2.100525727446819e-05,2.1009596618951923e-05,3.601228065818645e-05,0,normal,-1
1945.0,2.1e-05,1.5e-05,0.025985565170567267,0.019738871439551168,0.013489642672093594,0.025445377117015097,0.02003287359025994,0.013594359784731995,2.1005153453596316e-05,2.1009415182319173e-05,3.601204336343238e-05,0,normal,-1
1946.0,2.1e-05,1.5e-05,0.02598522429548134,0.01973859143344997,0.01348946816474888,0.026176368402548323,0.020669040338207725,0.013172196546327633,2.1005051114220115e-05,2.1009237842313446e-05,3.601181042967193e-05,0,normal,-1
1947.0,2.1e-05,1.5e-05,0.02598489013243088,0.019738316476368777,0.013489297257639043,0.02647268138654053,0.020782243035567798,0.01439377679234724,2.100495157040307e-05,2.1009062936202523e-05,3.6011582300072606e-05,0,normal,-1
1948.0,2.1e-05,1.5e-05,0.025984562895325428,0.019738045723295225,0.013489130420933046,0.026101313797534925,0.020914897742222986,0.013360217969369448,2.100485660257735e-05,2.1008888253223812e-05,3.6011359602320785e-05,0,normal,-1
1949.0,2.1e-05,1.5e-05,0.025984242422428108,0.019737779155076615,0.013488967531671905,0.02559585118831753,0.01995169798156382,0.013701269780158223,2.100476597107358e-05,2.1008713967882983e-05,3.601114217238706e-05,0,normal,-1
1950.0,2.1e-05,1.5e-05,0.025983928183998087,0.019737517563073872,0.01348880788529088,0.02613452886835841,0.019968850954452184,0.013353970002065061,2.100467745472706e-05,2.1008542594886684e-05,3.601092906988231e-05,0,normal,-1
1951.0,2.1e-05,1.5e-05,0.02598361984290412,0.01973726132602455,0.013488651077516598,0.02671077105179302,0.019205070307319536,0.013215653419899154,2.1004589849940844e-05,2.1008375450581936e-05,3.601071975523804e-05,0,normal,-1
1952.0,2.1e-05,1.5e-05,0.02598331715348573,0.01973701062961822,0.013488496845667271,0.026424037741695522,0.019954630156686172,0.01293038356819989,2.10045024314743e-05,2.1008213288807395e-05,3.601051387787684e-05,0,normal,-1
1953.0,2.1e-05,1.5e-05,0.025983019961553187,0.019736765466496466,0.013488345068652693,0.025691719694455436,0.01992093173708973,0.013050911195961459,2.100441495245336e-05,2.100805630086947e-05,3.601031127621827e-05,0,normal,-1
1954.0,2.1e-05,1.5e-05,0.025982728204387538,0.019736525636252868,0.01348819576697424,0.025336299665223078,0.019381887209903442,0.013373290590350903,2.100432764438053e-05,2.1007904115520136e-05,3.6010111977684404e-05,0,normal,-1
1955.0,2.1e-05,1.5e-05,0.025982441910740582,0.019736290745433024,0.013488049102724872,0.025998571183726005,0.0206287143101949,0.013656543822500377,2.1004241217144777e-05,2.100775579893679e-05,3.60099161987051e-05,0,normal,-1
1956.0,2.1e-05,1.5e-05,0.02598216120083488,0.01973606020753455,0.013487905379589127,0.02639996086501724,0.019892636722335193,0.013597714034463554,2.1004156859031238e-05,2.1007609854703627e-05,3.600972434472305e-05,0,normal,-1
1957.0,2.1e-05,1.5e-05,0.025981886286363765,0.01973583324300705,0.01348776504284313,0.02610992885000978,0.01951815961135629,0.014053345530427445,2.1004076236730132e-05,2.1007464223793836e-05,3.600953701019846e-05,0,normal,-1
1958.0,2.1e-05,1.5e-05,0.02598161722921509,0.019735609404889998,0.013487628300076042,0.02558887304455917,0.01889980561987222,0.013239200998263305,2.100400020585912e-05,2.1007317805831836e-05,3.600935447231331e-05,0,normal,-1
1959.0,2.1e-05,1.5e-05,0.02598135349927215,0.019735389543206604,0.013487494425680573,0.025551490780329124,0.020991969471145663,0.013633921967664078,2.1003926445901056e-05,2.1007173249656856e-05,3.6009175762520295e-05,0,normal,-1
1960.0,2.1e-05,1.5e-05,0.025981094746698904,0.01973517412159154,0.013487362975182987,0.02632452366120824,0.020039754095261167,0.013346363091438516,2.100385358910558e-05,2.1007032081975047e-05,3.60090002875412e-05,0,normal,-1
1961.0,2.1e-05,1.5e-05,0.02598084072012747,0.019734963394352975,0.01348723365706972,0.025930352659886267,0.019954483076603424,0.013852406733678428,2.100378078523255e-05,2.1006895220469656e-05,3.6008827658275254e-05,0,normal,-1
1962.0,2.1e-05,1.5e-05,0.025980591259228164,0.01973475742264598,0.013487106321112668,0.025370197724316756,0.019413530241543783,0.013506897775935724,2.1003707661874197e-05,2.1006763020596506e-05,3.600865767421954e-05,0,normal,-1
1963.0,2.1e-05,1.5e-05,0.02598034629470951,0.019734556074472515,0.013486980958369185,0.025588547533321158,0.01987285882408703,0.013617751243996633,2.1003634324463458e-05,2.1006635275564967e-05,3.600849032347367e-05,0,normal,-1
1964.0,2.1e-05,1.5e-05,0.02598010584831823,0.019734359024681437,0.013486857701182088,0.02624075244609869,0.019806274456114707,0.013270541646665477,2.1003561356282275e-05,2.1006511216320668e-05,3.600832578274424e-05,0,normal,-1
1965.0,2.1e-05,1.5e-05,0.025979870032839258,0.01973416575496849,0.013486736823179652,0.0261825851239897,0.019810215464229,0.013779086069083398,2.1003489818469885e-05,2.1006389511529796e-05,3.60081644173491e-05,0,normal,-1
1966.0,2.1e-05,1.5e-05,0.025979639052095712,0.019733975553876314,0.013486618739275612,0.0257378933306527,0.01903047876437958,0.013886468240135137,2.1003421250030496e-05,2.100626826756425e-05,3.60080067812213e-05,0,normal,-1
1967.0,2.1e-05,1.5e-05,0.025979413105542592,0.019733787724643098,0.013486503855689823,0.02622437715934675,0.0195982078104628,0.01375177109989014,2.1003357157932944e-05,2.100614563007473e-05,3.600785341669659e-05,0,normal,-1
1968.0,2.1e-05,1.5e-05,0.025979191767633438,0.019733602938046726,0.01348639159402638,0.025815862536658286,0.01983286483917971,0.013057331463205035,2.1003295698803285e-05,2.1006023699187932e-05,3.600770355169166e-05,0,normal,-1
1969.0,2.1e-05,1.5e-05,0.025978974649255013,0.019733421791281222,0.013486281431099917,0.0253802712054842,0.019691387422317026,0.012895483369296624,2.100323521423318e-05,2.1005904358544668e-05,3.6007556487813556e-05,0,normal,-1
1970.0,2.1e-05,1.5e-05,0.025978761490429176,0.019733244604596828,0.013486173045181451,0.02642907320117926,0.019298859546477403,0.013463059745471247,2.100317472860021e-05,2.100578868751723e-05,3.60074117955964e-05,0,normal,-1
1971.0,2.1e-05,1.5e-05,0.02597855212183124,0.019733071505053452,0.013486066255535117,0.02583631320900624,0.018953510035311393,0.013285138268960259,2.1003113743544045e-05,2.10056772036509e-05,3.6007269233789935e-05,0,normal,-1
1972.0,2.1e-05,1.5e-05,0.025978346464789984,0.01973290242652067,0.013485961022418159,0.025752790265243554,0.02031021255803898,0.012796855312194846,2.100305223797337e-05,2.1005569862647586e-05,3.600712874936347e-05,0,normal,-1
1973.0,2.1e-05,1.5e-05,0.02597814453128763,0.019732737109677725,0.013485857447080937,0.02690873590085513,0.020392766296607336,0.013446079754840025,2.1002990668072742e-05,2.100546605835101e-05,3.600699047750961e-05,0,normal,-1
1974.0,2.1e-05,1.5e-05,0.025977946423959872,0.01973257510201352,0.013485755771766922,0.02658615164746654,0.01998059552098503,0.013690290089112813,2.1002929967309672e-05,2.1005364622733353e-05,3.600685474164785e-05,0,normal,-1
1975.0,2.1e-05,1.5e-05,0.025977752336095856,0.019732415757826624,0.0134856563797127,0.026141413992682196,0.019696019455015857,0.013032900293331104,2.1002871546441272e-05,2.1005263825882852e-05,3.6006722053428015e-05,0,normal,-1
1976.0,2.1e-05,1.5e-05,0.025977562531083038,0.019732258283005077,0.013485559762834757,0.02528397743498971,0.019494667092661476,0.013622616372006069,2.100281718365997e-05,2.1005161505607858e-05,3.6006593069595015e-05,0,normal,-1
1977.0,2.1e-05,1.5e-05,0.025977376765578566,0.019732102992179167,0.013485465614746086,0.026393444377202233,0.01917754506674385,0.013164780608476383,2.1002765940769475e-05,2.100505870600826e-05,3.6006467381158895e-05,0,normal,-1
1978.0,2.1e-05,1.5e-05,0.0259771945994618,0.019731950633894373,0.0134853733178513,0.02597045460919782,0.019319058551457723,0.013616212599735219,2.1002715819054418e-05,2.1004957723993506e-05,3.6006344163655224e-05,0,normal,-1
1979.0,2.1e-05,1.5e-05,0.025977015761293198,0.01973180159299439,0.013485282518394813,0.025697965681037185,0.019842527630402503,0.013216137706517979,2.1002665714982024e-05,2.100485980141542e-05,3.600622294483886e-05,0,normal,-1
1980.0,2.1e-05,1.5e-05,0.025976840070055927,0.019731656060903473,0.013485193003512662,0.025054822899053624,0.019778173845025185,0.013379469178025662,2.100261500229093e-05,2.1004765618059816e-05,3.600610344055158e-05,0,normal,-1
1981.0,2.1e-05,1.5e-05,0.025976667435155868,0.019731514035626424,0.013485104701232504,0.026876570280642203,0.01959898318062141,0.013237762276697807,2.1002563531996844e-05,2.100467529163237e-05,3.600598555472535e-05,0,normal,-1
1982.0,2.1e-05,1.5e-05,0.025976497856421622,0.01973137532174861,0.013485017680473608,0.025311393238931168,0.01933964977465354,0.012385832822492414,2.1002511632398262e-05,2.1004588377745845e-05,3.6005869379385524e-05,0,normal,-1
1983.0,2.1e-05,1.5e-05,0.025976331424104507,0.01973123953043595,0.013484932151046868,0.026688124413643495,0.019182377682988125,0.014516021267622923,2.1002460109082402e-05,2.1004503869908702e-05,3.600575519465387e-05,0,normal,-1
1984.0,2.1e-05,1.5e-05,0.025976168318878553,0.01973110607943492,0.01348484846365479,0.02603878706586519,0.019788445801989327,0.01273879876514259,2.1002410244931003e-05,2.100442019951472e-05,3.600564346875146e-05,0,normal,-1
1985.0,2.1e-05,1.5e-05,0.02597600881184051,0.019730974193072553,0.013484767109891507,0.025449428860981817,0.01917271728305007,0.01411633648821247,2.100236380012541e-05,2.100433523583271e-05,3.6005534858001345e-05,0,normal,-1
1986.0,2.1e-05,1.5e-05,0.025975852886759743,0.019730843725489094,0.01348468812828826,0.026274181320672312,0.020315766178296828,0.0137633713481164,2.100232099266337e-05,2.1004248668816726e-05,3.6005429413872806e-05,0,normal,-1
1987.0,2.1e-05,1.5e-05,0.025975700058096882,0.01973071555787016,0.013484610817934155,0.025559892537589595,0.020003599736067905,0.013222927656606188,2.1002279524375773e-05,2.100416315855406e-05,3.6005326200640845e-05,0,normal,-1
1988.0,2.1e-05,1.5e-05,0.0259755500404412,0.019730590138770394,0.01348453479134513,0.025539525721024865,0.02075805822268639,0.013043891798456326,2.100223816108208e-05,2.1004080110762795e-05,3.6005224701011634e-05,0,normal,-1
1989.0,2.1e-05,1.5e-05,0.025975402638728343,0.019730467722879688,0.013484459802027081,0.02590044341141211,0.01994689047993913,0.012988042581605958,2.1002196146503875e-05,2.1004000368159907e-05,3.600512458591526e-05,0,normal,-1
1990.0,2.1e-05,1.5e-05,0.025975257748224057,0.01973034837105866,0.01348438574445029,0.02579210768266566,0.020053189161597554,0.013814968097807481,2.1002153202182538e-05,2.1003924210551763e-05,3.6005025714474385e-05,0,normal,-1
1991.0,2.1e-05,1.5e-05,0.025975115354524164,0.019730231950338642,0.013484312654049398,0.025498867397038327,0.019863342277582005,0.013192416208250148,2.100210952748394e-05,2.1003851354823047e-05,3.600492813400689e-05,0,normal,-1
1992.0,2.1e-05,1.5e-05,0.02597497553355459,0.019730118133921677,0.013484240707223432,0.026007165514150336,0.019847466065629375,0.013577384493254208,2.1002065799603426e-05,2.100378095492691e-05,3.600483208002846e-05,0,normal,-1
1993.0,2.1e-05,1.5e-05,0.025974838451571346,0.019730006401180528,0.013484170221335787,0.026222965785308538,0.020067637788696645,0.01345793629629074,2.1002023173570786e-05,2.1003711601876317e-05,3.600473797625501e-05,0,normal,-1
1994.0,2.1e-05,1.5e-05,0.02597470436516053,0.01972989603765868,0.013484101654714227,0.026478501643581672,0.019660285445287005,0.01374300606246694,2.1001983282254817e-05,2.100364132373557e-05,3.6004646434605026e-05,0,normal,-1
1995.0,2.1e-05,1.5e-05,0.0259745734445133,0.0197297865202092,0.013484035328772903,0.02551967559717002,0.020675465894625086,0.013836169407255997,2.1001947291559587e-05,2.100356870042633e-05,3.600455788421196e-05,0,normal,-1
1996.0,2.1e-05,1.5e-05,0.025974445233353616,0.019729678694462682,0.013483970578634945,0.02583524718560913,0.02000157653061449,0.014228377522529364,2.1001913012269728e-05,2.100349627174354e-05,3.6004471437431305e-05,0,normal,-1
1997.0,2.1e-05,1.5e-05,0.02597431941365898,0.01972957310795577,0.01348390695566948,0.025310383982683912,0.019868061594162843,0.013561031468936908,2.1001878988900713e-05,2.1003425712685188e-05,3.6004386495316826e-05,0,normal,-1
1998.0,2.1e-05,1.5e-05,0.025974195774642085,0.01972947007706026,0.01348384417896732,0.02659319487592372,0.018596488624783705,0.013626503267352553,2.1001844335000663e-05,2.100335802756551e-05,3.600430268284001e-05,0,normal,-1
1999.0,2.1e-05,1.5e-05,0.025974074195756976,0.0197293697240011,0.013483782108626566,0.026583513965525263,0.019022714897946463,0.013177000146303203,2.1001808642330334e-05,2.100329365716563e-05,3.6004219813226624e-05,0,normal,-1
2000.0,2.1e-05,1.5e-05,0.025973954646699056,0.01972927197685639,0.013483720745752601,0.02578182045541113,0.01969333523663977,0.013071284213105402,2.1001771980866924e-05,2.100323247872391e-05,3.600413788795899e-05,0,normal,-1
2001.0,2.1e-05,1.5e-05,0.025973837187405077,0.01972917656955739,0.013483660232458096,0.02672652802265495,0.019758446136234533,0.013163847331878554,2.1001734898808194e-05,2.1003173805927457e-05,3.600405709677809e-05,0,normal,-1
2002.0,2.1e-05,1.5e-05,0.025973721968053157,0.01972908304188849,0.013483600851863002,0.025680425593815604,0.019479157447068088,0.013128018124771663,2.1001698422576752e-05,2.1003116388904775e-05,3.600397781768572e-05,0,normal,-1
2003.0,2.1e-05,1.5e-05,0.025973609229062753,0.019728990739487258,0.013483543028094557,0.025627829464212683,0.020169233118881764,0.013315998105540162,2.100166405682408e-05,2.100305841421885e-05,3.600390061694642e-05,0,normal,-1
2004.0,2.1e-05,1.5e-05,0.025973499241592386,0.01972889894351793,0.013483487232726328,0.025670346327335933,0.019581803152794373,0.013484458749559553,2.1001633466318637e-05,2.1002997880222534e-05,3.600382612417524e-05,0,normal,-1
2005.0,2.1e-05,1.5e-05,0.025973391679730902,0.019728808239201687,0.013483432997487145,0.025953976281404115,0.01971522154278635,0.014099574459489209,2.1001605118929825e-05,2.100293655831921e-05,3.600375371419512e-05,0,normal,-1
2006.0,2.1e-05,1.5e-05,0.02597328617217475,0.019728719313590173,0.013483379781693308,0.026109660838248994,0.019148240424173187,0.013049477017601488,2.100157723494942e-05,2.1002876512919354e-05,3.600368266514457e-05,0,normal,-1
2007.0,2.1e-05,1.5e-05,0.025973182491384705,0.01972863254258233,0.0134833272699562,0.025797478916849272,0.019241513665812466,0.01334149204144666,2.1001548799643548e-05,2.100281890642608e-05,3.6003612555951235e-05,0,normal,-1
2008.0,2.1e-05,1.5e-05,0.02597308049987465,0.019728548107913836,0.013483275287750836,0.026234144649323422,0.023594080687940156,0.01367881102029416,2.1001519276208954e-05,2.1002764337909262e-05,3.6003543153609065e-05,1,sens_noise_burst,7
2009.0,2.1e-05,1.5e-05,0.02597298015021159,0.019728465997157114,0.013483223801415872,0.026213361180926972,0.018099166218281518,0.014367871643403467,2.1001488605776106e-05,2.100271284309709e-05,3.600347441318017e-05,1,sens_noise_burst,7
2010.0,2.1e-05,1.5e-05,0.025972881485015618,0.01972838600372133,0.01348317291815359,0.026757603012280633,0.018236929510513564,0.013282674544554196,2.1001457207412495e-05,2.100266389436875e-05,3.6003406477796654e-05,1,sens_noise_burst,7
2011.0,2.1e-05,1.5e-05,0.025972784636959942,0.019728307726852388,0.013483122886029906,0.025626891140431592,0.0202382204101156,0.013830613969974362,2.1001425978126265e-05,2.100261640074811e-05,3.6003339678662355e-05,1,sens_noise_burst,7
2012.0,2.1e-05,1.5e-05,0.025972689828770882,0.019728230571632935,0.013483074093974376,0.026431249819540103,0.02083130232908872,0.013895330507388955,2.1001396292869852e-05,2.1002568707898072e-05,3.600327453505457e-05,1,sens_noise_burst,7
2013.0,2.1e-05,1.5e-05,0.02597259736574807,0.01972815376528288,0.01348302706001897,0.025965531044531785,0.02633142702745334,0.013468385397436897,2.1001369964553677e-05,2.1002518645300626e-05,3.6003211738622764e-05,1,sens_noise_burst,7
2014.0,2.1e-05,1.5e-05,0.025972507117204804,0.019728077487474974,0.013482981615828525,0.026389282785261405,0.016925312100005894,0.014278305204858042,2.1001346471287916e-05,2.1002466798119977e-05,3.6003151064629366e-05,1,sens_noise_burst,7
2015.0,2.1e-05,1.5e-05,0.0259724186557474,0.01972800256710472,0.013482937125589331,0.026287890737834375,0.019461718811925453,0.013177254696585395,2.100132370049588e-05,2.1002415629282147e-05,3.600309166418777e-05,1,sens_noise_burst,7
2016.0,2.1e-05,1.5e-05,0.025972331736175625,0.019727929437887058,0.013482893239308517,0.024976877408018763,0.022110419608974693,0.014229312136305365,2.10013005105093e-05,2.1002366456616252e-05,3.600303307001567e-05,1,sens_noise_burst,7
2017.0,2.1e-05,1.5e-05,0.025972246203102588,0.019727858339539862,0.013482849747607084,0.026219765931691508,0.020954827009192253,0.013528453756619615,2.100127623691385e-05,2.1002320035305528e-05,3.60029750025668e-05,1,sens_noise_burst,7
2018.0,2.1e-05,1.5e-05,0.02597216199095475,0.01972778931778391,0.013482806581719905,0.02532731809321001,0.01596898091313989,0.013091150723417582,2.100125069255169e-05,2.100227655787993e-05,3.60029173700325e-05,1,sens_noise_burst,7
2019.0,2.1e-05,1.5e-05,0.025972079123971918,0.019727722224342898,0.013482763813495727,0.026326088641944034,0.015673258207773023,0.013714536029584345,2.1001224167524066e-05,2.1002235654209704e-05,3.6002860268343295e-05,1,sens_noise_burst,7
2020.0,2.1e-05,1.5e-05,0.025971997716207253,0.01972765671694345,0.01348272165539717,0.026194332129804442,0.019574083725912232,0.012427456879850503,2.100119742919439e-05,2.1002196391500027e-05,3.600280398117031e-05,1,sens_noise_burst,7
2021.0,2.1e-05,1.5e-05,0.02597191797152726,0.0197275922593151,0.013482680460500725,0.025931595544634686,0.023044852712383584,0.014249914652553812,2.100117172219134e-05,2.1002157274286296e-05,3.600274897992678e-05,1,sens_noise_burst,7
2022.0,2.1e-05,1.5e-05,0.02597184018361179,0.019727528121190295,0.01348264072249676,0.02636059842876357,0.012462936028143455,0.012851036351228824,2.1001148768411572e-05,2.1002116244429318e-05,3.600269592376929e-05,1,sens_noise_burst,7
2023.0,2.1e-05,1.5e-05,0.025971764440348623,0.019727464022635147,0.01348260261082861,0.026266668415566498,0.02424749317106202,0.011751860928947677,2.1001129186401818e-05,2.1002072546268366e-05,3.600264503893903e-05,1,sens_noise_burst,7
2024.0,2.1e-05,1.5e-05,0.025971690279913605,0.019727400883994037,0.013482565429738623,0.026630449224748234,0.022051770437727082,0.01362285742330609,2.1001110651881986e-05,2.1002028897346284e-05,3.6002595396501794e-05,1,sens_noise_burst,7
2025.0,2.1e-05,1.5e-05,0.025971617435542108,0.019727339202204645,0.013482528789587297,0.025376415472919762,0.018053326858100936,0.012827165231662335,2.1001091880592582e-05,2.1001986788491907e-05,3.6002546476233364e-05,1,sens_noise_burst,7
2026.0,2.1e-05,1.5e-05,0.02597154573277674,0.019727279274475106,0.013482492445376693,0.026414044747582594,0.023840986573129185,0.013989076026612451,2.100107207936683e-05,2.100194713146567e-05,3.6002497951025904e-05,1,sens_noise_burst,7
2027.0,2.1e-05,1.5e-05,0.025971475086823948,0.019727221204044545,0.013482456292593975,0.02569985279861622,0.025798638450252584,0.012558539175455965,2.10010509320004e-05,2.1001910275629136e-05,3.600244968133974e-05,1,sens_noise_burst,7
2028.0,2.1e-05,1.5e-05,0.025971405502554012,0.019727164900183086,0.013482420367211416,0.026021415464247907,0.017303049721588783,0.012900590773207585,2.1001028599253497e-05,2.1001876007939268e-05,3.600240171520466e-05,1,sens_noise_burst,7
2029.0,2.1e-05,1.5e-05,0.02597133707450106,0.019727110078191855,0.013482384845686392,0.025869922374455158,0.018145111275275568,0.013966330523894416,2.1001005718853364e-05,2.1001843552943772e-05,3.600235428822119e-05,1,sens_noise_burst,7
2030.0,2.1e-05,1.5e-05,0.025971269986863048,0.01972705625940297,0.013482350044961395,0.025960563497201886,0.0158362372323449,0.013488222461122717,2.1000983405496994e-05,2.1001811572777177e-05,3.600230782356179e-05,1,sens_noise_burst,7
2031.0,2.1e-05,1.5e-05,0.025971204513501784,0.01972700277117955,0.01348231642246401,0.026226912155944318,0.02258560228550293,0.014236870279076332,2.1000963250853615e-05,2.100177816715709e-05,3.6002262931972e-05,1,sens_noise_burst,7
2032.0,2.1e-05,1.5e-05,0.025971140891063664,0.019726949023474168,0.013482284376578656,0.025916042635193447,0.018233106942836624,0.01381372356968188,2.1000946645129627e-05,2.1001741673954658e-05,3.6002220145367686e-05,1,sens_noise_burst,7
2033.0,2.1e-05,1.5e-05,0.025971078722802993,0.019726895808539476,0.013482253309023137,0.025328314352214745,0.017581188033538607,0.013635402940599308,2.1000931588866733e-05,2.1001704431446467e-05,3.600217866494841e-05,1,sens_noise_burst,7
2034.0,2.1e-05,1.5e-05,0.02597101769591306,0.019726843737273986,0.013482222752942705,0.027045010403702385,0.01618929639550437,0.014039813489849296,2.100091652872786e-05,2.1001668251957677e-05,3.60021378673879e-05,1,sens_noise_burst,7
2035.0,2.1e-05,1.5e-05,0.025970957615584298,0.019726793164615865,0.013482192426607257,0.026077601202877117,0.025258578008647323,0.012907795950471401,2.1000900540234037e-05,2.100163420610463e-05,3.600209737653028e-05,1,sens_noise_burst,7
2036.0,2.1e-05,1.5e-05,0.025970898376674427,0.019726744251277923,0.013482162188866085,0.025897144261325188,0.018337916782238676,0.012639371407892524,2.1000883176309655e-05,2.100160280150715e-05,3.600205700391587e-05,1,sens_noise_burst,7
2037.0,2.1e-05,1.5e-05,0.025970839963708442,0.019726696963747622,0.013482132039147877,0.026511338642505378,0.018965316249304528,0.013473683144842858,2.1000864467284024e-05,2.100157398278351e-05,3.6002016748782264e-05,1,sens_noise_burst,7
2038.0,2.1e-05,1.5e-05,0.025970782450878634,0.01972665107428705,0.013482102117460707,0.025856214380313346,0.019711756167084756,0.013603897260954314,2.1000844920893466e-05,2.1001547131546243e-05,3.6001976798065376e-05,1,sens_noise_burst,7
2039.0,2.1e-05,1.5e-05,0.025970726002044565,0.01972660616093296,0.013482072704392046,0.025735568201030706,0.021067064688911667,0.013389135887894936,2.1000825522283523e-05,2.1001521066398922e-05,3.6001937526400476e-05,1,sens_noise_burst,7
2040.0,2.1e-05,1.5e-05,0.025970670870733084,0.019726561607496727,0.013482044221108755,0.026894436742849737,0.02375439548733333,0.013338762095370493,2.1000807734011335e-05,2.1001494042933118e-05,3.6001899496123164e-05,1,sens_noise_burst,7
2041.0,2.1e-05,1.5e-05,0.02597061736593679,0.019726516678113145,0.01348201717557206,0.025866007441840044,0.021969520072378425,0.013485546906937453,2.1000793313166998e-05,2.1001463969530362e-05,3.600186338545752e-05,1,sens_noise_burst,7
2042.0,2.1e-05,1.5e-05,0.02597056524568035,0.019726471839235437,0.013481991208805718,0.02685398950453308,0.018261064557436507,0.01470171197638335,2.1000781068427362e-05,2.1001432234219453e-05,3.600182871511063e-05,1,sens_noise_burst,7
2043.0,2.1e-05,1.5e-05,0.025970514136286812,0.01972642784584198,0.013481965754199073,0.027132827798193607,0.018441292263949097,0.014143219660649502,2.1000769101790042e-05,2.100140105937987e-05,3.60017947285575e-05,1,sens_noise_burst,7
2044.0,2.1e-05,1.5e-05,0.025970463821706688,0.01972638511039137,0.01348194049265156,0.02537804625832398,0.01993546192885322,0.013323975656462856,2.100075635632259e-05,2.1001371675207268e-05,3.6001760999741883e-05,1,sens_noise_burst,7
2045.0,2.1e-05,1.5e-05,0.02597041417561443,0.01972634385078545,0.013481915245805356,0.02524057808613491,0.02090881311974136,0.01254060291756309,2.1000742253151926e-05,2.1001344748062062e-05,3.600172729052365e-05,1,sens_noise_burst,7
2046.0,2.1e-05,1.5e-05,0.025970365161408455,0.019726304090369327,0.013481889976045392,0.025977099668411215,0.022920628459242656,0.013088569197038963,2.10007266914656e-05,2.1001320380464848e-05,3.60016935506797e-05,1,sens_noise_burst,7
2047.0,2.1e-05,1.5e-05,0.02597031683221113,0.019726265657931372,0.013481864786499353,0.02656484914440887,0.016735385375689017,0.013874493556580676,2.1000710048513308e-05,2.1001298111092714e-05,3.600165991790483e-05,1,sens_noise_burst,7
2048.0,2.1e-05,1.5e-05,0.025970269330868778,0.019726228187703213,0.013481839921037667,0.025652454883894667,0.017914424645615414,0.013303623683306334,2.1000693179608862e-05,2.1001276914776416e-05,3.600162671781262e-05,1,sens_noise_burst,7
2049.0,2.1e-05,1.5e-05,0.025970222889951676,0.019726191119359728,0.013481815764273512,0.025732898024122645,0.014204885531191837,0.012982397352570696,2.100067741813227e-05,2.1001255202498004e-05,3.600159446393628e-05,1,sens_noise_burst,7
2050.0,2.1e-05,1.5e-05,0.02597017783067632,0.019726153700368173,0.013481792839867984,0.02529622137502704,0.01933343211486741,0.01277829327210202,2.1000664569768383e-05,2.1001230828188365e-05,3.600156385546645e-05,1,sens_noise_burst,7
2051.0,2.1e-05,1.5e-05,0.02597013412039145,0.019726115950625584,0.013481771114597292,0.02664581281967588,0.015404811807779684,0.01332935936349394,2.1000654546154093e-05,2.1001203881167155e-05,3.600153484804717e-05,1,sens_noise_burst,7
2052.0,2.1e-05,1.5e-05,0.02597009132803173,0.019726078759748696,0.013481749928224864,0.02559361717630966,0.021313295481261547,0.013449029668249455,2.1000645126351888e-05,2.1001176967689005e-05,3.6001506560138315e-05,1,sens_noise_burst,7
2053.0,2.1e-05,1.5e-05,0.02597004921609593,0.019726042596377096,0.013481728924583014,0.02552459059498567,0.01466651958333609,0.014058757988652179,2.1000635122871422e-05,2.1001151474768222e-05,3.600147851618822e-05,1,sens_noise_burst,7
2054.0,2.1e-05,1.5e-05,0.02597000763676443,0.01972600773451237,0.013481707888242203,0.0264619828481665,0.0180113371338047,0.01402048019766309,2.100062382635019e-05,2.1001128225449092e-05,3.600145042855675e-05,1,sens_noise_burst,7
2055.0,2.1e-05,1.5e-05,0.025969966531899237,0.019725974253518117,0.013481686744511046,0.02635826671239326,0.021458368542387526,0.013559725497075703,2.1000611005554463e-05,2.100110747880186e-05,3.600142219751607e-05,1,sens_noise_burst,7
2056.0,2.1e-05,1.5e-05,0.02596992593304398,0.01972594203811993,0.013481665559436308,0.026061310216991054,0.01848821454888702,0.014112501649027371,2.1000596907380405e-05,2.100108892991936e-05,3.600139391125138e-05,1,sens_noise_burst,7
2057.0,2.1e-05,1.5e-05,0.025969885961423918,0.019725910778405423,0.013481644539802908,0.02547711408948418,0.02103530597081362,0.012178914397765975,2.1000582256855698e-05,2.1001071709914537e-05,3.600136584586163e-05,1,sens_noise_burst,7
2058.0,2.1e-05,1.5e-05,0.02596984682794592,0.019725879969824216,0.013481624033133912,0.0258325229531632,0.020432581950498074,0.013675338275725892,2.1000568257141336e-05,2.100105438591857e-05,3.600133846536026e-05,1,sens_noise_burst,7
2059.0,2.1e-05,1.5e-05,0.025969808833198493,0.019725848913187922,0.013481604527690538,0.025675609980655496,0.019459417756502253,0.01342539909608916,2.1000556589533207e-05,2.1001034961078735e-05,3.600131242167587e-05,1,sens_noise_burst,7
2060.0,2.1e-05,1.5e-05,0.025969772143438295,0.019725817202997722,0.013481586300169183,0.025861746395041907,0.01712853673906179,0.013181818477466457,2.100054821553948e-05,2.1001012288187098e-05,3.6001288084257e-05,1,sens_noise_burst,7
2061.0,2.1e-05,1.5e-05,0.02596973632011334,0.01972578575318067,0.01348156867573382,0.02656504101944431,0.021032001116256693,0.014450224391469826,2.1000540860739475e-05,2.1000989038953044e-05,3.6001264552063974e-05,1,sens_noise_burst,7
2062.0,2.1e-05,1.5e-05,0.025969701094810577,0.019725755107664694,0.013481551246807255,0.026231385944037223,0.016182685077539078,0.013482089396051243,2.1000533159043558e-05,2.100096681346082e-05,3.600124128089969e-05,1,sens_noise_burst,7
2063.0,2.1e-05,1.5e-05,0.025969666298149056,0.019725725595214173,0.01348153376130661,0.02536459651803301,0.02365344601317682,0.01257334932576694,2.1000524272734166e-05,2.1000946588488788e-05,3.6001217934182375e-05,1,sens_noise_burst,7
2064.0,2.1e-05,1.5e-05,0.02596963185026351,0.019725697350172346,0.013481516107677942,0.02526222958056195,0.016578469460935063,0.013098021304820136,2.100051384158109e-05,2.1000928777553265e-05,3.600119436296443e-05,1,sens_noise_burst,7
2065.0,2.1e-05,1.5e-05,0.025969597760804354,0.01972567031246129,0.01348149831489624,0.026157917022889027,0.01902506162097838,0.01396965295644944,2.1000501982842394e-05,2.100091323090533e-05,3.600117060593301e-05,1,sens_noise_burst,7
2066.0,2.1e-05,1.5e-05,0.025969564128937705,0.019725644227581926,0.01348148055246542,0.026264995002979297,0.02009487261502724,0.013552298395680859,2.1000489291265608e-05,2.100089923552868e-05,3.600114688941063e-05,1,sens_noise_burst,7
2067.0,2.1e-05,1.5e-05,0.02596953114334536,0.019725618646614023,0.01348146313041833,0.025645676402463558,0.02028880174540764,0.01389523362156414,2.100047683908934e-05,2.1000885515138028e-05,3.600112362735582e-05,1,sens_noise_burst,7
2068.0,2.1e-05,1.5e-05,0.025969499082224807,0.0197255929262162,0.01348144649931675,0.025487886463176044,0.01828280969966269,0.01267203292505858,2.1000466176044756e-05,2.100087023017765e-05,3.6001101421363674e-05,1,sens_noise_burst,7
2069.0,2.1e-05,1.5e-05,0.025969468226953226,0.019725566416829817,0.013481431114471509,0.02515455885911622,0.020840900701760756,0.012954492217014817,2.10004588676685e-05,2.100085152264479e-05,3.600108087937169e-05,1,sens_noise_burst,7
2070.0,2.1e-05,1.5e-05,0.025969438237612455,0.019725539824077074,0.01348141645379559,0.02636943042702925,0.020848783586335875,0.013458152826274954,2.1000453155701926e-05,2.1000831457104785e-05,3.6001061304286574e-05,1,sens_noise_burst,7
2071.0,2.1e-05,1.5e-05,0.025969408791760358,0.019725513816290476,0.013481402022397395,0.026251133173052242,0.013957220029376029,0.013360580726858199,2.100044737398203e-05,2.1000811989688783e-05,3.6001042035325046e-05,1,sens_noise_burst,7
2072.0,2.1e-05,1.5e-05,0.025969379698077742,0.019725488776573392,0.013481387531388014,0.026220177924282058,0.018853533638539494,0.01429580055081251,2.1000440556514408e-05,2.1000794250454758e-05,3.6001022686759626e-05,1,sens_noise_burst,7
2073.0,2.1e-05,1.5e-05,0.025969350854608032,0.01972546489382071,0.013481372832209952,0.02627424962326793,0.01819120131163933,0.013683671309270598,2.100043221417907e-05,2.1000778806884545e-05,3.600100306023431e-05,1,sens_noise_burst,7
2074.0,2.1e-05,1.5e-05,0.025969322248757257,0.01972544216271883,0.013481357916637123,0.025741870552733366,0.02358183466580606,0.013664137408931186,2.100042233473094e-05,2.1000765663881e-05,3.600098314476509e-05,1,sens_noise_burst,7
2075.0,2.1e-05,1.5e-05,0.02596929395729407,0.019725420383745678,0.013481342916774847,0.026035025515312747,0.023737130031862997,0.01350420167098973,2.100041138280082e-05,2.100075426376595e-05,3.6000963116740366e-05,1,sens_noise_burst,7
2076.0,2.1e-05,1.5e-05,0.025969266146349736,0.01972539916317069,0.013481328105059864,0.02571404085266358,0.02118062249322384,0.013054066353891405,2.100040029989672e-05,2.1000743486278855e-05,3.60009433399216e-05,1,sens_noise_burst,7
2077.0,2.1e-05,1.5e-05,0.025969239071418123,0.01972537791305482,0.013481313894260319,0.025737450911732112,0.02257527293624039,0.012381784734216432,2.100039050440531e-05,2.1000731648575803e-05,3.600092436544371e-05,1,sens_noise_burst,7
2078.0,2.1e-05,1.5e-05,0.02596921306028565,0.019725355888461506,0.013481300810629773,0.024896601687029955,0.019432929736586817,0.013084612578834325,2.1000383800309055e-05,2.1000716612949447e-05,3.600090689597034e-05,0,normal,-1
2079.0,2.1e-05,1.5e-05,0.025969187947834184,0.019725333419598156,0.013481288604997694,0.02593059928330474,0.019709058037575892,0.013565455617710945,2.1000379354629936e-05,2.100069935370867e-05,3.600089059880697e-05,0,normal,-1
2080.0,2.1e-05,1.5e-05,0.025969163349445556,0.019725311315887662,0.013481276682724872,0.026215990863652366,0.018816620346187515,0.01270058964136022,2.1000375159369444e-05,2.1000682232002708e-05,3.600087467998248e-05,0,normal,-1
2081.0,2.1e-05,1.5e-05,0.02596913905103032,0.019725290015540697,0.013481264717177236,0.026362234022816976,0.019748791899999323,0.013907041305452181,2.100037011756467e-05,2.1000666534041436e-05,3.6000858703369635e-05,0,normal,-1
2082.0,2.1e-05,1.5e-05,0.025969114927857914,0.019725269762466444,0.013481252522082385,0.025449733869867534,0.019801561978853105,0.0139090582915834,2.1000363609279014e-05,2.100065298324809e-05,3.600084242025395e-05,0,normal,-1
2083.0,2.1e-05,1.5e-05,0.025969090944556666,0.019725250606272608,0.013481240051529586,0.026786179748454448,0.019902281376791068,0.013863039399843718,2.1000355491602507e-05,2.1000641740256634e-05,3.600082576933412e-05,0,normal,-1
2084.0,2.1e-05,1.5e-05,0.025969067155113778,0.01972523240226541,0.013481227399969771,0.02663195578198779,0.01988172968875173,0.01323821712993093,2.1000346098652418e-05,2.1000632402909813e-05,3.60008088767224e-05,0,normal,-1
2085.0,2.1e-05,1.5e-05,0.025969043702875345,0.019725214811449593,0.013481214802215537,0.025592175400211123,0.01954546325707092,0.012894053401988894,2.1000336241574415e-05,2.1000624006258e-05,3.600079205594507e-05,0,normal,-1
2086.0,2.1e-05,1.5e-05,0.025969020820546355,0.019725197300528425,0.01348120263344115,0.025648093984315116,0.020435331914576055,0.014120076113933296,2.1000327208543835e-05,2.1000615022558467e-05,3.600077580794288e-05,0,normal,-1
2087.0,2.1e-05,1.5e-05,0.025968998830190666,0.019725179141903682,0.013481191409182544,0.026363529545334916,0.019226243946005587,0.013360135511818652,2.1000320764766577e-05,2.100060336127416e-05,3.600076082107143e-05,0,normal,-1
2088.0,2.1e-05,1.5e-05,0.025968977784967637,0.019725160194692334,0.013481181221881812,0.025937670348737667,0.019308504137189618,0.014038998865626347,2.100031723656396e-05,2.1000588630025418e-05,3.600074721876303e-05,0,normal,-1
2089.0,2.1e-05,1.5e-05,0.025968957247257046,0.01972514138850545,0.013481171391899591,0.02573275267109758,0.019701214615817392,0.014090462651359664,2.1000314324679585e-05,2.1000573535031495e-05,3.6000734093549296e-05,0,normal,-1
2090.0,2.1e-05,1.5e-05,0.025968936979221233,0.019725123217915155,0.013481161553628773,0.025689565252793076,0.020544549261680704,0.01326215468498797,2.1000310797427994e-05,2.1000559522828808e-05,3.6000720957263664e-05,0,normal,-1
2091.0,2.1e-05,1.5e-05,0.025968916832715433,0.01972510598237949,0.013481151482379375,0.02585835095456934,0.020267121477767304,0.01340244766858818,2.1000305902079816e-05,2.1000547474863796e-05,3.600070750989469e-05,0,normal,-1
2092.0,2.1e-05,1.5e-05,0.025968896749069093,0.01972508978671913,0.013481141094034645,0.026599255673419323,0.020324069506868575,0.014073099085569973,2.1000299363692478e-05,2.1000537708870467e-05,3.6000693639127325e-05,0,normal,-1
2093.0,2.1e-05,1.5e-05,0.02596887675908588,0.01972507454111737,0.013481130445051056,0.02575292906083345,0.020559734534970613,0.013326141808986338,2.1000291385110636e-05,2.100052997886853e-05,3.600067942034315e-05,0,normal,-1
2094.0,2.1e-05,1.5e-05,0.025968856983043676,0.019725059961120128,0.013481119732458306,0.025919590528783672,0.01930343330687932,0.013642132314764806,2.1000282646967018e-05,2.1000523475162274e-05,3.6000665116620784e-05,0,normal,-1
2095.0,2.1e-05,1.5e-05,0.025968837630694578,0.019725045567635935,0.013481109293859324,0.026474432061324375,0.018337736939590298,0.013175172599955218,2.100027430768365e-05,2.100051682434005e-05,3.600065117873631e-05,0,normal,-1
2096.0,2.1e-05,1.5e-05,0.025968819001264905,0.019725030686935957,0.01348109960743026,0.026695841104603796,0.02002476825280179,0.013025504814336319,2.1000268003472773e-05,2.1000508089273612e-05,3.600063824516352e-05,0,normal,-1
2097.0,2.1e-05,1.5e-05,0.025968801318548434,0.019725014810151924,0.013481091032564342,0.02583916720797923,0.019202719432961576,0.013743506003187701,2.100026496644893e-05,2.1000495809827113e-05,3.600062679577497e-05,0,normal,-1
2098.0,2.1e-05,1.5e-05,0.02596878417521216,0.019724998804761303,0.013481082935880073,0.025677384354646608,0.01958826268846512,0.013370266309220563,2.100026305277353e-05,2.1000482509952456e-05,3.600061598486391e-05,0,normal,-1
2099.0,2.1e-05,1.5e-05,0.02596876729069004,0.01972498326233477,0.01348107488320788,0.026134823556631298,0.020092003317212604,0.012668490296198482,2.100026079578036e-05,2.100046991461121e-05,3.600060523271573e-05,0,normal,-1
2100.0,2.1e-05,1.5e-05,0.02596875049330596,0.019724968537411507,0.013481066611511449,0.026299244415850166,0.019176142288566417,0.01421804761488654,2.100025731053639e-05,2.100045906236749e-05,3.600059418811706e-05,0,normal,-1
2101.0,2.1e-05,1.5e-05,0.025968733700922956,0.01972495478968121,0.013481057998455037,0.0255261109763857,0.01955528229349731,0.013409362581592602,2.100025219036255e-05,2.100045042750005e-05,3.6000582687721465e-05,0,normal,-1
2102.0,2.1e-05,1.5e-05,0.025968716920943238,0.01972494198398406,0.013481049062403464,0.027243460229466523,0.020236700059979205,0.012865801577982245,2.1000245506833974e-05,2.1000443920000374e-05,3.600057075604975e-05,0,normal,-1
2103.0,2.1e-05,1.5e-05,0.025968700250308174,0.019724929890310754,0.013481039962422123,0.025674956979132895,0.02030933812546875,0.0134109217970938,2.1000237809780578e-05,2.100043888557165e-05,3.600055860549025e-05,0,normal,-1
2104.0,2.1e-05,1.5e-05,0.02596868387549831,0.01972491808380248,0.01348103099827697,0.026434147934145624,0.020148168410644963,0.013129460618944972,2.1000230127288125e-05,2.1000434105628335e-05,3.600054663629917e-05,0,normal,-1
2105.0,2.1e-05,1.5e-05,0.025968668072533348,0.019724905944750938,0.013481022610434532,0.02561480121146816,0.020413708740958974,0.0133573138919371,2.1000223965699203e-05,2.1000427797295854e-05,3.6000535436600874e-05,0,normal,-1
2106.0,2.1e-05,1.5e-05,0.02596865315330704,0.019724892775588605,0.013481015295660285,0.026433222250532105,0.019471892103408925,0.013967075944958784,2.1000221022622797e-05,2.1000417952086025e-05,3.60005256696925e-05,0,normal,-1
2107.0,2.1e-05,1.5e-05,0.025968638839819144,0.0197248791651149,0.013481008622825173,0.026968870027405042,0.019626824840692354,0.014272704026912254,2.1000219840366196e-05,2.1000406285189057e-05,3.600051675991841e-05,0,normal,-1
2108.0,2.1e-05,1.5e-05,0.025968624791044642,0.019724865839928763,0.013481002061531735,0.02577081523314669,0.02021010115090847,0.01357192101393904,2.1000218623510014e-05,2.100039491047106e-05,3.600050799907604e-05,0,normal,-1
2109.0,2.1e-05,1.5e-05,0.025968610812128715,0.019724853208274495,0.01348099531116654,0.025116810807658138,0.02019814548431209,0.01317933326158164,2.1000216357824298e-05,2.1000385020006876e-05,3.6000498985776974e-05,0,normal,-1
2110.0,2.1e-05,1.5e-05,0.02596859679765986,0.019724841483697023,0.013480988211686973,0.026264364126861048,0.020238014719663713,0.013293519682205655,2.1000212506920568e-05,2.1000377242054817e-05,3.600048950632703e-05,0,normal,-1
2111.0,2.1e-05,1.5e-05,0.02596858273166986,0.019724830685041893,0.013480980743621257,0.02601197746731861,0.020264000661857674,0.013549923608581876,2.1000207012251727e-05,2.100037164105489e-05,3.600047953472648e-05,0,normal,-1
2112.0,2.1e-05,1.5e-05,0.025968568687633826,0.019724820636455247,0.013480973028068435,0.025160740422226734,0.020788884533684878,0.013587267142776133,2.1000200293112573e-05,2.1000367717627644e-05,3.600046923267033e-05,0,normal,-1
2113.0,2.1e-05,1.5e-05,0.02596855482847016,0.01972481096738385,0.013480965326698381,0.02683665379347334,0.02006015956102886,0.013336227551746441,2.1000193246640568e-05,2.1000364408573865e-05,3.600045894954853e-05,0,normal,-1
2114.0,2.1e-05,1.5e-05,0.025968541406540573,0.019724801112575078,0.013480958041751792,0.025748745089089888,0.019196318655948612,0.013965362235182275,2.1000187247816884e-05,2.100036008687447e-05,3.600044922244629e-05,0,normal,-1
2115.0,2.1e-05,1.5e-05,0.02596852875782335,0.019724790324779206,0.013480951706876222,0.025374626155845757,0.019919512627554425,0.013287337734313478,2.1000184118306534e-05,2.1000352598461854e-05,3.600044076390824e-05,0,normal,-1
2116.0,2.1e-05,1.5e-05,0.025968516796356762,0.01972477877689566,0.013480946192000898,0.02689103151346105,0.01947829719041417,0.013762602282450744,2.1000183422784108e-05,2.100034245283364e-05,3.600043340026037e-05,0,normal,-1
2117.0,2.1e-05,1.5e-05,0.02596850512034051,0.019724767330717357,0.013480940870188248,0.026099279271082295,0.019334485976909083,0.013629964839547714,2.1000183036265725e-05,2.100033215356586e-05,3.600042629439487e-05,0,normal,-1
2118.0,2.1e-05,1.5e-05,0.025968493511909753,0.019724756447316354,0.01348093540369309,0.02623476039592932,0.020330153188240444,0.015160553491826292,2.1000181816983417e-05,2.100032304402002e-05,3.600041899534291e-05,0,normal,-1
2119.0,2.1e-05,1.5e-05,0.025968481842471466,0.019724746393390034,0.013480929595088911,0.026226836454141554,0.020627738723561974,0.013639339157851607,2.1000179100177213e-05,2.1000315904709742e-05,3.600041123949361e-05,0,normal,-1
2120.0,2.1e-05,1.5e-05,0.025968470072704437,0.019724737241261076,0.013480923387267873,0.027039869886707982,0.01996900223464694,0.013441850113455962,2.1000174698094955e-05,2.1000310953298953e-05,3.60004029505943e-05,0,normal,-1
2121.0,2.1e-05,1.5e-05,0.02596845825255928,0.019724728868877477,0.013480916863440802,0.0260701650706546,0.019949532375546152,0.01356867841731884,2.100016889999252e-05,2.1000307844600833e-05,3.600039423975065e-05,0,normal,-1
2122.0,2.1e-05,1.5e-05,0.02596844652125841,0.019724720959812547,0.013480910247137197,0.025427636911239126,0.019529522726821794,0.013864125943336662,2.1000162472134456e-05,2.10003056705774e-05,3.600038540542693e-05,0,normal,-1
2123.0,2.1e-05,1.5e-05,0.025968435107296066,0.019724713003264893,0.013480903902205224,0.024626054427845198,0.019514537230973995,0.013674479757931129,2.1000156657794954e-05,2.100030296033956e-05,3.600037693344621e-05,0,normal,-1
2124.0,2.1e-05,1.5e-05,0.0259684243284383,0.019724704294058443,0.013480898332811724,0.02570924400722173,0.01887935649909323,0.013525237876377902,2.1000153177258447e-05,2.100029768014678e-05,3.6000369496990636e-05,0,normal,-1
2125.0,2.1e-05,1.5e-05,0.025968414309898165,0.019724694547038058,0.013480893740195916,0.026769992617291325,0.020121471630414386,0.013071621454847773,2.100015272064313e-05,2.1000289012032055e-05,3.600036336476279e-05,0,normal,-1
2126.0,2.1e-05,1.5e-05,0.0259684046153899,0.01972468470143785,0.01348088944238346,0.02564327777917481,0.01950929657529148,0.013472149594003653,2.1000152974734756e-05,2.1000279682364462e-05,3.6000357626166176e-05,0,normal,-1
2127.0,2.1e-05,1.5e-05,0.025968394999963524,0.019724675279613642,0.013480885058239465,0.02567479318175592,0.020033537051827997,0.013584810103331223,2.1000152649153597e-05,2.1000271210536802e-05,3.6000351772295586e-05,0,normal,-1
2128.0,2.1e-05,1.5e-05,0.02596838531143987,0.019724666601877695,0.013480880352465393,0.026711060086689793,0.019962343709245347,0.013542442946908649,2.100015094930976e-05,2.100026453091698e-05,3.600034548897161e-05,0,normal,-1
2129.0,2.1e-05,1.5e-05,0.025968375486849094,0.01972465879426276,0.013480875229997767,0.026254055772060095,0.01873608986060162,0.013496263201434598,2.100014755735678e-05,2.1000260015322785e-05,3.6000338649261697e-05,0,normal,-1
2130.0,2.1e-05,1.5e-05,0.025968365552430667,0.019724651788522053,0.01348086973600816,0.025708320248858697,0.02035064473080907,0.013426298488992374,2.1000142632191653e-05,2.1000257473020686e-05,3.6000331313480334e-05,0,normal,-1
2131.0,2.1e-05,1.5e-05,0.02596835562363339,0.019724645322129274,0.013480864055903197,0.02614569938141971,0.019890751744830935,0.013492950979266324,2.1000136809455287e-05,2.1000256150725406e-05,3.600032372918918e-05,0,normal,-1
2132.0,2.1e-05,1.5e-05,0.025968345905115382,0.019724638938278593,0.013480858515324557,0.02599469741708007,0.019942462831914927,0.013584763016824998,2.1000131201533388e-05,2.1000254732600016e-05,3.6000316331197315e-05,0,normal,-1
2133.0,2.1e-05,1.5e-05,0.025968336690744085,0.019724631985884658,0.013480853580148972,0.026217935369858662,0.01903156255694744,0.012593781132444854,2.1000127397557166e-05,2.100025134025598e-05,3.600030974156142e-05,0,normal,-1
2134.0,2.1e-05,1.5e-05,0.025968328244908835,0.019724623878328497,0.013480849669819793,0.026022914767652013,0.0198013435261844,0.012819138134128463,2.100012682867183e-05,2.1000244281802694e-05,3.6000304520338925e-05,0,normal,-1
2135.0,2.1e-05,1.5e-05,0.025968320199265447,0.019724615408623906,0.013480846208549276,0.026107970840774847,0.019352887204538725,0.01369151785783322,2.1000127541817296e-05,2.100023585914385e-05,3.600029989871627e-05,0,normal,-1
2136.0,2.1e-05,1.5e-05,0.025968312257440805,0.01972460721310773,0.01348084273366234,0.025372826068590804,0.01974757171287619,0.013424273309888865,2.1000127968451373e-05,2.100022792048188e-05,3.600029525891184e-05,0,normal,-1
2137.0,2.1e-05,1.5e-05,0.025968304242994362,0.019724599666826884,0.013480838971050924,0.026376872005900148,0.02073381935420429,0.013831070812962391,2.1000127181135386e-05,2.1000221557499048e-05,3.60002902349258e-05,0,normal,-1
2138.0,2.1e-05,1.5e-05,0.025968296068805182,0.019724592950273994,0.013480834787027721,0.026241658762253685,0.01920035393125926,0.013524713129954435,2.100012472982232e-05,2.1000217298552194e-05,3.600028464825342e-05,0,normal,-1
2139.0,2.1e-05,1.5e-05,0.025968287737071938,0.019724587049387423,0.013480830188326205,0.026284691396129985,0.01890756941671822,0.013424502227060436,2.1000120641856624e-05,2.100021510867153e-05,3.600027850788525e-05,0,normal,-1
2140.0,2.1e-05,1.5e-05,0.02596827933931291,0.019724581755551248,0.013480825322100614,0.02629699572461539,0.019691416457172362,0.013309051818183067,2.1000115421974562e-05,2.100021438956006e-05,3.600027201030721e-05,0,normal,-1
2141.0,2.1e-05,1.5e-05,0.02596827105636599,0.019724576665595277,0.013480820475925954,0.02595993202448098,0.019715024960355074,0.01300186177817973,2.100011005230489e-05,2.1000213979593724e-05,3.600026553950081e-05,0,normal,-1
2142.0,2.1e-05,1.5e-05,0.025968263158388672,0.01972457118179504,0.013480816077798002,0.02582869150381105,0.019897493089806737,0.01317650749364965,2.100010599236969e-05,2.1000212153821656e-05,3.6000259666943296e-05,0,normal,-1
2143.0,2.1e-05,1.5e-05,0.025968255974471725,0.01972456457811582,0.013480812648342477,0.024393783673033197,0.02047135011997066,0.013999735100105347,2.100010501658052e-05,2.100020681573757e-05,3.6000255087795546e-05,0,normal,-1
2144.0,2.1e-05,1.5e-05,0.025968249292399777,0.019724557308793196,0.01348080985676465,0.0260433585974609,0.019368687292831942,0.013276935730773487,2.100010600416341e-05,2.100019928552299e-05,3.600025136036747e-05,0,normal,-1
2145.0,2.1e-05,1.5e-05,0.025968242751218906,0.019724550152525673,0.013480807138262751,0.024488263929620818,0.01995112062475444,0.013787402973931882,2.100010703855817e-05,2.100019182253864e-05,3.600024773051298e-05,0,normal,-1
2146.0,2.1e-05,1.5e-05,0.0259682361499643,0.019724543539372075,0.013480804179610244,0.026156457923348746,0.01913210438759964,0.014175195906078693,2.1000107058568772e-05,2.1000185676767187e-05,3.600024377999918e-05,0,normal,-1
2147.0,2.1e-05,1.5e-05,0.02596822937713379,0.0197245377044965,0.013480800808236545,0.02633072579677793,0.019086278084231138,0.014643116854022763,2.1000105481204543e-05,2.100018153389711e-05,3.6000239278402655e-05,0,normal,-1
2148.0,2.1e-05,1.5e-05,0.02596822241068782,0.01972453268816831,0.013480796992227014,0.026310001470439187,0.019892895620654508,0.01243166237411939,2.1000102201679827e-05,2.1000179515321427e-05,3.600023418310943e-05,0,normal,-1
2149.0,2.1e-05,1.5e-05,0.025968215318049475,0.01972452833576215,0.013480792840322955,0.025876191553521864,0.020128229603349493,0.014522693018827533,2.1000097593414143e-05,2.1000179178137055e-05,3.600022863931517e-05,0,normal,-1
2150.0,2.1e-05,1.5e-05,0.02596820825610446,0.019724524297757923,0.013480788601921619,0.026399594688113672,0.019518218250806216,0.013367581466842781,2.1000092508032737e-05,2.100017951514486e-05,3.600022298002529e-05,0,normal,-1
2151.0,2.1e-05,1.5e-05,0.025968201471201106,0.01972452002974082,0.013480784667076199,0.02665301866897131,0.019166529716946382,0.01302652745814485,2.100008827536739e-05,2.1000178954850063e-05,3.6000217726055095e-05,0,normal,-1
2152.0,2.1e-05,1.5e-05,0.025968195298591783,0.019724514793619072,0.013480781565617286,0.025847120450818065,0.019069785363831766,0.013905422553221728,2.1000086700469418e-05,2.1000175364987365e-05,3.6000213584856894e-05,0,normal,-1
2153.0,2.1e-05,1.5e-05,0.025968189734770112,0.019724508589967677,0.013480779294530123,0.02591682386506043,0.01949687630566593,0.013520984876763408,2.1000087776475733e-05,2.10001687515921e-05,3.6000210552405624e-05,0,normal,-1
2154.0,2.1e-05,1.5e-05,0.025968184359509372,0.019724502328019262,0.013480777195325134,0.026608697571407252,0.019641245191895588,0.01305183065666703,2.100008926762478e-05,2.10001617511021e-05,3.6000207749458445e-05,0,normal,-1
2155.0,2.1e-05,1.5e-05,0.025968178947779218,0.019724496491596126,0.013480774916466567,0.026070093584574273,0.020034969255362814,0.014004835472587516,2.1000089981833984e-05,2.100015576834017e-05,3.600020470662998e-05,0,normal,-1
2156.0,2.1e-05,1.5e-05,0.02596817336400338,0.01972449136962053,0.013480772247069735,0.027158890818971843,0.01935590888899163,0.01375515001845307,2.100008920522124e-05,2.1000151643833614e-05,3.600020114233794e-05,0,normal,-1
2157.0,2.1e-05,1.5e-05,0.025968167562059694,0.019724487056114685,0.013480769116901012,0.02584702784280597,0.019037935674955323,0.013764225149658955,2.100008670210454e-05,2.100014965381295e-05,3.6000196962803266e-05,0,normal,-1
2158.0,2.1e-05,1.5e-05,0.02596816158528009,0.019724483450200777,0.013480765596377842,0.026149734416225694,0.01912635842020257,0.014360323888942804,2.1000082715001907e-05,2.100014951021115e-05,3.600019226205012e-05,0,normal,-1
2159.0,2.1e-05,1.5e-05,0.025968155566450584,0.01972448025610093,0.013480761896568737,0.02553726571462299,0.018876310466784913,0.014015073919926641,2.100007796463186e-05,2.1000150360663562e-05,3.6000187321906055e-05,0,normal,-1
2160.0,2.1e-05,1.5e-05,0.025968149727811297,0.01972447698313724,0.01348075836919327,0.02611692785063511,0.019400766307676454,0.013744425263782938,2.100007364991414e-05,2.100015078850841e-05,3.600018261200216e-05,0,normal,-1
2161.0,2.1e-05,1.5e-05,0.02596814438105644,0.019724472945731757,0.013480755506622087,0.0257357894363478,0.019674473094954438,0.013331186126907132,2.1000071447970193e-05,2.100014881278688e-05,3.6000178789773176e-05,0,normal,-1
2162.0,2.1e-05,1.5e-05,0.025968139714130846,0.01972446772820936,0.013480753606553002,0.025159887062570333,0.020307716326193336,0.013851282593714848,2.1000072373913532e-05,2.1000143233817045e-05,3.600017625271844e-05,0,normal,-1
2163.0,2.1e-05,1.5e-05,0.02596813530362658,0.019724462247838772,0.01348075200510436,0.02501115569701682,0.02041649609911233,0.013468716241909734,2.100007417311673e-05,2.1000136710622077e-05,3.600017411439455e-05,0,normal,-1
2164.0,2.1e-05,1.5e-05,0.025968130890042247,0.019724457064681712,0.013480750296139453,0.026160404984458572,0.020235402791821726,0.014297473512114654,2.1000075467313573e-05,2.1000130868060724e-05,3.6000171832510115e-05,0,normal,-1
2165.0,2.1e-05,1.5e-05,0.02596812631417403,0.019724452520240552,0.013480748231234069,0.02555280158794732,0.019429026032155385,0.0125104977202463,2.1000075414462434e-05,2.1000126698215557e-05,3.600016907535826e-05,0,normal,-1
2166.0,2.1e-05,1.5e-05,0.025968121506105828,0.019724448761460373,0.01348074570236052,0.025913539077756197,0.019600117205880514,0.012684639397235097,2.1000073649866034e-05,2.1000124629876388e-05,3.600016569869555e-05,0,normal,-1
2167.0,2.1e-05,1.5e-05,0.02596811648520926,0.019724445740728968,0.013480742741887635,0.02593349977838902,0.02005109638692186,0.013553032407239067,2.1000070286171237e-05,2.1000124528539375e-05,3.6000161745742106e-05,0,normal,-1
2168.0,2.1e-05,1.5e-05,0.025968111360143667,0.01972444321587683,0.013480739522580772,0.025750167322865065,0.019880461600211948,0.01344634169438369,2.1000065913369298e-05,2.100012569640685e-05,3.600015744718168e-05,0,normal,-1
2169.0,2.1e-05,1.5e-05,0.025968106328856107,0.019724440750177163,0.013480736357601804,0.02681386964202024,0.020307429382205807,0.013401547081596514,2.1000061598796592e-05,2.1000126872387764e-05,3.6000153221161745e-05,0,normal,-1
2170.0,2.1e-05,1.5e-05,0.025968101678581355,0.019724437712345867,0.013480733700509133,0.02585338616346478,0.01925032461217165,0.013250375768272156,2.1000058887135174e-05,2.100012623209804e-05,3.600014967329368e-05,0,normal,-1
2171.0,2.1e-05,1.5e-05,0.025968097705317387,0.01972443345209225,0.013480732018609656,0.025675589588821504,0.020009233803351345,0.01449379401934628,2.100005936976841e-05,2.1000121896068664e-05,3.600014742754667e-05,0,normal,-1
2172.0,2.1e-05,1.5e-05,0.025968094087746304,0.01972442866504336,0.013480730808261697,0.025472597306363372,0.019870790345387773,0.013623004264501462,2.1000061336490292e-05,2.1000115881113667e-05,3.600014581143614e-05,0,normal,-1
2173.0,2.1e-05,1.5e-05,0.025968090509783194,0.019724424035531346,0.013480729574011703,0.02638797543625183,0.01975112658333243,0.013374279251873853,2.1000063104889863e-05,2.1000110171283757e-05,3.600014416341047e-05,0,normal,-1
2174.0,2.1e-05,1.5e-05,0.02596808678850958,0.01972441995765688,0.01348072802981962,0.02575900813651687,0.019871850485120076,0.01305235653293354,2.1000063704588797e-05,2.100010591037582e-05,3.6000142101536193e-05,0,normal,-1
2175.0,2.1e-05,1.5e-05,0.02596808283015751,0.01972441663124577,0.013480726029832087,0.02658338815206318,0.019103771967758202,0.013701250684958912,2.1000062641847857e-05,2.100010367972147e-05,3.600013943106328e-05,0,normal,-1
2176.0,2.1e-05,1.5e-05,0.025968078630109546,0.019724414061848952,0.013480723568382438,0.026232842294099532,0.01992704606035721,0.01360062496516448,2.1000059899566534e-05,2.100010349818607e-05,3.6000136144425216e-05,0,normal,-1
2177.0,2.1e-05,1.5e-05,0.025968074272898784,0.019724412060742512,0.0134807207799907,0.02572827829383092,0.0195467753764031,0.013461984045142423,2.1000055937283165e-05,2.1000104822168434e-05,3.6000132421239034e-05,0,normal,-1
2178.0,2.1e-05,1.5e-05,0.025968069932208824,0.019724410244927652,0.013480717939363592,0.02618793967232528,0.01958827011482982,0.013385352744685242,2.100005169117552e-05,2.100010654560116e-05,3.600012862830544e-05,0,normal,-1
2179.0,2.1e-05,1.5e-05,0.025968065870873795,0.01972440803713072,0.013480715461394526,0.026241860129159886,0.01959261615099723,0.014347775334092662,2.1000048574061462e-05,2.100010699995119e-05,3.600012531960892e-05,0,normal,-1
2180.0,2.1e-05,1.5e-05,0.025968062426069777,0.019724404698087193,0.013480713877872865,0.025553897263006244,0.020725860901980128,0.013672403358060399,2.1000048396202944e-05,2.1000104047679823e-05,3.6000123205218916e-05,0,normal,-1
2181.0,2.1e-05,1.5e-05,0.025968059453042397,0.019724400539275423,0.01348071296258043,0.02609140858498455,0.019972992628255352,0.01340894402430556,2.1000050390348804e-05,2.100009859303334e-05,3.600012198307886e-05,0,normal,-1
2182.0,2.1e-05,1.5e-05,0.025968056572041757,0.019724396384587978,0.013480712119661726,0.026148036428360475,0.01996663851998941,0.013520240449920758,2.1000052532320852e-05,2.1000093023609946e-05,3.6000120857575454e-05,0,normal,-1
2183.0,2.1e-05,1.5e-05,0.025968053575730125,0.019724392682115833,0.01348071102440357,0.02601287758255422,0.020620789552922042,0.013397306360414678,2.100005371987807e-05,2.1000088639039897e-05,3.600011939513688e-05,0,normal,-1
2184.0,2.1e-05,1.5e-05,0.025968050345973066,0.019724389685546087,0.013480709492367472,0.026278723673216816,0.0203222852425746,0.01406723308065339,2.100005332772463e-05,2.1000086176122992e-05,3.600011734949241e-05,0,normal,-1
2185.0,2.1e-05,1.5e-05,0.02596804685383944,0.01972438745416196,0.013480707479389625,0.025902788284997747,0.020316510318904312,0.01344818243013003,2.1000051207509467e-05,2.1000085808827538e-05,3.60001146616724e-05,0,normal,-1
2186.0,2.1e-05,1.5e-05,0.025968043159601432,0.019724385852842807,0.013480705081580916,0.026765328670671867,0.01927544125732871,0.013695369662583043,2.1000047687826218e-05,2.1000087148289882e-05,3.600011146000837e-05,0,normal,-1
2187.0,2.1e-05,1.5e-05,0.0259680394127345,0.019724384552064097,0.013480702535326919,0.02724778738196665,0.019676413221339204,0.013375215193262176,2.100004357421365e-05,2.100008924281467e-05,3.600010806013309e-05,0,normal,-1
2188.0,2.1e-05,1.5e-05,0.02596803585191743,0.019724383027897426,0.013480700217287896,0.025772866814449576,0.019685400013269138,0.013936557313120157,2.1000040149156405e-05,2.1000090577875426e-05,3.6000104964980644e-05,0,normal,-1
2189.0,2.1e-05,1.5e-05,0.025968032805032296,0.01972438056201052,0.0134806986443988,0.02502018124109361,0.020200551792875467,0.012123838708897274,2.100003917208523e-05,2.100008907611468e-05,3.600010286478654e-05,0,normal,-1
2190.0,2.1e-05,1.5e-05,0.0259680303452047,0.01972437699153581,0.013480697932890685,0.02616766821227937,0.0204832152387412,0.014162723203207954,2.1000041039872783e-05,2.1000084268169556e-05,3.6000101914748024e-05,0,normal,-1
2191.0,2.1e-05,1.5e-05,0.025968028040128755,0.019724373255582798,0.01348069740402262,0.026204308340331783,0.020063687880999225,0.012887721660251941,2.1000043446194347e-05,2.100007887478993e-05,3.600010120857894e-05,0,normal,-1
2192.0,2.1e-05,1.5e-05,0.025968025656941993,0.019724369858521773,0.013480696692712388,0.026055338491496435,0.020144990878973326,0.013434383147723345,2.100004515123758e-05,2.1000074358140937e-05,3.600010025880461e-05,0,normal,-1
2193.0,2.1e-05,1.5e-05,0.02596802305268925,0.019724367108772744,0.01348069557526385,0.0253498998771925,0.020242310853764593,0.01438734846117374,2.1000045395920234e-05,2.1000071613087424e-05,3.6000098766735575e-05,0,normal,-1
2194.0,2.1e-05,1.5e-05,0.02596802017380034,0.019724365119944107,0.01348069396854547,0.02616422873858859,0.01998069242934384,0.012210068976309205,2.100004389909634e-05,2.1000070970489328e-05,3.600009662137068e-05,0,normal,-1
2195.0,2.1e-05,1.5e-05,0.025968017056090073,0.019724363810832653,0.013480691929990312,0.02640582047889056,0.019101448219830588,0.013342551836570264,2.100004085755602e-05,2.1000072197201043e-05,3.60000938993971e-05,0,normal,-1
2196.0,2.1e-05,1.5e-05,0.02596801382475824,0.019724362905423565,0.01348068965759604,0.025566303944338713,0.020083884393710023,0.01408429419821361,2.1000036946025756e-05,2.100007449607152e-05,3.600009086519044e-05,0,normal,-1
2197.0,2.1e-05,1.5e-05,0.02596801069438961,0.019724361932890424,0.013480687489924922,0.026897312392391168,0.01939044156477818,0.013557873016162073,2.100003331716906e-05,2.100007650594491e-05,3.600008797081477e-05,0,normal,-1
2198.0,2.1e-05,1.5e-05,0.025968007968953953,0.019724360227595193,0.013480685906103825,0.025563642456187457,0.019384475342973058,0.013951785020066861,2.1000031601586984e-05,2.1000076301660867e-05,3.600008585602275e-05,0,normal,-1
2199.0,2.1e-05,1.5e-05,0.02596800588587771,0.01972435726902832,0.013480685280580803,0.026371602455500076,0.020127745425902288,0.013620581991751425,2.1000033073909817e-05,2.1000072378161582e-05,3.600008502079512e-05,0,normal,-1
2200.0,2.1e-05,1.5e-05,0.02596800404895529,0.019724353918132664,0.013480684991204493,0.02591156202295048,0.01930328739240928,0.01416036297881518,2.100003561997607e-05,2.1000067229577878e-05,3.6000084634406316e-05,0,normal,-1
2201.0,2.1e-05,1.5e-05,0.02596800217980842,0.019724350779038443,0.013480684601117874,0.025255131349049994,0.020064309676603376,0.01420385069859158,2.100003775566094e-05,2.1000062606546814e-05,3.600008411354438e-05,0,normal,-1
2202.0,2.1e-05,1.5e-05,0.02596800011085288,0.019724348214380974,0.013480683847703883,0.02598411022136105,0.019556960340361588,0.01331050551469661,2.1000038589288444e-05,2.1000059560561638e-05,3.600008310755068e-05,0,normal,-1
2203.0,2.1e-05,1.5e-05,0.025967997763980396,0.019724346391775994,0.013480682609056558,0.025926514430445052,0.019713999086761993,0.013376323745038431,2.1000037707621892e-05,2.100005857851447e-05,3.600008145365062e-05,0,normal,-1
2204.0,2.1e-05,1.5e-05,0.025967995150558608,0.019724345283819653,0.013480680903981038,0.027314844140488057,0.01958343598333358,0.012540454303763356,2.1000035175863536e-05,2.10000595826955e-05,3.600007917695361e-05,0,normal,-1
2205.0,2.1e-05,1.5e-05,0.02596799237143109,0.01972434466808852,0.013480678891993565,0.02653186880568614,0.019965758957434618,0.01345813454549677,2.100003153765471e-05,2.1000061930792938e-05,3.6000076490453146e-05,0,normal,-1
2206.0,2.1e-05,1.5e-05,0.025967989616917334,0.01972434412713958,0.013480676873321483,0.026944209764633225,0.019605527942095906,0.0135458606781355,2.1000027815076393e-05,2.1000064415893584e-05,3.600007379502688e-05,0,normal,-1
2207.0,2.1e-05,1.5e-05,0.02596798716681276,0.01972434304851024,0.013480675288903237,0.026741968674146376,0.019601141988404448,0.013331372166614815,2.100002550864983e-05,2.1000065266483382e-05,3.6000071679436686e-05,0,normal,-1
2208.0,2.1e-05,1.5e-05,0.02596798534118024,0.019724340731997917,0.013480674642993504,0.026014591704385776,0.019931080327448374,0.013460206565768823,2.1000026334168386e-05,2.1000062457015687e-05,3.600007081698743e-05,0,normal,-1
2209.0,2.1e-05,1.5e-05,0.025967983876860695,0.0197243377489399,0.013480674522537546,0.025682696527030167,0.019643365627951357,0.013451567876706183,2.1000028888249217e-05,2.1000057642950677e-05,3.600007065614892e-05,0,normal,-1
2210.0,2.1e-05,1.5e-05,0.02596798243374317,0.019724334838494704,0.013480674393428307,0.026897269072764345,0.018886172169921285,0.01344214826375382,2.1000031355871586e-05,2.1000052965550578e-05,3.600007048375615e-05,0,normal,-1
2211.0,2.1e-05,1.5e-05,0.02596798082030315,0.01972433241592777,0.013480673955240599,0.02543905094955431,0.019439489591824902,0.01296982542585458,2.10000327165898e-05,2.1000049628399838e-05,3.600006989866715e-05,0,normal,-1
2212.0,2.1e-05,1.5e-05,0.02596797893437335,0.019724330701735578,0.013480673048076574,0.026012897729698888,0.019264362477442752,0.012860229989741335,2.1000032427776653e-05,2.1000048271212205e-05,3.600006868737872e-05,0,normal,-1
2213.0,2.1e-05,1.5e-05,0.025967976763143736,0.019724329721645662,0.013480671652565722,0.025696806367428524,0.019991541394238768,0.013387582217231755,2.1000030424623008e-05,2.1000048969829912e-05,3.600006682402636e-05,0,normal,-1
2214.0,2.1e-05,1.5e-05,0.025967974383161525,0.019724329306616585,0.013480669889864868,0.026345800673174193,0.01992324231776875,0.013618342814455517,2.100002712013778e-05,2.1000051236223383e-05,3.6000064470384334e-05,0,normal,-1
2215.0,2.1e-05,1.5e-05,0.02596797196033118,0.019724329092837962,0.013480668021658175,0.02699001446485311,0.020037037349289903,0.012672561353253292,2.1000023405148407e-05,2.100005401849173e-05,3.600006197586573e-05,0,normal,-1
2216.0,2.1e-05,1.5e-05,0.0259679697499144,0.019724328521730443,0.013480666450157146,0.02588769972974744,0.02002385371574744,0.013449080883722072,2.1000020648301495e-05,2.100005570086339e-05,3.600005987752254e-05,0,normal,-1
2217.0,2.1e-05,1.5e-05,0.025967968091891128,0.019724326850059242,0.013480665710804408,0.025474469887943045,0.02026449621406451,0.013675357934116492,2.100002067125339e-05,2.1000054132974218e-05,3.600005889030342e-05,0,normal,-1
2218.0,2.1e-05,1.5e-05,0.025967966916448294,0.019724324228024948,0.013480665694506044,0.026516236334030014,0.019797036148391192,0.013771001122171816,2.1000023104004382e-05,2.1000049750881717e-05,3.6000058868541065e-05,0,normal,-1
2219.0,2.1e-05,1.5e-05,0.025967965822760748,0.0197243215275216,0.013480665771532587,0.025202914431567722,0.02007695053097038,0.013931932200843175,2.1000025806206322e-05,2.1000045079880566e-05,3.600005897139059e-05,0,normal,-1
2220.0,2.1e-05,1.5e-05,0.025967964595692533,0.019724319215657482,0.01348066560419284,0.026166440652188393,0.019855318538760262,0.013133068084918329,2.100002763052077e-05,2.100004147341073e-05,3.6000058747950556e-05,0,normal,-1
2221.0,2.1e-05,1.5e-05,0.025967963109268438,0.0197243175651936,0.013480664995016278,0.025688897512440977,0.019670195536622522,0.013339699776025902,2.100002790638846e-05,2.100003972226635e-05,3.600005793454887e-05,0,normal,-1
2222.0,2.1e-05,1.5e-05,0.025967961326673974,0.019724316654543626,0.013480663886753048,0.026250377911875428,0.01870897328053994,0.013352565978110586,2.1000026440028846e-05,2.1000040054594758e-05,3.6000056454742744e-05,0,normal,-1
2223.0,2.1e-05,1.5e-05,0.025967959300255382,0.01972431636777396,0.013480662362373977,0.02621514624132117,0.019788365175064493,0.014533921680614606,2.100002351443988e-05,2.1000042135896096e-05,3.600005441931872e-05,0,normal,-1
2224.0,2.1e-05,1.5e-05,0.02596795717151963,0.01972431639460368,0.013480660645070561,0.025491647357796302,0.019944351906894232,0.012854360054738726,2.1000019889398382e-05,2.1000045069023616e-05,3.600005212629273e-05,0,normal,-1
2225.0,2.1e-05,1.5e-05,0.02596795517113443,0.019724316230404562,0.013480659098254967,0.026933895386859988,0.01967148716641001,0.013329845697978113,2.100001680146071e-05,2.1000047394184377e-05,3.6000050060910144e-05,0,normal,-1
2226.0,2.1e-05,1.5e-05,0.025967953618928213,0.019724315176201098,0.01348065822556004,0.026692119460511084,0.019607698599126977,0.013970457905585027,2.1000015963963016e-05,2.1000047088939565e-05,3.600004889564584e-05,0,normal,-1
2227.0,2.1e-05,1.5e-05,0.025967952653336554,0.01972431292850784,0.013480658245312555,0.02554369731777685,0.019821419713116618,0.012268921968494733,2.1000018120089842e-05,2.1000043275751827e-05,3.6000048922020346e-05,0,normal,-1
2228.0,2.1e-05,1.5e-05,0.025967951842591742,0.019724310426988027,0.013480658479007207,0.025427536333039735,0.01900402043941288,0.013472790856417331,2.1000020963487672e-05,2.1000038675911556e-05,3.600004923406071e-05,0,normal,-1
2229.0,2.1e-05,1.5e-05,0.025967950942946585,0.019724308201433984,0.013480658543843916,0.025791206279886396,0.01998067380251201,0.012965393460600478,2.1000023193285243e-05,2.1000034824135453e-05,3.600004932063381e-05,0,normal,-1
2230.0,2.1e-05,1.5e-05,0.025967949804197143,0.019724306577730735,0.013480658204138102,0.0253364242173003,0.019932109748329624,0.014098508302344675,2.100002400883807e-05,2.1000032664822092e-05,3.6000048867042236e-05,0,normal,-1
2231.0,2.1e-05,1.5e-05,0.02596794836525812,0.019724305687502084,0.013480657364361685,0.025457654808301658,0.021013218796822896,0.01411842749374824,2.100002308606503e-05,2.100003257997598e-05,3.600004774573228e-05,0,normal,-1
2232.0,2.1e-05,1.5e-05,0.025967946654162858,0.019724305468110645,0.01348065606914309,0.026517220156022144,0.019282184508631523,0.012025412569970048,2.1000020577448012e-05,2.1000034389206996e-05,3.6000046016293905e-05,0,normal,-1
2233.0,2.1e-05,1.5e-05,0.02596794478806334,0.01972430566265782,0.013480654503267232,0.026007178201113465,0.019132275611953943,0.0132284508061314,2.1000017112032144e-05,2.10000373497305e-05,3.600004392546078e-05,0,normal,-1
2234.0,2.1e-05,1.5e-05,0.025967942973230202,0.019724305819983797,0.01348065299167553,0.02636766536265793,0.021090813107243863,0.013720373361136708,2.1000013795426423e-05,2.100004015636802e-05,3.600004190711036e-05,0,normal,-1
2235.0,2.1e-05,1.5e-05,0.02596794150505271,0.019724305294667576,0.013480651999465906,0.027066062666773975,0.02089711572340905,0.014134241991228027,2.1000012209804134e-05,2.1000040941547816e-05,3.600004058226398e-05,0,normal,-1
2236.0,2.1e-05,1.5e-05,0.025967940656250584,0.01972430349073777,0.013480651956072327,0.025933326051377624,0.019829710512461646,0.013265292848570687,2.1000013816055005e-05,2.100003798083445e-05,3.600004052432277e-05,0,normal,-1
2237.0,2.1e-05,1.5e-05,0.025967940068284193,0.019724301188472803,0.013480652298071109,0.025721129541215314,0.019581344792137134,0.013708076886277005,2.1000016699013316e-05,2.1000033533945903e-05,3.600004098097612e-05,0,normal,-1
2238.0,2.1e-05,1.5e-05,0.025967939444071424,0.01972429903419958,0.013480652558685602,0.025973830818264595,0.018904288943220843,0.014814176102359463,2.1000019272135634e-05,2.1000029472800826e-05,3.600004132896123e-05,0,normal,-1
2239.0,2.1e-05,1.5e-05,0.02596793860846395,0.019724297408438833,0.013480652462908721,0.026507975748481637,0.019540308115110063,0.013659643417604705,2.100002060094642e-05,2.1000026899808555e-05,3.6000041201075294e-05,0,normal,-1
2240.0,2.1e-05,1.5e-05,0.025967937475600035,0.019724296497079196,0.013480651876155726,0.026107526636187855,0.019861111063628173,0.012578572922295486,2.1000020228439877e-05,2.100002635391362e-05,3.600004041761424e-05,0,normal,-1
2241.0,2.1e-05,1.5e-05,0.025967936048904548,0.019724296291377206,0.01348065080426423,0.02506273713379291,0.020009990827910707,0.013953492827560364,2.1000018175079547e-05,2.100002781059501e-05,3.6000038986372704e-05,0,normal,-1
2242.0,2.1e-05,1.5e-05,0.02596793442108895,0.019724296587957317,0.013480649393494196,0.025652663748579534,0.020635796693036883,0.012520519557039502,2.1000014938798342e-05,2.1000030681866138e-05,3.600003710264401e-05,0,normal,-1
2243.0,2.1e-05,1.5e-05,0.025967932774151298,0.01972429698881188,0.013480647930527936,0.025256281716789925,0.01980827402634015,0.013376803311590234,2.1000011494999087e-05,2.100003381627543e-05,3.6000035149220266e-05,0,normal,-1
2244.0,2.1e-05,1.5e-05,0.02596793137937624,0.019724296901301147,0.013480646842470112,0.025457923626524916,0.020343151877646334,0.014135397640748478,2.100000929655508e-05,2.1000035498906988e-05,3.6000033696392445e-05,0,normal,-1
2245.0,2.1e-05,1.5e-05,0.025967930547289356,0.019724295647259065,0.013480646618135573,0.025220152316511372,0.019444458399175732,0.014528980980478595,2.1000010006162845e-05,2.1000033767235958e-05,3.600003339685004e-05,0,normal,-1
2246.0,2.1e-05,1.5e-05,0.025967929835421927,0.019724294190164277,0.013480646562016332,0.026243327253400964,0.020488754810555627,0.013879495658627231,2.1000011259421705e-05,2.1000031411199026e-05,3.600003332191689e-05,0,normal,-1
2247.0,2.1e-05,1.5e-05,0.025967929056147136,0.019724292937930654,0.013480646379413045,0.026398064298538155,0.019216769760234915,0.012935460328111478,2.1000012054802888e-05,2.1000029612389024e-05,3.6000033078096076e-05,0,normal,-1
2248.0,2.1e-05,1.5e-05,0.025967928235120584,0.019724291833511688,0.01348064611107064,0.025907646736363973,0.020070255249910723,0.014015254990973783,2.100001253138768e-05,2.1000028206349063e-05,3.600003271979221e-05,0,normal,-1
2249.0,2.1e-05,1.5e-05,0.025967927390159958,0.019724290836969846,0.013480645785399028,0.0254558675767395,0.01948937617573515,0.013454745729272884,2.100001278630382e-05,2.1000027078138494e-05,3.600003228493958e-05,0,normal,-1
2250.0,2.1e-05,1.5e-05,0.025690188059684902,0.0197189898182092,0.013480577541504233,0.025766494653487675,0.019928385137860966,0.013263617727409716,2.0536739619323992e-05,2.099122521265077e-05,3.599994116224545e-05,1,act_q1_loss,8
2251.0,2.1e-05,1.5e-05,0.024940589932983454,0.019650404829317167,0.013477063169043057,0.024965331271291104,0.020014607153282713,0.013023151046847585,1.9330192814407134e-05,2.08814623086718e-05,3.5995248282870083e-05,1,act_q1_loss,8
2252.0,2.1e-05,1.5e-05,0.024265067406275622,0.0195183380986136,0.013463668845963698,0.02380520683026434,0.019651573092538413,0.013681529525944877,1.831040645258275e-05,2.067978236474378e-05,3.5977356705478765e-05,1,act_q1_loss,8
2253.0,2.1e-05,1.5e-05,0.02365198383590657,0.019339403244180455,0.0134364908384585,0.02324665412488362,0.018330013579041758,0.013324480001802301,1.7452970874747918e-05,2.0418974240665304e-05,3.5941026087574673e-05,1,act_q1_loss,8
2254.0,2.1e-05,1.5e-05,0.023091317474905396,0.019126725763888013,0.013393748788716783,0.023044451281558364,0.019755029868938293,0.014302932689718589,1.6734008537483775e-05,2.0122913052296735e-05,3.588381558655175e-05,1,act_q1_loss,8
2255.0,2.1e-05,1.5e-05,0.022574593837366718,0.018890524117314702,0.013335117180450674,0.022452402239419397,0.01933917810334137,0.014440428513439572,1.6131125579658538e-05,1.9808823861213467e-05,3.580518810862704e-05,1,act_q1_loss,8
2256.0,2.1e-05,1.5e-05,0.02209476069246985,0.018638622629204026,0.013261233335937336,0.02180367568946818,0.018957876543792707,0.01316369705397594,1.5624146174578363e-05,1.9488862474808857e-05,3.570586016959042e-05,1,act_q1_loss,8
2257.0,2.1e-05,1.5e-05,0.021646024557398783,0.018376911521725613,0.013173333918196624,0.021653809232369627,0.018211177717293442,0.012880347045919375,1.519552539189308e-05,1.9171309117857853e-05,3.558732887177102e-05,1,act_q1_loss,8
2258.0,2.1e-05,1.5e-05,0.021223670238048373,0.018109753178167383,0.013072989083678255,0.021276987509670584,0.017582191923664548,0.013388695812490893,1.4830448063814999e-05,1.886151429556906e-05,3.545153063728928e-05,1,act_q1_loss,8
2259.0,2.1e-05,1.5e-05,0.020823882197876502,0.017840329872856425,0.012961912622531307,0.021153620900389195,0.017696080142343376,0.012741549671527684,1.4516689285812316e-05,1.8562660564287754e-05,3.530059993406507e-05,1,act_q1_loss,8
2260.0,2.1e-05,1.5e-05,0.02044358160416475,0.01757092970769221,0.012841831691441485,0.021030200060618676,0.016784579270563097,0.013212919204200943,1.424433742761131e-05,1.8276368651453198e-05,3.5136704671209585e-05,1,act_q1_loss,8
2261.0,2.1e-05,1.5e-05,0.02008028354342947,0.017303176896447003,0.012714400914611061,0.019913285589397905,0.0167823975535786,0.012682577977396326,1.4005448821428948e-05,1.8003178195780777e-05,3.4961937519663843e-05,1,act_q1_loss,8
2262.0,2.1e-05,1.5e-05,0.019731976283469104,0.01703821232872919,0.012581149946534908,0.01995379733817309,0.01750579594369616,0.01186645666193125,1.3793691878941968e-05,1.774292056509149e-05,3.477824885700792e-05,1,act_q1_loss,8
2263.0,2.1e-05,1.5e-05,0.019397023664020754,0.016776828803090234,0.01244345690132177,0.019759591806363924,0.015154880743047569,0.012910895405824975,1.3604028940620663e-05,1.7494991402275974e-05,3.4587411865869236e-05,1,act_q1_loss,8
2264.0,2.1e-05,1.5e-05,0.0190740926421202,0.01651956458575554,0.012302539129841594,0.018225723806437378,0.01680157490119933,0.01149625650029025,1.3432476528069904e-05,1.72585324405673e-05,3.439100909925022e-05,1,act_q1_loss,8
2265.0,2.1e-05,1.5e-05,0.018762085252951408,0.016266784821186334,0.012159453161320912,0.01877431371397273,0.015684740291620952,0.012938272526381824,1.3275844986155522e-05,1.7032587877348952e-05,3.419043006490368e-05,1,act_q1_loss,8
2266.0,2.1e-05,1.5e-05,0.01846009440041778,0.016018728099115743,0.012015104917179862,0.018309720422248627,0.016362492865394963,0.011382203771277175,1.3131587283857401e-05,1.6816180083077583e-05,3.398688212425255e-05,1,act_q1_loss,8
2267.0,2.1e-05,1.5e-05,0.018167366879659273,0.0157755438535589,0.01187026014641398,0.01830957232789332,0.015579746689470257,0.01139405136164337,1.2997663019924834e-05,1.6608371347096618e-05,3.378140124322772e-05,1,act_q1_loss,8
2268.0,2.1e-05,1.5e-05,0.017883269472382397,0.01553732066300842,0.011725562750587643,0.018894528095801603,0.015648396497886553,0.012304654310457325,1.287241454831621e-05,1.6408293173578546e-05,3.357487381533987e-05,1,act_q1_loss,8
2269.0,2.1e-05,1.5e-05,0.017607271113118945,0.015304101713045805,0.01158154395415477,0.01748439635935632,0.014637063420981625,0.011143726831582915,1.2754507480336749e-05,1.621516881275035e-05,3.336804568242695e-05,1,act_q1_loss,8
2270.0,2.1e-05,1.5e-05,0.017338919181050336,0.015075898531654778,0.011438643959082704,0.017734798756564862,0.014979122438994326,0.011555157604319037,1.2642850727114792e-05,1.602830511844315e-05,3.3161549314504185e-05,1,act_q1_loss,8
2271.0,2.1e-05,1.5e-05,0.017077827885823748,0.014852700592273279,0.011297218484769198,0.01758268212459045,0.015415981427338072,0.011330032248896988,1.2536554191565429e-05,1.5847107376970355e-05,3.2955909799135286e-05,1,act_q1_loss,8
2272.0,2.1e-05,1.5e-05,0.016823665027895982,0.014634480053811794,0.011157555333550872,0.01711372954159313,0.014766637314688351,0.011421866928376627,1.2434890956076551e-05,1.567106080779056e-05,3.275156568252751e-05,1,act_q1_loss,8
2273.0,2.1e-05,1.5e-05,0.01657614203818146,0.014421196062732235,0.011019885606858971,0.016871121044277525,0.013951889871488155,0.01159713553140656,1.2337266477543948e-05,1.549972129166329e-05,3.2548882660887266e-05,1,act_q1_loss,8
2274.0,2.1e-05,1.5e-05,0.016335006583701843,0.01421280178750496,0.010884386483282063,0.0157790586923559,0.01463959854188066,0.010747726795814214,1.2243184600624882e-05,1.5332730668992776e-05,3.23481552446159e-05,1,act_q1_loss,8
2275.0,2.1e-05,1.5e-05,0.016100036573488633,0.014009237496874508,0.010751202156275647,0.016049065779694786,0.013561019288157495,0.009785430498306045,1.2152255773287893e-05,1.5169757815376577e-05,3.2149635657344984e-05,1,act_q1_loss,8
2276.0,2.1e-05,1.5e-05,0.015871032660331876,0.013810446346152288,0.010620433547012045,0.015898571407750993,0.014401911262443133,0.00991545436636255,1.2064134139801856e-05,1.50105624154751e-05,3.195351686970691e-05,1,act_q1_loss,8
2277.0,2.1e-05,1.5e-05,0.015647817644005253,0.013616359096586792,0.010492162332976998,0.0155775841533876,0.013459613599304462,0.010177190676827557,1.1978563357984993e-05,1.4854907128867787e-05,3.1759966976804976e-05,1,act_q1_loss,8
2278.0,2.1e-05,1.5e-05,0.015430228769153776,0.013426909823358252,0.01036644099670031,0.015088559678045198,0.013600474340967466,0.010794394549438261,1.189531099969351e-05,1.4702619976198247e-05,3.1569113141499156e-05,1,act_q1_loss,8
2279.0,2.1e-05,1.5e-05,0.015218117560236121,0.013242028079028294,0.010243305001465705,0.015554814155483352,0.012828225031363273,0.010083290836758796,1.1814192830518354e-05,1.4553549684334772e-05,3.1381058876827435e-05,1,act_q1_loss,8
2280.0,2.1e-05,1.5e-05,0.015011347867486308,0.013061638216704901,0.010122777268005442,0.015005160032804003,0.013526813083436654,0.009278579986560334,1.1735071028928302e-05,1.4407554495074457e-05,3.11958901298153e-05,1,act_q1_loss,8
2281.0,2.1e-05,1.5e-05,0.01480978939813548,0.012885671668389451,0.010004861236836759,0.01414227246440619,0.013504987486497637,0.009687725974929397,1.1657799255752413e-05,1.4264550550277767e-05,3.1013663917489856e-05,1,act_q1_loss,8
2282.0,2.1e-05,1.5e-05,0.01461332395448041,0.01271404782277739,0.009889558679937701,0.014316996775042357,0.01279958393025729,0.009885176213130273,1.158229993284787e-05,1.4124422718718557e-05,3.083443517192833e-05,1,act_q1_loss,8
2283.0,2.1e-05,1.5e-05,0.014421835186613247,0.01254669550922976,0.009776855525363325,0.013708485935113495,0.012515786760933336,0.009661564059362013,1.1508469302776559e-05,1.3987113274026708e-05,3.065823439954394e-05,1,act_q1_loss,8
2284.0,2.1e-05,1.5e-05,0.014235214321010351,0.01238353772302046,0.009666734853447382,0.01351086772903305,0.011223361090756319,0.009360229464826396,1.1436241579698378e-05,1.3852552843562288e-05,3.0485087425505678e-05,1,act_q1_loss,8
2285.0,2.1e-05,1.5e-05,0.014053357570432976,0.012224495546636354,0.009559175601888334,0.01440642798228921,0.01321297155867116,0.009420414601818255,1.1365570045747946e-05,1.3720673392273508e-05,3.0315013178528236e-05,1,act_q1_loss,8
2286.0,2.1e-05,1.5e-05,0.013876161051865706,0.012069498081095064,0.009454146731815358,0.014113310548040374,0.011892468093509443,0.008738842909334354,1.1296380789946484e-05,1.3591449389315483e-05,3.0148014171803505e-05,1,act_q1_loss,8
2287.0,2.1e-05,1.5e-05,0.013703529379282329,0.011918462741798239,0.009351621770927238,0.014522806503215495,0.01188261853540928,0.009220903584913911,1.1228660950388352e-05,1.346481011580039e-05,2.9984099349712054e-05,1,act_q1_loss,8
2288.0,2.1e-05,1.5e-05,0.013535364467788738,0.011771318219535023,0.009251564132365374,0.012921200380376236,0.013127818093957775,0.00837870975868885,1.1162352556995158e-05,1.3340737261672108e-05,2.9823260595671668e-05,1,act_q1_loss,8
2289.0,2.1e-05,1.5e-05,0.013371573366390232,0.011627987455198515,0.009153939022188237,0.013640496351169425,0.011737522740142444,0.009348527358807129,1.109743033676235e-05,1.3219190176420867e-05,2.966549156368613e-05,1,act_q1_loss,8
2290.0,2.1e-05,1.5e-05,0.013212065742376586,0.011488392188002974,0.009058711090705628,0.013469629408723767,0.010760396297194209,0.008949403096722116,1.1033880119546203e-05,1.310012348278848e-05,2.9510783907552468e-05,1,act_q1_loss,8
2291.0,2.1e-05,1.5e-05,0.013056748999645876,0.011352462905817115,0.008965838249937795,0.013345823013519473,0.011301021316818347,0.009483686353333035,1.0971651442664093e-05,1.298353082539831e-05,2.9359117113300934e-05,1,act_q1_loss,8
2292.0,2.1e-05,1.5e-05,0.01290553783184307,0.011220118674547835,0.008875285175587376,0.013256637734212233,0.011635528328120983,0.00881308146582869,1.0910752765876286e-05,1.2869354284445476e-05,2.9210480417319726e-05,1,act_q1_loss,8
2293.0,2.1e-05,1.5e-05,0.012758342939547626,0.01109129014027219,0.008787008789420736,0.013045293777711478,0.010764359478655838,0.00925780181353517,1.0851141567522867e-05,1.275758599317833e-05,2.9064849062008406e-05,1,act_q1_loss,8
2294.0,2.1e-05,1.5e-05,0.012615079108187592,0.010965902913342377,0.008700969065538732,0.012648223798521504,0.010670355964154735,0.008324608172871579,1.0792803759649633e-05,1.2648193844896079e-05,2.892220192210065e-05,1,act_q1_loss,8
2295.0,2.1e-05,1.5e-05,0.012475663299277448,0.010843881149927067,0.008617127073657522,0.012103944214835478,0.010158880801928893,0.0085222222887121,1.0735736433655407e-05,1.2541136069554088e-05,2.8782518350680975e-05,1,act_q1_loss,8
2296.0,2.1e-05,1.5e-05,0.01234000940955355,0.010725158428072923,0.008535438073119909,0.012851645908401047,0.009736959575263677,0.008694862264101183,1.0679894874198886e-05,1.2436411383958046e-05,2.8645766623946407e-05,1,act_q1_loss,8
2297.0,2.1e-05,1.5e-05,0.01220803823721803,0.010609657163216697,0.008455864824481844,0.010961454673282162,0.010466988774130673,0.007696028356241097,1.0625293032140913e-05,1.233396369661919e-05,2.8511926144966702e-05,1,act_q1_loss,8
2298.0,2.1e-05,1.5e-05,0.012079666534129558,0.010497310978173963,0.008378363504753697,0.0115863000933119,0.009630225235762475,0.0075353169092949885,1.0571893757896716e-05,1.2233785102846144e-05,2.8380963877571372e-05,1,act_q1_loss,8
2299.0,2.1e-05,1.5e-05,0.0119548144514842,0.010388049599707043,0.008302893290224695,0.012007633291181045,0.01153098636713842,0.009250022215606599,1.0519683218173643e-05,1.2135846095405015e-05,2.8252850389573473e-05,1,act_q1_loss,8
2300.0,2.1e-05,1.5e-05,0.011833404671002856,0.010281800420165443,0.008229415587157363,0.011319924304319913,0.009586753400766427,0.008154653809537116,1.0468663307469018e-05,1.2040101557919963e-05,2.812755865193662e-05,1,act_q1_loss,8
2301.0,2.1e-05,1.5e-05,0.011715356376535549,0.010178501083033501,0.008157885987442985,0.011848521837874803,0.009974658192987117,0.007723625847306741,1.0418788945488655e-05,1.1946551194037104e-05,2.8005050313484418e-05,1,act_q1_loss,8
2302.0,2.1e-05,1.5e-05,0.011600595491823844,0.010078078384446095,0.008088267772691764,0.011132394675331269,0.010195327578598076,0.008994316542162926,1.037007368962753e-05,1.1855138258554048e-05,2.788529876352486e-05,1,act_q1_loss,8
2303.0,2.1e-05,1.5e-05,0.011489044441326307,0.00998046929313084,0.008020518664860287,0.012190912706851088,0.01012026113254975,0.00783473858322955,1.03224841907044e-05,1.1765850278496903e-05,2.776826648176545e-05,1,act_q1_loss,8
2304.0,2.1e-05,1.5e-05,0.011380628172380825,0.009885608764331892,0.007954598489883294,0.011106594471132141,0.009455674465322689,0.00780232044752574,1.0276001694691972e-05,1.1678660783876435e-05,2.765391816036925e-05,1,act_q1_loss,8
2305.0,2.1e-05,1.5e-05,0.011275275046756789,0.009793427712242501,0.007890470642934133,0.010872742598807683,0.009927880529487903,0.00808342776464318,1.0230632479539725e-05,1.1593518176955116e-05,2.7542223342903923e-05,1,act_q1_loss,8
2306.0,2.1e-05,1.5e-05,0.011172909461333883,0.009703868441457462,0.007828092212356965,0.010980004426181274,0.010086426158021156,0.007424696711144863,1.018632933474622e-05,1.1510422521081763e-05,2.7433139250030682e-05,1,act_q1_loss,8
2307.0,2.1e-05,1.5e-05,0.011073462294573263,0.009616863043349303,0.007767427769436133,0.011265981976762334,0.009052803843366064,0.007402139310139129,1.0143102006410598e-05,1.1429318101576972e-05,2.73266348257163e-05,1,act_q1_loss,8
2308.0,2.1e-05,1.5e-05,0.010976862062542333,0.009532351624997597,0.007708437868273078,0.010647235495277884,0.010306514388200506,0.006894077184927818,1.0100923780756876e-05,1.1350183983749613e-05,2.7222670695213524e-05,1,act_q1_loss,8
2309.0,2.1e-05,1.5e-05,0.010883038364387402,0.009450275398043814,0.0076510833398294505,0.010271073844844701,0.009388737849395009,0.008203151021253467,1.0059767086706344e-05,1.127300019763137e-05,2.712120664949338e-05,1,act_q1_loss,8
2310.0,2.1e-05,1.5e-05,0.01079192553072936,0.009370568935048534,0.007595330367631419,0.010590777340000558,0.008767741820191436,0.007896095691345107,1.0019643659638208e-05,1.1197707376682321e-05,2.7022210695710102e-05,1,act_q1_loss,8
2311.0,2.1e-05,1.5e-05,0.010703453502139632,0.009293179251349783,0.0075411382862165515,0.010121934122085185,0.008701006384589123,0.007198638657296459,9.980505542395565e-06,1.1124304807460575e-05,2.6925637458754562e-05,1,act_q1_loss,8
2312.0,2.1e-05,1.5e-05,0.010617557908225625,0.009218044887953242,0.007488472908096099,0.010480680743133974,0.008571451222265021,0.007242386251905487,9.94235402949819e-06,1.105274301163606e-05,2.6831451851112022e-05,1,act_q1_loss,8
2313.0,2.1e-05,1.5e-05,0.010534174026834856,0.009145108356123947,0.007437298702200851,0.0104116812312234,0.009879778051105246,0.00655410802450011,9.905174731101562e-06,1.098298736573507e-05,2.673961522969591e-05,1,act_q1_loss,8
2314.0,2.1e-05,1.5e-05,0.010453236096262393,0.009074317794985735,0.007387577617622526,0.010091180330711425,0.009723326533361342,0.0065383483123274315,9.868928891008026e-06,1.0915027815242534e-05,2.6650083245704777e-05,1,act_q1_loss,8
2315.0,2.1e-05,1.5e-05,0.01037468427027764,0.009005612306553116,0.007339278550315716,0.01067988126938802,0.009284097499114321,0.008240871973912337,9.833630608365892e-06,1.084880112595673e-05,2.656282291606546e-05,1,act_q1_loss,8
2316.0,2.1e-05,1.5e-05,0.010298454854754276,0.008938942391964352,0.007292364294382725,0.01079913735188566,0.008562853921651934,0.00711947489954692,9.799238963908268e-06,1.0784298966014688e-05,2.6477789154938263e-05,1,act_q1_loss,8
2317.0,2.1e-05,1.5e-05,0.010224487693588654,0.008874254618453975,0.007246801267751269,0.009296381074500077,0.010026474016901234,0.007611303492394505,9.765739222553133e-06,1.0721487073481624e-05,2.6394942323844384e-05,1,act_q1_loss,8
2318.0,2.1e-05,1.5e-05,0.010152725333557988,0.008811493176376162,0.007202558645857614,0.01105893867211272,0.008270037803884142,0.007636996916231141,9.733134630018571e-06,1.0660312554497925e-05,2.6314246770437098e-05,1,act_q1_loss,8
2319.0,2.1e-05,1.5e-05,0.01008310696982001,0.008750612750901778,0.007159600029676181,0.010115947528762518,0.00837008205627413,0.00728531865127229,9.701377823311109e-06,1.0600774053134345e-05,2.6235655655100537e-05,1,act_q1_loss,8
2320.0,2.1e-05,1.5e-05,0.010015577660221228,0.00869155910764194,0.007117895902725677,0.010145962951275582,0.008999835158358728,0.00801460988768273,9.670474569832663e-06,1.0542816487525783e-05,2.6159133706914706e-05,1,act_q1_loss,8
2321.0,2.1e-05,1.5e-05,0.00995008128105328,0.008634283801288513,0.007077414281864404,0.009256992509042928,0.009403137227715982,0.007001671062849242,9.6404049495208e-06,1.0486410629760959e-05,2.6084640197439565e-05,1,act_q1_loss,8
2322.0,2.1e-05,1.5e-05,0.009886561468447722,0.008578742370716277,0.007038121755331102,0.008840440424387839,0.00745039436471021,0.007149062998578138,9.611133050320725e-06,1.0431544243585688e-05,2.6012130810720245e-05,1,act_q1_loss,8
2323.0,2.1e-05,1.5e-05,0.009824967298133981,0.008524882200474619,0.006999991354570768,0.010733396093871366,0.008752980980791834,0.007075519019995965,9.582672415243886e-06,1.0378154471189991e-05,2.5941572212295163e-05,1,act_q1_loss,8
2324.0,2.1e-05,1.5e-05,0.009765244352249642,0.00847266137265744,0.006962990460272893,0.009882764815839709,0.008070021339246763,0.006932308232393354,9.554984092846851e-06,1.032623241475541e-05,2.5872919759271768e-05,1,act_q1_loss,8
2325.0,2.1e-05,1.5e-05,0.009707341132151819,0.00842203522045036,0.0069270893454849046,0.010310863765930376,0.007795517043796447,0.008364025502747325,9.528049493747257e-06,1.0275748977109168e-05,2.5806133292227794e-05,1,act_q1_loss,8
2326.0,2.1e-05,1.5e-05,0.009651209558075153,0.008372955076223931,0.0068922620843103535,0.00997301366345892,0.008570218369001497,0.006943151373505459,9.501877212536242e-06,1.0226646928726924e-05,2.574117892135923e-05,1,act_q1_loss,8
2327.0,2.1e-05,1.5e-05,0.009596797899591664,0.008325383328659198,0.0068584768129501495,0.009021796962785439,0.008083850353156348,0.006903165337292614,9.47642094749394e-06,1.0178926319487802e-05,2.567801090122445e-05,1,act_q1_loss,8
2328.0,2.1e-05,1.5e-05,0.0095440592318124,0.00827927549176266,0.006825707223801709,0.009483305067949232,0.008351326915231515,0.006688798194325671,9.451677371090977e-06,1.0132543308696876e-05,2.5616593081084156e-05,1,act_q1_loss,8
2329.0,2.1e-05,1.5e-05,0.009492947615549668,0.00823458813990057,0.006793927551312389,0.009524133594137292,0.007107010218375798,0.006466075303376847,9.427642679060718e-06,1.0087454520004558e-05,2.555688961763678e-05,1,act_q1_loss,8
2330.0,2.1e-05,1.5e-05,0.009443414803098123,0.008191286037312616,0.00676310788074347,0.009443070115702473,0.008407597783597455,0.006696136770861542,9.404273442694123e-06,1.0043658673749913e-05,2.549885615942244e-05,1,act_q1_loss,8
2331.0,2.1e-05,1.5e-05,0.009395417828087402,0.008149325906176895,0.0067332246110946604,0.009333267688935125,0.008740216787828117,0.006437787713471964,9.381575807314193e-06,1.0001103272851869e-05,2.5442459544262196e-05,1,act_q1_loss,8
2332.0,2.1e-05,1.5e-05,0.009348912865228168,0.008108669367741671,0.006704252182935017,0.009710648990473084,0.0074440641665829265,0.006509597320057516,9.359534107767664e-06,9.959758762001398e-06,2.5387662286295815e-05,1,act_q1_loss,8
2333.0,2.1e-05,1.5e-05,0.009303855316429351,0.008069282889216099,0.006676162997557797,0.008862584246779125,0.007566996752956734,0.006943649651493059,9.33811114085319e-06,9.919619155371297e-06,2.5334422398373554e-05,1,act_q1_loss,8
2334.0,2.1e-05,1.5e-05,0.009260205662501606,0.00803112517201922,0.00664893558118617,0.008749722740176161,0.008375415035277651,0.0060396549789302045,9.317317919001792e-06,9.880628278592409e-06,2.5282708891732234e-05,1,act_q1_loss,8
2335.0,2.1e-05,1.5e-05,0.009217922398881985,0.007994162128400678,0.006622544971113057,0.008973451461550073,0.008657170818684855,0.006938282012392339,9.297130494116754e-06,9.842767042531242e-06,2.5232483596207233e-05,1,act_q1_loss,8
2336.0,2.1e-05,1.5e-05,0.009176964422705233,0.00795836189840763,0.006596965813556179,0.009312917119341619,0.008255220578873764,0.006815672367453833,9.2775176365334e-06,9.806025100173246e-06,2.5183707022272636e-05,1,act_q1_loss,8
2337.0,2.1e-05,1.5e-05,0.009137295293226754,0.007923685593303652,0.006572178379122353,0.008811287675827275,0.008587396171808018,0.006638477401999214,9.25849233541663e-06,9.770345825611986e-06,2.5136349874475906e-05,1,act_q1_loss,8
2338.0,2.1e-05,1.5e-05,0.009098876049394201,0.007890102574794229,0.006548158733378952,0.008974513790030083,0.0066590111767168255,0.0067688834925462875,9.240026410024227e-06,9.735716584147457e-06,2.509037433578036e-05,1,act_q1_loss,8
2339.0,2.1e-05,1.5e-05,0.009061668778920624,0.007857582915385323,0.006524883489413849,0.009496922269833412,0.007309994411756246,0.006180523163046038,9.222092642845515e-06,9.702124811360506e-06,2.5045743129427577e-05,1,act_q1_loss,8
2340.0,2.1e-05,1.5e-05,0.00902563960148181,0.007826090863986028,0.006502334067626664,0.00933494857944769,0.008003063530934941,0.006319401653734872,9.204701321976838e-06,9.669518604380189e-06,2.5002427733992e-05,1,act_q1_loss,8
2341.0,2.1e-05,1.5e-05,0.009369216855026018,0.007816832304002484,0.006481323329615315,0.009111509471860594,0.007997867088478567,0.006363498701066006,1.0471295316621258e-05,9.712346260246004e-06,2.496200036580717e-05,0,normal,-1
2342.0,2.1e-05,1.5e-05,0.010010069133774994,0.007917125016250437,0.006476624213011969,0.008623328309595724,0.007792696427742673,0.007365143072686143,1.215848793678698e-05,1.0086895098807142e-05,2.4952949697191007e-05,0,normal,-1
2343.0,2.1e-05,1.5e-05,0.01056109485595513,0.008078055940071821,0.0064999456498356445,0.00993657413519808,0.007588025615463992,0.007222880420592968,1.3243187105325886e-05,1.055770268666255e-05,2.4997835403968463e-05,0,normal,-1
2344.0,2.1e-05,1.5e-05,0.011051076832072263,0.008268698463989416,0.006549862800811057,0.01100231893051953,0.008181434178154803,0.006702431760622328,1.4018735638224571e-05,1.1018384662082453e-05,2.5093638834261832e-05,0,normal,-1
2345.0,2.1e-05,1.5e-05,0.011496031304301105,0.00847485280560317,0.006621482347717888,0.011745596393176082,0.007749634053911607,0.006726776537452567,1.4607938927858115e-05,1.1441471154591671e-05,2.523045917031441e-05,0,normal,-1
2346.0,2.1e-05,1.5e-05,0.011906072070752248,0.008689081651698355,0.006709740475550249,0.011427781715293876,0.00830256997701124,0.006313292205494766,1.5073900201295437e-05,1.1823909080912834e-05,2.5398051693751035e-05,0,normal,-1
2347.0,2.1e-05,1.5e-05,0.012288090130052949,0.008907088767850789,0.006810292909608511,0.01251627005104257,0.007942620485343579,0.0067700039125694715,1.54533778901269e-05,1.2169670704639817e-05,2.5587652095179487e-05,0,normal,-1
2348.0,2.1e-05,1.5e-05,0.01264702052257279,0.009126205712728284,0.006919648467457714,0.012419794316293508,0.008324723563440752,0.006497991890325584,1.5769660479824452e-05,1.2484131982158429e-05,2.5792269469056996e-05,0,normal,-1
2349.0,2.1e-05,1.5e-05,0.012986522450253397,0.009344688444895947,0.007035078773233571,0.013197620581967839,0.0093414266200263,0.007465489766685233,1.6038392047409474e-05,1.2772327521985057e-05,2.6006506937709436e-05,0,normal,-1
2350.0,2.1e-05,1.5e-05,0.013309379286151314,0.009561358659335438,0.007154480344785728,0.012659604218663639,0.010036023073697714,0.006484410570715398,1.62705314268852e-05,1.3038505631907174e-05,2.6226273684742376e-05,0,normal,-1
2351.0,2.1e-05,1.5e-05,0.013617753261232145,0.009775402705125757,0.007276243053683074,0.013493378552783002,0.009434551171049134,0.006666290016588236,1.6474006934528904e-05,1.3286107198901399e-05,2.644850571762011e-05,0,normal,-1
2352.0,2.1e-05,1.5e-05,0.013913350852486668,0.009986257184753398,0.0073991389845089505,0.013800565566264304,0.00978984812221031,0.007311207506797151,1.6654683423569967e-05,1.3517889358907546e-05,2.6670928437021488e-05,0,normal,-1
2353.0,2.1e-05,1.5e-05,0.014197536515135112,0.01019353646969649,0.007522235496790491,0.01440552643586286,0.011066385942814946,0.008092358942389698,1.6816971523119755e-05,1.3736059490199381e-05,2.6891870076111186e-05,0,normal,-1
2354.0,2.1e-05,1.5e-05,0.014471420548738605,0.01039697619243823,0.0076448277558479666,0.014102879399715369,0.009550515258148647,0.006047761723465605,1.696426107362794e-05,1.3942372408354452e-05,2.7110117129804363e-05,0,normal,-1
2355.0,2.1e-05,1.5e-05,0.014735910108248502,0.010596411286958173,0.0077663842204037,0.014822348241862663,0.010053228559909531,0.008015078716219464,1.7099154386851373e-05,1.413826268552383e-05,2.7324799105961806e-05,0,normal,-1
2356.0,2.1e-05,1.5e-05,0.014991762596947716,0.010791738492595826,0.007886509720545833,0.014388708221888955,0.01080098177841766,0.007511615754179235,1.7223707572371945e-05,1.4324877613000227e-05,2.7535309540911928e-05,0,normal,-1
2357.0,2.1e-05,1.5e-05,0.015239609663078937,0.010982912662464902,0.008004910696021555,0.015017921389783574,0.010820623421829548,0.007435632542557916,1.7339521981512943e-05,1.4503180164840622e-05,2.7741234732688457e-05,0,normal,-1
2358.0,2.1e-05,1.5e-05,0.015479991428972526,0.011169919735784673,0.0081213761428219,0.014270398472919566,0.01135789128800641,0.007931754917799284,1.744789339241974e-05,1.4673947357754376e-05,2.7942313068509767e-05,0,normal,-1
2359.0,2.1e-05,1.5e-05,0.01571336648952341,0.011352781932353718,0.008235754088059925,0.015364532458916261,0.011154459528995835,0.007438429150219342,1.7549837846601598e-05,1.4837853978866323e-05,2.8138388840122048e-05,0,normal,-1
2360.0,2.1e-05,1.5e-05,0.015940136771513333,0.01153153429883851,0.008347943760152965,0.015381427349269082,0.012238214854528716,0.00800315624237014,1.7646201003331228e-05,1.4995444872641742e-05,2.8329394932006327e-05,0,normal,-1
2361.0,2.1e-05,1.5e-05,0.01616064902934191,0.011706235963034793,0.008457877832827053,0.016385878937507363,0.011764321746413564,0.00832673353177265,1.7737646509596597e-05,1.514721200263709e-05,2.8515319726286205e-05,0,normal,-1
2362.0,2.1e-05,1.5e-05,0.016375213504237648,0.011876950033911525,0.008565520717091777,0.0160030150517863,0.012444602051799673,0.008275491346585458,1.7824739701776144e-05,1.5293556666309264e-05,2.869620237417783e-05,0,normal,-1
2363.0,2.1e-05,1.5e-05,0.016584103941521423,0.012043752286039777,0.008670856866490132,0.016747998970374857,0.01202422963135929,0.009588167015609364,1.790793450205745e-05,1.5434842055350955e-05,2.887211175911157e-05,0,normal,-1
2364.0,2.1e-05,1.5e-05,0.016787566641647527,0.01220672360299284,0.008773887537302166,0.01692772876381212,0.01164996230702202,0.00948539908316676,1.7987609777462315e-05,1.5571386482643856e-05,2.90431403271264e-05,0,normal,-1
2365.0,2.1e-05,1.5e-05,0.016985826756752195,0.012365944096241128,0.008874629484358364,0.016800117843586607,0.01269809828575251,0.009331770872637193,1.8064095661760033e-05,1.570345610579096e-05,2.9209401386663925e-05,0,normal,-1
2366.0,2.1e-05,1.5e-05,0.01717908587503849,0.01252150356364007,0.008973104887416514,0.01728074597020034,0.012731063627578048,0.009008493736466769,1.813765017356695e-05,1.5831313757835205e-05,2.9371012200236627e-05,0,normal,-1
2367.0,2.1e-05,1.5e-05,0.01736753266454081,0.012673485729584696,0.009069347309466244,0.018438084891958306,0.012434801160689268,0.008283081558717946,1.82085123804725e-05,1.5955171728621617e-05,2.9528103759595977e-05,0,normal,-1
2368.0,2.1e-05,1.5e-05,0.017551339954794277,0.01282197733670109,0.0091633941152171,0.017339345796649815,0.012163253824765496,0.008874102224152669,1.8276879942735246e-05,1.6075230950125016e-05,2.9680808335500932e-05,0,normal,-1
2369.0,2.1e-05,1.5e-05,0.017730666995503686,0.012967067495691533,0.00925528465050778,0.01711958215072952,0.012187940160484946,0.00859792113083264,1.834291579522547e-05,1.6191684468300968e-05,2.9829256707643876e-05,0,normal,-1
2370.0,2.1e-05,1.5e-05,0.017905665620035434,0.013108837641202535,0.009345065318607947,0.01759937890960682,0.012830156197701469,0.010108773920704726,1.8406780104106346e-05,1.6304685421359744e-05,2.9973586532150782e-05,0,normal,-1
2371.0,2.1e-05,1.5e-05,0.018076475569958995,0.013247373489902028,0.009432780660582724,0.018210152461452432,0.012951658849461074,0.009642355534203359,1.8468598704790344e-05,1.6414393705540302e-05,3.011392812548874e-05,0,normal,-1
2372.0,2.1e-05,1.5e-05,0.018243228476459,0.01338275913097307,0.00951847624380618,0.018483196347982886,0.01330177418999895,0.009840479612592339,1.852848269045154e-05,1.6520957263015113e-05,3.0250409404288045e-05,0,normal,-1
2373.0,2.1e-05,1.5e-05,0.018406051214400372,0.013515071343662656,0.009602201975909108,0.018330196124804802,0.013438230155064025,0.010000286226136475,1.8586545946731106e-05,1.6624493651933237e-05,3.0383161349009583e-05,0,normal,-1
2374.0,2.1e-05,1.5e-05,0.01856506139365513,0.01364439082431589,0.009684003827581071,0.018520506514958048,0.013451399484702866,0.010257403272624425,1.8642875412703087e-05,1.6725132416617025e-05,3.0512305058385693e-05,0,normal,-1
2375.0,2.1e-05,1.5e-05,0.018720371000688546,0.013770795887706942,0.009763927773426186,0.018647971504317493,0.01327261073380949,0.010705269384325733,1.869755035773715e-05,1.682299345086594e-05,3.063795829166243e-05,0,normal,-1
2376.0,2.1e-05,1.5e-05,0.018872089001251015,0.013894357712576789,0.009842022943869714,0.017632208461923055,0.014371691661479747,0.009923732410577707,1.8750656425353166e-05,1.6918170982210757e-05,3.0760240600127736e-05,0,normal,-1
2377.0,2.1e-05,1.5e-05,0.01902031734947686,0.014015150127733886,0.009918334425624738,0.019280040735482184,0.014545855837358101,0.010499027813263746,1.8802259736695206e-05,1.701076972601103e-05,3.087926221610081e-05,0,normal,-1
2378.0,2.1e-05,1.5e-05,0.019165153133469937,0.014133245951204977,0.009992905724833788,0.01923460446863255,0.01466176452806425,0.00959546289298745,1.885241809683147e-05,1.710089210740334e-05,3.0995128174828875e-05,0,normal,-1
2379.0,2.1e-05,1.5e-05,0.01930669154949494,0.014248711090707534,0.010065782989792483,0.019522266189644803,0.01457691907370614,0.01092256938148757,1.8901197733611275e-05,1.7188617676352915e-05,3.1107945047409834e-05,0,normal,-1
2380.0,2.1e-05,1.5e-05,0.019445023069316704,0.014361611473519172,0.010137009905200958,0.019926616120406453,0.014527620142232463,0.010950948289462869,1.894865504024946e-05,1.7274028423429552e-05,3.1217813156372914e-05,0,normal,-1
2381.0,2.1e-05,1.5e-05,0.019580233028328176,0.01447201473716304,0.01020662640710643,0.01992181333106952,0.016016824672955544,0.010132919325565471,1.89948328326831e-05,1.735721488397717e-05,3.13248248123816e-05,0,normal,-1
2382.0,2.1e-05,1.5e-05,0.01971240529586464,0.014579982625988641,0.010274674321754745,0.020251874883222824,0.014911917496604697,0.010879754042921606,1.903978145932042e-05,1.743824922819514e-05,3.142907316394897e-05,0,normal,-1
2383.0,2.1e-05,1.5e-05,0.019841621419417952,0.014685573221706277,0.010341195731010605,0.01984955827530598,0.014407593294996036,0.010544460521092043,1.9083553031361093e-05,1.7517193580103426e-05,3.153064977427357e-05,0,normal,-1
2384.0,2.1e-05,1.5e-05,0.01996795760030937,0.01478884837670621,0.010406227467514953,0.01970473454526103,0.01404791636523087,0.010646257028550635,1.9126182125074997e-05,1.7594126294249365e-05,3.162963636009672e-05,0,normal,-1
2385.0,2.1e-05,1.5e-05,0.020091488142004496,0.01488986641878225,0.010469806621769981,0.020381540420343344,0.015308183381135881,0.010263246128089354,1.9167705797894377e-05,1.76691160951127e-05,3.172611336113711e-05,0,normal,-1
2386.0,2.1e-05,1.5e-05,0.020212286347738362,0.014988680401894947,0.010531971898685924,0.019443196039364334,0.014935215073488505,0.010210337900349841,1.920816844904303e-05,1.7742216180586338e-05,3.1820162073689495e-05,0,normal,-1
2387.0,2.1e-05,1.5e-05,0.02033042206809136,0.015085344028420905,0.010592759229994994,0.020932518694916993,0.014804382078740897,0.010592605411111995,1.924760639918646e-05,1.7813485045953784e-05,3.191185809151919e-05,0,normal,-1
2388.0,2.1e-05,1.5e-05,0.02044596151940257,0.015179912438316788,0.010652201239662549,0.02027923036043007,0.01528251396051369,0.011726198754601864,1.928604621728495e-05,1.788298905058509e-05,3.200127064318975e-05,0,normal,-1
2389.0,2.1e-05,1.5e-05,0.02055897008334753,0.015272436250573528,0.010710331821287188,0.02075283821192006,0.01477891605980284,0.010667994073873586,1.932352084058424e-05,1.7950781599956946e-05,3.208846959010211e-05,0,normal,-1
2390.0,2.1e-05,1.5e-05,0.02066951212536946,0.01536296210016104,0.01076718576348032,0.020328969914126152,0.01498414922687168,0.011116315642776027,1.936006821735195e-05,1.801690523404152e-05,3.21735249068154e-05,0,normal,-1
2391.0,2.1e-05,1.5e-05,0.020777648234692355,0.015451539261161057,0.01082279383299605,0.02078946497667198,0.01497407144846313,0.010783040917289278,1.9395714192018367e-05,1.808141441044231e-05,3.225649939960278e-05,0,normal,-1
2392.0,2.1e-05,1.5e-05,0.02088343677002855,0.015538216394629373,0.010877185295235896,0.021293678741686056,0.01524455955678187,0.01079882884713787,1.9430481351608216e-05,1.8144364100523336e-05,3.2337452588498504e-05,0,normal,-1
2393.0,2.1e-05,1.5e-05,0.020986935531347943,0.015623038040431827,0.010930390648006409,0.020487561021873216,0.016037734776043734,0.011548657356734708,1.9464398464334497e-05,1.8205797720006455e-05,3.241644484082177e-05,0,normal,-1
2394.0,2.1e-05,1.5e-05,0.021088201342912002,0.015706045651607773,0.010982440865067243,0.020426143211648342,0.015203472919469376,0.010881515844252848,1.9497497808390704e-05,1.8265750827243066e-05,3.2493536278555995e-05,0,normal,-1
2395.0,2.1e-05,1.5e-05,0.021187287508414768,0.015787283665761244,0.011033362888182394,0.021097147262687334,0.01601033846248518,0.010554560861792751,1.952979957435057e-05,1.8324271673437645e-05,3.256878016358732e-05,0,normal,-1
2396.0,2.1e-05,1.5e-05,0.02128424569952167,0.015866795411277935,0.011083182782032014,0.020794020861132915,0.01574174764640629,0.010403574303274174,1.956132277631632e-05,1.838140710688107e-05,3.264222765527797e-05,0,normal,-1
2397.0,2.1e-05,1.5e-05,0.021379127148722563,0.015944620637238074,0.01113192767752025,0.022079597990375625,0.015130741037003854,0.011057233555080398,1.9592091871956204e-05,1.8437194177281676e-05,3.271393071860124e-05,0,normal,-1
2398.0,2.1e-05,1.5e-05,0.021471982195234156,0.016020796586324396,0.011179624974381077,0.021346722833906172,0.01663503557283913,0.011499209341956656,1.9622133979985824e-05,1.8491663886594427e-05,3.278394097400506e-05,0,normal,-1
2399.0,2.1e-05,1.5e-05,0.02156285828651228,0.016095362804486344,0.011226298793870697,0.021506975553202197,0.016469660735419212,0.01097195824159905,1.9651466634489545e-05,1.8544857216970002e-05,3.285230453781197e-05,0,normal,-1
2400.0,2.7e-05,1.9e-05,0.0216519618272087,0.01616835674405641,0.011272079914602096,0.02161873519871326,0.015759532091131963,0.010795851467793948,1.9680396190961523e-05,1.8596607890096973e-05,3.291922263404797e-05,0,normal,-1
2401.0,2.7e-05,1.9e-05,0.022117678315765017,0.016275442347134156,0.011557134128409977,0.02165686145603489,0.016388483927450747,0.011305876125650392,2.031375915325214e-05,1.825550728150073e-05,3.333286307590571e-05,0,normal,-1
2402.0,2.7e-05,1.9e-05,0.022547214163012988,0.016435102871593447,0.011800485199828212,0.022073372382720953,0.015918238723028364,0.012108804618996235,2.0777647719016343e-05,1.809288024036311e-05,3.368196915474338e-05,0,normal,-1
2403.0,2.7e-05,1.9e-05,0.022949776894640516,0.016628307683026686,0.012015537449318669,0.024002985190537552,0.017023794144853697,0.011774301178525806,2.1130499600215516e-05,1.805018523858591e-05,3.398749386616492e-05,0,normal,-1
2404.0,2.7e-05,1.9e-05,0.023331462915277795,0.016842424024681755,0.012211242669945813,0.024232877263063328,0.016947111032342477,0.011688660217549334,2.140873174479468e-05,1.8086171553087433e-05,3.426316459119401e-05,0,normal,-1
2405.0,2.7e-05,1.9e-05,0.02369641296789677,0.01706906800746332,0.012393514572144484,0.023469816183084687,0.01726872755395278,0.011875558382321091,2.163567954202815e-05,1.81726082399704e-05,3.4517933077413926e-05,0,normal,-1
2406.0,2.7e-05,1.9e-05,0.02404750228885353,0.017302674729454518,0.01256622846188656,0.024046582939648255,0.016828947513890725,0.012204939826842521,2.1826604412401646e-05,1.829056239624304e-05,3.475761890390149e-05,0,normal,-1
2407.0,2.7e-05,1.9e-05,0.024386771628712257,0.017539548632961414,0.012731909676397892,0.024688083479264374,0.017496002642401372,0.012836335470618897,2.1991658751351015e-05,1.842751081345483e-05,3.498600195034495e-05,0,normal,-1
2408.0,2.7e-05,1.9e-05,0.024715702293880214,0.017777235164407306,0.012892197135971272,0.02448285144036782,0.017565553389045484,0.01255847290790956,2.2137701106685185e-05,1.8575252515766615e-05,3.5205540022246585e-05,0,normal,-1
2409.0,2.7e-05,1.9e-05,0.025035394945553957,0.018014105064351037,0.013048151706148568,0.02451382378516126,0.01789073046290689,0.013582653375902008,2.2269435262016066e-05,1.872846009677669e-05,3.541783743716873e-05,0,normal,-1
2410.0,2.7e-05,1.9e-05,0.025346688345350525,0.018249077361069763,0.013200460933478405,0.025359373214134354,0.01826757490661558,0.013121154022470898,2.2390142005840847e-05,1.888369337586355e-05,3.562395139822009e-05,0,normal,-1
2411.0,2.7e-05,1.9e-05,0.025650235947060188,0.018481442257994238,0.013349568372908679,0.02587576614456082,0.01741952117789182,0.014562423280320657,2.2502138472734234e-05,1.9038763516871658e-05,3.5824583797089604e-05,0,normal,-1
2412.0,2.7e-05,1.9e-05,0.025946559336676823,0.018710739260392358,0.013495761295866857,0.02657337948434597,0.01881877029714568,0.01345403368378202,2.260708834919093e-05,1.9192298548906675e-05,3.602020959769735e-05,0,normal,-1
2413.0,2.7e-05,1.9e-05,0.026236086600092034,0.01893667187457255,0.013639230550795547,0.026990175292415142,0.018796936395087158,0.013757492919263644,2.2706216349116654e-05,1.934344528725473e-05,3.621116328830631e-05,0,normal,-1
2414.0,2.7e-05,1.9e-05,0.026519173021810224,0.019159063657176432,0.013780099947403946,0.026656894906520408,0.01875935952031781,0.01394594429691943,2.2800422027734792e-05,1.949171528492683e-05,3.639768191442308e-05,0,normal,-1
2415.0,2.7e-05,1.9e-05,0.026796124098102055,0.019377809491269323,0.013918458882678952,0.027123909740949276,0.020207812860950056,0.014212918828251405,2.289039967562405e-05,1.963682388233787e-05,3.6579950793610825e-05,0,normal,-1
2416.0,2.7e-05,1.9e-05,0.027067202049030122,0.01959286435458588,0.014054368053126114,0.02711402218187037,0.020404718571092193,0.013303269078727253,2.2976671213080144e-05,1.9778651894522697e-05,3.675811251807468e-05,0,normal,-1
2417.0,2.7e-05,1.9e-05,0.027332640693958167,0.019804213506114103,0.014187878336097788,0.028085025164512768,0.019060617154279775,0.014345902027361482,2.3059658911870355e-05,1.9917153052798292e-05,3.693229274599357e-05,0,normal,-1
2418.0,2.7e-05,1.9e-05,0.027592646746863417,0.020011872343601682,0.014319029160562907,0.02709046552378083,0.019565300153218106,0.014819775920091555,2.3139690094104172e-05,2.0052353969157706e-05,3.710259863457271e-05,0,normal,-1
2419.0,2.7e-05,1.9e-05,0.027847408016158554,0.020215871470222992,0.01444785699795696,0.028445908641884236,0.020609959397778405,0.014504692591198801,2.321703446421443e-05,2.0184310694326283e-05,3.726913033691001e-05,0,normal,-1
2420.0,2.7e-05,1.9e-05,0.02809709689487401,0.020416251234065354,0.014574397812703099,0.027487338667662956,0.020077333965903194,0.014665302557607719,2.3291919000250646e-05,2.0313094073962704e-05,3.7431984410630046e-05,0,normal,-1
2421.0,2.7e-05,1.9e-05,0.028341869686561487,0.020613065354276053,0.014698683344851976,0.028526241536943914,0.02053494439005314,0.014597881785821156,2.3364522413222675e-05,2.0438802070807415e-05,3.7591249239781584e-05,0,normal,-1
2422.0,2.7e-05,1.9e-05,0.02858187380231824,0.020806367657871232,0.014820748853445547,0.029060280973192406,0.02063755754307573,0.01465722289252426,2.3435006933956324e-05,2.0561522983334555e-05,3.7747015157129285e-05,0,normal,-1
2423.0,2.7e-05,1.9e-05,0.028817246387246264,0.02099621632396382,0.014940629529633546,0.028814137499500955,0.021137248250068585,0.014774721325243581,2.35035102788874e-05,2.068134924169929e-05,3.789936993829726e-05,0,normal,-1
2424.0,2.7e-05,1.9e-05,0.029048114260879616,0.02118267565279703,0.01505835846018286,0.028907913902500765,0.02094652444277759,0.015459810205215323,2.3570143397232212e-05,2.079838387829026e-05,3.8048396361017106e-05,0,normal,-1
2425.0,2.7e-05,1.9e-05,0.029274599092035183,0.021365806595089534,0.015173972238814419,0.029680125870466183,0.021394189729938222,0.015322619272517634,2.3635012833596368e-05,2.091271489435133e-05,3.819417944000291e-05,0,normal,-1
2426.0,2.7e-05,1.9e-05,0.029496816330405237,0.021545669822600595,0.015287508519185537,0.029492404988945967,0.021438032197190118,0.015346366970767931,2.369821470362815e-05,2.1024425061884867e-05,3.833680338809509e-05,0,normal,-1
2427.0,2.7e-05,1.9e-05,0.029714873173173065,0.021722331227784247,0.015399001752043156,0.029282493504561097,0.0214641413603432,0.01564917975756667,2.3759823709083005e-05,2.1133608483421492e-05,3.8476346375896e-05,0,normal,-1
2428.0,2.7e-05,1.9e-05,0.029928873083478313,0.02189585346797818,0.015508488479403764,0.029460939915159853,0.021998146951630236,0.015528696163699613,2.3819912709369976e-05,2.1240347545955743e-05,3.861288729728611e-05,0,normal,-1
2429.0,2.7e-05,1.9e-05,0.03013891637451898,0.02206629517243571,0.015616007707652639,0.02977644563913994,0.02182988343837365,0.01570505068061582,2.3878554829502255e-05,2.1344711387427052e-05,3.8746506281190173e-05,0,normal,-1
2430.0,2.7e-05,1.9e-05,0.03034509723440207,0.02223371818308371,0.015721595600504193,0.030569663857608276,0.02159450114520097,0.015040118318519966,2.3935808429061223e-05,2.144677696654573e-05,3.887727816914749e-05,0,normal,-1
2431.0,2.7e-05,1.9e-05,0.03054750533776063,0.02239818482968283,0.015825287130034834,0.02999055941138731,0.02235185926506644,0.016624626515867685,2.399172370061291e-05,2.1546621784436127e-05,3.900527469595989e-05,0,normal,-1
2432.0,2.7e-05,1.9e-05,0.03074622843123578,0.02255975298974389,0.015927119378822206,0.031038902375197013,0.02206655824170031,0.01559548757960016,2.4046353848004798e-05,2.1644310504301593e-05,3.913056864960193e-05,0,normal,-1
2433.0,2.7e-05,1.9e-05,0.03094135179774928,0.022718477485907416,0.0160271305044319,0.030501999614141986,0.02298614160440814,0.015532978345305044,2.4099752247565004e-05,2.1739899263694362e-05,3.925323263675329e-05,0,normal,-1
2434.0,2.7e-05,1.9e-05,0.031132955411549593,0.022874417006193568,0.016125354644256254,0.031266726036897494,0.022788610006168455,0.015722220707250472,2.4151958194877426e-05,2.1833455355219347e-05,3.937333291441693e-05,0,normal,-1
2435.0,2.7e-05,1.9e-05,0.03132111659665618,0.023027628739458152,0.01622182567616636,0.031008273195171833,0.022838241052119117,0.015903890463120435,2.4203008786711022e-05,2.19250423481102e-05,3.9490934109682464e-05,0,normal,-1
2436.0,2.7e-05,1.9e-05,0.03150591139998319,0.023178165750345137,0.01631657907461713,0.031157028448055336,0.023809538635968068,0.015864307490581774,2.4252944784607808e-05,2.2014713036513117e-05,3.960610153846932e-05,0,normal,-1
2437.0,2.7e-05,1.9e-05,0.0316874140464286,0.02332607833898607,0.016409650913955548,0.03170721267402869,0.023335833493227782,0.016627872188463694,2.4301807827568734e-05,2.2102513474371095e-05,3.971890002965664e-05,0,normal,-1
2438.0,2.7e-05,1.9e-05,0.03186569432814909,0.023471420359202976,0.016501073202690158,0.03158415467215306,0.02349557716980454,0.01676612561214742,2.4349627491495677e-05,2.2188500633409492e-05,3.9829388340272395e-05,0,normal,-1
2439.0,2.7e-05,1.9e-05,0.03204081995524949,0.02361424428642593,0.01659087747993868,0.03225863846527021,0.024281388751302195,0.01585244584922207,2.439643196535808e-05,2.2272728711942943e-05,3.993762360439521e-05,0,normal,-1
2440.0,2.7e-05,1.9e-05,0.0322128577260408,0.023754598926848957,0.016679096513888998,0.03189578316581026,0.024133665007588727,0.016394650978804735,2.4442253077499184e-05,2.235524292939327e-05,4.004366342696758e-05,0,normal,-1
2441.0,2.7e-05,1.9e-05,0.03238187330049422,0.02389252999218517,0.01676576388139209,0.031430564762660665,0.024132925670282634,0.017319207525514656,2.4487125118161272e-05,2.2436081296374746e-05,4.01475654060028e-05,0,normal,-1
2442.0,2.7e-05,1.9e-05,0.03254792884928287,0.024028085769527533,0.016850909774216317,0.031550490974670414,0.02439729127330074,0.01803504657649081,2.4531073282864714e-05,2.2515290246870497e-05,4.024938215517859e-05,0,normal,-1
2443.0,2.7e-05,1.9e-05,0.03271108423597779,0.024161314648601877,0.01693456283763499,0.03197977960248272,0.02411386686201171,0.016866190809202618,2.457411901768882e-05,2.2592917782177076e-05,4.034916358593512e-05,0,normal,-1
2444.0,2.7e-05,1.9e-05,0.03287139862901488,0.024292261805527553,0.01701675268685613,0.033276558092095974,0.024181371317347638,0.016863923306021832,2.4616287131014633e-05,2.266900439079758e-05,4.0446959957566344e-05,0,normal,-1
2445.0,2.7e-05,1.9e-05,0.03302893050193212,0.02442096923520741,0.017097509887941766,0.03307236903192837,0.023709396996259166,0.017236400782294298,2.4657605727063195e-05,2.274358328443579e-05,4.054282187523391e-05,0,normal,-1
2446.0,2.7e-05,1.9e-05,0.033183736287704636,0.0245474790273534,0.01717686353910077,0.03263618162414036,0.024131013256460856,0.016717097734540137,2.469809957897831e-05,2.28166893559574e-05,4.063679744913556e-05,0,normal,-1
2447.0,2.7e-05,1.9e-05,0.03333586940988753,0.024671835724627833,0.017254839512769713,0.03311230794580077,0.02435016888412139,0.017724312181273787,2.4737785415377484e-05,2.2888365525654356e-05,4.07289302717203e-05,0,normal,-1
2448.0,2.7e-05,1.9e-05,0.03348538255190474,0.024794081434618462,0.017331464180244234,0.03396975110874922,0.025302556036352484,0.017644438096638786,2.477668219346901e-05,2.2958649392134555e-05,4.081926387577709e-05,0,normal,-1
2449.0,2.7e-05,1.9e-05,0.03363232786606369,0.024914255464231393,0.01740676471049058,0.03298318130527793,0.024511629250099375,0.017751124621912667,2.4814811905114632e-05,2.3027572319248527e-05,4.090784210560542e-05,0,normal,-1
2450.0,2.7e-05,1.9e-05,0.03377675679100042,0.025032394773886833,0.017480768737436734,0.034011621651960186,0.025147128076002702,0.01779375385653193,2.4852198655104284e-05,2.309516075299203e-05,4.099470874246691e-05,0,normal,-1
2451.0,2.7e-05,1.9e-05,0.03391871809676526,0.025148538660001024,0.017553500882275214,0.034287890321071476,0.02533219674250471,0.017699675827886653,2.4888859234153977e-05,2.3161448752535525e-05,4.107990345436774e-05,0,normal,-1
2452.0,2.7e-05,1.9e-05,0.034058258842048716,0.025262726644131026,0.017624984356396513,0.03332202497304949,0.025438826277618173,0.017331895022982137,2.4924807525903233e-05,2.3226472251878117e-05,4.1163463727621954e-05,0,normal,-1
2453.0,2.7e-05,1.9e-05,0.03419542566061777,0.02537499578875421,0.017695243051698,0.03405721407121713,0.025877470745807315,0.01743336555196314,2.4960060150357553e-05,2.3290261813121685e-05,4.124542734054458e-05,0,normal,-1
2454.0,2.7e-05,1.9e-05,0.03433026476310816,0.025485380718102833,0.017764301531531634,0.03350222254709626,0.0248482876542779,0.017865855735221696,2.4994636421976942e-05,2.3352842762839322e-05,4.132583236473754e-05,0,normal,-1
2455.0,2.7e-05,1.9e-05,0.03446282157870672,0.025593914497201355,0.017832184384821273,0.03486409247337273,0.026345086188352594,0.01793670892436484,2.502855659004104e-05,2.341423757668889e-05,4.140471642685103e-05,0,normal,-1
2456.0,2.7e-05,1.9e-05,0.03459313893451963,0.02570063295241646,0.017898913009568897,0.034317137720266615,0.02516361302705418,0.017236652661814632,2.506183318370608e-05,2.3474477267943776e-05,4.148211299962834e-05,0,normal,-1
2457.0,2.7e-05,1.9e-05,0.034721258584873876,0.025805571246249163,0.017964508216586086,0.03405303734187886,0.0256869351897084,0.017560597167769188,2.5094478040033845e-05,2.3533592244091476e-05,4.155805446512328e-05,0,normal,-1
2458.0,2.7e-05,1.9e-05,0.03484722194810884,0.025908762396876558,0.01802899140723473,0.034870335327573505,0.026170464514097876,0.017710580878736185,2.512650542798657e-05,2.3591608350012545e-05,4.1632573496106775e-05,0,normal,-1
2459.0,2.7e-05,1.9e-05,0.034971070098853856,0.026010237303338037,0.01809238455665241,0.03489466782352572,0.02585656123027673,0.01860956940112792,2.5157931989988233e-05,2.364854699984545e-05,4.170570304535639e-05,0,normal,-1
2460.0,2.7e-05,1.9e-05,0.03509284346869775,0.026110025477762366,0.01815470967666889,0.03524633307519653,0.025550226577629575,0.018134278889151242,2.5188775284553797e-05,2.370442713213788e-05,4.1777475736281556e-05,0,normal,-1
2461.0,2.7e-05,1.9e-05,0.03521258016909858,0.026208159005727254,0.018215985868847456,0.03449314366299633,0.025067225891867852,0.017636183190074244,2.521904589018474e-05,2.375927551513501e-05,4.184792049145641e-05,0,normal,-1
2462.0,2.7e-05,1.9e-05,0.035330317331400775,0.026304669524893014,0.018276231616060987,0.036250201887404535,0.02619927240510674,0.018506148457934617,2.524875355080437e-05,2.381311878726984e-05,4.191706520147697e-05,0,normal,-1
2463.0,2.7e-05,1.9e-05,0.035446091813102105,0.026399586803493812,0.0183354659154341,0.035617547862360016,0.02713472885618487,0.01853292250927232,2.5277910155680452e-05,2.386597969004067e-05,4.198493803946843e-05,0,normal,-1
2464.0,2.7e-05,1.9e-05,0.0355599401887395,0.026492938769935408,0.01839370825878808,0.03510538903549427,0.02712483989279017,0.018268717071703033,2.530652967542114e-05,2.391787719391832e-05,4.20515674450236e-05,0,normal,-1
2465.0,2.7e-05,1.9e-05,0.03567189857378205,0.026584751922294213,0.018450978326852992,0.03639533560278299,0.025498970980216674,0.01834639137372516,2.5334627336668854e-05,2.396882760155791e-05,4.211698178154499e-05,0,normal,-1
2466.0,2.7e-05,1.9e-05,0.035782001093280724,0.026675054948076732,0.018507293305144702,0.03582244537207043,0.02682767298021659,0.018036001110466455,2.5362212445448215e-05,2.4018853851996668e-05,4.21812062863309e-05,0,normal,-1
2467.0,2.7e-05,1.9e-05,0.035890281409038986,0.026763875316267116,0.018562670475424436,0.035478114034864235,0.026941564000947313,0.01797385259182716,2.5389295286491565e-05,2.4067976656096378e-05,4.2244266050747694e-05,0,normal,-1
2468.0,2.7e-05,1.9e-05,0.03599677264195161,0.026851239498030532,0.018617127064959674,0.03581215716512721,0.026281234792101718,0.018605163312928028,2.5415886705394202e-05,2.4116215071454743e-05,4.230618585704806e-05,0,normal,-1
2469.0,2.7e-05,1.9e-05,0.03610150720088592,0.026937173422065433,0.01867067992600609,0.03631862433986458,0.026389271271489413,0.018379667420323823,2.5441997238142456e-05,2.4163587660230908e-05,4.2366989823757525e-05,0,normal,-1
2470.0,2.7e-05,1.9e-05,0.03601505686282207,0.02701835081637903,0.018723303675514367,0.036263605917324644,0.026687329849195293,0.01893011637387376,2.5208239555200292e-05,2.420528392011862e-05,4.242665398963959e-05,1,act_q1_loss,9
2471.0,2.7e-05,1.9e-05,0.03565771817160574,0.02706545721940602,0.018773421927094306,0.03592343053831975,0.026607914551009325,0.019270154412293065,2.4635108596792726e-05,2.420088917305645e-05,4.248339954884722e-05,1,act_q1_loss,9
2472.0,2.7e-05,1.9e-05,0.035335604444555024,0.027079088968064102,0.018818196119730728,0.03548752841830569,0.02680995566595358,0.019584239427953613,2.4149000002805643e-05,2.415540071419812e-05,4.253403035874537e-05,1,act_q1_loss,9
2473.0,2.7e-05,1.9e-05,0.035043388305764395,0.02706683858219271,0.018855841767774283,0.035440094579428,0.02661580552353761,0.01885029051004348,2.373604137330644e-05,2.4082340563076554e-05,4.257655359314894e-05,1,act_q1_loss,9
2474.0,2.7e-05,1.9e-05,0.03477660002881104,0.02703466707449707,0.018885446255002908,0.034722847688276555,0.027467798107699556,0.018872909313069695,2.338435820006836e-05,2.399157695780983e-05,4.260996399979082e-05,1,act_q1_loss,9
2475.0,2.7e-05,1.9e-05,0.03453149892473312,0.026987244463702646,0.01890670155852903,0.0343842743545114,0.02663127456062646,0.018676674539165508,2.308388574507126e-05,2.3890268028597397e-05,4.263393571362916e-05,1,act_q1_loss,9
2476.0,2.7e-05,1.9e-05,0.03430496049185028,0.026928218167941522,0.01891971151474909,0.03425659117854964,0.026619452281016098,0.01976832868675636,2.2826170590406162e-05,2.3783541408467492e-05,4.2648601684052295e-05,1,act_q1_loss,9
2477.0,2.7e-05,1.9e-05,0.03409437777889677,0.026860427679161223,0.0189248511304599,0.03464706559879608,0.02587401001295026,0.019563879267132114,2.260416694869601e-05,2.3675000375667833e-05,4.2654394122764815e-05,1,act_q1_loss,9
2478.0,2.7e-05,1.9e-05,0.033897570749304634,0.02678608643099028,0.018922658822696968,0.034017736825701896,0.026700798864831787,0.019059980224301262,2.2412013750914478e-05,2.35671300507502e-05,4.265192344896583e-05,1,act_q1_loss,9
2479.0,2.7e-05,1.9e-05,0.03371271543833792,0.02670691530613969,0.01891376519471113,0.0328703114304698,0.026353078608122634,0.01937963415108978,2.2244857269432527e-05,2.34615809073136e-05,4.264189909336988e-05,1,act_q1_loss,9
2480.0,2.7e-05,1.9e-05,0.0335382851869728,0.026624247488998422,0.01889884251557824,0.03297382668186344,0.025816407078660862,0.018659964401836024,2.2098694773296594e-05,2.335938364089717e-05,4.262507386225461e-05,1,act_q1_loss,9
2481.0,2.7e-05,1.9e-05,0.03337299206717449,0.026539126982333627,0.018878562789889863,0.032867445910019784,0.026083984750118035,0.01809150784620404,2.1970197055840898e-05,2.3261147221078498e-05,4.260219794205965e-05,1,act_q1_loss,9
2482.0,2.7e-05,1.9e-05,0.033215755365829026,0.026452357918140025,0.018853581623957325,0.03325129381066416,0.026359255219038855,0.018616784466057402,2.1856630310392532e-05,2.3167148447979363e-05,4.2574001810541716e-05,1,act_q1_loss,9
2483.0,2.7e-05,1.9e-05,0.03306565542667159,0.0263645754696819,0.0188245149710049,0.033859457106317305,0.02656079617455764,0.018856414495270042,2.1755704528286277e-05,2.307746851677094e-05,4.25411708851845e-05,1,act_q1_loss,9
2484.0,2.7e-05,1.9e-05,0.03292191722125431,0.026276267261125273,0.01879193763216221,0.032120553575485385,0.027058991120719644,0.01908086778779477,2.1665538257422408e-05,2.2992024059506357e-05,4.250434448477957e-05,1,act_q1_loss,9
2485.0,2.7e-05,1.9e-05,0.032783874807836254,0.026187823249927942,0.018756372371702405,0.031943503264829816,0.02751740010603784,0.019090520938240346,2.15845387636192e-05,2.2910657747669013e-05,4.246410398290215e-05,1,act_q1_loss,9
2486.0,2.7e-05,1.9e-05,0.03265096538629551,0.026099540510264436,0.018718294347021262,0.0318468387276768,0.025984565688287893,0.01921795715833064,2.151139795187255e-05,2.2833137738869616e-05,4.242097808789809e-05,1,act_q1_loss,9
2487.0,2.7e-05,1.9e-05,0.03252270043223752,0.026011660164734475,0.018678127639010222,0.03245830079137125,0.025328076280516004,0.01876936913806547,2.1444994664822722e-05,2.2759219436460366e-05,4.237543905329082e-05,1,act_q1_loss,9
2488.0,2.7e-05,1.9e-05,0.032398664460463154,0.025924366056046082,0.01863625009699596,0.03207603093334324,0.0259363261550594,0.018535745171484406,2.1384401906548305e-05,2.268863606344877e-05,4.232790819099141e-05,1,act_q1_loss,9
2489.0,2.7e-05,1.9e-05,0.0322784973355398,0.025837804587183707,0.0185929956024251,0.03265865692191643,0.025422333357948863,0.018951084676126304,2.1328830493064726e-05,2.2621126148171094e-05,4.227875839267213e-05,1,act_q1_loss,9
2490.0,2.7e-05,1.9e-05,0.03216188507995606,0.025752093503005995,0.018548657629471728,0.031230853215366724,0.02574716821955181,0.01997030048156921,2.1277603217071626e-05,2.2556442153395388e-05,4.222831807190707e-05,1,act_q1_loss,9
2491.0,2.7e-05,1.9e-05,0.032048560262592916,0.025667319850424718,0.01850349198403986,0.032215519395947655,0.02605698282902992,0.018703939895441116,2.123016186448573e-05,2.249434350805765e-05,4.217687414166233e-05,1,act_q1_loss,9
2492.0,2.7e-05,1.9e-05,0.031938285881210206,0.02558355552903952,0.018457722554540826,0.03161461905127706,0.02564722301187297,0.019299814463485526,2.118601695068046e-05,2.243461242488472e-05,4.212467840765607e-05,1,act_q1_loss,9
2493.0,2.7e-05,1.9e-05,0.031830855064988596,0.025500856205279924,0.01841154365375321,0.032355350698176674,0.02561727583850924,0.01845267657682307,2.1144750636007578e-05,2.2377049048957166e-05,4.2071950082977214e-05,1,act_q1_loss,9
2494.0,2.7e-05,1.9e-05,0.031726090287162445,0.025419261603416652,0.018365121165867047,0.03173811628516479,0.02537638772758725,0.018670536403798118,2.1106016288971563e-05,2.23214705470989e-05,4.201887693220901e-05,1,act_q1_loss,9
2495.0,2.7e-05,1.9e-05,0.03162383241970901,0.025338803829702793,0.018318599867071073,0.031253844239601286,0.02487311743991457,0.018193085346453725,2.1069507335704817e-05,2.2267713090674663e-05,4.1965623479468034e-05,1,act_q1_loss,9
2496.0,2.7e-05,1.9e-05,0.031523940475806964,0.02525950688878572,0.01827210468782262,0.030846228967881983,0.024711228913034712,0.018792221066998953,2.103495835789756e-05,2.2215629458973826e-05,4.1912332319710996e-05,1,act_q1_loss,9
2497.0,2.7e-05,1.9e-05,0.03142629314049692,0.02518138570673964,0.018225739490020557,0.03199460629986937,0.02456447601967253,0.018407658086301452,2.1002149934260167e-05,2.2165089748956627e-05,4.185912257909375e-05,1,act_q1_loss,9
2498.0,2.7e-05,1.9e-05,0.03133078124239052,0.025104450640374934,0.01817959395889917,0.03107106161347108,0.02541737373684701,0.01778246752730786,2.0970888943522753e-05,2.2115977869540297e-05,4.180609768945971e-05,1,act_q1_loss,9
2499.0,2.7e-05,1.9e-05,0.031237305973457332,0.02502870801920738,0.018133746047166485,0.030592986455652955,0.024845236365465713,0.018823367989669687,2.094100500703304e-05,2.2068188734220858e-05,4.175334809907454e-05,1,act_q1_loss,9
2500.0,2.7e-05,1.9e-05,0.031145780628745717,0.024954159514168784,0.018088259786363536,0.0306828704974679,0.025245714897216855,0.017917077313131385,2.091235478287412e-05,2.202163094719236e-05,4.170094866236759e-05,1,act_q1_loss,9
2501.0,2.7e-05,1.9e-05,0.031056128267981122,0.024880803591556474,0.01804318735907935,0.03109072558255462,0.02461885266155777,0.01710184929923082,2.0884815836995686e-05,2.1976226012041382e-05,4.164896092734092e-05,1,act_q1_loss,9
2502.0,2.7e-05,1.9e-05,0.03096827816605446,0.02480863635584682,0.017998574308577864,0.03105675736855749,0.024644501400830913,0.018105520023151047,2.085827941941967e-05,2.1931901479869473e-05,4.159743906634228e-05,1,act_q1_loss,9
2503.0,2.7e-05,1.9e-05,0.030882165797313323,0.024737651553514442,0.01795445956232507,0.030554445258334072,0.02489223170134908,0.017815543746794463,2.0832650577110982e-05,2.1888591017278562e-05,4.1546429851466276e-05,1,act_q1_loss,9
2504.0,2.7e-05,1.9e-05,0.030797733864248493,0.02466784115504961,0.017910872666419178,0.030673186512065565,0.02463055477564361,0.018461005202673676,2.0807849043957796e-05,2.184623991191493e-05,4.149596939949959e-05,1,act_q1_loss,9
2505.0,2.7e-05,1.9e-05,0.030714930186042044,0.024599195833874425,0.01786783692140347,0.030485473575816026,0.024045823271669032,0.01804091886169555,2.078380496353599e-05,2.180480090956229e-05,4.144608673867639e-05,1,act_q1_loss,9
2506.0,2.7e-05,1.9e-05,0.030633706127969756,0.0245317047696108,0.01782537254918847,0.031185866956973844,0.024025871963642396,0.01719843906399401,2.0760456641018514e-05,2.1764228849028168e-05,4.1396807438906224e-05,1,act_q1_loss,9
2507.0,2.7e-05,1.9e-05,0.03055401660572246,0.024465355700818446,0.017783496602051477,0.030188715315650087,0.024582404769922347,0.018085780990955834,2.073775052977493e-05,2.172448093428491e-05,4.134815348147998e-05,1,act_q1_loss,9
2508.0,2.7e-05,1.9e-05,0.030475820539834095,0.024400136028474795,0.01774222043694283,0.030020659115800714,0.023344335649232294,0.017736526052204063,2.071564018818463e-05,2.1685522683603593e-05,4.130014029475941e-05,1,act_q1_loss,9
2509.0,2.7e-05,1.9e-05,0.03039907999774261,0.024336032940951116,0.017701551100999715,0.029829150758407495,0.02472231872102938,0.01692317595243401,2.0694084655168897e-05,2.164732596233187e-05,4.12527783276219e-05,1,act_q1_loss,9
2510.0,2.7e-05,1.9e-05,0.03032375915122439,0.024273032622926193,0.017661494429698672,0.03016215002395641,0.024417197732238577,0.017289789214737058,2.0673048061346884e-05,2.160986269424325e-05,4.1206076632972115e-05,1,act_q1_loss,9
2511.0,2.7e-05,1.9e-05,0.030249824237547105,0.024211120227972588,0.01762205515764753,0.03063093874025128,0.024226725183658305,0.01800563170903178,2.06524996454247e-05,2.1573104645534898e-05,4.116004298765878e-05,1,act_q1_loss,9
2512.0,2.7e-05,1.9e-05,0.030177243574396263,0.024150280464390956,0.017583235983747277,0.03015777655530803,0.024570832926576643,0.01688233198866061,2.063241281057295e-05,2.1537025926455685e-05,4.111468279101148e-05,1,act_q1_loss,9
2513.0,2.7e-05,1.9e-05,0.03010598741310048,0.02409049917050618,0.017545035434537202,0.030059174462430803,0.0240118623443131,0.016865693512151145,2.0612762200901673e-05,2.1501609116504766e-05,4.106999654986031e-05,1,act_q1_loss,9
2514.0,2.7e-05,1.9e-05,0.030036027412593518,0.024031761808293153,0.017507451118598433,0.03054147962850262,0.024531136125372555,0.019135658820565258,2.059352539423358e-05,2.1466837508923328e-05,4.1025983664499946e-05,1,act_q1_loss,9
2515.0,2.7e-05,1.9e-05,0.029967336525488265,0.02397405303531055,0.017470480570670906,0.030335441245324446,0.024300648087558503,0.017993666662289864,2.057468345997654e-05,2.1432693025432608e-05,4.098264341282977e-05,1,act_q1_loss,9
2516.0,2.7e-05,1.9e-05,0.029899888998069845,0.023917356704742872,0.017434121251595713,0.029984824364336794,0.023760349579462207,0.016829787136254333,2.0556220979116534e-05,2.1399156210624056e-05,4.093997494974696e-05,1,act_q1_loss,9
2517.0,2.7e-05,1.9e-05,0.0298336602113846,0.02386165672318857,0.017398369510486518,0.030789349888896728,0.023439299766932757,0.01716602965740339,2.053812431499678e-05,2.1366209359817933e-05,4.0897976086832866e-05,1,act_q1_loss,9
2518.0,2.7e-05,1.9e-05,0.02976862621467237,0.023806938829692998,0.017363218726307438,0.0289939676484025,0.023895068385256082,0.017308756733650576,2.0520377759092616e-05,2.1333842559237397e-05,4.085664109921108e-05,1,act_q1_loss,9
2519.0,2.7e-05,1.9e-05,0.029704763915836794,0.02375318849617449,0.017328662154176305,0.030314656329148898,0.023639725270570875,0.016434950691444315,2.0502967469163773e-05,2.130204554938365e-05,4.081596406037963e-05,1,act_q1_loss,9
2520.0,2.7e-05,1.9e-05,0.029642051142943673,0.023700390483773707,0.01729469346712916,0.029982386034979172,0.023411178846642528,0.01744026837786129,2.048588235049916e-05,2.1270806089089278e-05,4.077593948081226e-05,1,act_q1_loss,9
2521.0,2.7e-05,1.9e-05,0.029580466644220947,0.023648528842853674,0.017261306756120254,0.028934038282348973,0.023612811782609,0.01653580264320618,2.046911406940157e-05,2.1240109943928138e-05,4.0736562311023364e-05,1,act_q1_loss,9
2522.0,2.7e-05,1.9e-05,0.02951998999700226,0.023597587209186754,0.017228496235842616,0.03010398884076951,0.023222001800605678,0.017325346959956068,2.045265639737256e-05,2.1209941858224015e-05,4.069782759707744e-05,1,act_q1_loss,9
2523.0,2.7e-05,1.9e-05,0.02946060077783835,0.023547551345839777,0.017196253859119437,0.030042369905270414,0.024496142369189185,0.017198679338846827,2.043649939399904e-05,2.118029376760462e-05,4.065972766150832e-05,1,act_q1_loss,9
2524.0,2.7e-05,1.9e-05,0.02940227889454754,0.0234984077257515,0.017164570897115112,0.029310983081778375,0.023423645305998393,0.016253133430177567,2.0420632419060924e-05,2.115115984716312e-05,4.062225396142923e-05,1,act_q1_loss,9
2525.0,2.7e-05,1.9e-05,0.02934500500192149,0.02345014214965533,0.017133439245208944,0.028932655272207657,0.024121258712652464,0.01659178246546472,2.040504724280891e-05,2.1122532034461614e-05,4.058539863246261e-05,1,act_q1_loss,9
2526.0,2.7e-05,1.9e-05,0.029288760499866905,0.023402739754847975,0.017102851409021746,0.028998641791713586,0.023753575979059686,0.017819806197750997,2.0389738038095957e-05,2.1094400054099624e-05,4.054915447651815e-05,1,act_q1_loss,9
2527.0,2.7e-05,1.9e-05,0.029233527533405537,0.02335618501518943,0.017072800504415828,0.029893410588626088,0.024270196742829427,0.015726928331648744,2.037470139036742e-05,2.10667514051161e-05,4.051351496591636e-05,1,act_q1_loss,9
2528.0,2.7e-05,1.9e-05,0.02917928845598115,0.023310463124118108,0.017043279116360888,0.02941392918347753,0.023462006647892112,0.017455075404946886,2.0359932977300057e-05,2.1039575585926347e-05,4.047847289225105e-05,1,act_q1_loss,9
2529.0,2.7e-05,1.9e-05,0.02912602526637998,0.02326556138562301,0.01701427818059637,0.02859087563523628,0.022686453385680858,0.0171326984846971,2.0345424174138674e-05,2.1012868327228478e-05,4.044401903528102e-05,1,act_q1_loss,9
2530.0,2.7e-05,1.9e-05,0.029073720823047565,0.023221465988062746,0.016985789696819752,0.029795204395148177,0.023415088644741868,0.016540526067687484,2.033116975249205e-05,2.0986621638631482e-05,4.041014538297106e-05,1,act_q1_loss,9
2531.0,2.7e-05,1.9e-05,0.029022358332397483,0.023178163283524664,0.016957805693483975,0.02949056657270697,0.023747705077921302,0.01653284881617699,2.0317164779860034e-05,2.096082768641911e-05,4.037684390538917e-05,1,act_q1_loss,9
2532.0,2.7e-05,1.9e-05,0.02897192132358532,0.023135639814663076,0.016930318222397937,0.02837262054856393,0.022426915297212358,0.01677210317042445,2.0303404530723313e-05,2.0935478850622723e-05,4.034410654934489e-05,1,act_q1_loss,9
2533.0,2.7e-05,1.9e-05,0.02921215882023893,0.02310361129353234,0.01690353801203356,0.029348598954182934,0.023293990318479736,0.016629293327192905,2.077158946509246e-05,2.092662361726855e-05,4.031218596653973e-05,0,normal,-1
2534.0,2.7e-05,1.9e-05,0.029605160958206877,0.023113929808313335,0.01688036361208935,0.029606630786974633,0.02405004029096013,0.01732051626280999,2.141234780633083e-05,2.0983070499135547e-05,4.0284542903439357e-05,0,normal,-1
2535.0,2.7e-05,1.9e-05,0.029960105422972158,0.023156972077668696,0.016864106759581797,0.030009597353796855,0.023547010047000955,0.01660199894608237,2.1920741649074606e-05,2.1082638903778477e-05,4.026513995570703e-05,0,normal,-1
2536.0,2.7e-05,1.9e-05,0.030284520527856258,0.023223029343516284,0.01685632669063692,0.03062443748548957,0.02400169217683706,0.017789629572154433,2.233309753107036e-05,2.120596476886103e-05,4.025585094597371e-05,0,normal,-1
2537.0,2.7e-05,1.9e-05,0.030583947731611258,0.023305414788260308,0.01685747088794591,0.03080398974256266,0.0232235616485503,0.016827379089595362,2.2673714712299886e-05,2.1340833478732892e-05,4.025721719425405e-05,0,normal,-1
2538.0,2.7e-05,1.9e-05,0.030862575284903913,0.02339944375824627,0.0168673304251915,0.03131791745460802,0.02290111932960752,0.017446151355825043,2.295944045465574e-05,2.1479670131087315e-05,4.026898822191911e-05,0,normal,-1
2539.0,2.7e-05,1.9e-05,0.031123639185549928,0.023501782378551155,0.016885330789751338,0.031043600015615545,0.02363778554464238,0.016601209677003688,2.3202305704216928e-05,2.161789093829712e-05,4.0290469486779554e-05,0,normal,-1
2540.0,2.7e-05,1.9e-05,0.03136968890016795,0.02361001915570089,0.01691071656721397,0.031207585224509626,0.023639559088500715,0.017156860033040684,2.3411129690623587e-05,2.1752819137528086e-05,4.0320744900594495e-05,0,normal,-1
2541.0,2.7e-05,1.9e-05,0.03160276407380798,0.023722387567589105,0.016942661598389756,0.03154090867900815,0.024189863565162655,0.017440132113771618,2.3592514774547703e-05,2.188299807285301e-05,4.035881069538589e-05,0,normal,-1
2542.0,2.7e-05,1.9e-05,0.03182451721504603,0.02383757899368242,0.016980336294504413,0.030401342956231515,0.023878422173697966,0.016889842834824725,2.3751493015205484e-05,2.2007743326573513e-05,4.040365788738769e-05,0,normal,-1
2543.0,2.7e-05,1.9e-05,0.03203630843358002,0.0239546035882767,0.01702295081382454,0.03191224461238065,0.023627406919540454,0.016924560913637057,2.3891985615127598e-05,2.212682758022724e-05,4.045432542188121e-05,0,normal,-1
2544.0,2.7e-05,1.9e-05,0.03223926113933682,0.024072715667211447,0.017069769572828866,0.03286980188105417,0.024307237254440436,0.016871696085343803,2.4017065594846497e-05,2.2240325729144134e-05,4.0509918627326586e-05,0,normal,-1
2545.0,2.7e-05,1.9e-05,0.03243432018108322,0.024191334585716345,0.01712012740110997,0.032095153441983104,0.024604693739504867,0.017385742742517987,2.4129205510583085e-05,2.2348456453704302e-05,4.0569629134217024e-05,0,normal,-1
2546.0,2.7e-05,1.9e-05,0.032622277065670585,0.024310017665043523,0.017173425801084483,0.031954288681940696,0.023291798231314043,0.016774714799652618,2.4230383942172492e-05,2.2451542408822497e-05,4.06327307679986e-05,0,normal,-1
2547.0,2.7e-05,1.9e-05,0.032803809224529475,0.024428411287773868,0.01722913638534653,0.03303824980989051,0.02367679448230758,0.017047857244989643,2.4322234828833515e-05,2.2549926494519834e-05,4.0698583683150995e-05,0,normal,-1
2548.0,2.7e-05,1.9e-05,0.03297949037382945,0.02454624374630886,0.01728679328342801,0.03419331174200334,0.024887004011261232,0.017478994694308053,2.4406086859532275e-05,2.2643972820470362e-05,4.076662523047747e-05,0,normal,-1
2549.0,2.7e-05,1.9e-05,0.03314981653700615,0.024663296502059787,0.0173459895470296,0.03291752469900616,0.025270812720048486,0.017146903176687333,2.4483052977689112e-05,2.273402790637181e-05,4.0836365448853694e-05,0,normal,-1
2550.0,2.7e-05,1.9e-05,0.03331521594462767,0.024779395970586277,0.017406371635629612,0.033538711207188106,0.02440767316391797,0.018191178302990472,2.455406354163179e-05,2.2820417498956046e-05,4.0907380218075076e-05,0,normal,-1
2551.0,2.7e-05,1.9e-05,0.03347605655916295,0.024894408687232847,0.017467633166129544,0.03323849374382936,0.02385446094593034,0.017551807360560282,2.461988936795141e-05,2.2903449709739548e-05,4.097930352416158e-05,0,normal,-1
2552.0,2.7e-05,1.9e-05,0.03363266361694404,0.025008223739906663,0.017529509365591403,0.03300352978812889,0.02404653943390364,0.01731242288901473,2.4681196028452588e-05,2.2983397348665306e-05,4.1051820561203204e-05,0,normal,-1
2553.0,2.7e-05,1.9e-05,0.033785319096153274,0.025120756184940786,0.017591772936886053,0.03355930632273828,0.02511178230813361,0.017687537924507477,2.4738540934031667e-05,2.3060510505550433e-05,4.112466251054653e-05,0,normal,-1
2554.0,2.7e-05,1.9e-05,0.03393426899823631,0.025231941492623047,0.017654229159365497,0.033717870789021866,0.024739523852595667,0.01781521760141233,2.479239392185587e-05,2.313501626372126e-05,4.1197600451034535e-05,0,normal,-1
2555.0,2.7e-05,1.9e-05,0.03407973395920269,0.02534172610486436,0.017716710608902585,0.033904177067937594,0.02589465620249519,0.017688187182768912,2.484316748660736e-05,2.320711301542637e-05,4.127043886995481e-05,0,normal,-1
2556.0,2.7e-05,1.9e-05,0.034221907852519814,0.02545007056543984,0.01777907502773119,0.03364460578441172,0.02526982671914251,0.017436601775980262,2.489121152658168e-05,2.327697911713282e-05,4.134301289233794e-05,0,normal,-1
2557.0,2.7e-05,1.9e-05,0.03436096037534607,0.025556948382904118,0.017841202334744257,0.03369750510418541,0.02516392218982767,0.017378509186546275,2.4936819665910886e-05,2.334477617955733e-05,4.1415184534873726e-05,0,normal,-1
2558.0,2.7e-05,1.9e-05,0.03449704574187997,0.025662338662862574,0.017902989711709845,0.03376513635530774,0.025346555606794344,0.017603201549837365,2.4980252809072147e-05,2.3410645764647747e-05,4.148683676667048e-05,0,normal,-1
2559.0,2.7e-05,1.9e-05,0.034630302994555724,0.02576622650332245,0.01796435044110577,0.034586811771044425,0.025104762716090998,0.018842293866210117,2.5021739562404305e-05,2.3474712139374332e-05,4.155787197038639e-05,0,normal,-1
2560.0,2.7e-05,1.9e-05,0.034760853893418465,0.025868606413206607,0.01802521268521639,0.03475582916857965,0.025732225261261222,0.018254428139577436,2.5061468911903866e-05,2.353708957784299e-05,4.162821035225191e-05,0,normal,-1
2561.0,2.7e-05,1.9e-05,0.034888809001529096,0.02596947707029573,0.018085516202220476,0.03536474519139452,0.026084402100148455,0.017833110509064224,2.5099606629723804e-05,2.3597879651229076e-05,4.1697785992173166e-05,0,normal,-1
2562.0,2.7e-05,1.9e-05,0.03501427046722524,0.026068839210913807,0.018145210413890625,0.03544596861834282,0.025121435814543288,0.018323734723329675,2.513630244279753e-05,2.365717120011058e-05,4.1766544491621725e-05,0,normal,-1
2563.0,2.7e-05,1.9e-05,0.03513733120601325,0.026166696982228572,0.018204253901714183,0.03470036017751249,0.026475951001451864,0.0181571317431312,2.5171687199994344e-05,2.371504331986118e-05,4.1834442288657304e-05,0,normal,-1
2564.0,2.7e-05,1.9e-05,0.035258073405564735,0.026263060301618533,0.01826261362833471,0.034941418202290506,0.026477312902534075,0.01801969810814978,2.5205867681116e-05,2.3771570192719348e-05,4.1901445667194376e-05,0,normal,-1
2565.0,2.7e-05,1.9e-05,0.03537657337562544,0.026357940448186668,0.018320262717381085,0.035005808416275666,0.026080262614230732,0.01777727869428573,2.5238939774302236e-05,2.3826817947058306e-05,4.196752812739372e-05,0,normal,-1
2566.0,2.7e-05,1.9e-05,0.03549290279840616,0.026451349098933527,0.0183771796373631,0.03480527533772431,0.025512569943380733,0.01827923554555128,2.5270991688122395e-05,2.3880844570693944e-05,4.2032669389140804e-05,0,normal,-1
2567.0,2.7e-05,1.9e-05,0.03560712836640518,0.026543298940186685,0.018433347968103714,0.035320424610155,0.026398027812085348,0.018294389095920287,2.5302102680067217e-05,2.3933701282086824e-05,4.209685507205443e-05,0,normal,-1
2568.0,2.7e-05,1.9e-05,0.03571930974893372,0.026633806666405545,0.018488755639146804,0.034954050873441764,0.026436860632605703,0.017523544452927982,2.5332336128457042e-05,2.3985438168967006e-05,4.2160075778350964e-05,0,normal,-1
2569.0,2.7e-05,1.9e-05,0.035829502464163394,0.026722890059002902,0.018543394116492428,0.034929209324018703,0.02652451896554176,0.019319751318566537,2.5361747719770733e-05,2.4036101127499856e-05,4.2222326126959764e-05,0,normal,-1
2570.0,2.7e-05,1.9e-05,0.03593775959266126,0.026810566409609868,0.01859725772440015,0.036291990797582455,0.026856664797608665,0.01741637445483781,2.539039008966357e-05,2.408573061075235e-05,4.228360395127622e-05,0,normal,-1
2571.0,2.7e-05,1.9e-05,0.036044131785699526,0.026896852521262178,0.0186503436305465,0.0360025950840226,0.02745982125615856,0.018782425443249408,2.5418312867020478e-05,2.4134361726986478e-05,4.2343910258188e-05,0,normal,-1
2572.0,2.7e-05,1.9e-05,0.03614866637092773,0.026981766176603878,0.01870265131846512,0.03572826535942735,0.026277994775312865,0.018348238644757122,2.5445559426459507e-05,2.418202722395409e-05,4.2403248607324885e-05,0,normal,-1
2573.0,2.7e-05,1.9e-05,0.036251406162586756,0.027065328057249784,0.018754181838977212,0.03648540956468721,0.02637349955885651,0.01878028184492225,2.5472162623855892e-05,2.4228761414670547e-05,4.2461624246319064e-05,0,normal,-1
2574.0,2.7e-05,1.9e-05,0.03635239223506283,0.027147558449813206,0.018804937844669273,0.036622275434058424,0.02744631340272454,0.019039321654256574,2.5498153264888643e-05,2.4274595333033388e-05,4.251904413919502e-05,0,normal,-1
2575.0,2.7e-05,1.9e-05,0.03645166444767901,0.027228476720498433,0.018854923491512698,0.037109834516297534,0.02759352581583709,0.01879361862124946,2.5523561576437922e-05,2.4319556156922774e-05,4.2575516845095935e-05,0,normal,-1
2576.0,2.7e-05,1.9e-05,0.03654926144469522,0.027308101315100707,0.01890414443886378,0.036316910257402496,0.027196228236047674,0.018138503136812742,2.5548417216601098e-05,2.436366725438448e-05,4.2631052509450034e-05,0,normal,-1
2577.0,2.7e-05,1.9e-05,0.0366452201701295,0.02738645061461651,0.018952607480163895,0.036696580593435286,0.027047193311540155,0.018639821144173375,2.557274743247181e-05,2.4406949999388637e-05,4.268566243984034e-05,0,normal,-1
2578.0,2.7e-05,1.9e-05,0.03673957425264371,0.027463545687697655,0.01900031931033376,0.03652251126767889,0.02791030240644415,0.0184900839513635,2.559657105159341e-05,2.4449429553385628e-05,4.273935771460384e-05,0,normal,-1
2579.0,2.7e-05,1.9e-05,0.03683235602437549,0.027539407409879608,0.019047287281319172,0.036517590465069645,0.02758356450791608,0.01930289920950597,2.5619905279666304e-05,2.449112959666174e-05,4.2792150035391574e-05,0,normal,-1
2580.0,2.7e-05,1.9e-05,0.03692359722262148,0.027614055588403255,0.01909351958437294,0.037382848744243996,0.027306158843103088,0.01896178608370621,2.5642767883130355e-05,2.4532070826505236e-05,4.284405193025568e-05,0,normal,-1
2581.0,2.7e-05,1.9e-05,0.037013328988670824,0.027687508966011496,0.0191390252476307,0.03720471907933833,0.0272860236535743,0.01924172375996563,2.5665177183110847e-05,2.4572270997949542e-05,4.289507674846521e-05,0,normal,-1
2582.0,2.7e-05,1.9e-05,0.03710158186137383,0.027759785233882728,0.019183814129555377,0.036569659440051056,0.027708681101658472,0.01935084905271108,2.5687152029622733e-05,2.4611744981631216e-05,4.2945238650951685e-05,0,normal,-1
2583.0,2.7e-05,1.9e-05,0.03718838478265676,0.027830902899892145,0.01922789595225644,0.037182867172874876,0.028134890267129446,0.019422263678635632,2.570870786996947e-05,2.4650508853275325e-05,4.299455152758346e-05,0,normal,-1
2584.0,2.7e-05,1.9e-05,0.03727376451172428,0.02790088242919069,0.019271279565026656,0.03755406004017193,0.028690018613280105,0.019454203396402633,2.5729854396275016e-05,2.4688582573765428e-05,4.3043028179050464e-05,0,normal,-1
2585.0,2.7e-05,1.9e-05,0.03735774736893874,0.02796974339765479,0.019313974263940357,0.0372482926755127,0.02810372528996308,0.019558869002945994,2.5750601866747266e-05,2.4725984013836896e-05,4.309068179765433e-05,0,normal,-1
2586.0,2.7e-05,1.9e-05,0.03744035936484107,0.0280375043435913,0.01935598985918602,0.03738329266863194,0.02795671426483665,0.018824490999930492,2.5770961484991477e-05,2.4762728667546184e-05,4.313752604267456e-05,0,normal,-1
2587.0,2.7e-05,1.9e-05,0.03752162620015089,0.02810418276773748,0.01939733667506627,0.038639704161111024,0.027715062383881,0.01908843411200616,2.579094539791483e-05,2.4798829674352633e-05,4.318357504037295e-05,0,normal,-1
2588.0,2.7e-05,1.9e-05,0.03760157326574763,0.02816979513330153,0.019438025549974754,0.037165269351403886,0.028048900311232736,0.01939096447106939,2.581056669371932e-05,2.483429784007466e-05,4.3228843384058677e-05,0,normal,-1
2589.0,2.7e-05,1.9e-05,0.03768022495003208,0.02823435827499007,0.019478066998132537,0.03735466481487314,0.027704368684372434,0.019746939525387894,2.5829836526613312e-05,2.4869144847923524e-05,4.327334520309779e-05,0,normal,-1
2590.0,2.7e-05,1.9e-05,0.037757603812001966,0.028297891061020618,0.019517470124132505,0.038465017465052265,0.02887764082679288,0.019136500972529752,2.584876072517432e-05,2.4903387151435468e-05,4.331709296333089e-05,0,normal,-1
2591.0,2.7e-05,1.9e-05,0.037833732113893376,0.028360411555208163,0.01955624428276731,0.03787931516658763,0.027898768006003653,0.019339400108923932,2.5867345779980093e-05,2.493703957543963e-05,4.3360099317883065e-05,0,normal,-1
2592.0,2.7e-05,1.9e-05,0.037908631933657885,0.028421936885977307,0.019594399178700768,0.037823836601893465,0.028361586305801354,0.018895836761053105,2.5885599174208323e-05,2.4970115004548067e-05,4.3402377218787614e-05,0,normal,-1
2593.0,2.7e-05,1.9e-05,0.03798232516496253,0.02848248324636226,0.01963194486646786,0.03735363686041368,0.028778670471857844,0.019253178527033316,2.590352938104331e-05,2.5002624399224598e-05,4.344393991769724e-05,0,normal,-1
2594.0,2.7e-05,1.9e-05,0.03805483351718984,0.028542065894006836,0.01966889175047472,0.03820097417614873,0.029062759937002927,0.019588707723681594,2.5921145861258955e-05,2.5034576811002026e-05,4.34848009666267e-05,0,normal,-1
2595.0,2.7e-05,1.9e-05,0.03812617837292882,0.028600699462080013,0.01970525038488751,0.03838124199524764,0.02825886529043351,0.019558270083441066,2.5938458443613666e-05,2.5065980116888726e-05,4.352497399772131e-05,0,normal,-1
2596.0,2.7e-05,1.9e-05,0.038196379599198096,0.028658400482988886,0.019741029797430813,0.03874435274047162,0.02960230451509923,0.018669336919056596,2.595547227341643e-05,2.5096846938656216e-05,4.3564470875535766e-05,0,normal,-1
2597.0,2.7e-05,1.9e-05,0.03826545640250228,0.02871518562874966,0.01977623859416991,0.03890009481344241,0.02734621734115518,0.019410917923669623,2.5972191384088e-05,2.5127190590005023e-05,4.360330292496552e-05,0,normal,-1
2598.0,2.7e-05,1.9e-05,0.038333427887717965,0.02877107068999881,0.019810885678514904,0.0384966026456634,0.028102823484081475,0.019285278409449866,2.5988620848157745e-05,2.5157022632480403e-05,4.364148172737798e-05,0,normal,-1
2599.0,2.7e-05,1.9e-05,0.03840031303364729,0.02882607063888526,0.01984498021467615,0.0380729483203071,0.028512720093563797,0.01891069223667807,2.6004766655881222e-05,2.518635302783509e-05,4.367901908100199e-05,0,normal,-1
2600.0,2.7e-05,1.9e-05,0.038466130693017894,0.02888019962907038,0.01987853162766426,0.03786854138910635,0.029238456205809022,0.02030691952502358,2.6020635713001725e-05,2.521519014949753e-05,4.371592700172772e-05,0,normal,-1
2601.0,2.7e-05,1.9e-05,0.03853089959248295,0.028933470995728,0.019911549603290096,0.039268364566252954,0.028882959489443166,0.020194403872089213,2.603623583865371e-05,2.5243540793451973e-05,4.375221772391776e-05,0,normal,-1
2602.0,2.7e-05,1.9e-05,0.038594638008579575,0.028985897983746567,0.019944043591384488,0.03830758358243656,0.029402537618226744,0.020117059267006836,2.6051574336957162e-05,2.5271411900432442e-05,4.3787903155877674e-05,0,normal,-1
2603.0,2.7e-05,1.9e-05,0.03865736286650343,0.029037495702388724,0.019976021425427586,0.039237088581371954,0.028849893610376577,0.020183774920175594,2.6066654130051866e-05,2.5298815211988074e-05,4.3822993368752864e-05,0,normal,-1
2604.0,2.7e-05,1.9e-05,0.03871909085143475,0.029088278760592706,0.02000749095979174,0.039081331362338836,0.02943241645019239,0.019824070013982537,2.608147847803792e-05,2.5325761665667114e-05,4.385749839984559e-05,0,normal,-1
2605.0,2.7e-05,1.9e-05,0.03877983855972693,0.029138261042844234,0.02003846026711615,0.03865699172499942,0.029518656433898643,0.01999221140057167,2.6096051486239418e-05,2.5352260814200102e-05,4.389142847026071e-05,0,normal,-1
2606.0,2.7e-05,1.9e-05,0.03883962249251248,0.029187455724709443,0.02006893762822426,0.03953674275626028,0.029564107451155026,0.019999459521703688,2.6110378073545085e-05,2.5378320870202218e-05,4.392479397449946e-05,0,normal,-1
2607.0,2.7e-05,1.9e-05,0.038898459055702966,0.029235875272834867,0.02009893153212373,0.03887571442809973,0.02964817792119349,0.02057030442901348,2.612446397060693e-05,2.540394871459768e-05,4.3957605481137294e-05,0,normal,-1
2608.0,2.7e-05,1.9e-05,0.038956364559989055,0.029283531444947466,0.020128450676006458,0.03959224946816307,0.030098687343665807,0.021107946987027233,2.6138315718148662e-05,2.5429149904624046e-05,4.398987373350723e-05,0,normal,-1
2609.0,2.7e-05,1.9e-05,0.039013354956737085,0.02933043589672606,0.020157503540121562,0.03890188180644275,0.02892339196536756,0.020296650382648253,2.6151939489198477e-05,2.545393011327895e-05,4.402160918617364e-05,0,normal,-1
2610.0,2.7e-05,1.9e-05,0.03906944501270519,0.02937660200169965,0.02018609707514281,0.03892272272762088,0.029515853779546096,0.01972055090490556,2.61653375203406e-05,2.5478299471757582e-05,4.405282057496523e-05,0,normal,-1
2611.0,2.7e-05,1.9e-05,0.03912464928435657,0.02942204271427255,0.0202142382257693,0.03908124729925367,0.028449311751436907,0.02023910860049807,2.617851231942286e-05,2.550226748020578e-05,4.4083516585556204e-05,0,normal,-1
2612.0,2.7e-05,1.9e-05,0.03917898226038632,0.02946677035667301,0.020241934123699328,0.04021692393714067,0.028952814556166887,0.02076269520785928,2.61914671445316e-05,2.5525842450493128e-05,4.4113706064943196e-05,0,normal,-1
2613.0,2.7e-05,1.9e-05,0.03923245835355496,0.029510796639344094,0.020269192074009772,0.039441748993692266,0.030478012318625153,0.018988747008214197,2.6204205963893312e-05,2.5549031560094286e-05,4.414339800707634e-05,0,normal,-1
2614.0,2.7e-05,1.9e-05,0.03928509190068841,0.029554132660943668,0.02029601955515611,0.03928087956948984,0.029997373749932662,0.021150448443247236,2.6216733454449476e-05,2.557184085841273e-05,4.41726015533792e-05,0,normal,-1
2615.0,2.7e-05,1.9e-05,0.039336897162677985,0.029596788908344437,0.020322424218972415,0.03855233383285676,0.02992831763426236,0.020121468341999717,2.622905500051588e-05,2.5594275272797326e-05,4.420132599327276e-05,0,normal,-1
2616.0,2.7e-05,1.9e-05,0.039387888262795163,0.029638775401957557,0.020348413788273935,0.03904390126359976,0.029798410327039466,0.020446885080646793,2.624117641392401e-05,2.5616338955785653e-05,4.422958065341655e-05,0,normal,-1
2617.0,2.7e-05,1.9e-05,0.039438078381646965,0.029680103520008452,0.020373994742739456,0.03881118929791162,0.029582810578329895,0.020459930845887434,2.625310039647225e-05,2.5638039612186884e-05,4.425737347129273e-05,0,normal,-1
2618.0,2.7e-05,1.9e-05,0.03948748021489706,0.02972078492506456,0.020399173070952608,0.038473059762776145,0.02935567076155301,0.021259723653213946,2.6264828606169296e-05,2.5659385972381246e-05,4.428471181677986e-05,0,normal,-1
2619.0,2.7e-05,1.9e-05,0.03953610642670325,0.02976083066682636,0.020423954964436098,0.03911236244218882,0.029986090449915372,0.020653246589512373,2.6276363475024937e-05,2.568038560090617e-05,4.4311603247580174e-05,0,normal,-1
2620.0,2.7e-05,1.9e-05,0.03958396961928216,0.029800251267785297,0.020448346762505027,0.04054936572580798,0.03011043392964771,0.020240219004279986,2.6287708051538578e-05,2.5701045095811884e-05,4.433805544962147e-05,0,normal,-1
2621.0,2.7e-05,1.9e-05,0.03963108233290916,0.029839056723223758,0.0204723549522669,0.040200089309103834,0.02864728744007429,0.020432453495182062,2.629886599956924e-05,2.5721370093488895e-05,4.436407623743602e-05,0,normal,-1
2622.0,2.7e-05,1.9e-05,0.03967745704591845,0.029877256501215085,0.02049598616862161,0.04017509118682302,0.029258847737567054,0.02018166572539654,2.6309841597270936e-05,2.574136527326673e-05,4.4389673554543566e-05,0,normal,-1
2623.0,2.7e-05,1.9e-05,0.039723106174703,0.029914859542623566,0.02051924719426147,0.039493542238401236,0.030129112997845868,0.020181041169449385,2.6320639736089903e-05,2.5761034361793622e-05,4.4414855473837906e-05,0,normal,-1
2624.0,2.7e-05,1.9e-05,0.039768041860692084,0.02995187475830571,0.020542144604439903,0.039460758034136144,0.029424321292893414,0.020492679134195932,2.6331264967254317e-05,2.5780381304935147e-05,4.443962981373319e-05,0,normal,-1
2625.0,2.7e-05,1.9e-05,0.03981227529111892,0.029988312539746244,0.0205646836589959,0.038984827485160044,0.029884623615606638,0.019704595158773718,2.6341718566846678e-05,2.5799413851968776e-05,4.4464002941801675e-05,0,normal,-1
2626.0,2.7e-05,1.9e-05,0.039855817517180425,0.030024182919781893,0.02058686963956356,0.04028984767852127,0.030896238496374323,0.020246749572077595,2.6352002103890573e-05,2.5818139197246214e-05,4.448798122424035e-05,0,normal,-1
2627.0,2.7e-05,1.9e-05,0.03989867954847643,0.03005949545414844,0.020608707971169496,0.03973545500040677,0.030746704950932832,0.02078989836092749,2.6362117725072366e-05,2.5836563654978748e-05,4.4511571157759564e-05,0,normal,-1
2628.0,2.7e-05,1.9e-05,0.03994087234391732,0.030094259244468954,0.020630204206458894,0.039829329908059874,0.029962153802431887,0.020781181585170696,2.6372068110791713e-05,2.585469271611493e-05,4.453477935277715e-05,0,normal,-1
2629.0,2.7e-05,1.9e-05,0.039982406811724026,0.0301284829382538,0.02065136402569553,0.040308251475598945,0.029661644147551076,0.02018070870140304,2.6381856474307285e-05,2.5872531051905523e-05,4.4557612533688526e-05,0,normal,-1
2630.0,2.7e-05,1.9e-05,0.04002329380942803,0.03016217472890063,0.020672193236761765,0.039466709737769494,0.030686868099145524,0.02033371631740475,2.639148656093119e-05,2.589008251730288e-05,4.458007753914077e-05,0,normal,-1
2631.0,2.7e-05,1.9e-05,0.04006354414387135,0.0301953423556944,0.020692697775158534,0.040555985708075046,0.031077270628406452,0.020426223088090598,2.6400962647269408e-05,2.5907350154201594e-05,4.46021813223097e-05,0,normal,-1
2632.0,2.7e-05,1.9e-05,0.040103168382932965,0.030227993543874915,0.020712883388928544,0.03929311727737078,0.029854907575671604,0.020503535643342823,2.641028870028399e-05,2.5924337223238172e-05,4.462393061177839e-05,0,normal,-1
2633.0,2.7e-05,1.9e-05,0.040142176225344064,0.03026013740689043,0.02073275460874258,0.03936047457884511,0.030659496626267893,0.021050347611298294,2.6419465661232002e-05,2.5941050514556637e-05,4.464533080373909e-05,0,normal,-1
2634.0,2.7e-05,1.9e-05,0.04018057725857843,0.030291782732234627,0.020752315994506127,0.040667608508885525,0.02996790831266842,0.02078664350647813,2.642849475442587e-05,2.5957496308759043e-05,4.466638730723395e-05,0,normal,-1
2635.0,2.7e-05,1.9e-05,0.040218381039389975,0.03032293788995429,0.020771572235350328,0.040376104382782635,0.029955831110251577,0.020504812404843524,2.6437377716614433e-05,2.597368011884313e-05,4.4687105652101814e-05,0,normal,-1
2636.0,2.7e-05,1.9e-05,0.04025559708344304,0.030353610858845772,0.02079052813157952,0.04034734214834086,0.03060308927488911,0.02005476528558849,2.6446116747374355e-05,2.5989606753321023e-05,4.4707491469705526e-05,0,normal,-1
2637.0,2.7e-05,1.9e-05,0.040292234865312394,0.030383809226455,0.020809188594671253,0.03931373072394579,0.030619082647281196,0.021281222166461736,2.6454714508453415e-05,2.600528031889196e-05,4.4727550493118945e-05,0,normal,-1
2638.0,2.7e-05,1.9e-05,0.040328303818483215,0.030413540189077472,0.02082755864727628,0.04580345292846337,0.030411541073627965,0.02091642400635837,2.646317412315058e-05,2.602070422299331e-05,4.474728855731761e-05,1,sens_bias,10
2639.0,2.7e-05,1.9e-05,0.040363813335351106,0.030442810551758254,0.020845643423218554,0.04612670744098381,0.030064468491744187,0.02076089951565294,2.6471499175731065e-05,2.603588117623477e-05,4.476671159937242e-05,1,sens_bias,10
2640.0,2.7e-05,1.9e-05,0.04039877273251502,0.0304716268106414,0.020863448108973656,0.045303159951228564,0.029429129014140208,0.020038198122343222,2.647969355475583e-05,2.6050813385692892e-05,4.4785825595834555e-05,1,sens_bias,10
2641.0,2.7e-05,1.9e-05,0.040433190640274626,0.030499996545158677,0.020880976934516272,0.04529228886033533,0.03196491693458123,0.02102547554718503,2.6487758782619374e-05,2.6065505810148674e-05,4.480463548038892e-05,1,sens_bias,10
2642.0,2.7e-05,1.9e-05,0.04046707532708179,0.03052792762622607,0.020898233727718592,0.0464280701077727,0.03055358982220682,0.02083253758625383,2.6495695507135516e-05,2.6079964329718328e-05,4.482314574096078e-05,1,sens_bias,10
2643.0,2.7e-05,1.9e-05,0.04050043506822374,0.030555427479027744,0.020915222485955065,0.04518882410840219,0.030924702190268025,0.021312038307496787,2.6503504976513797e-05,2.6094193972428226e-05,4.4841361033701334e-05,1,sens_bias,10
2644.0,2.7e-05,1.9e-05,0.04053327810636643,0.030582503191269338,0.020931947304271507,0.044557407843501186,0.03140843118010483,0.02100387078194439,2.651118884175392e-05,2.6108199160616782e-05,4.48592861059787e-05,1,sens_bias,10
2645.0,2.7e-05,1.9e-05,0.04056561265155449,0.030609161513177982,0.02094841237538509,0.04591214830453638,0.030323306344643548,0.02077458379306824,2.651874915613121e-05,2.612198371296842e-05,4.487692579650228e-05,1,sens_bias,10
2646.0,2.7e-05,1.9e-05,0.04059744688121128,0.03063540885750229,0.02096462198968436,0.045289642481017904,0.0305210101658641,0.020653194318090092,2.6526188374710253e-05,2.6135550846456556e-05,4.4894285035450504e-05,1,sens_bias,10
2647.0,2.7e-05,1.9e-05,0.040628788940138855,0.030661251299512356,0.02098058053522921,0.04608541636574703,0.030418766057784995,0.02151093168991032,2.6533509353885528e-05,2.614890317819941e-05,4.4911368844601764e-05,1,sens_bias,10
2648.0,2.7e-05,1.9e-05,0.040659646940517956,0.03068669457699976,0.020996292497750896,0.04540508318836804,0.02965813807180855,0.01977013549872935,2.654071535094744e-05,2.6162042727231866e-05,4.492818233746805e-05,1,sens_bias,10
2649.0,2.7e-05,1.9e-05,0.04069002885455098,0.030711744341507873,0.021011762281143164,0.045643075490207345,0.03016606622987317,0.01986800486127166,2.654780954665113e-05,2.6174971497361372e-05,4.494473052744384e-05,1,sens_bias,10
2650.0,2.7e-05,1.9e-05,0.040719941927317226,0.030736407473793418,0.021026993246851425,0.04559346799716753,0.030930448788119968,0.021884905603384873,2.655479251512415e-05,2.618769454681658e-05,4.496101730127781e-05,1,sens_bias,10
2651.0,2.7e-05,1.9e-05,0.0407493932795023,0.030760690694905182,0.0210419887134485,0.04547780193829046,0.030670408429588417,0.021499432976568644,2.6561664875441516e-05,2.6200216761588987e-05,4.497704648966528e-05,1,sens_bias,10
2652.0,2.7e-05,1.9e-05,0.040778390027681924,0.03078460038105899,0.021056752122632087,0.04589384432947744,0.031032344147352283,0.021283214173473376,2.6568427697556194e-05,2.621254238316476e-05,4.4992822044917385e-05,1,sens_bias,10
2653.0,2.7e-05,1.9e-05,0.04080693926344453,0.030808142616664296,0.021071287002800258,0.046611562306569126,0.03072364321413884,0.020547462232724276,2.6575082403548285e-05,2.6224675130846612e-05,4.500834800206748e-05,1,sens_bias,10
2654.0,2.7e-05,1.9e-05,0.0408350480533912,0.030831323194324214,0.021085596969051455,0.04540932069888571,0.03126463222076352,0.021801424475967505,2.6581630767235093e-05,2.623661820325679e-05,4.502362847895168e-05,1,sens_bias,10
2655.0,2.7e-05,1.9e-05,0.040862723439135704,0.030854147614835473,0.021099685723184484,0.04614329684694716,0.03066653840618307,0.02277235159773792,2.65880749138025e-05,2.6248374279773834e-05,4.5038667676292446e-05,1,sens_bias,10
2656.0,2.7e-05,1.9e-05,0.040889972437304474,0.030876621087188454,0.021113557053698523,0.045683546306737315,0.030888159620676613,0.02111122724191993,2.6594417319456254e-05,2.6259945521905807e-05,4.505346987778487e-05,1,sens_bias,10
2657.0,2.7e-05,1.9e-05,0.04091680203953664,0.03089874852856718,0.021127214835793114,0.04593432234070765,0.03158698836034827,0.0211602416123037,2.6600660811092548e-05,2.6271333574602144e-05,4.5068039450185526e-05,1,sens_bias,10
2658.0,2.7e-05,1.9e-05,0.040943219154020175,0.03092053470144032,0.02114066293370504,0.04644796936189627,0.030890627291909646,0.021145261392266808,2.6606808306420755e-05,2.628253988294659e-05,4.508238073927036e-05,1,sens_bias,10
2659.0,2.7e-05,1.9e-05,0.04096923004616253,0.0309419854751701,0.02115390428447036,0.04606566031321986,0.0320089094507414,0.02094705598757623,2.661286039752843e-05,2.629356861784843e-05,4.509649709345962e-05,1,sens_bias,10
2660.0,2.7e-05,1.9e-05,0.04099484080023447,0.03096310674043138,0.02116694166995129,0.046881543722827844,0.0302331080281517,0.021438081627151072,2.6618817406338916e-05,2.6304424176517334e-05,4.511039168823274e-05,1,sens_bias,10
2661.0,2.7e-05,1.9e-05,0.041020057515817054,0.030983904048950895,0.021179778008358255,0.045354843578229415,0.030551301825964654,0.02030111786708177,2.6624680123368443e-05,2.6315110307561687e-05,4.5124067837103804e-05,1,sens_bias,10
2662.0,2.7e-05,1.9e-05,0.041044886274507676,0.031004382699070042,0.021192416295904185,0.04524077234144249,0.030786756209816586,0.021043666023013607,2.663044964960808e-05,2.632563030562442e-05,4.513752892943561e-05,1,sens_bias,10
2663.0,2.7e-05,1.9e-05,0.04106933313992005,0.031024547735744902,0.02120485960680451,0.046003286366359135,0.030950133179277247,0.021223216459545707,2.66361273962207e-05,2.6335987012514225e-05,4.515077843048747e-05,1,sens_bias,10
2664.0,2.7e-05,1.9e-05,0.0410934041576842,0.031044403950546234,0.021217111093277154,0.0462921548025978,0.031958458076219394,0.020450566348036534,2.664171508425403e-05,2.6346182818287542e-05,4.516381988146573e-05,1,sens_bias,10
2665.0,2.7e-05,1.9e-05,0.0411171053554465,0.03106395588165947,0.02122917398554254,0.04671251044325915,0.03160480449141403,0.020976635138215554,2.664721474436917e-05,2.635621966228334e-05,4.51766568995769e-05,1,sens_bias,10
2666.0,2.7e-05,1.9e-05,0.041140442742869626,0.031083207813884715,0.021241051591823597,0.04587984849807384,0.031235710018354988,0.021139539357597822,2.6652628716583706e-05,2.636609903411236e-05,4.5189293178082984e-05,1,sens_bias,10
2667.0,2.7e-05,1.9e-05,0.0411634223116326,0.031102163778636758,0.021252747298345746,0.04621314792199742,0.03124927813380478,0.02074529212736275,2.6657959650028777e-05,2.6375821974602323e-05,4.520173248635901e-05,1,sens_bias,10
2668.0,2.7e-05,1.9e-05,0.041186049754718033,0.031120828199931273,0.0212642641058817,0.04578468180830999,0.030476363041513597,0.019987893330447898,2.6663209275286023e-05,2.6385390561651903e-05,4.521397817723249e-05,1,sens_bias,10
2669.0,2.7e-05,1.9e-05,0.04120833022467034,0.031139206394615135,0.02127560425094921,0.04675746140754239,0.031248370992135708,0.020314320764363358,2.6668377422791573e-05,2.6394809084579714e-05,4.5226032785086905e-05,1,sens_bias,10
2670.0,2.7e-05,1.9e-05,0.04123026892613305,0.031157303267221884,0.021286770162634534,0.046773645216937915,0.0320333019020088,0.022338898171511593,2.6673464537255254e-05,2.6404081014934294e-05,4.523789904378141e-05,1,sens_bias,10
2671.0,2.7e-05,1.9e-05,0.04125187105264906,0.031175123499955153,0.02129776434200599,0.046462308275654646,0.030822407188402214,0.02101826363426668,2.66784713419243e-05,2.6413209423397707e-05,4.524957975839966e-05,1,sens_bias,10
2672.0,2.7e-05,1.9e-05,0.04127314178630679,0.031192671553538633,0.02130858936151677,0.04630776359011391,0.03082130991817578,0.023071586534177384,2.6683398836746424e-05,2.6422196982591895e-05,4.526107780463805e-05,1,sens_bias,10
2673.0,2.7e-05,1.9e-05,0.0412940862977402,0.031209951667216084,0.02131924786500497,0.04634635868356719,0.03127954276241937,0.02064445450211809,2.6688248298140128e-05,2.6431045967910076e-05,4.5272396128831624e-05,1,sens_bias,10
2674.0,2.7e-05,1.9e-05,0.041314709746128817,0.03122696785875133,0.02132974256769355,0.04587998462502506,0.03176995732181258,0.02077766889702967,2.6693021278777094e-05,2.643975825831229e-05,4.528353774798213e-05,1,sens_bias,10
2675.0,2.7e-05,1.9e-05,0.04133501727919768,0.031243723924428264,0.021340076256190374,0.04561831766210039,0.032102989585425706,0.020448778005298315,2.6697719607376083e-05,2.6448335337086504e-05,4.529450574978857e-05,1,sens_bias,10
2676.0,2.7e-05,1.9e-05,0.0413550140332174,0.03126022343905085,0.02135025178848818,0.04684421199417676,0.031947654372521554,0.020919978205700074,2.6702345388507948e-05,2.645677829257641e-05,4.530530329267951e-05,1,sens_bias,10
2677.0,2.7e-05,1.9e-05,0.04137470513249169,0.03127646975715749,0.021360272093107646,0.046674534252758505,0.03106354190641278,0.02027021806682238,2.6706901000127383e-05,2.646508782164096e-05,4.5315933604938376e-05,1,sens_bias,10
2678.0,2.7e-05,1.9e-05,0.04139409535205891,0.0312924667844348,0.021370139615195124,0.046636305982048744,0.032442038822290756,0.02155396033051047,2.671138762753493e-05,2.6473265998318697e-05,4.5326399397322845e-05,1,sens_bias,10
2679.0,2.7e-05,1.9e-05,0.041413189037712024,0.03130821910843993,0.021379856204134892,0.04615133654602593,0.030791053454295312,0.021401993512823854,2.6715804985894523e-05,2.6481316595986565e-05,4.5336702744609914e-05,1,sens_bias,10
2680.0,2.7e-05,1.9e-05,0.041431990599623436,0.03132373093039595,0.02138942390190995,0.045936946772056356,0.031003926414912668,0.021908177739071742,2.6720153385728833e-05,2.6489242609709005e-05,4.534684592209053e-05,1,sens_bias,10
2681.0,2.7e-05,1.9e-05,0.04145050444268531,0.031339006256095064,0.021398844817178794,0.04691187307969664,0.03151672719188813,0.021519599020542575,2.6724433388104647e-05,2.6497046679838377e-05,4.5356831271969774e-05,1,sens_bias,10
2682.0,2.7e-05,1.9e-05,0.04146873496650954,0.03135404889589857,0.021408121125275428,0.04667753432098139,0.030822106596838393,0.021158547307909767,2.6728645804443473e-05,2.650473109266823e-05,4.536666120337411e-05,1,sens_bias,10
2683.0,2.7e-05,1.9e-05,0.041486686565427755,0.03136886246473691,0.02141725506820935,0.04643374040158208,0.031691057421199625,0.021275304600133032,2.6732791696341698e-05,2.651229778105879e-05,4.53763381923609e-05,1,sens_bias,10
2684.0,2.7e-05,1.9e-05,0.041504363628491345,0.031383450382109615,0.02142624895466557,0.0471773909851674,0.03229188152380356,0.02207233781358361,2.6736872375400125e-05,2.6519748325035586e-05,4.538586478193006e-05,1,sens_bias,10
2685.0,2.7e-05,1.9e-05,0.04152177053947142,0.03139781587208534,0.021435105160004596,0.0474196188473808,0.03149610419468714,0.02035361601284656,2.6740889403062376e-05,2.652708395236248e-05,4.539524358203756e-05,1,sens_bias,10
2686.0,2.7e-05,1.9e-05,0.04153891167685883,0.031411961963301864,0.021443826126262437,0.04741792234994319,0.030170782038479994,0.021553310878211742,2.6744844590461835e-05,2.6534305539089743e-05,4.540447726961096e-05,1,sens_bias,10
2687.0,2.7e-05,1.9e-05,0.041555791413864195,0.03142589148896607,0.021452414362150604,0.04639142562065592,0.031395220090642814,0.021798430398300168,2.674873999827663e-05,2.6541413610077935e-05,4.5413568588566516e-05,1,sens_bias,10
2688.0,2.7e-05,1.9e-05,0.04157241395560453,0.031439607459881766,0.021460872176019975,0.04692034056973065,0.03169510860372721,0.021396408505270793,2.6752577229229524e-05,2.654840919094261e-05,4.542252006723326e-05,1,sens_bias,10
2689.0,2.7e-05,1.9e-05,0.041588782962610794,0.03145311388438186,0.021469201073929026,0.047119638508094634,0.03150239277845369,0.022124182603416583,2.6756355849283108e-05,2.6555295698370682e-05,4.543133338176845e-05,1,sens_bias,10
2690.0,2.7e-05,1.9e-05,0.04160490214324078,0.031466414438070314,0.021477402721331185,0.04597086996054675,0.03128656139286776,0.021662312341292095,2.6760075926491695e-05,2.6562075889823035e-05,4.5440010374375335e-05,1,sens_bias,10
2691.0,2.7e-05,1.9e-05,0.04162077521446796,0.03147951260280755,0.021485478860783988,0.04798295801687531,0.031494631469756076,0.02153067304694541,2.6763737795509773e-05,2.656875215862815e-05,4.54485529661622e-05,1,sens_bias,10
2692.0,2.7e-05,1.9e-05,0.04163640589388373,0.03149241168584527,0.02149343129853521,0.04642479564215062,0.030898779740208573,0.02027952048180537,2.676734202161606e-05,2.65753265777955e-05,4.54569631429397e-05,1,sens_bias,10
2693.0,2.7e-05,1.9e-05,0.0416517978996974,0.0315051148198265,0.021501261904522877,0.04715785354481698,0.031559043232308674,0.021642159777993254,2.6770889400567947e-05,2.6581800900498172e-05,4.5465242955218226e-05,1,sens_bias,10
2694.0,2.7e-05,1.9e-05,0.041666954950736156,0.031517624962785575,0.02150897261237523,0.047096278812030136,0.03140042134049721,0.022149830935632282,2.677438095846336e-05,2.658817656053501e-05,4.5473394518207345e-05,1,sens_bias,10
2695.0,2.7e-05,1.9e-05,0.04168188076644513,0.031529944898148136,0.02151656541941077,0.04736222051355666,0.03122911890143594,0.021397354177965504,2.6777817951609745e-05,2.6594454672773e-05,4.548142001181706e-05,1,sens_bias,10
2696.0,2.7e-05,1.9e-05,0.04169657906688733,0.03154207723473113,0.02152404238663822,0.046701896885061225,0.03252709033022223,0.021303724015441144,2.6781201866399813e-05,2.6600636033570673e-05,4.5489321680660676e-05,1,sens_bias,10
2697.0,2.7e-05,1.9e-05,0.041711053572743705,0.03155402440674282,0.021531405638756548,0.04633023552029661,0.03125696241972505,0.022369576093881263,2.6784534419193746e-05,2.6606721121183016e-05,4.549710183405946e-05,1,sens_bias,10
2698.0,2.7e-05,1.9e-05,0.04172530800017115,0.031565788685718306,0.021538657355681858,0.04682325785478682,0.03206041140168318,0.020947815560587554,2.678781753369306e-05,2.6612710123231236e-05,4.5504762837098085e-05,1,sens_bias,10
2699.0,2.7e-05,1.9e-05,0.04173934567680927,0.03157737304797951,0.021545799148536136,0.046923405716052226,0.03192483392258043,0.020973001285908524,2.679105169118047e-05,2.6618604915838176e-05,4.551230645157381e-05,1,sens_bias,10
2700.0,2.7e-05,1.9e-05,0.04175316964129004,0.03158878090881308,0.02155283223637826,0.04627924789032263,0.03225520500241632,0.02150582965331295,2.6794236412936138e-05,2.662440847477021e-05,4.551973402317871e-05,1,sens_bias,10
2701.0,2.7e-05,1.9e-05,0.04176678300843494,0.03160001534856783,0.021559758020922026,0.04749639238136804,0.030259005544099965,0.0213216635897267,2.679737176201677e-05,2.6630123085826668e-05,4.552704708868566e-05,1,sens_bias,10
2702.0,2.7e-05,1.9e-05,0.041780188899331445,0.0316110792892344,0.02156657796607984,0.045814706956452005,0.03151408671908877,0.022049335165120313,2.6800458018108098e-05,2.663575073950522e-05,4.55342472486697e-05,1,sens_bias,10
2703.0,2.7e-05,1.9e-05,0.041793390441333,0.03162197549444522,0.02157329359796276,0.04717498274624451,0.030982979414577696,0.022111985508890094,2.6803495677403305e-05,2.6641293131384388e-05,4.554133616749671e-05,1,sens_bias,10
2704.0,2.7e-05,1.9e-05,0.04180639076805903,0.03163270656947453,0.021579906504880474,0.04745661157173917,0.031676742855601146,0.022124892916923364,2.680648545248744e-05,2.664675166248988e-05,4.5548315573314006e-05,1,sens_bias,10
2705.0,2.7e-05,1.9e-05,0.04181919301939497,0.03164327496123838,0.021586418337341307,0.04663703389983892,0.031719240008675945,0.02148513038855579,2.6809428272227595e-05,2.6652127439645376e-05,4.5555187258042514e-05,1,sens_bias,10
2706.0,2.7e-05,1.9e-05,0.04183180034149219,0.031653682958294654,0.021592830808052223,0.046083221130337804,0.03135401890396097,0.02184184228484794,2.6812325281668663e-05,2.6657421275808423e-05,4.5561953077370646e-05,1,sens_bias,10
2707.0,2.7e-05,1.9e-05,0.04184421588676808,0.03166393269084303,0.021599145691918818,0.04685740508661065,0.03263580016601612,0.021703750426139118,2.6815177841934562e-05,2.666263369039178e-05,4.556861495074973e-05,1,sens_bias,10
2708.0,2.7e-05,1.9e-05,0.04185644281390599,0.031674026130724973,0.021605364826045328,0.04685550400942313,0.03213953366631177,0.02077700240465638,2.6817987530134355e-05,2.6667764909570746e-05,4.557517486139078e-05,1,sens_bias,10
2709.0,2.7e-05,1.9e-05,0.04186848427600955,0.03168396511862445,0.02161149009035933,0.0416457266309932,0.031401888233672355,0.021579193739949643,2.682075608785898e-05,2.6672814928245238e-05,4.558163483583016e-05,0,normal,-1
2710.0,2.7e-05,1.9e-05,0.041880343005564785,0.031693752294988234,0.02161752273688945,0.041261249283350815,0.03291589681046586,0.020804259893224042,2.6823483649023724e-05,2.6677785630513514e-05,4.55879962367187e-05,0,normal,-1
2711.0,2.7e-05,1.9e-05,0.04189202152297659,0.031703390597417544,0.021623463739599714,0.04334341320853762,0.03142858631892803,0.021741195381467668,2.6826169676904793e-05,2.66826796596854e-05,4.559426013214424e-05,0,normal,-1
2712.0,2.7e-05,1.9e-05,0.04190352242515993,0.03171288265896029,0.021629314244011492,0.04183179924819683,0.03150911965704658,0.02131466112367898,2.6828814136413353e-05,2.6687499026410537e-05,4.560042776982226e-05,0,normal,-1
2713.0,2.7e-05,1.9e-05,0.041914848320653314,0.03172223096671736,0.02163507545753937,0.04160596425777536,0.032346760172091385,0.021105377253196483,2.6831417199678515e-05,2.669224546425909e-05,4.560650046141362e-05,0,normal,-1
2714.0,2.7e-05,1.9e-05,0.04192600182961879,0.031731437861842675,0.021640748649491167,0.04163688064107272,0.031386687809566834,0.021475623567380916,2.6833979245947895e-05,2.6696920430019857e-05,4.56124795825088e-05,0,normal,-1
2715.0,2.7e-05,1.9e-05,0.0419369855838419,0.03174050553954311,0.02164633515106792,0.04219735985116918,0.03178194981846296,0.021550689010724735,2.683650086149296e-05,2.6701525103985715e-05,4.56183665726138e-05,0,normal,-1
2716.0,2.7e-05,1.9e-05,0.04194780222673173,0.03174943604907854,0.0216518363553639,0.04198188369245948,0.03185660908826104,0.02081771857999815,2.683898283951909e-05,2.6706060390227017e-05,4.56241629351375e-05,0,normal,-1
2717.0,2.7e-05,1.9e-05,0.04195845441332089,0.03175823129376186,0.021657253717366588,0.041260546774029565,0.032532936617228295,0.021553253256916628,2.684142618008018e-05,2.6710526916853415e-05,4.562987023738057e-05,0,normal,-1
2718.0,2.7e-05,1.9e-05,0.041968944810265515,0.031766893030958934,0.021662588753956713,0.04171232796302153,0.0310767093433202,0.02112646302438225,2.6843832089997555e-05,2.67149250362643e-05,4.5635490110525724e-05,0,normal,-1
2719.0,2.7e-05,1.9e-05,0.04197927609584526,0.03177542287208864,0.021667843043908213,0.042162425245063626,0.03161457641103235,0.022419814440576686,2.6846201982782916e-05,2.6719254825388377e-05,4.564102424962928e-05,0,normal,-1
2720.0,2.7e-05,1.9e-05,0.041989450959252175,0.03178382228425157,0.021673018226728593,0.0417408829120459,0.03225467648590416,0.022177711817284833,2.684853747548724e-05,2.6723516089597247e-05,4.564647441239283e-05,0,normal,-1
2721.0,2.7e-05,1.9e-05,0.04199947177471553,0.03179209332122318,0.021678115476914235,0.042395662868416416,0.03164741204713777,0.021724588041768574,2.685083899856896e-05,2.672771002347993e-05,4.565184186557626e-05,0,normal,-1
2722.0,2.7e-05,1.9e-05,0.04200934058864246,0.031800238621015955,0.02168313549475479,0.04216596263994194,0.03180004425900437,0.02114527214565344,2.6853105782709664e-05,2.673183921869348e-05,4.565712737563256e-05,0,normal,-1
2723.0,2.7e-05,1.9e-05,0.04201905955161009,0.031808260470884184,0.02168807919076337,0.04249219265473083,0.03215614152841099,0.022394903175825532,2.685533765696928e-05,2.6735905523798764e-05,4.5662331929519424e-05,0,normal,-1
2724.0,2.7e-05,1.9e-05,0.042028630830781497,0.03181616102152815,0.021692947537839437,0.042410202190819465,0.031674925471074936,0.021029311501004046,2.685753465169844e-05,2.6739910523034685e-05,4.566745657897764e-05,0,normal,-1
2725.0,2.7e-05,1.9e-05,0.04203805660990565,0.03182394228709413,0.021697741571268813,0.042258236595921435,0.031598843987357156,0.021715398906560546,2.6859696998455207e-05,2.6743855536555934e-05,4.5672502440512724e-05,0,normal,-1
2726.0,2.7e-05,1.9e-05,0.04204733908931746,0.03183160614517439,0.021702462388723667,0.04282444328640921,0.03133768919752656,0.02159837283685819,2.6861825129925797e-05,2.6747741620660756e-05,4.5677470695378e-05,0,normal,-1
2727.0,2.7e-05,1.9e-05,0.04205648048593775,0.031839154336807195,0.02170711115026252,0.04134621986911117,0.03225053874996062,0.021329218886851197,2.6863919679849203e-05,2.675156956800897e-05,4.568236258955898e-05,0,normal,-1
2728.0,2.7e-05,1.9e-05,0.04206548303327326,0.031846588466476804,0.021711689078330248,0.04127313221715303,0.03221664329355871,0.02151712899347796,2.686598148294544e-05,2.6755339907830876e-05,4.568717943375924e-05,0,normal,-1
2729.0,2.7e-05,1.9e-05,0.04207434898141665,0.03185391000211346,0.021716197457758074,0.04164332005499308,0.03175563941047877,0.023117691054467922,2.6868011574847564e-05,2.675905290612711e-05,4.569192260338741e-05,0,normal,-1
2730.0,2.7e-05,1.9e-05,0.042083080597046504,0.031861120275093406,0.021720637635763585,0.04188800814374682,0.031887509208709086,0.021635530690524884,2.6870011192036957e-05,2.676270856585977e-05,4.569659353854552e-05,0,normal,-1
2731.0,2.7e-05,1.9e-05,0.042091680163427334,0.03186822048023888,0.021725011021950708,0.041969565706521876,0.03129079595921048,0.022411834959275408,2.687198177178168e-05,2.6766306627134983e-05,4.5701193744018294e-05,0,normal,-1
2732.0,2.7e-05,1.9e-05,0.042100149858625494,0.03187521194906402,0.021729318892102608,0.04117113544245531,0.032316842909162806,0.021180679416495728,2.6873924432954443e-05,2.6769847186700537e-05,4.5705724582911504e-05,0,normal,-1
2733.0,2.7e-05,1.9e-05,0.042108491357633906,0.03188209702024148,0.02173356175538531,0.042764118256964495,0.03160762163344596,0.021104769310919928,2.6875838309505844e-05,2.6773332680623104e-05,4.5710186611293036e-05,0,normal,-1
2734.0,2.7e-05,1.9e-05,0.04211670640973513,0.0318888777527386,0.021737740281423213,0.0420996295133767,0.031997484813799146,0.02081359603310122,2.6877723000674358e-05,2.6776764962817075e-05,4.5714580553423704e-05,0,normal,-1
2735.0,2.7e-05,1.9e-05,0.04212479680154968,0.03189555603865102,0.021741855229733324,0.04219975296007342,0.03213360643194254,0.022086255584217528,2.687957837401953e-05,2.6780145547316852e-05,4.5718907227492896e-05,0,normal,-1
2736.0,2.7e-05,1.9e-05,0.0421327643407199,0.03190213364073135,0.021745907423098624,0.041546441406717295,0.03219627431203892,0.02157937698376368,2.6881404494586798e-05,2.678347569311785e-05,4.5723167517592824e-05,0,normal,-1
2737.0,2.7e-05,1.9e-05,0.04214061085590997,0.031908612192389135,0.02174989774756809,0.04198775842369375,0.03323660498330915,0.021956528644858815,2.6883201624840064e-05,2.6786756404361466e-05,4.57273623737003e-05,0,normal,-1
2738.0,2.7e-05,1.9e-05,0.042148338196805905,0.03191499319769086,0.021753827152456703,0.04191864621877375,0.03216421761814958,0.021943868207605813,2.6884970224597497e-05,2.6789988430512227e-05,4.573149281165969e-05,0,normal,-1
2739.0,2.7e-05,1.9e-05,0.04215594823411557,0.03192127803135994,0.02175769665034543,0.042267102682743696,0.031122154076653766,0.02157273873090722,2.688671095097048e-05,2.679317226652747e-05,4.573555991316723e-05,0,normal,-1
2740.0,2.7e-05,1.9e-05,0.042163442859568655,0.031927467938776745,0.021761507317081225,0.04268071134155129,0.03207798084099721,0.021714384053203698,2.6888424658305554e-05,2.6796308153019847e-05,4.573956482575621e-05,0,normal,-1
2741.0,2.7e-05,1.9e-05,0.042170823985916685,0.03193356403597859,0.021765260291777055,0.042183823018541095,0.032289668833349244,0.021870964798024375,2.6890112398129302e-05,2.6799396076412674e-05,4.574350876278363e-05,0,normal,-1
2742.0,2.7e-05,1.9e-05,0.042178093546933026,0.03193956730965973,0.02176895677681186,0.04176012280706015,0.031177560834428533,0.0213335098691223,2.6891775419095843e-05,2.680243576908843e-05,4.574739300341757e-05,0,normal,-1
2743.0,2.7e-05,1.9e-05,0.04218525349170144,0.03194547863002776,0.02177259802862506,0.042327893431796125,0.03163672613178486,0.021947835117183328,2.6893415142553683e-05,2.6805426738596708e-05,4.5751218882953886e-05,0,normal,-1
2744.0,2.7e-05,1.9e-05,0.04219230539667615,0.03195129961203046,0.021776184736888964,0.04223912561157984,0.03202131500107823,0.02169517731040582,2.6895031522217903e-05,2.6808370220156874e-05,4.5754987140584256e-05,0,normal,-1
2745.0,2.7e-05,1.9e-05,0.04219925061187362,0.03195703226884261,0.021779717266608937,0.04173171310919766,0.03224356356297845,0.021107049241284682,2.6896623691552188e-05,2.6811268400390327e-05,4.575869817397835e-05,0,normal,-1
2746.0,2.7e-05,1.9e-05,0.042206090595446756,0.03196267829548083,0.02178319618384643,0.04217945600483036,0.031576405783765485,0.021435635322715533,2.689819134386536e-05,2.6814122780895908e-05,4.576235259165145e-05,0,normal,-1
2747.0,2.7e-05,1.9e-05,0.04221282683039305,0.03196823926334183,0.021786622118871342,0.04131251356466163,0.03203330393975696,0.022137778876201466,2.6899734367386635e-05,2.6816934615056946e-05,4.576595106915242e-05,0,normal,-1
2748.0,2.7e-05,1.9e-05,0.04221946082455462,0.03197371662020242,0.02178999576616205,0.042204978477207035,0.03210457698380248,0.021554162703385202,2.6901252845207867e-05,2.681970490819352e-05,4.5769494349045276e-05,0,normal,-1
2749.0,2.7e-05,1.9e-05,0.04222599411061822,0.03197911169021953,0.021793317884405385,0.04073910575193039,0.03245384804923627,0.021670184329855933,2.6902747055228396e-05,2.6822434417708337e-05,4.577298324089184e-05,0,normal,-1
2750.0,2.7e-05,1.9e-05,0.04223242824611519,0.031984425673930186,0.02179658929649666,0.04198810176940004,0.03266928092859825,0.021456512550526264,2.6904217470102553e-05,2.6825123653226372e-05,4.57764186212355e-05,0,normal,-1
2751.0,2.7e-05,1.9e-05,0.042238764813421516,0.0319896596482515,0.02179981088953963,0.0426057086649602,0.03207070663941024,0.02116252914295065,2.6905664757189867e-05,2.682777287672864e-05,4.577980143358598e-05,0,normal,-1
2752.0,2.7e-05,1.9e-05,0.042245005419757765,0.031994814566480706,0.02180298361484653,0.04194016578890801,0.03267629201783739,0.022652355761974448,2.6907089778507547e-05,2.683038210268026e-05,4.578313268840519e-05,0,normal,-1
2753.0,2.7e-05,1.9e-05,0.04225115169718916,0.031999891258295124,0.021806108487938056,0.04231700063681204,0.03173165462690532,0.021063294281543854,2.690849359068552e-05,2.6832951098152814e-05,4.578641346309393e-05,0,normal,-1
2754.0,2.7e-05,1.9e-05,0.04225720530262551,0.03200489042975219,0.02180918658854337,0.04234332702955937,0.03176444251673624,0.022483012295790014,2.6909877444923227e-05,2.6835479382941187e-05,4.578964490197956e-05,0,normal,-1
2755.0,2.7e-05,1.9e-05,0.042263167845176315,0.03200981282509305,0.021812218944268765,0.04212082299545424,0.0319763280078122,0.021781590298123866,2.6911242479278457e-05,2.683796659567153e-05,4.5792828094190805e-05,0,normal,-1
2756.0,2.7e-05,1.9e-05,0.04226904043526233,0.03201466021697452,0.021815205813754044,0.041628971432213384,0.0314999548396162,0.021213383573895125,2.6912587827596667e-05,2.6840414739870706e-05,4.5795963321265406e-05,0,normal,-1
2757.0,2.7e-05,1.9e-05,0.04227482421332945,0.03201943422894057,0.02181814753334826,0.041631169954281275,0.031918926494012824,0.02185311165227185,2.6913912858916582e-05,2.6842825519737592e-05,4.579905094607349e-05,0,normal,-1
2758.0,2.7e-05,1.9e-05,0.042280520381532655,0.032024136289166935,0.02182104455888612,0.04184419413531362,0.032142419455112356,0.021743908943756076,2.6915217279672396e-05,2.6845200224494406e-05,4.5802091456637585e-05,0,normal,-1
2759.0,2.7e-05,1.9e-05,0.04228613017009907,0.03202876770685933,0.021823897411277438,0.042463162177933424,0.0325819076992497,0.0220469542925622,2.691650098923613e-05,2.6847539900660172e-05,4.58050854089957e-05,0,normal,-1
2760.0,2.7e-05,1.9e-05,0.04229165483732795,0.03203332967225335,0.021826706676507164,0.042760594335028525,0.032191939029620927,0.022092006742316535,2.6917764079870175e-05,2.6849845352171856e-05,4.580803342718443e-05,0,normal,-1
2761.0,2.7e-05,1.9e-05,0.04229709566959069,0.03203782325661452,0.02182947300563537,0.04177073781488994,0.03233249695510147,0.02203709456544589,2.691900683668201e-05,2.6852117140500475e-05,4.5810936203223056e-05,0,normal,-1
2762.0,2.7e-05,1.9e-05,0.04230245398133083,0.032042249412238294,0.021832197114797246,0.04194429909986125,0.03236703409170313,0.02131078993889305,2.6920229737581074e-05,2.6854355584762336e-05,4.581379449709855e-05,0,normal,-1
2763.0,2.7e-05,1.9e-05,0.042307731115064064,0.03204660897245003,0.021834879785203112,0.042093209635967584,0.03130279773541251,0.021083881619277867,2.6921433453237863e-05,2.6856560761825482e-05,4.581660913675145e-05,0,normal,-1
2764.0,2.7e-05,1.9e-05,0.04231292844137819,0.03205090265160501,0.02183752186313841,0.042994098792838685,0.03200641922617109,0.021032778009685213,2.6922618847044936e-05,2.6858732506411636e-05,4.5819381018062664e-05,0,normal,-1
2765.0,2.7e-05,1.9e-05,0.042318047358933186,0.032055131045088454,0.021840124259963702,0.04198024691265768,0.032512385171243864,0.022114992788040893,2.6923786975079883e-05,2.686087041119352e-05,4.5822111104840974e-05,0,normal,-1
2766.0,2.7e-05,1.9e-05,0.04232308929446115,0.03205929462931547,0.02184268795211468,0.042808526663916595,0.03243031616090236,0.02224688520842871,2.692493908606981e-05,2.6862973826887566e-05,4.582480042881148e-05,0,normal,-1
2767.0,2.7e-05,1.9e-05,0.04232805550719992,0.03206339419467732,0.02184521366916446,0.04210850196290546,0.03249116527934311,0.02164914043497328,2.6926075797005702e-05,2.6865042841544556e-05,4.582744976240914e-05,0,normal,-1
2768.0,2.7e-05,1.9e-05,0.042332946811958004,0.03206743144449468,0.021847701457333286,0.0421448826876761,0.03213394658754269,0.021473039680533174,2.6927195944521772e-05,2.6867079641322822e-05,4.583005916104743e-05,0,normal,-1
2769.0,2.7e-05,1.9e-05,0.04233776416194592,0.03207140771453398,0.021850151605555906,0.0420516789589051,0.03236302692059535,0.022536484974849752,2.6928299028969514e-05,2.6869085609475793e-05,4.583262893458038e-05,0,normal,-1
2770.0,2.7e-05,1.9e-05,0.04234250854622095,0.032075324214047185,0.0218525644767385,0.04222786590899692,0.031947050547879025,0.02132861303805468,2.692938476367586e-05,2.687106186524059e-05,4.583515947026569e-05,0,normal,-1
2771.0,2.7e-05,1.9e-05,0.04234718098465594,0.03207918203704457,0.021854940499683992,0.04177832689089609,0.03090351024375809,0.02039292418365639,2.693045305351706e-05,2.6873009289375318e-05,4.5837651224278715e-05,0,normal,-1
2772.0,2.7e-05,1.9e-05,0.04235178252793925,0.032082982162294695,0.021857280169091997,0.04226599008966489,0.032567228567092744,0.02197575003663472,2.6931503994879427e-05,2.687492852425645e-05,4.584010472169721e-05,0,normal,-1
2773.0,2.7e-05,1.9e-05,0.04235631425757482,0.03208672545332444,0.021859584045558864,0.04185566671210152,0.032530436783378476,0.02191530430925142,2.693253787562199e-05,2.6876819973971956e-05,4.5842520556487055e-05,0,normal,-1
2774.0,2.7e-05,1.9e-05,0.042360777285882126,0.03209041265841897,0.021861852755577643,0.04230380683914679,0.03160486715118829,0.0219344318944572,2.6933555175040994e-05,2.6878683804410674e-05,4.584489939148873e-05,0,normal,-1
2775.0,2.7e-05,1.9e-05,0.04236517275599618,0.03209404441062179,0.02186408699153811,0.04138906165333944,0.03194874776542131,0.02097835669159152,2.693455656383606e-05,2.6880519943347793e-05,4.5847241958404555e-05,0,normal,-1
2776.0,2.7e-05,1.9e-05,0.04236950184186755,0.03209762122773467,0.021866287511726753,0.04201196516658727,0.03165594079142767,0.022089822652348084,2.693554290407813e-05,2.688232808052664e-05,4.584954905778668e-05,0,normal,-1
2777.0,2.7e-05,1.9e-05,0.04237376574826237,0.03210114351231771,0.02186845514032677,0.042195181441274994,0.03274016458968305,0.021987248983063284,2.6936515249178824e-05,2.688410766773679e-05,4.585182155902571e-05,0,normal,-1
2778.0,2.7e-05,1.9e-05,0.042377965709562856,0.032104611554355636,0.021870590765502133,0.04210734584503413,0.03160214929397486,0.021618386893775925,2.6937474838792824e-05,2.6885857924907298e-05,4.5854060398331625e-05,0,normal,-1
2779.0,2.7e-05,1.9e-05,0.04238210264589061,0.032108026289480326,0.021872694792389267,0.04142123006032018,0.032491859865329646,0.021806201757713865,2.6938421653949422e-05,2.6887579554555217e-05,4.585626600532057e-05,0,normal,-1
2780.0,2.7e-05,1.9e-05,0.04238617720155673,0.032111389201195016,0.021874767209083493,0.042437082562633385,0.03171659520054071,0.0222876035698834,2.693935459586121e-05,2.6889274526227386e-05,4.5858438372309075e-05,0,normal,-1
2781.0,2.7e-05,1.9e-05,0.04239019015495197,0.032114701431192244,0.021876808233482484,0.04159294398868042,0.03299611157262193,0.022489830309490394,2.694027318971723e-05,2.6890944058188728e-05,4.58605777324113e-05,0,normal,-1
2782.0,2.7e-05,1.9e-05,0.04239414231766316,0.03211796400879878,0.02187881815022634,0.043385790799691466,0.03250704277237604,0.022507317477519807,2.6941177151559452e-05,2.6892589133117855e-05,4.586268438857957e-05,0,normal,-1
2783.0,2.7e-05,1.9e-05,0.04239803453447328,0.03212117785097563,0.021880797310697586,0.043036183331211716,0.03222233835274274,0.022353303880914995,2.69420663882488e-05,2.689421049818936e-05,4.5864758713590164e-05,0,normal,-1
2784.0,2.7e-05,1.9e-05,0.04240186768336139,0.03212434376231805,0.021882746133021165,0.04329298684159532,0.031532727761126464,0.0213839145665865,2.694294099743258e-05,2.6895808665152594e-05,4.586680115002995e-05,0,normal,-1
2785.0,2.7e-05,1.9e-05,0.042405642675502654,0.03212746243505552,0.021884665102064448,0.04237191165188166,0.0328111978343339,0.022334227993148752,2.6943801267513497e-05,2.6897383910407076e-05,4.5868812210283705e-05,0,normal,-1
2786.0,2.7e-05,1.9e-05,0.04240936045526837,0.03213053444905177,0.021886554769437225,0.04141371675419885,0.032156938978722016,0.021529661908030722,2.694464767762034e-05,2.6898936275074796e-05,4.5870792476522094e-05,0,normal,-1
2787.0,2.7e-05,1.9e-05,0.04241302200022593,0.03213356027180476,0.021888415753491715,0.04329891625705853,0.031399439847295194,0.021888075768615265,2.6945480897579923e-05,2.6900465565069444e-05,4.58727426006903e-05,0,normal,-1
2788.0,2.7e-05,1.9e-05,0.04241662832113883,0.03213654025844668,0.021890248739322552,0.042499507794930946,0.03219133658079897,0.02167459325467856,2.694630178789052e-05,2.690197135116264e-05,4.58746633044973e-05,0,normal,-1
2789.0,2.7e-05,1.9e-05,0.04242018046196668,0.03213947465174396,0.021892054478766798,0.04331051802339048,0.03256064917530453,0.02203061107198245,2.694711139969647e-05,2.690345296904698e-05,4.5876555379405746e-05,0,normal,-1
2790.0,2.7e-05,1.9e-05,0.04242367948311221,0.032142363619151924,0.021893833763726077,0.0430313642472792,0.03249866823189651,0.0212686992738675,2.6947910904247157e-05,2.690490960305272e-05,4.587841965867065e-05,0,normal,-1
2791.0,2.7e-05,1.9e-05,0.042427126026880126,0.03214520820749727,0.02189558673657633,0.04259395148341765,0.032455366019758104,0.021317725975832178,2.694869977232018e-05,2.6906342444377088e-05,4.588025629484839e-05,0,normal,-1
2792.0,2.7e-05,1.9e-05,0.04243052061347331,0.03214800968224484,0.021897313363776913,0.04190647569776901,0.032415780056330556,0.021383001596802224,2.694947702821948e-05,2.6907753201745157e-05,4.5882065256119246e-05,0,normal,-1
2793.0,2.7e-05,1.9e-05,0.04243386387153331,0.03215076903440914,0.021899013796796794,0.0419761223713741,0.03224380143045261,0.022143159718489406,2.6950242198090815e-05,2.690914298046363e-05,4.588384670443892e-05,0,normal,-1
2794.0,2.7e-05,1.9e-05,0.04243715646496775,0.03215348714482633,0.021900688254697865,0.04231140268979012,0.03262862210330382,0.022751625953130922,2.6950994998705123e-05,2.6910512652262013e-05,4.58856008724975e-05,0,normal,-1
2795.0,2.7e-05,1.9e-05,0.04244039909295032,0.03215616478415426,0.02190233702413497,0.042461832110784234,0.03182898017481438,0.021394671146425546,2.6951735337430185e-05,2.6911862855359584e-05,4.588732806370717e-05,0,normal,-1
2796.0,2.7e-05,1.9e-05,0.04244359248992082,0.03215880261287244,0.021903960459355866,0.042366855382451704,0.031394411204383715,0.020953333365021958,2.6952463312203604e-05,2.6913193994529575e-05,4.588902865219043e-05,0,normal,-1
2797.0,2.7e-05,1.9e-05,0.042446737425585114,0.032161401181282044,0.021905558982201267,0.042582310425943085,0.03206460426581717,0.022516260567579247,2.6953179211507024e-05,2.691450624116061e-05,4.5890703082769016e-05,0,normal,-1
2798.0,2.7e-05,1.9e-05,0.04244983470491516,0.03216396092950593,0.021907133082104808,0.04316817739969006,0.03214845096941271,0.022295954439341997,2.6953883514341766e-05,2.6915799533315672e-05,4.5892351870953314e-05,0,normal,-1
2799.0,2.7e-05,1.9e-05,0.04245288516814899,0.032166482187488604,0.02190868331609306,0.04336779936703385,0.03163260202304051,0.021918907383960868,2.6954576890205575e-05,2.6917073575788474e-05,4.589397560293241e-05,0,normal,-1
2800.0,2.7e-05,1.9e-05,0.04245588969079071,0.03216896517499626,0.021910210308785538,0.041625222119159644,0.03204318673869112,0.02209134605837897,2.695526019907049e-05,2.6918327840157452e-05,4.5895574935564584e-05,0,normal,-1
2801.0,2.7e-05,1.9e-05,0.04245884918361053,0.03217141000161676,0.02191171475239468,0.04269509456258119,0.03121709058187987,0.021906558832276726,2.695593449136171e-05,2.6919561564837082e-05,4.5897150596368395e-05,0,normal,-1
2802.0,2.7e-05,1.9e-05,0.04246176454639934,0.032173816768692444,0.02191319733324515,0.04294990296843131,0.03188916691337685,0.021982256203945432,2.695660081380799e-05,2.6920773985242572e-05,4.589870330655891e-05,0,normal,-1
2803.0,2.7e-05,1.9e-05,0.042464636205515334,0.03217618658242887,0.021914657999268013,0.042535170747301405,0.03257158888389624,0.021526272301389822,2.6957258276350047e-05,2.692196662366659e-05,4.590023301393609e-05,0,normal,-1
2804.0,2.7e-05,1.9e-05,0.04246746457896304,0.032178520526805546,0.021916096699734607,0.042727306371465795,0.03163235430741997,0.021823818950197575,2.695790600718068e-05,2.6923140971173377e-05,4.590173966767584e-05,0,normal,-1
2805.0,2.7e-05,1.9e-05,0.04247025017111378,0.03218081946747721,0.021917513531092957,0.04213306891902155,0.03197698043362109,0.021307122126691547,2.695854353371595e-05,2.6924298039107583e-05,4.5903223371046775e-05,0,normal,-1
2806.0,2.7e-05,1.9e-05,0.04247299352334875,0.032183084161684604,0.021918908658130194,0.042518320763712994,0.03254476122708646,0.021637835619611436,2.69591705739079e-05,2.6925438606772132e-05,4.5904684298830775e-05,0,normal,-1
2807.0,2.7e-05,1.9e-05,0.04247569521405906,0.03218531525825448,0.021920282313972545,0.04240455020641381,0.03291492331896298,0.022670913646304858,2.695978703622099e-05,2.692656322148301e-05,4.5906122697312316e-05,0,normal,-1
2808.0,2.7e-05,1.9e-05,0.04247835585864573,0.032187513297599564,0.021921634800085337,0.042127589680684606,0.03243828205299444,0.02211846495189753,2.6960393019609583e-05,2.6927672198621718e-05,4.590753888426828e-05,0,normal,-1
2809.0,2.7e-05,1.9e-05,0.04248097610951965,0.03218967871171859,0.021922966486273007,0.04223247699010285,0.03132260865384515,0.022442901442324095,2.696098881349651e-05,2.6928765621685534e-05,4.590893324895836e-05,0,normal,-1
2810.0,2.7e-05,1.9e-05,0.042483556656101616,0.032191811824196316,0.02192427781067908,0.04269877608430569,0.03210967922973813,0.021944946792747683,2.6961574897752824e-05,2.692984334233583e-05,4.591030625211583e-05,0,normal,-1
2811.0,2.7e-05,1.9e-05,0.04248609822482232,0.032193912850203454,0.021925569279786183,0.04231844482600699,0.03282674442191215,0.022758762163916233,2.6962151942678458e-05,2.693090498044417e-05,4.591165842593888e-05,0,normal,-1
2812.0,2.7e-05,1.9e-05,0.04248860157912236,0.03219598189649675,0.02192684146841605,0.04245618172228052,0.03192054201490136,0.022699864451585696,2.6962720808983878e-05,2.6931949924136496e-05,4.5912990374082396e-05,0,normal,-1
2813.0,2.7e-05,1.9e-05,0.04249106751945222,0.03219801896141892,0.021928095019729518,0.04238618753734597,0.03248817235281405,0.0218434221010432,2.6963282547772406e-05,2.6932977329834994e-05,4.5914302771650106e-05,0,normal,-1
2814.0,2.7e-05,1.9e-05,0.04249349679640854,0.03220002412589031,0.021929330507426178,0.042263496774885854,0.03237860918253583,0.021876720238536835,2.6963838036600864e-05,2.6933986553411634e-05,4.591559622092408e-05,0,normal,-1
2815.0,2.7e-05,1.9e-05,0.042495889669738315,0.032201998517269924,0.021930547738289157,0.041942480555111974,0.031312583865190445,0.021972841191990073,2.696438613952017e-05,2.6934979328393208e-05,4.5916870521232646e-05,0,normal,-1
2816.0,2.7e-05,1.9e-05,0.04249824647267568,0.03220394306914229,0.021931746647241422,0.04186285243342381,0.031904277775830235,0.022178824222945766,2.6964926070701e-05,2.6935956965953558e-05,4.591812560604468e-05,0,normal,-1
2817.0,2.7e-05,1.9e-05,0.04250056760687005,0.03220585854179463,0.021932927285866814,0.042584641977665115,0.03172512840938493,0.022527526503142492,2.696545736093507e-05,2.693692039689566e-05,4.591936153093447e-05,0,normal,-1
2818.0,2.7e-05,1.9e-05,0.04250285351239082,0.03220774558865141,0.021934089774647697,0.04229931268787116,0.03214716489433437,0.022731600733498617,2.6965979731312602e-05,2.6937870321439855e-05,4.592057842356823e-05,0,normal,-1
2819.0,2.7e-05,1.9e-05,0.04250510466772731,0.03220960475627434,0.02193523430296494,0.041885493475810026,0.03253832202170368,0.021797421079778497,2.6966493093202655e-05,2.693880720926874e-05,4.5921776483695e-05,0,normal,-1
2820.0,2.7e-05,1.9e-05,0.042507321589788864,0.032211436484362366,0.021936361129097918,0.04222354781576597,0.03219857553337918,0.022396943451635776,2.696699754823448e-05,2.693973129957013e-05,4.5922955983137844e-05,0,normal,-1
2821.0,2.7e-05,1.9e-05,0.04250950483390473,0.032213241105751675,0.021937470580224525,0.042711675617727395,0.0326875825520464,0.021175468104437854,2.6967493388279642e-05,2.6940642601078275e-05,4.592411726578558e-05,0,normal,-1
2822.0,2.7e-05,1.9e-05,0.04251165499382414,0.03221501884641572,0.021938563052421155,0.04276673173921261,0.031477681844956605,0.02149355694616905,2.6967981095435217e-05,2.6941540892113503e-05,4.592526074758493e-05,0,normal,-1
2823.0,2.7e-05,1.9e-05,0.0425137727017163,0.032216769825465175,0.02193963901066272,0.04168686096493094,0.03175626458088257,0.021735980523597535,2.696846134200781e-05,2.6942425720620012e-05,4.592638691653299e-05,0,normal,-1
2824.0,2.7e-05,1.9e-05,0.04251585862817037,0.03221849405514796,0.021940698988822633,0.04279106124040204,0.03218718304204465,0.021329037730071804,2.6968934990498202e-05,2.6943296404202116e-05,4.5927496332670157e-05,0,normal,-1
2825.0,2.7e-05,1.9e-05,0.04251791348219546,0.03222019144084927,0.021941743589672824,0.041579442732535686,0.032736377462435705,0.021404778975407213,2.696940309358671e-05,2.6944152030158507e-05,4.592858962807334e-05,0,normal,-1
2826.0,2.7e-05,1.9e-05,0.042519937874135647,0.032221862081968214,0.021942773267669604,0.04221499607151952,0.03189522333181674,0.02251045099078313,2.6969866320624767e-05,2.6944992134560726e-05,4.5929667279517937e-05,0,normal,-1
2827.0,2.7e-05,1.9e-05,0.0425219319384842,0.03222350709451574,0.021943787733241793,0.0429533856801408,0.032566806009332955,0.022448351990884057,2.6970323386625903e-05,2.694581856105881e-05,4.593072898505313e-05,0,normal,-1
2828.0,2.7e-05,1.9e-05,0.04252389593723274,0.03222512728910849,0.02194478690800596,0.04198918451320791,0.03156266752243829,0.021871571441799183,2.697077357352421e-05,2.694663247602628e-05,4.5931774663754033e-05,0,normal,-1
2829.0,2.7e-05,1.9e-05,0.042525830187204655,0.03222672333716328,0.02194577080715626,0.042980847476488115,0.032730375265832494,0.022148682961312543,2.6971216417360974e-05,2.6947434740610395e-05,4.5932804332616014e-05,0,normal,-1
2830.0,2.7e-05,1.9e-05,0.04252773504478284,0.03222829580459575,0.02194673951519931,0.0425893523684617,0.033335698887502006,0.02211582767879532,2.6971651644141015e-05,2.6948225986744458e-05,4.593381808115053e-05,0,normal,-1
2831.0,2.7e-05,1.9e-05,0.04252961090590977,0.03222984515182034,0.02194769318595419,0.04347208270482262,0.032194704894421416,0.02160942310700761,2.697207916981642e-05,2.6949006617184576e-05,4.5934816071377315e-05,0,normal,-1
2832.0,2.7e-05,1.9e-05,0.04253145820608747,0.03223137173375035,0.021948632042552454,0.043328522922020433,0.03242321758896387,0.02236330276411336,2.6972499100270917e-05,2.6949776805544967e-05,4.593579853781697e-05,0,normal,-1
2833.0,2.7e-05,1.9e-05,0.04253327742037747,0.032232875799797875,0.021949556377438104,0.042724639680945,0.032961973782134155,0.021412816855348737,2.6972911731305133e-05,2.6950536496331858e-05,4.593676578748382e-05,0,normal,-1
2834.0,2.7e-05,1.9e-05,0.042535069063400904,0.03223435749387386,0.02195046655236761,0.04241599507427057,0.03291548885757604,0.022125651754284725,2.6973317548622648e-05,2.6951285404975945e-05,4.593771819987925e-05,0,normal,-1
2835.0,2.7e-05,1.9e-05,0.04253683368933842,0.03223581685438803,0.02195136299840991,0.04318255955869969,0.032433659408423694,0.02257510779836594,2.6973717227816706e-05,2.6952023017863557e-05,4.593865622698526e-05,0,normal,-1
2836.0,2.7e-05,1.9e-05,0.04253857189193023,0.03223725381424899,0.021952246215946394,0.04272367510847132,0.03360037888884022,0.020984090486789623,2.6974111634357513e-05,2.6952748592366395e-05,4.593958039325843e-05,0,normal,-1
2837.0,2.7e-05,1.9e-05,0.042540284304476074,0.032238668200864115,0.02195311677467093,0.04292559023067711,0.03263689110464599,0.02156350890688036,2.6974501823579984e-05,2.695346115686958e-05,4.594049129562411e-05,0,normal,-1
2838.0,2.7e-05,1.9e-05,0.04254197140506181,0.032240060163064486,0.02195397500524273,0.042801342027993204,0.0323806421068159,0.022047586124537808,2.69748882267333e-05,2.695416047416922e-05,4.594138928084376e-05,0,normal,-1
2839.0,2.7e-05,1.9e-05,0.042543633238105526,0.03224143077674235,0.02195482056020877,0.04268633338127311,0.03255604885808155,0.02215005110929627,2.69752694935751e-05,2.695484841015063e-05,4.594227398613777e-05,0,normal,-1
2840.0,2.7e-05,1.9e-05,0.04254527000408755,0.0322427807553795,0.02195565334646049,0.042001727398835835,0.03243817341011766,0.021490014438077534,2.6975644952711458e-05,2.6955526022446076e-05,4.594314531485648e-05,0,normal,-1
2841.0,2.7e-05,1.9e-05,0.04254688194959979,0.032244110695758096,0.021956473349436016,0.04300812230017473,0.032383984811340444,0.022154028027389826,2.6976014145928722e-05,2.6956194112771583e-05,4.594400325252556e-05,0,normal,-1
2842.0,2.7e-05,1.9e-05,0.042548469361771396,0.03224542109022759,0.021957280624277518,0.042244856702456625,0.032212346304645624,0.021792884220693295,2.697637680482095e-05,2.6956853254617566e-05,4.594484785758674e-05,0,normal,-1
2843.0,2.7e-05,1.9e-05,0.04255003256826882,0.03224671232670475,0.0219580752958312,0.04327169176383178,0.033234105692915385,0.021628836662462975,2.6976732850776307e-05,2.6957503793279165e-05,4.594567926139106e-05,0,normal,-1
2844.0,2.7e-05,1.9e-05,0.04255157193729578,0.03224798468867366,0.021958857558647307,0.04228698746628286,0.032317843281178496,0.022422144632173856,2.6977082394964017e-05,2.695814584588527e-05,4.594649766819268e-05,0,normal,-1
2845.0,2.7e-05,1.9e-05,0.042553087877593244,0.032249238355185714,0.021959627676980124,0.04261787548929542,0.032419181652529445,0.021249841485862973,2.6977425738322193e-05,2.6958779301426414e-05,4.594730335514278e-05,0,normal,-1
2846.0,2.7e-05,1.9e-05,0.042554580838439465,0.032250473400859604,0.021960385984787965,0.04332455187020381,0.03214834370393513,0.02253220782060932,2.6977763371546218e-05,2.6959403820781573e-05,4.594809667228389e-05,0,normal,-1
2847.0,2.7e-05,1.9e-05,0.04255605130964997,0.032251689795881354,0.0219611328857332,0.04276667583185878,0.0324439129041095,0.022038505955874088,2.6978095975077723e-05,2.6960018836743874e-05,4.5948878042544394e-05,0,normal,-1
2848.0,2.7e-05,1.9e-05,0.04255749982157755,0.03225288740600428,0.02196186885318222,0.042145697722612584,0.032178631799936325,0.022639351509230358,2.697842441909407e-05,2.6960623554045034e-05,4.594964796173342e-05,0,normal,-1
2849.0,2.7e-05,1.9e-05,0.04255892694511226,0.03225406599254903,0.021962594430205463,0.04305168373216686,0.032561098201429245,0.0219540446777048,2.6978749763498057e-05,2.696121694937843e-05,4.595040699853585e-05,0,normal,-1
2850.0,2.7e-05,1.9e-05,0.04256033287183273,0.032255226127967655,0.021963309566761343,0.042530580822682254,0.0321886584672638,0.02190848432950241,2.6979071509832913e-05,2.696179983886692e-05,4.595115510114302e-05,0,normal,-1
2851.0,2.7e-05,1.9e-05,0.042561717524427625,0.03225636895633359,0.021964013793557294,0.04292988239338542,0.03211611340969739,0.022635398819895045,2.6979388059435633e-05,2.6962374336419545e-05,4.595189177917501e-05,0,normal,-1
2852.0,2.7e-05,1.9e-05,0.042564108185469074,0.03229776789528444,0.023032371757046696,0.04235255677057831,0.03191088006422447,0.022526058739848108,2.6928277839036067e-05,2.5581897115655998e-05,2.729758709475952e-05,1,proc_k2_restrict,11
2853.0,2.7e-05,1.9e-05,0.042573715716790535,0.03242900827986904,0.024116667537664446,0.04272174712139969,0.032486390931503774,0.023589226748273448,2.6768283017120077e-05,2.4230502497954823e-05,2.7932742490471998e-05,1,proc_k2_restrict,11
2854.0,2.7e-05,1.9e-05,0.04259667617367569,0.032629685942689245,0.025078705480573817,0.043378030811325574,0.032223288914022714,0.024602875941783876,2.653278074373349e-05,2.3094173550922686e-05,2.8484426970782766e-05,1,proc_k2_restrict,11
2855.0,2.7e-05,1.9e-05,0.042637081039019205,0.03288218633023492,0.025937050184052457,0.042635817345336766,0.03329501784867939,0.025710789030893542,2.6248956609184525e-05,2.2148337551093073e-05,2.8967780474006125e-05,1,proc_k2_restrict,11
2856.0,2.7e-05,1.9e-05,0.04269741108630704,0.03317215936699759,0.02670770574697413,0.04382681897529035,0.03306842002772595,0.026243639262983055,2.5938149113579114e-05,2.136813721618001e-05,2.9394983504959873e-05,1,proc_k2_restrict,11
2857.0,2.7e-05,1.9e-05,0.042778890464447696,0.033488147227438606,0.027404309946257532,0.04343806555979106,0.033254765008274165,0.027645319283766158,2.561686507589143e-05,2.072953436149451e-05,2.9775863498422554e-05,1,proc_k2_restrict,11
2858.0,2.7e-05,1.9e-05,0.04288178189633641,0.03382120195930407,0.02803836236160656,0.043190934117115776,0.034067439174331485,0.02802492236968507,2.5297566723154782e-05,2.0210233211533467e-05,3.0118355249358205e-05,1,proc_k2_restrict,11
2859.0,2.7e-05,1.9e-05,0.043005633452851744,0.03416450019753102,0.028619476380149566,0.04305869924712653,0.03458297439194781,0.028155710283762656,2.4989336207466843e-05,1.979030374373488e-05,3.0428866251556317e-05,1,proc_k2_restrict,11
2860.0,2.7e-05,1.9e-05,0.043149483314511836,0.03451297003659542,0.029155639043479502,0.04287242425129345,0.03456165699543926,0.028496750419550243,2.469846565772442e-05,1.9452480631162785e-05,3.071257371701765e-05,1,proc_k2_restrict,11
2861.0,2.7e-05,1.9e-05,0.043312027881218546,0.034862942989576595,0.02965346460950701,0.043653532241079235,0.03386777488224502,0.029307435978066017,2.4428994331868315e-05,1.9182176022054304e-05,3.09736688269551e-05,1,proc_k2_restrict,11
2862.0,2.7e-05,1.9e-05,0.04349175654875859,0.035211844354128566,0.030118428542276296,0.043510252242083894,0.03485124112083685,0.02944175364347212,2.4183191644841e-05,1.896729146775442e-05,3.1215556633874585e-05,1,proc_k2_restrict,11
2863.0,2.7e-05,1.9e-05,0.043687055190418,0.035557933221271355,0.030555070880064494,0.043861602967810664,0.03516899565804707,0.03072647172755209,2.396197285126511e-05,1.8797930015938538e-05,3.1441016406513497e-05,1,proc_k2_restrict,11
2864.0,2.7e-05,1.9e-05,0.04389628228915474,0.035900094934536414,0.030967164231504737,0.04449167925621904,0.035688638993000545,0.03151740666645863,2.3765241535305327e-05,1.8666085862240465e-05,3.1652327317663256e-05,1,proc_k2_restrict,11
2865.0,2.7e-05,1.9e-05,0.04411782909565148,0.036237659690925725,0.03135786573113098,0.04390414505004445,0.036251327054408464,0.03110146024731347,2.3592204759084925e-05,1.8565279609211987e-05,3.185137443628775e-05,1,proc_k2_restrict,11
2866.0,2.7e-05,1.9e-05,0.04435015631111218,0.03657027726538736,0.03172982882424935,0.044640195162054266,0.036812890053859154,0.03188704196874955,2.3441595866272314e-05,1.8490282699149305e-05,3.203972604798873e-05,1,proc_k2_restrict,11
2867.0,2.7e-05,1.9e-05,0.04459181904327354,0.036897819780312195,0.0320852938823098,0.043582154097173045,0.03686716191678801,0.032661767237183684,2.3311854408036395e-05,1.8436874171824925e-05,3.221869460152723e-05,1,proc_k2_restrict,11
2868.0,2.7e-05,1.9e-05,0.04484148277175436,0.03722029861169529,0.0324261721250892,0.04548209271576435,0.03747290329975367,0.03194617432379974,2.3201281852373848e-05,1.840159618081979e-05,3.238939018095243e-05,1,proc_k2_restrict,11
2869.0,2.7e-05,1.9e-05,0.04509792787603387,0.037537824624769935,0.03275409106649444,0.044462904070236904,0.03799956804172271,0.0333563494096914,2.310812006294053e-05,1.8381639445058067e-05,3.2552751696598504e-05,1,proc_k2_restrict,11
2870.0,2.7e-05,1.9e-05,0.04536005123951919,0.037850557152959555,0.033070456533443336,0.045313756527829,0.03799103262297997,0.0330723587523908,2.3030644505134457e-05,1.8374658281384976e-05,3.2709584287054335e-05,1,proc_k2_restrict,11
2871.0,2.7e-05,1.9e-05,0.045626863440588944,0.038158689150395525,0.033376476216738865,0.04579099067749401,0.038855077286206505,0.03321285686334794,2.2967195877271165e-05,1.8378717690035865e-05,3.286057595244385e-05,1,proc_k2_restrict,11
2872.0,2.7e-05,1.9e-05,0.04589748150503258,0.03846242302737453,0.033673199973730764,0.046082330182107015,0.038809883697331966,0.03354440976627906,2.2916218064810423e-05,1.839218319626483e-05,3.3006321391075966e-05,1,proc_k2_restrict,11
2873.0,2.7e-05,1.9e-05,0.04617112194335323,0.03876196119140202,0.03396154137691084,0.046396932316354715,0.038167636166665644,0.03441691070105478,2.287627247240726e-05,1.8413670257098143e-05,3.314733564341114e-05,1,proc_k2_restrict,11
2874.0,2.7e-05,1.9e-05,0.04644709586718677,0.039057500425840816,0.034242291993993125,0.046712807869097366,0.0398383263715487,0.0351818614533913,2.284604791234465e-05,1.8442011873932468e-05,3.328406355446057e-05,1,proc_k2_restrict,11
2875.0,2.7e-05,1.9e-05,0.046724793154201895,0.039349226015026696,0.034516149893459185,0.04776149058324247,0.04023283002569977,0.035130458864607736,2.282435230568926e-05,1.8476196378544923e-05,3.341689565859578e-05,1,proc_k2_restrict,11
2876.0,2.7e-05,1.9e-05,0.047003681967449494,0.03963731036187346,0.03478372244362143,0.04767349583060178,0.039700259510562344,0.03476829725375921,2.2810119667486332e-05,1.851536177993769e-05,3.354617111551904e-05,1,proc_k2_restrict,11
2877.0,2.7e-05,1.9e-05,0.04728329938998629,0.03992191100221475,0.03504554152385184,0.04762617320752663,0.04086592769446456,0.03501320926722071,2.2802403044527555e-05,1.8558764209820884e-05,3.367218640906962e-05,1,proc_k2_restrict,11
2878.0,2.7e-05,1.9e-05,0.04756323689775662,0.04020317438229951,0.03530207833053565,0.04662930310137261,0.03967072386272837,0.03607943537040528,2.280034946205357e-05,1.8605757612314134e-05,3.37952035513257e-05,1,proc_k2_restrict,11
2879.0,2.7e-05,1.9e-05,0.04784314246603989,0.040481232421169196,0.035553744960742074,0.047577381503942334,0.04086080739271032,0.03534529972627983,2.2803210964452073e-05,1.8655784473049864e-05,3.391545172143705e-05,1,proc_k2_restrict,11
2880.0,2.7e-05,1.9e-05,0.04812271377134658,0.04075620295652645,0.03580090306012195,0.04893867845240063,0.04041292664416555,0.03540391071557721,2.2810335198597493e-05,1.870836022431796e-05,3.4033132164745786e-05,1,proc_k2_restrict,11
2881.0,2.7e-05,1.9e-05,0.04840168453363396,0.04102819571671824,0.03604387471239378,0.047347969087011554,0.04106300162691744,0.036525849163376284,2.282113630204226e-05,1.8763063747092186e-05,3.4148424001103175e-05,1,proc_k2_restrict,11
2882.0,2.7e-05,1.9e-05,0.04867982504858955,0.04129731038254348,0.036282944140779774,0.0484218733608436,0.040769974620308076,0.03629661830994383,2.283509964708204e-05,1.8819530185109673e-05,3.426148553830879e-05,1,proc_k2_restrict,11
2883.0,2.7e-05,1.9e-05,0.04895694272983231,0.041563634231801934,0.036518359969159954,0.04861012266586482,0.041784511941896516,0.03748442727033323,2.285178692866012e-05,1.8877441874335843e-05,3.4372455792135136e-05,1,proc_k2_restrict,11
2884.0,2.7e-05,1.9e-05,0.04923286944121157,0.041827248309608885,0.036750344511668476,0.050279450769116954,0.04146465352045177,0.036813640420552296,2.287080741397997e-05,1.893652209504499e-05,3.448145924815406e-05,1,proc_k2_restrict,11
2885.0,2.7e-05,1.9e-05,0.04950745891041895,0.04208822816135293,0.03697909630854917,0.049245214383591605,0.042792509753956126,0.03687506047054602,2.2891813083895986e-05,1.899653128934952e-05,3.458860735407294e-05,1,proc_k2_restrict,11
2886.0,2.7e-05,1.9e-05,0.049780589170149284,0.04234664102112845,0.037204790373673635,0.04982452463567293,0.04201954319238438,0.037391950689805074,2.2914506882358164e-05,1.905726095038394e-05,3.469399890155599e-05,1,proc_k2_restrict,11
2887.0,2.7e-05,1.9e-05,0.05005215869711397,0.04260254779253405,0.03742758094973424,0.04971390439783968,0.04295747242360836,0.03873818723580994,2.293863373028762e-05,1.911853179615622e-05,3.4797721553325335e-05,1,proc_k2_restrict,11
2888.0,2.7e-05,1.9e-05,0.05032207923307832,0.042856005643807954,0.03764760782595139,0.04953208979668564,0.0424174827674356,0.03777075872133751,2.2963965462379196e-05,1.918018651293164e-05,3.489985498266044e-05,1,proc_k2_restrict,11
2889.0,2.7e-05,1.9e-05,0.050590275434239274,0.043107067861272025,0.03786499698179681,0.05060747643046019,0.042635058162220324,0.03742432420258426,2.2990300504643754e-05,1.9242087993746766e-05,3.500047132646669e-05,1,proc_k2_restrict,11
2890.0,2.7e-05,1.9e-05,0.05085668653039929,0.043355782766132174,0.03807985978670557,0.05045841648203902,0.043486578734799254,0.03787596526029481,2.3017468033598202e-05,1.9304118521260172e-05,3.509963495809288e-05,1,proc_k2_restrict,11
2891.0,2.7e-05,1.9e-05,0.0511212636781266,0.04360219551148871,0.0382922943550351,0.050627814352168475,0.0444236890422455,0.03818636609137178,2.304532105972853e-05,1.9366180276002572e-05,3.519740324824927e-05,1,proc_k2_restrict,11
2892.0,2.7e-05,1.9e-05,0.05138396550408941,0.0438463484248065,0.03850239098164984,0.0512924302563205,0.044076704921308565,0.03805436127176301,2.3073728990865575e-05,1.9428185765146505e-05,3.529382917789505e-05,1,proc_k2_restrict,11
2893.0,2.7e-05,1.9e-05,0.05164475787665177,0.04408828090241503,0.03871023257047814,0.051265748320682945,0.04401530680639404,0.038276577642943566,2.310257738098261e-05,1.9490056690050096e-05,3.538896161529542e-05,1,proc_k2_restrict,11
2894.0,2.7e-05,1.9e-05,0.05190361429307381,0.0443280294886539,0.03891589408256029,0.05170068883319878,0.044092868186342137,0.03806101845181875,2.313176832639016e-05,1.9551724936772297e-05,3.54828451384527e-05,1,proc_k2_restrict,11
2895.0,2.7e-05,1.9e-05,0.052160515795962314,0.044565629990743684,0.039119440181805604,0.05166311245413793,0.045443135073841776,0.03835815677169573,2.3161217027483733e-05,1.9613140456972066e-05,3.557551903794166e-05,1,proc_k2_restrict,11
2896.0,2.7e-05,1.9e-05,0.05241544799699566,0.0448011163429605,0.03932093048742633,0.05222821848010979,0.04425526627942609,0.03912005806655465,2.319084891477263e-05,1.9674259512065237e-05,3.5667019782243615e-05,1,proc_k2_restrict,11
2897.0,2.7e-05,1.9e-05,0.05266840050551477,0.04503451982916392,0.03952042126518744,0.0527393764540298,0.045139342732019985,0.03871876955984244,2.3220599904653915e-05,1.9735040151233202e-05,3.5757381831588825e-05,1,proc_k2_restrict,11
2898.0,2.7e-05,1.9e-05,0.052919366928266647,0.045265869086077444,0.039717965425004276,0.05270189666919706,0.04622170060714948,0.038477248884948634,2.3250416331530665e-05,1.9795442187254114e-05,3.584663767362517e-05,1,proc_k2_restrict,11
2899.0,2.7e-05,1.9e-05,0.05316834471355042,0.04549519182812192,0.03991361073541465,0.053585647437168205,0.044975211433100674,0.039471921980029495,2.32802520304997e-05,1.9855433405999988e-05,3.5934817054607564e-05,1,proc_k2_restrict,11
2900.0,2.7e-05,1.9e-05,0.053415334221631486,0.0457225175979371,0.040107397788167916,0.05329156437523215,0.04596270159333123,0.039068864506413184,2.331006271473292e-05,1.9914997926276996e-05,3.602194610834555e-05,1,proc_k2_restrict,11
2901.0,2.7e-05,1.9e-05,0.05366033813089821,0.04594787406448107,0.04029936520212008,0.054210890543467505,0.04553657260639344,0.040373403067832825,2.3339810666309514e-05,1.9974120205062388e-05,3.610804973935594e-05,1,proc_k2_restrict,11
2902.0,2.7e-05,1.9e-05,0.053903361407469555,0.04617128632788176,0.040489550510935446,0.05399923218935955,0.04647880762991093,0.04008750877346352,2.3369465698244903e-05,2.003278223868448e-05,3.619315204155852e-05,1,proc_k2_restrict,11
2903.0,2.7e-05,1.9e-05,0.054144411305195046,0.0463927769194369,0.040677990163086555,0.05372731285556327,0.04714780519300366,0.0409380672553678,2.3399005105663563e-05,2.0090963594973178e-05,3.6277276314628864e-05,1,proc_k2_restrict,11
2904.0,2.7e-05,1.9e-05,0.054383496925582704,0.04661236735977525,0.040864718278453394,0.055013043345972665,0.047960056962262416,0.041255118630514946,2.3428410605333686e-05,2.0148646354331735e-05,3.6360444526463346e-05,1,proc_k2_restrict,11
2905.0,2.7e-05,1.9e-05,0.05462062766403839,0.04683008305991683,0.04104976289875315,0.05471469883214896,0.047537345542205206,0.040767315810198504,2.3457658589004874e-05,2.020583018891609e-05,3.6442675670009344e-05,1,proc_k2_restrict,11
2906.0,2.7e-05,1.9e-05,0.05485581405710899,0.04704594846291245,0.04123315065428754,0.05558119673349845,0.047286792445676185,0.041390502981419205,2.3486728734527717e-05,2.0262515510636745e-05,3.652398786894961e-05,1,proc_k2_restrict,11
2907.0,2.7e-05,1.9e-05,0.05508906805415105,0.047259985591089126,0.04141490818209107,0.055855352129333756,0.047199684391238124,0.041021836748119524,2.3515606573741398e-05,2.0318698470924522e-05,3.660439901877553e-05,1,proc_k2_restrict,11
2908.0,2.7e-05,1.9e-05,0.05532040301561626,0.04747221405114647,0.04159506212256386,0.055052180910886137,0.04716922563340537,0.04130764628796313,2.3544283444998504e-05,2.037437103371898e-05,3.6683926792271035e-05,1,proc_k2_restrict,11
2909.0,2.7e-05,1.9e-05,0.05554983363976322,0.047682651238187254,0.041773638976973275,0.055875537050177525,0.04694999745626369,0.04113317910966245,2.3572756041415983e-05,2.04295216300839e-05,3.676258858353559e-05,1,proc_k2_restrict,11
2910.0,2.7e-05,1.9e-05,0.05577737410608148,0.04789131747018326,0.041950661486969146,0.055440282471566786,0.048551633027750556,0.042295794894073674,2.3601015916836354e-05,2.048415029739773e-05,3.6840399925396774e-05,1,proc_k2_restrict,11
2911.0,2.7e-05,1.9e-05,0.05600303805796608,0.04809823550646143,0.04212614921687418,0.055717815259955436,0.04712044646019991,0.04162159202092754,2.362905020981327e-05,2.0538266694298395e-05,3.691737476800055e-05,1,proc_k2_restrict,11
2912.0,2.7e-05,1.9e-05,0.05622684008775828,0.048303425935964976,0.04230012214590212,0.05581307454963607,0.04876680726723911,0.04216611356539423,2.3656850770325807e-05,2.0591875905310803e-05,3.699352706942524e-05,1,proc_k2_restrict,11
2913.0,2.7e-05,1.9e-05,0.056448795735134054,0.04850690715213528,0.042472600715009225,0.05736043254121555,0.04867818742478048,0.04311344927482217,2.368441416616357e-05,2.064497837894454e-05,3.706887081916792e-05,1,proc_k2_restrict,11
2914.0,2.7e-05,1.9e-05,0.05666892148710408,0.04870869535291189,0.042643605826894304,0.057427094788989524,0.049661807236581604,0.04278279060195518,2.371174165493254e-05,2.069756998784336e-05,3.7143420040893994e-05,1,proc_k2_restrict,11
2915.0,2.7e-05,1.9e-05,0.056887234388566375,0.04890880552650551,0.042813158196362854,0.05763128155725727,0.04886026279041477,0.042486376433496106,2.373883711105249e-05,2.0749644869795635e-05,3.721718851274944e-05,1,proc_k2_restrict,11
2916.0,2.7e-05,1.9e-05,0.057103749628098666,0.04910725747436724,0.042981274385296114,0.056470419581476326,0.04961917911380252,0.04322142614347451,2.376569447338659e-05,2.080121240570539e-05,3.729018805271214e-05,1,proc_k2_restrict,11
2917.0,2.7e-05,1.9e-05,0.0573184822445087,0.049304071234415436,0.04314797000375992,0.0576249433978607,0.04991928471323598,0.041983430536044246,2.379230712782826e-05,2.0852283858696646e-05,3.73624299263391e-05,1,proc_k2_restrict,11
2918.0,2.7e-05,1.9e-05,0.05753144800273531,0.0494992647934822,0.043313261338851494,0.05735739466787855,0.049877519471488496,0.043413043069784975,2.38186726002094e-05,2.090286573672318e-05,3.743392555832448e-05,1,proc_k2_restrict,11
2919.0,2.7e-05,1.9e-05,0.057742663366098214,0.0496928541572441,0.043477165311504716,0.057430962226828516,0.04966149679534474,0.04398038350792649,2.384479238827178e-05,2.0952960042730577e-05,3.750468651462671e-05,1,proc_k2_restrict,11
2920.0,2.7e-05,1.9e-05,0.057952145496298034,0.0498848533502222,0.04363969947649009,0.05789480785209454,0.049971312140128045,0.0426540978925593,2.387067193988532e-05,2.1002564329372888e-05,3.757472450340356e-05,1,proc_k2_restrict,11
2921.0,2.7e-05,1.9e-05,0.05815991158802128,0.050075276018534835,0.043800881003867705,0.0582780949625197,0.04929426177861167,0.043965547744516456,2.3896317279948526e-05,2.1051676148847834e-05,3.7644050938254294e-05,1,proc_k2_restrict,11
2922.0,2.7e-05,1.9e-05,0.05836597660101376,0.0502641408066367,0.04396072327279836,0.05843193887106294,0.05061333477530166,0.04393725648622119,2.3921723721931922e-05,2.1100307752496634e-05,3.771267548208894e-05,1,proc_k2_restrict,11
2923.0,2.7e-05,1.9e-05,0.05857035555587477,0.05045146574865346,0.04411923954197572,0.058057572085888874,0.05075484122842299,0.04423786247457969,2.3946887581973055e-05,2.11484704276707e-05,3.7780607636550194e-05,1,proc_k2_restrict,11
2924.0,2.7e-05,1.9e-05,0.058773064047289804,0.05063726705436905,0.04427644376874821,0.058624427396700735,0.05024257458049377,0.04476222273345451,2.397180871782475e-05,2.119617112381317e-05,3.78478570953218e-05,1,proc_k2_restrict,11
2925.0,2.7e-05,1.9e-05,0.05897411823010635,0.05082155914333804,0.044432350587848515,0.05934934730920384,0.05103313392557724,0.04481816931150029,2.3996490439575103e-05,2.124341259523375e-05,3.7914433735090565e-05,1,proc_k2_restrict,11
2926.0,2.7e-05,1.9e-05,0.05917353481933392,0.051004354644885654,0.04458697531139359,0.05993713264637522,0.05146781250857982,0.044093630849952006,2.4020939492068787e-05,2.1290193448703357e-05,3.798034761568848e-05,1,proc_k2_restrict,11
2927.0,2.7e-05,1.9e-05,0.0593713304845379,0.05118566581697121,0.044740333047316734,0.05964631271121947,0.05131073928812688,0.044880964703922735,2.4045163064524446e-05,2.133651199672137e-05,3.8045608605428524e-05,1,proc_k2_restrict,11
2928.0,2.7e-05,1.9e-05,0.0595675195917188,0.05136550976547737,0.044892435462193216,0.05932497717391149,0.050535491776374925,0.0444508355882503,2.406915781756986e-05,2.138238022741076e-05,3.811022501040858e-05,1,proc_k2_restrict,11
2929.0,2.7e-05,1.9e-05,0.05976211645456853,0.05154390316201957,0.04504329412106715,0.06068842124539994,0.052412741728739366,0.044686262208135194,2.4092920978563766e-05,2.1427809448950955e-05,3.817420500453022e-05,1,proc_k2_restrict,11
2930.0,2.7e-05,1.9e-05,0.05995513588246634,0.051720861013761436,0.0451929212791956,0.06041076676574595,0.05161033970789496,0.04506531333228838,2.41164529424699e-05,2.147280697374831e-05,3.8237556966930896e-05,1,proc_k2_restrict,11
2931.0,2.7e-05,1.9e-05,0.06014659316254682,0.051896396706483404,0.04534132985558653,0.060039556572126465,0.05211095603287425,0.04544811772055704,2.4139757167060967e-05,2.1517376276222617e-05,3.830028947047619e-05,1,proc_k2_restrict,11
2932.0,2.7e-05,1.9e-05,0.06033650405969997,0.05207052200458268,0.04548853343299872,0.05968063936451572,0.051355409001155004,0.04623234287161717,2.416284015833082e-05,2.1561517033551202e-05,3.8362411281553874e-05,1,proc_k2_restrict,11
2933.0,2.7e-05,1.9e-05,0.06052488454773438,0.05224324767126232,0.045634545878270955,0.059556765039447714,0.05154521576357387,0.04576137231536352,2.4185710158252008e-05,2.160522679914669e-05,3.842393120005729e-05,1,proc_k2_restrict,11
2934.0,2.7e-05,1.9e-05,0.060711748509167975,0.05241458871689633,0.04577937812931523,0.06155032255715871,0.052238898022544215,0.04593016392739044,2.4208366125117382e-05,2.1648514827166057e-05,3.8484856709979284e-05,1,proc_k2_restrict,11
2935.0,2.7e-05,1.9e-05,0.06089710923143316,0.05258456093845794,0.04592304034337864,0.06139048580200298,0.052503276966583926,0.04577144134915788,2.4230805001679702e-05,2.169139282461227e-05,3.854519489264074e-05,1,proc_k2_restrict,11
2936.0,2.7e-05,1.9e-05,0.06108098046872553,0.05275317855669192,0.04606554336744677,0.060939599517910836,0.05270171844178923,0.04641887678618286,2.425302671112944e-05,2.1733868700412348e-05,3.860495304708353e-05,1,proc_k2_restrict,11
2937.0,2.7e-05,1.9e-05,0.0612633763986745,0.052920454321105155,0.04620689867485375,0.06145863271437962,0.052804837246319625,0.04555880786897922,2.427503392753299e-05,2.1775946877369742e-05,3.866413866295225e-05,1,proc_k2_restrict,11
2938.0,2.7e-05,1.9e-05,0.06144431162234335,0.053086399509966666,0.046347118365282346,0.060911122493373375,0.05345238491438445,0.0460815751650717,2.429683206348906e-05,2.1817628326913602e-05,3.8722759420137973e-05,1,proc_k2_restrict,11
2939.0,2.7e-05,1.9e-05,0.06162380115056084,0.05325102396168373,0.046486215145764655,0.06220166862101439,0.05352435453797774,0.04764771304530093,2.4318429192790564e-05,2.1858910683883494e-05,3.8780823180527525e-05,1,proc_k2_restrict,11
2940.0,2.7e-05,1.9e-05,0.061801858877225384,0.05341433953488111,0.046624200232711015,0.06136115623627513,0.05415480129958787,0.046208224391181496,2.433982880359804e-05,2.1899797240862257e-05,3.883833711395181e-05,1,proc_k2_restrict,11
2941.0,2.7e-05,1.9e-05,0.06197849702022765,0.05357636132008889,0.046761082626461156,0.06150220373949375,0.053930127342522,0.04655197967186692,2.4361027251990035e-05,2.1940300013635046e-05,3.889530740266237e-05,1,proc_k2_restrict,11
2942.0,2.7e-05,1.9e-05,0.062153728173989946,0.053737103060237,0.04689687191092309,0.06279744476360496,0.05357426569437354,0.0467948233338017,2.438202339910694e-05,2.1980427806081033e-05,3.8951740412157055e-05,1,proc_k2_restrict,11
2943.0,2.7e-05,1.9e-05,0.06232756531648497,0.0538965771612491,0.047031578250815116,0.06192758898857528,0.05414347729372729,0.04781846191346144,2.440281859500292e-05,2.2020186262649394e-05,3.900764268957994e-05,1,proc_k2_restrict,11
2944.0,2.7e-05,1.9e-05,0.06250002180923582,0.05405479469204258,0.0471652123916659,0.06247681523715024,0.05456093762442908,0.04755619419829931,2.44234166680584e-05,2.205957789805158e-05,3.906302096330418e-05,1,proc_k2_restrict,11
2945.0,2.7e-05,1.9e-05,0.06267111139731596,0.05421176538452854,0.047297785659814386,0.06324807464560178,0.055331162617753615,0.04771774417360082,2.444382391474789e-05,2.209860212583616e-05,3.91178821425439e-05,1,proc_k2_restrict,11
2946.0,2.7e-05,1.9e-05,0.06284084777441654,0.05436749860416425,0.047429309377076845,0.06295592088663689,0.054153251539779755,0.047613195882339865,2.4464047060804548e-05,2.213725776801719e-05,3.9172233075278435e-05,1,proc_k2_restrict,11
2947.0,2.7e-05,1.9e-05,0.06300924239750547,0.05452200823543032,0.04755979192157573,0.06361655726119207,0.05498664176050195,0.04676814016638745,2.4484083060953946e-05,2.2175555521343255e-05,3.9226079337501385e-05,1,proc_k2_restrict,11
2948.0,2.7e-05,1.9e-05,0.06317630749762249,0.05467530597886902,0.04768924278265558,0.06264894620510734,0.05446689104973858,0.04722396119234515,2.4503933138837012e-05,2.2213500752356615e-05,3.9279426912665654e-05,1,proc_k2_restrict,11
2949.0,2.7e-05,1.9e-05,0.0633418218100356,0.054810373215534024,0.04703467494207393,0.06331229415351425,0.05510939106269643,0.04724144912649276,2.4547775400773802e-05,2.3435296466036723e-05,6.724447620125465e-05,0,normal,-1
2950.0,2.7e-05,1.9e-05,0.06349886380274437,0.0548131230648114,0.04549632899347746,0.06391602792053527,0.05436437176932224,0.04513144422203578,2.476875531393699e-05,2.5652754215609255e-05,6.613566418185378e-05,0,normal,-1
2951.0,2.7e-05,1.9e-05,0.06363661191028565,0.054707729094121874,0.04415496912415828,0.06380791812062897,0.055236905163358725,0.04441281654998966,2.511304145401906e-05,2.7301328579365297e-05,6.515343752756511e-05,0,normal,-1
2952.0,2.7e-05,1.9e-05,0.06374915848795577,0.05453096669679795,0.04297210133190361,0.06381332684132233,0.05436563054391973,0.042668275527871995,2.5516647949780928e-05,2.8573165355858237e-05,6.427481526886366e-05,0,normal,-1
2953.0,2.7e-05,1.9e-05,0.06383394061481784,0.05430654578876272,0.041920248830662775,0.06366556839419231,0.054228795033597815,0.04168476636459428,2.594106688927665e-05,2.9578183290129826e-05,6.348329608709884e-05,0,normal,-1
2954.0,2.7e-05,1.9e-05,0.0638904045152816,0.054050342356923846,0.040978718461238864,0.06377125967038341,0.05502066250592574,0.04099071568597083,2.6363293996940624e-05,3.0385439588724428e-05,6.276632883502573e-05,0,normal,-1
2955.0,2.7e-05,1.9e-05,0.06391918660545663,0.05377326435132569,0.040131339147666985,0.0637032164372875,0.05429959024564414,0.041136749459324114,2.6769885704906858e-05,3.1041205855843e-05,6.211398138083252e-05,0,normal,-1
2956.0,2.7e-05,1.9e-05,0.06392160437309523,0.05348295122150138,0.03936512395530394,0.06425943064915214,0.052664550088915484,0.039677053743222286,2.7153322990075758e-05,3.1578004615017354e-05,6.151816225160672e-05,0,normal,-1
2957.0,2.7e-05,1.9e-05,0.06389934434971266,0.05318481908458023,0.038669432345740995,0.06334168012927234,0.052885781085774124,0.038063242177013595,2.7509786413689828e-05,3.201953772523415e-05,6.0972140251551345e-05,0,normal,-1
2958.0,2.7e-05,1.9e-05,0.0638542669359039,0.052882735959028586,0.03803541170378279,0.06383342917263299,0.05294517401218757,0.037751692412430544,2.7837765283130348e-05,3.238357927710464e-05,6.0470227470865944e-05,0,normal,-1
2959.0,2.7e-05,1.9e-05,0.06378827876086027,0.05257948943403243,0.03745559271839567,0.06400067108235859,0.052617491304641065,0.03737729147512197,2.813714995752953e-05,3.26838044422441e-05,6.000754763161984e-05,0,normal,-1
2960.0,2.7e-05,1.9e-05,0.06370326553937627,0.05227707588390961,0.036923622132036725,0.06360138377387564,0.052070309759499375,0.037100651976048185,2.8408706900260726e-05,3.29309147367984e-05,5.957988909464122e-05,0,normal,-1
2961.0,2.7e-05,1.9e-05,0.06360104195013887,0.05197692677511895,0.036434044114906056,0.06395474895041088,0.051976923409137156,0.036324709059135235,2.8653699639697612e-05,3.313344063112307e-05,5.918357992821014e-05,0,normal,-1
2962.0,2.7e-05,1.9e-05,0.06348332854132774,0.05168005745480599,0.03598214205428449,0.06316310060556814,0.05196330269694132,0.035459529641123845,2.887366695421979e-05,3.3298275639582826e-05,5.881539911294323e-05,0,normal,-1
2963.0,2.7e-05,1.9e-05,0.06335173874161146,0.051387171573553006,0.03556382084297575,0.06380986829819539,0.05222103978525606,0.035322781924700127,2.9070282217658373e-05,3.3431047079057116e-05,5.847251156057864e-05,0,normal,-1
2964.0,2.7e-05,1.9e-05,0.06320777218132502,0.05109874909687703,0.035175499251705086,0.06389456410019896,0.05058427381411884,0.03511916732918823,2.924524779345749e-05,3.353641279362158e-05,5.815240448219165e-05,0,normal,-1
2965.0,2.7e-05,1.9e-05,0.06305281596505458,0.0508150952451391,0.034814042708456665,0.06275313496700546,0.05069057453145931,0.03477506344652803,2.940024982698395e-05,3.3618244195242466e-05,5.785285159700952e-05,0,normal,-1
2966.0,2.7e-05,1.9e-05,0.0628881465756477,0.050536391933434635,0.03447668947788225,0.0625751682530928,0.05105441186716156,0.03487561427660448,2.953691138031858e-05,3.367979964074276e-05,5.7571867895914615e-05,0,normal,-1
2967.0,2.7e-05,1.9e-05,0.06271493434085608,0.050262726234138716,0.034161004291802424,0.061944729962190886,0.051061685588540115,0.03380120610184521,2.9656776004711988e-05,3.3723831695569486e-05,5.7307683870536086e-05,0,normal,-1
2968.0,2.7e-05,1.9e-05,0.06253425072228616,0.0499941135841924,0.033864834663779854,0.06267535054745904,0.050449476187683244,0.03349006274825737,2.976129980927981e-05,3.37526773561236e-05,5.7058719534410056e-05,0,normal,-1
2969.0,2.7e-05,1.9e-05,0.06234707202459709,0.04973052422598511,0.03358626602764056,0.06341252095911712,0.0489747496090009,0.03187192110858242,2.985183418337241e-05,3.37683467920103e-05,5.6823555356606366e-05,0,normal,-1
2970.0,2.7e-05,1.9e-05,0.06215428881837595,0.04947188389937674,0.03332360704110156,0.061996850449667525,0.04921165746930195,0.033722770598797365,2.9929644572542996e-05,3.3772549371548674e-05,5.660092696871158e-05,0,normal,-1
2971.0,2.7e-05,1.9e-05,0.06195670990386023,0.04921810073306578,0.03307534187854493,0.06193366828535011,0.04866883962463121,0.033137062509804804,2.999589043438373e-05,3.37667786946359e-05,5.6389690702463985e-05,0,normal,-1
2972.0,2.7e-05,1.9e-05,0.06175506978563015,0.048969059426442085,0.03284012767149455,0.06085635194897279,0.049126726134808923,0.0327812746795482,3.005164693806599e-05,3.3752314109042275e-05,5.618882623869397e-05,0,normal,-1
2973.0,2.7e-05,1.9e-05,0.06155003473736371,0.048724634852884814,0.03261676325438882,0.061190040560009824,0.04932478659027575,0.03311697919268212,3.0097901000576655e-05,3.373027107428828e-05,5.599741409878168e-05,0,normal,-1
2974.0,2.7e-05,1.9e-05,0.061342207654410626,0.04848469860929381,0.03240417049121973,0.061793337027722404,0.04776635166558885,0.03155041402096108,3.0135553402496048e-05,3.370162996111328e-05,5.581462301838903e-05,0,normal,-1
2975.0,2.7e-05,1.9e-05,0.06113213358310942,0.04824911368202386,0.0322013937742619,0.06168460927553415,0.04716102556296255,0.03192485603529881,3.016543488255184e-05,3.366723262350267e-05,5.563971238845498e-05,0,normal,-1
2976.0,2.7e-05,1.9e-05,0.06092030542329416,0.04801774672886658,0.032007570133531664,0.061379657540587884,0.04724782469551055,0.03225850579569679,3.0188301139759565e-05,3.362782766224567e-05,5.5472008954944716e-05,0,normal,-1
2977.0,2.7e-05,1.9e-05,0.06070716756516808,0.04779046623433595,0.03182192582518584,0.06133061829129733,0.047592848392291026,0.03269329140617715,3.0204841472839e-05,3.358407280511241e-05,5.531090584126892e-05,0,normal,-1
2978.0,2.7e-05,1.9e-05,0.06049311975955947,0.04756714038646316,0.03164377314986587,0.06037761584424834,0.04805943533724223,0.031780248298343305,3.021568756590752e-05,3.353653641411617e-05,5.5155861547815616e-05,0,normal,-1
2979.0,2.7e-05,1.9e-05,0.06027852274888995,0.04734764448458515,0.03147248793934926,0.060063865270172725,0.04693173479526506,0.031442035456209855,3.0221412832036437e-05,3.34857291559121e-05,5.5006381861681823e-05,0,normal,-1
2980.0,2.7e-05,1.9e-05,0.060063700518301726,0.04713185860534979,0.031307509299408176,0.0610202975724544,0.046452188474844586,0.03131570624720161,3.0222538907173586e-05,3.34321019407585e-05,5.486202082521663e-05,0,normal,-1
2981.0,2.7e-05,1.9e-05,0.05984894266521384,0.04691966552129729,0.031148338879273884,0.05946507796099077,0.04685573126644321,0.030695725421271126,3.0219541744194494e-05,3.3376044453760504e-05,5.4722381190657566e-05,0,normal,-1
2982.0,2.7e-05,1.9e-05,0.0596345098902492,0.046710955157235445,0.03099452313020904,0.059595515711041255,0.04649056317818173,0.0313418499529795,3.021285352134465e-05,3.331790850177918e-05,5.4587099801070556e-05,0,normal,-1
2983.0,2.7e-05,1.9e-05,0.05942063564131285,0.04650562374287436,0.030845651606992094,0.05937736119984159,0.04672587701899446,0.03166539958066055,3.0202866095960283e-05,3.325800883849838e-05,5.445584683202536e-05,0,normal,-1
2984.0,2.7e-05,1.9e-05,0.05920752689947972,0.04630357094728128,0.030701360407951885,0.05901685795052964,0.0469573751733816,0.03091761277834459,3.0189935687504872e-05,3.319661631573185e-05,5.432832950588191e-05,0,normal,-1
2985.0,2.7e-05,1.9e-05,0.05899536876120647,0.04610470239648928,0.030561319216371695,0.05888610079635356,0.04572272499004216,0.030924633677290977,3.0174385605554665e-05,3.3133974116879875e-05,5.420428125917308e-05,0,normal,-1
2986.0,2.7e-05,1.9e-05,0.05878432680773793,0.04590892986107096,0.030425226407971993,0.05867855541651855,0.04602438838204796,0.03076295853291474,3.01565090343193e-05,3.3070303027025415e-05,5.40834578814041e-05,0,normal,-1
2987.0,2.7e-05,1.9e-05,0.058574547173677834,0.04571616932836039,0.03029281219901712,0.05872142438252955,0.045199551989734084,0.030826118072092876,3.013657153643164e-05,3.300579586617741e-05,5.396564072805129e-05,0,normal,-1
2988.0,2.7e-05,1.9e-05,0.058366158035679974,0.045526341149639465,0.03016383559640644,0.05828864957276723,0.04529871010323832,0.03044783072849433,3.011481273883026e-05,3.294062070204438e-05,5.385063441192984e-05,0,normal,-1
2989.0,2.7e-05,1.9e-05,0.05815927379809716,0.045339370554497035,0.03003807536224896,0.058706135357506975,0.04479930110881724,0.030357995265006345,3.009145071115655e-05,3.287493090515729e-05,5.373825908210919e-05,0,normal,-1
2990.0,2.7e-05,1.9e-05,0.05795399559593122,0.04515518731584133,0.02991532959168399,0.05781984457564141,0.04495735595098998,0.0301095175474966,3.0066682996953773e-05,3.280886512472934e-05,5.362835030359703e-05,0,normal,-1
2991.0,2.7e-05,1.9e-05,0.05775041070688283,0.04497372464454624,0.02979541877452116,0.05767811184522676,0.04479580966348795,0.030188715022145898,3.0040687241721986e-05,3.274254266564543e-05,5.3520762047498125e-05,0,normal,-1
2992.0,2.7e-05,1.9e-05,0.05754859462547508,0.0447949195886893,0.029678181088855865,0.057677244014099405,0.04498288718727675,0.02987514697258521,3.0013623160129356e-05,3.267606882292047e-05,5.341536271074479e-05,0,normal,-1
2993.0,2.7e-05,1.9e-05,0.057348614025432426,0.04461871261150353,0.02956346726319374,0.05658521029600518,0.04460938242913868,0.030028702174831813,2.998563650597775e-05,3.260953985326713e-05,5.3312030684911264e-05,0,normal,-1
2994.0,2.7e-05,1.9e-05,0.057150526907071064,0.04444504742982422,0.02945114055678313,0.05681107084647421,0.04415801545238236,0.029483378118473614,2.9956859422123994e-05,3.2543042731997855e-05,5.3210654486183653e-05,0,normal,-1
2995.0,2.7e-05,1.9e-05,0.05695438176824487,0.04427387063727168,0.029341079067337173,0.05730656704244163,0.04374996381759225,0.02970547861200394,2.992740988129274e-05,3.247665213915397e-05,5.311113498481897e-05,0,normal,-1
2996.0,2.7e-05,1.9e-05,0.05676021877756914,0.044105131890439166,0.029233173128412792,0.05693973230252844,0.04520305457711087,0.0289877189464673,2.9897392812948834e-05,3.241043337074416e-05,5.3013383199144625e-05,0,normal,-1
2997.0,2.7e-05,1.9e-05,0.05656807258572223,0.04393878310151999,0.02912732107810461,0.0566134588004977,0.04398532198222084,0.028621894359701812,2.9866904339890545e-05,3.234444597821819e-05,5.291731657791069e-05,0,normal,-1
2998.0,2.7e-05,1.9e-05,0.05637797248158716,0.04377477835242361,0.029023429092468418,0.0565876918786683,0.04321063068482845,0.029105844356759964,2.983603203730482e-05,3.2278743794162056e-05,5.282285893523493e-05,0,normal,-1
2999.0,2.7e-05,1.9e-05,0.056189942044107294,0.043613073817856944,0.02892141201802513,0.05563161299908752,0.04417244267757395,0.028370090549570234,2.9804854580361816e-05,3.2213373872441874e-05,5.272994129134699e-05,0,normal,-1
3000.0,2.7e-05,1.9e-05,0.056003998208173596,0.043453628376986325,0.028821194249332733,0.05610846790644212,0.04279022231590121,0.02862191890592562,2.9773439873760295e-05,3.2148376122355366e-05,5.263850275931441e-05,0,normal,-1
3001.0,2.7e-05,1.9e-05,0.05582015412687358,0.043296402570441664,0.028722705766157992,0.05550856915775877,0.04361362410504973,0.028830151863737156,2.9741849638748075e-05,3.208378644549556e-05,5.2548487009112805e-05,0,normal,-1
3002.0,2.7e-05,1.9e-05,0.05563841990588478,0.04314135819092436,0.028625881350592363,0.0558434889849307,0.043628367836266675,0.02897546669540745,2.9710140744383635e-05,3.201963710266451e-05,5.245984160558673e-05,0,normal,-1
3003.0,2.7e-05,1.9e-05,0.05545880260894351,0.042988458272961785,0.02853066059317617,0.056283920061167045,0.04270024806541282,0.02784547911349639,2.9678365203276633e-05,3.195595665472429e-05,5.237251806154418e-05,0,normal,-1
3004.0,2.7e-05,1.9e-05,0.05528130552898401,0.042837667489786374,0.028436988701641977,0.05466090327312988,0.043621017140339155,0.02788213317507758,2.9646568806265042e-05,3.189276946525991e-05,5.2286472627233676e-05,0,normal,-1
3005.0,2.7e-05,1.9e-05,0.055105927640958806,0.042688952864397535,0.02834481644040478,0.05589701718052833,0.04449220452778381,0.028328888052454086,2.9614789589292642e-05,3.1830096510998146e-05,5.220166628516407e-05,0,normal,-1
3006.0,2.7e-05,1.9e-05,0.054932666065224275,0.04254228225590206,0.028254097716638043,0.05462597609134854,0.04227661465940263,0.027696548011448364,2.9583062539568936e-05,3.176795634562123e-05,5.211806257222296e-05,0,normal,-1
3007.0,2.7e-05,1.9e-05,0.05476151641692765,0.0423976240969751,0.028164789316341286,0.055025414693967434,0.042631318101359506,0.027618898480171978,2.955142031007796e-05,3.170636507431478e-05,5.203562736524293e-05,0,normal,-1
3008.0,2.7e-05,1.9e-05,0.05459247280600693,0.04225494739386016,0.02807685090434009,0.054109855174158235,0.04192177662978292,0.02807059223294501,2.9519893206289734e-05,3.164533632698161e-05,5.1954328907622774e-05,0,normal,-1
3009.0,2.7e-05,1.9e-05,0.05442552749852072,0.04211422201279727,0.02799024522915714,0.054266453377411025,0.04185182922908398,0.028511417582549263,2.94885084239203e-05,3.158488132290621e-05,5.1874138025038154e-05,0,normal,-1
3010.0,2.7e-05,1.9e-05,0.054260669494871974,0.04197542020752612,0.027904938466448804,0.05369103050401568,0.0420100090012092,0.027744471752467786,2.945728649525975e-05,3.152501017185836e-05,5.1795028470765955e-05,0,normal,-1
3011.0,2.7e-05,1.9e-05,0.054097886446646544,0.04183851510411777,0.027820898889643876,0.05473211329606892,0.04215600353302924,0.027800231657044212,2.942624537153003e-05,3.1465731653033594e-05,5.171697571835174e-05,0,normal,-1
3012.0,2.7e-05,1.9e-05,0.053937165477356525,0.04170347991846001,0.027738096513425712,0.054968073714689425,0.04148483729165167,0.027457757027816686,2.939540233431035e-05,3.140705272171177e-05,5.1639956648003894e-05,0,normal,-1
3013.0,2.7e-05,1.9e-05,0.053778493182640684,0.041570287956018456,0.0276565030937212,0.053505094352082526,0.04143611043942308,0.027392859256932755,2.936477399141327e-05,3.134897849043538e-05,5.156394956191941e-05,0,normal,-1
3014.0,2.7e-05,1.9e-05,0.0536218556302173,0.04143891261167693,0.027576092128012642,0.053457147242114054,0.04161648866695808,0.02734580739495398,2.933437627231135e-05,3.129151221021726e-05,5.148893419952369e-05,0,normal,-1
3015.0,2.7e-05,1.9e-05,0.05346723775203781,0.04130932808598445,0.02749683888764748,0.05407879681434708,0.04196255365643422,0.027073973605439935,2.9304222827652007e-05,3.123465602591033e-05,5.14148917822517e-05,0,normal,-1
3016.0,2.7e-05,1.9e-05,0.05331462208476104,0.041181511169024014,0.027418720027813828,0.05292043975418215,0.041405918026892044,0.02738927137964313,2.9274321344829457e-05,3.1178413427978625e-05,5.134180466280832e-05,0,normal,-1
3017.0,2.7e-05,1.9e-05,0.05316399073173967,0.041055439023270156,0.027341713305683482,0.05252029022080838,0.040534075578698085,0.0269475603679232,2.9244678563332148e-05,3.112278706807252e-05,5.1269656072396266e-05,0,normal,-1
3018.0,2.7e-05,1.9e-05,0.053015325845043586,0.040931088568982484,0.02726579761664162,0.053370639106535944,0.04108048679592416,0.02735797665804862,2.9215301594930484e-05,3.10677780110799e-05,5.1198430164104566e-05,0,normal,-1
3019.0,2.7e-05,1.9e-05,0.05286860962545983,0.040808436484205644,0.027190952994286817,0.05288026525416065,0.0402179862450967,0.027489898986715198,2.9186197924927896e-05,3.101338572068433e-05,5.112811202229891e-05,0,normal,-1
3020.0,2.7e-05,1.9e-05,0.05272382432249261,0.040687459204769356,0.02711716061043102,0.05337997378087709,0.04109431017210739,0.0277843786106163,2.9157375413350033e-05,3.095960804524672e-05,5.1058687671792134e-05,0,normal,-1
3021.0,2.7e-05,1.9e-05,0.05258095208698489,0.04056813313127049,0.02704440272591823,0.05258641609803007,0.04054504450473588,0.026464471067541916,2.9128841866439177e-05,3.090644149673075e-05,5.099014404043518e-05,0,normal,-1
3022.0,2.7e-05,1.9e-05,0.0524399733446393,0.04045043710499162,0.02697266187754359,0.051577770253150315,0.04028131631789861,0.026238067073860862,2.910060005702279e-05,3.085388500440599e-05,5.092246820003215e-05,0,normal,-1
3023.0,2.7e-05,1.9e-05,0.052300867646449326,0.04033435141080123,0.02690192084648126,0.05328542842791132,0.04005931346685182,0.02657721122531228,2.9072649943826866e-05,3.080193882889595e-05,5.085564733969095e-05,0,normal,-1
3024.0,2.7e-05,1.9e-05,0.05216361486581253,0.04021985594395522,0.026832163242287932,0.05198674601786483,0.04046166803263912,0.02640107163880548,2.9044992342375056e-05,3.0750601797430955e-05,5.078966932149763e-05,0,normal,-1
3025.0,2.7e-05,1.9e-05,0.052028195208945534,0.04010693018381586,0.026763373521715303,0.05234832983816362,0.0402262146722676,0.02612240176733775,2.9017628973693895e-05,3.069987124007992e-05,5.072452270480883e-05,0,normal,-1
3026.0,2.7e-05,1.9e-05,0.051894589214884046,0.039995553193851806,0.026695536988710074,0.051925324666541185,0.040152229412908115,0.026923462491484293,2.8990562468457717e-05,3.064974297774079e-05,5.0660196752683556e-05,0,normal,-1
3027.0,2.7e-05,1.9e-05,0.05176277775548284,0.039885703621638104,0.02662863979441396,0.05113011257406263,0.04000406369014048,0.02556864752466324,2.8963796371016722e-05,3.060021131045496e-05,5.0596681438167166e-05,0,normal,-1
3028.0,2.7e-05,1.9e-05,0.05163274180353068,0.03977736008853443,0.026562668755909794,0.05072969955743078,0.0397096594296169,0.02533642451046783,2.8937334384728932e-05,3.0551269666021134e-05,5.0533967278016634e-05,0,normal,-1
3029.0,2.7e-05,1.9e-05,0.05150446073975825,0.03967050416006549,0.026497609869113526,0.052117108930533354,0.03956177342945597,0.026979208688870087,2.8911174675838733e-05,3.0502915755031014e-05,5.04720439213317e-05,0,normal,-1
3030.0,2.7e-05,1.9e-05,0.051377913675956274,0.03956511823535705,0.026433449159132996,0.05167412792441798,0.03979079181106418,0.026266631308131016,2.888531404642166e-05,3.045514817221971e-05,5.041090095664556e-05,0,normal,-1
3031.0,2.7e-05,1.9e-05,0.05125308018357098,0.039461184224568825,0.02637017335035259,0.05218414267294567,0.03952301187925542,0.026367661884856796,2.885975043856478e-05,3.0407964089488813e-05,5.035052855289801e-05,0,normal,-1
3032.0,2.7e-05,1.9e-05,0.051129940261404584,0.039358683596752556,0.026307769848670136,0.051219886511997346,0.03994284753557904,0.026557562692951404,2.8834482841516375e-05,3.0361359321587654e-05,5.029091744750188e-05,0,normal,-1
3033.0,2.7e-05,1.9e-05,0.05100847433561532,0.039257597379852044,0.02624622674149692,0.051102481372478484,0.03881484796949002,0.0266556315472949,2.8809511296435967e-05,3.0315328316353413e-05,5.023205895117212e-05,0,normal,-1
3034.0,2.7e-05,1.9e-05,0.05088866325971741,0.039157906160703145,0.026185532797757673,0.05069301062441558,0.03910622801889083,0.025792504285271158,2.878483690100702e-05,3.0269864145244596e-05,5.0173944952642775e-05,0,normal,-1
3035.0,2.7e-05,1.9e-05,0.05077048818830098,0.03905959031981576,0.026125677331607304,0.04996920568182765,0.039107081860200066,0.026097404720363017,2.876046137054912e-05,3.0224958927732884e-05,5.011656779255801e-05,0,normal,-1
3036.0,2.7e-05,1.9e-05,0.05065392909889714,0.03896263285462176,0.026066648523710587,0.051020100476135685,0.0388659119803867,0.024988884668484757,2.8736381754244197e-05,3.0180609093603763e-05,5.005991865527239e-05,0,normal,-1
3037.0,2.7e-05,1.9e-05,0.050538965683704945,0.03886701780155706,0.026008434265599973,0.05043144211823959,0.0386541858547306,0.02558125845600704,2.8712593453254433e-05,3.013681257717413e-05,5.0003988375191135e-05,0,normal,-1
3038.0,2.7e-05,1.9e-05,0.05042557812980227,0.038772728699118936,0.025951023070833332,0.05044159780708643,0.03878351548640604,0.025965533454272084,2.8689093066669527e-05,3.009356595581635e-05,4.99487683129802e-05,0,normal,-1
3039.0,2.7e-05,1.9e-05,0.05031374706766827,0.03867974867503845,0.025894404027569207,0.0503885062269784,0.03877492805241914,0.026403942395545946,2.8665878226006435e-05,3.0050864598877144e-05,4.989425031406373e-05,0,normal,-1
3040.0,2.7e-05,1.9e-05,0.05020345357118338,0.03858806044628044,0.02583856679856681,0.050852133175250405,0.03895719208406123,0.026220846852860226,2.8642947599682276e-05,3.0008702659817017e-05,4.984042671246521e-05,0,normal,-1
3041.0,2.7e-05,1.9e-05,0.05009467915762932,0.03849764631904353,0.02578350162118602,0.05001661886378714,0.03835615489130224,0.026613470232194382,2.8620300897352418e-05,2.9967073068604345e-05,4.9787290334558095e-05,0,normal,-1
3042.0,2.7e-05,1.9e-05,0.04998740575674006,0.03840848824939371,0.02572919926849217,0.049654272036469604,0.03824818241998996,0.025400505154564244,2.859793876101715e-05,2.9925967641816323e-05,4.97348344651342e-05,0,normal,-1
3043.0,2.7e-05,1.9e-05,0.04988161460814931,0.038320570053052824,0.025675649619206667,0.049883541394685656,0.037870559477003206,0.026800595292633858,2.857585867503504e-05,2.9885381377580273e-05,4.968305146718839e-05,0,normal,-1
3044.0,2.7e-05,1.9e-05,0.0497772864259366,0.03823387715988622,0.02562284177799042,0.05072672440308511,0.038563349216158394,0.02509074747965162,2.855405546117172e-05,2.984531204551335e-05,4.963193289458353e-05,0,normal,-1
3045.0,2.7e-05,1.9e-05,0.04967440240584258,0.03814839454595875,0.0255707654037869,0.04982877779251473,0.03889162455009274,0.025035726919691467,2.853252507506678e-05,2.9805756181816332e-05,4.9581470776785805e-05,0,normal,-1
3046.0,2.7e-05,1.9e-05,0.04957294417520333,0.03806410681559771,0.025519410659335728,0.04963722046099924,0.03827438718127093,0.025695090150274855,2.851126444729634e-05,2.976670923883082e-05,4.953165757338652e-05,0,normal,-1
3047.0,2.7e-05,1.9e-05,0.04947289379295038,0.037980998201392766,0.025468768211172683,0.049322566375959095,0.03764716128067097,0.024613779859615964,2.849027148734981e-05,2.9728165578609536e-05,4.9482486177290245e-05,0,normal,-1
3048.0,2.7e-05,1.9e-05,0.04937423374961066,0.03789905256419605,0.025418829229629698,0.04922478507094384,0.03750733754271251,0.02591253816179552,2.846954508748261e-05,2.9690118466706905e-05,4.9433949917826106e-05,0,normal,-1
3049.0,2.7e-05,1.9e-05,0.04927694696730657,0.037818253393122093,0.025369585388834853,0.048750891147973645,0.03734436081470712,0.02493298892316172,2.844908512644647e-05,2.9652560066186804e-05,4.938604256378319e-05,0,normal,-1
3050.0,2.7e-05,1.9e-05,0.04918101624035271,0.03773858495473767,0.02532102808848623,0.048909898589958194,0.03778359878191028,0.025999340407089844,2.842889035058459e-05,2.961548373025623e-05,4.9338757568172406e-05,0,normal,-1
3051.0,2.7e-05,1.9e-05,0.0490864235101771,0.03766003384859629,0.025273147389407783,0.04916619179164188,0.03687827733827499,0.025602578302800504,2.8408955534774162e-05,2.95788871390626e-05,4.9292087029490705e-05,0,normal,-1
3052.0,2.7e-05,1.9e-05,0.04899315111889895,0.03758258639668099,0.025225933767481702,0.04838132750469542,0.03881011459997562,0.025259229129415632,2.8389276275729526e-05,2.9542767109829166e-05,4.924602339822126e-05,0,normal,-1
3053.0,2.7e-05,1.9e-05,0.04890118181761908,0.037506228586876286,0.025179378151195947,0.04880500207020129,0.037327407413113335,0.024531867163811158,2.8369849075978972e-05,2.95071194794235e-05,4.920055951612417e-05,0,normal,-1
3054.0,2.7e-05,1.9e-05,0.048810498765919585,0.03743094607396613,0.02513347192096969,0.04821501621066668,0.03783765642685015,0.024927457758190594,2.8350671345455937e-05,2.9471939101023615e-05,4.915568861828898e-05,0,normal,-1
3055.0,2.7e-05,1.9e-05,0.04872108553186383,0.03735672417963387,0.025088206909153303,0.04828628678542302,0.03794659060966398,0.02509566502607891,2.833174140483967e-05,2.9437219838982477e-05,4.911140433577704e-05,0,normal,-1
3056.0,2.7e-05,1.9e-05,0.04863292609199646,0.03728354789246227,0.025043575400028373,0.048409941416161235,0.03686417552207982,0.024582278770694882,2.8313058488787447e-05,2.9402954563879988e-05,4.906770069819787e-05,0,normal,-1
3057.0,2.7e-05,1.9e-05,0.04854600471705754,0.03721140210484956,0.02499956996503494,0.048543544832558724,0.03751290800689036,0.025483326548354845,2.8294622310705517e-05,2.9369135630783995e-05,4.9024571974659087e-05,0,normal,-1
3058.0,2.7e-05,1.9e-05,0.04846030490819482,0.03714027386610277,0.024956181897197255,0.04840514620653325,0.03676908827274086,0.024964487732993892,2.827642892171934e-05,2.9335759474534392e-05,4.8982011139118714e-05,0,normal,-1
3059.0,2.7e-05,1.9e-05,0.048375810137336106,0.03707015086135868,0.02491340226073969,0.04906274049227624,0.03733869668911699,0.024873729450928004,2.8258473525313385e-05,2.9302823535606952e-05,4.8940010896433125e-05,0,normal,-1
3060.0,2.7e-05,1.9e-05,0.048292504294604764,0.03700102040682347,0.024871222580078636,0.04891811934062719,0.036452720996411475,0.024676198110415364,2.824075229100259e-05,2.9270324222643e-05,4.8898564359330636e-05,0,normal,-1
3061.0,2.7e-05,1.9e-05,0.048210371650919584,0.03693286952191891,0.0248296347891577,0.04810213357911783,0.035959625159506015,0.024358701056492595,2.8223262220650105e-05,2.9238257055515295e-05,4.885766500110339e-05,0,normal,-1
3062.0,2.7e-05,1.9e-05,0.04812939685799476,0.03686568492928232,0.02478863123144771,0.04803357443535262,0.0367154386281656,0.024849701018664083,2.8206001151329785e-05,2.9206616661048818e-05,4.881730665787411e-05,0,normal,-1
3063.0,2.7e-05,1.9e-05,0.04804956494833993,0.03679945305476663,0.024748204659946704,0.047669174547578554,0.03695796100062327,0.02479219973182156,2.818896775809411e-05,2.9175396768903097e-05,4.877748353080503e-05,0,normal,-1
3064.0,2.7e-05,1.9e-05,0.047970861335260136,0.03673416002744035,0.02470834823717995,0.04878836587896253,0.037000923093038075,0.024277357858929115,2.8172161556648915e-05,2.9144590207612676e-05,4.8738190188249765e-05,0,normal,-1
3065.0,2.7e-05,1.9e-05,0.0478932714014283,0.03666979254681496,0.024669054923286714,0.04848080245165697,0.03676660535953963,0.025011928354687536,2.815558130209798e-05,2.9114190695003824e-05,4.8699420963856834e-05,0,normal,-1
3066.0,2.7e-05,1.9e-05,0.04781677979532088,0.03660633942021526,0.024630316396198892,0.04732296084020018,0.03635451382772144,0.024733049511485476,2.813922217429722e-05,2.9084196021762815e-05,4.8661168889554726e-05,0,normal,-1
3067.0,2.7e-05,1.9e-05,0.04774137150890967,0.03654378925297222,0.024592124670066547,0.047695671825197454,0.03693425279288539,0.024282012433995644,2.812308002160101e-05,2.9054603298269164e-05,4.862342729107912e-05,0,normal,-1
3068.0,2.7e-05,1.9e-05,0.047667031888315226,0.036482130381899194,0.02455447213482901,0.04833912776941428,0.03591686587488277,0.024380449192607814,2.8107151460103123e-05,2.9025408822393206e-05,4.858618982898527e-05,0,normal,-1
3069.0,2.7e-05,1.9e-05,0.047593746631269196,0.03642135088046683,0.024517351552538258,0.047403819943114885,0.03599436716234608,0.024352898793462713,2.8091433866406194e-05,2.899660808664094e-05,4.854945049697188e-05,0,normal,-1
3070.0,2.7e-05,1.9e-05,0.04752150178711431,0.03636143855880308,0.02448075605735892,0.047295088308504464,0.03613623218569485,0.024021158241160842,2.8075925379977752e-05,2.8968195774711344e-05,4.851320362378032e-05,0,normal,-1
3071.0,2.7e-05,1.9e-05,0.0474502837568044,0.03630238096369321,0.024444679155568267,0.047949262729787556,0.03614974364192913,0.024163687459507577,2.8060624905426276e-05,2.894016575818945e-05,4.847744387504381e-05,0,normal,-1
3072.0,2.7e-05,1.9e-05,0.047380079286457474,0.03624416539252036,0.024409114715694534,0.047087629440111606,0.03636282484872092,0.024300059693030618,2.804553208902563e-05,2.8912511122445966e-05,4.844216624530164e-05,0,normal,-1
3073.0,2.7e-05,1.9e-05,0.04731087454783288,0.03618678088019746,0.024374055561707478,0.048402680908950516,0.03649218931474462,0.023755176167301127,2.8030643658903467e-05,2.8885228313025057e-05,4.840736466273942e-05,0,normal,-1
3074.0,2.7e-05,1.9e-05,0.04724265567961972,0.03613021701997602,0.024339494301665696,0.04742381844062547,0.036162184394709966,0.024325823139823354,2.801595558620041e-05,2.885831469507003e-05,4.8373032809340544e-05,0,normal,-1
3075.0,2.7e-05,1.9e-05,0.04717540940228612,0.036074462628976865,0.024305424270520674,0.0469573055748125,0.03632750641212756,0.02463059112646602,2.8001465541867258e-05,2.883176576858375e-05,4.8339165058152556e-05,0,normal,-1
3076.0,2.7e-05,1.9e-05,0.04710912259157674,0.036019506666991316,0.024271838878917432,0.04572438311287823,0.0356434812785779,0.02338533954322345,2.7987171203701845e-05,2.880557708512771e-05,4.830575582827956e-05,0,normal,-1
3077.0,2.7e-05,1.9e-05,0.04697012158675365,0.034064149989360144,0.02416469191894548,0.04737972838086836,0.03398620311318506,0.024383420479482856,3.019229348471391e-05,2.6442740448552765e-05,4.8199016086467794e-05,1,proc_leak2,12
3078.0,2.7e-05,1.9e-05,0.04669856112095647,0.032326722702152165,0.023917127251662063,0.04602597871739102,0.032415366563129364,0.025097971210192208,3.186081749103412e-05,2.437183919729935e-05,4.795148360291147e-05,1,proc_leak2,12
3079.0,2.7e-05,1.9e-05,0.04633241958205865,0.030859965609235627,0.023565280895937697,0.0465176560045228,0.030608079483839895,0.023352650455871208,3.305828744820935e-05,2.2698858356086094e-05,4.759746815507794e-05,1,proc_leak2,12
3080.0,2.7e-05,1.9e-05,0.04589815640033569,0.02960591534493503,0.02314002377738012,0.04607599927026851,0.03018859623325934,0.023045800363690538,3.3922758882865936e-05,2.1370513639113552e-05,4.716604293249297e-05,1,proc_leak2,12
3081.0,2.7e-05,1.9e-05,0.045414741258478726,0.0285190396706836,0.02266681313828775,0.04569205454930398,0.028491773787742574,0.022496609750214645,3.454529193029269e-05,2.033112058978018e-05,4.6681281917795575e-05,1,proc_leak2,12
3082.0,2.7e-05,1.9e-05,0.0448960799870998,0.027563652963006953,0.0221659469031803,0.044132948622912026,0.02747841196297753,0.021214522450480663,3.4988912323273586e-05,1.952564402056117e-05,4.6162645108116885e-05,1,proc_leak2,12
3083.0,2.7e-05,1.9e-05,0.04435252293419802,0.026712047989709015,0.021653018170806834,0.04401458024243364,0.027561145313058307,0.021743490869160075,3.529847059405191e-05,1.8903158312004346e-05,4.5625408062887806e-05,1,proc_leak2,12
3084.0,2.7e-05,1.9e-05,0.04379186908120222,0.025942949841168957,0.02113954330892467,0.04405885224330465,0.025866956659917992,0.02119749278596083,3.550640595388429e-05,1.841939766076726e-05,4.508118692573877e-05,1,proc_leak2,12
3085.0,2.7e-05,1.9e-05,0.043220062284267564,0.0252401786301847,0.02063367689352942,0.043523230158361584,0.025161865192581234,0.02076582305682075,3.563642998751672e-05,1.80379164723489e-05,4.453852746993474e-05,1,proc_leak2,12
3086.0,2.7e-05,1.9e-05,0.042641684757805574,0.024591506649828447,0.02014092128936208,0.04339823792403271,0.023631834710387375,0.019505617595411587,3.570602442337484e-05,1.773002383474034e-05,4.400349862132205e-05,1,proc_leak2,12
3087.0,2.7e-05,1.9e-05,0.04206031066285289,0.02398771343332988,0.01966476489861766,0.04170344356863068,0.02384585449049261,0.019522101886074176,3.572819177506285e-05,1.7473937761815266e-05,4.348023881975931e-05,1,proc_leak2,12
3088.0,2.7e-05,1.9e-05,0.041478760873779,0.023421831434222884,0.01920721671299194,0.04079967136104814,0.022963668772794796,0.019929721666062827,3.5712701384447625e-05,1.725359866781374e-05,4.297142539355216e-05,1,proc_leak2,12
3089.0,2.7e-05,1.9e-05,0.04089928734834031,0.022888561469711084,0.018769231522418654,0.04010269159786613,0.022828019018040102,0.018694761935821844,3.566698179352073e-05,1.7057447430291523e-05,4.247865793668963e-05,1,proc_leak2,12
3090.0,2.7e-05,1.9e-05,0.04032370680453337,0.022383831561585486,0.018351034364723746,0.040384666108278955,0.02267363138070283,0.018480956800481025,3.5596759236760514e-05,1.687733781165556e-05,4.2002758739823407e-05,1,proc_leak2,12
3091.0,2.7e-05,1.9e-05,0.03975349735934796,0.02190447296718665,0.017952358578351348,0.04029809892756869,0.020690329226020758,0.01706675608998809,3.550651054197156e-05,1.6707655236813308e-05,4.154399895298407e-05,1,proc_leak2,12
3092.0,2.7e-05,1.9e-05,0.03918987071635528,0.02144797752335887,0.01757262258549964,0.03894113530397439,0.02082344836804095,0.016629582168914706,3.539979378481918e-05,1.6544608486479004e-05,4.110227232313032e-05,1,proc_leak2,12
3093.0,2.7e-05,1.9e-05,0.03863382630383349,0.02101231953864502,0.017211056516060405,0.038337562218425165,0.021276703809577364,0.016950143257065328,3.5279487890823925e-05,1.6385689177181303e-05,4.067722398764468e-05,1,proc_leak2,12
3094.0,2.7e-05,1.9e-05,0.03808618848486719,0.02059583919973975,0.016866781956370785,0.038503702928278906,0.020277060354642506,0.0165642851609027,3.514794945238088e-05,1.622931826090168e-05,4.026833351060824e-05,1,proc_leak2,12
3095.0,2.7e-05,1.9e-05,0.037547638611309664,0.020197144153975506,0.01653887695870804,0.03757433153033612,0.01969981300576854,0.016395123086439665,3.500714390678603e-05,1.6074536650744607e-05,3.9874986558697086e-05,1,proc_leak2,12
3096.0,2.7e-05,1.9e-05,0.037018738183510876,0.019815045216927087,0.016226414408039205,0.036889565774657136,0.020575465524287243,0.016153955071793954,3.485873264500226e-05,1.5920809379342777e-05,3.949651919296273e-05,1,proc_leak2,12
3097.0,2.7e-05,1.9e-05,0.036499945007200114,0.019448514718884247,0.01592848487639668,0.036253700829976164,0.01876745133420842,0.0159865033267028,3.4704129784858836e-05,1.5767902455132762e-05,3.913224602609751e-05,1,proc_leak2,12
3098.0,2.7e-05,1.9e-05,0.035991631043097765,0.019096642486327087,0.015644217988935255,0.036043694595076475,0.019209040974122134,0.013435411272629202,3.4544562983801464e-05,1.5615749969174706e-05,3.878148822595979e-05,1,proc_leak2,12
3099.0,2.7e-05,1.9e-05,0.03549409000757528,0.01875862231597647,0.015372785939454438,0.035345259263299865,0.018115862480344188,0.016174999899388025,3.438109297263551e-05,1.546442352454511e-05,3.8443580668913646e-05,1,proc_leak2,12
3100.0,2.7e-05,1.9e-05,0.03500755101298861,0.01843372304863599,0.015113413118562295,0.035269253092179396,0.018366243062818394,0.014737356503950926,3.421465500013341e-05,1.5314050116836018e-05,3.811788701374123e-05,1,proc_leak2,12
3101.0,2.7e-05,1.9e-05,0.034532183895588035,0.018121281756124964,0.014865374858174712,0.03414251139842347,0.01777770483151689,0.015172890854046918,3.404606937540009e-05,1.5164801878561494e-05,3.7803801503489043e-05,1,proc_leak2,12
3102.0,2.7e-05,1.9e-05,0.034068106404269424,0.01782069313777844,0.014627997019488468,0.03419119291012438,0.017953084860872732,0.01472978888331896,3.3876057826122436e-05,1.5016874249558636e-05,3.7500751691927226e-05,1,proc_leak2,12
3103.0,2.7e-05,1.9e-05,0.03361539345580875,0.01753139288511343,0.014400657649157721,0.03321872527537386,0.01783623271757255,0.01516046099992921,3.370526855417936e-05,1.4870443543688387e-05,3.7208203733514536e-05,1,proc_leak2,12
3104.0,2.7e-05,1.9e-05,0.03317407559286821,0.01725286852897808,0.014182778188328322,0.03254109196048453,0.016970474035397327,0.013585962007180999,3.3534261544526184e-05,1.4725712917912457e-05,3.69256540831643e-05,1,proc_leak2,12
3105.0,2.7e-05,1.9e-05,0.03274415156384093,0.016984634516651408,0.013973827854018281,0.03312916812614157,0.017733069523228676,0.013220783914810252,3.336354609565792e-05,1.4582842527953974e-05,3.665263786181848e-05,1,proc_leak2,12
3106.0,2.7e-05,1.9e-05,0.03232558674216253,0.016726242199660447,0.01377331532467973,0.03226295105344566,0.01704214020011059,0.013690071797574442,3.319356720399311e-05,1.4441991934412578e-05,3.6388720624447076e-05,1,proc_leak2,12
3107.0,2.7e-05,1.9e-05,0.03191831731470933,0.016477275731280397,0.013580785614180732,0.0315856254043078,0.0168422778720329,0.01373229286151859,3.302471270307665e-05,1.4303317445648178e-05,3.6133496473163336e-05,1,proc_leak2,12
3108.0,2.7e-05,1.9e-05,0.031522258425879524,0.016237335314976935,0.013395823352603418,0.030954912249521266,0.016042500741196914,0.01402259583499045,3.285733843708695e-05,1.4166921787260853e-05,3.5886594509267494e-05,1,proc_leak2,12
3109.0,2.7e-05,1.9e-05,0.031137299765614804,0.016006055928486487,0.013218039761169743,0.030930357810657356,0.016375558976571412,0.012711017144003875,3.2691742301444375e-05,1.4032931195224906e-05,3.5647663409532705e-05,1,proc_leak2,12
3110.0,2.7e-05,1.9e-05,0.0307633134688691,0.015783090203433717,0.013047077174200549,0.031359211296732976,0.014946856889412333,0.012775262300191333,3.252818976955576e-05,1.3901441374217178e-05,3.5416379055082584e-05,1,proc_leak2,12
3111.0,2.7e-05,1.9e-05,0.030400156898088337,0.015568104492310811,0.012882607984370145,0.03051884755158714,0.015086990751174336,0.013658532774270704,3.236692023540204e-05,1.3772508462472084e-05,3.519244473464975e-05,1,proc_leak2,12
3112.0,2.7e-05,1.9e-05,0.030047669420294913,0.015360795393404268,0.012724321627324077,0.030574470630430447,0.01563681701776832,0.0123909070483129,3.2208124538186635e-05,1.364622347192717e-05,3.4975574800247137e-05,1,proc_leak2,12
3113.0,2.7e-05,1.9e-05,0.02970568084445868,0.015160866684530138,0.01257193512874604,0.030021046735244333,0.015192127403362054,0.012606681832363747,3.2051978312486e-05,1.3522625989361032e-05,3.476551019915265e-05,1,proc_leak2,12
3114.0,2.7e-05,1.9e-05,0.029374010193310363,0.014968037914607801,0.012425185192124688,0.0299850465892177,0.014776687464323401,0.011687838642984678,3.1898630597399e-05,1.3401745166000853e-05,3.4562008824726654e-05,1,proc_leak2,12
3115.0,2.7e-05,1.9e-05,0.029052465402194482,0.014782050970237406,0.012283821089531941,0.029142891979428456,0.01594928744851808,0.012488610957731492,3.1748195415771145e-05,1.3283635531509752e-05,3.436483656159915e-05,1,proc_leak2,12
3116.0,2.7e-05,1.9e-05,0.028740849892708302,0.014602649519118025,0.012147616044973003,0.029144420535398945,0.013914256372668866,0.011591651693738589,3.1600781142045025e-05,1.3168292385340298e-05,3.417378397736509e-05,1,proc_leak2,12
3117.0,2.7e-05,1.9e-05,0.028438959245650295,0.014429596041092289,0.012016353377942723,0.027587615157870594,0.014790584674691463,0.012591020520919025,3.145646740917265e-05,1.3055732678926149e-05,3.39886478261295e-05,1,proc_leak2,12
3118.0,2.7e-05,1.9e-05,0.028146583789654768,0.014262665948207584,0.011889828505918219,0.02831085760420183,0.014520570088698562,0.011810166908274073,3.1315313905134295e-05,1.2945974440874759e-05,3.38092344323554e-05,1,proc_leak2,12
3119.0,2.7e-05,1.9e-05,0.02786351228181489,0.014101635471485829,0.011767856030823975,0.026863699322467367,0.013712722895560064,0.011909382130487643,3.117737774199688e-05,1.2838983972761553e-05,3.363537041703801e-05,1,proc_leak2,12
3120.0,2.7e-05,1.9e-05,0.027589528238208833,0.01394630108909203,0.011650253653226871,0.02804698714356787,0.014053713766438552,0.01187817485471399,3.104268706147098e-05,1.2734772180531063e-05,3.346688042997024e-05,1,proc_leak2,12
3121.0,2.7e-05,1.9e-05,0.02732441438207893,0.013796463496957243,0.011536852661772097,0.028672925342080036,0.01358118336094718,0.011245920622134437,3.091126375478549e-05,1.2633322306930872e-05,3.330360252581462e-05,1,proc_leak2,12
3122.0,2.7e-05,1.9e-05,0.02706795332241169,0.013651926994984501,0.011427497167800523,0.02694519861251874,0.01250668473761488,0.011535301683428926,3.078312478548656e-05,1.253458924551015e-05,3.3145387653759714e-05,1,proc_leak2,12
3123.0,2.7e-05,1.9e-05,0.0268199251045051,0.01351251392118576,0.011322031607802067,0.027555427297404213,0.012927246339106586,0.010077989744431855,3.06582626171186e-05,1.2438574948880479e-05,3.2992082000244775e-05,1,proc_leak2,12
3124.0,2.7e-05,1.9e-05,0.026580111900594474,0.013378045107728493,0.011220314941825628,0.027022637134813638,0.013824408748351296,0.011902383864389972,3.0536672734823456e-05,1.2345233779805513e-05,3.284354788808956e-05,1,proc_leak2,12
3125.0,2.7e-05,1.9e-05,0.026348296413651297,0.013248349473846259,0.01112221210896107,0.02623808141329008,0.013316495204117509,0.010731854315670244,3.0418340721550043e-05,1.2254523016281402e-05,3.2699651798318884e-05,1,proc_leak2,12
3126.0,2.7e-05,1.9e-05,0.026124261430886905,0.01312326867756288,0.011027589340238305,0.02588901535366836,0.013372982266664921,0.010143936532031552,3.0303236133337023e-05,1.216643016475701e-05,3.2560257738412176e-05,1,proc_leak2,12
3127.0,2.7e-05,1.9e-05,0.02590779342665604,0.013002640818735273,0.010936326547058672,0.026181093432126254,0.012963783812190953,0.009584136675845465,3.01913354955136e-05,1.2080890266742004e-05,3.242524574434443e-05,1,proc_leak2,12
3128.0,2.7e-05,1.9e-05,0.025698679847584463,0.012886315771959367,0.01084830407917443,0.025782258988611997,0.01311091063606309,0.010724210988388124,3.008260127365238e-05,1.1997868222512933e-05,3.229449268162718e-05,1,proc_leak2,12
3129.0,2.7e-05,1.9e-05,0.025496710412197494,0.012774150260179671,0.010763406092522713,0.025580360425491316,0.012616816556824452,0.01051414378898283,2.9976988985842506e-05,1.191733535862553e-05,3.216787737670841e-05,1,proc_leak2,12
3130.0,2.7e-05,1.9e-05,0.02530167920514153,0.012665997895830406,0.010681528238952622,0.02523778292407016,0.012156677167170156,0.010601446892542136,2.9874461371533767e-05,1.1839217068902473e-05,3.2045292350615676e-05,1,proc_leak2,12
3131.0,2.7e-05,1.9e-05,0.025113381755492468,0.01256172591051779,0.010602563156359636,0.024940776933373363,0.01296347750772436,0.010758372178800076,2.977496525005951e-05,1.176348518304413e-05,3.192662238205136e-05,1,proc_leak2,12
3132.0,2.7e-05,1.9e-05,0.024931617412590878,0.012461203523785807,0.010526409730947097,0.024478456570747657,0.011962248004948238,0.010775704349018311,2.967844796808081e-05,1.1690096457077836e-05,3.1811758497665485e-05,1,proc_leak2,12
3133.0,2.7e-05,1.9e-05,0.024756190061281335,0.0123642985860353,0.010452975523561035,0.02398824347618802,0.012326475833659945,0.01047538153223905,2.9584862323147255e-05,1.1618974591102361e-05,3.170060190097518e-05,1,proc_leak2,12
3134.0,2.7e-05,1.9e-05,0.024586905567289426,0.012270892524147788,0.010382163693331246,0.02453822699273533,0.012091870500873162,0.009551968788734537,2.9494145745608235e-05,1.1550095011653972e-05,3.1593044379253474e-05,1,proc_leak2,12
3135.0,2.7e-05,1.9e-05,0.02442357453658478,0.012180865603721194,0.010313885168225278,0.02458614899076233,0.013146470584082403,0.009934322791007607,2.9406241129155233e-05,1.148340376891571e-05,3.1488986841479065e-05,1,proc_leak2,12
3136.0,2.7e-05,1.9e-05,0.0242660120448049,0.012094098670890757,0.010248056856659379,0.023555420413622245,0.011771926789823191,0.01096467617967251,2.9321094546866832e-05,1.1418827672873899e-05,3.1388336848031935e-05,1,proc_leak2,12
3137.0,2.7e-05,1.9e-05,0.024114035662667708,0.012010484916696226,0.010184591265276871,0.02374186056537546,0.012014078335351723,0.010578010282055916,2.9238638755753623e-05,1.1356342738181683e-05,3.1290992874327073e-05,1,proc_leak2,12
3138.0,2.7e-05,1.9e-05,0.023967468115406617,0.011929914852249781,0.010123409128303767,0.02316898548316461,0.012301453372540854,0.009793591471921584,2.915881448350213e-05,1.129588917676492e-05,3.119686373302399e-05,1,proc_leak2,12
3139.0,2.7e-05,1.9e-05,0.02382613649523028,0.011852280855365273,0.010064435260184915,0.024216068749404608,0.012019768807970718,0.010899649659622089,2.9081564118096282e-05,1.123739783396401e-05,3.1105862422438274e-05,1,proc_leak2,12
3140.0,2.7e-05,1.9e-05,0.023689870739925255,0.011777486308566272,0.01000759043435398,0.024223155748745798,0.012345189108471122,0.01097174934962386,2.900681880447678e-05,1.1180844573973943e-05,3.1017893693446095e-05,1,proc_leak2,12
3141.0,2.7e-05,1.9e-05,0.02355850603261542,0.011705431416954019,0.00995280344131957,0.023287234290921877,0.011903089613938395,0.009139503715803849,2.893451859377301e-05,1.1126168216192505e-05,3.093287276089276e-05,1,proc_leak2,12
3142.0,2.7e-05,1.9e-05,0.023431881866688622,0.011636018563271925,0.00990000626118369,0.02337581954301314,0.012062981736970624,0.009457842151602234,2.8864604914097268e-05,1.1073302168779475e-05,3.0850718013324704e-05,1,proc_leak2,12
3143.0,2.7e-05,1.9e-05,0.02330984071158844,0.011569160303329419,0.009849126936331288,0.02346983304670683,0.01247842895960731,0.009212721468701097,2.8797009195334e-05,1.102222286010458e-05,3.0771340000153026e-05,1,proc_leak2,12
3144.0,2.7e-05,1.9e-05,0.023192230173472276,0.011504766103590493,0.009800100940834602,0.023067319970878138,0.010929196834861175,0.009965037323199066,2.873167176103559e-05,1.0972871537376811e-05,3.0694659213777845e-05,1,proc_leak2,12
3145.0,2.7e-05,1.9e-05,0.023078902182167047,0.011442746938775316,0.009752867024018435,0.02334919587449893,0.01174186727247753,0.009038932305409501,2.8668535315764647e-05,1.0925181835516882e-05,3.0620599764783914e-05,1,proc_leak2,12
3146.0,2.7e-05,1.9e-05,0.022969711579494703,0.011383023732791792,0.009707359691636872,0.023865038037600133,0.011986238196900544,0.00992582340492594,2.8607532853923632e-05,1.087913151657127e-05,3.054907766258395e-05,1,proc_leak2,12
3147.0,2.7e-05,1.9e-05,0.022864518088748693,0.01132551488207355,0.009663519967620016,0.02336659368816029,0.010329419298272644,0.010849158040922314,2.8548605473715854e-05,1.0834667728992985e-05,3.0480017759953047e-05,1,proc_leak2,12
3148.0,2.7e-05,1.9e-05,0.02276318583542809,0.011270138800581591,0.009621293046530003,0.02316733801438064,0.012017264241035261,0.008751450873215817,2.849169875885392e-05,1.079172244362186e-05,3.0413350208540026e-05,1,proc_leak2,12
3149.0,2.7e-05,1.9e-05,0.022665581682399565,0.011216823899761492,0.00958061941135811,0.023585521437654806,0.011722243105421262,0.009194402551038218,2.843674840243329e-05,1.0750274202312596e-05,3.034899650678991e-05,1,proc_leak2,12
3150.0,2.7e-05,1.9e-05,0.022571576986035655,0.011165497191002021,0.009541444712717263,0.02193714071588115,0.010301125894790012,0.009847078658011557,2.838369651900217e-05,1.0710278924762372e-05,3.0286885145079087e-05,1,proc_leak2,12
3151.0,2.7e-05,1.9e-05,0.022481047565355003,0.011116083998988537,0.009503719916280037,0.022654755743190546,0.011653011331381276,0.008859659393929641,2.8332492065111326e-05,1.0671668093127087e-05,3.022695196858807e-05,1,proc_leak2,12
3152.0,2.7e-05,1.9e-05,0.022393871890322842,0.011068518866616238,0.009467391590512691,0.021567975173965137,0.010979281903802103,0.009614898351665636,2.8283075058600767e-05,1.0634416851230995e-05,3.0169124825369217e-05,1,proc_leak2,12
3153.0,2.7e-05,1.9e-05,0.022309932351300125,0.011022737099873748,0.009432409249517734,0.023181810828162265,0.011474384515034798,0.00890233697101586,2.8235388699267946e-05,1.0598492191172572e-05,3.011333525915281e-05,1,proc_leak2,12
3154.0,2.7e-05,1.9e-05,0.02222911574022387,0.010978671129197499,0.009398728450712756,0.022596552623058434,0.01135150362500687,0.009664354087477097,2.8189384593602158e-05,1.0563830331216722e-05,3.0059523545702164e-05,1,proc_leak2,12
3155.0,2.7e-05,1.9e-05,0.022151311692309415,0.010936259879376516,0.009366302429552222,0.02211359261466229,0.01046900606166809,0.009192671623527986,2.8145009142849403e-05,1.053039574735867e-05,3.0007625413755942e-05,1,proc_leak2,12
3156.0,2.7e-05,1.9e-05,0.02207641299134378,0.01089544642901612,0.009335084086620067,0.02184895101139848,0.010991137086794152,0.009061735480487665,2.8102206856941454e-05,1.0498167124223069e-05,2.9957575234312275e-05,1,proc_leak2,12
3157.0,2.7e-05,1.9e-05,0.022004316563433993,0.01085617090081466,0.00930503214055039,0.02172132152827528,0.010991656490175954,0.009550112336707337,2.8060930569782048e-05,1.0467092858811655e-05,2.990931593882136e-05,1,proc_leak2,12
3158.0,2.7e-05,1.9e-05,0.02193492264536311,0.010818375315014034,0.009276106761734257,0.021796437109025638,0.010409904180929686,0.01015536385088263,2.8021134363855005e-05,1.0437121847293785e-05,2.9862792097518408e-05,1,proc_leak2,12
3159.0,2.7e-05,1.9e-05,0.021868133840574334,0.010782009255104266,0.009248264492989162,0.02107988633146011,0.011269268929284117,0.008875642841235617,2.7982765262227425e-05,1.0408240006730918e-05,2.98179417771749e-05,1,proc_leak2,12
3160.0,2.7e-05,1.9e-05,0.021803856424104234,0.010747020660231886,0.009221466270549773,0.021553740699140067,0.010209090838272091,0.009168122346630083,2.7945776490801464e-05,1.0380412210120898e-05,2.9774709474957336e-05,1,proc_leak2,12
3161.0,2.7e-05,1.9e-05,0.0217420002860935,0.010713355734177494,0.009195677437409561,0.021481052722346797,0.011285389777502907,0.009255059106897019,2.7910127588223802e-05,1.035358167289526e-05,2.9733046219277305e-05,1,proc_leak2,12
3162.0,2.7e-05,1.9e-05,0.021682477528872108,0.01068096746651567,0.009170860113493396,0.02125452363130326,0.011626160540578996,0.009376959616286493,2.7875771894682307e-05,1.0327724945924401e-05,2.9692897291962404e-05,1,proc_leak2,12
3163.0,2.7e-05,1.9e-05,0.0216252030875123,0.010649811160088927,0.009146977090073921,0.021356045023665983,0.010633756611437034,0.008607481153317555,2.784266299436474e-05,1.0302823692236021e-05,2.9654208529069308e-05,1,proc_leak2,12
3164.0,2.7e-05,1.9e-05,0.021570095323952918,0.010619839745303512,0.00912399586508134,0.021437842038678705,0.010583811076184892,0.01052307381397942,2.7810761442850947e-05,1.0278834804969508e-05,2.9616932901250762e-05,1,proc_leak2,12
3165.0,2.7e-05,1.9e-05,0.021517075459848354,0.010591007082964362,0.009101885660325722,0.021633352302991463,0.010461232530525095,0.00919124470318977,2.778002990632066e-05,1.0255711790208052e-05,2.9581025736312702e-05,1,proc_leak2,12
3166.0,2.7e-05,1.9e-05,0.021466066578357458,0.010563274061489209,0.009080611955574488,0.021873186987045844,0.0104498008260962,0.008277993179781477,2.7750424159847328e-05,1.0233444672492669e-05,2.9546435862638663e-05,1,proc_leak2,12
3167.0,2.7e-05,1.9e-05,0.02141699471489949,0.010536600715784215,0.009060143374929955,0.02121879259492294,0.010116584412514252,0.008533529374395343,2.772190449708515e-05,1.0212009346804285e-05,2.9513116808954897e-05,1,proc_leak2,12
3168.0,2.7e-05,1.9e-05,0.021369788943266778,0.010510945132631922,0.00904045258658686,0.02038103765045525,0.010567705797753022,0.008551430564018697,2.7694437275972247e-05,1.0191360532934492e-05,2.9481028319400388e-05,1,proc_leak2,12
3169.0,2.7e-05,1.9e-05,0.02132438050209333,0.01048626869154348,0.009021511585235422,0.02121574929650892,0.010155201142351605,0.00838878102798868,2.7667987158497037e-05,1.0171466164361496e-05,2.9450128705684176e-05,1,proc_leak2,12
3170.0,2.7e-05,1.9e-05,0.021280702506077925,0.010462537705409267,0.009003290200794791,0.020886186843635857,0.010465916464158096,0.008943781961907555,2.764251465045879e-05,1.01523184419092e-05,2.942037241987276e-05,1,proc_leak2,12
3171.0,2.7e-05,1.9e-05,0.021238690783330412,0.010439716959874555,0.008985761708067442,0.02123306026913305,0.01000863183308702,0.008371656305614643,2.7617985427947748e-05,1.0133892013715165e-05,2.9391719226513233e-05,1,proc_leak2,12
3172.0,2.7e-05,1.9e-05,0.021198283813123123,0.010417769840065967,0.008968902676941063,0.020462088304724832,0.010504531120799403,0.009404249136963576,2.759437013133246e-05,1.0116144792648938e-05,2.9364133999758276e-05,1,proc_leak2,12
3173.0,2.7e-05,1.9e-05,0.021159421755361566,0.010396664242932348,0.008952687655665927,0.020744051390025785,0.010134972115172962,0.009545043036933378,2.7571635581116702e-05,1.0099057100135727e-05,2.93375780500097e-05,1,proc_leak2,12
3174.0,2.7e-05,1.9e-05,0.021135102293119427,0.0109500883774912,0.00896904669175418,0.020702174342064006,0.010529460085087178,0.0089003224851169,2.682140754861036e-05,1.1828987122614396e-05,2.9364369750632542e-05,0,normal,-1
3175.0,2.7e-05,1.9e-05,0.021186316847020246,0.011837195912436121,0.009131936422154287,0.021336328141681793,0.011410907623917308,0.009100068417091425,2.5697219885651948e-05,1.3823092574297059e-05,2.9629817815050246e-05,0,normal,-1
3176.0,2.7e-05,1.9e-05,0.021302609426175522,0.012557283869917241,0.009374313392347625,0.020891552415073407,0.012834834167931197,0.00937204155696072,2.4853567846279835e-05,1.4993984486176353e-05,3.0020455374852596e-05,0,normal,-1
3177.0,2.7e-05,1.9e-05,0.021467938945218253,0.01316536857505664,0.009651657231835526,0.021049407856578245,0.01247738719048688,0.009343312343723235,2.4216257976517657e-05,1.5753744303954973e-05,3.0461303697547218e-05,0,normal,-1
3178.0,2.7e-05,1.9e-05,0.02167030791161411,0.013694191969573747,0.009941261541025238,0.02149517945059737,0.013934149399666041,0.010821770713182487,2.3735395956633945e-05,1.628118490863728e-05,3.091493170024939e-05,0,normal,-1
3179.0,2.7e-05,1.9e-05,0.02190055481283632,0.014164992191622268,0.0102309112257591,0.022024661785548103,0.014190764358418385,0.011124125563148634,2.3374735486451842e-05,1.666949329706357e-05,3.1362068545011954e-05,0,normal,-1
3180.0,2.7e-05,1.9e-05,0.02215161410075234,0.014592179905326824,0.010514053699624255,0.021751112012992523,0.015035758599732257,0.010891781747508586,2.3107097526329332e-05,1.697192417379903e-05,3.179308249563853e-05,0,normal,-1
3181.0,2.7e-05,1.9e-05,0.022418004251555494,0.01498580801849316,0.01078735810251419,0.021633030570429704,0.01517660598339267,0.009977577755818354,2.2911806658001868e-05,1.7220479507418677e-05,3.220364937797438e-05,0,normal,-1
3182.0,2.7e-05,1.9e-05,0.02269545359328242,0.015353029385135513,0.01104936431441132,0.02219256464733744,0.014846271213020274,0.011045335115784828,2.2773012683214146e-05,1.7434921028653704e-05,3.2592388474287605e-05,0,normal,-1
3183.0,2.7e-05,1.9e-05,0.022980620504378897,0.015699015689729926,0.01129969638828474,0.022940741742015967,0.015862467723742522,0.012534189718303723,2.267849887599014e-05,1.762761245602127e-05,3.295952383419576e-05,0,normal,-1
3184.0,2.7e-05,1.9e-05,0.02327088182983086,0.016027561147485766,0.011538591448636117,0.023381143931194122,0.016016042596480595,0.011516972712692202,2.261880249782023e-05,1.7806316513224974e-05,3.330611212208623e-05,0,normal,-1
3185.0,2.7e-05,1.9e-05,0.023564171645339978,0.01634149017240483,0.011766613887073389,0.024260330690390543,0.016111204512943345,0.011895300580408058,2.2586554358652306e-05,1.7975891126326125e-05,3.363359519699703e-05,0,normal,-1
3186.0,2.7e-05,1.9e-05,0.023858859992335283,0.016642933107803754,0.011984484832861806,0.023218852887445702,0.016049324369487118,0.01221649497394917,2.2575990514443236e-05,1.8139336221474578e-05,3.3943547293435144e-05,0,normal,-1
3187.0,2.7e-05,1.9e-05,0.024153659171275238,0.01693351971350869,0.01219297864844614,0.023733204206476767,0.01772955662871322,0.01289382640959211,2.2582579351813795e-05,1.82984670534856e-05,3.423753176419578e-05,0,normal,-1
3188.0,2.7e-05,1.9e-05,0.024447548820182744,0.017214519995887294,0.0123928602753655,0.024838949354271854,0.01770466400237595,0.01258863910810951,2.2602727532703574e-05,1.8454361798227956e-05,3.451702190446169e-05,0,normal,-1
3189.0,2.7e-05,1.9e-05,0.02473972438585706,0.01748693151612622,0.012584857287265706,0.02430930612933235,0.01721051020376306,0.012946424341755185,2.263358712124149e-05,1.8607614219261847e-05,3.47833726065077e-05,0,normal,-1
3190.0,2.7e-05,1.9e-05,0.025029550276472346,0.01775155484091235,0.012769639150107617,0.025180796769405375,0.017951546305407403,0.012530610136123534,2.2672877488410546e-05,1.87585358989693e-05,3.503780199460357e-05,0,normal,-1
3191.0,2.7e-05,1.9e-05,0.025316527615341526,0.01800903885416719,0.012947813847640835,0.02564422262559734,0.018139338624295325,0.01323192802699571,2.2718770789355345e-05,1.8907259046751583e-05,3.5281396339777915e-05,0,normal,-1
3192.0,2.7e-05,1.9e-05,0.025600266957687266,0.01825991830617885,0.013119925589421235,0.025482694875145786,0.018004846919028962,0.01346361157151901,2.276979371784783e-05,1.9053817611440074e-05,3.551511518094484e-05,0,normal,-1
3193.0,2.7e-05,1.9e-05,0.025880467937912512,0.01850463801643154,0.013286459548516644,0.026190791576570678,0.018321910211034183,0.014249741979122054,2.2824758903744067e-05,1.9198186933816562e-05,3.5739804813055336e-05,0,normal,-1
3194.0,2.7e-05,1.9e-05,0.02615689970013187,0.018743576722252436,0.013447844695793337,0.026960865265751994,0.01839619550245125,0.014120632992818686,2.2882697143771756e-05,1.9340324311987616e-05,3.5956207994784156e-05,0,normal,-1
3195.0,2.7e-05,1.9e-05,0.026429392905111395,0.018977054065703755,0.013604460365588433,0.026761276245926544,0.018587874049403624,0.013205021457209249,2.294283323622086e-05,1.9480170384946467e-05,3.616497768044301e-05,0,normal,-1
3196.0,2.7e-05,1.9e-05,0.0266978211835612,0.01920535096291872,0.0137566420874871,0.027006435102251838,0.018917174431150895,0.013732977865201544,2.3004524698946067e-05,1.961767583811819e-05,3.636668883754521e-05,0,normal,-1
3197.0,2.7e-05,1.9e-05,0.02696209942639107,0.019428710193617894,0.013904685126382477,0.027630701999850713,0.01980112247950517,0.013603155257464632,2.3067257060370983e-05,1.975279571475825e-05,3.656184648893104e-05,0,normal,-1
3198.0,2.7e-05,1.9e-05,0.027222173478443662,0.019647346421573283,0.014048850291609068,0.027856181174663673,0.019040424059258987,0.01414827488598475,2.3130611420385513e-05,1.988549669109707e-05,3.675089617049784e-05,0,normal,-1
3199.0,2.7e-05,1.9e-05,0.027478012472109525,0.019861452116782523,0.014189370476546876,0.028231490458852534,0.020378011440984677,0.013818837944661292,2.3194242626510932e-05,2.0015755554390748e-05,3.6934234781219764e-05,0,normal,-1
3200.0,2.3e-05,1.6e-05,0.02772913609034651,0.020071199041082136,0.014326097069560093,0.027465835316251297,0.020349125476637354,0.014791008973728917,2.325715824565936e-05,2.0144181354737277e-05,3.7111754473123046e-05,0,normal,-1
3201.0,2.3e-05,1.6e-05,0.027722132954027267,0.02025433887091087,0.014278000836089483,0.027589887315775975,0.021436522900266236,0.01523223876261148,2.296661123628554e-05,2.0545576362699206e-05,3.704940545244917e-05,0,normal,-1
3202.0,2.3e-05,1.6e-05,0.02773167545485626,0.020398418003145187,0.014255540787950745,0.027403983330214043,0.020706058086848597,0.01429926517644809,2.275879259383627e-05,2.0829875262795353e-05,3.702025364948232e-05,0,normal,-1
3203.0,2.3e-05,1.6e-05,0.027752963705091574,0.02051461598049586,0.014250363218859691,0.027575466446704715,0.02038188197992199,0.014700797957201781,2.2611036607896694e-05,2.103465476445682e-05,3.701353021713456e-05,0,normal,-1
3204.0,2.3e-05,1.6e-05,0.027782572196972378,0.020610777107656367,0.014256813634928032,0.02712535571941954,0.02031360520046053,0.014838418532346784,2.25068485299157e-05,2.118473856354493e-05,3.7021906342525245e-05,0,normal,-1
3205.0,2.3e-05,1.6e-05,0.027818018150132073,0.020692435536196704,0.014271012645576996,0.02726636627809407,0.020158248087530865,0.01459423038072374,2.24342183101503e-05,2.1296899812185134e-05,3.70403376566748e-05,0,normal,-1
3206.0,2.3e-05,1.6e-05,0.027857503912724315,0.02076351027109583,0.014290291696184738,0.027748506449681905,0.020550739769403085,0.014015981298540153,2.238443563942373e-05,2.1382618510910216e-05,3.7065348549390554e-05,0,normal,-1
3207.0,2.3e-05,1.6e-05,0.0278997274679581,0.02082678618879655,0.014312813905367006,0.02706187079490886,0.021308721222146863,0.014389914964286087,2.235119657713516e-05,2.1449822617522868e-05,3.709454546471992e-05,0,normal,-1
3208.0,2.3e-05,1.6e-05,0.02794374548166078,0.02088424698774258,0.014337317864949687,0.027608207534137313,0.02078457573404145,0.014812122892621018,2.2329946207334e-05,2.1504015852884495e-05,3.7126285363614456e-05,0,normal,-1
3209.0,2.3e-05,1.6e-05,0.027988875036572915,0.020937306621028218,0.014362943095430165,0.027390650620084517,0.021046072877768027,0.013942459218991001,2.231740084164715e-05,2.154902421317591e-05,3.7159448641071967e-05,0,normal,-1
3210.0,2.3e-05,1.6e-05,0.02803461891795473,0.020986980620281603,0.01438910324056437,0.02846456658881721,0.020857139756503728,0.013143058861783727,2.2311180789936878e-05,2.1587525913920464e-05,3.71932736841136e-05,0,normal,-1
3211.0,2.3e-05,1.6e-05,0.028080615561958733,0.021033998674776514,0.014415404103008522,0.02860190608114122,0.019778071824536156,0.013952025297195665,2.2309563957537458e-05,2.1621391532302377e-05,3.722724969232932e-05,0,normal,-1
3212.0,2.3e-05,1.6e-05,0.028126602759560613,0.021078884946412517,0.014441586009421088,0.028350493266543902,0.022314579640285607,0.015085678816591558,2.2311306653315405e-05,2.16519213585672e-05,3.7261041259923546e-05,0,normal,-1
3213.0,2.3e-05,1.6e-05,0.028172387286750988,0.021122024126401778,0.014467477198004279,0.02851012596556548,0.020589840527925396,0.01396554404321142,2.231549351329218e-05,2.1680035946616237e-05,3.729442750414243e-05,0,normal,-1
3214.0,2.3e-05,1.6e-05,0.02821783069307744,0.021163691788529147,0.014492972921830908,0.028895285942175285,0.021784507511987437,0.014745979688665816,2.232146812165488e-05,2.170636346771679e-05,3.7327274622706916e-05,0,normal,-1
3215.0,2.3e-05,1.6e-05,0.02826282968724936,0.021204095976678158,0.014518006930762762,0.028653624080277967,0.02151732539282234,0.01503266167992583,2.232873662895116e-05,2.1731356181589227e-05,3.7359498796285674e-05,0,normal,-1
3216.0,2.3e-05,1.6e-05,0.02830731151107844,0.021243386493034394,0.014542545636905817,0.028542559064065734,0.021082028388921165,0.014515088500759618,2.2336945894067236e-05,2.1755316392782563e-05,3.739105845574382e-05,0,normal,-1
3217.0,2.3e-05,1.6e-05,0.028351222290215493,0.021281678929204902,0.014566572231639057,0.02757425428144044,0.020538643899384992,0.01453299339940502,2.2345827052828008e-05,2.1778462210690424e-05,3.7421933691423744e-05,0,normal,-1
3218.0,2.3e-05,1.6e-05,0.02839452393813697,0.02131906065058671,0.014590083140040913,0.027534656797313775,0.020360845483597474,0.014683790016737476,2.2355181120408082e-05,2.1800943546664918e-05,3.7452121607690714e-05,0,normal,-1
3219.0,2.3e-05,1.6e-05,0.02843719097769114,0.021355596881259355,0.014613084479302587,0.028418512179223015,0.021989079643821532,0.01509436168275855,2.236486427902414e-05,2.1822858107383882e-05,3.748163171036171e-05,0,normal,-1
3220.0,2.3e-05,1.6e-05,0.02847920429231606,0.021391343083334975,0.01463558435630159,0.028956707857253454,0.02124484229849404,0.014261760797818846,2.237475838780728e-05,2.1844284158740977e-05,3.7510475987997306e-05,0,normal,-1
3221.0,2.3e-05,1.6e-05,0.02852055330669871,0.021426340161784418,0.014657596368270366,0.028592769900872065,0.020891468428968902,0.014610952972803333,2.2384781947823082e-05,2.1865267243358463e-05,3.7538673386958904e-05,0,normal,-1
3222.0,2.3e-05,1.6e-05,0.028561232101707208,0.021460621910882195,0.01467913523556104,0.02865674685796692,0.02076484365230705,0.015480157932631591,2.2394872158562377e-05,2.1885839413906058e-05,3.756624419976487e-05,0,normal,-1
3223.0,2.3e-05,1.6e-05,0.02860123711668345,0.02149421919968999,0.01470021457642952,0.027984659619819045,0.021460729036341167,0.014948545862320996,2.2404974659951798e-05,2.1906029639122957e-05,3.759320721817681e-05,0,normal,-1
3224.0,2.3e-05,1.6e-05,0.028640569017680757,0.021527156099727416,0.014720849520729514,0.028303116818502345,0.021364375469692796,0.014076656178493232,2.241505255895869e-05,2.1925853376500078e-05,3.7619583081473594e-05,0,normal,-1
3225.0,2.3e-05,1.6e-05,0.028679231087151518,0.021559452856558,0.014741055099573692,0.029383958773919805,0.02115900757120139,0.013899282256299267,2.2425079174515332e-05,2.1945320010683728e-05,3.764539221688115e-05,0,normal,-1
3226.0,2.3e-05,1.6e-05,0.028717227332284535,0.021591129071660293,0.0147608448573333,0.02853472941248635,0.02231333793009855,0.014706881106416408,2.2435030027713614e-05,2.196444023020719e-05,3.767065307230961e-05,0,normal,-1
3227.0,2.3e-05,1.6e-05,0.028754562777840893,0.02162220302755914,0.014780231381742474,0.02860256640434171,0.02205877760200869,0.014860094277853186,2.2444884358844463e-05,2.1983224087638344e-05,3.7695382801849326e-05,0,normal,-1
3228.0,2.3e-05,1.6e-05,0.028791244695234575,0.021652689436924256,0.01479922754172874,0.028343931993576665,0.021240554138644997,0.014858259730886374,2.2454630591594565e-05,2.2001675403965254e-05,3.771959885002381e-05,0,normal,-1
3229.0,2.3e-05,1.6e-05,0.028827281052459228,0.02168260214221291,0.014817845203004274,0.029634566380185853,0.022065471732704116,0.015614959467779908,2.246425963143495e-05,2.20197981855008e-05,3.7743317317459324e-05,0,normal,-1
3230.0,2.3e-05,1.6e-05,0.028862679925537843,0.021711954785716005,0.014836095347158051,0.02839424566544819,0.02202576338598262,0.015110247412426779,2.247376288198966e-05,2.2037597506630012e-05,3.776655311893158e-05,0,normal,-1
3231.0,2.3e-05,1.6e-05,0.0288974495069606,0.02174076078201542,0.014853988101501547,0.029266459694034828,0.022539978116149665,0.014994119125812258,2.248313230002279e-05,2.2055079414276792e-05,3.778932002698852e-05,0,normal,-1
3232.0,2.3e-05,1.6e-05,0.028931598670382398,0.02176903225152235,0.014871533388029623,0.02820439368387084,0.02197862248907582,0.01579021707161866,2.2492362954943682e-05,2.2072248180151883e-05,3.781163150220302e-05,0,normal,-1
3233.0,2.3e-05,1.6e-05,0.028965137114949708,0.021796780188443405,0.01488874033086784,0.027982090138025793,0.02228960485739563,0.014872817176689297,2.2501452984929508e-05,2.208910752430431e-05,3.783349994289416e-05,0,normal,-1
3234.0,2.3e-05,1.6e-05,0.028998074494600977,0.02182401546666508,0.01490561742565049,0.029064987761711774,0.022610506654901944,0.01508157394262121,2.251040064639384e-05,2.210566195419044e-05,3.785493690481054e-05,0,normal,-1
3235.0,2.3e-05,1.6e-05,0.02903042038312266,0.021850748698343452,0.014922172871727785,0.028792967103526832,0.022171993748819473,0.015188645203227751,2.251920448060555e-05,2.212191600620339e-05,3.787595352650763e-05,0,normal,-1
3236.0,2.3e-05,1.6e-05,0.029062184274149232,0.021876990233904173,0.014938414572165852,0.029603065891227107,0.021792232875900045,0.015000192026913972,2.2527863313030577e-05,2.2137874246185e-05,3.78965605317802e-05,0,normal,-1
3237.0,2.3e-05,1.6e-05,0.02909337559316518,0.021902750139048348,0.014954350150118345,0.02941392131014102,0.0211151957778548,0.014448497712437003,2.2536376307542885e-05,2.2153541207177333e-05,3.791676825274113e-05,0,normal,-1
3238.0,2.3e-05,1.6e-05,0.029124004115090054,0.02192803764049881,0.01496998708021587,0.029729814085486382,0.022622532290184547,0.015386625752490952,2.2544744488091424e-05,2.2168920297883356e-05,3.7936586798469276e-05,0,normal,-1
3239.0,2.3e-05,1.6e-05,0.02915407960476551,0.02195286216416345,0.014985331617589559,0.029109631000286407,0.021178277996174232,0.014046573896124312,2.2552968546614984e-05,2.218401716474289e-05,3.795602470032689e-05,0,normal,-1
3240.0,2.3e-05,1.6e-05,0.029183611632635616,0.021977233068892134,0.015000389706698097,0.029109603808928398,0.022368388549805062,0.014485169629902978,2.2561048971941214e-05,2.219883781549136e-05,3.797509006733943e-05,0,normal,-1
3241.0,2.3e-05,1.6e-05,0.029212609693527913,0.022001159309782806,0.01501516734323688,0.029131928317915817,0.022262174364402178,0.015462609201418178,2.2568986762916147e-05,2.2213387508011287e-05,3.7993791045960486e-05,0,normal,-1
3242.0,2.3e-05,1.6e-05,0.02924108320665345,0.02202464943818149,0.015029670574137994,0.03036374502807848,0.02242432460344944,0.01534908029590198,2.257678342755476e-05,2.2227670753480227e-05,3.801213582076754e-05,0,normal,-1
3243.0,2.3e-05,1.6e-05,0.029269041515606765,0.0220477116016823,0.015043905497570238,0.02903481309779169,0.022601599467304084,0.014583468279509347,2.2584440982240693e-05,2.2241691319358854e-05,3.8030132615143585e-05,0,normal,-1
3244.0,2.3e-05,1.6e-05,0.02929649388836588,0.022070353544127407,0.015057878262939106,0.02991582743980779,0.02134692243914288,0.01485348598941935,2.2591961950973888e-05,2.2255452232225974e-05,3.804778969194452e-05,0,normal,-1
3245.0,2.3e-05,1.6e-05,0.029323449527333564,0.02209258276535346,0.01507159481555085,0.02843328228022077,0.022049193751308382,0.015626429458398188,2.2599349130720084e-05,2.2268956438739065e-05,3.806511503171149e-05,0,normal,-1
3246.0,2.3e-05,1.6e-05,0.02934991735363934,0.022114407483808694,0.0150850597641379,0.028286840033407815,0.022138825460672862,0.014278567251961144,2.2606603750361934e-05,2.228221012682062e-05,3.80821149045676e-05,0,normal,-1
3247.0,2.3e-05,1.6e-05,0.029375905978002773,0.022135835937222525,0.015098277538047523,0.02934804289384224,0.02300703355979311,0.015099668885914788,2.2613726519978755e-05,2.229521977578442e-05,3.8098795334666595e-05,0,normal,-1
3248.0,2.3e-05,1.6e-05,0.02940142396325194,0.022156875943982326,0.01511125270000961,0.028951497648286237,0.02125418208107914,0.014906747304594995,2.2620718726359058e-05,2.2307990966653203e-05,3.811516249569879e-05,0,normal,-1
3249.0,2.3e-05,1.6e-05,0.029426479832862167,0.022177534905951167,0.015123989930050617,0.028320796480876875,0.02165610565687892,0.015019959858337501,2.262758224109632e-05,2.232052841529088e-05,3.813122269079771e-05,0,normal,-1
3250.0,2.3e-05,1.6e-05,0.029451082070956033,0.02219781980846783,0.015136494025493585,0.030386294538209072,0.022130774768015327,0.014873842429294973,2.263431951979265e-05,2.2332835975375742e-05,3.814698235277468e-05,0,normal,-1
3251.0,2.3e-05,1.6e-05,0.029475239122303355,0.022217737220346808,0.015148769900958122,0.030079351928596246,0.0222750873968118,0.015380961469610393,2.2640933601311473e-05,2.23449166412198e-05,3.8162448044357845e-05,0,normal,-1
3252.0,2.3e-05,1.6e-05,0.02949895939232121,0.02223729329387829,0.015160822588360413,0.030049153914401307,0.023069278857768147,0.015086603587324087,2.2647428107076975e-05,2.23567725504407e-05,3.817762645843496e-05,0,normal,-1
3253.0,2.3e-05,1.6e-05,0.02952225107541063,0.02225649426101129,0.015172656797793865,0.0296203452438242,0.021680598369560978,0.015182688722761246,2.2653806199282586e-05,2.236840646317867e-05,3.819252386562463e-05,0,normal,-1
3254.0,2.3e-05,1.6e-05,0.029545121710397713,0.022275347533304672,0.015184275989364384,0.0299666540044039,0.021631743628102756,0.015666549979954897,2.2660068174576078e-05,2.237982496114727e-05,3.820714494784337e-05,0,normal,-1
3255.0,2.3e-05,1.6e-05,0.029567578752757402,0.022293860146394735,0.015195683765438742,0.029176061427311665,0.02213234076577061,0.015295290072790946,2.2666214783342363e-05,2.2391033788989818e-05,3.822149455269574e-05,0,normal,-1
3256.0,2.3e-05,1.6e-05,0.029589629637717597,0.02231203874958278,0.01520688385739839,0.02974235137551655,0.022362784844035456,0.015806632477831022,2.2672247343630016e-05,2.2402037861426088e-05,3.8235577676851784e-05,0,normal,-1
3257.0,2.3e-05,1.6e-05,0.029611281777152387,0.022329889616616302,0.015217880115800145,0.02978302056716991,0.021465099207554125,0.014491303343592775,2.267816771882122e-05,2.2412841298274675e-05,3.8249399453753446e-05,0,normal,-1
3258.0,2.3e-05,1.6e-05,0.029632542559582045,0.022347418645689,0.01522867651037618,0.030340110597898033,0.022104607303452387,0.015885564346567984,2.268397831699928e-05,2.242344742677662e-05,3.8262965153716795e-05,0,normal,-1
3259.0,2.3e-05,1.6e-05,0.029653419350173016,0.02236463135944078,0.015239277130034035,0.03000362190032494,0.02260688171259122,0.014515872517282109,2.2689682090355506e-05,2.2433858783799482e-05,3.827628018404103e-05,0,normal,-1
3260.0,2.3e-05,1.6e-05,0.029673919490737936,0.022381532904957736,0.0152496861828566,0.029301342856777206,0.023030343758822385,0.015722781561169887,2.269528253463321e-05,2.2444077117926845e-05,3.828935008912358e-05,0,normal,-1
3261.0,2.3e-05,1.6e-05,0.029694050159479107,0.02239812840011585,0.015259907728329985,0.029290106621640034,0.021565313917205634,0.015363316187763366,2.2700782931593915e-05,2.245410435732361e-05,3.83021802145281e-05,0,normal,-1
3262.0,2.3e-05,1.6e-05,0.02971381780926901,0.022414424238148017,0.01526994466677269,0.03055257274366397,0.02332878972754889,0.016274374651827572,2.2706183446704952e-05,2.2463946249165176e-05,3.831477443981881e-05,0,normal,-1
3263.0,2.3e-05,1.6e-05,0.029733228811996585,0.022430426534089973,0.01527979995642216,0.02932154655490665,0.022237514037500395,0.01643561315172079,2.2711484550621076e-05,2.2473607997689934e-05,3.832713670769725e-05,0,normal,-1
3264.0,2.3e-05,1.6e-05,0.029752289539175043,0.022446141037725503,0.015289476693068548,0.029288883094861738,0.02205430339605452,0.016298338541164067,2.2716687279495306e-05,2.248309400398019e-05,3.8339271123982315e-05,0,normal,-1
3265.0,2.3e-05,1.6e-05,0.029771006348560936,0.022461573169886406,0.01529897808226255,0.029909534527998945,0.02284471531280857,0.014503111553991494,2.2721793157146276e-05,2.2492407968669078e-05,3.8351181922759e-05,0,normal,-1
3266.0,2.3e-05,1.6e-05,0.02978938558415416,0.022476728022452493,0.015308307439315426,0.02898653625835271,0.023242726037266213,0.015240478911987557,2.272680419456533e-05,2.250155289370352e-05,3.8362873466424626e-05,0,normal,-1
3267.0,2.3e-05,1.6e-05,0.029807433576197948,0.022491610358351576,0.015317468189298982,0.02907262316112732,0.022108965011773077,0.015294144454787608,2.2731722889453958e-05,2.2510531084017603e-05,3.83743502457413e-05,0,normal,-1
3268.0,2.3e-05,1.6e-05,0.02982515664117888,0.022506224611559496,0.015326463867045585,0.030194771713567322,0.0227036665124898,0.015027643421420645,2.2736552225790002e-05,2.251934414912003e-05,3.838561687989433e-05,0,normal,-1
3269.0,2.3e-05,1.6e-05,0.02984256106503137,0.02252057492737044,0.015335298087635708,0.03013082318668899,0.02197868930398945,0.016173293962251225,2.27412955848005e-05,2.2527993113993612e-05,3.8396678079608945e-05,0,normal,-1
3270.0,2.3e-05,1.6e-05,0.02985965258000143,0.022534666369382197,0.015343973651821653,0.030087465616026293,0.02132572383266674,0.014674235611507233,2.274595405843548e-05,2.2536481713584673e-05,3.840753752766285e-05,0,normal,-1
3271.0,2.3e-05,1.6e-05,0.02987643655568105,0.022548504420910647,0.015352492906293272,0.031059364920964023,0.02306626571410201,0.015427526140857791,2.2750527522303808e-05,2.254481504249823e-05,3.8418198331327595e-05,0,normal,-1
3272.0,2.3e-05,1.6e-05,0.02989291840507536,0.02256209414075165,0.015360858394052374,0.03028935465871532,0.022803213825275285,0.01544853013576105,2.2755016577399194e-05,2.2552997212363222e-05,3.842866383687321e-05,0,normal,-1
3273.0,2.3e-05,1.6e-05,0.029909103536276554,0.022575440297523938,0.015369072760233013,0.030481902168870333,0.022902963972209565,0.015415688183917859,2.27594222659446e-05,2.2561031711646804e-05,3.8438937511633714e-05,0,normal,-1
3274.0,2.3e-05,1.6e-05,0.029924997352463876,0.0225885473696691,0.015377138752101498,0.029368392171201827,0.022379198878251835,0.015610029296528756,2.2763746070995445e-05,2.2568921407015334e-05,3.844902294401684e-05,0,normal,-1
3275.0,2.3e-05,1.6e-05,0.02994060525190362,0.022601419545451605,0.015385059219056389,0.02979466584601348,0.022496017010000813,0.015285881384506029,2.2767989916066786e-05,2.2576668544626928e-05,3.845892384351964e-05,0,normal,-1
3276.0,2.3e-05,1.6e-05,0.029955932627949152,0.022614060722958785,0.015392837112628502,0.029467307109319385,0.021774457881515972,0.015166431467648765,2.2772156164783336e-05,2.258427475135849e-05,3.846864404074933e-05,0,normal,-1
3277.0,2.3e-05,1.6e-05,0.029970984869040877,0.022626474510100834,0.015400475486480903,0.030115084850829154,0.023113450344533625,0.01576006897736581,2.2776247620550956e-05,2.2591741035969825e-05,3.847818748744931e-05,0,normal,-1
3278.0,2.3e-05,1.6e-05,0.029985767285808016,0.022638664393711677,0.015407977374207637,0.03020514671779669,0.022882689060355434,0.015280667838088168,2.278026715107943e-05,2.2599068245430152e-05,3.848755810390644e-05,0,normal,-1
3279.0,2.3e-05,1.6e-05,0.030000284537631768,0.022650635024185104,0.015415344847872502,0.029780129358376983,0.02249577885018194,0.015561543798660468,2.2784214808366004e-05,2.2606260542896336e-05,3.84967586036119e-05,0,normal,-1
3280.0,2.3e-05,1.6e-05,0.030014541152894005,0.022662391012889378,0.015422579889792589,0.030000154562937035,0.022791438901396285,0.01567445308571328,2.2788090501154476e-05,2.261332216297668e-05,3.850579158314863e-05,0,normal,-1
3281.0,2.3e-05,1.6e-05,0.030028541694256998,0.02267393663525829,0.015429684633290546,0.030372916075545594,0.023025854913703993,0.016319889721806227,2.27918947112169e-05,2.262025657243935e-05,3.85146598229205e-05,0,normal,-1
3282.0,2.3e-05,1.6e-05,0.030042290728354067,0.022685275906601948,0.015436661309548632,0.030213205299942782,0.02273744531377549,0.01643284629252946,2.279562832847552e-05,2.2627066672882495e-05,3.852336622074175e-05,0,normal,-1
3283.0,2.3e-05,1.6e-05,0.030055792825789563,0.022696412582106782,0.01544351224760872,0.030393269645656855,0.022860521006405864,0.01624033082613525,2.2799292650689892e-05,2.2633754801761622e-05,3.853191379182465e-05,0,normal,-1
3284.0,2.3e-05,1.6e-05,0.03006905256113889,0.022707350156835525,0.01545023987437229,0.030015143164091235,0.022533255071782513,0.015518040877985305,2.2802889383162724e-05,2.2640322733365423e-05,3.854030566877231e-05,0,normal,-1
3285.0,2.3e-05,1.6e-05,0.03008207451294849,0.02271809186572723,0.015456846714600436,0.02972717682624059,0.02289178512808711,0.01537163923549032,2.280642063846346e-05,2.2646771679742516e-05,3.8548545101576233e-05,0,normal,-1
3286.0,2.3e-05,1.6e-05,0.030094863263735835,0.022728640683597257,0.015463335390913864,0.029594009588069105,0.024209487784290572,0.015189315272097995,2.280988893616863e-05,2.2653102291580583e-05,3.855663545761841e-05,0,normal,-1
3287.0,2.3e-05,1.6e-05,0.030107423342678297,0.0227389994567286,0.015469708529283257,0.029666902078335604,0.022477432371504794,0.01493478032304298,2.2813296910188127e-05,2.265931501143226e-05,3.856458010387555e-05,0,normal,-1
3288.0,2.3e-05,1.6e-05,0.030119758663524027,0.022749172156300287,0.01547596784678572,0.030422889422048762,0.023303550488669784,0.015457669804818726,2.2816644498659902e-05,2.2665413448460032e-05,3.8572381270207906e-05,0,normal,-1
3289.0,2.3e-05,1.6e-05,0.03013187299957252,0.022759162785044283,0.015482114936434083,0.03037784629368551,0.023534694858135877,0.014324408693660064,2.2819931373090464e-05,2.2671401448587948e-05,3.858004102847611e-05,0,normal,-1
3290.0,2.3e-05,1.6e-05,0.030143770173930946,0.022768975017162463,0.015488151551055538,0.030006941538241554,0.022117725935873002,0.015098146241881811,2.2823157790123424e-05,2.267728209151318e-05,3.8587561646408514e-05,0,normal,-1
3291.0,2.3e-05,1.6e-05,0.030155454022189457,0.022778612289958526,0.01549407953942156,0.03021455766329705,0.022972895870797403,0.015649053756288587,2.2826324391608367e-05,2.268305793397193e-05,3.8594945507940676e-05,0,normal,-1
3292.0,2.3e-05,1.6e-05,0.030166928392421175,0.022788077803837972,0.015499900846247909,0.029388621012372326,0.022553663845916186,0.015355031024348787,2.282943220434553e-05,2.2688731010536958e-05,3.8602195113187306e-05,0,normal,-1
3293.0,2.3e-05,1.6e-05,0.030178197145182207,0.02279737452230812,0.015505617512194621,0.030233400414646484,0.022643780922871143,0.01430116877223005,2.283248263984542e-05,2.269430283437534e-05,3.860931307841887e-05,0,normal,-1
3294.0,2.3e-05,1.6e-05,0.030189264153511638,0.02280650517197809,0.015511231673866024,0.030347666297891103,0.023197441671414527,0.015480636170216904,2.2835477494102845e-05,2.2699774397968176e-05,3.861630213604265e-05,0,normal,-1
3295.0,2.3e-05,1.6e-05,0.03020013330293153,0.022815472242558824,0.015516745563810717,0.029711160707448732,0.0232193729308774,0.015231119351753516,2.2838418947384363e-05,2.2705146173793647e-05,3.862316513458775e-05,0,normal,-1
3296.0,2.3e-05,1.6e-05,0.03021080848618973,0.022824277998950388,0.015522161501887618,0.0304413648672029,0.023640736275422503,0.0156951119080972,2.2841309537211066e-05,2.271041814719706e-05,3.8629905027950455e-05,0,normal,-1
3297.0,2.3e-05,1.6e-05,0.030221293160097317,0.022832925475644805,0.015527481176751337,0.02970562914755261,0.02314155047280611,0.015471581740286063,2.2844149935776773e-05,2.2715592480044262e-05,3.863652398146759e-05,0,normal,-1
3298.0,2.3e-05,1.6e-05,0.03023159041493319,0.022841418282626272,0.015532705773062623,0.03051944301694904,0.02312089337025567,0.016134013512701516,2.2846939358458986e-05,2.2720673008859125e-05,3.8643023530912986e-05,0,normal,-1
3299.0,2.3e-05,1.6e-05,0.030241703431438165,0.022849759634328635,0.015537836691984571,0.03028387756548737,0.02560223689631029,0.014941049083151544,2.284967777185141e-05,2.272566261440238e-05,3.8649405479179274e-05,1,sens_noise_burst,13
3300.0,2.3e-05,1.6e-05,0.030251635410626154,0.02285795252642362,0.015542875430085718,0.030694644003360427,0.027560080815580194,0.01586412763826502,2.2852365511626873e-05,2.2730563685675255e-05,3.865567174552243e-05,1,sens_noise_burst,13
3301.0,2.3e-05,1.6e-05,0.03026138957378419,0.022865999735820836,0.015547823579340049,0.030689679744325012,0.025750690024197498,0.015102762308452714,2.285500328232371e-05,2.2735378120553682e-05,3.866182436552359e-05,1,sens_noise_burst,13
3302.0,2.3e-05,1.6e-05,0.030270969162472405,0.022873903820667788,0.01555268282712699,0.03101485792586689,0.02698153216268076,0.015413289219025746,2.285759215714428e-05,2.2740107326390826e-05,3.866786549105516e-05,1,sens_noise_burst,13
3303.0,2.3e-05,1.6e-05,0.030280377438524037,0.022881667120349853,0.015557454956231417,0.030080433538949184,0.019558693201912544,0.015184974556474938,2.286013357776544e-05,2.2744752220589553e-05,3.867379739025088e-05,1,sens_noise_burst,13
3304.0,2.3e-05,1.6e-05,0.03028961768404543,0.022889291755490298,0.015562141844843646,0.030718018195697794,0.025921995102324027,0.015391045797792463,2.2862629354160165e-05,2.2749313231145996e-05,3.8679622447479735e-05,1,sens_noise_burst,13
3305.0,2.3e-05,1.6e-05,0.030298693201416035,0.02289677962795028,0.015566745466559442,0.030152136690140042,0.019876054914015357,0.015264020237867977,2.2865081664429568e-05,2.275379029716495e-05,3.8685343163323387e-05,1,sens_noise_burst,13
3306.0,2.3e-05,1.6e-05,0.030307607198515774,0.022904132679399145,0.015571267704366643,0.0303422336009399,0.026306559743892195,0.015237087022147485,2.2867492478062514e-05,2.275818355924953e-05,3.8690961923457016e-05,1,sens_noise_burst,13
3307.0,2.3e-05,1.6e-05,0.030316362264550718,0.02291135404314297,0.01557570951202571,0.030269027551812246,0.023890969389046644,0.014865068656582287,2.286986096797425e-05,2.276249644748735e-05,3.869647995705976e-05,1,sens_noise_burst,13
3308.0,2.3e-05,1.6e-05,0.030324960999060593,0.02291844663827425,0.015580071929419749,0.029892000798799813,0.029373231629691392,0.015555419672693548,2.28721866539048e-05,2.2766731922606092e-05,3.870189859878396e-05,1,sens_noise_burst,13
3309.0,2.3e-05,1.6e-05,0.03033340605128649,0.022925413126879304,0.015584356129219842,0.030435568482275688,0.022088827309366114,0.015056386664972853,2.2874469529078227e-05,2.277089233777814e-05,3.870721934666629e-05,1,sens_noise_burst,13
3310.0,2.3e-05,1.6e-05,0.03034170009771607,0.022932255966463422,0.015588563379805251,0.030951336699153245,0.02616694440451832,0.01590129179136551,2.2876709944365624e-05,2.2774979578055386e-05,3.871244381600983e-05,1,sens_noise_burst,13
3311.0,2.3e-05,1.6e-05,0.03034984584208357,0.022938977409950868,0.015592695045263416,0.03021594036475166,0.026573640847712594,0.015838374063202182,2.2878908608113217e-05,2.277899506085824e-05,3.8717573739343926e-05,1,sens_noise_burst,13
3312.0,2.3e-05,1.6e-05,0.030357846015369786,0.022945579505684877,0.015596752585389964,0.030910095069067105,0.023377227217672422,0.016204131406305264,2.2881066585980307e-05,2.2782939736440296e-05,3.8722610966387846e-05,1,sens_noise_burst,13
3313.0,2.3e-05,1.6e-05,0.03036570337580209,0.02295206409742765,0.015600737555688696,0.02905978496547086,0.02381471214200241,0.016090829796537517,2.2883185300786767e-05,2.278681408832981e-05,3.872755746401779e-05,1,sens_noise_burst,13
3314.0,2.3e-05,1.6e-05,0.030373420708854425,0.02295843282436037,0.0156046516073716,0.031192194249665506,0.018895026272575034,0.015807433317953708,2.288526653236934e-05,2.2790618133748604e-05,3.873241531623726e-05,1,sens_noise_burst,13
3315.0,2.3e-05,1.6e-05,0.030381000827247293,0.02296468712108318,0.015608496487358839,0.02980649904432859,0.022601988165011393,0.01681198590664631,2.2887312417446127e-05,2.2794351424008924e-05,3.873718672415053e-05,1,sens_noise_burst,13
3316.0,2.3e-05,1.6e-05,0.030388446276936584,0.02297082887371229,0.015612273564911152,0.030621496301917482,0.024902132218621358,0.01576056391937141,2.288932398356357e-05,2.2798014794521952e-05,3.8741873418607784e-05,1,sens_noise_burst,13
3317.0,2.3e-05,1.6e-05,0.03039575910061963,0.022976860919605137,0.015615983461366185,0.031117548380142898,0.019224596101553217,0.015714151766593718,2.2891300013791606e-05,2.280161171124387e-05,3.8746476201182766e-05,1,sens_noise_burst,13
3318.0,2.3e-05,1.6e-05,0.03040294146545579,0.022982785676135927,0.015619627049856656,0.02967751056203227,0.018885384481518358,0.015263620653680093,2.289324013134097e-05,2.2805144597028046e-05,3.8750996184861096e-05,1,sens_noise_burst,13
3319.0,2.3e-05,1.6e-05,0.030409995572686876,0.02298860536563653,0.015623205301137123,0.03060408694084515,0.026907189219588713,0.01564870366959751,2.289514431280965e-05,2.2808615419523436e-05,3.875543460265567e-05,1,sens_noise_burst,13
3320.0,2.3e-05,1.6e-05,0.030416923657009577,0.022994322016825577,0.01562671928256292,0.031100254425799112,0.027995280877030505,0.016357050480882377,2.2897012884860687e-05,2.2812025695374794e-05,3.875979280629651e-05,1,sens_noise_burst,13
3321.0,2.3e-05,1.6e-05,0.03042372798657551,0.022999937464808454,0.015630170158090165,0.030486497514190632,0.02523910780714287,0.0159526700646718,2.2898846524081745e-05,2.2815376490606643e-05,3.8764072266190926e-05,1,sens_noise_burst,13
3322.0,2.3e-05,1.6e-05,0.030430410862991187,0.0230054533510773,0.015633559188275744,0.03038069046460328,0.019590227724662526,0.015823467637647654,2.29006462568527e-05,2.2818668420988102e-05,3.876827457138702e-05,1,sens_noise_burst,13
3323.0,2.3e-05,1.6e-05,0.030436974621318027,0.023010871123511027,0.015636887730277334,0.030456650233539634,0.018021209912228855,0.014856962835114711,2.2902413459220933e-05,2.28219016523795e-05,3.877240142954009e-05,1,sens_noise_burst,13
3324.0,2.3e-05,1.6e-05,0.030443421630072354,0.023016192036375286,0.01564015723785338,0.030575964420645415,0.02438859580187541,0.014000213374957724,2.2904149856783842e-05,2.2825075901061077e-05,3.877645466688191e-05,1,sens_noise_burst,13
3325.0,2.3e-05,1.6e-05,0.0304497542870231,0.023021417159778297,0.015643369254576645,0.03073480856049206,0.026005870407491343,0.014985241098634063,2.2905857503519812e-05,2.282819045917138e-05,3.8780436219780836e-05,1,sens_noise_burst,13
3326.0,2.3e-05,1.6e-05,0.030455974585177008,0.023026548342245923,0.015646524718154694,0.030741145191416113,0.01910006632313717,0.015396345859636847,2.290753662860126e-05,2.2831246760017546e-05,3.8784347272501005e-05,1,sens_noise_burst,13
3327.0,2.3e-05,1.6e-05,0.030462084186766415,0.023031588022947184,0.015649624087910482,0.030155108312329287,0.025216311746896064,0.01689608375301991,2.2909186040601266e-05,2.283424788907032e-05,3.878818841559293e-05,1,sens_noise_burst,13
3328.0,2.3e-05,1.6e-05,0.030468084876584874,0.023036538258240313,0.01565266805959091,0.03026217581587922,0.02271447991672466,0.016333227356700578,2.2910805327332187e-05,2.2837195972163585e-05,3.879196053195753e-05,1,sens_noise_burst,13
3329.0,2.3e-05,1.6e-05,0.03047397847837775,0.023041400919269445,0.01565565742682304,0.030936920140070795,0.02359604271981931,0.01496866784040743,2.29123944221231e-05,2.2840092695925613e-05,3.879566462505718e-05,1,sens_noise_burst,13
3330.0,2.3e-05,1.6e-05,0.030479766854842254,0.023046177691964615,0.015658593081114086,0.03121413245584663,0.02808912293506506,0.015389108078704902,2.2913953603696884e-05,2.2842939308101192e-05,3.879930181887486e-05,1,sens_noise_burst,13
3331.0,2.3e-05,1.6e-05,0.030485451907627414,0.02305087007704176,0.015661476011851437,0.030451054018891217,0.023762402134127038,0.015552068934290052,2.2915483496054062e-05,2.2845736617857672e-05,3.880287335787614e-05,1,sens_noise_burst,13
3332.0,2.3e-05,1.6e-05,0.030491035577334086,0.02305547939000271,0.015664307306302628,0.03034583598790669,0.022067772599458895,0.016061748026089947,2.2916985068363372e-05,2.284848499607587e-05,3.880638060697393e-05,1,sens_noise_burst,13
3333.0,2.3e-05,1.6e-05,0.030496519843514956,0.0230600067611352,0.015667088149615357,0.03074316320609584,0.023660616067331244,0.01620552799411637,2.2918459634858684e-05,2.2851184375626344e-05,3.880982505149593e-05,1,sens_noise_burst,13
3334.0,2.3e-05,1.6e-05,0.03050190672467454,0.023064453135512863,0.015669819824817483,0.031010622652694404,0.02967688930066515,0.015067222045116473,2.2919908854741712e-05,2.2853834251631304e-05,3.8813208297154504e-05,1,sens_noise_burst,13
3335.0,2.3e-05,1.6e-05,0.030507198265136027,0.02306881930234091,0.015672503691705565,0.030604776519182777,0.0258374897251518,0.016000884011862792,2.29213346666407e-05,2.2856433759674662e-05,3.881653204387519e-05,1,sens_noise_burst,13
3336.0,2.3e-05,1.6e-05,0.03051239604514183,0.0230731069768164,0.015675140404111658,0.030594778790024604,0.022600921936572132,0.016172874678155626,2.2922736867005247e-05,2.2858984556696333e-05,3.8819797116554934e-05,1,sens_noise_burst,13
3337.0,2.3e-05,1.6e-05,0.030517501407879045,0.023077318279847662,0.015677730279750047,0.030990434653195977,0.020910653931664847,0.01572040019251856,2.2924114262041024e-05,2.286148944454177e-05,3.882300392337783e-05,1,sens_noise_burst,13
3338.0,2.3e-05,1.6e-05,0.030522515815401316,0.0230814549798944,0.015680273858580496,0.03078411910389159,0.020129733563352452,0.015685556677735423,2.2925466384209604e-05,2.2863950335859365e-05,3.8826153147282207e-05,1,sens_noise_burst,13
3339.0,2.3e-05,1.6e-05,0.03052744077349449,0.023085518666708948,0.015682771779852986,0.03108159717716523,0.02408436488074813,0.015372344721717236,2.2926793108642045e-05,2.2866368712858857e-05,3.88292455936438e-05,1,sens_noise_burst,13
3340.0,2.3e-05,1.6e-05,0.03053227783167664,0.023089510751336247,0.015685224782107716,0.030596527761474045,0.023654227368644254,0.015626372071852798,2.292809465303654e-05,2.2868745627571044e-05,3.883228219023796e-05,1,sens_noise_burst,13
3341.0,2.3e-05,1.6e-05,0.03053702858319804,0.02309343246611386,0.01568763370317511,0.030449885501251286,0.024069542422951916,0.015392896749896448,2.29293715775616e-05,2.287108170209467e-05,3.883526398720432e-05,1,sens_noise_burst,13
3342.0,2.3e-05,1.6e-05,0.03054169466504118,0.02309728486467196,0.01568999948017581,0.030414671905792296,0.02349682816705911,0.015779037777046805,2.2930624784764993e-05,2.2873377128831073e-05,3.883819215701398e-05,1,sens_noise_burst,13
3343.0,2.3e-05,1.6e-05,0.030546277757920758,0.023101068821933336,0.015692323149520668,0.029961776093097317,0.023080771212216737,0.015887916755864522,2.293185551948781e-05,2.287563167070697e-05,3.8841067994438804e-05,1,sens_noise_burst,13
3344.0,2.3e-05,1.6e-05,0.03055077958628369,0.023104785034113392,0.015694605846910775,0.030842200266946604,0.018140496868796332,0.016729276749631844,2.2933065368783397e-05,2.2877844661385724e-05,3.8843892916523036e-05,1,sens_noise_burst,13
3345.0,2.3e-05,1.6e-05,0.030555201901141228,0.023108434056908,0.015696848779826817,0.03031128126314354,0.02193004848550886,0.016135309535539356,2.2934256176599262e-05,2.2880015106874344e-05,3.884666842851509e-05,1,sens_noise_burst,13
3346.0,2.3e-05,1.6e-05,0.03055954597462352,0.023112017418877116,0.015699052421651927,0.031330361028459465,0.026110174028543223,0.01615504658747572,2.2935427551050363e-05,2.2882144647825505e-05,3.884939512672975e-05,1,sens_noise_burst,13
3347.0,2.3e-05,1.6e-05,0.03056381287620102,0.023115536997442506,0.015701216957928223,0.030124041159935968,0.02130500554029344,0.015499215500765197,2.293657825109211e-05,2.288423590664484e-05,3.8852073251003014e-05,1,sens_noise_burst,13
3348.0,2.3e-05,1.6e-05,0.0305680037961996,0.023118994329586622,0.015703342793529015,0.03057749991152111,0.02412106813233751,0.017287873115401385,2.2937707746106798e-05,2.2886290640792382e-05,3.885470331226701e-05,1,sens_noise_burst,13
3349.0,2.3e-05,1.6e-05,0.030572119972723442,0.023122390778810887,0.015705430433918338,0.03017592047281375,0.02194908962980016,0.016183320082690984,2.2938815846168512e-05,2.2888310184031728e-05,3.8857285945573213e-05,1,sens_noise_burst,13
3350.0,2.3e-05,1.6e-05,0.030576162691655057,0.0231257275351357,0.01570748048515097,0.030562317584311445,0.027485797016305033,0.015528573058027942,2.2939902701957466e-05,2.2890295446641164e-05,3.8859821910058264e-05,1,sens_noise_burst,13
3351.0,2.3e-05,1.6e-05,0.030580133286655268,0.023129005615100413,0.01570949365387243,0.03007465988050187,0.018679839625466967,0.015557149435777238,2.2940968804679164e-05,2.2892246915614352e-05,3.886231208891189e-05,1,sens_noise_burst,13
3352.0,2.3e-05,1.6e-05,0.030584033139163216,0.023132225861763354,0.015711470747318976,0.030070909062025794,0.022036454364499747,0.015796328243218593,2.2942014985988197e-05,2.2894164654851143e-05,3.8864757489346976e-05,1,sens_noise_burst,13
3353.0,2.3e-05,1.6e-05,0.030587863678396367,0.02313538894470182,0.015713412673317603,0.030530212649057736,0.02651515092098222,0.015610817806147556,2.2943042417916443e-05,2.289604830533885e-05,3.886715924257145e-05,1,sens_noise_burst,13
3354.0,2.3e-05,1.6e-05,0.03059162638135049,0.02313849536001207,0.015715320440286045,0.030891678668408935,0.027389152941796134,0.016681646376583963,2.294405261280525e-05,2.2897897085323985e-05,3.886951860376226e-05,1,sens_noise_burst,13
3355.0,2.3e-05,1.6e-05,0.030595322757710652,0.023141545463768502,0.015717195133107823,0.03140108878352004,0.023605304402429104,0.01584977358626433,2.294504734851776e-05,2.289970987928068e-05,3.887183692220783e-05,1,sens_noise_burst,13
3356.0,2.3e-05,1.6e-05,0.030598953850380344,0.023144540570645734,0.015719037117887587,0.03133765534493075,0.025738655383145924,0.017026462198324554,2.294602620878428e-05,2.2901488158528333e-05,3.887411465795043e-05,1,sens_noise_burst,13
3357.0,2.3e-05,1.6e-05,0.030602520493256145,0.02314748237381026,0.015720846457308844,0.029987438557629635,0.02628920398953542,0.015475756692759274,2.2946987873198124e-05,2.2903234445255287e-05,3.887635189562876e-05,1,sens_noise_burst,13
3358.0,2.3e-05,1.6e-05,0.03060602364788429,0.02315037222376338,0.0157226234394945,0.03045044526784975,0.025446034860605746,0.01583518525205146,2.294793174533401e-05,2.2904950384807195e-05,3.887854899846601e-05,1,sens_noise_burst,13
3359.0,2.3e-05,1.6e-05,0.030609464326954283,0.023153211301844296,0.01572436845425335,0.031624474607724565,0.0233395686877668,0.01616587407015577,2.2948857567852232e-05,2.2906637204335423e-05,3.888070645519457e-05,1,sens_noise_burst,13
3360.0,2.3e-05,1.6e-05,0.03061284359429888,0.023156000620230103,0.015726081993080086,0.0303520754516884,0.024422237747818272,0.015133826219989772,2.2949765422427002e-05,2.290829571296957e-05,3.8882824880025543e-05,1,sens_noise_burst,13
3361.0,2.3e-05,1.6e-05,0.03061616256489412,0.02315874102193579,0.0157277646491553,0.030484325577613894,0.023399685230301944,0.014962253435110288,2.295065572967868e-05,2.290992630198167e-05,3.888490501262016e-05,1,sens_noise_burst,13
3362.0,2.3e-05,1.6e-05,0.030619422404859282,0.023161433180814244,0.015729417117345473,0.030355541762203432,0.02485860773845725,0.015574689816391103,2.2951529249109938e-05,2.2911528944942244e-05,3.888694771806293e-05,1,sens_noise_burst,13
3363.0,2.3e-05,1.6e-05,0.030622624331456925,0.023164077601556247,0.015731040194202982,0.030903437772904923,0.020601572439157854,0.015984218258249056,2.2952387079045716e-05,2.291310319786859e-05,3.88889539868365e-05,1,sens_noise_burst,13
3364.0,2.3e-05,1.6e-05,0.030625769613092865,0.023166674619690474,0.0157326347779661,0.03111735265934694,0.021447747816808582,0.016935029164992364,2.295323065657638e-05,2.2914648199365312e-05,3.8890924934798154e-05,1,sens_noise_burst,13
3365.0,2.3e-05,1.6e-05,0.030628859559919272,0.023169224422374103,0.015734201853559844,0.03070810829644176,0.025775788275752092,0.01623248741455868,2.2954061711058685e-05,2.2916162725912222e-05,3.889286178461976e-05,1,sens_noise_burst,13
3366.0,2.3e-05,1.6e-05,0.030631895048687463,0.02317172809257338,0.015735741736815037,0.030298564444788924,0.021054111862831237,0.015866626592981617,2.2954879926591864e-05,2.2917647965703707e-05,3.889476493172217e-05,1,sens_noise_burst,13
3367.0,2.3e-05,1.6e-05,0.030634876710027924,0.0231741871862461,0.015737254376591653,0.031071949028477378,0.016616964632250417,0.01539963164106596,2.295568388098594e-05,2.2919106400807014e-05,3.8896634317852857e-05,1,sens_noise_burst,13
3368.0,2.3e-05,1.6e-05,0.030637805312487044,0.023176602904225595,0.015738739959783612,0.030734656739621342,0.02776088061432339,0.014888175600802933,2.2956472910713497e-05,2.2920539598618227e-05,3.88984701788345e-05,1,sens_noise_burst,13
3369.0,2.3e-05,1.6e-05,0.030640681678579636,0.023178976281697062,0.01574019877593357,0.0299913187636437,0.02648595678889535,0.016449299177125534,2.2957246690154507e-05,2.2921948712687734e-05,3.890027287720103e-05,1,sens_noise_burst,13
3370.0,2.3e-05,1.6e-05,0.030643506684788963,0.023181308188197556,0.015741631217232897,0.030196114169212317,0.023436105241014648,0.01598212910702044,2.2958005231536215e-05,2.2923334482862124e-05,3.8902042902170783e-05,1,sens_noise_burst,13
3371.0,2.3e-05,1.6e-05,0.030646281261566717,0.023183599327616006,0.0157430377785217,0.03128297122784509,0.026795953989627523,0.015628699497667653,2.2958748884876254e-05,2.2924697235419034e-05,3.8903780869621395e-05,1,sens_noise_burst,13
3372.0,2.3e-05,1.6e-05,0.03064900639333303,0.0231858502381932,0.0157444190572888,0.03136776981798717,0.01939875613604871,0.015025209377199525,2.295947833792912e-05,2.2926036883195476e-05,3.890548752206597e-05,1,sens_noise_burst,13
3373.0,2.3e-05,1.6e-05,0.030651683118476467,0.023188061292521787,0.01574577575367176,0.03064906573309734,0.023976614073838852,0.016352713653003108,2.296019461613579e-05,2.2927352925709832e-05,3.8907163728630946e-05,1,sens_noise_burst,13
3374.0,2.3e-05,1.6e-05,0.030654312529354043,0.023190232697546297,0.015747108670456852,0.031059250025328736,0.022266330468944606,0.016013220696774588,2.2960899082576113e-05,2.292864444927745e-05,3.890881048503515e-05,1,sens_noise_burst,13
3375.0,2.3e-05,1.6e-05,0.030656895768904083,0.023192364502044614,0.0157484187076795,0.031138984600468902,0.021456840598418542,0.015016015213714488,2.2961593421207033e-05,2.2929910146958644e-05,3.8910428906899646e-05,1,sens_noise_burst,13
3376.0,2.3e-05,1.6e-05,0.030659433600597363,0.02319445754108406,0.01574970617908606,0.03049561916401049,0.021501019003018474,0.015623852543573305,2.2962277522831736e-05,2.2931150825910217e-05,3.8912019385338715e-05,1,sens_noise_burst,13
3377.0,2.3e-05,1.6e-05,0.030661926479001355,0.023196513271371108,0.01575097092792731,0.030528043934759875,0.025858913997316067,0.015362199533462791,2.2962949847119806e-05,2.293236897492543e-05,3.8913581730150154e-05,1,sens_noise_burst,13
3378.0,2.3e-05,1.6e-05,0.03066437500929421,0.023198532774704163,0.01575221305267302,0.030905128487585306,0.023704035378299772,0.01569142837432173,2.2963609662105915e-05,2.2933566111848014e-05,3.8915116066354975e-05,1,sens_noise_burst,13
3379.0,2.3e-05,1.6e-05,0.030666779853059253,0.023200516969953178,0.015753432755386845,0.03103650486389441,0.01976069245084258,0.015138349090079403,2.2964256573195404e-05,2.2934743343740502e-05,3.89166226468508e-05,1,sens_noise_burst,13
3380.0,2.3e-05,1.6e-05,0.030669141728284968,0.023202466613059674,0.015754630341726333,0.030193162474725053,0.024417276035289023,0.015130059095416898,2.2964890523113603e-05,2.2935901367001396e-05,3.891810185238852e-05,1,sens_noise_burst,13
3381.0,2.3e-05,1.6e-05,0.030671461409365004,0.023204382297036714,0.015755806220942917,0.03054357019864614,0.02453400688163549,0.015948665751800845,2.2965511791858064e-05,2.2937040467476555e-05,3.8919554191550165e-05,1,sens_noise_burst,13
3382.0,2.3e-05,1.6e-05,0.030673739727098182,0.023206264451968918,0.015756960905881925,0.031049062263993572,0.02042114974238076,0.016444807669599062,2.2966120996653533e-05,2.293816052056521e-05,3.8920980300728254e-05,1,sens_noise_burst,13
3383.0,2.3e-05,1.6e-05,0.03067597756868848,0.02320811334501246,0.01575809501298257,0.03144488413954845,0.023559718339406975,0.015953218469858723,2.2966719091909594e-05,2.2939260991320866e-05,3.8922380944106166e-05,1,sens_noise_burst,13
3384.0,2.3e-05,1.6e-05,0.030678175877745042,0.02320992908039506,0.01575920926227795,0.030556638338815684,0.020431437779974727,0.016829493014646712,2.2967307369180742e-05,2.2940340934546894e-05,3.892375701363986e-05,1,sens_noise_burst,13
3385.0,2.3e-05,1.6e-05,0.030680335654165555,0.023211711599673276,0.01576030447720932,0.030319455192025,0.023224308446546632,0.01536372973226045,2.2967887456553305e-05,2.2941398995568558e-05,3.8925109528811216e-05,0,normal,-1
3386.0,2.3e-05,1.6e-05,0.030682457592725906,0.02321346147495626,0.015761381010555315,0.030433146536004745,0.02254125457639042,0.015357562921859327,2.2968459543258574e-05,2.2942435515035617e-05,3.8926438927710394e-05,0,normal,-1
3387.0,2.3e-05,1.6e-05,0.030684541995515586,0.023215180092959732,0.015762438608393527,0.03047864451740455,0.02378786424152174,0.015874227335106413,2.296902196222828e-05,2.2943453021240726e-05,3.8927744899155625e-05,0,normal,-1
3388.0,2.3e-05,1.6e-05,0.030686589329077828,0.02321686844162045,0.015763477291600898,0.03063064736818825,0.023863853538064556,0.01563433655677966,2.2969573912523702e-05,2.294445300520762e-05,3.892902747128327e-05,0,normal,-1
3389.0,2.3e-05,1.6e-05,0.030688600118478033,0.023218527348003084,0.015764497185581736,0.03002989367103298,0.02295189219976743,0.015110548430699665,2.2970114930582882e-05,2.2945436549173446e-05,3.893028680124843e-05,0,normal,-1
3390.0,2.3e-05,1.6e-05,0.030690574947303772,0.023220157478300245,0.015765498520267707,0.031087265636175337,0.023808229657251254,0.01503384119752668,2.2970644890177923e-05,2.2946404326686007e-05,3.893152317520465e-05,0,normal,-1
3391.0,2.3e-05,1.6e-05,0.030692514457664775,0.023221759337832458,0.01576648163011784,0.029634023711119527,0.023524035760371625,0.01572824691653387,2.297116400237472e-05,2.294735660269607e-05,3.89327370082848e-05,0,normal,-1
3392.0,2.3e-05,1.6e-05,0.03069441935019294,0.023223333271048183,0.015767446954118518,0.02986955658063615,0.02339803253538791,0.015950501584362304,2.2971672815495013e-05,2.294829323364542e-05,3.893392884458293e-05,0,normal,-1
3393.0,2.3e-05,1.6e-05,0.030696290384042344,0.023224879461523802,0.015768395035783492,0.03039310327014383,0.02408190816773786,0.015880919631963728,2.2972172215080785e-05,2.294921366755056e-05,3.89350993571373e-05,0,normal,-1
3394.0,2.3e-05,1.6e-05,0.03069812837688921,0.023226397931963624,0.015769326523153864,0.03099454084022666,0.022325793658627358,0.015585478795717032,2.297266342386063e-05,2.295011694408224e-05,3.893624934791442e-05,0,normal,-1
3395.0,2.3e-05,1.6e-05,0.030699934204931938,0.023227888544199878,0.015770242168798108,0.03031157152468161,0.022935686631144724,0.015396730224090526,2.2973148001717722e-05,2.2951001694640214e-05,3.8937379747793924e-05,0,normal,-1
3396.0,2.3e-05,1.6e-05,0.030701708525067394,0.023229351608555545,0.015771142388778515,0.03088394680996974,0.023401165587229048,0.015304688003222067,2.2973626481839233e-05,2.2951867758665987e-05,3.893849107210485e-05,0,normal,-1
3397.0,2.3e-05,1.6e-05,0.030703451513798125,0.02323078844999477,0.015772026850618688,0.030735564929477828,0.02355283744383511,0.016084587816097954,2.297409709918017e-05,2.29527176884815e-05,3.893958291205466e-05,0,normal,-1
3398.0,2.3e-05,1.6e-05,0.030705163518337634,0.02323219998630938,0.01577289550460082,0.029853068429586776,0.02330885103343954,0.015924234811114234,2.297455897714295e-05,2.2953552974475192e-05,3.8940655207909815e-05,0,normal,-1
3399.0,2.3e-05,1.6e-05,0.030706844947880854,0.023233586972381304,0.015773748409016436,0.03132550583174605,0.023386872599717397,0.015732952818717293,2.2975011584882484e-05,2.2954374689971135e-05,3.894170803323889e-05,0,normal,-1
3400.0,2.3e-05,1.6e-05,0.03070849627192364,0.02323495000388597,0.015774585727492126,0.030630563922135503,0.02326244488128599,0.016207260467737936,2.2975454728993656e-05,2.2955183501123442e-05,3.8942741591593656e-05,0,normal,-1
3401.0,2.3e-05,1.6e-05,0.030710118020262772,0.02323628951729229,0.01577540772898959,0.030745815551206486,0.023897014566085607,0.015664094607167993,2.2975888553477344e-05,2.2955979666993005e-05,3.894375621649254e-05,0,normal,-1
3402.0,2.3e-05,1.6e-05,0.030711710782995942,0.023237605789862663,0.0157762147878056,0.030001322898991902,0.02341663818777742,0.015294773479337257,2.297631353970845e-05,2.295676303962069e-05,3.8944752371404996e-05,0,normal,-1
3403.0,2.3e-05,1.6e-05,0.030713275210521772,0.023238898939652988,0.015777007383572017,0.030656432762678116,0.023547055647052142,0.015837751997953214,2.297673050640591e-05,2.2957533064097093e-05,3.894573064973678e-05,0,normal,-1
3404.0,2.3e-05,1.6e-05,0.03071481201353979,0.023240168925512644,0.015777786101255787,0.03115481716214314,0.023225476673053663,0.0156420836352083,2.2977140609604435e-05,2.295828877862874e-05,3.894669177481611e-05,0,normal,-1
3405.0,2.3e-05,1.6e-05,0.030716321963050457,0.023241415547084514,0.015778551631158946,0.03059554309121826,0.023373442657411484,0.01523982703733802,2.297754534262758e-05,2.295902881460047e-05,3.89476365998806e-05,0,normal,-1
3406.0,2.3e-05,1.6e-05,0.030717805688595543,0.02324263888708993,0.015779304448792136,0.030280672391906946,0.022950513183824947,0.01572769599127485,2.297794554619591e-05,2.295975256935165e-05,3.89485657129756e-05,0,normal,-1
3407.0,2.3e-05,1.6e-05,0.03071926327853696,0.02324384018242229,0.015780044182575316,0.03069192913271599,0.023594142726573387,0.01586549323692948,2.2978339455338617e-05,2.296046251845096e-05,3.894947865664476e-05,0,normal,-1
3408.0,2.3e-05,1.6e-05,0.030720694973281358,0.023245020308266428,0.015780770712387017,0.030706473819895445,0.023282231968528452,0.015982789719762802,2.297872609478895e-05,2.2961160194035377e-05,3.8950375283782096e-05,0,normal,-1
3409.0,2.3e-05,1.6e-05,0.03072210108368007,0.023246179962904102,0.015781484037893628,0.031169097946269552,0.022073562601083202,0.016383671253689756,2.2979104869481932e-05,2.2961846671714796e-05,3.895125559510267e-05,0,normal,-1
3410.0,2.3e-05,1.6e-05,0.030723481982309526,0.02324731968691379,0.015782184264682527,0.03128568604574842,0.023161644893004915,0.016149009630769925,2.297947552161258e-05,2.296252262150303e-05,3.895211972201319e-05,0,normal,-1
3411.0,2.3e-05,1.6e-05,0.030724838103471232,0.023248439863170656,0.01578287160426211,0.03131447570505282,0.023553001684926456,0.0160001666690153,2.297983813060724e-05,2.2963188307881563e-05,3.895296792659772e-05,0,normal,-1
3412.0,2.3e-05,1.6e-05,0.03072616994319179,0.02324954071684659,0.015783546374061774,0.030750043108180216,0.023274669270688247,0.014952946542269597,2.2980193113096637e-05,2.2963843589860503e-05,3.8953800601604344e-05,0,normal,-1
3413.0,2.3e-05,1.6e-05,0.03072747805922288,0.02325062231541018,0.015784208997431912,0.03161154824290416,0.023869152347127488,0.016579607556909605,2.2980541222890696e-05,2.2964487921036713e-05,3.8954618270432443e-05,0,normal,-1
3414.0,2.3e-05,1.6e-05,0.030728763071041276,0.02325168456862671,0.015784860003643937,0.02973512017210468,0.022983328309594285,0.016842560529215334,2.298088355095482e-05,2.2965120349649013e-05,3.895542158712085e-05,0,normal,-1
3415.0,2.3e-05,1.6e-05,0.030730025659848836,0.023252727228558177,0.015785500027890254,0.031054499506745322,0.022087646529296474,0.0157235186404633,2.298122152538724e-05,2.2965739518630284e-05,3.895621133633651e-05,0,normal,-1
3416.0,2.3e-05,1.6e-05,0.030731266431436255,0.02325375019004996,0.015786129593781558,0.030569738206809142,0.024221038687248987,0.015420022879819731,2.2981556238897247e-05,2.2966344462182692e-05,3.895698816498744e-05,0,normal,-1
3417.0,2.3e-05,1.6e-05,0.030732485422055613,0.023254754569412645,0.01578674833114923,0.029851193004087548,0.023786281053134847,0.01655088636367907,2.2981886031913877e-05,2.2966937467172707e-05,3.895775161710471e-05,0,normal,-1
3418.0,2.3e-05,1.6e-05,0.03073368277525489,0.02325574122319397,0.015787356048874792,0.030256342956729076,0.023920975979123012,0.0162686441662319,2.2982209809005897e-05,2.2967520145468735e-05,3.895850145766293e-05,0,normal,-1
3419.0,2.3e-05,1.6e-05,0.030734858718176408,0.023256710805971206,0.01578795269512734,0.030854104733300223,0.022841234722848356,0.015212446338056589,2.298252691361152e-05,2.2968093584037923e-05,3.895923762349761e-05,0,normal,-1
3420.0,2.3e-05,1.6e-05,0.030736013540824045,0.023257663815973478,0.015788538324408692,0.030864837934479163,0.023589405145060503,0.01597698405052903,2.2982837026042832e-05,2.2968658465835657e-05,3.895996018262856e-05,0,normal,-1
3421.0,2.3e-05,1.6e-05,0.03073714759606323,0.023258600595081735,0.015789113097553424,0.030539220063600107,0.023474921552911036,0.015039474780979539,2.298314016346167e-05,2.2969215069858603e-05,3.896066933424773e-05,0,normal,-1
3422.0,2.3e-05,1.6e-05,0.030738261299620945,0.023259521328828785,0.01578967728172884,0.030867615168426614,0.022255090974591076,0.015865676192229467,2.2983436679856903e-05,2.2969763271195535e-05,3.8961365408707736e-05,0,normal,-1
3423.0,2.3e-05,1.6e-05,0.03073935513008573,0.023260426046399274,0.01579023125043499,0.030467913446915455,0.02284783868958528,0.01573725777828913,2.2983727266023276e-05,2.297030254107571e-05,3.896204886751105e-05,0,normal,-1
3424.0,2.3e-05,1.6e-05,0.03074042962890767,0.023261314620629678,0.015790775483504656,0.03108238140588594,0.022873330460138334,0.016389273737676513,2.2984012949541493e-05,2.2970831946915084e-05,3.8962720303299805e-05,0,normal,-1
3425.0,2.3e-05,1.6e-05,0.030741485400398404,0.02326218676800833,0.01579131056710337,0.030901978929339796,0.022499526426874434,0.016169972832388087,2.2984295094759283e-05,2.297135015235977e-05,3.896338043984613e-05,0,normal,-1
3426.0,2.3e-05,1.6e-05,0.03074252302694702,0.02326304223438195,0.01579183705930321,0.030195376015692534,0.023758194074257482,0.015107608231983235,2.298457498716163e-05,2.297185590948545e-05,3.896402996620463e-05,0,normal,-1
3427.0,2.3e-05,1.6e-05,0.030743542525658994,0.023263881981996297,0.01579235462973777,0.03083698223253793,0.02404185236969968,0.015519792228985188,2.2984851174632034e-05,2.297235120628109e-05,3.8964668475347384e-05,0,normal,-1
3428.0,2.3e-05,1.6e-05,0.030744543951223873,0.023264706869355452,0.015792863015346072,0.031163270045397807,0.022634913844007277,0.01520107970452427,2.298512242226546e-05,2.2972837767598295e-05,3.896529564329444e-05,0,normal,-1
3429.0,2.3e-05,1.6e-05,0.030745527459011282,0.02326551751864513,0.015793362118328987,0.03039469752483347,0.023634689466181944,0.015836172770297238,2.298538801299517e-05,2.297331670079725e-05,3.8965911349946786e-05,0,normal,-1
3430.0,2.3e-05,1.6e-05,0.030746493268226743,0.023266314396768295,0.01579385194760831,0.03004319834644526,0.02345202615746935,0.015532472128910233,2.2985647566445742e-05,2.297378871037749e-05,3.896651560685363e-05,0,normal,-1
3431.0,2.3e-05,1.6e-05,0.030747441661911703,0.02326709781534517,0.015794332618826776,0.03051689185045666,0.022631798174269774,0.016466719946368346,2.2985901038912686e-05,2.2974254098022145e-05,3.896710855720204e-05,0,normal,-1
3432.0,2.3e-05,1.6e-05,0.030748372986943513,0.02326786793071323,0.015794804354348047,0.03107250321955611,0.022447003708343936,0.016288175640528667,2.2986148723343312e-05,2.2974712762640268e-05,3.896769047580717e-05,0,normal,-1
3433.0,2.3e-05,1.6e-05,0.030749287654035434,0.0232686247439272,0.015795267483256725,0.030526057335261945,0.022654003136320933,0.01540664997099196,2.2986391249318906e-05,2.2975164200407295e-05,3.896826176910301e-05,0,normal,-1
3434.0,2.3e-05,1.6e-05,0.030750186137736647,0.023269368100759063,0.01579572244135834,0.031093079807079652,0.02226182045954913,0.016713073680779057,2.2986629583038064e-05,2.2975607504803695e-05,3.89688229751337e-05,0,normal,-1
3435.0,2.3e-05,1.6e-05,0.03075106897643224,0.023270097691698053,0.015796169771179362,0.029967897408722275,0.02243251818875265,0.015360789900793705,2.298686502730081e-05,2.2976041366651395e-05,3.89693747635453e-05,0,normal,-1
3436.0,2.3e-05,1.6e-05,0.030751936727352408,0.023270813150465634,0.01579661005065322,0.030273187626464016,0.023099168337304264,0.016298919066786162,2.298709900101939e-05,2.2976464335183308e-05,3.8969917847612915e-05,0,normal,-1
3437.0,2.3e-05,1.6e-05,0.03075278941828902,0.02327151525222132,0.015797043024925263,0.030973839292568032,0.022977936521077092,0.015495582641985322,2.2987330356039472e-05,2.2976877994156974e-05,3.89704519133441e-05,0,normal,-1
3438.0,2.3e-05,1.6e-05,0.03075362702179076,0.023272204874486033,0.015797468358282423,0.03089594911098098,0.023375369120328508,0.0157086393105563,2.2987557702122844e-05,2.2977284208811393e-05,3.897097654702222e-05,0,normal,-1
3439.0,2.3e-05,1.6e-05,0.030754449631204005,0.02327288261693219,0.01579788591124519,0.030622410349554242,0.023879602746854568,0.014952135081241066,2.2987780261522573e-05,2.297768411559538e-05,3.8971491576988564e-05,0,normal,-1
3440.0,2.3e-05,1.6e-05,0.030755257404604126,0.023273548924657717,0.015798295651507952,0.030433280229340973,0.02289025294120688,0.01604518079794596,2.2987997593430682e-05,2.297807844858038e-05,3.897199696377736e-05,0,normal,-1
3441.0,2.3e-05,1.6e-05,0.030756050564795467,0.023274204088186052,0.015798697653939004,0.031203560077803925,0.022796521247905946,0.015490802641410869,2.2988209593960908e-05,2.297846753949744e-05,3.897249280010695e-05,0,normal,-1
3442.0,2.3e-05,1.6e-05,0.030756829399311347,0.02327484824346614,0.01579909210058054,0.030634340170320334,0.023123772589976714,0.015599477629428173,2.298841649613254e-05,2.297885131777252e-05,3.897297931087142e-05,0,normal,-1
3443.0,2.3e-05,1.6e-05,0.030757594260414065,0.023275481371872447,0.015799479280648666,0.031551846222163414,0.02364899656901589,0.015601691936196805,2.2988618869855398e-05,2.29792293105604e-05,3.897345685313277e-05,0,normal,-1
3444.0,2.3e-05,1.6e-05,0.030758345565094894,0.02327610330020495,0.015799859590533375,0.030752645846948937,0.022815050645174185,0.016173522831513427,2.2988817621915804e-05,2.2979600642777125e-05,3.897392591611343e-05,0,normal,-1
3445.0,2.3e-05,1.6e-05,0.030759083795074096,0.023276713700689133,0.01580023353379858,0.03077075599491107,0.023194630748669644,0.015898071696066426,2.298901399596335e-05,2.2979964037130555e-05,3.897438712118932e-05,0,normal,-1
3446.0,2.3e-05,1.6e-05,0.030759809478728518,0.023277312130538068,0.015800601692542507,0.03050890277204717,0.022496773181115735,0.015355667212308485,2.2989209483959814e-05,2.2980317918960618e-05,3.8974841186561e-05,0,normal,-1
3447.0,2.3e-05,1.6e-05,0.030760522680412496,0.023277899148134704,0.0158009639187648,0.031321962734493426,0.022648229975189015,0.015903969384971163,2.298940332700797e-05,2.2980663374255647e-05,3.897528792994621e-05,0,normal,-1
3448.0,2.3e-05,1.6e-05,0.030761223297302905,0.023278475661694813,0.015801319805356845,0.030087099935401953,0.023285774958764986,0.015931843186586057,2.2989593972018532e-05,2.298100242471732e-05,3.89757268495072e-05,0,normal,-1
3449.0,2.3e-05,1.6e-05,0.030761911369012275,0.023279042256280757,0.015801669174981492,0.031148419363694724,0.022938389773731305,0.01585823994574324,2.2989780581172422e-05,2.298133624222773e-05,3.897615772679974e-05,0,normal,-1
3450.0,2.3e-05,1.6e-05,0.030762587000669875,0.023279599362873746,0.015802011957922656,0.03058212311059752,0.02274079691917069,0.015821339382722618,2.2989962654010904e-05,2.2981665596438075e-05,3.897658047611114e-05,0,normal,-1
3451.0,2.3e-05,1.6e-05,0.03076325036292172,0.023280147258373844,0.015802348192085324,0.030169672518698332,0.02227290497874651,0.015426188409877702,2.2990140027421006e-05,2.2981990854799562e-05,3.8976995144452825e-05,0,normal,-1
3452.0,2.3e-05,1.6e-05,0.030763901691930554,0.02328068606559998,0.015802678022995557,0.030868949795538364,0.022151094802374195,0.016548375772699245,2.2990312875621795e-05,2.2982311982592953e-05,3.897740191155315e-05,0,normal,-1
3453.0,2.3e-05,1.6e-05,0.030764541289375884,0.023281215753289924,0.015803001703800477,0.03032747560536094,0.02316302306655622,0.015439786100328617,2.299048171015178e-05,2.2982628542956934e-05,3.8977801089850755e-05,0,normal,-1
3454.0,2.3e-05,1.6e-05,0.030765169522453936,0.023281736136100316,0.01580331959526828,0.03143091666583721,0.022959926438263813,0.015804597969379445,2.2990647379857073e-05,2.298293969691537e-05,3.8978193124488236e-05,0,normal,-1
3455.0,2.3e-05,1.6e-05,0.030765786823877695,0.023282246874606647,0.015803632165788232,0.03047995554932524,0.022909546797130424,0.016612354507103064,2.299081107088031e-05,2.2983244203403105e-05,3.897857859330621e-05,0,normal,-1
3456.0,2.3e-05,1.6e-05,0.03076639368825375,0.023282747483232814,0.015803939985630143,0.03020580647017048,0.023607154181042072,0.016522797105883478,2.2990974288903866e-05,2.298354044029492e-05,3.897895819975838e-05,0,normal,-1
3457.0,2.3e-05,1.6e-05,0.03076699023667511,0.023283238281926032,0.015804243037548082,0.03014665710532256,0.023289839920627366,0.01596884882716744,2.2991136728483804e-05,2.2983828926027608e-05,3.897933192274846e-05,0,normal,-1
3458.0,2.3e-05,1.6e-05,0.03076757629906206,0.02328372021394049,0.01580454084799562,0.031550227740757934,0.023677826910536305,0.01544518340108518,2.299129667948954e-05,2.2984111837863523e-05,3.8979699178477546e-05,0,normal,-1
3459.0,2.3e-05,1.6e-05,0.030768151868603155,0.02328419385547161,0.015804833205587152,0.03087703116420035,0.022639724136587405,0.014972907657063413,2.2991453246445893e-05,2.298439038614335e-05,3.898005970645425e-05,0,normal,-1
3460.0,2.3e-05,1.6e-05,0.030768717004615,0.02328465962914202,0.015805120006859897,0.030533889294007785,0.02371511122602378,0.01568539320014955,2.299160587136983e-05,2.29846653793574e-05,3.89804133792793e-05,0,normal,-1
3461.0,2.3e-05,1.6e-05,0.030769271832542265,0.02328511780400158,0.015805401256273915,0.031116900552969885,0.02359282931751126,0.01591165087521383,2.2991754333758127e-05,2.2984937224171412e-05,3.8980760202639224e-05,0,normal,-1
3462.0,2.3e-05,1.6e-05,0.030769816543957683,0.023285568495527372,0.015805677066212092,0.03074224585397196,0.022637237852900467,0.016447367626269277,2.2991898750575814e-05,2.29852059254512e-05,3.898110031530021e-05,0,normal,-1
3463.0,2.3e-05,1.6e-05,0.030770351396562038,0.023286011665623697,0.015805947656980148,0.030749563195259073,0.023381012057241937,0.016313295067253816,2.2992039576245448e-05,2.2985471086286466e-05,3.898143398910252e-05,0,normal,-1
3464.0,2.3e-05,1.6e-05,0.030770876714184173,0.02328644712262208,0.015806213356806643,0.03126652525744397,0.023611572710055085,0.016051275861304004,2.2992177602637244e-05,2.298573190801363e-05,3.898176162895512e-05,0,normal,-1
3465.0,2.3e-05,1.6e-05,0.030771392886780997,0.023286874521281274,0.015806474601842962,0.031144660780101096,0.02280653726568467,0.015865774646319573,2.2992313959059806e-05,2.2985987190237594e-05,3.898208377283055e-05,0,normal,-1
3466.0,2.3e-05,1.6e-05,0.030771900370437474,0.023287293362787245,0.015806731936163325,0.02996664217278862,0.02268622486751287,0.016604455980425446,2.2992450112251e-05,2.2986235330851824e-05,3.8982401091760235e-05,0,normal,-1
3467.0,2.3e-05,1.6e-05,0.03077239935658036,0.02328770371769216,0.015806985488075593,0.030801325685377134,0.023725709883174875,0.01570258888221547,2.2992586247874586e-05,2.2986476241352814e-05,3.898271374407651e-05,0,normal,-1
3468.0,2.3e-05,1.6e-05,0.030772889617842168,0.023288106560921566,0.015807234726794888,0.03121507711794206,0.023004655687824758,0.015467483929546732,2.2992720519251653e-05,2.2986712235290097e-05,3.898302107539393e-05,0,normal,-1
3469.0,2.3e-05,1.6e-05,0.030773371107188977,0.02328850246438355,0.015807479410223126,0.030937538274606387,0.02331771881969476,0.015023243571766808,2.2992851975747438e-05,2.29869445634138e-05,3.898332278731549e-05,0,normal,-1
3470.0,2.3e-05,1.6e-05,0.030773843844227572,0.023288891846828974,0.015807719404442064,0.030854167897177903,0.023054396686965895,0.01615000988687272,2.2992980004346062e-05,2.2987174074919957e-05,3.8983618714842925e-05,0,normal,-1
3471.0,2.3e-05,1.6e-05,0.030774307915121715,0.023289274974034643,0.015807954683580705,0.02973019256251457,0.021682296036642262,0.015092146697439093,2.2993104329230146e-05,2.298740121795725e-05,3.8983908826207795e-05,0,normal,-1
3472.0,2.3e-05,1.6e-05,0.030774763472592167,0.023289651958803337,0.015808185329815285,0.03131909116759191,0.02286768040268301,0.015771281293278788,2.2993225011771024e-05,2.2987626039647594e-05,3.898419322286639e-05,0,normal,-1
3473.0,2.3e-05,1.6e-05,0.03077521073591666,0.02329002276096378,0.015808411533369274,0.030432445898145064,0.023037071105434074,0.015159546574664028,2.2993342450519715e-05,2.298784818610596e-05,3.898447213949491e-05,0,normal,-1
3474.0,2.3e-05,1.6e-05,0.030775649990929924,0.02329038718737066,0.015808633592513385,0.03078789939074648,0.022937877176571402,0.016751464848381012,2.2993457381198635e-05,2.2988066902459613e-05,3.898474594398496e-05,0,normal,-1
3475.0,2.3e-05,1.6e-05,0.030776081590023666,0.023290744891904618,0.015808851913565562,0.031206401496250407,0.02313710311559317,0.01578211444778055,2.2993570876693873e-05,2.2988281032866382e-05,3.898501513743923e-05,0,normal,-1
3476.0,2.3e-05,1.6e-05,0.030776505952146576,0.023291095375472262,0.01580906701089099,0.0313188200370491,0.022692343370255382,0.016536350402096542,2.2993684347047565e-05,2.2988489020531657e-05,3.8985280354167494e-05,0,normal,-1
3477.0,2.3e-05,1.6e-05,0.030776923332342766,0.023291438489623544,0.015809279142084735,0.030390207307203383,0.024101134490862788,0.016256415994487548,2.29937984119837e-05,2.2988690241841993e-05,3.898554191186448e-05,0,normal,-1
3478.0,2.3e-05,1.6e-05,0.030777333472338537,0.02329177519864145,0.015809487755404063,0.030999019934982944,0.02292958821379974,0.015072691185533844,2.2993911193787207e-05,2.298888702592501e-05,3.8985799130312e-05,0,normal,-1
3479.0,2.3e-05,1.6e-05,0.03077773628462343,0.0232921060858546,0.01580969257221972,0.03056693734576286,0.02354163202393663,0.016090107975433567,2.2994021662150356e-05,2.2989080697040907e-05,3.898605166605179e-05,0,normal,-1
3480.0,2.3e-05,1.6e-05,0.03077813175398825,0.02329243157033096,0.015809893430585864,0.03074460646300307,0.0244821203777582,0.01513036539736061,2.299412915011312e-05,2.2989272147818763e-05,3.8986299319500225e-05,0,normal,-1
3481.0,2.3e-05,1.6e-05,0.03077851993212034,0.023292751918702472,0.01581009027667933,0.030826685897122133,0.023878783340611925,0.015184122646557698,2.2994233327591742e-05,2.298946187059146e-05,3.8986542024388333e-05,0,normal,-1
3482.0,2.3e-05,1.6e-05,0.030778900937603576,0.023293067245165045,0.0158102831647996,0.03133579894499904,0.023002032107518673,0.016584744334108534,2.2994334201370527e-05,2.2989649957412838e-05,3.898677984775742e-05,0,normal,-1
3483.0,2.3e-05,1.6e-05,0.030779274955918378,0.023293377511478565,0.01581047225736882,0.03056053151889391,0.023638625852399717,0.014763298681370418,2.2994432115094144e-05,2.2989836100074303e-05,3.898701298995505e-05,0,normal,-1
3484.0,2.3e-05,1.6e-05,0.030779642239441702,0.023293682526966876,0.015810657824931792,0.03159787219580728,0.022892382238567956,0.017024227398680664,2.2994527749260732e-05,2.2990019590120882e-05,3.8987241784631194e-05,0,normal,-1
3485.0,2.3e-05,1.6e-05,0.030780003107447038,0.0232939819485178,0.01581084024615598,0.030967921267414645,0.024014759310066622,0.016204165617206966,2.2994622121215428e-05,2.2990199318866725e-05,3.8987466698734655e-05,0,normal,-1
3486.0,2.3e-05,1.6e-05,0.03078035794610442,0.02329427528058313,0.015811020007831512,0.029620470340177476,0.023705846676191574,0.015968423245258174,2.299471658514407e-05,2.299037377740937e-05,3.898768833250961e-05,0,normal,-1
3487.0,2.3e-05,1.6e-05,0.030780707058496958,0.02329456220289739,0.015811197467472105,0.03076701016767645,0.02324027653572258,0.01512392421070179,2.2994812098399687e-05,2.2990541924725454e-05,3.8987907126798094e-05,0,normal,-1
3488.0,2.3e-05,1.6e-05,0.03078105018800976,0.02329484361074641,0.01581137209934446,0.029931920343759178,0.02339604546875577,0.016050201069569184,2.299490689185901e-05,2.2990705943779597e-05,3.898812243346398e-05,0,normal,-1
3489.0,2.3e-05,1.6e-05,0.030781387203292515,0.023295120118886153,0.015811543578440775,0.03096305242057908,0.022770100544490413,0.015921896350446593,2.2994999819651882e-05,2.2990867278220237e-05,3.89883338518606e-05,0,normal,-1
3490.0,2.3e-05,1.6e-05,0.03078171805807851,0.02329539215091937,0.01581171171629454,0.0307938000775632,0.02300553833509761,0.016564515841238837,2.2995090160172553e-05,2.2991026868289746e-05,3.898854114969069e-05,0,normal,-1
3491.0,2.3e-05,1.6e-05,0.030782042773350837,0.02329565997830805,0.015811876432735867,0.03079974906999611,0.023936400586461983,0.015905139869315292,2.2995177528765945e-05,2.2991185254154567e-05,3.8988744228178996e-05,0,normal,-1
3492.0,2.3e-05,1.6e-05,0.030782361437342358,0.023295923720373406,0.015812037755891496,0.03190759104095354,0.023514055480073168,0.015138397457348617,2.2995261877720615e-05,2.299134257591945e-05,3.8988943122068554e-05,0,normal,-1
3493.0,2.3e-05,1.6e-05,0.030782674205535727,0.02329618334429588,0.015812195822184783,0.0305968376898714,0.024457100947570795,0.01715986843511997,2.29953434962623e-05,2.2991498573641327e-05,3.898913799961729e-05,0,normal,-1
3494.0,2.3e-05,1.6e-05,0.030782981300663387,0.023296438665115146,0.01581235087633571,0.031006719459882332,0.02325815072981516,0.016460142854253235,2.2995423010548064e-05,2.2991652587342845e-05,3.8989329162594766e-05,0,normal,-1
3495.0,2.3e-05,1.6e-05,0.03078328301270756,0.023296689345730103,0.015812503271360887,0.03236472047864539,0.02422663899530141,0.015057475949083042,2.299550138366093e-05,2.2991803557025414e-05,3.898951704627916e-05,0,normal,-1
3496.0,2.3e-05,1.6e-05,0.03078357969890026,0.023296934896898883,0.01581265346857354,0.031352725171722426,0.022344233606264443,0.01603591463601288,2.2995579915604675e-05,2.2991950022681322e-05,3.898970221945435e-05,0,normal,-1
3497.0,2.3e-05,1.6e-05,0.030783871695621245,0.023297174869727624,0.015812801898143825,0.03094401734081524,0.02322113276427714,0.016058200459257304,2.2995659812375864e-05,2.299209063414867e-05,3.8989885212497754e-05,0,normal,-1
3498.0,2.3e-05,1.6e-05,0.030784158776851187,0.023297410037990175,0.01581294810231405,0.031051265798955327,0.023630918304519074,0.01605297841544769,2.2995739538515197e-05,2.299222728316411e-05,3.899006546109237e-05,0,normal,-1
3499.0,2.3e-05,1.6e-05,0.030784440764948972,0.023297641063795633,0.01581309170204178,0.03070797052619011,0.02420084815016513,0.015512378550888896,2.299581780437179e-05,2.2992361568995e-05,3.899024249797496e-05,0,normal,-1
3500.0,2.3e-05,1.6e-05,0.030784717585681912,0.023297868378911984,0.015813232483521674,0.03122255488214044,0.023115016486063723,0.015907734736153263,2.2995893832868807e-05,2.2992494483270153e-05,3.89904160596012e-05,0,normal,-1
3501.0,2.3e-05,1.6e-05,0.03078498923243956,0.023298092263042358,0.015813370341513422,0.030213628681798787,0.022274939137704015,0.015369537495017443,2.2995967184323064e-05,2.2992626617275194e-05,3.8990586016273435e-05,0,normal,-1
3502.0,2.3e-05,1.6e-05,0.030785255766233702,0.023298312843825025,0.015813505279341736,0.030886300886518288,0.02363321791111025,0.015511380164179698,2.2996037756439036e-05,2.299275816196447e-05,3.8990752372137625e-05,0,normal,-1
3503.0,2.3e-05,1.6e-05,0.03078551731569838,0.023298530096833393,0.015813637408896356,0.030443741385015377,0.02273564776378337,0.015578635492092176,2.2996105784303387e-05,2.2992888907972585e-05,3.89909152651804e-05,0,normal,-1
3504.0,2.3e-05,1.6e-05,0.030785774077089864,0.023298743845576016,0.015813766950632056,0.031042038875787756,0.022333992170356087,0.01514010252508859,2.299617184038e-05,2.299301824562582e-05,3.899107496722634e-05,0,normal,-1
3505.0,2.3e-05,1.6e-05,0.03078602631428668,0.023298953761496582,0.015813894233568625,0.03147114704298946,0.024461419294296877,0.015729653466684257,2.299623683450556e-05,2.2993145164953132e-05,3.89912318839354e-05,0,normal,-1
3506.0,2.3e-05,1.6e-05,0.030786274358789594,0.023299159363973927,0.01581401969529089,0.030145236215199576,0.02278109579388341,0.014773089877260993,2.2996302013885192e-05,2.29932682556965e-05,3.8991386554800484e-05,0,normal,-1
3507.0,2.3e-05,1.6e-05,0.030786518565561485,0.023299360116797268,0.015814143812061025,0.030825653848252806,0.024059035364496672,0.015222307892341622,2.2996368747111233e-05,2.299338596284006e-05,3.899153956698713e-05,0,normal,-1
3508.0,2.3e-05,1.6e-05,0.030786758763820646,0.023299556627347187,0.01581426622988883,0.031027646591781345,0.022840405637738138,0.01646781770272027,2.2996435839133712e-05,2.2993499763047787e-05,3.899169048411536e-05,0,normal,-1
3509.0,2.3e-05,1.6e-05,0.030786994729189474,0.02329974961488979,0.01581438651183738,0.030502394587812724,0.0241538918664649,0.016249968302386994,2.2996501840784726e-05,2.2993611432195634e-05,3.899183876755523e-05,0,normal,-1
3510.0,2.3e-05,1.6e-05,0.030787226362386993,0.023299939521663073,0.015814504420278618,0.030900914981963113,0.0233025986602221,0.015493289392761185,2.2996565920458907e-05,2.2993722014519242e-05,3.899198412439082e-05,0,normal,-1
3511.0,2.3e-05,1.6e-05,0.030787453632057066,0.0233001266379206,0.015814619826360808,0.031190906965392465,0.023440888628203486,0.01613561928395041,2.2996627584275195e-05,2.299383215373399e-05,3.899212639580811e-05,0,normal,-1
3512.0,2.3e-05,1.6e-05,0.0307876765747684,0.02330031110193151,0.01581473271000855,0.03093556556870465,0.022879353585761635,0.015939161010388475,2.2996686676071735e-05,2.2993942093044907e-05,3.899226555709224e-05,0,normal,-1
3513.0,2.3e-05,1.6e-05,0.030787895295014526,0.023300492899980513,0.015814843159922765,0.03056967940735455,0.023377874499887024,0.015467033348966283,2.2996743377401124e-05,2.2994051675156315e-05,3.899240171762512e-05,0,normal,-1
3514.0,2.3e-05,1.6e-05,0.030788109965213816,0.023300671866367896,0.0158149513735807,0.031312086630917786,0.023005294967033567,0.01656878022045589,2.2996798207526305e-05,2.2994160342281374e-05,3.899253512088309e-05,0,normal,-1
3515.0,2.3e-05,1.6e-05,0.030788320825709484,0.02330084768340952,0.015815057657235922,0.03161915438836915,0.02328620507978004,0.015662321076184534,2.2996852023416838e-05,2.2994267136151426e-05,3.899266614443474e-05,0,normal,-1
3516.0,2.3e-05,1.6e-05,0.03078852818476957,0.023301019881436808,0.015815162425918333,0.030899425917014656,0.023199849783680764,0.015663432748030975,2.2996906019745344e-05,2.2994370698024787e-05,3.899279529993889e-05,0,normal,-1
3517.0,2.3e-05,1.6e-05,0.030788732401979685,0.02330118787507569,0.015815266177153103,0.031355864326154295,0.023895885621708225,0.01582720529255021,2.299696164766735e-05,2.2994469364777005e-05,3.899292320074432e-05,0,normal,-1
3518.0,2.3e-05,1.6e-05,0.03078893338067669,0.023301352071555797,0.015815368687913632,0.03097797940507337,0.02302778581870036,0.0164822270932094,2.299701813335431e-05,2.2994564104444627e-05,3.899304957192552e-05,0,normal,-1
3519.0,2.3e-05,1.6e-05,0.03078913085193582,0.02330151324989336,0.01581546946419843,0.03017973810892152,0.023612232500870738,0.01595755365873071,2.2997073867504602e-05,2.299465687222152e-05,3.899317380451492e-05,0,normal,-1
3520.0,2.3e-05,1.6e-05,0.030789324694211938,0.02330167186396836,0.01581556824637039,0.031233631174518765,0.023852331152325032,0.016332869060395307,2.2997127966460603e-05,2.2994748763971738e-05,3.899329557846524e-05,0,normal,-1
3521.0,2.3e-05,1.6e-05,0.030789514854049304,0.023301828215934812,0.015815664883606192,0.03139517112991063,0.023406806024696403,0.015428454636597361,2.2997179884135853e-05,2.2994840475398717e-05,3.8993414707872566e-05,0,normal,-1
3522.0,2.3e-05,1.6e-05,0.030789701346081565,0.023301982456220702,0.01581575933389627,0.03145187830811524,0.02292798057183791,0.015427801242152431,2.2997229412010754e-05,2.2994932302053406e-05,3.8993531140974136e-05,0,normal,-1
3523.0,2.3e-05,1.6e-05,0.030789884253031752,0.023302134583528034,0.01581585166404485,0.03075867997811802,0.022966139237794312,0.015842621164270487,2.299727667912848e-05,2.299502413934233e-05,3.899364496014631e-05,0,normal,-1
3524.0,2.3e-05,1.6e-05,0.030790063725712292,0.02330228444483281,0.015815942049669917,0.032166249560411815,0.023503431216716893,0.015512114044036901,2.2997322152091526e-05,2.2995115482535534e-05,3.899375638190256e-05,0,normal,-1
3525.0,2.3e-05,1.6e-05,0.03079023998302499,0.023302431735385033,0.01581603077520323,0.031133977793973523,0.022749898449494925,0.016809943853970506,2.2997366635058573e-05,2.2995205426774535e-05,3.8993865756891664e-05,0,normal,-1
3526.0,2.3e-05,1.6e-05,0.03079041331196105,0.02330257599870871,0.015816118233890324,0.0308235124984395,0.023358440066446516,0.015729814654859356,2.299741126974163e-05,2.299529266707976e-05,3.8993973569896004e-05,0,normal,-1
3527.0,2.3e-05,1.6e-05,0.03079058406475752,0.02330271663281326,0.015816204923290826,0.030200818298841702,0.02273072010565431,0.01649401378733429,2.2997457521497613e-05,2.299537551480707e-05,3.899408043428302e-05,0,normal,-1
3528.0,2.3e-05,1.6e-05,0.0307907522322481,0.023302853821819364,0.015816290770266257,0.030377301311092387,0.02322522457156636,0.01598512456733369,2.299750509349661e-05,2.299545436509788e-05,3.899418625990107e-05,0,normal,-1
3529.0,2.3e-05,1.6e-05,0.03079091750519523,0.02330298840140569,0.01581637522825,0.030493893320226406,0.02361308997666837,0.015884600499074062,2.2997552227549408e-05,2.2995531340813432e-05,3.899429037299562e-05,0,normal,-1
3530.0,2.3e-05,1.6e-05,0.03079107974203818,0.023303120838244686,0.01581645801698775,0.030173667031547165,0.023475916724097504,0.016130992876671465,2.2997597989632357e-05,2.299560758908144e-05,3.899439242810649e-05,0,normal,-1
3531.0,2.3e-05,1.6e-05,0.03079123886937874,0.02330325144763812,0.01581653896496887,0.03168028363623802,0.023077475222569595,0.015712714473040693,2.2997641782852072e-05,2.299568385753932e-05,3.899449221382652e-05,0,normal,-1
3532.0,2.3e-05,1.6e-05,0.03079139488198124,0.02330338039351709,0.015816618009426398,0.031193697145651223,0.02339746592682724,0.015210357476740557,2.2997683347441756e-05,2.2995760494340986e-05,3.8994589652799725e-05,0,normal,-1
3533.0,2.3e-05,1.6e-05,0.030791547842772535,0.023303507688441995,0.015816695196337043,0.02974934291633094,0.02419198666226729,0.01653259174136978,2.299772276075774e-05,2.299583744816346e-05,3.899468480171946e-05,0,normal,-1
3534.0,2.3e-05,1.6e-05,0.030791697882842004,0.02330363319360257,0.01581677068042117,0.030829182262381315,0.024118407389782895,0.015707502702734476,2.2997760437276493e-05,2.299591426821357e-05,3.899477785132684e-05,0,normal,-1
3535.0,2.3e-05,1.6e-05,0.030791845201441563,0.02330375661881786,0.015816844725142835,0.030951097534419932,0.024101808051066938,0.01569906832790627,2.2997797128592067e-05,2.2995990104234574e-05,3.899486912640921e-05,0,normal,-1
3536.0,2.3e-05,1.6e-05,0.030791990065985656,0.023303877522536234,0.01581691770270974,0.030827393353168336,0.023391667674479415,0.015283265902384841,2.2997833923413736e-05,2.2996063706512574e-05,3.899495908579863e-05,0,normal,-1
3537.0,2.3e-05,1.6e-05,0.030792132812051256,0.02330399531183538,0.015816990094073276,0.0321870441415977,0.024500574000264765,0.016409042561916443,2.2997872247563416e-05,2.299613342588212e-05,3.899504832237058e-05,0,normal,-1
3538.0,2.3e-05,1.6e-05,0.0307922735268466,0.023304109933578773,0.01581706198815143,0.03046799088635674,0.02256240759380543,0.015307199563232067,2.299791231654937e-05,2.2996199044220855e-05,3.899513694573854e-05,0,normal,-1
3539.0,2.3e-05,1.6e-05,0.030792411867041264,0.023304222271671872,0.015817132793814515,0.03164300825840185,0.022870532132879064,0.015992289504147238,2.2997952245800733e-05,2.2996262826816464e-05,3.8995224227227364e-05,0,normal,-1
3540.0,2.3e-05,1.6e-05,0.03079254767218327,0.023304332808189603,0.015817202210159864,0.030750467850777646,0.023839430866590933,0.015379215744701566,2.2997991048645984e-05,2.2996325976121413e-05,3.899530979592737e-05,0,normal,-1
3541.0,2.3e-05,1.6e-05,0.030792680850387343,0.023304441873383052,0.015817270045513008,0.031934703548006364,0.023163819429732863,0.015607473769361438,2.299802807685405e-05,2.2996389293672102e-05,3.899539341557577e-05,0,normal,-1
3542.0,2.3e-05,1.6e-05,0.030792811378030353,0.0233045496463447,0.015817336216945747,0.029305008782505852,0.023497126205912995,0.015366186663488641,2.2998063019141872e-05,2.299645318185626e-05,3.8995474983961026e-05,0,normal,-1
3543.0,2.3e-05,1.6e-05,0.030792939299751305,0.02330465615500844,0.01581740075027617,0.03091607845501108,0.023680480219150247,0.01581121352443621,2.299809590117143e-05,2.299651764391839e-05,3.899555453292145e-05,0,normal,-1
3544.0,2.3e-05,1.6e-05,0.03079306472845136,0.02330476127614955,0.015817463780068645,0.031828173667919,0.023162172253516307,0.015236156639508298,2.2998127085547237e-05,2.29965822839653e-05,3.899563222834372e-05,0,normal,-1
3545.0,2.3e-05,1.6e-05,0.030793187845293807,0.023304864735384723,0.015817525549633824,0.031103967842092815,0.02370230300166,0.015495957101424578,2.299815727181416e-05,2.2996646306971752e-05,3.8995708370161664e-05,0,normal,-1
3546.0,2.3e-05,1.6e-05,0.030793308899704084,0.023304966107172042,0.015817586411028622,0.030217419397471766,0.023515152040525105,0.015441849026634586,2.299818749645552e-05,2.2996708518785943e-05,3.8995783392354996e-05,0,normal,-1
3547.0,2.3e-05,1.6e-05,0.030793428209369773,0.023305064814810993,0.015817646825056257,0.029913746250642973,0.023736501810924404,0.015488800695608514,2.2998219132891048e-05,2.2996767326134264e-05,3.8995857862948194e-05,0,normal,-1
3548.0,2.3e-05,1.6e-05,0.03079354594535637,0.023305160599634257,0.01581770702131301,0.030402378852906167,0.022537036736203605,0.015430423206346997,2.299825284101043e-05,2.2996821979221093e-05,3.8995932064960195e-05,0,normal,-1
3549.0,2.3e-05,1.6e-05,0.030793661756085507,0.023305254341630822,0.015817766403461508,0.030192373582689676,0.023029916126501328,0.01629242489891212,2.2998286729618868e-05,2.2996874745251258e-05,3.8996005263308483e-05,0,normal,-1
3550.0,2.3e-05,1.6e-05,0.03079377545662845,0.023305346554712315,0.01581782463959963,0.030114201067707364,0.022333069138352535,0.015893650929978832,2.2998319725583007e-05,2.2996926923139953e-05,3.8996077048875435e-05,0,normal,-1
3551.0,2.3e-05,1.6e-05,0.03079388693759356,0.023305437586100305,0.015817881517953384,0.03165609893137388,0.023233567757436825,0.014828304020121953,2.299835112773678e-05,2.2996979371329476e-05,3.899614716062348e-05,0,normal,-1
3552.0,2.3e-05,1.6e-05,0.030793996158033486,0.02330552763181847,0.0158179369356539,0.030795220662457583,0.023937558928274545,0.01544087088830895,2.2998380572197233e-05,2.2997032548820203e-05,3.899621547175949e-05,0,normal,-1
3553.0,2.3e-05,1.6e-05,0.030794103145445135,0.023305616736692573,0.015817990898737436,0.03033435494132309,0.02319939623852193,0.016214476529597045,2.299840803236196e-05,2.2997086515175073e-05,3.8996281989733577e-05,0,normal,-1
3554.0,2.3e-05,1.6e-05,0.030794207995769696,0.02330570479435049,0.015818043522145386,0.03022507235011258,0.023470259256573603,0.01630377031351294,2.2998433818906913e-05,2.299714093052419e-05,3.8996346856237875e-05,0,normal,-1
3555.0,2.3e-05,1.6e-05,0.030794310873392638,0.0233057915472222,0.015818095029724276,0.03010248433580808,0.02301607985778033,0.01636954372732055,2.2998458579784656e-05,2.299719505556957e-05,3.899641034720545e-05,0,normal,-1
3556.0,2.3e-05,1.6e-05,0.0307944120111437,0.023305876586539768,0.01581814575422576,0.031073407846365232,0.023389833812177453,0.01539487405728628,2.2998483300222755e-05,2.2997247751589816e-05,3.899647287280936e-05,0,normal,-1
3557.0,2.3e-05,1.6e-05,0.0307945117102969,0.023305959352337365,0.01581819613730662,0.030938376106429136,0.023297075667812698,0.015976000287709208,2.2998509302722167e-05,2.299729748044434e-05,3.899653497746158e-05,0,normal,-1
3558.0,2.3e-05,1.6e-05,0.03079461020539321,0.023306039428597634,0.015818246515679847,0.030392467616267953,0.024080891326616827,0.01560753194836508,2.2998537586260242e-05,2.2997343086217788e-05,3.8996597076212044e-05,0,normal,-1
3559.0,2.3e-05,1.6e-05,0.030794707167666743,0.02330611762715796,0.015818296335656803,0.03164531895212033,0.02341202986286248,0.01650827019899671,2.2998566399347948e-05,2.2997386665908578e-05,3.899665848655977e-05,0,normal,-1
3560.0,2.3e-05,1.6e-05,0.030794802381192476,0.02330619451154588,0.015818345222755735,0.03034179121749869,0.02370953247006246,0.01573943394424234,2.2998594545077713e-05,2.2997429659982127e-05,3.899671874690602e-05,0,normal,-1
3561.0,2.3e-05,1.6e-05,0.03079489572008331,0.02330627044722674,0.015818392945458823,0.030472826169666577,0.022750483904168232,0.015721150632356535,2.2998621268945786e-05,2.299747298519712e-05,3.8996777571877916e-05,0,normal,-1
3562.0,2.3e-05,1.6e-05,0.030794987127090515,0.02330634564834307,0.015818439381352613,0.03090209336419725,0.022675822633741627,0.014861773705544814,2.29986461542172e-05,2.29975171583819e-05,3.899683481059043e-05,0,normal,-1
3563.0,2.3e-05,1.6e-05,0.03079507661360372,0.023306420177714608,0.01581848451712801,0.030255899202310484,0.023589340059468968,0.015567193025320355,2.299866912192355e-05,2.2997562296438127e-05,3.899689044664527e-05,0,normal,-1
3564.0,2.3e-05,1.6e-05,0.030795164259650933,0.023306493946838307,0.015818528448580286,0.03101107766518828,0.0234820191484496,0.015654156344628065,2.299869043086109e-05,2.2997608116344634e-05,3.899694459812989e-05,0,normal,-1
3565.0,2.3e-05,1.6e-05,0.03079525021389852,0.023306566715888304,0.01581857138060905,0.030081242965430507,0.02362356784468654,0.016300348095170523,2.2998710677589245e-05,2.299765393516139e-05,3.8996997517616574e-05,0,normal,-1
3566.0,2.3e-05,1.6e-05,0.030795334693651224,0.02330663809371595,0.0158186136272183,0.030371373794906974,0.02337067765864233,0.01621253669382889,2.2998730796429362e-05,2.299769867003353e-05,3.899704959216163e-05,0,normal,-1
3567.0,2.3e-05,1.6e-05,0.030795417984852146,0.023306707537849795,0.01581865561151637,0.03159191364185821,0.022689159730204966,0.015734235978070006,2.299875205946336e-05,2.299774083819501e-05,3.8997101343304496e-05,0,normal,-1
3568.0,2.3e-05,1.6e-05,0.030795500365472638,0.023306774521762077,0.01581869774452239,0.030878200888986726,0.023347853133959783,0.015004835778920998,2.299877570204476e-05,2.299777899993809e-05,3.8997153277680336e-05,0,normal,-1
3569.0,2.3e-05,1.6e-05,0.030795581556124607,0.023306839734134766,0.015818739556148848,0.03100256362076228,0.022836961960333774,0.016378422761141032,2.2998800237638187e-05,2.29978149347172e-05,3.8997204815845944e-05,0,normal,-1
3570.0,2.3e-05,1.6e-05,0.030795661306213615,0.023306903799093153,0.015818780622465545,0.030530552979687053,0.023246456543348275,0.01565631603332545,2.2998824323059047e-05,2.2997850251959663e-05,3.899725543525586e-05,0,normal,-1
3571.0,2.3e-05,1.6e-05,0.030795739474635795,0.023306967100465,0.015818820693193802,0.031213268349436767,0.02261667247832649,0.014947020901262646,2.2998847152247256e-05,2.2997885925414518e-05,3.899730482741424e-05,0,normal,-1
3572.0,2.3e-05,1.6e-05,0.03079581598901893,0.023307029870800754,0.01581885962721698,0.030734437377462225,0.023165696324758952,0.015341802584010487,2.299886825698139e-05,2.2997922528889628e-05,3.899735281838225e-05,0,normal,-1
3573.0,2.3e-05,1.6e-05,0.03079589084572245,0.023307092191373578,0.01581889739258049,0.0302783602765553,0.023947088509458685,0.01495929485077776,2.2998887506876708e-05,2.2997960236254724e-05,3.8997399368777184e-05,0,normal,-1
3574.0,2.3e-05,1.6e-05,0.03079596410983745,0.023307153992179305,0.01581893406649179,0.0315606861809587,0.023333254769730173,0.015113788288801402,2.2998905109383583e-05,2.2997998821444455e-05,3.89974445737716e-05,0,normal,-1
3575.0,2.3e-05,1.6e-05,0.030796035915186662,0.023307215051936482,0.015818969835320388,0.03095280381731508,0.023418359738703744,0.015642675372397875,2.2998921609786115e-05,2.2998037658461817e-05,3.899748866309254e-05,0,normal,-1
3576.0,2.3e-05,1.6e-05,0.030796106464324485,0.02330727499808634,0.015819004994597832,0.03135733708666392,0.023121963619398337,0.01564740167350516,2.2998937891201252e-05,2.2998075721381563e-05,3.8997532001020866e-05,0,normal,-1
3577.0,2.3e-05,1.6e-05,0.030796176028536962,0.02330733330679281,0.01581903994901773,0.030686559959303944,0.023883791896908164,0.015717005264773883,2.2998955174577673e-05,2.2998111584353386e-05,3.8997575086390516e-05,0,normal,-1
3578.0,2.3e-05,1.6e-05,0.030796244911018896,0.023307389383337925,0.01581907515418479,0.030361398438180733,0.022779709088396098,0.015087370268902296,2.2998974838700146e-05,2.2998143634509816e-05,3.899761848078697e-05,0,normal,-1
3579.0,2.3e-05,1.6e-05,0.030796312902552834,0.02330744375036029,0.015819110255606752,0.03102904652798671,0.023351563915831448,0.016283597399940328,2.299899575976447e-05,2.299817321878918e-05,3.8997661747257644e-05,0,normal,-1
3580.0,2.3e-05,1.6e-05,0.030796379717018516,0.02330749709692778,0.01581914477766623,0.031042239510879966,0.023212559016896235,0.017134717033448,2.2999016440323025e-05,2.299820212568978e-05,3.899770429955174e-05,0,normal,-1
3581.0,2.3e-05,1.6e-05,0.030796445199319854,0.023307549824990562,0.015819178452391322,0.031051765004832393,0.02350300953260644,0.01562115179472476,2.2999036025008234e-05,2.299823138394406e-05,3.899774580736683e-05,0,normal,-1
3582.0,2.3e-05,1.6e-05,0.030796509263069278,0.02330760218547973,0.015819211120860634,0.031142809374329432,0.023105489200846888,0.015806740412650993,2.299905399585611e-05,2.2998261622917848e-05,3.89977860748184e-05,0,normal,-1
3583.0,2.3e-05,1.6e-05,0.03079657189058774,0.023307654278307298,0.015819242733203297,0.030445111659932068,0.024285517427537637,0.01639466327729146,2.2999070172304624e-05,2.299829307261271e-05,3.89978250404391e-05,0,normal,-1
3584.0,2.3e-05,1.6e-05,0.0307966331329047,0.023307706052366237,0.015819273348598957,0.031765159584794554,0.022887841878484225,0.015794128820292762,2.2999084711192157e-05,2.2998325563668552e-05,3.8997862777178016e-05,0,normal,-1
3585.0,2.3e-05,1.6e-05,0.030796693109758154,0.023307757305530436,0.01581930313527778,0.031145779140914428,0.022147810639880843,0.015460207911924078,2.299909810675654e-05,2.2998358527366377e-05,3.899789949240004e-05,0,normal,-1
3586.0,2.3e-05,1.6e-05,0.03079675200959459,0.02330780768465472,0.015819332370520436,0.031240460926921662,0.023499057184004933,0.016055154570310152,2.2999111190634145e-05,2.299839099563126e-05,3.8997935527885235e-05,0,normal,-1
3587.0,2.3e-05,1.6e-05,0.030796810089569037,0.023307856685574863,0.015819361440658132,0.029858944000740996,0.023189235743397527,0.016625169707828565,2.299912513185918e-05,2.2998421601035112e-05,3.8997971359828347e-05,0,normal,-1
3588.0,2.3e-05,1.6e-05,0.030796867662954752,0.023307903680595397,0.01581939082115607,0.03000646514766444,0.023453689468430423,0.015268611583033376,2.299914137532108e-05,2.2998448649591967e-05,3.8998007574289e-05,0,normal,-1
3589.0,2.3e-05,1.6e-05,0.030796924606728664,0.023307948993428636,0.015819420297712376,0.030281475967535183,0.023065011786302065,0.015813556870890165,2.2999159235037432e-05,2.2998472967478315e-05,3.899804390711761e-05,0,normal,-1
3590.0,2.3e-05,1.6e-05,0.030796980600086385,0.02330799337831585,0.015819449343615198,0.029967001568818437,0.022613311363739612,0.016026271081078954,2.299917706023623e-05,2.299849652170716e-05,3.8998079709089245e-05,0,normal,-1
3591.0,2.3e-05,1.6e-05,0.030797035474608866,0.02330803725590278,0.015819477673531226,0.030649645803303392,0.023080013214138936,0.016605143389062226,2.2999193946389694e-05,2.29985203963661e-05,3.89981146285041e-05,0,normal,-1
3592.0,2.3e-05,1.6e-05,0.030797089130554355,0.023308080896057556,0.01581950511106576,0.03100214572538657,0.02337642963227099,0.015954586883096124,2.2999209325952443e-05,2.299854527672437e-05,3.899814844794097e-05,0,normal,-1
3593.0,2.3e-05,1.6e-05,0.030797141536858384,0.023308124417870727,0.015819531588762703,0.030935679824119107,0.023015739466667625,0.01611410182599983,2.2999222968359956e-05,2.2998571449234797e-05,3.899818108425659e-05,0,normal,-1
3594.0,2.3e-05,1.6e-05,0.030797192731133773,0.023308167789655214,0.015819557148104586,0.03116036401934103,0.023299501349355944,0.01600085482715257,2.299923498002735e-05,2.29985988015358e-05,3.899821258858511e-05,0,normal,-1
3595.0,2.3e-05,1.6e-05,0.030797242819670632,0.023308210828946345,0.01581958193951254,0.032068047721162285,0.023350389379543268,0.015560832328179348,2.2999245804348407e-05,2.299862682245374e-05,3.899824314633746e-05,0,normal,-1
3596.0,2.3e-05,1.6e-05,0.030797291977436365,0.023308253202501843,0.01581960622234632,0.030182657618639867,0.02355522975540664,0.01619128229672068,2.299925622169498e-05,2.299865460200542e-05,3.8998273077200875e-05,0,normal,-1
3597.0,2.3e-05,1.6e-05,0.03079734044807566,0.023308294426301824,0.015819630364904278,0.030370525459436453,0.02398523175947661,0.015514200955776861,2.2999267349416363e-05,2.2998680831400557e-05,3.899830283513845e-05,0,normal,-1
3598.0,2.3e-05,1.6e-05,0.030797388542589538,0.023308333868432746,0.015819654842333813,0.03134258504240479,0.02351447306015333,0.015284667878387146,2.2999280635381678e-05,2.299870381068072e-05,3.899833300581306e-05,0,normal,-1
3599.0,2.3e-05,1.6e-05,0.030797436237195434,0.02330837162695728,0.015819679600530254,0.030502336484603616,0.022870679995454033,0.01677731862110499,2.299929589249074e-05,2.2998723773518253e-05,3.8998363522534864e-05,0,normal,-1
3600.0,2.3e-05,1.6e-05,0.0307974831782305,0.023308408519033614,0.015819704063957586,0.030121652634488353,0.023405329641983552,0.01601367727136923,2.299931132291562e-05,2.299874285848968e-05,3.899839367590356e-05,0,normal,-1
3601.0,2.3e-05,1.6e-05,0.03079752918403705,0.023308444985519695,0.015819727929446796,0.030363045554774683,0.023167648303887976,0.016678897632957317,2.2999325970768747e-05,2.2998762208095917e-05,3.8998423092237414e-05,0,normal,-1
3602.0,2.3e-05,1.6e-05,0.030797574141703983,0.023308481316489202,0.015819751002824935,0.030915898126873096,0.023842841402938363,0.015849988560768764,2.299933921725949e-05,2.2998782565925844e-05,3.8998451532202966e-05,0,normal,-1
3603.0,2.3e-05,1.6e-05,0.030797618007066783,0.023308517651231538,0.015819773198915112,0.030836097634836506,0.02392550210717729,0.016328351113948095,2.299935078069281e-05,2.2998804276657815e-05,3.899847889081446e-05,0,normal,-1
3604.0,2.3e-05,1.6e-05,0.03079766080470752,0.023308553978251843,0.015819794541536498,0.030805050156235702,0.02375270188213858,0.014975036669215326,2.299936071646813e-05,2.299882728606131e-05,3.899850519743335e-05,0,normal,-1
3605.0,2.3e-05,1.6e-05,0.030797702627954834,0.02330859013527098,0.01581981516350434,0.030969644466392623,0.023785776680133344,0.015986807867810492,2.2999369417078505e-05,2.299885114099879e-05,3.8998530615767824e-05,0,normal,-1
3606.0,2.3e-05,1.6e-05,0.030797743638883962,0.02330862580922554,0.01581983530662993,0.031012584568075305,0.02285257021490686,0.01551566970713345,2.2999377612110154e-05,2.299887498942792e-05,3.899855544387238e-05,0,normal,-1
3607.0,2.3e-05,1.6e-05,0.03079778406831671,0.023308660536267848,0.01581985532172064,0.03018860014373247,0.022762492675719528,0.016372806877100285,2.2999386368241987e-05,2.2998897580403685e-05,3.8998580114147476e-05,0,normal,-1
3608.0,2.3e-05,1.6e-05,0.030797824215821484,0.02330869370176596,0.01581987566857989,0.030476454726361006,0.02258513161278401,0.015980168047979144,2.2999397089244967e-05,2.299891726408003e-05,3.8998605193339075e-05,0,normal,-1
3609.0,2.3e-05,1.6e-05,0.030797864162614184,0.02330872516703429,0.015819896461880815,0.03116159964278978,0.0229992447228596,0.016550672975791443,2.2999410112778957e-05,2.299893365141959e-05,3.89986308227904e-05,0,normal,-1
3610.0,2.3e-05,1.6e-05,0.030797903529562284,0.023308755797463082,0.015819917088434617,0.030994589342061486,0.023442971035059285,0.015207694230019388,2.2999423527854583e-05,2.2998949012859232e-05,3.899865624669557e-05,0,normal,-1
3611.0,2.3e-05,1.6e-05,0.030797942120546033,0.02330878605821569,0.01581993722479312,0.030148114675372734,0.023741439120618112,0.015920878276654237,2.2999436319060446e-05,2.2998964559351427e-05,3.899868106637917e-05,0,normal,-1
3612.0,2.3e-05,1.6e-05,0.030797979809623694,0.0233088162606668,0.01581995665872499,0.030731809162430717,0.022730503868827072,0.015655228175408892,2.299944781489163e-05,2.2998981094917095e-05,3.899870502025039e-05,0,normal,-1
3613.0,2.3e-05,1.6e-05,0.030798016539749725,0.023308846565200835,0.01581997528718812,0.03090068890438693,0.02212913999087021,0.015859224967193664,2.2999457681483212e-05,2.299899902405742e-05,3.899872798130333e-05,0,normal,-1
3614.0,2.3e-05,1.6e-05,0.03079805232277481,0.023308876981211948,0.015819993116329624,0.030141470557752084,0.023745356103421367,0.016123561494604925,2.2999465922609333e-05,2.299901835175511e-05,3.8998749957116545e-05,0,normal,-1
3615.0,2.3e-05,1.6e-05,0.030798087239445836,0.02330890736710404,0.01582001026148585,0.029338603787051054,0.023888701199479806,0.015289764161878858,2.2999472879682394e-05,2.299903868347597e-05,3.899877108985265e-05,0,normal,-1
3616.0,2.3e-05,1.6e-05,0.030798121439405902,0.023308937430290725,0.015820026947182365,0.030311788334462308,0.0224834888097475,0.01572455435360662,2.2999479231752688e-05,2.2999059225170705e-05,3.899879165625799e-05,0,normal,-1
3617.0,2.3e-05,1.6e-05,0.030798155141194324,0.02330896672719538,0.015820043507133973,0.031317319073506274,0.022562735825932635,0.01659837810688153,2.2999485995508104e-05,2.2999078783276894e-05,3.8998812067662336e-05,0,normal,-1
3618.0,2.3e-05,1.6e-05,0.03079818863224662,0.0233089946632511,0.0158200603842447,0.030107021160923387,0.02371869089072006,0.016198208255101515,2.299949452527363e-05,2.2999095764720407e-05,3.899883286997852e-05,0,normal,-1
3619.0,2.3e-05,1.6e-05,0.03079822207839499,0.023309020908752934,0.015820077829282873,0.030901366205651412,0.022609001852040577,0.01536230712199781,2.299950558195018e-05,2.2999109278168347e-05,3.899885437229659e-05,0,normal,-1
3620.0,2.3e-05,1.6e-05,0.030798255105512113,0.02330904631200074,0.015820095239181202,0.03017871094654577,0.022537595259893184,0.01572250389604971,2.2999517288484455e-05,2.2999121552254767e-05,3.899887583129035e-05,0,normal,-1
3621.0,2.3e-05,1.6e-05,0.03079828749561281,0.023309071379815728,0.01582011225807635,0.030539569890675067,0.024349465505900246,0.015996788668357825,2.29995285319282e-05,2.299913391166493e-05,3.8998896808332214e-05,0,normal,-1
3622.0,2.3e-05,1.6e-05,0.030798319110246924,0.02330909644490304,0.015820128656086865,0.03183866092487469,0.022631084798814833,0.01670578808824656,2.2999538588818893e-05,2.2999147220270237e-05,3.8998917020077354e-05,0,normal,-1
3623.0,2.3e-05,1.6e-05,0.030798349879961967,0.023309121688856745,0.015820144312644665,0.03107464131093902,0.023035047930773978,0.015998640036187988,2.2999547073673954e-05,2.2999161942049358e-05,3.8998936317918125e-05,0,normal,-1
3624.0,2.3e-05,1.6e-05,0.03079837980430308,0.023309147142159824,0.01582015921649505,0.031713303650608045,0.02260204560331017,0.01564770726690144,2.2999553938989826e-05,2.299917814108918e-05,3.8998954687983644e-05,0,normal,-1
3625.0,2.3e-05,1.6e-05,0.030798408951813055,0.023309172684184178,0.01582017346569671,0.029512109080548275,0.022941900600609196,0.015493721638849692,2.2999559475241324e-05,2.2999195481586018e-05,3.8998972251139516e-05,0,normal,-1
3626.0,2.3e-05,1.6e-05,0.03079843746003232,0.023309198043190624,0.01582018726762171,0.03080182523152406,0.023392632040027794,0.01620956056216733,2.2999564310881255e-05,2.2999213227847242e-05,3.899898926298752e-05,0,normal,-1
3627.0,2.3e-05,1.6e-05,0.03079846553549895,0.023309222796328893,0.01582020093895549,0.031213236795991712,0.02269677092031487,0.015830645852455357,2.2999569412340302e-05,2.2999230244292922e-05,3.89990061138653e-05,0,normal,-1
3628.0,2.3e-05,1.6e-05,0.030798493453748674,0.023309246369637632,0.015820214905696885,0.03099014399289821,0.02388734080401668,0.016184334283007393,2.2999576084026658e-05,2.2999244995457194e-05,3.899902332884616e-05,0,normal,-1
3629.0,2.3e-05,1.6e-05,0.030798521441683806,0.023309268294825766,0.015820229517095198,0.03083827049402397,0.02280440335728156,0.015531770392546567,2.2999585393412575e-05,2.2999256225988385e-05,3.8999041338403414e-05,0,normal,-1
3630.0,2.3e-05,1.6e-05,0.030798549159774608,0.023309289339510503,0.015820244226652597,0.03036205666836868,0.023757789100758847,0.016467057596434936,2.2999595640464948e-05,2.299926595375121e-05,3.899905946894012e-05,0,normal,-1
3631.0,2.3e-05,1.6e-05,0.030798576362540235,0.0233093100654571,0.015820258636829298,0.031497235885557404,0.023395228684613915,0.015414879545829232,2.2999605585652464e-05,2.299927565178606e-05,3.899907723046142e-05,0,normal,-1
3632.0,2.3e-05,1.6e-05,0.030798602899827058,0.0233093308259222,0.01582027250101745,0.030541293239226785,0.023367396973962968,0.015565848364281916,2.2999614455987042e-05,2.299928624120045e-05,3.899909431900715e-05,0,normal,-1
3633.0,2.3e-05,1.6e-05,0.03079862869044812,0.02330935182320284,0.015820285681843328,0.03164446109501017,0.024232273861185687,0.01616423732874999,2.299962181617925e-05,2.2999298243566153e-05,3.8999110565255895e-05,0,normal,-1
3634.0,2.3e-05,1.6e-05,0.03079865372218314,0.023309373108636483,0.015820298151167356,0.030855464387335756,0.023091944904550844,0.01634141160556528,2.299962756863744e-05,2.2999311780919866e-05,3.8999125934524836e-05,0,normal,-1
3635.0,2.3e-05,1.6e-05,0.0307986780517785,0.023309394582600954,0.015820309990084096,0.03140506560259982,0.022914554125842573,0.016067063562701944,2.2999631953467178e-05,2.2999326575764144e-05,3.899914052676937e-05,0,normal,-1
3636.0,2.3e-05,1.6e-05,0.030798701804947273,0.023309415994514505,0.015820321388922247,0.030253052725657526,0.023478725660386168,0.015747235416445494,2.299963554847092e-05,2.2999341951068784e-05,3.89991545765829e-05,0,normal,-1
3637.0,2.3e-05,1.6e-05,0.03079872517636919,0.02330943694283577,0.01582033264724465,0.030854758133173718,0.02340592448698673,0.01601577571194168,2.299963926914795e-05,2.2999356830272278e-05,3.899916845319662e-05,0,normal,-1
3638.0,2.3e-05,1.6e-05,0.03079874842969066,0.02330945687506379,0.015820344173848283,0.03122770114377319,0.023252148626036296,0.01645897833253793,2.299964436869416e-05,2.2999369737283102e-05,3.899918266047927e-05,0,normal,-1
3639.0,2.3e-05,1.6e-05,0.03079877183240101,0.02330947522989818,0.015820356383755427,0.030373432626485126,0.02353008650164556,0.015596600032434457,2.2999652119716504e-05,2.299937917294193e-05,3.8999197709971926e-05,0,normal,-1
3640.0,2.3e-05,1.6e-05,0.030798795103357045,0.02330949264318658,0.0158203688243641,0.03024058277854084,0.023435482711132275,0.014663767015866917,2.2999661114172102e-05,2.299938680858839e-05,3.899921304381303e-05,0,normal,-1
3641.0,2.3e-05,1.6e-05,0.030798817966389856,0.023309509739439162,0.015820381051111325,0.030505240195572342,0.023486111412309676,0.015291574999173241,2.2999669969066544e-05,2.2999394285806134e-05,3.899922811405042e-05,0,normal,-1
3642.0,2.3e-05,1.6e-05,0.030798840260169286,0.023309526892131595,0.01582039280120417,0.03052726459388215,0.023403755618875744,0.015308569892715633,2.2999677863205784e-05,2.299940258159733e-05,3.8999242596775734e-05,0,normal,-1
3643.0,2.3e-05,1.6e-05,0.030798861892234804,0.023309544324061748,0.015820403920905106,0.03170516046057639,0.023764085542906946,0.01594129006229656,2.2999684312511754e-05,2.2999412274137787e-05,3.899925630249858e-05,0,normal,-1
3644.0,2.3e-05,1.6e-05,0.03079888283899551,0.023309562107349694,0.015820414365532002,0.029698684764956143,0.02365417845253489,0.015648707433573928,2.299968917002157e-05,2.2999423542777484e-05,3.899926917614631e-05,0,normal,-1
3645.0,2.3e-05,1.6e-05,0.030798903145730125,0.023309580163437697,0.015820424199458134,0.03047228573117226,0.02358098916487348,0.015556427162746326,2.2999692625886954e-05,2.2999436168041264e-05,3.8999281297063744e-05,0,normal,-1
3646.0,2.3e-05,1.6e-05,0.030798922926587,0.023309598263090224,0.015820433596112186,0.03159308433950086,0.02362290091353973,0.01514473566131565,2.299969520737404e-05,2.2999449531629942e-05,3.899929287901299e-05,0,normal,-1
3647.0,2.3e-05,1.6e-05,0.030798942364584112,0.023309616026393948,0.01582044283797824,0.030713489497199205,0.022462899671496374,0.015775231525092595,2.2999697778863266e-05,2.299946261642168e-05,3.8999304270173236e-05,0,normal,-1
3648.0,2.3e-05,1.6e-05,0.030798961711609063,0.023309632922757725,0.01582045231659579,0.03150807254260412,0.023235623442025143,0.015322674113722885,2.299970154184936e-05,2.2999474006473057e-05,3.8999315953140594e-05,0,normal,-1
3649.0,2.3e-05,1.6e-05,0.030798981259022005,0.02330964833508381,0.01582046248606146,0.03079655709171522,0.02374484313405872,0.015230877401136074,2.299970789126685e-05,2.299948205695395e-05,3.899932848761599e-05,0,normal,-1
3650.0,2.3e-05,1.6e-05,0.030799000803639284,0.023309662725430058,0.01582047301837551,0.030571676557521847,0.022174260046868493,0.014881986737980756,2.2999715805637123e-05,2.2999487981011157e-05,3.899934146931951e-05,0,normal,-1
3651.0,2.3e-05,1.6e-05,0.030799020036633352,0.023309676786048592,0.015820483418586526,0.031697275571327774,0.02250060930187282,0.015893831048260393,2.2999723747804077e-05,2.2999493601611768e-05,3.899935428819395e-05,0,normal,-1
3652.0,2.3e-05,1.6e-05,0.03079903878540073,0.023309690911529162,0.015820493407319076,0.031116875139295414,0.023803318865013415,0.01567992305471168,2.2999730846844636e-05,2.2999499953637403e-05,3.8999366599892896e-05,0,normal,-1
3653.0,2.3e-05,1.6e-05,0.030799056946188102,0.0233097053458846,0.015820502814201304,0.030766296376319516,0.023633252646329796,0.01576270676823012,2.2999736568766108e-05,2.299950767337976e-05,3.899937819442363e-05,0,normal,-1
3654.0,2.3e-05,1.6e-05,0.030799074484092314,0.023309720182550793,0.0158205115778649,0.030200574072137356,0.023595698314710076,0.015157278666380685,2.2999740716505494e-05,2.2999516998540947e-05,3.8999388996146794e-05,0,normal,-1
3655.0,2.3e-05,1.6e-05,0.030799091433060373,0.023309735364386717,0.01582051974594513,0.03067759946577874,0.023396560344555287,0.015846434717998754,2.2999743429928903e-05,2.2999527768233987e-05,3.8999399063776264e-05,0,normal,-1
3656.0,2.3e-05,1.6e-05,0.03079910789588944,0.023309750683674402,0.01582052747508081,0.030428810716107507,0.023714844184758447,0.015357568434213457,2.2999745185831357e-05,2.299953942298373e-05,3.899940859037889e-05,0,normal,-1
3657.0,2.3e-05,1.6e-05,0.03079912404422685,0.023309765782118956,0.01582053503091431,0.030265286888513918,0.02345109607829201,0.015924224594232757,2.2999746797936812e-05,2.299955100472804e-05,3.8999417903374405e-05,0,normal,-1
3658.0,2.3e-05,1.6e-05,0.030799140118570087,0.023309780150848548,0.01582054278809157,0.03134028110413392,0.023085164970274172,0.015944861617812927,2.299974941689817e-05,2.2999561156818856e-05,3.899942746453526e-05,0,normal,-1
3659.0,2.3e-05,1.6e-05,0.030799156420036746,0.02330979314837982,0.0158205512172444,0.0302439653213493,0.02378332250051387,0.015428229474105364,2.2999754490073843e-05,2.2999568171597418e-05,3.899943785394146e-05,0,normal,-1
3660.0,2.3e-05,1.6e-05,0.03079917284002851,0.023309805027279463,0.015820560141060955,0.030144903144265635,0.023042701328645197,0.015332857071470227,2.2999761462895455e-05,2.2999572709148004e-05,3.899944885304558e-05,0,normal,-1
3661.0,2.3e-05,1.6e-05,0.030799189036292897,0.023309816549795814,0.015820569012781616,0.03137977081255712,0.024178941549118444,0.016264496664677792,2.2999768639407268e-05,2.299957677946242e-05,3.899945978793551e-05,0,normal,-1
3662.0,2.3e-05,1.6e-05,0.030799204824575484,0.023309828133028766,0.015820577535646918,0.03077193714067854,0.023650647249141572,0.01671538143246739,2.2999775096233613e-05,2.2999581478676405e-05,3.8999470292838896e-05,0,normal,-1
3663.0,2.3e-05,1.6e-05,0.03079922008958119,0.023309840043311745,0.01582058552205602,0.02980244614072116,0.02360269268952248,0.015002292452437959,2.299978024738722e-05,2.2999587503808286e-05,3.899948013652774e-05,0,normal,-1
3664.0,2.3e-05,1.6e-05,0.03079923478497423,0.0233098523962117,0.015820592893566732,0.031022611908239177,0.024177003194823462,0.016129779849665054,2.2999783844268513e-05,2.299959515275909e-05,3.899948922231827e-05,0,normal,-1
3665.0,2.3e-05,1.6e-05,0.03079924893337814,0.023309865156529105,0.015820599680895487,0.030320091980371937,0.023684542362300453,0.015627588396910017,2.29997859756651e-05,2.2999604324312924e-05,3.899949758807068e-05,0,normal,-1
3666.0,2.3e-05,1.6e-05,0.03079926262637577,0.02330987813829796,0.015820606023917366,0.030753677889791695,0.023458344339000767,0.015792672277126135,2.2999787067751564e-05,2.2999614518137695e-05,3.899950540618903e-05,0,normal,-1
3667.0,2.3e-05,1.6e-05,0.030799276024509287,0.023309891004785786,0.015820612171666075,0.03104663537086897,0.023659119232681394,0.016417491394092806,2.2999787884089504e-05,2.299962483478614e-05,3.8999512983621134e-05,0,normal,-1
3668.0,2.3e-05,1.6e-05,0.030799289357280168,0.02330990326849364,0.015820618482333963,0.031735662355422106,0.02337814397426877,0.017260878075788324,2.299978952562762e-05,2.2999633975696882e-05,3.8999520761858377e-05,0,normal,-1
3669.0,2.3e-05,1.6e-05,0.030799302922952854,0.02330991429158471,0.01582062542296144,0.031121164216238735,0.023367632242672774,0.016201640541964747,2.2999793429741814e-05,2.299964024432988e-05,3.899952931655288e-05,0,normal,-1
3670.0,2.3e-05,1.6e-05,0.03079931671962303,0.0233099240911973,0.01582063298589968,0.030214796590918906,0.02325188903743715,0.01681336078436061,2.2999799567191154e-05,2.299964367874819e-05,3.899953863827653e-05,0,normal,-1
3671.0,2.3e-05,1.6e-05,0.030799330373434717,0.023309933496086153,0.015820640575288314,0.03146247146615142,0.023293170574411427,0.015035574594420328,2.2999806091375725e-05,2.2999646466452325e-05,3.8999547992599456e-05,0,normal,-1
3672.0,2.3e-05,1.6e-05,0.030799343688513427,0.023309942946272227,0.01582064787686174,0.030499132995450172,0.023823076059717205,0.01559126029073744,2.299981202588361e-05,2.2999649765650814e-05,3.89995569921728e-05,0,normal,-1
3673.0,2.3e-05,1.6e-05,0.030799356538075195,0.023309952730764263,0.015820654685705864,0.030273951720115457,0.022543244053890472,0.015962860448462114,2.2999816732269537e-05,2.2999654334762617e-05,3.8999565384429484e-05,0,normal,-1
3674.0,2.3e-05,1.6e-05,0.030799368864426562,0.023309962987558774,0.01582066090625808,0.031081166303561506,0.022671999030538088,0.015572880602317441,2.29998199100542e-05,2.2999660532417226e-05,3.899957305158403e-05,0,normal,-1
3675.0,2.3e-05,1.6e-05,0.030799380678964594,0.02330997370364005,0.01582066655230728,0.030998418433181792,0.022304476622127287,0.015444323529509965,2.2999821596723815e-05,2.2999668317454845e-05,3.8999580010632395e-05,0,normal,-1
3676.0,2.3e-05,1.6e-05,0.030799392062176863,0.023309984714980164,0.015820671746993854,0.030099564179049874,0.023723785838687294,0.015603786489666217,2.2999822167729843e-05,2.2999677248926974e-05,3.8999586413351814e-05,0,normal,-1
3677.0,2.3e-05,1.6e-05,0.03079940316364145,0.023309995706538966,0.015820676722809693,0.03119982239098422,0.023466791942612957,0.01639414971644797,2.2999822336489093e-05,2.2999686486097285e-05,3.899959254630077e-05,0,normal,-1
3678.0,2.3e-05,1.6e-05,0.030799414202026965,0.02331000621226409,0.015820681821598178,0.03072818365141423,0.024203647413726128,0.015535832270935983,2.299982315438385e-05,2.299969478844262e-05,3.899959883081883e-05,0,normal,-1
3679.0,2.3e-05,1.6e-05,0.03079942546509252,0.02331001561509094,0.015820687494554193,0.03173127090900912,0.02403949954983498,0.015091997841173143,2.2999826010761724e-05,2.299970051565349e-05,3.8999605823026616e-05,0,normal,-1
3680.0,2.3e-05,1.6e-05,0.030799437053105515,0.02331002370701482,0.015820693896390597,0.030079398522145258,0.02355636275400382,0.015437681021029622,2.299983137897054e-05,2.2999703110779717e-05,3.8999613713615155e-05,0,normal,-1
3681.0,2.3e-05,1.6e-05,0.030799448575661584,0.023310031350839852,0.015820700405813987,0.030498818543014835,0.02398942393337739,0.01528634466998325,2.299983733472062e-05,2.2999704852651195e-05,3.899962173680849e-05,0,normal,-1
3682.0,2.3e-05,1.6e-05,0.03079945982273549,0.023310039015432323,0.015820706686906875,0.03138207230517045,0.0232422343129743,0.015160384000444505,2.299984283558123e-05,2.2999706977011894e-05,3.899962947857138e-05,0,normal,-1
3683.0,2.3e-05,1.6e-05,0.030799470656592488,0.023310047011694986,0.015820712518152525,0.03088080597678481,0.02305563239982412,0.016099316698955344,2.2999847192675006e-05,2.2999710301390562e-05,3.8999636665873535e-05,0,normal,-1
3684.0,2.3e-05,1.6e-05,0.03079948100859976,0.02331005549952738,0.01582071778739148,0.030656425260068627,0.023401730664219588,0.015155648638314163,2.2999850055093845e-05,2.2999715243532537e-05,3.899964316047317e-05,0,normal,-1
3685.0,2.3e-05,1.6e-05,0.030799490879226392,0.023310064487825837,0.015820722491821603,0.031032111396731815,0.02307505810293394,0.01552834587600766,2.2999851409898368e-05,2.2999721821399735e-05,3.899964895891687e-05,0,normal,-1
3686.0,2.3e-05,1.6e-05,0.03079950033804337,0.023310073834483473,0.015820726737998038,0.02947958280795026,0.023342160533180393,0.01578887464418565,2.2999851582117714e-05,2.2999729653171126e-05,3.89996541925394e-05,0,normal,-1
3687.0,2.3e-05,1.6e-05,0.03079950952372361,0.0233100832463902,0.01582073074183324,0.03092952107500111,0.02334306489670655,0.015723170711252038,2.2999851234749614e-05,2.2999737957243498e-05,3.899965912746371e-05,0,normal,-1
3688.0,2.3e-05,1.6e-05,0.030799518644041908,0.023310092279432707,0.015820734828596954,0.030573333855267348,0.02264069674724926,0.015563027610282224,2.2999851368760563e-05,2.299974555223233e-05,3.8999664164600884e-05,0,normal,-1
3689.0,2.3e-05,1.6e-05,0.030799527975874992,0.023310100338494486,0.015820739432916234,0.029915346630116066,0.02432583568229766,0.015513780929127552,2.299985332308578e-05,2.299975085697241e-05,3.899966983964994e-05,0,normal,-1
3690.0,2.3e-05,1.6e-05,0.030799537696299215,0.023310107046137632,0.015820744831625086,0.031094602568037925,0.023166426995574856,0.01509272292769617,2.299985794917466e-05,2.2999752866834248e-05,3.8999676493822004e-05,0,normal,-1
3691.0,2.3e-05,1.6e-05,0.0307995474307036,0.02331011322895762,0.01582075042903084,0.030612031212788417,0.02224225579466972,0.01660897150609651,2.299986340258833e-05,2.299975376573472e-05,3.89996833928965e-05,0,normal,-1
3692.0,2.3e-05,1.6e-05,0.030799556947709937,0.023310119400722126,0.015820755856052828,0.0314171553393903,0.023340863808774006,0.015497248699763561,2.2999868539164374e-05,2.2999754909282876e-05,3.899969008196356e-05,0,normal,-1
3693.0,2.3e-05,1.6e-05,0.03079956609920775,0.02331012589330166,0.015820760875363667,0.031048488672107362,0.02341089088148365,0.016146218032190345,2.299987262189856e-05,2.2999757171478925e-05,3.8999696268505895e-05,0,normal,-1
3694.0,2.3e-05,1.6e-05,0.030799574806074776,0.023310132887839945,0.01582076535880325,0.030827005713449342,0.023120564438002568,0.014756530021930938,2.299987525115653e-05,2.2999761027256778e-05,3.899970179456027e-05,0,normal,-1
3695.0,2.3e-05,1.6e-05,0.03079958305817697,0.02331014041475394,0.015820769287378744,0.030818240729990582,0.024007735296326545,0.015471854998310768,2.2999876364673255e-05,2.2999766552484067e-05,3.899970663671738e-05,0,normal,-1
3696.0,2.3e-05,1.6e-05,0.030799590914368492,0.023310148353733805,0.015820772751264593,0.03132111048793368,0.022900055815057982,0.016109799421661665,2.299987623755287e-05,2.2999773423962364e-05,3.8999710906121796e-05,0,normal,-1
3697.0,2.3e-05,1.6e-05,0.03079959850249173,0.023310156433742943,0.015820775949802513,0.029937144452773286,0.023880854232519778,0.015211239356377478,2.299987548226869e-05,2.2999780919427916e-05,3.899971484847183e-05,0,normal,-1
3698.0,2.3e-05,1.6e-05,0.030799606019377267,0.02331016423301796,0.015820779191501502,0.03156536308515908,0.023151826329249572,0.016708218327701748,2.299987504866343e-05,2.2999787917552422e-05,3.8999718844019524e-05,0,normal,-1
3699.0,2.3e-05,1.6e-05,0.03079961373084391,0.02331017117906869,0.015820782894037825,0.03114103968158807,0.023636048797069265,0.015957470799966577,2.2999876223949275e-05,2.299979289794367e-05,3.8999723407570585e-05,0,normal,-1
3700.0,2.3e-05,1.6e-05,0.030799621869262387,0.02331017677227678,0.015820787422233362,0.03165540252138119,0.023413581797872143,0.01656189915224596,2.29998801320852e-05,2.2999794533261955e-05,3.8999728988784916e-05,0,normal,-1
3701.0,2.3e-05,1.6e-05,0.03079963010279108,0.023310181744428962,0.01582079224856229,0.030630215853517197,0.023714801077959972,0.01575912918467406,2.2999885139883482e-05,2.2999794757172397e-05,3.899973493746184e-05,0,normal,-1
3702.0,2.3e-05,1.6e-05,0.030799638173183555,0.023310186666512904,0.015820796961957418,0.030606246447061836,0.023107918033038886,0.015339358744409351,2.299988997406643e-05,2.2999795077612388e-05,3.8999740746941674e-05,0,normal,-1
3703.0,2.3e-05,1.6e-05,0.0307996459219822,0.023310191891579454,0.01582080130922771,0.030322794181998527,0.023632102144493697,0.016677304355661907,2.2999893849220407e-05,2.2999796425461433e-05,3.8999746105154754e-05,0,normal,-1
3704.0,2.3e-05,1.6e-05,0.030799653259623118,0.02331019762218251,0.01582080514619144,0.031205599611653458,0.023913410155111822,0.015118397550793083,2.2999896316803365e-05,2.2999799333129002e-05,3.899975083439063e-05,0,normal,-1
3705.0,2.3e-05,1.6e-05,0.03079966016543615,0.023310203910379013,0.015820808437676227,0.030409402376397953,0.023076340949957738,0.016121974221344603,2.2999897265144377e-05,2.299980393455438e-05,3.899975489129794e-05,0,normal,-1
3706.0,2.3e-05,1.6e-05,0.03079966668764485,0.023310210657728946,0.015820811257518982,0.031169764270896374,0.022719168997187518,0.016124956217007522,2.2999896919443363e-05,2.299980996520689e-05,3.8999758366884275e-05,0,normal,-1
3707.0,2.3e-05,1.6e-05,0.030799672943366507,0.023310217615295344,0.01582081378856596,0.030974043112178842,0.02310014537363326,0.01609346574127301,2.2999895841771164e-05,2.2999816762086385e-05,3.899976148651623e-05,0,normal,-1
3708.0,2.3e-05,1.6e-05,0.03079967911861213,0.02331022438364429,0.01582081632267272,0.030658592114545788,0.023810157421693783,0.01584146991725828,2.2999894931069763e-05,2.2999823263724094e-05,3.899976460991925e-05,0,normal,-1
3709.0,2.3e-05,1.6e-05,0.030799685468286448,0.023310230412844905,0.015820819260704153,0.030768747977785935,0.023358808476005317,0.015786051023277275,2.2999895423152408e-05,2.299982801018316e-05,3.8999768231177685e-05,0,normal,-1
3710.0,2.3e-05,1.6e-05,0.03079969226241364,0.023310235119847963,0.015820823027480807,0.031221427642223826,0.021894933936781116,0.01579064107714375,2.299989862790049e-05,2.2999829453891108e-05,3.8999772873902095e-05,0,normal,-1
3711.0,2.3e-05,1.6e-05,0.030799699235049473,0.023310239091384834,0.01582082720013988,0.030719703968779797,0.02346427565184144,0.015275699886336435,2.2999903236042554e-05,2.2999829145070048e-05,3.8999778016894504e-05,0,normal,-1
3712.0,2.3e-05,1.6e-05,0.030799706096590707,0.02331024296569479,0.015820831318444646,0.031116461384650775,0.024177563374821468,0.01584140735000742,2.2999907822890085e-05,2.2999828770418535e-05,3.899978309289209e-05,0,normal,-1
3713.0,2.3e-05,1.6e-05,0.030799712677730386,0.023310247118335202,0.01582083511246392,0.029745188106938464,0.02293089385695108,0.015744079391852676,2.2999911551812556e-05,2.2999829321077592e-05,3.899978776919249e-05,0,normal,-1
3714.0,2.3e-05,1.6e-05,0.030799718878105096,0.023310251774277393,0.01582083842134754,0.03027115160782835,0.023806974126929985,0.015205507481010825,2.2999913923264112e-05,2.2999831389471995e-05,3.89997918475408e-05,0,normal,-1
3715.0,2.3e-05,1.6e-05,0.030799724666294975,0.02331025700790666,0.015820841193326392,0.030513953688521226,0.02245458372382296,0.015762392362675782,2.2999914774783047e-05,2.2999835169310094e-05,3.8999795264129435e-05,0,normal,-1
3716.0,2.3e-05,1.6e-05,0.030799730079823718,0.023310262743022246,0.015820843485712395,0.031302289339292175,0.024315193151716024,0.016042906601188203,2.2999914280991604e-05,2.29998404555838e-05,3.899979808959808e-05,0,normal,-1
3717.0,2.3e-05,1.6e-05,0.030799735225158567,0.023310268752837364,0.015820845464898498,0.030520051352981237,0.022906575154096026,0.015894518018312296,2.2999912953595963e-05,2.299984664456913e-05,3.899980052903363e-05,0,normal,-1
3718.0,2.3e-05,1.6e-05,0.030799740277710326,0.023310274659979185,0.015820847406358692,0.03110236387895929,0.02220998593287628,0.01659100544007108,2.2999911641386497e-05,2.2999852733826853e-05,3.899980292197015e-05,0,normal,-1
3719.0,2.3e-05,1.6e-05,0.030799745481833334,0.023310279936488838,0.015820849694648004,0.03053586141488673,0.02330231045913948,0.015564719230957758,2.299991153023795e-05,2.299985732220315e-05,3.899980574238889e-05,0,normal,-1
3720.0,2.3e-05,1.6e-05,0.030799751129346152,0.02331028395070649,0.015820852789429112,0.03027213537139214,0.023481459603427474,0.015291546983589985,2.2999914038136677e-05,2.2999858733986688e-05,3.899980955684446e-05,0,normal,-1
3721.0,2.3e-05,1.6e-05,0.030799757040061066,0.023310287101158254,0.015820856403841812,0.03065986034892964,0.02325013329425126,0.015300630064943936,2.2999918276476188e-05,2.299985802158037e-05,3.8999814011768625e-05,0,normal,-1
3722.0,2.3e-05,1.6e-05,0.03079976289037794,0.023310290099293463,0.015820860024234235,0.030681395407133962,0.023047364741187015,0.01547227964017771,2.2999922655954278e-05,2.2999857066112028e-05,3.8999818474062556e-05,0,normal,-1
3723.0,2.3e-05,1.6e-05,0.03079976849977467,0.023310293344166767,0.015820863363287762,0.031147526716547736,0.022898421750402992,0.015976598311952847,2.2999926286640517e-05,2.299985692149944e-05,3.8999822589593396e-05,0,normal,-1
3724.0,2.3e-05,1.6e-05,0.030799773756821087,0.023310297083939353,0.015820866242993566,0.031194959363242732,0.023287952668670786,0.0157028958758954,2.299992861638885e-05,2.299985824212147e-05,3.8999826138957534e-05,0,normal,-1
3725.0,2.3e-05,1.6e-05,0.03079977861917893,0.02331030141587891,0.015820868594652603,0.0312562028717302,0.02331158812227992,0.015391742527177508,2.299992943083711e-05,2.2999861282817697e-05,3.899982903748056e-05,0,normal,-1
3726.0,2.3e-05,1.6e-05,0.03079978311360186,0.023310306286359668,0.01582087045887562,0.03150139824412615,0.023103076821295535,0.015887282224763596,2.299992885340671e-05,2.2999865898888485e-05,3.8999831335217135e-05,0,normal,-1
3727.0,2.3e-05,1.6e-05,0.030799787335935466,0.02331031149086237,0.01582087198558314,0.030870349630867232,0.023507053514768193,0.014996912307693476,2.2999927345302705e-05,2.2999871546095264e-05,3.899983321695097e-05,0,normal,-1
3728.0,2.3e-05,1.6e-05,0.03079979145111725,0.023310316673974284,0.015820873434005484,0.030101327639582835,0.02351267253019964,0.01667233060122087,2.2999925705513964e-05,2.2999877280661223e-05,3.8999835002194806e-05,0,normal,-1
3729.0,2.3e-05,1.6e-05,0.03079979569317664,0.023310321329389202,0.015820875172682745,0.03023620316713794,0.024562324516591783,0.015613292104010919,2.2999925070813474e-05,2.299988175927195e-05,3.899983714519042e-05,0,normal,-1
3730.0,2.3e-05,1.6e-05,0.030799800360847347,0.02331032480948473,0.015820877672525015,0.030645508223687185,0.022839873751424985,0.01636249631642763,2.299992689431522e-05,2.29998832644372e-05,3.8999840226354907e-05,0,normal,-1
3731.0,2.3e-05,1.6e-05,0.03079980537396006,0.02331032729361725,0.01582088080517268,0.031432175712998243,0.023739616746234916,0.015978786351560807,2.299993077752134e-05,2.299988226865122e-05,3.8999844087479265e-05,0,normal,-1
3732.0,2.3e-05,1.6e-05,0.030799810375752034,0.023310329564788523,0.01582088400482001,0.030330040805852887,0.02396046387660961,0.015325440767846494,2.2999934970342302e-05,2.2999880842989078e-05,3.899984803118323e-05,0,normal,-1
3733.0,2.3e-05,1.6e-05,0.03079981517482036,0.023310332044981636,0.015820886967232262,0.03023196010650166,0.023546932513738707,0.016006783451885716,2.2999938530934573e-05,2.2999880102548228e-05,3.899985168248432e-05,0,normal,-1
3734.0,2.3e-05,1.6e-05,0.03079981964893195,0.023310335005129856,0.015820889497602762,0.03100177564125585,0.023887012367238836,0.015726228884632217,2.299994085559851e-05,2.2999880762466003e-05,3.899985480127502e-05,0,normal,-1
3735.0,2.3e-05,1.6e-05,0.030799823745023533,0.023310338565116617,0.015820891510552902,0.030524912719675036,0.024127013839258134,0.015022593566886271,2.299994167877791e-05,2.2999883137919295e-05,3.899985728232265e-05,0,normal,-1
3736.0,2.3e-05,1.6e-05,0.030799827479201663,0.02331034269377552,0.01582089303013213,0.03132634833668977,0.023170164972167537,0.015227011208654764,2.2999941073059714e-05,2.299988714412443e-05,3.8999859155269305e-05,0,normal,-1
3737.0,2.3e-05,1.6e-05,0.03079983093674272,0.02331034720889035,0.01582089418981796,0.030568355336486604,0.023486928676450615,0.015807041934513537,2.299993944917396e-05,2.299989229633742e-05,3.8999860584631827e-05,0,normal,-1
3738.0,2.3e-05,1.6e-05,0.0307998342720929,0.023310351777195055,0.015820895232515963,0.030704242119210627,0.02389796930239458,0.01596253235025325,2.2999937555994027e-05,2.2999897709854574e-05,3.8999861869801795e-05,0,normal,-1
3739.0,2.3e-05,1.6e-05,0.030799837708868218,0.02331035591437376,0.01582089651055978,0.030769956632348158,0.0231673106137791,0.015560876251178878,2.299993648053691e-05,2.2999902100013143e-05,3.89998634450455e-05,0,normal,-1
3740.0,2.3e-05,1.6e-05,0.030799841539854524,0.023310358985060748,0.015820898485711114,0.030713242020036877,0.023899849929482467,0.015404781558496703,2.2999937647963177e-05,2.2999903782191425e-05,3.899986587950393e-05,0,normal,-1
3741.0,2.3e-05,1.6e-05,0.030799845791727253,0.023310360934681296,0.015820901198858078,0.030440841274278575,0.02315453701107692,0.016620365136481376,2.2999941183030662e-05,2.2999902609808277e-05,3.899986922357328e-05,0,normal,-1
3742.0,2.3e-05,1.6e-05,0.030799850079337405,0.0233103626075005,0.01582090403954693,0.030321999730559712,0.02318622195074426,0.015999339859296826,2.2999945197995242e-05,2.2999900816562157e-05,3.899987272484312e-05,0,normal,-1
3743.0,2.3e-05,1.6e-05,0.030799854201119914,0.02331036444699577,0.01582090668771542,0.03106237985876881,0.02287766795979771,0.016060900451505378,2.2999948702405762e-05,2.2999899574856623e-05,3.8999875988823156e-05,0,normal,-1
3744.0,2.3e-05,1.6e-05,0.030799858024643398,0.023310366745685,0.015820908932668083,0.030655642205679748,0.02418124002621889,0.01582482253761491,2.2999951043760716e-05,2.2999899657368308e-05,3.899987875582236e-05,0,normal,-1
3745.0,2.3e-05,1.6e-05,0.03079986148656131,0.02331036964523317,0.01582091067299898,0.030755500624439658,0.023456089666442588,0.016119152549847856,2.299995190726905e-05,2.2999901437328927e-05,3.899988090085374e-05,0,normal,-1
3746.0,2.3e-05,1.6e-05,0.030799864592611942,0.023310373136452345,0.015820911916591695,0.0301074218468179,0.023366088858665916,0.016457593465020973,2.299995131584988e-05,2.2999904888525026e-05,3.899988243363424e-05,0,normal,-1
3747.0,2.3e-05,1.6e-05,0.03079986741761843,0.023310377059301692,0.01582091278061934,0.03077556709134773,0.023281724053245943,0.015617375783660584,2.2999949630132408e-05,2.29999095852982e-05,3.8999883498584734e-05,0,normal,-1
3748.0,2.3e-05,1.6e-05,0.030799870105488736,0.02331038110288745,0.015820913491544557,0.031009128478021595,0.02278293687524747,0.015598054093426158,2.299994754845615e-05,2.2999914702545554e-05,3.8999884374830025e-05,0,normal,-1
3749.0,2.3e-05,1.6e-05,0.030799872869215664,0.023310384805462967,0.015820914385119504,0.031137823862123038,0.02358073576619338,0.01599930064983924,2.299994610687122e-05,2.2999919015720456e-05,3.899988547619876e-05,0,normal,-1
3750.0,2.3e-05,1.6e-05,0.030799875990876857,0.023310387554428668,0.01582091590638588,0.03175038027288687,0.023252815543891976,0.016030052195445333,2.299994667913838e-05,2.2999920900832643e-05,3.899988735122354e-05,0,normal,-1
3751.0,2.3e-05,1.6e-05,0.030799879590071237,0.023310389091782402,0.015820918243418833,0.0305987538619442,0.023579379857194455,0.014999831412096097,2.299994984505699e-05,2.299991967293833e-05,3.899989023171476e-05,0,normal,-1
3752.0,2.3e-05,1.6e-05,0.030799883275996184,0.023310390273546304,0.01582092077703141,0.030777873135802696,0.023287706356470896,0.015539554103232815,2.2999953690149897e-05,2.2999917597196737e-05,3.8999893354498366e-05,0,normal,-1
3753.0,2.3e-05,1.6e-05,0.03079988683200224,0.023310391575548838,0.015820923163508294,0.03023348153583507,0.023321605792891057,0.015879024890705154,2.2999957151130016e-05,2.2999915932003915e-05,3.899989629593085e-05,0,normal,-1
3754.0,2.3e-05,1.6e-05,0.030799890115736212,0.02331039331139966,0.015820925176663,0.030033683623241308,0.022890165425290876,0.016557219305848567,2.2999959527875244e-05,2.2999915506208276e-05,3.899989877722797e-05,0,normal,-1
3755.0,2.3e-05,1.6e-05,0.030799893053782765,0.023310395644185848,0.01582092669936268,0.031250743023455145,0.024063664546512036,0.016103773672414293,2.2999960457240996e-05,2.299991675008303e-05,3.8999900654018715e-05,0,normal,-1
3756.0,2.3e-05,1.6e-05,0.030799895641664434,0.023310398586471874,0.015820927723528114,0.030108124674726462,0.022810499525968864,0.01666243471632778,2.299995991305987e-05,2.2999919695325974e-05,3.89999019163452e-05,0,normal,-1
3757.0,2.3e-05,1.6e-05,0.03079989794384163,0.023310402000299643,0.01582092835013372,0.03092565590466902,0.023534304979790796,0.014782621213826968,2.299995820614154e-05,2.299992397505956e-05,3.8999902688662646e-05,0,normal,-1
3758.0,2.3e-05,1.6e-05,0.030799900093712623,0.02331040559718846,0.01582092878920754,0.031190360365050566,0.02393085213189752,0.015157167219851577,2.2999955984272983e-05,2.2999928823831353e-05,3.899990322983936e-05,0,normal,-1
3759.0,2.3e-05,1.6e-05,0.030799902293613547,0.023310408938135053,0.015820929359831266,0.03168466260639361,0.023113242273539437,0.015393211094566083,2.2999954232218745e-05,2.2999933077614662e-05,3.8999903933156785e-05,0,normal,-1
3760.0,2.3e-05,1.6e-05,0.03079990481481842,0.023310411433613558,0.01582093049014021,0.031239575644551962,0.024692819842291935,0.015924164500309104,2.2999954271721106e-05,2.299993517380885e-05,3.899990532630944e-05,0,normal,-1
3761.0,2.3e-05,1.6e-05,0.030799907848182845,0.023310412669585855,0.015820932481091895,0.03133927451728857,0.023772428668833213,0.016631215367101222,2.2999957031582964e-05,2.2999934014551114e-05,3.8999907780239844e-05,0,normal,-1
3762.0,2.3e-05,1.6e-05,0.030799911027080917,0.023310413448813547,0.015820934751913714,0.031168978823737658,0.022952160105678302,0.0156743527018883,2.2999960716231254e-05,2.2999931724234076e-05,3.8999910579121596e-05,0,normal,-1
3763.0,2.3e-05,1.6e-05,0.030799914111932693,0.02331041429669656,0.015820936922793766,0.03136147611009945,0.022340448013693084,0.01543667536002181,2.2999964151053766e-05,2.2999929692794765e-05,3.89999132548208e-05,0,normal,-1
3764.0,2.3e-05,1.6e-05,0.03079991695006594,0.023310415548895846,0.01582093875139322,0.030471433944024007,0.023428623788793488,0.015186861679585764,2.2999966586224557e-05,2.299992880774211e-05,3.899991550864491e-05,0,normal,-1
3765.0,2.3e-05,1.6e-05,0.030799919457716877,0.02331041739062193,0.015820940104377512,0.031915322372078316,0.023332343689930857,0.016435755666924585,2.2999967608739153e-05,2.299992955819682e-05,3.899991717625366e-05,0,normal,-1
3766.0,2.3e-05,1.6e-05,0.03079992162003018,0.0233104198566349,0.015820940957416305,0.03052438084346153,0.02349093615233648,0.0168253236640849,2.2999967142414255e-05,2.299993203489106e-05,3.8999918227659005e-05,0,normal,-1
3767.0,2.3e-05,1.6e-05,0.030799923491058978,0.02331042283124441,0.015820941395183512,0.03050085431082888,0.023338745567445685,0.015532210047870348,2.2999965447887578e-05,2.2999935930168444e-05,3.899991876722505e-05,0,normal,-1
3768.0,2.3e-05,1.6e-05,0.030799925193764854,0.023310426048309674,0.01582094161135729,0.03149302449894953,0.023191214933840243,0.015421064003115601,2.299996312261805e-05,2.2999940537984458e-05,3.89999190336681e-05,0,normal,-1
3769.0,2.3e-05,1.6e-05,0.030799926920017835,0.02331042909123948,0.015820941908620042,0.031993726066635024,0.02384328351912741,0.015899640599192782,2.2999961100886083e-05,2.299994475390704e-05,3.899991940005663e-05,0,normal,-1
3770.0,2.3e-05,1.6e-05,0.030799928930596417,0.023310431392992173,0.015820942698658413,0.031255408057269424,0.022985055578857574,0.016291323863661403,2.29999606537938e-05,2.2999947075116977e-05,3.8999920373811314e-05,0,normal,-1
3771.0,2.3e-05,1.6e-05,0.030799931468949358,0.023310432424313614,0.015820944365763576,0.031248784253876265,0.023705734358864184,0.015978457420553555,2.2999962967811747e-05,2.2999946098882632e-05,3.899992242858669e-05,0,normal,-1
3772.0,2.3e-05,1.6e-05,0.03079993421905511,0.02331043287709922,0.015820946409348367,0.030515924128230808,0.024041303647345778,0.015565493390128183,2.2999966495302303e-05,2.2999943656239207e-05,3.899992494738847e-05,0,normal,-1
3773.0,2.3e-05,1.6e-05,0.030799936911817993,0.023310433340773103,0.015820948403060576,0.030674506178247775,0.022961078066328303,0.015814238999049192,2.2999969918024732e-05,2.2999941306892748e-05,3.89999274047201e-05,0,normal,-1
3774.0,2.3e-05,1.6e-05,0.03079993938363236,0.02331043417446595,0.015820950087409656,0.030314816449334255,0.02304197004506597,0.015073342896546339,2.299997243332787e-05,2.2999940000725222e-05,3.8999929480748937e-05,0,normal,-1
3775.0,2.3e-05,1.6e-05,0.030799941539933335,0.0233104355865758,0.015820951312116204,0.030427610557988177,0.02270950097789994,0.016248702092339563,2.2999973576018508e-05,2.2999940288479668e-05,3.899993099024956e-05,0,normal,-1
3776.0,2.3e-05,1.6e-05,0.030799943355196827,0.02331043763476806,0.015820952036111967,0.03169482861649496,0.023581794482658534,0.016217118653259418,2.299997321836103e-05,2.299994232175979e-05,3.899993188260375e-05,0,normal,-1
3777.0,2.3e-05,1.6e-05,0.03079994487293952,0.0233104402259755,0.015820952327539835,0.03012129526081775,0.022955902455241112,0.01525521925673611,2.2999971570077264e-05,2.2999945853029913e-05,3.899993224180043e-05,0,normal,-1
3778.0,2.3e-05,1.6e-05,0.030799946205718864,0.023310443116398252,0.01582095236375385,0.03126454021552924,0.023393107025930823,0.015733975326138395,2.2999969178346597e-05,2.2999950235615282e-05,3.899993228643567e-05,0,normal,-1
3779.0,2.3e-05,1.6e-05,0.03079994753513311,0.023310445911503812,0.0158209524313192,0.031409405437241106,0.022774559168222082,0.01521563384393163,2.299996692780632e-05,2.2999954423702662e-05,3.899993236971271e-05,0,normal,-1
3780.0,2.3e-05,1.6e-05,0.030799949111821264,0.023310448066027036,0.01582095292601221,0.03072479201608469,0.023143299303689188,0.015903091163040627,2.299996604055184e-05,2.299995697234078e-05,3.8999932979441924e-05,0,normal,-1
3781.0,2.3e-05,1.6e-05,0.030799951213671913,0.023310448975190624,0.0158209542867208,0.03092024612090523,0.022030178159237728,0.015095522756561097,2.2999967871899524e-05,2.2999956279001936e-05,3.8999934656570446e-05,0,normal,-1
3782.0,2.3e-05,1.6e-05,0.030799953598054593,0.0233104491703524,0.01582095612906026,0.029016866156779467,0.02306296628857331,0.01571303405118532,2.2999971233405086e-05,2.2999953749791462e-05,3.899993692732843e-05,0,normal,-1
3783.0,2.3e-05,1.6e-05,0.030799955962503425,0.023310449313439924,0.015820957974018127,0.03090911992743983,0.023399074733028637,0.016541342304572073,2.2999974644261092e-05,2.299995113660115e-05,3.899993920131357e-05,0,normal,-1
3784.0,2.3e-05,1.6e-05,0.030799958132430635,0.0233104497872246,0.015820959544851982,0.03035452603472917,0.02321467428089699,0.01679402232191557,2.299997724865381e-05,2.299994945210234e-05,3.899994113742968e-05,0,normal,-1
3785.0,2.3e-05,1.6e-05,0.03079996000243288,0.023310450823437186,0.015820960674255764,0.02967899121852641,0.023646457786341474,0.015264743289222487,2.2999978528920935e-05,2.299994930900897e-05,3.8999942529465354e-05,0,normal,-1
3786.0,2.3e-05,1.6e-05,0.03079996153629124,0.023310452502767802,0.015820961304359744,0.031033580812420063,0.02339968439218804,0.01618895909881168,2.2999978305551235e-05,2.2999950920077155e-05,3.8999943306093885e-05,0,normal,-1
3787.0,2.3e-05,1.6e-05,0.03079996276697121,0.02331045475486591,0.01582096148673056,0.03036259826579989,0.023053504396735893,0.01550956925225508,2.2999976737184356e-05,2.299995409810498e-05,3.8999943530873255e-05,0,normal,-1
3788.0,2.3e-05,1.6e-05,0.030799963796622705,0.023310457358340336,0.015820961382371188,0.030731542473381255,0.02253873753615488,0.016104065916382127,2.299997432061089e-05,2.2999958255932833e-05,3.8999943402246125e-05,0,normal,-1
3789.0,2.3e-05,1.6e-05,0.03079996479658008,0.02331045994075925,0.015820961261720955,0.030770749637039206,0.023200339088750042,0.016183236991228714,2.2999971890772754e-05,2.2999962406443904e-05,3.8999943253539855e-05,0,normal,-1
3790.0,2.3e-05,1.6e-05,0.030799966007362095,0.02331046197865018,0.015820961504655548,0.031135607233890684,0.023619210161894482,0.015982067913107533,2.2999970620763408e-05,2.299996516256468e-05,3.899994355296653e-05,0,normal,-1
3791.0,2.3e-05,1.6e-05,0.030799967723902005,0.023310462829739288,0.01582096257712597,0.03068573239895572,0.0229936158545781,0.015407089798611452,2.299997194964596e-05,2.2999964822637966e-05,3.899994487482946e-05,0,normal,-1
3792.0,2.3e-05,1.6e-05,0.030799969793409147,0.023310462828999096,0.01582096423694614,0.0306347272444326,0.02417856779992414,0.015815236207853363,2.2999975128469397e-05,2.2999962272879588e-05,3.899994692062449e-05,0,normal,-1
3793.0,2.3e-05,1.6e-05,0.030799971880214477,0.023310462710550907,0.01582096595268801,0.030566348218285914,0.023202247894407366,0.01560132574721154,2.2999978514591645e-05,2.299995945651583e-05,3.899994903534517e-05,0,normal,-1
3794.0,2.3e-05,1.6e-05,0.03079997379942918,0.023310462879374372,0.01582096743141519,0.030691543022368515,0.023129722343192806,0.01475070942118564,2.2999981202281695e-05,2.2999957445183525e-05,3.8999950857935626e-05,0,normal,-1
3795.0,2.3e-05,1.6e-05,0.030799975435331788,0.023310463589450367,0.015820968489598956,0.03126234735417662,0.022420137411465757,0.015542263967763885,2.2999982623869446e-05,2.2999956910670614e-05,3.8999952162189436e-05,0,normal,-1
3796.0,2.3e-05,1.6e-05,0.030799976741368185,0.023310464943761013,0.01582096905311827,0.031231727463342764,0.023139358850031877,0.01574147477118988,2.2999982549745332e-05,2.2999958124915752e-05,3.899995285674951e-05,0,normal,-1
3797.0,2.3e-05,1.6e-05,0.0307999777401516,0.02331046689428966,0.015820969157259775,0.030560033960863806,0.023260080749721045,0.015817244654453787,2.299998108836006e-05,2.2999960960008064e-05,3.8999952985108074e-05,0,normal,-1
3798.0,2.3e-05,1.6e-05,0.030799978523462605,0.023310469242020897,0.01582096894671779,0.03077846474515282,0.023483190616160648,0.01588752456382942,2.2999978686224708e-05,2.299996488818731e-05,3.899995272560667e-05,0,normal,-1
3799.0,2.3e-05,1.6e-05,0.030799979252249133,0.023310471636940545,0.015820968675594304,0.030679417710066086,0.02384746048520658,0.016364628009307103,2.299997612791101e-05,2.2999968981844467e-05,3.899995239143614e-05,0,normal,-1
3800.0,2.3e-05,1.6e-05,0.030799980156626452,0.023310473578035663,0.01582096870739901,0.030221529778196386,0.023092568378445054,0.01542969755088882,2.2999974536051657e-05,2.2999971913522158e-05,3.899995243063671e-05,0,normal,-1
3801.0,2.3e-05,1.6e-05,0.030799981533764044,0.023310474417907043,0.01582096951170698,0.0318703455887223,0.02300798159948383,0.015711278225115484,2.2999975361013145e-05,2.2999971968129067e-05,3.8999953421978415e-05,0,normal,-1
3802.0,2.3e-05,1.6e-05,0.030799983330505373,0.02331047427380993,0.015820971004005254,0.03042311070315928,0.023892936985474372,0.014874678852510223,2.2999978341131376e-05,2.2999969455476326e-05,3.8999955261295586e-05,0,normal,-1
3803.0,2.3e-05,1.6e-05,0.030799985181366275,0.02331047394471006,0.015820972605792568,0.03110761656553939,0.023189511147252373,0.0158848273126058,2.2999981688416664e-05,2.29999664906369e-05,3.899995723556227e-05,0,normal,-1
3804.0,2.3e-05,1.6e-05,0.03079998689181648,0.023310473856400837,0.015820974008965635,0.030841688181267597,0.023437775870973936,0.015937503068264417,2.2999984450374692e-05,2.2999964200494818e-05,3.899995896502891e-05,0,normal,-1
3805.0,2.3e-05,1.6e-05,0.030799988336330776,0.023310474284035,0.01582097501457077,0.03130834297262428,0.023267510962465293,0.01636920000956465,2.299998601177303e-05,2.2999963313031558e-05,3.899996020447719e-05,0,normal,-1
3806.0,2.3e-05,1.6e-05,0.03079998945838902,0.0233104753521246,0.015820975532803885,0.02961523397008866,0.023246465673127676,0.01547022558220961,2.2999986094640765e-05,2.2999964157325567e-05,3.899996084322008e-05,0,normal,-1
3807.0,2.3e-05,1.6e-05,0.030799990270476123,0.02331047703454101,0.01582097558301051,0.03116826574984464,0.023348319741268924,0.016155022614903924,2.299998475826819e-05,2.2999966663551977e-05,3.899996090510174e-05,0,normal,-1
3808.0,2.3e-05,1.6e-05,0.03079999085408205,0.023310479154514913,0.015820975293685768,0.03108182917340271,0.023987333212465406,0.016638804446763654,2.2999982399206876e-05,2.2999970362982737e-05,3.899996054849751e-05,0,normal,-1
3809.0,2.3e-05,1.6e-05,0.030799991359701843,0.023310481384636324,0.015820974902474402,0.029482773393529806,0.02325232957476216,0.015630294988781112,2.2999979751269953e-05,2.2999974387987062e-05,3.899996006631396e-05,0,normal,-1
3810.0,2.3e-05,1.6e-05,0.03079999200683559,0.023310483246854568,0.015820974756170746,0.030940554026361703,0.02356534265294287,0.01595104896524114,2.29999778855324e-05,2.2999977472032004e-05,3.89999598859889e-05,0,normal,-1
3811.0,2.3e-05,1.6e-05,0.03079999308398844,0.023310484112478293,0.015820975310718743,0.03112255753896485,0.023377953457865374,0.015904342996833482,2.2999978210331084e-05,2.299997794968249e-05,3.899996056949133e-05,0,normal,-1
3812.0,2.3e-05,1.6e-05,0.03079999464248391,0.023310483870507256,0.015820976646929004,0.030202367783556307,0.022601418616539356,0.015577548375667478,2.299998097491072e-05,2.299997552641696e-05,3.89999622164235e-05,0,normal,-1
3813.0,2.3e-05,1.6e-05,0.030799996293282256,0.023310483371126876,0.015820978149113877,0.030541446377852142,0.023175123031209086,0.01572922419805336,2.2999984276465906e-05,2.299997245305355e-05,3.8999964067925884e-05,0,normal,-1
3814.0,2.3e-05,1.6e-05,0.03079999783146232,0.02331048306261801,0.015820979492804314,0.03068698041166194,0.023787605607572832,0.01529249056265776,2.2999987112018374e-05,2.2999969916134263e-05,3.899996572407752e-05,0,normal,-1
3815.0,2.3e-05,1.6e-05,0.030799999121564253,0.0233104832416282,0.015820980463401305,0.030394614836613536,0.023359267551649576,0.01625410144426527,2.2999988818076486e-05,2.2999968700668313e-05,3.8999966920376676e-05,0,normal,-1
3816.0,2.3e-05,1.6e-05,0.030800000097018165,0.023310484054418705,0.015820980955272273,0.03062483572031686,0.02249431177598401,0.01603666424213117,2.299998906784273e-05,2.299996919343395e-05,3.899996752662707e-05,0,normal,-1
3817.0,2.3e-05,1.6e-05,0.030800000760144153,0.023310485496864517,0.015820980971751063,0.031705234188358605,0.022811562425334865,0.01668775187416762,2.2999987871213483e-05,2.2999971382978145e-05,3.899996754693783e-05,0,normal,-1
3818.0,2.3e-05,1.6e-05,0.030800001182152294,0.02331048741445435,0.015820980625137957,0.031104096384633205,0.023620283678963072,0.015809177810218896,2.299998557477898e-05,2.2999974859616596e-05,3.899996711972349e-05,0,normal,-1
3819.0,2.3e-05,1.6e-05,0.030800001503142643,0.023310489502290654,0.015820980136699647,0.030930832436450933,0.023377266202175624,0.015485247442761762,2.2999982861823563e-05,2.2999978815434247e-05,3.899996651770397e-05,0,normal,-1
3820.0,2.3e-05,1.6e-05,0.030800001932105223,0.023310491305089588,0.01582097983666926,0.031240772559053054,0.023579015303570934,0.014659485541919714,2.299998075232604e-05,2.2999982044285702e-05,3.8999966147904664e-05,0,normal,-1
3821.0,2.3e-05,1.6e-05,0.03080000274692005,0.023310492217181053,0.01582098016424635,0.03039610150088624,0.02247610630168334,0.015675135150217012,2.2999980602959755e-05,2.2999982941795498e-05,3.8999966551656376e-05,0,normal,-1
3822.0,2.3e-05,1.6e-05,0.030800004088138207,0.02331049193263467,0.01582098134142906,0.0300732023736416,0.02249167167469015,0.01684664551290424,2.299998309928783e-05,2.2999980697340482e-05,3.899996800258055e-05,0,normal,-1
3823.0,2.3e-05,1.6e-05,0.03080000556913184,0.023310491296206874,0.015820982756403607,0.030618378537665566,0.022596286886178638,0.016175143382953852,2.2999986350544563e-05,2.2999977547453918e-05,3.89999697465925e-05,0,normal,-1
3824.0,2.3e-05,1.6e-05,0.030800006966731987,0.023310490795847415,0.015820984055896884,0.030895215590501873,0.023940226381930475,0.01570178038794572,2.2999989264821822e-05,2.299997478381631e-05,3.899997134826915e-05,0,normal,-1
3825.0,2.3e-05,1.6e-05,0.03080000813486542,0.02331049075121122,0.015820985008579955,0.030932289529050895,0.023605779031535788,0.01551839425704678,2.2999991127004014e-05,2.2999973252452525e-05,3.899997252248852e-05,0,normal,-1
3826.0,2.3e-05,1.6e-05,0.03080000899642388,0.023310491331405957,0.015820985492207944,0.030569860111157993,0.02277549036512121,0.01606458366564329,2.299999155903206e-05,2.299997340072884e-05,3.8999973118579035e-05,0,normal,-1
3827.0,2.3e-05,1.6e-05,0.030800009543264065,0.023310492554992016,0.015820985493620026,0.029896720531972704,0.022870721911728776,0.015703434173087904,2.2999990519903076e-05,2.2999975277352504e-05,3.8999973120319484e-05,0,normal,-1
3828.0,2.3e-05,1.6e-05,0.030800009836207638,0.02331049428998254,0.01582098510873944,0.031001648409307817,0.02335150937496319,0.016311629495499053,2.299998830567031e-05,2.2999978532371778e-05,3.899997264593903e-05,0,normal,-1
3829.0,2.3e-05,1.6e-05,0.030800010005041217,0.02331049625384339,0.015820984542573486,0.030351833164739096,0.023268350576059492,0.015744697253521296,2.2999985549443394e-05,2.2999982417176233e-05,3.8999971948117215e-05,0,normal,-1
3830.0,2.3e-05,1.6e-05,0.030800010248516384,0.02331049801349317,0.01582098410921352,0.03042700123008665,0.022611973646772,0.015654595577247046,2.2999983221388653e-05,2.2999985784497354e-05,3.8999971413984005e-05,0,normal,-1
3831.0,2.3e-05,1.6e-05,0.030800010834349675,0.023310498985303223,0.015820984231834954,0.031204751196854764,0.022936118683358646,0.014790071365862415,2.2999982628729288e-05,2.2999987088408787e-05,3.8999971565119755e-05,0,normal,-1
3832.0,2.3e-05,1.6e-05,0.030800011971783156,0.02331049871326704,0.015820985241131676,0.03078915443346776,0.023120322506123153,0.015405251999746922,2.2999984792940847e-05,2.299998512094878e-05,3.899997280911767e-05,0,normal,-1
3833.0,2.3e-05,1.6e-05,0.030800013306351376,0.02331049797180064,0.01582098657620937,0.031608892899886894,0.022966385089942563,0.016067488025374752,2.2999987980648767e-05,2.2999981932458176e-05,3.8999974454653386e-05,0,normal,-1
3834.0,2.3e-05,1.6e-05,0.0308000145884807,0.023310497306353588,0.015820987842080088,0.030730269606994338,0.022933680759994947,0.016720612554710055,2.2999990971111317e-05,2.2999978966959206e-05,3.899997601488872e-05,0,normal,-1
3835.0,2.3e-05,1.6e-05,0.03080001566105803,0.023310497060545214,0.015820988790001052,0.030753654594029685,0.023015296891017816,0.015578022344120595,2.2999992995464617e-05,2.299997713401201e-05,3.8999977183238464e-05,0,normal,-1
3836.0,2.3e-05,1.6e-05,0.030800016436119182,0.02331049742704828,0.0158209892806037,0.030665647817222186,0.02376031177538736,0.01571856231513116,2.2999993622796852e-05,2.299997694345961e-05,3.899997778792545e-05,0,normal,-1
3837.0,2.3e-05,1.6e-05,0.030800016894848882,0.023310498447589003,0.015820989283893677,0.03081399821265194,0.023365012154522084,0.016184994454028614,2.2999992760147985e-05,2.299997850542753e-05,3.899997779198048e-05,0,normal,-1
3838.0,2.3e-05,1.6e-05,0.03080001708758078,0.023310500012947027,0.015820988879250826,0.03063008276460932,0.023718666041572085,0.0161390639681977,2.2999990652509648e-05,2.2999981530323674e-05,3.8999977293242315e-05,0,normal,-1
3839.0,2.3e-05,1.6e-05,0.030800017133797427,0.023310501862955444,0.015820988255429207,0.030757598186579544,0.024181583984528108,0.01616528788238122,2.2999987882825308e-05,2.299998532883865e-05,3.899997652435772e-05,0,normal,-1
3840.0,2.3e-05,1.6e-05,0.030800017222130306,0.023310503586500792,0.015820987710557087,0.030608577845060433,0.023191241139709516,0.01588989212759359,2.299998537199065e-05,2.299998881194632e-05,3.8999975852781466e-05,0,normal,-1
3841.0,2.3e-05,1.6e-05,0.030800017610359803,0.023310504621523048,0.01582098765213693,0.03102774825256052,0.022548878955214863,0.015854189795962786,2.2999984378853774e-05,2.2999990490904127e-05,3.899997578077633e-05,0,normal,-1
3842.0,2.3e-05,1.6e-05,0.030800018555220743,0.023310504408233103,0.015820988486021828,0.031190718301144185,0.022768864927729282,0.016582853042747175,2.299998615717042e-05,2.2999988882989198e-05,3.899997680857216e-05,0,normal,-1
3843.0,2.3e-05,1.6e-05,0.030800019760203908,0.023310503594427393,0.015820989743025843,0.030582147746893946,0.022942335039268465,0.016812994846850584,2.299998925697851e-05,2.2999985703304127e-05,3.8999978357878846e-05,0,normal,-1
3844.0,2.3e-05,1.6e-05,0.030800020944695947,0.023310502793194576,0.015820990979107285,0.03060849741470974,0.023462852487535386,0.015929018520120564,2.2999992306017078e-05,2.2999982575050215e-05,3.8999979881397584e-05,0,normal,-1
3845.0,2.3e-05,1.6e-05,0.030800021940957618,0.023310502371237062,0.015820991928756162,0.031072343401132102,0.023923473843099043,0.015563309339537899,2.2999994483662434e-05,2.299998046897673e-05,3.899998105187693e-05,0,normal,-1
3846.0,2.3e-05,1.6e-05,0.030800022650473848,0.023310502544148296,0.015820992435955045,0.03163531427768352,0.022870114273766493,0.01673027038909439,2.299999530760792e-05,2.2999979955684868e-05,3.899998167701937e-05,0,normal,-1
3847.0,2.3e-05,1.6e-05,0.030800023043953736,0.02331050337641277,0.01582099245417907,0.030441941621870465,0.023787496675434838,0.016278589913346003,2.2999994633863584e-05,2.2999981205627336e-05,3.899998169948119e-05,0,normal,-1
3848.0,2.3e-05,1.6e-05,0.030800023161330542,0.02331050478140603,0.015820992046395924,0.030724428146292292,0.022474999547476972,0.01537198353460908,2.2999992656755962e-05,2.2999983989108203e-05,3.8999981196872535e-05,0,normal,-1
3849.0,2.3e-05,1.6e-05,0.030800023111761703,0.023310506521394655,0.015820991385065864,0.03096920585972051,0.024032373251224596,0.015371345207798072,2.2999989908928338e-05,2.2999987676283114e-05,3.89999803817574e-05,0,normal,-1
3850.0,2.3e-05,1.6e-05,0.030800023073628818,0.02331050820753629,0.015820990752141696,0.03206417551980598,0.024183964909123074,0.01659371806145829,2.299998726134098e-05,2.2999991237159876e-05,3.8999979601653617e-05,0,normal,-1
3851.0,2.3e-05,1.6e-05,0.03080002329453765,0.023310509299879607,0.015820990539068797,0.03033604493027109,0.022648175126591723,0.015595257278288536,2.2999985923271495e-05,2.299999324159877e-05,3.899997933903294e-05,0,normal,-1
3852.0,2.3e-05,1.6e-05,0.030800024058824666,0.023310509178289675,0.01582099119539157,0.03183817068380742,0.023700340743789735,0.015061460244365948,2.2999987283517084e-05,2.299999204713034e-05,3.8999980147976417e-05,0,normal,-1
3853.0,2.3e-05,1.6e-05,0.030800025147055477,0.023310508322230875,0.01582099237386479,0.031314980735211745,0.023403403606680383,0.016670695275626046,2.299999026893297e-05,2.2999988923149365e-05,3.89999816004907e-05,0,normal,-1
3854.0,2.3e-05,1.6e-05,0.030800026246887855,0.023310507413953685,0.015820993580296455,0.03095955528528898,0.023133828425613866,0.016292909203929836,2.2999993352342657e-05,2.2999985676058096e-05,3.8999983087464805e-05,0,normal,-1
3855.0,2.3e-05,1.6e-05,0.030800027180803612,0.023310506841412573,0.01582099453374285,0.029910073285377408,0.0228462169715594,0.01668066806225333,2.2999995665474982e-05,2.299998333293587e-05,3.899998426262465e-05,0,normal,-1
3856.0,2.3e-05,1.6e-05,0.030800027840379416,0.023310506841736876,0.01582099506254769,0.030423252409494936,0.02231469791934605,0.016233095437346058,2.2999996677741496e-05,2.2999982521464894e-05,3.899998491439721e-05,0,normal,-1
3857.0,2.3e-05,1.6e-05,0.030800028186286767,0.023310507501230822,0.015820995104342164,0.030694494262142658,0.02273818829900079,0.01516011103628879,2.2999996196236025e-05,2.2999983469929705e-05,3.899998496591053e-05,0,normal,-1
3858.0,2.3e-05,1.6e-05,0.03080002824829202,0.023310508755373514,0.0158209947060449,0.031298540430723026,0.022253938413448537,0.015810817734698102,2.2999994365734526e-05,2.2999986007217017e-05,3.8999984474993636e-05,0,normal,-1
3859.0,2.3e-05,1.6e-05,0.030800028125256375,0.02331051038881893,0.01582099402386199,0.030655131302794254,0.023541339786118286,0.01615520997227308,2.2999991668695217e-05,2.2999989562815863e-05,3.8999983634176616e-05,0,normal,-1
3860.0,2.3e-05,1.6e-05,0.030800027985135876,0.02331051203539594,0.015820993323286972,0.031116669728627706,0.02323006273409889,0.015480035004342528,2.299998892525888e-05,2.2999993166818132e-05,3.8999982770690596e-05,0,normal,-1
3861.0,2.3e-05,1.6e-05,0.03080002806498142,0.023310513178108287,0.015820992979100848,0.030911777447410627,0.0241919295559963,0.01520559531250274,2.299998729324917e-05,2.299999544991897e-05,3.8999982346467765e-05,0,normal,-1
3862.0,2.3e-05,1.6e-05,0.030800028660513918,0.023310513171889417,0.01582099345888359,0.030562531246821185,0.022804555314673042,0.015635501532365134,2.29999882172258e-05,2.2999994703673905e-05,3.899998293781871e-05,0,normal,-1
3863.0,2.3e-05,1.6e-05,0.03080002964298546,0.023310512298176562,0.0158209945588539,0.031012771619454607,0.02395257553224364,0.016320501764114582,2.2999991067357875e-05,2.2999991673125417e-05,3.8999984293574995e-05,0,normal,-1
3864.0,2.3e-05,1.6e-05,0.030800030669708094,0.023310511305378347,0.01582099573685171,0.031079177134604955,0.02322652063991056,0.016095522394199112,2.299999416828923e-05,2.299998833991386e-05,3.899998574550316e-05,0,normal,-1
3865.0,2.3e-05,1.6e-05,0.030800031553649947,0.023310510602137537,0.015820996696913656,0.030387450840075263,0.023786945172901003,0.016040251737895198,2.2999996605374196e-05,2.29999857859472e-05,3.899998692881685e-05,0,normal,-1
3866.0,2.3e-05,1.6e-05,0.030800032176689116,0.02331051044667659,0.015820997252070965,0.03086463223946441,0.02301131445069361,0.01492298112665102,2.2999997800744343e-05,2.2999984694807614e-05,3.8999987613069807e-05,0,normal,-1
3867.0,2.3e-05,1.6e-05,0.030800032489613688,0.023310510946797678,0.015820997324349436,0.03178388992506541,0.022529076209017253,0.014949420579779014,2.2999997513308134e-05,2.2999985351751078e-05,3.899998770215583e-05,0,normal,-1
3868.0,2.3e-05,1.6e-05,0.03080003251212171,0.02331051205988266,0.015820996944769468,0.03131694714397407,0.022396930496608198,0.014586833712693158,2.2999995838750682e-05,2.299998764370701e-05,3.899998723430877e-05,0,normal,-1
3869.0,2.3e-05,1.6e-05,0.030800032332821227,0.023310513592893097,0.01582099625334604,0.031765843380397694,0.023592393707354144,0.016101452834882582,2.299999320953386e-05,2.299999105927843e-05,3.899998638210252e-05,0,normal,-1
3870.0,2.3e-05,1.6e-05,0.030800032109230248,0.023310515202370256,0.015820995499088712,0.03085322574703689,0.02319977506252295,0.01691733913571248,2.299999039489658e-05,2.2999994688742476e-05,3.899998545245101e-05,0,normal,-1
3871.0,2.3e-05,1.6e-05,0.030800032067776765,0.0233105163944351,0.015820995040001645,0.03055128519593906,0.023344775125526768,0.015816366620691573,2.2999988500855136e-05,2.2999997224050784e-05,3.899998488660833e-05,0,normal,-1
3872.0,2.3e-05,1.6e-05,0.030800032503031653,0.023310516526462675,0.015820995341870286,0.030385486972348736,0.023106370339942867,0.01583331694089317,2.299998896645431e-05,2.2999996963263485e-05,3.899998525867318e-05,0,normal,-1
3873.0,2.3e-05,1.6e-05,0.030800033388692756,0.023310515656208605,0.015820996362971653,0.030523546259433366,0.022857072570662378,0.014932011258586144,2.299999166262502e-05,2.2999994059127765e-05,3.899998651722035e-05,0,normal,-1
3874.0,2.3e-05,1.6e-05,0.030800034353324148,0.02331051459476506,0.01582099751570014,0.03210641770303819,0.022442461966118488,0.01591778501780293,2.2999994773619958e-05,2.2999990659313617e-05,3.899998793800301e-05,0,normal,-1
3875.0,2.3e-05,1.6e-05,0.03080003519966947,0.02331051377302734,0.015820998487943945,0.030160639249755785,0.023849614631523453,0.015713868853420083,2.2999997334925645e-05,2.29999879046927e-05,3.899998913633124e-05,0,normal,-1
3876.0,2.3e-05,1.6e-05,0.03080003579936422,0.023310513471511054,0.015820999076556833,0.030153447222403842,0.024228839382607555,0.01669938156332484,2.299999871871572e-05,2.2999986537917945e-05,3.899998986181947e-05,0,normal,-1
3877.0,2.3e-05,1.6e-05,0.030800036092935773,0.02331051382035211,0.01582099918735811,0.029922004271838963,0.02260006973504185,0.01563941054645814,2.2999998633850595e-05,2.2999986903423056e-05,3.899998999838633e-05,0,normal,-1
3878.0,2.3e-05,1.6e-05,0.030800036089803376,0.023310514799306743,0.015820998835132636,0.03079775870197869,0.022963358152323757,0.016050475936985536,2.2999997125877172e-05,2.299998894742225e-05,3.8999989564254775e-05,0,normal,-1
3879.0,2.3e-05,1.6e-05,0.030800035868278133,0.023310516237751492,0.01582099814363083,0.03079216241473541,0.023627033266837516,0.01546296187416423,2.2999994577028876e-05,2.299999221791022e-05,3.899998871195197e-05,0,normal,-1
3880.0,2.3e-05,1.6e-05,0.030800035575563024,0.0233105178146832,0.015820997345568653,0.030699366774899168,0.022728666633894605,0.016705693041069707,2.299999170622598e-05,2.299999586466264e-05,3.8999987728309344e-05,0,normal,-1
3881.0,2.3e-05,1.6e-05,0.030800035427752892,0.023310519058719035,0.015820996782627637,0.03097680255078524,0.02357205039812118,0.016544394146075357,2.299998956907588e-05,2.2999998639236647e-05,3.8999987034462664e-05,0,normal,-1
3882.0,2.3e-05,1.6e-05,0.03080003570983445,0.023310519348096463,0.015820996905454854,0.030820735382188776,0.024132822292268246,0.015913412769010052,2.299998955787323e-05,2.299999889497089e-05,3.899998718585199e-05,0,normal,-1
3883.0,2.3e-05,1.6e-05,0.03080003650229167,0.023310518507426676,0.015820997841246524,0.03019897527169019,0.02323426875524037,0.01536686373705501,2.2999992065505244e-05,2.2999996167252648e-05,3.899998833925156e-05,0,normal,-1
3884.0,2.3e-05,1.6e-05,0.03080003741328638,0.023310517392279427,0.015820998970147836,0.030686828324293414,0.023283610536011887,0.016180890734098848,2.2999995176603042e-05,2.2999992721564032e-05,3.899998973066625e-05,0,normal,-1
3885.0,2.3e-05,1.6e-05,0.03080003823248105,0.02331051646204863,0.015820999959376462,0.031475729265864914,0.02311337972205124,0.016017726802145475,2.2999997862808223e-05,2.2999989774274694e-05,3.899999094992888e-05,0,normal,-1
3886.0,2.3e-05,1.6e-05,0.03080003882056368,0.023310516021092156,0.015821000588490022,0.030428645343180846,0.023460193686042876,0.01664999574824256,2.299999944287549e-05,2.299998813120463e-05,3.8999991725335714e-05,0,normal,-1
3887.0,2.3e-05,1.6e-05,0.030800039107292676,0.02331051622299938,0.01582100074629374,0.031194887950314894,0.023136914653316243,0.0147813234303205,2.299999957311748e-05,2.299998819892464e-05,3.89999919198349e-05,0,normal,-1
3888.0,2.3e-05,1.6e-05,0.03080003909149684,0.023310517070591202,0.01582100043084046,0.030647405184256345,0.023415924982041834,0.015311073769172269,2.299999824740443e-05,2.2999989984755964e-05,3.899999153102652e-05,0,normal,-1
3889.0,2.3e-05,1.6e-05,0.03080003884107538,0.023310518415920023,0.01582099974943064,0.031167223055236674,0.023416020268674155,0.016138107363640897,2.299999579716425e-05,2.2999993096770222e-05,3.8999990691162526e-05,0,normal,-1
3890.0,2.3e-05,1.6e-05,0.03080003849299791,0.023310519960269765,0.015820998918612345,0.03087600914151327,0.022735245104687555,0.01652345494929281,2.2999992891382696e-05,2.299999674378992e-05,3.899998966714676e-05,0,normal,-1
3891.0,2.3e-05,1.6e-05,0.03080003825330445,0.023310521254155864,0.015820998264181253,0.03060641725147996,0.02309586420546663,0.01621545416650449,2.2999990536603767e-05,2.299999973538884e-05,3.8999988860535045e-05,0,normal,-1
3892.0,2.3e-05,1.6e-05,0.03080003839710541,0.023310521697325264,0.01582099822118065,0.030640434505138224,0.02409075282457012,0.01625013454579,2.2999990076929842e-05,2.300000048189231e-05,3.899998880753514e-05,0,normal,-1
3893.0,2.3e-05,1.6e-05,0.03080003909018377,0.02331052092815511,0.015820999051737374,0.030920658422137932,0.023022788038383285,0.01587860692592133,2.299999232218151e-05,2.2999998025546383e-05,3.899998983122852e-05,0,normal,-1
3894.0,2.3e-05,1.6e-05,0.030800039951663517,0.02331051977824096,0.0158210001533519,0.030968829739934867,0.023361696407750664,0.016382311407889833,2.2999995410633932e-05,2.299999456837249e-05,3.8999991189011114e-05,0,normal,-1
3895.0,2.3e-05,1.6e-05,0.030800040749581762,0.023310518754134084,0.01582100115905425,0.031343111939749854,0.02316839567966479,0.016740137062441682,2.2999998208314287e-05,2.2999991451643604e-05,3.899999242857821e-05,0,normal,-1
3896.0,2.3e-05,1.6e-05,0.030800041333691564,0.023310518184015954,0.01582100183112265,0.029962415793870028,0.023938021568178005,0.01634408893995285,2.2999999980606256e-05,2.29999895442924e-05,3.899999325692851e-05,0,normal,-1
3897.0,2.3e-05,1.6e-05,0.030800041622984362,0.023310518244933638,0.015821002041348356,0.03079348046292661,0.02313525802017426,0.016102658873648115,2.3000000331271275e-05,2.2999989315033074e-05,3.899999351603983e-05,0,normal,-1
3898.0,2.3e-05,1.6e-05,0.030800041605689978,0.023310518962799807,0.015821001771035646,0.030779436844582637,0.022664626214004297,0.014968576542957366,2.2999999202448214e-05,2.299999083236092e-05,3.899999318286896e-05,0,normal,-1
3899.0,2.3e-05,1.6e-05,0.03080004133927662,0.02331052021239274,0.01582100111100184,0.030833058010684332,0.023333342889628007,0.015291659527568204,2.2999996874653315e-05,2.299999376455224e-05,3.8999992369351757e-05,0,normal,-1
3900.0,2.3e-05,1.6e-05,0.03080004095045088,0.02331052171735631,0.015821000261577275,0.03029026748307943,0.023620945538425447,0.01533497863874289,2.2999993966780415e-05,2.2999997379664736e-05,3.899999132240309e-05,0,normal,-1
3901.0,2.3e-05,1.6e-05,0.030800040635157736,0.0233105230502,0.015820999532605337,0.03030046034597504,0.02318525777629913,0.015026864419176524,2.2999991436101336e-05,2.3000000545537956e-05,3.899999042391692e-05,0,normal,-1
3902.0,2.3e-05,1.6e-05,0.030800040658580552,0.023310523632298897,0.015820999343442423,0.031036506324101935,0.02337226279194551,0.015502555562349515,2.2999990578266025e-05,2.3000001729793643e-05,3.89999901907663e-05,0,normal,-1
3903.0,2.3e-05,1.6e-05,0.03080004124711404,0.02331052296969014,0.015821000052096378,0.03090836899386053,0.023805966523638464,0.01657065555332602,2.299999249936845e-05,2.299999962424962e-05,3.899999106420977e-05,0,normal,-1
3904.0,2.3e-05,1.6e-05,0.030800042060053403,0.02331052180624639,0.015821001119618965,0.03130024985675442,0.0236887660074709,0.016025161931012152,2.2999995534062547e-05,2.2999996198648995e-05,3.8999992379972696e-05,0,normal,-1
3905.0,2.3e-05,1.6e-05,0.030800042838425183,0.023310520707438328,0.015821002136332397,0.02956652878181806,0.023654439622392626,0.015412059294787481,2.2999998416431763e-05,2.2999992950310964e-05,3.899999363311133e-05,0,normal,-1
3906.0,2.3e-05,1.6e-05,0.030800043421866236,0.023310520023491203,0.015821002848527867,0.031422380635546275,0.024350648186786963,0.016286493330868172,2.3000000362478805e-05,2.2999990806563606e-05,3.899999451091977e-05,0,normal,-1
3907.0,2.3e-05,1.6e-05,0.03080004371920444,0.023310519953599895,0.015821003111934462,0.030867186704905448,0.024014504032278797,0.016754884685095298,2.3000000926351728e-05,2.299999029479171e-05,3.899999483557858e-05,0,normal,-1
3908.0,2.3e-05,1.6e-05,0.030800043708458683,0.02331052054592891,0.01582100289171914,0.031124563041104992,0.023046541113734612,0.015529863139781774,2.300000000034354e-05,2.2999991542436368e-05,3.899999456415468e-05,0,normal,-1
3909.0,2.3e-05,1.6e-05,0.030800043436838863,0.0233105216976124,0.015821002262486738,0.031417038855777235,0.02269719241742738,0.017108828524168042,2.299999781489215e-05,2.2999994276994848e-05,3.899999378860143e-05,0,normal,-1
3910.0,2.3e-05,1.6e-05,0.0308000430207459,0.02331052315475412,0.01582100140827998,0.031274274530107705,0.024271691856040837,0.015828783114503333,2.2999994938580563e-05,2.2999997826020796e-05,3.8999992735758565e-05,0,normal,-1
3911.0,2.3e-05,1.6e-05,0.03080004264577173,0.023310524512427475,0.015821000622579462,0.030670592596463382,0.02375478860388781,0.016435559954565374,2.2999992278137215e-05,2.300000111712486e-05,3.899999176735227e-05,0,normal,-1
3912.0,2.3e-05,1.6e-05,0.0308000425666993,0.023310525214675495,0.01582100030830366,0.030645260692927747,0.023607230487154036,0.016872277840552802,2.2999991078436212e-05,2.3000002677974965e-05,3.899999137999517e-05,0,normal,-1
3913.0,2.3e-05,1.6e-05,0.030800043048757594,0.02331052468273664,0.01582100088489462,0.031005137291191812,0.023405864514216616,0.01608496004781136,2.2999992635407344e-05,2.3000000975851663e-05,3.8999992090665855e-05,0,normal,-1
3914.0,2.3e-05,1.6e-05,0.030800043813787207,0.023310523523929733,0.01582100191234135,0.030915146802386422,0.02289159494561469,0.016004085958078607,2.2999995589417254e-05,2.299999761890663e-05,3.89999933570337e-05,0,normal,-1
3915.0,2.3e-05,1.6e-05,0.030800044573626183,0.02331052236740489,0.015821002934811333,0.03136217366298554,0.023185036807210905,0.016089273997654842,2.299999853195261e-05,2.2999994273106855e-05,3.899999461726748e-05,0,normal,-1
3916.0,2.3e-05,1.6e-05,0.030800045158483353,0.023310521583935172,0.01582100368369502,0.029552693529242256,0.02256656372281727,0.015820092950515847,2.3000000632988843e-05,2.2999991920210806e-05,3.8999995540295536e-05,0,normal,-1
3917.0,2.3e-05,1.6e-05,0.03080004546754424,0.023310521393731597,0.01582100399948156,0.03090864942940928,0.02330866705667086,0.015763404191178464,2.300000139959854e-05,2.29999911432737e-05,3.8999995929514636e-05,0,normal,-1
3918.0,2.3e-05,1.6e-05,0.03080004546897107,0.023310521866443154,0.015821003831758808,0.031625143323954386,0.022728543813421254,0.015184952638224817,2.3000000675951113e-05,2.2999992126647016e-05,3.8999995722789876e-05,0,normal,-1
3919.0,2.3e-05,1.6e-05,0.030800045199902742,0.023310522921156797,0.015821003239213316,0.031200849277526053,0.023448415697454688,0.014779764409195649,2.2999998643312648e-05,2.2999994655978334e-05,3.899999499245468e-05,0,normal,-1
3920.0,2.3e-05,1.6e-05,0.030800044766454867,0.023310524326397443,0.01582100238963035,0.03092591980971388,0.023190631057674972,0.015267595504654789,2.2999995820046054e-05,2.299999811821152e-05,3.899999394531084e-05,0,normal,-1
3921.0,2.3e-05,1.6e-05,0.03080004434371975,0.023310525700127985,0.01582100155989388,0.03133059123075032,0.0228478727799708,0.01596800878777551,2.299999306161142e-05,2.3000001501587242e-05,3.899999292262856e-05,0,normal,-1
3922.0,2.3e-05,1.6e-05,0.030800044175766372,0.023310526509749276,0.015821001135986574,0.030234465321540886,0.022736464174349,0.015422554419605435,2.2999991560566268e-05,2.3000003395643382e-05,3.8999992400146405e-05,0,normal,-1
3923.0,2.3e-05,1.6e-05,0.030800044549813974,0.0233105261284729,0.015821001572141273,0.030829687986091737,0.022010222522061702,0.016348794486423138,2.2999992720350213e-05,2.300000214049589e-05,3.899999293772395e-05,0,normal,-1
3924.0,2.3e-05,1.6e-05,0.03080004526821531,0.023310524987852112,0.015821002555699525,0.031106154236097385,0.02324559833197258,0.01641807470457688,2.2999995574838994e-05,2.2999998878865223e-05,3.8999994149997524e-05,0,normal,-1
3925.0,2.3e-05,1.6e-05,0.030800046012251076,0.023310523783709475,0.015821003582507282,0.03144585778759712,0.02273239847981312,0.0157392413832582,2.2999998566224965e-05,2.2999995453288973e-05,3.899999541557775e-05,0,normal,-1
3926.0,2.3e-05,1.6e-05,0.030800046602374415,0.023310522908086207,0.01582100436853412,0.030715777026292312,0.02373880536185067,0.015759794555126244,2.3000000816847048e-05,2.299999290186071e-05,3.8999996384386155e-05,0,normal,-1
3927.0,2.3e-05,1.6e-05,0.030800046927887167,0.02331052260274128,0.015821004738645755,0.03063594361014483,0.023010877567209608,0.01588356918313522,2.300000178551524e-05,2.29999918647115e-05,3.899999684056302e-05,0,normal,-1
3928.0,2.3e-05,1.6e-05,0.03080004694693989,0.023310522959151408,0.015821004626604022,0.030620129846058265,0.023738332138554,0.016548737700933257,2.3000001267510314e-05,2.299999258400939e-05,3.899999670246726e-05,0,normal,-1
3929.0,2.3e-05,1.6e-05,0.030800046686531857,0.023310523918511065,0.015821004075066886,0.030840272900837157,0.023865108187264367,0.015421938236634986,2.2999999394583567e-05,2.2999994903959203e-05,3.899999602267647e-05,0,normal,-1
3930.0,2.3e-05,1.6e-05,0.030800046242511054,0.02331052527173247,0.015821003235588445,0.030312948335273125,0.023457453027890922,0.016161096922627398,2.2999996634956998e-05,2.2999998270802648e-05,3.899999498798688e-05,0,normal,-1
3931.0,2.3e-05,1.6e-05,0.03080004577957419,0.02331052665944559,0.01582100236861891,0.03103491044775037,0.023356375117800317,0.01597966516741975,2.2999993793323585e-05,2.3000001732818848e-05,3.899999391941343e-05,0,normal,-1
3932.0,2.3e-05,1.6e-05,0.030800045531266678,0.023310527571998155,0.01582100184350464,0.03117543727357515,0.023092358420143125,0.015301359196268014,2.299999201084762e-05,2.300000394032475e-05,3.8999993272189796e-05,0,normal,-1
3933.0,2.3e-05,1.6e-05,0.030800045793433168,0.02331052736375152,0.015821002128129084,0.0314353779358286,0.022952624596394283,0.015614064264956836,2.2999992733156986e-05,2.3000003183532038e-05,3.899999362300043e-05,0,normal,-1
3934.0,2.3e-05,1.6e-05,0.030800046465492305,0.023310526254365128,0.015821003063367003,0.03158821613245852,0.02356191920869548,0.014827867558286821,2.299999546852857e-05,2.3000000044056078e-05,3.899999477571731e-05,0,normal,-1
3935.0,2.3e-05,1.6e-05,0.030800047196835326,0.023310525009246,0.015821004094634345,0.030183571766122005,0.023657441792280964,0.015494526054442726,2.2999998503343635e-05,2.2999996548713878e-05,3.899999604679411e-05,0,normal,-1
3936.0,2.3e-05,1.6e-05,0.030800047797112668,0.023310524043993138,0.015821004920822307,0.031230656980169684,0.024295095685777236,0.015677475482797746,2.3000000907181255e-05,2.2999993797994863e-05,3.899999706510265e-05,0,normal,-1
3937.0,2.3e-05,1.6e-05,0.030800048144940778,0.023310523623667617,0.015821005349903605,0.030333315753890245,0.023704817047490136,0.015610579975428597,2.300000208666438e-05,2.2999992493748768e-05,3.899999759396188e-05,0,normal,-1
3938.0,2.3e-05,1.6e-05,0.030800048187902135,0.023310523862792577,0.015821005298932506,0.030395322217307334,0.02356876666546716,0.016094745856380394,2.300000178545946e-05,2.2999992939185102e-05,3.899999753113804e-05,0,normal,-1
3939.0,2.3e-05,1.6e-05,0.030800047942545223,0.02331052472535323,0.01582100479404479,0.031130752681784363,0.022647722062325897,0.014774174188338988,2.300000008427619e-05,2.2999995038872893e-05,3.8999996908844474e-05,0,normal,-1
3940.0,2.3e-05,1.6e-05,0.030800047494384548,0.023310526024796857,0.015821003970457787,0.030715194754765297,0.02337145390219767,0.015417416685598392,2.299999740086763e-05,2.2999998298740746e-05,3.899999589374172e-05,0,normal,-1
3941.0,2.3e-05,1.6e-05,0.030800046997900638,0.023310527424032796,0.015821003072470353,0.03153861824503672,0.023536612210474164,0.015460803249386135,2.2999994490030502e-05,2.3000001826077287e-05,3.8999994786937535e-05,0,normal,-1
3942.0,2.3e-05,1.6e-05,0.030800046676540037,0.02331052843543247,0.01582100245346287,0.03064566155797457,0.023343726375164534,0.015272796358991916,2.2999992443605495e-05,2.3000004329531698e-05,3.899999402398689e-05,0,normal,-1
3943.0,2.3e-05,1.6e-05,0.030800046822701575,0.023310528420859313,0.015821002575875556,0.031312812135283835,0.02317808636814541,0.01539820176521154,2.29999926904102e-05,2.3000004119192953e-05,3.8999994174865266e-05,0,normal,-1
3944.0,2.3e-05,1.6e-05,0.030800047446115725,0.02331052735917013,0.015821003455065444,0.031067499028755146,0.022900429282521395,0.01610203477962317,2.2999995277850415e-05,2.300000113901567e-05,3.899999525850076e-05,0,normal,-1
3945.0,2.3e-05,1.6e-05,0.030800048165101002,0.02331052608357719,0.015821004487309106,0.03152650679621258,0.022619375694175627,0.015362268063885656,2.299999834048233e-05,2.299999759538264e-05,3.8999996530780906e-05,0,normal,-1
3946.0,2.3e-05,1.6e-05,0.030800048777969293,0.023310525034410497,0.015821005353570533,0.03092503144430677,0.023294414618917632,0.0156978358710156,2.300000089250096e-05,2.299999465428391e-05,3.8999997598481515e-05,0,normal,-1
3947.0,2.3e-05,1.6e-05,0.030800049152230426,0.023310524500956224,0.015821005844261944,0.03089602390576578,0.02278748840850057,0.01648342769236627,2.3000002286278134e-05,2.2999993081730054e-05,3.899999820327758e-05,0,normal,-1
3948.0,2.3e-05,1.6e-05,0.030800049224592136,0.023310524621456705,0.015821005859243776,0.03033672870003265,0.023402027454379144,0.016778041178555855,2.3000002212362106e-05,2.2999993243751695e-05,3.899999822174327e-05,0,normal,-1
3949.0,2.3e-05,1.6e-05,0.0308000490009601,0.02331052538311046,0.015821005407824704,0.030573349157486957,0.02339578287947946,0.016558347047130346,2.300000069947729e-05,2.299999510639912e-05,3.899999766535187e-05,0,normal,-1
3950.0,2.3e-05,1.6e-05,0.030800048556437917,0.023310526622072166,0.015821004608761617,0.030673959195252315,0.023474114525201456,0.016847596943922526,2.2999998114524307e-05,2.299999823574234e-05,3.899999668047582e-05,0,normal,-1
3951.0,2.3e-05,1.6e-05,0.03080004803532711,0.023310528023452685,0.015821003690259638,0.02998466235426088,0.02344082332290189,0.01574974896352388,2.299999516258024e-05,2.300000179787148e-05,3.8999995548386686e-05,0,normal,-1
3952.0,2.3e-05,1.6e-05,0.030800047651127132,0.023310529121319038,0.01582100298997211,0.030637060263367,0.023708661589296694,0.016328622133625525,2.2999992886899015e-05,2.3000004558897293e-05,3.899999468525526e-05,0,normal,-1
3953.0,2.3e-05,1.6e-05,0.03080004768653536,0.023310529298694427,0.015821002955000597,0.03038890618504641,0.02321622590825512,0.016066692031847313,2.299999266891146e-05,2.3000004884951276e-05,3.8999994642151516e-05,0,normal,-1
3954.0,2.3e-05,1.6e-05,0.03080004825282213,0.02331052831278322,0.01582100376130899,0.03078050890163187,0.023692357985502496,0.016722352600997883,2.2999995052278348e-05,2.300000213303746e-05,3.899999563595776e-05,0,normal,-1
3955.0,2.3e-05,1.6e-05,0.030800048956216,0.023310527023171233,0.01582100478605767,0.03066203642933022,0.02341137583324446,0.01611693088208446,2.299999811249596e-05,2.2999998579387024e-05,3.899999689900004e-05,0,normal,-1
3956.0,2.3e-05,1.6e-05,0.0308000495798625,0.0233105259032776,0.0158210056862281,0.03186454627794136,0.023338483205753015,0.015092742045683831,2.3000000789664002e-05,2.2999995477622166e-05,3.899999800849479e-05,0,normal,-1
3957.0,2.3e-05,1.6e-05,0.030800049980720962,0.023310525265402622,0.015821006235550564,0.030258418027610794,0.022986734091234366,0.015238946130479594,2.3000002384616508e-05,2.2999993654705878e-05,3.899999868555588e-05,0,normal,-1
3958.0,2.3e-05,1.6e-05,0.030800050085018495,0.02331052527065052,0.015821006317313983,0.030117067621659475,0.02372552264751128,0.01623206809576774,2.3000002536705048e-05,2.2999993537217925e-05,3.8999998786332446e-05,0,normal,-1
3959.0,2.3e-05,1.6e-05,0.030800049888250008,0.023310525928929435,0.01582100592436592,0.03002252652106381,0.023086156554103024,0.014627846304448366,2.3000001223798457e-05,2.2999995151354494e-05,3.8999998302008825e-05,0,normal,-1
3960.0,2.3e-05,1.6e-05,0.030800049455178204,0.023310527098951424,0.01582100515911258,0.030704193053595938,0.023804500391197365,0.01551581097717443,2.299999876228279e-05,2.2999998122928128e-05,3.89999973588046e-05,0,normal,-1
3961.0,2.3e-05,1.6e-05,0.030800048919833588,0.023310528488232465,0.01582100423351881,0.03115416995416447,0.023319817775440777,0.015349142171211017,2.2999995807061584e-05,2.3000001677368087e-05,3.899999621797458e-05,0,normal,-1
3962.0,2.3e-05,1.6e-05,0.03080004848551445,0.02331052965309246,0.0158210034691081,0.031001396280610567,0.023665893080853127,0.016280858594843926,2.2999993351556218e-05,2.3000004639720906e-05,3.8999995275808875e-05,0,normal,-1
3963.0,2.3e-05,1.6e-05,0.03080004842478689,0.023310529998655228,0.01582100329696258,0.03098691074736019,0.023754134998030717,0.016280386047166112,2.2999992727706057e-05,2.300000543465056e-05,3.8999995063632875e-05,0,normal,-1
3964.0,2.3e-05,1.6e-05,0.030800048922735124,0.02331052912099433,0.015821004009799043,0.03204852075516274,0.024040388038920592,0.014853827444952183,2.299999483992455e-05,2.3000002992476882e-05,3.899999594223133e-05,0,normal,-1
3965.0,2.3e-05,1.6e-05,0.0308000496063773,0.023310527834303707,0.015821005017664893,0.03158833368357382,0.023060160428447735,0.016220352521357013,2.2999997865328203e-05,2.2999999469235488e-05,3.899999718446487e-05,0,normal,-1
3966.0,2.3e-05,1.6e-05,0.030800050237178026,0.023310526659313813,0.015821005943254415,0.03163747209159352,0.022790318642986477,0.015722274569778653,2.3000000638080534e-05,2.299999624384116e-05,3.899999832528962e-05,0,normal,-1
3967.0,2.3e-05,1.6e-05,0.03080005066250583,0.02331052592924674,0.015821006545133003,0.030925752266664115,0.02359004942116956,0.01644499470799301,2.3000002412164137e-05,2.2999994198667126e-05,3.899999906712815e-05,0,normal,-1
3968.0,2.3e-05,1.6e-05,0.030800050798812394,0.02331052582653172,0.01582100669113259,0.031000673169440187,0.023053743768832055,0.016094969394290486,2.300000277917654e-05,2.2999993816771154e-05,3.899999924707827e-05,0,normal,-1
3969.0,2.3e-05,1.6e-05,0.030800050631632565,0.023310526382805133,0.015821006358351642,0.03158976529060029,0.02218557149304225,0.016738128535773233,2.3000001668329923e-05,2.2999995181895128e-05,3.899999883691293e-05,0,normal,-1
3970.0,2.3e-05,1.6e-05,0.03080005021558434,0.023310527478910513,0.01582100563315515,0.030571989482009915,0.023419922243475774,0.01666118177483763,2.2999999346450987e-05,2.299999797846497e-05,3.899999794308033e-05,0,normal,-1
3971.0,2.3e-05,1.6e-05,0.030800049674368897,0.02331052884489853,0.01582100471117464,0.03103361583033833,0.022730815668395063,0.015827466361715264,2.2999996417981265e-05,2.300000149159095e-05,3.899999680670381e-05,0,normal,-1
3972.0,2.3e-05,1.6e-05,0.030800049200770552,0.023310530060027014,0.015821003897308172,0.02982182330470955,0.023442203300272156,0.015860557360763732,2.299999382497738e-05,2.3000004607068175e-05,3.8999995803582e-05,0,normal,-1
3973.0,2.3e-05,1.6e-05,0.03080004905665679,0.02331053055276093,0.015821003605720342,0.030011874890092133,0.023917468900518032,0.015401229442684723,2.299999284711133e-05,2.3000005811376892e-05,3.899999544418874e-05,0,normal,-1
3974.0,2.3e-05,1.6e-05,0.03080004947853131,0.023310529806926748,0.015821004210459764,0.030639143867454942,0.02320168345043165,0.015914949192192378,2.2999994640103147e-05,2.3000003737600913e-05,3.899999618955341e-05,0,normal,-1
3975.0,2.3e-05,1.6e-05,0.03080005013997357,0.02331052853507534,0.015821005195222098,0.031284730925027024,0.024121639861435375,0.015770690422548736,2.299999760863405e-05,2.3000000272619868e-05,3.899999740331097e-05,0,normal,-1
3976.0,2.3e-05,1.6e-05,0.030800050776328292,0.023310527314939693,0.01582100614139283,0.030163808935027587,0.022164379351865774,0.015431473536031798,2.3000000459234765e-05,2.299999694630332e-05,3.8999998569502847e-05,0,normal,-1
3977.0,2.3e-05,1.6e-05,0.030800051225564482,0.02331052650024823,0.01582100679267428,0.031156424936551796,0.023810302659596556,0.01574643797848648,2.3000002399968082e-05,2.2999994695333372e-05,3.8999999372232305e-05,0,normal,-1
3978.0,2.3e-05,1.6e-05,0.0308000513945089,0.023310526294428723,0.015821007001678693,0.03105719455459445,0.023397116970485125,0.01569629573415745,2.3000002975409873e-05,2.2999994058380103e-05,3.899999962983829e-05,0,normal,-1
3979.0,2.3e-05,1.6e-05,0.030800051258846033,0.023310526750608303,0.015821006729928262,0.03034050072567962,0.023124032447929974,0.015371328512648622,2.3000002066648763e-05,2.2999995176101073e-05,3.899999929489542e-05,0,normal,-1
3980.0,2.3e-05,1.6e-05,0.030800050863118128,0.02331052777161346,0.0158210060478551,0.03077920180297539,0.022727645387597167,0.015766582355949754,2.2999999891286035e-05,2.299999779114121e-05,3.899999845421399e-05,0,normal,-1
3981.0,2.3e-05,1.6e-05,0.030800050320725157,0.02331052910997004,0.01582100513480126,0.03143538923262529,0.0234116689371326,0.016031707999234982,2.299999700343579e-05,2.3000001248133036e-05,3.899999732883995e-05,0,normal,-1
3982.0,2.3e-05,1.6e-05,0.030800049813924847,0.023310530367903235,0.015821004279018724,0.03171713266393009,0.02296539986893815,0.016270016387334524,2.2999994293725348e-05,2.3000004493697186e-05,3.8999996274054984e-05,0,normal,-1
3983.0,2.3e-05,1.6e-05,0.030800049593832663,0.023310530997337608,0.015821003877669413,0.031090098657601692,0.02404269063613824,0.0146679703812255,2.2999992989295426e-05,2.300000607644276e-05,3.899999577937647e-05,0,normal,-1
3984.0,2.3e-05,1.6e-05,0.030800049931619698,0.023310530406420008,0.015821004359637073,0.031238637879262898,0.02306178470506333,0.015119843889378672,2.2999994415301593e-05,2.3000004429051147e-05,3.89999963734202e-05,0,normal,-1
3985.0,2.3e-05,1.6e-05,0.030800050569531088,0.023310529157811653,0.015821005317226473,0.02982532356011726,0.023430308332002263,0.016088843511081863,2.2999997312012174e-05,2.3000001041482852e-05,3.8999997553686055e-05,0,normal,-1
3986.0,2.3e-05,1.6e-05,0.030800051212372132,0.023310527895896552,0.015821006283523523,0.030779948682413447,0.023634724343473877,0.015890513868709544,2.300000023672398e-05,2.2999997620111437e-05,3.89999987446844e-05,0,normal,-1
3987.0,2.3e-05,1.6e-05,0.030800051687802883,0.023310526996896272,0.015821006985928414,0.030496521382210387,0.02321807375066914,0.014713549848977863,2.300000234713283e-05,2.2999995161188225e-05,3.899999961042546e-05,0,normal,-1
3988.0,2.3e-05,1.6e-05,0.030800051892346386,0.023310526686720436,0.015821007260759502,0.030917737820394676,0.022800144191368832,0.015966642877079825,2.3000003137473097e-05,2.2999994262922605e-05,3.899999994916535e-05,0,normal,-1
3989.0,2.3e-05,1.6e-05,0.030800051791388665,0.023310527040966724,0.01582100705325333,0.031233376435353656,0.023344289128228397,0.016020673680668878,2.3000002438517314e-05,2.2999995125481493e-05,3.899999969340601e-05,0,normal,-1
3990.0,2.3e-05,1.6e-05,0.030800051419178732,0.02331052798492088,0.015821006417564603,0.03025281586547212,0.022789381856104296,0.016087274192969108,2.30000004175761e-05,2.2999997550989184e-05,3.8999998909895186e-05,0,normal,-1
3991.0,2.3e-05,1.6e-05,0.03080005087882859,0.0233105292935567,0.015821005516766205,0.031267437455690085,0.022905815346845382,0.015567801557492716,2.2999997578498223e-05,2.3000000943527506e-05,3.899999779962647e-05,0,normal,-1
3992.0,2.3e-05,1.6e-05,0.03080005034231321,0.023310530591536045,0.015821004622849202,0.0302903935101094,0.022976085851522957,0.015164800092986399,2.2999994761670986e-05,2.3000004309136317e-05,3.89999966978393e-05,0,normal,-1
3993.0,2.3e-05,1.6e-05,0.03080005005047057,0.023310531353208836,0.015821004116722815,0.029798979229127397,0.023370142421527948,0.016065057369836704,2.2999993144020518e-05,2.3000006255813945e-05,3.8999996074019006e-05,0,normal,-1
3994.0,2.3e-05,1.6e-05,0.030800050280415006,0.023310530973741656,0.01582100443667356,0.031256817376348646,0.023511956317552353,0.01634493203330021,2.2999994079759065e-05,2.3000005181873194e-05,3.8999996468370644e-05,0,normal,-1
3995.0,2.3e-05,1.6e-05,0.030800050651653636,0.0233105302836961,0.01582100498087812,0.03158745886797835,0.024170834369737586,0.01621621671702683,2.2999995709338224e-05,2.300000328670932e-05,3.899999713912376e-05,0,normal,-1
3996.0,2.3e-05,1.6e-05,0.03080005093432754,0.023310529784836147,0.015821005385764683,0.03147728999617162,0.023101666418594798,0.015803937841112604,2.2999996909366667e-05,2.300000189902635e-05,3.899999763816205e-05,0,normal,-1
3997.0,2.3e-05,1.6e-05,0.030800051125819454,0.023310529482912287,0.015821005647180208,0.0305250969788502,0.02353376089634626,0.015442819898149733,2.2999997666995947e-05,2.3000001034031025e-05,3.899999796036676e-05,0,normal,-1
3998.0,2.3e-05,1.6e-05,0.030800051241157412,0.02331052934515908,0.015821005788880585,0.031058795228376346,0.022825486554706488,0.016122556175341404,2.299999805561197e-05,2.3000000604936135e-05,3.8999998135017926e-05,0,normal,-1
3999.0,2.3e-05,1.6e-05,0.030800051313014776,0.023310529300295167,0.01582100586253064,0.030094404349799583,0.02228040692257568,0.015486491395631075,2.2999998234834963e-05,2.300000042296052e-05,3.8999998225794454e-05,0,normal,-1
4000.0,2.3e-05,1.6e-05,0.030800051391710218,0.023310529238523267,0.015821005947704116,0.030870505091320114,0.023204563555579184,0.016653043366945664,2.299999845051953e-05,2.3000000197329095e-05,3.899999833077405e-05,0,normal,-1
